rev,workload,condition,cache,sample,boundary,ms,status
fcc97ee87fca3ef9ce5a8bc4fea02e34975723da,iroh_dial,discovery,cold,0,runtime_start,0.403,ok
fcc97ee87fca3ef9ce5a8bc4fea02e34975723da,iroh_dial,discovery,cold,0,endpoint_bind,1.581,ok
fcc97ee87fca3ef9ce5a8bc4fea02e34975723da,iroh_dial,discovery,cold,0,address_lookup,133.795,ok
fcc97ee87fca3ef9ce5a8bc4fea02e34975723da,iroh_dial,discovery,cold,0,dial_handshake,201.139,ok
fcc97ee87fca3ef9ce5a8bc4fea02e34975723da,iroh_dial,discovery,cold,0,stream_open,85.871,ok
fcc97ee87fca3ef9ce5a8bc4fea02e34975723da,iroh_dial,discovery,cold,0,echo_rtt,0.048,ok
fcc97ee87fca3ef9ce5a8bc4fea02e34975723da,iroh_dial,discovery,cold,0,echo_rtt,0.036,ok
fcc97ee87fca3ef9ce5a8bc4fea02e34975723da,iroh_dial,discovery,cold,0,echo_rtt,0.033,ok
fcc97ee87fca3ef9ce5a8bc4fea02e34975723da,iroh_dial,discovery,cold,0,echo_rtt,0.030,ok
fcc97ee87fca3ef9ce5a8bc4fea02e34975723da,iroh_dial,discovery,cold,0,echo_rtt,0.031,ok
fcc97ee87fca3ef9ce5a8bc4fea02e34975723da,iroh_dial,discovery,cold,0,echo_rtt,0.029,ok
fcc97ee87fca3ef9ce5a8bc4fea02e34975723da,iroh_dial,discovery,cold,0,echo_rtt,0.030,ok
fcc97ee87fca3ef9ce5a8bc4fea02e34975723da,iroh_dial,discovery,cold,0,echo_rtt,0.029,ok
fcc97ee87fca3ef9ce5a8bc4fea02e34975723da,iroh_dial,discovery,cold,0,echo_rtt,0.030,ok
fcc97ee87fca3ef9ce5a8bc4fea02e34975723da,iroh_dial,discovery,cold,0,echo_rtt,0.029,ok
fcc97ee87fca3ef9ce5a8bc4fea02e34975723da,iroh_dial,discovery,cold,0,echo_rtt,0.030,ok
fcc97ee87fca3ef9ce5a8bc4fea02e34975723da,iroh_dial,discovery,cold,0,echo_rtt,0.029,ok
fcc97ee87fca3ef9ce5a8bc4fea02e34975723da,iroh_dial,discovery,cold,0,echo_rtt,0.035,ok
fcc97ee87fca3ef9ce5a8bc4fea02e34975723da,iroh_dial,discovery,cold,0,echo_rtt,0.025,ok
fcc97ee87fca3ef9ce5a8bc4fea02e34975723da,iroh_dial,discovery,cold,0,echo_rtt,0.034,ok
fcc97ee87fca3ef9ce5a8bc4fea02e34975723da,iroh_dial,discovery,cold,0,echo_rtt,0.025,ok
fcc97ee87fca3ef9ce5a8bc4fea02e34975723da,iroh_dial,discovery,cold,0,echo_rtt,0.033,ok
fcc97ee87fca3ef9ce5a8bc4fea02e34975723da,iroh_dial,discovery,cold,0,echo_rtt,0.025,ok
fcc97ee87fca3ef9ce5a8bc4fea02e34975723da,iroh_dial,discovery,cold,0,echo_rtt,0.034,ok
fcc97ee87fca3ef9ce5a8bc4fea02e34975723da,iroh_dial,discovery,cold,0,echo_rtt,0.025,ok
fcc97ee87fca3ef9ce5a8bc4fea02e34975723da,iroh_dial,discovery,cold,0,echo_rtt,0.033,ok
fcc97ee87fca3ef9ce5a8bc4fea02e34975723da,iroh_dial,discovery,cold,0,echo_rtt,0.025,ok
fcc97ee87fca3ef9ce5a8bc4fea02e34975723da,iroh_dial,discovery,cold,0,echo_rtt,0.037,ok
fcc97ee87fca3ef9ce5a8bc4fea02e34975723da,iroh_dial,discovery,cold,0,echo_rtt,0.025,ok
fcc97ee87fca3ef9ce5a8bc4fea02e34975723da,iroh_dial,discovery,cold,0,echo_rtt,0.039,ok
fcc97ee87fca3ef9ce5a8bc4fea02e34975723da,iroh_dial,discovery,cold,0,echo_rtt,0.023,ok
fcc97ee87fca3ef9ce5a8bc4fea02e34975723da,iroh_dial,discovery,cold,0,echo_rtt,0.033,ok
fcc97ee87fca3ef9ce5a8bc4fea02e34975723da,iroh_dial,discovery,cold,0,echo_rtt,0.025,ok
fcc97ee87fca3ef9ce5a8bc4fea02e34975723da,iroh_dial,discovery,cold,0,echo_rtt,0.033,ok
fcc97ee87fca3ef9ce5a8bc4fea02e34975723da,iroh_dial,discovery,cold,0,echo_rtt,0.025,ok
fcc97ee87fca3ef9ce5a8bc4fea02e34975723da,iroh_dial,discovery,cold,0,echo_rtt,0.033,ok
fcc97ee87fca3ef9ce5a8bc4fea02e34975723da,iroh_dial,discovery,cold,0,echo_rtt,0.025,ok
fcc97ee87fca3ef9ce5a8bc4fea02e34975723da,iroh_dial,discovery,cold,0,echo_rtt,0.033,ok
fcc97ee87fca3ef9ce5a8bc4fea02e34975723da,iroh_dial,discovery,cold,0,echo_rtt,0.025,ok
fcc97ee87fca3ef9ce5a8bc4fea02e34975723da,iroh_dial,discovery,cold,0,echo_rtt,0.034,ok
fcc97ee87fca3ef9ce5a8bc4fea02e34975723da,iroh_dial,discovery,cold,0,echo_rtt,0.025,ok
fcc97ee87fca3ef9ce5a8bc4fea02e34975723da,iroh_dial,discovery,cold,0,echo_rtt,0.033,ok
fcc97ee87fca3ef9ce5a8bc4fea02e34975723da,iroh_dial,discovery,cold,0,echo_rtt,0.024,ok
fcc97ee87fca3ef9ce5a8bc4fea02e34975723da,iroh_dial,discovery,cold,0,echo_rtt,0.033,ok
fcc97ee87fca3ef9ce5a8bc4fea02e34975723da,iroh_dial,discovery,cold,0,echo_rtt,0.025,ok
fcc97ee87fca3ef9ce5a8bc4fea02e34975723da,iroh_dial,discovery,cold,0,echo_rtt,0.033,ok
fcc97ee87fca3ef9ce5a8bc4fea02e34975723da,iroh_dial,discovery,cold,0,echo_rtt,0.026,ok
fcc97ee87fca3ef9ce5a8bc4fea02e34975723da,iroh_dial,discovery,cold,0,echo_rtt,0.033,ok
fcc97ee87fca3ef9ce5a8bc4fea02e34975723da,iroh_dial,discovery,cold,0,echo_rtt,0.025,ok
fcc97ee87fca3ef9ce5a8bc4fea02e34975723da,iroh_dial,discovery,cold,0,echo_rtt,0.049,ok
fcc97ee87fca3ef9ce5a8bc4fea02e34975723da,iroh_dial,discovery,cold,0,echo_rtt,0.030,ok
fcc97ee87fca3ef9ce5a8bc4fea02e34975723da,iroh_dial,discovery,cold,0,echo_rtt,0.038,ok
fcc97ee87fca3ef9ce5a8bc4fea02e34975723da,iroh_dial,discovery,cold,0,echo_rtt,0.027,ok
fcc97ee87fca3ef9ce5a8bc4fea02e34975723da,iroh_dial,discovery,cold,0,echo_rtt,0.035,ok
fcc97ee87fca3ef9ce5a8bc4fea02e34975723da,iroh_dial,discovery,cold,0,echo_rtt,0.025,ok
fcc97ee87fca3ef9ce5a8bc4fea02e34975723da,iroh_dial,discovery,cold,0,echo_rtt,0.034,ok
fcc97ee87fca3ef9ce5a8bc4fea02e34975723da,iroh_dial,discovery,cold,0,echo_rtt,0.025,ok
fcc97ee87fca3ef9ce5a8bc4fea02e34975723da,iroh_dial,discovery,cold,0,echo_rtt,0.035,ok
fcc97ee87fca3ef9ce5a8bc4fea02e34975723da,iroh_dial,discovery,cold,0,echo_rtt,0.027,ok
fcc97ee87fca3ef9ce5a8bc4fea02e34975723da,iroh_dial,discovery,cold,0,echo_rtt,0.045,ok
fcc97ee87fca3ef9ce5a8bc4fea02e34975723da,iroh_dial,discovery,cold,0,echo_rtt,0.043,ok
fcc97ee87fca3ef9ce5a8bc4fea02e34975723da,iroh_dial,discovery,cold,0,echo_rtt,0.041,ok
fcc97ee87fca3ef9ce5a8bc4fea02e34975723da,iroh_dial,discovery,cold,0,echo_rtt,0.026,ok
fcc97ee87fca3ef9ce5a8bc4fea02e34975723da,iroh_dial,discovery,cold,0,echo_rtt,0.034,ok
fcc97ee87fca3ef9ce5a8bc4fea02e34975723da,iroh_dial,discovery,cold,0,echo_rtt,0.031,ok
fcc97ee87fca3ef9ce5a8bc4fea02e34975723da,iroh_dial,discovery,cold,0,echo_rtt,0.030,ok
fcc97ee87fca3ef9ce5a8bc4fea02e34975723da,iroh_dial,discovery,cold,0,echo_rtt,0.029,ok
fcc97ee87fca3ef9ce5a8bc4fea02e34975723da,iroh_dial,discovery,cold,0,echo_rtt,0.031,ok
fcc97ee87fca3ef9ce5a8bc4fea02e34975723da,iroh_dial,discovery,cold,0,echo_rtt,0.029,ok
fcc97ee87fca3ef9ce5a8bc4fea02e34975723da,iroh_dial,discovery,cold,0,echo_rtt,0.072,ok
fcc97ee87fca3ef9ce5a8bc4fea02e34975723da,iroh_dial,discovery,cold,0,echo_rtt,0.031,ok
fcc97ee87fca3ef9ce5a8bc4fea02e34975723da,iroh_dial,discovery,cold,0,echo_rtt,0.032,ok
fcc97ee87fca3ef9ce5a8bc4fea02e34975723da,iroh_dial,discovery,cold,0,echo_rtt,0.030,ok
fcc97ee87fca3ef9ce5a8bc4fea02e34975723da,iroh_dial,discovery,cold,0,echo_rtt,0.036,ok
fcc97ee87fca3ef9ce5a8bc4fea02e34975723da,iroh_dial,discovery,cold,0,echo_rtt,0.049,ok
fcc97ee87fca3ef9ce5a8bc4fea02e34975723da,iroh_dial,discovery,cold,0,echo_rtt,0.034,ok
fcc97ee87fca3ef9ce5a8bc4fea02e34975723da,iroh_dial,discovery,cold,0,echo_rtt,0.030,ok
fcc97ee87fca3ef9ce5a8bc4fea02e34975723da,iroh_dial,discovery,cold,0,echo_rtt,0.031,ok
fcc97ee87fca3ef9ce5a8bc4fea02e34975723da,iroh_dial,discovery,cold,0,echo_rtt,0.030,ok
fcc97ee87fca3ef9ce5a8bc4fea02e34975723da,iroh_dial,discovery,cold,0,echo_rtt,0.030,ok
fcc97ee87fca3ef9ce5a8bc4fea02e34975723da,iroh_dial,discovery,cold,0,echo_rtt,0.038,ok
fcc97ee87fca3ef9ce5a8bc4fea02e34975723da,iroh_dial,discovery,cold,0,echo_rtt,0.073,ok
fcc97ee87fca3ef9ce5a8bc4fea02e34975723da,iroh_dial,discovery,cold,0,echo_rtt,0.118,ok
fcc97ee87fca3ef9ce5a8bc4fea02e34975723da,iroh_dial,discovery,cold,0,echo_rtt,0.204,ok
fcc97ee87fca3ef9ce5a8bc4fea02e34975723da,iroh_dial,discovery,cold,0,echo_rtt,0.085,ok
fcc97ee87fca3ef9ce5a8bc4fea02e34975723da,iroh_dial,discovery,cold,0,echo_rtt,0.045,ok
fcc97ee87fca3ef9ce5a8bc4fea02e34975723da,iroh_dial,discovery,cold,0,echo_rtt,0.048,ok
fcc97ee87fca3ef9ce5a8bc4fea02e34975723da,iroh_dial,discovery,cold,0,echo_rtt,0.036,ok
fcc97ee87fca3ef9ce5a8bc4fea02e34975723da,iroh_dial,discovery,cold,0,echo_rtt,0.037,ok
fcc97ee87fca3ef9ce5a8bc4fea02e34975723da,iroh_dial,discovery,cold,0,echo_rtt,0.034,ok
fcc97ee87fca3ef9ce5a8bc4fea02e34975723da,iroh_dial,discovery,cold,0,echo_rtt,0.035,ok
fcc97ee87fca3ef9ce5a8bc4fea02e34975723da,iroh_dial,discovery,cold,0,echo_rtt,0.034,ok
fcc97ee87fca3ef9ce5a8bc4fea02e34975723da,iroh_dial,discovery,cold,0,echo_rtt,0.035,ok
fcc97ee87fca3ef9ce5a8bc4fea02e34975723da,iroh_dial,discovery,cold,0,echo_rtt,0.034,ok
fcc97ee87fca3ef9ce5a8bc4fea02e34975723da,iroh_dial,discovery,cold,0,echo_rtt,0.042,ok
fcc97ee87fca3ef9ce5a8bc4fea02e34975723da,iroh_dial,discovery,cold,0,echo_rtt,0.033,ok
fcc97ee87fca3ef9ce5a8bc4fea02e34975723da,iroh_dial,discovery,cold,0,echo_rtt,0.036,ok
fcc97ee87fca3ef9ce5a8bc4fea02e34975723da,iroh_dial,discovery,cold,0,echo_rtt,0.034,ok
fcc97ee87fca3ef9ce5a8bc4fea02e34975723da,iroh_dial,discovery,cold,0,echo_rtt,0.035,ok
fcc97ee87fca3ef9ce5a8bc4fea02e34975723da,iroh_dial,discovery,cold,0,echo_rtt,0.046,ok
fcc97ee87fca3ef9ce5a8bc4fea02e34975723da,iroh_dial,discovery,cold,0,echo_rtt,0.035,ok
fcc97ee87fca3ef9ce5a8bc4fea02e34975723da,iroh_dial,discovery,cold,0,echo_rtt,0.034,ok
fcc97ee87fca3ef9ce5a8bc4fea02e34975723da,iroh_dial,discovery,cold,0,echo_rtt,0.034,ok
fcc97ee87fca3ef9ce5a8bc4fea02e34975723da,iroh_dial,discovery,cold,0,echo_rtt,0.032,ok
fcc97ee87fca3ef9ce5a8bc4fea02e34975723da,iroh_dial,discovery,cold,0,echo_rtt,0.044,ok
fcc97ee87fca3ef9ce5a8bc4fea02e34975723da,iroh_dial,discovery,cold,0,runtime_start,0.377,ok
fcc97ee87fca3ef9ce5a8bc4fea02e34975723da,iroh_dial,discovery,cold,0,endpoint_bind,1.430,ok
fcc97ee87fca3ef9ce5a8bc4fea02e34975723da,iroh_dial,discovery,cold,0,address_lookup,1.575,ok
fcc97ee87fca3ef9ce5a8bc4fea02e34975723da,iroh_dial,discovery,cold,0,dial_handshake,196.188,ok
fcc97ee87fca3ef9ce5a8bc4fea02e34975723da,iroh_dial,discovery,cold,0,stream_open,84.707,ok
fcc97ee87fca3ef9ce5a8bc4fea02e34975723da,iroh_dial,discovery,cold,0,echo_rtt,0.034,ok
fcc97ee87fca3ef9ce5a8bc4fea02e34975723da,iroh_dial,discovery,cold,0,echo_rtt,0.040,ok
fcc97ee87fca3ef9ce5a8bc4fea02e34975723da,iroh_dial,discovery,cold,0,echo_rtt,0.028,ok
fcc97ee87fca3ef9ce5a8bc4fea02e34975723da,iroh_dial,discovery,cold,0,echo_rtt,0.042,ok
fcc97ee87fca3ef9ce5a8bc4fea02e34975723da,iroh_dial,discovery,cold,0,echo_rtt,0.026,ok
fcc97ee87fca3ef9ce5a8bc4fea02e34975723da,iroh_dial,discovery,cold,0,echo_rtt,0.035,ok
fcc97ee87fca3ef9ce5a8bc4fea02e34975723da,iroh_dial,discovery,cold,0,echo_rtt,0.025,ok
fcc97ee87fca3ef9ce5a8bc4fea02e34975723da,iroh_dial,discovery,cold,0,echo_rtt,0.034,ok
fcc97ee87fca3ef9ce5a8bc4fea02e34975723da,iroh_dial,discovery,cold,0,echo_rtt,0.025,ok
fcc97ee87fca3ef9ce5a8bc4fea02e34975723da,iroh_dial,discovery,cold,0,echo_rtt,0.034,ok
fcc97ee87fca3ef9ce5a8bc4fea02e34975723da,iroh_dial,discovery,cold,0,echo_rtt,0.025,ok
fcc97ee87fca3ef9ce5a8bc4fea02e34975723da,iroh_dial,discovery,cold,0,echo_rtt,0.035,ok
fcc97ee87fca3ef9ce5a8bc4fea02e34975723da,iroh_dial,discovery,cold,0,echo_rtt,0.025,ok
fcc97ee87fca3ef9ce5a8bc4fea02e34975723da,iroh_dial,discovery,cold,0,echo_rtt,0.048,ok
fcc97ee87fca3ef9ce5a8bc4fea02e34975723da,iroh_dial,discovery,cold,0,echo_rtt,0.026,ok
fcc97ee87fca3ef9ce5a8bc4fea02e34975723da,iroh_dial,discovery,cold,0,echo_rtt,0.034,ok
fcc97ee87fca3ef9ce5a8bc4fea02e34975723da,iroh_dial,discovery,cold,0,echo_rtt,0.025,ok
fcc97ee87fca3ef9ce5a8bc4fea02e34975723da,iroh_dial,discovery,cold,0,echo_rtt,0.033,ok
fcc97ee87fca3ef9ce5a8bc4fea02e34975723da,iroh_dial,discovery,cold,0,echo_rtt,0.025,ok
fcc97ee87fca3ef9ce5a8bc4fea02e34975723da,iroh_dial,discovery,cold,0,echo_rtt,0.034,ok
fcc97ee87fca3ef9ce5a8bc4fea02e34975723da,iroh_dial,discovery,cold,0,echo_rtt,0.030,ok
fcc97ee87fca3ef9ce5a8bc4fea02e34975723da,iroh_dial,discovery,cold,0,echo_rtt,0.030,ok
fcc97ee87fca3ef9ce5a8bc4fea02e34975723da,iroh_dial,discovery,cold,0,echo_rtt,0.032,ok
fcc97ee87fca3ef9ce5a8bc4fea02e34975723da,iroh_dial,discovery,cold,0,echo_rtt,0.031,ok
fcc97ee87fca3ef9ce5a8bc4fea02e34975723da,iroh_dial,discovery,cold,0,echo_rtt,0.029,ok
fcc97ee87fca3ef9ce5a8bc4fea02e34975723da,iroh_dial,discovery,cold,0,echo_rtt,0.029,ok
fcc97ee87fca3ef9ce5a8bc4fea02e34975723da,iroh_dial,discovery,cold,0,echo_rtt,0.029,ok
fcc97ee87fca3ef9ce5a8bc4fea02e34975723da,iroh_dial,discovery,cold,0,echo_rtt,0.029,ok
fcc97ee87fca3ef9ce5a8bc4fea02e34975723da,iroh_dial,discovery,cold,0,echo_rtt,0.029,ok
fcc97ee87fca3ef9ce5a8bc4fea02e34975723da,iroh_dial,discovery,cold,0,echo_rtt,0.040,ok
fcc97ee87fca3ef9ce5a8bc4fea02e34975723da,iroh_dial,discovery,cold,0,echo_rtt,0.031,ok
fcc97ee87fca3ef9ce5a8bc4fea02e34975723da,iroh_dial,discovery,cold,0,echo_rtt,0.031,ok
fcc97ee87fca3ef9ce5a8bc4fea02e34975723da,iroh_dial,discovery,cold,0,echo_rtt,0.034,ok
fcc97ee87fca3ef9ce5a8bc4fea02e34975723da,iroh_dial,discovery,cold,0,echo_rtt,0.059,ok
fcc97ee87fca3ef9ce5a8bc4fea02e34975723da,iroh_dial,discovery,cold,0,echo_rtt,0.030,ok
fcc97ee87fca3ef9ce5a8bc4fea02e34975723da,iroh_dial,discovery,cold,0,echo_rtt,0.033,ok
fcc97ee87fca3ef9ce5a8bc4fea02e34975723da,iroh_dial,discovery,cold,0,echo_rtt,0.034,ok
fcc97ee87fca3ef9ce5a8bc4fea02e34975723da,iroh_dial,discovery,cold,0,echo_rtt,0.025,ok
fcc97ee87fca3ef9ce5a8bc4fea02e34975723da,iroh_dial,discovery,cold,0,echo_rtt,0.034,ok
fcc97ee87fca3ef9ce5a8bc4fea02e34975723da,iroh_dial,discovery,cold,0,echo_rtt,0.035,ok
fcc97ee87fca3ef9ce5a8bc4fea02e34975723da,iroh_dial,discovery,cold,0,echo_rtt,0.043,ok
fcc97ee87fca3ef9ce5a8bc4fea02e34975723da,iroh_dial,discovery,cold,0,echo_rtt,0.043,ok
fcc97ee87fca3ef9ce5a8bc4fea02e34975723da,iroh_dial,discovery,cold,0,echo_rtt,0.043,ok
fcc97ee87fca3ef9ce5a8bc4fea02e34975723da,iroh_dial,discovery,cold,0,echo_rtt,0.030,ok
fcc97ee87fca3ef9ce5a8bc4fea02e34975723da,iroh_dial,discovery,cold,0,echo_rtt,0.040,ok
fcc97ee87fca3ef9ce5a8bc4fea02e34975723da,iroh_dial,discovery,cold,0,echo_rtt,0.030,ok
fcc97ee87fca3ef9ce5a8bc4fea02e34975723da,iroh_dial,discovery,cold,0,echo_rtt,0.040,ok
fcc97ee87fca3ef9ce5a8bc4fea02e34975723da,iroh_dial,discovery,cold,0,echo_rtt,0.029,ok
fcc97ee87fca3ef9ce5a8bc4fea02e34975723da,iroh_dial,discovery,cold,0,echo_rtt,0.042,ok
fcc97ee87fca3ef9ce5a8bc4fea02e34975723da,iroh_dial,discovery,cold,0,echo_rtt,0.029,ok
fcc97ee87fca3ef9ce5a8bc4fea02e34975723da,iroh_dial,discovery,cold,0,echo_rtt,0.044,ok
fcc97ee87fca3ef9ce5a8bc4fea02e34975723da,iroh_dial,discovery,cold,0,echo_rtt,0.031,ok
fcc97ee87fca3ef9ce5a8bc4fea02e34975723da,iroh_dial,discovery,cold,0,echo_rtt,0.044,ok
fcc97ee87fca3ef9ce5a8bc4fea02e34975723da,iroh_dial,discovery,cold,0,echo_rtt,0.030,ok
fcc97ee87fca3ef9ce5a8bc4fea02e34975723da,iroh_dial,discovery,cold,0,echo_rtt,0.044,ok
fcc97ee87fca3ef9ce5a8bc4fea02e34975723da,iroh_dial,discovery,cold,0,echo_rtt,0.029,ok
fcc97ee87fca3ef9ce5a8bc4fea02e34975723da,iroh_dial,discovery,cold,0,echo_rtt,0.039,ok
fcc97ee87fca3ef9ce5a8bc4fea02e34975723da,iroh_dial,discovery,cold,0,echo_rtt,0.029,ok
fcc97ee87fca3ef9ce5a8bc4fea02e34975723da,iroh_dial,discovery,cold,0,echo_rtt,0.104,ok
fcc97ee87fca3ef9ce5a8bc4fea02e34975723da,iroh_dial,discovery,cold,0,echo_rtt,0.037,ok
fcc97ee87fca3ef9ce5a8bc4fea02e34975723da,iroh_dial,discovery,cold,0,echo_rtt,0.043,ok
fcc97ee87fca3ef9ce5a8bc4fea02e34975723da,iroh_dial,discovery,cold,0,echo_rtt,0.038,ok
fcc97ee87fca3ef9ce5a8bc4fea02e34975723da,iroh_dial,discovery,cold,0,echo_rtt,0.051,ok
fcc97ee87fca3ef9ce5a8bc4fea02e34975723da,iroh_dial,discovery,cold,0,echo_rtt,0.027,ok
fcc97ee87fca3ef9ce5a8bc4fea02e34975723da,iroh_dial,discovery,cold,0,echo_rtt,0.035,ok
fcc97ee87fca3ef9ce5a8bc4fea02e34975723da,iroh_dial,discovery,cold,0,echo_rtt,0.025,ok
fcc97ee87fca3ef9ce5a8bc4fea02e34975723da,iroh_dial,discovery,cold,0,echo_rtt,0.052,ok
fcc97ee87fca3ef9ce5a8bc4fea02e34975723da,iroh_dial,discovery,cold,0,echo_rtt,0.029,ok
fcc97ee87fca3ef9ce5a8bc4fea02e34975723da,iroh_dial,discovery,cold,0,echo_rtt,0.035,ok
fcc97ee87fca3ef9ce5a8bc4fea02e34975723da,iroh_dial,discovery,cold,0,echo_rtt,0.025,ok
fcc97ee87fca3ef9ce5a8bc4fea02e34975723da,iroh_dial,discovery,cold,0,echo_rtt,0.042,ok
fcc97ee87fca3ef9ce5a8bc4fea02e34975723da,iroh_dial,discovery,cold,0,echo_rtt,0.026,ok
fcc97ee87fca3ef9ce5a8bc4fea02e34975723da,iroh_dial,discovery,cold,0,echo_rtt,0.034,ok
fcc97ee87fca3ef9ce5a8bc4fea02e34975723da,iroh_dial,discovery,cold,0,echo_rtt,0.025,ok
fcc97ee87fca3ef9ce5a8bc4fea02e34975723da,iroh_dial,discovery,cold,0,echo_rtt,0.033,ok
fcc97ee87fca3ef9ce5a8bc4fea02e34975723da,iroh_dial,discovery,cold,0,echo_rtt,0.025,ok
fcc97ee87fca3ef9ce5a8bc4fea02e34975723da,iroh_dial,discovery,cold,0,echo_rtt,0.033,ok
fcc97ee87fca3ef9ce5a8bc4fea02e34975723da,iroh_dial,discovery,cold,0,echo_rtt,0.024,ok
fcc97ee87fca3ef9ce5a8bc4fea02e34975723da,iroh_dial,discovery,cold,0,echo_rtt,0.033,ok
fcc97ee87fca3ef9ce5a8bc4fea02e34975723da,iroh_dial,discovery,cold,0,echo_rtt,0.025,ok
fcc97ee87fca3ef9ce5a8bc4fea02e34975723da,iroh_dial,discovery,cold,0,echo_rtt,0.033,ok
fcc97ee87fca3ef9ce5a8bc4fea02e34975723da,iroh_dial,discovery,cold,0,echo_rtt,0.025,ok
fcc97ee87fca3ef9ce5a8bc4fea02e34975723da,iroh_dial,discovery,cold,0,echo_rtt,0.033,ok
fcc97ee87fca3ef9ce5a8bc4fea02e34975723da,iroh_dial,discovery,cold,0,echo_rtt,0.024,ok
fcc97ee87fca3ef9ce5a8bc4fea02e34975723da,iroh_dial,discovery,cold,0,echo_rtt,0.033,ok
fcc97ee87fca3ef9ce5a8bc4fea02e34975723da,iroh_dial,discovery,cold,0,echo_rtt,0.024,ok
fcc97ee87fca3ef9ce5a8bc4fea02e34975723da,iroh_dial,discovery,cold,0,echo_rtt,0.033,ok
fcc97ee87fca3ef9ce5a8bc4fea02e34975723da,iroh_dial,discovery,cold,0,echo_rtt,0.025,ok
fcc97ee87fca3ef9ce5a8bc4fea02e34975723da,iroh_dial,discovery,cold,0,echo_rtt,0.033,ok
fcc97ee87fca3ef9ce5a8bc4fea02e34975723da,iroh_dial,discovery,cold,0,echo_rtt,0.025,ok
fcc97ee87fca3ef9ce5a8bc4fea02e34975723da,iroh_dial,discovery,cold,0,echo_rtt,0.063,ok
fcc97ee87fca3ef9ce5a8bc4fea02e34975723da,iroh_dial,discovery,cold,0,echo_rtt,0.119,ok
fcc97ee87fca3ef9ce5a8bc4fea02e34975723da,iroh_dial,discovery,cold,0,echo_rtt,0.098,ok
fcc97ee87fca3ef9ce5a8bc4fea02e34975723da,iroh_dial,discovery,cold,0,echo_rtt,0.166,ok
fcc97ee87fca3ef9ce5a8bc4fea02e34975723da,iroh_dial,discovery,cold,0,echo_rtt,0.051,ok
fcc97ee87fca3ef9ce5a8bc4fea02e34975723da,iroh_dial,discovery,cold,0,echo_rtt,0.040,ok
fcc97ee87fca3ef9ce5a8bc4fea02e34975723da,iroh_dial,discovery,cold,0,echo_rtt,0.043,ok
fcc97ee87fca3ef9ce5a8bc4fea02e34975723da,iroh_dial,discovery,cold,0,echo_rtt,0.030,ok
fcc97ee87fca3ef9ce5a8bc4fea02e34975723da,iroh_dial,discovery,cold,0,echo_rtt,0.040,ok
fcc97ee87fca3ef9ce5a8bc4fea02e34975723da,iroh_dial,discovery,cold,0,echo_rtt,0.029,ok
fcc97ee87fca3ef9ce5a8bc4fea02e34975723da,iroh_dial,discovery,cold,0,runtime_start,0.383,ok
fcc97ee87fca3ef9ce5a8bc4fea02e34975723da,iroh_dial,discovery,cold,0,endpoint_bind,1.579,ok
fcc97ee87fca3ef9ce5a8bc4fea02e34975723da,iroh_dial,discovery,cold,0,address_lookup,1.532,ok
fcc97ee87fca3ef9ce5a8bc4fea02e34975723da,iroh_dial,discovery,cold,0,dial_handshake,194.359,ok
fcc97ee87fca3ef9ce5a8bc4fea02e34975723da,iroh_dial,discovery,cold,0,stream_open,94.525,ok
fcc97ee87fca3ef9ce5a8bc4fea02e34975723da,iroh_dial,discovery,cold,0,echo_rtt,0.049,ok
fcc97ee87fca3ef9ce5a8bc4fea02e34975723da,iroh_dial,discovery,cold,0,echo_rtt,0.044,ok
fcc97ee87fca3ef9ce5a8bc4fea02e34975723da,iroh_dial,discovery,cold,0,echo_rtt,0.033,ok
fcc97ee87fca3ef9ce5a8bc4fea02e34975723da,iroh_dial,discovery,cold,0,echo_rtt,0.034,ok
fcc97ee87fca3ef9ce5a8bc4fea02e34975723da,iroh_dial,discovery,cold,0,echo_rtt,0.031,ok
fcc97ee87fca3ef9ce5a8bc4fea02e34975723da,iroh_dial,discovery,cold,0,echo_rtt,0.031,ok
fcc97ee87fca3ef9ce5a8bc4fea02e34975723da,iroh_dial,discovery,cold,0,echo_rtt,0.035,ok
fcc97ee87fca3ef9ce5a8bc4fea02e34975723da,iroh_dial,discovery,cold,0,echo_rtt,0.026,ok
fcc97ee87fca3ef9ce5a8bc4fea02e34975723da,iroh_dial,discovery,cold,0,echo_rtt,0.034,ok
fcc97ee87fca3ef9ce5a8bc4fea02e34975723da,iroh_dial,discovery,cold,0,echo_rtt,0.025,ok
fcc97ee87fca3ef9ce5a8bc4fea02e34975723da,iroh_dial,discovery,cold,0,echo_rtt,0.039,ok
fcc97ee87fca3ef9ce5a8bc4fea02e34975723da,iroh_dial,discovery,cold,0,echo_rtt,0.047,ok
fcc97ee87fca3ef9ce5a8bc4fea02e34975723da,iroh_dial,discovery,cold,0,echo_rtt,0.039,ok
fcc97ee87fca3ef9ce5a8bc4fea02e34975723da,iroh_dial,discovery,cold,0,echo_rtt,0.026,ok
fcc97ee87fca3ef9ce5a8bc4fea02e34975723da,iroh_dial,discovery,cold,0,echo_rtt,0.034,ok
fcc97ee87fca3ef9ce5a8bc4fea02e34975723da,iroh_dial,discovery,cold,0,echo_rtt,0.026,ok
fcc97ee87fca3ef9ce5a8bc4fea02e34975723da,iroh_dial,discovery,cold,0,echo_rtt,0.033,ok
fcc97ee87fca3ef9ce5a8bc4fea02e34975723da,iroh_dial,discovery,cold,0,echo_rtt,0.025,ok
fcc97ee87fca3ef9ce5a8bc4fea02e34975723da,iroh_dial,discovery,cold,0,echo_rtt,0.033,ok
fcc97ee87fca3ef9ce5a8bc4fea02e34975723da,iroh_dial,discovery,cold,0,echo_rtt,0.025,ok
fcc97ee87fca3ef9ce5a8bc4fea02e34975723da,iroh_dial,discovery,cold,0,echo_rtt,0.033,ok
fcc97ee87fca3ef9ce5a8bc4fea02e34975723da,iroh_dial,discovery,cold,0,echo_rtt,0.025,ok
fcc97ee87fca3ef9ce5a8bc4fea02e34975723da,iroh_dial,discovery,cold,0,echo_rtt,0.033,ok
fcc97ee87fca3ef9ce5a8bc4fea02e34975723da,iroh_dial,discovery,cold,0,echo_rtt,0.025,ok
fcc97ee87fca3ef9ce5a8bc4fea02e34975723da,iroh_dial,discovery,cold,0,echo_rtt,0.033,ok
fcc97ee87fca3ef9ce5a8bc4fea02e34975723da,iroh_dial,discovery,cold,0,echo_rtt,0.025,ok
fcc97ee87fca3ef9ce5a8bc4fea02e34975723da,iroh_dial,discovery,cold,0,echo_rtt,0.033,ok
fcc97ee87fca3ef9ce5a8bc4fea02e34975723da,iroh_dial,discovery,cold,0,echo_rtt,0.026,ok
fcc97ee87fca3ef9ce5a8bc4fea02e34975723da,iroh_dial,discovery,cold,0,echo_rtt,0.034,ok
fcc97ee87fca3ef9ce5a8bc4fea02e34975723da,iroh_dial,discovery,cold,0,echo_rtt,0.025,ok
fcc97ee87fca3ef9ce5a8bc4fea02e34975723da,iroh_dial,discovery,cold,0,echo_rtt,0.033,ok
fcc97ee87fca3ef9ce5a8bc4fea02e34975723da,iroh_dial,discovery,cold,0,echo_rtt,0.025,ok
fcc97ee87fca3ef9ce5a8bc4fea02e34975723da,iroh_dial,discovery,cold,0,echo_rtt,0.033,ok
fcc97ee87fca3ef9ce5a8bc4fea02e34975723da,iroh_dial,discovery,cold,0,echo_rtt,0.028,ok
fcc97ee87fca3ef9ce5a8bc4fea02e34975723da,iroh_dial,discovery,cold,0,echo_rtt,0.038,ok
fcc97ee87fca3ef9ce5a8bc4fea02e34975723da,iroh_dial,discovery,cold,0,echo_rtt,0.026,ok
fcc97ee87fca3ef9ce5a8bc4fea02e34975723da,iroh_dial,discovery,cold,0,echo_rtt,0.034,ok
fcc97ee87fca3ef9ce5a8bc4fea02e34975723da,iroh_dial,discovery,cold,0,echo_rtt,0.025,ok
fcc97ee87fca3ef9ce5a8bc4fea02e34975723da,iroh_dial,discovery,cold,0,echo_rtt,0.034,ok
fcc97ee87fca3ef9ce5a8bc4fea02e34975723da,iroh_dial,discovery,cold,0,echo_rtt,0.025,ok
fcc97ee87fca3ef9ce5a8bc4fea02e34975723da,iroh_dial,discovery,cold,0,echo_rtt,0.034,ok
fcc97ee87fca3ef9ce5a8bc4fea02e34975723da,iroh_dial,discovery,cold,0,echo_rtt,0.025,ok
fcc97ee87fca3ef9ce5a8bc4fea02e34975723da,iroh_dial,discovery,cold,0,echo_rtt,0.035,ok
fcc97ee87fca3ef9ce5a8bc4fea02e34975723da,iroh_dial,discovery,cold,0,echo_rtt,0.025,ok
fcc97ee87fca3ef9ce5a8bc4fea02e34975723da,iroh_dial,discovery,cold,0,echo_rtt,0.033,ok
fcc97ee87fca3ef9ce5a8bc4fea02e34975723da,iroh_dial,discovery,cold,0,echo_rtt,0.025,ok
fcc97ee87fca3ef9ce5a8bc4fea02e34975723da,iroh_dial,discovery,cold,0,echo_rtt,0.033,ok
fcc97ee87fca3ef9ce5a8bc4fea02e34975723da,iroh_dial,discovery,cold,0,echo_rtt,0.025,ok
fcc97ee87fca3ef9ce5a8bc4fea02e34975723da,iroh_dial,discovery,cold,0,echo_rtt,0.033,ok
fcc97ee87fca3ef9ce5a8bc4fea02e34975723da,iroh_dial,discovery,cold,0,echo_rtt,0.024,ok
fcc97ee87fca3ef9ce5a8bc4fea02e34975723da,iroh_dial,discovery,cold,0,echo_rtt,0.033,ok
fcc97ee87fca3ef9ce5a8bc4fea02e34975723da,iroh_dial,discovery,cold,0,echo_rtt,0.025,ok
fcc97ee87fca3ef9ce5a8bc4fea02e34975723da,iroh_dial,discovery,cold,0,echo_rtt,0.033,ok
fcc97ee87fca3ef9ce5a8bc4fea02e34975723da,iroh_dial,discovery,cold,0,echo_rtt,0.025,ok
fcc97ee87fca3ef9ce5a8bc4fea02e34975723da,iroh_dial,discovery,cold,0,echo_rtt,0.033,ok
fcc97ee87fca3ef9ce5a8bc4fea02e34975723da,iroh_dial,discovery,cold,0,echo_rtt,0.025,ok
fcc97ee87fca3ef9ce5a8bc4fea02e34975723da,iroh_dial,discovery,cold,0,echo_rtt,0.033,ok
fcc97ee87fca3ef9ce5a8bc4fea02e34975723da,iroh_dial,discovery,cold,0,echo_rtt,0.025,ok
fcc97ee87fca3ef9ce5a8bc4fea02e34975723da,iroh_dial,discovery,cold,0,echo_rtt,0.033,ok
fcc97ee87fca3ef9ce5a8bc4fea02e34975723da,iroh_dial,discovery,cold,0,echo_rtt,0.025,ok
fcc97ee87fca3ef9ce5a8bc4fea02e34975723da,iroh_dial,discovery,cold,0,echo_rtt,0.037,ok
fcc97ee87fca3ef9ce5a8bc4fea02e34975723da,iroh_dial,discovery,cold,0,echo_rtt,0.030,ok
fcc97ee87fca3ef9ce5a8bc4fea02e34975723da,iroh_dial,discovery,cold,0,echo_rtt,0.030,ok
fcc97ee87fca3ef9ce5a8bc4fea02e34975723da,iroh_dial,discovery,cold,0,echo_rtt,0.029,ok
fcc97ee87fca3ef9ce5a8bc4fea02e34975723da,iroh_dial,discovery,cold,0,echo_rtt,0.031,ok
fcc97ee87fca3ef9ce5a8bc4fea02e34975723da,iroh_dial,discovery,cold,0,echo_rtt,0.034,ok
fcc97ee87fca3ef9ce5a8bc4fea02e34975723da,iroh_dial,discovery,cold,0,echo_rtt,0.025,ok
fcc97ee87fca3ef9ce5a8bc4fea02e34975723da,iroh_dial,discovery,cold,0,echo_rtt,0.034,ok
fcc97ee87fca3ef9ce5a8bc4fea02e34975723da,iroh_dial,discovery,cold,0,echo_rtt,0.025,ok
fcc97ee87fca3ef9ce5a8bc4fea02e34975723da,iroh_dial,discovery,cold,0,echo_rtt,0.033,ok
fcc97ee87fca3ef9ce5a8bc4fea02e34975723da,iroh_dial,discovery,cold,0,echo_rtt,0.025,ok
fcc97ee87fca3ef9ce5a8bc4fea02e34975723da,iroh_dial,discovery,cold,0,echo_rtt,0.034,ok
fcc97ee87fca3ef9ce5a8bc4fea02e34975723da,iroh_dial,discovery,cold,0,echo_rtt,0.025,ok
fcc97ee87fca3ef9ce5a8bc4fea02e34975723da,iroh_dial,discovery,cold,0,echo_rtt,0.033,ok
fcc97ee87fca3ef9ce5a8bc4fea02e34975723da,iroh_dial,discovery,cold,0,echo_rtt,0.025,ok
fcc97ee87fca3ef9ce5a8bc4fea02e34975723da,iroh_dial,discovery,cold,0,echo_rtt,0.033,ok
fcc97ee87fca3ef9ce5a8bc4fea02e34975723da,iroh_dial,discovery,cold,0,echo_rtt,0.025,ok
fcc97ee87fca3ef9ce5a8bc4fea02e34975723da,iroh_dial,discovery,cold,0,echo_rtt,0.034,ok
fcc97ee87fca3ef9ce5a8bc4fea02e34975723da,iroh_dial,discovery,cold,0,echo_rtt,0.025,ok
fcc97ee87fca3ef9ce5a8bc4fea02e34975723da,iroh_dial,discovery,cold,0,echo_rtt,0.034,ok
fcc97ee87fca3ef9ce5a8bc4fea02e34975723da,iroh_dial,discovery,cold,0,echo_rtt,0.025,ok
fcc97ee87fca3ef9ce5a8bc4fea02e34975723da,iroh_dial,discovery,cold,0,echo_rtt,0.033,ok
fcc97ee87fca3ef9ce5a8bc4fea02e34975723da,iroh_dial,discovery,cold,0,echo_rtt,0.025,ok
fcc97ee87fca3ef9ce5a8bc4fea02e34975723da,iroh_dial,discovery,cold,0,echo_rtt,0.033,ok
fcc97ee87fca3ef9ce5a8bc4fea02e34975723da,iroh_dial,discovery,cold,0,echo_rtt,0.025,ok
fcc97ee87fca3ef9ce5a8bc4fea02e34975723da,iroh_dial,discovery,cold,0,echo_rtt,0.033,ok
fcc97ee87fca3ef9ce5a8bc4fea02e34975723da,iroh_dial,discovery,cold,0,echo_rtt,0.026,ok
fcc97ee87fca3ef9ce5a8bc4fea02e34975723da,iroh_dial,discovery,cold,0,echo_rtt,0.034,ok
fcc97ee87fca3ef9ce5a8bc4fea02e34975723da,iroh_dial,discovery,cold,0,echo_rtt,0.025,ok
fcc97ee87fca3ef9ce5a8bc4fea02e34975723da,iroh_dial,discovery,cold,0,echo_rtt,0.033,ok
fcc97ee87fca3ef9ce5a8bc4fea02e34975723da,iroh_dial,discovery,cold,0,echo_rtt,0.024,ok
fcc97ee87fca3ef9ce5a8bc4fea02e34975723da,iroh_dial,discovery,cold,0,echo_rtt,0.033,ok
fcc97ee87fca3ef9ce5a8bc4fea02e34975723da,iroh_dial,discovery,cold,0,echo_rtt,0.028,ok
fcc97ee87fca3ef9ce5a8bc4fea02e34975723da,iroh_dial,discovery,cold,0,echo_rtt,0.036,ok
fcc97ee87fca3ef9ce5a8bc4fea02e34975723da,iroh_dial,discovery,cold,0,echo_rtt,0.025,ok
fcc97ee87fca3ef9ce5a8bc4fea02e34975723da,iroh_dial,discovery,cold,0,echo_rtt,0.033,ok
fcc97ee87fca3ef9ce5a8bc4fea02e34975723da,iroh_dial,discovery,cold,0,echo_rtt,0.025,ok
fcc97ee87fca3ef9ce5a8bc4fea02e34975723da,iroh_dial,discovery,cold,0,echo_rtt,0.034,ok
fcc97ee87fca3ef9ce5a8bc4fea02e34975723da,iroh_dial,discovery,cold,0,echo_rtt,0.025,ok
fcc97ee87fca3ef9ce5a8bc4fea02e34975723da,iroh_dial,discovery,cold,0,echo_rtt,0.034,ok
fcc97ee87fca3ef9ce5a8bc4fea02e34975723da,iroh_dial,discovery,cold,0,runtime_start,0.395,ok
fcc97ee87fca3ef9ce5a8bc4fea02e34975723da,iroh_dial,discovery,cold,0,endpoint_bind,1.496,ok
fcc97ee87fca3ef9ce5a8bc4fea02e34975723da,iroh_dial,discovery,cold,0,address_lookup,1.842,ok
fcc97ee87fca3ef9ce5a8bc4fea02e34975723da,iroh_dial,discovery,cold,0,dial_handshake,201.011,ok
fcc97ee87fca3ef9ce5a8bc4fea02e34975723da,iroh_dial,discovery,cold,0,stream_open,85.527,ok
fcc97ee87fca3ef9ce5a8bc4fea02e34975723da,iroh_dial,discovery,cold,0,echo_rtt,0.036,ok
fcc97ee87fca3ef9ce5a8bc4fea02e34975723da,iroh_dial,discovery,cold,0,echo_rtt,0.039,ok
fcc97ee87fca3ef9ce5a8bc4fea02e34975723da,iroh_dial,discovery,cold,0,echo_rtt,0.026,ok
fcc97ee87fca3ef9ce5a8bc4fea02e34975723da,iroh_dial,discovery,cold,0,echo_rtt,0.037,ok
fcc97ee87fca3ef9ce5a8bc4fea02e34975723da,iroh_dial,discovery,cold,0,echo_rtt,0.025,ok
fcc97ee87fca3ef9ce5a8bc4fea02e34975723da,iroh_dial,discovery,cold,0,echo_rtt,0.034,ok
fcc97ee87fca3ef9ce5a8bc4fea02e34975723da,iroh_dial,discovery,cold,0,echo_rtt,0.031,ok
fcc97ee87fca3ef9ce5a8bc4fea02e34975723da,iroh_dial,discovery,cold,0,echo_rtt,0.030,ok
fcc97ee87fca3ef9ce5a8bc4fea02e34975723da,iroh_dial,discovery,cold,0,echo_rtt,0.029,ok
fcc97ee87fca3ef9ce5a8bc4fea02e34975723da,iroh_dial,discovery,cold,0,echo_rtt,0.029,ok
fcc97ee87fca3ef9ce5a8bc4fea02e34975723da,iroh_dial,discovery,cold,0,echo_rtt,0.029,ok
fcc97ee87fca3ef9ce5a8bc4fea02e34975723da,iroh_dial,discovery,cold,0,echo_rtt,0.029,ok
fcc97ee87fca3ef9ce5a8bc4fea02e34975723da,iroh_dial,discovery,cold,0,echo_rtt,0.029,ok
fcc97ee87fca3ef9ce5a8bc4fea02e34975723da,iroh_dial,discovery,cold,0,echo_rtt,0.029,ok
fcc97ee87fca3ef9ce5a8bc4fea02e34975723da,iroh_dial,discovery,cold,0,echo_rtt,0.028,ok
fcc97ee87fca3ef9ce5a8bc4fea02e34975723da,iroh_dial,discovery,cold,0,echo_rtt,0.029,ok
fcc97ee87fca3ef9ce5a8bc4fea02e34975723da,iroh_dial,discovery,cold,0,echo_rtt,0.029,ok
fcc97ee87fca3ef9ce5a8bc4fea02e34975723da,iroh_dial,discovery,cold,0,echo_rtt,0.029,ok
fcc97ee87fca3ef9ce5a8bc4fea02e34975723da,iroh_dial,discovery,cold,0,echo_rtt,0.028,ok
fcc97ee87fca3ef9ce5a8bc4fea02e34975723da,iroh_dial,discovery,cold,0,echo_rtt,0.029,ok
fcc97ee87fca3ef9ce5a8bc4fea02e34975723da,iroh_dial,discovery,cold,0,echo_rtt,0.028,ok
fcc97ee87fca3ef9ce5a8bc4fea02e34975723da,iroh_dial,discovery,cold,0,echo_rtt,0.029,ok
fcc97ee87fca3ef9ce5a8bc4fea02e34975723da,iroh_dial,discovery,cold,0,echo_rtt,0.028,ok
fcc97ee87fca3ef9ce5a8bc4fea02e34975723da,iroh_dial,discovery,cold,0,echo_rtt,0.032,ok
fcc97ee87fca3ef9ce5a8bc4fea02e34975723da,iroh_dial,discovery,cold,0,echo_rtt,0.030,ok
fcc97ee87fca3ef9ce5a8bc4fea02e34975723da,iroh_dial,discovery,cold,0,echo_rtt,0.030,ok
fcc97ee87fca3ef9ce5a8bc4fea02e34975723da,iroh_dial,discovery,cold,0,echo_rtt,0.030,ok
fcc97ee87fca3ef9ce5a8bc4fea02e34975723da,iroh_dial,discovery,cold,0,echo_rtt,0.029,ok
fcc97ee87fca3ef9ce5a8bc4fea02e34975723da,iroh_dial,discovery,cold,0,echo_rtt,0.028,ok
fcc97ee87fca3ef9ce5a8bc4fea02e34975723da,iroh_dial,discovery,cold,0,echo_rtt,0.030,ok
fcc97ee87fca3ef9ce5a8bc4fea02e34975723da,iroh_dial,discovery,cold,0,echo_rtt,0.028,ok
fcc97ee87fca3ef9ce5a8bc4fea02e34975723da,iroh_dial,discovery,cold,0,echo_rtt,0.029,ok
fcc97ee87fca3ef9ce5a8bc4fea02e34975723da,iroh_dial,discovery,cold,0,echo_rtt,0.034,ok
fcc97ee87fca3ef9ce5a8bc4fea02e34975723da,iroh_dial,discovery,cold,0,echo_rtt,0.025,ok
fcc97ee87fca3ef9ce5a8bc4fea02e34975723da,iroh_dial,discovery,cold,0,echo_rtt,0.033,ok
fcc97ee87fca3ef9ce5a8bc4fea02e34975723da,iroh_dial,discovery,cold,0,echo_rtt,0.025,ok
fcc97ee87fca3ef9ce5a8bc4fea02e34975723da,iroh_dial,discovery,cold,0,echo_rtt,0.067,ok
fcc97ee87fca3ef9ce5a8bc4fea02e34975723da,iroh_dial,discovery,cold,0,echo_rtt,0.033,ok
fcc97ee87fca3ef9ce5a8bc4fea02e34975723da,iroh_dial,discovery,cold,0,echo_rtt,0.041,ok
fcc97ee87fca3ef9ce5a8bc4fea02e34975723da,iroh_dial,discovery,cold,0,echo_rtt,0.035,ok
fcc97ee87fca3ef9ce5a8bc4fea02e34975723da,iroh_dial,discovery,cold,0,echo_rtt,0.035,ok
fcc97ee87fca3ef9ce5a8bc4fea02e34975723da,iroh_dial,discovery,cold,0,echo_rtt,0.035,ok
fcc97ee87fca3ef9ce5a8bc4fea02e34975723da,iroh_dial,discovery,cold,0,echo_rtt,0.035,ok
fcc97ee87fca3ef9ce5a8bc4fea02e34975723da,iroh_dial,discovery,cold,0,echo_rtt,0.034,ok
fcc97ee87fca3ef9ce5a8bc4fea02e34975723da,iroh_dial,discovery,cold,0,echo_rtt,0.034,ok
fcc97ee87fca3ef9ce5a8bc4fea02e34975723da,iroh_dial,discovery,cold,0,echo_rtt,0.033,ok
fcc97ee87fca3ef9ce5a8bc4fea02e34975723da,iroh_dial,discovery,cold,0,echo_rtt,0.035,ok
fcc97ee87fca3ef9ce5a8bc4fea02e34975723da,iroh_dial,discovery,cold,0,echo_rtt,0.033,ok
fcc97ee87fca3ef9ce5a8bc4fea02e34975723da,iroh_dial,discovery,cold,0,echo_rtt,0.035,ok
fcc97ee87fca3ef9ce5a8bc4fea02e34975723da,iroh_dial,discovery,cold,0,echo_rtt,0.034,ok
fcc97ee87fca3ef9ce5a8bc4fea02e34975723da,iroh_dial,discovery,cold,0,echo_rtt,0.035,ok
fcc97ee87fca3ef9ce5a8bc4fea02e34975723da,iroh_dial,discovery,cold,0,echo_rtt,0.034,ok
fcc97ee87fca3ef9ce5a8bc4fea02e34975723da,iroh_dial,discovery,cold,0,echo_rtt,0.034,ok
fcc97ee87fca3ef9ce5a8bc4fea02e34975723da,iroh_dial,discovery,cold,0,echo_rtt,0.033,ok
fcc97ee87fca3ef9ce5a8bc4fea02e34975723da,iroh_dial,discovery,cold,0,echo_rtt,0.034,ok
fcc97ee87fca3ef9ce5a8bc4fea02e34975723da,iroh_dial,discovery,cold,0,echo_rtt,0.034,ok
fcc97ee87fca3ef9ce5a8bc4fea02e34975723da,iroh_dial,discovery,cold,0,echo_rtt,0.035,ok
fcc97ee87fca3ef9ce5a8bc4fea02e34975723da,iroh_dial,discovery,cold,0,echo_rtt,0.034,ok
fcc97ee87fca3ef9ce5a8bc4fea02e34975723da,iroh_dial,discovery,cold,0,echo_rtt,0.035,ok
fcc97ee87fca3ef9ce5a8bc4fea02e34975723da,iroh_dial,discovery,cold,0,echo_rtt,0.033,ok
fcc97ee87fca3ef9ce5a8bc4fea02e34975723da,iroh_dial,discovery,cold,0,echo_rtt,0.035,ok
fcc97ee87fca3ef9ce5a8bc4fea02e34975723da,iroh_dial,discovery,cold,0,echo_rtt,0.033,ok
fcc97ee87fca3ef9ce5a8bc4fea02e34975723da,iroh_dial,discovery,cold,0,echo_rtt,0.035,ok
fcc97ee87fca3ef9ce5a8bc4fea02e34975723da,iroh_dial,discovery,cold,0,echo_rtt,0.037,ok
fcc97ee87fca3ef9ce5a8bc4fea02e34975723da,iroh_dial,discovery,cold,0,echo_rtt,0.033,ok
fcc97ee87fca3ef9ce5a8bc4fea02e34975723da,iroh_dial,discovery,cold,0,echo_rtt,0.032,ok
fcc97ee87fca3ef9ce5a8bc4fea02e34975723da,iroh_dial,discovery,cold,0,echo_rtt,0.034,ok
fcc97ee87fca3ef9ce5a8bc4fea02e34975723da,iroh_dial,discovery,cold,0,echo_rtt,0.047,ok
fcc97ee87fca3ef9ce5a8bc4fea02e34975723da,iroh_dial,discovery,cold,0,echo_rtt,0.032,ok
fcc97ee87fca3ef9ce5a8bc4fea02e34975723da,iroh_dial,discovery,cold,0,echo_rtt,0.032,ok
fcc97ee87fca3ef9ce5a8bc4fea02e34975723da,iroh_dial,discovery,cold,0,echo_rtt,0.034,ok
fcc97ee87fca3ef9ce5a8bc4fea02e34975723da,iroh_dial,discovery,cold,0,echo_rtt,0.032,ok
fcc97ee87fca3ef9ce5a8bc4fea02e34975723da,iroh_dial,discovery,cold,0,echo_rtt,0.033,ok
fcc97ee87fca3ef9ce5a8bc4fea02e34975723da,iroh_dial,discovery,cold,0,echo_rtt,0.032,ok
fcc97ee87fca3ef9ce5a8bc4fea02e34975723da,iroh_dial,discovery,cold,0,echo_rtt,0.032,ok
fcc97ee87fca3ef9ce5a8bc4fea02e34975723da,iroh_dial,discovery,cold,0,echo_rtt,0.031,ok
fcc97ee87fca3ef9ce5a8bc4fea02e34975723da,iroh_dial,discovery,cold,0,echo_rtt,0.032,ok
fcc97ee87fca3ef9ce5a8bc4fea02e34975723da,iroh_dial,discovery,cold,0,echo_rtt,0.032,ok
fcc97ee87fca3ef9ce5a8bc4fea02e34975723da,iroh_dial,discovery,cold,0,echo_rtt,0.032,ok
fcc97ee87fca3ef9ce5a8bc4fea02e34975723da,iroh_dial,discovery,cold,0,echo_rtt,0.032,ok
fcc97ee87fca3ef9ce5a8bc4fea02e34975723da,iroh_dial,discovery,cold,0,echo_rtt,0.033,ok
fcc97ee87fca3ef9ce5a8bc4fea02e34975723da,iroh_dial,discovery,cold,0,echo_rtt,0.032,ok
fcc97ee87fca3ef9ce5a8bc4fea02e34975723da,iroh_dial,discovery,cold,0,echo_rtt,0.032,ok
fcc97ee87fca3ef9ce5a8bc4fea02e34975723da,iroh_dial,discovery,cold,0,echo_rtt,0.031,ok
fcc97ee87fca3ef9ce5a8bc4fea02e34975723da,iroh_dial,discovery,cold,0,echo_rtt,0.039,ok
fcc97ee87fca3ef9ce5a8bc4fea02e34975723da,iroh_dial,discovery,cold,0,echo_rtt,0.033,ok
fcc97ee87fca3ef9ce5a8bc4fea02e34975723da,iroh_dial,discovery,cold,0,echo_rtt,0.033,ok
fcc97ee87fca3ef9ce5a8bc4fea02e34975723da,iroh_dial,discovery,cold,0,echo_rtt,0.032,ok
fcc97ee87fca3ef9ce5a8bc4fea02e34975723da,iroh_dial,discovery,cold,0,echo_rtt,0.033,ok
fcc97ee87fca3ef9ce5a8bc4fea02e34975723da,iroh_dial,discovery,cold,0,echo_rtt,0.032,ok
fcc97ee87fca3ef9ce5a8bc4fea02e34975723da,iroh_dial,discovery,cold,0,echo_rtt,0.032,ok
fcc97ee87fca3ef9ce5a8bc4fea02e34975723da,iroh_dial,discovery,cold,0,echo_rtt,0.035,ok
fcc97ee87fca3ef9ce5a8bc4fea02e34975723da,iroh_dial,discovery,cold,0,echo_rtt,0.085,ok
fcc97ee87fca3ef9ce5a8bc4fea02e34975723da,iroh_dial,discovery,cold,0,echo_rtt,0.105,ok
fcc97ee87fca3ef9ce5a8bc4fea02e34975723da,iroh_dial,discovery,cold,0,echo_rtt,0.104,ok
fcc97ee87fca3ef9ce5a8bc4fea02e34975723da,iroh_dial,discovery,cold,0,echo_rtt,0.136,ok
fcc97ee87fca3ef9ce5a8bc4fea02e34975723da,iroh_dial,discovery,cold,0,echo_rtt,0.050,ok
fcc97ee87fca3ef9ce5a8bc4fea02e34975723da,iroh_dial,discovery,cold,0,echo_rtt,0.047,ok
fcc97ee87fca3ef9ce5a8bc4fea02e34975723da,iroh_dial,discovery,cold,0,echo_rtt,0.036,ok
fcc97ee87fca3ef9ce5a8bc4fea02e34975723da,iroh_dial,discovery,cold,0,echo_rtt,0.037,ok
fcc97ee87fca3ef9ce5a8bc4fea02e34975723da,iroh_dial,discovery,cold,0,runtime_start,0.394,ok
fcc97ee87fca3ef9ce5a8bc4fea02e34975723da,iroh_dial,discovery,cold,0,endpoint_bind,1.494,ok
fcc97ee87fca3ef9ce5a8bc4fea02e34975723da,iroh_dial,discovery,cold,0,address_lookup,1.548,ok
fcc97ee87fca3ef9ce5a8bc4fea02e34975723da,iroh_dial,discovery,cold,0,dial_handshake,200.605,ok
fcc97ee87fca3ef9ce5a8bc4fea02e34975723da,iroh_dial,discovery,cold,0,stream_open,85.412,ok
fcc97ee87fca3ef9ce5a8bc4fea02e34975723da,iroh_dial,discovery,cold,0,echo_rtt,0.042,ok
fcc97ee87fca3ef9ce5a8bc4fea02e34975723da,iroh_dial,discovery,cold,0,echo_rtt,0.033,ok
fcc97ee87fca3ef9ce5a8bc4fea02e34975723da,iroh_dial,discovery,cold,0,echo_rtt,0.032,ok
fcc97ee87fca3ef9ce5a8bc4fea02e34975723da,iroh_dial,discovery,cold,0,echo_rtt,0.037,ok
fcc97ee87fca3ef9ce5a8bc4fea02e34975723da,iroh_dial,discovery,cold,0,echo_rtt,0.035,ok
fcc97ee87fca3ef9ce5a8bc4fea02e34975723da,iroh_dial,discovery,cold,0,echo_rtt,0.033,ok
fcc97ee87fca3ef9ce5a8bc4fea02e34975723da,iroh_dial,discovery,cold,0,echo_rtt,0.032,ok
fcc97ee87fca3ef9ce5a8bc4fea02e34975723da,iroh_dial,discovery,cold,0,echo_rtt,0.031,ok
fcc97ee87fca3ef9ce5a8bc4fea02e34975723da,iroh_dial,discovery,cold,0,echo_rtt,0.051,ok
fcc97ee87fca3ef9ce5a8bc4fea02e34975723da,iroh_dial,discovery,cold,0,echo_rtt,0.033,ok
fcc97ee87fca3ef9ce5a8bc4fea02e34975723da,iroh_dial,discovery,cold,0,echo_rtt,0.037,ok
fcc97ee87fca3ef9ce5a8bc4fea02e34975723da,iroh_dial,discovery,cold,0,echo_rtt,0.037,ok
fcc97ee87fca3ef9ce5a8bc4fea02e34975723da,iroh_dial,discovery,cold,0,echo_rtt,0.027,ok
fcc97ee87fca3ef9ce5a8bc4fea02e34975723da,iroh_dial,discovery,cold,0,echo_rtt,0.043,ok
fcc97ee87fca3ef9ce5a8bc4fea02e34975723da,iroh_dial,discovery,cold,0,echo_rtt,0.029,ok
fcc97ee87fca3ef9ce5a8bc4fea02e34975723da,iroh_dial,discovery,cold,0,echo_rtt,0.039,ok
fcc97ee87fca3ef9ce5a8bc4fea02e34975723da,iroh_dial,discovery,cold,0,echo_rtt,0.030,ok
fcc97ee87fca3ef9ce5a8bc4fea02e34975723da,iroh_dial,discovery,cold,0,echo_rtt,0.040,ok
fcc97ee87fca3ef9ce5a8bc4fea02e34975723da,iroh_dial,discovery,cold,0,echo_rtt,0.030,ok
fcc97ee87fca3ef9ce5a8bc4fea02e34975723da,iroh_dial,discovery,cold,0,echo_rtt,0.039,ok
fcc97ee87fca3ef9ce5a8bc4fea02e34975723da,iroh_dial,discovery,cold,0,echo_rtt,0.029,ok
fcc97ee87fca3ef9ce5a8bc4fea02e34975723da,iroh_dial,discovery,cold,0,echo_rtt,0.039,ok
fcc97ee87fca3ef9ce5a8bc4fea02e34975723da,iroh_dial,discovery,cold,0,echo_rtt,0.029,ok
fcc97ee87fca3ef9ce5a8bc4fea02e34975723da,iroh_dial,discovery,cold,0,echo_rtt,0.038,ok
fcc97ee87fca3ef9ce5a8bc4fea02e34975723da,iroh_dial,discovery,cold,0,echo_rtt,0.029,ok
fcc97ee87fca3ef9ce5a8bc4fea02e34975723da,iroh_dial,discovery,cold,0,echo_rtt,0.038,ok
fcc97ee87fca3ef9ce5a8bc4fea02e34975723da,iroh_dial,discovery,cold,0,echo_rtt,0.028,ok
fcc97ee87fca3ef9ce5a8bc4fea02e34975723da,iroh_dial,discovery,cold,0,echo_rtt,0.039,ok
fcc97ee87fca3ef9ce5a8bc4fea02e34975723da,iroh_dial,discovery,cold,0,echo_rtt,0.029,ok
fcc97ee87fca3ef9ce5a8bc4fea02e34975723da,iroh_dial,discovery,cold,0,echo_rtt,0.041,ok
fcc97ee87fca3ef9ce5a8bc4fea02e34975723da,iroh_dial,discovery,cold,0,echo_rtt,0.033,ok
fcc97ee87fca3ef9ce5a8bc4fea02e34975723da,iroh_dial,discovery,cold,0,echo_rtt,0.041,ok
fcc97ee87fca3ef9ce5a8bc4fea02e34975723da,iroh_dial,discovery,cold,0,echo_rtt,0.030,ok
fcc97ee87fca3ef9ce5a8bc4fea02e34975723da,iroh_dial,discovery,cold,0,echo_rtt,0.040,ok
fcc97ee87fca3ef9ce5a8bc4fea02e34975723da,iroh_dial,discovery,cold,0,echo_rtt,0.034,ok
fcc97ee87fca3ef9ce5a8bc4fea02e34975723da,iroh_dial,discovery,cold,0,echo_rtt,0.042,ok
fcc97ee87fca3ef9ce5a8bc4fea02e34975723da,iroh_dial,discovery,cold,0,echo_rtt,0.033,ok
fcc97ee87fca3ef9ce5a8bc4fea02e34975723da,iroh_dial,discovery,cold,0,echo_rtt,0.044,ok
fcc97ee87fca3ef9ce5a8bc4fea02e34975723da,iroh_dial,discovery,cold,0,echo_rtt,0.031,ok
fcc97ee87fca3ef9ce5a8bc4fea02e34975723da,iroh_dial,discovery,cold,0,echo_rtt,0.040,ok
fcc97ee87fca3ef9ce5a8bc4fea02e34975723da,iroh_dial,discovery,cold,0,echo_rtt,0.028,ok
fcc97ee87fca3ef9ce5a8bc4fea02e34975723da,iroh_dial,discovery,cold,0,echo_rtt,0.040,ok
fcc97ee87fca3ef9ce5a8bc4fea02e34975723da,iroh_dial,discovery,cold,0,echo_rtt,0.027,ok
fcc97ee87fca3ef9ce5a8bc4fea02e34975723da,iroh_dial,discovery,cold,0,echo_rtt,0.046,ok
fcc97ee87fca3ef9ce5a8bc4fea02e34975723da,iroh_dial,discovery,cold,0,echo_rtt,0.031,ok
fcc97ee87fca3ef9ce5a8bc4fea02e34975723da,iroh_dial,discovery,cold,0,echo_rtt,0.042,ok
fcc97ee87fca3ef9ce5a8bc4fea02e34975723da,iroh_dial,discovery,cold,0,echo_rtt,0.030,ok
fcc97ee87fca3ef9ce5a8bc4fea02e34975723da,iroh_dial,discovery,cold,0,echo_rtt,0.042,ok
fcc97ee87fca3ef9ce5a8bc4fea02e34975723da,iroh_dial,discovery,cold,0,echo_rtt,0.046,ok
fcc97ee87fca3ef9ce5a8bc4fea02e34975723da,iroh_dial,discovery,cold,0,echo_rtt,0.039,ok
fcc97ee87fca3ef9ce5a8bc4fea02e34975723da,iroh_dial,discovery,cold,0,echo_rtt,0.028,ok
fcc97ee87fca3ef9ce5a8bc4fea02e34975723da,iroh_dial,discovery,cold,0,echo_rtt,0.039,ok
fcc97ee87fca3ef9ce5a8bc4fea02e34975723da,iroh_dial,discovery,cold,0,echo_rtt,0.043,ok
fcc97ee87fca3ef9ce5a8bc4fea02e34975723da,iroh_dial,discovery,cold,0,echo_rtt,0.038,ok
fcc97ee87fca3ef9ce5a8bc4fea02e34975723da,iroh_dial,discovery,cold,0,echo_rtt,0.028,ok
fcc97ee87fca3ef9ce5a8bc4fea02e34975723da,iroh_dial,discovery,cold,0,echo_rtt,0.038,ok
fcc97ee87fca3ef9ce5a8bc4fea02e34975723da,iroh_dial,discovery,cold,0,echo_rtt,0.028,ok
fcc97ee87fca3ef9ce5a8bc4fea02e34975723da,iroh_dial,discovery,cold,0,echo_rtt,0.038,ok
fcc97ee87fca3ef9ce5a8bc4fea02e34975723da,iroh_dial,discovery,cold,0,echo_rtt,0.028,ok
fcc97ee87fca3ef9ce5a8bc4fea02e34975723da,iroh_dial,discovery,cold,0,echo_rtt,0.041,ok
fcc97ee87fca3ef9ce5a8bc4fea02e34975723da,iroh_dial,discovery,cold,0,echo_rtt,0.028,ok
fcc97ee87fca3ef9ce5a8bc4fea02e34975723da,iroh_dial,discovery,cold,0,echo_rtt,0.038,ok
fcc97ee87fca3ef9ce5a8bc4fea02e34975723da,iroh_dial,discovery,cold,0,echo_rtt,0.028,ok
fcc97ee87fca3ef9ce5a8bc4fea02e34975723da,iroh_dial,discovery,cold,0,echo_rtt,0.039,ok
fcc97ee87fca3ef9ce5a8bc4fea02e34975723da,iroh_dial,discovery,cold,0,echo_rtt,0.028,ok
fcc97ee87fca3ef9ce5a8bc4fea02e34975723da,iroh_dial,discovery,cold,0,echo_rtt,0.040,ok
fcc97ee87fca3ef9ce5a8bc4fea02e34975723da,iroh_dial,discovery,cold,0,echo_rtt,0.030,ok
fcc97ee87fca3ef9ce5a8bc4fea02e34975723da,iroh_dial,discovery,cold,0,echo_rtt,0.035,ok
fcc97ee87fca3ef9ce5a8bc4fea02e34975723da,iroh_dial,discovery,cold,0,echo_rtt,0.026,ok
fcc97ee87fca3ef9ce5a8bc4fea02e34975723da,iroh_dial,discovery,cold,0,echo_rtt,0.036,ok
fcc97ee87fca3ef9ce5a8bc4fea02e34975723da,iroh_dial,discovery,cold,0,echo_rtt,0.026,ok
fcc97ee87fca3ef9ce5a8bc4fea02e34975723da,iroh_dial,discovery,cold,0,echo_rtt,0.034,ok
fcc97ee87fca3ef9ce5a8bc4fea02e34975723da,iroh_dial,discovery,cold,0,echo_rtt,0.043,ok
fcc97ee87fca3ef9ce5a8bc4fea02e34975723da,iroh_dial,discovery,cold,0,echo_rtt,0.036,ok
fcc97ee87fca3ef9ce5a8bc4fea02e34975723da,iroh_dial,discovery,cold,0,echo_rtt,0.027,ok
fcc97ee87fca3ef9ce5a8bc4fea02e34975723da,iroh_dial,discovery,cold,0,echo_rtt,0.034,ok
fcc97ee87fca3ef9ce5a8bc4fea02e34975723da,iroh_dial,discovery,cold,0,echo_rtt,0.037,ok
fcc97ee87fca3ef9ce5a8bc4fea02e34975723da,iroh_dial,discovery,cold,0,echo_rtt,0.047,ok
fcc97ee87fca3ef9ce5a8bc4fea02e34975723da,iroh_dial,discovery,cold,0,echo_rtt,0.028,ok
fcc97ee87fca3ef9ce5a8bc4fea02e34975723da,iroh_dial,discovery,cold,0,echo_rtt,0.035,ok
fcc97ee87fca3ef9ce5a8bc4fea02e34975723da,iroh_dial,discovery,cold,0,echo_rtt,0.026,ok
fcc97ee87fca3ef9ce5a8bc4fea02e34975723da,iroh_dial,discovery,cold,0,echo_rtt,0.034,ok
fcc97ee87fca3ef9ce5a8bc4fea02e34975723da,iroh_dial,discovery,cold,0,echo_rtt,0.026,ok
fcc97ee87fca3ef9ce5a8bc4fea02e34975723da,iroh_dial,discovery,cold,0,echo_rtt,0.036,ok
fcc97ee87fca3ef9ce5a8bc4fea02e34975723da,iroh_dial,discovery,cold,0,echo_rtt,0.026,ok
fcc97ee87fca3ef9ce5a8bc4fea02e34975723da,iroh_dial,discovery,cold,0,echo_rtt,0.037,ok
fcc97ee87fca3ef9ce5a8bc4fea02e34975723da,iroh_dial,discovery,cold,0,echo_rtt,0.051,ok
fcc97ee87fca3ef9ce5a8bc4fea02e34975723da,iroh_dial,discovery,cold,0,echo_rtt,0.046,ok
fcc97ee87fca3ef9ce5a8bc4fea02e34975723da,iroh_dial,discovery,cold,0,echo_rtt,0.030,ok
fcc97ee87fca3ef9ce5a8bc4fea02e34975723da,iroh_dial,discovery,cold,0,echo_rtt,0.072,ok
fcc97ee87fca3ef9ce5a8bc4fea02e34975723da,iroh_dial,discovery,cold,0,echo_rtt,0.099,ok
fcc97ee87fca3ef9ce5a8bc4fea02e34975723da,iroh_dial,discovery,cold,0,echo_rtt,0.159,ok
fcc97ee87fca3ef9ce5a8bc4fea02e34975723da,iroh_dial,discovery,cold,0,echo_rtt,0.089,ok
fcc97ee87fca3ef9ce5a8bc4fea02e34975723da,iroh_dial,discovery,cold,0,echo_rtt,0.058,ok
fcc97ee87fca3ef9ce5a8bc4fea02e34975723da,iroh_dial,discovery,cold,0,echo_rtt,0.045,ok
fcc97ee87fca3ef9ce5a8bc4fea02e34975723da,iroh_dial,discovery,cold,0,echo_rtt,0.034,ok
fcc97ee87fca3ef9ce5a8bc4fea02e34975723da,iroh_dial,discovery,cold,0,echo_rtt,0.033,ok
fcc97ee87fca3ef9ce5a8bc4fea02e34975723da,iroh_dial,discovery,cold,0,echo_rtt,0.031,ok
fcc97ee87fca3ef9ce5a8bc4fea02e34975723da,iroh_dial,discovery,cold,0,echo_rtt,0.031,ok
fcc97ee87fca3ef9ce5a8bc4fea02e34975723da,iroh_dial,discovery,cold,0,echo_rtt,0.031,ok
fcc97ee87fca3ef9ce5a8bc4fea02e34975723da,iroh_dial,discovery,cold,0,runtime_start,0.485,ok
fcc97ee87fca3ef9ce5a8bc4fea02e34975723da,iroh_dial,discovery,cold,0,endpoint_bind,1.404,ok
fcc97ee87fca3ef9ce5a8bc4fea02e34975723da,iroh_dial,discovery,cold,0,address_lookup,1.439,ok
fcc97ee87fca3ef9ce5a8bc4fea02e34975723da,iroh_dial,discovery,cold,0,dial_handshake,193.000,ok
fcc97ee87fca3ef9ce5a8bc4fea02e34975723da,iroh_dial,discovery,cold,0,stream_open,83.569,ok
fcc97ee87fca3ef9ce5a8bc4fea02e34975723da,iroh_dial,discovery,cold,0,echo_rtt,0.037,ok
fcc97ee87fca3ef9ce5a8bc4fea02e34975723da,iroh_dial,discovery,cold,0,echo_rtt,0.041,ok
fcc97ee87fca3ef9ce5a8bc4fea02e34975723da,iroh_dial,discovery,cold,0,echo_rtt,0.027,ok
fcc97ee87fca3ef9ce5a8bc4fea02e34975723da,iroh_dial,discovery,cold,0,echo_rtt,0.036,ok
fcc97ee87fca3ef9ce5a8bc4fea02e34975723da,iroh_dial,discovery,cold,0,echo_rtt,0.026,ok
fcc97ee87fca3ef9ce5a8bc4fea02e34975723da,iroh_dial,discovery,cold,0,echo_rtt,0.036,ok
fcc97ee87fca3ef9ce5a8bc4fea02e34975723da,iroh_dial,discovery,cold,0,echo_rtt,0.025,ok
fcc97ee87fca3ef9ce5a8bc4fea02e34975723da,iroh_dial,discovery,cold,0,echo_rtt,0.035,ok
fcc97ee87fca3ef9ce5a8bc4fea02e34975723da,iroh_dial,discovery,cold,0,echo_rtt,0.027,ok
fcc97ee87fca3ef9ce5a8bc4fea02e34975723da,iroh_dial,discovery,cold,0,echo_rtt,0.037,ok
fcc97ee87fca3ef9ce5a8bc4fea02e34975723da,iroh_dial,discovery,cold,0,echo_rtt,0.045,ok
fcc97ee87fca3ef9ce5a8bc4fea02e34975723da,iroh_dial,discovery,cold,0,echo_rtt,0.051,ok
fcc97ee87fca3ef9ce5a8bc4fea02e34975723da,iroh_dial,discovery,cold,0,echo_rtt,0.033,ok
fcc97ee87fca3ef9ce5a8bc4fea02e34975723da,iroh_dial,discovery,cold,0,echo_rtt,0.041,ok
fcc97ee87fca3ef9ce5a8bc4fea02e34975723da,iroh_dial,discovery,cold,0,echo_rtt,0.029,ok
fcc97ee87fca3ef9ce5a8bc4fea02e34975723da,iroh_dial,discovery,cold,0,echo_rtt,0.039,ok
fcc97ee87fca3ef9ce5a8bc4fea02e34975723da,iroh_dial,discovery,cold,0,echo_rtt,0.029,ok
fcc97ee87fca3ef9ce5a8bc4fea02e34975723da,iroh_dial,discovery,cold,0,echo_rtt,0.040,ok
fcc97ee87fca3ef9ce5a8bc4fea02e34975723da,iroh_dial,discovery,cold,0,echo_rtt,0.029,ok
fcc97ee87fca3ef9ce5a8bc4fea02e34975723da,iroh_dial,discovery,cold,0,echo_rtt,0.039,ok
fcc97ee87fca3ef9ce5a8bc4fea02e34975723da,iroh_dial,discovery,cold,0,echo_rtt,0.029,ok
fcc97ee87fca3ef9ce5a8bc4fea02e34975723da,iroh_dial,discovery,cold,0,echo_rtt,0.074,ok
fcc97ee87fca3ef9ce5a8bc4fea02e34975723da,iroh_dial,discovery,cold,0,echo_rtt,0.030,ok
fcc97ee87fca3ef9ce5a8bc4fea02e34975723da,iroh_dial,discovery,cold,0,echo_rtt,0.040,ok
fcc97ee87fca3ef9ce5a8bc4fea02e34975723da,iroh_dial,discovery,cold,0,echo_rtt,0.029,ok
fcc97ee87fca3ef9ce5a8bc4fea02e34975723da,iroh_dial,discovery,cold,0,echo_rtt,0.040,ok
fcc97ee87fca3ef9ce5a8bc4fea02e34975723da,iroh_dial,discovery,cold,0,echo_rtt,0.029,ok
fcc97ee87fca3ef9ce5a8bc4fea02e34975723da,iroh_dial,discovery,cold,0,echo_rtt,0.039,ok
fcc97ee87fca3ef9ce5a8bc4fea02e34975723da,iroh_dial,discovery,cold,0,echo_rtt,0.056,ok
fcc97ee87fca3ef9ce5a8bc4fea02e34975723da,iroh_dial,discovery,cold,0,echo_rtt,0.079,ok
fcc97ee87fca3ef9ce5a8bc4fea02e34975723da,iroh_dial,discovery,cold,0,echo_rtt,0.040,ok
fcc97ee87fca3ef9ce5a8bc4fea02e34975723da,iroh_dial,discovery,cold,0,echo_rtt,0.047,ok
fcc97ee87fca3ef9ce5a8bc4fea02e34975723da,iroh_dial,discovery,cold,0,echo_rtt,0.031,ok
fcc97ee87fca3ef9ce5a8bc4fea02e34975723da,iroh_dial,discovery,cold,0,echo_rtt,0.044,ok
fcc97ee87fca3ef9ce5a8bc4fea02e34975723da,iroh_dial,discovery,cold,0,echo_rtt,0.029,ok
fcc97ee87fca3ef9ce5a8bc4fea02e34975723da,iroh_dial,discovery,cold,0,echo_rtt,0.041,ok
fcc97ee87fca3ef9ce5a8bc4fea02e34975723da,iroh_dial,discovery,cold,0,echo_rtt,0.035,ok
fcc97ee87fca3ef9ce5a8bc4fea02e34975723da,iroh_dial,discovery,cold,0,echo_rtt,0.034,ok
fcc97ee87fca3ef9ce5a8bc4fea02e34975723da,iroh_dial,discovery,cold,0,echo_rtt,0.034,ok
fcc97ee87fca3ef9ce5a8bc4fea02e34975723da,iroh_dial,discovery,cold,0,echo_rtt,0.035,ok
fcc97ee87fca3ef9ce5a8bc4fea02e34975723da,iroh_dial,discovery,cold,0,echo_rtt,0.040,ok
fcc97ee87fca3ef9ce5a8bc4fea02e34975723da,iroh_dial,discovery,cold,0,echo_rtt,0.029,ok
fcc97ee87fca3ef9ce5a8bc4fea02e34975723da,iroh_dial,discovery,cold,0,echo_rtt,0.039,ok
fcc97ee87fca3ef9ce5a8bc4fea02e34975723da,iroh_dial,discovery,cold,0,echo_rtt,0.029,ok
fcc97ee87fca3ef9ce5a8bc4fea02e34975723da,iroh_dial,discovery,cold,0,echo_rtt,0.039,ok
fcc97ee87fca3ef9ce5a8bc4fea02e34975723da,iroh_dial,discovery,cold,0,echo_rtt,0.029,ok
fcc97ee87fca3ef9ce5a8bc4fea02e34975723da,iroh_dial,discovery,cold,0,echo_rtt,0.039,ok
fcc97ee87fca3ef9ce5a8bc4fea02e34975723da,iroh_dial,discovery,cold,0,echo_rtt,0.029,ok
fcc97ee87fca3ef9ce5a8bc4fea02e34975723da,iroh_dial,discovery,cold,0,echo_rtt,0.039,ok
fcc97ee87fca3ef9ce5a8bc4fea02e34975723da,iroh_dial,discovery,cold,0,echo_rtt,0.029,ok
fcc97ee87fca3ef9ce5a8bc4fea02e34975723da,iroh_dial,discovery,cold,0,echo_rtt,0.039,ok
fcc97ee87fca3ef9ce5a8bc4fea02e34975723da,iroh_dial,discovery,cold,0,echo_rtt,0.150,ok
fcc97ee87fca3ef9ce5a8bc4fea02e34975723da,iroh_dial,discovery,cold,0,echo_rtt,0.146,ok
fcc97ee87fca3ef9ce5a8bc4fea02e34975723da,iroh_dial,discovery,cold,0,echo_rtt,0.092,ok
fcc97ee87fca3ef9ce5a8bc4fea02e34975723da,iroh_dial,discovery,cold,0,echo_rtt,0.048,ok
fcc97ee87fca3ef9ce5a8bc4fea02e34975723da,iroh_dial,discovery,cold,0,echo_rtt,0.050,ok
fcc97ee87fca3ef9ce5a8bc4fea02e34975723da,iroh_dial,discovery,cold,0,echo_rtt,0.028,ok
fcc97ee87fca3ef9ce5a8bc4fea02e34975723da,iroh_dial,discovery,cold,0,echo_rtt,0.037,ok
fcc97ee87fca3ef9ce5a8bc4fea02e34975723da,iroh_dial,discovery,cold,0,echo_rtt,0.026,ok
fcc97ee87fca3ef9ce5a8bc4fea02e34975723da,iroh_dial,discovery,cold,0,echo_rtt,0.034,ok
fcc97ee87fca3ef9ce5a8bc4fea02e34975723da,iroh_dial,discovery,cold,0,echo_rtt,0.026,ok
fcc97ee87fca3ef9ce5a8bc4fea02e34975723da,iroh_dial,discovery,cold,0,echo_rtt,0.034,ok
fcc97ee87fca3ef9ce5a8bc4fea02e34975723da,iroh_dial,discovery,cold,0,echo_rtt,0.025,ok
fcc97ee87fca3ef9ce5a8bc4fea02e34975723da,iroh_dial,discovery,cold,0,echo_rtt,0.033,ok
fcc97ee87fca3ef9ce5a8bc4fea02e34975723da,iroh_dial,discovery,cold,0,echo_rtt,0.025,ok
fcc97ee87fca3ef9ce5a8bc4fea02e34975723da,iroh_dial,discovery,cold,0,echo_rtt,0.034,ok
fcc97ee87fca3ef9ce5a8bc4fea02e34975723da,iroh_dial,discovery,cold,0,echo_rtt,0.029,ok
fcc97ee87fca3ef9ce5a8bc4fea02e34975723da,iroh_dial,discovery,cold,0,echo_rtt,0.034,ok
fcc97ee87fca3ef9ce5a8bc4fea02e34975723da,iroh_dial,discovery,cold,0,echo_rtt,0.026,ok
fcc97ee87fca3ef9ce5a8bc4fea02e34975723da,iroh_dial,discovery,cold,0,echo_rtt,0.033,ok
fcc97ee87fca3ef9ce5a8bc4fea02e34975723da,iroh_dial,discovery,cold,0,echo_rtt,0.025,ok
fcc97ee87fca3ef9ce5a8bc4fea02e34975723da,iroh_dial,discovery,cold,0,echo_rtt,0.034,ok
fcc97ee87fca3ef9ce5a8bc4fea02e34975723da,iroh_dial,discovery,cold,0,echo_rtt,0.025,ok
fcc97ee87fca3ef9ce5a8bc4fea02e34975723da,iroh_dial,discovery,cold,0,echo_rtt,0.033,ok
fcc97ee87fca3ef9ce5a8bc4fea02e34975723da,iroh_dial,discovery,cold,0,echo_rtt,0.025,ok
fcc97ee87fca3ef9ce5a8bc4fea02e34975723da,iroh_dial,discovery,cold,0,echo_rtt,0.034,ok
fcc97ee87fca3ef9ce5a8bc4fea02e34975723da,iroh_dial,discovery,cold,0,echo_rtt,0.026,ok
fcc97ee87fca3ef9ce5a8bc4fea02e34975723da,iroh_dial,discovery,cold,0,echo_rtt,0.034,ok
fcc97ee87fca3ef9ce5a8bc4fea02e34975723da,iroh_dial,discovery,cold,0,echo_rtt,0.025,ok
fcc97ee87fca3ef9ce5a8bc4fea02e34975723da,iroh_dial,discovery,cold,0,echo_rtt,0.033,ok
fcc97ee87fca3ef9ce5a8bc4fea02e34975723da,iroh_dial,discovery,cold,0,echo_rtt,0.027,ok
fcc97ee87fca3ef9ce5a8bc4fea02e34975723da,iroh_dial,discovery,cold,0,echo_rtt,0.033,ok
fcc97ee87fca3ef9ce5a8bc4fea02e34975723da,iroh_dial,discovery,cold,0,echo_rtt,0.025,ok
fcc97ee87fca3ef9ce5a8bc4fea02e34975723da,iroh_dial,discovery,cold,0,echo_rtt,0.033,ok
fcc97ee87fca3ef9ce5a8bc4fea02e34975723da,iroh_dial,discovery,cold,0,echo_rtt,0.031,ok
fcc97ee87fca3ef9ce5a8bc4fea02e34975723da,iroh_dial,discovery,cold,0,echo_rtt,0.062,ok
fcc97ee87fca3ef9ce5a8bc4fea02e34975723da,iroh_dial,discovery,cold,0,echo_rtt,0.035,ok
fcc97ee87fca3ef9ce5a8bc4fea02e34975723da,iroh_dial,discovery,cold,0,echo_rtt,0.064,ok
fcc97ee87fca3ef9ce5a8bc4fea02e34975723da,iroh_dial,discovery,cold,0,echo_rtt,0.038,ok
fcc97ee87fca3ef9ce5a8bc4fea02e34975723da,iroh_dial,discovery,cold,0,echo_rtt,0.043,ok
fcc97ee87fca3ef9ce5a8bc4fea02e34975723da,iroh_dial,discovery,cold,0,echo_rtt,0.029,ok
fcc97ee87fca3ef9ce5a8bc4fea02e34975723da,iroh_dial,discovery,cold,0,echo_rtt,0.039,ok
fcc97ee87fca3ef9ce5a8bc4fea02e34975723da,iroh_dial,discovery,cold,0,echo_rtt,0.029,ok
fcc97ee87fca3ef9ce5a8bc4fea02e34975723da,iroh_dial,discovery,cold,0,echo_rtt,0.038,ok
fcc97ee87fca3ef9ce5a8bc4fea02e34975723da,iroh_dial,discovery,cold,0,echo_rtt,0.030,ok
fcc97ee87fca3ef9ce5a8bc4fea02e34975723da,iroh_dial,discovery,cold,0,echo_rtt,0.039,ok
fcc97ee87fca3ef9ce5a8bc4fea02e34975723da,iroh_dial,discovery,cold,0,echo_rtt,0.028,ok
fcc97ee87fca3ef9ce5a8bc4fea02e34975723da,iroh_dial,discovery,cold,0,echo_rtt,0.038,ok
fcc97ee87fca3ef9ce5a8bc4fea02e34975723da,iroh_dial,discovery,cold,0,echo_rtt,0.028,ok
fcc97ee87fca3ef9ce5a8bc4fea02e34975723da,iroh_dial,discovery,cold,0,echo_rtt,0.038,ok
fcc97ee87fca3ef9ce5a8bc4fea02e34975723da,iroh_dial,discovery,cold,0,runtime_start,0.342,ok
fcc97ee87fca3ef9ce5a8bc4fea02e34975723da,iroh_dial,discovery,cold,0,endpoint_bind,1.405,ok
fcc97ee87fca3ef9ce5a8bc4fea02e34975723da,iroh_dial,discovery,cold,0,address_lookup,2.463,ok
fcc97ee87fca3ef9ce5a8bc4fea02e34975723da,iroh_dial,discovery,cold,0,dial_handshake,192.505,ok
fcc97ee87fca3ef9ce5a8bc4fea02e34975723da,iroh_dial,discovery,cold,0,stream_open,83.288,ok
fcc97ee87fca3ef9ce5a8bc4fea02e34975723da,iroh_dial,discovery,cold,0,echo_rtt,0.055,ok
fcc97ee87fca3ef9ce5a8bc4fea02e34975723da,iroh_dial,discovery,cold,0,echo_rtt,0.043,ok
fcc97ee87fca3ef9ce5a8bc4fea02e34975723da,iroh_dial,discovery,cold,0,echo_rtt,0.050,ok
fcc97ee87fca3ef9ce5a8bc4fea02e34975723da,iroh_dial,discovery,cold,0,echo_rtt,0.046,ok
fcc97ee87fca3ef9ce5a8bc4fea02e34975723da,iroh_dial,discovery,cold,0,echo_rtt,0.037,ok
fcc97ee87fca3ef9ce5a8bc4fea02e34975723da,iroh_dial,discovery,cold,0,echo_rtt,0.026,ok
fcc97ee87fca3ef9ce5a8bc4fea02e34975723da,iroh_dial,discovery,cold,0,echo_rtt,0.034,ok
fcc97ee87fca3ef9ce5a8bc4fea02e34975723da,iroh_dial,discovery,cold,0,echo_rtt,0.025,ok
fcc97ee87fca3ef9ce5a8bc4fea02e34975723da,iroh_dial,discovery,cold,0,echo_rtt,0.033,ok
fcc97ee87fca3ef9ce5a8bc4fea02e34975723da,iroh_dial,discovery,cold,0,echo_rtt,0.025,ok
fcc97ee87fca3ef9ce5a8bc4fea02e34975723da,iroh_dial,discovery,cold,0,echo_rtt,0.038,ok
fcc97ee87fca3ef9ce5a8bc4fea02e34975723da,iroh_dial,discovery,cold,0,echo_rtt,0.030,ok
fcc97ee87fca3ef9ce5a8bc4fea02e34975723da,iroh_dial,discovery,cold,0,echo_rtt,0.042,ok
fcc97ee87fca3ef9ce5a8bc4fea02e34975723da,iroh_dial,discovery,cold,0,echo_rtt,0.026,ok
fcc97ee87fca3ef9ce5a8bc4fea02e34975723da,iroh_dial,discovery,cold,0,echo_rtt,0.034,ok
fcc97ee87fca3ef9ce5a8bc4fea02e34975723da,iroh_dial,discovery,cold,0,echo_rtt,0.025,ok
fcc97ee87fca3ef9ce5a8bc4fea02e34975723da,iroh_dial,discovery,cold,0,echo_rtt,0.035,ok
fcc97ee87fca3ef9ce5a8bc4fea02e34975723da,iroh_dial,discovery,cold,0,echo_rtt,0.028,ok
fcc97ee87fca3ef9ce5a8bc4fea02e34975723da,iroh_dial,discovery,cold,0,echo_rtt,0.038,ok
fcc97ee87fca3ef9ce5a8bc4fea02e34975723da,iroh_dial,discovery,cold,0,echo_rtt,0.027,ok
fcc97ee87fca3ef9ce5a8bc4fea02e34975723da,iroh_dial,discovery,cold,0,echo_rtt,0.036,ok
fcc97ee87fca3ef9ce5a8bc4fea02e34975723da,iroh_dial,discovery,cold,0,echo_rtt,0.025,ok
fcc97ee87fca3ef9ce5a8bc4fea02e34975723da,iroh_dial,discovery,cold,0,echo_rtt,0.035,ok
fcc97ee87fca3ef9ce5a8bc4fea02e34975723da,iroh_dial,discovery,cold,0,echo_rtt,0.026,ok
fcc97ee87fca3ef9ce5a8bc4fea02e34975723da,iroh_dial,discovery,cold,0,echo_rtt,0.035,ok
fcc97ee87fca3ef9ce5a8bc4fea02e34975723da,iroh_dial,discovery,cold,0,echo_rtt,0.026,ok
fcc97ee87fca3ef9ce5a8bc4fea02e34975723da,iroh_dial,discovery,cold,0,echo_rtt,0.035,ok
fcc97ee87fca3ef9ce5a8bc4fea02e34975723da,iroh_dial,discovery,cold,0,echo_rtt,0.025,ok
fcc97ee87fca3ef9ce5a8bc4fea02e34975723da,iroh_dial,discovery,cold,0,echo_rtt,0.035,ok
fcc97ee87fca3ef9ce5a8bc4fea02e34975723da,iroh_dial,discovery,cold,0,echo_rtt,0.026,ok
fcc97ee87fca3ef9ce5a8bc4fea02e34975723da,iroh_dial,discovery,cold,0,echo_rtt,0.035,ok
fcc97ee87fca3ef9ce5a8bc4fea02e34975723da,iroh_dial,discovery,cold,0,echo_rtt,0.032,ok
fcc97ee87fca3ef9ce5a8bc4fea02e34975723da,iroh_dial,discovery,cold,0,echo_rtt,0.036,ok
fcc97ee87fca3ef9ce5a8bc4fea02e34975723da,iroh_dial,discovery,cold,0,echo_rtt,0.029,ok
fcc97ee87fca3ef9ce5a8bc4fea02e34975723da,iroh_dial,discovery,cold,0,echo_rtt,0.035,ok
fcc97ee87fca3ef9ce5a8bc4fea02e34975723da,iroh_dial,discovery,cold,0,echo_rtt,0.038,ok
fcc97ee87fca3ef9ce5a8bc4fea02e34975723da,iroh_dial,discovery,cold,0,echo_rtt,0.036,ok
fcc97ee87fca3ef9ce5a8bc4fea02e34975723da,iroh_dial,discovery,cold,0,echo_rtt,0.027,ok
fcc97ee87fca3ef9ce5a8bc4fea02e34975723da,iroh_dial,discovery,cold,0,echo_rtt,0.043,ok
fcc97ee87fca3ef9ce5a8bc4fea02e34975723da,iroh_dial,discovery,cold,0,echo_rtt,0.054,ok
fcc97ee87fca3ef9ce5a8bc4fea02e34975723da,iroh_dial,discovery,cold,0,echo_rtt,0.045,ok
fcc97ee87fca3ef9ce5a8bc4fea02e34975723da,iroh_dial,discovery,cold,0,echo_rtt,0.030,ok
fcc97ee87fca3ef9ce5a8bc4fea02e34975723da,iroh_dial,discovery,cold,0,echo_rtt,0.043,ok
fcc97ee87fca3ef9ce5a8bc4fea02e34975723da,iroh_dial,discovery,cold,0,echo_rtt,0.031,ok
fcc97ee87fca3ef9ce5a8bc4fea02e34975723da,iroh_dial,discovery,cold,0,echo_rtt,0.041,ok
fcc97ee87fca3ef9ce5a8bc4fea02e34975723da,iroh_dial,discovery,cold,0,echo_rtt,0.060,ok
fcc97ee87fca3ef9ce5a8bc4fea02e34975723da,iroh_dial,discovery,cold,0,echo_rtt,0.146,ok
fcc97ee87fca3ef9ce5a8bc4fea02e34975723da,iroh_dial,discovery,cold,0,echo_rtt,0.140,ok
fcc97ee87fca3ef9ce5a8bc4fea02e34975723da,iroh_dial,discovery,cold,0,echo_rtt,0.075,ok
fcc97ee87fca3ef9ce5a8bc4fea02e34975723da,iroh_dial,discovery,cold,0,echo_rtt,0.057,ok
fcc97ee87fca3ef9ce5a8bc4fea02e34975723da,iroh_dial,discovery,cold,0,echo_rtt,0.043,ok
fcc97ee87fca3ef9ce5a8bc4fea02e34975723da,iroh_dial,discovery,cold,0,echo_rtt,0.036,ok
fcc97ee87fca3ef9ce5a8bc4fea02e34975723da,iroh_dial,discovery,cold,0,echo_rtt,0.036,ok
fcc97ee87fca3ef9ce5a8bc4fea02e34975723da,iroh_dial,discovery,cold,0,echo_rtt,0.034,ok
fcc97ee87fca3ef9ce5a8bc4fea02e34975723da,iroh_dial,discovery,cold,0,echo_rtt,0.036,ok
fcc97ee87fca3ef9ce5a8bc4fea02e34975723da,iroh_dial,discovery,cold,0,echo_rtt,0.034,ok
fcc97ee87fca3ef9ce5a8bc4fea02e34975723da,iroh_dial,discovery,cold,0,echo_rtt,0.035,ok
fcc97ee87fca3ef9ce5a8bc4fea02e34975723da,iroh_dial,discovery,cold,0,echo_rtt,0.033,ok
fcc97ee87fca3ef9ce5a8bc4fea02e34975723da,iroh_dial,discovery,cold,0,echo_rtt,0.035,ok
fcc97ee87fca3ef9ce5a8bc4fea02e34975723da,iroh_dial,discovery,cold,0,echo_rtt,0.033,ok
fcc97ee87fca3ef9ce5a8bc4fea02e34975723da,iroh_dial,discovery,cold,0,echo_rtt,0.035,ok
fcc97ee87fca3ef9ce5a8bc4fea02e34975723da,iroh_dial,discovery,cold,0,echo_rtt,0.033,ok
fcc97ee87fca3ef9ce5a8bc4fea02e34975723da,iroh_dial,discovery,cold,0,echo_rtt,0.035,ok
fcc97ee87fca3ef9ce5a8bc4fea02e34975723da,iroh_dial,discovery,cold,0,echo_rtt,0.034,ok
fcc97ee87fca3ef9ce5a8bc4fea02e34975723da,iroh_dial,discovery,cold,0,echo_rtt,0.036,ok
fcc97ee87fca3ef9ce5a8bc4fea02e34975723da,iroh_dial,discovery,cold,0,echo_rtt,0.033,ok
fcc97ee87fca3ef9ce5a8bc4fea02e34975723da,iroh_dial,discovery,cold,0,echo_rtt,0.036,ok
fcc97ee87fca3ef9ce5a8bc4fea02e34975723da,iroh_dial,discovery,cold,0,echo_rtt,0.033,ok
fcc97ee87fca3ef9ce5a8bc4fea02e34975723da,iroh_dial,discovery,cold,0,echo_rtt,0.035,ok
fcc97ee87fca3ef9ce5a8bc4fea02e34975723da,iroh_dial,discovery,cold,0,echo_rtt,0.034,ok
fcc97ee87fca3ef9ce5a8bc4fea02e34975723da,iroh_dial,discovery,cold,0,echo_rtt,0.035,ok
fcc97ee87fca3ef9ce5a8bc4fea02e34975723da,iroh_dial,discovery,cold,0,echo_rtt,0.033,ok
fcc97ee87fca3ef9ce5a8bc4fea02e34975723da,iroh_dial,discovery,cold,0,echo_rtt,0.035,ok
fcc97ee87fca3ef9ce5a8bc4fea02e34975723da,iroh_dial,discovery,cold,0,echo_rtt,0.033,ok
fcc97ee87fca3ef9ce5a8bc4fea02e34975723da,iroh_dial,discovery,cold,0,echo_rtt,0.035,ok
fcc97ee87fca3ef9ce5a8bc4fea02e34975723da,iroh_dial,discovery,cold,0,echo_rtt,0.033,ok
fcc97ee87fca3ef9ce5a8bc4fea02e34975723da,iroh_dial,discovery,cold,0,echo_rtt,0.035,ok
fcc97ee87fca3ef9ce5a8bc4fea02e34975723da,iroh_dial,discovery,cold,0,echo_rtt,0.039,ok
fcc97ee87fca3ef9ce5a8bc4fea02e34975723da,iroh_dial,discovery,cold,0,echo_rtt,0.033,ok
fcc97ee87fca3ef9ce5a8bc4fea02e34975723da,iroh_dial,discovery,cold,0,echo_rtt,0.044,ok
fcc97ee87fca3ef9ce5a8bc4fea02e34975723da,iroh_dial,discovery,cold,0,echo_rtt,0.029,ok
fcc97ee87fca3ef9ce5a8bc4fea02e34975723da,iroh_dial,discovery,cold,0,echo_rtt,0.039,ok
fcc97ee87fca3ef9ce5a8bc4fea02e34975723da,iroh_dial,discovery,cold,0,echo_rtt,0.028,ok
fcc97ee87fca3ef9ce5a8bc4fea02e34975723da,iroh_dial,discovery,cold,0,echo_rtt,0.043,ok
fcc97ee87fca3ef9ce5a8bc4fea02e34975723da,iroh_dial,discovery,cold,0,echo_rtt,0.028,ok
fcc97ee87fca3ef9ce5a8bc4fea02e34975723da,iroh_dial,discovery,cold,0,echo_rtt,0.037,ok
fcc97ee87fca3ef9ce5a8bc4fea02e34975723da,iroh_dial,discovery,cold,0,echo_rtt,0.027,ok
fcc97ee87fca3ef9ce5a8bc4fea02e34975723da,iroh_dial,discovery,cold,0,echo_rtt,0.037,ok
fcc97ee87fca3ef9ce5a8bc4fea02e34975723da,iroh_dial,discovery,cold,0,echo_rtt,0.027,ok
fcc97ee87fca3ef9ce5a8bc4fea02e34975723da,iroh_dial,discovery,cold,0,echo_rtt,0.037,ok
fcc97ee87fca3ef9ce5a8bc4fea02e34975723da,iroh_dial,discovery,cold,0,echo_rtt,0.035,ok
fcc97ee87fca3ef9ce5a8bc4fea02e34975723da,iroh_dial,discovery,cold,0,echo_rtt,0.044,ok
fcc97ee87fca3ef9ce5a8bc4fea02e34975723da,iroh_dial,discovery,cold,0,echo_rtt,0.029,ok
fcc97ee87fca3ef9ce5a8bc4fea02e34975723da,iroh_dial,discovery,cold,0,echo_rtt,0.040,ok
fcc97ee87fca3ef9ce5a8bc4fea02e34975723da,iroh_dial,discovery,cold,0,echo_rtt,0.029,ok
fcc97ee87fca3ef9ce5a8bc4fea02e34975723da,iroh_dial,discovery,cold,0,echo_rtt,0.039,ok
fcc97ee87fca3ef9ce5a8bc4fea02e34975723da,iroh_dial,discovery,cold,0,echo_rtt,0.028,ok
fcc97ee87fca3ef9ce5a8bc4fea02e34975723da,iroh_dial,discovery,cold,0,echo_rtt,0.040,ok
fcc97ee87fca3ef9ce5a8bc4fea02e34975723da,iroh_dial,discovery,cold,0,echo_rtt,0.028,ok
fcc97ee87fca3ef9ce5a8bc4fea02e34975723da,iroh_dial,discovery,cold,0,echo_rtt,0.039,ok
fcc97ee87fca3ef9ce5a8bc4fea02e34975723da,iroh_dial,discovery,cold,0,runtime_start,0.376,ok
fcc97ee87fca3ef9ce5a8bc4fea02e34975723da,iroh_dial,discovery,cold,0,endpoint_bind,1.558,ok
fcc97ee87fca3ef9ce5a8bc4fea02e34975723da,iroh_dial,discovery,cold,0,address_lookup,2.361,ok
fcc97ee87fca3ef9ce5a8bc4fea02e34975723da,iroh_dial,discovery,cold,0,dial_handshake,190.941,ok
fcc97ee87fca3ef9ce5a8bc4fea02e34975723da,iroh_dial,discovery,cold,0,stream_open,83.174,ok
fcc97ee87fca3ef9ce5a8bc4fea02e34975723da,iroh_dial,discovery,cold,0,echo_rtt,0.038,ok
fcc97ee87fca3ef9ce5a8bc4fea02e34975723da,iroh_dial,discovery,cold,0,echo_rtt,0.043,ok
fcc97ee87fca3ef9ce5a8bc4fea02e34975723da,iroh_dial,discovery,cold,0,echo_rtt,0.030,ok
fcc97ee87fca3ef9ce5a8bc4fea02e34975723da,iroh_dial,discovery,cold,0,echo_rtt,0.040,ok
fcc97ee87fca3ef9ce5a8bc4fea02e34975723da,iroh_dial,discovery,cold,0,echo_rtt,0.032,ok
fcc97ee87fca3ef9ce5a8bc4fea02e34975723da,iroh_dial,discovery,cold,0,echo_rtt,0.053,ok
fcc97ee87fca3ef9ce5a8bc4fea02e34975723da,iroh_dial,discovery,cold,0,echo_rtt,0.036,ok
fcc97ee87fca3ef9ce5a8bc4fea02e34975723da,iroh_dial,discovery,cold,0,echo_rtt,0.046,ok
fcc97ee87fca3ef9ce5a8bc4fea02e34975723da,iroh_dial,discovery,cold,0,echo_rtt,0.034,ok
fcc97ee87fca3ef9ce5a8bc4fea02e34975723da,iroh_dial,discovery,cold,0,echo_rtt,0.041,ok
fcc97ee87fca3ef9ce5a8bc4fea02e34975723da,iroh_dial,discovery,cold,0,echo_rtt,0.029,ok
fcc97ee87fca3ef9ce5a8bc4fea02e34975723da,iroh_dial,discovery,cold,0,echo_rtt,0.040,ok
fcc97ee87fca3ef9ce5a8bc4fea02e34975723da,iroh_dial,discovery,cold,0,echo_rtt,0.028,ok
fcc97ee87fca3ef9ce5a8bc4fea02e34975723da,iroh_dial,discovery,cold,0,echo_rtt,0.036,ok
fcc97ee87fca3ef9ce5a8bc4fea02e34975723da,iroh_dial,discovery,cold,0,echo_rtt,0.028,ok
fcc97ee87fca3ef9ce5a8bc4fea02e34975723da,iroh_dial,discovery,cold,0,echo_rtt,0.039,ok
fcc97ee87fca3ef9ce5a8bc4fea02e34975723da,iroh_dial,discovery,cold,0,echo_rtt,0.029,ok
fcc97ee87fca3ef9ce5a8bc4fea02e34975723da,iroh_dial,discovery,cold,0,echo_rtt,0.037,ok
fcc97ee87fca3ef9ce5a8bc4fea02e34975723da,iroh_dial,discovery,cold,0,echo_rtt,0.028,ok
fcc97ee87fca3ef9ce5a8bc4fea02e34975723da,iroh_dial,discovery,cold,0,echo_rtt,0.037,ok
fcc97ee87fca3ef9ce5a8bc4fea02e34975723da,iroh_dial,discovery,cold,0,echo_rtt,0.028,ok
fcc97ee87fca3ef9ce5a8bc4fea02e34975723da,iroh_dial,discovery,cold,0,echo_rtt,0.037,ok
fcc97ee87fca3ef9ce5a8bc4fea02e34975723da,iroh_dial,discovery,cold,0,echo_rtt,0.028,ok
fcc97ee87fca3ef9ce5a8bc4fea02e34975723da,iroh_dial,discovery,cold,0,echo_rtt,0.038,ok
fcc97ee87fca3ef9ce5a8bc4fea02e34975723da,iroh_dial,discovery,cold,0,echo_rtt,0.028,ok
fcc97ee87fca3ef9ce5a8bc4fea02e34975723da,iroh_dial,discovery,cold,0,echo_rtt,0.038,ok
fcc97ee87fca3ef9ce5a8bc4fea02e34975723da,iroh_dial,discovery,cold,0,echo_rtt,0.028,ok
fcc97ee87fca3ef9ce5a8bc4fea02e34975723da,iroh_dial,discovery,cold,0,echo_rtt,0.036,ok
fcc97ee87fca3ef9ce5a8bc4fea02e34975723da,iroh_dial,discovery,cold,0,echo_rtt,0.028,ok
fcc97ee87fca3ef9ce5a8bc4fea02e34975723da,iroh_dial,discovery,cold,0,echo_rtt,0.037,ok
fcc97ee87fca3ef9ce5a8bc4fea02e34975723da,iroh_dial,discovery,cold,0,echo_rtt,0.028,ok
fcc97ee87fca3ef9ce5a8bc4fea02e34975723da,iroh_dial,discovery,cold,0,echo_rtt,0.037,ok
fcc97ee87fca3ef9ce5a8bc4fea02e34975723da,iroh_dial,discovery,cold,0,echo_rtt,0.028,ok
fcc97ee87fca3ef9ce5a8bc4fea02e34975723da,iroh_dial,discovery,cold,0,echo_rtt,0.038,ok
fcc97ee87fca3ef9ce5a8bc4fea02e34975723da,iroh_dial,discovery,cold,0,echo_rtt,0.030,ok
fcc97ee87fca3ef9ce5a8bc4fea02e34975723da,iroh_dial,discovery,cold,0,echo_rtt,0.037,ok
fcc97ee87fca3ef9ce5a8bc4fea02e34975723da,iroh_dial,discovery,cold,0,echo_rtt,0.027,ok
fcc97ee87fca3ef9ce5a8bc4fea02e34975723da,iroh_dial,discovery,cold,0,echo_rtt,0.038,ok
fcc97ee87fca3ef9ce5a8bc4fea02e34975723da,iroh_dial,discovery,cold,0,echo_rtt,0.028,ok
fcc97ee87fca3ef9ce5a8bc4fea02e34975723da,iroh_dial,discovery,cold,0,echo_rtt,0.036,ok
fcc97ee87fca3ef9ce5a8bc4fea02e34975723da,iroh_dial,discovery,cold,0,echo_rtt,0.040,ok
fcc97ee87fca3ef9ce5a8bc4fea02e34975723da,iroh_dial,discovery,cold,0,echo_rtt,0.035,ok
fcc97ee87fca3ef9ce5a8bc4fea02e34975723da,iroh_dial,discovery,cold,0,echo_rtt,0.025,ok
fcc97ee87fca3ef9ce5a8bc4fea02e34975723da,iroh_dial,discovery,cold,0,echo_rtt,0.033,ok
fcc97ee87fca3ef9ce5a8bc4fea02e34975723da,iroh_dial,discovery,cold,0,echo_rtt,0.026,ok
fcc97ee87fca3ef9ce5a8bc4fea02e34975723da,iroh_dial,discovery,cold,0,echo_rtt,0.045,ok
fcc97ee87fca3ef9ce5a8bc4fea02e34975723da,iroh_dial,discovery,cold,0,echo_rtt,0.025,ok
fcc97ee87fca3ef9ce5a8bc4fea02e34975723da,iroh_dial,discovery,cold,0,echo_rtt,0.037,ok
fcc97ee87fca3ef9ce5a8bc4fea02e34975723da,iroh_dial,discovery,cold,0,echo_rtt,0.027,ok
fcc97ee87fca3ef9ce5a8bc4fea02e34975723da,iroh_dial,discovery,cold,0,echo_rtt,0.036,ok
fcc97ee87fca3ef9ce5a8bc4fea02e34975723da,iroh_dial,discovery,cold,0,echo_rtt,0.025,ok
fcc97ee87fca3ef9ce5a8bc4fea02e34975723da,iroh_dial,discovery,cold,0,echo_rtt,0.036,ok
fcc97ee87fca3ef9ce5a8bc4fea02e34975723da,iroh_dial,discovery,cold,0,echo_rtt,0.027,ok
fcc97ee87fca3ef9ce5a8bc4fea02e34975723da,iroh_dial,discovery,cold,0,echo_rtt,0.033,ok
fcc97ee87fca3ef9ce5a8bc4fea02e34975723da,iroh_dial,discovery,cold,0,echo_rtt,0.025,ok
fcc97ee87fca3ef9ce5a8bc4fea02e34975723da,iroh_dial,discovery,cold,0,echo_rtt,0.033,ok
fcc97ee87fca3ef9ce5a8bc4fea02e34975723da,iroh_dial,discovery,cold,0,echo_rtt,0.025,ok
fcc97ee87fca3ef9ce5a8bc4fea02e34975723da,iroh_dial,discovery,cold,0,echo_rtt,0.033,ok
fcc97ee87fca3ef9ce5a8bc4fea02e34975723da,iroh_dial,discovery,cold,0,echo_rtt,0.025,ok
fcc97ee87fca3ef9ce5a8bc4fea02e34975723da,iroh_dial,discovery,cold,0,echo_rtt,0.033,ok
fcc97ee87fca3ef9ce5a8bc4fea02e34975723da,iroh_dial,discovery,cold,0,echo_rtt,0.025,ok
fcc97ee87fca3ef9ce5a8bc4fea02e34975723da,iroh_dial,discovery,cold,0,echo_rtt,0.034,ok
fcc97ee87fca3ef9ce5a8bc4fea02e34975723da,iroh_dial,discovery,cold,0,echo_rtt,0.044,ok
fcc97ee87fca3ef9ce5a8bc4fea02e34975723da,iroh_dial,discovery,cold,0,echo_rtt,0.117,ok
fcc97ee87fca3ef9ce5a8bc4fea02e34975723da,iroh_dial,discovery,cold,0,echo_rtt,0.083,ok
fcc97ee87fca3ef9ce5a8bc4fea02e34975723da,iroh_dial,discovery,cold,0,echo_rtt,0.116,ok
fcc97ee87fca3ef9ce5a8bc4fea02e34975723da,iroh_dial,discovery,cold,0,echo_rtt,0.037,ok
fcc97ee87fca3ef9ce5a8bc4fea02e34975723da,iroh_dial,discovery,cold,0,echo_rtt,0.039,ok
fcc97ee87fca3ef9ce5a8bc4fea02e34975723da,iroh_dial,discovery,cold,0,echo_rtt,0.033,ok
fcc97ee87fca3ef9ce5a8bc4fea02e34975723da,iroh_dial,discovery,cold,0,echo_rtt,0.036,ok
fcc97ee87fca3ef9ce5a8bc4fea02e34975723da,iroh_dial,discovery,cold,0,echo_rtt,0.035,ok
fcc97ee87fca3ef9ce5a8bc4fea02e34975723da,iroh_dial,discovery,cold,0,echo_rtt,0.034,ok
fcc97ee87fca3ef9ce5a8bc4fea02e34975723da,iroh_dial,discovery,cold,0,echo_rtt,0.040,ok
fcc97ee87fca3ef9ce5a8bc4fea02e34975723da,iroh_dial,discovery,cold,0,echo_rtt,0.034,ok
fcc97ee87fca3ef9ce5a8bc4fea02e34975723da,iroh_dial,discovery,cold,0,echo_rtt,0.033,ok
fcc97ee87fca3ef9ce5a8bc4fea02e34975723da,iroh_dial,discovery,cold,0,echo_rtt,0.032,ok
fcc97ee87fca3ef9ce5a8bc4fea02e34975723da,iroh_dial,discovery,cold,0,echo_rtt,0.033,ok
fcc97ee87fca3ef9ce5a8bc4fea02e34975723da,iroh_dial,discovery,cold,0,echo_rtt,0.034,ok
fcc97ee87fca3ef9ce5a8bc4fea02e34975723da,iroh_dial,discovery,cold,0,echo_rtt,0.033,ok
fcc97ee87fca3ef9ce5a8bc4fea02e34975723da,iroh_dial,discovery,cold,0,echo_rtt,0.033,ok
fcc97ee87fca3ef9ce5a8bc4fea02e34975723da,iroh_dial,discovery,cold,0,echo_rtt,0.033,ok
fcc97ee87fca3ef9ce5a8bc4fea02e34975723da,iroh_dial,discovery,cold,0,echo_rtt,0.039,ok
fcc97ee87fca3ef9ce5a8bc4fea02e34975723da,iroh_dial,discovery,cold,0,echo_rtt,0.029,ok
fcc97ee87fca3ef9ce5a8bc4fea02e34975723da,iroh_dial,discovery,cold,0,echo_rtt,0.038,ok
fcc97ee87fca3ef9ce5a8bc4fea02e34975723da,iroh_dial,discovery,cold,0,echo_rtt,0.028,ok
fcc97ee87fca3ef9ce5a8bc4fea02e34975723da,iroh_dial,discovery,cold,0,echo_rtt,0.038,ok
fcc97ee87fca3ef9ce5a8bc4fea02e34975723da,iroh_dial,discovery,cold,0,echo_rtt,0.033,ok
fcc97ee87fca3ef9ce5a8bc4fea02e34975723da,iroh_dial,discovery,cold,0,echo_rtt,0.039,ok
fcc97ee87fca3ef9ce5a8bc4fea02e34975723da,iroh_dial,discovery,cold,0,echo_rtt,0.028,ok
fcc97ee87fca3ef9ce5a8bc4fea02e34975723da,iroh_dial,discovery,cold,0,echo_rtt,0.039,ok
fcc97ee87fca3ef9ce5a8bc4fea02e34975723da,iroh_dial,discovery,cold,0,echo_rtt,0.029,ok
fcc97ee87fca3ef9ce5a8bc4fea02e34975723da,iroh_dial,discovery,cold,0,echo_rtt,0.038,ok
fcc97ee87fca3ef9ce5a8bc4fea02e34975723da,iroh_dial,discovery,cold,0,echo_rtt,0.028,ok
fcc97ee87fca3ef9ce5a8bc4fea02e34975723da,iroh_dial,discovery,cold,0,echo_rtt,0.034,ok
fcc97ee87fca3ef9ce5a8bc4fea02e34975723da,iroh_dial,discovery,cold,0,echo_rtt,0.026,ok
fcc97ee87fca3ef9ce5a8bc4fea02e34975723da,iroh_dial,discovery,cold,0,echo_rtt,0.037,ok
fcc97ee87fca3ef9ce5a8bc4fea02e34975723da,iroh_dial,discovery,cold,0,echo_rtt,0.026,ok
fcc97ee87fca3ef9ce5a8bc4fea02e34975723da,iroh_dial,discovery,cold,0,echo_rtt,0.036,ok
fcc97ee87fca3ef9ce5a8bc4fea02e34975723da,iroh_dial,discovery,cold,0,echo_rtt,0.026,ok
fcc97ee87fca3ef9ce5a8bc4fea02e34975723da,iroh_dial,discovery,cold,0,echo_rtt,0.036,ok
fcc97ee87fca3ef9ce5a8bc4fea02e34975723da,iroh_dial,discovery,cold,0,runtime_start,0.386,ok
fcc97ee87fca3ef9ce5a8bc4fea02e34975723da,iroh_dial,discovery,cold,0,endpoint_bind,1.412,ok
fcc97ee87fca3ef9ce5a8bc4fea02e34975723da,iroh_dial,discovery,cold,0,address_lookup,1.708,ok
fcc97ee87fca3ef9ce5a8bc4fea02e34975723da,iroh_dial,discovery,cold,0,dial_handshake,201.276,ok
fcc97ee87fca3ef9ce5a8bc4fea02e34975723da,iroh_dial,discovery,cold,0,stream_open,85.688,ok
fcc97ee87fca3ef9ce5a8bc4fea02e34975723da,iroh_dial,discovery,cold,0,echo_rtt,0.040,ok
fcc97ee87fca3ef9ce5a8bc4fea02e34975723da,iroh_dial,discovery,cold,0,echo_rtt,0.043,ok
fcc97ee87fca3ef9ce5a8bc4fea02e34975723da,iroh_dial,discovery,cold,0,echo_rtt,0.027,ok
fcc97ee87fca3ef9ce5a8bc4fea02e34975723da,iroh_dial,discovery,cold,0,echo_rtt,0.037,ok
fcc97ee87fca3ef9ce5a8bc4fea02e34975723da,iroh_dial,discovery,cold,0,echo_rtt,0.027,ok
fcc97ee87fca3ef9ce5a8bc4fea02e34975723da,iroh_dial,discovery,cold,0,echo_rtt,0.041,ok
fcc97ee87fca3ef9ce5a8bc4fea02e34975723da,iroh_dial,discovery,cold,0,echo_rtt,0.030,ok
fcc97ee87fca3ef9ce5a8bc4fea02e34975723da,iroh_dial,discovery,cold,0,echo_rtt,0.041,ok
fcc97ee87fca3ef9ce5a8bc4fea02e34975723da,iroh_dial,discovery,cold,0,echo_rtt,0.029,ok
fcc97ee87fca3ef9ce5a8bc4fea02e34975723da,iroh_dial,discovery,cold,0,echo_rtt,0.039,ok
fcc97ee87fca3ef9ce5a8bc4fea02e34975723da,iroh_dial,discovery,cold,0,echo_rtt,0.029,ok
fcc97ee87fca3ef9ce5a8bc4fea02e34975723da,iroh_dial,discovery,cold,0,echo_rtt,0.039,ok
fcc97ee87fca3ef9ce5a8bc4fea02e34975723da,iroh_dial,discovery,cold,0,echo_rtt,0.029,ok
fcc97ee87fca3ef9ce5a8bc4fea02e34975723da,iroh_dial,discovery,cold,0,echo_rtt,0.039,ok
fcc97ee87fca3ef9ce5a8bc4fea02e34975723da,iroh_dial,discovery,cold,0,echo_rtt,0.029,ok
fcc97ee87fca3ef9ce5a8bc4fea02e34975723da,iroh_dial,discovery,cold,0,echo_rtt,0.039,ok
fcc97ee87fca3ef9ce5a8bc4fea02e34975723da,iroh_dial,discovery,cold,0,echo_rtt,0.034,ok
fcc97ee87fca3ef9ce5a8bc4fea02e34975723da,iroh_dial,discovery,cold,0,echo_rtt,0.034,ok
fcc97ee87fca3ef9ce5a8bc4fea02e34975723da,iroh_dial,discovery,cold,0,echo_rtt,0.034,ok
fcc97ee87fca3ef9ce5a8bc4fea02e34975723da,iroh_dial,discovery,cold,0,echo_rtt,0.034,ok
fcc97ee87fca3ef9ce5a8bc4fea02e34975723da,iroh_dial,discovery,cold,0,echo_rtt,0.034,ok
fcc97ee87fca3ef9ce5a8bc4fea02e34975723da,iroh_dial,discovery,cold,0,echo_rtt,0.034,ok
fcc97ee87fca3ef9ce5a8bc4fea02e34975723da,iroh_dial,discovery,cold,0,echo_rtt,0.033,ok
fcc97ee87fca3ef9ce5a8bc4fea02e34975723da,iroh_dial,discovery,cold,0,echo_rtt,0.034,ok
fcc97ee87fca3ef9ce5a8bc4fea02e34975723da,iroh_dial,discovery,cold,0,echo_rtt,0.033,ok
fcc97ee87fca3ef9ce5a8bc4fea02e34975723da,iroh_dial,discovery,cold,0,echo_rtt,0.036,ok
fcc97ee87fca3ef9ce5a8bc4fea02e34975723da,iroh_dial,discovery,cold,0,echo_rtt,0.034,ok
fcc97ee87fca3ef9ce5a8bc4fea02e34975723da,iroh_dial,discovery,cold,0,echo_rtt,0.034,ok
fcc97ee87fca3ef9ce5a8bc4fea02e34975723da,iroh_dial,discovery,cold,0,echo_rtt,0.033,ok
fcc97ee87fca3ef9ce5a8bc4fea02e34975723da,iroh_dial,discovery,cold,0,echo_rtt,0.034,ok
fcc97ee87fca3ef9ce5a8bc4fea02e34975723da,iroh_dial,discovery,cold,0,echo_rtt,0.034,ok
fcc97ee87fca3ef9ce5a8bc4fea02e34975723da,iroh_dial,discovery,cold,0,echo_rtt,0.035,ok
fcc97ee87fca3ef9ce5a8bc4fea02e34975723da,iroh_dial,discovery,cold,0,echo_rtt,0.033,ok
fcc97ee87fca3ef9ce5a8bc4fea02e34975723da,iroh_dial,discovery,cold,0,echo_rtt,0.035,ok
fcc97ee87fca3ef9ce5a8bc4fea02e34975723da,iroh_dial,discovery,cold,0,echo_rtt,0.033,ok
fcc97ee87fca3ef9ce5a8bc4fea02e34975723da,iroh_dial,discovery,cold,0,echo_rtt,0.025,ok
fcc97ee87fca3ef9ce5a8bc4fea02e34975723da,iroh_dial,discovery,cold,0,echo_rtt,0.034,ok
fcc97ee87fca3ef9ce5a8bc4fea02e34975723da,iroh_dial,discovery,cold,0,echo_rtt,0.025,ok
fcc97ee87fca3ef9ce5a8bc4fea02e34975723da,iroh_dial,discovery,cold,0,echo_rtt,0.033,ok
fcc97ee87fca3ef9ce5a8bc4fea02e34975723da,iroh_dial,discovery,cold,0,echo_rtt,0.025,ok
fcc97ee87fca3ef9ce5a8bc4fea02e34975723da,iroh_dial,discovery,cold,0,echo_rtt,0.033,ok
fcc97ee87fca3ef9ce5a8bc4fea02e34975723da,iroh_dial,discovery,cold,0,echo_rtt,0.025,ok
fcc97ee87fca3ef9ce5a8bc4fea02e34975723da,iroh_dial,discovery,cold,0,echo_rtt,0.033,ok
fcc97ee87fca3ef9ce5a8bc4fea02e34975723da,iroh_dial,discovery,cold,0,echo_rtt,0.024,ok
fcc97ee87fca3ef9ce5a8bc4fea02e34975723da,iroh_dial,discovery,cold,0,echo_rtt,0.033,ok
fcc97ee87fca3ef9ce5a8bc4fea02e34975723da,iroh_dial,discovery,cold,0,echo_rtt,0.025,ok
fcc97ee87fca3ef9ce5a8bc4fea02e34975723da,iroh_dial,discovery,cold,0,echo_rtt,0.033,ok
fcc97ee87fca3ef9ce5a8bc4fea02e34975723da,iroh_dial,discovery,cold,0,echo_rtt,0.024,ok
fcc97ee87fca3ef9ce5a8bc4fea02e34975723da,iroh_dial,discovery,cold,0,echo_rtt,0.033,ok
fcc97ee87fca3ef9ce5a8bc4fea02e34975723da,iroh_dial,discovery,cold,0,echo_rtt,0.025,ok
fcc97ee87fca3ef9ce5a8bc4fea02e34975723da,iroh_dial,discovery,cold,0,echo_rtt,0.033,ok
fcc97ee87fca3ef9ce5a8bc4fea02e34975723da,iroh_dial,discovery,cold,0,echo_rtt,0.025,ok
fcc97ee87fca3ef9ce5a8bc4fea02e34975723da,iroh_dial,discovery,cold,0,echo_rtt,0.033,ok
fcc97ee87fca3ef9ce5a8bc4fea02e34975723da,iroh_dial,discovery,cold,0,echo_rtt,0.025,ok
fcc97ee87fca3ef9ce5a8bc4fea02e34975723da,iroh_dial,discovery,cold,0,echo_rtt,0.033,ok
fcc97ee87fca3ef9ce5a8bc4fea02e34975723da,iroh_dial,discovery,cold,0,echo_rtt,0.024,ok
fcc97ee87fca3ef9ce5a8bc4fea02e34975723da,iroh_dial,discovery,cold,0,echo_rtt,0.033,ok
fcc97ee87fca3ef9ce5a8bc4fea02e34975723da,iroh_dial,discovery,cold,0,echo_rtt,0.026,ok
fcc97ee87fca3ef9ce5a8bc4fea02e34975723da,iroh_dial,discovery,cold,0,echo_rtt,0.033,ok
fcc97ee87fca3ef9ce5a8bc4fea02e34975723da,iroh_dial,discovery,cold,0,echo_rtt,0.024,ok
fcc97ee87fca3ef9ce5a8bc4fea02e34975723da,iroh_dial,discovery,cold,0,echo_rtt,0.033,ok
fcc97ee87fca3ef9ce5a8bc4fea02e34975723da,iroh_dial,discovery,cold,0,echo_rtt,0.025,ok
fcc97ee87fca3ef9ce5a8bc4fea02e34975723da,iroh_dial,discovery,cold,0,echo_rtt,0.033,ok
fcc97ee87fca3ef9ce5a8bc4fea02e34975723da,iroh_dial,discovery,cold,0,echo_rtt,0.025,ok
fcc97ee87fca3ef9ce5a8bc4fea02e34975723da,iroh_dial,discovery,cold,0,echo_rtt,0.033,ok
fcc97ee87fca3ef9ce5a8bc4fea02e34975723da,iroh_dial,discovery,cold,0,echo_rtt,0.025,ok
fcc97ee87fca3ef9ce5a8bc4fea02e34975723da,iroh_dial,discovery,cold,0,echo_rtt,0.033,ok
fcc97ee87fca3ef9ce5a8bc4fea02e34975723da,iroh_dial,discovery,cold,0,echo_rtt,0.025,ok
fcc97ee87fca3ef9ce5a8bc4fea02e34975723da,iroh_dial,discovery,cold,0,echo_rtt,0.033,ok
fcc97ee87fca3ef9ce5a8bc4fea02e34975723da,iroh_dial,discovery,cold,0,echo_rtt,0.024,ok
fcc97ee87fca3ef9ce5a8bc4fea02e34975723da,iroh_dial,discovery,cold,0,echo_rtt,0.033,ok
fcc97ee87fca3ef9ce5a8bc4fea02e34975723da,iroh_dial,discovery,cold,0,echo_rtt,0.024,ok
fcc97ee87fca3ef9ce5a8bc4fea02e34975723da,iroh_dial,discovery,cold,0,echo_rtt,0.032,ok
fcc97ee87fca3ef9ce5a8bc4fea02e34975723da,iroh_dial,discovery,cold,0,echo_rtt,0.024,ok
fcc97ee87fca3ef9ce5a8bc4fea02e34975723da,iroh_dial,discovery,cold,0,echo_rtt,0.033,ok
fcc97ee87fca3ef9ce5a8bc4fea02e34975723da,iroh_dial,discovery,cold,0,echo_rtt,0.024,ok
fcc97ee87fca3ef9ce5a8bc4fea02e34975723da,iroh_dial,discovery,cold,0,echo_rtt,0.033,ok
fcc97ee87fca3ef9ce5a8bc4fea02e34975723da,iroh_dial,discovery,cold,0,echo_rtt,0.058,ok
fcc97ee87fca3ef9ce5a8bc4fea02e34975723da,iroh_dial,discovery,cold,0,echo_rtt,0.033,ok
fcc97ee87fca3ef9ce5a8bc4fea02e34975723da,iroh_dial,discovery,cold,0,echo_rtt,0.025,ok
fcc97ee87fca3ef9ce5a8bc4fea02e34975723da,iroh_dial,discovery,cold,0,echo_rtt,0.033,ok
fcc97ee87fca3ef9ce5a8bc4fea02e34975723da,iroh_dial,discovery,cold,0,echo_rtt,0.025,ok
fcc97ee87fca3ef9ce5a8bc4fea02e34975723da,iroh_dial,discovery,cold,0,echo_rtt,0.033,ok
fcc97ee87fca3ef9ce5a8bc4fea02e34975723da,iroh_dial,discovery,cold,0,echo_rtt,0.029,ok
fcc97ee87fca3ef9ce5a8bc4fea02e34975723da,iroh_dial,discovery,cold,0,echo_rtt,0.029,ok
fcc97ee87fca3ef9ce5a8bc4fea02e34975723da,iroh_dial,discovery,cold,0,echo_rtt,0.028,ok
fcc97ee87fca3ef9ce5a8bc4fea02e34975723da,iroh_dial,discovery,cold,0,echo_rtt,0.029,ok
fcc97ee87fca3ef9ce5a8bc4fea02e34975723da,iroh_dial,discovery,cold,0,echo_rtt,0.028,ok
fcc97ee87fca3ef9ce5a8bc4fea02e34975723da,iroh_dial,discovery,cold,0,echo_rtt,0.029,ok
fcc97ee87fca3ef9ce5a8bc4fea02e34975723da,iroh_dial,discovery,cold,0,echo_rtt,0.038,ok
fcc97ee87fca3ef9ce5a8bc4fea02e34975723da,iroh_dial,discovery,cold,0,echo_rtt,0.038,ok
fcc97ee87fca3ef9ce5a8bc4fea02e34975723da,iroh_dial,discovery,cold,0,echo_rtt,0.033,ok
fcc97ee87fca3ef9ce5a8bc4fea02e34975723da,iroh_dial,discovery,cold,0,echo_rtt,0.034,ok
fcc97ee87fca3ef9ce5a8bc4fea02e34975723da,iroh_dial,discovery,cold,0,echo_rtt,0.031,ok
fcc97ee87fca3ef9ce5a8bc4fea02e34975723da,iroh_dial,discovery,cold,0,echo_rtt,0.061,ok
fcc97ee87fca3ef9ce5a8bc4fea02e34975723da,iroh_dial,discovery,cold,0,echo_rtt,0.131,ok
fcc97ee87fca3ef9ce5a8bc4fea02e34975723da,iroh_dial,discovery,cold,0,echo_rtt,0.125,ok
fcc97ee87fca3ef9ce5a8bc4fea02e34975723da,iroh_dial,discovery,cold,0,echo_rtt,0.155,ok
fcc97ee87fca3ef9ce5a8bc4fea02e34975723da,iroh_dial,discovery,cold,0,echo_rtt,0.043,ok
fcc97ee87fca3ef9ce5a8bc4fea02e34975723da,iroh_dial,discovery,cold,0,echo_rtt,0.029,ok
fcc97ee87fca3ef9ce5a8bc4fea02e34975723da,iroh_dial,discovery,cold,0,runtime_start,0.365,ok
fcc97ee87fca3ef9ce5a8bc4fea02e34975723da,iroh_dial,discovery,cold,0,endpoint_bind,1.453,ok
fcc97ee87fca3ef9ce5a8bc4fea02e34975723da,iroh_dial,discovery,cold,0,address_lookup,1.616,ok
fcc97ee87fca3ef9ce5a8bc4fea02e34975723da,iroh_dial,discovery,cold,0,dial_handshake,191.901,ok
fcc97ee87fca3ef9ce5a8bc4fea02e34975723da,iroh_dial,discovery,cold,0,stream_open,83.389,ok
fcc97ee87fca3ef9ce5a8bc4fea02e34975723da,iroh_dial,discovery,cold,0,echo_rtt,0.048,ok
fcc97ee87fca3ef9ce5a8bc4fea02e34975723da,iroh_dial,discovery,cold,0,echo_rtt,0.050,ok
fcc97ee87fca3ef9ce5a8bc4fea02e34975723da,iroh_dial,discovery,cold,0,echo_rtt,0.048,ok
fcc97ee87fca3ef9ce5a8bc4fea02e34975723da,iroh_dial,discovery,cold,0,echo_rtt,0.044,ok
fcc97ee87fca3ef9ce5a8bc4fea02e34975723da,iroh_dial,discovery,cold,0,echo_rtt,0.033,ok
fcc97ee87fca3ef9ce5a8bc4fea02e34975723da,iroh_dial,discovery,cold,0,echo_rtt,0.048,ok
fcc97ee87fca3ef9ce5a8bc4fea02e34975723da,iroh_dial,discovery,cold,0,echo_rtt,0.045,ok
fcc97ee87fca3ef9ce5a8bc4fea02e34975723da,iroh_dial,discovery,cold,0,echo_rtt,0.066,ok
fcc97ee87fca3ef9ce5a8bc4fea02e34975723da,iroh_dial,discovery,cold,0,echo_rtt,0.033,ok
fcc97ee87fca3ef9ce5a8bc4fea02e34975723da,iroh_dial,discovery,cold,0,echo_rtt,0.065,ok
fcc97ee87fca3ef9ce5a8bc4fea02e34975723da,iroh_dial,discovery,cold,0,echo_rtt,0.055,ok
fcc97ee87fca3ef9ce5a8bc4fea02e34975723da,iroh_dial,discovery,cold,0,echo_rtt,0.057,ok
fcc97ee87fca3ef9ce5a8bc4fea02e34975723da,iroh_dial,discovery,cold,0,echo_rtt,0.038,ok
fcc97ee87fca3ef9ce5a8bc4fea02e34975723da,iroh_dial,discovery,cold,0,echo_rtt,0.045,ok
fcc97ee87fca3ef9ce5a8bc4fea02e34975723da,iroh_dial,discovery,cold,0,echo_rtt,0.034,ok
fcc97ee87fca3ef9ce5a8bc4fea02e34975723da,iroh_dial,discovery,cold,0,echo_rtt,0.043,ok
fcc97ee87fca3ef9ce5a8bc4fea02e34975723da,iroh_dial,discovery,cold,0,echo_rtt,0.030,ok
fcc97ee87fca3ef9ce5a8bc4fea02e34975723da,iroh_dial,discovery,cold,0,echo_rtt,0.056,ok
fcc97ee87fca3ef9ce5a8bc4fea02e34975723da,iroh_dial,discovery,cold,0,echo_rtt,0.038,ok
fcc97ee87fca3ef9ce5a8bc4fea02e34975723da,iroh_dial,discovery,cold,0,echo_rtt,0.037,ok
fcc97ee87fca3ef9ce5a8bc4fea02e34975723da,iroh_dial,discovery,cold,0,echo_rtt,0.036,ok
fcc97ee87fca3ef9ce5a8bc4fea02e34975723da,iroh_dial,discovery,cold,0,echo_rtt,0.036,ok
fcc97ee87fca3ef9ce5a8bc4fea02e34975723da,iroh_dial,discovery,cold,0,echo_rtt,0.040,ok
fcc97ee87fca3ef9ce5a8bc4fea02e34975723da,iroh_dial,discovery,cold,0,echo_rtt,0.036,ok
fcc97ee87fca3ef9ce5a8bc4fea02e34975723da,iroh_dial,discovery,cold,0,echo_rtt,0.034,ok
fcc97ee87fca3ef9ce5a8bc4fea02e34975723da,iroh_dial,discovery,cold,0,echo_rtt,0.038,ok
fcc97ee87fca3ef9ce5a8bc4fea02e34975723da,iroh_dial,discovery,cold,0,echo_rtt,0.035,ok
fcc97ee87fca3ef9ce5a8bc4fea02e34975723da,iroh_dial,discovery,cold,0,echo_rtt,0.036,ok
fcc97ee87fca3ef9ce5a8bc4fea02e34975723da,iroh_dial,discovery,cold,0,echo_rtt,0.035,ok
fcc97ee87fca3ef9ce5a8bc4fea02e34975723da,iroh_dial,discovery,cold,0,echo_rtt,0.058,ok
fcc97ee87fca3ef9ce5a8bc4fea02e34975723da,iroh_dial,discovery,cold,0,echo_rtt,0.043,ok
fcc97ee87fca3ef9ce5a8bc4fea02e34975723da,iroh_dial,discovery,cold,0,echo_rtt,0.040,ok
fcc97ee87fca3ef9ce5a8bc4fea02e34975723da,iroh_dial,discovery,cold,0,echo_rtt,0.059,ok
fcc97ee87fca3ef9ce5a8bc4fea02e34975723da,iroh_dial,discovery,cold,0,echo_rtt,0.039,ok
fcc97ee87fca3ef9ce5a8bc4fea02e34975723da,iroh_dial,discovery,cold,0,echo_rtt,0.034,ok
fcc97ee87fca3ef9ce5a8bc4fea02e34975723da,iroh_dial,discovery,cold,0,echo_rtt,0.048,ok
fcc97ee87fca3ef9ce5a8bc4fea02e34975723da,iroh_dial,discovery,cold,0,echo_rtt,0.039,ok
fcc97ee87fca3ef9ce5a8bc4fea02e34975723da,iroh_dial,discovery,cold,0,echo_rtt,0.033,ok
fcc97ee87fca3ef9ce5a8bc4fea02e34975723da,iroh_dial,discovery,cold,0,echo_rtt,0.043,ok
fcc97ee87fca3ef9ce5a8bc4fea02e34975723da,iroh_dial,discovery,cold,0,echo_rtt,0.037,ok
fcc97ee87fca3ef9ce5a8bc4fea02e34975723da,iroh_dial,discovery,cold,0,echo_rtt,0.031,ok
fcc97ee87fca3ef9ce5a8bc4fea02e34975723da,iroh_dial,discovery,cold,0,echo_rtt,0.051,ok
fcc97ee87fca3ef9ce5a8bc4fea02e34975723da,iroh_dial,discovery,cold,0,echo_rtt,0.053,ok
fcc97ee87fca3ef9ce5a8bc4fea02e34975723da,iroh_dial,discovery,cold,0,echo_rtt,0.040,ok
fcc97ee87fca3ef9ce5a8bc4fea02e34975723da,iroh_dial,discovery,cold,0,echo_rtt,0.042,ok
fcc97ee87fca3ef9ce5a8bc4fea02e34975723da,iroh_dial,discovery,cold,0,echo_rtt,0.028,ok
fcc97ee87fca3ef9ce5a8bc4fea02e34975723da,iroh_dial,discovery,cold,0,echo_rtt,0.037,ok
fcc97ee87fca3ef9ce5a8bc4fea02e34975723da,iroh_dial,discovery,cold,0,echo_rtt,0.027,ok
fcc97ee87fca3ef9ce5a8bc4fea02e34975723da,iroh_dial,discovery,cold,0,echo_rtt,0.038,ok
fcc97ee87fca3ef9ce5a8bc4fea02e34975723da,iroh_dial,discovery,cold,0,echo_rtt,0.049,ok
fcc97ee87fca3ef9ce5a8bc4fea02e34975723da,iroh_dial,discovery,cold,0,echo_rtt,0.116,ok
fcc97ee87fca3ef9ce5a8bc4fea02e34975723da,iroh_dial,discovery,cold,0,echo_rtt,0.104,ok
fcc97ee87fca3ef9ce5a8bc4fea02e34975723da,iroh_dial,discovery,cold,0,echo_rtt,0.178,ok
fcc97ee87fca3ef9ce5a8bc4fea02e34975723da,iroh_dial,discovery,cold,0,echo_rtt,0.043,ok
fcc97ee87fca3ef9ce5a8bc4fea02e34975723da,iroh_dial,discovery,cold,0,echo_rtt,0.043,ok
fcc97ee87fca3ef9ce5a8bc4fea02e34975723da,iroh_dial,discovery,cold,0,echo_rtt,0.046,ok
fcc97ee87fca3ef9ce5a8bc4fea02e34975723da,iroh_dial,discovery,cold,0,echo_rtt,0.049,ok
fcc97ee87fca3ef9ce5a8bc4fea02e34975723da,iroh_dial,discovery,cold,0,echo_rtt,0.035,ok
fcc97ee87fca3ef9ce5a8bc4fea02e34975723da,iroh_dial,discovery,cold,0,echo_rtt,0.052,ok
fcc97ee87fca3ef9ce5a8bc4fea02e34975723da,iroh_dial,discovery,cold,0,echo_rtt,0.033,ok
fcc97ee87fca3ef9ce5a8bc4fea02e34975723da,iroh_dial,discovery,cold,0,echo_rtt,0.034,ok
fcc97ee87fca3ef9ce5a8bc4fea02e34975723da,iroh_dial,discovery,cold,0,echo_rtt,0.034,ok
fcc97ee87fca3ef9ce5a8bc4fea02e34975723da,iroh_dial,discovery,cold,0,echo_rtt,0.034,ok
fcc97ee87fca3ef9ce5a8bc4fea02e34975723da,iroh_dial,discovery,cold,0,echo_rtt,0.048,ok
fcc97ee87fca3ef9ce5a8bc4fea02e34975723da,iroh_dial,discovery,cold,0,echo_rtt,0.057,ok
fcc97ee87fca3ef9ce5a8bc4fea02e34975723da,iroh_dial,discovery,cold,0,echo_rtt,0.035,ok
fcc97ee87fca3ef9ce5a8bc4fea02e34975723da,iroh_dial,discovery,cold,0,echo_rtt,0.079,ok
fcc97ee87fca3ef9ce5a8bc4fea02e34975723da,iroh_dial,discovery,cold,0,echo_rtt,0.040,ok
fcc97ee87fca3ef9ce5a8bc4fea02e34975723da,iroh_dial,discovery,cold,0,echo_rtt,0.039,ok
fcc97ee87fca3ef9ce5a8bc4fea02e34975723da,iroh_dial,discovery,cold,0,echo_rtt,0.041,ok
fcc97ee87fca3ef9ce5a8bc4fea02e34975723da,iroh_dial,discovery,cold,0,echo_rtt,0.051,ok
fcc97ee87fca3ef9ce5a8bc4fea02e34975723da,iroh_dial,discovery,cold,0,echo_rtt,0.039,ok
fcc97ee87fca3ef9ce5a8bc4fea02e34975723da,iroh_dial,discovery,cold,0,echo_rtt,0.056,ok
fcc97ee87fca3ef9ce5a8bc4fea02e34975723da,iroh_dial,discovery,cold,0,echo_rtt,0.033,ok
fcc97ee87fca3ef9ce5a8bc4fea02e34975723da,iroh_dial,discovery,cold,0,echo_rtt,0.038,ok
fcc97ee87fca3ef9ce5a8bc4fea02e34975723da,iroh_dial,discovery,cold,0,echo_rtt,0.037,ok
fcc97ee87fca3ef9ce5a8bc4fea02e34975723da,iroh_dial,discovery,cold,0,echo_rtt,0.035,ok
fcc97ee87fca3ef9ce5a8bc4fea02e34975723da,iroh_dial,discovery,cold,0,echo_rtt,0.033,ok
fcc97ee87fca3ef9ce5a8bc4fea02e34975723da,iroh_dial,discovery,cold,0,echo_rtt,0.031,ok
fcc97ee87fca3ef9ce5a8bc4fea02e34975723da,iroh_dial,discovery,cold,0,echo_rtt,0.030,ok
fcc97ee87fca3ef9ce5a8bc4fea02e34975723da,iroh_dial,discovery,cold,0,echo_rtt,0.031,ok
fcc97ee87fca3ef9ce5a8bc4fea02e34975723da,iroh_dial,discovery,cold,0,echo_rtt,0.043,ok
fcc97ee87fca3ef9ce5a8bc4fea02e34975723da,iroh_dial,discovery,cold,0,echo_rtt,0.054,ok
fcc97ee87fca3ef9ce5a8bc4fea02e34975723da,iroh_dial,discovery,cold,0,echo_rtt,0.027,ok
fcc97ee87fca3ef9ce5a8bc4fea02e34975723da,iroh_dial,discovery,cold,0,echo_rtt,0.035,ok
fcc97ee87fca3ef9ce5a8bc4fea02e34975723da,iroh_dial,discovery,cold,0,echo_rtt,0.027,ok
fcc97ee87fca3ef9ce5a8bc4fea02e34975723da,iroh_dial,discovery,cold,0,echo_rtt,0.036,ok
fcc97ee87fca3ef9ce5a8bc4fea02e34975723da,iroh_dial,discovery,cold,0,echo_rtt,0.027,ok
fcc97ee87fca3ef9ce5a8bc4fea02e34975723da,iroh_dial,discovery,cold,0,echo_rtt,0.035,ok
fcc97ee87fca3ef9ce5a8bc4fea02e34975723da,iroh_dial,discovery,cold,0,echo_rtt,0.027,ok
fcc97ee87fca3ef9ce5a8bc4fea02e34975723da,iroh_dial,discovery,cold,0,echo_rtt,0.054,ok
fcc97ee87fca3ef9ce5a8bc4fea02e34975723da,iroh_dial,discovery,cold,0,echo_rtt,0.027,ok
fcc97ee87fca3ef9ce5a8bc4fea02e34975723da,iroh_dial,discovery,cold,0,echo_rtt,0.036,ok
fcc97ee87fca3ef9ce5a8bc4fea02e34975723da,iroh_dial,discovery,cold,0,echo_rtt,0.027,ok
fcc97ee87fca3ef9ce5a8bc4fea02e34975723da,iroh_dial,discovery,cold,0,echo_rtt,0.035,ok
fcc97ee87fca3ef9ce5a8bc4fea02e34975723da,iroh_dial,discovery,cold,0,echo_rtt,0.032,ok
fcc97ee87fca3ef9ce5a8bc4fea02e34975723da,iroh_dial,discovery,cold,0,echo_rtt,0.045,ok
fcc97ee87fca3ef9ce5a8bc4fea02e34975723da,iroh_dial,discovery,cold,0,echo_rtt,0.028,ok
fcc97ee87fca3ef9ce5a8bc4fea02e34975723da,iroh_dial,discovery,cold,0,echo_rtt,0.037,ok
fcc97ee87fca3ef9ce5a8bc4fea02e34975723da,iroh_dial,discovery,cold,0,echo_rtt,0.036,ok
fcc97ee87fca3ef9ce5a8bc4fea02e34975723da,iroh_dial_p115,discovery,cold,0,runtime_start,0.330,ok
fcc97ee87fca3ef9ce5a8bc4fea02e34975723da,iroh_dial_p115,discovery,cold,0,endpoint_bind,1.402,ok
fcc97ee87fca3ef9ce5a8bc4fea02e34975723da,iroh_dial_p115,discovery,cold,0,address_lookup,1.660,ok
fcc97ee87fca3ef9ce5a8bc4fea02e34975723da,iroh_dial_p115,discovery,cold,0,dial_handshake,191.151,ok
fcc97ee87fca3ef9ce5a8bc4fea02e34975723da,iroh_dial_p115,discovery,cold,0,stream_open,83.169,ok
fcc97ee87fca3ef9ce5a8bc4fea02e34975723da,iroh_dial_p115,discovery,cold,0,echo_rtt,0.041,ok
fcc97ee87fca3ef9ce5a8bc4fea02e34975723da,iroh_dial_p115,discovery,cold,0,echo_rtt,0.041,ok
fcc97ee87fca3ef9ce5a8bc4fea02e34975723da,iroh_dial_p115,discovery,cold,0,echo_rtt,0.054,ok
fcc97ee87fca3ef9ce5a8bc4fea02e34975723da,iroh_dial_p115,discovery,cold,0,echo_rtt,0.068,ok
fcc97ee87fca3ef9ce5a8bc4fea02e34975723da,iroh_dial_p115,discovery,cold,0,echo_rtt,0.030,ok
fcc97ee87fca3ef9ce5a8bc4fea02e34975723da,iroh_dial_p115,discovery,cold,0,echo_rtt,0.036,ok
fcc97ee87fca3ef9ce5a8bc4fea02e34975723da,iroh_dial_p115,discovery,cold,0,echo_rtt,0.038,ok
fcc97ee87fca3ef9ce5a8bc4fea02e34975723da,iroh_dial_p115,discovery,cold,0,echo_rtt,0.035,ok
fcc97ee87fca3ef9ce5a8bc4fea02e34975723da,iroh_dial_p115,discovery,cold,0,echo_rtt,0.025,ok
fcc97ee87fca3ef9ce5a8bc4fea02e34975723da,iroh_dial_p115,discovery,cold,0,echo_rtt,0.034,ok
fcc97ee87fca3ef9ce5a8bc4fea02e34975723da,iroh_dial_p115,discovery,cold,0,echo_rtt,0.025,ok
fcc97ee87fca3ef9ce5a8bc4fea02e34975723da,iroh_dial_p115,discovery,cold,0,echo_rtt,0.033,ok
fcc97ee87fca3ef9ce5a8bc4fea02e34975723da,iroh_dial_p115,discovery,cold,0,echo_rtt,0.025,ok
fcc97ee87fca3ef9ce5a8bc4fea02e34975723da,iroh_dial_p115,discovery,cold,0,echo_rtt,0.033,ok
fcc97ee87fca3ef9ce5a8bc4fea02e34975723da,iroh_dial_p115,discovery,cold,0,echo_rtt,0.025,ok
fcc97ee87fca3ef9ce5a8bc4fea02e34975723da,iroh_dial_p115,discovery,cold,0,echo_rtt,0.033,ok
fcc97ee87fca3ef9ce5a8bc4fea02e34975723da,iroh_dial_p115,discovery,cold,0,echo_rtt,0.025,ok
fcc97ee87fca3ef9ce5a8bc4fea02e34975723da,iroh_dial_p115,discovery,cold,0,echo_rtt,0.034,ok
fcc97ee87fca3ef9ce5a8bc4fea02e34975723da,iroh_dial_p115,discovery,cold,0,echo_rtt,0.027,ok
fcc97ee87fca3ef9ce5a8bc4fea02e34975723da,iroh_dial_p115,discovery,cold,0,echo_rtt,0.038,ok
fcc97ee87fca3ef9ce5a8bc4fea02e34975723da,iroh_dial_p115,discovery,cold,0,echo_rtt,0.027,ok
fcc97ee87fca3ef9ce5a8bc4fea02e34975723da,iroh_dial_p115,discovery,cold,0,echo_rtt,0.036,ok
fcc97ee87fca3ef9ce5a8bc4fea02e34975723da,iroh_dial_p115,discovery,cold,0,echo_rtt,0.026,ok
fcc97ee87fca3ef9ce5a8bc4fea02e34975723da,iroh_dial_p115,discovery,cold,0,echo_rtt,0.034,ok
fcc97ee87fca3ef9ce5a8bc4fea02e34975723da,iroh_dial_p115,discovery,cold,0,echo_rtt,0.025,ok
fcc97ee87fca3ef9ce5a8bc4fea02e34975723da,iroh_dial_p115,discovery,cold,0,echo_rtt,0.035,ok
fcc97ee87fca3ef9ce5a8bc4fea02e34975723da,iroh_dial_p115,discovery,cold,0,echo_rtt,0.026,ok
fcc97ee87fca3ef9ce5a8bc4fea02e34975723da,iroh_dial_p115,discovery,cold,0,echo_rtt,0.071,ok
fcc97ee87fca3ef9ce5a8bc4fea02e34975723da,iroh_dial_p115,discovery,cold,0,echo_rtt,0.027,ok
fcc97ee87fca3ef9ce5a8bc4fea02e34975723da,iroh_dial_p115,discovery,cold,0,echo_rtt,0.054,ok
fcc97ee87fca3ef9ce5a8bc4fea02e34975723da,iroh_dial_p115,discovery,cold,0,echo_rtt,0.036,ok
fcc97ee87fca3ef9ce5a8bc4fea02e34975723da,iroh_dial_p115,discovery,cold,0,echo_rtt,0.037,ok
fcc97ee87fca3ef9ce5a8bc4fea02e34975723da,iroh_dial_p115,discovery,cold,0,echo_rtt,0.032,ok
fcc97ee87fca3ef9ce5a8bc4fea02e34975723da,iroh_dial_p115,discovery,cold,0,echo_rtt,0.030,ok
fcc97ee87fca3ef9ce5a8bc4fea02e34975723da,iroh_dial_p115,discovery,cold,0,echo_rtt,0.029,ok
fcc97ee87fca3ef9ce5a8bc4fea02e34975723da,iroh_dial_p115,discovery,cold,0,echo_rtt,0.030,ok
fcc97ee87fca3ef9ce5a8bc4fea02e34975723da,iroh_dial_p115,discovery,cold,0,echo_rtt,0.029,ok
fcc97ee87fca3ef9ce5a8bc4fea02e34975723da,iroh_dial_p115,discovery,cold,0,echo_rtt,0.029,ok
fcc97ee87fca3ef9ce5a8bc4fea02e34975723da,iroh_dial_p115,discovery,cold,0,echo_rtt,0.053,ok
fcc97ee87fca3ef9ce5a8bc4fea02e34975723da,iroh_dial_p115,discovery,cold,0,echo_rtt,0.035,ok
fcc97ee87fca3ef9ce5a8bc4fea02e34975723da,iroh_dial_p115,discovery,cold,0,echo_rtt,0.034,ok
fcc97ee87fca3ef9ce5a8bc4fea02e34975723da,iroh_dial_p115,discovery,cold,0,echo_rtt,0.035,ok
fcc97ee87fca3ef9ce5a8bc4fea02e34975723da,iroh_dial_p115,discovery,cold,0,echo_rtt,0.034,ok
fcc97ee87fca3ef9ce5a8bc4fea02e34975723da,iroh_dial_p115,discovery,cold,0,echo_rtt,0.034,ok
fcc97ee87fca3ef9ce5a8bc4fea02e34975723da,iroh_dial_p115,discovery,cold,0,echo_rtt,0.040,ok
fcc97ee87fca3ef9ce5a8bc4fea02e34975723da,iroh_dial_p115,discovery,cold,0,echo_rtt,0.029,ok
fcc97ee87fca3ef9ce5a8bc4fea02e34975723da,iroh_dial_p115,discovery,cold,0,echo_rtt,0.039,ok
fcc97ee87fca3ef9ce5a8bc4fea02e34975723da,iroh_dial_p115,discovery,cold,0,echo_rtt,0.029,ok
fcc97ee87fca3ef9ce5a8bc4fea02e34975723da,iroh_dial_p115,discovery,cold,0,echo_rtt,0.039,ok
fcc97ee87fca3ef9ce5a8bc4fea02e34975723da,iroh_dial_p115,discovery,cold,0,echo_rtt,0.030,ok
fcc97ee87fca3ef9ce5a8bc4fea02e34975723da,iroh_dial_p115,discovery,cold,0,echo_rtt,0.041,ok
fcc97ee87fca3ef9ce5a8bc4fea02e34975723da,iroh_dial_p115,discovery,cold,0,echo_rtt,0.029,ok
fcc97ee87fca3ef9ce5a8bc4fea02e34975723da,iroh_dial_p115,discovery,cold,0,echo_rtt,0.039,ok
fcc97ee87fca3ef9ce5a8bc4fea02e34975723da,iroh_dial_p115,discovery,cold,0,echo_rtt,0.029,ok
fcc97ee87fca3ef9ce5a8bc4fea02e34975723da,iroh_dial_p115,discovery,cold,0,echo_rtt,0.040,ok
fcc97ee87fca3ef9ce5a8bc4fea02e34975723da,iroh_dial_p115,discovery,cold,0,echo_rtt,0.033,ok
fcc97ee87fca3ef9ce5a8bc4fea02e34975723da,iroh_dial_p115,discovery,cold,0,echo_rtt,0.040,ok
fcc97ee87fca3ef9ce5a8bc4fea02e34975723da,iroh_dial_p115,discovery,cold,0,echo_rtt,0.030,ok
fcc97ee87fca3ef9ce5a8bc4fea02e34975723da,iroh_dial_p115,discovery,cold,0,echo_rtt,0.039,ok
fcc97ee87fca3ef9ce5a8bc4fea02e34975723da,iroh_dial_p115,discovery,cold,0,echo_rtt,0.029,ok
fcc97ee87fca3ef9ce5a8bc4fea02e34975723da,iroh_dial_p115,discovery,cold,0,echo_rtt,0.091,ok
fcc97ee87fca3ef9ce5a8bc4fea02e34975723da,iroh_dial_p115,discovery,cold,0,echo_rtt,0.116,ok
fcc97ee87fca3ef9ce5a8bc4fea02e34975723da,iroh_dial_p115,discovery,cold,0,echo_rtt,0.085,ok
fcc97ee87fca3ef9ce5a8bc4fea02e34975723da,iroh_dial_p115,discovery,cold,0,echo_rtt,0.130,ok
fcc97ee87fca3ef9ce5a8bc4fea02e34975723da,iroh_dial_p115,discovery,cold,0,echo_rtt,0.038,ok
fcc97ee87fca3ef9ce5a8bc4fea02e34975723da,iroh_dial_p115,discovery,cold,0,echo_rtt,0.037,ok
fcc97ee87fca3ef9ce5a8bc4fea02e34975723da,iroh_dial_p115,discovery,cold,0,echo_rtt,0.041,ok
fcc97ee87fca3ef9ce5a8bc4fea02e34975723da,iroh_dial_p115,discovery,cold,0,echo_rtt,0.035,ok
fcc97ee87fca3ef9ce5a8bc4fea02e34975723da,iroh_dial_p115,discovery,cold,0,echo_rtt,0.035,ok
fcc97ee87fca3ef9ce5a8bc4fea02e34975723da,iroh_dial_p115,discovery,cold,0,echo_rtt,0.033,ok
fcc97ee87fca3ef9ce5a8bc4fea02e34975723da,iroh_dial_p115,discovery,cold,0,echo_rtt,0.035,ok
fcc97ee87fca3ef9ce5a8bc4fea02e34975723da,iroh_dial_p115,discovery,cold,0,echo_rtt,0.033,ok
fcc97ee87fca3ef9ce5a8bc4fea02e34975723da,iroh_dial_p115,discovery,cold,0,echo_rtt,0.034,ok
fcc97ee87fca3ef9ce5a8bc4fea02e34975723da,iroh_dial_p115,discovery,cold,0,echo_rtt,0.033,ok
fcc97ee87fca3ef9ce5a8bc4fea02e34975723da,iroh_dial_p115,discovery,cold,0,echo_rtt,0.047,ok
fcc97ee87fca3ef9ce5a8bc4fea02e34975723da,iroh_dial_p115,discovery,cold,0,echo_rtt,0.033,ok
fcc97ee87fca3ef9ce5a8bc4fea02e34975723da,iroh_dial_p115,discovery,cold,0,echo_rtt,0.034,ok
fcc97ee87fca3ef9ce5a8bc4fea02e34975723da,iroh_dial_p115,discovery,cold,0,echo_rtt,0.032,ok
fcc97ee87fca3ef9ce5a8bc4fea02e34975723da,iroh_dial_p115,discovery,cold,0,echo_rtt,0.034,ok
fcc97ee87fca3ef9ce5a8bc4fea02e34975723da,iroh_dial_p115,discovery,cold,0,echo_rtt,0.033,ok
fcc97ee87fca3ef9ce5a8bc4fea02e34975723da,iroh_dial_p115,discovery,cold,0,echo_rtt,0.033,ok
fcc97ee87fca3ef9ce5a8bc4fea02e34975723da,iroh_dial_p115,discovery,cold,0,echo_rtt,0.033,ok
fcc97ee87fca3ef9ce5a8bc4fea02e34975723da,iroh_dial_p115,discovery,cold,0,echo_rtt,0.033,ok
fcc97ee87fca3ef9ce5a8bc4fea02e34975723da,iroh_dial_p115,discovery,cold,0,echo_rtt,0.032,ok
fcc97ee87fca3ef9ce5a8bc4fea02e34975723da,iroh_dial_p115,discovery,cold,0,echo_rtt,0.034,ok
fcc97ee87fca3ef9ce5a8bc4fea02e34975723da,iroh_dial_p115,discovery,cold,0,echo_rtt,0.036,ok
fcc97ee87fca3ef9ce5a8bc4fea02e34975723da,iroh_dial_p115,discovery,cold,0,echo_rtt,0.033,ok
fcc97ee87fca3ef9ce5a8bc4fea02e34975723da,iroh_dial_p115,discovery,cold,0,echo_rtt,0.032,ok
fcc97ee87fca3ef9ce5a8bc4fea02e34975723da,iroh_dial_p115,discovery,cold,0,echo_rtt,0.033,ok
fcc97ee87fca3ef9ce5a8bc4fea02e34975723da,iroh_dial_p115,discovery,cold,0,echo_rtt,0.032,ok
fcc97ee87fca3ef9ce5a8bc4fea02e34975723da,iroh_dial_p115,discovery,cold,0,echo_rtt,0.033,ok
fcc97ee87fca3ef9ce5a8bc4fea02e34975723da,iroh_dial_p115,discovery,cold,0,echo_rtt,0.032,ok
fcc97ee87fca3ef9ce5a8bc4fea02e34975723da,iroh_dial_p115,discovery,cold,0,echo_rtt,0.033,ok
fcc97ee87fca3ef9ce5a8bc4fea02e34975723da,iroh_dial_p115,discovery,cold,0,echo_rtt,0.033,ok
fcc97ee87fca3ef9ce5a8bc4fea02e34975723da,iroh_dial_p115,discovery,cold,0,echo_rtt,0.034,ok
fcc97ee87fca3ef9ce5a8bc4fea02e34975723da,iroh_dial_p115,discovery,cold,0,echo_rtt,0.032,ok
fcc97ee87fca3ef9ce5a8bc4fea02e34975723da,iroh_dial_p115,discovery,cold,0,echo_rtt,0.033,ok
fcc97ee87fca3ef9ce5a8bc4fea02e34975723da,iroh_dial_p115,discovery,cold,0,echo_rtt,0.032,ok
fcc97ee87fca3ef9ce5a8bc4fea02e34975723da,iroh_dial_p115,discovery,cold,0,echo_rtt,0.034,ok
fcc97ee87fca3ef9ce5a8bc4fea02e34975723da,iroh_dial_p115,discovery,cold,0,echo_rtt,0.030,ok
fcc97ee87fca3ef9ce5a8bc4fea02e34975723da,iroh_dial_p115,discovery,cold,0,runtime_start,0.368,ok
fcc97ee87fca3ef9ce5a8bc4fea02e34975723da,iroh_dial_p115,discovery,cold,0,endpoint_bind,1.527,ok
fcc97ee87fca3ef9ce5a8bc4fea02e34975723da,iroh_dial_p115,discovery,cold,0,address_lookup,1.597,ok
fcc97ee87fca3ef9ce5a8bc4fea02e34975723da,iroh_dial_p115,discovery,cold,0,dial_handshake,196.246,ok
fcc97ee87fca3ef9ce5a8bc4fea02e34975723da,iroh_dial_p115,discovery,cold,0,stream_open,93.585,ok
fcc97ee87fca3ef9ce5a8bc4fea02e34975723da,iroh_dial_p115,discovery,cold,0,echo_rtt,0.064,ok
fcc97ee87fca3ef9ce5a8bc4fea02e34975723da,iroh_dial_p115,discovery,cold,0,echo_rtt,0.054,ok
fcc97ee87fca3ef9ce5a8bc4fea02e34975723da,iroh_dial_p115,discovery,cold,0,echo_rtt,0.033,ok
fcc97ee87fca3ef9ce5a8bc4fea02e34975723da,iroh_dial_p115,discovery,cold,0,echo_rtt,0.039,ok
fcc97ee87fca3ef9ce5a8bc4fea02e34975723da,iroh_dial_p115,discovery,cold,0,echo_rtt,0.099,ok
fcc97ee87fca3ef9ce5a8bc4fea02e34975723da,iroh_dial_p115,discovery,cold,0,echo_rtt,0.041,ok
fcc97ee87fca3ef9ce5a8bc4fea02e34975723da,iroh_dial_p115,discovery,cold,0,echo_rtt,0.028,ok
fcc97ee87fca3ef9ce5a8bc4fea02e34975723da,iroh_dial_p115,discovery,cold,0,echo_rtt,0.061,ok
fcc97ee87fca3ef9ce5a8bc4fea02e34975723da,iroh_dial_p115,discovery,cold,0,echo_rtt,0.038,ok
fcc97ee87fca3ef9ce5a8bc4fea02e34975723da,iroh_dial_p115,discovery,cold,0,echo_rtt,0.042,ok
fcc97ee87fca3ef9ce5a8bc4fea02e34975723da,iroh_dial_p115,discovery,cold,0,echo_rtt,0.028,ok
fcc97ee87fca3ef9ce5a8bc4fea02e34975723da,iroh_dial_p115,discovery,cold,0,echo_rtt,0.037,ok
fcc97ee87fca3ef9ce5a8bc4fea02e34975723da,iroh_dial_p115,discovery,cold,0,echo_rtt,0.028,ok
fcc97ee87fca3ef9ce5a8bc4fea02e34975723da,iroh_dial_p115,discovery,cold,0,echo_rtt,0.036,ok
fcc97ee87fca3ef9ce5a8bc4fea02e34975723da,iroh_dial_p115,discovery,cold,0,echo_rtt,0.026,ok
fcc97ee87fca3ef9ce5a8bc4fea02e34975723da,iroh_dial_p115,discovery,cold,0,echo_rtt,0.035,ok
fcc97ee87fca3ef9ce5a8bc4fea02e34975723da,iroh_dial_p115,discovery,cold,0,echo_rtt,0.026,ok
fcc97ee87fca3ef9ce5a8bc4fea02e34975723da,iroh_dial_p115,discovery,cold,0,echo_rtt,0.035,ok
fcc97ee87fca3ef9ce5a8bc4fea02e34975723da,iroh_dial_p115,discovery,cold,0,echo_rtt,0.026,ok
fcc97ee87fca3ef9ce5a8bc4fea02e34975723da,iroh_dial_p115,discovery,cold,0,echo_rtt,0.035,ok
fcc97ee87fca3ef9ce5a8bc4fea02e34975723da,iroh_dial_p115,discovery,cold,0,echo_rtt,0.025,ok
fcc97ee87fca3ef9ce5a8bc4fea02e34975723da,iroh_dial_p115,discovery,cold,0,echo_rtt,0.034,ok
fcc97ee87fca3ef9ce5a8bc4fea02e34975723da,iroh_dial_p115,discovery,cold,0,echo_rtt,0.025,ok
fcc97ee87fca3ef9ce5a8bc4fea02e34975723da,iroh_dial_p115,discovery,cold,0,echo_rtt,0.033,ok
fcc97ee87fca3ef9ce5a8bc4fea02e34975723da,iroh_dial_p115,discovery,cold,0,echo_rtt,0.025,ok
fcc97ee87fca3ef9ce5a8bc4fea02e34975723da,iroh_dial_p115,discovery,cold,0,echo_rtt,0.034,ok
fcc97ee87fca3ef9ce5a8bc4fea02e34975723da,iroh_dial_p115,discovery,cold,0,echo_rtt,0.026,ok
fcc97ee87fca3ef9ce5a8bc4fea02e34975723da,iroh_dial_p115,discovery,cold,0,echo_rtt,0.034,ok
fcc97ee87fca3ef9ce5a8bc4fea02e34975723da,iroh_dial_p115,discovery,cold,0,echo_rtt,0.025,ok
fcc97ee87fca3ef9ce5a8bc4fea02e34975723da,iroh_dial_p115,discovery,cold,0,echo_rtt,0.034,ok
fcc97ee87fca3ef9ce5a8bc4fea02e34975723da,iroh_dial_p115,discovery,cold,0,echo_rtt,0.025,ok
fcc97ee87fca3ef9ce5a8bc4fea02e34975723da,iroh_dial_p115,discovery,cold,0,echo_rtt,0.034,ok
fcc97ee87fca3ef9ce5a8bc4fea02e34975723da,iroh_dial_p115,discovery,cold,0,echo_rtt,0.025,ok
fcc97ee87fca3ef9ce5a8bc4fea02e34975723da,iroh_dial_p115,discovery,cold,0,echo_rtt,0.033,ok
fcc97ee87fca3ef9ce5a8bc4fea02e34975723da,iroh_dial_p115,discovery,cold,0,echo_rtt,0.025,ok
fcc97ee87fca3ef9ce5a8bc4fea02e34975723da,iroh_dial_p115,discovery,cold,0,echo_rtt,0.034,ok
fcc97ee87fca3ef9ce5a8bc4fea02e34975723da,iroh_dial_p115,discovery,cold,0,echo_rtt,0.026,ok
fcc97ee87fca3ef9ce5a8bc4fea02e34975723da,iroh_dial_p115,discovery,cold,0,echo_rtt,0.035,ok
fcc97ee87fca3ef9ce5a8bc4fea02e34975723da,iroh_dial_p115,discovery,cold,0,echo_rtt,0.028,ok
fcc97ee87fca3ef9ce5a8bc4fea02e34975723da,iroh_dial_p115,discovery,cold,0,echo_rtt,0.034,ok
fcc97ee87fca3ef9ce5a8bc4fea02e34975723da,iroh_dial_p115,discovery,cold,0,echo_rtt,0.025,ok
fcc97ee87fca3ef9ce5a8bc4fea02e34975723da,iroh_dial_p115,discovery,cold,0,echo_rtt,0.033,ok
fcc97ee87fca3ef9ce5a8bc4fea02e34975723da,iroh_dial_p115,discovery,cold,0,echo_rtt,0.025,ok
fcc97ee87fca3ef9ce5a8bc4fea02e34975723da,iroh_dial_p115,discovery,cold,0,echo_rtt,0.033,ok
fcc97ee87fca3ef9ce5a8bc4fea02e34975723da,iroh_dial_p115,discovery,cold,0,echo_rtt,0.025,ok
fcc97ee87fca3ef9ce5a8bc4fea02e34975723da,iroh_dial_p115,discovery,cold,0,echo_rtt,0.033,ok
fcc97ee87fca3ef9ce5a8bc4fea02e34975723da,iroh_dial_p115,discovery,cold,0,echo_rtt,0.031,ok
fcc97ee87fca3ef9ce5a8bc4fea02e34975723da,iroh_dial_p115,discovery,cold,0,echo_rtt,0.029,ok
fcc97ee87fca3ef9ce5a8bc4fea02e34975723da,iroh_dial_p115,discovery,cold,0,echo_rtt,0.030,ok
fcc97ee87fca3ef9ce5a8bc4fea02e34975723da,iroh_dial_p115,discovery,cold,0,echo_rtt,0.029,ok
fcc97ee87fca3ef9ce5a8bc4fea02e34975723da,iroh_dial_p115,discovery,cold,0,echo_rtt,0.030,ok
fcc97ee87fca3ef9ce5a8bc4fea02e34975723da,iroh_dial_p115,discovery,cold,0,echo_rtt,0.029,ok
fcc97ee87fca3ef9ce5a8bc4fea02e34975723da,iroh_dial_p115,discovery,cold,0,echo_rtt,0.030,ok
fcc97ee87fca3ef9ce5a8bc4fea02e34975723da,iroh_dial_p115,discovery,cold,0,echo_rtt,0.029,ok
fcc97ee87fca3ef9ce5a8bc4fea02e34975723da,iroh_dial_p115,discovery,cold,0,echo_rtt,0.030,ok
fcc97ee87fca3ef9ce5a8bc4fea02e34975723da,iroh_dial_p115,discovery,cold,0,echo_rtt,0.029,ok
fcc97ee87fca3ef9ce5a8bc4fea02e34975723da,iroh_dial_p115,discovery,cold,0,echo_rtt,0.029,ok
fcc97ee87fca3ef9ce5a8bc4fea02e34975723da,iroh_dial_p115,discovery,cold,0,echo_rtt,0.041,ok
fcc97ee87fca3ef9ce5a8bc4fea02e34975723da,iroh_dial_p115,discovery,cold,0,echo_rtt,0.045,ok
fcc97ee87fca3ef9ce5a8bc4fea02e34975723da,iroh_dial_p115,discovery,cold,0,echo_rtt,0.034,ok
fcc97ee87fca3ef9ce5a8bc4fea02e34975723da,iroh_dial_p115,discovery,cold,0,echo_rtt,0.032,ok
fcc97ee87fca3ef9ce5a8bc4fea02e34975723da,iroh_dial_p115,discovery,cold,0,echo_rtt,0.032,ok
fcc97ee87fca3ef9ce5a8bc4fea02e34975723da,iroh_dial_p115,discovery,cold,0,echo_rtt,0.031,ok
fcc97ee87fca3ef9ce5a8bc4fea02e34975723da,iroh_dial_p115,discovery,cold,0,echo_rtt,0.029,ok
fcc97ee87fca3ef9ce5a8bc4fea02e34975723da,iroh_dial_p115,discovery,cold,0,echo_rtt,0.031,ok
fcc97ee87fca3ef9ce5a8bc4fea02e34975723da,iroh_dial_p115,discovery,cold,0,echo_rtt,0.029,ok
fcc97ee87fca3ef9ce5a8bc4fea02e34975723da,iroh_dial_p115,discovery,cold,0,echo_rtt,0.030,ok
fcc97ee87fca3ef9ce5a8bc4fea02e34975723da,iroh_dial_p115,discovery,cold,0,echo_rtt,0.028,ok
fcc97ee87fca3ef9ce5a8bc4fea02e34975723da,iroh_dial_p115,discovery,cold,0,echo_rtt,0.029,ok
fcc97ee87fca3ef9ce5a8bc4fea02e34975723da,iroh_dial_p115,discovery,cold,0,echo_rtt,0.030,ok
fcc97ee87fca3ef9ce5a8bc4fea02e34975723da,iroh_dial_p115,discovery,cold,0,echo_rtt,0.030,ok
fcc97ee87fca3ef9ce5a8bc4fea02e34975723da,iroh_dial_p115,discovery,cold,0,echo_rtt,0.029,ok
fcc97ee87fca3ef9ce5a8bc4fea02e34975723da,iroh_dial_p115,discovery,cold,0,echo_rtt,0.030,ok
fcc97ee87fca3ef9ce5a8bc4fea02e34975723da,iroh_dial_p115,discovery,cold,0,echo_rtt,0.028,ok
fcc97ee87fca3ef9ce5a8bc4fea02e34975723da,iroh_dial_p115,discovery,cold,0,echo_rtt,0.029,ok
fcc97ee87fca3ef9ce5a8bc4fea02e34975723da,iroh_dial_p115,discovery,cold,0,echo_rtt,0.029,ok
fcc97ee87fca3ef9ce5a8bc4fea02e34975723da,iroh_dial_p115,discovery,cold,0,echo_rtt,0.029,ok
fcc97ee87fca3ef9ce5a8bc4fea02e34975723da,iroh_dial_p115,discovery,cold,0,echo_rtt,0.029,ok
fcc97ee87fca3ef9ce5a8bc4fea02e34975723da,iroh_dial_p115,discovery,cold,0,echo_rtt,0.030,ok
fcc97ee87fca3ef9ce5a8bc4fea02e34975723da,iroh_dial_p115,discovery,cold,0,echo_rtt,0.029,ok
fcc97ee87fca3ef9ce5a8bc4fea02e34975723da,iroh_dial_p115,discovery,cold,0,echo_rtt,0.029,ok
fcc97ee87fca3ef9ce5a8bc4fea02e34975723da,iroh_dial_p115,discovery,cold,0,echo_rtt,0.028,ok
fcc97ee87fca3ef9ce5a8bc4fea02e34975723da,iroh_dial_p115,discovery,cold,0,echo_rtt,0.030,ok
fcc97ee87fca3ef9ce5a8bc4fea02e34975723da,iroh_dial_p115,discovery,cold,0,echo_rtt,0.032,ok
fcc97ee87fca3ef9ce5a8bc4fea02e34975723da,iroh_dial_p115,discovery,cold,0,echo_rtt,0.058,ok
fcc97ee87fca3ef9ce5a8bc4fea02e34975723da,iroh_dial_p115,discovery,cold,0,echo_rtt,0.039,ok
fcc97ee87fca3ef9ce5a8bc4fea02e34975723da,iroh_dial_p115,discovery,cold,0,echo_rtt,0.039,ok
fcc97ee87fca3ef9ce5a8bc4fea02e34975723da,iroh_dial_p115,discovery,cold,0,echo_rtt,0.035,ok
fcc97ee87fca3ef9ce5a8bc4fea02e34975723da,iroh_dial_p115,discovery,cold,0,echo_rtt,0.036,ok
fcc97ee87fca3ef9ce5a8bc4fea02e34975723da,iroh_dial_p115,discovery,cold,0,echo_rtt,0.034,ok
fcc97ee87fca3ef9ce5a8bc4fea02e34975723da,iroh_dial_p115,discovery,cold,0,echo_rtt,0.035,ok
fcc97ee87fca3ef9ce5a8bc4fea02e34975723da,iroh_dial_p115,discovery,cold,0,echo_rtt,0.038,ok
fcc97ee87fca3ef9ce5a8bc4fea02e34975723da,iroh_dial_p115,discovery,cold,0,echo_rtt,0.033,ok
fcc97ee87fca3ef9ce5a8bc4fea02e34975723da,iroh_dial_p115,discovery,cold,0,echo_rtt,0.032,ok
fcc97ee87fca3ef9ce5a8bc4fea02e34975723da,iroh_dial_p115,discovery,cold,0,echo_rtt,0.033,ok
fcc97ee87fca3ef9ce5a8bc4fea02e34975723da,iroh_dial_p115,discovery,cold,0,echo_rtt,0.055,ok
fcc97ee87fca3ef9ce5a8bc4fea02e34975723da,iroh_dial_p115,discovery,cold,0,echo_rtt,0.112,ok
fcc97ee87fca3ef9ce5a8bc4fea02e34975723da,iroh_dial_p115,discovery,cold,0,echo_rtt,0.046,ok
fcc97ee87fca3ef9ce5a8bc4fea02e34975723da,iroh_dial_p115,discovery,cold,0,echo_rtt,0.052,ok
fcc97ee87fca3ef9ce5a8bc4fea02e34975723da,iroh_dial_p115,discovery,cold,0,echo_rtt,0.035,ok
fcc97ee87fca3ef9ce5a8bc4fea02e34975723da,iroh_dial_p115,discovery,cold,0,runtime_start,0.365,ok
fcc97ee87fca3ef9ce5a8bc4fea02e34975723da,iroh_dial_p115,discovery,cold,0,endpoint_bind,1.390,ok
fcc97ee87fca3ef9ce5a8bc4fea02e34975723da,iroh_dial_p115,discovery,cold,0,address_lookup,1.623,ok
fcc97ee87fca3ef9ce5a8bc4fea02e34975723da,iroh_dial_p115,discovery,cold,0,dial_handshake,193.625,ok
fcc97ee87fca3ef9ce5a8bc4fea02e34975723da,iroh_dial_p115,discovery,cold,0,stream_open,84.044,ok
fcc97ee87fca3ef9ce5a8bc4fea02e34975723da,iroh_dial_p115,discovery,cold,0,echo_rtt,0.039,ok
fcc97ee87fca3ef9ce5a8bc4fea02e34975723da,iroh_dial_p115,discovery,cold,0,echo_rtt,0.032,ok
fcc97ee87fca3ef9ce5a8bc4fea02e34975723da,iroh_dial_p115,discovery,cold,0,echo_rtt,0.032,ok
fcc97ee87fca3ef9ce5a8bc4fea02e34975723da,iroh_dial_p115,discovery,cold,0,echo_rtt,0.029,ok
fcc97ee87fca3ef9ce5a8bc4fea02e34975723da,iroh_dial_p115,discovery,cold,0,echo_rtt,0.030,ok
fcc97ee87fca3ef9ce5a8bc4fea02e34975723da,iroh_dial_p115,discovery,cold,0,echo_rtt,0.029,ok
fcc97ee87fca3ef9ce5a8bc4fea02e34975723da,iroh_dial_p115,discovery,cold,0,echo_rtt,0.030,ok
fcc97ee87fca3ef9ce5a8bc4fea02e34975723da,iroh_dial_p115,discovery,cold,0,echo_rtt,0.030,ok
fcc97ee87fca3ef9ce5a8bc4fea02e34975723da,iroh_dial_p115,discovery,cold,0,echo_rtt,0.030,ok
fcc97ee87fca3ef9ce5a8bc4fea02e34975723da,iroh_dial_p115,discovery,cold,0,echo_rtt,0.029,ok
fcc97ee87fca3ef9ce5a8bc4fea02e34975723da,iroh_dial_p115,discovery,cold,0,echo_rtt,0.029,ok
fcc97ee87fca3ef9ce5a8bc4fea02e34975723da,iroh_dial_p115,discovery,cold,0,echo_rtt,0.032,ok
fcc97ee87fca3ef9ce5a8bc4fea02e34975723da,iroh_dial_p115,discovery,cold,0,echo_rtt,0.067,ok
fcc97ee87fca3ef9ce5a8bc4fea02e34975723da,iroh_dial_p115,discovery,cold,0,echo_rtt,0.040,ok
fcc97ee87fca3ef9ce5a8bc4fea02e34975723da,iroh_dial_p115,discovery,cold,0,echo_rtt,0.036,ok
fcc97ee87fca3ef9ce5a8bc4fea02e34975723da,iroh_dial_p115,discovery,cold,0,echo_rtt,0.033,ok
fcc97ee87fca3ef9ce5a8bc4fea02e34975723da,iroh_dial_p115,discovery,cold,0,echo_rtt,0.032,ok
fcc97ee87fca3ef9ce5a8bc4fea02e34975723da,iroh_dial_p115,discovery,cold,0,echo_rtt,0.031,ok
fcc97ee87fca3ef9ce5a8bc4fea02e34975723da,iroh_dial_p115,discovery,cold,0,echo_rtt,0.031,ok
fcc97ee87fca3ef9ce5a8bc4fea02e34975723da,iroh_dial_p115,discovery,cold,0,echo_rtt,0.030,ok
fcc97ee87fca3ef9ce5a8bc4fea02e34975723da,iroh_dial_p115,discovery,cold,0,echo_rtt,0.031,ok
fcc97ee87fca3ef9ce5a8bc4fea02e34975723da,iroh_dial_p115,discovery,cold,0,echo_rtt,0.030,ok
fcc97ee87fca3ef9ce5a8bc4fea02e34975723da,iroh_dial_p115,discovery,cold,0,echo_rtt,0.032,ok
fcc97ee87fca3ef9ce5a8bc4fea02e34975723da,iroh_dial_p115,discovery,cold,0,echo_rtt,0.030,ok
fcc97ee87fca3ef9ce5a8bc4fea02e34975723da,iroh_dial_p115,discovery,cold,0,echo_rtt,0.031,ok
fcc97ee87fca3ef9ce5a8bc4fea02e34975723da,iroh_dial_p115,discovery,cold,0,echo_rtt,0.072,ok
fcc97ee87fca3ef9ce5a8bc4fea02e34975723da,iroh_dial_p115,discovery,cold,0,echo_rtt,0.037,ok
fcc97ee87fca3ef9ce5a8bc4fea02e34975723da,iroh_dial_p115,discovery,cold,0,echo_rtt,0.033,ok
fcc97ee87fca3ef9ce5a8bc4fea02e34975723da,iroh_dial_p115,discovery,cold,0,echo_rtt,0.035,ok
fcc97ee87fca3ef9ce5a8bc4fea02e34975723da,iroh_dial_p115,discovery,cold,0,echo_rtt,0.032,ok
fcc97ee87fca3ef9ce5a8bc4fea02e34975723da,iroh_dial_p115,discovery,cold,0,echo_rtt,0.034,ok
fcc97ee87fca3ef9ce5a8bc4fea02e34975723da,iroh_dial_p115,discovery,cold,0,echo_rtt,0.034,ok
fcc97ee87fca3ef9ce5a8bc4fea02e34975723da,iroh_dial_p115,discovery,cold,0,echo_rtt,0.033,ok
fcc97ee87fca3ef9ce5a8bc4fea02e34975723da,iroh_dial_p115,discovery,cold,0,echo_rtt,0.032,ok
fcc97ee87fca3ef9ce5a8bc4fea02e34975723da,iroh_dial_p115,discovery,cold,0,echo_rtt,0.033,ok
fcc97ee87fca3ef9ce5a8bc4fea02e34975723da,iroh_dial_p115,discovery,cold,0,echo_rtt,0.033,ok
fcc97ee87fca3ef9ce5a8bc4fea02e34975723da,iroh_dial_p115,discovery,cold,0,echo_rtt,0.032,ok
fcc97ee87fca3ef9ce5a8bc4fea02e34975723da,iroh_dial_p115,discovery,cold,0,echo_rtt,0.032,ok
fcc97ee87fca3ef9ce5a8bc4fea02e34975723da,iroh_dial_p115,discovery,cold,0,echo_rtt,0.053,ok
fcc97ee87fca3ef9ce5a8bc4fea02e34975723da,iroh_dial_p115,discovery,cold,0,echo_rtt,0.037,ok
fcc97ee87fca3ef9ce5a8bc4fea02e34975723da,iroh_dial_p115,discovery,cold,0,echo_rtt,0.044,ok
fcc97ee87fca3ef9ce5a8bc4fea02e34975723da,iroh_dial_p115,discovery,cold,0,echo_rtt,0.037,ok
fcc97ee87fca3ef9ce5a8bc4fea02e34975723da,iroh_dial_p115,discovery,cold,0,echo_rtt,0.038,ok
fcc97ee87fca3ef9ce5a8bc4fea02e34975723da,iroh_dial_p115,discovery,cold,0,echo_rtt,0.035,ok
fcc97ee87fca3ef9ce5a8bc4fea02e34975723da,iroh_dial_p115,discovery,cold,0,echo_rtt,0.036,ok
fcc97ee87fca3ef9ce5a8bc4fea02e34975723da,iroh_dial_p115,discovery,cold,0,echo_rtt,0.035,ok
fcc97ee87fca3ef9ce5a8bc4fea02e34975723da,iroh_dial_p115,discovery,cold,0,echo_rtt,0.036,ok
fcc97ee87fca3ef9ce5a8bc4fea02e34975723da,iroh_dial_p115,discovery,cold,0,echo_rtt,0.100,ok
fcc97ee87fca3ef9ce5a8bc4fea02e34975723da,iroh_dial_p115,discovery,cold,0,echo_rtt,0.046,ok
fcc97ee87fca3ef9ce5a8bc4fea02e34975723da,iroh_dial_p115,discovery,cold,0,echo_rtt,0.045,ok
fcc97ee87fca3ef9ce5a8bc4fea02e34975723da,iroh_dial_p115,discovery,cold,0,echo_rtt,0.042,ok
fcc97ee87fca3ef9ce5a8bc4fea02e34975723da,iroh_dial_p115,discovery,cold,0,echo_rtt,0.038,ok
fcc97ee87fca3ef9ce5a8bc4fea02e34975723da,iroh_dial_p115,discovery,cold,0,echo_rtt,0.043,ok
fcc97ee87fca3ef9ce5a8bc4fea02e34975723da,iroh_dial_p115,discovery,cold,0,echo_rtt,0.036,ok
fcc97ee87fca3ef9ce5a8bc4fea02e34975723da,iroh_dial_p115,discovery,cold,0,echo_rtt,0.035,ok
fcc97ee87fca3ef9ce5a8bc4fea02e34975723da,iroh_dial_p115,discovery,cold,0,echo_rtt,0.033,ok
fcc97ee87fca3ef9ce5a8bc4fea02e34975723da,iroh_dial_p115,discovery,cold,0,echo_rtt,0.032,ok
fcc97ee87fca3ef9ce5a8bc4fea02e34975723da,iroh_dial_p115,discovery,cold,0,echo_rtt,0.032,ok
fcc97ee87fca3ef9ce5a8bc4fea02e34975723da,iroh_dial_p115,discovery,cold,0,echo_rtt,0.032,ok
fcc97ee87fca3ef9ce5a8bc4fea02e34975723da,iroh_dial_p115,discovery,cold,0,echo_rtt,0.035,ok
fcc97ee87fca3ef9ce5a8bc4fea02e34975723da,iroh_dial_p115,discovery,cold,0,echo_rtt,0.041,ok
fcc97ee87fca3ef9ce5a8bc4fea02e34975723da,iroh_dial_p115,discovery,cold,0,echo_rtt,0.033,ok
fcc97ee87fca3ef9ce5a8bc4fea02e34975723da,iroh_dial_p115,discovery,cold,0,echo_rtt,0.034,ok
fcc97ee87fca3ef9ce5a8bc4fea02e34975723da,iroh_dial_p115,discovery,cold,0,echo_rtt,0.036,ok
fcc97ee87fca3ef9ce5a8bc4fea02e34975723da,iroh_dial_p115,discovery,cold,0,echo_rtt,0.032,ok
fcc97ee87fca3ef9ce5a8bc4fea02e34975723da,iroh_dial_p115,discovery,cold,0,echo_rtt,0.031,ok
fcc97ee87fca3ef9ce5a8bc4fea02e34975723da,iroh_dial_p115,discovery,cold,0,echo_rtt,0.031,ok
fcc97ee87fca3ef9ce5a8bc4fea02e34975723da,iroh_dial_p115,discovery,cold,0,echo_rtt,0.036,ok
fcc97ee87fca3ef9ce5a8bc4fea02e34975723da,iroh_dial_p115,discovery,cold,0,echo_rtt,0.026,ok
fcc97ee87fca3ef9ce5a8bc4fea02e34975723da,iroh_dial_p115,discovery,cold,0,echo_rtt,0.037,ok
fcc97ee87fca3ef9ce5a8bc4fea02e34975723da,iroh_dial_p115,discovery,cold,0,echo_rtt,0.026,ok
fcc97ee87fca3ef9ce5a8bc4fea02e34975723da,iroh_dial_p115,discovery,cold,0,echo_rtt,0.036,ok
fcc97ee87fca3ef9ce5a8bc4fea02e34975723da,iroh_dial_p115,discovery,cold,0,echo_rtt,0.026,ok
fcc97ee87fca3ef9ce5a8bc4fea02e34975723da,iroh_dial_p115,discovery,cold,0,echo_rtt,0.036,ok
fcc97ee87fca3ef9ce5a8bc4fea02e34975723da,iroh_dial_p115,discovery,cold,0,echo_rtt,0.026,ok
fcc97ee87fca3ef9ce5a8bc4fea02e34975723da,iroh_dial_p115,discovery,cold,0,echo_rtt,0.036,ok
fcc97ee87fca3ef9ce5a8bc4fea02e34975723da,iroh_dial_p115,discovery,cold,0,echo_rtt,0.101,ok
fcc97ee87fca3ef9ce5a8bc4fea02e34975723da,iroh_dial_p115,discovery,cold,0,echo_rtt,0.133,ok
fcc97ee87fca3ef9ce5a8bc4fea02e34975723da,iroh_dial_p115,discovery,cold,0,echo_rtt,0.163,ok
fcc97ee87fca3ef9ce5a8bc4fea02e34975723da,iroh_dial_p115,discovery,cold,0,echo_rtt,0.082,ok
fcc97ee87fca3ef9ce5a8bc4fea02e34975723da,iroh_dial_p115,discovery,cold,0,echo_rtt,0.053,ok
fcc97ee87fca3ef9ce5a8bc4fea02e34975723da,iroh_dial_p115,discovery,cold,0,echo_rtt,0.035,ok
fcc97ee87fca3ef9ce5a8bc4fea02e34975723da,iroh_dial_p115,discovery,cold,0,echo_rtt,0.048,ok
fcc97ee87fca3ef9ce5a8bc4fea02e34975723da,iroh_dial_p115,discovery,cold,0,echo_rtt,0.031,ok
fcc97ee87fca3ef9ce5a8bc4fea02e34975723da,iroh_dial_p115,discovery,cold,0,echo_rtt,0.037,ok
fcc97ee87fca3ef9ce5a8bc4fea02e34975723da,iroh_dial_p115,discovery,cold,0,echo_rtt,0.029,ok
fcc97ee87fca3ef9ce5a8bc4fea02e34975723da,iroh_dial_p115,discovery,cold,0,echo_rtt,0.040,ok
fcc97ee87fca3ef9ce5a8bc4fea02e34975723da,iroh_dial_p115,discovery,cold,0,echo_rtt,0.029,ok
fcc97ee87fca3ef9ce5a8bc4fea02e34975723da,iroh_dial_p115,discovery,cold,0,echo_rtt,0.058,ok
fcc97ee87fca3ef9ce5a8bc4fea02e34975723da,iroh_dial_p115,discovery,cold,0,echo_rtt,0.029,ok
fcc97ee87fca3ef9ce5a8bc4fea02e34975723da,iroh_dial_p115,discovery,cold,0,echo_rtt,0.039,ok
fcc97ee87fca3ef9ce5a8bc4fea02e34975723da,iroh_dial_p115,discovery,cold,0,echo_rtt,0.028,ok
fcc97ee87fca3ef9ce5a8bc4fea02e34975723da,iroh_dial_p115,discovery,cold,0,echo_rtt,0.038,ok
fcc97ee87fca3ef9ce5a8bc4fea02e34975723da,iroh_dial_p115,discovery,cold,0,echo_rtt,0.028,ok
fcc97ee87fca3ef9ce5a8bc4fea02e34975723da,iroh_dial_p115,discovery,cold,0,echo_rtt,0.038,ok
fcc97ee87fca3ef9ce5a8bc4fea02e34975723da,iroh_dial_p115,discovery,cold,0,echo_rtt,0.027,ok
fcc97ee87fca3ef9ce5a8bc4fea02e34975723da,iroh_dial_p115,discovery,cold,0,echo_rtt,0.037,ok
fcc97ee87fca3ef9ce5a8bc4fea02e34975723da,iroh_dial_p115,discovery,cold,0,echo_rtt,0.027,ok
fcc97ee87fca3ef9ce5a8bc4fea02e34975723da,iroh_dial_p115,discovery,cold,0,echo_rtt,0.036,ok
fcc97ee87fca3ef9ce5a8bc4fea02e34975723da,iroh_dial_p115,discovery,cold,0,echo_rtt,0.027,ok
fcc97ee87fca3ef9ce5a8bc4fea02e34975723da,iroh_dial_p115,discovery,cold,0,runtime_start,0.474,ok
fcc97ee87fca3ef9ce5a8bc4fea02e34975723da,iroh_dial_p115,discovery,cold,0,endpoint_bind,1.524,ok
fcc97ee87fca3ef9ce5a8bc4fea02e34975723da,iroh_dial_p115,discovery,cold,0,address_lookup,1.608,ok
fcc97ee87fca3ef9ce5a8bc4fea02e34975723da,iroh_dial_p115,discovery,cold,0,dial_handshake,192.123,ok
fcc97ee87fca3ef9ce5a8bc4fea02e34975723da,iroh_dial_p115,discovery,cold,0,stream_open,83.452,ok
fcc97ee87fca3ef9ce5a8bc4fea02e34975723da,iroh_dial_p115,discovery,cold,0,echo_rtt,0.041,ok
fcc97ee87fca3ef9ce5a8bc4fea02e34975723da,iroh_dial_p115,discovery,cold,0,echo_rtt,0.032,ok
fcc97ee87fca3ef9ce5a8bc4fea02e34975723da,iroh_dial_p115,discovery,cold,0,echo_rtt,0.032,ok
fcc97ee87fca3ef9ce5a8bc4fea02e34975723da,iroh_dial_p115,discovery,cold,0,echo_rtt,0.030,ok
fcc97ee87fca3ef9ce5a8bc4fea02e34975723da,iroh_dial_p115,discovery,cold,0,echo_rtt,0.030,ok
fcc97ee87fca3ef9ce5a8bc4fea02e34975723da,iroh_dial_p115,discovery,cold,0,echo_rtt,0.029,ok
fcc97ee87fca3ef9ce5a8bc4fea02e34975723da,iroh_dial_p115,discovery,cold,0,echo_rtt,0.030,ok
fcc97ee87fca3ef9ce5a8bc4fea02e34975723da,iroh_dial_p115,discovery,cold,0,echo_rtt,0.029,ok
fcc97ee87fca3ef9ce5a8bc4fea02e34975723da,iroh_dial_p115,discovery,cold,0,echo_rtt,0.029,ok
fcc97ee87fca3ef9ce5a8bc4fea02e34975723da,iroh_dial_p115,discovery,cold,0,echo_rtt,0.029,ok
fcc97ee87fca3ef9ce5a8bc4fea02e34975723da,iroh_dial_p115,discovery,cold,0,echo_rtt,0.030,ok
fcc97ee87fca3ef9ce5a8bc4fea02e34975723da,iroh_dial_p115,discovery,cold,0,echo_rtt,0.029,ok
fcc97ee87fca3ef9ce5a8bc4fea02e34975723da,iroh_dial_p115,discovery,cold,0,echo_rtt,0.030,ok
fcc97ee87fca3ef9ce5a8bc4fea02e34975723da,iroh_dial_p115,discovery,cold,0,echo_rtt,0.029,ok
fcc97ee87fca3ef9ce5a8bc4fea02e34975723da,iroh_dial_p115,discovery,cold,0,echo_rtt,0.033,ok
fcc97ee87fca3ef9ce5a8bc4fea02e34975723da,iroh_dial_p115,discovery,cold,0,echo_rtt,0.029,ok
fcc97ee87fca3ef9ce5a8bc4fea02e34975723da,iroh_dial_p115,discovery,cold,0,echo_rtt,0.030,ok
fcc97ee87fca3ef9ce5a8bc4fea02e34975723da,iroh_dial_p115,discovery,cold,0,echo_rtt,0.032,ok
fcc97ee87fca3ef9ce5a8bc4fea02e34975723da,iroh_dial_p115,discovery,cold,0,echo_rtt,0.046,ok
fcc97ee87fca3ef9ce5a8bc4fea02e34975723da,iroh_dial_p115,discovery,cold,0,echo_rtt,0.035,ok
fcc97ee87fca3ef9ce5a8bc4fea02e34975723da,iroh_dial_p115,discovery,cold,0,echo_rtt,0.033,ok
fcc97ee87fca3ef9ce5a8bc4fea02e34975723da,iroh_dial_p115,discovery,cold,0,echo_rtt,0.031,ok
fcc97ee87fca3ef9ce5a8bc4fea02e34975723da,iroh_dial_p115,discovery,cold,0,echo_rtt,0.031,ok
fcc97ee87fca3ef9ce5a8bc4fea02e34975723da,iroh_dial_p115,discovery,cold,0,echo_rtt,0.029,ok
fcc97ee87fca3ef9ce5a8bc4fea02e34975723da,iroh_dial_p115,discovery,cold,0,echo_rtt,0.030,ok
fcc97ee87fca3ef9ce5a8bc4fea02e34975723da,iroh_dial_p115,discovery,cold,0,echo_rtt,0.029,ok
fcc97ee87fca3ef9ce5a8bc4fea02e34975723da,iroh_dial_p115,discovery,cold,0,echo_rtt,0.030,ok
fcc97ee87fca3ef9ce5a8bc4fea02e34975723da,iroh_dial_p115,discovery,cold,0,echo_rtt,0.029,ok
fcc97ee87fca3ef9ce5a8bc4fea02e34975723da,iroh_dial_p115,discovery,cold,0,echo_rtt,0.030,ok
fcc97ee87fca3ef9ce5a8bc4fea02e34975723da,iroh_dial_p115,discovery,cold,0,echo_rtt,0.029,ok
fcc97ee87fca3ef9ce5a8bc4fea02e34975723da,iroh_dial_p115,discovery,cold,0,echo_rtt,0.030,ok
fcc97ee87fca3ef9ce5a8bc4fea02e34975723da,iroh_dial_p115,discovery,cold,0,echo_rtt,0.029,ok
fcc97ee87fca3ef9ce5a8bc4fea02e34975723da,iroh_dial_p115,discovery,cold,0,echo_rtt,0.030,ok
fcc97ee87fca3ef9ce5a8bc4fea02e34975723da,iroh_dial_p115,discovery,cold,0,echo_rtt,0.029,ok
fcc97ee87fca3ef9ce5a8bc4fea02e34975723da,iroh_dial_p115,discovery,cold,0,echo_rtt,0.030,ok
fcc97ee87fca3ef9ce5a8bc4fea02e34975723da,iroh_dial_p115,discovery,cold,0,echo_rtt,0.028,ok
fcc97ee87fca3ef9ce5a8bc4fea02e34975723da,iroh_dial_p115,discovery,cold,0,echo_rtt,0.029,ok
fcc97ee87fca3ef9ce5a8bc4fea02e34975723da,iroh_dial_p115,discovery,cold,0,echo_rtt,0.029,ok
fcc97ee87fca3ef9ce5a8bc4fea02e34975723da,iroh_dial_p115,discovery,cold,0,echo_rtt,0.031,ok
fcc97ee87fca3ef9ce5a8bc4fea02e34975723da,iroh_dial_p115,discovery,cold,0,echo_rtt,0.029,ok
fcc97ee87fca3ef9ce5a8bc4fea02e34975723da,iroh_dial_p115,discovery,cold,0,echo_rtt,0.030,ok
fcc97ee87fca3ef9ce5a8bc4fea02e34975723da,iroh_dial_p115,discovery,cold,0,echo_rtt,0.029,ok
fcc97ee87fca3ef9ce5a8bc4fea02e34975723da,iroh_dial_p115,discovery,cold,0,echo_rtt,0.030,ok
fcc97ee87fca3ef9ce5a8bc4fea02e34975723da,iroh_dial_p115,discovery,cold,0,echo_rtt,0.029,ok
fcc97ee87fca3ef9ce5a8bc4fea02e34975723da,iroh_dial_p115,discovery,cold,0,echo_rtt,0.030,ok
fcc97ee87fca3ef9ce5a8bc4fea02e34975723da,iroh_dial_p115,discovery,cold,0,echo_rtt,0.030,ok
fcc97ee87fca3ef9ce5a8bc4fea02e34975723da,iroh_dial_p115,discovery,cold,0,echo_rtt,0.031,ok
fcc97ee87fca3ef9ce5a8bc4fea02e34975723da,iroh_dial_p115,discovery,cold,0,echo_rtt,0.030,ok
fcc97ee87fca3ef9ce5a8bc4fea02e34975723da,iroh_dial_p115,discovery,cold,0,echo_rtt,0.030,ok
fcc97ee87fca3ef9ce5a8bc4fea02e34975723da,iroh_dial_p115,discovery,cold,0,echo_rtt,0.029,ok
fcc97ee87fca3ef9ce5a8bc4fea02e34975723da,iroh_dial_p115,discovery,cold,0,echo_rtt,0.029,ok
fcc97ee87fca3ef9ce5a8bc4fea02e34975723da,iroh_dial_p115,discovery,cold,0,echo_rtt,0.029,ok
fcc97ee87fca3ef9ce5a8bc4fea02e34975723da,iroh_dial_p115,discovery,cold,0,echo_rtt,0.030,ok
fcc97ee87fca3ef9ce5a8bc4fea02e34975723da,iroh_dial_p115,discovery,cold,0,echo_rtt,0.029,ok
fcc97ee87fca3ef9ce5a8bc4fea02e34975723da,iroh_dial_p115,discovery,cold,0,echo_rtt,0.030,ok
fcc97ee87fca3ef9ce5a8bc4fea02e34975723da,iroh_dial_p115,discovery,cold,0,echo_rtt,0.029,ok
fcc97ee87fca3ef9ce5a8bc4fea02e34975723da,iroh_dial_p115,discovery,cold,0,echo_rtt,0.030,ok
fcc97ee87fca3ef9ce5a8bc4fea02e34975723da,iroh_dial_p115,discovery,cold,0,echo_rtt,0.029,ok
fcc97ee87fca3ef9ce5a8bc4fea02e34975723da,iroh_dial_p115,discovery,cold,0,echo_rtt,0.030,ok
fcc97ee87fca3ef9ce5a8bc4fea02e34975723da,iroh_dial_p115,discovery,cold,0,echo_rtt,0.029,ok
fcc97ee87fca3ef9ce5a8bc4fea02e34975723da,iroh_dial_p115,discovery,cold,0,echo_rtt,0.030,ok
fcc97ee87fca3ef9ce5a8bc4fea02e34975723da,iroh_dial_p115,discovery,cold,0,echo_rtt,0.029,ok
fcc97ee87fca3ef9ce5a8bc4fea02e34975723da,iroh_dial_p115,discovery,cold,0,echo_rtt,0.030,ok
fcc97ee87fca3ef9ce5a8bc4fea02e34975723da,iroh_dial_p115,discovery,cold,0,echo_rtt,0.029,ok
fcc97ee87fca3ef9ce5a8bc4fea02e34975723da,iroh_dial_p115,discovery,cold,0,echo_rtt,0.047,ok
fcc97ee87fca3ef9ce5a8bc4fea02e34975723da,iroh_dial_p115,discovery,cold,0,echo_rtt,0.081,ok
fcc97ee87fca3ef9ce5a8bc4fea02e34975723da,iroh_dial_p115,discovery,cold,0,echo_rtt,0.038,ok
fcc97ee87fca3ef9ce5a8bc4fea02e34975723da,iroh_dial_p115,discovery,cold,0,echo_rtt,0.030,ok
fcc97ee87fca3ef9ce5a8bc4fea02e34975723da,iroh_dial_p115,discovery,cold,0,echo_rtt,0.031,ok
fcc97ee87fca3ef9ce5a8bc4fea02e34975723da,iroh_dial_p115,discovery,cold,0,echo_rtt,0.035,ok
fcc97ee87fca3ef9ce5a8bc4fea02e34975723da,iroh_dial_p115,discovery,cold,0,echo_rtt,0.039,ok
fcc97ee87fca3ef9ce5a8bc4fea02e34975723da,iroh_dial_p115,discovery,cold,0,echo_rtt,0.026,ok
fcc97ee87fca3ef9ce5a8bc4fea02e34975723da,iroh_dial_p115,discovery,cold,0,echo_rtt,0.035,ok
fcc97ee87fca3ef9ce5a8bc4fea02e34975723da,iroh_dial_p115,discovery,cold,0,echo_rtt,0.122,ok
fcc97ee87fca3ef9ce5a8bc4fea02e34975723da,iroh_dial_p115,discovery,cold,0,echo_rtt,0.130,ok
fcc97ee87fca3ef9ce5a8bc4fea02e34975723da,iroh_dial_p115,discovery,cold,0,echo_rtt,0.094,ok
fcc97ee87fca3ef9ce5a8bc4fea02e34975723da,iroh_dial_p115,discovery,cold,0,echo_rtt,0.069,ok
fcc97ee87fca3ef9ce5a8bc4fea02e34975723da,iroh_dial_p115,discovery,cold,0,echo_rtt,0.042,ok
fcc97ee87fca3ef9ce5a8bc4fea02e34975723da,iroh_dial_p115,discovery,cold,0,echo_rtt,0.064,ok
fcc97ee87fca3ef9ce5a8bc4fea02e34975723da,iroh_dial_p115,discovery,cold,0,echo_rtt,0.030,ok
fcc97ee87fca3ef9ce5a8bc4fea02e34975723da,iroh_dial_p115,discovery,cold,0,echo_rtt,0.038,ok
fcc97ee87fca3ef9ce5a8bc4fea02e34975723da,iroh_dial_p115,discovery,cold,0,echo_rtt,0.031,ok
fcc97ee87fca3ef9ce5a8bc4fea02e34975723da,iroh_dial_p115,discovery,cold,0,echo_rtt,0.045,ok
fcc97ee87fca3ef9ce5a8bc4fea02e34975723da,iroh_dial_p115,discovery,cold,0,echo_rtt,0.031,ok
fcc97ee87fca3ef9ce5a8bc4fea02e34975723da,iroh_dial_p115,discovery,cold,0,echo_rtt,0.044,ok
fcc97ee87fca3ef9ce5a8bc4fea02e34975723da,iroh_dial_p115,discovery,cold,0,echo_rtt,0.033,ok
fcc97ee87fca3ef9ce5a8bc4fea02e34975723da,iroh_dial_p115,discovery,cold,0,echo_rtt,0.046,ok
fcc97ee87fca3ef9ce5a8bc4fea02e34975723da,iroh_dial_p115,discovery,cold,0,echo_rtt,0.035,ok
fcc97ee87fca3ef9ce5a8bc4fea02e34975723da,iroh_dial_p115,discovery,cold,0,echo_rtt,0.044,ok
fcc97ee87fca3ef9ce5a8bc4fea02e34975723da,iroh_dial_p115,discovery,cold,0,echo_rtt,0.031,ok
fcc97ee87fca3ef9ce5a8bc4fea02e34975723da,iroh_dial_p115,discovery,cold,0,echo_rtt,0.040,ok
fcc97ee87fca3ef9ce5a8bc4fea02e34975723da,iroh_dial_p115,discovery,cold,0,echo_rtt,0.031,ok
fcc97ee87fca3ef9ce5a8bc4fea02e34975723da,iroh_dial_p115,discovery,cold,0,echo_rtt,0.040,ok
fcc97ee87fca3ef9ce5a8bc4fea02e34975723da,iroh_dial_p115,discovery,cold,0,echo_rtt,0.046,ok
fcc97ee87fca3ef9ce5a8bc4fea02e34975723da,iroh_dial_p115,discovery,cold,0,echo_rtt,0.049,ok
fcc97ee87fca3ef9ce5a8bc4fea02e34975723da,iroh_dial_p115,discovery,cold,0,echo_rtt,0.032,ok
fcc97ee87fca3ef9ce5a8bc4fea02e34975723da,iroh_dial_p115,discovery,cold,0,echo_rtt,0.041,ok
fcc97ee87fca3ef9ce5a8bc4fea02e34975723da,iroh_dial_p115,discovery,cold,0,echo_rtt,0.030,ok
fcc97ee87fca3ef9ce5a8bc4fea02e34975723da,iroh_dial_p115,discovery,cold,0,echo_rtt,0.040,ok
fcc97ee87fca3ef9ce5a8bc4fea02e34975723da,iroh_dial_p115,discovery,cold,0,echo_rtt,0.030,ok
fcc97ee87fca3ef9ce5a8bc4fea02e34975723da,iroh_dial_p115,discovery,cold,0,runtime_start,0.344,ok
fcc97ee87fca3ef9ce5a8bc4fea02e34975723da,iroh_dial_p115,discovery,cold,0,endpoint_bind,1.482,ok
fcc97ee87fca3ef9ce5a8bc4fea02e34975723da,iroh_dial_p115,discovery,cold,0,address_lookup,1.623,ok
fcc97ee87fca3ef9ce5a8bc4fea02e34975723da,iroh_dial_p115,discovery,cold,0,dial_handshake,195.340,ok
fcc97ee87fca3ef9ce5a8bc4fea02e34975723da,iroh_dial_p115,discovery,cold,0,stream_open,84.054,ok
fcc97ee87fca3ef9ce5a8bc4fea02e34975723da,iroh_dial_p115,discovery,cold,0,echo_rtt,0.046,ok
fcc97ee87fca3ef9ce5a8bc4fea02e34975723da,iroh_dial_p115,discovery,cold,0,echo_rtt,0.036,ok
fcc97ee87fca3ef9ce5a8bc4fea02e34975723da,iroh_dial_p115,discovery,cold,0,echo_rtt,0.033,ok
fcc97ee87fca3ef9ce5a8bc4fea02e34975723da,iroh_dial_p115,discovery,cold,0,echo_rtt,0.030,ok
fcc97ee87fca3ef9ce5a8bc4fea02e34975723da,iroh_dial_p115,discovery,cold,0,echo_rtt,0.030,ok
fcc97ee87fca3ef9ce5a8bc4fea02e34975723da,iroh_dial_p115,discovery,cold,0,echo_rtt,0.029,ok
fcc97ee87fca3ef9ce5a8bc4fea02e34975723da,iroh_dial_p115,discovery,cold,0,echo_rtt,0.030,ok
fcc97ee87fca3ef9ce5a8bc4fea02e34975723da,iroh_dial_p115,discovery,cold,0,echo_rtt,0.029,ok
fcc97ee87fca3ef9ce5a8bc4fea02e34975723da,iroh_dial_p115,discovery,cold,0,echo_rtt,0.030,ok
fcc97ee87fca3ef9ce5a8bc4fea02e34975723da,iroh_dial_p115,discovery,cold,0,echo_rtt,0.029,ok
fcc97ee87fca3ef9ce5a8bc4fea02e34975723da,iroh_dial_p115,discovery,cold,0,echo_rtt,0.030,ok
fcc97ee87fca3ef9ce5a8bc4fea02e34975723da,iroh_dial_p115,discovery,cold,0,echo_rtt,0.029,ok
fcc97ee87fca3ef9ce5a8bc4fea02e34975723da,iroh_dial_p115,discovery,cold,0,echo_rtt,0.030,ok
fcc97ee87fca3ef9ce5a8bc4fea02e34975723da,iroh_dial_p115,discovery,cold,0,echo_rtt,0.029,ok
fcc97ee87fca3ef9ce5a8bc4fea02e34975723da,iroh_dial_p115,discovery,cold,0,echo_rtt,0.030,ok
fcc97ee87fca3ef9ce5a8bc4fea02e34975723da,iroh_dial_p115,discovery,cold,0,echo_rtt,0.030,ok
fcc97ee87fca3ef9ce5a8bc4fea02e34975723da,iroh_dial_p115,discovery,cold,0,echo_rtt,0.031,ok
fcc97ee87fca3ef9ce5a8bc4fea02e34975723da,iroh_dial_p115,discovery,cold,0,echo_rtt,0.030,ok
fcc97ee87fca3ef9ce5a8bc4fea02e34975723da,iroh_dial_p115,discovery,cold,0,echo_rtt,0.030,ok
fcc97ee87fca3ef9ce5a8bc4fea02e34975723da,iroh_dial_p115,discovery,cold,0,echo_rtt,0.032,ok
fcc97ee87fca3ef9ce5a8bc4fea02e34975723da,iroh_dial_p115,discovery,cold,0,echo_rtt,0.066,ok
fcc97ee87fca3ef9ce5a8bc4fea02e34975723da,iroh_dial_p115,discovery,cold,0,echo_rtt,0.040,ok
fcc97ee87fca3ef9ce5a8bc4fea02e34975723da,iroh_dial_p115,discovery,cold,0,echo_rtt,0.039,ok
fcc97ee87fca3ef9ce5a8bc4fea02e34975723da,iroh_dial_p115,discovery,cold,0,echo_rtt,0.072,ok
fcc97ee87fca3ef9ce5a8bc4fea02e34975723da,iroh_dial_p115,discovery,cold,0,echo_rtt,0.046,ok
fcc97ee87fca3ef9ce5a8bc4fea02e34975723da,iroh_dial_p115,discovery,cold,0,echo_rtt,0.038,ok
fcc97ee87fca3ef9ce5a8bc4fea02e34975723da,iroh_dial_p115,discovery,cold,0,echo_rtt,0.036,ok
fcc97ee87fca3ef9ce5a8bc4fea02e34975723da,iroh_dial_p115,discovery,cold,0,echo_rtt,0.035,ok
fcc97ee87fca3ef9ce5a8bc4fea02e34975723da,iroh_dial_p115,discovery,cold,0,echo_rtt,0.039,ok
fcc97ee87fca3ef9ce5a8bc4fea02e34975723da,iroh_dial_p115,discovery,cold,0,echo_rtt,0.035,ok
fcc97ee87fca3ef9ce5a8bc4fea02e34975723da,iroh_dial_p115,discovery,cold,0,echo_rtt,0.035,ok
fcc97ee87fca3ef9ce5a8bc4fea02e34975723da,iroh_dial_p115,discovery,cold,0,echo_rtt,0.034,ok
fcc97ee87fca3ef9ce5a8bc4fea02e34975723da,iroh_dial_p115,discovery,cold,0,echo_rtt,0.036,ok
fcc97ee87fca3ef9ce5a8bc4fea02e34975723da,iroh_dial_p115,discovery,cold,0,echo_rtt,0.045,ok
fcc97ee87fca3ef9ce5a8bc4fea02e34975723da,iroh_dial_p115,discovery,cold,0,echo_rtt,0.133,ok
fcc97ee87fca3ef9ce5a8bc4fea02e34975723da,iroh_dial_p115,discovery,cold,0,echo_rtt,0.041,ok
fcc97ee87fca3ef9ce5a8bc4fea02e34975723da,iroh_dial_p115,discovery,cold,0,echo_rtt,0.041,ok
fcc97ee87fca3ef9ce5a8bc4fea02e34975723da,iroh_dial_p115,discovery,cold,0,echo_rtt,0.039,ok
fcc97ee87fca3ef9ce5a8bc4fea02e34975723da,iroh_dial_p115,discovery,cold,0,echo_rtt,0.038,ok
fcc97ee87fca3ef9ce5a8bc4fea02e34975723da,iroh_dial_p115,discovery,cold,0,echo_rtt,0.035,ok
fcc97ee87fca3ef9ce5a8bc4fea02e34975723da,iroh_dial_p115,discovery,cold,0,echo_rtt,0.046,ok
fcc97ee87fca3ef9ce5a8bc4fea02e34975723da,iroh_dial_p115,discovery,cold,0,echo_rtt,0.040,ok
fcc97ee87fca3ef9ce5a8bc4fea02e34975723da,iroh_dial_p115,discovery,cold,0,echo_rtt,0.036,ok
fcc97ee87fca3ef9ce5a8bc4fea02e34975723da,iroh_dial_p115,discovery,cold,0,echo_rtt,0.037,ok
fcc97ee87fca3ef9ce5a8bc4fea02e34975723da,iroh_dial_p115,discovery,cold,0,echo_rtt,0.043,ok
fcc97ee87fca3ef9ce5a8bc4fea02e34975723da,iroh_dial_p115,discovery,cold,0,echo_rtt,0.039,ok
fcc97ee87fca3ef9ce5a8bc4fea02e34975723da,iroh_dial_p115,discovery,cold,0,echo_rtt,0.039,ok
fcc97ee87fca3ef9ce5a8bc4fea02e34975723da,iroh_dial_p115,discovery,cold,0,echo_rtt,0.036,ok
fcc97ee87fca3ef9ce5a8bc4fea02e34975723da,iroh_dial_p115,discovery,cold,0,echo_rtt,0.042,ok
fcc97ee87fca3ef9ce5a8bc4fea02e34975723da,iroh_dial_p115,discovery,cold,0,echo_rtt,0.035,ok
fcc97ee87fca3ef9ce5a8bc4fea02e34975723da,iroh_dial_p115,discovery,cold,0,echo_rtt,0.043,ok
fcc97ee87fca3ef9ce5a8bc4fea02e34975723da,iroh_dial_p115,discovery,cold,0,echo_rtt,0.055,ok
fcc97ee87fca3ef9ce5a8bc4fea02e34975723da,iroh_dial_p115,discovery,cold,0,echo_rtt,0.047,ok
fcc97ee87fca3ef9ce5a8bc4fea02e34975723da,iroh_dial_p115,discovery,cold,0,echo_rtt,0.037,ok
fcc97ee87fca3ef9ce5a8bc4fea02e34975723da,iroh_dial_p115,discovery,cold,0,echo_rtt,0.038,ok
fcc97ee87fca3ef9ce5a8bc4fea02e34975723da,iroh_dial_p115,discovery,cold,0,echo_rtt,0.042,ok
fcc97ee87fca3ef9ce5a8bc4fea02e34975723da,iroh_dial_p115,discovery,cold,0,echo_rtt,0.032,ok
fcc97ee87fca3ef9ce5a8bc4fea02e34975723da,iroh_dial_p115,discovery,cold,0,echo_rtt,0.042,ok
fcc97ee87fca3ef9ce5a8bc4fea02e34975723da,iroh_dial_p115,discovery,cold,0,echo_rtt,0.030,ok
fcc97ee87fca3ef9ce5a8bc4fea02e34975723da,iroh_dial_p115,discovery,cold,0,echo_rtt,0.041,ok
fcc97ee87fca3ef9ce5a8bc4fea02e34975723da,iroh_dial_p115,discovery,cold,0,echo_rtt,0.030,ok
fcc97ee87fca3ef9ce5a8bc4fea02e34975723da,iroh_dial_p115,discovery,cold,0,echo_rtt,0.040,ok
fcc97ee87fca3ef9ce5a8bc4fea02e34975723da,iroh_dial_p115,discovery,cold,0,echo_rtt,0.052,ok
fcc97ee87fca3ef9ce5a8bc4fea02e34975723da,iroh_dial_p115,discovery,cold,0,echo_rtt,0.113,ok
fcc97ee87fca3ef9ce5a8bc4fea02e34975723da,iroh_dial_p115,discovery,cold,0,echo_rtt,0.179,ok
fcc97ee87fca3ef9ce5a8bc4fea02e34975723da,iroh_dial_p115,discovery,cold,0,echo_rtt,0.070,ok
fcc97ee87fca3ef9ce5a8bc4fea02e34975723da,iroh_dial_p115,discovery,cold,0,echo_rtt,0.062,ok
fcc97ee87fca3ef9ce5a8bc4fea02e34975723da,iroh_dial_p115,discovery,cold,0,echo_rtt,0.045,ok
fcc97ee87fca3ef9ce5a8bc4fea02e34975723da,iroh_dial_p115,discovery,cold,0,echo_rtt,0.033,ok
fcc97ee87fca3ef9ce5a8bc4fea02e34975723da,iroh_dial_p115,discovery,cold,0,echo_rtt,0.042,ok
fcc97ee87fca3ef9ce5a8bc4fea02e34975723da,iroh_dial_p115,discovery,cold,0,echo_rtt,0.030,ok
fcc97ee87fca3ef9ce5a8bc4fea02e34975723da,iroh_dial_p115,discovery,cold,0,echo_rtt,0.042,ok
fcc97ee87fca3ef9ce5a8bc4fea02e34975723da,iroh_dial_p115,discovery,cold,0,echo_rtt,0.030,ok
fcc97ee87fca3ef9ce5a8bc4fea02e34975723da,iroh_dial_p115,discovery,cold,0,echo_rtt,0.040,ok
fcc97ee87fca3ef9ce5a8bc4fea02e34975723da,iroh_dial_p115,discovery,cold,0,echo_rtt,0.030,ok
fcc97ee87fca3ef9ce5a8bc4fea02e34975723da,iroh_dial_p115,discovery,cold,0,echo_rtt,0.039,ok
fcc97ee87fca3ef9ce5a8bc4fea02e34975723da,iroh_dial_p115,discovery,cold,0,echo_rtt,0.029,ok
fcc97ee87fca3ef9ce5a8bc4fea02e34975723da,iroh_dial_p115,discovery,cold,0,echo_rtt,0.040,ok
fcc97ee87fca3ef9ce5a8bc4fea02e34975723da,iroh_dial_p115,discovery,cold,0,echo_rtt,0.041,ok
fcc97ee87fca3ef9ce5a8bc4fea02e34975723da,iroh_dial_p115,discovery,cold,0,echo_rtt,0.042,ok
fcc97ee87fca3ef9ce5a8bc4fea02e34975723da,iroh_dial_p115,discovery,cold,0,echo_rtt,0.030,ok
fcc97ee87fca3ef9ce5a8bc4fea02e34975723da,iroh_dial_p115,discovery,cold,0,echo_rtt,0.040,ok
fcc97ee87fca3ef9ce5a8bc4fea02e34975723da,iroh_dial_p115,discovery,cold,0,echo_rtt,0.029,ok
fcc97ee87fca3ef9ce5a8bc4fea02e34975723da,iroh_dial_p115,discovery,cold,0,echo_rtt,0.039,ok
fcc97ee87fca3ef9ce5a8bc4fea02e34975723da,iroh_dial_p115,discovery,cold,0,echo_rtt,0.030,ok
fcc97ee87fca3ef9ce5a8bc4fea02e34975723da,iroh_dial_p115,discovery,cold,0,echo_rtt,0.039,ok
fcc97ee87fca3ef9ce5a8bc4fea02e34975723da,iroh_dial_p115,discovery,cold,0,echo_rtt,0.028,ok
fcc97ee87fca3ef9ce5a8bc4fea02e34975723da,iroh_dial_p115,discovery,cold,0,echo_rtt,0.039,ok
fcc97ee87fca3ef9ce5a8bc4fea02e34975723da,iroh_dial_p115,discovery,cold,0,echo_rtt,0.029,ok
fcc97ee87fca3ef9ce5a8bc4fea02e34975723da,iroh_dial_p115,discovery,cold,0,echo_rtt,0.039,ok
fcc97ee87fca3ef9ce5a8bc4fea02e34975723da,iroh_dial_p115,discovery,cold,0,echo_rtt,0.028,ok
fcc97ee87fca3ef9ce5a8bc4fea02e34975723da,iroh_dial_p115,discovery,cold,0,echo_rtt,0.037,ok
fcc97ee87fca3ef9ce5a8bc4fea02e34975723da,iroh_dial_p115,discovery,cold,0,echo_rtt,0.029,ok
fcc97ee87fca3ef9ce5a8bc4fea02e34975723da,iroh_dial_p115,discovery,cold,0,echo_rtt,0.036,ok
fcc97ee87fca3ef9ce5a8bc4fea02e34975723da,iroh_dial_p115,discovery,cold,0,echo_rtt,0.028,ok
fcc97ee87fca3ef9ce5a8bc4fea02e34975723da,iroh_dial_p115,discovery,cold,0,echo_rtt,0.039,ok
fcc97ee87fca3ef9ce5a8bc4fea02e34975723da,iroh_dial_p115,discovery,cold,0,echo_rtt,0.030,ok
fcc97ee87fca3ef9ce5a8bc4fea02e34975723da,iroh_dial_p115,discovery,cold,0,echo_rtt,0.053,ok
fcc97ee87fca3ef9ce5a8bc4fea02e34975723da,iroh_dial_p115,discovery,cold,0,echo_rtt,0.033,ok
fcc97ee87fca3ef9ce5a8bc4fea02e34975723da,iroh_dial_p115,discovery,cold,0,echo_rtt,0.042,ok
fcc97ee87fca3ef9ce5a8bc4fea02e34975723da,iroh_dial_p115,discovery,cold,0,runtime_start,0.362,ok
fcc97ee87fca3ef9ce5a8bc4fea02e34975723da,iroh_dial_p115,discovery,cold,0,endpoint_bind,1.365,ok
fcc97ee87fca3ef9ce5a8bc4fea02e34975723da,iroh_dial_p115,discovery,cold,0,address_lookup,1.528,ok
fcc97ee87fca3ef9ce5a8bc4fea02e34975723da,iroh_dial_p115,discovery,cold,0,dial_handshake,192.722,ok
fcc97ee87fca3ef9ce5a8bc4fea02e34975723da,iroh_dial_p115,discovery,cold,0,stream_open,83.578,ok
fcc97ee87fca3ef9ce5a8bc4fea02e34975723da,iroh_dial_p115,discovery,cold,0,echo_rtt,0.042,ok
fcc97ee87fca3ef9ce5a8bc4fea02e34975723da,iroh_dial_p115,discovery,cold,0,echo_rtt,0.045,ok
fcc97ee87fca3ef9ce5a8bc4fea02e34975723da,iroh_dial_p115,discovery,cold,0,echo_rtt,0.055,ok
fcc97ee87fca3ef9ce5a8bc4fea02e34975723da,iroh_dial_p115,discovery,cold,0,echo_rtt,0.038,ok
fcc97ee87fca3ef9ce5a8bc4fea02e34975723da,iroh_dial_p115,discovery,cold,0,echo_rtt,0.034,ok
fcc97ee87fca3ef9ce5a8bc4fea02e34975723da,iroh_dial_p115,discovery,cold,0,echo_rtt,0.064,ok
fcc97ee87fca3ef9ce5a8bc4fea02e34975723da,iroh_dial_p115,discovery,cold,0,echo_rtt,0.066,ok
fcc97ee87fca3ef9ce5a8bc4fea02e34975723da,iroh_dial_p115,discovery,cold,0,echo_rtt,0.032,ok
fcc97ee87fca3ef9ce5a8bc4fea02e34975723da,iroh_dial_p115,discovery,cold,0,echo_rtt,0.030,ok
fcc97ee87fca3ef9ce5a8bc4fea02e34975723da,iroh_dial_p115,discovery,cold,0,echo_rtt,0.030,ok
fcc97ee87fca3ef9ce5a8bc4fea02e34975723da,iroh_dial_p115,discovery,cold,0,echo_rtt,0.029,ok
fcc97ee87fca3ef9ce5a8bc4fea02e34975723da,iroh_dial_p115,discovery,cold,0,echo_rtt,0.030,ok
fcc97ee87fca3ef9ce5a8bc4fea02e34975723da,iroh_dial_p115,discovery,cold,0,echo_rtt,0.029,ok
fcc97ee87fca3ef9ce5a8bc4fea02e34975723da,iroh_dial_p115,discovery,cold,0,echo_rtt,0.030,ok
fcc97ee87fca3ef9ce5a8bc4fea02e34975723da,iroh_dial_p115,discovery,cold,0,echo_rtt,0.028,ok
fcc97ee87fca3ef9ce5a8bc4fea02e34975723da,iroh_dial_p115,discovery,cold,0,echo_rtt,0.030,ok
fcc97ee87fca3ef9ce5a8bc4fea02e34975723da,iroh_dial_p115,discovery,cold,0,echo_rtt,0.029,ok
fcc97ee87fca3ef9ce5a8bc4fea02e34975723da,iroh_dial_p115,discovery,cold,0,echo_rtt,0.030,ok
fcc97ee87fca3ef9ce5a8bc4fea02e34975723da,iroh_dial_p115,discovery,cold,0,echo_rtt,0.029,ok
fcc97ee87fca3ef9ce5a8bc4fea02e34975723da,iroh_dial_p115,discovery,cold,0,echo_rtt,0.030,ok
fcc97ee87fca3ef9ce5a8bc4fea02e34975723da,iroh_dial_p115,discovery,cold,0,echo_rtt,0.029,ok
fcc97ee87fca3ef9ce5a8bc4fea02e34975723da,iroh_dial_p115,discovery,cold,0,echo_rtt,0.030,ok
fcc97ee87fca3ef9ce5a8bc4fea02e34975723da,iroh_dial_p115,discovery,cold,0,echo_rtt,0.029,ok
fcc97ee87fca3ef9ce5a8bc4fea02e34975723da,iroh_dial_p115,discovery,cold,0,echo_rtt,0.030,ok
fcc97ee87fca3ef9ce5a8bc4fea02e34975723da,iroh_dial_p115,discovery,cold,0,echo_rtt,0.034,ok
fcc97ee87fca3ef9ce5a8bc4fea02e34975723da,iroh_dial_p115,discovery,cold,0,echo_rtt,0.031,ok
fcc97ee87fca3ef9ce5a8bc4fea02e34975723da,iroh_dial_p115,discovery,cold,0,echo_rtt,0.028,ok
fcc97ee87fca3ef9ce5a8bc4fea02e34975723da,iroh_dial_p115,discovery,cold,0,echo_rtt,0.030,ok
fcc97ee87fca3ef9ce5a8bc4fea02e34975723da,iroh_dial_p115,discovery,cold,0,echo_rtt,0.029,ok
fcc97ee87fca3ef9ce5a8bc4fea02e34975723da,iroh_dial_p115,discovery,cold,0,echo_rtt,0.030,ok
fcc97ee87fca3ef9ce5a8bc4fea02e34975723da,iroh_dial_p115,discovery,cold,0,echo_rtt,0.030,ok
fcc97ee87fca3ef9ce5a8bc4fea02e34975723da,iroh_dial_p115,discovery,cold,0,echo_rtt,0.030,ok
fcc97ee87fca3ef9ce5a8bc4fea02e34975723da,iroh_dial_p115,discovery,cold,0,echo_rtt,0.029,ok
fcc97ee87fca3ef9ce5a8bc4fea02e34975723da,iroh_dial_p115,discovery,cold,0,echo_rtt,0.030,ok
fcc97ee87fca3ef9ce5a8bc4fea02e34975723da,iroh_dial_p115,discovery,cold,0,echo_rtt,0.029,ok
fcc97ee87fca3ef9ce5a8bc4fea02e34975723da,iroh_dial_p115,discovery,cold,0,echo_rtt,0.030,ok
fcc97ee87fca3ef9ce5a8bc4fea02e34975723da,iroh_dial_p115,discovery,cold,0,echo_rtt,0.029,ok
fcc97ee87fca3ef9ce5a8bc4fea02e34975723da,iroh_dial_p115,discovery,cold,0,echo_rtt,0.029,ok
fcc97ee87fca3ef9ce5a8bc4fea02e34975723da,iroh_dial_p115,discovery,cold,0,echo_rtt,0.041,ok
fcc97ee87fca3ef9ce5a8bc4fea02e34975723da,iroh_dial_p115,discovery,cold,0,echo_rtt,0.070,ok
fcc97ee87fca3ef9ce5a8bc4fea02e34975723da,iroh_dial_p115,discovery,cold,0,echo_rtt,0.029,ok
fcc97ee87fca3ef9ce5a8bc4fea02e34975723da,iroh_dial_p115,discovery,cold,0,echo_rtt,0.030,ok
fcc97ee87fca3ef9ce5a8bc4fea02e34975723da,iroh_dial_p115,discovery,cold,0,echo_rtt,0.029,ok
fcc97ee87fca3ef9ce5a8bc4fea02e34975723da,iroh_dial_p115,discovery,cold,0,echo_rtt,0.030,ok
fcc97ee87fca3ef9ce5a8bc4fea02e34975723da,iroh_dial_p115,discovery,cold,0,echo_rtt,0.029,ok
fcc97ee87fca3ef9ce5a8bc4fea02e34975723da,iroh_dial_p115,discovery,cold,0,echo_rtt,0.030,ok
fcc97ee87fca3ef9ce5a8bc4fea02e34975723da,iroh_dial_p115,discovery,cold,0,echo_rtt,0.029,ok
fcc97ee87fca3ef9ce5a8bc4fea02e34975723da,iroh_dial_p115,discovery,cold,0,echo_rtt,0.030,ok
fcc97ee87fca3ef9ce5a8bc4fea02e34975723da,iroh_dial_p115,discovery,cold,0,echo_rtt,0.028,ok
fcc97ee87fca3ef9ce5a8bc4fea02e34975723da,iroh_dial_p115,discovery,cold,0,echo_rtt,0.030,ok
fcc97ee87fca3ef9ce5a8bc4fea02e34975723da,iroh_dial_p115,discovery,cold,0,echo_rtt,0.029,ok
fcc97ee87fca3ef9ce5a8bc4fea02e34975723da,iroh_dial_p115,discovery,cold,0,echo_rtt,0.030,ok
fcc97ee87fca3ef9ce5a8bc4fea02e34975723da,iroh_dial_p115,discovery,cold,0,echo_rtt,0.029,ok
fcc97ee87fca3ef9ce5a8bc4fea02e34975723da,iroh_dial_p115,discovery,cold,0,echo_rtt,0.030,ok
fcc97ee87fca3ef9ce5a8bc4fea02e34975723da,iroh_dial_p115,discovery,cold,0,echo_rtt,0.028,ok
fcc97ee87fca3ef9ce5a8bc4fea02e34975723da,iroh_dial_p115,discovery,cold,0,echo_rtt,0.031,ok
fcc97ee87fca3ef9ce5a8bc4fea02e34975723da,iroh_dial_p115,discovery,cold,0,echo_rtt,0.029,ok
fcc97ee87fca3ef9ce5a8bc4fea02e34975723da,iroh_dial_p115,discovery,cold,0,echo_rtt,0.030,ok
fcc97ee87fca3ef9ce5a8bc4fea02e34975723da,iroh_dial_p115,discovery,cold,0,echo_rtt,0.029,ok
fcc97ee87fca3ef9ce5a8bc4fea02e34975723da,iroh_dial_p115,discovery,cold,0,echo_rtt,0.044,ok
fcc97ee87fca3ef9ce5a8bc4fea02e34975723da,iroh_dial_p115,discovery,cold,0,echo_rtt,0.030,ok
fcc97ee87fca3ef9ce5a8bc4fea02e34975723da,iroh_dial_p115,discovery,cold,0,echo_rtt,0.032,ok
fcc97ee87fca3ef9ce5a8bc4fea02e34975723da,iroh_dial_p115,discovery,cold,0,echo_rtt,0.029,ok
fcc97ee87fca3ef9ce5a8bc4fea02e34975723da,iroh_dial_p115,discovery,cold,0,echo_rtt,0.030,ok
fcc97ee87fca3ef9ce5a8bc4fea02e34975723da,iroh_dial_p115,discovery,cold,0,echo_rtt,0.029,ok
fcc97ee87fca3ef9ce5a8bc4fea02e34975723da,iroh_dial_p115,discovery,cold,0,echo_rtt,0.030,ok
fcc97ee87fca3ef9ce5a8bc4fea02e34975723da,iroh_dial_p115,discovery,cold,0,echo_rtt,0.029,ok
fcc97ee87fca3ef9ce5a8bc4fea02e34975723da,iroh_dial_p115,discovery,cold,0,echo_rtt,0.030,ok
fcc97ee87fca3ef9ce5a8bc4fea02e34975723da,iroh_dial_p115,discovery,cold,0,echo_rtt,0.029,ok
fcc97ee87fca3ef9ce5a8bc4fea02e34975723da,iroh_dial_p115,discovery,cold,0,echo_rtt,0.029,ok
fcc97ee87fca3ef9ce5a8bc4fea02e34975723da,iroh_dial_p115,discovery,cold,0,echo_rtt,0.029,ok
fcc97ee87fca3ef9ce5a8bc4fea02e34975723da,iroh_dial_p115,discovery,cold,0,echo_rtt,0.030,ok
fcc97ee87fca3ef9ce5a8bc4fea02e34975723da,iroh_dial_p115,discovery,cold,0,echo_rtt,0.028,ok
fcc97ee87fca3ef9ce5a8bc4fea02e34975723da,iroh_dial_p115,discovery,cold,0,echo_rtt,0.030,ok
fcc97ee87fca3ef9ce5a8bc4fea02e34975723da,iroh_dial_p115,discovery,cold,0,echo_rtt,0.030,ok
fcc97ee87fca3ef9ce5a8bc4fea02e34975723da,iroh_dial_p115,discovery,cold,0,echo_rtt,0.029,ok
fcc97ee87fca3ef9ce5a8bc4fea02e34975723da,iroh_dial_p115,discovery,cold,0,echo_rtt,0.029,ok
fcc97ee87fca3ef9ce5a8bc4fea02e34975723da,iroh_dial_p115,discovery,cold,0,echo_rtt,0.030,ok
fcc97ee87fca3ef9ce5a8bc4fea02e34975723da,iroh_dial_p115,discovery,cold,0,echo_rtt,0.028,ok
fcc97ee87fca3ef9ce5a8bc4fea02e34975723da,iroh_dial_p115,discovery,cold,0,echo_rtt,0.029,ok
fcc97ee87fca3ef9ce5a8bc4fea02e34975723da,iroh_dial_p115,discovery,cold,0,echo_rtt,0.028,ok
fcc97ee87fca3ef9ce5a8bc4fea02e34975723da,iroh_dial_p115,discovery,cold,0,echo_rtt,0.029,ok
fcc97ee87fca3ef9ce5a8bc4fea02e34975723da,iroh_dial_p115,discovery,cold,0,echo_rtt,0.030,ok
fcc97ee87fca3ef9ce5a8bc4fea02e34975723da,iroh_dial_p115,discovery,cold,0,echo_rtt,0.030,ok
fcc97ee87fca3ef9ce5a8bc4fea02e34975723da,iroh_dial_p115,discovery,cold,0,echo_rtt,0.029,ok
fcc97ee87fca3ef9ce5a8bc4fea02e34975723da,iroh_dial_p115,discovery,cold,0,echo_rtt,0.029,ok
fcc97ee87fca3ef9ce5a8bc4fea02e34975723da,iroh_dial_p115,discovery,cold,0,echo_rtt,0.028,ok
fcc97ee87fca3ef9ce5a8bc4fea02e34975723da,iroh_dial_p115,discovery,cold,0,echo_rtt,0.034,ok
fcc97ee87fca3ef9ce5a8bc4fea02e34975723da,iroh_dial_p115,discovery,cold,0,echo_rtt,0.029,ok
fcc97ee87fca3ef9ce5a8bc4fea02e34975723da,iroh_dial_p115,discovery,cold,0,echo_rtt,0.030,ok
fcc97ee87fca3ef9ce5a8bc4fea02e34975723da,iroh_dial_p115,discovery,cold,0,echo_rtt,0.035,ok
fcc97ee87fca3ef9ce5a8bc4fea02e34975723da,iroh_dial_p115,discovery,cold,0,echo_rtt,0.036,ok
fcc97ee87fca3ef9ce5a8bc4fea02e34975723da,iroh_dial_p115,discovery,cold,0,echo_rtt,0.037,ok
fcc97ee87fca3ef9ce5a8bc4fea02e34975723da,iroh_dial_p115,discovery,cold,0,echo_rtt,0.042,ok
fcc97ee87fca3ef9ce5a8bc4fea02e34975723da,iroh_dial_p115,discovery,cold,0,echo_rtt,0.031,ok
fcc97ee87fca3ef9ce5a8bc4fea02e34975723da,iroh_dial_p115,discovery,cold,0,echo_rtt,0.031,ok
fcc97ee87fca3ef9ce5a8bc4fea02e34975723da,iroh_dial_p115,discovery,cold,0,echo_rtt,0.105,ok
fcc97ee87fca3ef9ce5a8bc4fea02e34975723da,iroh_dial_p115,discovery,cold,0,echo_rtt,0.076,ok
fcc97ee87fca3ef9ce5a8bc4fea02e34975723da,iroh_dial_p115,discovery,cold,0,echo_rtt,0.086,ok
fcc97ee87fca3ef9ce5a8bc4fea02e34975723da,iroh_dial_p115,discovery,cold,0,echo_rtt,0.088,ok
fcc97ee87fca3ef9ce5a8bc4fea02e34975723da,iroh_dial_p115,discovery,cold,0,runtime_start,0.367,ok
fcc97ee87fca3ef9ce5a8bc4fea02e34975723da,iroh_dial_p115,discovery,cold,0,endpoint_bind,1.464,ok
fcc97ee87fca3ef9ce5a8bc4fea02e34975723da,iroh_dial_p115,discovery,cold,0,address_lookup,1.714,ok
fcc97ee87fca3ef9ce5a8bc4fea02e34975723da,iroh_dial_p115,discovery,cold,0,dial_handshake,194.252,ok
fcc97ee87fca3ef9ce5a8bc4fea02e34975723da,iroh_dial_p115,discovery,cold,0,stream_open,83.799,ok
fcc97ee87fca3ef9ce5a8bc4fea02e34975723da,iroh_dial_p115,discovery,cold,0,echo_rtt,0.048,ok
fcc97ee87fca3ef9ce5a8bc4fea02e34975723da,iroh_dial_p115,discovery,cold,0,echo_rtt,0.052,ok
fcc97ee87fca3ef9ce5a8bc4fea02e34975723da,iroh_dial_p115,discovery,cold,0,echo_rtt,0.052,ok
fcc97ee87fca3ef9ce5a8bc4fea02e34975723da,iroh_dial_p115,discovery,cold,0,echo_rtt,0.051,ok
fcc97ee87fca3ef9ce5a8bc4fea02e34975723da,iroh_dial_p115,discovery,cold,0,echo_rtt,0.032,ok
fcc97ee87fca3ef9ce5a8bc4fea02e34975723da,iroh_dial_p115,discovery,cold,0,echo_rtt,0.041,ok
fcc97ee87fca3ef9ce5a8bc4fea02e34975723da,iroh_dial_p115,discovery,cold,0,echo_rtt,0.034,ok
fcc97ee87fca3ef9ce5a8bc4fea02e34975723da,iroh_dial_p115,discovery,cold,0,echo_rtt,0.048,ok
fcc97ee87fca3ef9ce5a8bc4fea02e34975723da,iroh_dial_p115,discovery,cold,0,echo_rtt,0.032,ok
fcc97ee87fca3ef9ce5a8bc4fea02e34975723da,iroh_dial_p115,discovery,cold,0,echo_rtt,0.043,ok
fcc97ee87fca3ef9ce5a8bc4fea02e34975723da,iroh_dial_p115,discovery,cold,0,echo_rtt,0.030,ok
fcc97ee87fca3ef9ce5a8bc4fea02e34975723da,iroh_dial_p115,discovery,cold,0,echo_rtt,0.040,ok
fcc97ee87fca3ef9ce5a8bc4fea02e34975723da,iroh_dial_p115,discovery,cold,0,echo_rtt,0.035,ok
fcc97ee87fca3ef9ce5a8bc4fea02e34975723da,iroh_dial_p115,discovery,cold,0,echo_rtt,0.043,ok
fcc97ee87fca3ef9ce5a8bc4fea02e34975723da,iroh_dial_p115,discovery,cold,0,echo_rtt,0.031,ok
fcc97ee87fca3ef9ce5a8bc4fea02e34975723da,iroh_dial_p115,discovery,cold,0,echo_rtt,0.040,ok
fcc97ee87fca3ef9ce5a8bc4fea02e34975723da,iroh_dial_p115,discovery,cold,0,echo_rtt,0.029,ok
fcc97ee87fca3ef9ce5a8bc4fea02e34975723da,iroh_dial_p115,discovery,cold,0,echo_rtt,0.041,ok
fcc97ee87fca3ef9ce5a8bc4fea02e34975723da,iroh_dial_p115,discovery,cold,0,echo_rtt,0.028,ok
fcc97ee87fca3ef9ce5a8bc4fea02e34975723da,iroh_dial_p115,discovery,cold,0,echo_rtt,0.039,ok
fcc97ee87fca3ef9ce5a8bc4fea02e34975723da,iroh_dial_p115,discovery,cold,0,echo_rtt,0.028,ok
fcc97ee87fca3ef9ce5a8bc4fea02e34975723da,iroh_dial_p115,discovery,cold,0,echo_rtt,0.038,ok
fcc97ee87fca3ef9ce5a8bc4fea02e34975723da,iroh_dial_p115,discovery,cold,0,echo_rtt,0.028,ok
fcc97ee87fca3ef9ce5a8bc4fea02e34975723da,iroh_dial_p115,discovery,cold,0,echo_rtt,0.039,ok
fcc97ee87fca3ef9ce5a8bc4fea02e34975723da,iroh_dial_p115,discovery,cold,0,echo_rtt,0.032,ok
fcc97ee87fca3ef9ce5a8bc4fea02e34975723da,iroh_dial_p115,discovery,cold,0,echo_rtt,0.038,ok
fcc97ee87fca3ef9ce5a8bc4fea02e34975723da,iroh_dial_p115,discovery,cold,0,echo_rtt,0.028,ok
fcc97ee87fca3ef9ce5a8bc4fea02e34975723da,iroh_dial_p115,discovery,cold,0,echo_rtt,0.038,ok
fcc97ee87fca3ef9ce5a8bc4fea02e34975723da,iroh_dial_p115,discovery,cold,0,echo_rtt,0.028,ok
fcc97ee87fca3ef9ce5a8bc4fea02e34975723da,iroh_dial_p115,discovery,cold,0,echo_rtt,0.038,ok
fcc97ee87fca3ef9ce5a8bc4fea02e34975723da,iroh_dial_p115,discovery,cold,0,echo_rtt,0.028,ok
fcc97ee87fca3ef9ce5a8bc4fea02e34975723da,iroh_dial_p115,discovery,cold,0,echo_rtt,0.038,ok
fcc97ee87fca3ef9ce5a8bc4fea02e34975723da,iroh_dial_p115,discovery,cold,0,echo_rtt,0.029,ok
fcc97ee87fca3ef9ce5a8bc4fea02e34975723da,iroh_dial_p115,discovery,cold,0,echo_rtt,0.038,ok
fcc97ee87fca3ef9ce5a8bc4fea02e34975723da,iroh_dial_p115,discovery,cold,0,echo_rtt,0.028,ok
fcc97ee87fca3ef9ce5a8bc4fea02e34975723da,iroh_dial_p115,discovery,cold,0,echo_rtt,0.038,ok
fcc97ee87fca3ef9ce5a8bc4fea02e34975723da,iroh_dial_p115,discovery,cold,0,echo_rtt,0.028,ok
fcc97ee87fca3ef9ce5a8bc4fea02e34975723da,iroh_dial_p115,discovery,cold,0,echo_rtt,0.038,ok
fcc97ee87fca3ef9ce5a8bc4fea02e34975723da,iroh_dial_p115,discovery,cold,0,echo_rtt,0.028,ok
fcc97ee87fca3ef9ce5a8bc4fea02e34975723da,iroh_dial_p115,discovery,cold,0,echo_rtt,0.038,ok
fcc97ee87fca3ef9ce5a8bc4fea02e34975723da,iroh_dial_p115,discovery,cold,0,echo_rtt,0.028,ok
fcc97ee87fca3ef9ce5a8bc4fea02e34975723da,iroh_dial_p115,discovery,cold,0,echo_rtt,0.037,ok
fcc97ee87fca3ef9ce5a8bc4fea02e34975723da,iroh_dial_p115,discovery,cold,0,echo_rtt,0.045,ok
fcc97ee87fca3ef9ce5a8bc4fea02e34975723da,iroh_dial_p115,discovery,cold,0,echo_rtt,0.049,ok
fcc97ee87fca3ef9ce5a8bc4fea02e34975723da,iroh_dial_p115,discovery,cold,0,echo_rtt,0.032,ok
fcc97ee87fca3ef9ce5a8bc4fea02e34975723da,iroh_dial_p115,discovery,cold,0,echo_rtt,0.039,ok
fcc97ee87fca3ef9ce5a8bc4fea02e34975723da,iroh_dial_p115,discovery,cold,0,echo_rtt,0.028,ok
fcc97ee87fca3ef9ce5a8bc4fea02e34975723da,iroh_dial_p115,discovery,cold,0,echo_rtt,0.039,ok
fcc97ee87fca3ef9ce5a8bc4fea02e34975723da,iroh_dial_p115,discovery,cold,0,echo_rtt,0.028,ok
fcc97ee87fca3ef9ce5a8bc4fea02e34975723da,iroh_dial_p115,discovery,cold,0,echo_rtt,0.037,ok
fcc97ee87fca3ef9ce5a8bc4fea02e34975723da,iroh_dial_p115,discovery,cold,0,echo_rtt,0.028,ok
fcc97ee87fca3ef9ce5a8bc4fea02e34975723da,iroh_dial_p115,discovery,cold,0,echo_rtt,0.042,ok
fcc97ee87fca3ef9ce5a8bc4fea02e34975723da,iroh_dial_p115,discovery,cold,0,echo_rtt,0.030,ok
fcc97ee87fca3ef9ce5a8bc4fea02e34975723da,iroh_dial_p115,discovery,cold,0,echo_rtt,0.038,ok
fcc97ee87fca3ef9ce5a8bc4fea02e34975723da,iroh_dial_p115,discovery,cold,0,echo_rtt,0.038,ok
fcc97ee87fca3ef9ce5a8bc4fea02e34975723da,iroh_dial_p115,discovery,cold,0,echo_rtt,0.051,ok
fcc97ee87fca3ef9ce5a8bc4fea02e34975723da,iroh_dial_p115,discovery,cold,0,echo_rtt,0.030,ok
fcc97ee87fca3ef9ce5a8bc4fea02e34975723da,iroh_dial_p115,discovery,cold,0,echo_rtt,0.053,ok
fcc97ee87fca3ef9ce5a8bc4fea02e34975723da,iroh_dial_p115,discovery,cold,0,echo_rtt,0.029,ok
fcc97ee87fca3ef9ce5a8bc4fea02e34975723da,iroh_dial_p115,discovery,cold,0,echo_rtt,0.039,ok
fcc97ee87fca3ef9ce5a8bc4fea02e34975723da,iroh_dial_p115,discovery,cold,0,echo_rtt,0.045,ok
fcc97ee87fca3ef9ce5a8bc4fea02e34975723da,iroh_dial_p115,discovery,cold,0,echo_rtt,0.038,ok
fcc97ee87fca3ef9ce5a8bc4fea02e34975723da,iroh_dial_p115,discovery,cold,0,echo_rtt,0.049,ok
fcc97ee87fca3ef9ce5a8bc4fea02e34975723da,iroh_dial_p115,discovery,cold,0,echo_rtt,0.106,ok
fcc97ee87fca3ef9ce5a8bc4fea02e34975723da,iroh_dial_p115,discovery,cold,0,echo_rtt,0.194,ok
fcc97ee87fca3ef9ce5a8bc4fea02e34975723da,iroh_dial_p115,discovery,cold,0,echo_rtt,0.071,ok
fcc97ee87fca3ef9ce5a8bc4fea02e34975723da,iroh_dial_p115,discovery,cold,0,echo_rtt,0.039,ok
fcc97ee87fca3ef9ce5a8bc4fea02e34975723da,iroh_dial_p115,discovery,cold,0,echo_rtt,0.037,ok
fcc97ee87fca3ef9ce5a8bc4fea02e34975723da,iroh_dial_p115,discovery,cold,0,echo_rtt,0.035,ok
fcc97ee87fca3ef9ce5a8bc4fea02e34975723da,iroh_dial_p115,discovery,cold,0,echo_rtt,0.034,ok
fcc97ee87fca3ef9ce5a8bc4fea02e34975723da,iroh_dial_p115,discovery,cold,0,echo_rtt,0.037,ok
fcc97ee87fca3ef9ce5a8bc4fea02e34975723da,iroh_dial_p115,discovery,cold,0,echo_rtt,0.035,ok
fcc97ee87fca3ef9ce5a8bc4fea02e34975723da,iroh_dial_p115,discovery,cold,0,echo_rtt,0.050,ok
fcc97ee87fca3ef9ce5a8bc4fea02e34975723da,iroh_dial_p115,discovery,cold,0,echo_rtt,0.067,ok
fcc97ee87fca3ef9ce5a8bc4fea02e34975723da,iroh_dial_p115,discovery,cold,0,echo_rtt,0.039,ok
fcc97ee87fca3ef9ce5a8bc4fea02e34975723da,iroh_dial_p115,discovery,cold,0,echo_rtt,0.038,ok
fcc97ee87fca3ef9ce5a8bc4fea02e34975723da,iroh_dial_p115,discovery,cold,0,echo_rtt,0.039,ok
fcc97ee87fca3ef9ce5a8bc4fea02e34975723da,iroh_dial_p115,discovery,cold,0,echo_rtt,0.035,ok
fcc97ee87fca3ef9ce5a8bc4fea02e34975723da,iroh_dial_p115,discovery,cold,0,echo_rtt,0.033,ok
fcc97ee87fca3ef9ce5a8bc4fea02e34975723da,iroh_dial_p115,discovery,cold,0,echo_rtt,0.033,ok
fcc97ee87fca3ef9ce5a8bc4fea02e34975723da,iroh_dial_p115,discovery,cold,0,echo_rtt,0.031,ok
fcc97ee87fca3ef9ce5a8bc4fea02e34975723da,iroh_dial_p115,discovery,cold,0,echo_rtt,0.052,ok
fcc97ee87fca3ef9ce5a8bc4fea02e34975723da,iroh_dial_p115,discovery,cold,0,echo_rtt,0.037,ok
fcc97ee87fca3ef9ce5a8bc4fea02e34975723da,iroh_dial_p115,discovery,cold,0,echo_rtt,0.048,ok
fcc97ee87fca3ef9ce5a8bc4fea02e34975723da,iroh_dial_p115,discovery,cold,0,echo_rtt,0.053,ok
fcc97ee87fca3ef9ce5a8bc4fea02e34975723da,iroh_dial_p115,discovery,cold,0,echo_rtt,0.035,ok
fcc97ee87fca3ef9ce5a8bc4fea02e34975723da,iroh_dial_p115,discovery,cold,0,echo_rtt,0.035,ok
fcc97ee87fca3ef9ce5a8bc4fea02e34975723da,iroh_dial_p115,discovery,cold,0,echo_rtt,0.043,ok
fcc97ee87fca3ef9ce5a8bc4fea02e34975723da,iroh_dial_p115,discovery,cold,0,echo_rtt,0.032,ok
fcc97ee87fca3ef9ce5a8bc4fea02e34975723da,iroh_dial_p115,discovery,cold,0,echo_rtt,0.033,ok
fcc97ee87fca3ef9ce5a8bc4fea02e34975723da,iroh_dial_p115,discovery,cold,0,echo_rtt,0.031,ok
fcc97ee87fca3ef9ce5a8bc4fea02e34975723da,iroh_dial_p115,discovery,cold,0,echo_rtt,0.031,ok
fcc97ee87fca3ef9ce5a8bc4fea02e34975723da,iroh_dial_p115,discovery,cold,0,echo_rtt,0.033,ok
fcc97ee87fca3ef9ce5a8bc4fea02e34975723da,iroh_dial_p115,discovery,cold,0,echo_rtt,0.032,ok
fcc97ee87fca3ef9ce5a8bc4fea02e34975723da,iroh_dial_p115,discovery,cold,0,echo_rtt,0.032,ok
fcc97ee87fca3ef9ce5a8bc4fea02e34975723da,iroh_dial_p115,discovery,cold,0,echo_rtt,0.051,ok
fcc97ee87fca3ef9ce5a8bc4fea02e34975723da,iroh_dial_p115,discovery,cold,0,echo_rtt,0.034,ok
fcc97ee87fca3ef9ce5a8bc4fea02e34975723da,iroh_dial_p115,discovery,cold,0,echo_rtt,0.031,ok
fcc97ee87fca3ef9ce5a8bc4fea02e34975723da,iroh_dial_p115,discovery,cold,0,echo_rtt,0.038,ok
fcc97ee87fca3ef9ce5a8bc4fea02e34975723da,iroh_dial_p115,discovery,cold,0,echo_rtt,0.032,ok
fcc97ee87fca3ef9ce5a8bc4fea02e34975723da,iroh_dial_p115,discovery,cold,0,runtime_start,0.387,ok
fcc97ee87fca3ef9ce5a8bc4fea02e34975723da,iroh_dial_p115,discovery,cold,0,endpoint_bind,1.404,ok
fcc97ee87fca3ef9ce5a8bc4fea02e34975723da,iroh_dial_p115,discovery,cold,0,address_lookup,1.745,ok
fcc97ee87fca3ef9ce5a8bc4fea02e34975723da,iroh_dial_p115,discovery,cold,0,dial_handshake,200.918,ok
fcc97ee87fca3ef9ce5a8bc4fea02e34975723da,iroh_dial_p115,discovery,cold,0,stream_open,85.507,ok
fcc97ee87fca3ef9ce5a8bc4fea02e34975723da,iroh_dial_p115,discovery,cold,0,echo_rtt,0.044,ok
fcc97ee87fca3ef9ce5a8bc4fea02e34975723da,iroh_dial_p115,discovery,cold,0,echo_rtt,0.033,ok
fcc97ee87fca3ef9ce5a8bc4fea02e34975723da,iroh_dial_p115,discovery,cold,0,echo_rtt,0.034,ok
fcc97ee87fca3ef9ce5a8bc4fea02e34975723da,iroh_dial_p115,discovery,cold,0,echo_rtt,0.029,ok
fcc97ee87fca3ef9ce5a8bc4fea02e34975723da,iroh_dial_p115,discovery,cold,0,echo_rtt,0.032,ok
fcc97ee87fca3ef9ce5a8bc4fea02e34975723da,iroh_dial_p115,discovery,cold,0,echo_rtt,0.029,ok
fcc97ee87fca3ef9ce5a8bc4fea02e34975723da,iroh_dial_p115,discovery,cold,0,echo_rtt,0.031,ok
fcc97ee87fca3ef9ce5a8bc4fea02e34975723da,iroh_dial_p115,discovery,cold,0,echo_rtt,0.029,ok
fcc97ee87fca3ef9ce5a8bc4fea02e34975723da,iroh_dial_p115,discovery,cold,0,echo_rtt,0.030,ok
fcc97ee87fca3ef9ce5a8bc4fea02e34975723da,iroh_dial_p115,discovery,cold,0,echo_rtt,0.029,ok
fcc97ee87fca3ef9ce5a8bc4fea02e34975723da,iroh_dial_p115,discovery,cold,0,echo_rtt,0.030,ok
fcc97ee87fca3ef9ce5a8bc4fea02e34975723da,iroh_dial_p115,discovery,cold,0,echo_rtt,0.028,ok
fcc97ee87fca3ef9ce5a8bc4fea02e34975723da,iroh_dial_p115,discovery,cold,0,echo_rtt,0.029,ok
fcc97ee87fca3ef9ce5a8bc4fea02e34975723da,iroh_dial_p115,discovery,cold,0,echo_rtt,0.029,ok
fcc97ee87fca3ef9ce5a8bc4fea02e34975723da,iroh_dial_p115,discovery,cold,0,echo_rtt,0.047,ok
fcc97ee87fca3ef9ce5a8bc4fea02e34975723da,iroh_dial_p115,discovery,cold,0,echo_rtt,0.037,ok
fcc97ee87fca3ef9ce5a8bc4fea02e34975723da,iroh_dial_p115,discovery,cold,0,echo_rtt,0.037,ok
fcc97ee87fca3ef9ce5a8bc4fea02e34975723da,iroh_dial_p115,discovery,cold,0,echo_rtt,0.031,ok
fcc97ee87fca3ef9ce5a8bc4fea02e34975723da,iroh_dial_p115,discovery,cold,0,echo_rtt,0.032,ok
fcc97ee87fca3ef9ce5a8bc4fea02e34975723da,iroh_dial_p115,discovery,cold,0,echo_rtt,0.029,ok
fcc97ee87fca3ef9ce5a8bc4fea02e34975723da,iroh_dial_p115,discovery,cold,0,echo_rtt,0.035,ok
fcc97ee87fca3ef9ce5a8bc4fea02e34975723da,iroh_dial_p115,discovery,cold,0,echo_rtt,0.048,ok
fcc97ee87fca3ef9ce5a8bc4fea02e34975723da,iroh_dial_p115,discovery,cold,0,echo_rtt,0.032,ok
fcc97ee87fca3ef9ce5a8bc4fea02e34975723da,iroh_dial_p115,discovery,cold,0,echo_rtt,0.030,ok
fcc97ee87fca3ef9ce5a8bc4fea02e34975723da,iroh_dial_p115,discovery,cold,0,echo_rtt,0.031,ok
fcc97ee87fca3ef9ce5a8bc4fea02e34975723da,iroh_dial_p115,discovery,cold,0,echo_rtt,0.030,ok
fcc97ee87fca3ef9ce5a8bc4fea02e34975723da,iroh_dial_p115,discovery,cold,0,echo_rtt,0.031,ok
fcc97ee87fca3ef9ce5a8bc4fea02e34975723da,iroh_dial_p115,discovery,cold,0,echo_rtt,0.051,ok
fcc97ee87fca3ef9ce5a8bc4fea02e34975723da,iroh_dial_p115,discovery,cold,0,echo_rtt,0.043,ok
fcc97ee87fca3ef9ce5a8bc4fea02e34975723da,iroh_dial_p115,discovery,cold,0,echo_rtt,0.036,ok
fcc97ee87fca3ef9ce5a8bc4fea02e34975723da,iroh_dial_p115,discovery,cold,0,echo_rtt,0.034,ok
fcc97ee87fca3ef9ce5a8bc4fea02e34975723da,iroh_dial_p115,discovery,cold,0,echo_rtt,0.047,ok
fcc97ee87fca3ef9ce5a8bc4fea02e34975723da,iroh_dial_p115,discovery,cold,0,echo_rtt,0.030,ok
fcc97ee87fca3ef9ce5a8bc4fea02e34975723da,iroh_dial_p115,discovery,cold,0,echo_rtt,0.039,ok
fcc97ee87fca3ef9ce5a8bc4fea02e34975723da,iroh_dial_p115,discovery,cold,0,echo_rtt,0.040,ok
fcc97ee87fca3ef9ce5a8bc4fea02e34975723da,iroh_dial_p115,discovery,cold,0,echo_rtt,0.031,ok
fcc97ee87fca3ef9ce5a8bc4fea02e34975723da,iroh_dial_p115,discovery,cold,0,echo_rtt,0.039,ok
fcc97ee87fca3ef9ce5a8bc4fea02e34975723da,iroh_dial_p115,discovery,cold,0,echo_rtt,0.034,ok
fcc97ee87fca3ef9ce5a8bc4fea02e34975723da,iroh_dial_p115,discovery,cold,0,echo_rtt,0.033,ok
fcc97ee87fca3ef9ce5a8bc4fea02e34975723da,iroh_dial_p115,discovery,cold,0,echo_rtt,0.032,ok
fcc97ee87fca3ef9ce5a8bc4fea02e34975723da,iroh_dial_p115,discovery,cold,0,echo_rtt,0.076,ok
fcc97ee87fca3ef9ce5a8bc4fea02e34975723da,iroh_dial_p115,discovery,cold,0,echo_rtt,0.033,ok
fcc97ee87fca3ef9ce5a8bc4fea02e34975723da,iroh_dial_p115,discovery,cold,0,echo_rtt,0.033,ok
fcc97ee87fca3ef9ce5a8bc4fea02e34975723da,iroh_dial_p115,discovery,cold,0,echo_rtt,0.032,ok
fcc97ee87fca3ef9ce5a8bc4fea02e34975723da,iroh_dial_p115,discovery,cold,0,echo_rtt,0.032,ok
fcc97ee87fca3ef9ce5a8bc4fea02e34975723da,iroh_dial_p115,discovery,cold,0,echo_rtt,0.046,ok
fcc97ee87fca3ef9ce5a8bc4fea02e34975723da,iroh_dial_p115,discovery,cold,0,echo_rtt,0.032,ok
fcc97ee87fca3ef9ce5a8bc4fea02e34975723da,iroh_dial_p115,discovery,cold,0,echo_rtt,0.030,ok
fcc97ee87fca3ef9ce5a8bc4fea02e34975723da,iroh_dial_p115,discovery,cold,0,echo_rtt,0.032,ok
fcc97ee87fca3ef9ce5a8bc4fea02e34975723da,iroh_dial_p115,discovery,cold,0,echo_rtt,0.030,ok
fcc97ee87fca3ef9ce5a8bc4fea02e34975723da,iroh_dial_p115,discovery,cold,0,echo_rtt,0.031,ok
fcc97ee87fca3ef9ce5a8bc4fea02e34975723da,iroh_dial_p115,discovery,cold,0,echo_rtt,0.030,ok
fcc97ee87fca3ef9ce5a8bc4fea02e34975723da,iroh_dial_p115,discovery,cold,0,echo_rtt,0.031,ok
fcc97ee87fca3ef9ce5a8bc4fea02e34975723da,iroh_dial_p115,discovery,cold,0,echo_rtt,0.030,ok
fcc97ee87fca3ef9ce5a8bc4fea02e34975723da,iroh_dial_p115,discovery,cold,0,echo_rtt,0.032,ok
fcc97ee87fca3ef9ce5a8bc4fea02e34975723da,iroh_dial_p115,discovery,cold,0,echo_rtt,0.030,ok
fcc97ee87fca3ef9ce5a8bc4fea02e34975723da,iroh_dial_p115,discovery,cold,0,echo_rtt,0.032,ok
fcc97ee87fca3ef9ce5a8bc4fea02e34975723da,iroh_dial_p115,discovery,cold,0,echo_rtt,0.030,ok
fcc97ee87fca3ef9ce5a8bc4fea02e34975723da,iroh_dial_p115,discovery,cold,0,echo_rtt,0.031,ok
fcc97ee87fca3ef9ce5a8bc4fea02e34975723da,iroh_dial_p115,discovery,cold,0,echo_rtt,0.030,ok
fcc97ee87fca3ef9ce5a8bc4fea02e34975723da,iroh_dial_p115,discovery,cold,0,echo_rtt,0.031,ok
fcc97ee87fca3ef9ce5a8bc4fea02e34975723da,iroh_dial_p115,discovery,cold,0,echo_rtt,0.031,ok
fcc97ee87fca3ef9ce5a8bc4fea02e34975723da,iroh_dial_p115,discovery,cold,0,echo_rtt,0.033,ok
fcc97ee87fca3ef9ce5a8bc4fea02e34975723da,iroh_dial_p115,discovery,cold,0,echo_rtt,0.030,ok
fcc97ee87fca3ef9ce5a8bc4fea02e34975723da,iroh_dial_p115,discovery,cold,0,echo_rtt,0.029,ok
fcc97ee87fca3ef9ce5a8bc4fea02e34975723da,iroh_dial_p115,discovery,cold,0,echo_rtt,0.029,ok
fcc97ee87fca3ef9ce5a8bc4fea02e34975723da,iroh_dial_p115,discovery,cold,0,echo_rtt,0.029,ok
fcc97ee87fca3ef9ce5a8bc4fea02e34975723da,iroh_dial_p115,discovery,cold,0,echo_rtt,0.034,ok
fcc97ee87fca3ef9ce5a8bc4fea02e34975723da,iroh_dial_p115,discovery,cold,0,echo_rtt,0.026,ok
fcc97ee87fca3ef9ce5a8bc4fea02e34975723da,iroh_dial_p115,discovery,cold,0,echo_rtt,0.033,ok
fcc97ee87fca3ef9ce5a8bc4fea02e34975723da,iroh_dial_p115,discovery,cold,0,echo_rtt,0.025,ok
fcc97ee87fca3ef9ce5a8bc4fea02e34975723da,iroh_dial_p115,discovery,cold,0,echo_rtt,0.036,ok
fcc97ee87fca3ef9ce5a8bc4fea02e34975723da,iroh_dial_p115,discovery,cold,0,echo_rtt,0.025,ok
fcc97ee87fca3ef9ce5a8bc4fea02e34975723da,iroh_dial_p115,discovery,cold,0,echo_rtt,0.033,ok
fcc97ee87fca3ef9ce5a8bc4fea02e34975723da,iroh_dial_p115,discovery,cold,0,echo_rtt,0.025,ok
fcc97ee87fca3ef9ce5a8bc4fea02e34975723da,iroh_dial_p115,discovery,cold,0,echo_rtt,0.033,ok
fcc97ee87fca3ef9ce5a8bc4fea02e34975723da,iroh_dial_p115,discovery,cold,0,echo_rtt,0.025,ok
fcc97ee87fca3ef9ce5a8bc4fea02e34975723da,iroh_dial_p115,discovery,cold,0,echo_rtt,0.033,ok
fcc97ee87fca3ef9ce5a8bc4fea02e34975723da,iroh_dial_p115,discovery,cold,0,echo_rtt,0.025,ok
fcc97ee87fca3ef9ce5a8bc4fea02e34975723da,iroh_dial_p115,discovery,cold,0,echo_rtt,0.044,ok
fcc97ee87fca3ef9ce5a8bc4fea02e34975723da,iroh_dial_p115,discovery,cold,0,echo_rtt,0.028,ok
fcc97ee87fca3ef9ce5a8bc4fea02e34975723da,iroh_dial_p115,discovery,cold,0,echo_rtt,0.035,ok
fcc97ee87fca3ef9ce5a8bc4fea02e34975723da,iroh_dial_p115,discovery,cold,0,echo_rtt,0.025,ok
fcc97ee87fca3ef9ce5a8bc4fea02e34975723da,iroh_dial_p115,discovery,cold,0,echo_rtt,0.033,ok
fcc97ee87fca3ef9ce5a8bc4fea02e34975723da,iroh_dial_p115,discovery,cold,0,echo_rtt,0.025,ok
fcc97ee87fca3ef9ce5a8bc4fea02e34975723da,iroh_dial_p115,discovery,cold,0,echo_rtt,0.129,ok
fcc97ee87fca3ef9ce5a8bc4fea02e34975723da,iroh_dial_p115,discovery,cold,0,echo_rtt,0.085,ok
fcc97ee87fca3ef9ce5a8bc4fea02e34975723da,iroh_dial_p115,discovery,cold,0,echo_rtt,0.104,ok
fcc97ee87fca3ef9ce5a8bc4fea02e34975723da,iroh_dial_p115,discovery,cold,0,echo_rtt,0.033,ok
fcc97ee87fca3ef9ce5a8bc4fea02e34975723da,iroh_dial_p115,discovery,cold,0,echo_rtt,0.035,ok
fcc97ee87fca3ef9ce5a8bc4fea02e34975723da,iroh_dial_p115,discovery,cold,0,echo_rtt,0.026,ok
fcc97ee87fca3ef9ce5a8bc4fea02e34975723da,iroh_dial_p115,discovery,cold,0,echo_rtt,0.034,ok
fcc97ee87fca3ef9ce5a8bc4fea02e34975723da,iroh_dial_p115,discovery,cold,0,echo_rtt,0.025,ok
fcc97ee87fca3ef9ce5a8bc4fea02e34975723da,iroh_dial_p115,discovery,cold,0,echo_rtt,0.035,ok
fcc97ee87fca3ef9ce5a8bc4fea02e34975723da,iroh_dial_p115,discovery,cold,0,echo_rtt,0.027,ok
fcc97ee87fca3ef9ce5a8bc4fea02e34975723da,iroh_dial_p115,discovery,cold,0,echo_rtt,0.057,ok
fcc97ee87fca3ef9ce5a8bc4fea02e34975723da,iroh_dial_p115,discovery,cold,0,echo_rtt,0.051,ok
fcc97ee87fca3ef9ce5a8bc4fea02e34975723da,iroh_dial_p115,discovery,cold,0,echo_rtt,0.044,ok
fcc97ee87fca3ef9ce5a8bc4fea02e34975723da,iroh_dial_p115,discovery,cold,0,echo_rtt,0.036,ok
fcc97ee87fca3ef9ce5a8bc4fea02e34975723da,iroh_dial_p115,discovery,cold,0,echo_rtt,0.041,ok
fcc97ee87fca3ef9ce5a8bc4fea02e34975723da,iroh_dial_p115,discovery,cold,0,runtime_start,0.415,ok
fcc97ee87fca3ef9ce5a8bc4fea02e34975723da,iroh_dial_p115,discovery,cold,0,endpoint_bind,1.553,ok
fcc97ee87fca3ef9ce5a8bc4fea02e34975723da,iroh_dial_p115,discovery,cold,0,address_lookup,1.553,ok
fcc97ee87fca3ef9ce5a8bc4fea02e34975723da,iroh_dial_p115,discovery,cold,0,dial_handshake,192.900,ok
fcc97ee87fca3ef9ce5a8bc4fea02e34975723da,iroh_dial_p115,discovery,cold,0,stream_open,83.748,ok
fcc97ee87fca3ef9ce5a8bc4fea02e34975723da,iroh_dial_p115,discovery,cold,0,echo_rtt,0.038,ok
fcc97ee87fca3ef9ce5a8bc4fea02e34975723da,iroh_dial_p115,discovery,cold,0,echo_rtt,0.039,ok
fcc97ee87fca3ef9ce5a8bc4fea02e34975723da,iroh_dial_p115,discovery,cold,0,echo_rtt,0.034,ok
fcc97ee87fca3ef9ce5a8bc4fea02e34975723da,iroh_dial_p115,discovery,cold,0,echo_rtt,0.038,ok
fcc97ee87fca3ef9ce5a8bc4fea02e34975723da,iroh_dial_p115,discovery,cold,0,echo_rtt,0.026,ok
fcc97ee87fca3ef9ce5a8bc4fea02e34975723da,iroh_dial_p115,discovery,cold,0,echo_rtt,0.035,ok
fcc97ee87fca3ef9ce5a8bc4fea02e34975723da,iroh_dial_p115,discovery,cold,0,echo_rtt,0.026,ok
fcc97ee87fca3ef9ce5a8bc4fea02e34975723da,iroh_dial_p115,discovery,cold,0,echo_rtt,0.034,ok
fcc97ee87fca3ef9ce5a8bc4fea02e34975723da,iroh_dial_p115,discovery,cold,0,echo_rtt,0.025,ok
fcc97ee87fca3ef9ce5a8bc4fea02e34975723da,iroh_dial_p115,discovery,cold,0,echo_rtt,0.050,ok
fcc97ee87fca3ef9ce5a8bc4fea02e34975723da,iroh_dial_p115,discovery,cold,0,echo_rtt,0.025,ok
fcc97ee87fca3ef9ce5a8bc4fea02e34975723da,iroh_dial_p115,discovery,cold,0,echo_rtt,0.034,ok
fcc97ee87fca3ef9ce5a8bc4fea02e34975723da,iroh_dial_p115,discovery,cold,0,echo_rtt,0.025,ok
fcc97ee87fca3ef9ce5a8bc4fea02e34975723da,iroh_dial_p115,discovery,cold,0,echo_rtt,0.034,ok
fcc97ee87fca3ef9ce5a8bc4fea02e34975723da,iroh_dial_p115,discovery,cold,0,echo_rtt,0.025,ok
fcc97ee87fca3ef9ce5a8bc4fea02e34975723da,iroh_dial_p115,discovery,cold,0,echo_rtt,0.034,ok
fcc97ee87fca3ef9ce5a8bc4fea02e34975723da,iroh_dial_p115,discovery,cold,0,echo_rtt,0.025,ok
fcc97ee87fca3ef9ce5a8bc4fea02e34975723da,iroh_dial_p115,discovery,cold,0,echo_rtt,0.034,ok
fcc97ee87fca3ef9ce5a8bc4fea02e34975723da,iroh_dial_p115,discovery,cold,0,echo_rtt,0.025,ok
fcc97ee87fca3ef9ce5a8bc4fea02e34975723da,iroh_dial_p115,discovery,cold,0,echo_rtt,0.034,ok
fcc97ee87fca3ef9ce5a8bc4fea02e34975723da,iroh_dial_p115,discovery,cold,0,echo_rtt,0.025,ok
fcc97ee87fca3ef9ce5a8bc4fea02e34975723da,iroh_dial_p115,discovery,cold,0,echo_rtt,0.033,ok
fcc97ee87fca3ef9ce5a8bc4fea02e34975723da,iroh_dial_p115,discovery,cold,0,echo_rtt,0.028,ok
fcc97ee87fca3ef9ce5a8bc4fea02e34975723da,iroh_dial_p115,discovery,cold,0,echo_rtt,0.078,ok
fcc97ee87fca3ef9ce5a8bc4fea02e34975723da,iroh_dial_p115,discovery,cold,0,echo_rtt,0.029,ok
fcc97ee87fca3ef9ce5a8bc4fea02e34975723da,iroh_dial_p115,discovery,cold,0,echo_rtt,0.037,ok
fcc97ee87fca3ef9ce5a8bc4fea02e34975723da,iroh_dial_p115,discovery,cold,0,echo_rtt,0.026,ok
fcc97ee87fca3ef9ce5a8bc4fea02e34975723da,iroh_dial_p115,discovery,cold,0,echo_rtt,0.057,ok
fcc97ee87fca3ef9ce5a8bc4fea02e34975723da,iroh_dial_p115,discovery,cold,0,echo_rtt,0.026,ok
fcc97ee87fca3ef9ce5a8bc4fea02e34975723da,iroh_dial_p115,discovery,cold,0,echo_rtt,0.064,ok
fcc97ee87fca3ef9ce5a8bc4fea02e34975723da,iroh_dial_p115,discovery,cold,0,echo_rtt,0.039,ok
fcc97ee87fca3ef9ce5a8bc4fea02e34975723da,iroh_dial_p115,discovery,cold,0,echo_rtt,0.044,ok
fcc97ee87fca3ef9ce5a8bc4fea02e34975723da,iroh_dial_p115,discovery,cold,0,echo_rtt,0.033,ok
fcc97ee87fca3ef9ce5a8bc4fea02e34975723da,iroh_dial_p115,discovery,cold,0,echo_rtt,0.049,ok
fcc97ee87fca3ef9ce5a8bc4fea02e34975723da,iroh_dial_p115,discovery,cold,0,echo_rtt,0.046,ok
fcc97ee87fca3ef9ce5a8bc4fea02e34975723da,iroh_dial_p115,discovery,cold,0,echo_rtt,0.048,ok
fcc97ee87fca3ef9ce5a8bc4fea02e34975723da,iroh_dial_p115,discovery,cold,0,echo_rtt,0.034,ok
fcc97ee87fca3ef9ce5a8bc4fea02e34975723da,iroh_dial_p115,discovery,cold,0,echo_rtt,0.043,ok
fcc97ee87fca3ef9ce5a8bc4fea02e34975723da,iroh_dial_p115,discovery,cold,0,echo_rtt,0.026,ok
fcc97ee87fca3ef9ce5a8bc4fea02e34975723da,iroh_dial_p115,discovery,cold,0,echo_rtt,0.035,ok
fcc97ee87fca3ef9ce5a8bc4fea02e34975723da,iroh_dial_p115,discovery,cold,0,echo_rtt,0.026,ok
fcc97ee87fca3ef9ce5a8bc4fea02e34975723da,iroh_dial_p115,discovery,cold,0,echo_rtt,0.035,ok
fcc97ee87fca3ef9ce5a8bc4fea02e34975723da,iroh_dial_p115,discovery,cold,0,echo_rtt,0.026,ok
fcc97ee87fca3ef9ce5a8bc4fea02e34975723da,iroh_dial_p115,discovery,cold,0,echo_rtt,0.052,ok
fcc97ee87fca3ef9ce5a8bc4fea02e34975723da,iroh_dial_p115,discovery,cold,0,echo_rtt,0.032,ok
fcc97ee87fca3ef9ce5a8bc4fea02e34975723da,iroh_dial_p115,discovery,cold,0,echo_rtt,0.031,ok
fcc97ee87fca3ef9ce5a8bc4fea02e34975723da,iroh_dial_p115,discovery,cold,0,echo_rtt,0.030,ok
fcc97ee87fca3ef9ce5a8bc4fea02e34975723da,iroh_dial_p115,discovery,cold,0,echo_rtt,0.030,ok
fcc97ee87fca3ef9ce5a8bc4fea02e34975723da,iroh_dial_p115,discovery,cold,0,echo_rtt,0.029,ok
fcc97ee87fca3ef9ce5a8bc4fea02e34975723da,iroh_dial_p115,discovery,cold,0,echo_rtt,0.036,ok
fcc97ee87fca3ef9ce5a8bc4fea02e34975723da,iroh_dial_p115,discovery,cold,0,echo_rtt,0.028,ok
fcc97ee87fca3ef9ce5a8bc4fea02e34975723da,iroh_dial_p115,discovery,cold,0,echo_rtt,0.030,ok
fcc97ee87fca3ef9ce5a8bc4fea02e34975723da,iroh_dial_p115,discovery,cold,0,echo_rtt,0.028,ok
fcc97ee87fca3ef9ce5a8bc4fea02e34975723da,iroh_dial_p115,discovery,cold,0,echo_rtt,0.030,ok
fcc97ee87fca3ef9ce5a8bc4fea02e34975723da,iroh_dial_p115,discovery,cold,0,echo_rtt,0.028,ok
fcc97ee87fca3ef9ce5a8bc4fea02e34975723da,iroh_dial_p115,discovery,cold,0,echo_rtt,0.029,ok
fcc97ee87fca3ef9ce5a8bc4fea02e34975723da,iroh_dial_p115,discovery,cold,0,echo_rtt,0.036,ok
fcc97ee87fca3ef9ce5a8bc4fea02e34975723da,iroh_dial_p115,discovery,cold,0,echo_rtt,0.033,ok
fcc97ee87fca3ef9ce5a8bc4fea02e34975723da,iroh_dial_p115,discovery,cold,0,echo_rtt,0.032,ok
fcc97ee87fca3ef9ce5a8bc4fea02e34975723da,iroh_dial_p115,discovery,cold,0,echo_rtt,0.034,ok
fcc97ee87fca3ef9ce5a8bc4fea02e34975723da,iroh_dial_p115,discovery,cold,0,echo_rtt,0.037,ok
fcc97ee87fca3ef9ce5a8bc4fea02e34975723da,iroh_dial_p115,discovery,cold,0,echo_rtt,0.033,ok
fcc97ee87fca3ef9ce5a8bc4fea02e34975723da,iroh_dial_p115,discovery,cold,0,echo_rtt,0.032,ok
fcc97ee87fca3ef9ce5a8bc4fea02e34975723da,iroh_dial_p115,discovery,cold,0,echo_rtt,0.033,ok
fcc97ee87fca3ef9ce5a8bc4fea02e34975723da,iroh_dial_p115,discovery,cold,0,echo_rtt,0.032,ok
fcc97ee87fca3ef9ce5a8bc4fea02e34975723da,iroh_dial_p115,discovery,cold,0,echo_rtt,0.033,ok
fcc97ee87fca3ef9ce5a8bc4fea02e34975723da,iroh_dial_p115,discovery,cold,0,echo_rtt,0.038,ok
fcc97ee87fca3ef9ce5a8bc4fea02e34975723da,iroh_dial_p115,discovery,cold,0,echo_rtt,0.027,ok
fcc97ee87fca3ef9ce5a8bc4fea02e34975723da,iroh_dial_p115,discovery,cold,0,echo_rtt,0.038,ok
fcc97ee87fca3ef9ce5a8bc4fea02e34975723da,iroh_dial_p115,discovery,cold,0,echo_rtt,0.027,ok
fcc97ee87fca3ef9ce5a8bc4fea02e34975723da,iroh_dial_p115,discovery,cold,0,echo_rtt,0.037,ok
fcc97ee87fca3ef9ce5a8bc4fea02e34975723da,iroh_dial_p115,discovery,cold,0,echo_rtt,0.027,ok
fcc97ee87fca3ef9ce5a8bc4fea02e34975723da,iroh_dial_p115,discovery,cold,0,echo_rtt,0.069,ok
fcc97ee87fca3ef9ce5a8bc4fea02e34975723da,iroh_dial_p115,discovery,cold,0,echo_rtt,0.109,ok
fcc97ee87fca3ef9ce5a8bc4fea02e34975723da,iroh_dial_p115,discovery,cold,0,echo_rtt,0.166,ok
fcc97ee87fca3ef9ce5a8bc4fea02e34975723da,iroh_dial_p115,discovery,cold,0,echo_rtt,0.092,ok
fcc97ee87fca3ef9ce5a8bc4fea02e34975723da,iroh_dial_p115,discovery,cold,0,echo_rtt,0.058,ok
fcc97ee87fca3ef9ce5a8bc4fea02e34975723da,iroh_dial_p115,discovery,cold,0,echo_rtt,0.042,ok
fcc97ee87fca3ef9ce5a8bc4fea02e34975723da,iroh_dial_p115,discovery,cold,0,echo_rtt,0.079,ok
fcc97ee87fca3ef9ce5a8bc4fea02e34975723da,iroh_dial_p115,discovery,cold,0,echo_rtt,0.036,ok
fcc97ee87fca3ef9ce5a8bc4fea02e34975723da,iroh_dial_p115,discovery,cold,0,echo_rtt,0.037,ok
fcc97ee87fca3ef9ce5a8bc4fea02e34975723da,iroh_dial_p115,discovery,cold,0,echo_rtt,0.036,ok
fcc97ee87fca3ef9ce5a8bc4fea02e34975723da,iroh_dial_p115,discovery,cold,0,echo_rtt,0.036,ok
fcc97ee87fca3ef9ce5a8bc4fea02e34975723da,iroh_dial_p115,discovery,cold,0,echo_rtt,0.035,ok
fcc97ee87fca3ef9ce5a8bc4fea02e34975723da,iroh_dial_p115,discovery,cold,0,echo_rtt,0.036,ok
fcc97ee87fca3ef9ce5a8bc4fea02e34975723da,iroh_dial_p115,discovery,cold,0,echo_rtt,0.034,ok
fcc97ee87fca3ef9ce5a8bc4fea02e34975723da,iroh_dial_p115,discovery,cold,0,echo_rtt,0.036,ok
fcc97ee87fca3ef9ce5a8bc4fea02e34975723da,iroh_dial_p115,discovery,cold,0,echo_rtt,0.034,ok
fcc97ee87fca3ef9ce5a8bc4fea02e34975723da,iroh_dial_p115,discovery,cold,0,echo_rtt,0.036,ok
fcc97ee87fca3ef9ce5a8bc4fea02e34975723da,iroh_dial_p115,discovery,cold,0,echo_rtt,0.034,ok
fcc97ee87fca3ef9ce5a8bc4fea02e34975723da,iroh_dial_p115,discovery,cold,0,echo_rtt,0.036,ok
fcc97ee87fca3ef9ce5a8bc4fea02e34975723da,iroh_dial_p115,discovery,cold,0,echo_rtt,0.034,ok
fcc97ee87fca3ef9ce5a8bc4fea02e34975723da,iroh_dial_p115,discovery,cold,0,echo_rtt,0.037,ok
fcc97ee87fca3ef9ce5a8bc4fea02e34975723da,iroh_dial_p115,discovery,cold,0,echo_rtt,0.034,ok
fcc97ee87fca3ef9ce5a8bc4fea02e34975723da,iroh_dial_p115,discovery,cold,0,echo_rtt,0.036,ok
fcc97ee87fca3ef9ce5a8bc4fea02e34975723da,iroh_dial_p115,discovery,cold,0,echo_rtt,0.035,ok
fcc97ee87fca3ef9ce5a8bc4fea02e34975723da,iroh_dial_p115,discovery,cold,0,echo_rtt,0.037,ok
fcc97ee87fca3ef9ce5a8bc4fea02e34975723da,iroh_dial_p115,discovery,cold,0,echo_rtt,0.034,ok
fcc97ee87fca3ef9ce5a8bc4fea02e34975723da,iroh_dial_p115,discovery,cold,0,echo_rtt,0.036,ok
fcc97ee87fca3ef9ce5a8bc4fea02e34975723da,iroh_dial_p115,discovery,cold,0,echo_rtt,0.034,ok
fcc97ee87fca3ef9ce5a8bc4fea02e34975723da,iroh_dial_p115,discovery,cold,0,runtime_start,0.381,ok
fcc97ee87fca3ef9ce5a8bc4fea02e34975723da,iroh_dial_p115,discovery,cold,0,endpoint_bind,1.571,ok
fcc97ee87fca3ef9ce5a8bc4fea02e34975723da,iroh_dial_p115,discovery,cold,0,address_lookup,1.583,ok
fcc97ee87fca3ef9ce5a8bc4fea02e34975723da,iroh_dial_p115,discovery,cold,0,dial_handshake,191.110,ok
fcc97ee87fca3ef9ce5a8bc4fea02e34975723da,iroh_dial_p115,discovery,cold,0,stream_open,83.433,ok
fcc97ee87fca3ef9ce5a8bc4fea02e34975723da,iroh_dial_p115,discovery,cold,0,echo_rtt,0.035,ok
fcc97ee87fca3ef9ce5a8bc4fea02e34975723da,iroh_dial_p115,discovery,cold,0,echo_rtt,0.039,ok
fcc97ee87fca3ef9ce5a8bc4fea02e34975723da,iroh_dial_p115,discovery,cold,0,echo_rtt,0.029,ok
fcc97ee87fca3ef9ce5a8bc4fea02e34975723da,iroh_dial_p115,discovery,cold,0,echo_rtt,0.035,ok
fcc97ee87fca3ef9ce5a8bc4fea02e34975723da,iroh_dial_p115,discovery,cold,0,echo_rtt,0.025,ok
fcc97ee87fca3ef9ce5a8bc4fea02e34975723da,iroh_dial_p115,discovery,cold,0,echo_rtt,0.037,ok
fcc97ee87fca3ef9ce5a8bc4fea02e34975723da,iroh_dial_p115,discovery,cold,0,echo_rtt,0.026,ok
fcc97ee87fca3ef9ce5a8bc4fea02e34975723da,iroh_dial_p115,discovery,cold,0,echo_rtt,0.034,ok
fcc97ee87fca3ef9ce5a8bc4fea02e34975723da,iroh_dial_p115,discovery,cold,0,echo_rtt,0.025,ok
fcc97ee87fca3ef9ce5a8bc4fea02e34975723da,iroh_dial_p115,discovery,cold,0,echo_rtt,0.033,ok
fcc97ee87fca3ef9ce5a8bc4fea02e34975723da,iroh_dial_p115,discovery,cold,0,echo_rtt,0.025,ok
fcc97ee87fca3ef9ce5a8bc4fea02e34975723da,iroh_dial_p115,discovery,cold,0,echo_rtt,0.034,ok
fcc97ee87fca3ef9ce5a8bc4fea02e34975723da,iroh_dial_p115,discovery,cold,0,echo_rtt,0.030,ok
fcc97ee87fca3ef9ce5a8bc4fea02e34975723da,iroh_dial_p115,discovery,cold,0,echo_rtt,0.034,ok
fcc97ee87fca3ef9ce5a8bc4fea02e34975723da,iroh_dial_p115,discovery,cold,0,echo_rtt,0.025,ok
fcc97ee87fca3ef9ce5a8bc4fea02e34975723da,iroh_dial_p115,discovery,cold,0,echo_rtt,0.033,ok
fcc97ee87fca3ef9ce5a8bc4fea02e34975723da,iroh_dial_p115,discovery,cold,0,echo_rtt,0.025,ok
fcc97ee87fca3ef9ce5a8bc4fea02e34975723da,iroh_dial_p115,discovery,cold,0,echo_rtt,0.034,ok
fcc97ee87fca3ef9ce5a8bc4fea02e34975723da,iroh_dial_p115,discovery,cold,0,echo_rtt,0.025,ok
fcc97ee87fca3ef9ce5a8bc4fea02e34975723da,iroh_dial_p115,discovery,cold,0,echo_rtt,0.034,ok
fcc97ee87fca3ef9ce5a8bc4fea02e34975723da,iroh_dial_p115,discovery,cold,0,echo_rtt,0.025,ok
fcc97ee87fca3ef9ce5a8bc4fea02e34975723da,iroh_dial_p115,discovery,cold,0,echo_rtt,0.033,ok
fcc97ee87fca3ef9ce5a8bc4fea02e34975723da,iroh_dial_p115,discovery,cold,0,echo_rtt,0.034,ok
fcc97ee87fca3ef9ce5a8bc4fea02e34975723da,iroh_dial_p115,discovery,cold,0,echo_rtt,0.032,ok
fcc97ee87fca3ef9ce5a8bc4fea02e34975723da,iroh_dial_p115,discovery,cold,0,echo_rtt,0.029,ok
fcc97ee87fca3ef9ce5a8bc4fea02e34975723da,iroh_dial_p115,discovery,cold,0,echo_rtt,0.031,ok
fcc97ee87fca3ef9ce5a8bc4fea02e34975723da,iroh_dial_p115,discovery,cold,0,echo_rtt,0.029,ok
fcc97ee87fca3ef9ce5a8bc4fea02e34975723da,iroh_dial_p115,discovery,cold,0,echo_rtt,0.030,ok
fcc97ee87fca3ef9ce5a8bc4fea02e34975723da,iroh_dial_p115,discovery,cold,0,echo_rtt,0.029,ok
fcc97ee87fca3ef9ce5a8bc4fea02e34975723da,iroh_dial_p115,discovery,cold,0,echo_rtt,0.030,ok
fcc97ee87fca3ef9ce5a8bc4fea02e34975723da,iroh_dial_p115,discovery,cold,0,echo_rtt,0.029,ok
fcc97ee87fca3ef9ce5a8bc4fea02e34975723da,iroh_dial_p115,discovery,cold,0,echo_rtt,0.030,ok
fcc97ee87fca3ef9ce5a8bc4fea02e34975723da,iroh_dial_p115,discovery,cold,0,echo_rtt,0.029,ok
fcc97ee87fca3ef9ce5a8bc4fea02e34975723da,iroh_dial_p115,discovery,cold,0,echo_rtt,0.036,ok
fcc97ee87fca3ef9ce5a8bc4fea02e34975723da,iroh_dial_p115,discovery,cold,0,echo_rtt,0.030,ok
fcc97ee87fca3ef9ce5a8bc4fea02e34975723da,iroh_dial_p115,discovery,cold,0,echo_rtt,0.039,ok
fcc97ee87fca3ef9ce5a8bc4fea02e34975723da,iroh_dial_p115,discovery,cold,0,echo_rtt,0.034,ok
fcc97ee87fca3ef9ce5a8bc4fea02e34975723da,iroh_dial_p115,discovery,cold,0,echo_rtt,0.036,ok
fcc97ee87fca3ef9ce5a8bc4fea02e34975723da,iroh_dial_p115,discovery,cold,0,echo_rtt,0.034,ok
fcc97ee87fca3ef9ce5a8bc4fea02e34975723da,iroh_dial_p115,discovery,cold,0,echo_rtt,0.036,ok
fcc97ee87fca3ef9ce5a8bc4fea02e34975723da,iroh_dial_p115,discovery,cold,0,echo_rtt,0.034,ok
fcc97ee87fca3ef9ce5a8bc4fea02e34975723da,iroh_dial_p115,discovery,cold,0,echo_rtt,0.035,ok
fcc97ee87fca3ef9ce5a8bc4fea02e34975723da,iroh_dial_p115,discovery,cold,0,echo_rtt,0.034,ok
fcc97ee87fca3ef9ce5a8bc4fea02e34975723da,iroh_dial_p115,discovery,cold,0,echo_rtt,0.035,ok
fcc97ee87fca3ef9ce5a8bc4fea02e34975723da,iroh_dial_p115,discovery,cold,0,echo_rtt,0.034,ok
fcc97ee87fca3ef9ce5a8bc4fea02e34975723da,iroh_dial_p115,discovery,cold,0,echo_rtt,0.035,ok
fcc97ee87fca3ef9ce5a8bc4fea02e34975723da,iroh_dial_p115,discovery,cold,0,echo_rtt,0.034,ok
fcc97ee87fca3ef9ce5a8bc4fea02e34975723da,iroh_dial_p115,discovery,cold,0,echo_rtt,0.078,ok
fcc97ee87fca3ef9ce5a8bc4fea02e34975723da,iroh_dial_p115,discovery,cold,0,echo_rtt,0.035,ok
fcc97ee87fca3ef9ce5a8bc4fea02e34975723da,iroh_dial_p115,discovery,cold,0,echo_rtt,0.035,ok
fcc97ee87fca3ef9ce5a8bc4fea02e34975723da,iroh_dial_p115,discovery,cold,0,echo_rtt,0.034,ok
fcc97ee87fca3ef9ce5a8bc4fea02e34975723da,iroh_dial_p115,discovery,cold,0,echo_rtt,0.035,ok
fcc97ee87fca3ef9ce5a8bc4fea02e34975723da,iroh_dial_p115,discovery,cold,0,echo_rtt,0.034,ok
fcc97ee87fca3ef9ce5a8bc4fea02e34975723da,iroh_dial_p115,discovery,cold,0,echo_rtt,0.035,ok
fcc97ee87fca3ef9ce5a8bc4fea02e34975723da,iroh_dial_p115,discovery,cold,0,echo_rtt,0.034,ok
fcc97ee87fca3ef9ce5a8bc4fea02e34975723da,iroh_dial_p115,discovery,cold,0,echo_rtt,0.036,ok
fcc97ee87fca3ef9ce5a8bc4fea02e34975723da,iroh_dial_p115,discovery,cold,0,echo_rtt,0.153,ok
fcc97ee87fca3ef9ce5a8bc4fea02e34975723da,iroh_dial_p115,discovery,cold,0,echo_rtt,0.181,ok
fcc97ee87fca3ef9ce5a8bc4fea02e34975723da,iroh_dial_p115,discovery,cold,0,echo_rtt,0.038,ok
fcc97ee87fca3ef9ce5a8bc4fea02e34975723da,iroh_dial_p115,discovery,cold,0,echo_rtt,0.038,ok
fcc97ee87fca3ef9ce5a8bc4fea02e34975723da,iroh_dial_p115,discovery,cold,0,echo_rtt,0.033,ok
fcc97ee87fca3ef9ce5a8bc4fea02e34975723da,iroh_dial_p115,discovery,cold,0,echo_rtt,0.034,ok
fcc97ee87fca3ef9ce5a8bc4fea02e34975723da,iroh_dial_p115,discovery,cold,0,echo_rtt,0.031,ok
fcc97ee87fca3ef9ce5a8bc4fea02e34975723da,iroh_dial_p115,discovery,cold,0,echo_rtt,0.034,ok
fcc97ee87fca3ef9ce5a8bc4fea02e34975723da,iroh_dial_p115,discovery,cold,0,echo_rtt,0.031,ok
fcc97ee87fca3ef9ce5a8bc4fea02e34975723da,iroh_dial_p115,discovery,cold,0,echo_rtt,0.033,ok
fcc97ee87fca3ef9ce5a8bc4fea02e34975723da,iroh_dial_p115,discovery,cold,0,echo_rtt,0.031,ok
fcc97ee87fca3ef9ce5a8bc4fea02e34975723da,iroh_dial_p115,discovery,cold,0,echo_rtt,0.033,ok
fcc97ee87fca3ef9ce5a8bc4fea02e34975723da,iroh_dial_p115,discovery,cold,0,echo_rtt,0.030,ok
fcc97ee87fca3ef9ce5a8bc4fea02e34975723da,iroh_dial_p115,discovery,cold,0,echo_rtt,0.033,ok
fcc97ee87fca3ef9ce5a8bc4fea02e34975723da,iroh_dial_p115,discovery,cold,0,echo_rtt,0.030,ok
fcc97ee87fca3ef9ce5a8bc4fea02e34975723da,iroh_dial_p115,discovery,cold,0,echo_rtt,0.033,ok
fcc97ee87fca3ef9ce5a8bc4fea02e34975723da,iroh_dial_p115,discovery,cold,0,echo_rtt,0.039,ok
fcc97ee87fca3ef9ce5a8bc4fea02e34975723da,iroh_dial_p115,discovery,cold,0,echo_rtt,0.039,ok
fcc97ee87fca3ef9ce5a8bc4fea02e34975723da,iroh_dial_p115,discovery,cold,0,echo_rtt,0.032,ok
fcc97ee87fca3ef9ce5a8bc4fea02e34975723da,iroh_dial_p115,discovery,cold,0,echo_rtt,0.032,ok
fcc97ee87fca3ef9ce5a8bc4fea02e34975723da,iroh_dial_p115,discovery,cold,0,echo_rtt,0.035,ok
fcc97ee87fca3ef9ce5a8bc4fea02e34975723da,iroh_dial_p115,discovery,cold,0,echo_rtt,0.026,ok
fcc97ee87fca3ef9ce5a8bc4fea02e34975723da,iroh_dial_p115,discovery,cold,0,echo_rtt,0.034,ok
fcc97ee87fca3ef9ce5a8bc4fea02e34975723da,iroh_dial_p115,discovery,cold,0,echo_rtt,0.025,ok
fcc97ee87fca3ef9ce5a8bc4fea02e34975723da,iroh_dial_p115,discovery,cold,0,echo_rtt,0.034,ok
fcc97ee87fca3ef9ce5a8bc4fea02e34975723da,iroh_dial_p115,discovery,cold,0,echo_rtt,0.025,ok
fcc97ee87fca3ef9ce5a8bc4fea02e34975723da,iroh_dial_p115,discovery,cold,0,echo_rtt,0.039,ok
fcc97ee87fca3ef9ce5a8bc4fea02e34975723da,iroh_dial_p115,discovery,cold,0,echo_rtt,0.030,ok
fcc97ee87fca3ef9ce5a8bc4fea02e34975723da,iroh_dial_p115,discovery,cold,0,echo_rtt,0.040,ok
fcc97ee87fca3ef9ce5a8bc4fea02e34975723da,iroh_dial_p115,discovery,cold,0,echo_rtt,0.030,ok
fcc97ee87fca3ef9ce5a8bc4fea02e34975723da,iroh_dial_p115,discovery,cold,0,echo_rtt,0.039,ok
fcc97ee87fca3ef9ce5a8bc4fea02e34975723da,iroh_dial_p115,discovery,cold,0,echo_rtt,0.029,ok
fcc97ee87fca3ef9ce5a8bc4fea02e34975723da,iroh_dial_p115,discovery,cold,0,echo_rtt,0.038,ok
fcc97ee87fca3ef9ce5a8bc4fea02e34975723da,iroh_dial_p115,discovery,cold,0,echo_rtt,0.028,ok
fcc97ee87fca3ef9ce5a8bc4fea02e34975723da,iroh_dial_p115,discovery,cold,0,echo_rtt,0.038,ok
fcc97ee87fca3ef9ce5a8bc4fea02e34975723da,iroh_dial_p115,discovery,cold,0,echo_rtt,0.028,ok
fcc97ee87fca3ef9ce5a8bc4fea02e34975723da,iroh_dial_p115,discovery,cold,0,echo_rtt,0.038,ok
fcc97ee87fca3ef9ce5a8bc4fea02e34975723da,iroh_dial_p115,discovery,cold,0,echo_rtt,0.029,ok
fcc97ee87fca3ef9ce5a8bc4fea02e34975723da,iroh_dial_p115,discovery,cold,0,echo_rtt,0.038,ok
fcc97ee87fca3ef9ce5a8bc4fea02e34975723da,iroh_dial_p115,discovery,cold,0,echo_rtt,0.028,ok
fcc97ee87fca3ef9ce5a8bc4fea02e34975723da,iroh_dial_p115,discovery,cold,0,echo_rtt,0.038,ok
fcc97ee87fca3ef9ce5a8bc4fea02e34975723da,iroh_dial_p115,discovery,cold,0,echo_rtt,0.029,ok
fcc97ee87fca3ef9ce5a8bc4fea02e34975723da,iroh_dial_p115,discovery,cold,0,echo_rtt,0.038,ok
fcc97ee87fca3ef9ce5a8bc4fea02e34975723da,iroh_dial_p115,discovery,cold,0,echo_rtt,0.029,ok
fcc97ee87fca3ef9ce5a8bc4fea02e34975723da,iroh_dial_p4278,discovery,cold,0,runtime_start,0.386,ok
fcc97ee87fca3ef9ce5a8bc4fea02e34975723da,iroh_dial_p4278,discovery,cold,0,endpoint_bind,1.410,ok
fcc97ee87fca3ef9ce5a8bc4fea02e34975723da,iroh_dial_p4278,discovery,cold,0,address_lookup,1.699,ok
fcc97ee87fca3ef9ce5a8bc4fea02e34975723da,iroh_dial_p4278,discovery,cold,0,dial_handshake,194.860,ok
fcc97ee87fca3ef9ce5a8bc4fea02e34975723da,iroh_dial_p4278,discovery,cold,0,stream_open,93.344,ok
fcc97ee87fca3ef9ce5a8bc4fea02e34975723da,iroh_dial_p4278,discovery,cold,0,echo_rtt,0.077,ok
fcc97ee87fca3ef9ce5a8bc4fea02e34975723da,iroh_dial_p4278,discovery,cold,0,echo_rtt,0.053,ok
fcc97ee87fca3ef9ce5a8bc4fea02e34975723da,iroh_dial_p4278,discovery,cold,0,echo_rtt,0.047,ok
fcc97ee87fca3ef9ce5a8bc4fea02e34975723da,iroh_dial_p4278,discovery,cold,0,echo_rtt,0.048,ok
fcc97ee87fca3ef9ce5a8bc4fea02e34975723da,iroh_dial_p4278,discovery,cold,0,echo_rtt,0.046,ok
fcc97ee87fca3ef9ce5a8bc4fea02e34975723da,iroh_dial_p4278,discovery,cold,0,echo_rtt,0.045,ok
fcc97ee87fca3ef9ce5a8bc4fea02e34975723da,iroh_dial_p4278,discovery,cold,0,echo_rtt,0.048,ok
fcc97ee87fca3ef9ce5a8bc4fea02e34975723da,iroh_dial_p4278,discovery,cold,0,echo_rtt,0.047,ok
fcc97ee87fca3ef9ce5a8bc4fea02e34975723da,iroh_dial_p4278,discovery,cold,0,echo_rtt,0.044,ok
fcc97ee87fca3ef9ce5a8bc4fea02e34975723da,iroh_dial_p4278,discovery,cold,0,echo_rtt,0.042,ok
fcc97ee87fca3ef9ce5a8bc4fea02e34975723da,iroh_dial_p4278,discovery,cold,0,echo_rtt,0.044,ok
fcc97ee87fca3ef9ce5a8bc4fea02e34975723da,iroh_dial_p4278,discovery,cold,0,echo_rtt,0.048,ok
fcc97ee87fca3ef9ce5a8bc4fea02e34975723da,iroh_dial_p4278,discovery,cold,0,echo_rtt,0.060,ok
fcc97ee87fca3ef9ce5a8bc4fea02e34975723da,iroh_dial_p4278,discovery,cold,0,echo_rtt,0.048,ok
fcc97ee87fca3ef9ce5a8bc4fea02e34975723da,iroh_dial_p4278,discovery,cold,0,echo_rtt,0.045,ok
fcc97ee87fca3ef9ce5a8bc4fea02e34975723da,iroh_dial_p4278,discovery,cold,0,echo_rtt,0.046,ok
fcc97ee87fca3ef9ce5a8bc4fea02e34975723da,iroh_dial_p4278,discovery,cold,0,echo_rtt,0.044,ok
fcc97ee87fca3ef9ce5a8bc4fea02e34975723da,iroh_dial_p4278,discovery,cold,0,echo_rtt,0.044,ok
fcc97ee87fca3ef9ce5a8bc4fea02e34975723da,iroh_dial_p4278,discovery,cold,0,echo_rtt,0.046,ok
fcc97ee87fca3ef9ce5a8bc4fea02e34975723da,iroh_dial_p4278,discovery,cold,0,echo_rtt,0.045,ok
fcc97ee87fca3ef9ce5a8bc4fea02e34975723da,iroh_dial_p4278,discovery,cold,0,echo_rtt,0.044,ok
fcc97ee87fca3ef9ce5a8bc4fea02e34975723da,iroh_dial_p4278,discovery,cold,0,echo_rtt,0.044,ok
fcc97ee87fca3ef9ce5a8bc4fea02e34975723da,iroh_dial_p4278,discovery,cold,0,echo_rtt,0.043,ok
fcc97ee87fca3ef9ce5a8bc4fea02e34975723da,iroh_dial_p4278,discovery,cold,0,echo_rtt,0.044,ok
fcc97ee87fca3ef9ce5a8bc4fea02e34975723da,iroh_dial_p4278,discovery,cold,0,echo_rtt,0.044,ok
fcc97ee87fca3ef9ce5a8bc4fea02e34975723da,iroh_dial_p4278,discovery,cold,0,echo_rtt,0.044,ok
fcc97ee87fca3ef9ce5a8bc4fea02e34975723da,iroh_dial_p4278,discovery,cold,0,echo_rtt,0.044,ok
fcc97ee87fca3ef9ce5a8bc4fea02e34975723da,iroh_dial_p4278,discovery,cold,0,echo_rtt,0.057,ok
fcc97ee87fca3ef9ce5a8bc4fea02e34975723da,iroh_dial_p4278,discovery,cold,0,echo_rtt,0.050,ok
fcc97ee87fca3ef9ce5a8bc4fea02e34975723da,iroh_dial_p4278,discovery,cold,0,echo_rtt,0.052,ok
fcc97ee87fca3ef9ce5a8bc4fea02e34975723da,iroh_dial_p4278,discovery,cold,0,echo_rtt,0.050,ok
fcc97ee87fca3ef9ce5a8bc4fea02e34975723da,iroh_dial_p4278,discovery,cold,0,echo_rtt,0.050,ok
fcc97ee87fca3ef9ce5a8bc4fea02e34975723da,iroh_dial_p4278,discovery,cold,0,echo_rtt,0.049,ok
fcc97ee87fca3ef9ce5a8bc4fea02e34975723da,iroh_dial_p4278,discovery,cold,0,echo_rtt,0.049,ok
fcc97ee87fca3ef9ce5a8bc4fea02e34975723da,iroh_dial_p4278,discovery,cold,0,echo_rtt,0.049,ok
fcc97ee87fca3ef9ce5a8bc4fea02e34975723da,iroh_dial_p4278,discovery,cold,0,echo_rtt,0.050,ok
fcc97ee87fca3ef9ce5a8bc4fea02e34975723da,iroh_dial_p4278,discovery,cold,0,echo_rtt,0.051,ok
fcc97ee87fca3ef9ce5a8bc4fea02e34975723da,iroh_dial_p4278,discovery,cold,0,echo_rtt,0.047,ok
fcc97ee87fca3ef9ce5a8bc4fea02e34975723da,iroh_dial_p4278,discovery,cold,0,echo_rtt,0.049,ok
fcc97ee87fca3ef9ce5a8bc4fea02e34975723da,iroh_dial_p4278,discovery,cold,0,echo_rtt,0.050,ok
fcc97ee87fca3ef9ce5a8bc4fea02e34975723da,iroh_dial_p4278,discovery,cold,0,echo_rtt,0.049,ok
fcc97ee87fca3ef9ce5a8bc4fea02e34975723da,iroh_dial_p4278,discovery,cold,0,echo_rtt,0.050,ok
fcc97ee87fca3ef9ce5a8bc4fea02e34975723da,iroh_dial_p4278,discovery,cold,0,echo_rtt,0.050,ok
fcc97ee87fca3ef9ce5a8bc4fea02e34975723da,iroh_dial_p4278,discovery,cold,0,echo_rtt,0.050,ok
fcc97ee87fca3ef9ce5a8bc4fea02e34975723da,iroh_dial_p4278,discovery,cold,0,echo_rtt,0.049,ok
fcc97ee87fca3ef9ce5a8bc4fea02e34975723da,iroh_dial_p4278,discovery,cold,0,echo_rtt,0.075,ok
fcc97ee87fca3ef9ce5a8bc4fea02e34975723da,iroh_dial_p4278,discovery,cold,0,echo_rtt,0.061,ok
fcc97ee87fca3ef9ce5a8bc4fea02e34975723da,iroh_dial_p4278,discovery,cold,0,echo_rtt,0.055,ok
fcc97ee87fca3ef9ce5a8bc4fea02e34975723da,iroh_dial_p4278,discovery,cold,0,echo_rtt,0.054,ok
fcc97ee87fca3ef9ce5a8bc4fea02e34975723da,iroh_dial_p4278,discovery,cold,0,echo_rtt,0.052,ok
fcc97ee87fca3ef9ce5a8bc4fea02e34975723da,iroh_dial_p4278,discovery,cold,0,echo_rtt,0.052,ok
fcc97ee87fca3ef9ce5a8bc4fea02e34975723da,iroh_dial_p4278,discovery,cold,0,echo_rtt,0.054,ok
fcc97ee87fca3ef9ce5a8bc4fea02e34975723da,iroh_dial_p4278,discovery,cold,0,echo_rtt,0.052,ok
fcc97ee87fca3ef9ce5a8bc4fea02e34975723da,iroh_dial_p4278,discovery,cold,0,echo_rtt,0.052,ok
fcc97ee87fca3ef9ce5a8bc4fea02e34975723da,iroh_dial_p4278,discovery,cold,0,echo_rtt,0.052,ok
fcc97ee87fca3ef9ce5a8bc4fea02e34975723da,iroh_dial_p4278,discovery,cold,0,echo_rtt,0.048,ok
fcc97ee87fca3ef9ce5a8bc4fea02e34975723da,iroh_dial_p4278,discovery,cold,0,echo_rtt,0.046,ok
fcc97ee87fca3ef9ce5a8bc4fea02e34975723da,iroh_dial_p4278,discovery,cold,0,echo_rtt,0.046,ok
fcc97ee87fca3ef9ce5a8bc4fea02e34975723da,iroh_dial_p4278,discovery,cold,0,echo_rtt,0.046,ok
fcc97ee87fca3ef9ce5a8bc4fea02e34975723da,iroh_dial_p4278,discovery,cold,0,echo_rtt,0.046,ok
fcc97ee87fca3ef9ce5a8bc4fea02e34975723da,iroh_dial_p4278,discovery,cold,0,echo_rtt,0.050,ok
fcc97ee87fca3ef9ce5a8bc4fea02e34975723da,iroh_dial_p4278,discovery,cold,0,echo_rtt,0.046,ok
fcc97ee87fca3ef9ce5a8bc4fea02e34975723da,iroh_dial_p4278,discovery,cold,0,echo_rtt,0.047,ok
fcc97ee87fca3ef9ce5a8bc4fea02e34975723da,iroh_dial_p4278,discovery,cold,0,echo_rtt,0.048,ok
fcc97ee87fca3ef9ce5a8bc4fea02e34975723da,iroh_dial_p4278,discovery,cold,0,echo_rtt,0.046,ok
fcc97ee87fca3ef9ce5a8bc4fea02e34975723da,iroh_dial_p4278,discovery,cold,0,echo_rtt,0.045,ok
fcc97ee87fca3ef9ce5a8bc4fea02e34975723da,iroh_dial_p4278,discovery,cold,0,echo_rtt,0.052,ok
fcc97ee87fca3ef9ce5a8bc4fea02e34975723da,iroh_dial_p4278,discovery,cold,0,echo_rtt,0.045,ok
fcc97ee87fca3ef9ce5a8bc4fea02e34975723da,iroh_dial_p4278,discovery,cold,0,echo_rtt,0.045,ok
fcc97ee87fca3ef9ce5a8bc4fea02e34975723da,iroh_dial_p4278,discovery,cold,0,echo_rtt,0.045,ok
fcc97ee87fca3ef9ce5a8bc4fea02e34975723da,iroh_dial_p4278,discovery,cold,0,echo_rtt,0.044,ok
fcc97ee87fca3ef9ce5a8bc4fea02e34975723da,iroh_dial_p4278,discovery,cold,0,echo_rtt,0.065,ok
fcc97ee87fca3ef9ce5a8bc4fea02e34975723da,iroh_dial_p4278,discovery,cold,0,echo_rtt,0.053,ok
fcc97ee87fca3ef9ce5a8bc4fea02e34975723da,iroh_dial_p4278,discovery,cold,0,echo_rtt,0.052,ok
fcc97ee87fca3ef9ce5a8bc4fea02e34975723da,iroh_dial_p4278,discovery,cold,0,echo_rtt,0.045,ok
fcc97ee87fca3ef9ce5a8bc4fea02e34975723da,iroh_dial_p4278,discovery,cold,0,echo_rtt,0.047,ok
fcc97ee87fca3ef9ce5a8bc4fea02e34975723da,iroh_dial_p4278,discovery,cold,0,echo_rtt,0.046,ok
fcc97ee87fca3ef9ce5a8bc4fea02e34975723da,iroh_dial_p4278,discovery,cold,0,echo_rtt,0.046,ok
fcc97ee87fca3ef9ce5a8bc4fea02e34975723da,iroh_dial_p4278,discovery,cold,0,echo_rtt,0.046,ok
fcc97ee87fca3ef9ce5a8bc4fea02e34975723da,iroh_dial_p4278,discovery,cold,0,echo_rtt,0.048,ok
fcc97ee87fca3ef9ce5a8bc4fea02e34975723da,iroh_dial_p4278,discovery,cold,0,echo_rtt,0.060,ok
fcc97ee87fca3ef9ce5a8bc4fea02e34975723da,iroh_dial_p4278,discovery,cold,0,echo_rtt,0.046,ok
fcc97ee87fca3ef9ce5a8bc4fea02e34975723da,iroh_dial_p4278,discovery,cold,0,echo_rtt,0.046,ok
fcc97ee87fca3ef9ce5a8bc4fea02e34975723da,iroh_dial_p4278,discovery,cold,0,echo_rtt,0.046,ok
fcc97ee87fca3ef9ce5a8bc4fea02e34975723da,iroh_dial_p4278,discovery,cold,0,echo_rtt,0.048,ok
fcc97ee87fca3ef9ce5a8bc4fea02e34975723da,iroh_dial_p4278,discovery,cold,0,echo_rtt,0.048,ok
fcc97ee87fca3ef9ce5a8bc4fea02e34975723da,iroh_dial_p4278,discovery,cold,0,echo_rtt,0.053,ok
fcc97ee87fca3ef9ce5a8bc4fea02e34975723da,iroh_dial_p4278,discovery,cold,0,echo_rtt,0.046,ok
fcc97ee87fca3ef9ce5a8bc4fea02e34975723da,iroh_dial_p4278,discovery,cold,0,echo_rtt,0.045,ok
fcc97ee87fca3ef9ce5a8bc4fea02e34975723da,iroh_dial_p4278,discovery,cold,0,echo_rtt,0.046,ok
fcc97ee87fca3ef9ce5a8bc4fea02e34975723da,iroh_dial_p4278,discovery,cold,0,echo_rtt,0.048,ok
fcc97ee87fca3ef9ce5a8bc4fea02e34975723da,iroh_dial_p4278,discovery,cold,0,echo_rtt,0.046,ok
fcc97ee87fca3ef9ce5a8bc4fea02e34975723da,iroh_dial_p4278,discovery,cold,0,echo_rtt,0.060,ok
fcc97ee87fca3ef9ce5a8bc4fea02e34975723da,iroh_dial_p4278,discovery,cold,0,echo_rtt,0.054,ok
fcc97ee87fca3ef9ce5a8bc4fea02e34975723da,iroh_dial_p4278,discovery,cold,0,echo_rtt,0.051,ok
fcc97ee87fca3ef9ce5a8bc4fea02e34975723da,iroh_dial_p4278,discovery,cold,0,echo_rtt,0.051,ok
fcc97ee87fca3ef9ce5a8bc4fea02e34975723da,iroh_dial_p4278,discovery,cold,0,echo_rtt,0.050,ok
fcc97ee87fca3ef9ce5a8bc4fea02e34975723da,iroh_dial_p4278,discovery,cold,0,echo_rtt,0.050,ok
fcc97ee87fca3ef9ce5a8bc4fea02e34975723da,iroh_dial_p4278,discovery,cold,0,echo_rtt,0.049,ok
fcc97ee87fca3ef9ce5a8bc4fea02e34975723da,iroh_dial_p4278,discovery,cold,0,echo_rtt,0.049,ok
fcc97ee87fca3ef9ce5a8bc4fea02e34975723da,iroh_dial_p4278,discovery,cold,0,runtime_start,0.330,ok
fcc97ee87fca3ef9ce5a8bc4fea02e34975723da,iroh_dial_p4278,discovery,cold,0,endpoint_bind,1.357,ok
fcc97ee87fca3ef9ce5a8bc4fea02e34975723da,iroh_dial_p4278,discovery,cold,0,address_lookup,1.609,ok
fcc97ee87fca3ef9ce5a8bc4fea02e34975723da,iroh_dial_p4278,discovery,cold,0,dial_handshake,200.056,ok
fcc97ee87fca3ef9ce5a8bc4fea02e34975723da,iroh_dial_p4278,discovery,cold,0,stream_open,86.531,ok
fcc97ee87fca3ef9ce5a8bc4fea02e34975723da,iroh_dial_p4278,discovery,cold,0,echo_rtt,0.085,ok
fcc97ee87fca3ef9ce5a8bc4fea02e34975723da,iroh_dial_p4278,discovery,cold,0,echo_rtt,0.060,ok
fcc97ee87fca3ef9ce5a8bc4fea02e34975723da,iroh_dial_p4278,discovery,cold,0,echo_rtt,0.052,ok
fcc97ee87fca3ef9ce5a8bc4fea02e34975723da,iroh_dial_p4278,discovery,cold,0,echo_rtt,0.048,ok
fcc97ee87fca3ef9ce5a8bc4fea02e34975723da,iroh_dial_p4278,discovery,cold,0,echo_rtt,0.045,ok
fcc97ee87fca3ef9ce5a8bc4fea02e34975723da,iroh_dial_p4278,discovery,cold,0,echo_rtt,0.045,ok
fcc97ee87fca3ef9ce5a8bc4fea02e34975723da,iroh_dial_p4278,discovery,cold,0,echo_rtt,0.045,ok
fcc97ee87fca3ef9ce5a8bc4fea02e34975723da,iroh_dial_p4278,discovery,cold,0,echo_rtt,0.043,ok
fcc97ee87fca3ef9ce5a8bc4fea02e34975723da,iroh_dial_p4278,discovery,cold,0,echo_rtt,0.060,ok
fcc97ee87fca3ef9ce5a8bc4fea02e34975723da,iroh_dial_p4278,discovery,cold,0,echo_rtt,0.043,ok
fcc97ee87fca3ef9ce5a8bc4fea02e34975723da,iroh_dial_p4278,discovery,cold,0,echo_rtt,0.064,ok
fcc97ee87fca3ef9ce5a8bc4fea02e34975723da,iroh_dial_p4278,discovery,cold,0,echo_rtt,0.059,ok
fcc97ee87fca3ef9ce5a8bc4fea02e34975723da,iroh_dial_p4278,discovery,cold,0,echo_rtt,0.054,ok
fcc97ee87fca3ef9ce5a8bc4fea02e34975723da,iroh_dial_p4278,discovery,cold,0,echo_rtt,0.051,ok
fcc97ee87fca3ef9ce5a8bc4fea02e34975723da,iroh_dial_p4278,discovery,cold,0,echo_rtt,0.051,ok
fcc97ee87fca3ef9ce5a8bc4fea02e34975723da,iroh_dial_p4278,discovery,cold,0,echo_rtt,0.052,ok
fcc97ee87fca3ef9ce5a8bc4fea02e34975723da,iroh_dial_p4278,discovery,cold,0,echo_rtt,0.070,ok
fcc97ee87fca3ef9ce5a8bc4fea02e34975723da,iroh_dial_p4278,discovery,cold,0,echo_rtt,0.055,ok
fcc97ee87fca3ef9ce5a8bc4fea02e34975723da,iroh_dial_p4278,discovery,cold,0,echo_rtt,0.054,ok
fcc97ee87fca3ef9ce5a8bc4fea02e34975723da,iroh_dial_p4278,discovery,cold,0,echo_rtt,0.051,ok
fcc97ee87fca3ef9ce5a8bc4fea02e34975723da,iroh_dial_p4278,discovery,cold,0,echo_rtt,0.051,ok
fcc97ee87fca3ef9ce5a8bc4fea02e34975723da,iroh_dial_p4278,discovery,cold,0,echo_rtt,0.050,ok
fcc97ee87fca3ef9ce5a8bc4fea02e34975723da,iroh_dial_p4278,discovery,cold,0,echo_rtt,0.054,ok
fcc97ee87fca3ef9ce5a8bc4fea02e34975723da,iroh_dial_p4278,discovery,cold,0,echo_rtt,0.050,ok
fcc97ee87fca3ef9ce5a8bc4fea02e34975723da,iroh_dial_p4278,discovery,cold,0,echo_rtt,0.052,ok
fcc97ee87fca3ef9ce5a8bc4fea02e34975723da,iroh_dial_p4278,discovery,cold,0,echo_rtt,0.052,ok
fcc97ee87fca3ef9ce5a8bc4fea02e34975723da,iroh_dial_p4278,discovery,cold,0,echo_rtt,0.050,ok
fcc97ee87fca3ef9ce5a8bc4fea02e34975723da,iroh_dial_p4278,discovery,cold,0,echo_rtt,0.051,ok
fcc97ee87fca3ef9ce5a8bc4fea02e34975723da,iroh_dial_p4278,discovery,cold,0,echo_rtt,0.075,ok
fcc97ee87fca3ef9ce5a8bc4fea02e34975723da,iroh_dial_p4278,discovery,cold,0,echo_rtt,0.048,ok
fcc97ee87fca3ef9ce5a8bc4fea02e34975723da,iroh_dial_p4278,discovery,cold,0,echo_rtt,0.045,ok
fcc97ee87fca3ef9ce5a8bc4fea02e34975723da,iroh_dial_p4278,discovery,cold,0,echo_rtt,0.045,ok
fcc97ee87fca3ef9ce5a8bc4fea02e34975723da,iroh_dial_p4278,discovery,cold,0,echo_rtt,0.044,ok
fcc97ee87fca3ef9ce5a8bc4fea02e34975723da,iroh_dial_p4278,discovery,cold,0,echo_rtt,0.044,ok
fcc97ee87fca3ef9ce5a8bc4fea02e34975723da,iroh_dial_p4278,discovery,cold,0,echo_rtt,0.043,ok
fcc97ee87fca3ef9ce5a8bc4fea02e34975723da,iroh_dial_p4278,discovery,cold,0,echo_rtt,0.044,ok
fcc97ee87fca3ef9ce5a8bc4fea02e34975723da,iroh_dial_p4278,discovery,cold,0,echo_rtt,0.045,ok
fcc97ee87fca3ef9ce5a8bc4fea02e34975723da,iroh_dial_p4278,discovery,cold,0,echo_rtt,0.041,ok
fcc97ee87fca3ef9ce5a8bc4fea02e34975723da,iroh_dial_p4278,discovery,cold,0,echo_rtt,0.043,ok
fcc97ee87fca3ef9ce5a8bc4fea02e34975723da,iroh_dial_p4278,discovery,cold,0,echo_rtt,0.043,ok
fcc97ee87fca3ef9ce5a8bc4fea02e34975723da,iroh_dial_p4278,discovery,cold,0,echo_rtt,0.043,ok
fcc97ee87fca3ef9ce5a8bc4fea02e34975723da,iroh_dial_p4278,discovery,cold,0,echo_rtt,0.151,ok
fcc97ee87fca3ef9ce5a8bc4fea02e34975723da,iroh_dial_p4278,discovery,cold,0,echo_rtt,0.120,ok
fcc97ee87fca3ef9ce5a8bc4fea02e34975723da,iroh_dial_p4278,discovery,cold,0,echo_rtt,0.118,ok
fcc97ee87fca3ef9ce5a8bc4fea02e34975723da,iroh_dial_p4278,discovery,cold,0,echo_rtt,0.074,ok
fcc97ee87fca3ef9ce5a8bc4fea02e34975723da,iroh_dial_p4278,discovery,cold,0,echo_rtt,0.057,ok
fcc97ee87fca3ef9ce5a8bc4fea02e34975723da,iroh_dial_p4278,discovery,cold,0,echo_rtt,0.052,ok
fcc97ee87fca3ef9ce5a8bc4fea02e34975723da,iroh_dial_p4278,discovery,cold,0,echo_rtt,0.052,ok
fcc97ee87fca3ef9ce5a8bc4fea02e34975723da,iroh_dial_p4278,discovery,cold,0,echo_rtt,0.051,ok
fcc97ee87fca3ef9ce5a8bc4fea02e34975723da,iroh_dial_p4278,discovery,cold,0,echo_rtt,0.051,ok
fcc97ee87fca3ef9ce5a8bc4fea02e34975723da,iroh_dial_p4278,discovery,cold,0,echo_rtt,0.049,ok
fcc97ee87fca3ef9ce5a8bc4fea02e34975723da,iroh_dial_p4278,discovery,cold,0,echo_rtt,0.052,ok
fcc97ee87fca3ef9ce5a8bc4fea02e34975723da,iroh_dial_p4278,discovery,cold,0,echo_rtt,0.049,ok
fcc97ee87fca3ef9ce5a8bc4fea02e34975723da,iroh_dial_p4278,discovery,cold,0,echo_rtt,0.050,ok
fcc97ee87fca3ef9ce5a8bc4fea02e34975723da,iroh_dial_p4278,discovery,cold,0,echo_rtt,0.049,ok
fcc97ee87fca3ef9ce5a8bc4fea02e34975723da,iroh_dial_p4278,discovery,cold,0,echo_rtt,0.049,ok
fcc97ee87fca3ef9ce5a8bc4fea02e34975723da,iroh_dial_p4278,discovery,cold,0,echo_rtt,0.049,ok
fcc97ee87fca3ef9ce5a8bc4fea02e34975723da,iroh_dial_p4278,discovery,cold,0,echo_rtt,0.051,ok
fcc97ee87fca3ef9ce5a8bc4fea02e34975723da,iroh_dial_p4278,discovery,cold,0,echo_rtt,0.049,ok
fcc97ee87fca3ef9ce5a8bc4fea02e34975723da,iroh_dial_p4278,discovery,cold,0,echo_rtt,0.049,ok
fcc97ee87fca3ef9ce5a8bc4fea02e34975723da,iroh_dial_p4278,discovery,cold,0,echo_rtt,0.049,ok
fcc97ee87fca3ef9ce5a8bc4fea02e34975723da,iroh_dial_p4278,discovery,cold,0,echo_rtt,0.050,ok
fcc97ee87fca3ef9ce5a8bc4fea02e34975723da,iroh_dial_p4278,discovery,cold,0,echo_rtt,0.049,ok
fcc97ee87fca3ef9ce5a8bc4fea02e34975723da,iroh_dial_p4278,discovery,cold,0,echo_rtt,0.061,ok
fcc97ee87fca3ef9ce5a8bc4fea02e34975723da,iroh_dial_p4278,discovery,cold,0,echo_rtt,0.050,ok
fcc97ee87fca3ef9ce5a8bc4fea02e34975723da,iroh_dial_p4278,discovery,cold,0,echo_rtt,0.050,ok
fcc97ee87fca3ef9ce5a8bc4fea02e34975723da,iroh_dial_p4278,discovery,cold,0,echo_rtt,0.049,ok
fcc97ee87fca3ef9ce5a8bc4fea02e34975723da,iroh_dial_p4278,discovery,cold,0,echo_rtt,0.080,ok
fcc97ee87fca3ef9ce5a8bc4fea02e34975723da,iroh_dial_p4278,discovery,cold,0,echo_rtt,0.050,ok
fcc97ee87fca3ef9ce5a8bc4fea02e34975723da,iroh_dial_p4278,discovery,cold,0,echo_rtt,0.050,ok
fcc97ee87fca3ef9ce5a8bc4fea02e34975723da,iroh_dial_p4278,discovery,cold,0,echo_rtt,0.049,ok
fcc97ee87fca3ef9ce5a8bc4fea02e34975723da,iroh_dial_p4278,discovery,cold,0,echo_rtt,0.050,ok
fcc97ee87fca3ef9ce5a8bc4fea02e34975723da,iroh_dial_p4278,discovery,cold,0,echo_rtt,0.050,ok
fcc97ee87fca3ef9ce5a8bc4fea02e34975723da,iroh_dial_p4278,discovery,cold,0,echo_rtt,0.062,ok
fcc97ee87fca3ef9ce5a8bc4fea02e34975723da,iroh_dial_p4278,discovery,cold,0,echo_rtt,0.048,ok
fcc97ee87fca3ef9ce5a8bc4fea02e34975723da,iroh_dial_p4278,discovery,cold,0,echo_rtt,0.049,ok
fcc97ee87fca3ef9ce5a8bc4fea02e34975723da,iroh_dial_p4278,discovery,cold,0,echo_rtt,0.049,ok
fcc97ee87fca3ef9ce5a8bc4fea02e34975723da,iroh_dial_p4278,discovery,cold,0,echo_rtt,0.049,ok
fcc97ee87fca3ef9ce5a8bc4fea02e34975723da,iroh_dial_p4278,discovery,cold,0,echo_rtt,0.049,ok
fcc97ee87fca3ef9ce5a8bc4fea02e34975723da,iroh_dial_p4278,discovery,cold,0,echo_rtt,0.049,ok
fcc97ee87fca3ef9ce5a8bc4fea02e34975723da,iroh_dial_p4278,discovery,cold,0,echo_rtt,0.049,ok
fcc97ee87fca3ef9ce5a8bc4fea02e34975723da,iroh_dial_p4278,discovery,cold,0,echo_rtt,0.047,ok
fcc97ee87fca3ef9ce5a8bc4fea02e34975723da,iroh_dial_p4278,discovery,cold,0,echo_rtt,0.078,ok
fcc97ee87fca3ef9ce5a8bc4fea02e34975723da,iroh_dial_p4278,discovery,cold,0,echo_rtt,0.057,ok
fcc97ee87fca3ef9ce5a8bc4fea02e34975723da,iroh_dial_p4278,discovery,cold,0,echo_rtt,0.051,ok
fcc97ee87fca3ef9ce5a8bc4fea02e34975723da,iroh_dial_p4278,discovery,cold,0,echo_rtt,0.050,ok
fcc97ee87fca3ef9ce5a8bc4fea02e34975723da,iroh_dial_p4278,discovery,cold,0,echo_rtt,0.050,ok
fcc97ee87fca3ef9ce5a8bc4fea02e34975723da,iroh_dial_p4278,discovery,cold,0,echo_rtt,0.049,ok
fcc97ee87fca3ef9ce5a8bc4fea02e34975723da,iroh_dial_p4278,discovery,cold,0,echo_rtt,0.051,ok
fcc97ee87fca3ef9ce5a8bc4fea02e34975723da,iroh_dial_p4278,discovery,cold,0,echo_rtt,0.049,ok
fcc97ee87fca3ef9ce5a8bc4fea02e34975723da,iroh_dial_p4278,discovery,cold,0,echo_rtt,0.050,ok
fcc97ee87fca3ef9ce5a8bc4fea02e34975723da,iroh_dial_p4278,discovery,cold,0,echo_rtt,0.049,ok
fcc97ee87fca3ef9ce5a8bc4fea02e34975723da,iroh_dial_p4278,discovery,cold,0,echo_rtt,0.049,ok
fcc97ee87fca3ef9ce5a8bc4fea02e34975723da,iroh_dial_p4278,discovery,cold,0,echo_rtt,0.049,ok
fcc97ee87fca3ef9ce5a8bc4fea02e34975723da,iroh_dial_p4278,discovery,cold,0,echo_rtt,0.049,ok
fcc97ee87fca3ef9ce5a8bc4fea02e34975723da,iroh_dial_p4278,discovery,cold,0,echo_rtt,0.048,ok
fcc97ee87fca3ef9ce5a8bc4fea02e34975723da,iroh_dial_p4278,discovery,cold,0,echo_rtt,0.049,ok
fcc97ee87fca3ef9ce5a8bc4fea02e34975723da,iroh_dial_p4278,discovery,cold,0,echo_rtt,0.049,ok
fcc97ee87fca3ef9ce5a8bc4fea02e34975723da,iroh_dial_p4278,discovery,cold,0,echo_rtt,0.050,ok
fcc97ee87fca3ef9ce5a8bc4fea02e34975723da,iroh_dial_p4278,discovery,cold,0,echo_rtt,0.049,ok
fcc97ee87fca3ef9ce5a8bc4fea02e34975723da,iroh_dial_p4278,discovery,cold,0,runtime_start,0.368,ok
fcc97ee87fca3ef9ce5a8bc4fea02e34975723da,iroh_dial_p4278,discovery,cold,0,endpoint_bind,1.397,ok
fcc97ee87fca3ef9ce5a8bc4fea02e34975723da,iroh_dial_p4278,discovery,cold,0,address_lookup,1.651,ok
fcc97ee87fca3ef9ce5a8bc4fea02e34975723da,iroh_dial_p4278,discovery,cold,0,dial_handshake,194.125,ok
fcc97ee87fca3ef9ce5a8bc4fea02e34975723da,iroh_dial_p4278,discovery,cold,0,stream_open,83.537,ok
fcc97ee87fca3ef9ce5a8bc4fea02e34975723da,iroh_dial_p4278,discovery,cold,0,echo_rtt,0.066,ok
fcc97ee87fca3ef9ce5a8bc4fea02e34975723da,iroh_dial_p4278,discovery,cold,0,echo_rtt,0.050,ok
fcc97ee87fca3ef9ce5a8bc4fea02e34975723da,iroh_dial_p4278,discovery,cold,0,echo_rtt,0.063,ok
fcc97ee87fca3ef9ce5a8bc4fea02e34975723da,iroh_dial_p4278,discovery,cold,0,echo_rtt,0.046,ok
fcc97ee87fca3ef9ce5a8bc4fea02e34975723da,iroh_dial_p4278,discovery,cold,0,echo_rtt,0.044,ok
fcc97ee87fca3ef9ce5a8bc4fea02e34975723da,iroh_dial_p4278,discovery,cold,0,echo_rtt,0.044,ok
fcc97ee87fca3ef9ce5a8bc4fea02e34975723da,iroh_dial_p4278,discovery,cold,0,echo_rtt,0.053,ok
fcc97ee87fca3ef9ce5a8bc4fea02e34975723da,iroh_dial_p4278,discovery,cold,0,echo_rtt,0.045,ok
fcc97ee87fca3ef9ce5a8bc4fea02e34975723da,iroh_dial_p4278,discovery,cold,0,echo_rtt,0.047,ok
fcc97ee87fca3ef9ce5a8bc4fea02e34975723da,iroh_dial_p4278,discovery,cold,0,echo_rtt,0.044,ok
fcc97ee87fca3ef9ce5a8bc4fea02e34975723da,iroh_dial_p4278,discovery,cold,0,echo_rtt,0.044,ok
fcc97ee87fca3ef9ce5a8bc4fea02e34975723da,iroh_dial_p4278,discovery,cold,0,echo_rtt,0.057,ok
fcc97ee87fca3ef9ce5a8bc4fea02e34975723da,iroh_dial_p4278,discovery,cold,0,echo_rtt,0.061,ok
fcc97ee87fca3ef9ce5a8bc4fea02e34975723da,iroh_dial_p4278,discovery,cold,0,echo_rtt,0.046,ok
fcc97ee87fca3ef9ce5a8bc4fea02e34975723da,iroh_dial_p4278,discovery,cold,0,echo_rtt,0.043,ok
fcc97ee87fca3ef9ce5a8bc4fea02e34975723da,iroh_dial_p4278,discovery,cold,0,echo_rtt,0.073,ok
fcc97ee87fca3ef9ce5a8bc4fea02e34975723da,iroh_dial_p4278,discovery,cold,0,echo_rtt,0.061,ok
fcc97ee87fca3ef9ce5a8bc4fea02e34975723da,iroh_dial_p4278,discovery,cold,0,echo_rtt,0.053,ok
fcc97ee87fca3ef9ce5a8bc4fea02e34975723da,iroh_dial_p4278,discovery,cold,0,echo_rtt,0.052,ok
fcc97ee87fca3ef9ce5a8bc4fea02e34975723da,iroh_dial_p4278,discovery,cold,0,echo_rtt,0.051,ok
fcc97ee87fca3ef9ce5a8bc4fea02e34975723da,iroh_dial_p4278,discovery,cold,0,echo_rtt,0.052,ok
fcc97ee87fca3ef9ce5a8bc4fea02e34975723da,iroh_dial_p4278,discovery,cold,0,echo_rtt,0.053,ok
fcc97ee87fca3ef9ce5a8bc4fea02e34975723da,iroh_dial_p4278,discovery,cold,0,echo_rtt,0.051,ok
fcc97ee87fca3ef9ce5a8bc4fea02e34975723da,iroh_dial_p4278,discovery,cold,0,echo_rtt,0.052,ok
fcc97ee87fca3ef9ce5a8bc4fea02e34975723da,iroh_dial_p4278,discovery,cold,0,echo_rtt,0.052,ok
fcc97ee87fca3ef9ce5a8bc4fea02e34975723da,iroh_dial_p4278,discovery,cold,0,echo_rtt,0.052,ok
fcc97ee87fca3ef9ce5a8bc4fea02e34975723da,iroh_dial_p4278,discovery,cold,0,echo_rtt,0.050,ok
fcc97ee87fca3ef9ce5a8bc4fea02e34975723da,iroh_dial_p4278,discovery,cold,0,echo_rtt,0.051,ok
fcc97ee87fca3ef9ce5a8bc4fea02e34975723da,iroh_dial_p4278,discovery,cold,0,echo_rtt,0.051,ok
fcc97ee87fca3ef9ce5a8bc4fea02e34975723da,iroh_dial_p4278,discovery,cold,0,echo_rtt,0.051,ok
fcc97ee87fca3ef9ce5a8bc4fea02e34975723da,iroh_dial_p4278,discovery,cold,0,echo_rtt,0.051,ok
fcc97ee87fca3ef9ce5a8bc4fea02e34975723da,iroh_dial_p4278,discovery,cold,0,echo_rtt,0.051,ok
fcc97ee87fca3ef9ce5a8bc4fea02e34975723da,iroh_dial_p4278,discovery,cold,0,echo_rtt,0.051,ok
fcc97ee87fca3ef9ce5a8bc4fea02e34975723da,iroh_dial_p4278,discovery,cold,0,echo_rtt,0.055,ok
fcc97ee87fca3ef9ce5a8bc4fea02e34975723da,iroh_dial_p4278,discovery,cold,0,echo_rtt,0.052,ok
fcc97ee87fca3ef9ce5a8bc4fea02e34975723da,iroh_dial_p4278,discovery,cold,0,echo_rtt,0.048,ok
fcc97ee87fca3ef9ce5a8bc4fea02e34975723da,iroh_dial_p4278,discovery,cold,0,echo_rtt,0.045,ok
fcc97ee87fca3ef9ce5a8bc4fea02e34975723da,iroh_dial_p4278,discovery,cold,0,echo_rtt,0.041,ok
fcc97ee87fca3ef9ce5a8bc4fea02e34975723da,iroh_dial_p4278,discovery,cold,0,echo_rtt,0.043,ok
fcc97ee87fca3ef9ce5a8bc4fea02e34975723da,iroh_dial_p4278,discovery,cold,0,echo_rtt,0.043,ok
fcc97ee87fca3ef9ce5a8bc4fea02e34975723da,iroh_dial_p4278,discovery,cold,0,echo_rtt,0.045,ok
fcc97ee87fca3ef9ce5a8bc4fea02e34975723da,iroh_dial_p4278,discovery,cold,0,echo_rtt,0.043,ok
fcc97ee87fca3ef9ce5a8bc4fea02e34975723da,iroh_dial_p4278,discovery,cold,0,echo_rtt,0.073,ok
fcc97ee87fca3ef9ce5a8bc4fea02e34975723da,iroh_dial_p4278,discovery,cold,0,echo_rtt,0.155,ok
fcc97ee87fca3ef9ce5a8bc4fea02e34975723da,iroh_dial_p4278,discovery,cold,0,echo_rtt,0.086,ok
fcc97ee87fca3ef9ce5a8bc4fea02e34975723da,iroh_dial_p4278,discovery,cold,0,echo_rtt,0.061,ok
fcc97ee87fca3ef9ce5a8bc4fea02e34975723da,iroh_dial_p4278,discovery,cold,0,echo_rtt,0.049,ok
fcc97ee87fca3ef9ce5a8bc4fea02e34975723da,iroh_dial_p4278,discovery,cold,0,echo_rtt,0.046,ok
fcc97ee87fca3ef9ce5a8bc4fea02e34975723da,iroh_dial_p4278,discovery,cold,0,echo_rtt,0.045,ok
fcc97ee87fca3ef9ce5a8bc4fea02e34975723da,iroh_dial_p4278,discovery,cold,0,echo_rtt,0.044,ok
fcc97ee87fca3ef9ce5a8bc4fea02e34975723da,iroh_dial_p4278,discovery,cold,0,echo_rtt,0.044,ok
fcc97ee87fca3ef9ce5a8bc4fea02e34975723da,iroh_dial_p4278,discovery,cold,0,echo_rtt,0.046,ok
fcc97ee87fca3ef9ce5a8bc4fea02e34975723da,iroh_dial_p4278,discovery,cold,0,echo_rtt,0.082,ok
fcc97ee87fca3ef9ce5a8bc4fea02e34975723da,iroh_dial_p4278,discovery,cold,0,echo_rtt,0.070,ok
fcc97ee87fca3ef9ce5a8bc4fea02e34975723da,iroh_dial_p4278,discovery,cold,0,echo_rtt,0.050,ok
fcc97ee87fca3ef9ce5a8bc4fea02e34975723da,iroh_dial_p4278,discovery,cold,0,echo_rtt,0.048,ok
fcc97ee87fca3ef9ce5a8bc4fea02e34975723da,iroh_dial_p4278,discovery,cold,0,echo_rtt,0.047,ok
fcc97ee87fca3ef9ce5a8bc4fea02e34975723da,iroh_dial_p4278,discovery,cold,0,echo_rtt,0.047,ok
fcc97ee87fca3ef9ce5a8bc4fea02e34975723da,iroh_dial_p4278,discovery,cold,0,echo_rtt,0.048,ok
fcc97ee87fca3ef9ce5a8bc4fea02e34975723da,iroh_dial_p4278,discovery,cold,0,echo_rtt,0.048,ok
fcc97ee87fca3ef9ce5a8bc4fea02e34975723da,iroh_dial_p4278,discovery,cold,0,echo_rtt,0.062,ok
fcc97ee87fca3ef9ce5a8bc4fea02e34975723da,iroh_dial_p4278,discovery,cold,0,echo_rtt,0.068,ok
fcc97ee87fca3ef9ce5a8bc4fea02e34975723da,iroh_dial_p4278,discovery,cold,0,echo_rtt,0.054,ok
fcc97ee87fca3ef9ce5a8bc4fea02e34975723da,iroh_dial_p4278,discovery,cold,0,echo_rtt,0.049,ok
fcc97ee87fca3ef9ce5a8bc4fea02e34975723da,iroh_dial_p4278,discovery,cold,0,echo_rtt,0.066,ok
fcc97ee87fca3ef9ce5a8bc4fea02e34975723da,iroh_dial_p4278,discovery,cold,0,echo_rtt,0.051,ok
fcc97ee87fca3ef9ce5a8bc4fea02e34975723da,iroh_dial_p4278,discovery,cold,0,echo_rtt,0.050,ok
fcc97ee87fca3ef9ce5a8bc4fea02e34975723da,iroh_dial_p4278,discovery,cold,0,echo_rtt,0.050,ok
fcc97ee87fca3ef9ce5a8bc4fea02e34975723da,iroh_dial_p4278,discovery,cold,0,echo_rtt,0.052,ok
fcc97ee87fca3ef9ce5a8bc4fea02e34975723da,iroh_dial_p4278,discovery,cold,0,echo_rtt,0.055,ok
fcc97ee87fca3ef9ce5a8bc4fea02e34975723da,iroh_dial_p4278,discovery,cold,0,echo_rtt,0.049,ok
fcc97ee87fca3ef9ce5a8bc4fea02e34975723da,iroh_dial_p4278,discovery,cold,0,echo_rtt,0.044,ok
fcc97ee87fca3ef9ce5a8bc4fea02e34975723da,iroh_dial_p4278,discovery,cold,0,echo_rtt,0.045,ok
fcc97ee87fca3ef9ce5a8bc4fea02e34975723da,iroh_dial_p4278,discovery,cold,0,echo_rtt,0.048,ok
fcc97ee87fca3ef9ce5a8bc4fea02e34975723da,iroh_dial_p4278,discovery,cold,0,echo_rtt,0.045,ok
fcc97ee87fca3ef9ce5a8bc4fea02e34975723da,iroh_dial_p4278,discovery,cold,0,echo_rtt,0.057,ok
fcc97ee87fca3ef9ce5a8bc4fea02e34975723da,iroh_dial_p4278,discovery,cold,0,echo_rtt,0.046,ok
fcc97ee87fca3ef9ce5a8bc4fea02e34975723da,iroh_dial_p4278,discovery,cold,0,echo_rtt,0.044,ok
fcc97ee87fca3ef9ce5a8bc4fea02e34975723da,iroh_dial_p4278,discovery,cold,0,echo_rtt,0.045,ok
fcc97ee87fca3ef9ce5a8bc4fea02e34975723da,iroh_dial_p4278,discovery,cold,0,echo_rtt,0.044,ok
fcc97ee87fca3ef9ce5a8bc4fea02e34975723da,iroh_dial_p4278,discovery,cold,0,echo_rtt,0.046,ok
fcc97ee87fca3ef9ce5a8bc4fea02e34975723da,iroh_dial_p4278,discovery,cold,0,echo_rtt,0.044,ok
fcc97ee87fca3ef9ce5a8bc4fea02e34975723da,iroh_dial_p4278,discovery,cold,0,echo_rtt,0.045,ok
fcc97ee87fca3ef9ce5a8bc4fea02e34975723da,iroh_dial_p4278,discovery,cold,0,echo_rtt,0.044,ok
fcc97ee87fca3ef9ce5a8bc4fea02e34975723da,iroh_dial_p4278,discovery,cold,0,echo_rtt,0.045,ok
fcc97ee87fca3ef9ce5a8bc4fea02e34975723da,iroh_dial_p4278,discovery,cold,0,echo_rtt,0.045,ok
fcc97ee87fca3ef9ce5a8bc4fea02e34975723da,iroh_dial_p4278,discovery,cold,0,echo_rtt,0.060,ok
fcc97ee87fca3ef9ce5a8bc4fea02e34975723da,iroh_dial_p4278,discovery,cold,0,echo_rtt,0.047,ok
fcc97ee87fca3ef9ce5a8bc4fea02e34975723da,iroh_dial_p4278,discovery,cold,0,echo_rtt,0.047,ok
fcc97ee87fca3ef9ce5a8bc4fea02e34975723da,iroh_dial_p4278,discovery,cold,0,echo_rtt,0.048,ok
fcc97ee87fca3ef9ce5a8bc4fea02e34975723da,iroh_dial_p4278,discovery,cold,0,echo_rtt,0.047,ok
fcc97ee87fca3ef9ce5a8bc4fea02e34975723da,iroh_dial_p4278,discovery,cold,0,echo_rtt,0.047,ok
fcc97ee87fca3ef9ce5a8bc4fea02e34975723da,iroh_dial_p4278,discovery,cold,0,echo_rtt,0.046,ok
fcc97ee87fca3ef9ce5a8bc4fea02e34975723da,iroh_dial_p4278,discovery,cold,0,echo_rtt,0.046,ok
fcc97ee87fca3ef9ce5a8bc4fea02e34975723da,iroh_dial_p4278,discovery,cold,0,echo_rtt,0.048,ok
fcc97ee87fca3ef9ce5a8bc4fea02e34975723da,iroh_dial_p4278,discovery,cold,0,echo_rtt,0.049,ok
fcc97ee87fca3ef9ce5a8bc4fea02e34975723da,iroh_dial_p4278,discovery,cold,0,echo_rtt,0.049,ok
fcc97ee87fca3ef9ce5a8bc4fea02e34975723da,iroh_dial_p4278,discovery,cold,0,echo_rtt,0.071,ok
fcc97ee87fca3ef9ce5a8bc4fea02e34975723da,iroh_dial_p4278,discovery,cold,0,echo_rtt,0.055,ok
fcc97ee87fca3ef9ce5a8bc4fea02e34975723da,iroh_dial_p4278,discovery,cold,0,echo_rtt,0.054,ok
fcc97ee87fca3ef9ce5a8bc4fea02e34975723da,iroh_dial_p4278,discovery,cold,0,runtime_start,0.345,ok
fcc97ee87fca3ef9ce5a8bc4fea02e34975723da,iroh_dial_p4278,discovery,cold,0,endpoint_bind,1.382,ok
fcc97ee87fca3ef9ce5a8bc4fea02e34975723da,iroh_dial_p4278,discovery,cold,0,address_lookup,1.730,ok
fcc97ee87fca3ef9ce5a8bc4fea02e34975723da,iroh_dial_p4278,discovery,cold,0,dial_handshake,192.678,ok
fcc97ee87fca3ef9ce5a8bc4fea02e34975723da,iroh_dial_p4278,discovery,cold,0,stream_open,92.737,ok
fcc97ee87fca3ef9ce5a8bc4fea02e34975723da,iroh_dial_p4278,discovery,cold,0,echo_rtt,0.082,ok
fcc97ee87fca3ef9ce5a8bc4fea02e34975723da,iroh_dial_p4278,discovery,cold,0,echo_rtt,0.058,ok
fcc97ee87fca3ef9ce5a8bc4fea02e34975723da,iroh_dial_p4278,discovery,cold,0,echo_rtt,0.048,ok
fcc97ee87fca3ef9ce5a8bc4fea02e34975723da,iroh_dial_p4278,discovery,cold,0,echo_rtt,0.048,ok
fcc97ee87fca3ef9ce5a8bc4fea02e34975723da,iroh_dial_p4278,discovery,cold,0,echo_rtt,0.046,ok
fcc97ee87fca3ef9ce5a8bc4fea02e34975723da,iroh_dial_p4278,discovery,cold,0,echo_rtt,0.044,ok
fcc97ee87fca3ef9ce5a8bc4fea02e34975723da,iroh_dial_p4278,discovery,cold,0,echo_rtt,0.045,ok
fcc97ee87fca3ef9ce5a8bc4fea02e34975723da,iroh_dial_p4278,discovery,cold,0,echo_rtt,0.049,ok
fcc97ee87fca3ef9ce5a8bc4fea02e34975723da,iroh_dial_p4278,discovery,cold,0,echo_rtt,0.045,ok
fcc97ee87fca3ef9ce5a8bc4fea02e34975723da,iroh_dial_p4278,discovery,cold,0,echo_rtt,0.044,ok
fcc97ee87fca3ef9ce5a8bc4fea02e34975723da,iroh_dial_p4278,discovery,cold,0,echo_rtt,0.114,ok
fcc97ee87fca3ef9ce5a8bc4fea02e34975723da,iroh_dial_p4278,discovery,cold,0,echo_rtt,0.059,ok
fcc97ee87fca3ef9ce5a8bc4fea02e34975723da,iroh_dial_p4278,discovery,cold,0,echo_rtt,0.064,ok
fcc97ee87fca3ef9ce5a8bc4fea02e34975723da,iroh_dial_p4278,discovery,cold,0,echo_rtt,0.046,ok
fcc97ee87fca3ef9ce5a8bc4fea02e34975723da,iroh_dial_p4278,discovery,cold,0,echo_rtt,0.045,ok
fcc97ee87fca3ef9ce5a8bc4fea02e34975723da,iroh_dial_p4278,discovery,cold,0,echo_rtt,0.048,ok
fcc97ee87fca3ef9ce5a8bc4fea02e34975723da,iroh_dial_p4278,discovery,cold,0,echo_rtt,0.071,ok
fcc97ee87fca3ef9ce5a8bc4fea02e34975723da,iroh_dial_p4278,discovery,cold,0,echo_rtt,0.070,ok
fcc97ee87fca3ef9ce5a8bc4fea02e34975723da,iroh_dial_p4278,discovery,cold,0,echo_rtt,0.045,ok
fcc97ee87fca3ef9ce5a8bc4fea02e34975723da,iroh_dial_p4278,discovery,cold,0,echo_rtt,0.045,ok
fcc97ee87fca3ef9ce5a8bc4fea02e34975723da,iroh_dial_p4278,discovery,cold,0,echo_rtt,0.044,ok
fcc97ee87fca3ef9ce5a8bc4fea02e34975723da,iroh_dial_p4278,discovery,cold,0,echo_rtt,0.046,ok
fcc97ee87fca3ef9ce5a8bc4fea02e34975723da,iroh_dial_p4278,discovery,cold,0,echo_rtt,0.059,ok
fcc97ee87fca3ef9ce5a8bc4fea02e34975723da,iroh_dial_p4278,discovery,cold,0,echo_rtt,0.044,ok
fcc97ee87fca3ef9ce5a8bc4fea02e34975723da,iroh_dial_p4278,discovery,cold,0,echo_rtt,0.044,ok
fcc97ee87fca3ef9ce5a8bc4fea02e34975723da,iroh_dial_p4278,discovery,cold,0,echo_rtt,0.068,ok
fcc97ee87fca3ef9ce5a8bc4fea02e34975723da,iroh_dial_p4278,discovery,cold,0,echo_rtt,0.052,ok
fcc97ee87fca3ef9ce5a8bc4fea02e34975723da,iroh_dial_p4278,discovery,cold,0,echo_rtt,0.046,ok
fcc97ee87fca3ef9ce5a8bc4fea02e34975723da,iroh_dial_p4278,discovery,cold,0,echo_rtt,0.046,ok
fcc97ee87fca3ef9ce5a8bc4fea02e34975723da,iroh_dial_p4278,discovery,cold,0,echo_rtt,0.045,ok
fcc97ee87fca3ef9ce5a8bc4fea02e34975723da,iroh_dial_p4278,discovery,cold,0,echo_rtt,0.047,ok
fcc97ee87fca3ef9ce5a8bc4fea02e34975723da,iroh_dial_p4278,discovery,cold,0,echo_rtt,0.047,ok
fcc97ee87fca3ef9ce5a8bc4fea02e34975723da,iroh_dial_p4278,discovery,cold,0,echo_rtt,0.080,ok
fcc97ee87fca3ef9ce5a8bc4fea02e34975723da,iroh_dial_p4278,discovery,cold,0,echo_rtt,0.052,ok
fcc97ee87fca3ef9ce5a8bc4fea02e34975723da,iroh_dial_p4278,discovery,cold,0,echo_rtt,0.046,ok
fcc97ee87fca3ef9ce5a8bc4fea02e34975723da,iroh_dial_p4278,discovery,cold,0,echo_rtt,0.051,ok
fcc97ee87fca3ef9ce5a8bc4fea02e34975723da,iroh_dial_p4278,discovery,cold,0,echo_rtt,0.047,ok
fcc97ee87fca3ef9ce5a8bc4fea02e34975723da,iroh_dial_p4278,discovery,cold,0,echo_rtt,0.042,ok
fcc97ee87fca3ef9ce5a8bc4fea02e34975723da,iroh_dial_p4278,discovery,cold,0,echo_rtt,0.044,ok
fcc97ee87fca3ef9ce5a8bc4fea02e34975723da,iroh_dial_p4278,discovery,cold,0,echo_rtt,0.059,ok
fcc97ee87fca3ef9ce5a8bc4fea02e34975723da,iroh_dial_p4278,discovery,cold,0,echo_rtt,0.045,ok
fcc97ee87fca3ef9ce5a8bc4fea02e34975723da,iroh_dial_p4278,discovery,cold,0,echo_rtt,0.044,ok
fcc97ee87fca3ef9ce5a8bc4fea02e34975723da,iroh_dial_p4278,discovery,cold,0,echo_rtt,0.045,ok
fcc97ee87fca3ef9ce5a8bc4fea02e34975723da,iroh_dial_p4278,discovery,cold,0,echo_rtt,0.051,ok
fcc97ee87fca3ef9ce5a8bc4fea02e34975723da,iroh_dial_p4278,discovery,cold,0,echo_rtt,0.072,ok
fcc97ee87fca3ef9ce5a8bc4fea02e34975723da,iroh_dial_p4278,discovery,cold,0,echo_rtt,0.049,ok
fcc97ee87fca3ef9ce5a8bc4fea02e34975723da,iroh_dial_p4278,discovery,cold,0,echo_rtt,0.050,ok
fcc97ee87fca3ef9ce5a8bc4fea02e34975723da,iroh_dial_p4278,discovery,cold,0,echo_rtt,0.051,ok
fcc97ee87fca3ef9ce5a8bc4fea02e34975723da,iroh_dial_p4278,discovery,cold,0,echo_rtt,0.046,ok
fcc97ee87fca3ef9ce5a8bc4fea02e34975723da,iroh_dial_p4278,discovery,cold,0,echo_rtt,0.061,ok
fcc97ee87fca3ef9ce5a8bc4fea02e34975723da,iroh_dial_p4278,discovery,cold,0,echo_rtt,0.062,ok
fcc97ee87fca3ef9ce5a8bc4fea02e34975723da,iroh_dial_p4278,discovery,cold,0,echo_rtt,0.045,ok
fcc97ee87fca3ef9ce5a8bc4fea02e34975723da,iroh_dial_p4278,discovery,cold,0,echo_rtt,0.044,ok
fcc97ee87fca3ef9ce5a8bc4fea02e34975723da,iroh_dial_p4278,discovery,cold,0,echo_rtt,0.048,ok
fcc97ee87fca3ef9ce5a8bc4fea02e34975723da,iroh_dial_p4278,discovery,cold,0,echo_rtt,0.044,ok
fcc97ee87fca3ef9ce5a8bc4fea02e34975723da,iroh_dial_p4278,discovery,cold,0,echo_rtt,0.044,ok
fcc97ee87fca3ef9ce5a8bc4fea02e34975723da,iroh_dial_p4278,discovery,cold,0,echo_rtt,0.044,ok
fcc97ee87fca3ef9ce5a8bc4fea02e34975723da,iroh_dial_p4278,discovery,cold,0,echo_rtt,0.044,ok
fcc97ee87fca3ef9ce5a8bc4fea02e34975723da,iroh_dial_p4278,discovery,cold,0,echo_rtt,0.044,ok
fcc97ee87fca3ef9ce5a8bc4fea02e34975723da,iroh_dial_p4278,discovery,cold,0,echo_rtt,0.044,ok
fcc97ee87fca3ef9ce5a8bc4fea02e34975723da,iroh_dial_p4278,discovery,cold,0,echo_rtt,0.044,ok
fcc97ee87fca3ef9ce5a8bc4fea02e34975723da,iroh_dial_p4278,discovery,cold,0,echo_rtt,0.056,ok
fcc97ee87fca3ef9ce5a8bc4fea02e34975723da,iroh_dial_p4278,discovery,cold,0,echo_rtt,0.045,ok
fcc97ee87fca3ef9ce5a8bc4fea02e34975723da,iroh_dial_p4278,discovery,cold,0,echo_rtt,0.044,ok
fcc97ee87fca3ef9ce5a8bc4fea02e34975723da,iroh_dial_p4278,discovery,cold,0,echo_rtt,0.053,ok
fcc97ee87fca3ef9ce5a8bc4fea02e34975723da,iroh_dial_p4278,discovery,cold,0,echo_rtt,0.044,ok
fcc97ee87fca3ef9ce5a8bc4fea02e34975723da,iroh_dial_p4278,discovery,cold,0,echo_rtt,0.044,ok
fcc97ee87fca3ef9ce5a8bc4fea02e34975723da,iroh_dial_p4278,discovery,cold,0,echo_rtt,0.053,ok
fcc97ee87fca3ef9ce5a8bc4fea02e34975723da,iroh_dial_p4278,discovery,cold,0,echo_rtt,0.072,ok
fcc97ee87fca3ef9ce5a8bc4fea02e34975723da,iroh_dial_p4278,discovery,cold,0,echo_rtt,0.057,ok
fcc97ee87fca3ef9ce5a8bc4fea02e34975723da,iroh_dial_p4278,discovery,cold,0,echo_rtt,0.053,ok
fcc97ee87fca3ef9ce5a8bc4fea02e34975723da,iroh_dial_p4278,discovery,cold,0,echo_rtt,0.052,ok
fcc97ee87fca3ef9ce5a8bc4fea02e34975723da,iroh_dial_p4278,discovery,cold,0,echo_rtt,0.052,ok
fcc97ee87fca3ef9ce5a8bc4fea02e34975723da,iroh_dial_p4278,discovery,cold,0,echo_rtt,0.054,ok
fcc97ee87fca3ef9ce5a8bc4fea02e34975723da,iroh_dial_p4278,discovery,cold,0,echo_rtt,0.052,ok
fcc97ee87fca3ef9ce5a8bc4fea02e34975723da,iroh_dial_p4278,discovery,cold,0,echo_rtt,0.052,ok
fcc97ee87fca3ef9ce5a8bc4fea02e34975723da,iroh_dial_p4278,discovery,cold,0,echo_rtt,0.052,ok
fcc97ee87fca3ef9ce5a8bc4fea02e34975723da,iroh_dial_p4278,discovery,cold,0,echo_rtt,0.053,ok
fcc97ee87fca3ef9ce5a8bc4fea02e34975723da,iroh_dial_p4278,discovery,cold,0,echo_rtt,0.051,ok
fcc97ee87fca3ef9ce5a8bc4fea02e34975723da,iroh_dial_p4278,discovery,cold,0,echo_rtt,0.052,ok
fcc97ee87fca3ef9ce5a8bc4fea02e34975723da,iroh_dial_p4278,discovery,cold,0,echo_rtt,0.052,ok
fcc97ee87fca3ef9ce5a8bc4fea02e34975723da,iroh_dial_p4278,discovery,cold,0,echo_rtt,0.053,ok
fcc97ee87fca3ef9ce5a8bc4fea02e34975723da,iroh_dial_p4278,discovery,cold,0,echo_rtt,0.058,ok
fcc97ee87fca3ef9ce5a8bc4fea02e34975723da,iroh_dial_p4278,discovery,cold,0,echo_rtt,0.054,ok
fcc97ee87fca3ef9ce5a8bc4fea02e34975723da,iroh_dial_p4278,discovery,cold,0,echo_rtt,0.053,ok
fcc97ee87fca3ef9ce5a8bc4fea02e34975723da,iroh_dial_p4278,discovery,cold,0,echo_rtt,0.048,ok
fcc97ee87fca3ef9ce5a8bc4fea02e34975723da,iroh_dial_p4278,discovery,cold,0,echo_rtt,0.048,ok
fcc97ee87fca3ef9ce5a8bc4fea02e34975723da,iroh_dial_p4278,discovery,cold,0,echo_rtt,0.048,ok
fcc97ee87fca3ef9ce5a8bc4fea02e34975723da,iroh_dial_p4278,discovery,cold,0,echo_rtt,0.049,ok
fcc97ee87fca3ef9ce5a8bc4fea02e34975723da,iroh_dial_p4278,discovery,cold,0,echo_rtt,0.048,ok
fcc97ee87fca3ef9ce5a8bc4fea02e34975723da,iroh_dial_p4278,discovery,cold,0,echo_rtt,0.047,ok
fcc97ee87fca3ef9ce5a8bc4fea02e34975723da,iroh_dial_p4278,discovery,cold,0,echo_rtt,0.051,ok
fcc97ee87fca3ef9ce5a8bc4fea02e34975723da,iroh_dial_p4278,discovery,cold,0,echo_rtt,0.048,ok
fcc97ee87fca3ef9ce5a8bc4fea02e34975723da,iroh_dial_p4278,discovery,cold,0,echo_rtt,0.072,ok
fcc97ee87fca3ef9ce5a8bc4fea02e34975723da,iroh_dial_p4278,discovery,cold,0,echo_rtt,0.062,ok
fcc97ee87fca3ef9ce5a8bc4fea02e34975723da,iroh_dial_p4278,discovery,cold,0,echo_rtt,0.053,ok
fcc97ee87fca3ef9ce5a8bc4fea02e34975723da,iroh_dial_p4278,discovery,cold,0,echo_rtt,0.053,ok
fcc97ee87fca3ef9ce5a8bc4fea02e34975723da,iroh_dial_p4278,discovery,cold,0,echo_rtt,0.054,ok
fcc97ee87fca3ef9ce5a8bc4fea02e34975723da,iroh_dial_p4278,discovery,cold,0,echo_rtt,0.052,ok
fcc97ee87fca3ef9ce5a8bc4fea02e34975723da,iroh_dial_p4278,discovery,cold,0,echo_rtt,0.053,ok
fcc97ee87fca3ef9ce5a8bc4fea02e34975723da,iroh_dial_p4278,discovery,cold,0,runtime_start,0.366,ok
fcc97ee87fca3ef9ce5a8bc4fea02e34975723da,iroh_dial_p4278,discovery,cold,0,endpoint_bind,1.664,ok
fcc97ee87fca3ef9ce5a8bc4fea02e34975723da,iroh_dial_p4278,discovery,cold,0,address_lookup,129.997,ok
fcc97ee87fca3ef9ce5a8bc4fea02e34975723da,iroh_dial_p4278,discovery,cold,0,dial_handshake,192.007,ok
fcc97ee87fca3ef9ce5a8bc4fea02e34975723da,iroh_dial_p4278,discovery,cold,0,stream_open,83.392,ok
fcc97ee87fca3ef9ce5a8bc4fea02e34975723da,iroh_dial_p4278,discovery,cold,0,echo_rtt,0.085,ok
fcc97ee87fca3ef9ce5a8bc4fea02e34975723da,iroh_dial_p4278,discovery,cold,0,echo_rtt,0.082,ok
fcc97ee87fca3ef9ce5a8bc4fea02e34975723da,iroh_dial_p4278,discovery,cold,0,echo_rtt,0.058,ok
fcc97ee87fca3ef9ce5a8bc4fea02e34975723da,iroh_dial_p4278,discovery,cold,0,echo_rtt,0.055,ok
fcc97ee87fca3ef9ce5a8bc4fea02e34975723da,iroh_dial_p4278,discovery,cold,0,echo_rtt,0.061,ok
fcc97ee87fca3ef9ce5a8bc4fea02e34975723da,iroh_dial_p4278,discovery,cold,0,echo_rtt,0.057,ok
fcc97ee87fca3ef9ce5a8bc4fea02e34975723da,iroh_dial_p4278,discovery,cold,0,echo_rtt,0.053,ok
fcc97ee87fca3ef9ce5a8bc4fea02e34975723da,iroh_dial_p4278,discovery,cold,0,echo_rtt,0.052,ok
fcc97ee87fca3ef9ce5a8bc4fea02e34975723da,iroh_dial_p4278,discovery,cold,0,echo_rtt,0.052,ok
fcc97ee87fca3ef9ce5a8bc4fea02e34975723da,iroh_dial_p4278,discovery,cold,0,echo_rtt,0.052,ok
fcc97ee87fca3ef9ce5a8bc4fea02e34975723da,iroh_dial_p4278,discovery,cold,0,echo_rtt,0.052,ok
fcc97ee87fca3ef9ce5a8bc4fea02e34975723da,iroh_dial_p4278,discovery,cold,0,echo_rtt,0.057,ok
fcc97ee87fca3ef9ce5a8bc4fea02e34975723da,iroh_dial_p4278,discovery,cold,0,echo_rtt,0.054,ok
fcc97ee87fca3ef9ce5a8bc4fea02e34975723da,iroh_dial_p4278,discovery,cold,0,echo_rtt,0.055,ok
fcc97ee87fca3ef9ce5a8bc4fea02e34975723da,iroh_dial_p4278,discovery,cold,0,echo_rtt,0.052,ok
fcc97ee87fca3ef9ce5a8bc4fea02e34975723da,iroh_dial_p4278,discovery,cold,0,echo_rtt,0.053,ok
fcc97ee87fca3ef9ce5a8bc4fea02e34975723da,iroh_dial_p4278,discovery,cold,0,echo_rtt,0.047,ok
fcc97ee87fca3ef9ce5a8bc4fea02e34975723da,iroh_dial_p4278,discovery,cold,0,echo_rtt,0.048,ok
fcc97ee87fca3ef9ce5a8bc4fea02e34975723da,iroh_dial_p4278,discovery,cold,0,echo_rtt,0.048,ok
fcc97ee87fca3ef9ce5a8bc4fea02e34975723da,iroh_dial_p4278,discovery,cold,0,echo_rtt,0.048,ok
fcc97ee87fca3ef9ce5a8bc4fea02e34975723da,iroh_dial_p4278,discovery,cold,0,echo_rtt,0.047,ok
fcc97ee87fca3ef9ce5a8bc4fea02e34975723da,iroh_dial_p4278,discovery,cold,0,echo_rtt,0.047,ok
fcc97ee87fca3ef9ce5a8bc4fea02e34975723da,iroh_dial_p4278,discovery,cold,0,echo_rtt,0.047,ok
fcc97ee87fca3ef9ce5a8bc4fea02e34975723da,iroh_dial_p4278,discovery,cold,0,echo_rtt,0.048,ok
fcc97ee87fca3ef9ce5a8bc4fea02e34975723da,iroh_dial_p4278,discovery,cold,0,echo_rtt,0.047,ok
fcc97ee87fca3ef9ce5a8bc4fea02e34975723da,iroh_dial_p4278,discovery,cold,0,echo_rtt,0.047,ok
fcc97ee87fca3ef9ce5a8bc4fea02e34975723da,iroh_dial_p4278,discovery,cold,0,echo_rtt,0.048,ok
fcc97ee87fca3ef9ce5a8bc4fea02e34975723da,iroh_dial_p4278,discovery,cold,0,echo_rtt,0.047,ok
fcc97ee87fca3ef9ce5a8bc4fea02e34975723da,iroh_dial_p4278,discovery,cold,0,echo_rtt,0.048,ok
fcc97ee87fca3ef9ce5a8bc4fea02e34975723da,iroh_dial_p4278,discovery,cold,0,echo_rtt,0.047,ok
fcc97ee87fca3ef9ce5a8bc4fea02e34975723da,iroh_dial_p4278,discovery,cold,0,echo_rtt,0.047,ok
fcc97ee87fca3ef9ce5a8bc4fea02e34975723da,iroh_dial_p4278,discovery,cold,0,echo_rtt,0.051,ok
fcc97ee87fca3ef9ce5a8bc4fea02e34975723da,iroh_dial_p4278,discovery,cold,0,echo_rtt,0.058,ok
fcc97ee87fca3ef9ce5a8bc4fea02e34975723da,iroh_dial_p4278,discovery,cold,0,echo_rtt,0.047,ok
fcc97ee87fca3ef9ce5a8bc4fea02e34975723da,iroh_dial_p4278,discovery,cold,0,echo_rtt,0.047,ok
fcc97ee87fca3ef9ce5a8bc4fea02e34975723da,iroh_dial_p4278,discovery,cold,0,echo_rtt,0.048,ok
fcc97ee87fca3ef9ce5a8bc4fea02e34975723da,iroh_dial_p4278,discovery,cold,0,echo_rtt,0.046,ok
fcc97ee87fca3ef9ce5a8bc4fea02e34975723da,iroh_dial_p4278,discovery,cold,0,echo_rtt,0.042,ok
fcc97ee87fca3ef9ce5a8bc4fea02e34975723da,iroh_dial_p4278,discovery,cold,0,echo_rtt,0.046,ok
fcc97ee87fca3ef9ce5a8bc4fea02e34975723da,iroh_dial_p4278,discovery,cold,0,echo_rtt,0.043,ok
fcc97ee87fca3ef9ce5a8bc4fea02e34975723da,iroh_dial_p4278,discovery,cold,0,echo_rtt,0.043,ok
fcc97ee87fca3ef9ce5a8bc4fea02e34975723da,iroh_dial_p4278,discovery,cold,0,echo_rtt,0.071,ok
fcc97ee87fca3ef9ce5a8bc4fea02e34975723da,iroh_dial_p4278,discovery,cold,0,echo_rtt,0.182,ok
fcc97ee87fca3ef9ce5a8bc4fea02e34975723da,iroh_dial_p4278,discovery,cold,0,echo_rtt,0.086,ok
fcc97ee87fca3ef9ce5a8bc4fea02e34975723da,iroh_dial_p4278,discovery,cold,0,echo_rtt,0.072,ok
fcc97ee87fca3ef9ce5a8bc4fea02e34975723da,iroh_dial_p4278,discovery,cold,0,echo_rtt,0.049,ok
fcc97ee87fca3ef9ce5a8bc4fea02e34975723da,iroh_dial_p4278,discovery,cold,0,echo_rtt,0.053,ok
fcc97ee87fca3ef9ce5a8bc4fea02e34975723da,iroh_dial_p4278,discovery,cold,0,echo_rtt,0.051,ok
fcc97ee87fca3ef9ce5a8bc4fea02e34975723da,iroh_dial_p4278,discovery,cold,0,echo_rtt,0.047,ok
fcc97ee87fca3ef9ce5a8bc4fea02e34975723da,iroh_dial_p4278,discovery,cold,0,echo_rtt,0.048,ok
fcc97ee87fca3ef9ce5a8bc4fea02e34975723da,iroh_dial_p4278,discovery,cold,0,echo_rtt,0.046,ok
fcc97ee87fca3ef9ce5a8bc4fea02e34975723da,iroh_dial_p4278,discovery,cold,0,echo_rtt,0.050,ok
fcc97ee87fca3ef9ce5a8bc4fea02e34975723da,iroh_dial_p4278,discovery,cold,0,echo_rtt,0.046,ok
fcc97ee87fca3ef9ce5a8bc4fea02e34975723da,iroh_dial_p4278,discovery,cold,0,echo_rtt,0.047,ok
fcc97ee87fca3ef9ce5a8bc4fea02e34975723da,iroh_dial_p4278,discovery,cold,0,echo_rtt,0.047,ok
fcc97ee87fca3ef9ce5a8bc4fea02e34975723da,iroh_dial_p4278,discovery,cold,0,echo_rtt,0.045,ok
fcc97ee87fca3ef9ce5a8bc4fea02e34975723da,iroh_dial_p4278,discovery,cold,0,echo_rtt,0.045,ok
fcc97ee87fca3ef9ce5a8bc4fea02e34975723da,iroh_dial_p4278,discovery,cold,0,echo_rtt,0.048,ok
fcc97ee87fca3ef9ce5a8bc4fea02e34975723da,iroh_dial_p4278,discovery,cold,0,echo_rtt,0.044,ok
fcc97ee87fca3ef9ce5a8bc4fea02e34975723da,iroh_dial_p4278,discovery,cold,0,echo_rtt,0.046,ok
fcc97ee87fca3ef9ce5a8bc4fea02e34975723da,iroh_dial_p4278,discovery,cold,0,echo_rtt,0.045,ok
fcc97ee87fca3ef9ce5a8bc4fea02e34975723da,iroh_dial_p4278,discovery,cold,0,echo_rtt,0.045,ok
fcc97ee87fca3ef9ce5a8bc4fea02e34975723da,iroh_dial_p4278,discovery,cold,0,echo_rtt,0.045,ok
fcc97ee87fca3ef9ce5a8bc4fea02e34975723da,iroh_dial_p4278,discovery,cold,0,echo_rtt,0.048,ok
fcc97ee87fca3ef9ce5a8bc4fea02e34975723da,iroh_dial_p4278,discovery,cold,0,echo_rtt,0.046,ok
fcc97ee87fca3ef9ce5a8bc4fea02e34975723da,iroh_dial_p4278,discovery,cold,0,echo_rtt,0.046,ok
fcc97ee87fca3ef9ce5a8bc4fea02e34975723da,iroh_dial_p4278,discovery,cold,0,echo_rtt,0.044,ok
fcc97ee87fca3ef9ce5a8bc4fea02e34975723da,iroh_dial_p4278,discovery,cold,0,echo_rtt,0.045,ok
fcc97ee87fca3ef9ce5a8bc4fea02e34975723da,iroh_dial_p4278,discovery,cold,0,echo_rtt,0.047,ok
fcc97ee87fca3ef9ce5a8bc4fea02e34975723da,iroh_dial_p4278,discovery,cold,0,echo_rtt,0.045,ok
fcc97ee87fca3ef9ce5a8bc4fea02e34975723da,iroh_dial_p4278,discovery,cold,0,echo_rtt,0.044,ok
fcc97ee87fca3ef9ce5a8bc4fea02e34975723da,iroh_dial_p4278,discovery,cold,0,echo_rtt,0.045,ok
fcc97ee87fca3ef9ce5a8bc4fea02e34975723da,iroh_dial_p4278,discovery,cold,0,echo_rtt,0.044,ok
fcc97ee87fca3ef9ce5a8bc4fea02e34975723da,iroh_dial_p4278,discovery,cold,0,echo_rtt,0.050,ok
fcc97ee87fca3ef9ce5a8bc4fea02e34975723da,iroh_dial_p4278,discovery,cold,0,echo_rtt,0.044,ok
fcc97ee87fca3ef9ce5a8bc4fea02e34975723da,iroh_dial_p4278,discovery,cold,0,echo_rtt,0.093,ok
fcc97ee87fca3ef9ce5a8bc4fea02e34975723da,iroh_dial_p4278,discovery,cold,0,echo_rtt,0.057,ok
fcc97ee87fca3ef9ce5a8bc4fea02e34975723da,iroh_dial_p4278,discovery,cold,0,echo_rtt,0.053,ok
fcc97ee87fca3ef9ce5a8bc4fea02e34975723da,iroh_dial_p4278,discovery,cold,0,echo_rtt,0.079,ok
fcc97ee87fca3ef9ce5a8bc4fea02e34975723da,iroh_dial_p4278,discovery,cold,0,echo_rtt,0.071,ok
fcc97ee87fca3ef9ce5a8bc4fea02e34975723da,iroh_dial_p4278,discovery,cold,0,echo_rtt,0.061,ok
fcc97ee87fca3ef9ce5a8bc4fea02e34975723da,iroh_dial_p4278,discovery,cold,0,echo_rtt,0.056,ok
fcc97ee87fca3ef9ce5a8bc4fea02e34975723da,iroh_dial_p4278,discovery,cold,0,echo_rtt,0.053,ok
fcc97ee87fca3ef9ce5a8bc4fea02e34975723da,iroh_dial_p4278,discovery,cold,0,echo_rtt,0.052,ok
fcc97ee87fca3ef9ce5a8bc4fea02e34975723da,iroh_dial_p4278,discovery,cold,0,echo_rtt,0.053,ok
fcc97ee87fca3ef9ce5a8bc4fea02e34975723da,iroh_dial_p4278,discovery,cold,0,echo_rtt,0.054,ok
fcc97ee87fca3ef9ce5a8bc4fea02e34975723da,iroh_dial_p4278,discovery,cold,0,echo_rtt,0.067,ok
fcc97ee87fca3ef9ce5a8bc4fea02e34975723da,iroh_dial_p4278,discovery,cold,0,echo_rtt,0.066,ok
fcc97ee87fca3ef9ce5a8bc4fea02e34975723da,iroh_dial_p4278,discovery,cold,0,echo_rtt,0.057,ok
fcc97ee87fca3ef9ce5a8bc4fea02e34975723da,iroh_dial_p4278,discovery,cold,0,echo_rtt,0.055,ok
fcc97ee87fca3ef9ce5a8bc4fea02e34975723da,iroh_dial_p4278,discovery,cold,0,echo_rtt,0.052,ok
fcc97ee87fca3ef9ce5a8bc4fea02e34975723da,iroh_dial_p4278,discovery,cold,0,echo_rtt,0.053,ok
fcc97ee87fca3ef9ce5a8bc4fea02e34975723da,iroh_dial_p4278,discovery,cold,0,echo_rtt,0.051,ok
fcc97ee87fca3ef9ce5a8bc4fea02e34975723da,iroh_dial_p4278,discovery,cold,0,echo_rtt,0.052,ok
fcc97ee87fca3ef9ce5a8bc4fea02e34975723da,iroh_dial_p4278,discovery,cold,0,echo_rtt,0.051,ok
fcc97ee87fca3ef9ce5a8bc4fea02e34975723da,iroh_dial_p4278,discovery,cold,0,echo_rtt,0.051,ok
fcc97ee87fca3ef9ce5a8bc4fea02e34975723da,iroh_dial_p4278,discovery,cold,0,echo_rtt,0.052,ok
fcc97ee87fca3ef9ce5a8bc4fea02e34975723da,iroh_dial_p4278,discovery,cold,0,echo_rtt,0.051,ok
fcc97ee87fca3ef9ce5a8bc4fea02e34975723da,iroh_dial_p4278,discovery,cold,0,echo_rtt,0.055,ok
fcc97ee87fca3ef9ce5a8bc4fea02e34975723da,iroh_dial_p4278,discovery,cold,0,echo_rtt,0.064,ok
fcc97ee87fca3ef9ce5a8bc4fea02e34975723da,iroh_dial_p4278,discovery,cold,0,runtime_start,0.327,ok
fcc97ee87fca3ef9ce5a8bc4fea02e34975723da,iroh_dial_p4278,discovery,cold,0,endpoint_bind,1.388,ok
fcc97ee87fca3ef9ce5a8bc4fea02e34975723da,iroh_dial_p4278,discovery,cold,0,address_lookup,1.634,ok
fcc97ee87fca3ef9ce5a8bc4fea02e34975723da,iroh_dial_p4278,discovery,cold,0,dial_handshake,191.741,ok
fcc97ee87fca3ef9ce5a8bc4fea02e34975723da,iroh_dial_p4278,discovery,cold,0,stream_open,83.152,ok
fcc97ee87fca3ef9ce5a8bc4fea02e34975723da,iroh_dial_p4278,discovery,cold,0,echo_rtt,0.158,ok
fcc97ee87fca3ef9ce5a8bc4fea02e34975723da,iroh_dial_p4278,discovery,cold,0,echo_rtt,0.055,ok
fcc97ee87fca3ef9ce5a8bc4fea02e34975723da,iroh_dial_p4278,discovery,cold,0,echo_rtt,0.046,ok
fcc97ee87fca3ef9ce5a8bc4fea02e34975723da,iroh_dial_p4278,discovery,cold,0,echo_rtt,0.046,ok
fcc97ee87fca3ef9ce5a8bc4fea02e34975723da,iroh_dial_p4278,discovery,cold,0,echo_rtt,0.067,ok
fcc97ee87fca3ef9ce5a8bc4fea02e34975723da,iroh_dial_p4278,discovery,cold,0,echo_rtt,0.047,ok
fcc97ee87fca3ef9ce5a8bc4fea02e34975723da,iroh_dial_p4278,discovery,cold,0,echo_rtt,0.044,ok
fcc97ee87fca3ef9ce5a8bc4fea02e34975723da,iroh_dial_p4278,discovery,cold,0,echo_rtt,0.045,ok
fcc97ee87fca3ef9ce5a8bc4fea02e34975723da,iroh_dial_p4278,discovery,cold,0,echo_rtt,0.045,ok
fcc97ee87fca3ef9ce5a8bc4fea02e34975723da,iroh_dial_p4278,discovery,cold,0,echo_rtt,0.051,ok
fcc97ee87fca3ef9ce5a8bc4fea02e34975723da,iroh_dial_p4278,discovery,cold,0,echo_rtt,0.044,ok
fcc97ee87fca3ef9ce5a8bc4fea02e34975723da,iroh_dial_p4278,discovery,cold,0,echo_rtt,0.046,ok
fcc97ee87fca3ef9ce5a8bc4fea02e34975723da,iroh_dial_p4278,discovery,cold,0,echo_rtt,0.052,ok
fcc97ee87fca3ef9ce5a8bc4fea02e34975723da,iroh_dial_p4278,discovery,cold,0,echo_rtt,0.044,ok
fcc97ee87fca3ef9ce5a8bc4fea02e34975723da,iroh_dial_p4278,discovery,cold,0,echo_rtt,0.043,ok
fcc97ee87fca3ef9ce5a8bc4fea02e34975723da,iroh_dial_p4278,discovery,cold,0,echo_rtt,0.043,ok
fcc97ee87fca3ef9ce5a8bc4fea02e34975723da,iroh_dial_p4278,discovery,cold,0,echo_rtt,0.042,ok
fcc97ee87fca3ef9ce5a8bc4fea02e34975723da,iroh_dial_p4278,discovery,cold,0,echo_rtt,0.043,ok
fcc97ee87fca3ef9ce5a8bc4fea02e34975723da,iroh_dial_p4278,discovery,cold,0,echo_rtt,0.044,ok
fcc97ee87fca3ef9ce5a8bc4fea02e34975723da,iroh_dial_p4278,discovery,cold,0,echo_rtt,0.067,ok
fcc97ee87fca3ef9ce5a8bc4fea02e34975723da,iroh_dial_p4278,discovery,cold,0,echo_rtt,0.068,ok
fcc97ee87fca3ef9ce5a8bc4fea02e34975723da,iroh_dial_p4278,discovery,cold,0,echo_rtt,0.067,ok
fcc97ee87fca3ef9ce5a8bc4fea02e34975723da,iroh_dial_p4278,discovery,cold,0,echo_rtt,0.054,ok
fcc97ee87fca3ef9ce5a8bc4fea02e34975723da,iroh_dial_p4278,discovery,cold,0,echo_rtt,0.047,ok
fcc97ee87fca3ef9ce5a8bc4fea02e34975723da,iroh_dial_p4278,discovery,cold,0,echo_rtt,0.046,ok
fcc97ee87fca3ef9ce5a8bc4fea02e34975723da,iroh_dial_p4278,discovery,cold,0,echo_rtt,0.045,ok
fcc97ee87fca3ef9ce5a8bc4fea02e34975723da,iroh_dial_p4278,discovery,cold,0,echo_rtt,0.046,ok
fcc97ee87fca3ef9ce5a8bc4fea02e34975723da,iroh_dial_p4278,discovery,cold,0,echo_rtt,0.055,ok
fcc97ee87fca3ef9ce5a8bc4fea02e34975723da,iroh_dial_p4278,discovery,cold,0,echo_rtt,0.060,ok
fcc97ee87fca3ef9ce5a8bc4fea02e34975723da,iroh_dial_p4278,discovery,cold,0,echo_rtt,0.046,ok
fcc97ee87fca3ef9ce5a8bc4fea02e34975723da,iroh_dial_p4278,discovery,cold,0,echo_rtt,0.046,ok
fcc97ee87fca3ef9ce5a8bc4fea02e34975723da,iroh_dial_p4278,discovery,cold,0,echo_rtt,0.128,ok
fcc97ee87fca3ef9ce5a8bc4fea02e34975723da,iroh_dial_p4278,discovery,cold,0,echo_rtt,0.054,ok
fcc97ee87fca3ef9ce5a8bc4fea02e34975723da,iroh_dial_p4278,discovery,cold,0,echo_rtt,0.068,ok
fcc97ee87fca3ef9ce5a8bc4fea02e34975723da,iroh_dial_p4278,discovery,cold,0,echo_rtt,0.045,ok
fcc97ee87fca3ef9ce5a8bc4fea02e34975723da,iroh_dial_p4278,discovery,cold,0,echo_rtt,0.049,ok
fcc97ee87fca3ef9ce5a8bc4fea02e34975723da,iroh_dial_p4278,discovery,cold,0,echo_rtt,0.063,ok
fcc97ee87fca3ef9ce5a8bc4fea02e34975723da,iroh_dial_p4278,discovery,cold,0,echo_rtt,0.177,ok
fcc97ee87fca3ef9ce5a8bc4fea02e34975723da,iroh_dial_p4278,discovery,cold,0,echo_rtt,0.124,ok
fcc97ee87fca3ef9ce5a8bc4fea02e34975723da,iroh_dial_p4278,discovery,cold,0,echo_rtt,0.105,ok
fcc97ee87fca3ef9ce5a8bc4fea02e34975723da,iroh_dial_p4278,discovery,cold,0,echo_rtt,0.059,ok
fcc97ee87fca3ef9ce5a8bc4fea02e34975723da,iroh_dial_p4278,discovery,cold,0,echo_rtt,0.053,ok
fcc97ee87fca3ef9ce5a8bc4fea02e34975723da,iroh_dial_p4278,discovery,cold,0,echo_rtt,0.049,ok
fcc97ee87fca3ef9ce5a8bc4fea02e34975723da,iroh_dial_p4278,discovery,cold,0,echo_rtt,0.044,ok
fcc97ee87fca3ef9ce5a8bc4fea02e34975723da,iroh_dial_p4278,discovery,cold,0,echo_rtt,0.044,ok
fcc97ee87fca3ef9ce5a8bc4fea02e34975723da,iroh_dial_p4278,discovery,cold,0,echo_rtt,0.043,ok
fcc97ee87fca3ef9ce5a8bc4fea02e34975723da,iroh_dial_p4278,discovery,cold,0,echo_rtt,0.054,ok
fcc97ee87fca3ef9ce5a8bc4fea02e34975723da,iroh_dial_p4278,discovery,cold,0,echo_rtt,0.051,ok
fcc97ee87fca3ef9ce5a8bc4fea02e34975723da,iroh_dial_p4278,discovery,cold,0,echo_rtt,0.050,ok
fcc97ee87fca3ef9ce5a8bc4fea02e34975723da,iroh_dial_p4278,discovery,cold,0,echo_rtt,0.049,ok
fcc97ee87fca3ef9ce5a8bc4fea02e34975723da,iroh_dial_p4278,discovery,cold,0,echo_rtt,0.050,ok
fcc97ee87fca3ef9ce5a8bc4fea02e34975723da,iroh_dial_p4278,discovery,cold,0,echo_rtt,0.048,ok
fcc97ee87fca3ef9ce5a8bc4fea02e34975723da,iroh_dial_p4278,discovery,cold,0,echo_rtt,0.049,ok
fcc97ee87fca3ef9ce5a8bc4fea02e34975723da,iroh_dial_p4278,discovery,cold,0,echo_rtt,0.049,ok
fcc97ee87fca3ef9ce5a8bc4fea02e34975723da,iroh_dial_p4278,discovery,cold,0,echo_rtt,0.049,ok
fcc97ee87fca3ef9ce5a8bc4fea02e34975723da,iroh_dial_p4278,discovery,cold,0,echo_rtt,0.048,ok
fcc97ee87fca3ef9ce5a8bc4fea02e34975723da,iroh_dial_p4278,discovery,cold,0,echo_rtt,0.049,ok
fcc97ee87fca3ef9ce5a8bc4fea02e34975723da,iroh_dial_p4278,discovery,cold,0,echo_rtt,0.048,ok
fcc97ee87fca3ef9ce5a8bc4fea02e34975723da,iroh_dial_p4278,discovery,cold,0,echo_rtt,0.049,ok
fcc97ee87fca3ef9ce5a8bc4fea02e34975723da,iroh_dial_p4278,discovery,cold,0,echo_rtt,0.049,ok
fcc97ee87fca3ef9ce5a8bc4fea02e34975723da,iroh_dial_p4278,discovery,cold,0,echo_rtt,0.052,ok
fcc97ee87fca3ef9ce5a8bc4fea02e34975723da,iroh_dial_p4278,discovery,cold,0,echo_rtt,0.049,ok
fcc97ee87fca3ef9ce5a8bc4fea02e34975723da,iroh_dial_p4278,discovery,cold,0,echo_rtt,0.049,ok
fcc97ee87fca3ef9ce5a8bc4fea02e34975723da,iroh_dial_p4278,discovery,cold,0,echo_rtt,0.048,ok
fcc97ee87fca3ef9ce5a8bc4fea02e34975723da,iroh_dial_p4278,discovery,cold,0,echo_rtt,0.049,ok
fcc97ee87fca3ef9ce5a8bc4fea02e34975723da,iroh_dial_p4278,discovery,cold,0,echo_rtt,0.052,ok
fcc97ee87fca3ef9ce5a8bc4fea02e34975723da,iroh_dial_p4278,discovery,cold,0,echo_rtt,0.045,ok
fcc97ee87fca3ef9ce5a8bc4fea02e34975723da,iroh_dial_p4278,discovery,cold,0,echo_rtt,0.045,ok
fcc97ee87fca3ef9ce5a8bc4fea02e34975723da,iroh_dial_p4278,discovery,cold,0,echo_rtt,0.045,ok
fcc97ee87fca3ef9ce5a8bc4fea02e34975723da,iroh_dial_p4278,discovery,cold,0,echo_rtt,0.059,ok
fcc97ee87fca3ef9ce5a8bc4fea02e34975723da,iroh_dial_p4278,discovery,cold,0,echo_rtt,0.046,ok
fcc97ee87fca3ef9ce5a8bc4fea02e34975723da,iroh_dial_p4278,discovery,cold,0,echo_rtt,0.045,ok
fcc97ee87fca3ef9ce5a8bc4fea02e34975723da,iroh_dial_p4278,discovery,cold,0,echo_rtt,0.045,ok
fcc97ee87fca3ef9ce5a8bc4fea02e34975723da,iroh_dial_p4278,discovery,cold,0,echo_rtt,0.049,ok
fcc97ee87fca3ef9ce5a8bc4fea02e34975723da,iroh_dial_p4278,discovery,cold,0,echo_rtt,0.043,ok
fcc97ee87fca3ef9ce5a8bc4fea02e34975723da,iroh_dial_p4278,discovery,cold,0,echo_rtt,0.045,ok
fcc97ee87fca3ef9ce5a8bc4fea02e34975723da,iroh_dial_p4278,discovery,cold,0,echo_rtt,0.045,ok
fcc97ee87fca3ef9ce5a8bc4fea02e34975723da,iroh_dial_p4278,discovery,cold,0,echo_rtt,0.045,ok
fcc97ee87fca3ef9ce5a8bc4fea02e34975723da,iroh_dial_p4278,discovery,cold,0,echo_rtt,0.045,ok
fcc97ee87fca3ef9ce5a8bc4fea02e34975723da,iroh_dial_p4278,discovery,cold,0,echo_rtt,0.045,ok
fcc97ee87fca3ef9ce5a8bc4fea02e34975723da,iroh_dial_p4278,discovery,cold,0,echo_rtt,0.045,ok
fcc97ee87fca3ef9ce5a8bc4fea02e34975723da,iroh_dial_p4278,discovery,cold,0,echo_rtt,0.052,ok
fcc97ee87fca3ef9ce5a8bc4fea02e34975723da,iroh_dial_p4278,discovery,cold,0,echo_rtt,0.046,ok
fcc97ee87fca3ef9ce5a8bc4fea02e34975723da,iroh_dial_p4278,discovery,cold,0,echo_rtt,0.045,ok
fcc97ee87fca3ef9ce5a8bc4fea02e34975723da,iroh_dial_p4278,discovery,cold,0,echo_rtt,0.045,ok
fcc97ee87fca3ef9ce5a8bc4fea02e34975723da,iroh_dial_p4278,discovery,cold,0,echo_rtt,0.045,ok
fcc97ee87fca3ef9ce5a8bc4fea02e34975723da,iroh_dial_p4278,discovery,cold,0,echo_rtt,0.049,ok
fcc97ee87fca3ef9ce5a8bc4fea02e34975723da,iroh_dial_p4278,discovery,cold,0,echo_rtt,0.044,ok
fcc97ee87fca3ef9ce5a8bc4fea02e34975723da,iroh_dial_p4278,discovery,cold,0,echo_rtt,0.072,ok
fcc97ee87fca3ef9ce5a8bc4fea02e34975723da,iroh_dial_p4278,discovery,cold,0,echo_rtt,0.065,ok
fcc97ee87fca3ef9ce5a8bc4fea02e34975723da,iroh_dial_p4278,discovery,cold,0,echo_rtt,0.054,ok
fcc97ee87fca3ef9ce5a8bc4fea02e34975723da,iroh_dial_p4278,discovery,cold,0,echo_rtt,0.052,ok
fcc97ee87fca3ef9ce5a8bc4fea02e34975723da,iroh_dial_p4278,discovery,cold,0,echo_rtt,0.049,ok
fcc97ee87fca3ef9ce5a8bc4fea02e34975723da,iroh_dial_p4278,discovery,cold,0,echo_rtt,0.047,ok
fcc97ee87fca3ef9ce5a8bc4fea02e34975723da,iroh_dial_p4278,discovery,cold,0,echo_rtt,0.090,ok
fcc97ee87fca3ef9ce5a8bc4fea02e34975723da,iroh_dial_p4278,discovery,cold,0,echo_rtt,0.046,ok
fcc97ee87fca3ef9ce5a8bc4fea02e34975723da,iroh_dial_p4278,discovery,cold,0,echo_rtt,0.047,ok
fcc97ee87fca3ef9ce5a8bc4fea02e34975723da,iroh_dial_p4278,discovery,cold,0,echo_rtt,0.064,ok
fcc97ee87fca3ef9ce5a8bc4fea02e34975723da,iroh_dial_p4278,discovery,cold,0,echo_rtt,0.054,ok
fcc97ee87fca3ef9ce5a8bc4fea02e34975723da,iroh_dial_p4278,discovery,cold,0,echo_rtt,0.087,ok
fcc97ee87fca3ef9ce5a8bc4fea02e34975723da,iroh_dial_p4278,discovery,cold,0,runtime_start,0.392,ok
fcc97ee87fca3ef9ce5a8bc4fea02e34975723da,iroh_dial_p4278,discovery,cold,0,endpoint_bind,1.463,ok
fcc97ee87fca3ef9ce5a8bc4fea02e34975723da,iroh_dial_p4278,discovery,cold,0,address_lookup,1.532,ok
fcc97ee87fca3ef9ce5a8bc4fea02e34975723da,iroh_dial_p4278,discovery,cold,0,dial_handshake,196.029,ok
fcc97ee87fca3ef9ce5a8bc4fea02e34975723da,iroh_dial_p4278,discovery,cold,0,stream_open,84.025,ok
fcc97ee87fca3ef9ce5a8bc4fea02e34975723da,iroh_dial_p4278,discovery,cold,0,echo_rtt,0.072,ok
fcc97ee87fca3ef9ce5a8bc4fea02e34975723da,iroh_dial_p4278,discovery,cold,0,echo_rtt,0.057,ok
fcc97ee87fca3ef9ce5a8bc4fea02e34975723da,iroh_dial_p4278,discovery,cold,0,echo_rtt,0.049,ok
fcc97ee87fca3ef9ce5a8bc4fea02e34975723da,iroh_dial_p4278,discovery,cold,0,echo_rtt,0.056,ok
fcc97ee87fca3ef9ce5a8bc4fea02e34975723da,iroh_dial_p4278,discovery,cold,0,echo_rtt,0.073,ok
fcc97ee87fca3ef9ce5a8bc4fea02e34975723da,iroh_dial_p4278,discovery,cold,0,echo_rtt,0.053,ok
fcc97ee87fca3ef9ce5a8bc4fea02e34975723da,iroh_dial_p4278,discovery,cold,0,echo_rtt,0.055,ok
fcc97ee87fca3ef9ce5a8bc4fea02e34975723da,iroh_dial_p4278,discovery,cold,0,echo_rtt,0.052,ok
fcc97ee87fca3ef9ce5a8bc4fea02e34975723da,iroh_dial_p4278,discovery,cold,0,echo_rtt,0.071,ok
fcc97ee87fca3ef9ce5a8bc4fea02e34975723da,iroh_dial_p4278,discovery,cold,0,echo_rtt,0.055,ok
fcc97ee87fca3ef9ce5a8bc4fea02e34975723da,iroh_dial_p4278,discovery,cold,0,echo_rtt,0.051,ok
fcc97ee87fca3ef9ce5a8bc4fea02e34975723da,iroh_dial_p4278,discovery,cold,0,echo_rtt,0.050,ok
fcc97ee87fca3ef9ce5a8bc4fea02e34975723da,iroh_dial_p4278,discovery,cold,0,echo_rtt,0.049,ok
fcc97ee87fca3ef9ce5a8bc4fea02e34975723da,iroh_dial_p4278,discovery,cold,0,echo_rtt,0.185,ok
fcc97ee87fca3ef9ce5a8bc4fea02e34975723da,iroh_dial_p4278,discovery,cold,0,echo_rtt,0.057,ok
fcc97ee87fca3ef9ce5a8bc4fea02e34975723da,iroh_dial_p4278,discovery,cold,0,echo_rtt,0.052,ok
fcc97ee87fca3ef9ce5a8bc4fea02e34975723da,iroh_dial_p4278,discovery,cold,0,echo_rtt,0.051,ok
fcc97ee87fca3ef9ce5a8bc4fea02e34975723da,iroh_dial_p4278,discovery,cold,0,echo_rtt,0.050,ok
fcc97ee87fca3ef9ce5a8bc4fea02e34975723da,iroh_dial_p4278,discovery,cold,0,echo_rtt,0.049,ok
fcc97ee87fca3ef9ce5a8bc4fea02e34975723da,iroh_dial_p4278,discovery,cold,0,echo_rtt,0.044,ok
fcc97ee87fca3ef9ce5a8bc4fea02e34975723da,iroh_dial_p4278,discovery,cold,0,echo_rtt,0.046,ok
fcc97ee87fca3ef9ce5a8bc4fea02e34975723da,iroh_dial_p4278,discovery,cold,0,echo_rtt,0.045,ok
fcc97ee87fca3ef9ce5a8bc4fea02e34975723da,iroh_dial_p4278,discovery,cold,0,echo_rtt,0.044,ok
fcc97ee87fca3ef9ce5a8bc4fea02e34975723da,iroh_dial_p4278,discovery,cold,0,echo_rtt,0.044,ok
fcc97ee87fca3ef9ce5a8bc4fea02e34975723da,iroh_dial_p4278,discovery,cold,0,echo_rtt,0.045,ok
fcc97ee87fca3ef9ce5a8bc4fea02e34975723da,iroh_dial_p4278,discovery,cold,0,echo_rtt,0.044,ok
fcc97ee87fca3ef9ce5a8bc4fea02e34975723da,iroh_dial_p4278,discovery,cold,0,echo_rtt,0.045,ok
fcc97ee87fca3ef9ce5a8bc4fea02e34975723da,iroh_dial_p4278,discovery,cold,0,echo_rtt,0.044,ok
fcc97ee87fca3ef9ce5a8bc4fea02e34975723da,iroh_dial_p4278,discovery,cold,0,echo_rtt,0.194,ok
fcc97ee87fca3ef9ce5a8bc4fea02e34975723da,iroh_dial_p4278,discovery,cold,0,echo_rtt,0.131,ok
fcc97ee87fca3ef9ce5a8bc4fea02e34975723da,iroh_dial_p4278,discovery,cold,0,echo_rtt,0.091,ok
fcc97ee87fca3ef9ce5a8bc4fea02e34975723da,iroh_dial_p4278,discovery,cold,0,echo_rtt,0.081,ok
fcc97ee87fca3ef9ce5a8bc4fea02e34975723da,iroh_dial_p4278,discovery,cold,0,echo_rtt,0.058,ok
fcc97ee87fca3ef9ce5a8bc4fea02e34975723da,iroh_dial_p4278,discovery,cold,0,echo_rtt,0.054,ok
fcc97ee87fca3ef9ce5a8bc4fea02e34975723da,iroh_dial_p4278,discovery,cold,0,echo_rtt,0.070,ok
fcc97ee87fca3ef9ce5a8bc4fea02e34975723da,iroh_dial_p4278,discovery,cold,0,echo_rtt,0.053,ok
fcc97ee87fca3ef9ce5a8bc4fea02e34975723da,iroh_dial_p4278,discovery,cold,0,echo_rtt,0.053,ok
fcc97ee87fca3ef9ce5a8bc4fea02e34975723da,iroh_dial_p4278,discovery,cold,0,echo_rtt,0.050,ok
fcc97ee87fca3ef9ce5a8bc4fea02e34975723da,iroh_dial_p4278,discovery,cold,0,echo_rtt,0.051,ok
fcc97ee87fca3ef9ce5a8bc4fea02e34975723da,iroh_dial_p4278,discovery,cold,0,echo_rtt,0.052,ok
fcc97ee87fca3ef9ce5a8bc4fea02e34975723da,iroh_dial_p4278,discovery,cold,0,echo_rtt,0.051,ok
fcc97ee87fca3ef9ce5a8bc4fea02e34975723da,iroh_dial_p4278,discovery,cold,0,echo_rtt,0.051,ok
fcc97ee87fca3ef9ce5a8bc4fea02e34975723da,iroh_dial_p4278,discovery,cold,0,echo_rtt,0.051,ok
fcc97ee87fca3ef9ce5a8bc4fea02e34975723da,iroh_dial_p4278,discovery,cold,0,echo_rtt,0.079,ok
fcc97ee87fca3ef9ce5a8bc4fea02e34975723da,iroh_dial_p4278,discovery,cold,0,echo_rtt,0.059,ok
fcc97ee87fca3ef9ce5a8bc4fea02e34975723da,iroh_dial_p4278,discovery,cold,0,echo_rtt,0.061,ok
fcc97ee87fca3ef9ce5a8bc4fea02e34975723da,iroh_dial_p4278,discovery,cold,0,echo_rtt,0.053,ok
fcc97ee87fca3ef9ce5a8bc4fea02e34975723da,iroh_dial_p4278,discovery,cold,0,echo_rtt,0.054,ok
fcc97ee87fca3ef9ce5a8bc4fea02e34975723da,iroh_dial_p4278,discovery,cold,0,echo_rtt,0.052,ok
fcc97ee87fca3ef9ce5a8bc4fea02e34975723da,iroh_dial_p4278,discovery,cold,0,echo_rtt,0.052,ok
fcc97ee87fca3ef9ce5a8bc4fea02e34975723da,iroh_dial_p4278,discovery,cold,0,echo_rtt,0.055,ok
fcc97ee87fca3ef9ce5a8bc4fea02e34975723da,iroh_dial_p4278,discovery,cold,0,echo_rtt,0.043,ok
fcc97ee87fca3ef9ce5a8bc4fea02e34975723da,iroh_dial_p4278,discovery,cold,0,echo_rtt,0.061,ok
fcc97ee87fca3ef9ce5a8bc4fea02e34975723da,iroh_dial_p4278,discovery,cold,0,echo_rtt,0.049,ok
fcc97ee87fca3ef9ce5a8bc4fea02e34975723da,iroh_dial_p4278,discovery,cold,0,echo_rtt,0.047,ok
fcc97ee87fca3ef9ce5a8bc4fea02e34975723da,iroh_dial_p4278,discovery,cold,0,echo_rtt,0.049,ok
fcc97ee87fca3ef9ce5a8bc4fea02e34975723da,iroh_dial_p4278,discovery,cold,0,echo_rtt,0.064,ok
fcc97ee87fca3ef9ce5a8bc4fea02e34975723da,iroh_dial_p4278,discovery,cold,0,echo_rtt,0.047,ok
fcc97ee87fca3ef9ce5a8bc4fea02e34975723da,iroh_dial_p4278,discovery,cold,0,echo_rtt,0.052,ok
fcc97ee87fca3ef9ce5a8bc4fea02e34975723da,iroh_dial_p4278,discovery,cold,0,echo_rtt,0.046,ok
fcc97ee87fca3ef9ce5a8bc4fea02e34975723da,iroh_dial_p4278,discovery,cold,0,echo_rtt,0.044,ok
fcc97ee87fca3ef9ce5a8bc4fea02e34975723da,iroh_dial_p4278,discovery,cold,0,echo_rtt,0.047,ok
fcc97ee87fca3ef9ce5a8bc4fea02e34975723da,iroh_dial_p4278,discovery,cold,0,echo_rtt,0.045,ok
fcc97ee87fca3ef9ce5a8bc4fea02e34975723da,iroh_dial_p4278,discovery,cold,0,echo_rtt,0.045,ok
fcc97ee87fca3ef9ce5a8bc4fea02e34975723da,iroh_dial_p4278,discovery,cold,0,echo_rtt,0.045,ok
fcc97ee87fca3ef9ce5a8bc4fea02e34975723da,iroh_dial_p4278,discovery,cold,0,echo_rtt,0.044,ok
fcc97ee87fca3ef9ce5a8bc4fea02e34975723da,iroh_dial_p4278,discovery,cold,0,echo_rtt,0.044,ok
fcc97ee87fca3ef9ce5a8bc4fea02e34975723da,iroh_dial_p4278,discovery,cold,0,echo_rtt,0.074,ok
fcc97ee87fca3ef9ce5a8bc4fea02e34975723da,iroh_dial_p4278,discovery,cold,0,echo_rtt,0.050,ok
fcc97ee87fca3ef9ce5a8bc4fea02e34975723da,iroh_dial_p4278,discovery,cold,0,echo_rtt,0.044,ok
fcc97ee87fca3ef9ce5a8bc4fea02e34975723da,iroh_dial_p4278,discovery,cold,0,echo_rtt,0.047,ok
fcc97ee87fca3ef9ce5a8bc4fea02e34975723da,iroh_dial_p4278,discovery,cold,0,echo_rtt,0.050,ok
fcc97ee87fca3ef9ce5a8bc4fea02e34975723da,iroh_dial_p4278,discovery,cold,0,echo_rtt,0.047,ok
fcc97ee87fca3ef9ce5a8bc4fea02e34975723da,iroh_dial_p4278,discovery,cold,0,echo_rtt,0.061,ok
fcc97ee87fca3ef9ce5a8bc4fea02e34975723da,iroh_dial_p4278,discovery,cold,0,echo_rtt,0.046,ok
fcc97ee87fca3ef9ce5a8bc4fea02e34975723da,iroh_dial_p4278,discovery,cold,0,echo_rtt,0.047,ok
fcc97ee87fca3ef9ce5a8bc4fea02e34975723da,iroh_dial_p4278,discovery,cold,0,echo_rtt,0.063,ok
fcc97ee87fca3ef9ce5a8bc4fea02e34975723da,iroh_dial_p4278,discovery,cold,0,echo_rtt,0.048,ok
fcc97ee87fca3ef9ce5a8bc4fea02e34975723da,iroh_dial_p4278,discovery,cold,0,echo_rtt,0.046,ok
fcc97ee87fca3ef9ce5a8bc4fea02e34975723da,iroh_dial_p4278,discovery,cold,0,echo_rtt,0.047,ok
fcc97ee87fca3ef9ce5a8bc4fea02e34975723da,iroh_dial_p4278,discovery,cold,0,echo_rtt,0.046,ok
fcc97ee87fca3ef9ce5a8bc4fea02e34975723da,iroh_dial_p4278,discovery,cold,0,echo_rtt,0.052,ok
fcc97ee87fca3ef9ce5a8bc4fea02e34975723da,iroh_dial_p4278,discovery,cold,0,echo_rtt,0.047,ok
fcc97ee87fca3ef9ce5a8bc4fea02e34975723da,iroh_dial_p4278,discovery,cold,0,echo_rtt,0.061,ok
fcc97ee87fca3ef9ce5a8bc4fea02e34975723da,iroh_dial_p4278,discovery,cold,0,echo_rtt,0.064,ok
fcc97ee87fca3ef9ce5a8bc4fea02e34975723da,iroh_dial_p4278,discovery,cold,0,echo_rtt,0.054,ok
fcc97ee87fca3ef9ce5a8bc4fea02e34975723da,iroh_dial_p4278,discovery,cold,0,echo_rtt,0.052,ok
fcc97ee87fca3ef9ce5a8bc4fea02e34975723da,iroh_dial_p4278,discovery,cold,0,echo_rtt,0.053,ok
fcc97ee87fca3ef9ce5a8bc4fea02e34975723da,iroh_dial_p4278,discovery,cold,0,echo_rtt,0.051,ok
fcc97ee87fca3ef9ce5a8bc4fea02e34975723da,iroh_dial_p4278,discovery,cold,0,echo_rtt,0.053,ok
fcc97ee87fca3ef9ce5a8bc4fea02e34975723da,iroh_dial_p4278,discovery,cold,0,echo_rtt,0.051,ok
fcc97ee87fca3ef9ce5a8bc4fea02e34975723da,iroh_dial_p4278,discovery,cold,0,echo_rtt,0.049,ok
fcc97ee87fca3ef9ce5a8bc4fea02e34975723da,iroh_dial_p4278,discovery,cold,0,echo_rtt,0.049,ok
fcc97ee87fca3ef9ce5a8bc4fea02e34975723da,iroh_dial_p4278,discovery,cold,0,echo_rtt,0.048,ok
fcc97ee87fca3ef9ce5a8bc4fea02e34975723da,iroh_dial_p4278,discovery,cold,0,echo_rtt,0.049,ok
fcc97ee87fca3ef9ce5a8bc4fea02e34975723da,iroh_dial_p4278,discovery,cold,0,echo_rtt,0.048,ok
fcc97ee87fca3ef9ce5a8bc4fea02e34975723da,iroh_dial_p4278,discovery,cold,0,echo_rtt,0.049,ok
fcc97ee87fca3ef9ce5a8bc4fea02e34975723da,iroh_dial_p4278,discovery,cold,0,echo_rtt,0.058,ok
fcc97ee87fca3ef9ce5a8bc4fea02e34975723da,iroh_dial_p4278,discovery,cold,0,echo_rtt,0.050,ok
fcc97ee87fca3ef9ce5a8bc4fea02e34975723da,iroh_dial_p4278,discovery,cold,0,echo_rtt,0.049,ok
fcc97ee87fca3ef9ce5a8bc4fea02e34975723da,iroh_dial_p4278,discovery,cold,0,runtime_start,0.390,ok
fcc97ee87fca3ef9ce5a8bc4fea02e34975723da,iroh_dial_p4278,discovery,cold,0,endpoint_bind,1.530,ok
fcc97ee87fca3ef9ce5a8bc4fea02e34975723da,iroh_dial_p4278,discovery,cold,0,address_lookup,0.768,ok
fcc97ee87fca3ef9ce5a8bc4fea02e34975723da,iroh_dial_p4278,discovery,cold,0,dial_handshake,192.219,ok
fcc97ee87fca3ef9ce5a8bc4fea02e34975723da,iroh_dial_p4278,discovery,cold,0,stream_open,103.241,ok
fcc97ee87fca3ef9ce5a8bc4fea02e34975723da,iroh_dial_p4278,discovery,cold,0,echo_rtt,0.096,ok
fcc97ee87fca3ef9ce5a8bc4fea02e34975723da,iroh_dial_p4278,discovery,cold,0,echo_rtt,0.076,ok
fcc97ee87fca3ef9ce5a8bc4fea02e34975723da,iroh_dial_p4278,discovery,cold,0,echo_rtt,0.048,ok
fcc97ee87fca3ef9ce5a8bc4fea02e34975723da,iroh_dial_p4278,discovery,cold,0,echo_rtt,0.047,ok
fcc97ee87fca3ef9ce5a8bc4fea02e34975723da,iroh_dial_p4278,discovery,cold,0,echo_rtt,0.046,ok
fcc97ee87fca3ef9ce5a8bc4fea02e34975723da,iroh_dial_p4278,discovery,cold,0,echo_rtt,0.062,ok
fcc97ee87fca3ef9ce5a8bc4fea02e34975723da,iroh_dial_p4278,discovery,cold,0,echo_rtt,0.046,ok
fcc97ee87fca3ef9ce5a8bc4fea02e34975723da,iroh_dial_p4278,discovery,cold,0,echo_rtt,0.048,ok
fcc97ee87fca3ef9ce5a8bc4fea02e34975723da,iroh_dial_p4278,discovery,cold,0,echo_rtt,0.043,ok
fcc97ee87fca3ef9ce5a8bc4fea02e34975723da,iroh_dial_p4278,discovery,cold,0,echo_rtt,0.044,ok
fcc97ee87fca3ef9ce5a8bc4fea02e34975723da,iroh_dial_p4278,discovery,cold,0,echo_rtt,0.043,ok
fcc97ee87fca3ef9ce5a8bc4fea02e34975723da,iroh_dial_p4278,discovery,cold,0,echo_rtt,0.044,ok
fcc97ee87fca3ef9ce5a8bc4fea02e34975723da,iroh_dial_p4278,discovery,cold,0,echo_rtt,0.046,ok
fcc97ee87fca3ef9ce5a8bc4fea02e34975723da,iroh_dial_p4278,discovery,cold,0,echo_rtt,0.057,ok
fcc97ee87fca3ef9ce5a8bc4fea02e34975723da,iroh_dial_p4278,discovery,cold,0,echo_rtt,0.076,ok
fcc97ee87fca3ef9ce5a8bc4fea02e34975723da,iroh_dial_p4278,discovery,cold,0,echo_rtt,0.056,ok
fcc97ee87fca3ef9ce5a8bc4fea02e34975723da,iroh_dial_p4278,discovery,cold,0,echo_rtt,0.052,ok
fcc97ee87fca3ef9ce5a8bc4fea02e34975723da,iroh_dial_p4278,discovery,cold,0,echo_rtt,0.048,ok
fcc97ee87fca3ef9ce5a8bc4fea02e34975723da,iroh_dial_p4278,discovery,cold,0,echo_rtt,0.048,ok
fcc97ee87fca3ef9ce5a8bc4fea02e34975723da,iroh_dial_p4278,discovery,cold,0,echo_rtt,0.049,ok
fcc97ee87fca3ef9ce5a8bc4fea02e34975723da,iroh_dial_p4278,discovery,cold,0,echo_rtt,0.048,ok
fcc97ee87fca3ef9ce5a8bc4fea02e34975723da,iroh_dial_p4278,discovery,cold,0,echo_rtt,0.047,ok
fcc97ee87fca3ef9ce5a8bc4fea02e34975723da,iroh_dial_p4278,discovery,cold,0,echo_rtt,0.068,ok
fcc97ee87fca3ef9ce5a8bc4fea02e34975723da,iroh_dial_p4278,discovery,cold,0,echo_rtt,0.101,ok
fcc97ee87fca3ef9ce5a8bc4fea02e34975723da,iroh_dial_p4278,discovery,cold,0,echo_rtt,0.080,ok
fcc97ee87fca3ef9ce5a8bc4fea02e34975723da,iroh_dial_p4278,discovery,cold,0,echo_rtt,0.082,ok
fcc97ee87fca3ef9ce5a8bc4fea02e34975723da,iroh_dial_p4278,discovery,cold,0,echo_rtt,0.072,ok
fcc97ee87fca3ef9ce5a8bc4fea02e34975723da,iroh_dial_p4278,discovery,cold,0,echo_rtt,0.099,ok
fcc97ee87fca3ef9ce5a8bc4fea02e34975723da,iroh_dial_p4278,discovery,cold,0,echo_rtt,0.069,ok
fcc97ee87fca3ef9ce5a8bc4fea02e34975723da,iroh_dial_p4278,discovery,cold,0,echo_rtt,0.058,ok
fcc97ee87fca3ef9ce5a8bc4fea02e34975723da,iroh_dial_p4278,discovery,cold,0,echo_rtt,0.060,ok
fcc97ee87fca3ef9ce5a8bc4fea02e34975723da,iroh_dial_p4278,discovery,cold,0,echo_rtt,0.058,ok
fcc97ee87fca3ef9ce5a8bc4fea02e34975723da,iroh_dial_p4278,discovery,cold,0,echo_rtt,0.057,ok
fcc97ee87fca3ef9ce5a8bc4fea02e34975723da,iroh_dial_p4278,discovery,cold,0,echo_rtt,0.055,ok
fcc97ee87fca3ef9ce5a8bc4fea02e34975723da,iroh_dial_p4278,discovery,cold,0,echo_rtt,0.058,ok
fcc97ee87fca3ef9ce5a8bc4fea02e34975723da,iroh_dial_p4278,discovery,cold,0,echo_rtt,0.055,ok
fcc97ee87fca3ef9ce5a8bc4fea02e34975723da,iroh_dial_p4278,discovery,cold,0,echo_rtt,0.057,ok
fcc97ee87fca3ef9ce5a8bc4fea02e34975723da,iroh_dial_p4278,discovery,cold,0,echo_rtt,0.055,ok
fcc97ee87fca3ef9ce5a8bc4fea02e34975723da,iroh_dial_p4278,discovery,cold,0,echo_rtt,0.060,ok
fcc97ee87fca3ef9ce5a8bc4fea02e34975723da,iroh_dial_p4278,discovery,cold,0,echo_rtt,0.056,ok
fcc97ee87fca3ef9ce5a8bc4fea02e34975723da,iroh_dial_p4278,discovery,cold,0,echo_rtt,0.055,ok
fcc97ee87fca3ef9ce5a8bc4fea02e34975723da,iroh_dial_p4278,discovery,cold,0,echo_rtt,0.055,ok
fcc97ee87fca3ef9ce5a8bc4fea02e34975723da,iroh_dial_p4278,discovery,cold,0,echo_rtt,0.055,ok
fcc97ee87fca3ef9ce5a8bc4fea02e34975723da,iroh_dial_p4278,discovery,cold,0,echo_rtt,0.055,ok
fcc97ee87fca3ef9ce5a8bc4fea02e34975723da,iroh_dial_p4278,discovery,cold,0,echo_rtt,0.052,ok
fcc97ee87fca3ef9ce5a8bc4fea02e34975723da,iroh_dial_p4278,discovery,cold,0,echo_rtt,0.052,ok
fcc97ee87fca3ef9ce5a8bc4fea02e34975723da,iroh_dial_p4278,discovery,cold,0,echo_rtt,0.054,ok
fcc97ee87fca3ef9ce5a8bc4fea02e34975723da,iroh_dial_p4278,discovery,cold,0,echo_rtt,0.053,ok
fcc97ee87fca3ef9ce5a8bc4fea02e34975723da,iroh_dial_p4278,discovery,cold,0,echo_rtt,0.052,ok
fcc97ee87fca3ef9ce5a8bc4fea02e34975723da,iroh_dial_p4278,discovery,cold,0,echo_rtt,0.053,ok
fcc97ee87fca3ef9ce5a8bc4fea02e34975723da,iroh_dial_p4278,discovery,cold,0,echo_rtt,0.051,ok
fcc97ee87fca3ef9ce5a8bc4fea02e34975723da,iroh_dial_p4278,discovery,cold,0,echo_rtt,0.053,ok
fcc97ee87fca3ef9ce5a8bc4fea02e34975723da,iroh_dial_p4278,discovery,cold,0,echo_rtt,0.052,ok
fcc97ee87fca3ef9ce5a8bc4fea02e34975723da,iroh_dial_p4278,discovery,cold,0,echo_rtt,0.053,ok
fcc97ee87fca3ef9ce5a8bc4fea02e34975723da,iroh_dial_p4278,discovery,cold,0,echo_rtt,0.052,ok
fcc97ee87fca3ef9ce5a8bc4fea02e34975723da,iroh_dial_p4278,discovery,cold,0,echo_rtt,0.053,ok
fcc97ee87fca3ef9ce5a8bc4fea02e34975723da,iroh_dial_p4278,discovery,cold,0,echo_rtt,0.072,ok
fcc97ee87fca3ef9ce5a8bc4fea02e34975723da,iroh_dial_p4278,discovery,cold,0,echo_rtt,0.062,ok
fcc97ee87fca3ef9ce5a8bc4fea02e34975723da,iroh_dial_p4278,discovery,cold,0,echo_rtt,0.067,ok
fcc97ee87fca3ef9ce5a8bc4fea02e34975723da,iroh_dial_p4278,discovery,cold,0,echo_rtt,0.051,ok
fcc97ee87fca3ef9ce5a8bc4fea02e34975723da,iroh_dial_p4278,discovery,cold,0,echo_rtt,0.049,ok
fcc97ee87fca3ef9ce5a8bc4fea02e34975723da,iroh_dial_p4278,discovery,cold,0,echo_rtt,0.049,ok
fcc97ee87fca3ef9ce5a8bc4fea02e34975723da,iroh_dial_p4278,discovery,cold,0,echo_rtt,0.068,ok
fcc97ee87fca3ef9ce5a8bc4fea02e34975723da,iroh_dial_p4278,discovery,cold,0,echo_rtt,0.055,ok
fcc97ee87fca3ef9ce5a8bc4fea02e34975723da,iroh_dial_p4278,discovery,cold,0,echo_rtt,0.063,ok
fcc97ee87fca3ef9ce5a8bc4fea02e34975723da,iroh_dial_p4278,discovery,cold,0,echo_rtt,0.048,ok
fcc97ee87fca3ef9ce5a8bc4fea02e34975723da,iroh_dial_p4278,discovery,cold,0,echo_rtt,0.048,ok
fcc97ee87fca3ef9ce5a8bc4fea02e34975723da,iroh_dial_p4278,discovery,cold,0,echo_rtt,0.048,ok
fcc97ee87fca3ef9ce5a8bc4fea02e34975723da,iroh_dial_p4278,discovery,cold,0,echo_rtt,0.056,ok
fcc97ee87fca3ef9ce5a8bc4fea02e34975723da,iroh_dial_p4278,discovery,cold,0,echo_rtt,0.050,ok
fcc97ee87fca3ef9ce5a8bc4fea02e34975723da,iroh_dial_p4278,discovery,cold,0,echo_rtt,0.048,ok
fcc97ee87fca3ef9ce5a8bc4fea02e34975723da,iroh_dial_p4278,discovery,cold,0,echo_rtt,0.049,ok
fcc97ee87fca3ef9ce5a8bc4fea02e34975723da,iroh_dial_p4278,discovery,cold,0,echo_rtt,0.048,ok
fcc97ee87fca3ef9ce5a8bc4fea02e34975723da,iroh_dial_p4278,discovery,cold,0,echo_rtt,0.076,ok
fcc97ee87fca3ef9ce5a8bc4fea02e34975723da,iroh_dial_p4278,discovery,cold,0,echo_rtt,0.081,ok
fcc97ee87fca3ef9ce5a8bc4fea02e34975723da,iroh_dial_p4278,discovery,cold,0,echo_rtt,0.074,ok
fcc97ee87fca3ef9ce5a8bc4fea02e34975723da,iroh_dial_p4278,discovery,cold,0,echo_rtt,0.052,ok
fcc97ee87fca3ef9ce5a8bc4fea02e34975723da,iroh_dial_p4278,discovery,cold,0,echo_rtt,0.050,ok
fcc97ee87fca3ef9ce5a8bc4fea02e34975723da,iroh_dial_p4278,discovery,cold,0,echo_rtt,0.050,ok
fcc97ee87fca3ef9ce5a8bc4fea02e34975723da,iroh_dial_p4278,discovery,cold,0,echo_rtt,0.055,ok
fcc97ee87fca3ef9ce5a8bc4fea02e34975723da,iroh_dial_p4278,discovery,cold,0,echo_rtt,0.056,ok
fcc97ee87fca3ef9ce5a8bc4fea02e34975723da,iroh_dial_p4278,discovery,cold,0,echo_rtt,0.051,ok
fcc97ee87fca3ef9ce5a8bc4fea02e34975723da,iroh_dial_p4278,discovery,cold,0,echo_rtt,0.049,ok
fcc97ee87fca3ef9ce5a8bc4fea02e34975723da,iroh_dial_p4278,discovery,cold,0,echo_rtt,0.049,ok
fcc97ee87fca3ef9ce5a8bc4fea02e34975723da,iroh_dial_p4278,discovery,cold,0,echo_rtt,0.048,ok
fcc97ee87fca3ef9ce5a8bc4fea02e34975723da,iroh_dial_p4278,discovery,cold,0,echo_rtt,0.049,ok
fcc97ee87fca3ef9ce5a8bc4fea02e34975723da,iroh_dial_p4278,discovery,cold,0,echo_rtt,0.049,ok
fcc97ee87fca3ef9ce5a8bc4fea02e34975723da,iroh_dial_p4278,discovery,cold,0,echo_rtt,0.050,ok
fcc97ee87fca3ef9ce5a8bc4fea02e34975723da,iroh_dial_p4278,discovery,cold,0,echo_rtt,0.049,ok
fcc97ee87fca3ef9ce5a8bc4fea02e34975723da,iroh_dial_p4278,discovery,cold,0,echo_rtt,0.048,ok
fcc97ee87fca3ef9ce5a8bc4fea02e34975723da,iroh_dial_p4278,discovery,cold,0,echo_rtt,0.049,ok
fcc97ee87fca3ef9ce5a8bc4fea02e34975723da,iroh_dial_p4278,discovery,cold,0,echo_rtt,0.060,ok
fcc97ee87fca3ef9ce5a8bc4fea02e34975723da,iroh_dial_p4278,discovery,cold,0,echo_rtt,0.091,ok
fcc97ee87fca3ef9ce5a8bc4fea02e34975723da,iroh_dial_p4278,discovery,cold,0,echo_rtt,0.065,ok
fcc97ee87fca3ef9ce5a8bc4fea02e34975723da,iroh_dial_p4278,discovery,cold,0,echo_rtt,0.071,ok
fcc97ee87fca3ef9ce5a8bc4fea02e34975723da,iroh_dial_p4278,discovery,cold,0,echo_rtt,0.055,ok
fcc97ee87fca3ef9ce5a8bc4fea02e34975723da,iroh_dial_p4278,discovery,cold,0,echo_rtt,0.053,ok
fcc97ee87fca3ef9ce5a8bc4fea02e34975723da,iroh_dial_p4278,discovery,cold,0,echo_rtt,0.053,ok
fcc97ee87fca3ef9ce5a8bc4fea02e34975723da,iroh_dial_p4278,discovery,cold,0,echo_rtt,0.081,ok
fcc97ee87fca3ef9ce5a8bc4fea02e34975723da,iroh_dial_p4278,discovery,cold,0,echo_rtt,0.058,ok
fcc97ee87fca3ef9ce5a8bc4fea02e34975723da,iroh_dial_p4278,discovery,cold,0,runtime_start,0.394,ok
fcc97ee87fca3ef9ce5a8bc4fea02e34975723da,iroh_dial_p4278,discovery,cold,0,endpoint_bind,1.439,ok
fcc97ee87fca3ef9ce5a8bc4fea02e34975723da,iroh_dial_p4278,discovery,cold,0,address_lookup,1.579,ok
fcc97ee87fca3ef9ce5a8bc4fea02e34975723da,iroh_dial_p4278,discovery,cold,0,dial_handshake,192.141,ok
fcc97ee87fca3ef9ce5a8bc4fea02e34975723da,iroh_dial_p4278,discovery,cold,0,stream_open,83.263,ok
fcc97ee87fca3ef9ce5a8bc4fea02e34975723da,iroh_dial_p4278,discovery,cold,0,echo_rtt,0.081,ok
fcc97ee87fca3ef9ce5a8bc4fea02e34975723da,iroh_dial_p4278,discovery,cold,0,echo_rtt,0.053,ok
fcc97ee87fca3ef9ce5a8bc4fea02e34975723da,iroh_dial_p4278,discovery,cold,0,echo_rtt,0.090,ok
fcc97ee87fca3ef9ce5a8bc4fea02e34975723da,iroh_dial_p4278,discovery,cold,0,echo_rtt,0.047,ok
fcc97ee87fca3ef9ce5a8bc4fea02e34975723da,iroh_dial_p4278,discovery,cold,0,echo_rtt,0.046,ok
fcc97ee87fca3ef9ce5a8bc4fea02e34975723da,iroh_dial_p4278,discovery,cold,0,echo_rtt,0.045,ok
fcc97ee87fca3ef9ce5a8bc4fea02e34975723da,iroh_dial_p4278,discovery,cold,0,echo_rtt,0.045,ok
fcc97ee87fca3ef9ce5a8bc4fea02e34975723da,iroh_dial_p4278,discovery,cold,0,echo_rtt,0.047,ok
fcc97ee87fca3ef9ce5a8bc4fea02e34975723da,iroh_dial_p4278,discovery,cold,0,echo_rtt,0.047,ok
fcc97ee87fca3ef9ce5a8bc4fea02e34975723da,iroh_dial_p4278,discovery,cold,0,echo_rtt,0.043,ok
fcc97ee87fca3ef9ce5a8bc4fea02e34975723da,iroh_dial_p4278,discovery,cold,0,echo_rtt,0.043,ok
fcc97ee87fca3ef9ce5a8bc4fea02e34975723da,iroh_dial_p4278,discovery,cold,0,echo_rtt,0.057,ok
fcc97ee87fca3ef9ce5a8bc4fea02e34975723da,iroh_dial_p4278,discovery,cold,0,echo_rtt,0.048,ok
fcc97ee87fca3ef9ce5a8bc4fea02e34975723da,iroh_dial_p4278,discovery,cold,0,echo_rtt,0.046,ok
fcc97ee87fca3ef9ce5a8bc4fea02e34975723da,iroh_dial_p4278,discovery,cold,0,echo_rtt,0.047,ok
fcc97ee87fca3ef9ce5a8bc4fea02e34975723da,iroh_dial_p4278,discovery,cold,0,echo_rtt,0.044,ok
fcc97ee87fca3ef9ce5a8bc4fea02e34975723da,iroh_dial_p4278,discovery,cold,0,echo_rtt,0.044,ok
fcc97ee87fca3ef9ce5a8bc4fea02e34975723da,iroh_dial_p4278,discovery,cold,0,echo_rtt,0.044,ok
fcc97ee87fca3ef9ce5a8bc4fea02e34975723da,iroh_dial_p4278,discovery,cold,0,echo_rtt,0.049,ok
fcc97ee87fca3ef9ce5a8bc4fea02e34975723da,iroh_dial_p4278,discovery,cold,0,echo_rtt,0.046,ok
fcc97ee87fca3ef9ce5a8bc4fea02e34975723da,iroh_dial_p4278,discovery,cold,0,echo_rtt,0.044,ok
fcc97ee87fca3ef9ce5a8bc4fea02e34975723da,iroh_dial_p4278,discovery,cold,0,echo_rtt,0.044,ok
fcc97ee87fca3ef9ce5a8bc4fea02e34975723da,iroh_dial_p4278,discovery,cold,0,echo_rtt,0.044,ok
fcc97ee87fca3ef9ce5a8bc4fea02e34975723da,iroh_dial_p4278,discovery,cold,0,echo_rtt,0.044,ok
fcc97ee87fca3ef9ce5a8bc4fea02e34975723da,iroh_dial_p4278,discovery,cold,0,echo_rtt,0.043,ok
fcc97ee87fca3ef9ce5a8bc4fea02e34975723da,iroh_dial_p4278,discovery,cold,0,echo_rtt,0.043,ok
fcc97ee87fca3ef9ce5a8bc4fea02e34975723da,iroh_dial_p4278,discovery,cold,0,echo_rtt,0.045,ok
fcc97ee87fca3ef9ce5a8bc4fea02e34975723da,iroh_dial_p4278,discovery,cold,0,echo_rtt,0.044,ok
fcc97ee87fca3ef9ce5a8bc4fea02e34975723da,iroh_dial_p4278,discovery,cold,0,echo_rtt,0.050,ok
fcc97ee87fca3ef9ce5a8bc4fea02e34975723da,iroh_dial_p4278,discovery,cold,0,echo_rtt,0.044,ok
fcc97ee87fca3ef9ce5a8bc4fea02e34975723da,iroh_dial_p4278,discovery,cold,0,echo_rtt,0.044,ok
fcc97ee87fca3ef9ce5a8bc4fea02e34975723da,iroh_dial_p4278,discovery,cold,0,echo_rtt,0.044,ok
fcc97ee87fca3ef9ce5a8bc4fea02e34975723da,iroh_dial_p4278,discovery,cold,0,echo_rtt,0.175,ok
fcc97ee87fca3ef9ce5a8bc4fea02e34975723da,iroh_dial_p4278,discovery,cold,0,echo_rtt,0.104,ok
fcc97ee87fca3ef9ce5a8bc4fea02e34975723da,iroh_dial_p4278,discovery,cold,0,echo_rtt,0.075,ok
fcc97ee87fca3ef9ce5a8bc4fea02e34975723da,iroh_dial_p4278,discovery,cold,0,echo_rtt,0.064,ok
fcc97ee87fca3ef9ce5a8bc4fea02e34975723da,iroh_dial_p4278,discovery,cold,0,echo_rtt,0.059,ok
fcc97ee87fca3ef9ce5a8bc4fea02e34975723da,iroh_dial_p4278,discovery,cold,0,echo_rtt,0.062,ok
fcc97ee87fca3ef9ce5a8bc4fea02e34975723da,iroh_dial_p4278,discovery,cold,0,echo_rtt,0.051,ok
fcc97ee87fca3ef9ce5a8bc4fea02e34975723da,iroh_dial_p4278,discovery,cold,0,echo_rtt,0.050,ok
fcc97ee87fca3ef9ce5a8bc4fea02e34975723da,iroh_dial_p4278,discovery,cold,0,echo_rtt,0.049,ok
fcc97ee87fca3ef9ce5a8bc4fea02e34975723da,iroh_dial_p4278,discovery,cold,0,echo_rtt,0.048,ok
fcc97ee87fca3ef9ce5a8bc4fea02e34975723da,iroh_dial_p4278,discovery,cold,0,echo_rtt,0.050,ok
fcc97ee87fca3ef9ce5a8bc4fea02e34975723da,iroh_dial_p4278,discovery,cold,0,echo_rtt,0.057,ok
fcc97ee87fca3ef9ce5a8bc4fea02e34975723da,iroh_dial_p4278,discovery,cold,0,echo_rtt,0.053,ok
fcc97ee87fca3ef9ce5a8bc4fea02e34975723da,iroh_dial_p4278,discovery,cold,0,echo_rtt,0.052,ok
fcc97ee87fca3ef9ce5a8bc4fea02e34975723da,iroh_dial_p4278,discovery,cold,0,echo_rtt,0.053,ok
fcc97ee87fca3ef9ce5a8bc4fea02e34975723da,iroh_dial_p4278,discovery,cold,0,echo_rtt,0.062,ok
fcc97ee87fca3ef9ce5a8bc4fea02e34975723da,iroh_dial_p4278,discovery,cold,0,echo_rtt,0.056,ok
fcc97ee87fca3ef9ce5a8bc4fea02e34975723da,iroh_dial_p4278,discovery,cold,0,echo_rtt,0.053,ok
fcc97ee87fca3ef9ce5a8bc4fea02e34975723da,iroh_dial_p4278,discovery,cold,0,echo_rtt,0.053,ok
fcc97ee87fca3ef9ce5a8bc4fea02e34975723da,iroh_dial_p4278,discovery,cold,0,echo_rtt,0.054,ok
fcc97ee87fca3ef9ce5a8bc4fea02e34975723da,iroh_dial_p4278,discovery,cold,0,echo_rtt,0.053,ok
fcc97ee87fca3ef9ce5a8bc4fea02e34975723da,iroh_dial_p4278,discovery,cold,0,echo_rtt,0.058,ok
fcc97ee87fca3ef9ce5a8bc4fea02e34975723da,iroh_dial_p4278,discovery,cold,0,echo_rtt,0.053,ok
fcc97ee87fca3ef9ce5a8bc4fea02e34975723da,iroh_dial_p4278,discovery,cold,0,echo_rtt,0.051,ok
fcc97ee87fca3ef9ce5a8bc4fea02e34975723da,iroh_dial_p4278,discovery,cold,0,echo_rtt,0.052,ok
fcc97ee87fca3ef9ce5a8bc4fea02e34975723da,iroh_dial_p4278,discovery,cold,0,echo_rtt,0.052,ok
fcc97ee87fca3ef9ce5a8bc4fea02e34975723da,iroh_dial_p4278,discovery,cold,0,echo_rtt,0.052,ok
fcc97ee87fca3ef9ce5a8bc4fea02e34975723da,iroh_dial_p4278,discovery,cold,0,echo_rtt,0.052,ok
fcc97ee87fca3ef9ce5a8bc4fea02e34975723da,iroh_dial_p4278,discovery,cold,0,echo_rtt,0.058,ok
fcc97ee87fca3ef9ce5a8bc4fea02e34975723da,iroh_dial_p4278,discovery,cold,0,echo_rtt,0.091,ok
fcc97ee87fca3ef9ce5a8bc4fea02e34975723da,iroh_dial_p4278,discovery,cold,0,echo_rtt,0.057,ok
fcc97ee87fca3ef9ce5a8bc4fea02e34975723da,iroh_dial_p4278,discovery,cold,0,echo_rtt,0.054,ok
fcc97ee87fca3ef9ce5a8bc4fea02e34975723da,iroh_dial_p4278,discovery,cold,0,echo_rtt,0.052,ok
fcc97ee87fca3ef9ce5a8bc4fea02e34975723da,iroh_dial_p4278,discovery,cold,0,echo_rtt,0.082,ok
fcc97ee87fca3ef9ce5a8bc4fea02e34975723da,iroh_dial_p4278,discovery,cold,0,echo_rtt,0.054,ok
fcc97ee87fca3ef9ce5a8bc4fea02e34975723da,iroh_dial_p4278,discovery,cold,0,echo_rtt,0.054,ok
fcc97ee87fca3ef9ce5a8bc4fea02e34975723da,iroh_dial_p4278,discovery,cold,0,echo_rtt,0.052,ok
fcc97ee87fca3ef9ce5a8bc4fea02e34975723da,iroh_dial_p4278,discovery,cold,0,echo_rtt,0.057,ok
fcc97ee87fca3ef9ce5a8bc4fea02e34975723da,iroh_dial_p4278,discovery,cold,0,echo_rtt,0.053,ok
fcc97ee87fca3ef9ce5a8bc4fea02e34975723da,iroh_dial_p4278,discovery,cold,0,echo_rtt,0.055,ok
fcc97ee87fca3ef9ce5a8bc4fea02e34975723da,iroh_dial_p4278,discovery,cold,0,echo_rtt,0.085,ok
fcc97ee87fca3ef9ce5a8bc4fea02e34975723da,iroh_dial_p4278,discovery,cold,0,echo_rtt,0.055,ok
fcc97ee87fca3ef9ce5a8bc4fea02e34975723da,iroh_dial_p4278,discovery,cold,0,echo_rtt,0.052,ok
fcc97ee87fca3ef9ce5a8bc4fea02e34975723da,iroh_dial_p4278,discovery,cold,0,echo_rtt,0.052,ok
fcc97ee87fca3ef9ce5a8bc4fea02e34975723da,iroh_dial_p4278,discovery,cold,0,echo_rtt,0.064,ok
fcc97ee87fca3ef9ce5a8bc4fea02e34975723da,iroh_dial_p4278,discovery,cold,0,echo_rtt,0.056,ok
fcc97ee87fca3ef9ce5a8bc4fea02e34975723da,iroh_dial_p4278,discovery,cold,0,echo_rtt,0.057,ok
fcc97ee87fca3ef9ce5a8bc4fea02e34975723da,iroh_dial_p4278,discovery,cold,0,echo_rtt,0.053,ok
fcc97ee87fca3ef9ce5a8bc4fea02e34975723da,iroh_dial_p4278,discovery,cold,0,echo_rtt,0.051,ok
fcc97ee87fca3ef9ce5a8bc4fea02e34975723da,iroh_dial_p4278,discovery,cold,0,echo_rtt,0.050,ok
fcc97ee87fca3ef9ce5a8bc4fea02e34975723da,iroh_dial_p4278,discovery,cold,0,echo_rtt,0.051,ok
fcc97ee87fca3ef9ce5a8bc4fea02e34975723da,iroh_dial_p4278,discovery,cold,0,echo_rtt,0.051,ok
fcc97ee87fca3ef9ce5a8bc4fea02e34975723da,iroh_dial_p4278,discovery,cold,0,echo_rtt,0.051,ok
fcc97ee87fca3ef9ce5a8bc4fea02e34975723da,iroh_dial_p4278,discovery,cold,0,echo_rtt,0.049,ok
fcc97ee87fca3ef9ce5a8bc4fea02e34975723da,iroh_dial_p4278,discovery,cold,0,echo_rtt,0.049,ok
fcc97ee87fca3ef9ce5a8bc4fea02e34975723da,iroh_dial_p4278,discovery,cold,0,echo_rtt,0.055,ok
fcc97ee87fca3ef9ce5a8bc4fea02e34975723da,iroh_dial_p4278,discovery,cold,0,echo_rtt,0.078,ok
fcc97ee87fca3ef9ce5a8bc4fea02e34975723da,iroh_dial_p4278,discovery,cold,0,echo_rtt,0.063,ok
fcc97ee87fca3ef9ce5a8bc4fea02e34975723da,iroh_dial_p4278,discovery,cold,0,echo_rtt,0.055,ok
fcc97ee87fca3ef9ce5a8bc4fea02e34975723da,iroh_dial_p4278,discovery,cold,0,echo_rtt,0.054,ok
fcc97ee87fca3ef9ce5a8bc4fea02e34975723da,iroh_dial_p4278,discovery,cold,0,echo_rtt,0.053,ok
fcc97ee87fca3ef9ce5a8bc4fea02e34975723da,iroh_dial_p4278,discovery,cold,0,echo_rtt,0.053,ok
fcc97ee87fca3ef9ce5a8bc4fea02e34975723da,iroh_dial_p4278,discovery,cold,0,echo_rtt,0.051,ok
fcc97ee87fca3ef9ce5a8bc4fea02e34975723da,iroh_dial_p4278,discovery,cold,0,echo_rtt,0.055,ok
fcc97ee87fca3ef9ce5a8bc4fea02e34975723da,iroh_dial_p4278,discovery,cold,0,echo_rtt,0.047,ok
fcc97ee87fca3ef9ce5a8bc4fea02e34975723da,iroh_dial_p4278,discovery,cold,0,echo_rtt,0.055,ok
fcc97ee87fca3ef9ce5a8bc4fea02e34975723da,iroh_dial_p4278,discovery,cold,0,echo_rtt,0.049,ok
fcc97ee87fca3ef9ce5a8bc4fea02e34975723da,iroh_dial_p4278,discovery,cold,0,echo_rtt,0.050,ok
fcc97ee87fca3ef9ce5a8bc4fea02e34975723da,iroh_dial_p4278,discovery,cold,0,runtime_start,0.341,ok
fcc97ee87fca3ef9ce5a8bc4fea02e34975723da,iroh_dial_p4278,discovery,cold,0,endpoint_bind,1.496,ok
fcc97ee87fca3ef9ce5a8bc4fea02e34975723da,iroh_dial_p4278,discovery,cold,0,address_lookup,2.449,ok
fcc97ee87fca3ef9ce5a8bc4fea02e34975723da,iroh_dial_p4278,discovery,cold,0,dial_handshake,202.006,ok
fcc97ee87fca3ef9ce5a8bc4fea02e34975723da,iroh_dial_p4278,discovery,cold,0,stream_open,96.089,ok
fcc97ee87fca3ef9ce5a8bc4fea02e34975723da,iroh_dial_p4278,discovery,cold,0,echo_rtt,0.105,ok
fcc97ee87fca3ef9ce5a8bc4fea02e34975723da,iroh_dial_p4278,discovery,cold,0,echo_rtt,0.074,ok
fcc97ee87fca3ef9ce5a8bc4fea02e34975723da,iroh_dial_p4278,discovery,cold,0,echo_rtt,0.064,ok
fcc97ee87fca3ef9ce5a8bc4fea02e34975723da,iroh_dial_p4278,discovery,cold,0,echo_rtt,0.060,ok
fcc97ee87fca3ef9ce5a8bc4fea02e34975723da,iroh_dial_p4278,discovery,cold,0,echo_rtt,0.084,ok
fcc97ee87fca3ef9ce5a8bc4fea02e34975723da,iroh_dial_p4278,discovery,cold,0,echo_rtt,0.062,ok
fcc97ee87fca3ef9ce5a8bc4fea02e34975723da,iroh_dial_p4278,discovery,cold,0,echo_rtt,0.057,ok
fcc97ee87fca3ef9ce5a8bc4fea02e34975723da,iroh_dial_p4278,discovery,cold,0,echo_rtt,0.057,ok
fcc97ee87fca3ef9ce5a8bc4fea02e34975723da,iroh_dial_p4278,discovery,cold,0,echo_rtt,0.055,ok
fcc97ee87fca3ef9ce5a8bc4fea02e34975723da,iroh_dial_p4278,discovery,cold,0,echo_rtt,0.054,ok
fcc97ee87fca3ef9ce5a8bc4fea02e34975723da,iroh_dial_p4278,discovery,cold,0,echo_rtt,0.053,ok
fcc97ee87fca3ef9ce5a8bc4fea02e34975723da,iroh_dial_p4278,discovery,cold,0,echo_rtt,0.057,ok
fcc97ee87fca3ef9ce5a8bc4fea02e34975723da,iroh_dial_p4278,discovery,cold,0,echo_rtt,0.065,ok
fcc97ee87fca3ef9ce5a8bc4fea02e34975723da,iroh_dial_p4278,discovery,cold,0,echo_rtt,0.069,ok
fcc97ee87fca3ef9ce5a8bc4fea02e34975723da,iroh_dial_p4278,discovery,cold,0,echo_rtt,0.055,ok
fcc97ee87fca3ef9ce5a8bc4fea02e34975723da,iroh_dial_p4278,discovery,cold,0,echo_rtt,0.056,ok
fcc97ee87fca3ef9ce5a8bc4fea02e34975723da,iroh_dial_p4278,discovery,cold,0,echo_rtt,0.052,ok
fcc97ee87fca3ef9ce5a8bc4fea02e34975723da,iroh_dial_p4278,discovery,cold,0,echo_rtt,0.051,ok
fcc97ee87fca3ef9ce5a8bc4fea02e34975723da,iroh_dial_p4278,discovery,cold,0,echo_rtt,0.054,ok
fcc97ee87fca3ef9ce5a8bc4fea02e34975723da,iroh_dial_p4278,discovery,cold,0,echo_rtt,0.055,ok
fcc97ee87fca3ef9ce5a8bc4fea02e34975723da,iroh_dial_p4278,discovery,cold,0,echo_rtt,0.058,ok
fcc97ee87fca3ef9ce5a8bc4fea02e34975723da,iroh_dial_p4278,discovery,cold,0,echo_rtt,0.058,ok
fcc97ee87fca3ef9ce5a8bc4fea02e34975723da,iroh_dial_p4278,discovery,cold,0,echo_rtt,0.052,ok
fcc97ee87fca3ef9ce5a8bc4fea02e34975723da,iroh_dial_p4278,discovery,cold,0,echo_rtt,0.053,ok
fcc97ee87fca3ef9ce5a8bc4fea02e34975723da,iroh_dial_p4278,discovery,cold,0,echo_rtt,0.053,ok
fcc97ee87fca3ef9ce5a8bc4fea02e34975723da,iroh_dial_p4278,discovery,cold,0,echo_rtt,0.056,ok
fcc97ee87fca3ef9ce5a8bc4fea02e34975723da,iroh_dial_p4278,discovery,cold,0,echo_rtt,0.069,ok
fcc97ee87fca3ef9ce5a8bc4fea02e34975723da,iroh_dial_p4278,discovery,cold,0,echo_rtt,0.057,ok
fcc97ee87fca3ef9ce5a8bc4fea02e34975723da,iroh_dial_p4278,discovery,cold,0,echo_rtt,0.053,ok
fcc97ee87fca3ef9ce5a8bc4fea02e34975723da,iroh_dial_p4278,discovery,cold,0,echo_rtt,0.076,ok
fcc97ee87fca3ef9ce5a8bc4fea02e34975723da,iroh_dial_p4278,discovery,cold,0,echo_rtt,0.064,ok
fcc97ee87fca3ef9ce5a8bc4fea02e34975723da,iroh_dial_p4278,discovery,cold,0,echo_rtt,0.062,ok
fcc97ee87fca3ef9ce5a8bc4fea02e34975723da,iroh_dial_p4278,discovery,cold,0,echo_rtt,0.067,ok
fcc97ee87fca3ef9ce5a8bc4fea02e34975723da,iroh_dial_p4278,discovery,cold,0,echo_rtt,0.056,ok
fcc97ee87fca3ef9ce5a8bc4fea02e34975723da,iroh_dial_p4278,discovery,cold,0,echo_rtt,0.052,ok
fcc97ee87fca3ef9ce5a8bc4fea02e34975723da,iroh_dial_p4278,discovery,cold,0,echo_rtt,0.053,ok
fcc97ee87fca3ef9ce5a8bc4fea02e34975723da,iroh_dial_p4278,discovery,cold,0,echo_rtt,0.054,ok
fcc97ee87fca3ef9ce5a8bc4fea02e34975723da,iroh_dial_p4278,discovery,cold,0,echo_rtt,0.055,ok
fcc97ee87fca3ef9ce5a8bc4fea02e34975723da,iroh_dial_p4278,discovery,cold,0,echo_rtt,0.053,ok
fcc97ee87fca3ef9ce5a8bc4fea02e34975723da,iroh_dial_p4278,discovery,cold,0,echo_rtt,0.053,ok
fcc97ee87fca3ef9ce5a8bc4fea02e34975723da,iroh_dial_p4278,discovery,cold,0,echo_rtt,0.051,ok
fcc97ee87fca3ef9ce5a8bc4fea02e34975723da,iroh_dial_p4278,discovery,cold,0,echo_rtt,0.052,ok
fcc97ee87fca3ef9ce5a8bc4fea02e34975723da,iroh_dial_p4278,discovery,cold,0,echo_rtt,0.054,ok
fcc97ee87fca3ef9ce5a8bc4fea02e34975723da,iroh_dial_p4278,discovery,cold,0,echo_rtt,0.053,ok
fcc97ee87fca3ef9ce5a8bc4fea02e34975723da,iroh_dial_p4278,discovery,cold,0,echo_rtt,0.052,ok
fcc97ee87fca3ef9ce5a8bc4fea02e34975723da,iroh_dial_p4278,discovery,cold,0,echo_rtt,0.054,ok
fcc97ee87fca3ef9ce5a8bc4fea02e34975723da,iroh_dial_p4278,discovery,cold,0,echo_rtt,0.060,ok
fcc97ee87fca3ef9ce5a8bc4fea02e34975723da,iroh_dial_p4278,discovery,cold,0,echo_rtt,0.049,ok
fcc97ee87fca3ef9ce5a8bc4fea02e34975723da,iroh_dial_p4278,discovery,cold,0,echo_rtt,0.049,ok
fcc97ee87fca3ef9ce5a8bc4fea02e34975723da,iroh_dial_p4278,discovery,cold,0,echo_rtt,0.049,ok
fcc97ee87fca3ef9ce5a8bc4fea02e34975723da,iroh_dial_p4278,discovery,cold,0,echo_rtt,0.049,ok
fcc97ee87fca3ef9ce5a8bc4fea02e34975723da,iroh_dial_p4278,discovery,cold,0,echo_rtt,0.048,ok
fcc97ee87fca3ef9ce5a8bc4fea02e34975723da,iroh_dial_p4278,discovery,cold,0,echo_rtt,0.048,ok
fcc97ee87fca3ef9ce5a8bc4fea02e34975723da,iroh_dial_p4278,discovery,cold,0,echo_rtt,0.051,ok
fcc97ee87fca3ef9ce5a8bc4fea02e34975723da,iroh_dial_p4278,discovery,cold,0,echo_rtt,0.049,ok
fcc97ee87fca3ef9ce5a8bc4fea02e34975723da,iroh_dial_p4278,discovery,cold,0,echo_rtt,0.059,ok
fcc97ee87fca3ef9ce5a8bc4fea02e34975723da,iroh_dial_p4278,discovery,cold,0,echo_rtt,0.057,ok
fcc97ee87fca3ef9ce5a8bc4fea02e34975723da,iroh_dial_p4278,discovery,cold,0,echo_rtt,0.051,ok
fcc97ee87fca3ef9ce5a8bc4fea02e34975723da,iroh_dial_p4278,discovery,cold,0,echo_rtt,0.049,ok
fcc97ee87fca3ef9ce5a8bc4fea02e34975723da,iroh_dial_p4278,discovery,cold,0,echo_rtt,0.049,ok
fcc97ee87fca3ef9ce5a8bc4fea02e34975723da,iroh_dial_p4278,discovery,cold,0,echo_rtt,0.048,ok
fcc97ee87fca3ef9ce5a8bc4fea02e34975723da,iroh_dial_p4278,discovery,cold,0,echo_rtt,0.051,ok
fcc97ee87fca3ef9ce5a8bc4fea02e34975723da,iroh_dial_p4278,discovery,cold,0,echo_rtt,0.051,ok
fcc97ee87fca3ef9ce5a8bc4fea02e34975723da,iroh_dial_p4278,discovery,cold,0,echo_rtt,0.053,ok
fcc97ee87fca3ef9ce5a8bc4fea02e34975723da,iroh_dial_p4278,discovery,cold,0,echo_rtt,0.082,ok
fcc97ee87fca3ef9ce5a8bc4fea02e34975723da,iroh_dial_p4278,discovery,cold,0,echo_rtt,0.059,ok
fcc97ee87fca3ef9ce5a8bc4fea02e34975723da,iroh_dial_p4278,discovery,cold,0,echo_rtt,0.055,ok
fcc97ee87fca3ef9ce5a8bc4fea02e34975723da,iroh_dial_p4278,discovery,cold,0,echo_rtt,0.054,ok
fcc97ee87fca3ef9ce5a8bc4fea02e34975723da,iroh_dial_p4278,discovery,cold,0,echo_rtt,0.054,ok
fcc97ee87fca3ef9ce5a8bc4fea02e34975723da,iroh_dial_p4278,discovery,cold,0,echo_rtt,0.053,ok
fcc97ee87fca3ef9ce5a8bc4fea02e34975723da,iroh_dial_p4278,discovery,cold,0,echo_rtt,0.055,ok
fcc97ee87fca3ef9ce5a8bc4fea02e34975723da,iroh_dial_p4278,discovery,cold,0,echo_rtt,0.054,ok
fcc97ee87fca3ef9ce5a8bc4fea02e34975723da,iroh_dial_p4278,discovery,cold,0,echo_rtt,0.053,ok
fcc97ee87fca3ef9ce5a8bc4fea02e34975723da,iroh_dial_p4278,discovery,cold,0,echo_rtt,0.055,ok
fcc97ee87fca3ef9ce5a8bc4fea02e34975723da,iroh_dial_p4278,discovery,cold,0,echo_rtt,0.058,ok
fcc97ee87fca3ef9ce5a8bc4fea02e34975723da,iroh_dial_p4278,discovery,cold,0,echo_rtt,0.054,ok
fcc97ee87fca3ef9ce5a8bc4fea02e34975723da,iroh_dial_p4278,discovery,cold,0,echo_rtt,0.053,ok
fcc97ee87fca3ef9ce5a8bc4fea02e34975723da,iroh_dial_p4278,discovery,cold,0,echo_rtt,0.054,ok
fcc97ee87fca3ef9ce5a8bc4fea02e34975723da,iroh_dial_p4278,discovery,cold,0,echo_rtt,0.052,ok
fcc97ee87fca3ef9ce5a8bc4fea02e34975723da,iroh_dial_p4278,discovery,cold,0,echo_rtt,0.053,ok
fcc97ee87fca3ef9ce5a8bc4fea02e34975723da,iroh_dial_p4278,discovery,cold,0,echo_rtt,0.053,ok
fcc97ee87fca3ef9ce5a8bc4fea02e34975723da,iroh_dial_p4278,discovery,cold,0,echo_rtt,0.056,ok
fcc97ee87fca3ef9ce5a8bc4fea02e34975723da,iroh_dial_p4278,discovery,cold,0,echo_rtt,0.052,ok
fcc97ee87fca3ef9ce5a8bc4fea02e34975723da,iroh_dial_p4278,discovery,cold,0,echo_rtt,0.053,ok
fcc97ee87fca3ef9ce5a8bc4fea02e34975723da,iroh_dial_p4278,discovery,cold,0,echo_rtt,0.049,ok
fcc97ee87fca3ef9ce5a8bc4fea02e34975723da,iroh_dial_p4278,discovery,cold,0,echo_rtt,0.050,ok
fcc97ee87fca3ef9ce5a8bc4fea02e34975723da,iroh_dial_p4278,discovery,cold,0,echo_rtt,0.050,ok
fcc97ee87fca3ef9ce5a8bc4fea02e34975723da,iroh_dial_p4278,discovery,cold,0,echo_rtt,0.051,ok
fcc97ee87fca3ef9ce5a8bc4fea02e34975723da,iroh_dial_p4278,discovery,cold,0,echo_rtt,0.051,ok
fcc97ee87fca3ef9ce5a8bc4fea02e34975723da,iroh_dial_p4278,discovery,cold,0,echo_rtt,0.049,ok
fcc97ee87fca3ef9ce5a8bc4fea02e34975723da,iroh_dial_p4278,discovery,cold,0,echo_rtt,0.049,ok
fcc97ee87fca3ef9ce5a8bc4fea02e34975723da,iroh_dial_p4278,discovery,cold,0,echo_rtt,0.049,ok
fcc97ee87fca3ef9ce5a8bc4fea02e34975723da,iroh_dial_p4278,discovery,cold,0,echo_rtt,0.049,ok
fcc97ee87fca3ef9ce5a8bc4fea02e34975723da,iroh_dial_p4278,discovery,cold,0,echo_rtt,0.052,ok
fcc97ee87fca3ef9ce5a8bc4fea02e34975723da,iroh_dial_p4278,discovery,cold,0,echo_rtt,0.052,ok
fcc97ee87fca3ef9ce5a8bc4fea02e34975723da,iroh_dial_p4278,discovery,cold,0,echo_rtt,0.052,ok
fcc97ee87fca3ef9ce5a8bc4fea02e34975723da,iroh_dial_p4278,discovery,cold,0,echo_rtt,0.049,ok
fcc97ee87fca3ef9ce5a8bc4fea02e34975723da,iroh_dial_p4278,discovery,cold,0,echo_rtt,0.049,ok
fcc97ee87fca3ef9ce5a8bc4fea02e34975723da,iroh_dial_p4278,discovery,cold,0,echo_rtt,0.049,ok
fcc97ee87fca3ef9ce5a8bc4fea02e34975723da,iroh_dial_p4278,discovery,cold,0,echo_rtt,0.048,ok
fcc97ee87fca3ef9ce5a8bc4fea02e34975723da,iroh_dial_p297822,discovery,cold,0,runtime_start,0.380,ok
fcc97ee87fca3ef9ce5a8bc4fea02e34975723da,iroh_dial_p297822,discovery,cold,0,endpoint_bind,1.360,ok
fcc97ee87fca3ef9ce5a8bc4fea02e34975723da,iroh_dial_p297822,discovery,cold,0,address_lookup,1.619,ok
fcc97ee87fca3ef9ce5a8bc4fea02e34975723da,iroh_dial_p297822,discovery,cold,0,dial_handshake,192.497,ok
fcc97ee87fca3ef9ce5a8bc4fea02e34975723da,iroh_dial_p297822,discovery,cold,0,stream_open,83.567,ok
fcc97ee87fca3ef9ce5a8bc4fea02e34975723da,iroh_dial_p297822,discovery,cold,0,echo_rtt,0.833,ok
fcc97ee87fca3ef9ce5a8bc4fea02e34975723da,iroh_dial_p297822,discovery,cold,0,echo_rtt,0.617,ok
fcc97ee87fca3ef9ce5a8bc4fea02e34975723da,iroh_dial_p297822,discovery,cold,0,echo_rtt,0.718,ok
fcc97ee87fca3ef9ce5a8bc4fea02e34975723da,iroh_dial_p297822,discovery,cold,0,echo_rtt,0.580,ok
fcc97ee87fca3ef9ce5a8bc4fea02e34975723da,iroh_dial_p297822,discovery,cold,0,echo_rtt,0.814,ok
fcc97ee87fca3ef9ce5a8bc4fea02e34975723da,iroh_dial_p297822,discovery,cold,0,echo_rtt,0.607,ok
fcc97ee87fca3ef9ce5a8bc4fea02e34975723da,iroh_dial_p297822,discovery,cold,0,echo_rtt,0.598,ok
fcc97ee87fca3ef9ce5a8bc4fea02e34975723da,iroh_dial_p297822,discovery,cold,0,echo_rtt,0.542,ok
fcc97ee87fca3ef9ce5a8bc4fea02e34975723da,iroh_dial_p297822,discovery,cold,0,echo_rtt,0.584,ok
fcc97ee87fca3ef9ce5a8bc4fea02e34975723da,iroh_dial_p297822,discovery,cold,0,echo_rtt,0.604,ok
fcc97ee87fca3ef9ce5a8bc4fea02e34975723da,iroh_dial_p297822,discovery,cold,0,echo_rtt,0.615,ok
fcc97ee87fca3ef9ce5a8bc4fea02e34975723da,iroh_dial_p297822,discovery,cold,0,echo_rtt,0.571,ok
fcc97ee87fca3ef9ce5a8bc4fea02e34975723da,iroh_dial_p297822,discovery,cold,0,echo_rtt,0.568,ok
fcc97ee87fca3ef9ce5a8bc4fea02e34975723da,iroh_dial_p297822,discovery,cold,0,echo_rtt,0.586,ok
fcc97ee87fca3ef9ce5a8bc4fea02e34975723da,iroh_dial_p297822,discovery,cold,0,echo_rtt,0.601,ok
fcc97ee87fca3ef9ce5a8bc4fea02e34975723da,iroh_dial_p297822,discovery,cold,0,echo_rtt,0.564,ok
fcc97ee87fca3ef9ce5a8bc4fea02e34975723da,iroh_dial_p297822,discovery,cold,0,echo_rtt,0.533,ok
fcc97ee87fca3ef9ce5a8bc4fea02e34975723da,iroh_dial_p297822,discovery,cold,0,echo_rtt,0.571,ok
fcc97ee87fca3ef9ce5a8bc4fea02e34975723da,iroh_dial_p297822,discovery,cold,0,echo_rtt,0.553,ok
fcc97ee87fca3ef9ce5a8bc4fea02e34975723da,iroh_dial_p297822,discovery,cold,0,echo_rtt,0.559,ok
fcc97ee87fca3ef9ce5a8bc4fea02e34975723da,iroh_dial_p297822,discovery,cold,0,echo_rtt,0.597,ok
fcc97ee87fca3ef9ce5a8bc4fea02e34975723da,iroh_dial_p297822,discovery,cold,0,echo_rtt,0.600,ok
fcc97ee87fca3ef9ce5a8bc4fea02e34975723da,iroh_dial_p297822,discovery,cold,0,echo_rtt,0.573,ok
fcc97ee87fca3ef9ce5a8bc4fea02e34975723da,iroh_dial_p297822,discovery,cold,0,echo_rtt,0.614,ok
fcc97ee87fca3ef9ce5a8bc4fea02e34975723da,iroh_dial_p297822,discovery,cold,0,echo_rtt,0.590,ok
fcc97ee87fca3ef9ce5a8bc4fea02e34975723da,iroh_dial_p297822,discovery,cold,0,echo_rtt,0.628,ok
fcc97ee87fca3ef9ce5a8bc4fea02e34975723da,iroh_dial_p297822,discovery,cold,0,echo_rtt,0.580,ok
fcc97ee87fca3ef9ce5a8bc4fea02e34975723da,iroh_dial_p297822,discovery,cold,0,echo_rtt,0.558,ok
fcc97ee87fca3ef9ce5a8bc4fea02e34975723da,iroh_dial_p297822,discovery,cold,0,echo_rtt,0.544,ok
fcc97ee87fca3ef9ce5a8bc4fea02e34975723da,iroh_dial_p297822,discovery,cold,0,echo_rtt,0.517,ok
fcc97ee87fca3ef9ce5a8bc4fea02e34975723da,iroh_dial_p297822,discovery,cold,0,echo_rtt,0.513,ok
fcc97ee87fca3ef9ce5a8bc4fea02e34975723da,iroh_dial_p297822,discovery,cold,0,echo_rtt,0.512,ok
fcc97ee87fca3ef9ce5a8bc4fea02e34975723da,iroh_dial_p297822,discovery,cold,0,echo_rtt,0.545,ok
fcc97ee87fca3ef9ce5a8bc4fea02e34975723da,iroh_dial_p297822,discovery,cold,0,echo_rtt,0.586,ok
fcc97ee87fca3ef9ce5a8bc4fea02e34975723da,iroh_dial_p297822,discovery,cold,0,echo_rtt,0.602,ok
fcc97ee87fca3ef9ce5a8bc4fea02e34975723da,iroh_dial_p297822,discovery,cold,0,echo_rtt,0.506,ok
fcc97ee87fca3ef9ce5a8bc4fea02e34975723da,iroh_dial_p297822,discovery,cold,0,echo_rtt,0.503,ok
fcc97ee87fca3ef9ce5a8bc4fea02e34975723da,iroh_dial_p297822,discovery,cold,0,echo_rtt,0.518,ok
fcc97ee87fca3ef9ce5a8bc4fea02e34975723da,iroh_dial_p297822,discovery,cold,0,echo_rtt,0.545,ok
fcc97ee87fca3ef9ce5a8bc4fea02e34975723da,iroh_dial_p297822,discovery,cold,0,echo_rtt,0.511,ok
fcc97ee87fca3ef9ce5a8bc4fea02e34975723da,iroh_dial_p297822,discovery,cold,0,echo_rtt,0.599,ok
fcc97ee87fca3ef9ce5a8bc4fea02e34975723da,iroh_dial_p297822,discovery,cold,0,echo_rtt,0.500,ok
fcc97ee87fca3ef9ce5a8bc4fea02e34975723da,iroh_dial_p297822,discovery,cold,0,echo_rtt,0.537,ok
fcc97ee87fca3ef9ce5a8bc4fea02e34975723da,iroh_dial_p297822,discovery,cold,0,echo_rtt,0.558,ok
fcc97ee87fca3ef9ce5a8bc4fea02e34975723da,iroh_dial_p297822,discovery,cold,0,echo_rtt,0.507,ok
fcc97ee87fca3ef9ce5a8bc4fea02e34975723da,iroh_dial_p297822,discovery,cold,0,echo_rtt,0.540,ok
fcc97ee87fca3ef9ce5a8bc4fea02e34975723da,iroh_dial_p297822,discovery,cold,0,echo_rtt,0.701,ok
fcc97ee87fca3ef9ce5a8bc4fea02e34975723da,iroh_dial_p297822,discovery,cold,0,echo_rtt,0.576,ok
fcc97ee87fca3ef9ce5a8bc4fea02e34975723da,iroh_dial_p297822,discovery,cold,0,echo_rtt,0.550,ok
fcc97ee87fca3ef9ce5a8bc4fea02e34975723da,iroh_dial_p297822,discovery,cold,0,echo_rtt,0.537,ok
fcc97ee87fca3ef9ce5a8bc4fea02e34975723da,iroh_dial_p297822,discovery,cold,0,echo_rtt,0.546,ok
fcc97ee87fca3ef9ce5a8bc4fea02e34975723da,iroh_dial_p297822,discovery,cold,0,echo_rtt,0.536,ok
fcc97ee87fca3ef9ce5a8bc4fea02e34975723da,iroh_dial_p297822,discovery,cold,0,echo_rtt,0.545,ok
fcc97ee87fca3ef9ce5a8bc4fea02e34975723da,iroh_dial_p297822,discovery,cold,0,echo_rtt,0.490,ok
fcc97ee87fca3ef9ce5a8bc4fea02e34975723da,iroh_dial_p297822,discovery,cold,0,echo_rtt,0.548,ok
fcc97ee87fca3ef9ce5a8bc4fea02e34975723da,iroh_dial_p297822,discovery,cold,0,echo_rtt,0.582,ok
fcc97ee87fca3ef9ce5a8bc4fea02e34975723da,iroh_dial_p297822,discovery,cold,0,echo_rtt,0.613,ok
fcc97ee87fca3ef9ce5a8bc4fea02e34975723da,iroh_dial_p297822,discovery,cold,0,echo_rtt,0.601,ok
fcc97ee87fca3ef9ce5a8bc4fea02e34975723da,iroh_dial_p297822,discovery,cold,0,echo_rtt,0.578,ok
fcc97ee87fca3ef9ce5a8bc4fea02e34975723da,iroh_dial_p297822,discovery,cold,0,echo_rtt,0.560,ok
fcc97ee87fca3ef9ce5a8bc4fea02e34975723da,iroh_dial_p297822,discovery,cold,0,echo_rtt,0.514,ok
fcc97ee87fca3ef9ce5a8bc4fea02e34975723da,iroh_dial_p297822,discovery,cold,0,echo_rtt,0.574,ok
fcc97ee87fca3ef9ce5a8bc4fea02e34975723da,iroh_dial_p297822,discovery,cold,0,echo_rtt,0.767,ok
fcc97ee87fca3ef9ce5a8bc4fea02e34975723da,iroh_dial_p297822,discovery,cold,0,echo_rtt,0.564,ok
fcc97ee87fca3ef9ce5a8bc4fea02e34975723da,iroh_dial_p297822,discovery,cold,0,echo_rtt,0.573,ok
fcc97ee87fca3ef9ce5a8bc4fea02e34975723da,iroh_dial_p297822,discovery,cold,0,echo_rtt,0.624,ok
fcc97ee87fca3ef9ce5a8bc4fea02e34975723da,iroh_dial_p297822,discovery,cold,0,echo_rtt,0.538,ok
fcc97ee87fca3ef9ce5a8bc4fea02e34975723da,iroh_dial_p297822,discovery,cold,0,echo_rtt,0.526,ok
fcc97ee87fca3ef9ce5a8bc4fea02e34975723da,iroh_dial_p297822,discovery,cold,0,echo_rtt,0.602,ok
fcc97ee87fca3ef9ce5a8bc4fea02e34975723da,iroh_dial_p297822,discovery,cold,0,echo_rtt,0.521,ok
fcc97ee87fca3ef9ce5a8bc4fea02e34975723da,iroh_dial_p297822,discovery,cold,0,echo_rtt,0.661,ok
fcc97ee87fca3ef9ce5a8bc4fea02e34975723da,iroh_dial_p297822,discovery,cold,0,echo_rtt,0.621,ok
fcc97ee87fca3ef9ce5a8bc4fea02e34975723da,iroh_dial_p297822,discovery,cold,0,echo_rtt,0.561,ok
fcc97ee87fca3ef9ce5a8bc4fea02e34975723da,iroh_dial_p297822,discovery,cold,0,echo_rtt,0.572,ok
fcc97ee87fca3ef9ce5a8bc4fea02e34975723da,iroh_dial_p297822,discovery,cold,0,echo_rtt,0.542,ok
fcc97ee87fca3ef9ce5a8bc4fea02e34975723da,iroh_dial_p297822,discovery,cold,0,echo_rtt,0.527,ok
fcc97ee87fca3ef9ce5a8bc4fea02e34975723da,iroh_dial_p297822,discovery,cold,0,echo_rtt,0.625,ok
fcc97ee87fca3ef9ce5a8bc4fea02e34975723da,iroh_dial_p297822,discovery,cold,0,echo_rtt,0.559,ok
fcc97ee87fca3ef9ce5a8bc4fea02e34975723da,iroh_dial_p297822,discovery,cold,0,echo_rtt,0.530,ok
fcc97ee87fca3ef9ce5a8bc4fea02e34975723da,iroh_dial_p297822,discovery,cold,0,echo_rtt,0.526,ok
fcc97ee87fca3ef9ce5a8bc4fea02e34975723da,iroh_dial_p297822,discovery,cold,0,echo_rtt,0.611,ok
fcc97ee87fca3ef9ce5a8bc4fea02e34975723da,iroh_dial_p297822,discovery,cold,0,echo_rtt,0.529,ok
fcc97ee87fca3ef9ce5a8bc4fea02e34975723da,iroh_dial_p297822,discovery,cold,0,echo_rtt,0.618,ok
fcc97ee87fca3ef9ce5a8bc4fea02e34975723da,iroh_dial_p297822,discovery,cold,0,echo_rtt,0.568,ok
fcc97ee87fca3ef9ce5a8bc4fea02e34975723da,iroh_dial_p297822,discovery,cold,0,echo_rtt,0.586,ok
fcc97ee87fca3ef9ce5a8bc4fea02e34975723da,iroh_dial_p297822,discovery,cold,0,echo_rtt,0.631,ok
fcc97ee87fca3ef9ce5a8bc4fea02e34975723da,iroh_dial_p297822,discovery,cold,0,echo_rtt,0.540,ok
fcc97ee87fca3ef9ce5a8bc4fea02e34975723da,iroh_dial_p297822,discovery,cold,0,echo_rtt,0.570,ok
fcc97ee87fca3ef9ce5a8bc4fea02e34975723da,iroh_dial_p297822,discovery,cold,0,echo_rtt,0.534,ok
fcc97ee87fca3ef9ce5a8bc4fea02e34975723da,iroh_dial_p297822,discovery,cold,0,echo_rtt,0.520,ok
fcc97ee87fca3ef9ce5a8bc4fea02e34975723da,iroh_dial_p297822,discovery,cold,0,echo_rtt,0.527,ok
fcc97ee87fca3ef9ce5a8bc4fea02e34975723da,iroh_dial_p297822,discovery,cold,0,echo_rtt,0.507,ok
fcc97ee87fca3ef9ce5a8bc4fea02e34975723da,iroh_dial_p297822,discovery,cold,0,echo_rtt,0.560,ok
fcc97ee87fca3ef9ce5a8bc4fea02e34975723da,iroh_dial_p297822,discovery,cold,0,echo_rtt,0.505,ok
fcc97ee87fca3ef9ce5a8bc4fea02e34975723da,iroh_dial_p297822,discovery,cold,0,echo_rtt,0.556,ok
fcc97ee87fca3ef9ce5a8bc4fea02e34975723da,iroh_dial_p297822,discovery,cold,0,echo_rtt,0.596,ok
fcc97ee87fca3ef9ce5a8bc4fea02e34975723da,iroh_dial_p297822,discovery,cold,0,echo_rtt,0.655,ok
fcc97ee87fca3ef9ce5a8bc4fea02e34975723da,iroh_dial_p297822,discovery,cold,0,echo_rtt,0.579,ok
fcc97ee87fca3ef9ce5a8bc4fea02e34975723da,iroh_dial_p297822,discovery,cold,0,echo_rtt,0.551,ok
fcc97ee87fca3ef9ce5a8bc4fea02e34975723da,iroh_dial_p297822,discovery,cold,0,echo_rtt,0.592,ok
fcc97ee87fca3ef9ce5a8bc4fea02e34975723da,iroh_dial_p297822,discovery,cold,0,runtime_start,0.399,ok
fcc97ee87fca3ef9ce5a8bc4fea02e34975723da,iroh_dial_p297822,discovery,cold,0,endpoint_bind,1.448,ok
fcc97ee87fca3ef9ce5a8bc4fea02e34975723da,iroh_dial_p297822,discovery,cold,0,address_lookup,1.620,ok
fcc97ee87fca3ef9ce5a8bc4fea02e34975723da,iroh_dial_p297822,discovery,cold,0,dial_handshake,195.154,ok
fcc97ee87fca3ef9ce5a8bc4fea02e34975723da,iroh_dial_p297822,discovery,cold,0,stream_open,83.697,ok
fcc97ee87fca3ef9ce5a8bc4fea02e34975723da,iroh_dial_p297822,discovery,cold,0,echo_rtt,0.760,ok
fcc97ee87fca3ef9ce5a8bc4fea02e34975723da,iroh_dial_p297822,discovery,cold,0,echo_rtt,0.666,ok
fcc97ee87fca3ef9ce5a8bc4fea02e34975723da,iroh_dial_p297822,discovery,cold,0,echo_rtt,0.610,ok
fcc97ee87fca3ef9ce5a8bc4fea02e34975723da,iroh_dial_p297822,discovery,cold,0,echo_rtt,0.605,ok
fcc97ee87fca3ef9ce5a8bc4fea02e34975723da,iroh_dial_p297822,discovery,cold,0,echo_rtt,0.644,ok
fcc97ee87fca3ef9ce5a8bc4fea02e34975723da,iroh_dial_p297822,discovery,cold,0,echo_rtt,0.765,ok
fcc97ee87fca3ef9ce5a8bc4fea02e34975723da,iroh_dial_p297822,discovery,cold,0,echo_rtt,0.725,ok
fcc97ee87fca3ef9ce5a8bc4fea02e34975723da,iroh_dial_p297822,discovery,cold,0,echo_rtt,0.684,ok
fcc97ee87fca3ef9ce5a8bc4fea02e34975723da,iroh_dial_p297822,discovery,cold,0,echo_rtt,0.652,ok
fcc97ee87fca3ef9ce5a8bc4fea02e34975723da,iroh_dial_p297822,discovery,cold,0,echo_rtt,0.611,ok
fcc97ee87fca3ef9ce5a8bc4fea02e34975723da,iroh_dial_p297822,discovery,cold,0,echo_rtt,0.639,ok
fcc97ee87fca3ef9ce5a8bc4fea02e34975723da,iroh_dial_p297822,discovery,cold,0,echo_rtt,0.656,ok
fcc97ee87fca3ef9ce5a8bc4fea02e34975723da,iroh_dial_p297822,discovery,cold,0,echo_rtt,0.596,ok
fcc97ee87fca3ef9ce5a8bc4fea02e34975723da,iroh_dial_p297822,discovery,cold,0,echo_rtt,0.628,ok
fcc97ee87fca3ef9ce5a8bc4fea02e34975723da,iroh_dial_p297822,discovery,cold,0,echo_rtt,0.585,ok
fcc97ee87fca3ef9ce5a8bc4fea02e34975723da,iroh_dial_p297822,discovery,cold,0,echo_rtt,0.612,ok
fcc97ee87fca3ef9ce5a8bc4fea02e34975723da,iroh_dial_p297822,discovery,cold,0,echo_rtt,0.599,ok
fcc97ee87fca3ef9ce5a8bc4fea02e34975723da,iroh_dial_p297822,discovery,cold,0,echo_rtt,0.503,ok
fcc97ee87fca3ef9ce5a8bc4fea02e34975723da,iroh_dial_p297822,discovery,cold,0,echo_rtt,0.585,ok
fcc97ee87fca3ef9ce5a8bc4fea02e34975723da,iroh_dial_p297822,discovery,cold,0,echo_rtt,0.561,ok
fcc97ee87fca3ef9ce5a8bc4fea02e34975723da,iroh_dial_p297822,discovery,cold,0,echo_rtt,0.494,ok
fcc97ee87fca3ef9ce5a8bc4fea02e34975723da,iroh_dial_p297822,discovery,cold,0,echo_rtt,0.538,ok
fcc97ee87fca3ef9ce5a8bc4fea02e34975723da,iroh_dial_p297822,discovery,cold,0,echo_rtt,0.591,ok
fcc97ee87fca3ef9ce5a8bc4fea02e34975723da,iroh_dial_p297822,discovery,cold,0,echo_rtt,0.552,ok
fcc97ee87fca3ef9ce5a8bc4fea02e34975723da,iroh_dial_p297822,discovery,cold,0,echo_rtt,0.592,ok
fcc97ee87fca3ef9ce5a8bc4fea02e34975723da,iroh_dial_p297822,discovery,cold,0,echo_rtt,0.572,ok
fcc97ee87fca3ef9ce5a8bc4fea02e34975723da,iroh_dial_p297822,discovery,cold,0,echo_rtt,0.543,ok
fcc97ee87fca3ef9ce5a8bc4fea02e34975723da,iroh_dial_p297822,discovery,cold,0,echo_rtt,0.621,ok
fcc97ee87fca3ef9ce5a8bc4fea02e34975723da,iroh_dial_p297822,discovery,cold,0,echo_rtt,0.539,ok
fcc97ee87fca3ef9ce5a8bc4fea02e34975723da,iroh_dial_p297822,discovery,cold,0,echo_rtt,0.542,ok
fcc97ee87fca3ef9ce5a8bc4fea02e34975723da,iroh_dial_p297822,discovery,cold,0,echo_rtt,0.516,ok
fcc97ee87fca3ef9ce5a8bc4fea02e34975723da,iroh_dial_p297822,discovery,cold,0,echo_rtt,0.528,ok
fcc97ee87fca3ef9ce5a8bc4fea02e34975723da,iroh_dial_p297822,discovery,cold,0,echo_rtt,0.570,ok
fcc97ee87fca3ef9ce5a8bc4fea02e34975723da,iroh_dial_p297822,discovery,cold,0,echo_rtt,0.513,ok
fcc97ee87fca3ef9ce5a8bc4fea02e34975723da,iroh_dial_p297822,discovery,cold,0,echo_rtt,0.624,ok
fcc97ee87fca3ef9ce5a8bc4fea02e34975723da,iroh_dial_p297822,discovery,cold,0,echo_rtt,0.630,ok
fcc97ee87fca3ef9ce5a8bc4fea02e34975723da,iroh_dial_p297822,discovery,cold,0,echo_rtt,0.595,ok
fcc97ee87fca3ef9ce5a8bc4fea02e34975723da,iroh_dial_p297822,discovery,cold,0,echo_rtt,0.632,ok
fcc97ee87fca3ef9ce5a8bc4fea02e34975723da,iroh_dial_p297822,discovery,cold,0,echo_rtt,0.600,ok
fcc97ee87fca3ef9ce5a8bc4fea02e34975723da,iroh_dial_p297822,discovery,cold,0,echo_rtt,0.597,ok
fcc97ee87fca3ef9ce5a8bc4fea02e34975723da,iroh_dial_p297822,discovery,cold,0,echo_rtt,0.576,ok
fcc97ee87fca3ef9ce5a8bc4fea02e34975723da,iroh_dial_p297822,discovery,cold,0,echo_rtt,0.544,ok
fcc97ee87fca3ef9ce5a8bc4fea02e34975723da,iroh_dial_p297822,discovery,cold,0,echo_rtt,0.584,ok
fcc97ee87fca3ef9ce5a8bc4fea02e34975723da,iroh_dial_p297822,discovery,cold,0,echo_rtt,0.583,ok
fcc97ee87fca3ef9ce5a8bc4fea02e34975723da,iroh_dial_p297822,discovery,cold,0,echo_rtt,0.597,ok
fcc97ee87fca3ef9ce5a8bc4fea02e34975723da,iroh_dial_p297822,discovery,cold,0,echo_rtt,0.604,ok
fcc97ee87fca3ef9ce5a8bc4fea02e34975723da,iroh_dial_p297822,discovery,cold,0,echo_rtt,0.617,ok
fcc97ee87fca3ef9ce5a8bc4fea02e34975723da,iroh_dial_p297822,discovery,cold,0,echo_rtt,0.540,ok
fcc97ee87fca3ef9ce5a8bc4fea02e34975723da,iroh_dial_p297822,discovery,cold,0,echo_rtt,0.516,ok
fcc97ee87fca3ef9ce5a8bc4fea02e34975723da,iroh_dial_p297822,discovery,cold,0,echo_rtt,0.505,ok
fcc97ee87fca3ef9ce5a8bc4fea02e34975723da,iroh_dial_p297822,discovery,cold,0,echo_rtt,0.534,ok
fcc97ee87fca3ef9ce5a8bc4fea02e34975723da,iroh_dial_p297822,discovery,cold,0,echo_rtt,0.515,ok
fcc97ee87fca3ef9ce5a8bc4fea02e34975723da,iroh_dial_p297822,discovery,cold,0,echo_rtt,0.513,ok
fcc97ee87fca3ef9ce5a8bc4fea02e34975723da,iroh_dial_p297822,discovery,cold,0,echo_rtt,0.553,ok
fcc97ee87fca3ef9ce5a8bc4fea02e34975723da,iroh_dial_p297822,discovery,cold,0,echo_rtt,0.627,ok
fcc97ee87fca3ef9ce5a8bc4fea02e34975723da,iroh_dial_p297822,discovery,cold,0,echo_rtt,0.550,ok
fcc97ee87fca3ef9ce5a8bc4fea02e34975723da,iroh_dial_p297822,discovery,cold,0,echo_rtt,0.574,ok
fcc97ee87fca3ef9ce5a8bc4fea02e34975723da,iroh_dial_p297822,discovery,cold,0,echo_rtt,0.564,ok
fcc97ee87fca3ef9ce5a8bc4fea02e34975723da,iroh_dial_p297822,discovery,cold,0,echo_rtt,0.592,ok
fcc97ee87fca3ef9ce5a8bc4fea02e34975723da,iroh_dial_p297822,discovery,cold,0,echo_rtt,0.683,ok
fcc97ee87fca3ef9ce5a8bc4fea02e34975723da,iroh_dial_p297822,discovery,cold,0,echo_rtt,0.606,ok
fcc97ee87fca3ef9ce5a8bc4fea02e34975723da,iroh_dial_p297822,discovery,cold,0,echo_rtt,0.704,ok
fcc97ee87fca3ef9ce5a8bc4fea02e34975723da,iroh_dial_p297822,discovery,cold,0,echo_rtt,0.722,ok
fcc97ee87fca3ef9ce5a8bc4fea02e34975723da,iroh_dial_p297822,discovery,cold,0,echo_rtt,0.671,ok
fcc97ee87fca3ef9ce5a8bc4fea02e34975723da,iroh_dial_p297822,discovery,cold,0,echo_rtt,0.536,ok
fcc97ee87fca3ef9ce5a8bc4fea02e34975723da,iroh_dial_p297822,discovery,cold,0,echo_rtt,0.543,ok
fcc97ee87fca3ef9ce5a8bc4fea02e34975723da,iroh_dial_p297822,discovery,cold,0,echo_rtt,0.546,ok
fcc97ee87fca3ef9ce5a8bc4fea02e34975723da,iroh_dial_p297822,discovery,cold,0,echo_rtt,0.560,ok
fcc97ee87fca3ef9ce5a8bc4fea02e34975723da,iroh_dial_p297822,discovery,cold,0,echo_rtt,0.833,ok
fcc97ee87fca3ef9ce5a8bc4fea02e34975723da,iroh_dial_p297822,discovery,cold,0,echo_rtt,0.604,ok
fcc97ee87fca3ef9ce5a8bc4fea02e34975723da,iroh_dial_p297822,discovery,cold,0,echo_rtt,0.582,ok
fcc97ee87fca3ef9ce5a8bc4fea02e34975723da,iroh_dial_p297822,discovery,cold,0,echo_rtt,0.524,ok
fcc97ee87fca3ef9ce5a8bc4fea02e34975723da,iroh_dial_p297822,discovery,cold,0,echo_rtt,0.603,ok
fcc97ee87fca3ef9ce5a8bc4fea02e34975723da,iroh_dial_p297822,discovery,cold,0,echo_rtt,0.602,ok
fcc97ee87fca3ef9ce5a8bc4fea02e34975723da,iroh_dial_p297822,discovery,cold,0,echo_rtt,0.592,ok
fcc97ee87fca3ef9ce5a8bc4fea02e34975723da,iroh_dial_p297822,discovery,cold,0,echo_rtt,0.601,ok
fcc97ee87fca3ef9ce5a8bc4fea02e34975723da,iroh_dial_p297822,discovery,cold,0,echo_rtt,0.599,ok
fcc97ee87fca3ef9ce5a8bc4fea02e34975723da,iroh_dial_p297822,discovery,cold,0,echo_rtt,0.562,ok
fcc97ee87fca3ef9ce5a8bc4fea02e34975723da,iroh_dial_p297822,discovery,cold,0,echo_rtt,0.588,ok
fcc97ee87fca3ef9ce5a8bc4fea02e34975723da,iroh_dial_p297822,discovery,cold,0,echo_rtt,0.618,ok
fcc97ee87fca3ef9ce5a8bc4fea02e34975723da,iroh_dial_p297822,discovery,cold,0,echo_rtt,0.604,ok
fcc97ee87fca3ef9ce5a8bc4fea02e34975723da,iroh_dial_p297822,discovery,cold,0,echo_rtt,0.549,ok
fcc97ee87fca3ef9ce5a8bc4fea02e34975723da,iroh_dial_p297822,discovery,cold,0,echo_rtt,0.525,ok
fcc97ee87fca3ef9ce5a8bc4fea02e34975723da,iroh_dial_p297822,discovery,cold,0,echo_rtt,0.607,ok
fcc97ee87fca3ef9ce5a8bc4fea02e34975723da,iroh_dial_p297822,discovery,cold,0,echo_rtt,0.586,ok
fcc97ee87fca3ef9ce5a8bc4fea02e34975723da,iroh_dial_p297822,discovery,cold,0,echo_rtt,0.556,ok
fcc97ee87fca3ef9ce5a8bc4fea02e34975723da,iroh_dial_p297822,discovery,cold,0,echo_rtt,0.571,ok
fcc97ee87fca3ef9ce5a8bc4fea02e34975723da,iroh_dial_p297822,discovery,cold,0,echo_rtt,0.546,ok
fcc97ee87fca3ef9ce5a8bc4fea02e34975723da,iroh_dial_p297822,discovery,cold,0,echo_rtt,0.553,ok
fcc97ee87fca3ef9ce5a8bc4fea02e34975723da,iroh_dial_p297822,discovery,cold,0,echo_rtt,0.592,ok
fcc97ee87fca3ef9ce5a8bc4fea02e34975723da,iroh_dial_p297822,discovery,cold,0,echo_rtt,0.518,ok
fcc97ee87fca3ef9ce5a8bc4fea02e34975723da,iroh_dial_p297822,discovery,cold,0,echo_rtt,0.543,ok
fcc97ee87fca3ef9ce5a8bc4fea02e34975723da,iroh_dial_p297822,discovery,cold,0,echo_rtt,0.557,ok
fcc97ee87fca3ef9ce5a8bc4fea02e34975723da,iroh_dial_p297822,discovery,cold,0,echo_rtt,0.566,ok
fcc97ee87fca3ef9ce5a8bc4fea02e34975723da,iroh_dial_p297822,discovery,cold,0,echo_rtt,0.570,ok
fcc97ee87fca3ef9ce5a8bc4fea02e34975723da,iroh_dial_p297822,discovery,cold,0,echo_rtt,0.598,ok
fcc97ee87fca3ef9ce5a8bc4fea02e34975723da,iroh_dial_p297822,discovery,cold,0,echo_rtt,0.597,ok
fcc97ee87fca3ef9ce5a8bc4fea02e34975723da,iroh_dial_p297822,discovery,cold,0,echo_rtt,0.526,ok
fcc97ee87fca3ef9ce5a8bc4fea02e34975723da,iroh_dial_p297822,discovery,cold,0,echo_rtt,0.556,ok
fcc97ee87fca3ef9ce5a8bc4fea02e34975723da,iroh_dial_p297822,discovery,cold,0,echo_rtt,0.647,ok
fcc97ee87fca3ef9ce5a8bc4fea02e34975723da,iroh_dial_p297822,discovery,cold,0,runtime_start,0.406,ok
fcc97ee87fca3ef9ce5a8bc4fea02e34975723da,iroh_dial_p297822,discovery,cold,0,endpoint_bind,1.491,ok
fcc97ee87fca3ef9ce5a8bc4fea02e34975723da,iroh_dial_p297822,discovery,cold,0,address_lookup,1.503,ok
fcc97ee87fca3ef9ce5a8bc4fea02e34975723da,iroh_dial_p297822,discovery,cold,0,dial_handshake,201.403,ok
fcc97ee87fca3ef9ce5a8bc4fea02e34975723da,iroh_dial_p297822,discovery,cold,0,stream_open,96.051,ok
fcc97ee87fca3ef9ce5a8bc4fea02e34975723da,iroh_dial_p297822,discovery,cold,0,echo_rtt,0.732,ok
fcc97ee87fca3ef9ce5a8bc4fea02e34975723da,iroh_dial_p297822,discovery,cold,0,echo_rtt,0.677,ok
fcc97ee87fca3ef9ce5a8bc4fea02e34975723da,iroh_dial_p297822,discovery,cold,0,echo_rtt,0.749,ok
fcc97ee87fca3ef9ce5a8bc4fea02e34975723da,iroh_dial_p297822,discovery,cold,0,echo_rtt,0.679,ok
fcc97ee87fca3ef9ce5a8bc4fea02e34975723da,iroh_dial_p297822,discovery,cold,0,echo_rtt,0.725,ok
fcc97ee87fca3ef9ce5a8bc4fea02e34975723da,iroh_dial_p297822,discovery,cold,0,echo_rtt,0.795,ok
fcc97ee87fca3ef9ce5a8bc4fea02e34975723da,iroh_dial_p297822,discovery,cold,0,echo_rtt,0.736,ok
fcc97ee87fca3ef9ce5a8bc4fea02e34975723da,iroh_dial_p297822,discovery,cold,0,echo_rtt,0.783,ok
fcc97ee87fca3ef9ce5a8bc4fea02e34975723da,iroh_dial_p297822,discovery,cold,0,echo_rtt,0.765,ok
fcc97ee87fca3ef9ce5a8bc4fea02e34975723da,iroh_dial_p297822,discovery,cold,0,echo_rtt,0.780,ok
fcc97ee87fca3ef9ce5a8bc4fea02e34975723da,iroh_dial_p297822,discovery,cold,0,echo_rtt,0.744,ok
fcc97ee87fca3ef9ce5a8bc4fea02e34975723da,iroh_dial_p297822,discovery,cold,0,echo_rtt,0.674,ok
fcc97ee87fca3ef9ce5a8bc4fea02e34975723da,iroh_dial_p297822,discovery,cold,0,echo_rtt,0.661,ok
fcc97ee87fca3ef9ce5a8bc4fea02e34975723da,iroh_dial_p297822,discovery,cold,0,echo_rtt,0.665,ok
fcc97ee87fca3ef9ce5a8bc4fea02e34975723da,iroh_dial_p297822,discovery,cold,0,echo_rtt,0.770,ok
fcc97ee87fca3ef9ce5a8bc4fea02e34975723da,iroh_dial_p297822,discovery,cold,0,echo_rtt,0.884,ok
fcc97ee87fca3ef9ce5a8bc4fea02e34975723da,iroh_dial_p297822,discovery,cold,0,echo_rtt,0.787,ok
fcc97ee87fca3ef9ce5a8bc4fea02e34975723da,iroh_dial_p297822,discovery,cold,0,echo_rtt,0.756,ok
fcc97ee87fca3ef9ce5a8bc4fea02e34975723da,iroh_dial_p297822,discovery,cold,0,echo_rtt,0.878,ok
fcc97ee87fca3ef9ce5a8bc4fea02e34975723da,iroh_dial_p297822,discovery,cold,0,echo_rtt,0.908,ok
fcc97ee87fca3ef9ce5a8bc4fea02e34975723da,iroh_dial_p297822,discovery,cold,0,echo_rtt,1.052,ok
fcc97ee87fca3ef9ce5a8bc4fea02e34975723da,iroh_dial_p297822,discovery,cold,0,echo_rtt,0.838,ok
fcc97ee87fca3ef9ce5a8bc4fea02e34975723da,iroh_dial_p297822,discovery,cold,0,echo_rtt,0.998,ok
fcc97ee87fca3ef9ce5a8bc4fea02e34975723da,iroh_dial_p297822,discovery,cold,0,echo_rtt,0.813,ok
fcc97ee87fca3ef9ce5a8bc4fea02e34975723da,iroh_dial_p297822,discovery,cold,0,echo_rtt,0.862,ok
fcc97ee87fca3ef9ce5a8bc4fea02e34975723da,iroh_dial_p297822,discovery,cold,0,echo_rtt,0.956,ok
fcc97ee87fca3ef9ce5a8bc4fea02e34975723da,iroh_dial_p297822,discovery,cold,0,echo_rtt,0.935,ok
fcc97ee87fca3ef9ce5a8bc4fea02e34975723da,iroh_dial_p297822,discovery,cold,0,echo_rtt,0.953,ok
fcc97ee87fca3ef9ce5a8bc4fea02e34975723da,iroh_dial_p297822,discovery,cold,0,echo_rtt,0.911,ok
fcc97ee87fca3ef9ce5a8bc4fea02e34975723da,iroh_dial_p297822,discovery,cold,0,echo_rtt,0.984,ok
fcc97ee87fca3ef9ce5a8bc4fea02e34975723da,iroh_dial_p297822,discovery,cold,0,echo_rtt,0.901,ok
fcc97ee87fca3ef9ce5a8bc4fea02e34975723da,iroh_dial_p297822,discovery,cold,0,echo_rtt,0.920,ok
fcc97ee87fca3ef9ce5a8bc4fea02e34975723da,iroh_dial_p297822,discovery,cold,0,echo_rtt,0.927,ok
fcc97ee87fca3ef9ce5a8bc4fea02e34975723da,iroh_dial_p297822,discovery,cold,0,echo_rtt,1.048,ok
fcc97ee87fca3ef9ce5a8bc4fea02e34975723da,iroh_dial_p297822,discovery,cold,0,echo_rtt,0.568,ok
fcc97ee87fca3ef9ce5a8bc4fea02e34975723da,iroh_dial_p297822,discovery,cold,0,echo_rtt,0.533,ok
fcc97ee87fca3ef9ce5a8bc4fea02e34975723da,iroh_dial_p297822,discovery,cold,0,echo_rtt,0.603,ok
fcc97ee87fca3ef9ce5a8bc4fea02e34975723da,iroh_dial_p297822,discovery,cold,0,echo_rtt,0.587,ok
fcc97ee87fca3ef9ce5a8bc4fea02e34975723da,iroh_dial_p297822,discovery,cold,0,echo_rtt,0.702,ok
fcc97ee87fca3ef9ce5a8bc4fea02e34975723da,iroh_dial_p297822,discovery,cold,0,echo_rtt,0.642,ok
fcc97ee87fca3ef9ce5a8bc4fea02e34975723da,iroh_dial_p297822,discovery,cold,0,echo_rtt,0.574,ok
fcc97ee87fca3ef9ce5a8bc4fea02e34975723da,iroh_dial_p297822,discovery,cold,0,echo_rtt,0.627,ok
fcc97ee87fca3ef9ce5a8bc4fea02e34975723da,iroh_dial_p297822,discovery,cold,0,echo_rtt,0.628,ok
fcc97ee87fca3ef9ce5a8bc4fea02e34975723da,iroh_dial_p297822,discovery,cold,0,echo_rtt,0.553,ok
fcc97ee87fca3ef9ce5a8bc4fea02e34975723da,iroh_dial_p297822,discovery,cold,0,echo_rtt,0.615,ok
fcc97ee87fca3ef9ce5a8bc4fea02e34975723da,iroh_dial_p297822,discovery,cold,0,echo_rtt,0.609,ok
fcc97ee87fca3ef9ce5a8bc4fea02e34975723da,iroh_dial_p297822,discovery,cold,0,echo_rtt,0.589,ok
fcc97ee87fca3ef9ce5a8bc4fea02e34975723da,iroh_dial_p297822,discovery,cold,0,echo_rtt,0.631,ok
fcc97ee87fca3ef9ce5a8bc4fea02e34975723da,iroh_dial_p297822,discovery,cold,0,echo_rtt,0.567,ok
fcc97ee87fca3ef9ce5a8bc4fea02e34975723da,iroh_dial_p297822,discovery,cold,0,echo_rtt,0.579,ok
fcc97ee87fca3ef9ce5a8bc4fea02e34975723da,iroh_dial_p297822,discovery,cold,0,echo_rtt,0.577,ok
fcc97ee87fca3ef9ce5a8bc4fea02e34975723da,iroh_dial_p297822,discovery,cold,0,echo_rtt,0.552,ok
fcc97ee87fca3ef9ce5a8bc4fea02e34975723da,iroh_dial_p297822,discovery,cold,0,echo_rtt,0.512,ok
fcc97ee87fca3ef9ce5a8bc4fea02e34975723da,iroh_dial_p297822,discovery,cold,0,echo_rtt,0.570,ok
fcc97ee87fca3ef9ce5a8bc4fea02e34975723da,iroh_dial_p297822,discovery,cold,0,echo_rtt,0.589,ok
fcc97ee87fca3ef9ce5a8bc4fea02e34975723da,iroh_dial_p297822,discovery,cold,0,echo_rtt,0.602,ok
fcc97ee87fca3ef9ce5a8bc4fea02e34975723da,iroh_dial_p297822,discovery,cold,0,echo_rtt,0.632,ok
fcc97ee87fca3ef9ce5a8bc4fea02e34975723da,iroh_dial_p297822,discovery,cold,0,echo_rtt,0.662,ok
fcc97ee87fca3ef9ce5a8bc4fea02e34975723da,iroh_dial_p297822,discovery,cold,0,echo_rtt,0.589,ok
fcc97ee87fca3ef9ce5a8bc4fea02e34975723da,iroh_dial_p297822,discovery,cold,0,echo_rtt,0.562,ok
fcc97ee87fca3ef9ce5a8bc4fea02e34975723da,iroh_dial_p297822,discovery,cold,0,echo_rtt,0.566,ok
fcc97ee87fca3ef9ce5a8bc4fea02e34975723da,iroh_dial_p297822,discovery,cold,0,echo_rtt,0.594,ok
fcc97ee87fca3ef9ce5a8bc4fea02e34975723da,iroh_dial_p297822,discovery,cold,0,echo_rtt,0.614,ok
fcc97ee87fca3ef9ce5a8bc4fea02e34975723da,iroh_dial_p297822,discovery,cold,0,echo_rtt,0.610,ok
fcc97ee87fca3ef9ce5a8bc4fea02e34975723da,iroh_dial_p297822,discovery,cold,0,echo_rtt,0.540,ok
fcc97ee87fca3ef9ce5a8bc4fea02e34975723da,iroh_dial_p297822,discovery,cold,0,echo_rtt,0.535,ok
fcc97ee87fca3ef9ce5a8bc4fea02e34975723da,iroh_dial_p297822,discovery,cold,0,echo_rtt,0.553,ok
fcc97ee87fca3ef9ce5a8bc4fea02e34975723da,iroh_dial_p297822,discovery,cold,0,echo_rtt,0.543,ok
fcc97ee87fca3ef9ce5a8bc4fea02e34975723da,iroh_dial_p297822,discovery,cold,0,echo_rtt,0.509,ok
fcc97ee87fca3ef9ce5a8bc4fea02e34975723da,iroh_dial_p297822,discovery,cold,0,echo_rtt,0.586,ok
fcc97ee87fca3ef9ce5a8bc4fea02e34975723da,iroh_dial_p297822,discovery,cold,0,echo_rtt,0.524,ok
fcc97ee87fca3ef9ce5a8bc4fea02e34975723da,iroh_dial_p297822,discovery,cold,0,echo_rtt,0.549,ok
fcc97ee87fca3ef9ce5a8bc4fea02e34975723da,iroh_dial_p297822,discovery,cold,0,echo_rtt,0.547,ok
fcc97ee87fca3ef9ce5a8bc4fea02e34975723da,iroh_dial_p297822,discovery,cold,0,echo_rtt,0.549,ok
fcc97ee87fca3ef9ce5a8bc4fea02e34975723da,iroh_dial_p297822,discovery,cold,0,echo_rtt,0.637,ok
fcc97ee87fca3ef9ce5a8bc4fea02e34975723da,iroh_dial_p297822,discovery,cold,0,echo_rtt,0.556,ok
fcc97ee87fca3ef9ce5a8bc4fea02e34975723da,iroh_dial_p297822,discovery,cold,0,echo_rtt,0.516,ok
fcc97ee87fca3ef9ce5a8bc4fea02e34975723da,iroh_dial_p297822,discovery,cold,0,echo_rtt,0.549,ok
fcc97ee87fca3ef9ce5a8bc4fea02e34975723da,iroh_dial_p297822,discovery,cold,0,echo_rtt,0.566,ok
fcc97ee87fca3ef9ce5a8bc4fea02e34975723da,iroh_dial_p297822,discovery,cold,0,echo_rtt,0.684,ok
fcc97ee87fca3ef9ce5a8bc4fea02e34975723da,iroh_dial_p297822,discovery,cold,0,echo_rtt,0.529,ok
fcc97ee87fca3ef9ce5a8bc4fea02e34975723da,iroh_dial_p297822,discovery,cold,0,echo_rtt,0.592,ok
fcc97ee87fca3ef9ce5a8bc4fea02e34975723da,iroh_dial_p297822,discovery,cold,0,echo_rtt,0.567,ok
fcc97ee87fca3ef9ce5a8bc4fea02e34975723da,iroh_dial_p297822,discovery,cold,0,echo_rtt,0.546,ok
fcc97ee87fca3ef9ce5a8bc4fea02e34975723da,iroh_dial_p297822,discovery,cold,0,echo_rtt,0.537,ok
fcc97ee87fca3ef9ce5a8bc4fea02e34975723da,iroh_dial_p297822,discovery,cold,0,echo_rtt,0.860,ok
fcc97ee87fca3ef9ce5a8bc4fea02e34975723da,iroh_dial_p297822,discovery,cold,0,echo_rtt,0.565,ok
fcc97ee87fca3ef9ce5a8bc4fea02e34975723da,iroh_dial_p297822,discovery,cold,0,echo_rtt,0.541,ok
fcc97ee87fca3ef9ce5a8bc4fea02e34975723da,iroh_dial_p297822,discovery,cold,0,echo_rtt,0.552,ok
fcc97ee87fca3ef9ce5a8bc4fea02e34975723da,iroh_dial_p297822,discovery,cold,0,echo_rtt,0.507,ok
fcc97ee87fca3ef9ce5a8bc4fea02e34975723da,iroh_dial_p297822,discovery,cold,0,echo_rtt,0.560,ok
fcc97ee87fca3ef9ce5a8bc4fea02e34975723da,iroh_dial_p297822,discovery,cold,0,echo_rtt,0.573,ok
fcc97ee87fca3ef9ce5a8bc4fea02e34975723da,iroh_dial_p297822,discovery,cold,0,echo_rtt,0.510,ok
fcc97ee87fca3ef9ce5a8bc4fea02e34975723da,iroh_dial_p297822,discovery,cold,0,echo_rtt,0.531,ok
fcc97ee87fca3ef9ce5a8bc4fea02e34975723da,iroh_dial_p297822,discovery,cold,0,echo_rtt,0.522,ok
fcc97ee87fca3ef9ce5a8bc4fea02e34975723da,iroh_dial_p297822,discovery,cold,0,echo_rtt,0.500,ok
fcc97ee87fca3ef9ce5a8bc4fea02e34975723da,iroh_dial_p297822,discovery,cold,0,echo_rtt,0.516,ok
fcc97ee87fca3ef9ce5a8bc4fea02e34975723da,iroh_dial_p297822,discovery,cold,0,echo_rtt,0.580,ok
fcc97ee87fca3ef9ce5a8bc4fea02e34975723da,iroh_dial_p297822,discovery,cold,0,echo_rtt,0.557,ok
fcc97ee87fca3ef9ce5a8bc4fea02e34975723da,iroh_dial_p297822,discovery,cold,0,echo_rtt,0.526,ok
fcc97ee87fca3ef9ce5a8bc4fea02e34975723da,iroh_dial_p297822,discovery,cold,0,runtime_start,0.394,ok
fcc97ee87fca3ef9ce5a8bc4fea02e34975723da,iroh_dial_p297822,discovery,cold,0,endpoint_bind,1.410,ok
fcc97ee87fca3ef9ce5a8bc4fea02e34975723da,iroh_dial_p297822,discovery,cold,0,address_lookup,1.678,ok
fcc97ee87fca3ef9ce5a8bc4fea02e34975723da,iroh_dial_p297822,discovery,cold,0,dial_handshake,192.406,ok
fcc97ee87fca3ef9ce5a8bc4fea02e34975723da,iroh_dial_p297822,discovery,cold,0,stream_open,83.625,ok
fcc97ee87fca3ef9ce5a8bc4fea02e34975723da,iroh_dial_p297822,discovery,cold,0,echo_rtt,0.888,ok
fcc97ee87fca3ef9ce5a8bc4fea02e34975723da,iroh_dial_p297822,discovery,cold,0,echo_rtt,0.673,ok
fcc97ee87fca3ef9ce5a8bc4fea02e34975723da,iroh_dial_p297822,discovery,cold,0,echo_rtt,0.675,ok
fcc97ee87fca3ef9ce5a8bc4fea02e34975723da,iroh_dial_p297822,discovery,cold,0,echo_rtt,0.628,ok
fcc97ee87fca3ef9ce5a8bc4fea02e34975723da,iroh_dial_p297822,discovery,cold,0,echo_rtt,0.777,ok
fcc97ee87fca3ef9ce5a8bc4fea02e34975723da,iroh_dial_p297822,discovery,cold,0,echo_rtt,0.684,ok
fcc97ee87fca3ef9ce5a8bc4fea02e34975723da,iroh_dial_p297822,discovery,cold,0,echo_rtt,0.559,ok
fcc97ee87fca3ef9ce5a8bc4fea02e34975723da,iroh_dial_p297822,discovery,cold,0,echo_rtt,0.552,ok
fcc97ee87fca3ef9ce5a8bc4fea02e34975723da,iroh_dial_p297822,discovery,cold,0,echo_rtt,0.525,ok
fcc97ee87fca3ef9ce5a8bc4fea02e34975723da,iroh_dial_p297822,discovery,cold,0,echo_rtt,0.576,ok
fcc97ee87fca3ef9ce5a8bc4fea02e34975723da,iroh_dial_p297822,discovery,cold,0,echo_rtt,0.601,ok
fcc97ee87fca3ef9ce5a8bc4fea02e34975723da,iroh_dial_p297822,discovery,cold,0,echo_rtt,0.544,ok
fcc97ee87fca3ef9ce5a8bc4fea02e34975723da,iroh_dial_p297822,discovery,cold,0,echo_rtt,0.571,ok
fcc97ee87fca3ef9ce5a8bc4fea02e34975723da,iroh_dial_p297822,discovery,cold,0,echo_rtt,0.590,ok
fcc97ee87fca3ef9ce5a8bc4fea02e34975723da,iroh_dial_p297822,discovery,cold,0,echo_rtt,0.574,ok
fcc97ee87fca3ef9ce5a8bc4fea02e34975723da,iroh_dial_p297822,discovery,cold,0,echo_rtt,0.551,ok
fcc97ee87fca3ef9ce5a8bc4fea02e34975723da,iroh_dial_p297822,discovery,cold,0,echo_rtt,0.507,ok
fcc97ee87fca3ef9ce5a8bc4fea02e34975723da,iroh_dial_p297822,discovery,cold,0,echo_rtt,0.537,ok
fcc97ee87fca3ef9ce5a8bc4fea02e34975723da,iroh_dial_p297822,discovery,cold,0,echo_rtt,0.520,ok
fcc97ee87fca3ef9ce5a8bc4fea02e34975723da,iroh_dial_p297822,discovery,cold,0,echo_rtt,0.597,ok
fcc97ee87fca3ef9ce5a8bc4fea02e34975723da,iroh_dial_p297822,discovery,cold,0,echo_rtt,0.540,ok
fcc97ee87fca3ef9ce5a8bc4fea02e34975723da,iroh_dial_p297822,discovery,cold,0,echo_rtt,0.537,ok
fcc97ee87fca3ef9ce5a8bc4fea02e34975723da,iroh_dial_p297822,discovery,cold,0,echo_rtt,0.519,ok
fcc97ee87fca3ef9ce5a8bc4fea02e34975723da,iroh_dial_p297822,discovery,cold,0,echo_rtt,0.562,ok
fcc97ee87fca3ef9ce5a8bc4fea02e34975723da,iroh_dial_p297822,discovery,cold,0,echo_rtt,0.562,ok
fcc97ee87fca3ef9ce5a8bc4fea02e34975723da,iroh_dial_p297822,discovery,cold,0,echo_rtt,0.604,ok
fcc97ee87fca3ef9ce5a8bc4fea02e34975723da,iroh_dial_p297822,discovery,cold,0,echo_rtt,0.772,ok
fcc97ee87fca3ef9ce5a8bc4fea02e34975723da,iroh_dial_p297822,discovery,cold,0,echo_rtt,0.620,ok
fcc97ee87fca3ef9ce5a8bc4fea02e34975723da,iroh_dial_p297822,discovery,cold,0,echo_rtt,0.600,ok
fcc97ee87fca3ef9ce5a8bc4fea02e34975723da,iroh_dial_p297822,discovery,cold,0,echo_rtt,0.519,ok
fcc97ee87fca3ef9ce5a8bc4fea02e34975723da,iroh_dial_p297822,discovery,cold,0,echo_rtt,0.569,ok
fcc97ee87fca3ef9ce5a8bc4fea02e34975723da,iroh_dial_p297822,discovery,cold,0,echo_rtt,0.609,ok
fcc97ee87fca3ef9ce5a8bc4fea02e34975723da,iroh_dial_p297822,discovery,cold,0,echo_rtt,0.531,ok
fcc97ee87fca3ef9ce5a8bc4fea02e34975723da,iroh_dial_p297822,discovery,cold,0,echo_rtt,0.543,ok
fcc97ee87fca3ef9ce5a8bc4fea02e34975723da,iroh_dial_p297822,discovery,cold,0,echo_rtt,0.561,ok
fcc97ee87fca3ef9ce5a8bc4fea02e34975723da,iroh_dial_p297822,discovery,cold,0,echo_rtt,0.544,ok
fcc97ee87fca3ef9ce5a8bc4fea02e34975723da,iroh_dial_p297822,discovery,cold,0,echo_rtt,0.594,ok
fcc97ee87fca3ef9ce5a8bc4fea02e34975723da,iroh_dial_p297822,discovery,cold,0,echo_rtt,0.514,ok
fcc97ee87fca3ef9ce5a8bc4fea02e34975723da,iroh_dial_p297822,discovery,cold,0,echo_rtt,0.568,ok
fcc97ee87fca3ef9ce5a8bc4fea02e34975723da,iroh_dial_p297822,discovery,cold,0,echo_rtt,0.581,ok
fcc97ee87fca3ef9ce5a8bc4fea02e34975723da,iroh_dial_p297822,discovery,cold,0,echo_rtt,0.546,ok
fcc97ee87fca3ef9ce5a8bc4fea02e34975723da,iroh_dial_p297822,discovery,cold,0,echo_rtt,0.543,ok
fcc97ee87fca3ef9ce5a8bc4fea02e34975723da,iroh_dial_p297822,discovery,cold,0,echo_rtt,0.558,ok
fcc97ee87fca3ef9ce5a8bc4fea02e34975723da,iroh_dial_p297822,discovery,cold,0,echo_rtt,0.543,ok
fcc97ee87fca3ef9ce5a8bc4fea02e34975723da,iroh_dial_p297822,discovery,cold,0,echo_rtt,0.554,ok
fcc97ee87fca3ef9ce5a8bc4fea02e34975723da,iroh_dial_p297822,discovery,cold,0,echo_rtt,0.524,ok
fcc97ee87fca3ef9ce5a8bc4fea02e34975723da,iroh_dial_p297822,discovery,cold,0,echo_rtt,0.524,ok
fcc97ee87fca3ef9ce5a8bc4fea02e34975723da,iroh_dial_p297822,discovery,cold,0,echo_rtt,0.558,ok
fcc97ee87fca3ef9ce5a8bc4fea02e34975723da,iroh_dial_p297822,discovery,cold,0,echo_rtt,0.526,ok
fcc97ee87fca3ef9ce5a8bc4fea02e34975723da,iroh_dial_p297822,discovery,cold,0,echo_rtt,0.541,ok
fcc97ee87fca3ef9ce5a8bc4fea02e34975723da,iroh_dial_p297822,discovery,cold,0,echo_rtt,0.506,ok
fcc97ee87fca3ef9ce5a8bc4fea02e34975723da,iroh_dial_p297822,discovery,cold,0,echo_rtt,0.520,ok
fcc97ee87fca3ef9ce5a8bc4fea02e34975723da,iroh_dial_p297822,discovery,cold,0,echo_rtt,0.499,ok
fcc97ee87fca3ef9ce5a8bc4fea02e34975723da,iroh_dial_p297822,discovery,cold,0,echo_rtt,0.527,ok
fcc97ee87fca3ef9ce5a8bc4fea02e34975723da,iroh_dial_p297822,discovery,cold,0,echo_rtt,0.593,ok
fcc97ee87fca3ef9ce5a8bc4fea02e34975723da,iroh_dial_p297822,discovery,cold,0,echo_rtt,0.554,ok
fcc97ee87fca3ef9ce5a8bc4fea02e34975723da,iroh_dial_p297822,discovery,cold,0,echo_rtt,0.549,ok
fcc97ee87fca3ef9ce5a8bc4fea02e34975723da,iroh_dial_p297822,discovery,cold,0,echo_rtt,0.544,ok
fcc97ee87fca3ef9ce5a8bc4fea02e34975723da,iroh_dial_p297822,discovery,cold,0,echo_rtt,0.612,ok
fcc97ee87fca3ef9ce5a8bc4fea02e34975723da,iroh_dial_p297822,discovery,cold,0,echo_rtt,0.581,ok
fcc97ee87fca3ef9ce5a8bc4fea02e34975723da,iroh_dial_p297822,discovery,cold,0,echo_rtt,0.594,ok
fcc97ee87fca3ef9ce5a8bc4fea02e34975723da,iroh_dial_p297822,discovery,cold,0,echo_rtt,0.514,ok
fcc97ee87fca3ef9ce5a8bc4fea02e34975723da,iroh_dial_p297822,discovery,cold,0,echo_rtt,0.716,ok
fcc97ee87fca3ef9ce5a8bc4fea02e34975723da,iroh_dial_p297822,discovery,cold,0,echo_rtt,0.634,ok
fcc97ee87fca3ef9ce5a8bc4fea02e34975723da,iroh_dial_p297822,discovery,cold,0,echo_rtt,0.528,ok
fcc97ee87fca3ef9ce5a8bc4fea02e34975723da,iroh_dial_p297822,discovery,cold,0,echo_rtt,0.551,ok
fcc97ee87fca3ef9ce5a8bc4fea02e34975723da,iroh_dial_p297822,discovery,cold,0,echo_rtt,0.529,ok
fcc97ee87fca3ef9ce5a8bc4fea02e34975723da,iroh_dial_p297822,discovery,cold,0,echo_rtt,0.628,ok
fcc97ee87fca3ef9ce5a8bc4fea02e34975723da,iroh_dial_p297822,discovery,cold,0,echo_rtt,0.563,ok
fcc97ee87fca3ef9ce5a8bc4fea02e34975723da,iroh_dial_p297822,discovery,cold,0,echo_rtt,0.515,ok
fcc97ee87fca3ef9ce5a8bc4fea02e34975723da,iroh_dial_p297822,discovery,cold,0,echo_rtt,0.540,ok
fcc97ee87fca3ef9ce5a8bc4fea02e34975723da,iroh_dial_p297822,discovery,cold,0,echo_rtt,0.552,ok
fcc97ee87fca3ef9ce5a8bc4fea02e34975723da,iroh_dial_p297822,discovery,cold,0,echo_rtt,0.533,ok
fcc97ee87fca3ef9ce5a8bc4fea02e34975723da,iroh_dial_p297822,discovery,cold,0,echo_rtt,0.534,ok
fcc97ee87fca3ef9ce5a8bc4fea02e34975723da,iroh_dial_p297822,discovery,cold,0,echo_rtt,0.600,ok
fcc97ee87fca3ef9ce5a8bc4fea02e34975723da,iroh_dial_p297822,discovery,cold,0,echo_rtt,0.579,ok
fcc97ee87fca3ef9ce5a8bc4fea02e34975723da,iroh_dial_p297822,discovery,cold,0,echo_rtt,0.546,ok
fcc97ee87fca3ef9ce5a8bc4fea02e34975723da,iroh_dial_p297822,discovery,cold,0,echo_rtt,0.552,ok
fcc97ee87fca3ef9ce5a8bc4fea02e34975723da,iroh_dial_p297822,discovery,cold,0,echo_rtt,0.536,ok
fcc97ee87fca3ef9ce5a8bc4fea02e34975723da,iroh_dial_p297822,discovery,cold,0,echo_rtt,0.566,ok
fcc97ee87fca3ef9ce5a8bc4fea02e34975723da,iroh_dial_p297822,discovery,cold,0,echo_rtt,0.536,ok
fcc97ee87fca3ef9ce5a8bc4fea02e34975723da,iroh_dial_p297822,discovery,cold,0,echo_rtt,0.518,ok
fcc97ee87fca3ef9ce5a8bc4fea02e34975723da,iroh_dial_p297822,discovery,cold,0,echo_rtt,0.518,ok
fcc97ee87fca3ef9ce5a8bc4fea02e34975723da,iroh_dial_p297822,discovery,cold,0,echo_rtt,0.559,ok
fcc97ee87fca3ef9ce5a8bc4fea02e34975723da,iroh_dial_p297822,discovery,cold,0,echo_rtt,0.602,ok
fcc97ee87fca3ef9ce5a8bc4fea02e34975723da,iroh_dial_p297822,discovery,cold,0,echo_rtt,0.608,ok
fcc97ee87fca3ef9ce5a8bc4fea02e34975723da,iroh_dial_p297822,discovery,cold,0,echo_rtt,0.588,ok
fcc97ee87fca3ef9ce5a8bc4fea02e34975723da,iroh_dial_p297822,discovery,cold,0,echo_rtt,0.579,ok
fcc97ee87fca3ef9ce5a8bc4fea02e34975723da,iroh_dial_p297822,discovery,cold,0,echo_rtt,0.558,ok
fcc97ee87fca3ef9ce5a8bc4fea02e34975723da,iroh_dial_p297822,discovery,cold,0,echo_rtt,0.546,ok
fcc97ee87fca3ef9ce5a8bc4fea02e34975723da,iroh_dial_p297822,discovery,cold,0,echo_rtt,0.542,ok
fcc97ee87fca3ef9ce5a8bc4fea02e34975723da,iroh_dial_p297822,discovery,cold,0,echo_rtt,0.562,ok
fcc97ee87fca3ef9ce5a8bc4fea02e34975723da,iroh_dial_p297822,discovery,cold,0,echo_rtt,0.544,ok
fcc97ee87fca3ef9ce5a8bc4fea02e34975723da,iroh_dial_p297822,discovery,cold,0,echo_rtt,0.539,ok
fcc97ee87fca3ef9ce5a8bc4fea02e34975723da,iroh_dial_p297822,discovery,cold,0,echo_rtt,0.631,ok
fcc97ee87fca3ef9ce5a8bc4fea02e34975723da,iroh_dial_p297822,discovery,cold,0,echo_rtt,0.567,ok
fcc97ee87fca3ef9ce5a8bc4fea02e34975723da,iroh_dial_p297822,discovery,cold,0,echo_rtt,0.534,ok
fcc97ee87fca3ef9ce5a8bc4fea02e34975723da,iroh_dial_p297822,discovery,cold,0,echo_rtt,0.631,ok
fcc97ee87fca3ef9ce5a8bc4fea02e34975723da,iroh_dial_p297822,discovery,cold,0,echo_rtt,0.518,ok
fcc97ee87fca3ef9ce5a8bc4fea02e34975723da,iroh_dial_p297822,discovery,cold,0,echo_rtt,0.587,ok
fcc97ee87fca3ef9ce5a8bc4fea02e34975723da,iroh_dial_p297822,discovery,cold,0,runtime_start,0.358,ok
fcc97ee87fca3ef9ce5a8bc4fea02e34975723da,iroh_dial_p297822,discovery,cold,0,endpoint_bind,1.443,ok
fcc97ee87fca3ef9ce5a8bc4fea02e34975723da,iroh_dial_p297822,discovery,cold,0,address_lookup,1.573,ok
fcc97ee87fca3ef9ce5a8bc4fea02e34975723da,iroh_dial_p297822,discovery,cold,0,dial_handshake,200.703,ok
fcc97ee87fca3ef9ce5a8bc4fea02e34975723da,iroh_dial_p297822,discovery,cold,0,stream_open,85.523,ok
fcc97ee87fca3ef9ce5a8bc4fea02e34975723da,iroh_dial_p297822,discovery,cold,0,echo_rtt,0.710,ok
fcc97ee87fca3ef9ce5a8bc4fea02e34975723da,iroh_dial_p297822,discovery,cold,0,echo_rtt,0.634,ok
fcc97ee87fca3ef9ce5a8bc4fea02e34975723da,iroh_dial_p297822,discovery,cold,0,echo_rtt,0.674,ok
fcc97ee87fca3ef9ce5a8bc4fea02e34975723da,iroh_dial_p297822,discovery,cold,0,echo_rtt,0.651,ok
fcc97ee87fca3ef9ce5a8bc4fea02e34975723da,iroh_dial_p297822,discovery,cold,0,echo_rtt,0.748,ok
fcc97ee87fca3ef9ce5a8bc4fea02e34975723da,iroh_dial_p297822,discovery,cold,0,echo_rtt,0.738,ok
fcc97ee87fca3ef9ce5a8bc4fea02e34975723da,iroh_dial_p297822,discovery,cold,0,echo_rtt,0.620,ok
fcc97ee87fca3ef9ce5a8bc4fea02e34975723da,iroh_dial_p297822,discovery,cold,0,echo_rtt,0.623,ok
fcc97ee87fca3ef9ce5a8bc4fea02e34975723da,iroh_dial_p297822,discovery,cold,0,echo_rtt,0.780,ok
fcc97ee87fca3ef9ce5a8bc4fea02e34975723da,iroh_dial_p297822,discovery,cold,0,echo_rtt,0.620,ok
fcc97ee87fca3ef9ce5a8bc4fea02e34975723da,iroh_dial_p297822,discovery,cold,0,echo_rtt,0.564,ok
fcc97ee87fca3ef9ce5a8bc4fea02e34975723da,iroh_dial_p297822,discovery,cold,0,echo_rtt,0.509,ok
fcc97ee87fca3ef9ce5a8bc4fea02e34975723da,iroh_dial_p297822,discovery,cold,0,echo_rtt,0.525,ok
fcc97ee87fca3ef9ce5a8bc4fea02e34975723da,iroh_dial_p297822,discovery,cold,0,echo_rtt,0.523,ok
fcc97ee87fca3ef9ce5a8bc4fea02e34975723da,iroh_dial_p297822,discovery,cold,0,echo_rtt,0.539,ok
fcc97ee87fca3ef9ce5a8bc4fea02e34975723da,iroh_dial_p297822,discovery,cold,0,echo_rtt,0.612,ok
fcc97ee87fca3ef9ce5a8bc4fea02e34975723da,iroh_dial_p297822,discovery,cold,0,echo_rtt,0.544,ok
fcc97ee87fca3ef9ce5a8bc4fea02e34975723da,iroh_dial_p297822,discovery,cold,0,echo_rtt,0.517,ok
fcc97ee87fca3ef9ce5a8bc4fea02e34975723da,iroh_dial_p297822,discovery,cold,0,echo_rtt,0.544,ok
fcc97ee87fca3ef9ce5a8bc4fea02e34975723da,iroh_dial_p297822,discovery,cold,0,echo_rtt,0.611,ok
fcc97ee87fca3ef9ce5a8bc4fea02e34975723da,iroh_dial_p297822,discovery,cold,0,echo_rtt,0.522,ok
fcc97ee87fca3ef9ce5a8bc4fea02e34975723da,iroh_dial_p297822,discovery,cold,0,echo_rtt,0.585,ok
fcc97ee87fca3ef9ce5a8bc4fea02e34975723da,iroh_dial_p297822,discovery,cold,0,echo_rtt,0.527,ok
fcc97ee87fca3ef9ce5a8bc4fea02e34975723da,iroh_dial_p297822,discovery,cold,0,echo_rtt,0.642,ok
fcc97ee87fca3ef9ce5a8bc4fea02e34975723da,iroh_dial_p297822,discovery,cold,0,echo_rtt,0.574,ok
fcc97ee87fca3ef9ce5a8bc4fea02e34975723da,iroh_dial_p297822,discovery,cold,0,echo_rtt,0.643,ok
fcc97ee87fca3ef9ce5a8bc4fea02e34975723da,iroh_dial_p297822,discovery,cold,0,echo_rtt,0.584,ok
fcc97ee87fca3ef9ce5a8bc4fea02e34975723da,iroh_dial_p297822,discovery,cold,0,echo_rtt,0.541,ok
fcc97ee87fca3ef9ce5a8bc4fea02e34975723da,iroh_dial_p297822,discovery,cold,0,echo_rtt,0.520,ok
fcc97ee87fca3ef9ce5a8bc4fea02e34975723da,iroh_dial_p297822,discovery,cold,0,echo_rtt,0.523,ok
fcc97ee87fca3ef9ce5a8bc4fea02e34975723da,iroh_dial_p297822,discovery,cold,0,echo_rtt,0.526,ok
fcc97ee87fca3ef9ce5a8bc4fea02e34975723da,iroh_dial_p297822,discovery,cold,0,echo_rtt,0.561,ok
fcc97ee87fca3ef9ce5a8bc4fea02e34975723da,iroh_dial_p297822,discovery,cold,0,echo_rtt,0.575,ok
fcc97ee87fca3ef9ce5a8bc4fea02e34975723da,iroh_dial_p297822,discovery,cold,0,echo_rtt,0.518,ok
fcc97ee87fca3ef9ce5a8bc4fea02e34975723da,iroh_dial_p297822,discovery,cold,0,echo_rtt,0.522,ok
fcc97ee87fca3ef9ce5a8bc4fea02e34975723da,iroh_dial_p297822,discovery,cold,0,echo_rtt,0.536,ok
fcc97ee87fca3ef9ce5a8bc4fea02e34975723da,iroh_dial_p297822,discovery,cold,0,echo_rtt,0.505,ok
fcc97ee87fca3ef9ce5a8bc4fea02e34975723da,iroh_dial_p297822,discovery,cold,0,echo_rtt,0.598,ok
fcc97ee87fca3ef9ce5a8bc4fea02e34975723da,iroh_dial_p297822,discovery,cold,0,echo_rtt,0.638,ok
fcc97ee87fca3ef9ce5a8bc4fea02e34975723da,iroh_dial_p297822,discovery,cold,0,echo_rtt,0.640,ok
fcc97ee87fca3ef9ce5a8bc4fea02e34975723da,iroh_dial_p297822,discovery,cold,0,echo_rtt,0.532,ok
fcc97ee87fca3ef9ce5a8bc4fea02e34975723da,iroh_dial_p297822,discovery,cold,0,echo_rtt,0.535,ok
fcc97ee87fca3ef9ce5a8bc4fea02e34975723da,iroh_dial_p297822,discovery,cold,0,echo_rtt,0.546,ok
fcc97ee87fca3ef9ce5a8bc4fea02e34975723da,iroh_dial_p297822,discovery,cold,0,echo_rtt,0.605,ok
fcc97ee87fca3ef9ce5a8bc4fea02e34975723da,iroh_dial_p297822,discovery,cold,0,echo_rtt,0.532,ok
fcc97ee87fca3ef9ce5a8bc4fea02e34975723da,iroh_dial_p297822,discovery,cold,0,echo_rtt,0.556,ok
fcc97ee87fca3ef9ce5a8bc4fea02e34975723da,iroh_dial_p297822,discovery,cold,0,echo_rtt,0.547,ok
fcc97ee87fca3ef9ce5a8bc4fea02e34975723da,iroh_dial_p297822,discovery,cold,0,echo_rtt,0.572,ok
fcc97ee87fca3ef9ce5a8bc4fea02e34975723da,iroh_dial_p297822,discovery,cold,0,echo_rtt,0.517,ok
fcc97ee87fca3ef9ce5a8bc4fea02e34975723da,iroh_dial_p297822,discovery,cold,0,echo_rtt,0.540,ok
fcc97ee87fca3ef9ce5a8bc4fea02e34975723da,iroh_dial_p297822,discovery,cold,0,echo_rtt,0.605,ok
fcc97ee87fca3ef9ce5a8bc4fea02e34975723da,iroh_dial_p297822,discovery,cold,0,echo_rtt,0.581,ok
fcc97ee87fca3ef9ce5a8bc4fea02e34975723da,iroh_dial_p297822,discovery,cold,0,echo_rtt,0.569,ok
fcc97ee87fca3ef9ce5a8bc4fea02e34975723da,iroh_dial_p297822,discovery,cold,0,echo_rtt,0.565,ok
fcc97ee87fca3ef9ce5a8bc4fea02e34975723da,iroh_dial_p297822,discovery,cold,0,echo_rtt,0.553,ok
fcc97ee87fca3ef9ce5a8bc4fea02e34975723da,iroh_dial_p297822,discovery,cold,0,echo_rtt,0.524,ok
fcc97ee87fca3ef9ce5a8bc4fea02e34975723da,iroh_dial_p297822,discovery,cold,0,echo_rtt,0.547,ok
fcc97ee87fca3ef9ce5a8bc4fea02e34975723da,iroh_dial_p297822,discovery,cold,0,echo_rtt,0.503,ok
fcc97ee87fca3ef9ce5a8bc4fea02e34975723da,iroh_dial_p297822,discovery,cold,0,echo_rtt,0.572,ok
fcc97ee87fca3ef9ce5a8bc4fea02e34975723da,iroh_dial_p297822,discovery,cold,0,echo_rtt,0.563,ok
fcc97ee87fca3ef9ce5a8bc4fea02e34975723da,iroh_dial_p297822,discovery,cold,0,echo_rtt,0.574,ok
fcc97ee87fca3ef9ce5a8bc4fea02e34975723da,iroh_dial_p297822,discovery,cold,0,echo_rtt,0.527,ok
fcc97ee87fca3ef9ce5a8bc4fea02e34975723da,iroh_dial_p297822,discovery,cold,0,echo_rtt,0.540,ok
fcc97ee87fca3ef9ce5a8bc4fea02e34975723da,iroh_dial_p297822,discovery,cold,0,echo_rtt,0.545,ok
fcc97ee87fca3ef9ce5a8bc4fea02e34975723da,iroh_dial_p297822,discovery,cold,0,echo_rtt,0.551,ok
fcc97ee87fca3ef9ce5a8bc4fea02e34975723da,iroh_dial_p297822,discovery,cold,0,echo_rtt,0.625,ok
fcc97ee87fca3ef9ce5a8bc4fea02e34975723da,iroh_dial_p297822,discovery,cold,0,echo_rtt,0.758,ok
fcc97ee87fca3ef9ce5a8bc4fea02e34975723da,iroh_dial_p297822,discovery,cold,0,echo_rtt,0.786,ok
fcc97ee87fca3ef9ce5a8bc4fea02e34975723da,iroh_dial_p297822,discovery,cold,0,echo_rtt,0.598,ok
fcc97ee87fca3ef9ce5a8bc4fea02e34975723da,iroh_dial_p297822,discovery,cold,0,echo_rtt,0.593,ok
fcc97ee87fca3ef9ce5a8bc4fea02e34975723da,iroh_dial_p297822,discovery,cold,0,echo_rtt,0.576,ok
fcc97ee87fca3ef9ce5a8bc4fea02e34975723da,iroh_dial_p297822,discovery,cold,0,echo_rtt,0.541,ok
fcc97ee87fca3ef9ce5a8bc4fea02e34975723da,iroh_dial_p297822,discovery,cold,0,echo_rtt,0.544,ok
fcc97ee87fca3ef9ce5a8bc4fea02e34975723da,iroh_dial_p297822,discovery,cold,0,echo_rtt,0.569,ok
fcc97ee87fca3ef9ce5a8bc4fea02e34975723da,iroh_dial_p297822,discovery,cold,0,echo_rtt,0.578,ok
fcc97ee87fca3ef9ce5a8bc4fea02e34975723da,iroh_dial_p297822,discovery,cold,0,echo_rtt,0.584,ok
fcc97ee87fca3ef9ce5a8bc4fea02e34975723da,iroh_dial_p297822,discovery,cold,0,echo_rtt,0.586,ok
fcc97ee87fca3ef9ce5a8bc4fea02e34975723da,iroh_dial_p297822,discovery,cold,0,echo_rtt,1.085,ok
fcc97ee87fca3ef9ce5a8bc4fea02e34975723da,iroh_dial_p297822,discovery,cold,0,echo_rtt,0.608,ok
fcc97ee87fca3ef9ce5a8bc4fea02e34975723da,iroh_dial_p297822,discovery,cold,0,echo_rtt,0.618,ok
fcc97ee87fca3ef9ce5a8bc4fea02e34975723da,iroh_dial_p297822,discovery,cold,0,echo_rtt,0.583,ok
fcc97ee87fca3ef9ce5a8bc4fea02e34975723da,iroh_dial_p297822,discovery,cold,0,echo_rtt,0.531,ok
fcc97ee87fca3ef9ce5a8bc4fea02e34975723da,iroh_dial_p297822,discovery,cold,0,echo_rtt,0.560,ok
fcc97ee87fca3ef9ce5a8bc4fea02e34975723da,iroh_dial_p297822,discovery,cold,0,echo_rtt,0.593,ok
fcc97ee87fca3ef9ce5a8bc4fea02e34975723da,iroh_dial_p297822,discovery,cold,0,echo_rtt,0.527,ok
fcc97ee87fca3ef9ce5a8bc4fea02e34975723da,iroh_dial_p297822,discovery,cold,0,echo_rtt,0.533,ok
fcc97ee87fca3ef9ce5a8bc4fea02e34975723da,iroh_dial_p297822,discovery,cold,0,echo_rtt,0.536,ok
fcc97ee87fca3ef9ce5a8bc4fea02e34975723da,iroh_dial_p297822,discovery,cold,0,echo_rtt,0.515,ok
fcc97ee87fca3ef9ce5a8bc4fea02e34975723da,iroh_dial_p297822,discovery,cold,0,echo_rtt,0.600,ok
fcc97ee87fca3ef9ce5a8bc4fea02e34975723da,iroh_dial_p297822,discovery,cold,0,echo_rtt,0.556,ok
fcc97ee87fca3ef9ce5a8bc4fea02e34975723da,iroh_dial_p297822,discovery,cold,0,echo_rtt,0.617,ok
fcc97ee87fca3ef9ce5a8bc4fea02e34975723da,iroh_dial_p297822,discovery,cold,0,echo_rtt,0.566,ok
fcc97ee87fca3ef9ce5a8bc4fea02e34975723da,iroh_dial_p297822,discovery,cold,0,echo_rtt,0.614,ok
fcc97ee87fca3ef9ce5a8bc4fea02e34975723da,iroh_dial_p297822,discovery,cold,0,echo_rtt,0.598,ok
fcc97ee87fca3ef9ce5a8bc4fea02e34975723da,iroh_dial_p297822,discovery,cold,0,echo_rtt,0.525,ok
fcc97ee87fca3ef9ce5a8bc4fea02e34975723da,iroh_dial_p297822,discovery,cold,0,echo_rtt,0.510,ok
fcc97ee87fca3ef9ce5a8bc4fea02e34975723da,iroh_dial_p297822,discovery,cold,0,echo_rtt,0.535,ok
fcc97ee87fca3ef9ce5a8bc4fea02e34975723da,iroh_dial_p297822,discovery,cold,0,echo_rtt,0.556,ok
fcc97ee87fca3ef9ce5a8bc4fea02e34975723da,iroh_dial_p297822,discovery,cold,0,echo_rtt,0.602,ok
fcc97ee87fca3ef9ce5a8bc4fea02e34975723da,iroh_dial_p297822,discovery,cold,0,echo_rtt,0.598,ok
fcc97ee87fca3ef9ce5a8bc4fea02e34975723da,iroh_dial_p297822,discovery,cold,0,runtime_start,0.388,ok
fcc97ee87fca3ef9ce5a8bc4fea02e34975723da,iroh_dial_p297822,discovery,cold,0,endpoint_bind,1.388,ok
fcc97ee87fca3ef9ce5a8bc4fea02e34975723da,iroh_dial_p297822,discovery,cold,0,address_lookup,1.702,ok
fcc97ee87fca3ef9ce5a8bc4fea02e34975723da,iroh_dial_p297822,discovery,cold,0,dial_handshake,191.112,ok
fcc97ee87fca3ef9ce5a8bc4fea02e34975723da,iroh_dial_p297822,discovery,cold,0,stream_open,83.363,ok
fcc97ee87fca3ef9ce5a8bc4fea02e34975723da,iroh_dial_p297822,discovery,cold,0,echo_rtt,0.831,ok
fcc97ee87fca3ef9ce5a8bc4fea02e34975723da,iroh_dial_p297822,discovery,cold,0,echo_rtt,0.548,ok
fcc97ee87fca3ef9ce5a8bc4fea02e34975723da,iroh_dial_p297822,discovery,cold,0,echo_rtt,0.591,ok
fcc97ee87fca3ef9ce5a8bc4fea02e34975723da,iroh_dial_p297822,discovery,cold,0,echo_rtt,0.921,ok
fcc97ee87fca3ef9ce5a8bc4fea02e34975723da,iroh_dial_p297822,discovery,cold,0,echo_rtt,0.684,ok
fcc97ee87fca3ef9ce5a8bc4fea02e34975723da,iroh_dial_p297822,discovery,cold,0,echo_rtt,0.636,ok
fcc97ee87fca3ef9ce5a8bc4fea02e34975723da,iroh_dial_p297822,discovery,cold,0,echo_rtt,0.808,ok
fcc97ee87fca3ef9ce5a8bc4fea02e34975723da,iroh_dial_p297822,discovery,cold,0,echo_rtt,0.686,ok
fcc97ee87fca3ef9ce5a8bc4fea02e34975723da,iroh_dial_p297822,discovery,cold,0,echo_rtt,0.646,ok
fcc97ee87fca3ef9ce5a8bc4fea02e34975723da,iroh_dial_p297822,discovery,cold,0,echo_rtt,0.595,ok
fcc97ee87fca3ef9ce5a8bc4fea02e34975723da,iroh_dial_p297822,discovery,cold,0,echo_rtt,0.599,ok
fcc97ee87fca3ef9ce5a8bc4fea02e34975723da,iroh_dial_p297822,discovery,cold,0,echo_rtt,0.606,ok
fcc97ee87fca3ef9ce5a8bc4fea02e34975723da,iroh_dial_p297822,discovery,cold,0,echo_rtt,0.645,ok
fcc97ee87fca3ef9ce5a8bc4fea02e34975723da,iroh_dial_p297822,discovery,cold,0,echo_rtt,0.580,ok
fcc97ee87fca3ef9ce5a8bc4fea02e34975723da,iroh_dial_p297822,discovery,cold,0,echo_rtt,0.570,ok
fcc97ee87fca3ef9ce5a8bc4fea02e34975723da,iroh_dial_p297822,discovery,cold,0,echo_rtt,0.570,ok
fcc97ee87fca3ef9ce5a8bc4fea02e34975723da,iroh_dial_p297822,discovery,cold,0,echo_rtt,0.638,ok
fcc97ee87fca3ef9ce5a8bc4fea02e34975723da,iroh_dial_p297822,discovery,cold,0,echo_rtt,0.601,ok
fcc97ee87fca3ef9ce5a8bc4fea02e34975723da,iroh_dial_p297822,discovery,cold,0,echo_rtt,0.594,ok
fcc97ee87fca3ef9ce5a8bc4fea02e34975723da,iroh_dial_p297822,discovery,cold,0,echo_rtt,0.583,ok
fcc97ee87fca3ef9ce5a8bc4fea02e34975723da,iroh_dial_p297822,discovery,cold,0,echo_rtt,0.563,ok
fcc97ee87fca3ef9ce5a8bc4fea02e34975723da,iroh_dial_p297822,discovery,cold,0,echo_rtt,0.603,ok
fcc97ee87fca3ef9ce5a8bc4fea02e34975723da,iroh_dial_p297822,discovery,cold,0,echo_rtt,0.606,ok
fcc97ee87fca3ef9ce5a8bc4fea02e34975723da,iroh_dial_p297822,discovery,cold,0,echo_rtt,0.599,ok
fcc97ee87fca3ef9ce5a8bc4fea02e34975723da,iroh_dial_p297822,discovery,cold,0,echo_rtt,0.604,ok
fcc97ee87fca3ef9ce5a8bc4fea02e34975723da,iroh_dial_p297822,discovery,cold,0,echo_rtt,0.576,ok
fcc97ee87fca3ef9ce5a8bc4fea02e34975723da,iroh_dial_p297822,discovery,cold,0,echo_rtt,0.515,ok
fcc97ee87fca3ef9ce5a8bc4fea02e34975723da,iroh_dial_p297822,discovery,cold,0,echo_rtt,0.579,ok
fcc97ee87fca3ef9ce5a8bc4fea02e34975723da,iroh_dial_p297822,discovery,cold,0,echo_rtt,0.507,ok
fcc97ee87fca3ef9ce5a8bc4fea02e34975723da,iroh_dial_p297822,discovery,cold,0,echo_rtt,0.558,ok
fcc97ee87fca3ef9ce5a8bc4fea02e34975723da,iroh_dial_p297822,discovery,cold,0,echo_rtt,0.591,ok
fcc97ee87fca3ef9ce5a8bc4fea02e34975723da,iroh_dial_p297822,discovery,cold,0,echo_rtt,0.603,ok
fcc97ee87fca3ef9ce5a8bc4fea02e34975723da,iroh_dial_p297822,discovery,cold,0,echo_rtt,0.558,ok
fcc97ee87fca3ef9ce5a8bc4fea02e34975723da,iroh_dial_p297822,discovery,cold,0,echo_rtt,0.528,ok
fcc97ee87fca3ef9ce5a8bc4fea02e34975723da,iroh_dial_p297822,discovery,cold,0,echo_rtt,0.549,ok
fcc97ee87fca3ef9ce5a8bc4fea02e34975723da,iroh_dial_p297822,discovery,cold,0,echo_rtt,0.561,ok
fcc97ee87fca3ef9ce5a8bc4fea02e34975723da,iroh_dial_p297822,discovery,cold,0,echo_rtt,0.590,ok
fcc97ee87fca3ef9ce5a8bc4fea02e34975723da,iroh_dial_p297822,discovery,cold,0,echo_rtt,0.654,ok
fcc97ee87fca3ef9ce5a8bc4fea02e34975723da,iroh_dial_p297822,discovery,cold,0,echo_rtt,0.544,ok
fcc97ee87fca3ef9ce5a8bc4fea02e34975723da,iroh_dial_p297822,discovery,cold,0,echo_rtt,0.577,ok
fcc97ee87fca3ef9ce5a8bc4fea02e34975723da,iroh_dial_p297822,discovery,cold,0,echo_rtt,0.592,ok
fcc97ee87fca3ef9ce5a8bc4fea02e34975723da,iroh_dial_p297822,discovery,cold,0,echo_rtt,0.535,ok
fcc97ee87fca3ef9ce5a8bc4fea02e34975723da,iroh_dial_p297822,discovery,cold,0,echo_rtt,0.570,ok
fcc97ee87fca3ef9ce5a8bc4fea02e34975723da,iroh_dial_p297822,discovery,cold,0,echo_rtt,0.543,ok
fcc97ee87fca3ef9ce5a8bc4fea02e34975723da,iroh_dial_p297822,discovery,cold,0,echo_rtt,0.575,ok
fcc97ee87fca3ef9ce5a8bc4fea02e34975723da,iroh_dial_p297822,discovery,cold,0,echo_rtt,0.580,ok
fcc97ee87fca3ef9ce5a8bc4fea02e34975723da,iroh_dial_p297822,discovery,cold,0,echo_rtt,0.583,ok
fcc97ee87fca3ef9ce5a8bc4fea02e34975723da,iroh_dial_p297822,discovery,cold,0,echo_rtt,0.529,ok
fcc97ee87fca3ef9ce5a8bc4fea02e34975723da,iroh_dial_p297822,discovery,cold,0,echo_rtt,0.494,ok
fcc97ee87fca3ef9ce5a8bc4fea02e34975723da,iroh_dial_p297822,discovery,cold,0,echo_rtt,0.521,ok
fcc97ee87fca3ef9ce5a8bc4fea02e34975723da,iroh_dial_p297822,discovery,cold,0,echo_rtt,0.539,ok
fcc97ee87fca3ef9ce5a8bc4fea02e34975723da,iroh_dial_p297822,discovery,cold,0,echo_rtt,0.508,ok
fcc97ee87fca3ef9ce5a8bc4fea02e34975723da,iroh_dial_p297822,discovery,cold,0,echo_rtt,0.573,ok
fcc97ee87fca3ef9ce5a8bc4fea02e34975723da,iroh_dial_p297822,discovery,cold,0,echo_rtt,0.530,ok
fcc97ee87fca3ef9ce5a8bc4fea02e34975723da,iroh_dial_p297822,discovery,cold,0,echo_rtt,0.529,ok
fcc97ee87fca3ef9ce5a8bc4fea02e34975723da,iroh_dial_p297822,discovery,cold,0,echo_rtt,0.518,ok
fcc97ee87fca3ef9ce5a8bc4fea02e34975723da,iroh_dial_p297822,discovery,cold,0,echo_rtt,0.505,ok
fcc97ee87fca3ef9ce5a8bc4fea02e34975723da,iroh_dial_p297822,discovery,cold,0,echo_rtt,0.536,ok
fcc97ee87fca3ef9ce5a8bc4fea02e34975723da,iroh_dial_p297822,discovery,cold,0,echo_rtt,0.511,ok
fcc97ee87fca3ef9ce5a8bc4fea02e34975723da,iroh_dial_p297822,discovery,cold,0,echo_rtt,0.533,ok
fcc97ee87fca3ef9ce5a8bc4fea02e34975723da,iroh_dial_p297822,discovery,cold,0,echo_rtt,0.697,ok
fcc97ee87fca3ef9ce5a8bc4fea02e34975723da,iroh_dial_p297822,discovery,cold,0,echo_rtt,0.663,ok
fcc97ee87fca3ef9ce5a8bc4fea02e34975723da,iroh_dial_p297822,discovery,cold,0,echo_rtt,0.568,ok
fcc97ee87fca3ef9ce5a8bc4fea02e34975723da,iroh_dial_p297822,discovery,cold,0,echo_rtt,0.541,ok
fcc97ee87fca3ef9ce5a8bc4fea02e34975723da,iroh_dial_p297822,discovery,cold,0,echo_rtt,0.567,ok
fcc97ee87fca3ef9ce5a8bc4fea02e34975723da,iroh_dial_p297822,discovery,cold,0,echo_rtt,0.593,ok
fcc97ee87fca3ef9ce5a8bc4fea02e34975723da,iroh_dial_p297822,discovery,cold,0,echo_rtt,0.541,ok
fcc97ee87fca3ef9ce5a8bc4fea02e34975723da,iroh_dial_p297822,discovery,cold,0,echo_rtt,0.597,ok
fcc97ee87fca3ef9ce5a8bc4fea02e34975723da,iroh_dial_p297822,discovery,cold,0,echo_rtt,0.521,ok
fcc97ee87fca3ef9ce5a8bc4fea02e34975723da,iroh_dial_p297822,discovery,cold,0,echo_rtt,0.595,ok
fcc97ee87fca3ef9ce5a8bc4fea02e34975723da,iroh_dial_p297822,discovery,cold,0,echo_rtt,0.608,ok
fcc97ee87fca3ef9ce5a8bc4fea02e34975723da,iroh_dial_p297822,discovery,cold,0,echo_rtt,0.603,ok
fcc97ee87fca3ef9ce5a8bc4fea02e34975723da,iroh_dial_p297822,discovery,cold,0,echo_rtt,0.640,ok
fcc97ee87fca3ef9ce5a8bc4fea02e34975723da,iroh_dial_p297822,discovery,cold,0,echo_rtt,0.573,ok
fcc97ee87fca3ef9ce5a8bc4fea02e34975723da,iroh_dial_p297822,discovery,cold,0,echo_rtt,0.602,ok
fcc97ee87fca3ef9ce5a8bc4fea02e34975723da,iroh_dial_p297822,discovery,cold,0,echo_rtt,0.565,ok
fcc97ee87fca3ef9ce5a8bc4fea02e34975723da,iroh_dial_p297822,discovery,cold,0,echo_rtt,0.578,ok
fcc97ee87fca3ef9ce5a8bc4fea02e34975723da,iroh_dial_p297822,discovery,cold,0,echo_rtt,0.606,ok
fcc97ee87fca3ef9ce5a8bc4fea02e34975723da,iroh_dial_p297822,discovery,cold,0,echo_rtt,0.549,ok
fcc97ee87fca3ef9ce5a8bc4fea02e34975723da,iroh_dial_p297822,discovery,cold,0,echo_rtt,0.555,ok
fcc97ee87fca3ef9ce5a8bc4fea02e34975723da,iroh_dial_p297822,discovery,cold,0,echo_rtt,0.576,ok
fcc97ee87fca3ef9ce5a8bc4fea02e34975723da,iroh_dial_p297822,discovery,cold,0,echo_rtt,0.548,ok
fcc97ee87fca3ef9ce5a8bc4fea02e34975723da,iroh_dial_p297822,discovery,cold,0,echo_rtt,0.582,ok
fcc97ee87fca3ef9ce5a8bc4fea02e34975723da,iroh_dial_p297822,discovery,cold,0,echo_rtt,0.564,ok
fcc97ee87fca3ef9ce5a8bc4fea02e34975723da,iroh_dial_p297822,discovery,cold,0,echo_rtt,0.526,ok
fcc97ee87fca3ef9ce5a8bc4fea02e34975723da,iroh_dial_p297822,discovery,cold,0,echo_rtt,0.572,ok
fcc97ee87fca3ef9ce5a8bc4fea02e34975723da,iroh_dial_p297822,discovery,cold,0,echo_rtt,0.518,ok
fcc97ee87fca3ef9ce5a8bc4fea02e34975723da,iroh_dial_p297822,discovery,cold,0,echo_rtt,0.547,ok
fcc97ee87fca3ef9ce5a8bc4fea02e34975723da,iroh_dial_p297822,discovery,cold,0,echo_rtt,0.607,ok
fcc97ee87fca3ef9ce5a8bc4fea02e34975723da,iroh_dial_p297822,discovery,cold,0,echo_rtt,0.522,ok
fcc97ee87fca3ef9ce5a8bc4fea02e34975723da,iroh_dial_p297822,discovery,cold,0,echo_rtt,0.591,ok
fcc97ee87fca3ef9ce5a8bc4fea02e34975723da,iroh_dial_p297822,discovery,cold,0,echo_rtt,0.638,ok
fcc97ee87fca3ef9ce5a8bc4fea02e34975723da,iroh_dial_p297822,discovery,cold,0,echo_rtt,0.612,ok
fcc97ee87fca3ef9ce5a8bc4fea02e34975723da,iroh_dial_p297822,discovery,cold,0,echo_rtt,0.571,ok
fcc97ee87fca3ef9ce5a8bc4fea02e34975723da,iroh_dial_p297822,discovery,cold,0,echo_rtt,0.569,ok
fcc97ee87fca3ef9ce5a8bc4fea02e34975723da,iroh_dial_p297822,discovery,cold,0,echo_rtt,0.579,ok
fcc97ee87fca3ef9ce5a8bc4fea02e34975723da,iroh_dial_p297822,discovery,cold,0,echo_rtt,0.567,ok
fcc97ee87fca3ef9ce5a8bc4fea02e34975723da,iroh_dial_p297822,discovery,cold,0,echo_rtt,0.620,ok
fcc97ee87fca3ef9ce5a8bc4fea02e34975723da,iroh_dial_p297822,discovery,cold,0,echo_rtt,0.568,ok
fcc97ee87fca3ef9ce5a8bc4fea02e34975723da,iroh_dial_p297822,discovery,cold,0,echo_rtt,0.551,ok
fcc97ee87fca3ef9ce5a8bc4fea02e34975723da,iroh_dial_p297822,discovery,cold,0,runtime_start,0.419,ok
fcc97ee87fca3ef9ce5a8bc4fea02e34975723da,iroh_dial_p297822,discovery,cold,0,endpoint_bind,1.374,ok
fcc97ee87fca3ef9ce5a8bc4fea02e34975723da,iroh_dial_p297822,discovery,cold,0,address_lookup,129.412,ok
fcc97ee87fca3ef9ce5a8bc4fea02e34975723da,iroh_dial_p297822,discovery,cold,0,dial_handshake,200.424,ok
fcc97ee87fca3ef9ce5a8bc4fea02e34975723da,iroh_dial_p297822,discovery,cold,0,stream_open,86.509,ok
fcc97ee87fca3ef9ce5a8bc4fea02e34975723da,iroh_dial_p297822,discovery,cold,0,echo_rtt,0.723,ok
fcc97ee87fca3ef9ce5a8bc4fea02e34975723da,iroh_dial_p297822,discovery,cold,0,echo_rtt,0.666,ok
fcc97ee87fca3ef9ce5a8bc4fea02e34975723da,iroh_dial_p297822,discovery,cold,0,echo_rtt,0.616,ok
fcc97ee87fca3ef9ce5a8bc4fea02e34975723da,iroh_dial_p297822,discovery,cold,0,echo_rtt,0.827,ok
fcc97ee87fca3ef9ce5a8bc4fea02e34975723da,iroh_dial_p297822,discovery,cold,0,echo_rtt,0.584,ok
fcc97ee87fca3ef9ce5a8bc4fea02e34975723da,iroh_dial_p297822,discovery,cold,0,echo_rtt,0.628,ok
fcc97ee87fca3ef9ce5a8bc4fea02e34975723da,iroh_dial_p297822,discovery,cold,0,echo_rtt,0.621,ok
fcc97ee87fca3ef9ce5a8bc4fea02e34975723da,iroh_dial_p297822,discovery,cold,0,echo_rtt,0.688,ok
fcc97ee87fca3ef9ce5a8bc4fea02e34975723da,iroh_dial_p297822,discovery,cold,0,echo_rtt,0.607,ok
fcc97ee87fca3ef9ce5a8bc4fea02e34975723da,iroh_dial_p297822,discovery,cold,0,echo_rtt,0.594,ok
fcc97ee87fca3ef9ce5a8bc4fea02e34975723da,iroh_dial_p297822,discovery,cold,0,echo_rtt,0.542,ok
fcc97ee87fca3ef9ce5a8bc4fea02e34975723da,iroh_dial_p297822,discovery,cold,0,echo_rtt,0.530,ok
fcc97ee87fca3ef9ce5a8bc4fea02e34975723da,iroh_dial_p297822,discovery,cold,0,echo_rtt,0.581,ok
fcc97ee87fca3ef9ce5a8bc4fea02e34975723da,iroh_dial_p297822,discovery,cold,0,echo_rtt,0.567,ok
fcc97ee87fca3ef9ce5a8bc4fea02e34975723da,iroh_dial_p297822,discovery,cold,0,echo_rtt,0.560,ok
fcc97ee87fca3ef9ce5a8bc4fea02e34975723da,iroh_dial_p297822,discovery,cold,0,echo_rtt,0.578,ok
fcc97ee87fca3ef9ce5a8bc4fea02e34975723da,iroh_dial_p297822,discovery,cold,0,echo_rtt,0.568,ok
fcc97ee87fca3ef9ce5a8bc4fea02e34975723da,iroh_dial_p297822,discovery,cold,0,echo_rtt,0.721,ok
fcc97ee87fca3ef9ce5a8bc4fea02e34975723da,iroh_dial_p297822,discovery,cold,0,echo_rtt,0.533,ok
fcc97ee87fca3ef9ce5a8bc4fea02e34975723da,iroh_dial_p297822,discovery,cold,0,echo_rtt,0.563,ok
fcc97ee87fca3ef9ce5a8bc4fea02e34975723da,iroh_dial_p297822,discovery,cold,0,echo_rtt,0.533,ok
fcc97ee87fca3ef9ce5a8bc4fea02e34975723da,iroh_dial_p297822,discovery,cold,0,echo_rtt,0.602,ok
fcc97ee87fca3ef9ce5a8bc4fea02e34975723da,iroh_dial_p297822,discovery,cold,0,echo_rtt,0.534,ok
fcc97ee87fca3ef9ce5a8bc4fea02e34975723da,iroh_dial_p297822,discovery,cold,0,echo_rtt,0.576,ok
fcc97ee87fca3ef9ce5a8bc4fea02e34975723da,iroh_dial_p297822,discovery,cold,0,echo_rtt,0.585,ok
fcc97ee87fca3ef9ce5a8bc4fea02e34975723da,iroh_dial_p297822,discovery,cold,0,echo_rtt,0.576,ok
fcc97ee87fca3ef9ce5a8bc4fea02e34975723da,iroh_dial_p297822,discovery,cold,0,echo_rtt,0.533,ok
fcc97ee87fca3ef9ce5a8bc4fea02e34975723da,iroh_dial_p297822,discovery,cold,0,echo_rtt,0.505,ok
fcc97ee87fca3ef9ce5a8bc4fea02e34975723da,iroh_dial_p297822,discovery,cold,0,echo_rtt,0.538,ok
fcc97ee87fca3ef9ce5a8bc4fea02e34975723da,iroh_dial_p297822,discovery,cold,0,echo_rtt,0.617,ok
fcc97ee87fca3ef9ce5a8bc4fea02e34975723da,iroh_dial_p297822,discovery,cold,0,echo_rtt,0.749,ok
fcc97ee87fca3ef9ce5a8bc4fea02e34975723da,iroh_dial_p297822,discovery,cold,0,echo_rtt,0.562,ok
fcc97ee87fca3ef9ce5a8bc4fea02e34975723da,iroh_dial_p297822,discovery,cold,0,echo_rtt,0.597,ok
fcc97ee87fca3ef9ce5a8bc4fea02e34975723da,iroh_dial_p297822,discovery,cold,0,echo_rtt,0.584,ok
fcc97ee87fca3ef9ce5a8bc4fea02e34975723da,iroh_dial_p297822,discovery,cold,0,echo_rtt,0.535,ok
fcc97ee87fca3ef9ce5a8bc4fea02e34975723da,iroh_dial_p297822,discovery,cold,0,echo_rtt,0.541,ok
fcc97ee87fca3ef9ce5a8bc4fea02e34975723da,iroh_dial_p297822,discovery,cold,0,echo_rtt,0.534,ok
fcc97ee87fca3ef9ce5a8bc4fea02e34975723da,iroh_dial_p297822,discovery,cold,0,echo_rtt,0.586,ok
fcc97ee87fca3ef9ce5a8bc4fea02e34975723da,iroh_dial_p297822,discovery,cold,0,echo_rtt,0.596,ok
fcc97ee87fca3ef9ce5a8bc4fea02e34975723da,iroh_dial_p297822,discovery,cold,0,echo_rtt,0.610,ok
fcc97ee87fca3ef9ce5a8bc4fea02e34975723da,iroh_dial_p297822,discovery,cold,0,echo_rtt,0.691,ok
fcc97ee87fca3ef9ce5a8bc4fea02e34975723da,iroh_dial_p297822,discovery,cold,0,echo_rtt,0.570,ok
fcc97ee87fca3ef9ce5a8bc4fea02e34975723da,iroh_dial_p297822,discovery,cold,0,echo_rtt,0.550,ok
fcc97ee87fca3ef9ce5a8bc4fea02e34975723da,iroh_dial_p297822,discovery,cold,0,echo_rtt,0.589,ok
fcc97ee87fca3ef9ce5a8bc4fea02e34975723da,iroh_dial_p297822,discovery,cold,0,echo_rtt,0.542,ok
fcc97ee87fca3ef9ce5a8bc4fea02e34975723da,iroh_dial_p297822,discovery,cold,0,echo_rtt,0.531,ok
fcc97ee87fca3ef9ce5a8bc4fea02e34975723da,iroh_dial_p297822,discovery,cold,0,echo_rtt,0.537,ok
fcc97ee87fca3ef9ce5a8bc4fea02e34975723da,iroh_dial_p297822,discovery,cold,0,echo_rtt,0.544,ok
fcc97ee87fca3ef9ce5a8bc4fea02e34975723da,iroh_dial_p297822,discovery,cold,0,echo_rtt,0.553,ok
fcc97ee87fca3ef9ce5a8bc4fea02e34975723da,iroh_dial_p297822,discovery,cold,0,echo_rtt,0.550,ok
fcc97ee87fca3ef9ce5a8bc4fea02e34975723da,iroh_dial_p297822,discovery,cold,0,echo_rtt,0.567,ok
fcc97ee87fca3ef9ce5a8bc4fea02e34975723da,iroh_dial_p297822,discovery,cold,0,echo_rtt,0.581,ok
fcc97ee87fca3ef9ce5a8bc4fea02e34975723da,iroh_dial_p297822,discovery,cold,0,echo_rtt,0.552,ok
fcc97ee87fca3ef9ce5a8bc4fea02e34975723da,iroh_dial_p297822,discovery,cold,0,echo_rtt,0.552,ok
fcc97ee87fca3ef9ce5a8bc4fea02e34975723da,iroh_dial_p297822,discovery,cold,0,echo_rtt,0.696,ok
fcc97ee87fca3ef9ce5a8bc4fea02e34975723da,iroh_dial_p297822,discovery,cold,0,echo_rtt,0.547,ok
fcc97ee87fca3ef9ce5a8bc4fea02e34975723da,iroh_dial_p297822,discovery,cold,0,echo_rtt,0.629,ok
fcc97ee87fca3ef9ce5a8bc4fea02e34975723da,iroh_dial_p297822,discovery,cold,0,echo_rtt,0.538,ok
fcc97ee87fca3ef9ce5a8bc4fea02e34975723da,iroh_dial_p297822,discovery,cold,0,echo_rtt,0.525,ok
fcc97ee87fca3ef9ce5a8bc4fea02e34975723da,iroh_dial_p297822,discovery,cold,0,echo_rtt,0.530,ok
fcc97ee87fca3ef9ce5a8bc4fea02e34975723da,iroh_dial_p297822,discovery,cold,0,echo_rtt,0.532,ok
fcc97ee87fca3ef9ce5a8bc4fea02e34975723da,iroh_dial_p297822,discovery,cold,0,echo_rtt,0.596,ok
fcc97ee87fca3ef9ce5a8bc4fea02e34975723da,iroh_dial_p297822,discovery,cold,0,echo_rtt,0.565,ok
fcc97ee87fca3ef9ce5a8bc4fea02e34975723da,iroh_dial_p297822,discovery,cold,0,echo_rtt,0.578,ok
fcc97ee87fca3ef9ce5a8bc4fea02e34975723da,iroh_dial_p297822,discovery,cold,0,echo_rtt,0.550,ok
fcc97ee87fca3ef9ce5a8bc4fea02e34975723da,iroh_dial_p297822,discovery,cold,0,echo_rtt,0.834,ok
fcc97ee87fca3ef9ce5a8bc4fea02e34975723da,iroh_dial_p297822,discovery,cold,0,echo_rtt,0.622,ok
fcc97ee87fca3ef9ce5a8bc4fea02e34975723da,iroh_dial_p297822,discovery,cold,0,echo_rtt,0.603,ok
fcc97ee87fca3ef9ce5a8bc4fea02e34975723da,iroh_dial_p297822,discovery,cold,0,echo_rtt,0.547,ok
fcc97ee87fca3ef9ce5a8bc4fea02e34975723da,iroh_dial_p297822,discovery,cold,0,echo_rtt,0.535,ok
fcc97ee87fca3ef9ce5a8bc4fea02e34975723da,iroh_dial_p297822,discovery,cold,0,echo_rtt,0.554,ok
fcc97ee87fca3ef9ce5a8bc4fea02e34975723da,iroh_dial_p297822,discovery,cold,0,echo_rtt,0.543,ok
fcc97ee87fca3ef9ce5a8bc4fea02e34975723da,iroh_dial_p297822,discovery,cold,0,echo_rtt,0.589,ok
fcc97ee87fca3ef9ce5a8bc4fea02e34975723da,iroh_dial_p297822,discovery,cold,0,echo_rtt,0.519,ok
fcc97ee87fca3ef9ce5a8bc4fea02e34975723da,iroh_dial_p297822,discovery,cold,0,echo_rtt,0.543,ok
fcc97ee87fca3ef9ce5a8bc4fea02e34975723da,iroh_dial_p297822,discovery,cold,0,echo_rtt,0.579,ok
fcc97ee87fca3ef9ce5a8bc4fea02e34975723da,iroh_dial_p297822,discovery,cold,0,echo_rtt,0.553,ok
fcc97ee87fca3ef9ce5a8bc4fea02e34975723da,iroh_dial_p297822,discovery,cold,0,echo_rtt,0.528,ok
fcc97ee87fca3ef9ce5a8bc4fea02e34975723da,iroh_dial_p297822,discovery,cold,0,echo_rtt,0.554,ok
fcc97ee87fca3ef9ce5a8bc4fea02e34975723da,iroh_dial_p297822,discovery,cold,0,echo_rtt,0.554,ok
fcc97ee87fca3ef9ce5a8bc4fea02e34975723da,iroh_dial_p297822,discovery,cold,0,echo_rtt,0.529,ok
fcc97ee87fca3ef9ce5a8bc4fea02e34975723da,iroh_dial_p297822,discovery,cold,0,echo_rtt,0.519,ok
fcc97ee87fca3ef9ce5a8bc4fea02e34975723da,iroh_dial_p297822,discovery,cold,0,echo_rtt,0.540,ok
fcc97ee87fca3ef9ce5a8bc4fea02e34975723da,iroh_dial_p297822,discovery,cold,0,echo_rtt,0.777,ok
fcc97ee87fca3ef9ce5a8bc4fea02e34975723da,iroh_dial_p297822,discovery,cold,0,echo_rtt,0.629,ok
fcc97ee87fca3ef9ce5a8bc4fea02e34975723da,iroh_dial_p297822,discovery,cold,0,echo_rtt,0.667,ok
fcc97ee87fca3ef9ce5a8bc4fea02e34975723da,iroh_dial_p297822,discovery,cold,0,echo_rtt,0.619,ok
fcc97ee87fca3ef9ce5a8bc4fea02e34975723da,iroh_dial_p297822,discovery,cold,0,echo_rtt,0.546,ok
fcc97ee87fca3ef9ce5a8bc4fea02e34975723da,iroh_dial_p297822,discovery,cold,0,echo_rtt,0.523,ok
fcc97ee87fca3ef9ce5a8bc4fea02e34975723da,iroh_dial_p297822,discovery,cold,0,echo_rtt,0.502,ok
fcc97ee87fca3ef9ce5a8bc4fea02e34975723da,iroh_dial_p297822,discovery,cold,0,echo_rtt,0.632,ok
fcc97ee87fca3ef9ce5a8bc4fea02e34975723da,iroh_dial_p297822,discovery,cold,0,echo_rtt,0.563,ok
fcc97ee87fca3ef9ce5a8bc4fea02e34975723da,iroh_dial_p297822,discovery,cold,0,echo_rtt,0.527,ok
fcc97ee87fca3ef9ce5a8bc4fea02e34975723da,iroh_dial_p297822,discovery,cold,0,echo_rtt,0.633,ok
fcc97ee87fca3ef9ce5a8bc4fea02e34975723da,iroh_dial_p297822,discovery,cold,0,echo_rtt,0.576,ok
fcc97ee87fca3ef9ce5a8bc4fea02e34975723da,iroh_dial_p297822,discovery,cold,0,echo_rtt,0.578,ok
fcc97ee87fca3ef9ce5a8bc4fea02e34975723da,iroh_dial_p297822,discovery,cold,0,echo_rtt,0.527,ok
fcc97ee87fca3ef9ce5a8bc4fea02e34975723da,iroh_dial_p297822,discovery,cold,0,echo_rtt,0.607,ok
fcc97ee87fca3ef9ce5a8bc4fea02e34975723da,iroh_dial_p297822,discovery,cold,0,echo_rtt,0.531,ok
fcc97ee87fca3ef9ce5a8bc4fea02e34975723da,iroh_dial_p297822,discovery,cold,0,echo_rtt,0.593,ok
fcc97ee87fca3ef9ce5a8bc4fea02e34975723da,iroh_dial_p297822,discovery,cold,0,runtime_start,0.416,ok
fcc97ee87fca3ef9ce5a8bc4fea02e34975723da,iroh_dial_p297822,discovery,cold,0,endpoint_bind,1.398,ok
fcc97ee87fca3ef9ce5a8bc4fea02e34975723da,iroh_dial_p297822,discovery,cold,0,address_lookup,1.749,ok
fcc97ee87fca3ef9ce5a8bc4fea02e34975723da,iroh_dial_p297822,discovery,cold,0,dial_handshake,193.669,ok
fcc97ee87fca3ef9ce5a8bc4fea02e34975723da,iroh_dial_p297822,discovery,cold,0,stream_open,93.588,ok
fcc97ee87fca3ef9ce5a8bc4fea02e34975723da,iroh_dial_p297822,discovery,cold,0,echo_rtt,0.834,ok
fcc97ee87fca3ef9ce5a8bc4fea02e34975723da,iroh_dial_p297822,discovery,cold,0,echo_rtt,0.671,ok
fcc97ee87fca3ef9ce5a8bc4fea02e34975723da,iroh_dial_p297822,discovery,cold,0,echo_rtt,0.672,ok
fcc97ee87fca3ef9ce5a8bc4fea02e34975723da,iroh_dial_p297822,discovery,cold,0,echo_rtt,0.853,ok
fcc97ee87fca3ef9ce5a8bc4fea02e34975723da,iroh_dial_p297822,discovery,cold,0,echo_rtt,0.776,ok
fcc97ee87fca3ef9ce5a8bc4fea02e34975723da,iroh_dial_p297822,discovery,cold,0,echo_rtt,0.783,ok
fcc97ee87fca3ef9ce5a8bc4fea02e34975723da,iroh_dial_p297822,discovery,cold,0,echo_rtt,0.620,ok
fcc97ee87fca3ef9ce5a8bc4fea02e34975723da,iroh_dial_p297822,discovery,cold,0,echo_rtt,0.701,ok
fcc97ee87fca3ef9ce5a8bc4fea02e34975723da,iroh_dial_p297822,discovery,cold,0,echo_rtt,0.661,ok
fcc97ee87fca3ef9ce5a8bc4fea02e34975723da,iroh_dial_p297822,discovery,cold,0,echo_rtt,0.649,ok
fcc97ee87fca3ef9ce5a8bc4fea02e34975723da,iroh_dial_p297822,discovery,cold,0,echo_rtt,0.701,ok
fcc97ee87fca3ef9ce5a8bc4fea02e34975723da,iroh_dial_p297822,discovery,cold,0,echo_rtt,0.744,ok
fcc97ee87fca3ef9ce5a8bc4fea02e34975723da,iroh_dial_p297822,discovery,cold,0,echo_rtt,0.666,ok
fcc97ee87fca3ef9ce5a8bc4fea02e34975723da,iroh_dial_p297822,discovery,cold,0,echo_rtt,0.752,ok
fcc97ee87fca3ef9ce5a8bc4fea02e34975723da,iroh_dial_p297822,discovery,cold,0,echo_rtt,0.829,ok
fcc97ee87fca3ef9ce5a8bc4fea02e34975723da,iroh_dial_p297822,discovery,cold,0,echo_rtt,0.808,ok
fcc97ee87fca3ef9ce5a8bc4fea02e34975723da,iroh_dial_p297822,discovery,cold,0,echo_rtt,0.875,ok
fcc97ee87fca3ef9ce5a8bc4fea02e34975723da,iroh_dial_p297822,discovery,cold,0,echo_rtt,0.809,ok
fcc97ee87fca3ef9ce5a8bc4fea02e34975723da,iroh_dial_p297822,discovery,cold,0,echo_rtt,0.747,ok
fcc97ee87fca3ef9ce5a8bc4fea02e34975723da,iroh_dial_p297822,discovery,cold,0,echo_rtt,0.718,ok
fcc97ee87fca3ef9ce5a8bc4fea02e34975723da,iroh_dial_p297822,discovery,cold,0,echo_rtt,0.789,ok
fcc97ee87fca3ef9ce5a8bc4fea02e34975723da,iroh_dial_p297822,discovery,cold,0,echo_rtt,0.776,ok
fcc97ee87fca3ef9ce5a8bc4fea02e34975723da,iroh_dial_p297822,discovery,cold,0,echo_rtt,1.005,ok
fcc97ee87fca3ef9ce5a8bc4fea02e34975723da,iroh_dial_p297822,discovery,cold,0,echo_rtt,1.021,ok
fcc97ee87fca3ef9ce5a8bc4fea02e34975723da,iroh_dial_p297822,discovery,cold,0,echo_rtt,0.878,ok
fcc97ee87fca3ef9ce5a8bc4fea02e34975723da,iroh_dial_p297822,discovery,cold,0,echo_rtt,0.900,ok
fcc97ee87fca3ef9ce5a8bc4fea02e34975723da,iroh_dial_p297822,discovery,cold,0,echo_rtt,0.930,ok
fcc97ee87fca3ef9ce5a8bc4fea02e34975723da,iroh_dial_p297822,discovery,cold,0,echo_rtt,0.867,ok
fcc97ee87fca3ef9ce5a8bc4fea02e34975723da,iroh_dial_p297822,discovery,cold,0,echo_rtt,0.942,ok
fcc97ee87fca3ef9ce5a8bc4fea02e34975723da,iroh_dial_p297822,discovery,cold,0,echo_rtt,1.073,ok
fcc97ee87fca3ef9ce5a8bc4fea02e34975723da,iroh_dial_p297822,discovery,cold,0,echo_rtt,0.984,ok
fcc97ee87fca3ef9ce5a8bc4fea02e34975723da,iroh_dial_p297822,discovery,cold,0,echo_rtt,1.015,ok
fcc97ee87fca3ef9ce5a8bc4fea02e34975723da,iroh_dial_p297822,discovery,cold,0,echo_rtt,1.315,ok
fcc97ee87fca3ef9ce5a8bc4fea02e34975723da,iroh_dial_p297822,discovery,cold,0,echo_rtt,1.107,ok
fcc97ee87fca3ef9ce5a8bc4fea02e34975723da,iroh_dial_p297822,discovery,cold,0,echo_rtt,0.553,ok
fcc97ee87fca3ef9ce5a8bc4fea02e34975723da,iroh_dial_p297822,discovery,cold,0,echo_rtt,0.601,ok
fcc97ee87fca3ef9ce5a8bc4fea02e34975723da,iroh_dial_p297822,discovery,cold,0,echo_rtt,0.631,ok
fcc97ee87fca3ef9ce5a8bc4fea02e34975723da,iroh_dial_p297822,discovery,cold,0,echo_rtt,0.635,ok
fcc97ee87fca3ef9ce5a8bc4fea02e34975723da,iroh_dial_p297822,discovery,cold,0,echo_rtt,0.558,ok
fcc97ee87fca3ef9ce5a8bc4fea02e34975723da,iroh_dial_p297822,discovery,cold,0,echo_rtt,0.544,ok
fcc97ee87fca3ef9ce5a8bc4fea02e34975723da,iroh_dial_p297822,discovery,cold,0,echo_rtt,0.556,ok
fcc97ee87fca3ef9ce5a8bc4fea02e34975723da,iroh_dial_p297822,discovery,cold,0,echo_rtt,0.515,ok
fcc97ee87fca3ef9ce5a8bc4fea02e34975723da,iroh_dial_p297822,discovery,cold,0,echo_rtt,0.547,ok
fcc97ee87fca3ef9ce5a8bc4fea02e34975723da,iroh_dial_p297822,discovery,cold,0,echo_rtt,0.554,ok
fcc97ee87fca3ef9ce5a8bc4fea02e34975723da,iroh_dial_p297822,discovery,cold,0,echo_rtt,0.585,ok
fcc97ee87fca3ef9ce5a8bc4fea02e34975723da,iroh_dial_p297822,discovery,cold,0,echo_rtt,0.544,ok
fcc97ee87fca3ef9ce5a8bc4fea02e34975723da,iroh_dial_p297822,discovery,cold,0,echo_rtt,0.510,ok
fcc97ee87fca3ef9ce5a8bc4fea02e34975723da,iroh_dial_p297822,discovery,cold,0,echo_rtt,0.554,ok
fcc97ee87fca3ef9ce5a8bc4fea02e34975723da,iroh_dial_p297822,discovery,cold,0,echo_rtt,0.522,ok
fcc97ee87fca3ef9ce5a8bc4fea02e34975723da,iroh_dial_p297822,discovery,cold,0,echo_rtt,0.972,ok
fcc97ee87fca3ef9ce5a8bc4fea02e34975723da,iroh_dial_p297822,discovery,cold,0,echo_rtt,0.563,ok
fcc97ee87fca3ef9ce5a8bc4fea02e34975723da,iroh_dial_p297822,discovery,cold,0,echo_rtt,0.616,ok
fcc97ee87fca3ef9ce5a8bc4fea02e34975723da,iroh_dial_p297822,discovery,cold,0,echo_rtt,0.601,ok
fcc97ee87fca3ef9ce5a8bc4fea02e34975723da,iroh_dial_p297822,discovery,cold,0,echo_rtt,0.586,ok
fcc97ee87fca3ef9ce5a8bc4fea02e34975723da,iroh_dial_p297822,discovery,cold,0,echo_rtt,0.575,ok
fcc97ee87fca3ef9ce5a8bc4fea02e34975723da,iroh_dial_p297822,discovery,cold,0,echo_rtt,0.546,ok
fcc97ee87fca3ef9ce5a8bc4fea02e34975723da,iroh_dial_p297822,discovery,cold,0,echo_rtt,0.585,ok
fcc97ee87fca3ef9ce5a8bc4fea02e34975723da,iroh_dial_p297822,discovery,cold,0,echo_rtt,0.522,ok
fcc97ee87fca3ef9ce5a8bc4fea02e34975723da,iroh_dial_p297822,discovery,cold,0,echo_rtt,0.556,ok
fcc97ee87fca3ef9ce5a8bc4fea02e34975723da,iroh_dial_p297822,discovery,cold,0,echo_rtt,0.540,ok
fcc97ee87fca3ef9ce5a8bc4fea02e34975723da,iroh_dial_p297822,discovery,cold,0,echo_rtt,0.553,ok
fcc97ee87fca3ef9ce5a8bc4fea02e34975723da,iroh_dial_p297822,discovery,cold,0,echo_rtt,0.668,ok
fcc97ee87fca3ef9ce5a8bc4fea02e34975723da,iroh_dial_p297822,discovery,cold,0,echo_rtt,0.617,ok
fcc97ee87fca3ef9ce5a8bc4fea02e34975723da,iroh_dial_p297822,discovery,cold,0,echo_rtt,0.519,ok
fcc97ee87fca3ef9ce5a8bc4fea02e34975723da,iroh_dial_p297822,discovery,cold,0,echo_rtt,0.582,ok
fcc97ee87fca3ef9ce5a8bc4fea02e34975723da,iroh_dial_p297822,discovery,cold,0,echo_rtt,0.521,ok
fcc97ee87fca3ef9ce5a8bc4fea02e34975723da,iroh_dial_p297822,discovery,cold,0,echo_rtt,0.542,ok
fcc97ee87fca3ef9ce5a8bc4fea02e34975723da,iroh_dial_p297822,discovery,cold,0,echo_rtt,0.524,ok
fcc97ee87fca3ef9ce5a8bc4fea02e34975723da,iroh_dial_p297822,discovery,cold,0,echo_rtt,0.589,ok
fcc97ee87fca3ef9ce5a8bc4fea02e34975723da,iroh_dial_p297822,discovery,cold,0,echo_rtt,0.526,ok
fcc97ee87fca3ef9ce5a8bc4fea02e34975723da,iroh_dial_p297822,discovery,cold,0,echo_rtt,0.548,ok
fcc97ee87fca3ef9ce5a8bc4fea02e34975723da,iroh_dial_p297822,discovery,cold,0,echo_rtt,0.531,ok
fcc97ee87fca3ef9ce5a8bc4fea02e34975723da,iroh_dial_p297822,discovery,cold,0,echo_rtt,0.599,ok
fcc97ee87fca3ef9ce5a8bc4fea02e34975723da,iroh_dial_p297822,discovery,cold,0,echo_rtt,0.690,ok
fcc97ee87fca3ef9ce5a8bc4fea02e34975723da,iroh_dial_p297822,discovery,cold,0,echo_rtt,0.571,ok
fcc97ee87fca3ef9ce5a8bc4fea02e34975723da,iroh_dial_p297822,discovery,cold,0,echo_rtt,0.567,ok
fcc97ee87fca3ef9ce5a8bc4fea02e34975723da,iroh_dial_p297822,discovery,cold,0,echo_rtt,0.574,ok
fcc97ee87fca3ef9ce5a8bc4fea02e34975723da,iroh_dial_p297822,discovery,cold,0,echo_rtt,0.523,ok
fcc97ee87fca3ef9ce5a8bc4fea02e34975723da,iroh_dial_p297822,discovery,cold,0,echo_rtt,0.564,ok
fcc97ee87fca3ef9ce5a8bc4fea02e34975723da,iroh_dial_p297822,discovery,cold,0,echo_rtt,0.586,ok
fcc97ee87fca3ef9ce5a8bc4fea02e34975723da,iroh_dial_p297822,discovery,cold,0,echo_rtt,0.566,ok
fcc97ee87fca3ef9ce5a8bc4fea02e34975723da,iroh_dial_p297822,discovery,cold,0,echo_rtt,0.499,ok
fcc97ee87fca3ef9ce5a8bc4fea02e34975723da,iroh_dial_p297822,discovery,cold,0,echo_rtt,0.580,ok
fcc97ee87fca3ef9ce5a8bc4fea02e34975723da,iroh_dial_p297822,discovery,cold,0,echo_rtt,0.529,ok
fcc97ee87fca3ef9ce5a8bc4fea02e34975723da,iroh_dial_p297822,discovery,cold,0,echo_rtt,0.601,ok
fcc97ee87fca3ef9ce5a8bc4fea02e34975723da,iroh_dial_p297822,discovery,cold,0,echo_rtt,0.805,ok
fcc97ee87fca3ef9ce5a8bc4fea02e34975723da,iroh_dial_p297822,discovery,cold,0,echo_rtt,0.655,ok
fcc97ee87fca3ef9ce5a8bc4fea02e34975723da,iroh_dial_p297822,discovery,cold,0,echo_rtt,0.632,ok
fcc97ee87fca3ef9ce5a8bc4fea02e34975723da,iroh_dial_p297822,discovery,cold,0,echo_rtt,0.576,ok
fcc97ee87fca3ef9ce5a8bc4fea02e34975723da,iroh_dial_p297822,discovery,cold,0,echo_rtt,0.637,ok
fcc97ee87fca3ef9ce5a8bc4fea02e34975723da,iroh_dial_p297822,discovery,cold,0,echo_rtt,0.509,ok
fcc97ee87fca3ef9ce5a8bc4fea02e34975723da,iroh_dial_p297822,discovery,cold,0,echo_rtt,0.507,ok
fcc97ee87fca3ef9ce5a8bc4fea02e34975723da,iroh_dial_p297822,discovery,cold,0,echo_rtt,0.551,ok
fcc97ee87fca3ef9ce5a8bc4fea02e34975723da,iroh_dial_p297822,discovery,cold,0,echo_rtt,0.543,ok
fcc97ee87fca3ef9ce5a8bc4fea02e34975723da,iroh_dial_p297822,discovery,cold,0,echo_rtt,0.622,ok
fcc97ee87fca3ef9ce5a8bc4fea02e34975723da,iroh_dial_p297822,discovery,cold,0,echo_rtt,0.596,ok
fcc97ee87fca3ef9ce5a8bc4fea02e34975723da,iroh_dial_p297822,discovery,cold,0,echo_rtt,0.539,ok
fcc97ee87fca3ef9ce5a8bc4fea02e34975723da,iroh_dial_p297822,discovery,cold,0,echo_rtt,0.589,ok
fcc97ee87fca3ef9ce5a8bc4fea02e34975723da,iroh_dial_p297822,discovery,cold,0,echo_rtt,0.545,ok
fcc97ee87fca3ef9ce5a8bc4fea02e34975723da,iroh_dial_p297822,discovery,cold,0,echo_rtt,0.551,ok
fcc97ee87fca3ef9ce5a8bc4fea02e34975723da,iroh_dial_p297822,discovery,cold,0,runtime_start,0.389,ok
fcc97ee87fca3ef9ce5a8bc4fea02e34975723da,iroh_dial_p297822,discovery,cold,0,endpoint_bind,1.415,ok
fcc97ee87fca3ef9ce5a8bc4fea02e34975723da,iroh_dial_p297822,discovery,cold,0,address_lookup,1.684,ok
fcc97ee87fca3ef9ce5a8bc4fea02e34975723da,iroh_dial_p297822,discovery,cold,0,dial_handshake,193.200,ok
fcc97ee87fca3ef9ce5a8bc4fea02e34975723da,iroh_dial_p297822,discovery,cold,0,stream_open,83.600,ok
fcc97ee87fca3ef9ce5a8bc4fea02e34975723da,iroh_dial_p297822,discovery,cold,0,echo_rtt,0.704,ok
fcc97ee87fca3ef9ce5a8bc4fea02e34975723da,iroh_dial_p297822,discovery,cold,0,echo_rtt,0.566,ok
fcc97ee87fca3ef9ce5a8bc4fea02e34975723da,iroh_dial_p297822,discovery,cold,0,echo_rtt,0.613,ok
fcc97ee87fca3ef9ce5a8bc4fea02e34975723da,iroh_dial_p297822,discovery,cold,0,echo_rtt,0.624,ok
fcc97ee87fca3ef9ce5a8bc4fea02e34975723da,iroh_dial_p297822,discovery,cold,0,echo_rtt,0.765,ok
fcc97ee87fca3ef9ce5a8bc4fea02e34975723da,iroh_dial_p297822,discovery,cold,0,echo_rtt,0.689,ok
fcc97ee87fca3ef9ce5a8bc4fea02e34975723da,iroh_dial_p297822,discovery,cold,0,echo_rtt,0.647,ok
fcc97ee87fca3ef9ce5a8bc4fea02e34975723da,iroh_dial_p297822,discovery,cold,0,echo_rtt,0.579,ok
fcc97ee87fca3ef9ce5a8bc4fea02e34975723da,iroh_dial_p297822,discovery,cold,0,echo_rtt,0.563,ok
fcc97ee87fca3ef9ce5a8bc4fea02e34975723da,iroh_dial_p297822,discovery,cold,0,echo_rtt,0.650,ok
fcc97ee87fca3ef9ce5a8bc4fea02e34975723da,iroh_dial_p297822,discovery,cold,0,echo_rtt,0.573,ok
fcc97ee87fca3ef9ce5a8bc4fea02e34975723da,iroh_dial_p297822,discovery,cold,0,echo_rtt,0.519,ok
fcc97ee87fca3ef9ce5a8bc4fea02e34975723da,iroh_dial_p297822,discovery,cold,0,echo_rtt,0.651,ok
fcc97ee87fca3ef9ce5a8bc4fea02e34975723da,iroh_dial_p297822,discovery,cold,0,echo_rtt,0.509,ok
fcc97ee87fca3ef9ce5a8bc4fea02e34975723da,iroh_dial_p297822,discovery,cold,0,echo_rtt,0.553,ok
fcc97ee87fca3ef9ce5a8bc4fea02e34975723da,iroh_dial_p297822,discovery,cold,0,echo_rtt,0.536,ok
fcc97ee87fca3ef9ce5a8bc4fea02e34975723da,iroh_dial_p297822,discovery,cold,0,echo_rtt,0.601,ok
fcc97ee87fca3ef9ce5a8bc4fea02e34975723da,iroh_dial_p297822,discovery,cold,0,echo_rtt,0.550,ok
fcc97ee87fca3ef9ce5a8bc4fea02e34975723da,iroh_dial_p297822,discovery,cold,0,echo_rtt,0.650,ok
fcc97ee87fca3ef9ce5a8bc4fea02e34975723da,iroh_dial_p297822,discovery,cold,0,echo_rtt,0.588,ok
fcc97ee87fca3ef9ce5a8bc4fea02e34975723da,iroh_dial_p297822,discovery,cold,0,echo_rtt,0.666,ok
fcc97ee87fca3ef9ce5a8bc4fea02e34975723da,iroh_dial_p297822,discovery,cold,0,echo_rtt,0.609,ok
fcc97ee87fca3ef9ce5a8bc4fea02e34975723da,iroh_dial_p297822,discovery,cold,0,echo_rtt,0.569,ok
fcc97ee87fca3ef9ce5a8bc4fea02e34975723da,iroh_dial_p297822,discovery,cold,0,echo_rtt,0.665,ok
fcc97ee87fca3ef9ce5a8bc4fea02e34975723da,iroh_dial_p297822,discovery,cold,0,echo_rtt,0.550,ok
fcc97ee87fca3ef9ce5a8bc4fea02e34975723da,iroh_dial_p297822,discovery,cold,0,echo_rtt,0.520,ok
fcc97ee87fca3ef9ce5a8bc4fea02e34975723da,iroh_dial_p297822,discovery,cold,0,echo_rtt,0.579,ok
fcc97ee87fca3ef9ce5a8bc4fea02e34975723da,iroh_dial_p297822,discovery,cold,0,echo_rtt,0.584,ok
fcc97ee87fca3ef9ce5a8bc4fea02e34975723da,iroh_dial_p297822,discovery,cold,0,echo_rtt,0.549,ok
fcc97ee87fca3ef9ce5a8bc4fea02e34975723da,iroh_dial_p297822,discovery,cold,0,echo_rtt,0.552,ok
fcc97ee87fca3ef9ce5a8bc4fea02e34975723da,iroh_dial_p297822,discovery,cold,0,echo_rtt,0.562,ok
fcc97ee87fca3ef9ce5a8bc4fea02e34975723da,iroh_dial_p297822,discovery,cold,0,echo_rtt,0.561,ok
fcc97ee87fca3ef9ce5a8bc4fea02e34975723da,iroh_dial_p297822,discovery,cold,0,echo_rtt,0.546,ok
fcc97ee87fca3ef9ce5a8bc4fea02e34975723da,iroh_dial_p297822,discovery,cold,0,echo_rtt,0.653,ok
fcc97ee87fca3ef9ce5a8bc4fea02e34975723da,iroh_dial_p297822,discovery,cold,0,echo_rtt,0.632,ok
fcc97ee87fca3ef9ce5a8bc4fea02e34975723da,iroh_dial_p297822,discovery,cold,0,echo_rtt,0.510,ok
fcc97ee87fca3ef9ce5a8bc4fea02e34975723da,iroh_dial_p297822,discovery,cold,0,echo_rtt,0.514,ok
fcc97ee87fca3ef9ce5a8bc4fea02e34975723da,iroh_dial_p297822,discovery,cold,0,echo_rtt,0.559,ok
fcc97ee87fca3ef9ce5a8bc4fea02e34975723da,iroh_dial_p297822,discovery,cold,0,echo_rtt,0.577,ok
fcc97ee87fca3ef9ce5a8bc4fea02e34975723da,iroh_dial_p297822,discovery,cold,0,echo_rtt,0.627,ok
fcc97ee87fca3ef9ce5a8bc4fea02e34975723da,iroh_dial_p297822,discovery,cold,0,echo_rtt,0.574,ok
fcc97ee87fca3ef9ce5a8bc4fea02e34975723da,iroh_dial_p297822,discovery,cold,0,echo_rtt,0.570,ok
fcc97ee87fca3ef9ce5a8bc4fea02e34975723da,iroh_dial_p297822,discovery,cold,0,echo_rtt,0.615,ok
fcc97ee87fca3ef9ce5a8bc4fea02e34975723da,iroh_dial_p297822,discovery,cold,0,echo_rtt,0.572,ok
fcc97ee87fca3ef9ce5a8bc4fea02e34975723da,iroh_dial_p297822,discovery,cold,0,echo_rtt,0.658,ok
fcc97ee87fca3ef9ce5a8bc4fea02e34975723da,iroh_dial_p297822,discovery,cold,0,echo_rtt,0.563,ok
fcc97ee87fca3ef9ce5a8bc4fea02e34975723da,iroh_dial_p297822,discovery,cold,0,echo_rtt,0.558,ok
fcc97ee87fca3ef9ce5a8bc4fea02e34975723da,iroh_dial_p297822,discovery,cold,0,echo_rtt,0.748,ok
fcc97ee87fca3ef9ce5a8bc4fea02e34975723da,iroh_dial_p297822,discovery,cold,0,echo_rtt,0.619,ok
fcc97ee87fca3ef9ce5a8bc4fea02e34975723da,iroh_dial_p297822,discovery,cold,0,echo_rtt,0.534,ok
fcc97ee87fca3ef9ce5a8bc4fea02e34975723da,iroh_dial_p297822,discovery,cold,0,echo_rtt,0.603,ok
fcc97ee87fca3ef9ce5a8bc4fea02e34975723da,iroh_dial_p297822,discovery,cold,0,echo_rtt,0.586,ok
fcc97ee87fca3ef9ce5a8bc4fea02e34975723da,iroh_dial_p297822,discovery,cold,0,echo_rtt,0.573,ok
fcc97ee87fca3ef9ce5a8bc4fea02e34975723da,iroh_dial_p297822,discovery,cold,0,echo_rtt,0.551,ok
fcc97ee87fca3ef9ce5a8bc4fea02e34975723da,iroh_dial_p297822,discovery,cold,0,echo_rtt,0.493,ok
fcc97ee87fca3ef9ce5a8bc4fea02e34975723da,iroh_dial_p297822,discovery,cold,0,echo_rtt,0.525,ok
fcc97ee87fca3ef9ce5a8bc4fea02e34975723da,iroh_dial_p297822,discovery,cold,0,echo_rtt,0.532,ok
fcc97ee87fca3ef9ce5a8bc4fea02e34975723da,iroh_dial_p297822,discovery,cold,0,echo_rtt,0.657,ok
fcc97ee87fca3ef9ce5a8bc4fea02e34975723da,iroh_dial_p297822,discovery,cold,0,echo_rtt,0.552,ok
fcc97ee87fca3ef9ce5a8bc4fea02e34975723da,iroh_dial_p297822,discovery,cold,0,echo_rtt,0.543,ok
fcc97ee87fca3ef9ce5a8bc4fea02e34975723da,iroh_dial_p297822,discovery,cold,0,echo_rtt,0.727,ok
fcc97ee87fca3ef9ce5a8bc4fea02e34975723da,iroh_dial_p297822,discovery,cold,0,echo_rtt,0.628,ok
fcc97ee87fca3ef9ce5a8bc4fea02e34975723da,iroh_dial_p297822,discovery,cold,0,echo_rtt,0.659,ok
fcc97ee87fca3ef9ce5a8bc4fea02e34975723da,iroh_dial_p297822,discovery,cold,0,echo_rtt,0.607,ok
fcc97ee87fca3ef9ce5a8bc4fea02e34975723da,iroh_dial_p297822,discovery,cold,0,echo_rtt,0.652,ok
fcc97ee87fca3ef9ce5a8bc4fea02e34975723da,iroh_dial_p297822,discovery,cold,0,echo_rtt,0.574,ok
fcc97ee87fca3ef9ce5a8bc4fea02e34975723da,iroh_dial_p297822,discovery,cold,0,echo_rtt,0.597,ok
fcc97ee87fca3ef9ce5a8bc4fea02e34975723da,iroh_dial_p297822,discovery,cold,0,echo_rtt,0.786,ok
fcc97ee87fca3ef9ce5a8bc4fea02e34975723da,iroh_dial_p297822,discovery,cold,0,echo_rtt,0.574,ok
fcc97ee87fca3ef9ce5a8bc4fea02e34975723da,iroh_dial_p297822,discovery,cold,0,echo_rtt,0.525,ok
fcc97ee87fca3ef9ce5a8bc4fea02e34975723da,iroh_dial_p297822,discovery,cold,0,echo_rtt,0.587,ok
fcc97ee87fca3ef9ce5a8bc4fea02e34975723da,iroh_dial_p297822,discovery,cold,0,echo_rtt,0.533,ok
fcc97ee87fca3ef9ce5a8bc4fea02e34975723da,iroh_dial_p297822,discovery,cold,0,echo_rtt,0.632,ok
fcc97ee87fca3ef9ce5a8bc4fea02e34975723da,iroh_dial_p297822,discovery,cold,0,echo_rtt,0.537,ok
fcc97ee87fca3ef9ce5a8bc4fea02e34975723da,iroh_dial_p297822,discovery,cold,0,echo_rtt,0.587,ok
fcc97ee87fca3ef9ce5a8bc4fea02e34975723da,iroh_dial_p297822,discovery,cold,0,echo_rtt,0.554,ok
fcc97ee87fca3ef9ce5a8bc4fea02e34975723da,iroh_dial_p297822,discovery,cold,0,echo_rtt,0.604,ok
fcc97ee87fca3ef9ce5a8bc4fea02e34975723da,iroh_dial_p297822,discovery,cold,0,echo_rtt,0.544,ok
fcc97ee87fca3ef9ce5a8bc4fea02e34975723da,iroh_dial_p297822,discovery,cold,0,echo_rtt,0.531,ok
fcc97ee87fca3ef9ce5a8bc4fea02e34975723da,iroh_dial_p297822,discovery,cold,0,echo_rtt,0.564,ok
fcc97ee87fca3ef9ce5a8bc4fea02e34975723da,iroh_dial_p297822,discovery,cold,0,echo_rtt,0.648,ok
fcc97ee87fca3ef9ce5a8bc4fea02e34975723da,iroh_dial_p297822,discovery,cold,0,echo_rtt,0.504,ok
fcc97ee87fca3ef9ce5a8bc4fea02e34975723da,iroh_dial_p297822,discovery,cold,0,echo_rtt,0.555,ok
fcc97ee87fca3ef9ce5a8bc4fea02e34975723da,iroh_dial_p297822,discovery,cold,0,echo_rtt,0.529,ok
fcc97ee87fca3ef9ce5a8bc4fea02e34975723da,iroh_dial_p297822,discovery,cold,0,echo_rtt,0.580,ok
fcc97ee87fca3ef9ce5a8bc4fea02e34975723da,iroh_dial_p297822,discovery,cold,0,echo_rtt,0.535,ok
fcc97ee87fca3ef9ce5a8bc4fea02e34975723da,iroh_dial_p297822,discovery,cold,0,echo_rtt,0.545,ok
fcc97ee87fca3ef9ce5a8bc4fea02e34975723da,iroh_dial_p297822,discovery,cold,0,echo_rtt,0.617,ok
fcc97ee87fca3ef9ce5a8bc4fea02e34975723da,iroh_dial_p297822,discovery,cold,0,echo_rtt,0.535,ok
fcc97ee87fca3ef9ce5a8bc4fea02e34975723da,iroh_dial_p297822,discovery,cold,0,echo_rtt,0.526,ok
fcc97ee87fca3ef9ce5a8bc4fea02e34975723da,iroh_dial_p297822,discovery,cold,0,echo_rtt,0.540,ok
fcc97ee87fca3ef9ce5a8bc4fea02e34975723da,iroh_dial_p297822,discovery,cold,0,echo_rtt,0.578,ok
fcc97ee87fca3ef9ce5a8bc4fea02e34975723da,iroh_dial_p297822,discovery,cold,0,echo_rtt,0.602,ok
fcc97ee87fca3ef9ce5a8bc4fea02e34975723da,iroh_dial_p297822,discovery,cold,0,echo_rtt,0.587,ok
fcc97ee87fca3ef9ce5a8bc4fea02e34975723da,iroh_dial_p297822,discovery,cold,0,echo_rtt,0.628,ok
fcc97ee87fca3ef9ce5a8bc4fea02e34975723da,iroh_dial_p297822,discovery,cold,0,echo_rtt,0.585,ok
fcc97ee87fca3ef9ce5a8bc4fea02e34975723da,iroh_dial_p297822,discovery,cold,0,echo_rtt,0.548,ok
fcc97ee87fca3ef9ce5a8bc4fea02e34975723da,iroh_dial_p297822,discovery,cold,0,echo_rtt,0.630,ok
fcc97ee87fca3ef9ce5a8bc4fea02e34975723da,iroh_dial_p297822,discovery,cold,0,echo_rtt,0.518,ok
fcc97ee87fca3ef9ce5a8bc4fea02e34975723da,iroh_dial_p297822,discovery,cold,0,echo_rtt,0.526,ok
fcc97ee87fca3ef9ce5a8bc4fea02e34975723da,iroh_dial_p297822,discovery,cold,0,runtime_start,0.394,ok
fcc97ee87fca3ef9ce5a8bc4fea02e34975723da,iroh_dial_p297822,discovery,cold,0,endpoint_bind,1.364,ok
fcc97ee87fca3ef9ce5a8bc4fea02e34975723da,iroh_dial_p297822,discovery,cold,0,address_lookup,1.657,ok
fcc97ee87fca3ef9ce5a8bc4fea02e34975723da,iroh_dial_p297822,discovery,cold,0,dial_handshake,193.368,ok
fcc97ee87fca3ef9ce5a8bc4fea02e34975723da,iroh_dial_p297822,discovery,cold,0,stream_open,83.522,ok
fcc97ee87fca3ef9ce5a8bc4fea02e34975723da,iroh_dial_p297822,discovery,cold,0,echo_rtt,0.917,ok
fcc97ee87fca3ef9ce5a8bc4fea02e34975723da,iroh_dial_p297822,discovery,cold,0,echo_rtt,0.712,ok
fcc97ee87fca3ef9ce5a8bc4fea02e34975723da,iroh_dial_p297822,discovery,cold,0,echo_rtt,0.517,ok
fcc97ee87fca3ef9ce5a8bc4fea02e34975723da,iroh_dial_p297822,discovery,cold,0,echo_rtt,0.685,ok
fcc97ee87fca3ef9ce5a8bc4fea02e34975723da,iroh_dial_p297822,discovery,cold,0,echo_rtt,0.677,ok
fcc97ee87fca3ef9ce5a8bc4fea02e34975723da,iroh_dial_p297822,discovery,cold,0,echo_rtt,0.747,ok
fcc97ee87fca3ef9ce5a8bc4fea02e34975723da,iroh_dial_p297822,discovery,cold,0,echo_rtt,0.625,ok
fcc97ee87fca3ef9ce5a8bc4fea02e34975723da,iroh_dial_p297822,discovery,cold,0,echo_rtt,0.655,ok
fcc97ee87fca3ef9ce5a8bc4fea02e34975723da,iroh_dial_p297822,discovery,cold,0,echo_rtt,0.686,ok
fcc97ee87fca3ef9ce5a8bc4fea02e34975723da,iroh_dial_p297822,discovery,cold,0,echo_rtt,0.637,ok
fcc97ee87fca3ef9ce5a8bc4fea02e34975723da,iroh_dial_p297822,discovery,cold,0,echo_rtt,0.625,ok
fcc97ee87fca3ef9ce5a8bc4fea02e34975723da,iroh_dial_p297822,discovery,cold,0,echo_rtt,0.554,ok
fcc97ee87fca3ef9ce5a8bc4fea02e34975723da,iroh_dial_p297822,discovery,cold,0,echo_rtt,0.588,ok
fcc97ee87fca3ef9ce5a8bc4fea02e34975723da,iroh_dial_p297822,discovery,cold,0,echo_rtt,0.566,ok
fcc97ee87fca3ef9ce5a8bc4fea02e34975723da,iroh_dial_p297822,discovery,cold,0,echo_rtt,0.568,ok
fcc97ee87fca3ef9ce5a8bc4fea02e34975723da,iroh_dial_p297822,discovery,cold,0,echo_rtt,0.551,ok
fcc97ee87fca3ef9ce5a8bc4fea02e34975723da,iroh_dial_p297822,discovery,cold,0,echo_rtt,0.548,ok
fcc97ee87fca3ef9ce5a8bc4fea02e34975723da,iroh_dial_p297822,discovery,cold,0,echo_rtt,0.539,ok
fcc97ee87fca3ef9ce5a8bc4fea02e34975723da,iroh_dial_p297822,discovery,cold,0,echo_rtt,0.571,ok
fcc97ee87fca3ef9ce5a8bc4fea02e34975723da,iroh_dial_p297822,discovery,cold,0,echo_rtt,0.551,ok
fcc97ee87fca3ef9ce5a8bc4fea02e34975723da,iroh_dial_p297822,discovery,cold,0,echo_rtt,0.582,ok
fcc97ee87fca3ef9ce5a8bc4fea02e34975723da,iroh_dial_p297822,discovery,cold,0,echo_rtt,0.541,ok
fcc97ee87fca3ef9ce5a8bc4fea02e34975723da,iroh_dial_p297822,discovery,cold,0,echo_rtt,0.534,ok
fcc97ee87fca3ef9ce5a8bc4fea02e34975723da,iroh_dial_p297822,discovery,cold,0,echo_rtt,0.525,ok
fcc97ee87fca3ef9ce5a8bc4fea02e34975723da,iroh_dial_p297822,discovery,cold,0,echo_rtt,0.558,ok
fcc97ee87fca3ef9ce5a8bc4fea02e34975723da,iroh_dial_p297822,discovery,cold,0,echo_rtt,0.560,ok
fcc97ee87fca3ef9ce5a8bc4fea02e34975723da,iroh_dial_p297822,discovery,cold,0,echo_rtt,0.561,ok
fcc97ee87fca3ef9ce5a8bc4fea02e34975723da,iroh_dial_p297822,discovery,cold,0,echo_rtt,0.557,ok
fcc97ee87fca3ef9ce5a8bc4fea02e34975723da,iroh_dial_p297822,discovery,cold,0,echo_rtt,0.571,ok
fcc97ee87fca3ef9ce5a8bc4fea02e34975723da,iroh_dial_p297822,discovery,cold,0,echo_rtt,0.532,ok
fcc97ee87fca3ef9ce5a8bc4fea02e34975723da,iroh_dial_p297822,discovery,cold,0,echo_rtt,0.539,ok
fcc97ee87fca3ef9ce5a8bc4fea02e34975723da,iroh_dial_p297822,discovery,cold,0,echo_rtt,0.517,ok
fcc97ee87fca3ef9ce5a8bc4fea02e34975723da,iroh_dial_p297822,discovery,cold,0,echo_rtt,0.561,ok
fcc97ee87fca3ef9ce5a8bc4fea02e34975723da,iroh_dial_p297822,discovery,cold,0,echo_rtt,0.571,ok
fcc97ee87fca3ef9ce5a8bc4fea02e34975723da,iroh_dial_p297822,discovery,cold,0,echo_rtt,0.537,ok
fcc97ee87fca3ef9ce5a8bc4fea02e34975723da,iroh_dial_p297822,discovery,cold,0,echo_rtt,0.531,ok
fcc97ee87fca3ef9ce5a8bc4fea02e34975723da,iroh_dial_p297822,discovery,cold,0,echo_rtt,0.532,ok
fcc97ee87fca3ef9ce5a8bc4fea02e34975723da,iroh_dial_p297822,discovery,cold,0,echo_rtt,0.579,ok
fcc97ee87fca3ef9ce5a8bc4fea02e34975723da,iroh_dial_p297822,discovery,cold,0,echo_rtt,0.569,ok
fcc97ee87fca3ef9ce5a8bc4fea02e34975723da,iroh_dial_p297822,discovery,cold,0,echo_rtt,0.594,ok
fcc97ee87fca3ef9ce5a8bc4fea02e34975723da,iroh_dial_p297822,discovery,cold,0,echo_rtt,0.588,ok
fcc97ee87fca3ef9ce5a8bc4fea02e34975723da,iroh_dial_p297822,discovery,cold,0,echo_rtt,0.613,ok
fcc97ee87fca3ef9ce5a8bc4fea02e34975723da,iroh_dial_p297822,discovery,cold,0,echo_rtt,0.560,ok
fcc97ee87fca3ef9ce5a8bc4fea02e34975723da,iroh_dial_p297822,discovery,cold,0,echo_rtt,0.598,ok
fcc97ee87fca3ef9ce5a8bc4fea02e34975723da,iroh_dial_p297822,discovery,cold,0,echo_rtt,0.573,ok
fcc97ee87fca3ef9ce5a8bc4fea02e34975723da,iroh_dial_p297822,discovery,cold,0,echo_rtt,0.652,ok
fcc97ee87fca3ef9ce5a8bc4fea02e34975723da,iroh_dial_p297822,discovery,cold,0,echo_rtt,0.560,ok
fcc97ee87fca3ef9ce5a8bc4fea02e34975723da,iroh_dial_p297822,discovery,cold,0,echo_rtt,0.590,ok
fcc97ee87fca3ef9ce5a8bc4fea02e34975723da,iroh_dial_p297822,discovery,cold,0,echo_rtt,0.538,ok
fcc97ee87fca3ef9ce5a8bc4fea02e34975723da,iroh_dial_p297822,discovery,cold,0,echo_rtt,0.544,ok
fcc97ee87fca3ef9ce5a8bc4fea02e34975723da,iroh_dial_p297822,discovery,cold,0,echo_rtt,0.510,ok
fcc97ee87fca3ef9ce5a8bc4fea02e34975723da,iroh_dial_p297822,discovery,cold,0,echo_rtt,0.544,ok
fcc97ee87fca3ef9ce5a8bc4fea02e34975723da,iroh_dial_p297822,discovery,cold,0,echo_rtt,0.522,ok
fcc97ee87fca3ef9ce5a8bc4fea02e34975723da,iroh_dial_p297822,discovery,cold,0,echo_rtt,0.513,ok
fcc97ee87fca3ef9ce5a8bc4fea02e34975723da,iroh_dial_p297822,discovery,cold,0,echo_rtt,0.558,ok
fcc97ee87fca3ef9ce5a8bc4fea02e34975723da,iroh_dial_p297822,discovery,cold,0,echo_rtt,0.565,ok
fcc97ee87fca3ef9ce5a8bc4fea02e34975723da,iroh_dial_p297822,discovery,cold,0,echo_rtt,0.547,ok
fcc97ee87fca3ef9ce5a8bc4fea02e34975723da,iroh_dial_p297822,discovery,cold,0,echo_rtt,0.605,ok
fcc97ee87fca3ef9ce5a8bc4fea02e34975723da,iroh_dial_p297822,discovery,cold,0,echo_rtt,0.694,ok
fcc97ee87fca3ef9ce5a8bc4fea02e34975723da,iroh_dial_p297822,discovery,cold,0,echo_rtt,0.526,ok
fcc97ee87fca3ef9ce5a8bc4fea02e34975723da,iroh_dial_p297822,discovery,cold,0,echo_rtt,0.622,ok
fcc97ee87fca3ef9ce5a8bc4fea02e34975723da,iroh_dial_p297822,discovery,cold,0,echo_rtt,0.956,ok
fcc97ee87fca3ef9ce5a8bc4fea02e34975723da,iroh_dial_p297822,discovery,cold,0,echo_rtt,0.591,ok
fcc97ee87fca3ef9ce5a8bc4fea02e34975723da,iroh_dial_p297822,discovery,cold,0,echo_rtt,0.562,ok
fcc97ee87fca3ef9ce5a8bc4fea02e34975723da,iroh_dial_p297822,discovery,cold,0,echo_rtt,0.629,ok
fcc97ee87fca3ef9ce5a8bc4fea02e34975723da,iroh_dial_p297822,discovery,cold,0,echo_rtt,0.567,ok
fcc97ee87fca3ef9ce5a8bc4fea02e34975723da,iroh_dial_p297822,discovery,cold,0,echo_rtt,0.525,ok
fcc97ee87fca3ef9ce5a8bc4fea02e34975723da,iroh_dial_p297822,discovery,cold,0,echo_rtt,0.557,ok
fcc97ee87fca3ef9ce5a8bc4fea02e34975723da,iroh_dial_p297822,discovery,cold,0,echo_rtt,0.548,ok
fcc97ee87fca3ef9ce5a8bc4fea02e34975723da,iroh_dial_p297822,discovery,cold,0,echo_rtt,0.550,ok
fcc97ee87fca3ef9ce5a8bc4fea02e34975723da,iroh_dial_p297822,discovery,cold,0,echo_rtt,0.554,ok
fcc97ee87fca3ef9ce5a8bc4fea02e34975723da,iroh_dial_p297822,discovery,cold,0,echo_rtt,0.547,ok
fcc97ee87fca3ef9ce5a8bc4fea02e34975723da,iroh_dial_p297822,discovery,cold,0,echo_rtt,0.539,ok
fcc97ee87fca3ef9ce5a8bc4fea02e34975723da,iroh_dial_p297822,discovery,cold,0,echo_rtt,0.540,ok
fcc97ee87fca3ef9ce5a8bc4fea02e34975723da,iroh_dial_p297822,discovery,cold,0,echo_rtt,0.704,ok
fcc97ee87fca3ef9ce5a8bc4fea02e34975723da,iroh_dial_p297822,discovery,cold,0,echo_rtt,0.650,ok
fcc97ee87fca3ef9ce5a8bc4fea02e34975723da,iroh_dial_p297822,discovery,cold,0,echo_rtt,0.574,ok
fcc97ee87fca3ef9ce5a8bc4fea02e34975723da,iroh_dial_p297822,discovery,cold,0,echo_rtt,0.718,ok
fcc97ee87fca3ef9ce5a8bc4fea02e34975723da,iroh_dial_p297822,discovery,cold,0,echo_rtt,0.590,ok
fcc97ee87fca3ef9ce5a8bc4fea02e34975723da,iroh_dial_p297822,discovery,cold,0,echo_rtt,0.570,ok
fcc97ee87fca3ef9ce5a8bc4fea02e34975723da,iroh_dial_p297822,discovery,cold,0,echo_rtt,0.526,ok
fcc97ee87fca3ef9ce5a8bc4fea02e34975723da,iroh_dial_p297822,discovery,cold,0,echo_rtt,0.561,ok
fcc97ee87fca3ef9ce5a8bc4fea02e34975723da,iroh_dial_p297822,discovery,cold,0,echo_rtt,0.531,ok
fcc97ee87fca3ef9ce5a8bc4fea02e34975723da,iroh_dial_p297822,discovery,cold,0,echo_rtt,0.525,ok
fcc97ee87fca3ef9ce5a8bc4fea02e34975723da,iroh_dial_p297822,discovery,cold,0,echo_rtt,0.537,ok
fcc97ee87fca3ef9ce5a8bc4fea02e34975723da,iroh_dial_p297822,discovery,cold,0,echo_rtt,0.553,ok
fcc97ee87fca3ef9ce5a8bc4fea02e34975723da,iroh_dial_p297822,discovery,cold,0,echo_rtt,0.533,ok
fcc97ee87fca3ef9ce5a8bc4fea02e34975723da,iroh_dial_p297822,discovery,cold,0,echo_rtt,0.595,ok
fcc97ee87fca3ef9ce5a8bc4fea02e34975723da,iroh_dial_p297822,discovery,cold,0,echo_rtt,0.534,ok
fcc97ee87fca3ef9ce5a8bc4fea02e34975723da,iroh_dial_p297822,discovery,cold,0,echo_rtt,0.581,ok
fcc97ee87fca3ef9ce5a8bc4fea02e34975723da,iroh_dial_p297822,discovery,cold,0,echo_rtt,0.719,ok
fcc97ee87fca3ef9ce5a8bc4fea02e34975723da,iroh_dial_p297822,discovery,cold,0,echo_rtt,0.715,ok
fcc97ee87fca3ef9ce5a8bc4fea02e34975723da,iroh_dial_p297822,discovery,cold,0,echo_rtt,0.577,ok
fcc97ee87fca3ef9ce5a8bc4fea02e34975723da,iroh_dial_p297822,discovery,cold,0,echo_rtt,0.550,ok
fcc97ee87fca3ef9ce5a8bc4fea02e34975723da,iroh_dial_p297822,discovery,cold,0,echo_rtt,0.530,ok
fcc97ee87fca3ef9ce5a8bc4fea02e34975723da,iroh_dial_p297822,discovery,cold,0,echo_rtt,0.518,ok
fcc97ee87fca3ef9ce5a8bc4fea02e34975723da,iroh_dial_p297822,discovery,cold,0,echo_rtt,0.560,ok
fcc97ee87fca3ef9ce5a8bc4fea02e34975723da,iroh_dial_p297822,discovery,cold,0,echo_rtt,0.558,ok
fcc97ee87fca3ef9ce5a8bc4fea02e34975723da,iroh_dial_p297822,discovery,cold,0,echo_rtt,0.614,ok
fcc97ee87fca3ef9ce5a8bc4fea02e34975723da,iroh_dial_p297822,discovery,cold,0,echo_rtt,0.549,ok
fcc97ee87fca3ef9ce5a8bc4fea02e34975723da,iroh_dial_p1550274,discovery,cold,0,runtime_start,0.345,ok
fcc97ee87fca3ef9ce5a8bc4fea02e34975723da,iroh_dial_p1550274,discovery,cold,0,endpoint_bind,1.363,ok
fcc97ee87fca3ef9ce5a8bc4fea02e34975723da,iroh_dial_p1550274,discovery,cold,0,address_lookup,1.581,ok
fcc97ee87fca3ef9ce5a8bc4fea02e34975723da,iroh_dial_p1550274,discovery,cold,0,dial_handshake,193.754,ok
fcc97ee87fca3ef9ce5a8bc4fea02e34975723da,iroh_dial_p1550274,discovery,cold,0,stream_open,83.969,ok
fcc97ee87fca3ef9ce5a8bc4fea02e34975723da,iroh_dial_p1550274,discovery,cold,0,echo_rtt,3.633,ok
fcc97ee87fca3ef9ce5a8bc4fea02e34975723da,iroh_dial_p1550274,discovery,cold,0,echo_rtt,3.133,ok
fcc97ee87fca3ef9ce5a8bc4fea02e34975723da,iroh_dial_p1550274,discovery,cold,0,echo_rtt,2.817,ok
fcc97ee87fca3ef9ce5a8bc4fea02e34975723da,iroh_dial_p1550274,discovery,cold,0,echo_rtt,2.813,ok
fcc97ee87fca3ef9ce5a8bc4fea02e34975723da,iroh_dial_p1550274,discovery,cold,0,echo_rtt,2.845,ok
fcc97ee87fca3ef9ce5a8bc4fea02e34975723da,iroh_dial_p1550274,discovery,cold,0,echo_rtt,3.079,ok
fcc97ee87fca3ef9ce5a8bc4fea02e34975723da,iroh_dial_p1550274,discovery,cold,0,echo_rtt,3.046,ok
fcc97ee87fca3ef9ce5a8bc4fea02e34975723da,iroh_dial_p1550274,discovery,cold,0,echo_rtt,2.658,ok
fcc97ee87fca3ef9ce5a8bc4fea02e34975723da,iroh_dial_p1550274,discovery,cold,0,echo_rtt,2.469,ok
fcc97ee87fca3ef9ce5a8bc4fea02e34975723da,iroh_dial_p1550274,discovery,cold,0,echo_rtt,2.716,ok
fcc97ee87fca3ef9ce5a8bc4fea02e34975723da,iroh_dial_p1550274,discovery,cold,0,echo_rtt,2.941,ok
fcc97ee87fca3ef9ce5a8bc4fea02e34975723da,iroh_dial_p1550274,discovery,cold,0,echo_rtt,3.234,ok
fcc97ee87fca3ef9ce5a8bc4fea02e34975723da,iroh_dial_p1550274,discovery,cold,0,echo_rtt,3.316,ok
fcc97ee87fca3ef9ce5a8bc4fea02e34975723da,iroh_dial_p1550274,discovery,cold,0,echo_rtt,3.268,ok
fcc97ee87fca3ef9ce5a8bc4fea02e34975723da,iroh_dial_p1550274,discovery,cold,0,echo_rtt,3.151,ok
fcc97ee87fca3ef9ce5a8bc4fea02e34975723da,iroh_dial_p1550274,discovery,cold,0,echo_rtt,2.733,ok
fcc97ee87fca3ef9ce5a8bc4fea02e34975723da,iroh_dial_p1550274,discovery,cold,0,echo_rtt,2.824,ok
fcc97ee87fca3ef9ce5a8bc4fea02e34975723da,iroh_dial_p1550274,discovery,cold,0,echo_rtt,2.839,ok
fcc97ee87fca3ef9ce5a8bc4fea02e34975723da,iroh_dial_p1550274,discovery,cold,0,echo_rtt,3.110,ok
fcc97ee87fca3ef9ce5a8bc4fea02e34975723da,iroh_dial_p1550274,discovery,cold,0,echo_rtt,2.715,ok
fcc97ee87fca3ef9ce5a8bc4fea02e34975723da,iroh_dial_p1550274,discovery,cold,0,echo_rtt,2.860,ok
fcc97ee87fca3ef9ce5a8bc4fea02e34975723da,iroh_dial_p1550274,discovery,cold,0,echo_rtt,3.317,ok
fcc97ee87fca3ef9ce5a8bc4fea02e34975723da,iroh_dial_p1550274,discovery,cold,0,echo_rtt,3.311,ok
fcc97ee87fca3ef9ce5a8bc4fea02e34975723da,iroh_dial_p1550274,discovery,cold,0,echo_rtt,3.076,ok
fcc97ee87fca3ef9ce5a8bc4fea02e34975723da,iroh_dial_p1550274,discovery,cold,0,echo_rtt,2.861,ok
fcc97ee87fca3ef9ce5a8bc4fea02e34975723da,iroh_dial_p1550274,discovery,cold,0,echo_rtt,2.988,ok
fcc97ee87fca3ef9ce5a8bc4fea02e34975723da,iroh_dial_p1550274,discovery,cold,0,echo_rtt,2.739,ok
fcc97ee87fca3ef9ce5a8bc4fea02e34975723da,iroh_dial_p1550274,discovery,cold,0,echo_rtt,2.933,ok
fcc97ee87fca3ef9ce5a8bc4fea02e34975723da,iroh_dial_p1550274,discovery,cold,0,echo_rtt,2.687,ok
fcc97ee87fca3ef9ce5a8bc4fea02e34975723da,iroh_dial_p1550274,discovery,cold,0,echo_rtt,2.566,ok
fcc97ee87fca3ef9ce5a8bc4fea02e34975723da,iroh_dial_p1550274,discovery,cold,0,echo_rtt,2.551,ok
fcc97ee87fca3ef9ce5a8bc4fea02e34975723da,iroh_dial_p1550274,discovery,cold,0,echo_rtt,2.622,ok
fcc97ee87fca3ef9ce5a8bc4fea02e34975723da,iroh_dial_p1550274,discovery,cold,0,echo_rtt,2.891,ok
fcc97ee87fca3ef9ce5a8bc4fea02e34975723da,iroh_dial_p1550274,discovery,cold,0,echo_rtt,3.160,ok
fcc97ee87fca3ef9ce5a8bc4fea02e34975723da,iroh_dial_p1550274,discovery,cold,0,echo_rtt,2.573,ok
fcc97ee87fca3ef9ce5a8bc4fea02e34975723da,iroh_dial_p1550274,discovery,cold,0,echo_rtt,2.628,ok
fcc97ee87fca3ef9ce5a8bc4fea02e34975723da,iroh_dial_p1550274,discovery,cold,0,echo_rtt,3.205,ok
fcc97ee87fca3ef9ce5a8bc4fea02e34975723da,iroh_dial_p1550274,discovery,cold,0,echo_rtt,2.699,ok
fcc97ee87fca3ef9ce5a8bc4fea02e34975723da,iroh_dial_p1550274,discovery,cold,0,echo_rtt,2.837,ok
fcc97ee87fca3ef9ce5a8bc4fea02e34975723da,iroh_dial_p1550274,discovery,cold,0,echo_rtt,2.999,ok
fcc97ee87fca3ef9ce5a8bc4fea02e34975723da,iroh_dial_p1550274,discovery,cold,0,echo_rtt,2.999,ok
fcc97ee87fca3ef9ce5a8bc4fea02e34975723da,iroh_dial_p1550274,discovery,cold,0,echo_rtt,2.688,ok
fcc97ee87fca3ef9ce5a8bc4fea02e34975723da,iroh_dial_p1550274,discovery,cold,0,echo_rtt,3.005,ok
fcc97ee87fca3ef9ce5a8bc4fea02e34975723da,iroh_dial_p1550274,discovery,cold,0,echo_rtt,2.931,ok
fcc97ee87fca3ef9ce5a8bc4fea02e34975723da,iroh_dial_p1550274,discovery,cold,0,echo_rtt,2.664,ok
fcc97ee87fca3ef9ce5a8bc4fea02e34975723da,iroh_dial_p1550274,discovery,cold,0,echo_rtt,3.023,ok
fcc97ee87fca3ef9ce5a8bc4fea02e34975723da,iroh_dial_p1550274,discovery,cold,0,echo_rtt,3.018,ok
fcc97ee87fca3ef9ce5a8bc4fea02e34975723da,iroh_dial_p1550274,discovery,cold,0,echo_rtt,3.213,ok
fcc97ee87fca3ef9ce5a8bc4fea02e34975723da,iroh_dial_p1550274,discovery,cold,0,echo_rtt,3.237,ok
fcc97ee87fca3ef9ce5a8bc4fea02e34975723da,iroh_dial_p1550274,discovery,cold,0,echo_rtt,2.736,ok
fcc97ee87fca3ef9ce5a8bc4fea02e34975723da,iroh_dial_p1550274,discovery,cold,0,echo_rtt,3.121,ok
fcc97ee87fca3ef9ce5a8bc4fea02e34975723da,iroh_dial_p1550274,discovery,cold,0,echo_rtt,3.197,ok
fcc97ee87fca3ef9ce5a8bc4fea02e34975723da,iroh_dial_p1550274,discovery,cold,0,echo_rtt,2.942,ok
fcc97ee87fca3ef9ce5a8bc4fea02e34975723da,iroh_dial_p1550274,discovery,cold,0,echo_rtt,3.449,ok
fcc97ee87fca3ef9ce5a8bc4fea02e34975723da,iroh_dial_p1550274,discovery,cold,0,echo_rtt,3.329,ok
fcc97ee87fca3ef9ce5a8bc4fea02e34975723da,iroh_dial_p1550274,discovery,cold,0,echo_rtt,2.931,ok
fcc97ee87fca3ef9ce5a8bc4fea02e34975723da,iroh_dial_p1550274,discovery,cold,0,echo_rtt,3.001,ok
fcc97ee87fca3ef9ce5a8bc4fea02e34975723da,iroh_dial_p1550274,discovery,cold,0,echo_rtt,3.247,ok
fcc97ee87fca3ef9ce5a8bc4fea02e34975723da,iroh_dial_p1550274,discovery,cold,0,echo_rtt,3.131,ok
fcc97ee87fca3ef9ce5a8bc4fea02e34975723da,iroh_dial_p1550274,discovery,cold,0,echo_rtt,3.121,ok
fcc97ee87fca3ef9ce5a8bc4fea02e34975723da,iroh_dial_p1550274,discovery,cold,0,echo_rtt,2.657,ok
fcc97ee87fca3ef9ce5a8bc4fea02e34975723da,iroh_dial_p1550274,discovery,cold,0,echo_rtt,3.151,ok
fcc97ee87fca3ef9ce5a8bc4fea02e34975723da,iroh_dial_p1550274,discovery,cold,0,echo_rtt,3.209,ok
fcc97ee87fca3ef9ce5a8bc4fea02e34975723da,iroh_dial_p1550274,discovery,cold,0,echo_rtt,3.163,ok
fcc97ee87fca3ef9ce5a8bc4fea02e34975723da,iroh_dial_p1550274,discovery,cold,0,echo_rtt,3.402,ok
fcc97ee87fca3ef9ce5a8bc4fea02e34975723da,iroh_dial_p1550274,discovery,cold,0,echo_rtt,3.169,ok
fcc97ee87fca3ef9ce5a8bc4fea02e34975723da,iroh_dial_p1550274,discovery,cold,0,echo_rtt,2.904,ok
fcc97ee87fca3ef9ce5a8bc4fea02e34975723da,iroh_dial_p1550274,discovery,cold,0,echo_rtt,3.233,ok
fcc97ee87fca3ef9ce5a8bc4fea02e34975723da,iroh_dial_p1550274,discovery,cold,0,echo_rtt,3.057,ok
fcc97ee87fca3ef9ce5a8bc4fea02e34975723da,iroh_dial_p1550274,discovery,cold,0,echo_rtt,3.114,ok
fcc97ee87fca3ef9ce5a8bc4fea02e34975723da,iroh_dial_p1550274,discovery,cold,0,echo_rtt,2.952,ok
fcc97ee87fca3ef9ce5a8bc4fea02e34975723da,iroh_dial_p1550274,discovery,cold,0,echo_rtt,2.960,ok
fcc97ee87fca3ef9ce5a8bc4fea02e34975723da,iroh_dial_p1550274,discovery,cold,0,echo_rtt,2.742,ok
fcc97ee87fca3ef9ce5a8bc4fea02e34975723da,iroh_dial_p1550274,discovery,cold,0,echo_rtt,3.070,ok
fcc97ee87fca3ef9ce5a8bc4fea02e34975723da,iroh_dial_p1550274,discovery,cold,0,echo_rtt,3.153,ok
fcc97ee87fca3ef9ce5a8bc4fea02e34975723da,iroh_dial_p1550274,discovery,cold,0,echo_rtt,3.255,ok
fcc97ee87fca3ef9ce5a8bc4fea02e34975723da,iroh_dial_p1550274,discovery,cold,0,echo_rtt,2.986,ok
fcc97ee87fca3ef9ce5a8bc4fea02e34975723da,iroh_dial_p1550274,discovery,cold,0,echo_rtt,3.151,ok
fcc97ee87fca3ef9ce5a8bc4fea02e34975723da,iroh_dial_p1550274,discovery,cold,0,echo_rtt,2.661,ok
fcc97ee87fca3ef9ce5a8bc4fea02e34975723da,iroh_dial_p1550274,discovery,cold,0,echo_rtt,2.641,ok
fcc97ee87fca3ef9ce5a8bc4fea02e34975723da,iroh_dial_p1550274,discovery,cold,0,echo_rtt,2.703,ok
fcc97ee87fca3ef9ce5a8bc4fea02e34975723da,iroh_dial_p1550274,discovery,cold,0,echo_rtt,3.079,ok
fcc97ee87fca3ef9ce5a8bc4fea02e34975723da,iroh_dial_p1550274,discovery,cold,0,echo_rtt,3.114,ok
fcc97ee87fca3ef9ce5a8bc4fea02e34975723da,iroh_dial_p1550274,discovery,cold,0,echo_rtt,2.978,ok
fcc97ee87fca3ef9ce5a8bc4fea02e34975723da,iroh_dial_p1550274,discovery,cold,0,echo_rtt,3.133,ok
fcc97ee87fca3ef9ce5a8bc4fea02e34975723da,iroh_dial_p1550274,discovery,cold,0,echo_rtt,3.280,ok
fcc97ee87fca3ef9ce5a8bc4fea02e34975723da,iroh_dial_p1550274,discovery,cold,0,echo_rtt,3.062,ok
fcc97ee87fca3ef9ce5a8bc4fea02e34975723da,iroh_dial_p1550274,discovery,cold,0,echo_rtt,2.890,ok
fcc97ee87fca3ef9ce5a8bc4fea02e34975723da,iroh_dial_p1550274,discovery,cold,0,echo_rtt,3.017,ok
fcc97ee87fca3ef9ce5a8bc4fea02e34975723da,iroh_dial_p1550274,discovery,cold,0,echo_rtt,2.913,ok
fcc97ee87fca3ef9ce5a8bc4fea02e34975723da,iroh_dial_p1550274,discovery,cold,0,echo_rtt,2.722,ok
fcc97ee87fca3ef9ce5a8bc4fea02e34975723da,iroh_dial_p1550274,discovery,cold,0,echo_rtt,2.968,ok
fcc97ee87fca3ef9ce5a8bc4fea02e34975723da,iroh_dial_p1550274,discovery,cold,0,echo_rtt,3.151,ok
fcc97ee87fca3ef9ce5a8bc4fea02e34975723da,iroh_dial_p1550274,discovery,cold,0,echo_rtt,3.214,ok
fcc97ee87fca3ef9ce5a8bc4fea02e34975723da,iroh_dial_p1550274,discovery,cold,0,echo_rtt,3.107,ok
fcc97ee87fca3ef9ce5a8bc4fea02e34975723da,iroh_dial_p1550274,discovery,cold,0,echo_rtt,2.916,ok
fcc97ee87fca3ef9ce5a8bc4fea02e34975723da,iroh_dial_p1550274,discovery,cold,0,echo_rtt,2.587,ok
fcc97ee87fca3ef9ce5a8bc4fea02e34975723da,iroh_dial_p1550274,discovery,cold,0,echo_rtt,3.148,ok
fcc97ee87fca3ef9ce5a8bc4fea02e34975723da,iroh_dial_p1550274,discovery,cold,0,echo_rtt,3.119,ok
fcc97ee87fca3ef9ce5a8bc4fea02e34975723da,iroh_dial_p1550274,discovery,cold,0,echo_rtt,2.837,ok
fcc97ee87fca3ef9ce5a8bc4fea02e34975723da,iroh_dial_p1550274,discovery,cold,0,runtime_start,0.388,ok
fcc97ee87fca3ef9ce5a8bc4fea02e34975723da,iroh_dial_p1550274,discovery,cold,0,endpoint_bind,1.435,ok
fcc97ee87fca3ef9ce5a8bc4fea02e34975723da,iroh_dial_p1550274,discovery,cold,0,address_lookup,1.616,ok
fcc97ee87fca3ef9ce5a8bc4fea02e34975723da,iroh_dial_p1550274,discovery,cold,0,dial_handshake,193.433,ok
fcc97ee87fca3ef9ce5a8bc4fea02e34975723da,iroh_dial_p1550274,discovery,cold,0,stream_open,83.843,ok
fcc97ee87fca3ef9ce5a8bc4fea02e34975723da,iroh_dial_p1550274,discovery,cold,0,echo_rtt,4.001,ok
fcc97ee87fca3ef9ce5a8bc4fea02e34975723da,iroh_dial_p1550274,discovery,cold,0,echo_rtt,3.203,ok
fcc97ee87fca3ef9ce5a8bc4fea02e34975723da,iroh_dial_p1550274,discovery,cold,0,echo_rtt,2.633,ok
fcc97ee87fca3ef9ce5a8bc4fea02e34975723da,iroh_dial_p1550274,discovery,cold,0,echo_rtt,2.949,ok
fcc97ee87fca3ef9ce5a8bc4fea02e34975723da,iroh_dial_p1550274,discovery,cold,0,echo_rtt,3.010,ok
fcc97ee87fca3ef9ce5a8bc4fea02e34975723da,iroh_dial_p1550274,discovery,cold,0,echo_rtt,3.052,ok
fcc97ee87fca3ef9ce5a8bc4fea02e34975723da,iroh_dial_p1550274,discovery,cold,0,echo_rtt,2.631,ok
fcc97ee87fca3ef9ce5a8bc4fea02e34975723da,iroh_dial_p1550274,discovery,cold,0,echo_rtt,2.616,ok
fcc97ee87fca3ef9ce5a8bc4fea02e34975723da,iroh_dial_p1550274,discovery,cold,0,echo_rtt,2.566,ok
fcc97ee87fca3ef9ce5a8bc4fea02e34975723da,iroh_dial_p1550274,discovery,cold,0,echo_rtt,2.531,ok
fcc97ee87fca3ef9ce5a8bc4fea02e34975723da,iroh_dial_p1550274,discovery,cold,0,echo_rtt,2.918,ok
fcc97ee87fca3ef9ce5a8bc4fea02e34975723da,iroh_dial_p1550274,discovery,cold,0,echo_rtt,2.895,ok
fcc97ee87fca3ef9ce5a8bc4fea02e34975723da,iroh_dial_p1550274,discovery,cold,0,echo_rtt,2.855,ok
fcc97ee87fca3ef9ce5a8bc4fea02e34975723da,iroh_dial_p1550274,discovery,cold,0,echo_rtt,2.773,ok
fcc97ee87fca3ef9ce5a8bc4fea02e34975723da,iroh_dial_p1550274,discovery,cold,0,echo_rtt,2.588,ok
fcc97ee87fca3ef9ce5a8bc4fea02e34975723da,iroh_dial_p1550274,discovery,cold,0,echo_rtt,2.741,ok
fcc97ee87fca3ef9ce5a8bc4fea02e34975723da,iroh_dial_p1550274,discovery,cold,0,echo_rtt,2.804,ok
fcc97ee87fca3ef9ce5a8bc4fea02e34975723da,iroh_dial_p1550274,discovery,cold,0,echo_rtt,2.613,ok
fcc97ee87fca3ef9ce5a8bc4fea02e34975723da,iroh_dial_p1550274,discovery,cold,0,echo_rtt,2.672,ok
fcc97ee87fca3ef9ce5a8bc4fea02e34975723da,iroh_dial_p1550274,discovery,cold,0,echo_rtt,2.616,ok
fcc97ee87fca3ef9ce5a8bc4fea02e34975723da,iroh_dial_p1550274,discovery,cold,0,echo_rtt,2.616,ok
fcc97ee87fca3ef9ce5a8bc4fea02e34975723da,iroh_dial_p1550274,discovery,cold,0,echo_rtt,2.726,ok
fcc97ee87fca3ef9ce5a8bc4fea02e34975723da,iroh_dial_p1550274,discovery,cold,0,echo_rtt,2.889,ok
fcc97ee87fca3ef9ce5a8bc4fea02e34975723da,iroh_dial_p1550274,discovery,cold,0,echo_rtt,2.806,ok
fcc97ee87fca3ef9ce5a8bc4fea02e34975723da,iroh_dial_p1550274,discovery,cold,0,echo_rtt,2.728,ok
fcc97ee87fca3ef9ce5a8bc4fea02e34975723da,iroh_dial_p1550274,discovery,cold,0,echo_rtt,2.825,ok
fcc97ee87fca3ef9ce5a8bc4fea02e34975723da,iroh_dial_p1550274,discovery,cold,0,echo_rtt,3.028,ok
fcc97ee87fca3ef9ce5a8bc4fea02e34975723da,iroh_dial_p1550274,discovery,cold,0,echo_rtt,2.788,ok
fcc97ee87fca3ef9ce5a8bc4fea02e34975723da,iroh_dial_p1550274,discovery,cold,0,echo_rtt,2.975,ok
fcc97ee87fca3ef9ce5a8bc4fea02e34975723da,iroh_dial_p1550274,discovery,cold,0,echo_rtt,2.466,ok
fcc97ee87fca3ef9ce5a8bc4fea02e34975723da,iroh_dial_p1550274,discovery,cold,0,echo_rtt,2.485,ok
fcc97ee87fca3ef9ce5a8bc4fea02e34975723da,iroh_dial_p1550274,discovery,cold,0,echo_rtt,2.547,ok
fcc97ee87fca3ef9ce5a8bc4fea02e34975723da,iroh_dial_p1550274,discovery,cold,0,echo_rtt,2.532,ok
fcc97ee87fca3ef9ce5a8bc4fea02e34975723da,iroh_dial_p1550274,discovery,cold,0,echo_rtt,2.513,ok
fcc97ee87fca3ef9ce5a8bc4fea02e34975723da,iroh_dial_p1550274,discovery,cold,0,echo_rtt,2.782,ok
fcc97ee87fca3ef9ce5a8bc4fea02e34975723da,iroh_dial_p1550274,discovery,cold,0,echo_rtt,2.941,ok
fcc97ee87fca3ef9ce5a8bc4fea02e34975723da,iroh_dial_p1550274,discovery,cold,0,echo_rtt,2.734,ok
fcc97ee87fca3ef9ce5a8bc4fea02e34975723da,iroh_dial_p1550274,discovery,cold,0,echo_rtt,2.658,ok
fcc97ee87fca3ef9ce5a8bc4fea02e34975723da,iroh_dial_p1550274,discovery,cold,0,echo_rtt,2.683,ok
fcc97ee87fca3ef9ce5a8bc4fea02e34975723da,iroh_dial_p1550274,discovery,cold,0,echo_rtt,2.796,ok
fcc97ee87fca3ef9ce5a8bc4fea02e34975723da,iroh_dial_p1550274,discovery,cold,0,echo_rtt,2.765,ok
fcc97ee87fca3ef9ce5a8bc4fea02e34975723da,iroh_dial_p1550274,discovery,cold,0,echo_rtt,2.874,ok
fcc97ee87fca3ef9ce5a8bc4fea02e34975723da,iroh_dial_p1550274,discovery,cold,0,echo_rtt,2.909,ok
fcc97ee87fca3ef9ce5a8bc4fea02e34975723da,iroh_dial_p1550274,discovery,cold,0,echo_rtt,2.558,ok
fcc97ee87fca3ef9ce5a8bc4fea02e34975723da,iroh_dial_p1550274,discovery,cold,0,echo_rtt,2.783,ok
fcc97ee87fca3ef9ce5a8bc4fea02e34975723da,iroh_dial_p1550274,discovery,cold,0,echo_rtt,2.762,ok
fcc97ee87fca3ef9ce5a8bc4fea02e34975723da,iroh_dial_p1550274,discovery,cold,0,echo_rtt,2.729,ok
fcc97ee87fca3ef9ce5a8bc4fea02e34975723da,iroh_dial_p1550274,discovery,cold,0,echo_rtt,2.633,ok
fcc97ee87fca3ef9ce5a8bc4fea02e34975723da,iroh_dial_p1550274,discovery,cold,0,echo_rtt,2.963,ok
fcc97ee87fca3ef9ce5a8bc4fea02e34975723da,iroh_dial_p1550274,discovery,cold,0,echo_rtt,2.870,ok
fcc97ee87fca3ef9ce5a8bc4fea02e34975723da,iroh_dial_p1550274,discovery,cold,0,echo_rtt,2.697,ok
fcc97ee87fca3ef9ce5a8bc4fea02e34975723da,iroh_dial_p1550274,discovery,cold,0,echo_rtt,2.585,ok
fcc97ee87fca3ef9ce5a8bc4fea02e34975723da,iroh_dial_p1550274,discovery,cold,0,echo_rtt,2.578,ok
fcc97ee87fca3ef9ce5a8bc4fea02e34975723da,iroh_dial_p1550274,discovery,cold,0,echo_rtt,2.859,ok
fcc97ee87fca3ef9ce5a8bc4fea02e34975723da,iroh_dial_p1550274,discovery,cold,0,echo_rtt,2.655,ok
fcc97ee87fca3ef9ce5a8bc4fea02e34975723da,iroh_dial_p1550274,discovery,cold,0,echo_rtt,2.668,ok
fcc97ee87fca3ef9ce5a8bc4fea02e34975723da,iroh_dial_p1550274,discovery,cold,0,echo_rtt,2.714,ok
fcc97ee87fca3ef9ce5a8bc4fea02e34975723da,iroh_dial_p1550274,discovery,cold,0,echo_rtt,2.779,ok
fcc97ee87fca3ef9ce5a8bc4fea02e34975723da,iroh_dial_p1550274,discovery,cold,0,echo_rtt,2.511,ok
fcc97ee87fca3ef9ce5a8bc4fea02e34975723da,iroh_dial_p1550274,discovery,cold,0,echo_rtt,2.653,ok
fcc97ee87fca3ef9ce5a8bc4fea02e34975723da,iroh_dial_p1550274,discovery,cold,0,echo_rtt,2.690,ok
fcc97ee87fca3ef9ce5a8bc4fea02e34975723da,iroh_dial_p1550274,discovery,cold,0,echo_rtt,2.476,ok
fcc97ee87fca3ef9ce5a8bc4fea02e34975723da,iroh_dial_p1550274,discovery,cold,0,echo_rtt,2.591,ok
fcc97ee87fca3ef9ce5a8bc4fea02e34975723da,iroh_dial_p1550274,discovery,cold,0,echo_rtt,2.809,ok
fcc97ee87fca3ef9ce5a8bc4fea02e34975723da,iroh_dial_p1550274,discovery,cold,0,echo_rtt,2.818,ok
fcc97ee87fca3ef9ce5a8bc4fea02e34975723da,iroh_dial_p1550274,discovery,cold,0,echo_rtt,2.736,ok
fcc97ee87fca3ef9ce5a8bc4fea02e34975723da,iroh_dial_p1550274,discovery,cold,0,echo_rtt,2.561,ok
fcc97ee87fca3ef9ce5a8bc4fea02e34975723da,iroh_dial_p1550274,discovery,cold,0,echo_rtt,2.838,ok
fcc97ee87fca3ef9ce5a8bc4fea02e34975723da,iroh_dial_p1550274,discovery,cold,0,echo_rtt,2.755,ok
fcc97ee87fca3ef9ce5a8bc4fea02e34975723da,iroh_dial_p1550274,discovery,cold,0,echo_rtt,3.022,ok
fcc97ee87fca3ef9ce5a8bc4fea02e34975723da,iroh_dial_p1550274,discovery,cold,0,echo_rtt,2.689,ok
fcc97ee87fca3ef9ce5a8bc4fea02e34975723da,iroh_dial_p1550274,discovery,cold,0,echo_rtt,2.571,ok
fcc97ee87fca3ef9ce5a8bc4fea02e34975723da,iroh_dial_p1550274,discovery,cold,0,echo_rtt,2.901,ok
fcc97ee87fca3ef9ce5a8bc4fea02e34975723da,iroh_dial_p1550274,discovery,cold,0,echo_rtt,3.024,ok
fcc97ee87fca3ef9ce5a8bc4fea02e34975723da,iroh_dial_p1550274,discovery,cold,0,echo_rtt,2.727,ok
fcc97ee87fca3ef9ce5a8bc4fea02e34975723da,iroh_dial_p1550274,discovery,cold,0,echo_rtt,2.790,ok
fcc97ee87fca3ef9ce5a8bc4fea02e34975723da,iroh_dial_p1550274,discovery,cold,0,echo_rtt,2.678,ok
fcc97ee87fca3ef9ce5a8bc4fea02e34975723da,iroh_dial_p1550274,discovery,cold,0,echo_rtt,2.599,ok
fcc97ee87fca3ef9ce5a8bc4fea02e34975723da,iroh_dial_p1550274,discovery,cold,0,echo_rtt,2.759,ok
fcc97ee87fca3ef9ce5a8bc4fea02e34975723da,iroh_dial_p1550274,discovery,cold,0,echo_rtt,2.755,ok
fcc97ee87fca3ef9ce5a8bc4fea02e34975723da,iroh_dial_p1550274,discovery,cold,0,echo_rtt,2.577,ok
fcc97ee87fca3ef9ce5a8bc4fea02e34975723da,iroh_dial_p1550274,discovery,cold,0,echo_rtt,3.027,ok
fcc97ee87fca3ef9ce5a8bc4fea02e34975723da,iroh_dial_p1550274,discovery,cold,0,echo_rtt,2.921,ok
fcc97ee87fca3ef9ce5a8bc4fea02e34975723da,iroh_dial_p1550274,discovery,cold,0,echo_rtt,2.704,ok
fcc97ee87fca3ef9ce5a8bc4fea02e34975723da,iroh_dial_p1550274,discovery,cold,0,echo_rtt,2.819,ok
fcc97ee87fca3ef9ce5a8bc4fea02e34975723da,iroh_dial_p1550274,discovery,cold,0,echo_rtt,2.719,ok
fcc97ee87fca3ef9ce5a8bc4fea02e34975723da,iroh_dial_p1550274,discovery,cold,0,echo_rtt,2.756,ok
fcc97ee87fca3ef9ce5a8bc4fea02e34975723da,iroh_dial_p1550274,discovery,cold,0,echo_rtt,2.537,ok
fcc97ee87fca3ef9ce5a8bc4fea02e34975723da,iroh_dial_p1550274,discovery,cold,0,echo_rtt,3.099,ok
fcc97ee87fca3ef9ce5a8bc4fea02e34975723da,iroh_dial_p1550274,discovery,cold,0,echo_rtt,2.598,ok
fcc97ee87fca3ef9ce5a8bc4fea02e34975723da,iroh_dial_p1550274,discovery,cold,0,echo_rtt,2.565,ok
fcc97ee87fca3ef9ce5a8bc4fea02e34975723da,iroh_dial_p1550274,discovery,cold,0,echo_rtt,2.544,ok
fcc97ee87fca3ef9ce5a8bc4fea02e34975723da,iroh_dial_p1550274,discovery,cold,0,echo_rtt,3.121,ok
fcc97ee87fca3ef9ce5a8bc4fea02e34975723da,iroh_dial_p1550274,discovery,cold,0,echo_rtt,2.668,ok
fcc97ee87fca3ef9ce5a8bc4fea02e34975723da,iroh_dial_p1550274,discovery,cold,0,echo_rtt,2.538,ok
fcc97ee87fca3ef9ce5a8bc4fea02e34975723da,iroh_dial_p1550274,discovery,cold,0,echo_rtt,2.519,ok
fcc97ee87fca3ef9ce5a8bc4fea02e34975723da,iroh_dial_p1550274,discovery,cold,0,echo_rtt,2.653,ok
fcc97ee87fca3ef9ce5a8bc4fea02e34975723da,iroh_dial_p1550274,discovery,cold,0,echo_rtt,2.828,ok
fcc97ee87fca3ef9ce5a8bc4fea02e34975723da,iroh_dial_p1550274,discovery,cold,0,echo_rtt,2.714,ok
fcc97ee87fca3ef9ce5a8bc4fea02e34975723da,iroh_dial_p1550274,discovery,cold,0,echo_rtt,2.450,ok
fcc97ee87fca3ef9ce5a8bc4fea02e34975723da,iroh_dial_p1550274,discovery,cold,0,runtime_start,0.357,ok
fcc97ee87fca3ef9ce5a8bc4fea02e34975723da,iroh_dial_p1550274,discovery,cold,0,endpoint_bind,1.411,ok
fcc97ee87fca3ef9ce5a8bc4fea02e34975723da,iroh_dial_p1550274,discovery,cold,0,address_lookup,1.643,ok
fcc97ee87fca3ef9ce5a8bc4fea02e34975723da,iroh_dial_p1550274,discovery,cold,0,dial_handshake,200.385,ok
fcc97ee87fca3ef9ce5a8bc4fea02e34975723da,iroh_dial_p1550274,discovery,cold,0,stream_open,95.286,ok
fcc97ee87fca3ef9ce5a8bc4fea02e34975723da,iroh_dial_p1550274,discovery,cold,0,echo_rtt,4.154,ok
fcc97ee87fca3ef9ce5a8bc4fea02e34975723da,iroh_dial_p1550274,discovery,cold,0,echo_rtt,3.696,ok
fcc97ee87fca3ef9ce5a8bc4fea02e34975723da,iroh_dial_p1550274,discovery,cold,0,echo_rtt,3.726,ok
fcc97ee87fca3ef9ce5a8bc4fea02e34975723da,iroh_dial_p1550274,discovery,cold,0,echo_rtt,3.542,ok
fcc97ee87fca3ef9ce5a8bc4fea02e34975723da,iroh_dial_p1550274,discovery,cold,0,echo_rtt,4.434,ok
fcc97ee87fca3ef9ce5a8bc4fea02e34975723da,iroh_dial_p1550274,discovery,cold,0,echo_rtt,5.041,ok
fcc97ee87fca3ef9ce5a8bc4fea02e34975723da,iroh_dial_p1550274,discovery,cold,0,echo_rtt,4.922,ok
fcc97ee87fca3ef9ce5a8bc4fea02e34975723da,iroh_dial_p1550274,discovery,cold,0,echo_rtt,3.466,ok
fcc97ee87fca3ef9ce5a8bc4fea02e34975723da,iroh_dial_p1550274,discovery,cold,0,echo_rtt,2.470,ok
fcc97ee87fca3ef9ce5a8bc4fea02e34975723da,iroh_dial_p1550274,discovery,cold,0,echo_rtt,2.680,ok
fcc97ee87fca3ef9ce5a8bc4fea02e34975723da,iroh_dial_p1550274,discovery,cold,0,echo_rtt,2.982,ok
fcc97ee87fca3ef9ce5a8bc4fea02e34975723da,iroh_dial_p1550274,discovery,cold,0,echo_rtt,2.771,ok
fcc97ee87fca3ef9ce5a8bc4fea02e34975723da,iroh_dial_p1550274,discovery,cold,0,echo_rtt,2.819,ok
fcc97ee87fca3ef9ce5a8bc4fea02e34975723da,iroh_dial_p1550274,discovery,cold,0,echo_rtt,2.544,ok
fcc97ee87fca3ef9ce5a8bc4fea02e34975723da,iroh_dial_p1550274,discovery,cold,0,echo_rtt,2.758,ok
fcc97ee87fca3ef9ce5a8bc4fea02e34975723da,iroh_dial_p1550274,discovery,cold,0,echo_rtt,2.581,ok
fcc97ee87fca3ef9ce5a8bc4fea02e34975723da,iroh_dial_p1550274,discovery,cold,0,echo_rtt,2.681,ok
fcc97ee87fca3ef9ce5a8bc4fea02e34975723da,iroh_dial_p1550274,discovery,cold,0,echo_rtt,2.748,ok
fcc97ee87fca3ef9ce5a8bc4fea02e34975723da,iroh_dial_p1550274,discovery,cold,0,echo_rtt,2.823,ok
fcc97ee87fca3ef9ce5a8bc4fea02e34975723da,iroh_dial_p1550274,discovery,cold,0,echo_rtt,2.872,ok
fcc97ee87fca3ef9ce5a8bc4fea02e34975723da,iroh_dial_p1550274,discovery,cold,0,echo_rtt,2.603,ok
fcc97ee87fca3ef9ce5a8bc4fea02e34975723da,iroh_dial_p1550274,discovery,cold,0,echo_rtt,2.689,ok
fcc97ee87fca3ef9ce5a8bc4fea02e34975723da,iroh_dial_p1550274,discovery,cold,0,echo_rtt,2.752,ok
fcc97ee87fca3ef9ce5a8bc4fea02e34975723da,iroh_dial_p1550274,discovery,cold,0,echo_rtt,2.722,ok
fcc97ee87fca3ef9ce5a8bc4fea02e34975723da,iroh_dial_p1550274,discovery,cold,0,echo_rtt,2.623,ok
fcc97ee87fca3ef9ce5a8bc4fea02e34975723da,iroh_dial_p1550274,discovery,cold,0,echo_rtt,2.662,ok
fcc97ee87fca3ef9ce5a8bc4fea02e34975723da,iroh_dial_p1550274,discovery,cold,0,echo_rtt,3.166,ok
fcc97ee87fca3ef9ce5a8bc4fea02e34975723da,iroh_dial_p1550274,discovery,cold,0,echo_rtt,2.944,ok
fcc97ee87fca3ef9ce5a8bc4fea02e34975723da,iroh_dial_p1550274,discovery,cold,0,echo_rtt,2.635,ok
fcc97ee87fca3ef9ce5a8bc4fea02e34975723da,iroh_dial_p1550274,discovery,cold,0,echo_rtt,2.590,ok
fcc97ee87fca3ef9ce5a8bc4fea02e34975723da,iroh_dial_p1550274,discovery,cold,0,echo_rtt,2.821,ok
fcc97ee87fca3ef9ce5a8bc4fea02e34975723da,iroh_dial_p1550274,discovery,cold,0,echo_rtt,2.846,ok
fcc97ee87fca3ef9ce5a8bc4fea02e34975723da,iroh_dial_p1550274,discovery,cold,0,echo_rtt,2.856,ok
fcc97ee87fca3ef9ce5a8bc4fea02e34975723da,iroh_dial_p1550274,discovery,cold,0,echo_rtt,2.715,ok
fcc97ee87fca3ef9ce5a8bc4fea02e34975723da,iroh_dial_p1550274,discovery,cold,0,echo_rtt,2.529,ok
fcc97ee87fca3ef9ce5a8bc4fea02e34975723da,iroh_dial_p1550274,discovery,cold,0,echo_rtt,2.690,ok
fcc97ee87fca3ef9ce5a8bc4fea02e34975723da,iroh_dial_p1550274,discovery,cold,0,echo_rtt,2.741,ok
fcc97ee87fca3ef9ce5a8bc4fea02e34975723da,iroh_dial_p1550274,discovery,cold,0,echo_rtt,2.785,ok
fcc97ee87fca3ef9ce5a8bc4fea02e34975723da,iroh_dial_p1550274,discovery,cold,0,echo_rtt,2.907,ok
fcc97ee87fca3ef9ce5a8bc4fea02e34975723da,iroh_dial_p1550274,discovery,cold,0,echo_rtt,2.669,ok
fcc97ee87fca3ef9ce5a8bc4fea02e34975723da,iroh_dial_p1550274,discovery,cold,0,echo_rtt,2.708,ok
fcc97ee87fca3ef9ce5a8bc4fea02e34975723da,iroh_dial_p1550274,discovery,cold,0,echo_rtt,2.635,ok
fcc97ee87fca3ef9ce5a8bc4fea02e34975723da,iroh_dial_p1550274,discovery,cold,0,echo_rtt,2.721,ok
fcc97ee87fca3ef9ce5a8bc4fea02e34975723da,iroh_dial_p1550274,discovery,cold,0,echo_rtt,2.452,ok
fcc97ee87fca3ef9ce5a8bc4fea02e34975723da,iroh_dial_p1550274,discovery,cold,0,echo_rtt,2.761,ok
fcc97ee87fca3ef9ce5a8bc4fea02e34975723da,iroh_dial_p1550274,discovery,cold,0,echo_rtt,2.649,ok
fcc97ee87fca3ef9ce5a8bc4fea02e34975723da,iroh_dial_p1550274,discovery,cold,0,echo_rtt,2.549,ok
fcc97ee87fca3ef9ce5a8bc4fea02e34975723da,iroh_dial_p1550274,discovery,cold,0,echo_rtt,2.581,ok
fcc97ee87fca3ef9ce5a8bc4fea02e34975723da,iroh_dial_p1550274,discovery,cold,0,echo_rtt,2.717,ok
fcc97ee87fca3ef9ce5a8bc4fea02e34975723da,iroh_dial_p1550274,discovery,cold,0,echo_rtt,2.587,ok
fcc97ee87fca3ef9ce5a8bc4fea02e34975723da,iroh_dial_p1550274,discovery,cold,0,echo_rtt,2.961,ok
fcc97ee87fca3ef9ce5a8bc4fea02e34975723da,iroh_dial_p1550274,discovery,cold,0,echo_rtt,2.753,ok
fcc97ee87fca3ef9ce5a8bc4fea02e34975723da,iroh_dial_p1550274,discovery,cold,0,echo_rtt,2.805,ok
fcc97ee87fca3ef9ce5a8bc4fea02e34975723da,iroh_dial_p1550274,discovery,cold,0,echo_rtt,2.695,ok
fcc97ee87fca3ef9ce5a8bc4fea02e34975723da,iroh_dial_p1550274,discovery,cold,0,echo_rtt,2.981,ok
fcc97ee87fca3ef9ce5a8bc4fea02e34975723da,iroh_dial_p1550274,discovery,cold,0,echo_rtt,2.609,ok
fcc97ee87fca3ef9ce5a8bc4fea02e34975723da,iroh_dial_p1550274,discovery,cold,0,echo_rtt,3.001,ok
fcc97ee87fca3ef9ce5a8bc4fea02e34975723da,iroh_dial_p1550274,discovery,cold,0,echo_rtt,2.537,ok
fcc97ee87fca3ef9ce5a8bc4fea02e34975723da,iroh_dial_p1550274,discovery,cold,0,echo_rtt,2.472,ok
fcc97ee87fca3ef9ce5a8bc4fea02e34975723da,iroh_dial_p1550274,discovery,cold,0,echo_rtt,3.053,ok
fcc97ee87fca3ef9ce5a8bc4fea02e34975723da,iroh_dial_p1550274,discovery,cold,0,echo_rtt,2.757,ok
fcc97ee87fca3ef9ce5a8bc4fea02e34975723da,iroh_dial_p1550274,discovery,cold,0,echo_rtt,2.817,ok
fcc97ee87fca3ef9ce5a8bc4fea02e34975723da,iroh_dial_p1550274,discovery,cold,0,echo_rtt,2.773,ok
fcc97ee87fca3ef9ce5a8bc4fea02e34975723da,iroh_dial_p1550274,discovery,cold,0,echo_rtt,2.754,ok
fcc97ee87fca3ef9ce5a8bc4fea02e34975723da,iroh_dial_p1550274,discovery,cold,0,echo_rtt,2.755,ok
fcc97ee87fca3ef9ce5a8bc4fea02e34975723da,iroh_dial_p1550274,discovery,cold,0,echo_rtt,3.082,ok
fcc97ee87fca3ef9ce5a8bc4fea02e34975723da,iroh_dial_p1550274,discovery,cold,0,echo_rtt,2.839,ok
fcc97ee87fca3ef9ce5a8bc4fea02e34975723da,iroh_dial_p1550274,discovery,cold,0,echo_rtt,2.615,ok
fcc97ee87fca3ef9ce5a8bc4fea02e34975723da,iroh_dial_p1550274,discovery,cold,0,echo_rtt,2.372,ok
fcc97ee87fca3ef9ce5a8bc4fea02e34975723da,iroh_dial_p1550274,discovery,cold,0,echo_rtt,2.540,ok
fcc97ee87fca3ef9ce5a8bc4fea02e34975723da,iroh_dial_p1550274,discovery,cold,0,echo_rtt,3.093,ok
fcc97ee87fca3ef9ce5a8bc4fea02e34975723da,iroh_dial_p1550274,discovery,cold,0,echo_rtt,2.576,ok
fcc97ee87fca3ef9ce5a8bc4fea02e34975723da,iroh_dial_p1550274,discovery,cold,0,echo_rtt,2.522,ok
fcc97ee87fca3ef9ce5a8bc4fea02e34975723da,iroh_dial_p1550274,discovery,cold,0,echo_rtt,2.873,ok
fcc97ee87fca3ef9ce5a8bc4fea02e34975723da,iroh_dial_p1550274,discovery,cold,0,echo_rtt,2.452,ok
fcc97ee87fca3ef9ce5a8bc4fea02e34975723da,iroh_dial_p1550274,discovery,cold,0,echo_rtt,2.753,ok
fcc97ee87fca3ef9ce5a8bc4fea02e34975723da,iroh_dial_p1550274,discovery,cold,0,echo_rtt,3.073,ok
fcc97ee87fca3ef9ce5a8bc4fea02e34975723da,iroh_dial_p1550274,discovery,cold,0,echo_rtt,2.962,ok
fcc97ee87fca3ef9ce5a8bc4fea02e34975723da,iroh_dial_p1550274,discovery,cold,0,echo_rtt,2.654,ok
fcc97ee87fca3ef9ce5a8bc4fea02e34975723da,iroh_dial_p1550274,discovery,cold,0,echo_rtt,2.511,ok
fcc97ee87fca3ef9ce5a8bc4fea02e34975723da,iroh_dial_p1550274,discovery,cold,0,echo_rtt,2.983,ok
fcc97ee87fca3ef9ce5a8bc4fea02e34975723da,iroh_dial_p1550274,discovery,cold,0,echo_rtt,2.826,ok
fcc97ee87fca3ef9ce5a8bc4fea02e34975723da,iroh_dial_p1550274,discovery,cold,0,echo_rtt,2.859,ok
fcc97ee87fca3ef9ce5a8bc4fea02e34975723da,iroh_dial_p1550274,discovery,cold,0,echo_rtt,2.818,ok
fcc97ee87fca3ef9ce5a8bc4fea02e34975723da,iroh_dial_p1550274,discovery,cold,0,echo_rtt,2.696,ok
fcc97ee87fca3ef9ce5a8bc4fea02e34975723da,iroh_dial_p1550274,discovery,cold,0,echo_rtt,2.767,ok
fcc97ee87fca3ef9ce5a8bc4fea02e34975723da,iroh_dial_p1550274,discovery,cold,0,echo_rtt,2.706,ok
fcc97ee87fca3ef9ce5a8bc4fea02e34975723da,iroh_dial_p1550274,discovery,cold,0,echo_rtt,2.679,ok
fcc97ee87fca3ef9ce5a8bc4fea02e34975723da,iroh_dial_p1550274,discovery,cold,0,echo_rtt,2.717,ok
fcc97ee87fca3ef9ce5a8bc4fea02e34975723da,iroh_dial_p1550274,discovery,cold,0,echo_rtt,3.114,ok
fcc97ee87fca3ef9ce5a8bc4fea02e34975723da,iroh_dial_p1550274,discovery,cold,0,echo_rtt,2.810,ok
fcc97ee87fca3ef9ce5a8bc4fea02e34975723da,iroh_dial_p1550274,discovery,cold,0,echo_rtt,2.889,ok
fcc97ee87fca3ef9ce5a8bc4fea02e34975723da,iroh_dial_p1550274,discovery,cold,0,echo_rtt,2.748,ok
fcc97ee87fca3ef9ce5a8bc4fea02e34975723da,iroh_dial_p1550274,discovery,cold,0,echo_rtt,2.687,ok
fcc97ee87fca3ef9ce5a8bc4fea02e34975723da,iroh_dial_p1550274,discovery,cold,0,echo_rtt,2.755,ok
fcc97ee87fca3ef9ce5a8bc4fea02e34975723da,iroh_dial_p1550274,discovery,cold,0,echo_rtt,2.460,ok
fcc97ee87fca3ef9ce5a8bc4fea02e34975723da,iroh_dial_p1550274,discovery,cold,0,echo_rtt,2.812,ok
fcc97ee87fca3ef9ce5a8bc4fea02e34975723da,iroh_dial_p1550274,discovery,cold,0,echo_rtt,2.998,ok
fcc97ee87fca3ef9ce5a8bc4fea02e34975723da,iroh_dial_p1550274,discovery,cold,0,echo_rtt,2.602,ok
fcc97ee87fca3ef9ce5a8bc4fea02e34975723da,iroh_dial_p1550274,discovery,cold,0,echo_rtt,2.739,ok
fcc97ee87fca3ef9ce5a8bc4fea02e34975723da,iroh_dial_p1550274,discovery,cold,0,runtime_start,0.403,ok
fcc97ee87fca3ef9ce5a8bc4fea02e34975723da,iroh_dial_p1550274,discovery,cold,0,endpoint_bind,1.448,ok
fcc97ee87fca3ef9ce5a8bc4fea02e34975723da,iroh_dial_p1550274,discovery,cold,0,address_lookup,1.496,ok
fcc97ee87fca3ef9ce5a8bc4fea02e34975723da,iroh_dial_p1550274,discovery,cold,0,dial_handshake,193.918,ok
fcc97ee87fca3ef9ce5a8bc4fea02e34975723da,iroh_dial_p1550274,discovery,cold,0,stream_open,83.633,ok
fcc97ee87fca3ef9ce5a8bc4fea02e34975723da,iroh_dial_p1550274,discovery,cold,0,echo_rtt,3.840,ok
fcc97ee87fca3ef9ce5a8bc4fea02e34975723da,iroh_dial_p1550274,discovery,cold,0,echo_rtt,3.498,ok
fcc97ee87fca3ef9ce5a8bc4fea02e34975723da,iroh_dial_p1550274,discovery,cold,0,echo_rtt,3.217,ok
fcc97ee87fca3ef9ce5a8bc4fea02e34975723da,iroh_dial_p1550274,discovery,cold,0,echo_rtt,3.018,ok
fcc97ee87fca3ef9ce5a8bc4fea02e34975723da,iroh_dial_p1550274,discovery,cold,0,echo_rtt,2.858,ok
fcc97ee87fca3ef9ce5a8bc4fea02e34975723da,iroh_dial_p1550274,discovery,cold,0,echo_rtt,2.846,ok
fcc97ee87fca3ef9ce5a8bc4fea02e34975723da,iroh_dial_p1550274,discovery,cold,0,echo_rtt,2.751,ok
fcc97ee87fca3ef9ce5a8bc4fea02e34975723da,iroh_dial_p1550274,discovery,cold,0,echo_rtt,2.604,ok
fcc97ee87fca3ef9ce5a8bc4fea02e34975723da,iroh_dial_p1550274,discovery,cold,0,echo_rtt,2.563,ok
fcc97ee87fca3ef9ce5a8bc4fea02e34975723da,iroh_dial_p1550274,discovery,cold,0,echo_rtt,2.882,ok
fcc97ee87fca3ef9ce5a8bc4fea02e34975723da,iroh_dial_p1550274,discovery,cold,0,echo_rtt,2.700,ok
fcc97ee87fca3ef9ce5a8bc4fea02e34975723da,iroh_dial_p1550274,discovery,cold,0,echo_rtt,2.806,ok
fcc97ee87fca3ef9ce5a8bc4fea02e34975723da,iroh_dial_p1550274,discovery,cold,0,echo_rtt,2.923,ok
fcc97ee87fca3ef9ce5a8bc4fea02e34975723da,iroh_dial_p1550274,discovery,cold,0,echo_rtt,2.607,ok
fcc97ee87fca3ef9ce5a8bc4fea02e34975723da,iroh_dial_p1550274,discovery,cold,0,echo_rtt,2.901,ok
fcc97ee87fca3ef9ce5a8bc4fea02e34975723da,iroh_dial_p1550274,discovery,cold,0,echo_rtt,2.520,ok
fcc97ee87fca3ef9ce5a8bc4fea02e34975723da,iroh_dial_p1550274,discovery,cold,0,echo_rtt,2.644,ok
fcc97ee87fca3ef9ce5a8bc4fea02e34975723da,iroh_dial_p1550274,discovery,cold,0,echo_rtt,2.685,ok
fcc97ee87fca3ef9ce5a8bc4fea02e34975723da,iroh_dial_p1550274,discovery,cold,0,echo_rtt,2.652,ok
fcc97ee87fca3ef9ce5a8bc4fea02e34975723da,iroh_dial_p1550274,discovery,cold,0,echo_rtt,2.713,ok
fcc97ee87fca3ef9ce5a8bc4fea02e34975723da,iroh_dial_p1550274,discovery,cold,0,echo_rtt,2.474,ok
fcc97ee87fca3ef9ce5a8bc4fea02e34975723da,iroh_dial_p1550274,discovery,cold,0,echo_rtt,2.713,ok
fcc97ee87fca3ef9ce5a8bc4fea02e34975723da,iroh_dial_p1550274,discovery,cold,0,echo_rtt,2.735,ok
fcc97ee87fca3ef9ce5a8bc4fea02e34975723da,iroh_dial_p1550274,discovery,cold,0,echo_rtt,2.702,ok
fcc97ee87fca3ef9ce5a8bc4fea02e34975723da,iroh_dial_p1550274,discovery,cold,0,echo_rtt,2.890,ok
fcc97ee87fca3ef9ce5a8bc4fea02e34975723da,iroh_dial_p1550274,discovery,cold,0,echo_rtt,2.623,ok
fcc97ee87fca3ef9ce5a8bc4fea02e34975723da,iroh_dial_p1550274,discovery,cold,0,echo_rtt,2.817,ok
fcc97ee87fca3ef9ce5a8bc4fea02e34975723da,iroh_dial_p1550274,discovery,cold,0,echo_rtt,2.898,ok
fcc97ee87fca3ef9ce5a8bc4fea02e34975723da,iroh_dial_p1550274,discovery,cold,0,echo_rtt,2.692,ok
fcc97ee87fca3ef9ce5a8bc4fea02e34975723da,iroh_dial_p1550274,discovery,cold,0,echo_rtt,2.819,ok
fcc97ee87fca3ef9ce5a8bc4fea02e34975723da,iroh_dial_p1550274,discovery,cold,0,echo_rtt,2.898,ok
fcc97ee87fca3ef9ce5a8bc4fea02e34975723da,iroh_dial_p1550274,discovery,cold,0,echo_rtt,2.615,ok
fcc97ee87fca3ef9ce5a8bc4fea02e34975723da,iroh_dial_p1550274,discovery,cold,0,echo_rtt,2.749,ok
fcc97ee87fca3ef9ce5a8bc4fea02e34975723da,iroh_dial_p1550274,discovery,cold,0,echo_rtt,2.590,ok
fcc97ee87fca3ef9ce5a8bc4fea02e34975723da,iroh_dial_p1550274,discovery,cold,0,echo_rtt,2.710,ok
fcc97ee87fca3ef9ce5a8bc4fea02e34975723da,iroh_dial_p1550274,discovery,cold,0,echo_rtt,2.636,ok
fcc97ee87fca3ef9ce5a8bc4fea02e34975723da,iroh_dial_p1550274,discovery,cold,0,echo_rtt,2.653,ok
fcc97ee87fca3ef9ce5a8bc4fea02e34975723da,iroh_dial_p1550274,discovery,cold,0,echo_rtt,2.709,ok
fcc97ee87fca3ef9ce5a8bc4fea02e34975723da,iroh_dial_p1550274,discovery,cold,0,echo_rtt,3.014,ok
fcc97ee87fca3ef9ce5a8bc4fea02e34975723da,iroh_dial_p1550274,discovery,cold,0,echo_rtt,2.584,ok
fcc97ee87fca3ef9ce5a8bc4fea02e34975723da,iroh_dial_p1550274,discovery,cold,0,echo_rtt,2.551,ok
fcc97ee87fca3ef9ce5a8bc4fea02e34975723da,iroh_dial_p1550274,discovery,cold,0,echo_rtt,2.464,ok
fcc97ee87fca3ef9ce5a8bc4fea02e34975723da,iroh_dial_p1550274,discovery,cold,0,echo_rtt,2.505,ok
fcc97ee87fca3ef9ce5a8bc4fea02e34975723da,iroh_dial_p1550274,discovery,cold,0,echo_rtt,2.792,ok
fcc97ee87fca3ef9ce5a8bc4fea02e34975723da,iroh_dial_p1550274,discovery,cold,0,echo_rtt,2.949,ok
fcc97ee87fca3ef9ce5a8bc4fea02e34975723da,iroh_dial_p1550274,discovery,cold,0,echo_rtt,2.712,ok
fcc97ee87fca3ef9ce5a8bc4fea02e34975723da,iroh_dial_p1550274,discovery,cold,0,echo_rtt,2.502,ok
fcc97ee87fca3ef9ce5a8bc4fea02e34975723da,iroh_dial_p1550274,discovery,cold,0,echo_rtt,2.671,ok
fcc97ee87fca3ef9ce5a8bc4fea02e34975723da,iroh_dial_p1550274,discovery,cold,0,echo_rtt,2.689,ok
fcc97ee87fca3ef9ce5a8bc4fea02e34975723da,iroh_dial_p1550274,discovery,cold,0,echo_rtt,2.616,ok
fcc97ee87fca3ef9ce5a8bc4fea02e34975723da,iroh_dial_p1550274,discovery,cold,0,echo_rtt,2.680,ok
fcc97ee87fca3ef9ce5a8bc4fea02e34975723da,iroh_dial_p1550274,discovery,cold,0,echo_rtt,2.667,ok
fcc97ee87fca3ef9ce5a8bc4fea02e34975723da,iroh_dial_p1550274,discovery,cold,0,echo_rtt,2.788,ok
fcc97ee87fca3ef9ce5a8bc4fea02e34975723da,iroh_dial_p1550274,discovery,cold,0,echo_rtt,2.901,ok
fcc97ee87fca3ef9ce5a8bc4fea02e34975723da,iroh_dial_p1550274,discovery,cold,0,echo_rtt,2.596,ok
fcc97ee87fca3ef9ce5a8bc4fea02e34975723da,iroh_dial_p1550274,discovery,cold,0,echo_rtt,2.790,ok
fcc97ee87fca3ef9ce5a8bc4fea02e34975723da,iroh_dial_p1550274,discovery,cold,0,echo_rtt,2.726,ok
fcc97ee87fca3ef9ce5a8bc4fea02e34975723da,iroh_dial_p1550274,discovery,cold,0,echo_rtt,3.211,ok
fcc97ee87fca3ef9ce5a8bc4fea02e34975723da,iroh_dial_p1550274,discovery,cold,0,echo_rtt,2.713,ok
fcc97ee87fca3ef9ce5a8bc4fea02e34975723da,iroh_dial_p1550274,discovery,cold,0,echo_rtt,2.659,ok
fcc97ee87fca3ef9ce5a8bc4fea02e34975723da,iroh_dial_p1550274,discovery,cold,0,echo_rtt,2.676,ok
fcc97ee87fca3ef9ce5a8bc4fea02e34975723da,iroh_dial_p1550274,discovery,cold,0,echo_rtt,2.652,ok
fcc97ee87fca3ef9ce5a8bc4fea02e34975723da,iroh_dial_p1550274,discovery,cold,0,echo_rtt,2.631,ok
fcc97ee87fca3ef9ce5a8bc4fea02e34975723da,iroh_dial_p1550274,discovery,cold,0,echo_rtt,2.511,ok
fcc97ee87fca3ef9ce5a8bc4fea02e34975723da,iroh_dial_p1550274,discovery,cold,0,echo_rtt,2.422,ok
fcc97ee87fca3ef9ce5a8bc4fea02e34975723da,iroh_dial_p1550274,discovery,cold,0,echo_rtt,2.797,ok
fcc97ee87fca3ef9ce5a8bc4fea02e34975723da,iroh_dial_p1550274,discovery,cold,0,echo_rtt,2.874,ok
fcc97ee87fca3ef9ce5a8bc4fea02e34975723da,iroh_dial_p1550274,discovery,cold,0,echo_rtt,2.694,ok
fcc97ee87fca3ef9ce5a8bc4fea02e34975723da,iroh_dial_p1550274,discovery,cold,0,echo_rtt,3.107,ok
fcc97ee87fca3ef9ce5a8bc4fea02e34975723da,iroh_dial_p1550274,discovery,cold,0,echo_rtt,2.978,ok
fcc97ee87fca3ef9ce5a8bc4fea02e34975723da,iroh_dial_p1550274,discovery,cold,0,echo_rtt,2.866,ok
fcc97ee87fca3ef9ce5a8bc4fea02e34975723da,iroh_dial_p1550274,discovery,cold,0,echo_rtt,2.705,ok
fcc97ee87fca3ef9ce5a8bc4fea02e34975723da,iroh_dial_p1550274,discovery,cold,0,echo_rtt,2.820,ok
fcc97ee87fca3ef9ce5a8bc4fea02e34975723da,iroh_dial_p1550274,discovery,cold,0,echo_rtt,2.789,ok
fcc97ee87fca3ef9ce5a8bc4fea02e34975723da,iroh_dial_p1550274,discovery,cold,0,echo_rtt,2.683,ok
fcc97ee87fca3ef9ce5a8bc4fea02e34975723da,iroh_dial_p1550274,discovery,cold,0,echo_rtt,3.159,ok
fcc97ee87fca3ef9ce5a8bc4fea02e34975723da,iroh_dial_p1550274,discovery,cold,0,echo_rtt,2.516,ok
fcc97ee87fca3ef9ce5a8bc4fea02e34975723da,iroh_dial_p1550274,discovery,cold,0,echo_rtt,2.822,ok
fcc97ee87fca3ef9ce5a8bc4fea02e34975723da,iroh_dial_p1550274,discovery,cold,0,echo_rtt,2.687,ok
fcc97ee87fca3ef9ce5a8bc4fea02e34975723da,iroh_dial_p1550274,discovery,cold,0,echo_rtt,2.449,ok
fcc97ee87fca3ef9ce5a8bc4fea02e34975723da,iroh_dial_p1550274,discovery,cold,0,echo_rtt,2.672,ok
fcc97ee87fca3ef9ce5a8bc4fea02e34975723da,iroh_dial_p1550274,discovery,cold,0,echo_rtt,2.833,ok
fcc97ee87fca3ef9ce5a8bc4fea02e34975723da,iroh_dial_p1550274,discovery,cold,0,echo_rtt,2.672,ok
fcc97ee87fca3ef9ce5a8bc4fea02e34975723da,iroh_dial_p1550274,discovery,cold,0,echo_rtt,2.634,ok
fcc97ee87fca3ef9ce5a8bc4fea02e34975723da,iroh_dial_p1550274,discovery,cold,0,echo_rtt,2.487,ok
fcc97ee87fca3ef9ce5a8bc4fea02e34975723da,iroh_dial_p1550274,discovery,cold,0,echo_rtt,2.600,ok
fcc97ee87fca3ef9ce5a8bc4fea02e34975723da,iroh_dial_p1550274,discovery,cold,0,echo_rtt,2.762,ok
fcc97ee87fca3ef9ce5a8bc4fea02e34975723da,iroh_dial_p1550274,discovery,cold,0,echo_rtt,2.893,ok
fcc97ee87fca3ef9ce5a8bc4fea02e34975723da,iroh_dial_p1550274,discovery,cold,0,echo_rtt,2.603,ok
fcc97ee87fca3ef9ce5a8bc4fea02e34975723da,iroh_dial_p1550274,discovery,cold,0,echo_rtt,2.632,ok
fcc97ee87fca3ef9ce5a8bc4fea02e34975723da,iroh_dial_p1550274,discovery,cold,0,echo_rtt,3.123,ok
fcc97ee87fca3ef9ce5a8bc4fea02e34975723da,iroh_dial_p1550274,discovery,cold,0,echo_rtt,2.789,ok
fcc97ee87fca3ef9ce5a8bc4fea02e34975723da,iroh_dial_p1550274,discovery,cold,0,echo_rtt,2.759,ok
fcc97ee87fca3ef9ce5a8bc4fea02e34975723da,iroh_dial_p1550274,discovery,cold,0,echo_rtt,2.693,ok
fcc97ee87fca3ef9ce5a8bc4fea02e34975723da,iroh_dial_p1550274,discovery,cold,0,echo_rtt,2.871,ok
fcc97ee87fca3ef9ce5a8bc4fea02e34975723da,iroh_dial_p1550274,discovery,cold,0,echo_rtt,2.714,ok
fcc97ee87fca3ef9ce5a8bc4fea02e34975723da,iroh_dial_p1550274,discovery,cold,0,echo_rtt,2.575,ok
fcc97ee87fca3ef9ce5a8bc4fea02e34975723da,iroh_dial_p1550274,discovery,cold,0,echo_rtt,2.631,ok
fcc97ee87fca3ef9ce5a8bc4fea02e34975723da,iroh_dial_p1550274,discovery,cold,0,echo_rtt,2.581,ok
fcc97ee87fca3ef9ce5a8bc4fea02e34975723da,iroh_dial_p1550274,discovery,cold,0,echo_rtt,2.523,ok
fcc97ee87fca3ef9ce5a8bc4fea02e34975723da,iroh_dial_p1550274,discovery,cold,0,runtime_start,0.377,ok
fcc97ee87fca3ef9ce5a8bc4fea02e34975723da,iroh_dial_p1550274,discovery,cold,0,endpoint_bind,1.390,ok
fcc97ee87fca3ef9ce5a8bc4fea02e34975723da,iroh_dial_p1550274,discovery,cold,0,address_lookup,1.657,ok
fcc97ee87fca3ef9ce5a8bc4fea02e34975723da,iroh_dial_p1550274,discovery,cold,0,dial_handshake,201.968,ok
fcc97ee87fca3ef9ce5a8bc4fea02e34975723da,iroh_dial_p1550274,discovery,cold,0,stream_open,86.630,ok
fcc97ee87fca3ef9ce5a8bc4fea02e34975723da,iroh_dial_p1550274,discovery,cold,0,echo_rtt,3.942,ok
fcc97ee87fca3ef9ce5a8bc4fea02e34975723da,iroh_dial_p1550274,discovery,cold,0,echo_rtt,2.967,ok
fcc97ee87fca3ef9ce5a8bc4fea02e34975723da,iroh_dial_p1550274,discovery,cold,0,echo_rtt,2.917,ok
fcc97ee87fca3ef9ce5a8bc4fea02e34975723da,iroh_dial_p1550274,discovery,cold,0,echo_rtt,2.533,ok
fcc97ee87fca3ef9ce5a8bc4fea02e34975723da,iroh_dial_p1550274,discovery,cold,0,echo_rtt,2.623,ok
fcc97ee87fca3ef9ce5a8bc4fea02e34975723da,iroh_dial_p1550274,discovery,cold,0,echo_rtt,2.833,ok
fcc97ee87fca3ef9ce5a8bc4fea02e34975723da,iroh_dial_p1550274,discovery,cold,0,echo_rtt,2.585,ok
fcc97ee87fca3ef9ce5a8bc4fea02e34975723da,iroh_dial_p1550274,discovery,cold,0,echo_rtt,2.554,ok
fcc97ee87fca3ef9ce5a8bc4fea02e34975723da,iroh_dial_p1550274,discovery,cold,0,echo_rtt,2.487,ok
fcc97ee87fca3ef9ce5a8bc4fea02e34975723da,iroh_dial_p1550274,discovery,cold,0,echo_rtt,2.614,ok
fcc97ee87fca3ef9ce5a8bc4fea02e34975723da,iroh_dial_p1550274,discovery,cold,0,echo_rtt,2.769,ok
fcc97ee87fca3ef9ce5a8bc4fea02e34975723da,iroh_dial_p1550274,discovery,cold,0,echo_rtt,2.950,ok
fcc97ee87fca3ef9ce5a8bc4fea02e34975723da,iroh_dial_p1550274,discovery,cold,0,echo_rtt,2.714,ok
fcc97ee87fca3ef9ce5a8bc4fea02e34975723da,iroh_dial_p1550274,discovery,cold,0,echo_rtt,3.133,ok
fcc97ee87fca3ef9ce5a8bc4fea02e34975723da,iroh_dial_p1550274,discovery,cold,0,echo_rtt,2.797,ok
fcc97ee87fca3ef9ce5a8bc4fea02e34975723da,iroh_dial_p1550274,discovery,cold,0,echo_rtt,2.958,ok
fcc97ee87fca3ef9ce5a8bc4fea02e34975723da,iroh_dial_p1550274,discovery,cold,0,echo_rtt,3.009,ok
fcc97ee87fca3ef9ce5a8bc4fea02e34975723da,iroh_dial_p1550274,discovery,cold,0,echo_rtt,2.652,ok
fcc97ee87fca3ef9ce5a8bc4fea02e34975723da,iroh_dial_p1550274,discovery,cold,0,echo_rtt,2.745,ok
fcc97ee87fca3ef9ce5a8bc4fea02e34975723da,iroh_dial_p1550274,discovery,cold,0,echo_rtt,2.557,ok
fcc97ee87fca3ef9ce5a8bc4fea02e34975723da,iroh_dial_p1550274,discovery,cold,0,echo_rtt,2.927,ok
fcc97ee87fca3ef9ce5a8bc4fea02e34975723da,iroh_dial_p1550274,discovery,cold,0,echo_rtt,2.710,ok
fcc97ee87fca3ef9ce5a8bc4fea02e34975723da,iroh_dial_p1550274,discovery,cold,0,echo_rtt,2.656,ok
fcc97ee87fca3ef9ce5a8bc4fea02e34975723da,iroh_dial_p1550274,discovery,cold,0,echo_rtt,2.585,ok
fcc97ee87fca3ef9ce5a8bc4fea02e34975723da,iroh_dial_p1550274,discovery,cold,0,echo_rtt,2.690,ok
fcc97ee87fca3ef9ce5a8bc4fea02e34975723da,iroh_dial_p1550274,discovery,cold,0,echo_rtt,2.641,ok
fcc97ee87fca3ef9ce5a8bc4fea02e34975723da,iroh_dial_p1550274,discovery,cold,0,echo_rtt,2.690,ok
fcc97ee87fca3ef9ce5a8bc4fea02e34975723da,iroh_dial_p1550274,discovery,cold,0,echo_rtt,2.926,ok
fcc97ee87fca3ef9ce5a8bc4fea02e34975723da,iroh_dial_p1550274,discovery,cold,0,echo_rtt,2.646,ok
fcc97ee87fca3ef9ce5a8bc4fea02e34975723da,iroh_dial_p1550274,discovery,cold,0,echo_rtt,2.604,ok
fcc97ee87fca3ef9ce5a8bc4fea02e34975723da,iroh_dial_p1550274,discovery,cold,0,echo_rtt,2.658,ok
fcc97ee87fca3ef9ce5a8bc4fea02e34975723da,iroh_dial_p1550274,discovery,cold,0,echo_rtt,2.596,ok
fcc97ee87fca3ef9ce5a8bc4fea02e34975723da,iroh_dial_p1550274,discovery,cold,0,echo_rtt,2.395,ok
fcc97ee87fca3ef9ce5a8bc4fea02e34975723da,iroh_dial_p1550274,discovery,cold,0,echo_rtt,2.824,ok
fcc97ee87fca3ef9ce5a8bc4fea02e34975723da,iroh_dial_p1550274,discovery,cold,0,echo_rtt,2.763,ok
fcc97ee87fca3ef9ce5a8bc4fea02e34975723da,iroh_dial_p1550274,discovery,cold,0,echo_rtt,2.596,ok
fcc97ee87fca3ef9ce5a8bc4fea02e34975723da,iroh_dial_p1550274,discovery,cold,0,echo_rtt,2.822,ok
fcc97ee87fca3ef9ce5a8bc4fea02e34975723da,iroh_dial_p1550274,discovery,cold,0,echo_rtt,2.678,ok
fcc97ee87fca3ef9ce5a8bc4fea02e34975723da,iroh_dial_p1550274,discovery,cold,0,echo_rtt,2.577,ok
fcc97ee87fca3ef9ce5a8bc4fea02e34975723da,iroh_dial_p1550274,discovery,cold,0,echo_rtt,2.666,ok
fcc97ee87fca3ef9ce5a8bc4fea02e34975723da,iroh_dial_p1550274,discovery,cold,0,echo_rtt,2.429,ok
fcc97ee87fca3ef9ce5a8bc4fea02e34975723da,iroh_dial_p1550274,discovery,cold,0,echo_rtt,2.397,ok
fcc97ee87fca3ef9ce5a8bc4fea02e34975723da,iroh_dial_p1550274,discovery,cold,0,echo_rtt,2.726,ok
fcc97ee87fca3ef9ce5a8bc4fea02e34975723da,iroh_dial_p1550274,discovery,cold,0,echo_rtt,2.451,ok
fcc97ee87fca3ef9ce5a8bc4fea02e34975723da,iroh_dial_p1550274,discovery,cold,0,echo_rtt,2.796,ok
fcc97ee87fca3ef9ce5a8bc4fea02e34975723da,iroh_dial_p1550274,discovery,cold,0,echo_rtt,2.708,ok
fcc97ee87fca3ef9ce5a8bc4fea02e34975723da,iroh_dial_p1550274,discovery,cold,0,echo_rtt,2.480,ok
fcc97ee87fca3ef9ce5a8bc4fea02e34975723da,iroh_dial_p1550274,discovery,cold,0,echo_rtt,2.338,ok
fcc97ee87fca3ef9ce5a8bc4fea02e34975723da,iroh_dial_p1550274,discovery,cold,0,echo_rtt,2.490,ok
fcc97ee87fca3ef9ce5a8bc4fea02e34975723da,iroh_dial_p1550274,discovery,cold,0,echo_rtt,2.496,ok
fcc97ee87fca3ef9ce5a8bc4fea02e34975723da,iroh_dial_p1550274,discovery,cold,0,echo_rtt,2.544,ok
fcc97ee87fca3ef9ce5a8bc4fea02e34975723da,iroh_dial_p1550274,discovery,cold,0,echo_rtt,2.530,ok
fcc97ee87fca3ef9ce5a8bc4fea02e34975723da,iroh_dial_p1550274,discovery,cold,0,echo_rtt,2.570,ok
fcc97ee87fca3ef9ce5a8bc4fea02e34975723da,iroh_dial_p1550274,discovery,cold,0,echo_rtt,2.495,ok
fcc97ee87fca3ef9ce5a8bc4fea02e34975723da,iroh_dial_p1550274,discovery,cold,0,echo_rtt,2.922,ok
fcc97ee87fca3ef9ce5a8bc4fea02e34975723da,iroh_dial_p1550274,discovery,cold,0,echo_rtt,2.568,ok
fcc97ee87fca3ef9ce5a8bc4fea02e34975723da,iroh_dial_p1550274,discovery,cold,0,echo_rtt,2.697,ok
fcc97ee87fca3ef9ce5a8bc4fea02e34975723da,iroh_dial_p1550274,discovery,cold,0,echo_rtt,2.762,ok
fcc97ee87fca3ef9ce5a8bc4fea02e34975723da,iroh_dial_p1550274,discovery,cold,0,echo_rtt,2.697,ok
fcc97ee87fca3ef9ce5a8bc4fea02e34975723da,iroh_dial_p1550274,discovery,cold,0,echo_rtt,2.696,ok
fcc97ee87fca3ef9ce5a8bc4fea02e34975723da,iroh_dial_p1550274,discovery,cold,0,echo_rtt,2.655,ok
fcc97ee87fca3ef9ce5a8bc4fea02e34975723da,iroh_dial_p1550274,discovery,cold,0,echo_rtt,2.609,ok
fcc97ee87fca3ef9ce5a8bc4fea02e34975723da,iroh_dial_p1550274,discovery,cold,0,echo_rtt,2.504,ok
fcc97ee87fca3ef9ce5a8bc4fea02e34975723da,iroh_dial_p1550274,discovery,cold,0,echo_rtt,2.861,ok
fcc97ee87fca3ef9ce5a8bc4fea02e34975723da,iroh_dial_p1550274,discovery,cold,0,echo_rtt,2.587,ok
fcc97ee87fca3ef9ce5a8bc4fea02e34975723da,iroh_dial_p1550274,discovery,cold,0,echo_rtt,2.413,ok
fcc97ee87fca3ef9ce5a8bc4fea02e34975723da,iroh_dial_p1550274,discovery,cold,0,echo_rtt,2.718,ok
fcc97ee87fca3ef9ce5a8bc4fea02e34975723da,iroh_dial_p1550274,discovery,cold,0,echo_rtt,2.518,ok
fcc97ee87fca3ef9ce5a8bc4fea02e34975723da,iroh_dial_p1550274,discovery,cold,0,echo_rtt,2.702,ok
fcc97ee87fca3ef9ce5a8bc4fea02e34975723da,iroh_dial_p1550274,discovery,cold,0,echo_rtt,2.600,ok
fcc97ee87fca3ef9ce5a8bc4fea02e34975723da,iroh_dial_p1550274,discovery,cold,0,echo_rtt,2.753,ok
fcc97ee87fca3ef9ce5a8bc4fea02e34975723da,iroh_dial_p1550274,discovery,cold,0,echo_rtt,2.518,ok
fcc97ee87fca3ef9ce5a8bc4fea02e34975723da,iroh_dial_p1550274,discovery,cold,0,echo_rtt,2.677,ok
fcc97ee87fca3ef9ce5a8bc4fea02e34975723da,iroh_dial_p1550274,discovery,cold,0,echo_rtt,4.268,ok
fcc97ee87fca3ef9ce5a8bc4fea02e34975723da,iroh_dial_p1550274,discovery,cold,0,echo_rtt,2.893,ok
fcc97ee87fca3ef9ce5a8bc4fea02e34975723da,iroh_dial_p1550274,discovery,cold,0,echo_rtt,2.926,ok
fcc97ee87fca3ef9ce5a8bc4fea02e34975723da,iroh_dial_p1550274,discovery,cold,0,echo_rtt,2.579,ok
fcc97ee87fca3ef9ce5a8bc4fea02e34975723da,iroh_dial_p1550274,discovery,cold,0,echo_rtt,2.728,ok
fcc97ee87fca3ef9ce5a8bc4fea02e34975723da,iroh_dial_p1550274,discovery,cold,0,echo_rtt,2.694,ok
fcc97ee87fca3ef9ce5a8bc4fea02e34975723da,iroh_dial_p1550274,discovery,cold,0,echo_rtt,2.594,ok
fcc97ee87fca3ef9ce5a8bc4fea02e34975723da,iroh_dial_p1550274,discovery,cold,0,echo_rtt,2.712,ok
fcc97ee87fca3ef9ce5a8bc4fea02e34975723da,iroh_dial_p1550274,discovery,cold,0,echo_rtt,2.621,ok
fcc97ee87fca3ef9ce5a8bc4fea02e34975723da,iroh_dial_p1550274,discovery,cold,0,echo_rtt,2.829,ok
fcc97ee87fca3ef9ce5a8bc4fea02e34975723da,iroh_dial_p1550274,discovery,cold,0,echo_rtt,2.402,ok
fcc97ee87fca3ef9ce5a8bc4fea02e34975723da,iroh_dial_p1550274,discovery,cold,0,echo_rtt,2.672,ok
fcc97ee87fca3ef9ce5a8bc4fea02e34975723da,iroh_dial_p1550274,discovery,cold,0,echo_rtt,2.744,ok
fcc97ee87fca3ef9ce5a8bc4fea02e34975723da,iroh_dial_p1550274,discovery,cold,0,echo_rtt,2.634,ok
fcc97ee87fca3ef9ce5a8bc4fea02e34975723da,iroh_dial_p1550274,discovery,cold,0,echo_rtt,2.753,ok
fcc97ee87fca3ef9ce5a8bc4fea02e34975723da,iroh_dial_p1550274,discovery,cold,0,echo_rtt,2.424,ok
fcc97ee87fca3ef9ce5a8bc4fea02e34975723da,iroh_dial_p1550274,discovery,cold,0,echo_rtt,2.464,ok
fcc97ee87fca3ef9ce5a8bc4fea02e34975723da,iroh_dial_p1550274,discovery,cold,0,echo_rtt,2.792,ok
fcc97ee87fca3ef9ce5a8bc4fea02e34975723da,iroh_dial_p1550274,discovery,cold,0,echo_rtt,2.826,ok
fcc97ee87fca3ef9ce5a8bc4fea02e34975723da,iroh_dial_p1550274,discovery,cold,0,echo_rtt,2.513,ok
fcc97ee87fca3ef9ce5a8bc4fea02e34975723da,iroh_dial_p1550274,discovery,cold,0,echo_rtt,2.515,ok
fcc97ee87fca3ef9ce5a8bc4fea02e34975723da,iroh_dial_p1550274,discovery,cold,0,echo_rtt,2.665,ok
fcc97ee87fca3ef9ce5a8bc4fea02e34975723da,iroh_dial_p1550274,discovery,cold,0,echo_rtt,2.937,ok
fcc97ee87fca3ef9ce5a8bc4fea02e34975723da,iroh_dial_p1550274,discovery,cold,0,echo_rtt,2.743,ok
fcc97ee87fca3ef9ce5a8bc4fea02e34975723da,iroh_dial_p1550274,discovery,cold,0,echo_rtt,2.568,ok
fcc97ee87fca3ef9ce5a8bc4fea02e34975723da,iroh_dial_p1550274,discovery,cold,0,echo_rtt,2.737,ok
fcc97ee87fca3ef9ce5a8bc4fea02e34975723da,iroh_dial_p1550274,discovery,cold,0,echo_rtt,2.427,ok
fcc97ee87fca3ef9ce5a8bc4fea02e34975723da,iroh_dial_p1550274,discovery,cold,0,runtime_start,0.485,ok
fcc97ee87fca3ef9ce5a8bc4fea02e34975723da,iroh_dial_p1550274,discovery,cold,0,endpoint_bind,1.444,ok
fcc97ee87fca3ef9ce5a8bc4fea02e34975723da,iroh_dial_p1550274,discovery,cold,0,address_lookup,1.720,ok
fcc97ee87fca3ef9ce5a8bc4fea02e34975723da,iroh_dial_p1550274,discovery,cold,0,dial_handshake,191.730,ok
fcc97ee87fca3ef9ce5a8bc4fea02e34975723da,iroh_dial_p1550274,discovery,cold,0,stream_open,83.423,ok
fcc97ee87fca3ef9ce5a8bc4fea02e34975723da,iroh_dial_p1550274,discovery,cold,0,echo_rtt,4.000,ok
fcc97ee87fca3ef9ce5a8bc4fea02e34975723da,iroh_dial_p1550274,discovery,cold,0,echo_rtt,3.112,ok
fcc97ee87fca3ef9ce5a8bc4fea02e34975723da,iroh_dial_p1550274,discovery,cold,0,echo_rtt,3.017,ok
fcc97ee87fca3ef9ce5a8bc4fea02e34975723da,iroh_dial_p1550274,discovery,cold,0,echo_rtt,2.957,ok
fcc97ee87fca3ef9ce5a8bc4fea02e34975723da,iroh_dial_p1550274,discovery,cold,0,echo_rtt,2.626,ok
fcc97ee87fca3ef9ce5a8bc4fea02e34975723da,iroh_dial_p1550274,discovery,cold,0,echo_rtt,3.339,ok
fcc97ee87fca3ef9ce5a8bc4fea02e34975723da,iroh_dial_p1550274,discovery,cold,0,echo_rtt,2.893,ok
fcc97ee87fca3ef9ce5a8bc4fea02e34975723da,iroh_dial_p1550274,discovery,cold,0,echo_rtt,2.628,ok
fcc97ee87fca3ef9ce5a8bc4fea02e34975723da,iroh_dial_p1550274,discovery,cold,0,echo_rtt,3.280,ok
fcc97ee87fca3ef9ce5a8bc4fea02e34975723da,iroh_dial_p1550274,discovery,cold,0,echo_rtt,2.662,ok
fcc97ee87fca3ef9ce5a8bc4fea02e34975723da,iroh_dial_p1550274,discovery,cold,0,echo_rtt,2.750,ok
fcc97ee87fca3ef9ce5a8bc4fea02e34975723da,iroh_dial_p1550274,discovery,cold,0,echo_rtt,3.096,ok
fcc97ee87fca3ef9ce5a8bc4fea02e34975723da,iroh_dial_p1550274,discovery,cold,0,echo_rtt,2.739,ok
fcc97ee87fca3ef9ce5a8bc4fea02e34975723da,iroh_dial_p1550274,discovery,cold,0,echo_rtt,2.966,ok
fcc97ee87fca3ef9ce5a8bc4fea02e34975723da,iroh_dial_p1550274,discovery,cold,0,echo_rtt,2.614,ok
fcc97ee87fca3ef9ce5a8bc4fea02e34975723da,iroh_dial_p1550274,discovery,cold,0,echo_rtt,2.680,ok
fcc97ee87fca3ef9ce5a8bc4fea02e34975723da,iroh_dial_p1550274,discovery,cold,0,echo_rtt,3.023,ok
fcc97ee87fca3ef9ce5a8bc4fea02e34975723da,iroh_dial_p1550274,discovery,cold,0,echo_rtt,2.783,ok
fcc97ee87fca3ef9ce5a8bc4fea02e34975723da,iroh_dial_p1550274,discovery,cold,0,echo_rtt,2.788,ok
fcc97ee87fca3ef9ce5a8bc4fea02e34975723da,iroh_dial_p1550274,discovery,cold,0,echo_rtt,3.131,ok
fcc97ee87fca3ef9ce5a8bc4fea02e34975723da,iroh_dial_p1550274,discovery,cold,0,echo_rtt,2.827,ok
fcc97ee87fca3ef9ce5a8bc4fea02e34975723da,iroh_dial_p1550274,discovery,cold,0,echo_rtt,3.071,ok
fcc97ee87fca3ef9ce5a8bc4fea02e34975723da,iroh_dial_p1550274,discovery,cold,0,echo_rtt,2.822,ok
fcc97ee87fca3ef9ce5a8bc4fea02e34975723da,iroh_dial_p1550274,discovery,cold,0,echo_rtt,2.861,ok
fcc97ee87fca3ef9ce5a8bc4fea02e34975723da,iroh_dial_p1550274,discovery,cold,0,echo_rtt,3.216,ok
fcc97ee87fca3ef9ce5a8bc4fea02e34975723da,iroh_dial_p1550274,discovery,cold,0,echo_rtt,2.823,ok
fcc97ee87fca3ef9ce5a8bc4fea02e34975723da,iroh_dial_p1550274,discovery,cold,0,echo_rtt,2.654,ok
fcc97ee87fca3ef9ce5a8bc4fea02e34975723da,iroh_dial_p1550274,discovery,cold,0,echo_rtt,3.146,ok
fcc97ee87fca3ef9ce5a8bc4fea02e34975723da,iroh_dial_p1550274,discovery,cold,0,echo_rtt,2.899,ok
fcc97ee87fca3ef9ce5a8bc4fea02e34975723da,iroh_dial_p1550274,discovery,cold,0,echo_rtt,3.066,ok
fcc97ee87fca3ef9ce5a8bc4fea02e34975723da,iroh_dial_p1550274,discovery,cold,0,echo_rtt,3.070,ok
fcc97ee87fca3ef9ce5a8bc4fea02e34975723da,iroh_dial_p1550274,discovery,cold,0,echo_rtt,2.934,ok
fcc97ee87fca3ef9ce5a8bc4fea02e34975723da,iroh_dial_p1550274,discovery,cold,0,echo_rtt,2.842,ok
fcc97ee87fca3ef9ce5a8bc4fea02e34975723da,iroh_dial_p1550274,discovery,cold,0,echo_rtt,2.912,ok
fcc97ee87fca3ef9ce5a8bc4fea02e34975723da,iroh_dial_p1550274,discovery,cold,0,echo_rtt,2.467,ok
fcc97ee87fca3ef9ce5a8bc4fea02e34975723da,iroh_dial_p1550274,discovery,cold,0,echo_rtt,2.867,ok
fcc97ee87fca3ef9ce5a8bc4fea02e34975723da,iroh_dial_p1550274,discovery,cold,0,echo_rtt,2.528,ok
fcc97ee87fca3ef9ce5a8bc4fea02e34975723da,iroh_dial_p1550274,discovery,cold,0,echo_rtt,2.479,ok
fcc97ee87fca3ef9ce5a8bc4fea02e34975723da,iroh_dial_p1550274,discovery,cold,0,echo_rtt,2.824,ok
fcc97ee87fca3ef9ce5a8bc4fea02e34975723da,iroh_dial_p1550274,discovery,cold,0,echo_rtt,2.828,ok
fcc97ee87fca3ef9ce5a8bc4fea02e34975723da,iroh_dial_p1550274,discovery,cold,0,echo_rtt,2.515,ok
fcc97ee87fca3ef9ce5a8bc4fea02e34975723da,iroh_dial_p1550274,discovery,cold,0,echo_rtt,2.636,ok
fcc97ee87fca3ef9ce5a8bc4fea02e34975723da,iroh_dial_p1550274,discovery,cold,0,echo_rtt,2.688,ok
fcc97ee87fca3ef9ce5a8bc4fea02e34975723da,iroh_dial_p1550274,discovery,cold,0,echo_rtt,2.611,ok
fcc97ee87fca3ef9ce5a8bc4fea02e34975723da,iroh_dial_p1550274,discovery,cold,0,echo_rtt,2.554,ok
fcc97ee87fca3ef9ce5a8bc4fea02e34975723da,iroh_dial_p1550274,discovery,cold,0,echo_rtt,2.633,ok
fcc97ee87fca3ef9ce5a8bc4fea02e34975723da,iroh_dial_p1550274,discovery,cold,0,echo_rtt,2.486,ok
fcc97ee87fca3ef9ce5a8bc4fea02e34975723da,iroh_dial_p1550274,discovery,cold,0,echo_rtt,2.727,ok
fcc97ee87fca3ef9ce5a8bc4fea02e34975723da,iroh_dial_p1550274,discovery,cold,0,echo_rtt,2.551,ok
fcc97ee87fca3ef9ce5a8bc4fea02e34975723da,iroh_dial_p1550274,discovery,cold,0,echo_rtt,2.775,ok
fcc97ee87fca3ef9ce5a8bc4fea02e34975723da,iroh_dial_p1550274,discovery,cold,0,echo_rtt,2.505,ok
fcc97ee87fca3ef9ce5a8bc4fea02e34975723da,iroh_dial_p1550274,discovery,cold,0,echo_rtt,2.437,ok
fcc97ee87fca3ef9ce5a8bc4fea02e34975723da,iroh_dial_p1550274,discovery,cold,0,echo_rtt,3.083,ok
fcc97ee87fca3ef9ce5a8bc4fea02e34975723da,iroh_dial_p1550274,discovery,cold,0,echo_rtt,2.534,ok
fcc97ee87fca3ef9ce5a8bc4fea02e34975723da,iroh_dial_p1550274,discovery,cold,0,echo_rtt,2.455,ok
fcc97ee87fca3ef9ce5a8bc4fea02e34975723da,iroh_dial_p1550274,discovery,cold,0,echo_rtt,2.910,ok
fcc97ee87fca3ef9ce5a8bc4fea02e34975723da,iroh_dial_p1550274,discovery,cold,0,echo_rtt,2.637,ok
fcc97ee87fca3ef9ce5a8bc4fea02e34975723da,iroh_dial_p1550274,discovery,cold,0,echo_rtt,2.786,ok
fcc97ee87fca3ef9ce5a8bc4fea02e34975723da,iroh_dial_p1550274,discovery,cold,0,echo_rtt,2.510,ok
fcc97ee87fca3ef9ce5a8bc4fea02e34975723da,iroh_dial_p1550274,discovery,cold,0,echo_rtt,2.703,ok
fcc97ee87fca3ef9ce5a8bc4fea02e34975723da,iroh_dial_p1550274,discovery,cold,0,echo_rtt,2.543,ok
fcc97ee87fca3ef9ce5a8bc4fea02e34975723da,iroh_dial_p1550274,discovery,cold,0,echo_rtt,2.694,ok
fcc97ee87fca3ef9ce5a8bc4fea02e34975723da,iroh_dial_p1550274,discovery,cold,0,echo_rtt,2.638,ok
fcc97ee87fca3ef9ce5a8bc4fea02e34975723da,iroh_dial_p1550274,discovery,cold,0,echo_rtt,2.580,ok
fcc97ee87fca3ef9ce5a8bc4fea02e34975723da,iroh_dial_p1550274,discovery,cold,0,echo_rtt,2.638,ok
fcc97ee87fca3ef9ce5a8bc4fea02e34975723da,iroh_dial_p1550274,discovery,cold,0,echo_rtt,2.520,ok
fcc97ee87fca3ef9ce5a8bc4fea02e34975723da,iroh_dial_p1550274,discovery,cold,0,echo_rtt,3.130,ok
fcc97ee87fca3ef9ce5a8bc4fea02e34975723da,iroh_dial_p1550274,discovery,cold,0,echo_rtt,2.925,ok
fcc97ee87fca3ef9ce5a8bc4fea02e34975723da,iroh_dial_p1550274,discovery,cold,0,echo_rtt,3.340,ok
fcc97ee87fca3ef9ce5a8bc4fea02e34975723da,iroh_dial_p1550274,discovery,cold,0,echo_rtt,2.777,ok
fcc97ee87fca3ef9ce5a8bc4fea02e34975723da,iroh_dial_p1550274,discovery,cold,0,echo_rtt,2.744,ok
fcc97ee87fca3ef9ce5a8bc4fea02e34975723da,iroh_dial_p1550274,discovery,cold,0,echo_rtt,2.512,ok
fcc97ee87fca3ef9ce5a8bc4fea02e34975723da,iroh_dial_p1550274,discovery,cold,0,echo_rtt,2.671,ok
fcc97ee87fca3ef9ce5a8bc4fea02e34975723da,iroh_dial_p1550274,discovery,cold,0,echo_rtt,2.731,ok
fcc97ee87fca3ef9ce5a8bc4fea02e34975723da,iroh_dial_p1550274,discovery,cold,0,echo_rtt,2.987,ok
fcc97ee87fca3ef9ce5a8bc4fea02e34975723da,iroh_dial_p1550274,discovery,cold,0,echo_rtt,2.464,ok
fcc97ee87fca3ef9ce5a8bc4fea02e34975723da,iroh_dial_p1550274,discovery,cold,0,echo_rtt,2.827,ok
fcc97ee87fca3ef9ce5a8bc4fea02e34975723da,iroh_dial_p1550274,discovery,cold,0,echo_rtt,3.045,ok
fcc97ee87fca3ef9ce5a8bc4fea02e34975723da,iroh_dial_p1550274,discovery,cold,0,echo_rtt,2.555,ok
fcc97ee87fca3ef9ce5a8bc4fea02e34975723da,iroh_dial_p1550274,discovery,cold,0,echo_rtt,2.751,ok
fcc97ee87fca3ef9ce5a8bc4fea02e34975723da,iroh_dial_p1550274,discovery,cold,0,echo_rtt,2.523,ok
fcc97ee87fca3ef9ce5a8bc4fea02e34975723da,iroh_dial_p1550274,discovery,cold,0,echo_rtt,2.880,ok
fcc97ee87fca3ef9ce5a8bc4fea02e34975723da,iroh_dial_p1550274,discovery,cold,0,echo_rtt,2.493,ok
fcc97ee87fca3ef9ce5a8bc4fea02e34975723da,iroh_dial_p1550274,discovery,cold,0,echo_rtt,2.856,ok
fcc97ee87fca3ef9ce5a8bc4fea02e34975723da,iroh_dial_p1550274,discovery,cold,0,echo_rtt,2.613,ok
fcc97ee87fca3ef9ce5a8bc4fea02e34975723da,iroh_dial_p1550274,discovery,cold,0,echo_rtt,2.749,ok
fcc97ee87fca3ef9ce5a8bc4fea02e34975723da,iroh_dial_p1550274,discovery,cold,0,echo_rtt,2.555,ok
fcc97ee87fca3ef9ce5a8bc4fea02e34975723da,iroh_dial_p1550274,discovery,cold,0,echo_rtt,2.469,ok
fcc97ee87fca3ef9ce5a8bc4fea02e34975723da,iroh_dial_p1550274,discovery,cold,0,echo_rtt,2.601,ok
fcc97ee87fca3ef9ce5a8bc4fea02e34975723da,iroh_dial_p1550274,discovery,cold,0,echo_rtt,2.848,ok
fcc97ee87fca3ef9ce5a8bc4fea02e34975723da,iroh_dial_p1550274,discovery,cold,0,echo_rtt,2.813,ok
fcc97ee87fca3ef9ce5a8bc4fea02e34975723da,iroh_dial_p1550274,discovery,cold,0,echo_rtt,2.655,ok
fcc97ee87fca3ef9ce5a8bc4fea02e34975723da,iroh_dial_p1550274,discovery,cold,0,echo_rtt,2.587,ok
fcc97ee87fca3ef9ce5a8bc4fea02e34975723da,iroh_dial_p1550274,discovery,cold,0,echo_rtt,2.841,ok
fcc97ee87fca3ef9ce5a8bc4fea02e34975723da,iroh_dial_p1550274,discovery,cold,0,echo_rtt,2.955,ok
fcc97ee87fca3ef9ce5a8bc4fea02e34975723da,iroh_dial_p1550274,discovery,cold,0,echo_rtt,3.152,ok
fcc97ee87fca3ef9ce5a8bc4fea02e34975723da,iroh_dial_p1550274,discovery,cold,0,echo_rtt,2.807,ok
fcc97ee87fca3ef9ce5a8bc4fea02e34975723da,iroh_dial_p1550274,discovery,cold,0,echo_rtt,2.770,ok
fcc97ee87fca3ef9ce5a8bc4fea02e34975723da,iroh_dial_p1550274,discovery,cold,0,echo_rtt,2.520,ok
fcc97ee87fca3ef9ce5a8bc4fea02e34975723da,iroh_dial_p1550274,discovery,cold,0,echo_rtt,2.479,ok
fcc97ee87fca3ef9ce5a8bc4fea02e34975723da,iroh_dial_p1550274,discovery,cold,0,runtime_start,0.364,ok
fcc97ee87fca3ef9ce5a8bc4fea02e34975723da,iroh_dial_p1550274,discovery,cold,0,endpoint_bind,1.461,ok
fcc97ee87fca3ef9ce5a8bc4fea02e34975723da,iroh_dial_p1550274,discovery,cold,0,address_lookup,1.615,ok
fcc97ee87fca3ef9ce5a8bc4fea02e34975723da,iroh_dial_p1550274,discovery,cold,0,dial_handshake,191.426,ok
fcc97ee87fca3ef9ce5a8bc4fea02e34975723da,iroh_dial_p1550274,discovery,cold,0,stream_open,83.529,ok
fcc97ee87fca3ef9ce5a8bc4fea02e34975723da,iroh_dial_p1550274,discovery,cold,0,echo_rtt,4.112,ok
fcc97ee87fca3ef9ce5a8bc4fea02e34975723da,iroh_dial_p1550274,discovery,cold,0,echo_rtt,3.022,ok
fcc97ee87fca3ef9ce5a8bc4fea02e34975723da,iroh_dial_p1550274,discovery,cold,0,echo_rtt,3.076,ok
fcc97ee87fca3ef9ce5a8bc4fea02e34975723da,iroh_dial_p1550274,discovery,cold,0,echo_rtt,2.755,ok
fcc97ee87fca3ef9ce5a8bc4fea02e34975723da,iroh_dial_p1550274,discovery,cold,0,echo_rtt,3.278,ok
fcc97ee87fca3ef9ce5a8bc4fea02e34975723da,iroh_dial_p1550274,discovery,cold,0,echo_rtt,2.690,ok
fcc97ee87fca3ef9ce5a8bc4fea02e34975723da,iroh_dial_p1550274,discovery,cold,0,echo_rtt,2.792,ok
fcc97ee87fca3ef9ce5a8bc4fea02e34975723da,iroh_dial_p1550274,discovery,cold,0,echo_rtt,2.815,ok
fcc97ee87fca3ef9ce5a8bc4fea02e34975723da,iroh_dial_p1550274,discovery,cold,0,echo_rtt,3.028,ok
fcc97ee87fca3ef9ce5a8bc4fea02e34975723da,iroh_dial_p1550274,discovery,cold,0,echo_rtt,2.620,ok
fcc97ee87fca3ef9ce5a8bc4fea02e34975723da,iroh_dial_p1550274,discovery,cold,0,echo_rtt,2.641,ok
fcc97ee87fca3ef9ce5a8bc4fea02e34975723da,iroh_dial_p1550274,discovery,cold,0,echo_rtt,2.593,ok
fcc97ee87fca3ef9ce5a8bc4fea02e34975723da,iroh_dial_p1550274,discovery,cold,0,echo_rtt,3.026,ok
fcc97ee87fca3ef9ce5a8bc4fea02e34975723da,iroh_dial_p1550274,discovery,cold,0,echo_rtt,2.942,ok
fcc97ee87fca3ef9ce5a8bc4fea02e34975723da,iroh_dial_p1550274,discovery,cold,0,echo_rtt,2.756,ok
fcc97ee87fca3ef9ce5a8bc4fea02e34975723da,iroh_dial_p1550274,discovery,cold,0,echo_rtt,2.883,ok
fcc97ee87fca3ef9ce5a8bc4fea02e34975723da,iroh_dial_p1550274,discovery,cold,0,echo_rtt,3.180,ok
fcc97ee87fca3ef9ce5a8bc4fea02e34975723da,iroh_dial_p1550274,discovery,cold,0,echo_rtt,2.730,ok
fcc97ee87fca3ef9ce5a8bc4fea02e34975723da,iroh_dial_p1550274,discovery,cold,0,echo_rtt,3.370,ok
fcc97ee87fca3ef9ce5a8bc4fea02e34975723da,iroh_dial_p1550274,discovery,cold,0,echo_rtt,2.607,ok
fcc97ee87fca3ef9ce5a8bc4fea02e34975723da,iroh_dial_p1550274,discovery,cold,0,echo_rtt,2.672,ok
fcc97ee87fca3ef9ce5a8bc4fea02e34975723da,iroh_dial_p1550274,discovery,cold,0,echo_rtt,2.703,ok
fcc97ee87fca3ef9ce5a8bc4fea02e34975723da,iroh_dial_p1550274,discovery,cold,0,echo_rtt,2.930,ok
fcc97ee87fca3ef9ce5a8bc4fea02e34975723da,iroh_dial_p1550274,discovery,cold,0,echo_rtt,2.755,ok
fcc97ee87fca3ef9ce5a8bc4fea02e34975723da,iroh_dial_p1550274,discovery,cold,0,echo_rtt,3.285,ok
fcc97ee87fca3ef9ce5a8bc4fea02e34975723da,iroh_dial_p1550274,discovery,cold,0,echo_rtt,3.447,ok
fcc97ee87fca3ef9ce5a8bc4fea02e34975723da,iroh_dial_p1550274,discovery,cold,0,echo_rtt,3.283,ok
fcc97ee87fca3ef9ce5a8bc4fea02e34975723da,iroh_dial_p1550274,discovery,cold,0,echo_rtt,3.001,ok
fcc97ee87fca3ef9ce5a8bc4fea02e34975723da,iroh_dial_p1550274,discovery,cold,0,echo_rtt,2.864,ok
fcc97ee87fca3ef9ce5a8bc4fea02e34975723da,iroh_dial_p1550274,discovery,cold,0,echo_rtt,3.181,ok
fcc97ee87fca3ef9ce5a8bc4fea02e34975723da,iroh_dial_p1550274,discovery,cold,0,echo_rtt,3.123,ok
fcc97ee87fca3ef9ce5a8bc4fea02e34975723da,iroh_dial_p1550274,discovery,cold,0,echo_rtt,3.167,ok
fcc97ee87fca3ef9ce5a8bc4fea02e34975723da,iroh_dial_p1550274,discovery,cold,0,echo_rtt,2.773,ok
fcc97ee87fca3ef9ce5a8bc4fea02e34975723da,iroh_dial_p1550274,discovery,cold,0,echo_rtt,2.938,ok
fcc97ee87fca3ef9ce5a8bc4fea02e34975723da,iroh_dial_p1550274,discovery,cold,0,echo_rtt,2.911,ok
fcc97ee87fca3ef9ce5a8bc4fea02e34975723da,iroh_dial_p1550274,discovery,cold,0,echo_rtt,3.223,ok
fcc97ee87fca3ef9ce5a8bc4fea02e34975723da,iroh_dial_p1550274,discovery,cold,0,echo_rtt,2.571,ok
fcc97ee87fca3ef9ce5a8bc4fea02e34975723da,iroh_dial_p1550274,discovery,cold,0,echo_rtt,2.633,ok
fcc97ee87fca3ef9ce5a8bc4fea02e34975723da,iroh_dial_p1550274,discovery,cold,0,echo_rtt,2.648,ok
fcc97ee87fca3ef9ce5a8bc4fea02e34975723da,iroh_dial_p1550274,discovery,cold,0,echo_rtt,2.513,ok
fcc97ee87fca3ef9ce5a8bc4fea02e34975723da,iroh_dial_p1550274,discovery,cold,0,echo_rtt,2.930,ok
fcc97ee87fca3ef9ce5a8bc4fea02e34975723da,iroh_dial_p1550274,discovery,cold,0,echo_rtt,2.760,ok
fcc97ee87fca3ef9ce5a8bc4fea02e34975723da,iroh_dial_p1550274,discovery,cold,0,echo_rtt,2.571,ok
fcc97ee87fca3ef9ce5a8bc4fea02e34975723da,iroh_dial_p1550274,discovery,cold,0,echo_rtt,2.676,ok
fcc97ee87fca3ef9ce5a8bc4fea02e34975723da,iroh_dial_p1550274,discovery,cold,0,echo_rtt,2.673,ok
fcc97ee87fca3ef9ce5a8bc4fea02e34975723da,iroh_dial_p1550274,discovery,cold,0,echo_rtt,2.491,ok
fcc97ee87fca3ef9ce5a8bc4fea02e34975723da,iroh_dial_p1550274,discovery,cold,0,echo_rtt,3.061,ok
fcc97ee87fca3ef9ce5a8bc4fea02e34975723da,iroh_dial_p1550274,discovery,cold,0,echo_rtt,2.562,ok
fcc97ee87fca3ef9ce5a8bc4fea02e34975723da,iroh_dial_p1550274,discovery,cold,0,echo_rtt,2.562,ok
fcc97ee87fca3ef9ce5a8bc4fea02e34975723da,iroh_dial_p1550274,discovery,cold,0,echo_rtt,2.661,ok
fcc97ee87fca3ef9ce5a8bc4fea02e34975723da,iroh_dial_p1550274,discovery,cold,0,echo_rtt,2.694,ok
fcc97ee87fca3ef9ce5a8bc4fea02e34975723da,iroh_dial_p1550274,discovery,cold,0,echo_rtt,2.422,ok
fcc97ee87fca3ef9ce5a8bc4fea02e34975723da,iroh_dial_p1550274,discovery,cold,0,echo_rtt,2.590,ok
fcc97ee87fca3ef9ce5a8bc4fea02e34975723da,iroh_dial_p1550274,discovery,cold,0,echo_rtt,3.087,ok
fcc97ee87fca3ef9ce5a8bc4fea02e34975723da,iroh_dial_p1550274,discovery,cold,0,echo_rtt,2.498,ok
fcc97ee87fca3ef9ce5a8bc4fea02e34975723da,iroh_dial_p1550274,discovery,cold,0,echo_rtt,2.631,ok
fcc97ee87fca3ef9ce5a8bc4fea02e34975723da,iroh_dial_p1550274,discovery,cold,0,echo_rtt,2.996,ok
fcc97ee87fca3ef9ce5a8bc4fea02e34975723da,iroh_dial_p1550274,discovery,cold,0,echo_rtt,2.660,ok
fcc97ee87fca3ef9ce5a8bc4fea02e34975723da,iroh_dial_p1550274,discovery,cold,0,echo_rtt,3.128,ok
fcc97ee87fca3ef9ce5a8bc4fea02e34975723da,iroh_dial_p1550274,discovery,cold,0,echo_rtt,3.294,ok
fcc97ee87fca3ef9ce5a8bc4fea02e34975723da,iroh_dial_p1550274,discovery,cold,0,echo_rtt,2.980,ok
fcc97ee87fca3ef9ce5a8bc4fea02e34975723da,iroh_dial_p1550274,discovery,cold,0,echo_rtt,2.733,ok
fcc97ee87fca3ef9ce5a8bc4fea02e34975723da,iroh_dial_p1550274,discovery,cold,0,echo_rtt,2.585,ok
fcc97ee87fca3ef9ce5a8bc4fea02e34975723da,iroh_dial_p1550274,discovery,cold,0,echo_rtt,2.651,ok
fcc97ee87fca3ef9ce5a8bc4fea02e34975723da,iroh_dial_p1550274,discovery,cold,0,echo_rtt,3.215,ok
fcc97ee87fca3ef9ce5a8bc4fea02e34975723da,iroh_dial_p1550274,discovery,cold,0,echo_rtt,2.990,ok
fcc97ee87fca3ef9ce5a8bc4fea02e34975723da,iroh_dial_p1550274,discovery,cold,0,echo_rtt,2.820,ok
fcc97ee87fca3ef9ce5a8bc4fea02e34975723da,iroh_dial_p1550274,discovery,cold,0,echo_rtt,3.019,ok
fcc97ee87fca3ef9ce5a8bc4fea02e34975723da,iroh_dial_p1550274,discovery,cold,0,echo_rtt,3.055,ok
fcc97ee87fca3ef9ce5a8bc4fea02e34975723da,iroh_dial_p1550274,discovery,cold,0,echo_rtt,3.012,ok
fcc97ee87fca3ef9ce5a8bc4fea02e34975723da,iroh_dial_p1550274,discovery,cold,0,echo_rtt,2.737,ok
fcc97ee87fca3ef9ce5a8bc4fea02e34975723da,iroh_dial_p1550274,discovery,cold,0,echo_rtt,3.073,ok
fcc97ee87fca3ef9ce5a8bc4fea02e34975723da,iroh_dial_p1550274,discovery,cold,0,echo_rtt,3.009,ok
fcc97ee87fca3ef9ce5a8bc4fea02e34975723da,iroh_dial_p1550274,discovery,cold,0,echo_rtt,2.941,ok
fcc97ee87fca3ef9ce5a8bc4fea02e34975723da,iroh_dial_p1550274,discovery,cold,0,echo_rtt,3.268,ok
fcc97ee87fca3ef9ce5a8bc4fea02e34975723da,iroh_dial_p1550274,discovery,cold,0,echo_rtt,3.027,ok
fcc97ee87fca3ef9ce5a8bc4fea02e34975723da,iroh_dial_p1550274,discovery,cold,0,echo_rtt,2.858,ok
fcc97ee87fca3ef9ce5a8bc4fea02e34975723da,iroh_dial_p1550274,discovery,cold,0,echo_rtt,3.006,ok
fcc97ee87fca3ef9ce5a8bc4fea02e34975723da,iroh_dial_p1550274,discovery,cold,0,echo_rtt,2.593,ok
fcc97ee87fca3ef9ce5a8bc4fea02e34975723da,iroh_dial_p1550274,discovery,cold,0,echo_rtt,3.056,ok
fcc97ee87fca3ef9ce5a8bc4fea02e34975723da,iroh_dial_p1550274,discovery,cold,0,echo_rtt,2.998,ok
fcc97ee87fca3ef9ce5a8bc4fea02e34975723da,iroh_dial_p1550274,discovery,cold,0,echo_rtt,3.229,ok
fcc97ee87fca3ef9ce5a8bc4fea02e34975723da,iroh_dial_p1550274,discovery,cold,0,echo_rtt,2.887,ok
fcc97ee87fca3ef9ce5a8bc4fea02e34975723da,iroh_dial_p1550274,discovery,cold,0,echo_rtt,3.042,ok
fcc97ee87fca3ef9ce5a8bc4fea02e34975723da,iroh_dial_p1550274,discovery,cold,0,echo_rtt,3.057,ok
fcc97ee87fca3ef9ce5a8bc4fea02e34975723da,iroh_dial_p1550274,discovery,cold,0,echo_rtt,2.856,ok
fcc97ee87fca3ef9ce5a8bc4fea02e34975723da,iroh_dial_p1550274,discovery,cold,0,echo_rtt,3.025,ok
fcc97ee87fca3ef9ce5a8bc4fea02e34975723da,iroh_dial_p1550274,discovery,cold,0,echo_rtt,2.589,ok
fcc97ee87fca3ef9ce5a8bc4fea02e34975723da,iroh_dial_p1550274,discovery,cold,0,echo_rtt,3.162,ok
fcc97ee87fca3ef9ce5a8bc4fea02e34975723da,iroh_dial_p1550274,discovery,cold,0,echo_rtt,2.880,ok
fcc97ee87fca3ef9ce5a8bc4fea02e34975723da,iroh_dial_p1550274,discovery,cold,0,echo_rtt,2.563,ok
fcc97ee87fca3ef9ce5a8bc4fea02e34975723da,iroh_dial_p1550274,discovery,cold,0,echo_rtt,2.826,ok
fcc97ee87fca3ef9ce5a8bc4fea02e34975723da,iroh_dial_p1550274,discovery,cold,0,echo_rtt,2.510,ok
fcc97ee87fca3ef9ce5a8bc4fea02e34975723da,iroh_dial_p1550274,discovery,cold,0,echo_rtt,2.965,ok
fcc97ee87fca3ef9ce5a8bc4fea02e34975723da,iroh_dial_p1550274,discovery,cold,0,echo_rtt,2.515,ok
fcc97ee87fca3ef9ce5a8bc4fea02e34975723da,iroh_dial_p1550274,discovery,cold,0,echo_rtt,2.602,ok
fcc97ee87fca3ef9ce5a8bc4fea02e34975723da,iroh_dial_p1550274,discovery,cold,0,echo_rtt,2.654,ok
fcc97ee87fca3ef9ce5a8bc4fea02e34975723da,iroh_dial_p1550274,discovery,cold,0,echo_rtt,2.806,ok
fcc97ee87fca3ef9ce5a8bc4fea02e34975723da,iroh_dial_p1550274,discovery,cold,0,echo_rtt,2.449,ok
fcc97ee87fca3ef9ce5a8bc4fea02e34975723da,iroh_dial_p1550274,discovery,cold,0,echo_rtt,2.652,ok
fcc97ee87fca3ef9ce5a8bc4fea02e34975723da,iroh_dial_p1550274,discovery,cold,0,runtime_start,0.340,ok
fcc97ee87fca3ef9ce5a8bc4fea02e34975723da,iroh_dial_p1550274,discovery,cold,0,endpoint_bind,1.357,ok
fcc97ee87fca3ef9ce5a8bc4fea02e34975723da,iroh_dial_p1550274,discovery,cold,0,address_lookup,1.632,ok
fcc97ee87fca3ef9ce5a8bc4fea02e34975723da,iroh_dial_p1550274,discovery,cold,0,dial_handshake,193.504,ok
fcc97ee87fca3ef9ce5a8bc4fea02e34975723da,iroh_dial_p1550274,discovery,cold,0,stream_open,84.078,ok
fcc97ee87fca3ef9ce5a8bc4fea02e34975723da,iroh_dial_p1550274,discovery,cold,0,echo_rtt,3.994,ok
fcc97ee87fca3ef9ce5a8bc4fea02e34975723da,iroh_dial_p1550274,discovery,cold,0,echo_rtt,2.853,ok
fcc97ee87fca3ef9ce5a8bc4fea02e34975723da,iroh_dial_p1550274,discovery,cold,0,echo_rtt,2.803,ok
fcc97ee87fca3ef9ce5a8bc4fea02e34975723da,iroh_dial_p1550274,discovery,cold,0,echo_rtt,2.562,ok
fcc97ee87fca3ef9ce5a8bc4fea02e34975723da,iroh_dial_p1550274,discovery,cold,0,echo_rtt,2.458,ok
fcc97ee87fca3ef9ce5a8bc4fea02e34975723da,iroh_dial_p1550274,discovery,cold,0,echo_rtt,2.660,ok
fcc97ee87fca3ef9ce5a8bc4fea02e34975723da,iroh_dial_p1550274,discovery,cold,0,echo_rtt,2.726,ok
fcc97ee87fca3ef9ce5a8bc4fea02e34975723da,iroh_dial_p1550274,discovery,cold,0,echo_rtt,2.762,ok
fcc97ee87fca3ef9ce5a8bc4fea02e34975723da,iroh_dial_p1550274,discovery,cold,0,echo_rtt,3.279,ok
fcc97ee87fca3ef9ce5a8bc4fea02e34975723da,iroh_dial_p1550274,discovery,cold,0,echo_rtt,2.796,ok
fcc97ee87fca3ef9ce5a8bc4fea02e34975723da,iroh_dial_p1550274,discovery,cold,0,echo_rtt,2.764,ok
fcc97ee87fca3ef9ce5a8bc4fea02e34975723da,iroh_dial_p1550274,discovery,cold,0,echo_rtt,2.664,ok
fcc97ee87fca3ef9ce5a8bc4fea02e34975723da,iroh_dial_p1550274,discovery,cold,0,echo_rtt,2.856,ok
fcc97ee87fca3ef9ce5a8bc4fea02e34975723da,iroh_dial_p1550274,discovery,cold,0,echo_rtt,2.524,ok
fcc97ee87fca3ef9ce5a8bc4fea02e34975723da,iroh_dial_p1550274,discovery,cold,0,echo_rtt,3.001,ok
fcc97ee87fca3ef9ce5a8bc4fea02e34975723da,iroh_dial_p1550274,discovery,cold,0,echo_rtt,2.991,ok
fcc97ee87fca3ef9ce5a8bc4fea02e34975723da,iroh_dial_p1550274,discovery,cold,0,echo_rtt,2.658,ok
fcc97ee87fca3ef9ce5a8bc4fea02e34975723da,iroh_dial_p1550274,discovery,cold,0,echo_rtt,2.556,ok
fcc97ee87fca3ef9ce5a8bc4fea02e34975723da,iroh_dial_p1550274,discovery,cold,0,echo_rtt,2.553,ok
fcc97ee87fca3ef9ce5a8bc4fea02e34975723da,iroh_dial_p1550274,discovery,cold,0,echo_rtt,3.077,ok
fcc97ee87fca3ef9ce5a8bc4fea02e34975723da,iroh_dial_p1550274,discovery,cold,0,echo_rtt,2.706,ok
fcc97ee87fca3ef9ce5a8bc4fea02e34975723da,iroh_dial_p1550274,discovery,cold,0,echo_rtt,2.925,ok
fcc97ee87fca3ef9ce5a8bc4fea02e34975723da,iroh_dial_p1550274,discovery,cold,0,echo_rtt,2.985,ok
fcc97ee87fca3ef9ce5a8bc4fea02e34975723da,iroh_dial_p1550274,discovery,cold,0,echo_rtt,2.629,ok
fcc97ee87fca3ef9ce5a8bc4fea02e34975723da,iroh_dial_p1550274,discovery,cold,0,echo_rtt,2.634,ok
fcc97ee87fca3ef9ce5a8bc4fea02e34975723da,iroh_dial_p1550274,discovery,cold,0,echo_rtt,2.859,ok
fcc97ee87fca3ef9ce5a8bc4fea02e34975723da,iroh_dial_p1550274,discovery,cold,0,echo_rtt,3.015,ok
fcc97ee87fca3ef9ce5a8bc4fea02e34975723da,iroh_dial_p1550274,discovery,cold,0,echo_rtt,2.943,ok
fcc97ee87fca3ef9ce5a8bc4fea02e34975723da,iroh_dial_p1550274,discovery,cold,0,echo_rtt,2.691,ok
fcc97ee87fca3ef9ce5a8bc4fea02e34975723da,iroh_dial_p1550274,discovery,cold,0,echo_rtt,2.644,ok
fcc97ee87fca3ef9ce5a8bc4fea02e34975723da,iroh_dial_p1550274,discovery,cold,0,echo_rtt,2.593,ok
fcc97ee87fca3ef9ce5a8bc4fea02e34975723da,iroh_dial_p1550274,discovery,cold,0,echo_rtt,2.856,ok
fcc97ee87fca3ef9ce5a8bc4fea02e34975723da,iroh_dial_p1550274,discovery,cold,0,echo_rtt,2.657,ok
fcc97ee87fca3ef9ce5a8bc4fea02e34975723da,iroh_dial_p1550274,discovery,cold,0,echo_rtt,2.764,ok
fcc97ee87fca3ef9ce5a8bc4fea02e34975723da,iroh_dial_p1550274,discovery,cold,0,echo_rtt,2.478,ok
fcc97ee87fca3ef9ce5a8bc4fea02e34975723da,iroh_dial_p1550274,discovery,cold,0,echo_rtt,2.435,ok
fcc97ee87fca3ef9ce5a8bc4fea02e34975723da,iroh_dial_p1550274,discovery,cold,0,echo_rtt,2.573,ok
fcc97ee87fca3ef9ce5a8bc4fea02e34975723da,iroh_dial_p1550274,discovery,cold,0,echo_rtt,2.648,ok
fcc97ee87fca3ef9ce5a8bc4fea02e34975723da,iroh_dial_p1550274,discovery,cold,0,echo_rtt,2.591,ok
fcc97ee87fca3ef9ce5a8bc4fea02e34975723da,iroh_dial_p1550274,discovery,cold,0,echo_rtt,2.594,ok
fcc97ee87fca3ef9ce5a8bc4fea02e34975723da,iroh_dial_p1550274,discovery,cold,0,echo_rtt,2.688,ok
fcc97ee87fca3ef9ce5a8bc4fea02e34975723da,iroh_dial_p1550274,discovery,cold,0,echo_rtt,2.559,ok
fcc97ee87fca3ef9ce5a8bc4fea02e34975723da,iroh_dial_p1550274,discovery,cold,0,echo_rtt,2.520,ok
fcc97ee87fca3ef9ce5a8bc4fea02e34975723da,iroh_dial_p1550274,discovery,cold,0,echo_rtt,2.655,ok
fcc97ee87fca3ef9ce5a8bc4fea02e34975723da,iroh_dial_p1550274,discovery,cold,0,echo_rtt,2.863,ok
fcc97ee87fca3ef9ce5a8bc4fea02e34975723da,iroh_dial_p1550274,discovery,cold,0,echo_rtt,2.534,ok
fcc97ee87fca3ef9ce5a8bc4fea02e34975723da,iroh_dial_p1550274,discovery,cold,0,echo_rtt,2.682,ok
fcc97ee87fca3ef9ce5a8bc4fea02e34975723da,iroh_dial_p1550274,discovery,cold,0,echo_rtt,2.783,ok
fcc97ee87fca3ef9ce5a8bc4fea02e34975723da,iroh_dial_p1550274,discovery,cold,0,echo_rtt,3.087,ok
fcc97ee87fca3ef9ce5a8bc4fea02e34975723da,iroh_dial_p1550274,discovery,cold,0,echo_rtt,2.555,ok
fcc97ee87fca3ef9ce5a8bc4fea02e34975723da,iroh_dial_p1550274,discovery,cold,0,echo_rtt,2.842,ok
fcc97ee87fca3ef9ce5a8bc4fea02e34975723da,iroh_dial_p1550274,discovery,cold,0,echo_rtt,2.840,ok
fcc97ee87fca3ef9ce5a8bc4fea02e34975723da,iroh_dial_p1550274,discovery,cold,0,echo_rtt,2.449,ok
fcc97ee87fca3ef9ce5a8bc4fea02e34975723da,iroh_dial_p1550274,discovery,cold,0,echo_rtt,2.710,ok
fcc97ee87fca3ef9ce5a8bc4fea02e34975723da,iroh_dial_p1550274,discovery,cold,0,echo_rtt,2.578,ok
fcc97ee87fca3ef9ce5a8bc4fea02e34975723da,iroh_dial_p1550274,discovery,cold,0,echo_rtt,2.733,ok
fcc97ee87fca3ef9ce5a8bc4fea02e34975723da,iroh_dial_p1550274,discovery,cold,0,echo_rtt,2.544,ok
fcc97ee87fca3ef9ce5a8bc4fea02e34975723da,iroh_dial_p1550274,discovery,cold,0,echo_rtt,2.511,ok
fcc97ee87fca3ef9ce5a8bc4fea02e34975723da,iroh_dial_p1550274,discovery,cold,0,echo_rtt,2.478,ok
fcc97ee87fca3ef9ce5a8bc4fea02e34975723da,iroh_dial_p1550274,discovery,cold,0,echo_rtt,2.499,ok
fcc97ee87fca3ef9ce5a8bc4fea02e34975723da,iroh_dial_p1550274,discovery,cold,0,echo_rtt,2.500,ok
fcc97ee87fca3ef9ce5a8bc4fea02e34975723da,iroh_dial_p1550274,discovery,cold,0,echo_rtt,2.640,ok
fcc97ee87fca3ef9ce5a8bc4fea02e34975723da,iroh_dial_p1550274,discovery,cold,0,echo_rtt,2.693,ok
fcc97ee87fca3ef9ce5a8bc4fea02e34975723da,iroh_dial_p1550274,discovery,cold,0,echo_rtt,2.692,ok
fcc97ee87fca3ef9ce5a8bc4fea02e34975723da,iroh_dial_p1550274,discovery,cold,0,echo_rtt,2.427,ok
fcc97ee87fca3ef9ce5a8bc4fea02e34975723da,iroh_dial_p1550274,discovery,cold,0,echo_rtt,2.692,ok
fcc97ee87fca3ef9ce5a8bc4fea02e34975723da,iroh_dial_p1550274,discovery,cold,0,echo_rtt,2.614,ok
fcc97ee87fca3ef9ce5a8bc4fea02e34975723da,iroh_dial_p1550274,discovery,cold,0,echo_rtt,2.638,ok
fcc97ee87fca3ef9ce5a8bc4fea02e34975723da,iroh_dial_p1550274,discovery,cold,0,echo_rtt,2.498,ok
fcc97ee87fca3ef9ce5a8bc4fea02e34975723da,iroh_dial_p1550274,discovery,cold,0,echo_rtt,2.568,ok
fcc97ee87fca3ef9ce5a8bc4fea02e34975723da,iroh_dial_p1550274,discovery,cold,0,echo_rtt,2.659,ok
fcc97ee87fca3ef9ce5a8bc4fea02e34975723da,iroh_dial_p1550274,discovery,cold,0,echo_rtt,2.534,ok
fcc97ee87fca3ef9ce5a8bc4fea02e34975723da,iroh_dial_p1550274,discovery,cold,0,echo_rtt,2.638,ok
fcc97ee87fca3ef9ce5a8bc4fea02e34975723da,iroh_dial_p1550274,discovery,cold,0,echo_rtt,2.947,ok
fcc97ee87fca3ef9ce5a8bc4fea02e34975723da,iroh_dial_p1550274,discovery,cold,0,echo_rtt,3.257,ok
fcc97ee87fca3ef9ce5a8bc4fea02e34975723da,iroh_dial_p1550274,discovery,cold,0,echo_rtt,3.241,ok
fcc97ee87fca3ef9ce5a8bc4fea02e34975723da,iroh_dial_p1550274,discovery,cold,0,echo_rtt,2.579,ok
fcc97ee87fca3ef9ce5a8bc4fea02e34975723da,iroh_dial_p1550274,discovery,cold,0,echo_rtt,3.038,ok
fcc97ee87fca3ef9ce5a8bc4fea02e34975723da,iroh_dial_p1550274,discovery,cold,0,echo_rtt,3.042,ok
fcc97ee87fca3ef9ce5a8bc4fea02e34975723da,iroh_dial_p1550274,discovery,cold,0,echo_rtt,2.980,ok
fcc97ee87fca3ef9ce5a8bc4fea02e34975723da,iroh_dial_p1550274,discovery,cold,0,echo_rtt,2.831,ok
fcc97ee87fca3ef9ce5a8bc4fea02e34975723da,iroh_dial_p1550274,discovery,cold,0,echo_rtt,2.907,ok
fcc97ee87fca3ef9ce5a8bc4fea02e34975723da,iroh_dial_p1550274,discovery,cold,0,echo_rtt,2.412,ok
fcc97ee87fca3ef9ce5a8bc4fea02e34975723da,iroh_dial_p1550274,discovery,cold,0,echo_rtt,2.465,ok
fcc97ee87fca3ef9ce5a8bc4fea02e34975723da,iroh_dial_p1550274,discovery,cold,0,echo_rtt,2.679,ok
fcc97ee87fca3ef9ce5a8bc4fea02e34975723da,iroh_dial_p1550274,discovery,cold,0,echo_rtt,3.085,ok
fcc97ee87fca3ef9ce5a8bc4fea02e34975723da,iroh_dial_p1550274,discovery,cold,0,echo_rtt,3.023,ok
fcc97ee87fca3ef9ce5a8bc4fea02e34975723da,iroh_dial_p1550274,discovery,cold,0,echo_rtt,2.582,ok
fcc97ee87fca3ef9ce5a8bc4fea02e34975723da,iroh_dial_p1550274,discovery,cold,0,echo_rtt,2.584,ok
fcc97ee87fca3ef9ce5a8bc4fea02e34975723da,iroh_dial_p1550274,discovery,cold,0,echo_rtt,2.693,ok
fcc97ee87fca3ef9ce5a8bc4fea02e34975723da,iroh_dial_p1550274,discovery,cold,0,echo_rtt,3.054,ok
fcc97ee87fca3ef9ce5a8bc4fea02e34975723da,iroh_dial_p1550274,discovery,cold,0,echo_rtt,2.954,ok
fcc97ee87fca3ef9ce5a8bc4fea02e34975723da,iroh_dial_p1550274,discovery,cold,0,echo_rtt,2.653,ok
fcc97ee87fca3ef9ce5a8bc4fea02e34975723da,iroh_dial_p1550274,discovery,cold,0,echo_rtt,2.984,ok
fcc97ee87fca3ef9ce5a8bc4fea02e34975723da,iroh_dial_p1550274,discovery,cold,0,echo_rtt,2.812,ok
fcc97ee87fca3ef9ce5a8bc4fea02e34975723da,iroh_dial_p1550274,discovery,cold,0,echo_rtt,2.511,ok
fcc97ee87fca3ef9ce5a8bc4fea02e34975723da,iroh_dial_p1550274,discovery,cold,0,echo_rtt,2.434,ok
fcc97ee87fca3ef9ce5a8bc4fea02e34975723da,iroh_dial_p1550274,discovery,cold,0,echo_rtt,2.677,ok
fcc97ee87fca3ef9ce5a8bc4fea02e34975723da,iroh_dial_p1550274,discovery,cold,0,echo_rtt,2.482,ok
fcc97ee87fca3ef9ce5a8bc4fea02e34975723da,iroh_dial_p1550274,discovery,cold,0,echo_rtt,2.828,ok
fcc97ee87fca3ef9ce5a8bc4fea02e34975723da,iroh_dial_p1550274,discovery,cold,0,runtime_start,0.335,ok
fcc97ee87fca3ef9ce5a8bc4fea02e34975723da,iroh_dial_p1550274,discovery,cold,0,endpoint_bind,1.449,ok
fcc97ee87fca3ef9ce5a8bc4fea02e34975723da,iroh_dial_p1550274,discovery,cold,0,address_lookup,1.533,ok
fcc97ee87fca3ef9ce5a8bc4fea02e34975723da,iroh_dial_p1550274,discovery,cold,0,dial_handshake,191.867,ok
fcc97ee87fca3ef9ce5a8bc4fea02e34975723da,iroh_dial_p1550274,discovery,cold,0,stream_open,83.419,ok
fcc97ee87fca3ef9ce5a8bc4fea02e34975723da,iroh_dial_p1550274,discovery,cold,0,echo_rtt,3.816,ok
fcc97ee87fca3ef9ce5a8bc4fea02e34975723da,iroh_dial_p1550274,discovery,cold,0,echo_rtt,3.248,ok
fcc97ee87fca3ef9ce5a8bc4fea02e34975723da,iroh_dial_p1550274,discovery,cold,0,echo_rtt,2.983,ok
fcc97ee87fca3ef9ce5a8bc4fea02e34975723da,iroh_dial_p1550274,discovery,cold,0,echo_rtt,2.968,ok
fcc97ee87fca3ef9ce5a8bc4fea02e34975723da,iroh_dial_p1550274,discovery,cold,0,echo_rtt,2.831,ok
fcc97ee87fca3ef9ce5a8bc4fea02e34975723da,iroh_dial_p1550274,discovery,cold,0,echo_rtt,2.855,ok
fcc97ee87fca3ef9ce5a8bc4fea02e34975723da,iroh_dial_p1550274,discovery,cold,0,echo_rtt,2.686,ok
fcc97ee87fca3ef9ce5a8bc4fea02e34975723da,iroh_dial_p1550274,discovery,cold,0,echo_rtt,2.730,ok
fcc97ee87fca3ef9ce5a8bc4fea02e34975723da,iroh_dial_p1550274,discovery,cold,0,echo_rtt,2.717,ok
fcc97ee87fca3ef9ce5a8bc4fea02e34975723da,iroh_dial_p1550274,discovery,cold,0,echo_rtt,2.586,ok
fcc97ee87fca3ef9ce5a8bc4fea02e34975723da,iroh_dial_p1550274,discovery,cold,0,echo_rtt,2.617,ok
fcc97ee87fca3ef9ce5a8bc4fea02e34975723da,iroh_dial_p1550274,discovery,cold,0,echo_rtt,2.876,ok
fcc97ee87fca3ef9ce5a8bc4fea02e34975723da,iroh_dial_p1550274,discovery,cold,0,echo_rtt,2.998,ok
fcc97ee87fca3ef9ce5a8bc4fea02e34975723da,iroh_dial_p1550274,discovery,cold,0,echo_rtt,2.902,ok
fcc97ee87fca3ef9ce5a8bc4fea02e34975723da,iroh_dial_p1550274,discovery,cold,0,echo_rtt,2.877,ok
fcc97ee87fca3ef9ce5a8bc4fea02e34975723da,iroh_dial_p1550274,discovery,cold,0,echo_rtt,2.932,ok
fcc97ee87fca3ef9ce5a8bc4fea02e34975723da,iroh_dial_p1550274,discovery,cold,0,echo_rtt,2.761,ok
fcc97ee87fca3ef9ce5a8bc4fea02e34975723da,iroh_dial_p1550274,discovery,cold,0,echo_rtt,2.601,ok
fcc97ee87fca3ef9ce5a8bc4fea02e34975723da,iroh_dial_p1550274,discovery,cold,0,echo_rtt,2.749,ok
fcc97ee87fca3ef9ce5a8bc4fea02e34975723da,iroh_dial_p1550274,discovery,cold,0,echo_rtt,3.017,ok
fcc97ee87fca3ef9ce5a8bc4fea02e34975723da,iroh_dial_p1550274,discovery,cold,0,echo_rtt,2.760,ok
fcc97ee87fca3ef9ce5a8bc4fea02e34975723da,iroh_dial_p1550274,discovery,cold,0,echo_rtt,2.860,ok
fcc97ee87fca3ef9ce5a8bc4fea02e34975723da,iroh_dial_p1550274,discovery,cold,0,echo_rtt,2.868,ok
fcc97ee87fca3ef9ce5a8bc4fea02e34975723da,iroh_dial_p1550274,discovery,cold,0,echo_rtt,2.672,ok
fcc97ee87fca3ef9ce5a8bc4fea02e34975723da,iroh_dial_p1550274,discovery,cold,0,echo_rtt,2.630,ok
fcc97ee87fca3ef9ce5a8bc4fea02e34975723da,iroh_dial_p1550274,discovery,cold,0,echo_rtt,2.579,ok
fcc97ee87fca3ef9ce5a8bc4fea02e34975723da,iroh_dial_p1550274,discovery,cold,0,echo_rtt,3.069,ok
fcc97ee87fca3ef9ce5a8bc4fea02e34975723da,iroh_dial_p1550274,discovery,cold,0,echo_rtt,2.571,ok
fcc97ee87fca3ef9ce5a8bc4fea02e34975723da,iroh_dial_p1550274,discovery,cold,0,echo_rtt,2.903,ok
fcc97ee87fca3ef9ce5a8bc4fea02e34975723da,iroh_dial_p1550274,discovery,cold,0,echo_rtt,2.905,ok
fcc97ee87fca3ef9ce5a8bc4fea02e34975723da,iroh_dial_p1550274,discovery,cold,0,echo_rtt,2.810,ok
fcc97ee87fca3ef9ce5a8bc4fea02e34975723da,iroh_dial_p1550274,discovery,cold,0,echo_rtt,2.865,ok
fcc97ee87fca3ef9ce5a8bc4fea02e34975723da,iroh_dial_p1550274,discovery,cold,0,echo_rtt,2.485,ok
fcc97ee87fca3ef9ce5a8bc4fea02e34975723da,iroh_dial_p1550274,discovery,cold,0,echo_rtt,2.918,ok
fcc97ee87fca3ef9ce5a8bc4fea02e34975723da,iroh_dial_p1550274,discovery,cold,0,echo_rtt,2.643,ok
fcc97ee87fca3ef9ce5a8bc4fea02e34975723da,iroh_dial_p1550274,discovery,cold,0,echo_rtt,2.477,ok
fcc97ee87fca3ef9ce5a8bc4fea02e34975723da,iroh_dial_p1550274,discovery,cold,0,echo_rtt,2.692,ok
fcc97ee87fca3ef9ce5a8bc4fea02e34975723da,iroh_dial_p1550274,discovery,cold,0,echo_rtt,2.609,ok
fcc97ee87fca3ef9ce5a8bc4fea02e34975723da,iroh_dial_p1550274,discovery,cold,0,echo_rtt,2.565,ok
fcc97ee87fca3ef9ce5a8bc4fea02e34975723da,iroh_dial_p1550274,discovery,cold,0,echo_rtt,2.900,ok
fcc97ee87fca3ef9ce5a8bc4fea02e34975723da,iroh_dial_p1550274,discovery,cold,0,echo_rtt,2.869,ok
fcc97ee87fca3ef9ce5a8bc4fea02e34975723da,iroh_dial_p1550274,discovery,cold,0,echo_rtt,2.522,ok
fcc97ee87fca3ef9ce5a8bc4fea02e34975723da,iroh_dial_p1550274,discovery,cold,0,echo_rtt,2.728,ok
fcc97ee87fca3ef9ce5a8bc4fea02e34975723da,iroh_dial_p1550274,discovery,cold,0,echo_rtt,2.618,ok
fcc97ee87fca3ef9ce5a8bc4fea02e34975723da,iroh_dial_p1550274,discovery,cold,0,echo_rtt,2.567,ok
fcc97ee87fca3ef9ce5a8bc4fea02e34975723da,iroh_dial_p1550274,discovery,cold,0,echo_rtt,2.562,ok
fcc97ee87fca3ef9ce5a8bc4fea02e34975723da,iroh_dial_p1550274,discovery,cold,0,echo_rtt,2.619,ok
fcc97ee87fca3ef9ce5a8bc4fea02e34975723da,iroh_dial_p1550274,discovery,cold,0,echo_rtt,2.747,ok
fcc97ee87fca3ef9ce5a8bc4fea02e34975723da,iroh_dial_p1550274,discovery,cold,0,echo_rtt,2.951,ok
fcc97ee87fca3ef9ce5a8bc4fea02e34975723da,iroh_dial_p1550274,discovery,cold,0,echo_rtt,2.531,ok
fcc97ee87fca3ef9ce5a8bc4fea02e34975723da,iroh_dial_p1550274,discovery,cold,0,echo_rtt,2.659,ok
fcc97ee87fca3ef9ce5a8bc4fea02e34975723da,iroh_dial_p1550274,discovery,cold,0,echo_rtt,2.615,ok
fcc97ee87fca3ef9ce5a8bc4fea02e34975723da,iroh_dial_p1550274,discovery,cold,0,echo_rtt,2.773,ok
fcc97ee87fca3ef9ce5a8bc4fea02e34975723da,iroh_dial_p1550274,discovery,cold,0,echo_rtt,3.117,ok
fcc97ee87fca3ef9ce5a8bc4fea02e34975723da,iroh_dial_p1550274,discovery,cold,0,echo_rtt,2.642,ok
fcc97ee87fca3ef9ce5a8bc4fea02e34975723da,iroh_dial_p1550274,discovery,cold,0,echo_rtt,2.416,ok
fcc97ee87fca3ef9ce5a8bc4fea02e34975723da,iroh_dial_p1550274,discovery,cold,0,echo_rtt,2.523,ok
fcc97ee87fca3ef9ce5a8bc4fea02e34975723da,iroh_dial_p1550274,discovery,cold,0,echo_rtt,2.886,ok
fcc97ee87fca3ef9ce5a8bc4fea02e34975723da,iroh_dial_p1550274,discovery,cold,0,echo_rtt,2.659,ok
fcc97ee87fca3ef9ce5a8bc4fea02e34975723da,iroh_dial_p1550274,discovery,cold,0,echo_rtt,2.735,ok
fcc97ee87fca3ef9ce5a8bc4fea02e34975723da,iroh_dial_p1550274,discovery,cold,0,echo_rtt,2.701,ok
fcc97ee87fca3ef9ce5a8bc4fea02e34975723da,iroh_dial_p1550274,discovery,cold,0,echo_rtt,2.816,ok
fcc97ee87fca3ef9ce5a8bc4fea02e34975723da,iroh_dial_p1550274,discovery,cold,0,echo_rtt,2.578,ok
fcc97ee87fca3ef9ce5a8bc4fea02e34975723da,iroh_dial_p1550274,discovery,cold,0,echo_rtt,2.749,ok
fcc97ee87fca3ef9ce5a8bc4fea02e34975723da,iroh_dial_p1550274,discovery,cold,0,echo_rtt,2.689,ok
fcc97ee87fca3ef9ce5a8bc4fea02e34975723da,iroh_dial_p1550274,discovery,cold,0,echo_rtt,2.670,ok
fcc97ee87fca3ef9ce5a8bc4fea02e34975723da,iroh_dial_p1550274,discovery,cold,0,echo_rtt,2.527,ok
fcc97ee87fca3ef9ce5a8bc4fea02e34975723da,iroh_dial_p1550274,discovery,cold,0,echo_rtt,2.627,ok
fcc97ee87fca3ef9ce5a8bc4fea02e34975723da,iroh_dial_p1550274,discovery,cold,0,echo_rtt,2.648,ok
fcc97ee87fca3ef9ce5a8bc4fea02e34975723da,iroh_dial_p1550274,discovery,cold,0,echo_rtt,2.775,ok
fcc97ee87fca3ef9ce5a8bc4fea02e34975723da,iroh_dial_p1550274,discovery,cold,0,echo_rtt,2.360,ok
fcc97ee87fca3ef9ce5a8bc4fea02e34975723da,iroh_dial_p1550274,discovery,cold,0,echo_rtt,2.625,ok
fcc97ee87fca3ef9ce5a8bc4fea02e34975723da,iroh_dial_p1550274,discovery,cold,0,echo_rtt,2.528,ok
fcc97ee87fca3ef9ce5a8bc4fea02e34975723da,iroh_dial_p1550274,discovery,cold,0,echo_rtt,2.562,ok
fcc97ee87fca3ef9ce5a8bc4fea02e34975723da,iroh_dial_p1550274,discovery,cold,0,echo_rtt,2.366,ok
fcc97ee87fca3ef9ce5a8bc4fea02e34975723da,iroh_dial_p1550274,discovery,cold,0,echo_rtt,2.638,ok
fcc97ee87fca3ef9ce5a8bc4fea02e34975723da,iroh_dial_p1550274,discovery,cold,0,echo_rtt,2.944,ok
fcc97ee87fca3ef9ce5a8bc4fea02e34975723da,iroh_dial_p1550274,discovery,cold,0,echo_rtt,2.655,ok
fcc97ee87fca3ef9ce5a8bc4fea02e34975723da,iroh_dial_p1550274,discovery,cold,0,echo_rtt,2.489,ok
fcc97ee87fca3ef9ce5a8bc4fea02e34975723da,iroh_dial_p1550274,discovery,cold,0,echo_rtt,2.500,ok
fcc97ee87fca3ef9ce5a8bc4fea02e34975723da,iroh_dial_p1550274,discovery,cold,0,echo_rtt,2.514,ok
fcc97ee87fca3ef9ce5a8bc4fea02e34975723da,iroh_dial_p1550274,discovery,cold,0,echo_rtt,2.653,ok
fcc97ee87fca3ef9ce5a8bc4fea02e34975723da,iroh_dial_p1550274,discovery,cold,0,echo_rtt,2.364,ok
fcc97ee87fca3ef9ce5a8bc4fea02e34975723da,iroh_dial_p1550274,discovery,cold,0,echo_rtt,2.520,ok
fcc97ee87fca3ef9ce5a8bc4fea02e34975723da,iroh_dial_p1550274,discovery,cold,0,echo_rtt,2.544,ok
fcc97ee87fca3ef9ce5a8bc4fea02e34975723da,iroh_dial_p1550274,discovery,cold,0,echo_rtt,2.625,ok
fcc97ee87fca3ef9ce5a8bc4fea02e34975723da,iroh_dial_p1550274,discovery,cold,0,echo_rtt,2.497,ok
fcc97ee87fca3ef9ce5a8bc4fea02e34975723da,iroh_dial_p1550274,discovery,cold,0,echo_rtt,2.698,ok
fcc97ee87fca3ef9ce5a8bc4fea02e34975723da,iroh_dial_p1550274,discovery,cold,0,echo_rtt,2.896,ok
fcc97ee87fca3ef9ce5a8bc4fea02e34975723da,iroh_dial_p1550274,discovery,cold,0,echo_rtt,2.613,ok
fcc97ee87fca3ef9ce5a8bc4fea02e34975723da,iroh_dial_p1550274,discovery,cold,0,echo_rtt,2.593,ok
fcc97ee87fca3ef9ce5a8bc4fea02e34975723da,iroh_dial_p1550274,discovery,cold,0,echo_rtt,2.729,ok
fcc97ee87fca3ef9ce5a8bc4fea02e34975723da,iroh_dial_p1550274,discovery,cold,0,echo_rtt,2.771,ok
fcc97ee87fca3ef9ce5a8bc4fea02e34975723da,iroh_dial_p1550274,discovery,cold,0,echo_rtt,2.754,ok
fcc97ee87fca3ef9ce5a8bc4fea02e34975723da,iroh_dial_p1550274,discovery,cold,0,echo_rtt,2.982,ok
fcc97ee87fca3ef9ce5a8bc4fea02e34975723da,iroh_dial_p1550274,discovery,cold,0,echo_rtt,2.637,ok
fcc97ee87fca3ef9ce5a8bc4fea02e34975723da,iroh_dial_p1550274,discovery,cold,0,echo_rtt,2.476,ok
fcc97ee87fca3ef9ce5a8bc4fea02e34975723da,iroh_dial_p1550274,discovery,cold,0,echo_rtt,2.683,ok
fcc97ee87fca3ef9ce5a8bc4fea02e34975723da,iroh_dial_p1550274,discovery,cold,0,echo_rtt,2.777,ok
fcc97ee87fca3ef9ce5a8bc4fea02e34975723da,iroh_dial_p1550274,discovery,cold,0,echo_rtt,2.544,ok
fcc97ee87fca3ef9ce5a8bc4fea02e34975723da,iroh_dial_p1550274,discovery,cold,0,runtime_start,0.371,ok
fcc97ee87fca3ef9ce5a8bc4fea02e34975723da,iroh_dial_p1550274,discovery,cold,0,endpoint_bind,1.421,ok
fcc97ee87fca3ef9ce5a8bc4fea02e34975723da,iroh_dial_p1550274,discovery,cold,0,address_lookup,1.528,ok
fcc97ee87fca3ef9ce5a8bc4fea02e34975723da,iroh_dial_p1550274,discovery,cold,0,dial_handshake,193.495,ok
fcc97ee87fca3ef9ce5a8bc4fea02e34975723da,iroh_dial_p1550274,discovery,cold,0,stream_open,83.537,ok
fcc97ee87fca3ef9ce5a8bc4fea02e34975723da,iroh_dial_p1550274,discovery,cold,0,echo_rtt,3.606,ok
fcc97ee87fca3ef9ce5a8bc4fea02e34975723da,iroh_dial_p1550274,discovery,cold,0,echo_rtt,3.590,ok
fcc97ee87fca3ef9ce5a8bc4fea02e34975723da,iroh_dial_p1550274,discovery,cold,0,echo_rtt,2.867,ok
fcc97ee87fca3ef9ce5a8bc4fea02e34975723da,iroh_dial_p1550274,discovery,cold,0,echo_rtt,2.643,ok
fcc97ee87fca3ef9ce5a8bc4fea02e34975723da,iroh_dial_p1550274,discovery,cold,0,echo_rtt,2.827,ok
fcc97ee87fca3ef9ce5a8bc4fea02e34975723da,iroh_dial_p1550274,discovery,cold,0,echo_rtt,2.718,ok
fcc97ee87fca3ef9ce5a8bc4fea02e34975723da,iroh_dial_p1550274,discovery,cold,0,echo_rtt,2.605,ok
fcc97ee87fca3ef9ce5a8bc4fea02e34975723da,iroh_dial_p1550274,discovery,cold,0,echo_rtt,2.498,ok
fcc97ee87fca3ef9ce5a8bc4fea02e34975723da,iroh_dial_p1550274,discovery,cold,0,echo_rtt,2.666,ok
fcc97ee87fca3ef9ce5a8bc4fea02e34975723da,iroh_dial_p1550274,discovery,cold,0,echo_rtt,2.733,ok
fcc97ee87fca3ef9ce5a8bc4fea02e34975723da,iroh_dial_p1550274,discovery,cold,0,echo_rtt,2.684,ok
fcc97ee87fca3ef9ce5a8bc4fea02e34975723da,iroh_dial_p1550274,discovery,cold,0,echo_rtt,2.747,ok
fcc97ee87fca3ef9ce5a8bc4fea02e34975723da,iroh_dial_p1550274,discovery,cold,0,echo_rtt,3.000,ok
fcc97ee87fca3ef9ce5a8bc4fea02e34975723da,iroh_dial_p1550274,discovery,cold,0,echo_rtt,2.834,ok
fcc97ee87fca3ef9ce5a8bc4fea02e34975723da,iroh_dial_p1550274,discovery,cold,0,echo_rtt,3.115,ok
fcc97ee87fca3ef9ce5a8bc4fea02e34975723da,iroh_dial_p1550274,discovery,cold,0,echo_rtt,2.830,ok
fcc97ee87fca3ef9ce5a8bc4fea02e34975723da,iroh_dial_p1550274,discovery,cold,0,echo_rtt,2.752,ok
fcc97ee87fca3ef9ce5a8bc4fea02e34975723da,iroh_dial_p1550274,discovery,cold,0,echo_rtt,2.541,ok
fcc97ee87fca3ef9ce5a8bc4fea02e34975723da,iroh_dial_p1550274,discovery,cold,0,echo_rtt,2.387,ok
fcc97ee87fca3ef9ce5a8bc4fea02e34975723da,iroh_dial_p1550274,discovery,cold,0,echo_rtt,2.541,ok
fcc97ee87fca3ef9ce5a8bc4fea02e34975723da,iroh_dial_p1550274,discovery,cold,0,echo_rtt,2.631,ok
fcc97ee87fca3ef9ce5a8bc4fea02e34975723da,iroh_dial_p1550274,discovery,cold,0,echo_rtt,2.760,ok
fcc97ee87fca3ef9ce5a8bc4fea02e34975723da,iroh_dial_p1550274,discovery,cold,0,echo_rtt,2.671,ok
fcc97ee87fca3ef9ce5a8bc4fea02e34975723da,iroh_dial_p1550274,discovery,cold,0,echo_rtt,2.803,ok
fcc97ee87fca3ef9ce5a8bc4fea02e34975723da,iroh_dial_p1550274,discovery,cold,0,echo_rtt,2.966,ok
fcc97ee87fca3ef9ce5a8bc4fea02e34975723da,iroh_dial_p1550274,discovery,cold,0,echo_rtt,3.246,ok
fcc97ee87fca3ef9ce5a8bc4fea02e34975723da,iroh_dial_p1550274,discovery,cold,0,echo_rtt,3.311,ok
fcc97ee87fca3ef9ce5a8bc4fea02e34975723da,iroh_dial_p1550274,discovery,cold,0,echo_rtt,2.933,ok
fcc97ee87fca3ef9ce5a8bc4fea02e34975723da,iroh_dial_p1550274,discovery,cold,0,echo_rtt,2.935,ok
fcc97ee87fca3ef9ce5a8bc4fea02e34975723da,iroh_dial_p1550274,discovery,cold,0,echo_rtt,2.657,ok
fcc97ee87fca3ef9ce5a8bc4fea02e34975723da,iroh_dial_p1550274,discovery,cold,0,echo_rtt,3.108,ok
fcc97ee87fca3ef9ce5a8bc4fea02e34975723da,iroh_dial_p1550274,discovery,cold,0,echo_rtt,2.562,ok
fcc97ee87fca3ef9ce5a8bc4fea02e34975723da,iroh_dial_p1550274,discovery,cold,0,echo_rtt,2.921,ok
fcc97ee87fca3ef9ce5a8bc4fea02e34975723da,iroh_dial_p1550274,discovery,cold,0,echo_rtt,2.779,ok
fcc97ee87fca3ef9ce5a8bc4fea02e34975723da,iroh_dial_p1550274,discovery,cold,0,echo_rtt,2.904,ok
fcc97ee87fca3ef9ce5a8bc4fea02e34975723da,iroh_dial_p1550274,discovery,cold,0,echo_rtt,2.696,ok
fcc97ee87fca3ef9ce5a8bc4fea02e34975723da,iroh_dial_p1550274,discovery,cold,0,echo_rtt,2.570,ok
fcc97ee87fca3ef9ce5a8bc4fea02e34975723da,iroh_dial_p1550274,discovery,cold,0,echo_rtt,2.600,ok
fcc97ee87fca3ef9ce5a8bc4fea02e34975723da,iroh_dial_p1550274,discovery,cold,0,echo_rtt,2.522,ok
fcc97ee87fca3ef9ce5a8bc4fea02e34975723da,iroh_dial_p1550274,discovery,cold,0,echo_rtt,2.882,ok
fcc97ee87fca3ef9ce5a8bc4fea02e34975723da,iroh_dial_p1550274,discovery,cold,0,echo_rtt,2.962,ok
fcc97ee87fca3ef9ce5a8bc4fea02e34975723da,iroh_dial_p1550274,discovery,cold,0,echo_rtt,3.103,ok
fcc97ee87fca3ef9ce5a8bc4fea02e34975723da,iroh_dial_p1550274,discovery,cold,0,echo_rtt,2.564,ok
fcc97ee87fca3ef9ce5a8bc4fea02e34975723da,iroh_dial_p1550274,discovery,cold,0,echo_rtt,2.498,ok
fcc97ee87fca3ef9ce5a8bc4fea02e34975723da,iroh_dial_p1550274,discovery,cold,0,echo_rtt,2.541,ok
fcc97ee87fca3ef9ce5a8bc4fea02e34975723da,iroh_dial_p1550274,discovery,cold,0,echo_rtt,2.613,ok
fcc97ee87fca3ef9ce5a8bc4fea02e34975723da,iroh_dial_p1550274,discovery,cold,0,echo_rtt,2.845,ok
fcc97ee87fca3ef9ce5a8bc4fea02e34975723da,iroh_dial_p1550274,discovery,cold,0,echo_rtt,2.966,ok
fcc97ee87fca3ef9ce5a8bc4fea02e34975723da,iroh_dial_p1550274,discovery,cold,0,echo_rtt,2.595,ok
fcc97ee87fca3ef9ce5a8bc4fea02e34975723da,iroh_dial_p1550274,discovery,cold,0,echo_rtt,2.830,ok
fcc97ee87fca3ef9ce5a8bc4fea02e34975723da,iroh_dial_p1550274,discovery,cold,0,echo_rtt,2.694,ok
fcc97ee87fca3ef9ce5a8bc4fea02e34975723da,iroh_dial_p1550274,discovery,cold,0,echo_rtt,2.530,ok
fcc97ee87fca3ef9ce5a8bc4fea02e34975723da,iroh_dial_p1550274,discovery,cold,0,echo_rtt,2.888,ok
fcc97ee87fca3ef9ce5a8bc4fea02e34975723da,iroh_dial_p1550274,discovery,cold,0,echo_rtt,2.526,ok
fcc97ee87fca3ef9ce5a8bc4fea02e34975723da,iroh_dial_p1550274,discovery,cold,0,echo_rtt,2.901,ok
fcc97ee87fca3ef9ce5a8bc4fea02e34975723da,iroh_dial_p1550274,discovery,cold,0,echo_rtt,2.803,ok
fcc97ee87fca3ef9ce5a8bc4fea02e34975723da,iroh_dial_p1550274,discovery,cold,0,echo_rtt,2.697,ok
fcc97ee87fca3ef9ce5a8bc4fea02e34975723da,iroh_dial_p1550274,discovery,cold,0,echo_rtt,2.560,ok
fcc97ee87fca3ef9ce5a8bc4fea02e34975723da,iroh_dial_p1550274,discovery,cold,0,echo_rtt,2.877,ok
fcc97ee87fca3ef9ce5a8bc4fea02e34975723da,iroh_dial_p1550274,discovery,cold,0,echo_rtt,2.539,ok
fcc97ee87fca3ef9ce5a8bc4fea02e34975723da,iroh_dial_p1550274,discovery,cold,0,echo_rtt,3.077,ok
fcc97ee87fca3ef9ce5a8bc4fea02e34975723da,iroh_dial_p1550274,discovery,cold,0,echo_rtt,2.633,ok
fcc97ee87fca3ef9ce5a8bc4fea02e34975723da,iroh_dial_p1550274,discovery,cold,0,echo_rtt,2.966,ok
fcc97ee87fca3ef9ce5a8bc4fea02e34975723da,iroh_dial_p1550274,discovery,cold,0,echo_rtt,3.154,ok
fcc97ee87fca3ef9ce5a8bc4fea02e34975723da,iroh_dial_p1550274,discovery,cold,0,echo_rtt,2.787,ok
fcc97ee87fca3ef9ce5a8bc4fea02e34975723da,iroh_dial_p1550274,discovery,cold,0,echo_rtt,2.522,ok
fcc97ee87fca3ef9ce5a8bc4fea02e34975723da,iroh_dial_p1550274,discovery,cold,0,echo_rtt,2.625,ok
fcc97ee87fca3ef9ce5a8bc4fea02e34975723da,iroh_dial_p1550274,discovery,cold,0,echo_rtt,2.608,ok
fcc97ee87fca3ef9ce5a8bc4fea02e34975723da,iroh_dial_p1550274,discovery,cold,0,echo_rtt,3.261,ok
fcc97ee87fca3ef9ce5a8bc4fea02e34975723da,iroh_dial_p1550274,discovery,cold,0,echo_rtt,2.978,ok
fcc97ee87fca3ef9ce5a8bc4fea02e34975723da,iroh_dial_p1550274,discovery,cold,0,echo_rtt,2.548,ok
fcc97ee87fca3ef9ce5a8bc4fea02e34975723da,iroh_dial_p1550274,discovery,cold,0,echo_rtt,2.857,ok
fcc97ee87fca3ef9ce5a8bc4fea02e34975723da,iroh_dial_p1550274,discovery,cold,0,echo_rtt,2.533,ok
fcc97ee87fca3ef9ce5a8bc4fea02e34975723da,iroh_dial_p1550274,discovery,cold,0,echo_rtt,2.623,ok
fcc97ee87fca3ef9ce5a8bc4fea02e34975723da,iroh_dial_p1550274,discovery,cold,0,echo_rtt,2.622,ok
fcc97ee87fca3ef9ce5a8bc4fea02e34975723da,iroh_dial_p1550274,discovery,cold,0,echo_rtt,2.472,ok
fcc97ee87fca3ef9ce5a8bc4fea02e34975723da,iroh_dial_p1550274,discovery,cold,0,echo_rtt,2.875,ok
fcc97ee87fca3ef9ce5a8bc4fea02e34975723da,iroh_dial_p1550274,discovery,cold,0,echo_rtt,2.603,ok
fcc97ee87fca3ef9ce5a8bc4fea02e34975723da,iroh_dial_p1550274,discovery,cold,0,echo_rtt,2.622,ok
fcc97ee87fca3ef9ce5a8bc4fea02e34975723da,iroh_dial_p1550274,discovery,cold,0,echo_rtt,3.258,ok
fcc97ee87fca3ef9ce5a8bc4fea02e34975723da,iroh_dial_p1550274,discovery,cold,0,echo_rtt,2.605,ok
fcc97ee87fca3ef9ce5a8bc4fea02e34975723da,iroh_dial_p1550274,discovery,cold,0,echo_rtt,2.725,ok
fcc97ee87fca3ef9ce5a8bc4fea02e34975723da,iroh_dial_p1550274,discovery,cold,0,echo_rtt,2.908,ok
fcc97ee87fca3ef9ce5a8bc4fea02e34975723da,iroh_dial_p1550274,discovery,cold,0,echo_rtt,2.876,ok
fcc97ee87fca3ef9ce5a8bc4fea02e34975723da,iroh_dial_p1550274,discovery,cold,0,echo_rtt,2.822,ok
fcc97ee87fca3ef9ce5a8bc4fea02e34975723da,iroh_dial_p1550274,discovery,cold,0,echo_rtt,2.506,ok
fcc97ee87fca3ef9ce5a8bc4fea02e34975723da,iroh_dial_p1550274,discovery,cold,0,echo_rtt,3.079,ok
fcc97ee87fca3ef9ce5a8bc4fea02e34975723da,iroh_dial_p1550274,discovery,cold,0,echo_rtt,2.606,ok
fcc97ee87fca3ef9ce5a8bc4fea02e34975723da,iroh_dial_p1550274,discovery,cold,0,echo_rtt,2.701,ok
fcc97ee87fca3ef9ce5a8bc4fea02e34975723da,iroh_dial_p1550274,discovery,cold,0,echo_rtt,3.192,ok
fcc97ee87fca3ef9ce5a8bc4fea02e34975723da,iroh_dial_p1550274,discovery,cold,0,echo_rtt,2.822,ok
fcc97ee87fca3ef9ce5a8bc4fea02e34975723da,iroh_dial_p1550274,discovery,cold,0,echo_rtt,2.638,ok
fcc97ee87fca3ef9ce5a8bc4fea02e34975723da,iroh_dial_p1550274,discovery,cold,0,echo_rtt,2.778,ok
fcc97ee87fca3ef9ce5a8bc4fea02e34975723da,iroh_dial_p1550274,discovery,cold,0,echo_rtt,2.806,ok
fcc97ee87fca3ef9ce5a8bc4fea02e34975723da,iroh_dial_p1550274,discovery,cold,0,echo_rtt,2.733,ok
fcc97ee87fca3ef9ce5a8bc4fea02e34975723da,iroh_dial_p1550274,discovery,cold,0,echo_rtt,2.702,ok
fcc97ee87fca3ef9ce5a8bc4fea02e34975723da,iroh_dial_p1550274,discovery,cold,0,echo_rtt,3.183,ok
fcc97ee87fca3ef9ce5a8bc4fea02e34975723da,iroh_dial_p1550274,discovery,cold,0,echo_rtt,2.585,ok
fcc97ee87fca3ef9ce5a8bc4fea02e34975723da,iroh_dial_p1550274,discovery,cold,0,echo_rtt,2.585,ok
fcc97ee87fca3ef9ce5a8bc4fea02e34975723da,iroh_dial_p1550274,discovery,cold,0,echo_rtt,2.921,ok
fcc97ee87fca3ef9ce5a8bc4fea02e34975723da,seer_dial,discovery,cold,0,seer_dial,321.600,ok
fcc97ee87fca3ef9ce5a8bc4fea02e34975723da,seer_dial,discovery,cold,0,stream_open,91.180,ok
fcc97ee87fca3ef9ce5a8bc4fea02e34975723da,seer_dial,discovery,cold,0,echo_rtt,0.050,ok
fcc97ee87fca3ef9ce5a8bc4fea02e34975723da,seer_dial,discovery,cold,0,echo_rtt,0.041,ok
fcc97ee87fca3ef9ce5a8bc4fea02e34975723da,seer_dial,discovery,cold,0,echo_rtt,0.037,ok
fcc97ee87fca3ef9ce5a8bc4fea02e34975723da,seer_dial,discovery,cold,0,echo_rtt,0.037,ok
fcc97ee87fca3ef9ce5a8bc4fea02e34975723da,seer_dial,discovery,cold,0,echo_rtt,0.037,ok
fcc97ee87fca3ef9ce5a8bc4fea02e34975723da,seer_dial,discovery,cold,0,echo_rtt,0.036,ok
fcc97ee87fca3ef9ce5a8bc4fea02e34975723da,seer_dial,discovery,cold,0,echo_rtt,0.042,ok
fcc97ee87fca3ef9ce5a8bc4fea02e34975723da,seer_dial,discovery,cold,0,echo_rtt,0.036,ok
fcc97ee87fca3ef9ce5a8bc4fea02e34975723da,seer_dial,discovery,cold,0,echo_rtt,0.036,ok
fcc97ee87fca3ef9ce5a8bc4fea02e34975723da,seer_dial,discovery,cold,0,echo_rtt,0.042,ok
fcc97ee87fca3ef9ce5a8bc4fea02e34975723da,seer_dial,discovery,cold,0,echo_rtt,0.036,ok
fcc97ee87fca3ef9ce5a8bc4fea02e34975723da,seer_dial,discovery,cold,0,echo_rtt,0.035,ok
fcc97ee87fca3ef9ce5a8bc4fea02e34975723da,seer_dial,discovery,cold,0,echo_rtt,0.036,ok
fcc97ee87fca3ef9ce5a8bc4fea02e34975723da,seer_dial,discovery,cold,0,echo_rtt,0.036,ok
fcc97ee87fca3ef9ce5a8bc4fea02e34975723da,seer_dial,discovery,cold,0,echo_rtt,0.036,ok
fcc97ee87fca3ef9ce5a8bc4fea02e34975723da,seer_dial,discovery,cold,0,echo_rtt,0.036,ok
fcc97ee87fca3ef9ce5a8bc4fea02e34975723da,seer_dial,discovery,cold,0,echo_rtt,0.040,ok
fcc97ee87fca3ef9ce5a8bc4fea02e34975723da,seer_dial,discovery,cold,0,echo_rtt,0.076,ok
fcc97ee87fca3ef9ce5a8bc4fea02e34975723da,seer_dial,discovery,cold,0,echo_rtt,0.040,ok
fcc97ee87fca3ef9ce5a8bc4fea02e34975723da,seer_dial,discovery,cold,0,echo_rtt,0.032,ok
fcc97ee87fca3ef9ce5a8bc4fea02e34975723da,seer_dial,discovery,cold,0,echo_rtt,0.040,ok
fcc97ee87fca3ef9ce5a8bc4fea02e34975723da,seer_dial,discovery,cold,0,echo_rtt,0.032,ok
fcc97ee87fca3ef9ce5a8bc4fea02e34975723da,seer_dial,discovery,cold,0,echo_rtt,0.039,ok
fcc97ee87fca3ef9ce5a8bc4fea02e34975723da,seer_dial,discovery,cold,0,echo_rtt,0.032,ok
fcc97ee87fca3ef9ce5a8bc4fea02e34975723da,seer_dial,discovery,cold,0,echo_rtt,0.039,ok
fcc97ee87fca3ef9ce5a8bc4fea02e34975723da,seer_dial,discovery,cold,0,echo_rtt,0.032,ok
fcc97ee87fca3ef9ce5a8bc4fea02e34975723da,seer_dial,discovery,cold,0,echo_rtt,0.039,ok
fcc97ee87fca3ef9ce5a8bc4fea02e34975723da,seer_dial,discovery,cold,0,echo_rtt,0.031,ok
fcc97ee87fca3ef9ce5a8bc4fea02e34975723da,seer_dial,discovery,cold,0,echo_rtt,0.041,ok
fcc97ee87fca3ef9ce5a8bc4fea02e34975723da,seer_dial,discovery,cold,0,echo_rtt,0.031,ok
fcc97ee87fca3ef9ce5a8bc4fea02e34975723da,seer_dial,discovery,cold,0,echo_rtt,0.040,ok
fcc97ee87fca3ef9ce5a8bc4fea02e34975723da,seer_dial,discovery,cold,0,echo_rtt,0.031,ok
fcc97ee87fca3ef9ce5a8bc4fea02e34975723da,seer_dial,discovery,cold,0,echo_rtt,0.041,ok
fcc97ee87fca3ef9ce5a8bc4fea02e34975723da,seer_dial,discovery,cold,0,echo_rtt,0.031,ok
fcc97ee87fca3ef9ce5a8bc4fea02e34975723da,seer_dial,discovery,cold,0,echo_rtt,0.041,ok
fcc97ee87fca3ef9ce5a8bc4fea02e34975723da,seer_dial,discovery,cold,0,echo_rtt,0.032,ok
fcc97ee87fca3ef9ce5a8bc4fea02e34975723da,seer_dial,discovery,cold,0,echo_rtt,0.040,ok
fcc97ee87fca3ef9ce5a8bc4fea02e34975723da,seer_dial,discovery,cold,0,echo_rtt,0.032,ok
fcc97ee87fca3ef9ce5a8bc4fea02e34975723da,seer_dial,discovery,cold,0,echo_rtt,0.041,ok
fcc97ee87fca3ef9ce5a8bc4fea02e34975723da,seer_dial,discovery,cold,0,echo_rtt,0.032,ok
fcc97ee87fca3ef9ce5a8bc4fea02e34975723da,seer_dial,discovery,cold,0,echo_rtt,0.044,ok
fcc97ee87fca3ef9ce5a8bc4fea02e34975723da,seer_dial,discovery,cold,0,echo_rtt,0.037,ok
fcc97ee87fca3ef9ce5a8bc4fea02e34975723da,seer_dial,discovery,cold,0,echo_rtt,0.042,ok
fcc97ee87fca3ef9ce5a8bc4fea02e34975723da,seer_dial,discovery,cold,0,echo_rtt,0.035,ok
fcc97ee87fca3ef9ce5a8bc4fea02e34975723da,seer_dial,discovery,cold,0,echo_rtt,0.046,ok
fcc97ee87fca3ef9ce5a8bc4fea02e34975723da,seer_dial,discovery,cold,0,echo_rtt,0.037,ok
fcc97ee87fca3ef9ce5a8bc4fea02e34975723da,seer_dial,discovery,cold,0,echo_rtt,0.044,ok
fcc97ee87fca3ef9ce5a8bc4fea02e34975723da,seer_dial,discovery,cold,0,echo_rtt,0.031,ok
fcc97ee87fca3ef9ce5a8bc4fea02e34975723da,seer_dial,discovery,cold,0,echo_rtt,0.053,ok
fcc97ee87fca3ef9ce5a8bc4fea02e34975723da,seer_dial,discovery,cold,0,echo_rtt,0.032,ok
fcc97ee87fca3ef9ce5a8bc4fea02e34975723da,seer_dial,discovery,cold,0,echo_rtt,0.041,ok
fcc97ee87fca3ef9ce5a8bc4fea02e34975723da,seer_dial,discovery,cold,0,echo_rtt,0.032,ok
fcc97ee87fca3ef9ce5a8bc4fea02e34975723da,seer_dial,discovery,cold,0,echo_rtt,0.039,ok
fcc97ee87fca3ef9ce5a8bc4fea02e34975723da,seer_dial,discovery,cold,0,echo_rtt,0.031,ok
fcc97ee87fca3ef9ce5a8bc4fea02e34975723da,seer_dial,discovery,cold,0,echo_rtt,0.039,ok
fcc97ee87fca3ef9ce5a8bc4fea02e34975723da,seer_dial,discovery,cold,0,echo_rtt,0.031,ok
fcc97ee87fca3ef9ce5a8bc4fea02e34975723da,seer_dial,discovery,cold,0,echo_rtt,0.039,ok
fcc97ee87fca3ef9ce5a8bc4fea02e34975723da,seer_dial,discovery,cold,0,echo_rtt,0.031,ok
fcc97ee87fca3ef9ce5a8bc4fea02e34975723da,seer_dial,discovery,cold,0,echo_rtt,0.042,ok
fcc97ee87fca3ef9ce5a8bc4fea02e34975723da,seer_dial,discovery,cold,0,echo_rtt,0.031,ok
fcc97ee87fca3ef9ce5a8bc4fea02e34975723da,seer_dial,discovery,cold,0,echo_rtt,0.039,ok
fcc97ee87fca3ef9ce5a8bc4fea02e34975723da,seer_dial,discovery,cold,0,echo_rtt,0.031,ok
fcc97ee87fca3ef9ce5a8bc4fea02e34975723da,seer_dial,discovery,cold,0,echo_rtt,0.040,ok
fcc97ee87fca3ef9ce5a8bc4fea02e34975723da,seer_dial,discovery,cold,0,echo_rtt,0.031,ok
fcc97ee87fca3ef9ce5a8bc4fea02e34975723da,seer_dial,discovery,cold,0,echo_rtt,0.048,ok
fcc97ee87fca3ef9ce5a8bc4fea02e34975723da,seer_dial,discovery,cold,0,echo_rtt,0.034,ok
fcc97ee87fca3ef9ce5a8bc4fea02e34975723da,seer_dial,discovery,cold,0,echo_rtt,0.063,ok
fcc97ee87fca3ef9ce5a8bc4fea02e34975723da,seer_dial,discovery,cold,0,echo_rtt,0.035,ok
fcc97ee87fca3ef9ce5a8bc4fea02e34975723da,seer_dial,discovery,cold,0,echo_rtt,0.045,ok
fcc97ee87fca3ef9ce5a8bc4fea02e34975723da,seer_dial,discovery,cold,0,echo_rtt,0.035,ok
fcc97ee87fca3ef9ce5a8bc4fea02e34975723da,seer_dial,discovery,cold,0,echo_rtt,0.044,ok
fcc97ee87fca3ef9ce5a8bc4fea02e34975723da,seer_dial,discovery,cold,0,echo_rtt,0.034,ok
fcc97ee87fca3ef9ce5a8bc4fea02e34975723da,seer_dial,discovery,cold,0,echo_rtt,0.045,ok
fcc97ee87fca3ef9ce5a8bc4fea02e34975723da,seer_dial,discovery,cold,0,echo_rtt,0.038,ok
fcc97ee87fca3ef9ce5a8bc4fea02e34975723da,seer_dial,discovery,cold,0,echo_rtt,0.045,ok
fcc97ee87fca3ef9ce5a8bc4fea02e34975723da,seer_dial,discovery,cold,0,echo_rtt,0.034,ok
fcc97ee87fca3ef9ce5a8bc4fea02e34975723da,seer_dial,discovery,cold,0,echo_rtt,0.044,ok
fcc97ee87fca3ef9ce5a8bc4fea02e34975723da,seer_dial,discovery,cold,0,echo_rtt,0.034,ok
fcc97ee87fca3ef9ce5a8bc4fea02e34975723da,seer_dial,discovery,cold,0,echo_rtt,0.044,ok
fcc97ee87fca3ef9ce5a8bc4fea02e34975723da,seer_dial,discovery,cold,0,echo_rtt,0.034,ok
fcc97ee87fca3ef9ce5a8bc4fea02e34975723da,seer_dial,discovery,cold,0,echo_rtt,0.045,ok
fcc97ee87fca3ef9ce5a8bc4fea02e34975723da,seer_dial,discovery,cold,0,echo_rtt,0.034,ok
fcc97ee87fca3ef9ce5a8bc4fea02e34975723da,seer_dial,discovery,cold,0,echo_rtt,0.050,ok
fcc97ee87fca3ef9ce5a8bc4fea02e34975723da,seer_dial,discovery,cold,0,echo_rtt,0.034,ok
fcc97ee87fca3ef9ce5a8bc4fea02e34975723da,seer_dial,discovery,cold,0,echo_rtt,0.045,ok
fcc97ee87fca3ef9ce5a8bc4fea02e34975723da,seer_dial,discovery,cold,0,echo_rtt,0.035,ok
fcc97ee87fca3ef9ce5a8bc4fea02e34975723da,seer_dial,discovery,cold,0,echo_rtt,0.045,ok
fcc97ee87fca3ef9ce5a8bc4fea02e34975723da,seer_dial,discovery,cold,0,echo_rtt,0.035,ok
fcc97ee87fca3ef9ce5a8bc4fea02e34975723da,seer_dial,discovery,cold,0,echo_rtt,0.042,ok
fcc97ee87fca3ef9ce5a8bc4fea02e34975723da,seer_dial,discovery,cold,0,echo_rtt,0.032,ok
fcc97ee87fca3ef9ce5a8bc4fea02e34975723da,seer_dial,discovery,cold,0,echo_rtt,0.041,ok
fcc97ee87fca3ef9ce5a8bc4fea02e34975723da,seer_dial,discovery,cold,0,echo_rtt,0.031,ok
fcc97ee87fca3ef9ce5a8bc4fea02e34975723da,seer_dial,discovery,cold,0,echo_rtt,0.041,ok
fcc97ee87fca3ef9ce5a8bc4fea02e34975723da,seer_dial,discovery,cold,0,echo_rtt,0.032,ok
fcc97ee87fca3ef9ce5a8bc4fea02e34975723da,seer_dial,discovery,cold,0,echo_rtt,0.042,ok
fcc97ee87fca3ef9ce5a8bc4fea02e34975723da,seer_dial,discovery,cold,0,echo_rtt,0.033,ok
fcc97ee87fca3ef9ce5a8bc4fea02e34975723da,seer_dial,discovery,cold,0,echo_rtt,0.075,ok
fcc97ee87fca3ef9ce5a8bc4fea02e34975723da,seer_dial,discovery,cold,0,echo_rtt,0.033,ok
fcc97ee87fca3ef9ce5a8bc4fea02e34975723da,seer_dial,discovery,cold,0,echo_rtt,0.046,ok
fcc97ee87fca3ef9ce5a8bc4fea02e34975723da,seer_dial,discovery,cold,0,echo_rtt,0.031,ok
fcc97ee87fca3ef9ce5a8bc4fea02e34975723da,seer_dial,discovery,cold,0,seer_dial,192.595,ok
fcc97ee87fca3ef9ce5a8bc4fea02e34975723da,seer_dial,discovery,cold,0,stream_open,80.815,ok
fcc97ee87fca3ef9ce5a8bc4fea02e34975723da,seer_dial,discovery,cold,0,echo_rtt,0.046,ok
fcc97ee87fca3ef9ce5a8bc4fea02e34975723da,seer_dial,discovery,cold,0,echo_rtt,0.047,ok
fcc97ee87fca3ef9ce5a8bc4fea02e34975723da,seer_dial,discovery,cold,0,echo_rtt,0.037,ok
fcc97ee87fca3ef9ce5a8bc4fea02e34975723da,seer_dial,discovery,cold,0,echo_rtt,0.043,ok
fcc97ee87fca3ef9ce5a8bc4fea02e34975723da,seer_dial,discovery,cold,0,echo_rtt,0.032,ok
fcc97ee87fca3ef9ce5a8bc4fea02e34975723da,seer_dial,discovery,cold,0,echo_rtt,0.042,ok
fcc97ee87fca3ef9ce5a8bc4fea02e34975723da,seer_dial,discovery,cold,0,echo_rtt,0.033,ok
fcc97ee87fca3ef9ce5a8bc4fea02e34975723da,seer_dial,discovery,cold,0,echo_rtt,0.042,ok
fcc97ee87fca3ef9ce5a8bc4fea02e34975723da,seer_dial,discovery,cold,0,echo_rtt,0.033,ok
fcc97ee87fca3ef9ce5a8bc4fea02e34975723da,seer_dial,discovery,cold,0,echo_rtt,0.041,ok
fcc97ee87fca3ef9ce5a8bc4fea02e34975723da,seer_dial,discovery,cold,0,echo_rtt,0.033,ok
fcc97ee87fca3ef9ce5a8bc4fea02e34975723da,seer_dial,discovery,cold,0,echo_rtt,0.042,ok
fcc97ee87fca3ef9ce5a8bc4fea02e34975723da,seer_dial,discovery,cold,0,echo_rtt,0.033,ok
fcc97ee87fca3ef9ce5a8bc4fea02e34975723da,seer_dial,discovery,cold,0,echo_rtt,0.042,ok
fcc97ee87fca3ef9ce5a8bc4fea02e34975723da,seer_dial,discovery,cold,0,echo_rtt,0.032,ok
fcc97ee87fca3ef9ce5a8bc4fea02e34975723da,seer_dial,discovery,cold,0,echo_rtt,0.042,ok
fcc97ee87fca3ef9ce5a8bc4fea02e34975723da,seer_dial,discovery,cold,0,echo_rtt,0.041,ok
fcc97ee87fca3ef9ce5a8bc4fea02e34975723da,seer_dial,discovery,cold,0,echo_rtt,0.049,ok
fcc97ee87fca3ef9ce5a8bc4fea02e34975723da,seer_dial,discovery,cold,0,echo_rtt,0.035,ok
fcc97ee87fca3ef9ce5a8bc4fea02e34975723da,seer_dial,discovery,cold,0,echo_rtt,0.048,ok
fcc97ee87fca3ef9ce5a8bc4fea02e34975723da,seer_dial,discovery,cold,0,echo_rtt,0.036,ok
fcc97ee87fca3ef9ce5a8bc4fea02e34975723da,seer_dial,discovery,cold,0,echo_rtt,0.048,ok
fcc97ee87fca3ef9ce5a8bc4fea02e34975723da,seer_dial,discovery,cold,0,echo_rtt,0.036,ok
fcc97ee87fca3ef9ce5a8bc4fea02e34975723da,seer_dial,discovery,cold,0,echo_rtt,0.047,ok
fcc97ee87fca3ef9ce5a8bc4fea02e34975723da,seer_dial,discovery,cold,0,echo_rtt,0.037,ok
fcc97ee87fca3ef9ce5a8bc4fea02e34975723da,seer_dial,discovery,cold,0,echo_rtt,0.048,ok
fcc97ee87fca3ef9ce5a8bc4fea02e34975723da,seer_dial,discovery,cold,0,echo_rtt,0.036,ok
fcc97ee87fca3ef9ce5a8bc4fea02e34975723da,seer_dial,discovery,cold,0,echo_rtt,0.047,ok
fcc97ee87fca3ef9ce5a8bc4fea02e34975723da,seer_dial,discovery,cold,0,echo_rtt,0.036,ok
fcc97ee87fca3ef9ce5a8bc4fea02e34975723da,seer_dial,discovery,cold,0,echo_rtt,0.048,ok
fcc97ee87fca3ef9ce5a8bc4fea02e34975723da,seer_dial,discovery,cold,0,echo_rtt,0.037,ok
fcc97ee87fca3ef9ce5a8bc4fea02e34975723da,seer_dial,discovery,cold,0,echo_rtt,0.048,ok
fcc97ee87fca3ef9ce5a8bc4fea02e34975723da,seer_dial,discovery,cold,0,echo_rtt,0.036,ok
fcc97ee87fca3ef9ce5a8bc4fea02e34975723da,seer_dial,discovery,cold,0,echo_rtt,0.048,ok
fcc97ee87fca3ef9ce5a8bc4fea02e34975723da,seer_dial,discovery,cold,0,echo_rtt,0.036,ok
fcc97ee87fca3ef9ce5a8bc4fea02e34975723da,seer_dial,discovery,cold,0,echo_rtt,0.048,ok
fcc97ee87fca3ef9ce5a8bc4fea02e34975723da,seer_dial,discovery,cold,0,echo_rtt,0.036,ok
fcc97ee87fca3ef9ce5a8bc4fea02e34975723da,seer_dial,discovery,cold,0,echo_rtt,0.048,ok
fcc97ee87fca3ef9ce5a8bc4fea02e34975723da,seer_dial,discovery,cold,0,echo_rtt,0.039,ok
fcc97ee87fca3ef9ce5a8bc4fea02e34975723da,seer_dial,discovery,cold,0,echo_rtt,0.049,ok
fcc97ee87fca3ef9ce5a8bc4fea02e34975723da,seer_dial,discovery,cold,0,echo_rtt,0.033,ok
fcc97ee87fca3ef9ce5a8bc4fea02e34975723da,seer_dial,discovery,cold,0,echo_rtt,0.042,ok
fcc97ee87fca3ef9ce5a8bc4fea02e34975723da,seer_dial,discovery,cold,0,echo_rtt,0.032,ok
fcc97ee87fca3ef9ce5a8bc4fea02e34975723da,seer_dial,discovery,cold,0,echo_rtt,0.041,ok
fcc97ee87fca3ef9ce5a8bc4fea02e34975723da,seer_dial,discovery,cold,0,echo_rtt,0.032,ok
fcc97ee87fca3ef9ce5a8bc4fea02e34975723da,seer_dial,discovery,cold,0,echo_rtt,0.041,ok
fcc97ee87fca3ef9ce5a8bc4fea02e34975723da,seer_dial,discovery,cold,0,echo_rtt,0.031,ok
fcc97ee87fca3ef9ce5a8bc4fea02e34975723da,seer_dial,discovery,cold,0,echo_rtt,0.044,ok
fcc97ee87fca3ef9ce5a8bc4fea02e34975723da,seer_dial,discovery,cold,0,echo_rtt,0.047,ok
fcc97ee87fca3ef9ce5a8bc4fea02e34975723da,seer_dial,discovery,cold,0,echo_rtt,0.067,ok
fcc97ee87fca3ef9ce5a8bc4fea02e34975723da,seer_dial,discovery,cold,0,echo_rtt,0.033,ok
fcc97ee87fca3ef9ce5a8bc4fea02e34975723da,seer_dial,discovery,cold,0,echo_rtt,0.043,ok
fcc97ee87fca3ef9ce5a8bc4fea02e34975723da,seer_dial,discovery,cold,0,echo_rtt,0.032,ok
fcc97ee87fca3ef9ce5a8bc4fea02e34975723da,seer_dial,discovery,cold,0,echo_rtt,0.042,ok
fcc97ee87fca3ef9ce5a8bc4fea02e34975723da,seer_dial,discovery,cold,0,echo_rtt,0.032,ok
fcc97ee87fca3ef9ce5a8bc4fea02e34975723da,seer_dial,discovery,cold,0,echo_rtt,0.042,ok
fcc97ee87fca3ef9ce5a8bc4fea02e34975723da,seer_dial,discovery,cold,0,echo_rtt,0.032,ok
fcc97ee87fca3ef9ce5a8bc4fea02e34975723da,seer_dial,discovery,cold,0,echo_rtt,0.042,ok
fcc97ee87fca3ef9ce5a8bc4fea02e34975723da,seer_dial,discovery,cold,0,echo_rtt,0.032,ok
fcc97ee87fca3ef9ce5a8bc4fea02e34975723da,seer_dial,discovery,cold,0,echo_rtt,0.041,ok
fcc97ee87fca3ef9ce5a8bc4fea02e34975723da,seer_dial,discovery,cold,0,echo_rtt,0.032,ok
fcc97ee87fca3ef9ce5a8bc4fea02e34975723da,seer_dial,discovery,cold,0,echo_rtt,0.042,ok
fcc97ee87fca3ef9ce5a8bc4fea02e34975723da,seer_dial,discovery,cold,0,echo_rtt,0.037,ok
fcc97ee87fca3ef9ce5a8bc4fea02e34975723da,seer_dial,discovery,cold,0,echo_rtt,0.037,ok
fcc97ee87fca3ef9ce5a8bc4fea02e34975723da,seer_dial,discovery,cold,0,echo_rtt,0.044,ok
fcc97ee87fca3ef9ce5a8bc4fea02e34975723da,seer_dial,discovery,cold,0,echo_rtt,0.038,ok
fcc97ee87fca3ef9ce5a8bc4fea02e34975723da,seer_dial,discovery,cold,0,echo_rtt,0.040,ok
fcc97ee87fca3ef9ce5a8bc4fea02e34975723da,seer_dial,discovery,cold,0,echo_rtt,0.039,ok
fcc97ee87fca3ef9ce5a8bc4fea02e34975723da,seer_dial,discovery,cold,0,echo_rtt,0.040,ok
fcc97ee87fca3ef9ce5a8bc4fea02e34975723da,seer_dial,discovery,cold,0,echo_rtt,0.038,ok
fcc97ee87fca3ef9ce5a8bc4fea02e34975723da,seer_dial,discovery,cold,0,echo_rtt,0.041,ok
fcc97ee87fca3ef9ce5a8bc4fea02e34975723da,seer_dial,discovery,cold,0,echo_rtt,0.038,ok
fcc97ee87fca3ef9ce5a8bc4fea02e34975723da,seer_dial,discovery,cold,0,echo_rtt,0.040,ok
fcc97ee87fca3ef9ce5a8bc4fea02e34975723da,seer_dial,discovery,cold,0,echo_rtt,0.044,ok
fcc97ee87fca3ef9ce5a8bc4fea02e34975723da,seer_dial,discovery,cold,0,echo_rtt,0.041,ok
fcc97ee87fca3ef9ce5a8bc4fea02e34975723da,seer_dial,discovery,cold,0,echo_rtt,0.038,ok
fcc97ee87fca3ef9ce5a8bc4fea02e34975723da,seer_dial,discovery,cold,0,echo_rtt,0.041,ok
fcc97ee87fca3ef9ce5a8bc4fea02e34975723da,seer_dial,discovery,cold,0,echo_rtt,0.042,ok
fcc97ee87fca3ef9ce5a8bc4fea02e34975723da,seer_dial,discovery,cold,0,echo_rtt,0.042,ok
fcc97ee87fca3ef9ce5a8bc4fea02e34975723da,seer_dial,discovery,cold,0,echo_rtt,0.040,ok
fcc97ee87fca3ef9ce5a8bc4fea02e34975723da,seer_dial,discovery,cold,0,echo_rtt,0.040,ok
fcc97ee87fca3ef9ce5a8bc4fea02e34975723da,seer_dial,discovery,cold,0,echo_rtt,0.039,ok
fcc97ee87fca3ef9ce5a8bc4fea02e34975723da,seer_dial,discovery,cold,0,echo_rtt,0.039,ok
fcc97ee87fca3ef9ce5a8bc4fea02e34975723da,seer_dial,discovery,cold,0,echo_rtt,0.039,ok
fcc97ee87fca3ef9ce5a8bc4fea02e34975723da,seer_dial,discovery,cold,0,echo_rtt,0.040,ok
fcc97ee87fca3ef9ce5a8bc4fea02e34975723da,seer_dial,discovery,cold,0,echo_rtt,0.039,ok
fcc97ee87fca3ef9ce5a8bc4fea02e34975723da,seer_dial,discovery,cold,0,echo_rtt,0.040,ok
fcc97ee87fca3ef9ce5a8bc4fea02e34975723da,seer_dial,discovery,cold,0,echo_rtt,0.041,ok
fcc97ee87fca3ef9ce5a8bc4fea02e34975723da,seer_dial,discovery,cold,0,echo_rtt,0.034,ok
fcc97ee87fca3ef9ce5a8bc4fea02e34975723da,seer_dial,discovery,cold,0,echo_rtt,0.036,ok
fcc97ee87fca3ef9ce5a8bc4fea02e34975723da,seer_dial,discovery,cold,0,echo_rtt,0.034,ok
fcc97ee87fca3ef9ce5a8bc4fea02e34975723da,seer_dial,discovery,cold,0,echo_rtt,0.036,ok
fcc97ee87fca3ef9ce5a8bc4fea02e34975723da,seer_dial,discovery,cold,0,echo_rtt,0.035,ok
fcc97ee87fca3ef9ce5a8bc4fea02e34975723da,seer_dial,discovery,cold,0,echo_rtt,0.036,ok
fcc97ee87fca3ef9ce5a8bc4fea02e34975723da,seer_dial,discovery,cold,0,echo_rtt,0.035,ok
fcc97ee87fca3ef9ce5a8bc4fea02e34975723da,seer_dial,discovery,cold,0,echo_rtt,0.036,ok
fcc97ee87fca3ef9ce5a8bc4fea02e34975723da,seer_dial,discovery,cold,0,echo_rtt,0.037,ok
fcc97ee87fca3ef9ce5a8bc4fea02e34975723da,seer_dial,discovery,cold,0,echo_rtt,0.036,ok
fcc97ee87fca3ef9ce5a8bc4fea02e34975723da,seer_dial,discovery,cold,0,echo_rtt,0.039,ok
fcc97ee87fca3ef9ce5a8bc4fea02e34975723da,seer_dial,discovery,cold,0,echo_rtt,0.037,ok
fcc97ee87fca3ef9ce5a8bc4fea02e34975723da,seer_dial,discovery,cold,0,seer_dial,195.081,ok
fcc97ee87fca3ef9ce5a8bc4fea02e34975723da,seer_dial,discovery,cold,0,stream_open,81.502,ok
fcc97ee87fca3ef9ce5a8bc4fea02e34975723da,seer_dial,discovery,cold,0,echo_rtt,0.085,ok
fcc97ee87fca3ef9ce5a8bc4fea02e34975723da,seer_dial,discovery,cold,0,echo_rtt,0.066,ok
fcc97ee87fca3ef9ce5a8bc4fea02e34975723da,seer_dial,discovery,cold,0,echo_rtt,0.036,ok
fcc97ee87fca3ef9ce5a8bc4fea02e34975723da,seer_dial,discovery,cold,0,echo_rtt,0.044,ok
fcc97ee87fca3ef9ce5a8bc4fea02e34975723da,seer_dial,discovery,cold,0,echo_rtt,0.032,ok
fcc97ee87fca3ef9ce5a8bc4fea02e34975723da,seer_dial,discovery,cold,0,echo_rtt,0.040,ok
fcc97ee87fca3ef9ce5a8bc4fea02e34975723da,seer_dial,discovery,cold,0,echo_rtt,0.032,ok
fcc97ee87fca3ef9ce5a8bc4fea02e34975723da,seer_dial,discovery,cold,0,echo_rtt,0.040,ok
fcc97ee87fca3ef9ce5a8bc4fea02e34975723da,seer_dial,discovery,cold,0,echo_rtt,0.032,ok
fcc97ee87fca3ef9ce5a8bc4fea02e34975723da,seer_dial,discovery,cold,0,echo_rtt,0.040,ok
fcc97ee87fca3ef9ce5a8bc4fea02e34975723da,seer_dial,discovery,cold,0,echo_rtt,0.040,ok
fcc97ee87fca3ef9ce5a8bc4fea02e34975723da,seer_dial,discovery,cold,0,echo_rtt,0.066,ok
fcc97ee87fca3ef9ce5a8bc4fea02e34975723da,seer_dial,discovery,cold,0,echo_rtt,0.043,ok
fcc97ee87fca3ef9ce5a8bc4fea02e34975723da,seer_dial,discovery,cold,0,echo_rtt,0.048,ok
fcc97ee87fca3ef9ce5a8bc4fea02e34975723da,seer_dial,discovery,cold,0,echo_rtt,0.037,ok
fcc97ee87fca3ef9ce5a8bc4fea02e34975723da,seer_dial,discovery,cold,0,echo_rtt,0.048,ok
fcc97ee87fca3ef9ce5a8bc4fea02e34975723da,seer_dial,discovery,cold,0,echo_rtt,0.037,ok
fcc97ee87fca3ef9ce5a8bc4fea02e34975723da,seer_dial,discovery,cold,0,echo_rtt,0.047,ok
fcc97ee87fca3ef9ce5a8bc4fea02e34975723da,seer_dial,discovery,cold,0,echo_rtt,0.044,ok
fcc97ee87fca3ef9ce5a8bc4fea02e34975723da,seer_dial,discovery,cold,0,echo_rtt,0.046,ok
fcc97ee87fca3ef9ce5a8bc4fea02e34975723da,seer_dial,discovery,cold,0,echo_rtt,0.053,ok
fcc97ee87fca3ef9ce5a8bc4fea02e34975723da,seer_dial,discovery,cold,0,echo_rtt,0.046,ok
fcc97ee87fca3ef9ce5a8bc4fea02e34975723da,seer_dial,discovery,cold,0,echo_rtt,0.040,ok
fcc97ee87fca3ef9ce5a8bc4fea02e34975723da,seer_dial,discovery,cold,0,echo_rtt,0.049,ok
fcc97ee87fca3ef9ce5a8bc4fea02e34975723da,seer_dial,discovery,cold,0,echo_rtt,0.038,ok
fcc97ee87fca3ef9ce5a8bc4fea02e34975723da,seer_dial,discovery,cold,0,echo_rtt,0.046,ok
fcc97ee87fca3ef9ce5a8bc4fea02e34975723da,seer_dial,discovery,cold,0,echo_rtt,0.049,ok
fcc97ee87fca3ef9ce5a8bc4fea02e34975723da,seer_dial,discovery,cold,0,echo_rtt,0.044,ok
fcc97ee87fca3ef9ce5a8bc4fea02e34975723da,seer_dial,discovery,cold,0,echo_rtt,0.043,ok
fcc97ee87fca3ef9ce5a8bc4fea02e34975723da,seer_dial,discovery,cold,0,echo_rtt,0.041,ok
fcc97ee87fca3ef9ce5a8bc4fea02e34975723da,seer_dial,discovery,cold,0,echo_rtt,0.062,ok
fcc97ee87fca3ef9ce5a8bc4fea02e34975723da,seer_dial,discovery,cold,0,echo_rtt,0.048,ok
fcc97ee87fca3ef9ce5a8bc4fea02e34975723da,seer_dial,discovery,cold,0,echo_rtt,0.058,ok
fcc97ee87fca3ef9ce5a8bc4fea02e34975723da,seer_dial,discovery,cold,0,echo_rtt,0.056,ok
fcc97ee87fca3ef9ce5a8bc4fea02e34975723da,seer_dial,discovery,cold,0,echo_rtt,0.042,ok
fcc97ee87fca3ef9ce5a8bc4fea02e34975723da,seer_dial,discovery,cold,0,echo_rtt,0.043,ok
fcc97ee87fca3ef9ce5a8bc4fea02e34975723da,seer_dial,discovery,cold,0,echo_rtt,0.043,ok
fcc97ee87fca3ef9ce5a8bc4fea02e34975723da,seer_dial,discovery,cold,0,echo_rtt,0.046,ok
fcc97ee87fca3ef9ce5a8bc4fea02e34975723da,seer_dial,discovery,cold,0,echo_rtt,0.050,ok
fcc97ee87fca3ef9ce5a8bc4fea02e34975723da,seer_dial,discovery,cold,0,echo_rtt,0.132,ok
fcc97ee87fca3ef9ce5a8bc4fea02e34975723da,seer_dial,discovery,cold,0,echo_rtt,0.046,ok
fcc97ee87fca3ef9ce5a8bc4fea02e34975723da,seer_dial,discovery,cold,0,echo_rtt,0.045,ok
fcc97ee87fca3ef9ce5a8bc4fea02e34975723da,seer_dial,discovery,cold,0,echo_rtt,0.043,ok
fcc97ee87fca3ef9ce5a8bc4fea02e34975723da,seer_dial,discovery,cold,0,echo_rtt,0.043,ok
fcc97ee87fca3ef9ce5a8bc4fea02e34975723da,seer_dial,discovery,cold,0,echo_rtt,0.042,ok
fcc97ee87fca3ef9ce5a8bc4fea02e34975723da,seer_dial,discovery,cold,0,echo_rtt,0.043,ok
fcc97ee87fca3ef9ce5a8bc4fea02e34975723da,seer_dial,discovery,cold,0,echo_rtt,0.042,ok
fcc97ee87fca3ef9ce5a8bc4fea02e34975723da,seer_dial,discovery,cold,0,echo_rtt,0.045,ok
fcc97ee87fca3ef9ce5a8bc4fea02e34975723da,seer_dial,discovery,cold,0,echo_rtt,0.044,ok
fcc97ee87fca3ef9ce5a8bc4fea02e34975723da,seer_dial,discovery,cold,0,echo_rtt,0.065,ok
fcc97ee87fca3ef9ce5a8bc4fea02e34975723da,seer_dial,discovery,cold,0,echo_rtt,0.044,ok
fcc97ee87fca3ef9ce5a8bc4fea02e34975723da,seer_dial,discovery,cold,0,echo_rtt,0.042,ok
fcc97ee87fca3ef9ce5a8bc4fea02e34975723da,seer_dial,discovery,cold,0,echo_rtt,0.041,ok
fcc97ee87fca3ef9ce5a8bc4fea02e34975723da,seer_dial,discovery,cold,0,echo_rtt,0.042,ok
fcc97ee87fca3ef9ce5a8bc4fea02e34975723da,seer_dial,discovery,cold,0,echo_rtt,0.044,ok
fcc97ee87fca3ef9ce5a8bc4fea02e34975723da,seer_dial,discovery,cold,0,echo_rtt,0.042,ok
fcc97ee87fca3ef9ce5a8bc4fea02e34975723da,seer_dial,discovery,cold,0,echo_rtt,0.043,ok
fcc97ee87fca3ef9ce5a8bc4fea02e34975723da,seer_dial,discovery,cold,0,echo_rtt,0.041,ok
fcc97ee87fca3ef9ce5a8bc4fea02e34975723da,seer_dial,discovery,cold,0,echo_rtt,0.042,ok
fcc97ee87fca3ef9ce5a8bc4fea02e34975723da,seer_dial,discovery,cold,0,echo_rtt,0.047,ok
fcc97ee87fca3ef9ce5a8bc4fea02e34975723da,seer_dial,discovery,cold,0,echo_rtt,0.044,ok
fcc97ee87fca3ef9ce5a8bc4fea02e34975723da,seer_dial,discovery,cold,0,echo_rtt,0.045,ok
fcc97ee87fca3ef9ce5a8bc4fea02e34975723da,seer_dial,discovery,cold,0,echo_rtt,0.058,ok
fcc97ee87fca3ef9ce5a8bc4fea02e34975723da,seer_dial,discovery,cold,0,echo_rtt,0.038,ok
fcc97ee87fca3ef9ce5a8bc4fea02e34975723da,seer_dial,discovery,cold,0,echo_rtt,0.050,ok
fcc97ee87fca3ef9ce5a8bc4fea02e34975723da,seer_dial,discovery,cold,0,echo_rtt,0.037,ok
fcc97ee87fca3ef9ce5a8bc4fea02e34975723da,seer_dial,discovery,cold,0,echo_rtt,0.049,ok
fcc97ee87fca3ef9ce5a8bc4fea02e34975723da,seer_dial,discovery,cold,0,echo_rtt,0.037,ok
fcc97ee87fca3ef9ce5a8bc4fea02e34975723da,seer_dial,discovery,cold,0,echo_rtt,0.048,ok
fcc97ee87fca3ef9ce5a8bc4fea02e34975723da,seer_dial,discovery,cold,0,echo_rtt,0.037,ok
fcc97ee87fca3ef9ce5a8bc4fea02e34975723da,seer_dial,discovery,cold,0,echo_rtt,0.051,ok
fcc97ee87fca3ef9ce5a8bc4fea02e34975723da,seer_dial,discovery,cold,0,echo_rtt,0.037,ok
fcc97ee87fca3ef9ce5a8bc4fea02e34975723da,seer_dial,discovery,cold,0,echo_rtt,0.045,ok
fcc97ee87fca3ef9ce5a8bc4fea02e34975723da,seer_dial,discovery,cold,0,echo_rtt,0.030,ok
fcc97ee87fca3ef9ce5a8bc4fea02e34975723da,seer_dial,discovery,cold,0,echo_rtt,0.040,ok
fcc97ee87fca3ef9ce5a8bc4fea02e34975723da,seer_dial,discovery,cold,0,echo_rtt,0.032,ok
fcc97ee87fca3ef9ce5a8bc4fea02e34975723da,seer_dial,discovery,cold,0,echo_rtt,0.041,ok
fcc97ee87fca3ef9ce5a8bc4fea02e34975723da,seer_dial,discovery,cold,0,echo_rtt,0.031,ok
fcc97ee87fca3ef9ce5a8bc4fea02e34975723da,seer_dial,discovery,cold,0,echo_rtt,0.040,ok
fcc97ee87fca3ef9ce5a8bc4fea02e34975723da,seer_dial,discovery,cold,0,echo_rtt,0.030,ok
fcc97ee87fca3ef9ce5a8bc4fea02e34975723da,seer_dial,discovery,cold,0,echo_rtt,0.040,ok
fcc97ee87fca3ef9ce5a8bc4fea02e34975723da,seer_dial,discovery,cold,0,echo_rtt,0.031,ok
fcc97ee87fca3ef9ce5a8bc4fea02e34975723da,seer_dial,discovery,cold,0,echo_rtt,0.040,ok
fcc97ee87fca3ef9ce5a8bc4fea02e34975723da,seer_dial,discovery,cold,0,echo_rtt,0.053,ok
fcc97ee87fca3ef9ce5a8bc4fea02e34975723da,seer_dial,discovery,cold,0,echo_rtt,0.044,ok
fcc97ee87fca3ef9ce5a8bc4fea02e34975723da,seer_dial,discovery,cold,0,echo_rtt,0.032,ok
fcc97ee87fca3ef9ce5a8bc4fea02e34975723da,seer_dial,discovery,cold,0,echo_rtt,0.040,ok
fcc97ee87fca3ef9ce5a8bc4fea02e34975723da,seer_dial,discovery,cold,0,echo_rtt,0.031,ok
fcc97ee87fca3ef9ce5a8bc4fea02e34975723da,seer_dial,discovery,cold,0,echo_rtt,0.039,ok
fcc97ee87fca3ef9ce5a8bc4fea02e34975723da,seer_dial,discovery,cold,0,echo_rtt,0.031,ok
fcc97ee87fca3ef9ce5a8bc4fea02e34975723da,seer_dial,discovery,cold,0,echo_rtt,0.042,ok
fcc97ee87fca3ef9ce5a8bc4fea02e34975723da,seer_dial,discovery,cold,0,echo_rtt,0.032,ok
fcc97ee87fca3ef9ce5a8bc4fea02e34975723da,seer_dial,discovery,cold,0,echo_rtt,0.039,ok
fcc97ee87fca3ef9ce5a8bc4fea02e34975723da,seer_dial,discovery,cold,0,echo_rtt,0.032,ok
fcc97ee87fca3ef9ce5a8bc4fea02e34975723da,seer_dial,discovery,cold,0,echo_rtt,0.040,ok
fcc97ee87fca3ef9ce5a8bc4fea02e34975723da,seer_dial,discovery,cold,0,echo_rtt,0.031,ok
fcc97ee87fca3ef9ce5a8bc4fea02e34975723da,seer_dial,discovery,cold,0,echo_rtt,0.039,ok
fcc97ee87fca3ef9ce5a8bc4fea02e34975723da,seer_dial,discovery,cold,0,echo_rtt,0.031,ok
fcc97ee87fca3ef9ce5a8bc4fea02e34975723da,seer_dial,discovery,cold,0,echo_rtt,0.041,ok
fcc97ee87fca3ef9ce5a8bc4fea02e34975723da,seer_dial,discovery,cold,0,echo_rtt,0.036,ok
fcc97ee87fca3ef9ce5a8bc4fea02e34975723da,seer_dial,discovery,cold,0,seer_dial,203.783,ok
fcc97ee87fca3ef9ce5a8bc4fea02e34975723da,seer_dial,discovery,cold,0,stream_open,83.217,ok
fcc97ee87fca3ef9ce5a8bc4fea02e34975723da,seer_dial,discovery,cold,0,echo_rtt,0.045,ok
fcc97ee87fca3ef9ce5a8bc4fea02e34975723da,seer_dial,discovery,cold,0,echo_rtt,0.045,ok
fcc97ee87fca3ef9ce5a8bc4fea02e34975723da,seer_dial,discovery,cold,0,echo_rtt,0.033,ok
fcc97ee87fca3ef9ce5a8bc4fea02e34975723da,seer_dial,discovery,cold,0,echo_rtt,0.040,ok
fcc97ee87fca3ef9ce5a8bc4fea02e34975723da,seer_dial,discovery,cold,0,echo_rtt,0.031,ok
fcc97ee87fca3ef9ce5a8bc4fea02e34975723da,seer_dial,discovery,cold,0,echo_rtt,0.042,ok
fcc97ee87fca3ef9ce5a8bc4fea02e34975723da,seer_dial,discovery,cold,0,echo_rtt,0.032,ok
fcc97ee87fca3ef9ce5a8bc4fea02e34975723da,seer_dial,discovery,cold,0,echo_rtt,0.040,ok
fcc97ee87fca3ef9ce5a8bc4fea02e34975723da,seer_dial,discovery,cold,0,echo_rtt,0.031,ok
fcc97ee87fca3ef9ce5a8bc4fea02e34975723da,seer_dial,discovery,cold,0,echo_rtt,0.040,ok
fcc97ee87fca3ef9ce5a8bc4fea02e34975723da,seer_dial,discovery,cold,0,echo_rtt,0.031,ok
fcc97ee87fca3ef9ce5a8bc4fea02e34975723da,seer_dial,discovery,cold,0,echo_rtt,0.040,ok
fcc97ee87fca3ef9ce5a8bc4fea02e34975723da,seer_dial,discovery,cold,0,echo_rtt,0.031,ok
fcc97ee87fca3ef9ce5a8bc4fea02e34975723da,seer_dial,discovery,cold,0,echo_rtt,0.039,ok
fcc97ee87fca3ef9ce5a8bc4fea02e34975723da,seer_dial,discovery,cold,0,echo_rtt,0.032,ok
fcc97ee87fca3ef9ce5a8bc4fea02e34975723da,seer_dial,discovery,cold,0,echo_rtt,0.040,ok
fcc97ee87fca3ef9ce5a8bc4fea02e34975723da,seer_dial,discovery,cold,0,echo_rtt,0.031,ok
fcc97ee87fca3ef9ce5a8bc4fea02e34975723da,seer_dial,discovery,cold,0,echo_rtt,0.039,ok
fcc97ee87fca3ef9ce5a8bc4fea02e34975723da,seer_dial,discovery,cold,0,echo_rtt,0.030,ok
fcc97ee87fca3ef9ce5a8bc4fea02e34975723da,seer_dial,discovery,cold,0,echo_rtt,0.040,ok
fcc97ee87fca3ef9ce5a8bc4fea02e34975723da,seer_dial,discovery,cold,0,echo_rtt,0.031,ok
fcc97ee87fca3ef9ce5a8bc4fea02e34975723da,seer_dial,discovery,cold,0,echo_rtt,0.040,ok
fcc97ee87fca3ef9ce5a8bc4fea02e34975723da,seer_dial,discovery,cold,0,echo_rtt,0.033,ok
fcc97ee87fca3ef9ce5a8bc4fea02e34975723da,seer_dial,discovery,cold,0,echo_rtt,0.040,ok
fcc97ee87fca3ef9ce5a8bc4fea02e34975723da,seer_dial,discovery,cold,0,echo_rtt,0.031,ok
fcc97ee87fca3ef9ce5a8bc4fea02e34975723da,seer_dial,discovery,cold,0,echo_rtt,0.041,ok
fcc97ee87fca3ef9ce5a8bc4fea02e34975723da,seer_dial,discovery,cold,0,echo_rtt,0.031,ok
fcc97ee87fca3ef9ce5a8bc4fea02e34975723da,seer_dial,discovery,cold,0,echo_rtt,0.039,ok
fcc97ee87fca3ef9ce5a8bc4fea02e34975723da,seer_dial,discovery,cold,0,echo_rtt,0.030,ok
fcc97ee87fca3ef9ce5a8bc4fea02e34975723da,seer_dial,discovery,cold,0,echo_rtt,0.039,ok
fcc97ee87fca3ef9ce5a8bc4fea02e34975723da,seer_dial,discovery,cold,0,echo_rtt,0.031,ok
fcc97ee87fca3ef9ce5a8bc4fea02e34975723da,seer_dial,discovery,cold,0,echo_rtt,0.039,ok
fcc97ee87fca3ef9ce5a8bc4fea02e34975723da,seer_dial,discovery,cold,0,echo_rtt,0.031,ok
fcc97ee87fca3ef9ce5a8bc4fea02e34975723da,seer_dial,discovery,cold,0,echo_rtt,0.039,ok
fcc97ee87fca3ef9ce5a8bc4fea02e34975723da,seer_dial,discovery,cold,0,echo_rtt,0.031,ok
fcc97ee87fca3ef9ce5a8bc4fea02e34975723da,seer_dial,discovery,cold,0,echo_rtt,0.039,ok
fcc97ee87fca3ef9ce5a8bc4fea02e34975723da,seer_dial,discovery,cold,0,echo_rtt,0.030,ok
fcc97ee87fca3ef9ce5a8bc4fea02e34975723da,seer_dial,discovery,cold,0,echo_rtt,0.039,ok
fcc97ee87fca3ef9ce5a8bc4fea02e34975723da,seer_dial,discovery,cold,0,echo_rtt,0.031,ok
fcc97ee87fca3ef9ce5a8bc4fea02e34975723da,seer_dial,discovery,cold,0,echo_rtt,0.043,ok
fcc97ee87fca3ef9ce5a8bc4fea02e34975723da,seer_dial,discovery,cold,0,echo_rtt,0.030,ok
fcc97ee87fca3ef9ce5a8bc4fea02e34975723da,seer_dial,discovery,cold,0,echo_rtt,0.040,ok
fcc97ee87fca3ef9ce5a8bc4fea02e34975723da,seer_dial,discovery,cold,0,echo_rtt,0.031,ok
fcc97ee87fca3ef9ce5a8bc4fea02e34975723da,seer_dial,discovery,cold,0,echo_rtt,0.039,ok
fcc97ee87fca3ef9ce5a8bc4fea02e34975723da,seer_dial,discovery,cold,0,echo_rtt,0.032,ok
fcc97ee87fca3ef9ce5a8bc4fea02e34975723da,seer_dial,discovery,cold,0,echo_rtt,0.039,ok
fcc97ee87fca3ef9ce5a8bc4fea02e34975723da,seer_dial,discovery,cold,0,echo_rtt,0.031,ok
fcc97ee87fca3ef9ce5a8bc4fea02e34975723da,seer_dial,discovery,cold,0,echo_rtt,0.039,ok
fcc97ee87fca3ef9ce5a8bc4fea02e34975723da,seer_dial,discovery,cold,0,echo_rtt,0.031,ok
fcc97ee87fca3ef9ce5a8bc4fea02e34975723da,seer_dial,discovery,cold,0,echo_rtt,0.041,ok
fcc97ee87fca3ef9ce5a8bc4fea02e34975723da,seer_dial,discovery,cold,0,echo_rtt,0.036,ok
fcc97ee87fca3ef9ce5a8bc4fea02e34975723da,seer_dial,discovery,cold,0,echo_rtt,0.040,ok
fcc97ee87fca3ef9ce5a8bc4fea02e34975723da,seer_dial,discovery,cold,0,echo_rtt,0.031,ok
fcc97ee87fca3ef9ce5a8bc4fea02e34975723da,seer_dial,discovery,cold,0,echo_rtt,0.039,ok
fcc97ee87fca3ef9ce5a8bc4fea02e34975723da,seer_dial,discovery,cold,0,echo_rtt,0.030,ok
fcc97ee87fca3ef9ce5a8bc4fea02e34975723da,seer_dial,discovery,cold,0,echo_rtt,0.040,ok
fcc97ee87fca3ef9ce5a8bc4fea02e34975723da,seer_dial,discovery,cold,0,echo_rtt,0.031,ok
fcc97ee87fca3ef9ce5a8bc4fea02e34975723da,seer_dial,discovery,cold,0,echo_rtt,0.040,ok
fcc97ee87fca3ef9ce5a8bc4fea02e34975723da,seer_dial,discovery,cold,0,echo_rtt,0.031,ok
fcc97ee87fca3ef9ce5a8bc4fea02e34975723da,seer_dial,discovery,cold,0,echo_rtt,0.059,ok
fcc97ee87fca3ef9ce5a8bc4fea02e34975723da,seer_dial,discovery,cold,0,echo_rtt,0.040,ok
fcc97ee87fca3ef9ce5a8bc4fea02e34975723da,seer_dial,discovery,cold,0,echo_rtt,0.046,ok
fcc97ee87fca3ef9ce5a8bc4fea02e34975723da,seer_dial,discovery,cold,0,echo_rtt,0.036,ok
fcc97ee87fca3ef9ce5a8bc4fea02e34975723da,seer_dial,discovery,cold,0,echo_rtt,0.045,ok
fcc97ee87fca3ef9ce5a8bc4fea02e34975723da,seer_dial,discovery,cold,0,echo_rtt,0.038,ok
fcc97ee87fca3ef9ce5a8bc4fea02e34975723da,seer_dial,discovery,cold,0,echo_rtt,0.039,ok
fcc97ee87fca3ef9ce5a8bc4fea02e34975723da,seer_dial,discovery,cold,0,echo_rtt,0.038,ok
fcc97ee87fca3ef9ce5a8bc4fea02e34975723da,seer_dial,discovery,cold,0,echo_rtt,0.040,ok
fcc97ee87fca3ef9ce5a8bc4fea02e34975723da,seer_dial,discovery,cold,0,echo_rtt,0.039,ok
fcc97ee87fca3ef9ce5a8bc4fea02e34975723da,seer_dial,discovery,cold,0,echo_rtt,0.038,ok
fcc97ee87fca3ef9ce5a8bc4fea02e34975723da,seer_dial,discovery,cold,0,echo_rtt,0.038,ok
fcc97ee87fca3ef9ce5a8bc4fea02e34975723da,seer_dial,discovery,cold,0,echo_rtt,0.040,ok
fcc97ee87fca3ef9ce5a8bc4fea02e34975723da,seer_dial,discovery,cold,0,echo_rtt,0.042,ok
fcc97ee87fca3ef9ce5a8bc4fea02e34975723da,seer_dial,discovery,cold,0,echo_rtt,0.056,ok
fcc97ee87fca3ef9ce5a8bc4fea02e34975723da,seer_dial,discovery,cold,0,echo_rtt,0.046,ok
fcc97ee87fca3ef9ce5a8bc4fea02e34975723da,seer_dial,discovery,cold,0,echo_rtt,0.081,ok
fcc97ee87fca3ef9ce5a8bc4fea02e34975723da,seer_dial,discovery,cold,0,echo_rtt,0.046,ok
fcc97ee87fca3ef9ce5a8bc4fea02e34975723da,seer_dial,discovery,cold,0,echo_rtt,0.046,ok
fcc97ee87fca3ef9ce5a8bc4fea02e34975723da,seer_dial,discovery,cold,0,echo_rtt,0.045,ok
fcc97ee87fca3ef9ce5a8bc4fea02e34975723da,seer_dial,discovery,cold,0,echo_rtt,0.048,ok
fcc97ee87fca3ef9ce5a8bc4fea02e34975723da,seer_dial,discovery,cold,0,echo_rtt,0.038,ok
fcc97ee87fca3ef9ce5a8bc4fea02e34975723da,seer_dial,discovery,cold,0,echo_rtt,0.049,ok
fcc97ee87fca3ef9ce5a8bc4fea02e34975723da,seer_dial,discovery,cold,0,echo_rtt,0.084,ok
fcc97ee87fca3ef9ce5a8bc4fea02e34975723da,seer_dial,discovery,cold,0,echo_rtt,0.049,ok
fcc97ee87fca3ef9ce5a8bc4fea02e34975723da,seer_dial,discovery,cold,0,echo_rtt,0.037,ok
fcc97ee87fca3ef9ce5a8bc4fea02e34975723da,seer_dial,discovery,cold,0,echo_rtt,0.047,ok
fcc97ee87fca3ef9ce5a8bc4fea02e34975723da,seer_dial,discovery,cold,0,echo_rtt,0.041,ok
fcc97ee87fca3ef9ce5a8bc4fea02e34975723da,seer_dial,discovery,cold,0,echo_rtt,0.048,ok
fcc97ee87fca3ef9ce5a8bc4fea02e34975723da,seer_dial,discovery,cold,0,echo_rtt,0.036,ok
fcc97ee87fca3ef9ce5a8bc4fea02e34975723da,seer_dial,discovery,cold,0,echo_rtt,0.049,ok
fcc97ee87fca3ef9ce5a8bc4fea02e34975723da,seer_dial,discovery,cold,0,echo_rtt,0.036,ok
fcc97ee87fca3ef9ce5a8bc4fea02e34975723da,seer_dial,discovery,cold,0,echo_rtt,0.047,ok
fcc97ee87fca3ef9ce5a8bc4fea02e34975723da,seer_dial,discovery,cold,0,echo_rtt,0.037,ok
fcc97ee87fca3ef9ce5a8bc4fea02e34975723da,seer_dial,discovery,cold,0,echo_rtt,0.048,ok
fcc97ee87fca3ef9ce5a8bc4fea02e34975723da,seer_dial,discovery,cold,0,echo_rtt,0.078,ok
fcc97ee87fca3ef9ce5a8bc4fea02e34975723da,seer_dial,discovery,cold,0,echo_rtt,0.046,ok
fcc97ee87fca3ef9ce5a8bc4fea02e34975723da,seer_dial,discovery,cold,0,echo_rtt,0.034,ok
fcc97ee87fca3ef9ce5a8bc4fea02e34975723da,seer_dial,discovery,cold,0,echo_rtt,0.044,ok
fcc97ee87fca3ef9ce5a8bc4fea02e34975723da,seer_dial,discovery,cold,0,echo_rtt,0.035,ok
fcc97ee87fca3ef9ce5a8bc4fea02e34975723da,seer_dial,discovery,cold,0,echo_rtt,0.042,ok
fcc97ee87fca3ef9ce5a8bc4fea02e34975723da,seer_dial,discovery,cold,0,seer_dial,201.607,ok
fcc97ee87fca3ef9ce5a8bc4fea02e34975723da,seer_dial,discovery,cold,0,stream_open,93.332,ok
fcc97ee87fca3ef9ce5a8bc4fea02e34975723da,seer_dial,discovery,cold,0,echo_rtt,0.067,ok
fcc97ee87fca3ef9ce5a8bc4fea02e34975723da,seer_dial,discovery,cold,0,echo_rtt,0.035,ok
fcc97ee87fca3ef9ce5a8bc4fea02e34975723da,seer_dial,discovery,cold,0,echo_rtt,0.044,ok
fcc97ee87fca3ef9ce5a8bc4fea02e34975723da,seer_dial,discovery,cold,0,echo_rtt,0.035,ok
fcc97ee87fca3ef9ce5a8bc4fea02e34975723da,seer_dial,discovery,cold,0,echo_rtt,0.043,ok
fcc97ee87fca3ef9ce5a8bc4fea02e34975723da,seer_dial,discovery,cold,0,echo_rtt,0.032,ok
fcc97ee87fca3ef9ce5a8bc4fea02e34975723da,seer_dial,discovery,cold,0,echo_rtt,0.059,ok
fcc97ee87fca3ef9ce5a8bc4fea02e34975723da,seer_dial,discovery,cold,0,echo_rtt,0.036,ok
fcc97ee87fca3ef9ce5a8bc4fea02e34975723da,seer_dial,discovery,cold,0,echo_rtt,0.043,ok
fcc97ee87fca3ef9ce5a8bc4fea02e34975723da,seer_dial,discovery,cold,0,echo_rtt,0.032,ok
fcc97ee87fca3ef9ce5a8bc4fea02e34975723da,seer_dial,discovery,cold,0,echo_rtt,0.041,ok
fcc97ee87fca3ef9ce5a8bc4fea02e34975723da,seer_dial,discovery,cold,0,echo_rtt,0.039,ok
fcc97ee87fca3ef9ce5a8bc4fea02e34975723da,seer_dial,discovery,cold,0,echo_rtt,0.036,ok
fcc97ee87fca3ef9ce5a8bc4fea02e34975723da,seer_dial,discovery,cold,0,echo_rtt,0.036,ok
fcc97ee87fca3ef9ce5a8bc4fea02e34975723da,seer_dial,discovery,cold,0,echo_rtt,0.035,ok
fcc97ee87fca3ef9ce5a8bc4fea02e34975723da,seer_dial,discovery,cold,0,echo_rtt,0.037,ok
fcc97ee87fca3ef9ce5a8bc4fea02e34975723da,seer_dial,discovery,cold,0,echo_rtt,0.035,ok
fcc97ee87fca3ef9ce5a8bc4fea02e34975723da,seer_dial,discovery,cold,0,echo_rtt,0.036,ok
fcc97ee87fca3ef9ce5a8bc4fea02e34975723da,seer_dial,discovery,cold,0,echo_rtt,0.035,ok
fcc97ee87fca3ef9ce5a8bc4fea02e34975723da,seer_dial,discovery,cold,0,echo_rtt,0.043,ok
fcc97ee87fca3ef9ce5a8bc4fea02e34975723da,seer_dial,discovery,cold,0,echo_rtt,0.041,ok
fcc97ee87fca3ef9ce5a8bc4fea02e34975723da,seer_dial,discovery,cold,0,echo_rtt,0.043,ok
fcc97ee87fca3ef9ce5a8bc4fea02e34975723da,seer_dial,discovery,cold,0,echo_rtt,0.040,ok
fcc97ee87fca3ef9ce5a8bc4fea02e34975723da,seer_dial,discovery,cold,0,echo_rtt,0.043,ok
fcc97ee87fca3ef9ce5a8bc4fea02e34975723da,seer_dial,discovery,cold,0,echo_rtt,0.042,ok
fcc97ee87fca3ef9ce5a8bc4fea02e34975723da,seer_dial,discovery,cold,0,echo_rtt,0.041,ok
fcc97ee87fca3ef9ce5a8bc4fea02e34975723da,seer_dial,discovery,cold,0,echo_rtt,0.041,ok
fcc97ee87fca3ef9ce5a8bc4fea02e34975723da,seer_dial,discovery,cold,0,echo_rtt,0.043,ok
fcc97ee87fca3ef9ce5a8bc4fea02e34975723da,seer_dial,discovery,cold,0,echo_rtt,0.046,ok
fcc97ee87fca3ef9ce5a8bc4fea02e34975723da,seer_dial,discovery,cold,0,echo_rtt,0.042,ok
fcc97ee87fca3ef9ce5a8bc4fea02e34975723da,seer_dial,discovery,cold,0,echo_rtt,0.040,ok
fcc97ee87fca3ef9ce5a8bc4fea02e34975723da,seer_dial,discovery,cold,0,echo_rtt,0.042,ok
fcc97ee87fca3ef9ce5a8bc4fea02e34975723da,seer_dial,discovery,cold,0,echo_rtt,0.039,ok
fcc97ee87fca3ef9ce5a8bc4fea02e34975723da,seer_dial,discovery,cold,0,echo_rtt,0.042,ok
fcc97ee87fca3ef9ce5a8bc4fea02e34975723da,seer_dial,discovery,cold,0,echo_rtt,0.040,ok
fcc97ee87fca3ef9ce5a8bc4fea02e34975723da,seer_dial,discovery,cold,0,echo_rtt,0.042,ok
fcc97ee87fca3ef9ce5a8bc4fea02e34975723da,seer_dial,discovery,cold,0,echo_rtt,0.040,ok
fcc97ee87fca3ef9ce5a8bc4fea02e34975723da,seer_dial,discovery,cold,0,echo_rtt,0.042,ok
fcc97ee87fca3ef9ce5a8bc4fea02e34975723da,seer_dial,discovery,cold,0,echo_rtt,0.041,ok
fcc97ee87fca3ef9ce5a8bc4fea02e34975723da,seer_dial,discovery,cold,0,echo_rtt,0.042,ok
fcc97ee87fca3ef9ce5a8bc4fea02e34975723da,seer_dial,discovery,cold,0,echo_rtt,0.040,ok
fcc97ee87fca3ef9ce5a8bc4fea02e34975723da,seer_dial,discovery,cold,0,echo_rtt,0.042,ok
fcc97ee87fca3ef9ce5a8bc4fea02e34975723da,seer_dial,discovery,cold,0,echo_rtt,0.046,ok
fcc97ee87fca3ef9ce5a8bc4fea02e34975723da,seer_dial,discovery,cold,0,echo_rtt,0.046,ok
fcc97ee87fca3ef9ce5a8bc4fea02e34975723da,seer_dial,discovery,cold,0,echo_rtt,0.034,ok
fcc97ee87fca3ef9ce5a8bc4fea02e34975723da,seer_dial,discovery,cold,0,echo_rtt,0.043,ok
fcc97ee87fca3ef9ce5a8bc4fea02e34975723da,seer_dial,discovery,cold,0,echo_rtt,0.034,ok
fcc97ee87fca3ef9ce5a8bc4fea02e34975723da,seer_dial,discovery,cold,0,echo_rtt,0.043,ok
fcc97ee87fca3ef9ce5a8bc4fea02e34975723da,seer_dial,discovery,cold,0,echo_rtt,0.035,ok
fcc97ee87fca3ef9ce5a8bc4fea02e34975723da,seer_dial,discovery,cold,0,echo_rtt,0.043,ok
fcc97ee87fca3ef9ce5a8bc4fea02e34975723da,seer_dial,discovery,cold,0,echo_rtt,0.034,ok
fcc97ee87fca3ef9ce5a8bc4fea02e34975723da,seer_dial,discovery,cold,0,echo_rtt,0.044,ok
fcc97ee87fca3ef9ce5a8bc4fea02e34975723da,seer_dial,discovery,cold,0,echo_rtt,0.039,ok
fcc97ee87fca3ef9ce5a8bc4fea02e34975723da,seer_dial,discovery,cold,0,echo_rtt,0.043,ok
fcc97ee87fca3ef9ce5a8bc4fea02e34975723da,seer_dial,discovery,cold,0,echo_rtt,0.034,ok
fcc97ee87fca3ef9ce5a8bc4fea02e34975723da,seer_dial,discovery,cold,0,echo_rtt,0.044,ok
fcc97ee87fca3ef9ce5a8bc4fea02e34975723da,seer_dial,discovery,cold,0,echo_rtt,0.034,ok
fcc97ee87fca3ef9ce5a8bc4fea02e34975723da,seer_dial,discovery,cold,0,echo_rtt,0.043,ok
fcc97ee87fca3ef9ce5a8bc4fea02e34975723da,seer_dial,discovery,cold,0,echo_rtt,0.034,ok
fcc97ee87fca3ef9ce5a8bc4fea02e34975723da,seer_dial,discovery,cold,0,echo_rtt,0.043,ok
fcc97ee87fca3ef9ce5a8bc4fea02e34975723da,seer_dial,discovery,cold,0,echo_rtt,0.033,ok
fcc97ee87fca3ef9ce5a8bc4fea02e34975723da,seer_dial,discovery,cold,0,echo_rtt,0.043,ok
fcc97ee87fca3ef9ce5a8bc4fea02e34975723da,seer_dial,discovery,cold,0,echo_rtt,0.049,ok
fcc97ee87fca3ef9ce5a8bc4fea02e34975723da,seer_dial,discovery,cold,0,echo_rtt,0.045,ok
fcc97ee87fca3ef9ce5a8bc4fea02e34975723da,seer_dial,discovery,cold,0,echo_rtt,0.038,ok
fcc97ee87fca3ef9ce5a8bc4fea02e34975723da,seer_dial,discovery,cold,0,echo_rtt,0.068,ok
fcc97ee87fca3ef9ce5a8bc4fea02e34975723da,seer_dial,discovery,cold,0,echo_rtt,0.035,ok
fcc97ee87fca3ef9ce5a8bc4fea02e34975723da,seer_dial,discovery,cold,0,echo_rtt,0.036,ok
fcc97ee87fca3ef9ce5a8bc4fea02e34975723da,seer_dial,discovery,cold,0,echo_rtt,0.035,ok
fcc97ee87fca3ef9ce5a8bc4fea02e34975723da,seer_dial,discovery,cold,0,echo_rtt,0.037,ok
fcc97ee87fca3ef9ce5a8bc4fea02e34975723da,seer_dial,discovery,cold,0,echo_rtt,0.035,ok
fcc97ee87fca3ef9ce5a8bc4fea02e34975723da,seer_dial,discovery,cold,0,echo_rtt,0.039,ok
fcc97ee87fca3ef9ce5a8bc4fea02e34975723da,seer_dial,discovery,cold,0,echo_rtt,0.037,ok
fcc97ee87fca3ef9ce5a8bc4fea02e34975723da,seer_dial,discovery,cold,0,echo_rtt,0.036,ok
fcc97ee87fca3ef9ce5a8bc4fea02e34975723da,seer_dial,discovery,cold,0,echo_rtt,0.036,ok
fcc97ee87fca3ef9ce5a8bc4fea02e34975723da,seer_dial,discovery,cold,0,echo_rtt,0.036,ok
fcc97ee87fca3ef9ce5a8bc4fea02e34975723da,seer_dial,discovery,cold,0,echo_rtt,0.045,ok
fcc97ee87fca3ef9ce5a8bc4fea02e34975723da,seer_dial,discovery,cold,0,echo_rtt,0.037,ok
fcc97ee87fca3ef9ce5a8bc4fea02e34975723da,seer_dial,discovery,cold,0,echo_rtt,0.036,ok
fcc97ee87fca3ef9ce5a8bc4fea02e34975723da,seer_dial,discovery,cold,0,echo_rtt,0.037,ok
fcc97ee87fca3ef9ce5a8bc4fea02e34975723da,seer_dial,discovery,cold,0,echo_rtt,0.036,ok
fcc97ee87fca3ef9ce5a8bc4fea02e34975723da,seer_dial,discovery,cold,0,echo_rtt,0.036,ok
fcc97ee87fca3ef9ce5a8bc4fea02e34975723da,seer_dial,discovery,cold,0,echo_rtt,0.036,ok
fcc97ee87fca3ef9ce5a8bc4fea02e34975723da,seer_dial,discovery,cold,0,echo_rtt,0.036,ok
fcc97ee87fca3ef9ce5a8bc4fea02e34975723da,seer_dial,discovery,cold,0,echo_rtt,0.036,ok
fcc97ee87fca3ef9ce5a8bc4fea02e34975723da,seer_dial,discovery,cold,0,echo_rtt,0.039,ok
fcc97ee87fca3ef9ce5a8bc4fea02e34975723da,seer_dial,discovery,cold,0,echo_rtt,0.036,ok
fcc97ee87fca3ef9ce5a8bc4fea02e34975723da,seer_dial,discovery,cold,0,echo_rtt,0.036,ok
fcc97ee87fca3ef9ce5a8bc4fea02e34975723da,seer_dial,discovery,cold,0,echo_rtt,0.035,ok
fcc97ee87fca3ef9ce5a8bc4fea02e34975723da,seer_dial,discovery,cold,0,echo_rtt,0.036,ok
fcc97ee87fca3ef9ce5a8bc4fea02e34975723da,seer_dial,discovery,cold,0,echo_rtt,0.036,ok
fcc97ee87fca3ef9ce5a8bc4fea02e34975723da,seer_dial,discovery,cold,0,echo_rtt,0.036,ok
fcc97ee87fca3ef9ce5a8bc4fea02e34975723da,seer_dial,discovery,cold,0,echo_rtt,0.035,ok
fcc97ee87fca3ef9ce5a8bc4fea02e34975723da,seer_dial,discovery,cold,0,echo_rtt,0.036,ok
fcc97ee87fca3ef9ce5a8bc4fea02e34975723da,seer_dial,discovery,cold,0,echo_rtt,0.035,ok
fcc97ee87fca3ef9ce5a8bc4fea02e34975723da,seer_dial,discovery,cold,0,echo_rtt,0.062,ok
fcc97ee87fca3ef9ce5a8bc4fea02e34975723da,seer_dial,discovery,cold,0,echo_rtt,0.045,ok
fcc97ee87fca3ef9ce5a8bc4fea02e34975723da,seer_dial,discovery,cold,0,echo_rtt,0.042,ok
fcc97ee87fca3ef9ce5a8bc4fea02e34975723da,seer_dial,discovery,cold,0,echo_rtt,0.041,ok
fcc97ee87fca3ef9ce5a8bc4fea02e34975723da,seer_dial,discovery,cold,0,echo_rtt,0.040,ok
fcc97ee87fca3ef9ce5a8bc4fea02e34975723da,seer_dial,discovery,cold,0,seer_dial,202.287,ok
fcc97ee87fca3ef9ce5a8bc4fea02e34975723da,seer_dial,discovery,cold,0,stream_open,93.923,ok
fcc97ee87fca3ef9ce5a8bc4fea02e34975723da,seer_dial,discovery,cold,0,echo_rtt,0.122,ok
fcc97ee87fca3ef9ce5a8bc4fea02e34975723da,seer_dial,discovery,cold,0,echo_rtt,0.046,ok
fcc97ee87fca3ef9ce5a8bc4fea02e34975723da,seer_dial,discovery,cold,0,echo_rtt,0.060,ok
fcc97ee87fca3ef9ce5a8bc4fea02e34975723da,seer_dial,discovery,cold,0,echo_rtt,0.045,ok
fcc97ee87fca3ef9ce5a8bc4fea02e34975723da,seer_dial,discovery,cold,0,echo_rtt,0.046,ok
fcc97ee87fca3ef9ce5a8bc4fea02e34975723da,seer_dial,discovery,cold,0,echo_rtt,0.042,ok
fcc97ee87fca3ef9ce5a8bc4fea02e34975723da,seer_dial,discovery,cold,0,echo_rtt,0.044,ok
fcc97ee87fca3ef9ce5a8bc4fea02e34975723da,seer_dial,discovery,cold,0,echo_rtt,0.043,ok
fcc97ee87fca3ef9ce5a8bc4fea02e34975723da,seer_dial,discovery,cold,0,echo_rtt,0.044,ok
fcc97ee87fca3ef9ce5a8bc4fea02e34975723da,seer_dial,discovery,cold,0,echo_rtt,0.067,ok
fcc97ee87fca3ef9ce5a8bc4fea02e34975723da,seer_dial,discovery,cold,0,echo_rtt,0.055,ok
fcc97ee87fca3ef9ce5a8bc4fea02e34975723da,seer_dial,discovery,cold,0,echo_rtt,0.062,ok
fcc97ee87fca3ef9ce5a8bc4fea02e34975723da,seer_dial,discovery,cold,0,echo_rtt,0.057,ok
fcc97ee87fca3ef9ce5a8bc4fea02e34975723da,seer_dial,discovery,cold,0,echo_rtt,0.048,ok
fcc97ee87fca3ef9ce5a8bc4fea02e34975723da,seer_dial,discovery,cold,0,echo_rtt,0.048,ok
fcc97ee87fca3ef9ce5a8bc4fea02e34975723da,seer_dial,discovery,cold,0,echo_rtt,0.043,ok
fcc97ee87fca3ef9ce5a8bc4fea02e34975723da,seer_dial,discovery,cold,0,echo_rtt,0.043,ok
fcc97ee87fca3ef9ce5a8bc4fea02e34975723da,seer_dial,discovery,cold,0,echo_rtt,0.055,ok
fcc97ee87fca3ef9ce5a8bc4fea02e34975723da,seer_dial,discovery,cold,0,echo_rtt,0.048,ok
fcc97ee87fca3ef9ce5a8bc4fea02e34975723da,seer_dial,discovery,cold,0,echo_rtt,0.043,ok
fcc97ee87fca3ef9ce5a8bc4fea02e34975723da,seer_dial,discovery,cold,0,echo_rtt,0.041,ok
fcc97ee87fca3ef9ce5a8bc4fea02e34975723da,seer_dial,discovery,cold,0,echo_rtt,0.049,ok
fcc97ee87fca3ef9ce5a8bc4fea02e34975723da,seer_dial,discovery,cold,0,echo_rtt,0.042,ok
fcc97ee87fca3ef9ce5a8bc4fea02e34975723da,seer_dial,discovery,cold,0,echo_rtt,0.048,ok
fcc97ee87fca3ef9ce5a8bc4fea02e34975723da,seer_dial,discovery,cold,0,echo_rtt,0.037,ok
fcc97ee87fca3ef9ce5a8bc4fea02e34975723da,seer_dial,discovery,cold,0,echo_rtt,0.048,ok
fcc97ee87fca3ef9ce5a8bc4fea02e34975723da,seer_dial,discovery,cold,0,echo_rtt,0.035,ok
fcc97ee87fca3ef9ce5a8bc4fea02e34975723da,seer_dial,discovery,cold,0,echo_rtt,0.046,ok
fcc97ee87fca3ef9ce5a8bc4fea02e34975723da,seer_dial,discovery,cold,0,echo_rtt,0.037,ok
fcc97ee87fca3ef9ce5a8bc4fea02e34975723da,seer_dial,discovery,cold,0,echo_rtt,0.053,ok
fcc97ee87fca3ef9ce5a8bc4fea02e34975723da,seer_dial,discovery,cold,0,echo_rtt,0.036,ok
fcc97ee87fca3ef9ce5a8bc4fea02e34975723da,seer_dial,discovery,cold,0,echo_rtt,0.047,ok
fcc97ee87fca3ef9ce5a8bc4fea02e34975723da,seer_dial,discovery,cold,0,echo_rtt,0.036,ok
fcc97ee87fca3ef9ce5a8bc4fea02e34975723da,seer_dial,discovery,cold,0,echo_rtt,0.047,ok
fcc97ee87fca3ef9ce5a8bc4fea02e34975723da,seer_dial,discovery,cold,0,echo_rtt,0.037,ok
fcc97ee87fca3ef9ce5a8bc4fea02e34975723da,seer_dial,discovery,cold,0,echo_rtt,0.045,ok
fcc97ee87fca3ef9ce5a8bc4fea02e34975723da,seer_dial,discovery,cold,0,echo_rtt,0.036,ok
fcc97ee87fca3ef9ce5a8bc4fea02e34975723da,seer_dial,discovery,cold,0,echo_rtt,0.044,ok
fcc97ee87fca3ef9ce5a8bc4fea02e34975723da,seer_dial,discovery,cold,0,echo_rtt,0.034,ok
fcc97ee87fca3ef9ce5a8bc4fea02e34975723da,seer_dial,discovery,cold,0,echo_rtt,0.045,ok
fcc97ee87fca3ef9ce5a8bc4fea02e34975723da,seer_dial,discovery,cold,0,echo_rtt,0.034,ok
fcc97ee87fca3ef9ce5a8bc4fea02e34975723da,seer_dial,discovery,cold,0,echo_rtt,0.044,ok
fcc97ee87fca3ef9ce5a8bc4fea02e34975723da,seer_dial,discovery,cold,0,echo_rtt,0.034,ok
fcc97ee87fca3ef9ce5a8bc4fea02e34975723da,seer_dial,discovery,cold,0,echo_rtt,0.044,ok
fcc97ee87fca3ef9ce5a8bc4fea02e34975723da,seer_dial,discovery,cold,0,echo_rtt,0.035,ok
fcc97ee87fca3ef9ce5a8bc4fea02e34975723da,seer_dial,discovery,cold,0,echo_rtt,0.050,ok
fcc97ee87fca3ef9ce5a8bc4fea02e34975723da,seer_dial,discovery,cold,0,echo_rtt,0.060,ok
fcc97ee87fca3ef9ce5a8bc4fea02e34975723da,seer_dial,discovery,cold,0,echo_rtt,0.050,ok
fcc97ee87fca3ef9ce5a8bc4fea02e34975723da,seer_dial,discovery,cold,0,echo_rtt,0.036,ok
fcc97ee87fca3ef9ce5a8bc4fea02e34975723da,seer_dial,discovery,cold,0,echo_rtt,0.046,ok
fcc97ee87fca3ef9ce5a8bc4fea02e34975723da,seer_dial,discovery,cold,0,echo_rtt,0.035,ok
fcc97ee87fca3ef9ce5a8bc4fea02e34975723da,seer_dial,discovery,cold,0,echo_rtt,0.045,ok
fcc97ee87fca3ef9ce5a8bc4fea02e34975723da,seer_dial,discovery,cold,0,echo_rtt,0.040,ok
fcc97ee87fca3ef9ce5a8bc4fea02e34975723da,seer_dial,discovery,cold,0,echo_rtt,0.044,ok
fcc97ee87fca3ef9ce5a8bc4fea02e34975723da,seer_dial,discovery,cold,0,echo_rtt,0.034,ok
fcc97ee87fca3ef9ce5a8bc4fea02e34975723da,seer_dial,discovery,cold,0,echo_rtt,0.044,ok
fcc97ee87fca3ef9ce5a8bc4fea02e34975723da,seer_dial,discovery,cold,0,echo_rtt,0.035,ok
fcc97ee87fca3ef9ce5a8bc4fea02e34975723da,seer_dial,discovery,cold,0,echo_rtt,0.044,ok
fcc97ee87fca3ef9ce5a8bc4fea02e34975723da,seer_dial,discovery,cold,0,echo_rtt,0.035,ok
fcc97ee87fca3ef9ce5a8bc4fea02e34975723da,seer_dial,discovery,cold,0,echo_rtt,0.048,ok
fcc97ee87fca3ef9ce5a8bc4fea02e34975723da,seer_dial,discovery,cold,0,echo_rtt,0.032,ok
fcc97ee87fca3ef9ce5a8bc4fea02e34975723da,seer_dial,discovery,cold,0,echo_rtt,0.040,ok
fcc97ee87fca3ef9ce5a8bc4fea02e34975723da,seer_dial,discovery,cold,0,echo_rtt,0.031,ok
fcc97ee87fca3ef9ce5a8bc4fea02e34975723da,seer_dial,discovery,cold,0,echo_rtt,0.041,ok
fcc97ee87fca3ef9ce5a8bc4fea02e34975723da,seer_dial,discovery,cold,0,echo_rtt,0.031,ok
fcc97ee87fca3ef9ce5a8bc4fea02e34975723da,seer_dial,discovery,cold,0,echo_rtt,0.041,ok
fcc97ee87fca3ef9ce5a8bc4fea02e34975723da,seer_dial,discovery,cold,0,echo_rtt,0.031,ok
fcc97ee87fca3ef9ce5a8bc4fea02e34975723da,seer_dial,discovery,cold,0,echo_rtt,0.050,ok
fcc97ee87fca3ef9ce5a8bc4fea02e34975723da,seer_dial,discovery,cold,0,echo_rtt,0.032,ok
fcc97ee87fca3ef9ce5a8bc4fea02e34975723da,seer_dial,discovery,cold,0,echo_rtt,0.043,ok
fcc97ee87fca3ef9ce5a8bc4fea02e34975723da,seer_dial,discovery,cold,0,echo_rtt,0.055,ok
fcc97ee87fca3ef9ce5a8bc4fea02e34975723da,seer_dial,discovery,cold,0,echo_rtt,0.049,ok
fcc97ee87fca3ef9ce5a8bc4fea02e34975723da,seer_dial,discovery,cold,0,echo_rtt,0.033,ok
fcc97ee87fca3ef9ce5a8bc4fea02e34975723da,seer_dial,discovery,cold,0,echo_rtt,0.046,ok
fcc97ee87fca3ef9ce5a8bc4fea02e34975723da,seer_dial,discovery,cold,0,echo_rtt,0.035,ok
fcc97ee87fca3ef9ce5a8bc4fea02e34975723da,seer_dial,discovery,cold,0,echo_rtt,0.045,ok
fcc97ee87fca3ef9ce5a8bc4fea02e34975723da,seer_dial,discovery,cold,0,echo_rtt,0.035,ok
fcc97ee87fca3ef9ce5a8bc4fea02e34975723da,seer_dial,discovery,cold,0,echo_rtt,0.045,ok
fcc97ee87fca3ef9ce5a8bc4fea02e34975723da,seer_dial,discovery,cold,0,echo_rtt,0.034,ok
fcc97ee87fca3ef9ce5a8bc4fea02e34975723da,seer_dial,discovery,cold,0,echo_rtt,0.045,ok
fcc97ee87fca3ef9ce5a8bc4fea02e34975723da,seer_dial,discovery,cold,0,echo_rtt,0.033,ok
fcc97ee87fca3ef9ce5a8bc4fea02e34975723da,seer_dial,discovery,cold,0,echo_rtt,0.044,ok
fcc97ee87fca3ef9ce5a8bc4fea02e34975723da,seer_dial,discovery,cold,0,echo_rtt,0.034,ok
fcc97ee87fca3ef9ce5a8bc4fea02e34975723da,seer_dial,discovery,cold,0,echo_rtt,0.045,ok
fcc97ee87fca3ef9ce5a8bc4fea02e34975723da,seer_dial,discovery,cold,0,echo_rtt,0.039,ok
fcc97ee87fca3ef9ce5a8bc4fea02e34975723da,seer_dial,discovery,cold,0,echo_rtt,0.046,ok
fcc97ee87fca3ef9ce5a8bc4fea02e34975723da,seer_dial,discovery,cold,0,echo_rtt,0.050,ok
fcc97ee87fca3ef9ce5a8bc4fea02e34975723da,seer_dial,discovery,cold,0,echo_rtt,0.059,ok
fcc97ee87fca3ef9ce5a8bc4fea02e34975723da,seer_dial,discovery,cold,0,echo_rtt,0.038,ok
fcc97ee87fca3ef9ce5a8bc4fea02e34975723da,seer_dial,discovery,cold,0,echo_rtt,0.064,ok
fcc97ee87fca3ef9ce5a8bc4fea02e34975723da,seer_dial,discovery,cold,0,echo_rtt,0.037,ok
fcc97ee87fca3ef9ce5a8bc4fea02e34975723da,seer_dial,discovery,cold,0,echo_rtt,0.048,ok
fcc97ee87fca3ef9ce5a8bc4fea02e34975723da,seer_dial,discovery,cold,0,echo_rtt,0.060,ok
fcc97ee87fca3ef9ce5a8bc4fea02e34975723da,seer_dial,discovery,cold,0,echo_rtt,0.049,ok
fcc97ee87fca3ef9ce5a8bc4fea02e34975723da,seer_dial,discovery,cold,0,echo_rtt,0.039,ok
fcc97ee87fca3ef9ce5a8bc4fea02e34975723da,seer_dial,discovery,cold,0,echo_rtt,0.066,ok
fcc97ee87fca3ef9ce5a8bc4fea02e34975723da,seer_dial,discovery,cold,0,echo_rtt,0.044,ok
fcc97ee87fca3ef9ce5a8bc4fea02e34975723da,seer_dial,discovery,cold,0,echo_rtt,0.045,ok
fcc97ee87fca3ef9ce5a8bc4fea02e34975723da,seer_dial,discovery,cold,0,echo_rtt,0.035,ok
fcc97ee87fca3ef9ce5a8bc4fea02e34975723da,seer_dial,discovery,cold,0,echo_rtt,0.046,ok
fcc97ee87fca3ef9ce5a8bc4fea02e34975723da,seer_dial,discovery,cold,0,seer_dial,194.485,ok
fcc97ee87fca3ef9ce5a8bc4fea02e34975723da,seer_dial,discovery,cold,0,stream_open,81.474,ok
fcc97ee87fca3ef9ce5a8bc4fea02e34975723da,seer_dial,discovery,cold,0,echo_rtt,0.046,ok
fcc97ee87fca3ef9ce5a8bc4fea02e34975723da,seer_dial,discovery,cold,0,echo_rtt,0.077,ok
fcc97ee87fca3ef9ce5a8bc4fea02e34975723da,seer_dial,discovery,cold,0,echo_rtt,0.033,ok
fcc97ee87fca3ef9ce5a8bc4fea02e34975723da,seer_dial,discovery,cold,0,echo_rtt,0.042,ok
fcc97ee87fca3ef9ce5a8bc4fea02e34975723da,seer_dial,discovery,cold,0,echo_rtt,0.031,ok
fcc97ee87fca3ef9ce5a8bc4fea02e34975723da,seer_dial,discovery,cold,0,echo_rtt,0.044,ok
fcc97ee87fca3ef9ce5a8bc4fea02e34975723da,seer_dial,discovery,cold,0,echo_rtt,0.033,ok
fcc97ee87fca3ef9ce5a8bc4fea02e34975723da,seer_dial,discovery,cold,0,echo_rtt,0.041,ok
fcc97ee87fca3ef9ce5a8bc4fea02e34975723da,seer_dial,discovery,cold,0,echo_rtt,0.032,ok
fcc97ee87fca3ef9ce5a8bc4fea02e34975723da,seer_dial,discovery,cold,0,echo_rtt,0.041,ok
fcc97ee87fca3ef9ce5a8bc4fea02e34975723da,seer_dial,discovery,cold,0,echo_rtt,0.032,ok
fcc97ee87fca3ef9ce5a8bc4fea02e34975723da,seer_dial,discovery,cold,0,echo_rtt,0.041,ok
fcc97ee87fca3ef9ce5a8bc4fea02e34975723da,seer_dial,discovery,cold,0,echo_rtt,0.031,ok
fcc97ee87fca3ef9ce5a8bc4fea02e34975723da,seer_dial,discovery,cold,0,echo_rtt,0.039,ok
fcc97ee87fca3ef9ce5a8bc4fea02e34975723da,seer_dial,discovery,cold,0,echo_rtt,0.031,ok
fcc97ee87fca3ef9ce5a8bc4fea02e34975723da,seer_dial,discovery,cold,0,echo_rtt,0.039,ok
fcc97ee87fca3ef9ce5a8bc4fea02e34975723da,seer_dial,discovery,cold,0,echo_rtt,0.031,ok
fcc97ee87fca3ef9ce5a8bc4fea02e34975723da,seer_dial,discovery,cold,0,echo_rtt,0.040,ok
fcc97ee87fca3ef9ce5a8bc4fea02e34975723da,seer_dial,discovery,cold,0,echo_rtt,0.031,ok
fcc97ee87fca3ef9ce5a8bc4fea02e34975723da,seer_dial,discovery,cold,0,echo_rtt,0.040,ok
fcc97ee87fca3ef9ce5a8bc4fea02e34975723da,seer_dial,discovery,cold,0,echo_rtt,0.031,ok
fcc97ee87fca3ef9ce5a8bc4fea02e34975723da,seer_dial,discovery,cold,0,echo_rtt,0.039,ok
fcc97ee87fca3ef9ce5a8bc4fea02e34975723da,seer_dial,discovery,cold,0,echo_rtt,0.031,ok
fcc97ee87fca3ef9ce5a8bc4fea02e34975723da,seer_dial,discovery,cold,0,echo_rtt,0.039,ok
fcc97ee87fca3ef9ce5a8bc4fea02e34975723da,seer_dial,discovery,cold,0,echo_rtt,0.031,ok
fcc97ee87fca3ef9ce5a8bc4fea02e34975723da,seer_dial,discovery,cold,0,echo_rtt,0.042,ok
fcc97ee87fca3ef9ce5a8bc4fea02e34975723da,seer_dial,discovery,cold,0,echo_rtt,0.034,ok
fcc97ee87fca3ef9ce5a8bc4fea02e34975723da,seer_dial,discovery,cold,0,echo_rtt,0.041,ok
fcc97ee87fca3ef9ce5a8bc4fea02e34975723da,seer_dial,discovery,cold,0,echo_rtt,0.031,ok
fcc97ee87fca3ef9ce5a8bc4fea02e34975723da,seer_dial,discovery,cold,0,echo_rtt,0.044,ok
fcc97ee87fca3ef9ce5a8bc4fea02e34975723da,seer_dial,discovery,cold,0,echo_rtt,0.034,ok
fcc97ee87fca3ef9ce5a8bc4fea02e34975723da,seer_dial,discovery,cold,0,echo_rtt,0.042,ok
fcc97ee87fca3ef9ce5a8bc4fea02e34975723da,seer_dial,discovery,cold,0,echo_rtt,0.033,ok
fcc97ee87fca3ef9ce5a8bc4fea02e34975723da,seer_dial,discovery,cold,0,echo_rtt,0.042,ok
fcc97ee87fca3ef9ce5a8bc4fea02e34975723da,seer_dial,discovery,cold,0,echo_rtt,0.032,ok
fcc97ee87fca3ef9ce5a8bc4fea02e34975723da,seer_dial,discovery,cold,0,echo_rtt,0.041,ok
fcc97ee87fca3ef9ce5a8bc4fea02e34975723da,seer_dial,discovery,cold,0,echo_rtt,0.031,ok
fcc97ee87fca3ef9ce5a8bc4fea02e34975723da,seer_dial,discovery,cold,0,echo_rtt,0.039,ok
fcc97ee87fca3ef9ce5a8bc4fea02e34975723da,seer_dial,discovery,cold,0,echo_rtt,0.031,ok
fcc97ee87fca3ef9ce5a8bc4fea02e34975723da,seer_dial,discovery,cold,0,echo_rtt,0.040,ok
fcc97ee87fca3ef9ce5a8bc4fea02e34975723da,seer_dial,discovery,cold,0,echo_rtt,0.036,ok
fcc97ee87fca3ef9ce5a8bc4fea02e34975723da,seer_dial,discovery,cold,0,echo_rtt,0.062,ok
fcc97ee87fca3ef9ce5a8bc4fea02e34975723da,seer_dial,discovery,cold,0,echo_rtt,0.037,ok
fcc97ee87fca3ef9ce5a8bc4fea02e34975723da,seer_dial,discovery,cold,0,echo_rtt,0.046,ok
fcc97ee87fca3ef9ce5a8bc4fea02e34975723da,seer_dial,discovery,cold,0,echo_rtt,0.034,ok
fcc97ee87fca3ef9ce5a8bc4fea02e34975723da,seer_dial,discovery,cold,0,echo_rtt,0.045,ok
fcc97ee87fca3ef9ce5a8bc4fea02e34975723da,seer_dial,discovery,cold,0,echo_rtt,0.034,ok
fcc97ee87fca3ef9ce5a8bc4fea02e34975723da,seer_dial,discovery,cold,0,echo_rtt,0.046,ok
fcc97ee87fca3ef9ce5a8bc4fea02e34975723da,seer_dial,discovery,cold,0,echo_rtt,0.040,ok
fcc97ee87fca3ef9ce5a8bc4fea02e34975723da,seer_dial,discovery,cold,0,echo_rtt,0.150,ok
fcc97ee87fca3ef9ce5a8bc4fea02e34975723da,seer_dial,discovery,cold,0,echo_rtt,0.061,ok
fcc97ee87fca3ef9ce5a8bc4fea02e34975723da,seer_dial,discovery,cold,0,echo_rtt,0.049,ok
fcc97ee87fca3ef9ce5a8bc4fea02e34975723da,seer_dial,discovery,cold,0,echo_rtt,0.043,ok
fcc97ee87fca3ef9ce5a8bc4fea02e34975723da,seer_dial,discovery,cold,0,echo_rtt,0.043,ok
fcc97ee87fca3ef9ce5a8bc4fea02e34975723da,seer_dial,discovery,cold,0,echo_rtt,0.043,ok
fcc97ee87fca3ef9ce5a8bc4fea02e34975723da,seer_dial,discovery,cold,0,echo_rtt,0.041,ok
fcc97ee87fca3ef9ce5a8bc4fea02e34975723da,seer_dial,discovery,cold,0,echo_rtt,0.043,ok
fcc97ee87fca3ef9ce5a8bc4fea02e34975723da,seer_dial,discovery,cold,0,echo_rtt,0.041,ok
fcc97ee87fca3ef9ce5a8bc4fea02e34975723da,seer_dial,discovery,cold,0,echo_rtt,0.043,ok
fcc97ee87fca3ef9ce5a8bc4fea02e34975723da,seer_dial,discovery,cold,0,echo_rtt,0.042,ok
fcc97ee87fca3ef9ce5a8bc4fea02e34975723da,seer_dial,discovery,cold,0,echo_rtt,0.043,ok
fcc97ee87fca3ef9ce5a8bc4fea02e34975723da,seer_dial,discovery,cold,0,echo_rtt,0.046,ok
fcc97ee87fca3ef9ce5a8bc4fea02e34975723da,seer_dial,discovery,cold,0,echo_rtt,0.042,ok
fcc97ee87fca3ef9ce5a8bc4fea02e34975723da,seer_dial,discovery,cold,0,echo_rtt,0.074,ok
fcc97ee87fca3ef9ce5a8bc4fea02e34975723da,seer_dial,discovery,cold,0,echo_rtt,0.049,ok
fcc97ee87fca3ef9ce5a8bc4fea02e34975723da,seer_dial,discovery,cold,0,echo_rtt,0.036,ok
fcc97ee87fca3ef9ce5a8bc4fea02e34975723da,seer_dial,discovery,cold,0,echo_rtt,0.047,ok
fcc97ee87fca3ef9ce5a8bc4fea02e34975723da,seer_dial,discovery,cold,0,echo_rtt,0.035,ok
fcc97ee87fca3ef9ce5a8bc4fea02e34975723da,seer_dial,discovery,cold,0,echo_rtt,0.047,ok
fcc97ee87fca3ef9ce5a8bc4fea02e34975723da,seer_dial,discovery,cold,0,echo_rtt,0.039,ok
fcc97ee87fca3ef9ce5a8bc4fea02e34975723da,seer_dial,discovery,cold,0,echo_rtt,0.047,ok
fcc97ee87fca3ef9ce5a8bc4fea02e34975723da,seer_dial,discovery,cold,0,echo_rtt,0.036,ok
fcc97ee87fca3ef9ce5a8bc4fea02e34975723da,seer_dial,discovery,cold,0,echo_rtt,0.049,ok
fcc97ee87fca3ef9ce5a8bc4fea02e34975723da,seer_dial,discovery,cold,0,echo_rtt,0.081,ok
fcc97ee87fca3ef9ce5a8bc4fea02e34975723da,seer_dial,discovery,cold,0,echo_rtt,0.049,ok
fcc97ee87fca3ef9ce5a8bc4fea02e34975723da,seer_dial,discovery,cold,0,echo_rtt,0.035,ok
fcc97ee87fca3ef9ce5a8bc4fea02e34975723da,seer_dial,discovery,cold,0,echo_rtt,0.049,ok
fcc97ee87fca3ef9ce5a8bc4fea02e34975723da,seer_dial,discovery,cold,0,echo_rtt,0.036,ok
fcc97ee87fca3ef9ce5a8bc4fea02e34975723da,seer_dial,discovery,cold,0,echo_rtt,0.048,ok
fcc97ee87fca3ef9ce5a8bc4fea02e34975723da,seer_dial,discovery,cold,0,echo_rtt,0.036,ok
fcc97ee87fca3ef9ce5a8bc4fea02e34975723da,seer_dial,discovery,cold,0,echo_rtt,0.047,ok
fcc97ee87fca3ef9ce5a8bc4fea02e34975723da,seer_dial,discovery,cold,0,echo_rtt,0.036,ok
fcc97ee87fca3ef9ce5a8bc4fea02e34975723da,seer_dial,discovery,cold,0,echo_rtt,0.047,ok
fcc97ee87fca3ef9ce5a8bc4fea02e34975723da,seer_dial,discovery,cold,0,echo_rtt,0.033,ok
fcc97ee87fca3ef9ce5a8bc4fea02e34975723da,seer_dial,discovery,cold,0,echo_rtt,0.044,ok
fcc97ee87fca3ef9ce5a8bc4fea02e34975723da,seer_dial,discovery,cold,0,echo_rtt,0.034,ok
fcc97ee87fca3ef9ce5a8bc4fea02e34975723da,seer_dial,discovery,cold,0,echo_rtt,0.044,ok
fcc97ee87fca3ef9ce5a8bc4fea02e34975723da,seer_dial,discovery,cold,0,echo_rtt,0.034,ok
fcc97ee87fca3ef9ce5a8bc4fea02e34975723da,seer_dial,discovery,cold,0,echo_rtt,0.044,ok
fcc97ee87fca3ef9ce5a8bc4fea02e34975723da,seer_dial,discovery,cold,0,echo_rtt,0.034,ok
fcc97ee87fca3ef9ce5a8bc4fea02e34975723da,seer_dial,discovery,cold,0,echo_rtt,0.043,ok
fcc97ee87fca3ef9ce5a8bc4fea02e34975723da,seer_dial,discovery,cold,0,echo_rtt,0.035,ok
fcc97ee87fca3ef9ce5a8bc4fea02e34975723da,seer_dial,discovery,cold,0,echo_rtt,0.048,ok
fcc97ee87fca3ef9ce5a8bc4fea02e34975723da,seer_dial,discovery,cold,0,echo_rtt,0.033,ok
fcc97ee87fca3ef9ce5a8bc4fea02e34975723da,seer_dial,discovery,cold,0,echo_rtt,0.043,ok
fcc97ee87fca3ef9ce5a8bc4fea02e34975723da,seer_dial,discovery,cold,0,echo_rtt,0.034,ok
fcc97ee87fca3ef9ce5a8bc4fea02e34975723da,seer_dial,discovery,cold,0,echo_rtt,0.043,ok
fcc97ee87fca3ef9ce5a8bc4fea02e34975723da,seer_dial,discovery,cold,0,echo_rtt,0.033,ok
fcc97ee87fca3ef9ce5a8bc4fea02e34975723da,seer_dial,discovery,cold,0,echo_rtt,0.044,ok
fcc97ee87fca3ef9ce5a8bc4fea02e34975723da,seer_dial,discovery,cold,0,echo_rtt,0.036,ok
fcc97ee87fca3ef9ce5a8bc4fea02e34975723da,seer_dial,discovery,cold,0,seer_dial,193.053,ok
fcc97ee87fca3ef9ce5a8bc4fea02e34975723da,seer_dial,discovery,cold,0,stream_open,90.463,ok
fcc97ee87fca3ef9ce5a8bc4fea02e34975723da,seer_dial,discovery,cold,0,echo_rtt,0.056,ok
fcc97ee87fca3ef9ce5a8bc4fea02e34975723da,seer_dial,discovery,cold,0,echo_rtt,0.044,ok
fcc97ee87fca3ef9ce5a8bc4fea02e34975723da,seer_dial,discovery,cold,0,echo_rtt,0.040,ok
fcc97ee87fca3ef9ce5a8bc4fea02e34975723da,seer_dial,discovery,cold,0,echo_rtt,0.038,ok
fcc97ee87fca3ef9ce5a8bc4fea02e34975723da,seer_dial,discovery,cold,0,echo_rtt,0.036,ok
fcc97ee87fca3ef9ce5a8bc4fea02e34975723da,seer_dial,discovery,cold,0,echo_rtt,0.037,ok
fcc97ee87fca3ef9ce5a8bc4fea02e34975723da,seer_dial,discovery,cold,0,echo_rtt,0.037,ok
fcc97ee87fca3ef9ce5a8bc4fea02e34975723da,seer_dial,discovery,cold,0,echo_rtt,0.037,ok
fcc97ee87fca3ef9ce5a8bc4fea02e34975723da,seer_dial,discovery,cold,0,echo_rtt,0.035,ok
fcc97ee87fca3ef9ce5a8bc4fea02e34975723da,seer_dial,discovery,cold,0,echo_rtt,0.036,ok
fcc97ee87fca3ef9ce5a8bc4fea02e34975723da,seer_dial,discovery,cold,0,echo_rtt,0.040,ok
fcc97ee87fca3ef9ce5a8bc4fea02e34975723da,seer_dial,discovery,cold,0,echo_rtt,0.032,ok
fcc97ee87fca3ef9ce5a8bc4fea02e34975723da,seer_dial,discovery,cold,0,echo_rtt,0.041,ok
fcc97ee87fca3ef9ce5a8bc4fea02e34975723da,seer_dial,discovery,cold,0,echo_rtt,0.033,ok
fcc97ee87fca3ef9ce5a8bc4fea02e34975723da,seer_dial,discovery,cold,0,echo_rtt,0.042,ok
fcc97ee87fca3ef9ce5a8bc4fea02e34975723da,seer_dial,discovery,cold,0,echo_rtt,0.032,ok
fcc97ee87fca3ef9ce5a8bc4fea02e34975723da,seer_dial,discovery,cold,0,echo_rtt,0.040,ok
fcc97ee87fca3ef9ce5a8bc4fea02e34975723da,seer_dial,discovery,cold,0,echo_rtt,0.032,ok
fcc97ee87fca3ef9ce5a8bc4fea02e34975723da,seer_dial,discovery,cold,0,echo_rtt,0.040,ok
fcc97ee87fca3ef9ce5a8bc4fea02e34975723da,seer_dial,discovery,cold,0,echo_rtt,0.031,ok
fcc97ee87fca3ef9ce5a8bc4fea02e34975723da,seer_dial,discovery,cold,0,echo_rtt,0.040,ok
fcc97ee87fca3ef9ce5a8bc4fea02e34975723da,seer_dial,discovery,cold,0,echo_rtt,0.032,ok
fcc97ee87fca3ef9ce5a8bc4fea02e34975723da,seer_dial,discovery,cold,0,echo_rtt,0.041,ok
fcc97ee87fca3ef9ce5a8bc4fea02e34975723da,seer_dial,discovery,cold,0,echo_rtt,0.032,ok
fcc97ee87fca3ef9ce5a8bc4fea02e34975723da,seer_dial,discovery,cold,0,echo_rtt,0.040,ok
fcc97ee87fca3ef9ce5a8bc4fea02e34975723da,seer_dial,discovery,cold,0,echo_rtt,0.032,ok
fcc97ee87fca3ef9ce5a8bc4fea02e34975723da,seer_dial,discovery,cold,0,echo_rtt,0.040,ok
fcc97ee87fca3ef9ce5a8bc4fea02e34975723da,seer_dial,discovery,cold,0,echo_rtt,0.032,ok
fcc97ee87fca3ef9ce5a8bc4fea02e34975723da,seer_dial,discovery,cold,0,echo_rtt,0.042,ok
fcc97ee87fca3ef9ce5a8bc4fea02e34975723da,seer_dial,discovery,cold,0,echo_rtt,0.033,ok
fcc97ee87fca3ef9ce5a8bc4fea02e34975723da,seer_dial,discovery,cold,0,echo_rtt,0.064,ok
fcc97ee87fca3ef9ce5a8bc4fea02e34975723da,seer_dial,discovery,cold,0,echo_rtt,0.036,ok
fcc97ee87fca3ef9ce5a8bc4fea02e34975723da,seer_dial,discovery,cold,0,echo_rtt,0.043,ok
fcc97ee87fca3ef9ce5a8bc4fea02e34975723da,seer_dial,discovery,cold,0,echo_rtt,0.037,ok
fcc97ee87fca3ef9ce5a8bc4fea02e34975723da,seer_dial,discovery,cold,0,echo_rtt,0.063,ok
fcc97ee87fca3ef9ce5a8bc4fea02e34975723da,seer_dial,discovery,cold,0,echo_rtt,0.037,ok
fcc97ee87fca3ef9ce5a8bc4fea02e34975723da,seer_dial,discovery,cold,0,echo_rtt,0.036,ok
fcc97ee87fca3ef9ce5a8bc4fea02e34975723da,seer_dial,discovery,cold,0,echo_rtt,0.036,ok
fcc97ee87fca3ef9ce5a8bc4fea02e34975723da,seer_dial,discovery,cold,0,echo_rtt,0.072,ok
fcc97ee87fca3ef9ce5a8bc4fea02e34975723da,seer_dial,discovery,cold,0,echo_rtt,0.062,ok
fcc97ee87fca3ef9ce5a8bc4fea02e34975723da,seer_dial,discovery,cold,0,echo_rtt,0.032,ok
fcc97ee87fca3ef9ce5a8bc4fea02e34975723da,seer_dial,discovery,cold,0,echo_rtt,0.043,ok
fcc97ee87fca3ef9ce5a8bc4fea02e34975723da,seer_dial,discovery,cold,0,echo_rtt,0.031,ok
fcc97ee87fca3ef9ce5a8bc4fea02e34975723da,seer_dial,discovery,cold,0,echo_rtt,0.040,ok
fcc97ee87fca3ef9ce5a8bc4fea02e34975723da,seer_dial,discovery,cold,0,echo_rtt,0.032,ok
fcc97ee87fca3ef9ce5a8bc4fea02e34975723da,seer_dial,discovery,cold,0,echo_rtt,0.041,ok
fcc97ee87fca3ef9ce5a8bc4fea02e34975723da,seer_dial,discovery,cold,0,echo_rtt,0.042,ok
fcc97ee87fca3ef9ce5a8bc4fea02e34975723da,seer_dial,discovery,cold,0,echo_rtt,0.041,ok
fcc97ee87fca3ef9ce5a8bc4fea02e34975723da,seer_dial,discovery,cold,0,echo_rtt,0.046,ok
fcc97ee87fca3ef9ce5a8bc4fea02e34975723da,seer_dial,discovery,cold,0,echo_rtt,0.041,ok
fcc97ee87fca3ef9ce5a8bc4fea02e34975723da,seer_dial,discovery,cold,0,echo_rtt,0.042,ok
fcc97ee87fca3ef9ce5a8bc4fea02e34975723da,seer_dial,discovery,cold,0,echo_rtt,0.054,ok
fcc97ee87fca3ef9ce5a8bc4fea02e34975723da,seer_dial,discovery,cold,0,echo_rtt,0.033,ok
fcc97ee87fca3ef9ce5a8bc4fea02e34975723da,seer_dial,discovery,cold,0,echo_rtt,0.046,ok
fcc97ee87fca3ef9ce5a8bc4fea02e34975723da,seer_dial,discovery,cold,0,echo_rtt,0.039,ok
fcc97ee87fca3ef9ce5a8bc4fea02e34975723da,seer_dial,discovery,cold,0,echo_rtt,0.042,ok
fcc97ee87fca3ef9ce5a8bc4fea02e34975723da,seer_dial,discovery,cold,0,echo_rtt,0.032,ok
fcc97ee87fca3ef9ce5a8bc4fea02e34975723da,seer_dial,discovery,cold,0,echo_rtt,0.048,ok
fcc97ee87fca3ef9ce5a8bc4fea02e34975723da,seer_dial,discovery,cold,0,echo_rtt,0.040,ok
fcc97ee87fca3ef9ce5a8bc4fea02e34975723da,seer_dial,discovery,cold,0,echo_rtt,0.054,ok
fcc97ee87fca3ef9ce5a8bc4fea02e34975723da,seer_dial,discovery,cold,0,echo_rtt,0.035,ok
fcc97ee87fca3ef9ce5a8bc4fea02e34975723da,seer_dial,discovery,cold,0,echo_rtt,0.048,ok
fcc97ee87fca3ef9ce5a8bc4fea02e34975723da,seer_dial,discovery,cold,0,echo_rtt,0.048,ok
fcc97ee87fca3ef9ce5a8bc4fea02e34975723da,seer_dial,discovery,cold,0,echo_rtt,0.059,ok
fcc97ee87fca3ef9ce5a8bc4fea02e34975723da,seer_dial,discovery,cold,0,echo_rtt,0.045,ok
fcc97ee87fca3ef9ce5a8bc4fea02e34975723da,seer_dial,discovery,cold,0,echo_rtt,0.046,ok
fcc97ee87fca3ef9ce5a8bc4fea02e34975723da,seer_dial,discovery,cold,0,echo_rtt,0.035,ok
fcc97ee87fca3ef9ce5a8bc4fea02e34975723da,seer_dial,discovery,cold,0,echo_rtt,0.049,ok
fcc97ee87fca3ef9ce5a8bc4fea02e34975723da,seer_dial,discovery,cold,0,echo_rtt,0.045,ok
fcc97ee87fca3ef9ce5a8bc4fea02e34975723da,seer_dial,discovery,cold,0,echo_rtt,0.044,ok
fcc97ee87fca3ef9ce5a8bc4fea02e34975723da,seer_dial,discovery,cold,0,echo_rtt,0.035,ok
fcc97ee87fca3ef9ce5a8bc4fea02e34975723da,seer_dial,discovery,cold,0,echo_rtt,0.044,ok
fcc97ee87fca3ef9ce5a8bc4fea02e34975723da,seer_dial,discovery,cold,0,echo_rtt,0.034,ok
fcc97ee87fca3ef9ce5a8bc4fea02e34975723da,seer_dial,discovery,cold,0,echo_rtt,0.044,ok
fcc97ee87fca3ef9ce5a8bc4fea02e34975723da,seer_dial,discovery,cold,0,echo_rtt,0.034,ok
fcc97ee87fca3ef9ce5a8bc4fea02e34975723da,seer_dial,discovery,cold,0,echo_rtt,0.045,ok
fcc97ee87fca3ef9ce5a8bc4fea02e34975723da,seer_dial,discovery,cold,0,echo_rtt,0.037,ok
fcc97ee87fca3ef9ce5a8bc4fea02e34975723da,seer_dial,discovery,cold,0,echo_rtt,0.048,ok
fcc97ee87fca3ef9ce5a8bc4fea02e34975723da,seer_dial,discovery,cold,0,echo_rtt,0.036,ok
fcc97ee87fca3ef9ce5a8bc4fea02e34975723da,seer_dial,discovery,cold,0,echo_rtt,0.046,ok
fcc97ee87fca3ef9ce5a8bc4fea02e34975723da,seer_dial,discovery,cold,0,echo_rtt,0.039,ok
fcc97ee87fca3ef9ce5a8bc4fea02e34975723da,seer_dial,discovery,cold,0,echo_rtt,0.040,ok
fcc97ee87fca3ef9ce5a8bc4fea02e34975723da,seer_dial,discovery,cold,0,echo_rtt,0.038,ok
fcc97ee87fca3ef9ce5a8bc4fea02e34975723da,seer_dial,discovery,cold,0,echo_rtt,0.051,ok
fcc97ee87fca3ef9ce5a8bc4fea02e34975723da,seer_dial,discovery,cold,0,echo_rtt,0.038,ok
fcc97ee87fca3ef9ce5a8bc4fea02e34975723da,seer_dial,discovery,cold,0,echo_rtt,0.039,ok
fcc97ee87fca3ef9ce5a8bc4fea02e34975723da,seer_dial,discovery,cold,0,echo_rtt,0.038,ok
fcc97ee87fca3ef9ce5a8bc4fea02e34975723da,seer_dial,discovery,cold,0,echo_rtt,0.040,ok
fcc97ee87fca3ef9ce5a8bc4fea02e34975723da,seer_dial,discovery,cold,0,echo_rtt,0.038,ok
fcc97ee87fca3ef9ce5a8bc4fea02e34975723da,seer_dial,discovery,cold,0,echo_rtt,0.040,ok
fcc97ee87fca3ef9ce5a8bc4fea02e34975723da,seer_dial,discovery,cold,0,echo_rtt,0.039,ok
fcc97ee87fca3ef9ce5a8bc4fea02e34975723da,seer_dial,discovery,cold,0,echo_rtt,0.041,ok
fcc97ee87fca3ef9ce5a8bc4fea02e34975723da,seer_dial,discovery,cold,0,echo_rtt,0.038,ok
fcc97ee87fca3ef9ce5a8bc4fea02e34975723da,seer_dial,discovery,cold,0,echo_rtt,0.041,ok
fcc97ee87fca3ef9ce5a8bc4fea02e34975723da,seer_dial,discovery,cold,0,echo_rtt,0.041,ok
fcc97ee87fca3ef9ce5a8bc4fea02e34975723da,seer_dial,discovery,cold,0,echo_rtt,0.041,ok
fcc97ee87fca3ef9ce5a8bc4fea02e34975723da,seer_dial,discovery,cold,0,echo_rtt,0.039,ok
fcc97ee87fca3ef9ce5a8bc4fea02e34975723da,seer_dial,discovery,cold,0,echo_rtt,0.038,ok
fcc97ee87fca3ef9ce5a8bc4fea02e34975723da,seer_dial,discovery,cold,0,echo_rtt,0.036,ok
fcc97ee87fca3ef9ce5a8bc4fea02e34975723da,seer_dial,discovery,cold,0,echo_rtt,0.035,ok
fcc97ee87fca3ef9ce5a8bc4fea02e34975723da,seer_dial,discovery,cold,0,seer_dial,195.185,ok
fcc97ee87fca3ef9ce5a8bc4fea02e34975723da,seer_dial,discovery,cold,0,stream_open,91.388,ok
fcc97ee87fca3ef9ce5a8bc4fea02e34975723da,seer_dial,discovery,cold,0,echo_rtt,0.053,ok
fcc97ee87fca3ef9ce5a8bc4fea02e34975723da,seer_dial,discovery,cold,0,echo_rtt,0.041,ok
fcc97ee87fca3ef9ce5a8bc4fea02e34975723da,seer_dial,discovery,cold,0,echo_rtt,0.042,ok
fcc97ee87fca3ef9ce5a8bc4fea02e34975723da,seer_dial,discovery,cold,0,echo_rtt,0.038,ok
fcc97ee87fca3ef9ce5a8bc4fea02e34975723da,seer_dial,discovery,cold,0,echo_rtt,0.038,ok
fcc97ee87fca3ef9ce5a8bc4fea02e34975723da,seer_dial,discovery,cold,0,echo_rtt,0.037,ok
fcc97ee87fca3ef9ce5a8bc4fea02e34975723da,seer_dial,discovery,cold,0,echo_rtt,0.037,ok
fcc97ee87fca3ef9ce5a8bc4fea02e34975723da,seer_dial,discovery,cold,0,echo_rtt,0.036,ok
fcc97ee87fca3ef9ce5a8bc4fea02e34975723da,seer_dial,discovery,cold,0,echo_rtt,0.036,ok
fcc97ee87fca3ef9ce5a8bc4fea02e34975723da,seer_dial,discovery,cold,0,echo_rtt,0.036,ok
fcc97ee87fca3ef9ce5a8bc4fea02e34975723da,seer_dial,discovery,cold,0,echo_rtt,0.037,ok
fcc97ee87fca3ef9ce5a8bc4fea02e34975723da,seer_dial,discovery,cold,0,echo_rtt,0.036,ok
fcc97ee87fca3ef9ce5a8bc4fea02e34975723da,seer_dial,discovery,cold,0,echo_rtt,0.036,ok
fcc97ee87fca3ef9ce5a8bc4fea02e34975723da,seer_dial,discovery,cold,0,echo_rtt,0.036,ok
fcc97ee87fca3ef9ce5a8bc4fea02e34975723da,seer_dial,discovery,cold,0,echo_rtt,0.036,ok
fcc97ee87fca3ef9ce5a8bc4fea02e34975723da,seer_dial,discovery,cold,0,echo_rtt,0.036,ok
fcc97ee87fca3ef9ce5a8bc4fea02e34975723da,seer_dial,discovery,cold,0,echo_rtt,0.036,ok
fcc97ee87fca3ef9ce5a8bc4fea02e34975723da,seer_dial,discovery,cold,0,echo_rtt,0.037,ok
fcc97ee87fca3ef9ce5a8bc4fea02e34975723da,seer_dial,discovery,cold,0,echo_rtt,0.036,ok
fcc97ee87fca3ef9ce5a8bc4fea02e34975723da,seer_dial,discovery,cold,0,echo_rtt,0.035,ok
fcc97ee87fca3ef9ce5a8bc4fea02e34975723da,seer_dial,discovery,cold,0,echo_rtt,0.037,ok
fcc97ee87fca3ef9ce5a8bc4fea02e34975723da,seer_dial,discovery,cold,0,echo_rtt,0.035,ok
fcc97ee87fca3ef9ce5a8bc4fea02e34975723da,seer_dial,discovery,cold,0,echo_rtt,0.035,ok
fcc97ee87fca3ef9ce5a8bc4fea02e34975723da,seer_dial,discovery,cold,0,echo_rtt,0.035,ok
fcc97ee87fca3ef9ce5a8bc4fea02e34975723da,seer_dial,discovery,cold,0,echo_rtt,0.036,ok
fcc97ee87fca3ef9ce5a8bc4fea02e34975723da,seer_dial,discovery,cold,0,echo_rtt,0.035,ok
fcc97ee87fca3ef9ce5a8bc4fea02e34975723da,seer_dial,discovery,cold,0,echo_rtt,0.036,ok
fcc97ee87fca3ef9ce5a8bc4fea02e34975723da,seer_dial,discovery,cold,0,echo_rtt,0.035,ok
fcc97ee87fca3ef9ce5a8bc4fea02e34975723da,seer_dial,discovery,cold,0,echo_rtt,0.036,ok
fcc97ee87fca3ef9ce5a8bc4fea02e34975723da,seer_dial,discovery,cold,0,echo_rtt,0.037,ok
fcc97ee87fca3ef9ce5a8bc4fea02e34975723da,seer_dial,discovery,cold,0,echo_rtt,0.037,ok
fcc97ee87fca3ef9ce5a8bc4fea02e34975723da,seer_dial,discovery,cold,0,echo_rtt,0.035,ok
fcc97ee87fca3ef9ce5a8bc4fea02e34975723da,seer_dial,discovery,cold,0,echo_rtt,0.035,ok
fcc97ee87fca3ef9ce5a8bc4fea02e34975723da,seer_dial,discovery,cold,0,echo_rtt,0.035,ok
fcc97ee87fca3ef9ce5a8bc4fea02e34975723da,seer_dial,discovery,cold,0,echo_rtt,0.036,ok
fcc97ee87fca3ef9ce5a8bc4fea02e34975723da,seer_dial,discovery,cold,0,echo_rtt,0.035,ok
fcc97ee87fca3ef9ce5a8bc4fea02e34975723da,seer_dial,discovery,cold,0,echo_rtt,0.036,ok
fcc97ee87fca3ef9ce5a8bc4fea02e34975723da,seer_dial,discovery,cold,0,echo_rtt,0.036,ok
fcc97ee87fca3ef9ce5a8bc4fea02e34975723da,seer_dial,discovery,cold,0,echo_rtt,0.035,ok
fcc97ee87fca3ef9ce5a8bc4fea02e34975723da,seer_dial,discovery,cold,0,echo_rtt,0.050,ok
fcc97ee87fca3ef9ce5a8bc4fea02e34975723da,seer_dial,discovery,cold,0,echo_rtt,0.041,ok
fcc97ee87fca3ef9ce5a8bc4fea02e34975723da,seer_dial,discovery,cold,0,echo_rtt,0.037,ok
fcc97ee87fca3ef9ce5a8bc4fea02e34975723da,seer_dial,discovery,cold,0,echo_rtt,0.036,ok
fcc97ee87fca3ef9ce5a8bc4fea02e34975723da,seer_dial,discovery,cold,0,echo_rtt,0.036,ok
fcc97ee87fca3ef9ce5a8bc4fea02e34975723da,seer_dial,discovery,cold,0,echo_rtt,0.042,ok
fcc97ee87fca3ef9ce5a8bc4fea02e34975723da,seer_dial,discovery,cold,0,echo_rtt,0.041,ok
fcc97ee87fca3ef9ce5a8bc4fea02e34975723da,seer_dial,discovery,cold,0,echo_rtt,0.044,ok
fcc97ee87fca3ef9ce5a8bc4fea02e34975723da,seer_dial,discovery,cold,0,echo_rtt,0.040,ok
fcc97ee87fca3ef9ce5a8bc4fea02e34975723da,seer_dial,discovery,cold,0,echo_rtt,0.040,ok
fcc97ee87fca3ef9ce5a8bc4fea02e34975723da,seer_dial,discovery,cold,0,echo_rtt,0.039,ok
fcc97ee87fca3ef9ce5a8bc4fea02e34975723da,seer_dial,discovery,cold,0,echo_rtt,0.040,ok
fcc97ee87fca3ef9ce5a8bc4fea02e34975723da,seer_dial,discovery,cold,0,echo_rtt,0.039,ok
fcc97ee87fca3ef9ce5a8bc4fea02e34975723da,seer_dial,discovery,cold,0,echo_rtt,0.039,ok
fcc97ee87fca3ef9ce5a8bc4fea02e34975723da,seer_dial,discovery,cold,0,echo_rtt,0.040,ok
fcc97ee87fca3ef9ce5a8bc4fea02e34975723da,seer_dial,discovery,cold,0,echo_rtt,0.043,ok
fcc97ee87fca3ef9ce5a8bc4fea02e34975723da,seer_dial,discovery,cold,0,echo_rtt,0.054,ok
fcc97ee87fca3ef9ce5a8bc4fea02e34975723da,seer_dial,discovery,cold,0,echo_rtt,0.040,ok
fcc97ee87fca3ef9ce5a8bc4fea02e34975723da,seer_dial,discovery,cold,0,echo_rtt,0.040,ok
fcc97ee87fca3ef9ce5a8bc4fea02e34975723da,seer_dial,discovery,cold,0,echo_rtt,0.040,ok
fcc97ee87fca3ef9ce5a8bc4fea02e34975723da,seer_dial,discovery,cold,0,echo_rtt,0.038,ok
fcc97ee87fca3ef9ce5a8bc4fea02e34975723da,seer_dial,discovery,cold,0,echo_rtt,0.040,ok
fcc97ee87fca3ef9ce5a8bc4fea02e34975723da,seer_dial,discovery,cold,0,echo_rtt,0.040,ok
fcc97ee87fca3ef9ce5a8bc4fea02e34975723da,seer_dial,discovery,cold,0,echo_rtt,0.039,ok
fcc97ee87fca3ef9ce5a8bc4fea02e34975723da,seer_dial,discovery,cold,0,echo_rtt,0.039,ok
fcc97ee87fca3ef9ce5a8bc4fea02e34975723da,seer_dial,discovery,cold,0,echo_rtt,0.040,ok
fcc97ee87fca3ef9ce5a8bc4fea02e34975723da,seer_dial,discovery,cold,0,echo_rtt,0.038,ok
fcc97ee87fca3ef9ce5a8bc4fea02e34975723da,seer_dial,discovery,cold,0,echo_rtt,0.039,ok
fcc97ee87fca3ef9ce5a8bc4fea02e34975723da,seer_dial,discovery,cold,0,echo_rtt,0.039,ok
fcc97ee87fca3ef9ce5a8bc4fea02e34975723da,seer_dial,discovery,cold,0,echo_rtt,0.040,ok
fcc97ee87fca3ef9ce5a8bc4fea02e34975723da,seer_dial,discovery,cold,0,echo_rtt,0.039,ok
fcc97ee87fca3ef9ce5a8bc4fea02e34975723da,seer_dial,discovery,cold,0,echo_rtt,0.040,ok
fcc97ee87fca3ef9ce5a8bc4fea02e34975723da,seer_dial,discovery,cold,0,echo_rtt,0.038,ok
fcc97ee87fca3ef9ce5a8bc4fea02e34975723da,seer_dial,discovery,cold,0,echo_rtt,0.040,ok
fcc97ee87fca3ef9ce5a8bc4fea02e34975723da,seer_dial,discovery,cold,0,echo_rtt,0.038,ok
fcc97ee87fca3ef9ce5a8bc4fea02e34975723da,seer_dial,discovery,cold,0,echo_rtt,0.039,ok
fcc97ee87fca3ef9ce5a8bc4fea02e34975723da,seer_dial,discovery,cold,0,echo_rtt,0.042,ok
fcc97ee87fca3ef9ce5a8bc4fea02e34975723da,seer_dial,discovery,cold,0,echo_rtt,0.041,ok
fcc97ee87fca3ef9ce5a8bc4fea02e34975723da,seer_dial,discovery,cold,0,echo_rtt,0.042,ok
fcc97ee87fca3ef9ce5a8bc4fea02e34975723da,seer_dial,discovery,cold,0,echo_rtt,0.047,ok
fcc97ee87fca3ef9ce5a8bc4fea02e34975723da,seer_dial,discovery,cold,0,echo_rtt,0.043,ok
fcc97ee87fca3ef9ce5a8bc4fea02e34975723da,seer_dial,discovery,cold,0,echo_rtt,0.039,ok
fcc97ee87fca3ef9ce5a8bc4fea02e34975723da,seer_dial,discovery,cold,0,echo_rtt,0.039,ok
fcc97ee87fca3ef9ce5a8bc4fea02e34975723da,seer_dial,discovery,cold,0,echo_rtt,0.039,ok
fcc97ee87fca3ef9ce5a8bc4fea02e34975723da,seer_dial,discovery,cold,0,echo_rtt,0.039,ok
fcc97ee87fca3ef9ce5a8bc4fea02e34975723da,seer_dial,discovery,cold,0,echo_rtt,0.039,ok
fcc97ee87fca3ef9ce5a8bc4fea02e34975723da,seer_dial,discovery,cold,0,echo_rtt,0.052,ok
fcc97ee87fca3ef9ce5a8bc4fea02e34975723da,seer_dial,discovery,cold,0,echo_rtt,0.041,ok
fcc97ee87fca3ef9ce5a8bc4fea02e34975723da,seer_dial,discovery,cold,0,echo_rtt,0.041,ok
fcc97ee87fca3ef9ce5a8bc4fea02e34975723da,seer_dial,discovery,cold,0,echo_rtt,0.039,ok
fcc97ee87fca3ef9ce5a8bc4fea02e34975723da,seer_dial,discovery,cold,0,echo_rtt,0.039,ok
fcc97ee87fca3ef9ce5a8bc4fea02e34975723da,seer_dial,discovery,cold,0,echo_rtt,0.039,ok
fcc97ee87fca3ef9ce5a8bc4fea02e34975723da,seer_dial,discovery,cold,0,echo_rtt,0.038,ok
fcc97ee87fca3ef9ce5a8bc4fea02e34975723da,seer_dial,discovery,cold,0,echo_rtt,0.039,ok
fcc97ee87fca3ef9ce5a8bc4fea02e34975723da,seer_dial,discovery,cold,0,echo_rtt,0.042,ok
fcc97ee87fca3ef9ce5a8bc4fea02e34975723da,seer_dial,discovery,cold,0,echo_rtt,0.036,ok
fcc97ee87fca3ef9ce5a8bc4fea02e34975723da,seer_dial,discovery,cold,0,echo_rtt,0.037,ok
fcc97ee87fca3ef9ce5a8bc4fea02e34975723da,seer_dial,discovery,cold,0,echo_rtt,0.058,ok
fcc97ee87fca3ef9ce5a8bc4fea02e34975723da,seer_dial,discovery,cold,0,echo_rtt,0.043,ok
fcc97ee87fca3ef9ce5a8bc4fea02e34975723da,seer_dial,discovery,cold,0,echo_rtt,0.039,ok
fcc97ee87fca3ef9ce5a8bc4fea02e34975723da,seer_dial,discovery,cold,0,echo_rtt,0.041,ok
fcc97ee87fca3ef9ce5a8bc4fea02e34975723da,seer_dial,discovery,cold,0,seer_dial,192.746,ok
fcc97ee87fca3ef9ce5a8bc4fea02e34975723da,seer_dial,discovery,cold,0,stream_open,81.167,ok
fcc97ee87fca3ef9ce5a8bc4fea02e34975723da,seer_dial,discovery,cold,0,echo_rtt,0.046,ok
fcc97ee87fca3ef9ce5a8bc4fea02e34975723da,seer_dial,discovery,cold,0,echo_rtt,0.045,ok
fcc97ee87fca3ef9ce5a8bc4fea02e34975723da,seer_dial,discovery,cold,0,echo_rtt,0.038,ok
fcc97ee87fca3ef9ce5a8bc4fea02e34975723da,seer_dial,discovery,cold,0,echo_rtt,0.039,ok
fcc97ee87fca3ef9ce5a8bc4fea02e34975723da,seer_dial,discovery,cold,0,echo_rtt,0.037,ok
fcc97ee87fca3ef9ce5a8bc4fea02e34975723da,seer_dial,discovery,cold,0,echo_rtt,0.035,ok
fcc97ee87fca3ef9ce5a8bc4fea02e34975723da,seer_dial,discovery,cold,0,echo_rtt,0.036,ok
fcc97ee87fca3ef9ce5a8bc4fea02e34975723da,seer_dial,discovery,cold,0,echo_rtt,0.036,ok
fcc97ee87fca3ef9ce5a8bc4fea02e34975723da,seer_dial,discovery,cold,0,echo_rtt,0.035,ok
fcc97ee87fca3ef9ce5a8bc4fea02e34975723da,seer_dial,discovery,cold,0,echo_rtt,0.036,ok
fcc97ee87fca3ef9ce5a8bc4fea02e34975723da,seer_dial,discovery,cold,0,echo_rtt,0.035,ok
fcc97ee87fca3ef9ce5a8bc4fea02e34975723da,seer_dial,discovery,cold,0,echo_rtt,0.035,ok
fcc97ee87fca3ef9ce5a8bc4fea02e34975723da,seer_dial,discovery,cold,0,echo_rtt,0.039,ok
fcc97ee87fca3ef9ce5a8bc4fea02e34975723da,seer_dial,discovery,cold,0,echo_rtt,0.042,ok
fcc97ee87fca3ef9ce5a8bc4fea02e34975723da,seer_dial,discovery,cold,0,echo_rtt,0.040,ok
fcc97ee87fca3ef9ce5a8bc4fea02e34975723da,seer_dial,discovery,cold,0,echo_rtt,0.042,ok
fcc97ee87fca3ef9ce5a8bc4fea02e34975723da,seer_dial,discovery,cold,0,echo_rtt,0.084,ok
fcc97ee87fca3ef9ce5a8bc4fea02e34975723da,seer_dial,discovery,cold,0,echo_rtt,0.043,ok
fcc97ee87fca3ef9ce5a8bc4fea02e34975723da,seer_dial,discovery,cold,0,echo_rtt,0.064,ok
fcc97ee87fca3ef9ce5a8bc4fea02e34975723da,seer_dial,discovery,cold,0,echo_rtt,0.048,ok
fcc97ee87fca3ef9ce5a8bc4fea02e34975723da,seer_dial,discovery,cold,0,echo_rtt,0.043,ok
fcc97ee87fca3ef9ce5a8bc4fea02e34975723da,seer_dial,discovery,cold,0,echo_rtt,0.042,ok
fcc97ee87fca3ef9ce5a8bc4fea02e34975723da,seer_dial,discovery,cold,0,echo_rtt,0.041,ok
fcc97ee87fca3ef9ce5a8bc4fea02e34975723da,seer_dial,discovery,cold,0,echo_rtt,0.041,ok
fcc97ee87fca3ef9ce5a8bc4fea02e34975723da,seer_dial,discovery,cold,0,echo_rtt,0.039,ok
fcc97ee87fca3ef9ce5a8bc4fea02e34975723da,seer_dial,discovery,cold,0,echo_rtt,0.058,ok
fcc97ee87fca3ef9ce5a8bc4fea02e34975723da,seer_dial,discovery,cold,0,echo_rtt,0.048,ok
fcc97ee87fca3ef9ce5a8bc4fea02e34975723da,seer_dial,discovery,cold,0,echo_rtt,0.042,ok
fcc97ee87fca3ef9ce5a8bc4fea02e34975723da,seer_dial,discovery,cold,0,echo_rtt,0.041,ok
fcc97ee87fca3ef9ce5a8bc4fea02e34975723da,seer_dial,discovery,cold,0,echo_rtt,0.042,ok
fcc97ee87fca3ef9ce5a8bc4fea02e34975723da,seer_dial,discovery,cold,0,echo_rtt,0.040,ok
fcc97ee87fca3ef9ce5a8bc4fea02e34975723da,seer_dial,discovery,cold,0,echo_rtt,0.041,ok
fcc97ee87fca3ef9ce5a8bc4fea02e34975723da,seer_dial,discovery,cold,0,echo_rtt,0.040,ok
fcc97ee87fca3ef9ce5a8bc4fea02e34975723da,seer_dial,discovery,cold,0,echo_rtt,0.045,ok
fcc97ee87fca3ef9ce5a8bc4fea02e34975723da,seer_dial,discovery,cold,0,echo_rtt,0.043,ok
fcc97ee87fca3ef9ce5a8bc4fea02e34975723da,seer_dial,discovery,cold,0,echo_rtt,0.043,ok
fcc97ee87fca3ef9ce5a8bc4fea02e34975723da,seer_dial,discovery,cold,0,echo_rtt,0.041,ok
fcc97ee87fca3ef9ce5a8bc4fea02e34975723da,seer_dial,discovery,cold,0,echo_rtt,0.042,ok
fcc97ee87fca3ef9ce5a8bc4fea02e34975723da,seer_dial,discovery,cold,0,echo_rtt,0.043,ok
fcc97ee87fca3ef9ce5a8bc4fea02e34975723da,seer_dial,discovery,cold,0,echo_rtt,0.040,ok
fcc97ee87fca3ef9ce5a8bc4fea02e34975723da,seer_dial,discovery,cold,0,echo_rtt,0.042,ok
fcc97ee87fca3ef9ce5a8bc4fea02e34975723da,seer_dial,discovery,cold,0,echo_rtt,0.045,ok
fcc97ee87fca3ef9ce5a8bc4fea02e34975723da,seer_dial,discovery,cold,0,echo_rtt,0.043,ok
fcc97ee87fca3ef9ce5a8bc4fea02e34975723da,seer_dial,discovery,cold,0,echo_rtt,0.042,ok
fcc97ee87fca3ef9ce5a8bc4fea02e34975723da,seer_dial,discovery,cold,0,echo_rtt,0.043,ok
fcc97ee87fca3ef9ce5a8bc4fea02e34975723da,seer_dial,discovery,cold,0,echo_rtt,0.042,ok
fcc97ee87fca3ef9ce5a8bc4fea02e34975723da,seer_dial,discovery,cold,0,echo_rtt,0.043,ok
fcc97ee87fca3ef9ce5a8bc4fea02e34975723da,seer_dial,discovery,cold,0,echo_rtt,0.042,ok
fcc97ee87fca3ef9ce5a8bc4fea02e34975723da,seer_dial,discovery,cold,0,echo_rtt,0.043,ok
fcc97ee87fca3ef9ce5a8bc4fea02e34975723da,seer_dial,discovery,cold,0,echo_rtt,0.041,ok
fcc97ee87fca3ef9ce5a8bc4fea02e34975723da,seer_dial,discovery,cold,0,echo_rtt,0.043,ok
fcc97ee87fca3ef9ce5a8bc4fea02e34975723da,seer_dial,discovery,cold,0,echo_rtt,0.043,ok
fcc97ee87fca3ef9ce5a8bc4fea02e34975723da,seer_dial,discovery,cold,0,echo_rtt,0.041,ok
fcc97ee87fca3ef9ce5a8bc4fea02e34975723da,seer_dial,discovery,cold,0,echo_rtt,0.041,ok
fcc97ee87fca3ef9ce5a8bc4fea02e34975723da,seer_dial,discovery,cold,0,echo_rtt,0.042,ok
fcc97ee87fca3ef9ce5a8bc4fea02e34975723da,seer_dial,discovery,cold,0,echo_rtt,0.042,ok
fcc97ee87fca3ef9ce5a8bc4fea02e34975723da,seer_dial,discovery,cold,0,echo_rtt,0.047,ok
fcc97ee87fca3ef9ce5a8bc4fea02e34975723da,seer_dial,discovery,cold,0,echo_rtt,0.033,ok
fcc97ee87fca3ef9ce5a8bc4fea02e34975723da,seer_dial,discovery,cold,0,echo_rtt,0.037,ok
fcc97ee87fca3ef9ce5a8bc4fea02e34975723da,seer_dial,discovery,cold,0,echo_rtt,0.035,ok
fcc97ee87fca3ef9ce5a8bc4fea02e34975723da,seer_dial,discovery,cold,0,echo_rtt,0.035,ok
fcc97ee87fca3ef9ce5a8bc4fea02e34975723da,seer_dial,discovery,cold,0,echo_rtt,0.036,ok
fcc97ee87fca3ef9ce5a8bc4fea02e34975723da,seer_dial,discovery,cold,0,echo_rtt,0.036,ok
fcc97ee87fca3ef9ce5a8bc4fea02e34975723da,seer_dial,discovery,cold,0,echo_rtt,0.035,ok
fcc97ee87fca3ef9ce5a8bc4fea02e34975723da,seer_dial,discovery,cold,0,echo_rtt,0.036,ok
fcc97ee87fca3ef9ce5a8bc4fea02e34975723da,seer_dial,discovery,cold,0,echo_rtt,0.034,ok
fcc97ee87fca3ef9ce5a8bc4fea02e34975723da,seer_dial,discovery,cold,0,echo_rtt,0.037,ok
fcc97ee87fca3ef9ce5a8bc4fea02e34975723da,seer_dial,discovery,cold,0,echo_rtt,0.035,ok
fcc97ee87fca3ef9ce5a8bc4fea02e34975723da,seer_dial,discovery,cold,0,echo_rtt,0.036,ok
fcc97ee87fca3ef9ce5a8bc4fea02e34975723da,seer_dial,discovery,cold,0,echo_rtt,0.034,ok
fcc97ee87fca3ef9ce5a8bc4fea02e34975723da,seer_dial,discovery,cold,0,echo_rtt,0.035,ok
fcc97ee87fca3ef9ce5a8bc4fea02e34975723da,seer_dial,discovery,cold,0,echo_rtt,0.035,ok
fcc97ee87fca3ef9ce5a8bc4fea02e34975723da,seer_dial,discovery,cold,0,echo_rtt,0.035,ok
fcc97ee87fca3ef9ce5a8bc4fea02e34975723da,seer_dial,discovery,cold,0,echo_rtt,0.040,ok
fcc97ee87fca3ef9ce5a8bc4fea02e34975723da,seer_dial,discovery,cold,0,echo_rtt,0.036,ok
fcc97ee87fca3ef9ce5a8bc4fea02e34975723da,seer_dial,discovery,cold,0,echo_rtt,0.035,ok
fcc97ee87fca3ef9ce5a8bc4fea02e34975723da,seer_dial,discovery,cold,0,echo_rtt,0.046,ok
fcc97ee87fca3ef9ce5a8bc4fea02e34975723da,seer_dial,discovery,cold,0,echo_rtt,0.036,ok
fcc97ee87fca3ef9ce5a8bc4fea02e34975723da,seer_dial,discovery,cold,0,echo_rtt,0.036,ok
fcc97ee87fca3ef9ce5a8bc4fea02e34975723da,seer_dial,discovery,cold,0,echo_rtt,0.034,ok
fcc97ee87fca3ef9ce5a8bc4fea02e34975723da,seer_dial,discovery,cold,0,echo_rtt,0.036,ok
fcc97ee87fca3ef9ce5a8bc4fea02e34975723da,seer_dial,discovery,cold,0,echo_rtt,0.035,ok
fcc97ee87fca3ef9ce5a8bc4fea02e34975723da,seer_dial,discovery,cold,0,echo_rtt,0.036,ok
fcc97ee87fca3ef9ce5a8bc4fea02e34975723da,seer_dial,discovery,cold,0,echo_rtt,0.035,ok
fcc97ee87fca3ef9ce5a8bc4fea02e34975723da,seer_dial,discovery,cold,0,echo_rtt,0.036,ok
fcc97ee87fca3ef9ce5a8bc4fea02e34975723da,seer_dial,discovery,cold,0,echo_rtt,0.035,ok
fcc97ee87fca3ef9ce5a8bc4fea02e34975723da,seer_dial,discovery,cold,0,echo_rtt,0.038,ok
fcc97ee87fca3ef9ce5a8bc4fea02e34975723da,seer_dial,discovery,cold,0,echo_rtt,0.041,ok
fcc97ee87fca3ef9ce5a8bc4fea02e34975723da,seer_dial,discovery,cold,0,echo_rtt,0.037,ok
fcc97ee87fca3ef9ce5a8bc4fea02e34975723da,seer_dial,discovery,cold,0,echo_rtt,0.037,ok
fcc97ee87fca3ef9ce5a8bc4fea02e34975723da,seer_dial,discovery,cold,0,echo_rtt,0.036,ok
fcc97ee87fca3ef9ce5a8bc4fea02e34975723da,seer_dial,discovery,cold,0,echo_rtt,0.036,ok
fcc97ee87fca3ef9ce5a8bc4fea02e34975723da,seer_dial,discovery,cold,0,echo_rtt,0.056,ok
fcc97ee87fca3ef9ce5a8bc4fea02e34975723da,seer_dial,discovery,cold,0,echo_rtt,0.045,ok
fcc97ee87fca3ef9ce5a8bc4fea02e34975723da,seer_dial,discovery,cold,0,echo_rtt,0.042,ok
fcc97ee87fca3ef9ce5a8bc4fea02e34975723da,seer_dial,discovery,cold,0,echo_rtt,0.040,ok
fcc97ee87fca3ef9ce5a8bc4fea02e34975723da,seer_dial,discovery,cold,0,echo_rtt,0.039,ok
fcc97ee87fca3ef9ce5a8bc4fea02e34975723da,seer_dial,discovery,cold,0,echo_rtt,0.040,ok
fcc97ee87fca3ef9ce5a8bc4fea02e34975723da,seer_dial,discovery,cold,0,echo_rtt,0.108,ok
fcc97ee87fca3ef9ce5a8bc4fea02e34975723da,seer_dial,discovery,cold,0,echo_rtt,0.050,ok
fcc97ee87fca3ef9ce5a8bc4fea02e34975723da,seer_dial_p115,discovery,cold,0,seer_dial,192.915,ok
fcc97ee87fca3ef9ce5a8bc4fea02e34975723da,seer_dial_p115,discovery,cold,0,stream_open,89.967,ok
fcc97ee87fca3ef9ce5a8bc4fea02e34975723da,seer_dial_p115,discovery,cold,0,echo_rtt,0.068,ok
fcc97ee87fca3ef9ce5a8bc4fea02e34975723da,seer_dial_p115,discovery,cold,0,echo_rtt,0.036,ok
fcc97ee87fca3ef9ce5a8bc4fea02e34975723da,seer_dial_p115,discovery,cold,0,echo_rtt,0.045,ok
fcc97ee87fca3ef9ce5a8bc4fea02e34975723da,seer_dial_p115,discovery,cold,0,echo_rtt,0.034,ok
fcc97ee87fca3ef9ce5a8bc4fea02e34975723da,seer_dial_p115,discovery,cold,0,echo_rtt,0.042,ok
fcc97ee87fca3ef9ce5a8bc4fea02e34975723da,seer_dial_p115,discovery,cold,0,echo_rtt,0.031,ok
fcc97ee87fca3ef9ce5a8bc4fea02e34975723da,seer_dial_p115,discovery,cold,0,echo_rtt,0.041,ok
fcc97ee87fca3ef9ce5a8bc4fea02e34975723da,seer_dial_p115,discovery,cold,0,echo_rtt,0.030,ok
fcc97ee87fca3ef9ce5a8bc4fea02e34975723da,seer_dial_p115,discovery,cold,0,echo_rtt,0.040,ok
fcc97ee87fca3ef9ce5a8bc4fea02e34975723da,seer_dial_p115,discovery,cold,0,echo_rtt,0.031,ok
fcc97ee87fca3ef9ce5a8bc4fea02e34975723da,seer_dial_p115,discovery,cold,0,echo_rtt,0.041,ok
fcc97ee87fca3ef9ce5a8bc4fea02e34975723da,seer_dial_p115,discovery,cold,0,echo_rtt,0.033,ok
fcc97ee87fca3ef9ce5a8bc4fea02e34975723da,seer_dial_p115,discovery,cold,0,echo_rtt,0.040,ok
fcc97ee87fca3ef9ce5a8bc4fea02e34975723da,seer_dial_p115,discovery,cold,0,echo_rtt,0.032,ok
fcc97ee87fca3ef9ce5a8bc4fea02e34975723da,seer_dial_p115,discovery,cold,0,echo_rtt,0.041,ok
fcc97ee87fca3ef9ce5a8bc4fea02e34975723da,seer_dial_p115,discovery,cold,0,echo_rtt,0.031,ok
fcc97ee87fca3ef9ce5a8bc4fea02e34975723da,seer_dial_p115,discovery,cold,0,echo_rtt,0.041,ok
fcc97ee87fca3ef9ce5a8bc4fea02e34975723da,seer_dial_p115,discovery,cold,0,echo_rtt,0.031,ok
fcc97ee87fca3ef9ce5a8bc4fea02e34975723da,seer_dial_p115,discovery,cold,0,echo_rtt,0.041,ok
fcc97ee87fca3ef9ce5a8bc4fea02e34975723da,seer_dial_p115,discovery,cold,0,echo_rtt,0.032,ok
fcc97ee87fca3ef9ce5a8bc4fea02e34975723da,seer_dial_p115,discovery,cold,0,echo_rtt,0.039,ok
fcc97ee87fca3ef9ce5a8bc4fea02e34975723da,seer_dial_p115,discovery,cold,0,echo_rtt,0.032,ok
fcc97ee87fca3ef9ce5a8bc4fea02e34975723da,seer_dial_p115,discovery,cold,0,echo_rtt,0.039,ok
fcc97ee87fca3ef9ce5a8bc4fea02e34975723da,seer_dial_p115,discovery,cold,0,echo_rtt,0.032,ok
fcc97ee87fca3ef9ce5a8bc4fea02e34975723da,seer_dial_p115,discovery,cold,0,echo_rtt,0.040,ok
fcc97ee87fca3ef9ce5a8bc4fea02e34975723da,seer_dial_p115,discovery,cold,0,echo_rtt,0.032,ok
fcc97ee87fca3ef9ce5a8bc4fea02e34975723da,seer_dial_p115,discovery,cold,0,echo_rtt,0.040,ok
fcc97ee87fca3ef9ce5a8bc4fea02e34975723da,seer_dial_p115,discovery,cold,0,echo_rtt,0.031,ok
fcc97ee87fca3ef9ce5a8bc4fea02e34975723da,seer_dial_p115,discovery,cold,0,echo_rtt,0.040,ok
fcc97ee87fca3ef9ce5a8bc4fea02e34975723da,seer_dial_p115,discovery,cold,0,echo_rtt,0.031,ok
fcc97ee87fca3ef9ce5a8bc4fea02e34975723da,seer_dial_p115,discovery,cold,0,echo_rtt,0.040,ok
fcc97ee87fca3ef9ce5a8bc4fea02e34975723da,seer_dial_p115,discovery,cold,0,echo_rtt,0.031,ok
fcc97ee87fca3ef9ce5a8bc4fea02e34975723da,seer_dial_p115,discovery,cold,0,echo_rtt,0.040,ok
fcc97ee87fca3ef9ce5a8bc4fea02e34975723da,seer_dial_p115,discovery,cold,0,echo_rtt,0.032,ok
fcc97ee87fca3ef9ce5a8bc4fea02e34975723da,seer_dial_p115,discovery,cold,0,echo_rtt,0.046,ok
fcc97ee87fca3ef9ce5a8bc4fea02e34975723da,seer_dial_p115,discovery,cold,0,echo_rtt,0.036,ok
fcc97ee87fca3ef9ce5a8bc4fea02e34975723da,seer_dial_p115,discovery,cold,0,echo_rtt,0.049,ok
fcc97ee87fca3ef9ce5a8bc4fea02e34975723da,seer_dial_p115,discovery,cold,0,echo_rtt,0.036,ok
fcc97ee87fca3ef9ce5a8bc4fea02e34975723da,seer_dial_p115,discovery,cold,0,echo_rtt,0.045,ok
fcc97ee87fca3ef9ce5a8bc4fea02e34975723da,seer_dial_p115,discovery,cold,0,echo_rtt,0.035,ok
fcc97ee87fca3ef9ce5a8bc4fea02e34975723da,seer_dial_p115,discovery,cold,0,echo_rtt,0.046,ok
fcc97ee87fca3ef9ce5a8bc4fea02e34975723da,seer_dial_p115,discovery,cold,0,echo_rtt,0.036,ok
fcc97ee87fca3ef9ce5a8bc4fea02e34975723da,seer_dial_p115,discovery,cold,0,echo_rtt,0.049,ok
fcc97ee87fca3ef9ce5a8bc4fea02e34975723da,seer_dial_p115,discovery,cold,0,echo_rtt,0.036,ok
fcc97ee87fca3ef9ce5a8bc4fea02e34975723da,seer_dial_p115,discovery,cold,0,echo_rtt,0.046,ok
fcc97ee87fca3ef9ce5a8bc4fea02e34975723da,seer_dial_p115,discovery,cold,0,echo_rtt,0.043,ok
fcc97ee87fca3ef9ce5a8bc4fea02e34975723da,seer_dial_p115,discovery,cold,0,echo_rtt,0.041,ok
fcc97ee87fca3ef9ce5a8bc4fea02e34975723da,seer_dial_p115,discovery,cold,0,echo_rtt,0.043,ok
fcc97ee87fca3ef9ce5a8bc4fea02e34975723da,seer_dial_p115,discovery,cold,0,echo_rtt,0.040,ok
fcc97ee87fca3ef9ce5a8bc4fea02e34975723da,seer_dial_p115,discovery,cold,0,echo_rtt,0.047,ok
fcc97ee87fca3ef9ce5a8bc4fea02e34975723da,seer_dial_p115,discovery,cold,0,echo_rtt,0.040,ok
fcc97ee87fca3ef9ce5a8bc4fea02e34975723da,seer_dial_p115,discovery,cold,0,echo_rtt,0.043,ok
fcc97ee87fca3ef9ce5a8bc4fea02e34975723da,seer_dial_p115,discovery,cold,0,echo_rtt,0.040,ok
fcc97ee87fca3ef9ce5a8bc4fea02e34975723da,seer_dial_p115,discovery,cold,0,echo_rtt,0.042,ok
fcc97ee87fca3ef9ce5a8bc4fea02e34975723da,seer_dial_p115,discovery,cold,0,echo_rtt,0.040,ok
fcc97ee87fca3ef9ce5a8bc4fea02e34975723da,seer_dial_p115,discovery,cold,0,echo_rtt,0.042,ok
fcc97ee87fca3ef9ce5a8bc4fea02e34975723da,seer_dial_p115,discovery,cold,0,echo_rtt,0.039,ok
fcc97ee87fca3ef9ce5a8bc4fea02e34975723da,seer_dial_p115,discovery,cold,0,echo_rtt,0.037,ok
fcc97ee87fca3ef9ce5a8bc4fea02e34975723da,seer_dial_p115,discovery,cold,0,echo_rtt,0.035,ok
fcc97ee87fca3ef9ce5a8bc4fea02e34975723da,seer_dial_p115,discovery,cold,0,echo_rtt,0.035,ok
fcc97ee87fca3ef9ce5a8bc4fea02e34975723da,seer_dial_p115,discovery,cold,0,echo_rtt,0.037,ok
fcc97ee87fca3ef9ce5a8bc4fea02e34975723da,seer_dial_p115,discovery,cold,0,echo_rtt,0.035,ok
fcc97ee87fca3ef9ce5a8bc4fea02e34975723da,seer_dial_p115,discovery,cold,0,echo_rtt,0.037,ok
fcc97ee87fca3ef9ce5a8bc4fea02e34975723da,seer_dial_p115,discovery,cold,0,echo_rtt,0.036,ok
fcc97ee87fca3ef9ce5a8bc4fea02e34975723da,seer_dial_p115,discovery,cold,0,echo_rtt,0.036,ok
fcc97ee87fca3ef9ce5a8bc4fea02e34975723da,seer_dial_p115,discovery,cold,0,echo_rtt,0.035,ok
fcc97ee87fca3ef9ce5a8bc4fea02e34975723da,seer_dial_p115,discovery,cold,0,echo_rtt,0.036,ok
fcc97ee87fca3ef9ce5a8bc4fea02e34975723da,seer_dial_p115,discovery,cold,0,echo_rtt,0.039,ok
fcc97ee87fca3ef9ce5a8bc4fea02e34975723da,seer_dial_p115,discovery,cold,0,echo_rtt,0.035,ok
fcc97ee87fca3ef9ce5a8bc4fea02e34975723da,seer_dial_p115,discovery,cold,0,echo_rtt,0.037,ok
fcc97ee87fca3ef9ce5a8bc4fea02e34975723da,seer_dial_p115,discovery,cold,0,echo_rtt,0.036,ok
fcc97ee87fca3ef9ce5a8bc4fea02e34975723da,seer_dial_p115,discovery,cold,0,echo_rtt,0.037,ok
fcc97ee87fca3ef9ce5a8bc4fea02e34975723da,seer_dial_p115,discovery,cold,0,echo_rtt,0.036,ok
fcc97ee87fca3ef9ce5a8bc4fea02e34975723da,seer_dial_p115,discovery,cold,0,echo_rtt,0.035,ok
fcc97ee87fca3ef9ce5a8bc4fea02e34975723da,seer_dial_p115,discovery,cold,0,echo_rtt,0.036,ok
fcc97ee87fca3ef9ce5a8bc4fea02e34975723da,seer_dial_p115,discovery,cold,0,echo_rtt,0.036,ok
fcc97ee87fca3ef9ce5a8bc4fea02e34975723da,seer_dial_p115,discovery,cold,0,echo_rtt,0.036,ok
fcc97ee87fca3ef9ce5a8bc4fea02e34975723da,seer_dial_p115,discovery,cold,0,echo_rtt,0.036,ok
fcc97ee87fca3ef9ce5a8bc4fea02e34975723da,seer_dial_p115,discovery,cold,0,echo_rtt,0.037,ok
fcc97ee87fca3ef9ce5a8bc4fea02e34975723da,seer_dial_p115,discovery,cold,0,echo_rtt,0.037,ok
fcc97ee87fca3ef9ce5a8bc4fea02e34975723da,seer_dial_p115,discovery,cold,0,echo_rtt,0.036,ok
fcc97ee87fca3ef9ce5a8bc4fea02e34975723da,seer_dial_p115,discovery,cold,0,echo_rtt,0.035,ok
fcc97ee87fca3ef9ce5a8bc4fea02e34975723da,seer_dial_p115,discovery,cold,0,echo_rtt,0.037,ok
fcc97ee87fca3ef9ce5a8bc4fea02e34975723da,seer_dial_p115,discovery,cold,0,echo_rtt,0.060,ok
fcc97ee87fca3ef9ce5a8bc4fea02e34975723da,seer_dial_p115,discovery,cold,0,echo_rtt,0.041,ok
fcc97ee87fca3ef9ce5a8bc4fea02e34975723da,seer_dial_p115,discovery,cold,0,echo_rtt,0.041,ok
fcc97ee87fca3ef9ce5a8bc4fea02e34975723da,seer_dial_p115,discovery,cold,0,echo_rtt,0.045,ok
fcc97ee87fca3ef9ce5a8bc4fea02e34975723da,seer_dial_p115,discovery,cold,0,echo_rtt,0.041,ok
fcc97ee87fca3ef9ce5a8bc4fea02e34975723da,seer_dial_p115,discovery,cold,0,echo_rtt,0.040,ok
fcc97ee87fca3ef9ce5a8bc4fea02e34975723da,seer_dial_p115,discovery,cold,0,echo_rtt,0.040,ok
fcc97ee87fca3ef9ce5a8bc4fea02e34975723da,seer_dial_p115,discovery,cold,0,echo_rtt,0.061,ok
fcc97ee87fca3ef9ce5a8bc4fea02e34975723da,seer_dial_p115,discovery,cold,0,echo_rtt,0.079,ok
fcc97ee87fca3ef9ce5a8bc4fea02e34975723da,seer_dial_p115,discovery,cold,0,echo_rtt,0.050,ok
fcc97ee87fca3ef9ce5a8bc4fea02e34975723da,seer_dial_p115,discovery,cold,0,echo_rtt,0.041,ok
fcc97ee87fca3ef9ce5a8bc4fea02e34975723da,seer_dial_p115,discovery,cold,0,echo_rtt,0.040,ok
fcc97ee87fca3ef9ce5a8bc4fea02e34975723da,seer_dial_p115,discovery,cold,0,echo_rtt,0.040,ok
fcc97ee87fca3ef9ce5a8bc4fea02e34975723da,seer_dial_p115,discovery,cold,0,echo_rtt,0.040,ok
fcc97ee87fca3ef9ce5a8bc4fea02e34975723da,seer_dial_p115,discovery,cold,0,echo_rtt,0.039,ok
fcc97ee87fca3ef9ce5a8bc4fea02e34975723da,seer_dial_p115,discovery,cold,0,echo_rtt,0.039,ok
fcc97ee87fca3ef9ce5a8bc4fea02e34975723da,seer_dial_p115,discovery,cold,0,echo_rtt,0.040,ok
fcc97ee87fca3ef9ce5a8bc4fea02e34975723da,seer_dial_p115,discovery,cold,0,seer_dial,201.922,ok
fcc97ee87fca3ef9ce5a8bc4fea02e34975723da,seer_dial_p115,discovery,cold,0,stream_open,94.855,ok
fcc97ee87fca3ef9ce5a8bc4fea02e34975723da,seer_dial_p115,discovery,cold,0,echo_rtt,0.060,ok
fcc97ee87fca3ef9ce5a8bc4fea02e34975723da,seer_dial_p115,discovery,cold,0,echo_rtt,0.051,ok
fcc97ee87fca3ef9ce5a8bc4fea02e34975723da,seer_dial_p115,discovery,cold,0,echo_rtt,0.055,ok
fcc97ee87fca3ef9ce5a8bc4fea02e34975723da,seer_dial_p115,discovery,cold,0,echo_rtt,0.040,ok
fcc97ee87fca3ef9ce5a8bc4fea02e34975723da,seer_dial_p115,discovery,cold,0,echo_rtt,0.047,ok
fcc97ee87fca3ef9ce5a8bc4fea02e34975723da,seer_dial_p115,discovery,cold,0,echo_rtt,0.033,ok
fcc97ee87fca3ef9ce5a8bc4fea02e34975723da,seer_dial_p115,discovery,cold,0,echo_rtt,0.041,ok
fcc97ee87fca3ef9ce5a8bc4fea02e34975723da,seer_dial_p115,discovery,cold,0,echo_rtt,0.033,ok
fcc97ee87fca3ef9ce5a8bc4fea02e34975723da,seer_dial_p115,discovery,cold,0,echo_rtt,0.042,ok
fcc97ee87fca3ef9ce5a8bc4fea02e34975723da,seer_dial_p115,discovery,cold,0,echo_rtt,0.033,ok
fcc97ee87fca3ef9ce5a8bc4fea02e34975723da,seer_dial_p115,discovery,cold,0,echo_rtt,0.078,ok
fcc97ee87fca3ef9ce5a8bc4fea02e34975723da,seer_dial_p115,discovery,cold,0,echo_rtt,0.034,ok
fcc97ee87fca3ef9ce5a8bc4fea02e34975723da,seer_dial_p115,discovery,cold,0,echo_rtt,0.048,ok
fcc97ee87fca3ef9ce5a8bc4fea02e34975723da,seer_dial_p115,discovery,cold,0,echo_rtt,0.033,ok
fcc97ee87fca3ef9ce5a8bc4fea02e34975723da,seer_dial_p115,discovery,cold,0,echo_rtt,0.042,ok
fcc97ee87fca3ef9ce5a8bc4fea02e34975723da,seer_dial_p115,discovery,cold,0,echo_rtt,0.033,ok
fcc97ee87fca3ef9ce5a8bc4fea02e34975723da,seer_dial_p115,discovery,cold,0,echo_rtt,0.041,ok
fcc97ee87fca3ef9ce5a8bc4fea02e34975723da,seer_dial_p115,discovery,cold,0,echo_rtt,0.032,ok
fcc97ee87fca3ef9ce5a8bc4fea02e34975723da,seer_dial_p115,discovery,cold,0,echo_rtt,0.041,ok
fcc97ee87fca3ef9ce5a8bc4fea02e34975723da,seer_dial_p115,discovery,cold,0,echo_rtt,0.033,ok
fcc97ee87fca3ef9ce5a8bc4fea02e34975723da,seer_dial_p115,discovery,cold,0,echo_rtt,0.039,ok
fcc97ee87fca3ef9ce5a8bc4fea02e34975723da,seer_dial_p115,discovery,cold,0,echo_rtt,0.078,ok
fcc97ee87fca3ef9ce5a8bc4fea02e34975723da,seer_dial_p115,discovery,cold,0,echo_rtt,0.049,ok
fcc97ee87fca3ef9ce5a8bc4fea02e34975723da,seer_dial_p115,discovery,cold,0,echo_rtt,0.033,ok
fcc97ee87fca3ef9ce5a8bc4fea02e34975723da,seer_dial_p115,discovery,cold,0,echo_rtt,0.060,ok
fcc97ee87fca3ef9ce5a8bc4fea02e34975723da,seer_dial_p115,discovery,cold,0,echo_rtt,0.038,ok
fcc97ee87fca3ef9ce5a8bc4fea02e34975723da,seer_dial_p115,discovery,cold,0,echo_rtt,0.046,ok
fcc97ee87fca3ef9ce5a8bc4fea02e34975723da,seer_dial_p115,discovery,cold,0,echo_rtt,0.086,ok
fcc97ee87fca3ef9ce5a8bc4fea02e34975723da,seer_dial_p115,discovery,cold,0,echo_rtt,0.047,ok
fcc97ee87fca3ef9ce5a8bc4fea02e34975723da,seer_dial_p115,discovery,cold,0,echo_rtt,0.037,ok
fcc97ee87fca3ef9ce5a8bc4fea02e34975723da,seer_dial_p115,discovery,cold,0,echo_rtt,0.070,ok
fcc97ee87fca3ef9ce5a8bc4fea02e34975723da,seer_dial_p115,discovery,cold,0,echo_rtt,0.040,ok
fcc97ee87fca3ef9ce5a8bc4fea02e34975723da,seer_dial_p115,discovery,cold,0,echo_rtt,0.047,ok
fcc97ee87fca3ef9ce5a8bc4fea02e34975723da,seer_dial_p115,discovery,cold,0,echo_rtt,0.036,ok
fcc97ee87fca3ef9ce5a8bc4fea02e34975723da,seer_dial_p115,discovery,cold,0,echo_rtt,0.046,ok
fcc97ee87fca3ef9ce5a8bc4fea02e34975723da,seer_dial_p115,discovery,cold,0,echo_rtt,0.034,ok
fcc97ee87fca3ef9ce5a8bc4fea02e34975723da,seer_dial_p115,discovery,cold,0,echo_rtt,0.046,ok
fcc97ee87fca3ef9ce5a8bc4fea02e34975723da,seer_dial_p115,discovery,cold,0,echo_rtt,0.034,ok
fcc97ee87fca3ef9ce5a8bc4fea02e34975723da,seer_dial_p115,discovery,cold,0,echo_rtt,0.045,ok
fcc97ee87fca3ef9ce5a8bc4fea02e34975723da,seer_dial_p115,discovery,cold,0,echo_rtt,0.035,ok
fcc97ee87fca3ef9ce5a8bc4fea02e34975723da,seer_dial_p115,discovery,cold,0,echo_rtt,0.044,ok
fcc97ee87fca3ef9ce5a8bc4fea02e34975723da,seer_dial_p115,discovery,cold,0,echo_rtt,0.041,ok
fcc97ee87fca3ef9ce5a8bc4fea02e34975723da,seer_dial_p115,discovery,cold,0,echo_rtt,0.038,ok
fcc97ee87fca3ef9ce5a8bc4fea02e34975723da,seer_dial_p115,discovery,cold,0,echo_rtt,0.040,ok
fcc97ee87fca3ef9ce5a8bc4fea02e34975723da,seer_dial_p115,discovery,cold,0,echo_rtt,0.041,ok
fcc97ee87fca3ef9ce5a8bc4fea02e34975723da,seer_dial_p115,discovery,cold,0,echo_rtt,0.038,ok
fcc97ee87fca3ef9ce5a8bc4fea02e34975723da,seer_dial_p115,discovery,cold,0,echo_rtt,0.037,ok
fcc97ee87fca3ef9ce5a8bc4fea02e34975723da,seer_dial_p115,discovery,cold,0,echo_rtt,0.036,ok
fcc97ee87fca3ef9ce5a8bc4fea02e34975723da,seer_dial_p115,discovery,cold,0,echo_rtt,0.037,ok
fcc97ee87fca3ef9ce5a8bc4fea02e34975723da,seer_dial_p115,discovery,cold,0,echo_rtt,0.036,ok
fcc97ee87fca3ef9ce5a8bc4fea02e34975723da,seer_dial_p115,discovery,cold,0,echo_rtt,0.036,ok
fcc97ee87fca3ef9ce5a8bc4fea02e34975723da,seer_dial_p115,discovery,cold,0,echo_rtt,0.036,ok
fcc97ee87fca3ef9ce5a8bc4fea02e34975723da,seer_dial_p115,discovery,cold,0,echo_rtt,0.036,ok
fcc97ee87fca3ef9ce5a8bc4fea02e34975723da,seer_dial_p115,discovery,cold,0,echo_rtt,0.035,ok
fcc97ee87fca3ef9ce5a8bc4fea02e34975723da,seer_dial_p115,discovery,cold,0,echo_rtt,0.037,ok
fcc97ee87fca3ef9ce5a8bc4fea02e34975723da,seer_dial_p115,discovery,cold,0,echo_rtt,0.036,ok
fcc97ee87fca3ef9ce5a8bc4fea02e34975723da,seer_dial_p115,discovery,cold,0,echo_rtt,0.036,ok
fcc97ee87fca3ef9ce5a8bc4fea02e34975723da,seer_dial_p115,discovery,cold,0,echo_rtt,0.035,ok
fcc97ee87fca3ef9ce5a8bc4fea02e34975723da,seer_dial_p115,discovery,cold,0,echo_rtt,0.036,ok
fcc97ee87fca3ef9ce5a8bc4fea02e34975723da,seer_dial_p115,discovery,cold,0,echo_rtt,0.036,ok
fcc97ee87fca3ef9ce5a8bc4fea02e34975723da,seer_dial_p115,discovery,cold,0,echo_rtt,0.037,ok
fcc97ee87fca3ef9ce5a8bc4fea02e34975723da,seer_dial_p115,discovery,cold,0,echo_rtt,0.036,ok
fcc97ee87fca3ef9ce5a8bc4fea02e34975723da,seer_dial_p115,discovery,cold,0,echo_rtt,0.036,ok
fcc97ee87fca3ef9ce5a8bc4fea02e34975723da,seer_dial_p115,discovery,cold,0,echo_rtt,0.037,ok
fcc97ee87fca3ef9ce5a8bc4fea02e34975723da,seer_dial_p115,discovery,cold,0,echo_rtt,0.037,ok
fcc97ee87fca3ef9ce5a8bc4fea02e34975723da,seer_dial_p115,discovery,cold,0,echo_rtt,0.048,ok
fcc97ee87fca3ef9ce5a8bc4fea02e34975723da,seer_dial_p115,discovery,cold,0,echo_rtt,0.055,ok
fcc97ee87fca3ef9ce5a8bc4fea02e34975723da,seer_dial_p115,discovery,cold,0,echo_rtt,0.042,ok
fcc97ee87fca3ef9ce5a8bc4fea02e34975723da,seer_dial_p115,discovery,cold,0,echo_rtt,0.038,ok
fcc97ee87fca3ef9ce5a8bc4fea02e34975723da,seer_dial_p115,discovery,cold,0,echo_rtt,0.036,ok
fcc97ee87fca3ef9ce5a8bc4fea02e34975723da,seer_dial_p115,discovery,cold,0,echo_rtt,0.038,ok
fcc97ee87fca3ef9ce5a8bc4fea02e34975723da,seer_dial_p115,discovery,cold,0,echo_rtt,0.043,ok
fcc97ee87fca3ef9ce5a8bc4fea02e34975723da,seer_dial_p115,discovery,cold,0,echo_rtt,0.040,ok
fcc97ee87fca3ef9ce5a8bc4fea02e34975723da,seer_dial_p115,discovery,cold,0,echo_rtt,0.039,ok
fcc97ee87fca3ef9ce5a8bc4fea02e34975723da,seer_dial_p115,discovery,cold,0,echo_rtt,0.040,ok
fcc97ee87fca3ef9ce5a8bc4fea02e34975723da,seer_dial_p115,discovery,cold,0,echo_rtt,0.070,ok
fcc97ee87fca3ef9ce5a8bc4fea02e34975723da,seer_dial_p115,discovery,cold,0,echo_rtt,0.081,ok
fcc97ee87fca3ef9ce5a8bc4fea02e34975723da,seer_dial_p115,discovery,cold,0,echo_rtt,0.048,ok
fcc97ee87fca3ef9ce5a8bc4fea02e34975723da,seer_dial_p115,discovery,cold,0,echo_rtt,0.043,ok
fcc97ee87fca3ef9ce5a8bc4fea02e34975723da,seer_dial_p115,discovery,cold,0,echo_rtt,0.039,ok
fcc97ee87fca3ef9ce5a8bc4fea02e34975723da,seer_dial_p115,discovery,cold,0,echo_rtt,0.041,ok
fcc97ee87fca3ef9ce5a8bc4fea02e34975723da,seer_dial_p115,discovery,cold,0,echo_rtt,0.039,ok
fcc97ee87fca3ef9ce5a8bc4fea02e34975723da,seer_dial_p115,discovery,cold,0,echo_rtt,0.065,ok
fcc97ee87fca3ef9ce5a8bc4fea02e34975723da,seer_dial_p115,discovery,cold,0,echo_rtt,0.040,ok
fcc97ee87fca3ef9ce5a8bc4fea02e34975723da,seer_dial_p115,discovery,cold,0,echo_rtt,0.041,ok
fcc97ee87fca3ef9ce5a8bc4fea02e34975723da,seer_dial_p115,discovery,cold,0,echo_rtt,0.040,ok
fcc97ee87fca3ef9ce5a8bc4fea02e34975723da,seer_dial_p115,discovery,cold,0,echo_rtt,0.040,ok
fcc97ee87fca3ef9ce5a8bc4fea02e34975723da,seer_dial_p115,discovery,cold,0,echo_rtt,0.040,ok
fcc97ee87fca3ef9ce5a8bc4fea02e34975723da,seer_dial_p115,discovery,cold,0,echo_rtt,0.041,ok
fcc97ee87fca3ef9ce5a8bc4fea02e34975723da,seer_dial_p115,discovery,cold,0,echo_rtt,0.052,ok
fcc97ee87fca3ef9ce5a8bc4fea02e34975723da,seer_dial_p115,discovery,cold,0,echo_rtt,0.045,ok
fcc97ee87fca3ef9ce5a8bc4fea02e34975723da,seer_dial_p115,discovery,cold,0,echo_rtt,0.041,ok
fcc97ee87fca3ef9ce5a8bc4fea02e34975723da,seer_dial_p115,discovery,cold,0,echo_rtt,0.037,ok
fcc97ee87fca3ef9ce5a8bc4fea02e34975723da,seer_dial_p115,discovery,cold,0,echo_rtt,0.037,ok
fcc97ee87fca3ef9ce5a8bc4fea02e34975723da,seer_dial_p115,discovery,cold,0,echo_rtt,0.038,ok
fcc97ee87fca3ef9ce5a8bc4fea02e34975723da,seer_dial_p115,discovery,cold,0,echo_rtt,0.045,ok
fcc97ee87fca3ef9ce5a8bc4fea02e34975723da,seer_dial_p115,discovery,cold,0,echo_rtt,0.039,ok
fcc97ee87fca3ef9ce5a8bc4fea02e34975723da,seer_dial_p115,discovery,cold,0,echo_rtt,0.039,ok
fcc97ee87fca3ef9ce5a8bc4fea02e34975723da,seer_dial_p115,discovery,cold,0,echo_rtt,0.038,ok
fcc97ee87fca3ef9ce5a8bc4fea02e34975723da,seer_dial_p115,discovery,cold,0,echo_rtt,0.085,ok
fcc97ee87fca3ef9ce5a8bc4fea02e34975723da,seer_dial_p115,discovery,cold,0,seer_dial,201.697,ok
fcc97ee87fca3ef9ce5a8bc4fea02e34975723da,seer_dial_p115,discovery,cold,0,stream_open,83.282,ok
fcc97ee87fca3ef9ce5a8bc4fea02e34975723da,seer_dial_p115,discovery,cold,0,echo_rtt,0.049,ok
fcc97ee87fca3ef9ce5a8bc4fea02e34975723da,seer_dial_p115,discovery,cold,0,echo_rtt,0.046,ok
fcc97ee87fca3ef9ce5a8bc4fea02e34975723da,seer_dial_p115,discovery,cold,0,echo_rtt,0.060,ok
fcc97ee87fca3ef9ce5a8bc4fea02e34975723da,seer_dial_p115,discovery,cold,0,echo_rtt,0.074,ok
fcc97ee87fca3ef9ce5a8bc4fea02e34975723da,seer_dial_p115,discovery,cold,0,echo_rtt,0.071,ok
fcc97ee87fca3ef9ce5a8bc4fea02e34975723da,seer_dial_p115,discovery,cold,0,echo_rtt,0.044,ok
fcc97ee87fca3ef9ce5a8bc4fea02e34975723da,seer_dial_p115,discovery,cold,0,echo_rtt,0.033,ok
fcc97ee87fca3ef9ce5a8bc4fea02e34975723da,seer_dial_p115,discovery,cold,0,echo_rtt,0.054,ok
fcc97ee87fca3ef9ce5a8bc4fea02e34975723da,seer_dial_p115,discovery,cold,0,echo_rtt,0.032,ok
fcc97ee87fca3ef9ce5a8bc4fea02e34975723da,seer_dial_p115,discovery,cold,0,echo_rtt,0.040,ok
fcc97ee87fca3ef9ce5a8bc4fea02e34975723da,seer_dial_p115,discovery,cold,0,echo_rtt,0.036,ok
fcc97ee87fca3ef9ce5a8bc4fea02e34975723da,seer_dial_p115,discovery,cold,0,echo_rtt,0.035,ok
fcc97ee87fca3ef9ce5a8bc4fea02e34975723da,seer_dial_p115,discovery,cold,0,echo_rtt,0.036,ok
fcc97ee87fca3ef9ce5a8bc4fea02e34975723da,seer_dial_p115,discovery,cold,0,echo_rtt,0.035,ok
fcc97ee87fca3ef9ce5a8bc4fea02e34975723da,seer_dial_p115,discovery,cold,0,echo_rtt,0.036,ok
fcc97ee87fca3ef9ce5a8bc4fea02e34975723da,seer_dial_p115,discovery,cold,0,echo_rtt,0.039,ok
fcc97ee87fca3ef9ce5a8bc4fea02e34975723da,seer_dial_p115,discovery,cold,0,echo_rtt,0.035,ok
fcc97ee87fca3ef9ce5a8bc4fea02e34975723da,seer_dial_p115,discovery,cold,0,echo_rtt,0.036,ok
fcc97ee87fca3ef9ce5a8bc4fea02e34975723da,seer_dial_p115,discovery,cold,0,echo_rtt,0.036,ok
fcc97ee87fca3ef9ce5a8bc4fea02e34975723da,seer_dial_p115,discovery,cold,0,echo_rtt,0.038,ok
fcc97ee87fca3ef9ce5a8bc4fea02e34975723da,seer_dial_p115,discovery,cold,0,echo_rtt,0.051,ok
fcc97ee87fca3ef9ce5a8bc4fea02e34975723da,seer_dial_p115,discovery,cold,0,echo_rtt,0.039,ok
fcc97ee87fca3ef9ce5a8bc4fea02e34975723da,seer_dial_p115,discovery,cold,0,echo_rtt,0.054,ok
fcc97ee87fca3ef9ce5a8bc4fea02e34975723da,seer_dial_p115,discovery,cold,0,echo_rtt,0.037,ok
fcc97ee87fca3ef9ce5a8bc4fea02e34975723da,seer_dial_p115,discovery,cold,0,echo_rtt,0.038,ok
fcc97ee87fca3ef9ce5a8bc4fea02e34975723da,seer_dial_p115,discovery,cold,0,echo_rtt,0.037,ok
fcc97ee87fca3ef9ce5a8bc4fea02e34975723da,seer_dial_p115,discovery,cold,0,echo_rtt,0.041,ok
fcc97ee87fca3ef9ce5a8bc4fea02e34975723da,seer_dial_p115,discovery,cold,0,echo_rtt,0.032,ok
fcc97ee87fca3ef9ce5a8bc4fea02e34975723da,seer_dial_p115,discovery,cold,0,echo_rtt,0.040,ok
fcc97ee87fca3ef9ce5a8bc4fea02e34975723da,seer_dial_p115,discovery,cold,0,echo_rtt,0.031,ok
fcc97ee87fca3ef9ce5a8bc4fea02e34975723da,seer_dial_p115,discovery,cold,0,echo_rtt,0.039,ok
fcc97ee87fca3ef9ce5a8bc4fea02e34975723da,seer_dial_p115,discovery,cold,0,echo_rtt,0.032,ok
fcc97ee87fca3ef9ce5a8bc4fea02e34975723da,seer_dial_p115,discovery,cold,0,echo_rtt,0.051,ok
fcc97ee87fca3ef9ce5a8bc4fea02e34975723da,seer_dial_p115,discovery,cold,0,echo_rtt,0.036,ok
fcc97ee87fca3ef9ce5a8bc4fea02e34975723da,seer_dial_p115,discovery,cold,0,echo_rtt,0.049,ok
fcc97ee87fca3ef9ce5a8bc4fea02e34975723da,seer_dial_p115,discovery,cold,0,echo_rtt,0.038,ok
fcc97ee87fca3ef9ce5a8bc4fea02e34975723da,seer_dial_p115,discovery,cold,0,echo_rtt,0.048,ok
fcc97ee87fca3ef9ce5a8bc4fea02e34975723da,seer_dial_p115,discovery,cold,0,echo_rtt,0.059,ok
fcc97ee87fca3ef9ce5a8bc4fea02e34975723da,seer_dial_p115,discovery,cold,0,echo_rtt,0.054,ok
fcc97ee87fca3ef9ce5a8bc4fea02e34975723da,seer_dial_p115,discovery,cold,0,echo_rtt,0.040,ok
fcc97ee87fca3ef9ce5a8bc4fea02e34975723da,seer_dial_p115,discovery,cold,0,echo_rtt,0.050,ok
fcc97ee87fca3ef9ce5a8bc4fea02e34975723da,seer_dial_p115,discovery,cold,0,echo_rtt,0.036,ok
fcc97ee87fca3ef9ce5a8bc4fea02e34975723da,seer_dial_p115,discovery,cold,0,echo_rtt,0.050,ok
fcc97ee87fca3ef9ce5a8bc4fea02e34975723da,seer_dial_p115,discovery,cold,0,echo_rtt,0.036,ok
fcc97ee87fca3ef9ce5a8bc4fea02e34975723da,seer_dial_p115,discovery,cold,0,echo_rtt,0.055,ok
fcc97ee87fca3ef9ce5a8bc4fea02e34975723da,seer_dial_p115,discovery,cold,0,echo_rtt,0.067,ok
fcc97ee87fca3ef9ce5a8bc4fea02e34975723da,seer_dial_p115,discovery,cold,0,echo_rtt,0.114,ok
fcc97ee87fca3ef9ce5a8bc4fea02e34975723da,seer_dial_p115,discovery,cold,0,echo_rtt,0.100,ok
fcc97ee87fca3ef9ce5a8bc4fea02e34975723da,seer_dial_p115,discovery,cold,0,echo_rtt,0.078,ok
fcc97ee87fca3ef9ce5a8bc4fea02e34975723da,seer_dial_p115,discovery,cold,0,echo_rtt,0.039,ok
fcc97ee87fca3ef9ce5a8bc4fea02e34975723da,seer_dial_p115,discovery,cold,0,echo_rtt,0.049,ok
fcc97ee87fca3ef9ce5a8bc4fea02e34975723da,seer_dial_p115,discovery,cold,0,echo_rtt,0.037,ok
fcc97ee87fca3ef9ce5a8bc4fea02e34975723da,seer_dial_p115,discovery,cold,0,echo_rtt,0.045,ok
fcc97ee87fca3ef9ce5a8bc4fea02e34975723da,seer_dial_p115,discovery,cold,0,echo_rtt,0.036,ok
fcc97ee87fca3ef9ce5a8bc4fea02e34975723da,seer_dial_p115,discovery,cold,0,echo_rtt,0.047,ok
fcc97ee87fca3ef9ce5a8bc4fea02e34975723da,seer_dial_p115,discovery,cold,0,echo_rtt,0.035,ok
fcc97ee87fca3ef9ce5a8bc4fea02e34975723da,seer_dial_p115,discovery,cold,0,echo_rtt,0.052,ok
fcc97ee87fca3ef9ce5a8bc4fea02e34975723da,seer_dial_p115,discovery,cold,0,echo_rtt,0.047,ok
fcc97ee87fca3ef9ce5a8bc4fea02e34975723da,seer_dial_p115,discovery,cold,0,echo_rtt,0.043,ok
fcc97ee87fca3ef9ce5a8bc4fea02e34975723da,seer_dial_p115,discovery,cold,0,echo_rtt,0.035,ok
fcc97ee87fca3ef9ce5a8bc4fea02e34975723da,seer_dial_p115,discovery,cold,0,echo_rtt,0.042,ok
fcc97ee87fca3ef9ce5a8bc4fea02e34975723da,seer_dial_p115,discovery,cold,0,echo_rtt,0.034,ok
fcc97ee87fca3ef9ce5a8bc4fea02e34975723da,seer_dial_p115,discovery,cold,0,echo_rtt,0.043,ok
fcc97ee87fca3ef9ce5a8bc4fea02e34975723da,seer_dial_p115,discovery,cold,0,echo_rtt,0.034,ok
fcc97ee87fca3ef9ce5a8bc4fea02e34975723da,seer_dial_p115,discovery,cold,0,echo_rtt,0.043,ok
fcc97ee87fca3ef9ce5a8bc4fea02e34975723da,seer_dial_p115,discovery,cold,0,echo_rtt,0.043,ok
fcc97ee87fca3ef9ce5a8bc4fea02e34975723da,seer_dial_p115,discovery,cold,0,echo_rtt,0.055,ok
fcc97ee87fca3ef9ce5a8bc4fea02e34975723da,seer_dial_p115,discovery,cold,0,echo_rtt,0.036,ok
fcc97ee87fca3ef9ce5a8bc4fea02e34975723da,seer_dial_p115,discovery,cold,0,echo_rtt,0.047,ok
fcc97ee87fca3ef9ce5a8bc4fea02e34975723da,seer_dial_p115,discovery,cold,0,echo_rtt,0.042,ok
fcc97ee87fca3ef9ce5a8bc4fea02e34975723da,seer_dial_p115,discovery,cold,0,echo_rtt,0.049,ok
fcc97ee87fca3ef9ce5a8bc4fea02e34975723da,seer_dial_p115,discovery,cold,0,echo_rtt,0.035,ok
fcc97ee87fca3ef9ce5a8bc4fea02e34975723da,seer_dial_p115,discovery,cold,0,echo_rtt,0.042,ok
fcc97ee87fca3ef9ce5a8bc4fea02e34975723da,seer_dial_p115,discovery,cold,0,echo_rtt,0.032,ok
fcc97ee87fca3ef9ce5a8bc4fea02e34975723da,seer_dial_p115,discovery,cold,0,echo_rtt,0.040,ok
fcc97ee87fca3ef9ce5a8bc4fea02e34975723da,seer_dial_p115,discovery,cold,0,echo_rtt,0.031,ok
fcc97ee87fca3ef9ce5a8bc4fea02e34975723da,seer_dial_p115,discovery,cold,0,echo_rtt,0.040,ok
fcc97ee87fca3ef9ce5a8bc4fea02e34975723da,seer_dial_p115,discovery,cold,0,echo_rtt,0.032,ok
fcc97ee87fca3ef9ce5a8bc4fea02e34975723da,seer_dial_p115,discovery,cold,0,echo_rtt,0.039,ok
fcc97ee87fca3ef9ce5a8bc4fea02e34975723da,seer_dial_p115,discovery,cold,0,echo_rtt,0.051,ok
fcc97ee87fca3ef9ce5a8bc4fea02e34975723da,seer_dial_p115,discovery,cold,0,echo_rtt,0.060,ok
fcc97ee87fca3ef9ce5a8bc4fea02e34975723da,seer_dial_p115,discovery,cold,0,echo_rtt,0.033,ok
fcc97ee87fca3ef9ce5a8bc4fea02e34975723da,seer_dial_p115,discovery,cold,0,echo_rtt,0.041,ok
fcc97ee87fca3ef9ce5a8bc4fea02e34975723da,seer_dial_p115,discovery,cold,0,echo_rtt,0.031,ok
fcc97ee87fca3ef9ce5a8bc4fea02e34975723da,seer_dial_p115,discovery,cold,0,echo_rtt,0.040,ok
fcc97ee87fca3ef9ce5a8bc4fea02e34975723da,seer_dial_p115,discovery,cold,0,echo_rtt,0.032,ok
fcc97ee87fca3ef9ce5a8bc4fea02e34975723da,seer_dial_p115,discovery,cold,0,echo_rtt,0.039,ok
fcc97ee87fca3ef9ce5a8bc4fea02e34975723da,seer_dial_p115,discovery,cold,0,echo_rtt,0.030,ok
fcc97ee87fca3ef9ce5a8bc4fea02e34975723da,seer_dial_p115,discovery,cold,0,echo_rtt,0.040,ok
fcc97ee87fca3ef9ce5a8bc4fea02e34975723da,seer_dial_p115,discovery,cold,0,echo_rtt,0.030,ok
fcc97ee87fca3ef9ce5a8bc4fea02e34975723da,seer_dial_p115,discovery,cold,0,echo_rtt,0.041,ok
fcc97ee87fca3ef9ce5a8bc4fea02e34975723da,seer_dial_p115,discovery,cold,0,echo_rtt,0.037,ok
fcc97ee87fca3ef9ce5a8bc4fea02e34975723da,seer_dial_p115,discovery,cold,0,echo_rtt,0.045,ok
fcc97ee87fca3ef9ce5a8bc4fea02e34975723da,seer_dial_p115,discovery,cold,0,echo_rtt,0.033,ok
fcc97ee87fca3ef9ce5a8bc4fea02e34975723da,seer_dial_p115,discovery,cold,0,echo_rtt,0.043,ok
fcc97ee87fca3ef9ce5a8bc4fea02e34975723da,seer_dial_p115,discovery,cold,0,echo_rtt,0.033,ok
fcc97ee87fca3ef9ce5a8bc4fea02e34975723da,seer_dial_p115,discovery,cold,0,echo_rtt,0.044,ok
fcc97ee87fca3ef9ce5a8bc4fea02e34975723da,seer_dial_p115,discovery,cold,0,echo_rtt,0.034,ok
fcc97ee87fca3ef9ce5a8bc4fea02e34975723da,seer_dial_p115,discovery,cold,0,echo_rtt,0.043,ok
fcc97ee87fca3ef9ce5a8bc4fea02e34975723da,seer_dial_p115,discovery,cold,0,echo_rtt,0.032,ok
fcc97ee87fca3ef9ce5a8bc4fea02e34975723da,seer_dial_p115,discovery,cold,0,seer_dial,192.795,ok
fcc97ee87fca3ef9ce5a8bc4fea02e34975723da,seer_dial_p115,discovery,cold,0,stream_open,90.339,ok
fcc97ee87fca3ef9ce5a8bc4fea02e34975723da,seer_dial_p115,discovery,cold,0,echo_rtt,0.067,ok
fcc97ee87fca3ef9ce5a8bc4fea02e34975723da,seer_dial_p115,discovery,cold,0,echo_rtt,0.037,ok
fcc97ee87fca3ef9ce5a8bc4fea02e34975723da,seer_dial_p115,discovery,cold,0,echo_rtt,0.045,ok
fcc97ee87fca3ef9ce5a8bc4fea02e34975723da,seer_dial_p115,discovery,cold,0,echo_rtt,0.032,ok
fcc97ee87fca3ef9ce5a8bc4fea02e34975723da,seer_dial_p115,discovery,cold,0,echo_rtt,0.061,ok
fcc97ee87fca3ef9ce5a8bc4fea02e34975723da,seer_dial_p115,discovery,cold,0,echo_rtt,0.042,ok
fcc97ee87fca3ef9ce5a8bc4fea02e34975723da,seer_dial_p115,discovery,cold,0,echo_rtt,0.043,ok
fcc97ee87fca3ef9ce5a8bc4fea02e34975723da,seer_dial_p115,discovery,cold,0,echo_rtt,0.032,ok
fcc97ee87fca3ef9ce5a8bc4fea02e34975723da,seer_dial_p115,discovery,cold,0,echo_rtt,0.041,ok
fcc97ee87fca3ef9ce5a8bc4fea02e34975723da,seer_dial_p115,discovery,cold,0,echo_rtt,0.036,ok
fcc97ee87fca3ef9ce5a8bc4fea02e34975723da,seer_dial_p115,discovery,cold,0,echo_rtt,0.040,ok
fcc97ee87fca3ef9ce5a8bc4fea02e34975723da,seer_dial_p115,discovery,cold,0,echo_rtt,0.036,ok
fcc97ee87fca3ef9ce5a8bc4fea02e34975723da,seer_dial_p115,discovery,cold,0,echo_rtt,0.036,ok
fcc97ee87fca3ef9ce5a8bc4fea02e34975723da,seer_dial_p115,discovery,cold,0,echo_rtt,0.054,ok
fcc97ee87fca3ef9ce5a8bc4fea02e34975723da,seer_dial_p115,discovery,cold,0,echo_rtt,0.083,ok
fcc97ee87fca3ef9ce5a8bc4fea02e34975723da,seer_dial_p115,discovery,cold,0,echo_rtt,0.048,ok
fcc97ee87fca3ef9ce5a8bc4fea02e34975723da,seer_dial_p115,discovery,cold,0,echo_rtt,0.044,ok
fcc97ee87fca3ef9ce5a8bc4fea02e34975723da,seer_dial_p115,discovery,cold,0,echo_rtt,0.050,ok
fcc97ee87fca3ef9ce5a8bc4fea02e34975723da,seer_dial_p115,discovery,cold,0,echo_rtt,0.043,ok
fcc97ee87fca3ef9ce5a8bc4fea02e34975723da,seer_dial_p115,discovery,cold,0,echo_rtt,0.044,ok
fcc97ee87fca3ef9ce5a8bc4fea02e34975723da,seer_dial_p115,discovery,cold,0,echo_rtt,0.043,ok
fcc97ee87fca3ef9ce5a8bc4fea02e34975723da,seer_dial_p115,discovery,cold,0,echo_rtt,0.043,ok
fcc97ee87fca3ef9ce5a8bc4fea02e34975723da,seer_dial_p115,discovery,cold,0,echo_rtt,0.041,ok
fcc97ee87fca3ef9ce5a8bc4fea02e34975723da,seer_dial_p115,discovery,cold,0,echo_rtt,0.043,ok
fcc97ee87fca3ef9ce5a8bc4fea02e34975723da,seer_dial_p115,discovery,cold,0,echo_rtt,0.041,ok
fcc97ee87fca3ef9ce5a8bc4fea02e34975723da,seer_dial_p115,discovery,cold,0,echo_rtt,0.042,ok
fcc97ee87fca3ef9ce5a8bc4fea02e34975723da,seer_dial_p115,discovery,cold,0,echo_rtt,0.041,ok
fcc97ee87fca3ef9ce5a8bc4fea02e34975723da,seer_dial_p115,discovery,cold,0,echo_rtt,0.042,ok
fcc97ee87fca3ef9ce5a8bc4fea02e34975723da,seer_dial_p115,discovery,cold,0,echo_rtt,0.042,ok
fcc97ee87fca3ef9ce5a8bc4fea02e34975723da,seer_dial_p115,discovery,cold,0,echo_rtt,0.041,ok
fcc97ee87fca3ef9ce5a8bc4fea02e34975723da,seer_dial_p115,discovery,cold,0,echo_rtt,0.042,ok
fcc97ee87fca3ef9ce5a8bc4fea02e34975723da,seer_dial_p115,discovery,cold,0,echo_rtt,0.043,ok
fcc97ee87fca3ef9ce5a8bc4fea02e34975723da,seer_dial_p115,discovery,cold,0,echo_rtt,0.041,ok
fcc97ee87fca3ef9ce5a8bc4fea02e34975723da,seer_dial_p115,discovery,cold,0,echo_rtt,0.043,ok
fcc97ee87fca3ef9ce5a8bc4fea02e34975723da,seer_dial_p115,discovery,cold,0,echo_rtt,0.058,ok
fcc97ee87fca3ef9ce5a8bc4fea02e34975723da,seer_dial_p115,discovery,cold,0,echo_rtt,0.043,ok
fcc97ee87fca3ef9ce5a8bc4fea02e34975723da,seer_dial_p115,discovery,cold,0,echo_rtt,0.035,ok
fcc97ee87fca3ef9ce5a8bc4fea02e34975723da,seer_dial_p115,discovery,cold,0,echo_rtt,0.036,ok
fcc97ee87fca3ef9ce5a8bc4fea02e34975723da,seer_dial_p115,discovery,cold,0,echo_rtt,0.035,ok
fcc97ee87fca3ef9ce5a8bc4fea02e34975723da,seer_dial_p115,discovery,cold,0,echo_rtt,0.041,ok
fcc97ee87fca3ef9ce5a8bc4fea02e34975723da,seer_dial_p115,discovery,cold,0,echo_rtt,0.031,ok
fcc97ee87fca3ef9ce5a8bc4fea02e34975723da,seer_dial_p115,discovery,cold,0,echo_rtt,0.040,ok
fcc97ee87fca3ef9ce5a8bc4fea02e34975723da,seer_dial_p115,discovery,cold,0,echo_rtt,0.037,ok
fcc97ee87fca3ef9ce5a8bc4fea02e34975723da,seer_dial_p115,discovery,cold,0,echo_rtt,0.035,ok
fcc97ee87fca3ef9ce5a8bc4fea02e34975723da,seer_dial_p115,discovery,cold,0,echo_rtt,0.059,ok
fcc97ee87fca3ef9ce5a8bc4fea02e34975723da,seer_dial_p115,discovery,cold,0,echo_rtt,0.039,ok
fcc97ee87fca3ef9ce5a8bc4fea02e34975723da,seer_dial_p115,discovery,cold,0,echo_rtt,0.035,ok
fcc97ee87fca3ef9ce5a8bc4fea02e34975723da,seer_dial_p115,discovery,cold,0,echo_rtt,0.037,ok
fcc97ee87fca3ef9ce5a8bc4fea02e34975723da,seer_dial_p115,discovery,cold,0,echo_rtt,0.041,ok
fcc97ee87fca3ef9ce5a8bc4fea02e34975723da,seer_dial_p115,discovery,cold,0,echo_rtt,0.051,ok
fcc97ee87fca3ef9ce5a8bc4fea02e34975723da,seer_dial_p115,discovery,cold,0,echo_rtt,0.036,ok
fcc97ee87fca3ef9ce5a8bc4fea02e34975723da,seer_dial_p115,discovery,cold,0,echo_rtt,0.034,ok
fcc97ee87fca3ef9ce5a8bc4fea02e34975723da,seer_dial_p115,discovery,cold,0,echo_rtt,0.035,ok
fcc97ee87fca3ef9ce5a8bc4fea02e34975723da,seer_dial_p115,discovery,cold,0,echo_rtt,0.035,ok
fcc97ee87fca3ef9ce5a8bc4fea02e34975723da,seer_dial_p115,discovery,cold,0,echo_rtt,0.053,ok
fcc97ee87fca3ef9ce5a8bc4fea02e34975723da,seer_dial_p115,discovery,cold,0,echo_rtt,0.035,ok
fcc97ee87fca3ef9ce5a8bc4fea02e34975723da,seer_dial_p115,discovery,cold,0,echo_rtt,0.035,ok
fcc97ee87fca3ef9ce5a8bc4fea02e34975723da,seer_dial_p115,discovery,cold,0,echo_rtt,0.035,ok
fcc97ee87fca3ef9ce5a8bc4fea02e34975723da,seer_dial_p115,discovery,cold,0,echo_rtt,0.035,ok
fcc97ee87fca3ef9ce5a8bc4fea02e34975723da,seer_dial_p115,discovery,cold,0,echo_rtt,0.035,ok
fcc97ee87fca3ef9ce5a8bc4fea02e34975723da,seer_dial_p115,discovery,cold,0,echo_rtt,0.035,ok
fcc97ee87fca3ef9ce5a8bc4fea02e34975723da,seer_dial_p115,discovery,cold,0,echo_rtt,0.039,ok
fcc97ee87fca3ef9ce5a8bc4fea02e34975723da,seer_dial_p115,discovery,cold,0,echo_rtt,0.035,ok
fcc97ee87fca3ef9ce5a8bc4fea02e34975723da,seer_dial_p115,discovery,cold,0,echo_rtt,0.037,ok
fcc97ee87fca3ef9ce5a8bc4fea02e34975723da,seer_dial_p115,discovery,cold,0,echo_rtt,0.035,ok
fcc97ee87fca3ef9ce5a8bc4fea02e34975723da,seer_dial_p115,discovery,cold,0,echo_rtt,0.036,ok
fcc97ee87fca3ef9ce5a8bc4fea02e34975723da,seer_dial_p115,discovery,cold,0,echo_rtt,0.035,ok
fcc97ee87fca3ef9ce5a8bc4fea02e34975723da,seer_dial_p115,discovery,cold,0,echo_rtt,0.037,ok
fcc97ee87fca3ef9ce5a8bc4fea02e34975723da,seer_dial_p115,discovery,cold,0,echo_rtt,0.036,ok
fcc97ee87fca3ef9ce5a8bc4fea02e34975723da,seer_dial_p115,discovery,cold,0,echo_rtt,0.037,ok
fcc97ee87fca3ef9ce5a8bc4fea02e34975723da,seer_dial_p115,discovery,cold,0,echo_rtt,0.037,ok
fcc97ee87fca3ef9ce5a8bc4fea02e34975723da,seer_dial_p115,discovery,cold,0,echo_rtt,0.039,ok
fcc97ee87fca3ef9ce5a8bc4fea02e34975723da,seer_dial_p115,discovery,cold,0,echo_rtt,0.036,ok
fcc97ee87fca3ef9ce5a8bc4fea02e34975723da,seer_dial_p115,discovery,cold,0,echo_rtt,0.037,ok
fcc97ee87fca3ef9ce5a8bc4fea02e34975723da,seer_dial_p115,discovery,cold,0,echo_rtt,0.036,ok
fcc97ee87fca3ef9ce5a8bc4fea02e34975723da,seer_dial_p115,discovery,cold,0,echo_rtt,0.036,ok
fcc97ee87fca3ef9ce5a8bc4fea02e34975723da,seer_dial_p115,discovery,cold,0,echo_rtt,0.035,ok
fcc97ee87fca3ef9ce5a8bc4fea02e34975723da,seer_dial_p115,discovery,cold,0,echo_rtt,0.035,ok
fcc97ee87fca3ef9ce5a8bc4fea02e34975723da,seer_dial_p115,discovery,cold,0,echo_rtt,0.078,ok
fcc97ee87fca3ef9ce5a8bc4fea02e34975723da,seer_dial_p115,discovery,cold,0,echo_rtt,0.036,ok
fcc97ee87fca3ef9ce5a8bc4fea02e34975723da,seer_dial_p115,discovery,cold,0,echo_rtt,0.036,ok
fcc97ee87fca3ef9ce5a8bc4fea02e34975723da,seer_dial_p115,discovery,cold,0,echo_rtt,0.036,ok
fcc97ee87fca3ef9ce5a8bc4fea02e34975723da,seer_dial_p115,discovery,cold,0,echo_rtt,0.035,ok
fcc97ee87fca3ef9ce5a8bc4fea02e34975723da,seer_dial_p115,discovery,cold,0,echo_rtt,0.036,ok
fcc97ee87fca3ef9ce5a8bc4fea02e34975723da,seer_dial_p115,discovery,cold,0,echo_rtt,0.035,ok
fcc97ee87fca3ef9ce5a8bc4fea02e34975723da,seer_dial_p115,discovery,cold,0,echo_rtt,0.035,ok
fcc97ee87fca3ef9ce5a8bc4fea02e34975723da,seer_dial_p115,discovery,cold,0,echo_rtt,0.035,ok
fcc97ee87fca3ef9ce5a8bc4fea02e34975723da,seer_dial_p115,discovery,cold,0,echo_rtt,0.036,ok
fcc97ee87fca3ef9ce5a8bc4fea02e34975723da,seer_dial_p115,discovery,cold,0,echo_rtt,0.034,ok
fcc97ee87fca3ef9ce5a8bc4fea02e34975723da,seer_dial_p115,discovery,cold,0,echo_rtt,0.035,ok
fcc97ee87fca3ef9ce5a8bc4fea02e34975723da,seer_dial_p115,discovery,cold,0,echo_rtt,0.035,ok
fcc97ee87fca3ef9ce5a8bc4fea02e34975723da,seer_dial_p115,discovery,cold,0,echo_rtt,0.036,ok
fcc97ee87fca3ef9ce5a8bc4fea02e34975723da,seer_dial_p115,discovery,cold,0,echo_rtt,0.035,ok
fcc97ee87fca3ef9ce5a8bc4fea02e34975723da,seer_dial_p115,discovery,cold,0,echo_rtt,0.036,ok
fcc97ee87fca3ef9ce5a8bc4fea02e34975723da,seer_dial_p115,discovery,cold,0,echo_rtt,0.035,ok
fcc97ee87fca3ef9ce5a8bc4fea02e34975723da,seer_dial_p115,discovery,cold,0,echo_rtt,0.039,ok
fcc97ee87fca3ef9ce5a8bc4fea02e34975723da,seer_dial_p115,discovery,cold,0,echo_rtt,0.039,ok
fcc97ee87fca3ef9ce5a8bc4fea02e34975723da,seer_dial_p115,discovery,cold,0,echo_rtt,0.040,ok
fcc97ee87fca3ef9ce5a8bc4fea02e34975723da,seer_dial_p115,discovery,cold,0,echo_rtt,0.032,ok
fcc97ee87fca3ef9ce5a8bc4fea02e34975723da,seer_dial_p115,discovery,cold,0,echo_rtt,0.041,ok
fcc97ee87fca3ef9ce5a8bc4fea02e34975723da,seer_dial_p115,discovery,cold,0,seer_dial,195.286,ok
fcc97ee87fca3ef9ce5a8bc4fea02e34975723da,seer_dial_p115,discovery,cold,0,stream_open,91.683,ok
fcc97ee87fca3ef9ce5a8bc4fea02e34975723da,seer_dial_p115,discovery,cold,0,echo_rtt,0.059,ok
fcc97ee87fca3ef9ce5a8bc4fea02e34975723da,seer_dial_p115,discovery,cold,0,echo_rtt,0.050,ok
fcc97ee87fca3ef9ce5a8bc4fea02e34975723da,seer_dial_p115,discovery,cold,0,echo_rtt,0.044,ok
fcc97ee87fca3ef9ce5a8bc4fea02e34975723da,seer_dial_p115,discovery,cold,0,echo_rtt,0.043,ok
fcc97ee87fca3ef9ce5a8bc4fea02e34975723da,seer_dial_p115,discovery,cold,0,echo_rtt,0.039,ok
fcc97ee87fca3ef9ce5a8bc4fea02e34975723da,seer_dial_p115,discovery,cold,0,echo_rtt,0.041,ok
fcc97ee87fca3ef9ce5a8bc4fea02e34975723da,seer_dial_p115,discovery,cold,0,echo_rtt,0.038,ok
fcc97ee87fca3ef9ce5a8bc4fea02e34975723da,seer_dial_p115,discovery,cold,0,echo_rtt,0.041,ok
fcc97ee87fca3ef9ce5a8bc4fea02e34975723da,seer_dial_p115,discovery,cold,0,echo_rtt,0.039,ok
fcc97ee87fca3ef9ce5a8bc4fea02e34975723da,seer_dial_p115,discovery,cold,0,echo_rtt,0.041,ok
fcc97ee87fca3ef9ce5a8bc4fea02e34975723da,seer_dial_p115,discovery,cold,0,echo_rtt,0.038,ok
fcc97ee87fca3ef9ce5a8bc4fea02e34975723da,seer_dial_p115,discovery,cold,0,echo_rtt,0.041,ok
fcc97ee87fca3ef9ce5a8bc4fea02e34975723da,seer_dial_p115,discovery,cold,0,echo_rtt,0.039,ok
fcc97ee87fca3ef9ce5a8bc4fea02e34975723da,seer_dial_p115,discovery,cold,0,echo_rtt,0.041,ok
fcc97ee87fca3ef9ce5a8bc4fea02e34975723da,seer_dial_p115,discovery,cold,0,echo_rtt,0.038,ok
fcc97ee87fca3ef9ce5a8bc4fea02e34975723da,seer_dial_p115,discovery,cold,0,echo_rtt,0.042,ok
fcc97ee87fca3ef9ce5a8bc4fea02e34975723da,seer_dial_p115,discovery,cold,0,echo_rtt,0.039,ok
fcc97ee87fca3ef9ce5a8bc4fea02e34975723da,seer_dial_p115,discovery,cold,0,echo_rtt,0.042,ok
fcc97ee87fca3ef9ce5a8bc4fea02e34975723da,seer_dial_p115,discovery,cold,0,echo_rtt,0.038,ok
fcc97ee87fca3ef9ce5a8bc4fea02e34975723da,seer_dial_p115,discovery,cold,0,echo_rtt,0.042,ok
fcc97ee87fca3ef9ce5a8bc4fea02e34975723da,seer_dial_p115,discovery,cold,0,echo_rtt,0.046,ok
fcc97ee87fca3ef9ce5a8bc4fea02e34975723da,seer_dial_p115,discovery,cold,0,echo_rtt,0.035,ok
fcc97ee87fca3ef9ce5a8bc4fea02e34975723da,seer_dial_p115,discovery,cold,0,echo_rtt,0.077,ok
fcc97ee87fca3ef9ce5a8bc4fea02e34975723da,seer_dial_p115,discovery,cold,0,echo_rtt,0.040,ok
fcc97ee87fca3ef9ce5a8bc4fea02e34975723da,seer_dial_p115,discovery,cold,0,echo_rtt,0.060,ok
fcc97ee87fca3ef9ce5a8bc4fea02e34975723da,seer_dial_p115,discovery,cold,0,echo_rtt,0.032,ok
fcc97ee87fca3ef9ce5a8bc4fea02e34975723da,seer_dial_p115,discovery,cold,0,echo_rtt,0.057,ok
fcc97ee87fca3ef9ce5a8bc4fea02e34975723da,seer_dial_p115,discovery,cold,0,echo_rtt,0.030,ok
fcc97ee87fca3ef9ce5a8bc4fea02e34975723da,seer_dial_p115,discovery,cold,0,echo_rtt,0.040,ok
fcc97ee87fca3ef9ce5a8bc4fea02e34975723da,seer_dial_p115,discovery,cold,0,echo_rtt,0.033,ok
fcc97ee87fca3ef9ce5a8bc4fea02e34975723da,seer_dial_p115,discovery,cold,0,echo_rtt,0.040,ok
fcc97ee87fca3ef9ce5a8bc4fea02e34975723da,seer_dial_p115,discovery,cold,0,echo_rtt,0.031,ok
fcc97ee87fca3ef9ce5a8bc4fea02e34975723da,seer_dial_p115,discovery,cold,0,echo_rtt,0.044,ok
fcc97ee87fca3ef9ce5a8bc4fea02e34975723da,seer_dial_p115,discovery,cold,0,echo_rtt,0.038,ok
fcc97ee87fca3ef9ce5a8bc4fea02e34975723da,seer_dial_p115,discovery,cold,0,echo_rtt,0.041,ok
fcc97ee87fca3ef9ce5a8bc4fea02e34975723da,seer_dial_p115,discovery,cold,0,echo_rtt,0.039,ok
fcc97ee87fca3ef9ce5a8bc4fea02e34975723da,seer_dial_p115,discovery,cold,0,echo_rtt,0.037,ok
fcc97ee87fca3ef9ce5a8bc4fea02e34975723da,seer_dial_p115,discovery,cold,0,echo_rtt,0.038,ok
fcc97ee87fca3ef9ce5a8bc4fea02e34975723da,seer_dial_p115,discovery,cold,0,echo_rtt,0.036,ok
fcc97ee87fca3ef9ce5a8bc4fea02e34975723da,seer_dial_p115,discovery,cold,0,echo_rtt,0.036,ok
fcc97ee87fca3ef9ce5a8bc4fea02e34975723da,seer_dial_p115,discovery,cold,0,echo_rtt,0.036,ok
fcc97ee87fca3ef9ce5a8bc4fea02e34975723da,seer_dial_p115,discovery,cold,0,echo_rtt,0.037,ok
fcc97ee87fca3ef9ce5a8bc4fea02e34975723da,seer_dial_p115,discovery,cold,0,echo_rtt,0.036,ok
fcc97ee87fca3ef9ce5a8bc4fea02e34975723da,seer_dial_p115,discovery,cold,0,echo_rtt,0.036,ok
fcc97ee87fca3ef9ce5a8bc4fea02e34975723da,seer_dial_p115,discovery,cold,0,echo_rtt,0.036,ok
fcc97ee87fca3ef9ce5a8bc4fea02e34975723da,seer_dial_p115,discovery,cold,0,echo_rtt,0.037,ok
fcc97ee87fca3ef9ce5a8bc4fea02e34975723da,seer_dial_p115,discovery,cold,0,echo_rtt,0.036,ok
fcc97ee87fca3ef9ce5a8bc4fea02e34975723da,seer_dial_p115,discovery,cold,0,echo_rtt,0.036,ok
fcc97ee87fca3ef9ce5a8bc4fea02e34975723da,seer_dial_p115,discovery,cold,0,echo_rtt,0.037,ok
fcc97ee87fca3ef9ce5a8bc4fea02e34975723da,seer_dial_p115,discovery,cold,0,echo_rtt,0.037,ok
fcc97ee87fca3ef9ce5a8bc4fea02e34975723da,seer_dial_p115,discovery,cold,0,echo_rtt,0.036,ok
fcc97ee87fca3ef9ce5a8bc4fea02e34975723da,seer_dial_p115,discovery,cold,0,echo_rtt,0.036,ok
fcc97ee87fca3ef9ce5a8bc4fea02e34975723da,seer_dial_p115,discovery,cold,0,echo_rtt,0.035,ok
fcc97ee87fca3ef9ce5a8bc4fea02e34975723da,seer_dial_p115,discovery,cold,0,echo_rtt,0.036,ok
fcc97ee87fca3ef9ce5a8bc4fea02e34975723da,seer_dial_p115,discovery,cold,0,echo_rtt,0.036,ok
fcc97ee87fca3ef9ce5a8bc4fea02e34975723da,seer_dial_p115,discovery,cold,0,echo_rtt,0.035,ok
fcc97ee87fca3ef9ce5a8bc4fea02e34975723da,seer_dial_p115,discovery,cold,0,echo_rtt,0.039,ok
fcc97ee87fca3ef9ce5a8bc4fea02e34975723da,seer_dial_p115,discovery,cold,0,echo_rtt,0.036,ok
fcc97ee87fca3ef9ce5a8bc4fea02e34975723da,seer_dial_p115,discovery,cold,0,echo_rtt,0.038,ok
fcc97ee87fca3ef9ce5a8bc4fea02e34975723da,seer_dial_p115,discovery,cold,0,echo_rtt,0.035,ok
fcc97ee87fca3ef9ce5a8bc4fea02e34975723da,seer_dial_p115,discovery,cold,0,echo_rtt,0.036,ok
fcc97ee87fca3ef9ce5a8bc4fea02e34975723da,seer_dial_p115,discovery,cold,0,echo_rtt,0.036,ok
fcc97ee87fca3ef9ce5a8bc4fea02e34975723da,seer_dial_p115,discovery,cold,0,echo_rtt,0.036,ok
fcc97ee87fca3ef9ce5a8bc4fea02e34975723da,seer_dial_p115,discovery,cold,0,echo_rtt,0.036,ok
fcc97ee87fca3ef9ce5a8bc4fea02e34975723da,seer_dial_p115,discovery,cold,0,echo_rtt,0.038,ok
fcc97ee87fca3ef9ce5a8bc4fea02e34975723da,seer_dial_p115,discovery,cold,0,echo_rtt,0.037,ok
fcc97ee87fca3ef9ce5a8bc4fea02e34975723da,seer_dial_p115,discovery,cold,0,echo_rtt,0.036,ok
fcc97ee87fca3ef9ce5a8bc4fea02e34975723da,seer_dial_p115,discovery,cold,0,echo_rtt,0.042,ok
fcc97ee87fca3ef9ce5a8bc4fea02e34975723da,seer_dial_p115,discovery,cold,0,echo_rtt,0.033,ok
fcc97ee87fca3ef9ce5a8bc4fea02e34975723da,seer_dial_p115,discovery,cold,0,echo_rtt,0.042,ok
fcc97ee87fca3ef9ce5a8bc4fea02e34975723da,seer_dial_p115,discovery,cold,0,echo_rtt,0.032,ok
fcc97ee87fca3ef9ce5a8bc4fea02e34975723da,seer_dial_p115,discovery,cold,0,echo_rtt,0.041,ok
fcc97ee87fca3ef9ce5a8bc4fea02e34975723da,seer_dial_p115,discovery,cold,0,echo_rtt,0.044,ok
fcc97ee87fca3ef9ce5a8bc4fea02e34975723da,seer_dial_p115,discovery,cold,0,echo_rtt,0.041,ok
fcc97ee87fca3ef9ce5a8bc4fea02e34975723da,seer_dial_p115,discovery,cold,0,echo_rtt,0.033,ok
fcc97ee87fca3ef9ce5a8bc4fea02e34975723da,seer_dial_p115,discovery,cold,0,echo_rtt,0.052,ok
fcc97ee87fca3ef9ce5a8bc4fea02e34975723da,seer_dial_p115,discovery,cold,0,echo_rtt,0.053,ok
fcc97ee87fca3ef9ce5a8bc4fea02e34975723da,seer_dial_p115,discovery,cold,0,echo_rtt,0.053,ok
fcc97ee87fca3ef9ce5a8bc4fea02e34975723da,seer_dial_p115,discovery,cold,0,echo_rtt,0.038,ok
fcc97ee87fca3ef9ce5a8bc4fea02e34975723da,seer_dial_p115,discovery,cold,0,echo_rtt,0.048,ok
fcc97ee87fca3ef9ce5a8bc4fea02e34975723da,seer_dial_p115,discovery,cold,0,echo_rtt,0.045,ok
fcc97ee87fca3ef9ce5a8bc4fea02e34975723da,seer_dial_p115,discovery,cold,0,echo_rtt,0.048,ok
fcc97ee87fca3ef9ce5a8bc4fea02e34975723da,seer_dial_p115,discovery,cold,0,echo_rtt,0.055,ok
fcc97ee87fca3ef9ce5a8bc4fea02e34975723da,seer_dial_p115,discovery,cold,0,echo_rtt,0.044,ok
fcc97ee87fca3ef9ce5a8bc4fea02e34975723da,seer_dial_p115,discovery,cold,0,echo_rtt,0.045,ok
fcc97ee87fca3ef9ce5a8bc4fea02e34975723da,seer_dial_p115,discovery,cold,0,echo_rtt,0.044,ok
fcc97ee87fca3ef9ce5a8bc4fea02e34975723da,seer_dial_p115,discovery,cold,0,echo_rtt,0.044,ok
fcc97ee87fca3ef9ce5a8bc4fea02e34975723da,seer_dial_p115,discovery,cold,0,echo_rtt,0.043,ok
fcc97ee87fca3ef9ce5a8bc4fea02e34975723da,seer_dial_p115,discovery,cold,0,echo_rtt,0.044,ok
fcc97ee87fca3ef9ce5a8bc4fea02e34975723da,seer_dial_p115,discovery,cold,0,echo_rtt,0.043,ok
fcc97ee87fca3ef9ce5a8bc4fea02e34975723da,seer_dial_p115,discovery,cold,0,echo_rtt,0.044,ok
fcc97ee87fca3ef9ce5a8bc4fea02e34975723da,seer_dial_p115,discovery,cold,0,echo_rtt,0.043,ok
fcc97ee87fca3ef9ce5a8bc4fea02e34975723da,seer_dial_p115,discovery,cold,0,echo_rtt,0.043,ok
fcc97ee87fca3ef9ce5a8bc4fea02e34975723da,seer_dial_p115,discovery,cold,0,echo_rtt,0.043,ok
fcc97ee87fca3ef9ce5a8bc4fea02e34975723da,seer_dial_p115,discovery,cold,0,echo_rtt,0.042,ok
fcc97ee87fca3ef9ce5a8bc4fea02e34975723da,seer_dial_p115,discovery,cold,0,echo_rtt,0.042,ok
fcc97ee87fca3ef9ce5a8bc4fea02e34975723da,seer_dial_p115,discovery,cold,0,echo_rtt,0.041,ok
fcc97ee87fca3ef9ce5a8bc4fea02e34975723da,seer_dial_p115,discovery,cold,0,echo_rtt,0.047,ok
fcc97ee87fca3ef9ce5a8bc4fea02e34975723da,seer_dial_p115,discovery,cold,0,echo_rtt,0.042,ok
fcc97ee87fca3ef9ce5a8bc4fea02e34975723da,seer_dial_p115,discovery,cold,0,echo_rtt,0.043,ok
fcc97ee87fca3ef9ce5a8bc4fea02e34975723da,seer_dial_p115,discovery,cold,0,seer_dial,202.217,ok
fcc97ee87fca3ef9ce5a8bc4fea02e34975723da,seer_dial_p115,discovery,cold,0,stream_open,83.367,ok
fcc97ee87fca3ef9ce5a8bc4fea02e34975723da,seer_dial_p115,discovery,cold,0,echo_rtt,0.046,ok
fcc97ee87fca3ef9ce5a8bc4fea02e34975723da,seer_dial_p115,discovery,cold,0,echo_rtt,0.045,ok
fcc97ee87fca3ef9ce5a8bc4fea02e34975723da,seer_dial_p115,discovery,cold,0,echo_rtt,0.034,ok
fcc97ee87fca3ef9ce5a8bc4fea02e34975723da,seer_dial_p115,discovery,cold,0,echo_rtt,0.042,ok
fcc97ee87fca3ef9ce5a8bc4fea02e34975723da,seer_dial_p115,discovery,cold,0,echo_rtt,0.032,ok
fcc97ee87fca3ef9ce5a8bc4fea02e34975723da,seer_dial_p115,discovery,cold,0,echo_rtt,0.041,ok
fcc97ee87fca3ef9ce5a8bc4fea02e34975723da,seer_dial_p115,discovery,cold,0,echo_rtt,0.031,ok
fcc97ee87fca3ef9ce5a8bc4fea02e34975723da,seer_dial_p115,discovery,cold,0,echo_rtt,0.039,ok
fcc97ee87fca3ef9ce5a8bc4fea02e34975723da,seer_dial_p115,discovery,cold,0,echo_rtt,0.031,ok
fcc97ee87fca3ef9ce5a8bc4fea02e34975723da,seer_dial_p115,discovery,cold,0,echo_rtt,0.039,ok
fcc97ee87fca3ef9ce5a8bc4fea02e34975723da,seer_dial_p115,discovery,cold,0,echo_rtt,0.030,ok
fcc97ee87fca3ef9ce5a8bc4fea02e34975723da,seer_dial_p115,discovery,cold,0,echo_rtt,0.039,ok
fcc97ee87fca3ef9ce5a8bc4fea02e34975723da,seer_dial_p115,discovery,cold,0,echo_rtt,0.031,ok
fcc97ee87fca3ef9ce5a8bc4fea02e34975723da,seer_dial_p115,discovery,cold,0,echo_rtt,0.040,ok
fcc97ee87fca3ef9ce5a8bc4fea02e34975723da,seer_dial_p115,discovery,cold,0,echo_rtt,0.031,ok
fcc97ee87fca3ef9ce5a8bc4fea02e34975723da,seer_dial_p115,discovery,cold,0,echo_rtt,0.042,ok
fcc97ee87fca3ef9ce5a8bc4fea02e34975723da,seer_dial_p115,discovery,cold,0,echo_rtt,0.032,ok
fcc97ee87fca3ef9ce5a8bc4fea02e34975723da,seer_dial_p115,discovery,cold,0,echo_rtt,0.041,ok
fcc97ee87fca3ef9ce5a8bc4fea02e34975723da,seer_dial_p115,discovery,cold,0,echo_rtt,0.031,ok
fcc97ee87fca3ef9ce5a8bc4fea02e34975723da,seer_dial_p115,discovery,cold,0,echo_rtt,0.039,ok
fcc97ee87fca3ef9ce5a8bc4fea02e34975723da,seer_dial_p115,discovery,cold,0,echo_rtt,0.031,ok
fcc97ee87fca3ef9ce5a8bc4fea02e34975723da,seer_dial_p115,discovery,cold,0,echo_rtt,0.039,ok
fcc97ee87fca3ef9ce5a8bc4fea02e34975723da,seer_dial_p115,discovery,cold,0,echo_rtt,0.031,ok
fcc97ee87fca3ef9ce5a8bc4fea02e34975723da,seer_dial_p115,discovery,cold,0,echo_rtt,0.039,ok
fcc97ee87fca3ef9ce5a8bc4fea02e34975723da,seer_dial_p115,discovery,cold,0,echo_rtt,0.031,ok
fcc97ee87fca3ef9ce5a8bc4fea02e34975723da,seer_dial_p115,discovery,cold,0,echo_rtt,0.038,ok
fcc97ee87fca3ef9ce5a8bc4fea02e34975723da,seer_dial_p115,discovery,cold,0,echo_rtt,0.031,ok
fcc97ee87fca3ef9ce5a8bc4fea02e34975723da,seer_dial_p115,discovery,cold,0,echo_rtt,0.039,ok
fcc97ee87fca3ef9ce5a8bc4fea02e34975723da,seer_dial_p115,discovery,cold,0,echo_rtt,0.031,ok
fcc97ee87fca3ef9ce5a8bc4fea02e34975723da,seer_dial_p115,discovery,cold,0,echo_rtt,0.040,ok
fcc97ee87fca3ef9ce5a8bc4fea02e34975723da,seer_dial_p115,discovery,cold,0,echo_rtt,0.033,ok
fcc97ee87fca3ef9ce5a8bc4fea02e34975723da,seer_dial_p115,discovery,cold,0,echo_rtt,0.039,ok
fcc97ee87fca3ef9ce5a8bc4fea02e34975723da,seer_dial_p115,discovery,cold,0,echo_rtt,0.031,ok
fcc97ee87fca3ef9ce5a8bc4fea02e34975723da,seer_dial_p115,discovery,cold,0,echo_rtt,0.040,ok
fcc97ee87fca3ef9ce5a8bc4fea02e34975723da,seer_dial_p115,discovery,cold,0,echo_rtt,0.031,ok
fcc97ee87fca3ef9ce5a8bc4fea02e34975723da,seer_dial_p115,discovery,cold,0,echo_rtt,0.041,ok
fcc97ee87fca3ef9ce5a8bc4fea02e34975723da,seer_dial_p115,discovery,cold,0,echo_rtt,0.032,ok
fcc97ee87fca3ef9ce5a8bc4fea02e34975723da,seer_dial_p115,discovery,cold,0,echo_rtt,0.039,ok
fcc97ee87fca3ef9ce5a8bc4fea02e34975723da,seer_dial_p115,discovery,cold,0,echo_rtt,0.030,ok
fcc97ee87fca3ef9ce5a8bc4fea02e34975723da,seer_dial_p115,discovery,cold,0,echo_rtt,0.050,ok
fcc97ee87fca3ef9ce5a8bc4fea02e34975723da,seer_dial_p115,discovery,cold,0,echo_rtt,0.035,ok
fcc97ee87fca3ef9ce5a8bc4fea02e34975723da,seer_dial_p115,discovery,cold,0,echo_rtt,0.041,ok
fcc97ee87fca3ef9ce5a8bc4fea02e34975723da,seer_dial_p115,discovery,cold,0,echo_rtt,0.032,ok
fcc97ee87fca3ef9ce5a8bc4fea02e34975723da,seer_dial_p115,discovery,cold,0,echo_rtt,0.040,ok
fcc97ee87fca3ef9ce5a8bc4fea02e34975723da,seer_dial_p115,discovery,cold,0,echo_rtt,0.031,ok
fcc97ee87fca3ef9ce5a8bc4fea02e34975723da,seer_dial_p115,discovery,cold,0,echo_rtt,0.039,ok
fcc97ee87fca3ef9ce5a8bc4fea02e34975723da,seer_dial_p115,discovery,cold,0,echo_rtt,0.030,ok
fcc97ee87fca3ef9ce5a8bc4fea02e34975723da,seer_dial_p115,discovery,cold,0,echo_rtt,0.039,ok
fcc97ee87fca3ef9ce5a8bc4fea02e34975723da,seer_dial_p115,discovery,cold,0,echo_rtt,0.039,ok
fcc97ee87fca3ef9ce5a8bc4fea02e34975723da,seer_dial_p115,discovery,cold,0,echo_rtt,0.049,ok
fcc97ee87fca3ef9ce5a8bc4fea02e34975723da,seer_dial_p115,discovery,cold,0,echo_rtt,0.037,ok
fcc97ee87fca3ef9ce5a8bc4fea02e34975723da,seer_dial_p115,discovery,cold,0,echo_rtt,0.048,ok
fcc97ee87fca3ef9ce5a8bc4fea02e34975723da,seer_dial_p115,discovery,cold,0,echo_rtt,0.037,ok
fcc97ee87fca3ef9ce5a8bc4fea02e34975723da,seer_dial_p115,discovery,cold,0,echo_rtt,0.085,ok
fcc97ee87fca3ef9ce5a8bc4fea02e34975723da,seer_dial_p115,discovery,cold,0,echo_rtt,0.044,ok
fcc97ee87fca3ef9ce5a8bc4fea02e34975723da,seer_dial_p115,discovery,cold,0,echo_rtt,0.051,ok
fcc97ee87fca3ef9ce5a8bc4fea02e34975723da,seer_dial_p115,discovery,cold,0,echo_rtt,0.038,ok
fcc97ee87fca3ef9ce5a8bc4fea02e34975723da,seer_dial_p115,discovery,cold,0,echo_rtt,0.050,ok
fcc97ee87fca3ef9ce5a8bc4fea02e34975723da,seer_dial_p115,discovery,cold,0,echo_rtt,0.037,ok
fcc97ee87fca3ef9ce5a8bc4fea02e34975723da,seer_dial_p115,discovery,cold,0,echo_rtt,0.050,ok
fcc97ee87fca3ef9ce5a8bc4fea02e34975723da,seer_dial_p115,discovery,cold,0,echo_rtt,0.063,ok
fcc97ee87fca3ef9ce5a8bc4fea02e34975723da,seer_dial_p115,discovery,cold,0,echo_rtt,0.085,ok
fcc97ee87fca3ef9ce5a8bc4fea02e34975723da,seer_dial_p115,discovery,cold,0,echo_rtt,0.043,ok
fcc97ee87fca3ef9ce5a8bc4fea02e34975723da,seer_dial_p115,discovery,cold,0,echo_rtt,0.075,ok
fcc97ee87fca3ef9ce5a8bc4fea02e34975723da,seer_dial_p115,discovery,cold,0,echo_rtt,0.041,ok
fcc97ee87fca3ef9ce5a8bc4fea02e34975723da,seer_dial_p115,discovery,cold,0,echo_rtt,0.048,ok
fcc97ee87fca3ef9ce5a8bc4fea02e34975723da,seer_dial_p115,discovery,cold,0,echo_rtt,0.038,ok
fcc97ee87fca3ef9ce5a8bc4fea02e34975723da,seer_dial_p115,discovery,cold,0,echo_rtt,0.047,ok
fcc97ee87fca3ef9ce5a8bc4fea02e34975723da,seer_dial_p115,discovery,cold,0,echo_rtt,0.034,ok
fcc97ee87fca3ef9ce5a8bc4fea02e34975723da,seer_dial_p115,discovery,cold,0,echo_rtt,0.045,ok
fcc97ee87fca3ef9ce5a8bc4fea02e34975723da,seer_dial_p115,discovery,cold,0,echo_rtt,0.034,ok
fcc97ee87fca3ef9ce5a8bc4fea02e34975723da,seer_dial_p115,discovery,cold,0,echo_rtt,0.045,ok
fcc97ee87fca3ef9ce5a8bc4fea02e34975723da,seer_dial_p115,discovery,cold,0,echo_rtt,0.034,ok
fcc97ee87fca3ef9ce5a8bc4fea02e34975723da,seer_dial_p115,discovery,cold,0,echo_rtt,0.045,ok
fcc97ee87fca3ef9ce5a8bc4fea02e34975723da,seer_dial_p115,discovery,cold,0,echo_rtt,0.033,ok
fcc97ee87fca3ef9ce5a8bc4fea02e34975723da,seer_dial_p115,discovery,cold,0,echo_rtt,0.045,ok
fcc97ee87fca3ef9ce5a8bc4fea02e34975723da,seer_dial_p115,discovery,cold,0,echo_rtt,0.034,ok
fcc97ee87fca3ef9ce5a8bc4fea02e34975723da,seer_dial_p115,discovery,cold,0,echo_rtt,0.045,ok
fcc97ee87fca3ef9ce5a8bc4fea02e34975723da,seer_dial_p115,discovery,cold,0,echo_rtt,0.034,ok
fcc97ee87fca3ef9ce5a8bc4fea02e34975723da,seer_dial_p115,discovery,cold,0,echo_rtt,0.044,ok
fcc97ee87fca3ef9ce5a8bc4fea02e34975723da,seer_dial_p115,discovery,cold,0,echo_rtt,0.034,ok
fcc97ee87fca3ef9ce5a8bc4fea02e34975723da,seer_dial_p115,discovery,cold,0,echo_rtt,0.045,ok
fcc97ee87fca3ef9ce5a8bc4fea02e34975723da,seer_dial_p115,discovery,cold,0,echo_rtt,0.034,ok
fcc97ee87fca3ef9ce5a8bc4fea02e34975723da,seer_dial_p115,discovery,cold,0,echo_rtt,0.043,ok
fcc97ee87fca3ef9ce5a8bc4fea02e34975723da,seer_dial_p115,discovery,cold,0,echo_rtt,0.033,ok
fcc97ee87fca3ef9ce5a8bc4fea02e34975723da,seer_dial_p115,discovery,cold,0,echo_rtt,0.044,ok
fcc97ee87fca3ef9ce5a8bc4fea02e34975723da,seer_dial_p115,discovery,cold,0,echo_rtt,0.034,ok
fcc97ee87fca3ef9ce5a8bc4fea02e34975723da,seer_dial_p115,discovery,cold,0,echo_rtt,0.045,ok
fcc97ee87fca3ef9ce5a8bc4fea02e34975723da,seer_dial_p115,discovery,cold,0,echo_rtt,0.033,ok
fcc97ee87fca3ef9ce5a8bc4fea02e34975723da,seer_dial_p115,discovery,cold,0,echo_rtt,0.044,ok
fcc97ee87fca3ef9ce5a8bc4fea02e34975723da,seer_dial_p115,discovery,cold,0,echo_rtt,0.033,ok
fcc97ee87fca3ef9ce5a8bc4fea02e34975723da,seer_dial_p115,discovery,cold,0,echo_rtt,0.046,ok
fcc97ee87fca3ef9ce5a8bc4fea02e34975723da,seer_dial_p115,discovery,cold,0,echo_rtt,0.033,ok
fcc97ee87fca3ef9ce5a8bc4fea02e34975723da,seer_dial_p115,discovery,cold,0,echo_rtt,0.043,ok
fcc97ee87fca3ef9ce5a8bc4fea02e34975723da,seer_dial_p115,discovery,cold,0,echo_rtt,0.034,ok
fcc97ee87fca3ef9ce5a8bc4fea02e34975723da,seer_dial_p115,discovery,cold,0,echo_rtt,0.044,ok
fcc97ee87fca3ef9ce5a8bc4fea02e34975723da,seer_dial_p115,discovery,cold,0,echo_rtt,0.034,ok
fcc97ee87fca3ef9ce5a8bc4fea02e34975723da,seer_dial_p115,discovery,cold,0,echo_rtt,0.044,ok
fcc97ee87fca3ef9ce5a8bc4fea02e34975723da,seer_dial_p115,discovery,cold,0,echo_rtt,0.035,ok
fcc97ee87fca3ef9ce5a8bc4fea02e34975723da,seer_dial_p115,discovery,cold,0,echo_rtt,0.044,ok
fcc97ee87fca3ef9ce5a8bc4fea02e34975723da,seer_dial_p115,discovery,cold,0,seer_dial,202.107,ok
fcc97ee87fca3ef9ce5a8bc4fea02e34975723da,seer_dial_p115,discovery,cold,0,stream_open,83.234,ok
fcc97ee87fca3ef9ce5a8bc4fea02e34975723da,seer_dial_p115,discovery,cold,0,echo_rtt,0.051,ok
fcc97ee87fca3ef9ce5a8bc4fea02e34975723da,seer_dial_p115,discovery,cold,0,echo_rtt,0.047,ok
fcc97ee87fca3ef9ce5a8bc4fea02e34975723da,seer_dial_p115,discovery,cold,0,echo_rtt,0.045,ok
fcc97ee87fca3ef9ce5a8bc4fea02e34975723da,seer_dial_p115,discovery,cold,0,echo_rtt,0.053,ok
fcc97ee87fca3ef9ce5a8bc4fea02e34975723da,seer_dial_p115,discovery,cold,0,echo_rtt,0.033,ok
fcc97ee87fca3ef9ce5a8bc4fea02e34975723da,seer_dial_p115,discovery,cold,0,echo_rtt,0.043,ok
fcc97ee87fca3ef9ce5a8bc4fea02e34975723da,seer_dial_p115,discovery,cold,0,echo_rtt,0.032,ok
fcc97ee87fca3ef9ce5a8bc4fea02e34975723da,seer_dial_p115,discovery,cold,0,echo_rtt,0.041,ok
fcc97ee87fca3ef9ce5a8bc4fea02e34975723da,seer_dial_p115,discovery,cold,0,echo_rtt,0.032,ok
fcc97ee87fca3ef9ce5a8bc4fea02e34975723da,seer_dial_p115,discovery,cold,0,echo_rtt,0.040,ok
fcc97ee87fca3ef9ce5a8bc4fea02e34975723da,seer_dial_p115,discovery,cold,0,echo_rtt,0.036,ok
fcc97ee87fca3ef9ce5a8bc4fea02e34975723da,seer_dial_p115,discovery,cold,0,echo_rtt,0.036,ok
fcc97ee87fca3ef9ce5a8bc4fea02e34975723da,seer_dial_p115,discovery,cold,0,echo_rtt,0.036,ok
fcc97ee87fca3ef9ce5a8bc4fea02e34975723da,seer_dial_p115,discovery,cold,0,echo_rtt,0.035,ok
fcc97ee87fca3ef9ce5a8bc4fea02e34975723da,seer_dial_p115,discovery,cold,0,echo_rtt,0.035,ok
fcc97ee87fca3ef9ce5a8bc4fea02e34975723da,seer_dial_p115,discovery,cold,0,echo_rtt,0.037,ok
fcc97ee87fca3ef9ce5a8bc4fea02e34975723da,seer_dial_p115,discovery,cold,0,echo_rtt,0.049,ok
fcc97ee87fca3ef9ce5a8bc4fea02e34975723da,seer_dial_p115,discovery,cold,0,echo_rtt,0.038,ok
fcc97ee87fca3ef9ce5a8bc4fea02e34975723da,seer_dial_p115,discovery,cold,0,echo_rtt,0.057,ok
fcc97ee87fca3ef9ce5a8bc4fea02e34975723da,seer_dial_p115,discovery,cold,0,echo_rtt,0.066,ok
fcc97ee87fca3ef9ce5a8bc4fea02e34975723da,seer_dial_p115,discovery,cold,0,echo_rtt,0.065,ok
fcc97ee87fca3ef9ce5a8bc4fea02e34975723da,seer_dial_p115,discovery,cold,0,echo_rtt,0.039,ok
fcc97ee87fca3ef9ce5a8bc4fea02e34975723da,seer_dial_p115,discovery,cold,0,echo_rtt,0.047,ok
fcc97ee87fca3ef9ce5a8bc4fea02e34975723da,seer_dial_p115,discovery,cold,0,echo_rtt,0.036,ok
fcc97ee87fca3ef9ce5a8bc4fea02e34975723da,seer_dial_p115,discovery,cold,0,echo_rtt,0.046,ok
fcc97ee87fca3ef9ce5a8bc4fea02e34975723da,seer_dial_p115,discovery,cold,0,echo_rtt,0.035,ok
fcc97ee87fca3ef9ce5a8bc4fea02e34975723da,seer_dial_p115,discovery,cold,0,echo_rtt,0.052,ok
fcc97ee87fca3ef9ce5a8bc4fea02e34975723da,seer_dial_p115,discovery,cold,0,echo_rtt,0.085,ok
fcc97ee87fca3ef9ce5a8bc4fea02e34975723da,seer_dial_p115,discovery,cold,0,echo_rtt,0.054,ok
fcc97ee87fca3ef9ce5a8bc4fea02e34975723da,seer_dial_p115,discovery,cold,0,echo_rtt,0.036,ok
fcc97ee87fca3ef9ce5a8bc4fea02e34975723da,seer_dial_p115,discovery,cold,0,echo_rtt,0.045,ok
fcc97ee87fca3ef9ce5a8bc4fea02e34975723da,seer_dial_p115,discovery,cold,0,echo_rtt,0.032,ok
fcc97ee87fca3ef9ce5a8bc4fea02e34975723da,seer_dial_p115,discovery,cold,0,echo_rtt,0.045,ok
fcc97ee87fca3ef9ce5a8bc4fea02e34975723da,seer_dial_p115,discovery,cold,0,echo_rtt,0.034,ok
fcc97ee87fca3ef9ce5a8bc4fea02e34975723da,seer_dial_p115,discovery,cold,0,echo_rtt,0.044,ok
fcc97ee87fca3ef9ce5a8bc4fea02e34975723da,seer_dial_p115,discovery,cold,0,echo_rtt,0.034,ok
fcc97ee87fca3ef9ce5a8bc4fea02e34975723da,seer_dial_p115,discovery,cold,0,echo_rtt,0.044,ok
fcc97ee87fca3ef9ce5a8bc4fea02e34975723da,seer_dial_p115,discovery,cold,0,echo_rtt,0.034,ok
fcc97ee87fca3ef9ce5a8bc4fea02e34975723da,seer_dial_p115,discovery,cold,0,echo_rtt,0.048,ok
fcc97ee87fca3ef9ce5a8bc4fea02e34975723da,seer_dial_p115,discovery,cold,0,echo_rtt,0.035,ok
fcc97ee87fca3ef9ce5a8bc4fea02e34975723da,seer_dial_p115,discovery,cold,0,echo_rtt,0.057,ok
fcc97ee87fca3ef9ce5a8bc4fea02e34975723da,seer_dial_p115,discovery,cold,0,echo_rtt,0.052,ok
fcc97ee87fca3ef9ce5a8bc4fea02e34975723da,seer_dial_p115,discovery,cold,0,echo_rtt,0.046,ok
fcc97ee87fca3ef9ce5a8bc4fea02e34975723da,seer_dial_p115,discovery,cold,0,echo_rtt,0.052,ok
fcc97ee87fca3ef9ce5a8bc4fea02e34975723da,seer_dial_p115,discovery,cold,0,echo_rtt,0.046,ok
fcc97ee87fca3ef9ce5a8bc4fea02e34975723da,seer_dial_p115,discovery,cold,0,echo_rtt,0.036,ok
fcc97ee87fca3ef9ce5a8bc4fea02e34975723da,seer_dial_p115,discovery,cold,0,echo_rtt,0.046,ok
fcc97ee87fca3ef9ce5a8bc4fea02e34975723da,seer_dial_p115,discovery,cold,0,echo_rtt,0.039,ok
fcc97ee87fca3ef9ce5a8bc4fea02e34975723da,seer_dial_p115,discovery,cold,0,echo_rtt,0.050,ok
fcc97ee87fca3ef9ce5a8bc4fea02e34975723da,seer_dial_p115,discovery,cold,0,echo_rtt,0.037,ok
fcc97ee87fca3ef9ce5a8bc4fea02e34975723da,seer_dial_p115,discovery,cold,0,echo_rtt,0.043,ok
fcc97ee87fca3ef9ce5a8bc4fea02e34975723da,seer_dial_p115,discovery,cold,0,echo_rtt,0.034,ok
fcc97ee87fca3ef9ce5a8bc4fea02e34975723da,seer_dial_p115,discovery,cold,0,echo_rtt,0.044,ok
fcc97ee87fca3ef9ce5a8bc4fea02e34975723da,seer_dial_p115,discovery,cold,0,echo_rtt,0.034,ok
fcc97ee87fca3ef9ce5a8bc4fea02e34975723da,seer_dial_p115,discovery,cold,0,echo_rtt,0.043,ok
fcc97ee87fca3ef9ce5a8bc4fea02e34975723da,seer_dial_p115,discovery,cold,0,echo_rtt,0.034,ok
fcc97ee87fca3ef9ce5a8bc4fea02e34975723da,seer_dial_p115,discovery,cold,0,echo_rtt,0.063,ok
fcc97ee87fca3ef9ce5a8bc4fea02e34975723da,seer_dial_p115,discovery,cold,0,echo_rtt,0.034,ok
fcc97ee87fca3ef9ce5a8bc4fea02e34975723da,seer_dial_p115,discovery,cold,0,echo_rtt,0.044,ok
fcc97ee87fca3ef9ce5a8bc4fea02e34975723da,seer_dial_p115,discovery,cold,0,echo_rtt,0.037,ok
fcc97ee87fca3ef9ce5a8bc4fea02e34975723da,seer_dial_p115,discovery,cold,0,echo_rtt,0.040,ok
fcc97ee87fca3ef9ce5a8bc4fea02e34975723da,seer_dial_p115,discovery,cold,0,echo_rtt,0.036,ok
fcc97ee87fca3ef9ce5a8bc4fea02e34975723da,seer_dial_p115,discovery,cold,0,echo_rtt,0.035,ok
fcc97ee87fca3ef9ce5a8bc4fea02e34975723da,seer_dial_p115,discovery,cold,0,echo_rtt,0.035,ok
fcc97ee87fca3ef9ce5a8bc4fea02e34975723da,seer_dial_p115,discovery,cold,0,echo_rtt,0.036,ok
fcc97ee87fca3ef9ce5a8bc4fea02e34975723da,seer_dial_p115,discovery,cold,0,echo_rtt,0.035,ok
fcc97ee87fca3ef9ce5a8bc4fea02e34975723da,seer_dial_p115,discovery,cold,0,echo_rtt,0.035,ok
fcc97ee87fca3ef9ce5a8bc4fea02e34975723da,seer_dial_p115,discovery,cold,0,echo_rtt,0.036,ok
fcc97ee87fca3ef9ce5a8bc4fea02e34975723da,seer_dial_p115,discovery,cold,0,echo_rtt,0.067,ok
fcc97ee87fca3ef9ce5a8bc4fea02e34975723da,seer_dial_p115,discovery,cold,0,echo_rtt,0.042,ok
fcc97ee87fca3ef9ce5a8bc4fea02e34975723da,seer_dial_p115,discovery,cold,0,echo_rtt,0.041,ok
fcc97ee87fca3ef9ce5a8bc4fea02e34975723da,seer_dial_p115,discovery,cold,0,echo_rtt,0.039,ok
fcc97ee87fca3ef9ce5a8bc4fea02e34975723da,seer_dial_p115,discovery,cold,0,echo_rtt,0.040,ok
fcc97ee87fca3ef9ce5a8bc4fea02e34975723da,seer_dial_p115,discovery,cold,0,echo_rtt,0.038,ok
fcc97ee87fca3ef9ce5a8bc4fea02e34975723da,seer_dial_p115,discovery,cold,0,echo_rtt,0.053,ok
fcc97ee87fca3ef9ce5a8bc4fea02e34975723da,seer_dial_p115,discovery,cold,0,echo_rtt,0.078,ok
fcc97ee87fca3ef9ce5a8bc4fea02e34975723da,seer_dial_p115,discovery,cold,0,echo_rtt,0.042,ok
fcc97ee87fca3ef9ce5a8bc4fea02e34975723da,seer_dial_p115,discovery,cold,0,echo_rtt,0.039,ok
fcc97ee87fca3ef9ce5a8bc4fea02e34975723da,seer_dial_p115,discovery,cold,0,echo_rtt,0.039,ok
fcc97ee87fca3ef9ce5a8bc4fea02e34975723da,seer_dial_p115,discovery,cold,0,echo_rtt,0.039,ok
fcc97ee87fca3ef9ce5a8bc4fea02e34975723da,seer_dial_p115,discovery,cold,0,echo_rtt,0.041,ok
fcc97ee87fca3ef9ce5a8bc4fea02e34975723da,seer_dial_p115,discovery,cold,0,echo_rtt,0.039,ok
fcc97ee87fca3ef9ce5a8bc4fea02e34975723da,seer_dial_p115,discovery,cold,0,echo_rtt,0.039,ok
fcc97ee87fca3ef9ce5a8bc4fea02e34975723da,seer_dial_p115,discovery,cold,0,echo_rtt,0.071,ok
fcc97ee87fca3ef9ce5a8bc4fea02e34975723da,seer_dial_p115,discovery,cold,0,echo_rtt,0.041,ok
fcc97ee87fca3ef9ce5a8bc4fea02e34975723da,seer_dial_p115,discovery,cold,0,echo_rtt,0.039,ok
fcc97ee87fca3ef9ce5a8bc4fea02e34975723da,seer_dial_p115,discovery,cold,0,echo_rtt,0.039,ok
fcc97ee87fca3ef9ce5a8bc4fea02e34975723da,seer_dial_p115,discovery,cold,0,echo_rtt,0.039,ok
fcc97ee87fca3ef9ce5a8bc4fea02e34975723da,seer_dial_p115,discovery,cold,0,echo_rtt,0.041,ok
fcc97ee87fca3ef9ce5a8bc4fea02e34975723da,seer_dial_p115,discovery,cold,0,echo_rtt,0.040,ok
fcc97ee87fca3ef9ce5a8bc4fea02e34975723da,seer_dial_p115,discovery,cold,0,echo_rtt,0.050,ok
fcc97ee87fca3ef9ce5a8bc4fea02e34975723da,seer_dial_p115,discovery,cold,0,echo_rtt,0.040,ok
fcc97ee87fca3ef9ce5a8bc4fea02e34975723da,seer_dial_p115,discovery,cold,0,echo_rtt,0.039,ok
fcc97ee87fca3ef9ce5a8bc4fea02e34975723da,seer_dial_p115,discovery,cold,0,echo_rtt,0.038,ok
fcc97ee87fca3ef9ce5a8bc4fea02e34975723da,seer_dial_p115,discovery,cold,0,echo_rtt,0.039,ok
fcc97ee87fca3ef9ce5a8bc4fea02e34975723da,seer_dial_p115,discovery,cold,0,echo_rtt,0.038,ok
fcc97ee87fca3ef9ce5a8bc4fea02e34975723da,seer_dial_p115,discovery,cold,0,echo_rtt,0.039,ok
fcc97ee87fca3ef9ce5a8bc4fea02e34975723da,seer_dial_p115,discovery,cold,0,echo_rtt,0.038,ok
fcc97ee87fca3ef9ce5a8bc4fea02e34975723da,seer_dial_p115,discovery,cold,0,echo_rtt,0.040,ok
fcc97ee87fca3ef9ce5a8bc4fea02e34975723da,seer_dial_p115,discovery,cold,0,echo_rtt,0.038,ok
fcc97ee87fca3ef9ce5a8bc4fea02e34975723da,seer_dial_p115,discovery,cold,0,seer_dial,195.113,ok
fcc97ee87fca3ef9ce5a8bc4fea02e34975723da,seer_dial_p115,discovery,cold,0,stream_open,80.588,ok
fcc97ee87fca3ef9ce5a8bc4fea02e34975723da,seer_dial_p115,discovery,cold,0,echo_rtt,0.066,ok
fcc97ee87fca3ef9ce5a8bc4fea02e34975723da,seer_dial_p115,discovery,cold,0,echo_rtt,0.053,ok
fcc97ee87fca3ef9ce5a8bc4fea02e34975723da,seer_dial_p115,discovery,cold,0,echo_rtt,0.036,ok
fcc97ee87fca3ef9ce5a8bc4fea02e34975723da,seer_dial_p115,discovery,cold,0,echo_rtt,0.043,ok
fcc97ee87fca3ef9ce5a8bc4fea02e34975723da,seer_dial_p115,discovery,cold,0,echo_rtt,0.033,ok
fcc97ee87fca3ef9ce5a8bc4fea02e34975723da,seer_dial_p115,discovery,cold,0,echo_rtt,0.043,ok
fcc97ee87fca3ef9ce5a8bc4fea02e34975723da,seer_dial_p115,discovery,cold,0,echo_rtt,0.032,ok
fcc97ee87fca3ef9ce5a8bc4fea02e34975723da,seer_dial_p115,discovery,cold,0,echo_rtt,0.041,ok
fcc97ee87fca3ef9ce5a8bc4fea02e34975723da,seer_dial_p115,discovery,cold,0,echo_rtt,0.032,ok
fcc97ee87fca3ef9ce5a8bc4fea02e34975723da,seer_dial_p115,discovery,cold,0,echo_rtt,0.042,ok
fcc97ee87fca3ef9ce5a8bc4fea02e34975723da,seer_dial_p115,discovery,cold,0,echo_rtt,0.032,ok
fcc97ee87fca3ef9ce5a8bc4fea02e34975723da,seer_dial_p115,discovery,cold,0,echo_rtt,0.041,ok
fcc97ee87fca3ef9ce5a8bc4fea02e34975723da,seer_dial_p115,discovery,cold,0,echo_rtt,0.036,ok
fcc97ee87fca3ef9ce5a8bc4fea02e34975723da,seer_dial_p115,discovery,cold,0,echo_rtt,0.048,ok
fcc97ee87fca3ef9ce5a8bc4fea02e34975723da,seer_dial_p115,discovery,cold,0,echo_rtt,0.032,ok
fcc97ee87fca3ef9ce5a8bc4fea02e34975723da,seer_dial_p115,discovery,cold,0,echo_rtt,0.046,ok
fcc97ee87fca3ef9ce5a8bc4fea02e34975723da,seer_dial_p115,discovery,cold,0,echo_rtt,0.033,ok
fcc97ee87fca3ef9ce5a8bc4fea02e34975723da,seer_dial_p115,discovery,cold,0,echo_rtt,0.041,ok
fcc97ee87fca3ef9ce5a8bc4fea02e34975723da,seer_dial_p115,discovery,cold,0,echo_rtt,0.044,ok
fcc97ee87fca3ef9ce5a8bc4fea02e34975723da,seer_dial_p115,discovery,cold,0,echo_rtt,0.053,ok
fcc97ee87fca3ef9ce5a8bc4fea02e34975723da,seer_dial_p115,discovery,cold,0,echo_rtt,0.033,ok
fcc97ee87fca3ef9ce5a8bc4fea02e34975723da,seer_dial_p115,discovery,cold,0,echo_rtt,0.041,ok
fcc97ee87fca3ef9ce5a8bc4fea02e34975723da,seer_dial_p115,discovery,cold,0,echo_rtt,0.031,ok
fcc97ee87fca3ef9ce5a8bc4fea02e34975723da,seer_dial_p115,discovery,cold,0,echo_rtt,0.039,ok
fcc97ee87fca3ef9ce5a8bc4fea02e34975723da,seer_dial_p115,discovery,cold,0,echo_rtt,0.031,ok
fcc97ee87fca3ef9ce5a8bc4fea02e34975723da,seer_dial_p115,discovery,cold,0,echo_rtt,0.040,ok
fcc97ee87fca3ef9ce5a8bc4fea02e34975723da,seer_dial_p115,discovery,cold,0,echo_rtt,0.031,ok
fcc97ee87fca3ef9ce5a8bc4fea02e34975723da,seer_dial_p115,discovery,cold,0,echo_rtt,0.040,ok
fcc97ee87fca3ef9ce5a8bc4fea02e34975723da,seer_dial_p115,discovery,cold,0,echo_rtt,0.031,ok
fcc97ee87fca3ef9ce5a8bc4fea02e34975723da,seer_dial_p115,discovery,cold,0,echo_rtt,0.040,ok
fcc97ee87fca3ef9ce5a8bc4fea02e34975723da,seer_dial_p115,discovery,cold,0,echo_rtt,0.031,ok
fcc97ee87fca3ef9ce5a8bc4fea02e34975723da,seer_dial_p115,discovery,cold,0,echo_rtt,0.040,ok
fcc97ee87fca3ef9ce5a8bc4fea02e34975723da,seer_dial_p115,discovery,cold,0,echo_rtt,0.031,ok
fcc97ee87fca3ef9ce5a8bc4fea02e34975723da,seer_dial_p115,discovery,cold,0,echo_rtt,0.047,ok
fcc97ee87fca3ef9ce5a8bc4fea02e34975723da,seer_dial_p115,discovery,cold,0,echo_rtt,0.034,ok
fcc97ee87fca3ef9ce5a8bc4fea02e34975723da,seer_dial_p115,discovery,cold,0,echo_rtt,0.044,ok
fcc97ee87fca3ef9ce5a8bc4fea02e34975723da,seer_dial_p115,discovery,cold,0,echo_rtt,0.034,ok
fcc97ee87fca3ef9ce5a8bc4fea02e34975723da,seer_dial_p115,discovery,cold,0,echo_rtt,0.044,ok
fcc97ee87fca3ef9ce5a8bc4fea02e34975723da,seer_dial_p115,discovery,cold,0,echo_rtt,0.034,ok
fcc97ee87fca3ef9ce5a8bc4fea02e34975723da,seer_dial_p115,discovery,cold,0,echo_rtt,0.044,ok
fcc97ee87fca3ef9ce5a8bc4fea02e34975723da,seer_dial_p115,discovery,cold,0,echo_rtt,0.040,ok
fcc97ee87fca3ef9ce5a8bc4fea02e34975723da,seer_dial_p115,discovery,cold,0,echo_rtt,0.045,ok
fcc97ee87fca3ef9ce5a8bc4fea02e34975723da,seer_dial_p115,discovery,cold,0,echo_rtt,0.035,ok
fcc97ee87fca3ef9ce5a8bc4fea02e34975723da,seer_dial_p115,discovery,cold,0,echo_rtt,0.044,ok
fcc97ee87fca3ef9ce5a8bc4fea02e34975723da,seer_dial_p115,discovery,cold,0,echo_rtt,0.034,ok
fcc97ee87fca3ef9ce5a8bc4fea02e34975723da,seer_dial_p115,discovery,cold,0,echo_rtt,0.044,ok
fcc97ee87fca3ef9ce5a8bc4fea02e34975723da,seer_dial_p115,discovery,cold,0,echo_rtt,0.034,ok
fcc97ee87fca3ef9ce5a8bc4fea02e34975723da,seer_dial_p115,discovery,cold,0,echo_rtt,0.045,ok
fcc97ee87fca3ef9ce5a8bc4fea02e34975723da,seer_dial_p115,discovery,cold,0,echo_rtt,0.035,ok
fcc97ee87fca3ef9ce5a8bc4fea02e34975723da,seer_dial_p115,discovery,cold,0,echo_rtt,0.057,ok
fcc97ee87fca3ef9ce5a8bc4fea02e34975723da,seer_dial_p115,discovery,cold,0,echo_rtt,0.034,ok
fcc97ee87fca3ef9ce5a8bc4fea02e34975723da,seer_dial_p115,discovery,cold,0,echo_rtt,0.044,ok
fcc97ee87fca3ef9ce5a8bc4fea02e34975723da,seer_dial_p115,discovery,cold,0,echo_rtt,0.037,ok
fcc97ee87fca3ef9ce5a8bc4fea02e34975723da,seer_dial_p115,discovery,cold,0,echo_rtt,0.044,ok
fcc97ee87fca3ef9ce5a8bc4fea02e34975723da,seer_dial_p115,discovery,cold,0,echo_rtt,0.034,ok
fcc97ee87fca3ef9ce5a8bc4fea02e34975723da,seer_dial_p115,discovery,cold,0,echo_rtt,0.045,ok
fcc97ee87fca3ef9ce5a8bc4fea02e34975723da,seer_dial_p115,discovery,cold,0,echo_rtt,0.034,ok
fcc97ee87fca3ef9ce5a8bc4fea02e34975723da,seer_dial_p115,discovery,cold,0,echo_rtt,0.047,ok
fcc97ee87fca3ef9ce5a8bc4fea02e34975723da,seer_dial_p115,discovery,cold,0,echo_rtt,0.038,ok
fcc97ee87fca3ef9ce5a8bc4fea02e34975723da,seer_dial_p115,discovery,cold,0,echo_rtt,0.039,ok
fcc97ee87fca3ef9ce5a8bc4fea02e34975723da,seer_dial_p115,discovery,cold,0,echo_rtt,0.039,ok
fcc97ee87fca3ef9ce5a8bc4fea02e34975723da,seer_dial_p115,discovery,cold,0,echo_rtt,0.042,ok
fcc97ee87fca3ef9ce5a8bc4fea02e34975723da,seer_dial_p115,discovery,cold,0,echo_rtt,0.042,ok
fcc97ee87fca3ef9ce5a8bc4fea02e34975723da,seer_dial_p115,discovery,cold,0,echo_rtt,0.047,ok
fcc97ee87fca3ef9ce5a8bc4fea02e34975723da,seer_dial_p115,discovery,cold,0,echo_rtt,0.046,ok
fcc97ee87fca3ef9ce5a8bc4fea02e34975723da,seer_dial_p115,discovery,cold,0,echo_rtt,0.042,ok
fcc97ee87fca3ef9ce5a8bc4fea02e34975723da,seer_dial_p115,discovery,cold,0,echo_rtt,0.039,ok
fcc97ee87fca3ef9ce5a8bc4fea02e34975723da,seer_dial_p115,discovery,cold,0,echo_rtt,0.039,ok
fcc97ee87fca3ef9ce5a8bc4fea02e34975723da,seer_dial_p115,discovery,cold,0,echo_rtt,0.038,ok
fcc97ee87fca3ef9ce5a8bc4fea02e34975723da,seer_dial_p115,discovery,cold,0,echo_rtt,0.039,ok
fcc97ee87fca3ef9ce5a8bc4fea02e34975723da,seer_dial_p115,discovery,cold,0,echo_rtt,0.038,ok
fcc97ee87fca3ef9ce5a8bc4fea02e34975723da,seer_dial_p115,discovery,cold,0,echo_rtt,0.039,ok
fcc97ee87fca3ef9ce5a8bc4fea02e34975723da,seer_dial_p115,discovery,cold,0,echo_rtt,0.039,ok
fcc97ee87fca3ef9ce5a8bc4fea02e34975723da,seer_dial_p115,discovery,cold,0,echo_rtt,0.041,ok
fcc97ee87fca3ef9ce5a8bc4fea02e34975723da,seer_dial_p115,discovery,cold,0,echo_rtt,0.039,ok
fcc97ee87fca3ef9ce5a8bc4fea02e34975723da,seer_dial_p115,discovery,cold,0,echo_rtt,0.039,ok
fcc97ee87fca3ef9ce5a8bc4fea02e34975723da,seer_dial_p115,discovery,cold,0,echo_rtt,0.038,ok
fcc97ee87fca3ef9ce5a8bc4fea02e34975723da,seer_dial_p115,discovery,cold,0,echo_rtt,0.039,ok
fcc97ee87fca3ef9ce5a8bc4fea02e34975723da,seer_dial_p115,discovery,cold,0,echo_rtt,0.039,ok
fcc97ee87fca3ef9ce5a8bc4fea02e34975723da,seer_dial_p115,discovery,cold,0,echo_rtt,0.039,ok
fcc97ee87fca3ef9ce5a8bc4fea02e34975723da,seer_dial_p115,discovery,cold,0,echo_rtt,0.039,ok
fcc97ee87fca3ef9ce5a8bc4fea02e34975723da,seer_dial_p115,discovery,cold,0,echo_rtt,0.035,ok
fcc97ee87fca3ef9ce5a8bc4fea02e34975723da,seer_dial_p115,discovery,cold,0,echo_rtt,0.036,ok
fcc97ee87fca3ef9ce5a8bc4fea02e34975723da,seer_dial_p115,discovery,cold,0,echo_rtt,0.036,ok
fcc97ee87fca3ef9ce5a8bc4fea02e34975723da,seer_dial_p115,discovery,cold,0,echo_rtt,0.037,ok
fcc97ee87fca3ef9ce5a8bc4fea02e34975723da,seer_dial_p115,discovery,cold,0,echo_rtt,0.036,ok
fcc97ee87fca3ef9ce5a8bc4fea02e34975723da,seer_dial_p115,discovery,cold,0,echo_rtt,0.035,ok
fcc97ee87fca3ef9ce5a8bc4fea02e34975723da,seer_dial_p115,discovery,cold,0,echo_rtt,0.036,ok
fcc97ee87fca3ef9ce5a8bc4fea02e34975723da,seer_dial_p115,discovery,cold,0,echo_rtt,0.036,ok
fcc97ee87fca3ef9ce5a8bc4fea02e34975723da,seer_dial_p115,discovery,cold,0,echo_rtt,0.043,ok
fcc97ee87fca3ef9ce5a8bc4fea02e34975723da,seer_dial_p115,discovery,cold,0,echo_rtt,0.049,ok
fcc97ee87fca3ef9ce5a8bc4fea02e34975723da,seer_dial_p115,discovery,cold,0,echo_rtt,0.049,ok
fcc97ee87fca3ef9ce5a8bc4fea02e34975723da,seer_dial_p115,discovery,cold,0,echo_rtt,0.044,ok
fcc97ee87fca3ef9ce5a8bc4fea02e34975723da,seer_dial_p115,discovery,cold,0,echo_rtt,0.042,ok
fcc97ee87fca3ef9ce5a8bc4fea02e34975723da,seer_dial_p115,discovery,cold,0,echo_rtt,0.039,ok
fcc97ee87fca3ef9ce5a8bc4fea02e34975723da,seer_dial_p115,discovery,cold,0,echo_rtt,0.039,ok
fcc97ee87fca3ef9ce5a8bc4fea02e34975723da,seer_dial_p115,discovery,cold,0,echo_rtt,0.039,ok
fcc97ee87fca3ef9ce5a8bc4fea02e34975723da,seer_dial_p115,discovery,cold,0,echo_rtt,0.040,ok
fcc97ee87fca3ef9ce5a8bc4fea02e34975723da,seer_dial_p115,discovery,cold,0,echo_rtt,0.039,ok
fcc97ee87fca3ef9ce5a8bc4fea02e34975723da,seer_dial_p115,discovery,cold,0,echo_rtt,0.039,ok
fcc97ee87fca3ef9ce5a8bc4fea02e34975723da,seer_dial_p115,discovery,cold,0,seer_dial,194.002,ok
fcc97ee87fca3ef9ce5a8bc4fea02e34975723da,seer_dial_p115,discovery,cold,0,stream_open,117.832,ok
fcc97ee87fca3ef9ce5a8bc4fea02e34975723da,seer_dial_p115,discovery,cold,0,echo_rtt,0.222,ok
fcc97ee87fca3ef9ce5a8bc4fea02e34975723da,seer_dial_p115,discovery,cold,0,echo_rtt,0.053,ok
fcc97ee87fca3ef9ce5a8bc4fea02e34975723da,seer_dial_p115,discovery,cold,0,echo_rtt,0.042,ok
fcc97ee87fca3ef9ce5a8bc4fea02e34975723da,seer_dial_p115,discovery,cold,0,echo_rtt,0.039,ok
fcc97ee87fca3ef9ce5a8bc4fea02e34975723da,seer_dial_p115,discovery,cold,0,echo_rtt,0.038,ok
fcc97ee87fca3ef9ce5a8bc4fea02e34975723da,seer_dial_p115,discovery,cold,0,echo_rtt,0.037,ok
fcc97ee87fca3ef9ce5a8bc4fea02e34975723da,seer_dial_p115,discovery,cold,0,echo_rtt,0.062,ok
fcc97ee87fca3ef9ce5a8bc4fea02e34975723da,seer_dial_p115,discovery,cold,0,echo_rtt,0.040,ok
fcc97ee87fca3ef9ce5a8bc4fea02e34975723da,seer_dial_p115,discovery,cold,0,echo_rtt,0.037,ok
fcc97ee87fca3ef9ce5a8bc4fea02e34975723da,seer_dial_p115,discovery,cold,0,echo_rtt,0.037,ok
fcc97ee87fca3ef9ce5a8bc4fea02e34975723da,seer_dial_p115,discovery,cold,0,echo_rtt,0.038,ok
fcc97ee87fca3ef9ce5a8bc4fea02e34975723da,seer_dial_p115,discovery,cold,0,echo_rtt,0.041,ok
fcc97ee87fca3ef9ce5a8bc4fea02e34975723da,seer_dial_p115,discovery,cold,0,echo_rtt,0.044,ok
fcc97ee87fca3ef9ce5a8bc4fea02e34975723da,seer_dial_p115,discovery,cold,0,echo_rtt,0.044,ok
fcc97ee87fca3ef9ce5a8bc4fea02e34975723da,seer_dial_p115,discovery,cold,0,echo_rtt,0.044,ok
fcc97ee87fca3ef9ce5a8bc4fea02e34975723da,seer_dial_p115,discovery,cold,0,echo_rtt,0.044,ok
fcc97ee87fca3ef9ce5a8bc4fea02e34975723da,seer_dial_p115,discovery,cold,0,echo_rtt,0.042,ok
fcc97ee87fca3ef9ce5a8bc4fea02e34975723da,seer_dial_p115,discovery,cold,0,echo_rtt,0.044,ok
fcc97ee87fca3ef9ce5a8bc4fea02e34975723da,seer_dial_p115,discovery,cold,0,echo_rtt,0.050,ok
fcc97ee87fca3ef9ce5a8bc4fea02e34975723da,seer_dial_p115,discovery,cold,0,echo_rtt,0.047,ok
fcc97ee87fca3ef9ce5a8bc4fea02e34975723da,seer_dial_p115,discovery,cold,0,echo_rtt,0.045,ok
fcc97ee87fca3ef9ce5a8bc4fea02e34975723da,seer_dial_p115,discovery,cold,0,echo_rtt,0.052,ok
fcc97ee87fca3ef9ce5a8bc4fea02e34975723da,seer_dial_p115,discovery,cold,0,echo_rtt,0.039,ok
fcc97ee87fca3ef9ce5a8bc4fea02e34975723da,seer_dial_p115,discovery,cold,0,echo_rtt,0.059,ok
fcc97ee87fca3ef9ce5a8bc4fea02e34975723da,seer_dial_p115,discovery,cold,0,echo_rtt,0.039,ok
fcc97ee87fca3ef9ce5a8bc4fea02e34975723da,seer_dial_p115,discovery,cold,0,echo_rtt,0.047,ok
fcc97ee87fca3ef9ce5a8bc4fea02e34975723da,seer_dial_p115,discovery,cold,0,echo_rtt,0.042,ok
fcc97ee87fca3ef9ce5a8bc4fea02e34975723da,seer_dial_p115,discovery,cold,0,echo_rtt,0.119,ok
fcc97ee87fca3ef9ce5a8bc4fea02e34975723da,seer_dial_p115,discovery,cold,0,echo_rtt,0.043,ok
fcc97ee87fca3ef9ce5a8bc4fea02e34975723da,seer_dial_p115,discovery,cold,0,echo_rtt,0.051,ok
fcc97ee87fca3ef9ce5a8bc4fea02e34975723da,seer_dial_p115,discovery,cold,0,echo_rtt,0.040,ok
fcc97ee87fca3ef9ce5a8bc4fea02e34975723da,seer_dial_p115,discovery,cold,0,echo_rtt,0.048,ok
fcc97ee87fca3ef9ce5a8bc4fea02e34975723da,seer_dial_p115,discovery,cold,0,echo_rtt,0.038,ok
fcc97ee87fca3ef9ce5a8bc4fea02e34975723da,seer_dial_p115,discovery,cold,0,echo_rtt,0.046,ok
fcc97ee87fca3ef9ce5a8bc4fea02e34975723da,seer_dial_p115,discovery,cold,0,echo_rtt,0.034,ok
fcc97ee87fca3ef9ce5a8bc4fea02e34975723da,seer_dial_p115,discovery,cold,0,echo_rtt,0.045,ok
fcc97ee87fca3ef9ce5a8bc4fea02e34975723da,seer_dial_p115,discovery,cold,0,echo_rtt,0.033,ok
fcc97ee87fca3ef9ce5a8bc4fea02e34975723da,seer_dial_p115,discovery,cold,0,echo_rtt,0.045,ok
fcc97ee87fca3ef9ce5a8bc4fea02e34975723da,seer_dial_p115,discovery,cold,0,echo_rtt,0.041,ok
fcc97ee87fca3ef9ce5a8bc4fea02e34975723da,seer_dial_p115,discovery,cold,0,echo_rtt,0.045,ok
fcc97ee87fca3ef9ce5a8bc4fea02e34975723da,seer_dial_p115,discovery,cold,0,echo_rtt,0.035,ok
fcc97ee87fca3ef9ce5a8bc4fea02e34975723da,seer_dial_p115,discovery,cold,0,echo_rtt,0.045,ok
fcc97ee87fca3ef9ce5a8bc4fea02e34975723da,seer_dial_p115,discovery,cold,0,echo_rtt,0.035,ok
fcc97ee87fca3ef9ce5a8bc4fea02e34975723da,seer_dial_p115,discovery,cold,0,echo_rtt,0.046,ok
fcc97ee87fca3ef9ce5a8bc4fea02e34975723da,seer_dial_p115,discovery,cold,0,echo_rtt,0.034,ok
fcc97ee87fca3ef9ce5a8bc4fea02e34975723da,seer_dial_p115,discovery,cold,0,echo_rtt,0.045,ok
fcc97ee87fca3ef9ce5a8bc4fea02e34975723da,seer_dial_p115,discovery,cold,0,echo_rtt,0.034,ok
fcc97ee87fca3ef9ce5a8bc4fea02e34975723da,seer_dial_p115,discovery,cold,0,echo_rtt,0.045,ok
fcc97ee87fca3ef9ce5a8bc4fea02e34975723da,seer_dial_p115,discovery,cold,0,echo_rtt,0.039,ok
fcc97ee87fca3ef9ce5a8bc4fea02e34975723da,seer_dial_p115,discovery,cold,0,echo_rtt,0.040,ok
fcc97ee87fca3ef9ce5a8bc4fea02e34975723da,seer_dial_p115,discovery,cold,0,echo_rtt,0.041,ok
fcc97ee87fca3ef9ce5a8bc4fea02e34975723da,seer_dial_p115,discovery,cold,0,echo_rtt,0.040,ok
fcc97ee87fca3ef9ce5a8bc4fea02e34975723da,seer_dial_p115,discovery,cold,0,echo_rtt,0.040,ok
fcc97ee87fca3ef9ce5a8bc4fea02e34975723da,seer_dial_p115,discovery,cold,0,echo_rtt,0.039,ok
fcc97ee87fca3ef9ce5a8bc4fea02e34975723da,seer_dial_p115,discovery,cold,0,echo_rtt,0.041,ok
fcc97ee87fca3ef9ce5a8bc4fea02e34975723da,seer_dial_p115,discovery,cold,0,echo_rtt,0.037,ok
fcc97ee87fca3ef9ce5a8bc4fea02e34975723da,seer_dial_p115,discovery,cold,0,echo_rtt,0.037,ok
fcc97ee87fca3ef9ce5a8bc4fea02e34975723da,seer_dial_p115,discovery,cold,0,echo_rtt,0.036,ok
fcc97ee87fca3ef9ce5a8bc4fea02e34975723da,seer_dial_p115,discovery,cold,0,echo_rtt,0.036,ok
fcc97ee87fca3ef9ce5a8bc4fea02e34975723da,seer_dial_p115,discovery,cold,0,echo_rtt,0.035,ok
fcc97ee87fca3ef9ce5a8bc4fea02e34975723da,seer_dial_p115,discovery,cold,0,echo_rtt,0.038,ok
fcc97ee87fca3ef9ce5a8bc4fea02e34975723da,seer_dial_p115,discovery,cold,0,echo_rtt,0.037,ok
fcc97ee87fca3ef9ce5a8bc4fea02e34975723da,seer_dial_p115,discovery,cold,0,echo_rtt,0.037,ok
fcc97ee87fca3ef9ce5a8bc4fea02e34975723da,seer_dial_p115,discovery,cold,0,echo_rtt,0.043,ok
fcc97ee87fca3ef9ce5a8bc4fea02e34975723da,seer_dial_p115,discovery,cold,0,echo_rtt,0.038,ok
fcc97ee87fca3ef9ce5a8bc4fea02e34975723da,seer_dial_p115,discovery,cold,0,echo_rtt,0.036,ok
fcc97ee87fca3ef9ce5a8bc4fea02e34975723da,seer_dial_p115,discovery,cold,0,echo_rtt,0.039,ok
fcc97ee87fca3ef9ce5a8bc4fea02e34975723da,seer_dial_p115,discovery,cold,0,echo_rtt,0.036,ok
fcc97ee87fca3ef9ce5a8bc4fea02e34975723da,seer_dial_p115,discovery,cold,0,echo_rtt,0.038,ok
fcc97ee87fca3ef9ce5a8bc4fea02e34975723da,seer_dial_p115,discovery,cold,0,echo_rtt,0.037,ok
fcc97ee87fca3ef9ce5a8bc4fea02e34975723da,seer_dial_p115,discovery,cold,0,echo_rtt,0.036,ok
fcc97ee87fca3ef9ce5a8bc4fea02e34975723da,seer_dial_p115,discovery,cold,0,echo_rtt,0.036,ok
fcc97ee87fca3ef9ce5a8bc4fea02e34975723da,seer_dial_p115,discovery,cold,0,echo_rtt,0.037,ok
fcc97ee87fca3ef9ce5a8bc4fea02e34975723da,seer_dial_p115,discovery,cold,0,echo_rtt,0.036,ok
fcc97ee87fca3ef9ce5a8bc4fea02e34975723da,seer_dial_p115,discovery,cold,0,echo_rtt,0.038,ok
fcc97ee87fca3ef9ce5a8bc4fea02e34975723da,seer_dial_p115,discovery,cold,0,echo_rtt,0.037,ok
fcc97ee87fca3ef9ce5a8bc4fea02e34975723da,seer_dial_p115,discovery,cold,0,echo_rtt,0.038,ok
fcc97ee87fca3ef9ce5a8bc4fea02e34975723da,seer_dial_p115,discovery,cold,0,echo_rtt,0.037,ok
fcc97ee87fca3ef9ce5a8bc4fea02e34975723da,seer_dial_p115,discovery,cold,0,echo_rtt,0.056,ok
fcc97ee87fca3ef9ce5a8bc4fea02e34975723da,seer_dial_p115,discovery,cold,0,echo_rtt,0.053,ok
fcc97ee87fca3ef9ce5a8bc4fea02e34975723da,seer_dial_p115,discovery,cold,0,echo_rtt,0.057,ok
fcc97ee87fca3ef9ce5a8bc4fea02e34975723da,seer_dial_p115,discovery,cold,0,echo_rtt,0.040,ok
fcc97ee87fca3ef9ce5a8bc4fea02e34975723da,seer_dial_p115,discovery,cold,0,echo_rtt,0.043,ok
fcc97ee87fca3ef9ce5a8bc4fea02e34975723da,seer_dial_p115,discovery,cold,0,echo_rtt,0.040,ok
fcc97ee87fca3ef9ce5a8bc4fea02e34975723da,seer_dial_p115,discovery,cold,0,echo_rtt,0.042,ok
fcc97ee87fca3ef9ce5a8bc4fea02e34975723da,seer_dial_p115,discovery,cold,0,echo_rtt,0.039,ok
fcc97ee87fca3ef9ce5a8bc4fea02e34975723da,seer_dial_p115,discovery,cold,0,echo_rtt,0.042,ok
fcc97ee87fca3ef9ce5a8bc4fea02e34975723da,seer_dial_p115,discovery,cold,0,echo_rtt,0.043,ok
fcc97ee87fca3ef9ce5a8bc4fea02e34975723da,seer_dial_p115,discovery,cold,0,echo_rtt,0.062,ok
fcc97ee87fca3ef9ce5a8bc4fea02e34975723da,seer_dial_p115,discovery,cold,0,echo_rtt,0.040,ok
fcc97ee87fca3ef9ce5a8bc4fea02e34975723da,seer_dial_p115,discovery,cold,0,echo_rtt,0.040,ok
fcc97ee87fca3ef9ce5a8bc4fea02e34975723da,seer_dial_p115,discovery,cold,0,echo_rtt,0.039,ok
fcc97ee87fca3ef9ce5a8bc4fea02e34975723da,seer_dial_p115,discovery,cold,0,echo_rtt,0.041,ok
fcc97ee87fca3ef9ce5a8bc4fea02e34975723da,seer_dial_p115,discovery,cold,0,echo_rtt,0.067,ok
fcc97ee87fca3ef9ce5a8bc4fea02e34975723da,seer_dial_p115,discovery,cold,0,echo_rtt,0.046,ok
fcc97ee87fca3ef9ce5a8bc4fea02e34975723da,seer_dial_p115,discovery,cold,0,echo_rtt,0.039,ok
fcc97ee87fca3ef9ce5a8bc4fea02e34975723da,seer_dial_p115,discovery,cold,0,echo_rtt,0.040,ok
fcc97ee87fca3ef9ce5a8bc4fea02e34975723da,seer_dial_p115,discovery,cold,0,echo_rtt,0.039,ok
fcc97ee87fca3ef9ce5a8bc4fea02e34975723da,seer_dial_p115,discovery,cold,0,echo_rtt,0.041,ok
fcc97ee87fca3ef9ce5a8bc4fea02e34975723da,seer_dial_p115,discovery,cold,0,echo_rtt,0.039,ok
fcc97ee87fca3ef9ce5a8bc4fea02e34975723da,seer_dial_p115,discovery,cold,0,seer_dial,201.835,ok
fcc97ee87fca3ef9ce5a8bc4fea02e34975723da,seer_dial_p115,discovery,cold,0,stream_open,84.039,ok
fcc97ee87fca3ef9ce5a8bc4fea02e34975723da,seer_dial_p115,discovery,cold,0,echo_rtt,0.045,ok
fcc97ee87fca3ef9ce5a8bc4fea02e34975723da,seer_dial_p115,discovery,cold,0,echo_rtt,0.046,ok
fcc97ee87fca3ef9ce5a8bc4fea02e34975723da,seer_dial_p115,discovery,cold,0,echo_rtt,0.045,ok
fcc97ee87fca3ef9ce5a8bc4fea02e34975723da,seer_dial_p115,discovery,cold,0,echo_rtt,0.050,ok
fcc97ee87fca3ef9ce5a8bc4fea02e34975723da,seer_dial_p115,discovery,cold,0,echo_rtt,0.034,ok
fcc97ee87fca3ef9ce5a8bc4fea02e34975723da,seer_dial_p115,discovery,cold,0,echo_rtt,0.046,ok
fcc97ee87fca3ef9ce5a8bc4fea02e34975723da,seer_dial_p115,discovery,cold,0,echo_rtt,0.030,ok
fcc97ee87fca3ef9ce5a8bc4fea02e34975723da,seer_dial_p115,discovery,cold,0,echo_rtt,0.040,ok
fcc97ee87fca3ef9ce5a8bc4fea02e34975723da,seer_dial_p115,discovery,cold,0,echo_rtt,0.031,ok
fcc97ee87fca3ef9ce5a8bc4fea02e34975723da,seer_dial_p115,discovery,cold,0,echo_rtt,0.045,ok
fcc97ee87fca3ef9ce5a8bc4fea02e34975723da,seer_dial_p115,discovery,cold,0,echo_rtt,0.032,ok
fcc97ee87fca3ef9ce5a8bc4fea02e34975723da,seer_dial_p115,discovery,cold,0,echo_rtt,0.043,ok
fcc97ee87fca3ef9ce5a8bc4fea02e34975723da,seer_dial_p115,discovery,cold,0,echo_rtt,0.036,ok
fcc97ee87fca3ef9ce5a8bc4fea02e34975723da,seer_dial_p115,discovery,cold,0,echo_rtt,0.034,ok
fcc97ee87fca3ef9ce5a8bc4fea02e34975723da,seer_dial_p115,discovery,cold,0,echo_rtt,0.036,ok
fcc97ee87fca3ef9ce5a8bc4fea02e34975723da,seer_dial_p115,discovery,cold,0,echo_rtt,0.035,ok
fcc97ee87fca3ef9ce5a8bc4fea02e34975723da,seer_dial_p115,discovery,cold,0,echo_rtt,0.036,ok
fcc97ee87fca3ef9ce5a8bc4fea02e34975723da,seer_dial_p115,discovery,cold,0,echo_rtt,0.060,ok
fcc97ee87fca3ef9ce5a8bc4fea02e34975723da,seer_dial_p115,discovery,cold,0,echo_rtt,0.043,ok
fcc97ee87fca3ef9ce5a8bc4fea02e34975723da,seer_dial_p115,discovery,cold,0,echo_rtt,0.036,ok
fcc97ee87fca3ef9ce5a8bc4fea02e34975723da,seer_dial_p115,discovery,cold,0,echo_rtt,0.042,ok
fcc97ee87fca3ef9ce5a8bc4fea02e34975723da,seer_dial_p115,discovery,cold,0,echo_rtt,0.032,ok
fcc97ee87fca3ef9ce5a8bc4fea02e34975723da,seer_dial_p115,discovery,cold,0,echo_rtt,0.041,ok
fcc97ee87fca3ef9ce5a8bc4fea02e34975723da,seer_dial_p115,discovery,cold,0,echo_rtt,0.031,ok
fcc97ee87fca3ef9ce5a8bc4fea02e34975723da,seer_dial_p115,discovery,cold,0,echo_rtt,0.040,ok
fcc97ee87fca3ef9ce5a8bc4fea02e34975723da,seer_dial_p115,discovery,cold,0,echo_rtt,0.031,ok
fcc97ee87fca3ef9ce5a8bc4fea02e34975723da,seer_dial_p115,discovery,cold,0,echo_rtt,0.040,ok
fcc97ee87fca3ef9ce5a8bc4fea02e34975723da,seer_dial_p115,discovery,cold,0,echo_rtt,0.037,ok
fcc97ee87fca3ef9ce5a8bc4fea02e34975723da,seer_dial_p115,discovery,cold,0,echo_rtt,0.042,ok
fcc97ee87fca3ef9ce5a8bc4fea02e34975723da,seer_dial_p115,discovery,cold,0,echo_rtt,0.032,ok
fcc97ee87fca3ef9ce5a8bc4fea02e34975723da,seer_dial_p115,discovery,cold,0,echo_rtt,0.040,ok
fcc97ee87fca3ef9ce5a8bc4fea02e34975723da,seer_dial_p115,discovery,cold,0,echo_rtt,0.031,ok
fcc97ee87fca3ef9ce5a8bc4fea02e34975723da,seer_dial_p115,discovery,cold,0,echo_rtt,0.039,ok
fcc97ee87fca3ef9ce5a8bc4fea02e34975723da,seer_dial_p115,discovery,cold,0,echo_rtt,0.031,ok
fcc97ee87fca3ef9ce5a8bc4fea02e34975723da,seer_dial_p115,discovery,cold,0,echo_rtt,0.039,ok
fcc97ee87fca3ef9ce5a8bc4fea02e34975723da,seer_dial_p115,discovery,cold,0,echo_rtt,0.031,ok
fcc97ee87fca3ef9ce5a8bc4fea02e34975723da,seer_dial_p115,discovery,cold,0,echo_rtt,0.041,ok
fcc97ee87fca3ef9ce5a8bc4fea02e34975723da,seer_dial_p115,discovery,cold,0,echo_rtt,0.031,ok
fcc97ee87fca3ef9ce5a8bc4fea02e34975723da,seer_dial_p115,discovery,cold,0,echo_rtt,0.041,ok
fcc97ee87fca3ef9ce5a8bc4fea02e34975723da,seer_dial_p115,discovery,cold,0,echo_rtt,0.032,ok
fcc97ee87fca3ef9ce5a8bc4fea02e34975723da,seer_dial_p115,discovery,cold,0,echo_rtt,0.040,ok
fcc97ee87fca3ef9ce5a8bc4fea02e34975723da,seer_dial_p115,discovery,cold,0,echo_rtt,0.031,ok
fcc97ee87fca3ef9ce5a8bc4fea02e34975723da,seer_dial_p115,discovery,cold,0,echo_rtt,0.040,ok
fcc97ee87fca3ef9ce5a8bc4fea02e34975723da,seer_dial_p115,discovery,cold,0,echo_rtt,0.030,ok
fcc97ee87fca3ef9ce5a8bc4fea02e34975723da,seer_dial_p115,discovery,cold,0,echo_rtt,0.040,ok
fcc97ee87fca3ef9ce5a8bc4fea02e34975723da,seer_dial_p115,discovery,cold,0,echo_rtt,0.033,ok
fcc97ee87fca3ef9ce5a8bc4fea02e34975723da,seer_dial_p115,discovery,cold,0,echo_rtt,0.044,ok
fcc97ee87fca3ef9ce5a8bc4fea02e34975723da,seer_dial_p115,discovery,cold,0,echo_rtt,0.039,ok
fcc97ee87fca3ef9ce5a8bc4fea02e34975723da,seer_dial_p115,discovery,cold,0,echo_rtt,0.039,ok
fcc97ee87fca3ef9ce5a8bc4fea02e34975723da,seer_dial_p115,discovery,cold,0,echo_rtt,0.039,ok
fcc97ee87fca3ef9ce5a8bc4fea02e34975723da,seer_dial_p115,discovery,cold,0,echo_rtt,0.038,ok
fcc97ee87fca3ef9ce5a8bc4fea02e34975723da,seer_dial_p115,discovery,cold,0,echo_rtt,0.038,ok
fcc97ee87fca3ef9ce5a8bc4fea02e34975723da,seer_dial_p115,discovery,cold,0,echo_rtt,0.039,ok
fcc97ee87fca3ef9ce5a8bc4fea02e34975723da,seer_dial_p115,discovery,cold,0,echo_rtt,0.043,ok
fcc97ee87fca3ef9ce5a8bc4fea02e34975723da,seer_dial_p115,discovery,cold,0,echo_rtt,0.038,ok
fcc97ee87fca3ef9ce5a8bc4fea02e34975723da,seer_dial_p115,discovery,cold,0,echo_rtt,0.039,ok
fcc97ee87fca3ef9ce5a8bc4fea02e34975723da,seer_dial_p115,discovery,cold,0,echo_rtt,0.038,ok
fcc97ee87fca3ef9ce5a8bc4fea02e34975723da,seer_dial_p115,discovery,cold,0,echo_rtt,0.039,ok
fcc97ee87fca3ef9ce5a8bc4fea02e34975723da,seer_dial_p115,discovery,cold,0,echo_rtt,0.040,ok
fcc97ee87fca3ef9ce5a8bc4fea02e34975723da,seer_dial_p115,discovery,cold,0,echo_rtt,0.040,ok
fcc97ee87fca3ef9ce5a8bc4fea02e34975723da,seer_dial_p115,discovery,cold,0,echo_rtt,0.038,ok
fcc97ee87fca3ef9ce5a8bc4fea02e34975723da,seer_dial_p115,discovery,cold,0,echo_rtt,0.039,ok
fcc97ee87fca3ef9ce5a8bc4fea02e34975723da,seer_dial_p115,discovery,cold,0,echo_rtt,0.039,ok
fcc97ee87fca3ef9ce5a8bc4fea02e34975723da,seer_dial_p115,discovery,cold,0,echo_rtt,0.041,ok
fcc97ee87fca3ef9ce5a8bc4fea02e34975723da,seer_dial_p115,discovery,cold,0,echo_rtt,0.068,ok
fcc97ee87fca3ef9ce5a8bc4fea02e34975723da,seer_dial_p115,discovery,cold,0,echo_rtt,0.048,ok
fcc97ee87fca3ef9ce5a8bc4fea02e34975723da,seer_dial_p115,discovery,cold,0,echo_rtt,0.046,ok
fcc97ee87fca3ef9ce5a8bc4fea02e34975723da,seer_dial_p115,discovery,cold,0,echo_rtt,0.043,ok
fcc97ee87fca3ef9ce5a8bc4fea02e34975723da,seer_dial_p115,discovery,cold,0,echo_rtt,0.044,ok
fcc97ee87fca3ef9ce5a8bc4fea02e34975723da,seer_dial_p115,discovery,cold,0,echo_rtt,0.068,ok
fcc97ee87fca3ef9ce5a8bc4fea02e34975723da,seer_dial_p115,discovery,cold,0,echo_rtt,0.044,ok
fcc97ee87fca3ef9ce5a8bc4fea02e34975723da,seer_dial_p115,discovery,cold,0,echo_rtt,0.048,ok
fcc97ee87fca3ef9ce5a8bc4fea02e34975723da,seer_dial_p115,discovery,cold,0,echo_rtt,0.050,ok
fcc97ee87fca3ef9ce5a8bc4fea02e34975723da,seer_dial_p115,discovery,cold,0,echo_rtt,0.039,ok
fcc97ee87fca3ef9ce5a8bc4fea02e34975723da,seer_dial_p115,discovery,cold,0,echo_rtt,0.041,ok
fcc97ee87fca3ef9ce5a8bc4fea02e34975723da,seer_dial_p115,discovery,cold,0,echo_rtt,0.040,ok
fcc97ee87fca3ef9ce5a8bc4fea02e34975723da,seer_dial_p115,discovery,cold,0,echo_rtt,0.043,ok
fcc97ee87fca3ef9ce5a8bc4fea02e34975723da,seer_dial_p115,discovery,cold,0,echo_rtt,0.039,ok
fcc97ee87fca3ef9ce5a8bc4fea02e34975723da,seer_dial_p115,discovery,cold,0,echo_rtt,0.041,ok
fcc97ee87fca3ef9ce5a8bc4fea02e34975723da,seer_dial_p115,discovery,cold,0,echo_rtt,0.039,ok
fcc97ee87fca3ef9ce5a8bc4fea02e34975723da,seer_dial_p115,discovery,cold,0,echo_rtt,0.041,ok
fcc97ee87fca3ef9ce5a8bc4fea02e34975723da,seer_dial_p115,discovery,cold,0,echo_rtt,0.042,ok
fcc97ee87fca3ef9ce5a8bc4fea02e34975723da,seer_dial_p115,discovery,cold,0,echo_rtt,0.039,ok
fcc97ee87fca3ef9ce5a8bc4fea02e34975723da,seer_dial_p115,discovery,cold,0,echo_rtt,0.039,ok
fcc97ee87fca3ef9ce5a8bc4fea02e34975723da,seer_dial_p115,discovery,cold,0,echo_rtt,0.037,ok
fcc97ee87fca3ef9ce5a8bc4fea02e34975723da,seer_dial_p115,discovery,cold,0,echo_rtt,0.038,ok
fcc97ee87fca3ef9ce5a8bc4fea02e34975723da,seer_dial_p115,discovery,cold,0,echo_rtt,0.038,ok
fcc97ee87fca3ef9ce5a8bc4fea02e34975723da,seer_dial_p115,discovery,cold,0,echo_rtt,0.036,ok
fcc97ee87fca3ef9ce5a8bc4fea02e34975723da,seer_dial_p115,discovery,cold,0,echo_rtt,0.037,ok
fcc97ee87fca3ef9ce5a8bc4fea02e34975723da,seer_dial_p115,discovery,cold,0,echo_rtt,0.037,ok
fcc97ee87fca3ef9ce5a8bc4fea02e34975723da,seer_dial_p115,discovery,cold,0,echo_rtt,0.038,ok
fcc97ee87fca3ef9ce5a8bc4fea02e34975723da,seer_dial_p115,discovery,cold,0,echo_rtt,0.037,ok
fcc97ee87fca3ef9ce5a8bc4fea02e34975723da,seer_dial_p115,discovery,cold,0,echo_rtt,0.039,ok
fcc97ee87fca3ef9ce5a8bc4fea02e34975723da,seer_dial_p115,discovery,cold,0,echo_rtt,0.078,ok
fcc97ee87fca3ef9ce5a8bc4fea02e34975723da,seer_dial_p115,discovery,cold,0,echo_rtt,0.042,ok
fcc97ee87fca3ef9ce5a8bc4fea02e34975723da,seer_dial_p115,discovery,cold,0,echo_rtt,0.036,ok
fcc97ee87fca3ef9ce5a8bc4fea02e34975723da,seer_dial_p115,discovery,cold,0,echo_rtt,0.035,ok
fcc97ee87fca3ef9ce5a8bc4fea02e34975723da,seer_dial_p115,discovery,cold,0,echo_rtt,0.037,ok
fcc97ee87fca3ef9ce5a8bc4fea02e34975723da,seer_dial_p115,discovery,cold,0,echo_rtt,0.036,ok
fcc97ee87fca3ef9ce5a8bc4fea02e34975723da,seer_dial_p115,discovery,cold,0,echo_rtt,0.037,ok
fcc97ee87fca3ef9ce5a8bc4fea02e34975723da,seer_dial_p4278,discovery,cold,0,seer_dial,192.933,ok
fcc97ee87fca3ef9ce5a8bc4fea02e34975723da,seer_dial_p4278,discovery,cold,0,stream_open,90.651,ok
fcc97ee87fca3ef9ce5a8bc4fea02e34975723da,seer_dial_p4278,discovery,cold,0,echo_rtt,0.097,ok
fcc97ee87fca3ef9ce5a8bc4fea02e34975723da,seer_dial_p4278,discovery,cold,0,echo_rtt,0.065,ok
fcc97ee87fca3ef9ce5a8bc4fea02e34975723da,seer_dial_p4278,discovery,cold,0,echo_rtt,0.058,ok
fcc97ee87fca3ef9ce5a8bc4fea02e34975723da,seer_dial_p4278,discovery,cold,0,echo_rtt,0.058,ok
fcc97ee87fca3ef9ce5a8bc4fea02e34975723da,seer_dial_p4278,discovery,cold,0,echo_rtt,0.060,ok
fcc97ee87fca3ef9ce5a8bc4fea02e34975723da,seer_dial_p4278,discovery,cold,0,echo_rtt,0.089,ok
fcc97ee87fca3ef9ce5a8bc4fea02e34975723da,seer_dial_p4278,discovery,cold,0,echo_rtt,0.069,ok
fcc97ee87fca3ef9ce5a8bc4fea02e34975723da,seer_dial_p4278,discovery,cold,0,echo_rtt,0.062,ok
fcc97ee87fca3ef9ce5a8bc4fea02e34975723da,seer_dial_p4278,discovery,cold,0,echo_rtt,0.057,ok
fcc97ee87fca3ef9ce5a8bc4fea02e34975723da,seer_dial_p4278,discovery,cold,0,echo_rtt,0.056,ok
fcc97ee87fca3ef9ce5a8bc4fea02e34975723da,seer_dial_p4278,discovery,cold,0,echo_rtt,0.056,ok
fcc97ee87fca3ef9ce5a8bc4fea02e34975723da,seer_dial_p4278,discovery,cold,0,echo_rtt,0.057,ok
fcc97ee87fca3ef9ce5a8bc4fea02e34975723da,seer_dial_p4278,discovery,cold,0,echo_rtt,0.056,ok
fcc97ee87fca3ef9ce5a8bc4fea02e34975723da,seer_dial_p4278,discovery,cold,0,echo_rtt,0.056,ok
fcc97ee87fca3ef9ce5a8bc4fea02e34975723da,seer_dial_p4278,discovery,cold,0,echo_rtt,0.057,ok
fcc97ee87fca3ef9ce5a8bc4fea02e34975723da,seer_dial_p4278,discovery,cold,0,echo_rtt,0.056,ok
fcc97ee87fca3ef9ce5a8bc4fea02e34975723da,seer_dial_p4278,discovery,cold,0,echo_rtt,0.058,ok
fcc97ee87fca3ef9ce5a8bc4fea02e34975723da,seer_dial_p4278,discovery,cold,0,echo_rtt,0.070,ok
fcc97ee87fca3ef9ce5a8bc4fea02e34975723da,seer_dial_p4278,discovery,cold,0,echo_rtt,0.056,ok
fcc97ee87fca3ef9ce5a8bc4fea02e34975723da,seer_dial_p4278,discovery,cold,0,echo_rtt,0.074,ok
fcc97ee87fca3ef9ce5a8bc4fea02e34975723da,seer_dial_p4278,discovery,cold,0,echo_rtt,0.059,ok
fcc97ee87fca3ef9ce5a8bc4fea02e34975723da,seer_dial_p4278,discovery,cold,0,echo_rtt,0.095,ok
fcc97ee87fca3ef9ce5a8bc4fea02e34975723da,seer_dial_p4278,discovery,cold,0,echo_rtt,0.063,ok
fcc97ee87fca3ef9ce5a8bc4fea02e34975723da,seer_dial_p4278,discovery,cold,0,echo_rtt,0.058,ok
fcc97ee87fca3ef9ce5a8bc4fea02e34975723da,seer_dial_p4278,discovery,cold,0,echo_rtt,0.057,ok
fcc97ee87fca3ef9ce5a8bc4fea02e34975723da,seer_dial_p4278,discovery,cold,0,echo_rtt,0.057,ok
fcc97ee87fca3ef9ce5a8bc4fea02e34975723da,seer_dial_p4278,discovery,cold,0,echo_rtt,0.060,ok
fcc97ee87fca3ef9ce5a8bc4fea02e34975723da,seer_dial_p4278,discovery,cold,0,echo_rtt,0.226,ok
fcc97ee87fca3ef9ce5a8bc4fea02e34975723da,seer_dial_p4278,discovery,cold,0,echo_rtt,0.059,ok
fcc97ee87fca3ef9ce5a8bc4fea02e34975723da,seer_dial_p4278,discovery,cold,0,echo_rtt,0.061,ok
fcc97ee87fca3ef9ce5a8bc4fea02e34975723da,seer_dial_p4278,discovery,cold,0,echo_rtt,0.061,ok
fcc97ee87fca3ef9ce5a8bc4fea02e34975723da,seer_dial_p4278,discovery,cold,0,echo_rtt,0.064,ok
fcc97ee87fca3ef9ce5a8bc4fea02e34975723da,seer_dial_p4278,discovery,cold,0,echo_rtt,0.061,ok
fcc97ee87fca3ef9ce5a8bc4fea02e34975723da,seer_dial_p4278,discovery,cold,0,echo_rtt,0.062,ok
fcc97ee87fca3ef9ce5a8bc4fea02e34975723da,seer_dial_p4278,discovery,cold,0,echo_rtt,0.104,ok
fcc97ee87fca3ef9ce5a8bc4fea02e34975723da,seer_dial_p4278,discovery,cold,0,echo_rtt,0.065,ok
fcc97ee87fca3ef9ce5a8bc4fea02e34975723da,seer_dial_p4278,discovery,cold,0,echo_rtt,0.068,ok
fcc97ee87fca3ef9ce5a8bc4fea02e34975723da,seer_dial_p4278,discovery,cold,0,echo_rtt,0.062,ok
fcc97ee87fca3ef9ce5a8bc4fea02e34975723da,seer_dial_p4278,discovery,cold,0,echo_rtt,0.061,ok
fcc97ee87fca3ef9ce5a8bc4fea02e34975723da,seer_dial_p4278,discovery,cold,0,echo_rtt,0.061,ok
fcc97ee87fca3ef9ce5a8bc4fea02e34975723da,seer_dial_p4278,discovery,cold,0,echo_rtt,0.062,ok
fcc97ee87fca3ef9ce5a8bc4fea02e34975723da,seer_dial_p4278,discovery,cold,0,echo_rtt,0.061,ok
fcc97ee87fca3ef9ce5a8bc4fea02e34975723da,seer_dial_p4278,discovery,cold,0,echo_rtt,0.061,ok
fcc97ee87fca3ef9ce5a8bc4fea02e34975723da,seer_dial_p4278,discovery,cold,0,echo_rtt,0.061,ok
fcc97ee87fca3ef9ce5a8bc4fea02e34975723da,seer_dial_p4278,discovery,cold,0,echo_rtt,0.069,ok
fcc97ee87fca3ef9ce5a8bc4fea02e34975723da,seer_dial_p4278,discovery,cold,0,echo_rtt,0.066,ok
fcc97ee87fca3ef9ce5a8bc4fea02e34975723da,seer_dial_p4278,discovery,cold,0,echo_rtt,0.099,ok
fcc97ee87fca3ef9ce5a8bc4fea02e34975723da,seer_dial_p4278,discovery,cold,0,echo_rtt,0.088,ok
fcc97ee87fca3ef9ce5a8bc4fea02e34975723da,seer_dial_p4278,discovery,cold,0,echo_rtt,0.073,ok
fcc97ee87fca3ef9ce5a8bc4fea02e34975723da,seer_dial_p4278,discovery,cold,0,echo_rtt,0.074,ok
fcc97ee87fca3ef9ce5a8bc4fea02e34975723da,seer_dial_p4278,discovery,cold,0,echo_rtt,0.068,ok
fcc97ee87fca3ef9ce5a8bc4fea02e34975723da,seer_dial_p4278,discovery,cold,0,echo_rtt,0.104,ok
fcc97ee87fca3ef9ce5a8bc4fea02e34975723da,seer_dial_p4278,discovery,cold,0,echo_rtt,0.076,ok
fcc97ee87fca3ef9ce5a8bc4fea02e34975723da,seer_dial_p4278,discovery,cold,0,echo_rtt,0.069,ok
fcc97ee87fca3ef9ce5a8bc4fea02e34975723da,seer_dial_p4278,discovery,cold,0,echo_rtt,0.067,ok
fcc97ee87fca3ef9ce5a8bc4fea02e34975723da,seer_dial_p4278,discovery,cold,0,echo_rtt,0.067,ok
fcc97ee87fca3ef9ce5a8bc4fea02e34975723da,seer_dial_p4278,discovery,cold,0,echo_rtt,0.066,ok
fcc97ee87fca3ef9ce5a8bc4fea02e34975723da,seer_dial_p4278,discovery,cold,0,echo_rtt,0.063,ok
fcc97ee87fca3ef9ce5a8bc4fea02e34975723da,seer_dial_p4278,discovery,cold,0,echo_rtt,0.063,ok
fcc97ee87fca3ef9ce5a8bc4fea02e34975723da,seer_dial_p4278,discovery,cold,0,echo_rtt,0.100,ok
fcc97ee87fca3ef9ce5a8bc4fea02e34975723da,seer_dial_p4278,discovery,cold,0,echo_rtt,0.069,ok
fcc97ee87fca3ef9ce5a8bc4fea02e34975723da,seer_dial_p4278,discovery,cold,0,echo_rtt,0.079,ok
fcc97ee87fca3ef9ce5a8bc4fea02e34975723da,seer_dial_p4278,discovery,cold,0,echo_rtt,0.068,ok
fcc97ee87fca3ef9ce5a8bc4fea02e34975723da,seer_dial_p4278,discovery,cold,0,echo_rtt,0.084,ok
fcc97ee87fca3ef9ce5a8bc4fea02e34975723da,seer_dial_p4278,discovery,cold,0,echo_rtt,0.085,ok
fcc97ee87fca3ef9ce5a8bc4fea02e34975723da,seer_dial_p4278,discovery,cold,0,echo_rtt,0.063,ok
fcc97ee87fca3ef9ce5a8bc4fea02e34975723da,seer_dial_p4278,discovery,cold,0,echo_rtt,0.061,ok
fcc97ee87fca3ef9ce5a8bc4fea02e34975723da,seer_dial_p4278,discovery,cold,0,echo_rtt,0.062,ok
fcc97ee87fca3ef9ce5a8bc4fea02e34975723da,seer_dial_p4278,discovery,cold,0,echo_rtt,0.072,ok
fcc97ee87fca3ef9ce5a8bc4fea02e34975723da,seer_dial_p4278,discovery,cold,0,echo_rtt,0.060,ok
fcc97ee87fca3ef9ce5a8bc4fea02e34975723da,seer_dial_p4278,discovery,cold,0,echo_rtt,0.064,ok
fcc97ee87fca3ef9ce5a8bc4fea02e34975723da,seer_dial_p4278,discovery,cold,0,echo_rtt,0.065,ok
fcc97ee87fca3ef9ce5a8bc4fea02e34975723da,seer_dial_p4278,discovery,cold,0,echo_rtt,0.062,ok
fcc97ee87fca3ef9ce5a8bc4fea02e34975723da,seer_dial_p4278,discovery,cold,0,echo_rtt,0.062,ok
fcc97ee87fca3ef9ce5a8bc4fea02e34975723da,seer_dial_p4278,discovery,cold,0,echo_rtt,0.074,ok
fcc97ee87fca3ef9ce5a8bc4fea02e34975723da,seer_dial_p4278,discovery,cold,0,echo_rtt,0.072,ok
fcc97ee87fca3ef9ce5a8bc4fea02e34975723da,seer_dial_p4278,discovery,cold,0,echo_rtt,0.067,ok
fcc97ee87fca3ef9ce5a8bc4fea02e34975723da,seer_dial_p4278,discovery,cold,0,echo_rtt,0.069,ok
fcc97ee87fca3ef9ce5a8bc4fea02e34975723da,seer_dial_p4278,discovery,cold,0,echo_rtt,0.067,ok
fcc97ee87fca3ef9ce5a8bc4fea02e34975723da,seer_dial_p4278,discovery,cold,0,echo_rtt,0.067,ok
fcc97ee87fca3ef9ce5a8bc4fea02e34975723da,seer_dial_p4278,discovery,cold,0,echo_rtt,0.067,ok
fcc97ee87fca3ef9ce5a8bc4fea02e34975723da,seer_dial_p4278,discovery,cold,0,echo_rtt,0.067,ok
fcc97ee87fca3ef9ce5a8bc4fea02e34975723da,seer_dial_p4278,discovery,cold,0,echo_rtt,0.066,ok
fcc97ee87fca3ef9ce5a8bc4fea02e34975723da,seer_dial_p4278,discovery,cold,0,echo_rtt,0.067,ok
fcc97ee87fca3ef9ce5a8bc4fea02e34975723da,seer_dial_p4278,discovery,cold,0,echo_rtt,0.066,ok
fcc97ee87fca3ef9ce5a8bc4fea02e34975723da,seer_dial_p4278,discovery,cold,0,echo_rtt,0.066,ok
fcc97ee87fca3ef9ce5a8bc4fea02e34975723da,seer_dial_p4278,discovery,cold,0,echo_rtt,0.067,ok
fcc97ee87fca3ef9ce5a8bc4fea02e34975723da,seer_dial_p4278,discovery,cold,0,echo_rtt,0.067,ok
fcc97ee87fca3ef9ce5a8bc4fea02e34975723da,seer_dial_p4278,discovery,cold,0,echo_rtt,0.066,ok
fcc97ee87fca3ef9ce5a8bc4fea02e34975723da,seer_dial_p4278,discovery,cold,0,echo_rtt,0.067,ok
fcc97ee87fca3ef9ce5a8bc4fea02e34975723da,seer_dial_p4278,discovery,cold,0,echo_rtt,0.066,ok
fcc97ee87fca3ef9ce5a8bc4fea02e34975723da,seer_dial_p4278,discovery,cold,0,echo_rtt,0.070,ok
fcc97ee87fca3ef9ce5a8bc4fea02e34975723da,seer_dial_p4278,discovery,cold,0,echo_rtt,0.068,ok
fcc97ee87fca3ef9ce5a8bc4fea02e34975723da,seer_dial_p4278,discovery,cold,0,echo_rtt,0.067,ok
fcc97ee87fca3ef9ce5a8bc4fea02e34975723da,seer_dial_p4278,discovery,cold,0,echo_rtt,0.067,ok
fcc97ee87fca3ef9ce5a8bc4fea02e34975723da,seer_dial_p4278,discovery,cold,0,echo_rtt,0.068,ok
fcc97ee87fca3ef9ce5a8bc4fea02e34975723da,seer_dial_p4278,discovery,cold,0,echo_rtt,0.067,ok
fcc97ee87fca3ef9ce5a8bc4fea02e34975723da,seer_dial_p4278,discovery,cold,0,echo_rtt,0.065,ok
fcc97ee87fca3ef9ce5a8bc4fea02e34975723da,seer_dial_p4278,discovery,cold,0,echo_rtt,0.072,ok
fcc97ee87fca3ef9ce5a8bc4fea02e34975723da,seer_dial_p4278,discovery,cold,0,echo_rtt,0.087,ok
fcc97ee87fca3ef9ce5a8bc4fea02e34975723da,seer_dial_p4278,discovery,cold,0,seer_dial,193.326,ok
fcc97ee87fca3ef9ce5a8bc4fea02e34975723da,seer_dial_p4278,discovery,cold,0,stream_open,79.813,ok
fcc97ee87fca3ef9ce5a8bc4fea02e34975723da,seer_dial_p4278,discovery,cold,0,echo_rtt,0.080,ok
fcc97ee87fca3ef9ce5a8bc4fea02e34975723da,seer_dial_p4278,discovery,cold,0,echo_rtt,0.059,ok
fcc97ee87fca3ef9ce5a8bc4fea02e34975723da,seer_dial_p4278,discovery,cold,0,echo_rtt,0.055,ok
fcc97ee87fca3ef9ce5a8bc4fea02e34975723da,seer_dial_p4278,discovery,cold,0,echo_rtt,0.054,ok
fcc97ee87fca3ef9ce5a8bc4fea02e34975723da,seer_dial_p4278,discovery,cold,0,echo_rtt,0.054,ok
fcc97ee87fca3ef9ce5a8bc4fea02e34975723da,seer_dial_p4278,discovery,cold,0,echo_rtt,0.054,ok
fcc97ee87fca3ef9ce5a8bc4fea02e34975723da,seer_dial_p4278,discovery,cold,0,echo_rtt,0.055,ok
fcc97ee87fca3ef9ce5a8bc4fea02e34975723da,seer_dial_p4278,discovery,cold,0,echo_rtt,0.068,ok
fcc97ee87fca3ef9ce5a8bc4fea02e34975723da,seer_dial_p4278,discovery,cold,0,echo_rtt,0.063,ok
fcc97ee87fca3ef9ce5a8bc4fea02e34975723da,seer_dial_p4278,discovery,cold,0,echo_rtt,0.064,ok
fcc97ee87fca3ef9ce5a8bc4fea02e34975723da,seer_dial_p4278,discovery,cold,0,echo_rtt,0.062,ok
fcc97ee87fca3ef9ce5a8bc4fea02e34975723da,seer_dial_p4278,discovery,cold,0,echo_rtt,0.069,ok
fcc97ee87fca3ef9ce5a8bc4fea02e34975723da,seer_dial_p4278,discovery,cold,0,echo_rtt,0.063,ok
fcc97ee87fca3ef9ce5a8bc4fea02e34975723da,seer_dial_p4278,discovery,cold,0,echo_rtt,0.063,ok
fcc97ee87fca3ef9ce5a8bc4fea02e34975723da,seer_dial_p4278,discovery,cold,0,echo_rtt,0.063,ok
fcc97ee87fca3ef9ce5a8bc4fea02e34975723da,seer_dial_p4278,discovery,cold,0,echo_rtt,0.063,ok
fcc97ee87fca3ef9ce5a8bc4fea02e34975723da,seer_dial_p4278,discovery,cold,0,echo_rtt,0.063,ok
fcc97ee87fca3ef9ce5a8bc4fea02e34975723da,seer_dial_p4278,discovery,cold,0,echo_rtt,0.063,ok
fcc97ee87fca3ef9ce5a8bc4fea02e34975723da,seer_dial_p4278,discovery,cold,0,echo_rtt,0.063,ok
fcc97ee87fca3ef9ce5a8bc4fea02e34975723da,seer_dial_p4278,discovery,cold,0,echo_rtt,0.063,ok
fcc97ee87fca3ef9ce5a8bc4fea02e34975723da,seer_dial_p4278,discovery,cold,0,echo_rtt,0.062,ok
fcc97ee87fca3ef9ce5a8bc4fea02e34975723da,seer_dial_p4278,discovery,cold,0,echo_rtt,0.065,ok
fcc97ee87fca3ef9ce5a8bc4fea02e34975723da,seer_dial_p4278,discovery,cold,0,echo_rtt,0.105,ok
fcc97ee87fca3ef9ce5a8bc4fea02e34975723da,seer_dial_p4278,discovery,cold,0,echo_rtt,0.079,ok
fcc97ee87fca3ef9ce5a8bc4fea02e34975723da,seer_dial_p4278,discovery,cold,0,echo_rtt,0.053,ok
fcc97ee87fca3ef9ce5a8bc4fea02e34975723da,seer_dial_p4278,discovery,cold,0,echo_rtt,0.054,ok
fcc97ee87fca3ef9ce5a8bc4fea02e34975723da,seer_dial_p4278,discovery,cold,0,echo_rtt,0.056,ok
fcc97ee87fca3ef9ce5a8bc4fea02e34975723da,seer_dial_p4278,discovery,cold,0,echo_rtt,0.053,ok
fcc97ee87fca3ef9ce5a8bc4fea02e34975723da,seer_dial_p4278,discovery,cold,0,echo_rtt,0.063,ok
fcc97ee87fca3ef9ce5a8bc4fea02e34975723da,seer_dial_p4278,discovery,cold,0,echo_rtt,0.056,ok
fcc97ee87fca3ef9ce5a8bc4fea02e34975723da,seer_dial_p4278,discovery,cold,0,echo_rtt,0.053,ok
fcc97ee87fca3ef9ce5a8bc4fea02e34975723da,seer_dial_p4278,discovery,cold,0,echo_rtt,0.052,ok
fcc97ee87fca3ef9ce5a8bc4fea02e34975723da,seer_dial_p4278,discovery,cold,0,echo_rtt,0.052,ok
fcc97ee87fca3ef9ce5a8bc4fea02e34975723da,seer_dial_p4278,discovery,cold,0,echo_rtt,0.052,ok
fcc97ee87fca3ef9ce5a8bc4fea02e34975723da,seer_dial_p4278,discovery,cold,0,echo_rtt,0.071,ok
fcc97ee87fca3ef9ce5a8bc4fea02e34975723da,seer_dial_p4278,discovery,cold,0,echo_rtt,0.059,ok
fcc97ee87fca3ef9ce5a8bc4fea02e34975723da,seer_dial_p4278,discovery,cold,0,echo_rtt,0.055,ok
fcc97ee87fca3ef9ce5a8bc4fea02e34975723da,seer_dial_p4278,discovery,cold,0,echo_rtt,0.054,ok
fcc97ee87fca3ef9ce5a8bc4fea02e34975723da,seer_dial_p4278,discovery,cold,0,echo_rtt,0.060,ok
fcc97ee87fca3ef9ce5a8bc4fea02e34975723da,seer_dial_p4278,discovery,cold,0,echo_rtt,0.059,ok
fcc97ee87fca3ef9ce5a8bc4fea02e34975723da,seer_dial_p4278,discovery,cold,0,echo_rtt,0.059,ok
fcc97ee87fca3ef9ce5a8bc4fea02e34975723da,seer_dial_p4278,discovery,cold,0,echo_rtt,0.059,ok
fcc97ee87fca3ef9ce5a8bc4fea02e34975723da,seer_dial_p4278,discovery,cold,0,echo_rtt,0.058,ok
fcc97ee87fca3ef9ce5a8bc4fea02e34975723da,seer_dial_p4278,discovery,cold,0,echo_rtt,0.083,ok
fcc97ee87fca3ef9ce5a8bc4fea02e34975723da,seer_dial_p4278,discovery,cold,0,echo_rtt,0.077,ok
fcc97ee87fca3ef9ce5a8bc4fea02e34975723da,seer_dial_p4278,discovery,cold,0,echo_rtt,0.098,ok
fcc97ee87fca3ef9ce5a8bc4fea02e34975723da,seer_dial_p4278,discovery,cold,0,echo_rtt,0.078,ok
fcc97ee87fca3ef9ce5a8bc4fea02e34975723da,seer_dial_p4278,discovery,cold,0,echo_rtt,0.078,ok
fcc97ee87fca3ef9ce5a8bc4fea02e34975723da,seer_dial_p4278,discovery,cold,0,echo_rtt,0.058,ok
fcc97ee87fca3ef9ce5a8bc4fea02e34975723da,seer_dial_p4278,discovery,cold,0,echo_rtt,0.075,ok
fcc97ee87fca3ef9ce5a8bc4fea02e34975723da,seer_dial_p4278,discovery,cold,0,echo_rtt,0.084,ok
fcc97ee87fca3ef9ce5a8bc4fea02e34975723da,seer_dial_p4278,discovery,cold,0,echo_rtt,0.063,ok
fcc97ee87fca3ef9ce5a8bc4fea02e34975723da,seer_dial_p4278,discovery,cold,0,echo_rtt,0.065,ok
fcc97ee87fca3ef9ce5a8bc4fea02e34975723da,seer_dial_p4278,discovery,cold,0,echo_rtt,0.058,ok
fcc97ee87fca3ef9ce5a8bc4fea02e34975723da,seer_dial_p4278,discovery,cold,0,echo_rtt,0.076,ok
fcc97ee87fca3ef9ce5a8bc4fea02e34975723da,seer_dial_p4278,discovery,cold,0,echo_rtt,0.058,ok
fcc97ee87fca3ef9ce5a8bc4fea02e34975723da,seer_dial_p4278,discovery,cold,0,echo_rtt,0.059,ok
fcc97ee87fca3ef9ce5a8bc4fea02e34975723da,seer_dial_p4278,discovery,cold,0,echo_rtt,0.058,ok
fcc97ee87fca3ef9ce5a8bc4fea02e34975723da,seer_dial_p4278,discovery,cold,0,echo_rtt,0.058,ok
fcc97ee87fca3ef9ce5a8bc4fea02e34975723da,seer_dial_p4278,discovery,cold,0,echo_rtt,0.057,ok
fcc97ee87fca3ef9ce5a8bc4fea02e34975723da,seer_dial_p4278,discovery,cold,0,echo_rtt,0.059,ok
fcc97ee87fca3ef9ce5a8bc4fea02e34975723da,seer_dial_p4278,discovery,cold,0,echo_rtt,0.057,ok
fcc97ee87fca3ef9ce5a8bc4fea02e34975723da,seer_dial_p4278,discovery,cold,0,echo_rtt,0.058,ok
fcc97ee87fca3ef9ce5a8bc4fea02e34975723da,seer_dial_p4278,discovery,cold,0,echo_rtt,0.058,ok
fcc97ee87fca3ef9ce5a8bc4fea02e34975723da,seer_dial_p4278,discovery,cold,0,echo_rtt,0.058,ok
fcc97ee87fca3ef9ce5a8bc4fea02e34975723da,seer_dial_p4278,discovery,cold,0,echo_rtt,0.060,ok
fcc97ee87fca3ef9ce5a8bc4fea02e34975723da,seer_dial_p4278,discovery,cold,0,echo_rtt,0.058,ok
fcc97ee87fca3ef9ce5a8bc4fea02e34975723da,seer_dial_p4278,discovery,cold,0,echo_rtt,0.058,ok
fcc97ee87fca3ef9ce5a8bc4fea02e34975723da,seer_dial_p4278,discovery,cold,0,echo_rtt,0.057,ok
fcc97ee87fca3ef9ce5a8bc4fea02e34975723da,seer_dial_p4278,discovery,cold,0,echo_rtt,0.052,ok
fcc97ee87fca3ef9ce5a8bc4fea02e34975723da,seer_dial_p4278,discovery,cold,0,echo_rtt,0.052,ok
fcc97ee87fca3ef9ce5a8bc4fea02e34975723da,seer_dial_p4278,discovery,cold,0,echo_rtt,0.100,ok
fcc97ee87fca3ef9ce5a8bc4fea02e34975723da,seer_dial_p4278,discovery,cold,0,echo_rtt,0.054,ok
fcc97ee87fca3ef9ce5a8bc4fea02e34975723da,seer_dial_p4278,discovery,cold,0,echo_rtt,0.058,ok
fcc97ee87fca3ef9ce5a8bc4fea02e34975723da,seer_dial_p4278,discovery,cold,0,echo_rtt,0.054,ok
fcc97ee87fca3ef9ce5a8bc4fea02e34975723da,seer_dial_p4278,discovery,cold,0,echo_rtt,0.052,ok
fcc97ee87fca3ef9ce5a8bc4fea02e34975723da,seer_dial_p4278,discovery,cold,0,echo_rtt,0.053,ok
fcc97ee87fca3ef9ce5a8bc4fea02e34975723da,seer_dial_p4278,discovery,cold,0,echo_rtt,0.053,ok
fcc97ee87fca3ef9ce5a8bc4fea02e34975723da,seer_dial_p4278,discovery,cold,0,echo_rtt,0.053,ok
fcc97ee87fca3ef9ce5a8bc4fea02e34975723da,seer_dial_p4278,discovery,cold,0,echo_rtt,0.053,ok
fcc97ee87fca3ef9ce5a8bc4fea02e34975723da,seer_dial_p4278,discovery,cold,0,echo_rtt,0.054,ok
fcc97ee87fca3ef9ce5a8bc4fea02e34975723da,seer_dial_p4278,discovery,cold,0,echo_rtt,0.054,ok
fcc97ee87fca3ef9ce5a8bc4fea02e34975723da,seer_dial_p4278,discovery,cold,0,echo_rtt,0.053,ok
fcc97ee87fca3ef9ce5a8bc4fea02e34975723da,seer_dial_p4278,discovery,cold,0,echo_rtt,0.052,ok
fcc97ee87fca3ef9ce5a8bc4fea02e34975723da,seer_dial_p4278,discovery,cold,0,echo_rtt,0.086,ok
fcc97ee87fca3ef9ce5a8bc4fea02e34975723da,seer_dial_p4278,discovery,cold,0,echo_rtt,0.059,ok
fcc97ee87fca3ef9ce5a8bc4fea02e34975723da,seer_dial_p4278,discovery,cold,0,echo_rtt,0.053,ok
fcc97ee87fca3ef9ce5a8bc4fea02e34975723da,seer_dial_p4278,discovery,cold,0,echo_rtt,0.055,ok
fcc97ee87fca3ef9ce5a8bc4fea02e34975723da,seer_dial_p4278,discovery,cold,0,echo_rtt,0.126,ok
fcc97ee87fca3ef9ce5a8bc4fea02e34975723da,seer_dial_p4278,discovery,cold,0,echo_rtt,0.242,ok
fcc97ee87fca3ef9ce5a8bc4fea02e34975723da,seer_dial_p4278,discovery,cold,0,echo_rtt,0.094,ok
fcc97ee87fca3ef9ce5a8bc4fea02e34975723da,seer_dial_p4278,discovery,cold,0,echo_rtt,0.070,ok
fcc97ee87fca3ef9ce5a8bc4fea02e34975723da,seer_dial_p4278,discovery,cold,0,echo_rtt,0.065,ok
fcc97ee87fca3ef9ce5a8bc4fea02e34975723da,seer_dial_p4278,discovery,cold,0,echo_rtt,0.064,ok
fcc97ee87fca3ef9ce5a8bc4fea02e34975723da,seer_dial_p4278,discovery,cold,0,echo_rtt,0.066,ok
fcc97ee87fca3ef9ce5a8bc4fea02e34975723da,seer_dial_p4278,discovery,cold,0,echo_rtt,0.065,ok
fcc97ee87fca3ef9ce5a8bc4fea02e34975723da,seer_dial_p4278,discovery,cold,0,echo_rtt,0.064,ok
fcc97ee87fca3ef9ce5a8bc4fea02e34975723da,seer_dial_p4278,discovery,cold,0,echo_rtt,0.064,ok
fcc97ee87fca3ef9ce5a8bc4fea02e34975723da,seer_dial_p4278,discovery,cold,0,echo_rtt,0.063,ok
fcc97ee87fca3ef9ce5a8bc4fea02e34975723da,seer_dial_p4278,discovery,cold,0,echo_rtt,0.064,ok
fcc97ee87fca3ef9ce5a8bc4fea02e34975723da,seer_dial_p4278,discovery,cold,0,seer_dial,203.547,ok
fcc97ee87fca3ef9ce5a8bc4fea02e34975723da,seer_dial_p4278,discovery,cold,0,stream_open,83.231,ok
fcc97ee87fca3ef9ce5a8bc4fea02e34975723da,seer_dial_p4278,discovery,cold,0,echo_rtt,0.096,ok
fcc97ee87fca3ef9ce5a8bc4fea02e34975723da,seer_dial_p4278,discovery,cold,0,echo_rtt,0.064,ok
fcc97ee87fca3ef9ce5a8bc4fea02e34975723da,seer_dial_p4278,discovery,cold,0,echo_rtt,0.057,ok
fcc97ee87fca3ef9ce5a8bc4fea02e34975723da,seer_dial_p4278,discovery,cold,0,echo_rtt,0.054,ok
fcc97ee87fca3ef9ce5a8bc4fea02e34975723da,seer_dial_p4278,discovery,cold,0,echo_rtt,0.054,ok
fcc97ee87fca3ef9ce5a8bc4fea02e34975723da,seer_dial_p4278,discovery,cold,0,echo_rtt,0.054,ok
fcc97ee87fca3ef9ce5a8bc4fea02e34975723da,seer_dial_p4278,discovery,cold,0,echo_rtt,0.053,ok
fcc97ee87fca3ef9ce5a8bc4fea02e34975723da,seer_dial_p4278,discovery,cold,0,echo_rtt,0.054,ok
fcc97ee87fca3ef9ce5a8bc4fea02e34975723da,seer_dial_p4278,discovery,cold,0,echo_rtt,0.053,ok
fcc97ee87fca3ef9ce5a8bc4fea02e34975723da,seer_dial_p4278,discovery,cold,0,echo_rtt,0.053,ok
fcc97ee87fca3ef9ce5a8bc4fea02e34975723da,seer_dial_p4278,discovery,cold,0,echo_rtt,0.053,ok
fcc97ee87fca3ef9ce5a8bc4fea02e34975723da,seer_dial_p4278,discovery,cold,0,echo_rtt,0.053,ok
fcc97ee87fca3ef9ce5a8bc4fea02e34975723da,seer_dial_p4278,discovery,cold,0,echo_rtt,0.052,ok
fcc97ee87fca3ef9ce5a8bc4fea02e34975723da,seer_dial_p4278,discovery,cold,0,echo_rtt,0.058,ok
fcc97ee87fca3ef9ce5a8bc4fea02e34975723da,seer_dial_p4278,discovery,cold,0,echo_rtt,0.054,ok
fcc97ee87fca3ef9ce5a8bc4fea02e34975723da,seer_dial_p4278,discovery,cold,0,echo_rtt,0.054,ok
fcc97ee87fca3ef9ce5a8bc4fea02e34975723da,seer_dial_p4278,discovery,cold,0,echo_rtt,0.052,ok
fcc97ee87fca3ef9ce5a8bc4fea02e34975723da,seer_dial_p4278,discovery,cold,0,echo_rtt,0.053,ok
fcc97ee87fca3ef9ce5a8bc4fea02e34975723da,seer_dial_p4278,discovery,cold,0,echo_rtt,0.054,ok
fcc97ee87fca3ef9ce5a8bc4fea02e34975723da,seer_dial_p4278,discovery,cold,0,echo_rtt,0.060,ok
fcc97ee87fca3ef9ce5a8bc4fea02e34975723da,seer_dial_p4278,discovery,cold,0,echo_rtt,0.085,ok
fcc97ee87fca3ef9ce5a8bc4fea02e34975723da,seer_dial_p4278,discovery,cold,0,echo_rtt,0.068,ok
fcc97ee87fca3ef9ce5a8bc4fea02e34975723da,seer_dial_p4278,discovery,cold,0,echo_rtt,0.057,ok
fcc97ee87fca3ef9ce5a8bc4fea02e34975723da,seer_dial_p4278,discovery,cold,0,echo_rtt,0.055,ok
fcc97ee87fca3ef9ce5a8bc4fea02e34975723da,seer_dial_p4278,discovery,cold,0,echo_rtt,0.053,ok
fcc97ee87fca3ef9ce5a8bc4fea02e34975723da,seer_dial_p4278,discovery,cold,0,echo_rtt,0.058,ok
fcc97ee87fca3ef9ce5a8bc4fea02e34975723da,seer_dial_p4278,discovery,cold,0,echo_rtt,0.073,ok
fcc97ee87fca3ef9ce5a8bc4fea02e34975723da,seer_dial_p4278,discovery,cold,0,echo_rtt,0.059,ok
fcc97ee87fca3ef9ce5a8bc4fea02e34975723da,seer_dial_p4278,discovery,cold,0,echo_rtt,0.053,ok
fcc97ee87fca3ef9ce5a8bc4fea02e34975723da,seer_dial_p4278,discovery,cold,0,echo_rtt,0.054,ok
fcc97ee87fca3ef9ce5a8bc4fea02e34975723da,seer_dial_p4278,discovery,cold,0,echo_rtt,0.056,ok
fcc97ee87fca3ef9ce5a8bc4fea02e34975723da,seer_dial_p4278,discovery,cold,0,echo_rtt,0.057,ok
fcc97ee87fca3ef9ce5a8bc4fea02e34975723da,seer_dial_p4278,discovery,cold,0,echo_rtt,0.054,ok
fcc97ee87fca3ef9ce5a8bc4fea02e34975723da,seer_dial_p4278,discovery,cold,0,echo_rtt,0.053,ok
fcc97ee87fca3ef9ce5a8bc4fea02e34975723da,seer_dial_p4278,discovery,cold,0,echo_rtt,0.053,ok
fcc97ee87fca3ef9ce5a8bc4fea02e34975723da,seer_dial_p4278,discovery,cold,0,echo_rtt,0.065,ok
fcc97ee87fca3ef9ce5a8bc4fea02e34975723da,seer_dial_p4278,discovery,cold,0,echo_rtt,0.056,ok
fcc97ee87fca3ef9ce5a8bc4fea02e34975723da,seer_dial_p4278,discovery,cold,0,echo_rtt,0.054,ok
fcc97ee87fca3ef9ce5a8bc4fea02e34975723da,seer_dial_p4278,discovery,cold,0,echo_rtt,0.053,ok
fcc97ee87fca3ef9ce5a8bc4fea02e34975723da,seer_dial_p4278,discovery,cold,0,echo_rtt,0.053,ok
fcc97ee87fca3ef9ce5a8bc4fea02e34975723da,seer_dial_p4278,discovery,cold,0,echo_rtt,0.053,ok
fcc97ee87fca3ef9ce5a8bc4fea02e34975723da,seer_dial_p4278,discovery,cold,0,echo_rtt,0.053,ok
fcc97ee87fca3ef9ce5a8bc4fea02e34975723da,seer_dial_p4278,discovery,cold,0,echo_rtt,0.053,ok
fcc97ee87fca3ef9ce5a8bc4fea02e34975723da,seer_dial_p4278,discovery,cold,0,echo_rtt,0.085,ok
fcc97ee87fca3ef9ce5a8bc4fea02e34975723da,seer_dial_p4278,discovery,cold,0,echo_rtt,0.059,ok
fcc97ee87fca3ef9ce5a8bc4fea02e34975723da,seer_dial_p4278,discovery,cold,0,echo_rtt,0.059,ok
fcc97ee87fca3ef9ce5a8bc4fea02e34975723da,seer_dial_p4278,discovery,cold,0,echo_rtt,0.058,ok
fcc97ee87fca3ef9ce5a8bc4fea02e34975723da,seer_dial_p4278,discovery,cold,0,echo_rtt,0.062,ok
fcc97ee87fca3ef9ce5a8bc4fea02e34975723da,seer_dial_p4278,discovery,cold,0,echo_rtt,0.060,ok
fcc97ee87fca3ef9ce5a8bc4fea02e34975723da,seer_dial_p4278,discovery,cold,0,echo_rtt,0.058,ok
fcc97ee87fca3ef9ce5a8bc4fea02e34975723da,seer_dial_p4278,discovery,cold,0,echo_rtt,0.059,ok
fcc97ee87fca3ef9ce5a8bc4fea02e34975723da,seer_dial_p4278,discovery,cold,0,echo_rtt,0.072,ok
fcc97ee87fca3ef9ce5a8bc4fea02e34975723da,seer_dial_p4278,discovery,cold,0,echo_rtt,0.059,ok
fcc97ee87fca3ef9ce5a8bc4fea02e34975723da,seer_dial_p4278,discovery,cold,0,echo_rtt,0.059,ok
fcc97ee87fca3ef9ce5a8bc4fea02e34975723da,seer_dial_p4278,discovery,cold,0,echo_rtt,0.059,ok
fcc97ee87fca3ef9ce5a8bc4fea02e34975723da,seer_dial_p4278,discovery,cold,0,echo_rtt,0.058,ok
fcc97ee87fca3ef9ce5a8bc4fea02e34975723da,seer_dial_p4278,discovery,cold,0,echo_rtt,0.059,ok
fcc97ee87fca3ef9ce5a8bc4fea02e34975723da,seer_dial_p4278,discovery,cold,0,echo_rtt,0.059,ok
fcc97ee87fca3ef9ce5a8bc4fea02e34975723da,seer_dial_p4278,discovery,cold,0,echo_rtt,0.061,ok
fcc97ee87fca3ef9ce5a8bc4fea02e34975723da,seer_dial_p4278,discovery,cold,0,echo_rtt,0.055,ok
fcc97ee87fca3ef9ce5a8bc4fea02e34975723da,seer_dial_p4278,discovery,cold,0,echo_rtt,0.053,ok
fcc97ee87fca3ef9ce5a8bc4fea02e34975723da,seer_dial_p4278,discovery,cold,0,echo_rtt,0.060,ok
fcc97ee87fca3ef9ce5a8bc4fea02e34975723da,seer_dial_p4278,discovery,cold,0,echo_rtt,0.054,ok
fcc97ee87fca3ef9ce5a8bc4fea02e34975723da,seer_dial_p4278,discovery,cold,0,echo_rtt,0.055,ok
fcc97ee87fca3ef9ce5a8bc4fea02e34975723da,seer_dial_p4278,discovery,cold,0,echo_rtt,0.053,ok
fcc97ee87fca3ef9ce5a8bc4fea02e34975723da,seer_dial_p4278,discovery,cold,0,echo_rtt,0.054,ok
fcc97ee87fca3ef9ce5a8bc4fea02e34975723da,seer_dial_p4278,discovery,cold,0,echo_rtt,0.053,ok
fcc97ee87fca3ef9ce5a8bc4fea02e34975723da,seer_dial_p4278,discovery,cold,0,echo_rtt,0.052,ok
fcc97ee87fca3ef9ce5a8bc4fea02e34975723da,seer_dial_p4278,discovery,cold,0,echo_rtt,0.052,ok
fcc97ee87fca3ef9ce5a8bc4fea02e34975723da,seer_dial_p4278,discovery,cold,0,echo_rtt,0.067,ok
fcc97ee87fca3ef9ce5a8bc4fea02e34975723da,seer_dial_p4278,discovery,cold,0,echo_rtt,0.053,ok
fcc97ee87fca3ef9ce5a8bc4fea02e34975723da,seer_dial_p4278,discovery,cold,0,echo_rtt,0.086,ok
fcc97ee87fca3ef9ce5a8bc4fea02e34975723da,seer_dial_p4278,discovery,cold,0,echo_rtt,0.055,ok
fcc97ee87fca3ef9ce5a8bc4fea02e34975723da,seer_dial_p4278,discovery,cold,0,echo_rtt,0.070,ok
fcc97ee87fca3ef9ce5a8bc4fea02e34975723da,seer_dial_p4278,discovery,cold,0,echo_rtt,0.054,ok
fcc97ee87fca3ef9ce5a8bc4fea02e34975723da,seer_dial_p4278,discovery,cold,0,echo_rtt,0.057,ok
fcc97ee87fca3ef9ce5a8bc4fea02e34975723da,seer_dial_p4278,discovery,cold,0,echo_rtt,0.063,ok
fcc97ee87fca3ef9ce5a8bc4fea02e34975723da,seer_dial_p4278,discovery,cold,0,echo_rtt,0.058,ok
fcc97ee87fca3ef9ce5a8bc4fea02e34975723da,seer_dial_p4278,discovery,cold,0,echo_rtt,0.086,ok
fcc97ee87fca3ef9ce5a8bc4fea02e34975723da,seer_dial_p4278,discovery,cold,0,echo_rtt,0.089,ok
fcc97ee87fca3ef9ce5a8bc4fea02e34975723da,seer_dial_p4278,discovery,cold,0,echo_rtt,0.064,ok
fcc97ee87fca3ef9ce5a8bc4fea02e34975723da,seer_dial_p4278,discovery,cold,0,echo_rtt,0.089,ok
fcc97ee87fca3ef9ce5a8bc4fea02e34975723da,seer_dial_p4278,discovery,cold,0,echo_rtt,0.060,ok
fcc97ee87fca3ef9ce5a8bc4fea02e34975723da,seer_dial_p4278,discovery,cold,0,echo_rtt,0.058,ok
fcc97ee87fca3ef9ce5a8bc4fea02e34975723da,seer_dial_p4278,discovery,cold,0,echo_rtt,0.059,ok
fcc97ee87fca3ef9ce5a8bc4fea02e34975723da,seer_dial_p4278,discovery,cold,0,echo_rtt,0.059,ok
fcc97ee87fca3ef9ce5a8bc4fea02e34975723da,seer_dial_p4278,discovery,cold,0,echo_rtt,0.058,ok
fcc97ee87fca3ef9ce5a8bc4fea02e34975723da,seer_dial_p4278,discovery,cold,0,echo_rtt,0.057,ok
fcc97ee87fca3ef9ce5a8bc4fea02e34975723da,seer_dial_p4278,discovery,cold,0,echo_rtt,0.058,ok
fcc97ee87fca3ef9ce5a8bc4fea02e34975723da,seer_dial_p4278,discovery,cold,0,echo_rtt,0.058,ok
fcc97ee87fca3ef9ce5a8bc4fea02e34975723da,seer_dial_p4278,discovery,cold,0,echo_rtt,0.056,ok
fcc97ee87fca3ef9ce5a8bc4fea02e34975723da,seer_dial_p4278,discovery,cold,0,echo_rtt,0.056,ok
fcc97ee87fca3ef9ce5a8bc4fea02e34975723da,seer_dial_p4278,discovery,cold,0,echo_rtt,0.056,ok
fcc97ee87fca3ef9ce5a8bc4fea02e34975723da,seer_dial_p4278,discovery,cold,0,echo_rtt,0.056,ok
fcc97ee87fca3ef9ce5a8bc4fea02e34975723da,seer_dial_p4278,discovery,cold,0,echo_rtt,0.057,ok
fcc97ee87fca3ef9ce5a8bc4fea02e34975723da,seer_dial_p4278,discovery,cold,0,echo_rtt,0.088,ok
fcc97ee87fca3ef9ce5a8bc4fea02e34975723da,seer_dial_p4278,discovery,cold,0,echo_rtt,0.073,ok
fcc97ee87fca3ef9ce5a8bc4fea02e34975723da,seer_dial_p4278,discovery,cold,0,echo_rtt,0.235,ok
fcc97ee87fca3ef9ce5a8bc4fea02e34975723da,seer_dial_p4278,discovery,cold,0,echo_rtt,0.189,ok
fcc97ee87fca3ef9ce5a8bc4fea02e34975723da,seer_dial_p4278,discovery,cold,0,echo_rtt,0.110,ok
fcc97ee87fca3ef9ce5a8bc4fea02e34975723da,seer_dial_p4278,discovery,cold,0,seer_dial,194.938,ok
fcc97ee87fca3ef9ce5a8bc4fea02e34975723da,seer_dial_p4278,discovery,cold,0,stream_open,91.991,ok
fcc97ee87fca3ef9ce5a8bc4fea02e34975723da,seer_dial_p4278,discovery,cold,0,echo_rtt,0.106,ok
fcc97ee87fca3ef9ce5a8bc4fea02e34975723da,seer_dial_p4278,discovery,cold,0,echo_rtt,0.067,ok
fcc97ee87fca3ef9ce5a8bc4fea02e34975723da,seer_dial_p4278,discovery,cold,0,echo_rtt,0.059,ok
fcc97ee87fca3ef9ce5a8bc4fea02e34975723da,seer_dial_p4278,discovery,cold,0,echo_rtt,0.057,ok
fcc97ee87fca3ef9ce5a8bc4fea02e34975723da,seer_dial_p4278,discovery,cold,0,echo_rtt,0.059,ok
fcc97ee87fca3ef9ce5a8bc4fea02e34975723da,seer_dial_p4278,discovery,cold,0,echo_rtt,0.055,ok
fcc97ee87fca3ef9ce5a8bc4fea02e34975723da,seer_dial_p4278,discovery,cold,0,echo_rtt,0.057,ok
fcc97ee87fca3ef9ce5a8bc4fea02e34975723da,seer_dial_p4278,discovery,cold,0,echo_rtt,0.056,ok
fcc97ee87fca3ef9ce5a8bc4fea02e34975723da,seer_dial_p4278,discovery,cold,0,echo_rtt,0.066,ok
fcc97ee87fca3ef9ce5a8bc4fea02e34975723da,seer_dial_p4278,discovery,cold,0,echo_rtt,0.055,ok
fcc97ee87fca3ef9ce5a8bc4fea02e34975723da,seer_dial_p4278,discovery,cold,0,echo_rtt,0.055,ok
fcc97ee87fca3ef9ce5a8bc4fea02e34975723da,seer_dial_p4278,discovery,cold,0,echo_rtt,0.055,ok
fcc97ee87fca3ef9ce5a8bc4fea02e34975723da,seer_dial_p4278,discovery,cold,0,echo_rtt,0.055,ok
fcc97ee87fca3ef9ce5a8bc4fea02e34975723da,seer_dial_p4278,discovery,cold,0,echo_rtt,0.061,ok
fcc97ee87fca3ef9ce5a8bc4fea02e34975723da,seer_dial_p4278,discovery,cold,0,echo_rtt,0.057,ok
fcc97ee87fca3ef9ce5a8bc4fea02e34975723da,seer_dial_p4278,discovery,cold,0,echo_rtt,0.055,ok
fcc97ee87fca3ef9ce5a8bc4fea02e34975723da,seer_dial_p4278,discovery,cold,0,echo_rtt,0.055,ok
fcc97ee87fca3ef9ce5a8bc4fea02e34975723da,seer_dial_p4278,discovery,cold,0,echo_rtt,0.054,ok
fcc97ee87fca3ef9ce5a8bc4fea02e34975723da,seer_dial_p4278,discovery,cold,0,echo_rtt,0.054,ok
fcc97ee87fca3ef9ce5a8bc4fea02e34975723da,seer_dial_p4278,discovery,cold,0,echo_rtt,0.055,ok
fcc97ee87fca3ef9ce5a8bc4fea02e34975723da,seer_dial_p4278,discovery,cold,0,echo_rtt,0.055,ok
fcc97ee87fca3ef9ce5a8bc4fea02e34975723da,seer_dial_p4278,discovery,cold,0,echo_rtt,0.055,ok
fcc97ee87fca3ef9ce5a8bc4fea02e34975723da,seer_dial_p4278,discovery,cold,0,echo_rtt,0.054,ok
fcc97ee87fca3ef9ce5a8bc4fea02e34975723da,seer_dial_p4278,discovery,cold,0,echo_rtt,0.055,ok
fcc97ee87fca3ef9ce5a8bc4fea02e34975723da,seer_dial_p4278,discovery,cold,0,echo_rtt,0.054,ok
fcc97ee87fca3ef9ce5a8bc4fea02e34975723da,seer_dial_p4278,discovery,cold,0,echo_rtt,0.055,ok
fcc97ee87fca3ef9ce5a8bc4fea02e34975723da,seer_dial_p4278,discovery,cold,0,echo_rtt,0.058,ok
fcc97ee87fca3ef9ce5a8bc4fea02e34975723da,seer_dial_p4278,discovery,cold,0,echo_rtt,0.065,ok
fcc97ee87fca3ef9ce5a8bc4fea02e34975723da,seer_dial_p4278,discovery,cold,0,echo_rtt,0.067,ok
fcc97ee87fca3ef9ce5a8bc4fea02e34975723da,seer_dial_p4278,discovery,cold,0,echo_rtt,0.065,ok
fcc97ee87fca3ef9ce5a8bc4fea02e34975723da,seer_dial_p4278,discovery,cold,0,echo_rtt,0.072,ok
fcc97ee87fca3ef9ce5a8bc4fea02e34975723da,seer_dial_p4278,discovery,cold,0,echo_rtt,0.066,ok
fcc97ee87fca3ef9ce5a8bc4fea02e34975723da,seer_dial_p4278,discovery,cold,0,echo_rtt,0.066,ok
fcc97ee87fca3ef9ce5a8bc4fea02e34975723da,seer_dial_p4278,discovery,cold,0,echo_rtt,0.067,ok
fcc97ee87fca3ef9ce5a8bc4fea02e34975723da,seer_dial_p4278,discovery,cold,0,echo_rtt,0.065,ok
fcc97ee87fca3ef9ce5a8bc4fea02e34975723da,seer_dial_p4278,discovery,cold,0,echo_rtt,0.069,ok
fcc97ee87fca3ef9ce5a8bc4fea02e34975723da,seer_dial_p4278,discovery,cold,0,echo_rtt,0.072,ok
fcc97ee87fca3ef9ce5a8bc4fea02e34975723da,seer_dial_p4278,discovery,cold,0,echo_rtt,0.067,ok
fcc97ee87fca3ef9ce5a8bc4fea02e34975723da,seer_dial_p4278,discovery,cold,0,echo_rtt,0.063,ok
fcc97ee87fca3ef9ce5a8bc4fea02e34975723da,seer_dial_p4278,discovery,cold,0,echo_rtt,0.062,ok
fcc97ee87fca3ef9ce5a8bc4fea02e34975723da,seer_dial_p4278,discovery,cold,0,echo_rtt,0.064,ok
fcc97ee87fca3ef9ce5a8bc4fea02e34975723da,seer_dial_p4278,discovery,cold,0,echo_rtt,0.064,ok
fcc97ee87fca3ef9ce5a8bc4fea02e34975723da,seer_dial_p4278,discovery,cold,0,echo_rtt,0.061,ok
fcc97ee87fca3ef9ce5a8bc4fea02e34975723da,seer_dial_p4278,discovery,cold,0,echo_rtt,0.059,ok
fcc97ee87fca3ef9ce5a8bc4fea02e34975723da,seer_dial_p4278,discovery,cold,0,echo_rtt,0.058,ok
fcc97ee87fca3ef9ce5a8bc4fea02e34975723da,seer_dial_p4278,discovery,cold,0,echo_rtt,0.063,ok
fcc97ee87fca3ef9ce5a8bc4fea02e34975723da,seer_dial_p4278,discovery,cold,0,echo_rtt,0.065,ok
fcc97ee87fca3ef9ce5a8bc4fea02e34975723da,seer_dial_p4278,discovery,cold,0,echo_rtt,0.061,ok
fcc97ee87fca3ef9ce5a8bc4fea02e34975723da,seer_dial_p4278,discovery,cold,0,echo_rtt,0.060,ok
fcc97ee87fca3ef9ce5a8bc4fea02e34975723da,seer_dial_p4278,discovery,cold,0,echo_rtt,0.059,ok
fcc97ee87fca3ef9ce5a8bc4fea02e34975723da,seer_dial_p4278,discovery,cold,0,echo_rtt,0.060,ok
fcc97ee87fca3ef9ce5a8bc4fea02e34975723da,seer_dial_p4278,discovery,cold,0,echo_rtt,0.065,ok
fcc97ee87fca3ef9ce5a8bc4fea02e34975723da,seer_dial_p4278,discovery,cold,0,echo_rtt,0.094,ok
fcc97ee87fca3ef9ce5a8bc4fea02e34975723da,seer_dial_p4278,discovery,cold,0,echo_rtt,0.077,ok
fcc97ee87fca3ef9ce5a8bc4fea02e34975723da,seer_dial_p4278,discovery,cold,0,echo_rtt,0.071,ok
fcc97ee87fca3ef9ce5a8bc4fea02e34975723da,seer_dial_p4278,discovery,cold,0,echo_rtt,0.072,ok
fcc97ee87fca3ef9ce5a8bc4fea02e34975723da,seer_dial_p4278,discovery,cold,0,echo_rtt,0.068,ok
fcc97ee87fca3ef9ce5a8bc4fea02e34975723da,seer_dial_p4278,discovery,cold,0,echo_rtt,0.063,ok
fcc97ee87fca3ef9ce5a8bc4fea02e34975723da,seer_dial_p4278,discovery,cold,0,echo_rtt,0.068,ok
fcc97ee87fca3ef9ce5a8bc4fea02e34975723da,seer_dial_p4278,discovery,cold,0,echo_rtt,0.065,ok
fcc97ee87fca3ef9ce5a8bc4fea02e34975723da,seer_dial_p4278,discovery,cold,0,echo_rtt,0.064,ok
fcc97ee87fca3ef9ce5a8bc4fea02e34975723da,seer_dial_p4278,discovery,cold,0,echo_rtt,0.065,ok
fcc97ee87fca3ef9ce5a8bc4fea02e34975723da,seer_dial_p4278,discovery,cold,0,echo_rtt,0.064,ok
fcc97ee87fca3ef9ce5a8bc4fea02e34975723da,seer_dial_p4278,discovery,cold,0,echo_rtt,0.063,ok
fcc97ee87fca3ef9ce5a8bc4fea02e34975723da,seer_dial_p4278,discovery,cold,0,echo_rtt,0.065,ok
fcc97ee87fca3ef9ce5a8bc4fea02e34975723da,seer_dial_p4278,discovery,cold,0,echo_rtt,0.063,ok
fcc97ee87fca3ef9ce5a8bc4fea02e34975723da,seer_dial_p4278,discovery,cold,0,echo_rtt,0.065,ok
fcc97ee87fca3ef9ce5a8bc4fea02e34975723da,seer_dial_p4278,discovery,cold,0,echo_rtt,0.066,ok
fcc97ee87fca3ef9ce5a8bc4fea02e34975723da,seer_dial_p4278,discovery,cold,0,echo_rtt,0.068,ok
fcc97ee87fca3ef9ce5a8bc4fea02e34975723da,seer_dial_p4278,discovery,cold,0,echo_rtt,0.064,ok
fcc97ee87fca3ef9ce5a8bc4fea02e34975723da,seer_dial_p4278,discovery,cold,0,echo_rtt,0.065,ok
fcc97ee87fca3ef9ce5a8bc4fea02e34975723da,seer_dial_p4278,discovery,cold,0,echo_rtt,0.069,ok
fcc97ee87fca3ef9ce5a8bc4fea02e34975723da,seer_dial_p4278,discovery,cold,0,echo_rtt,0.078,ok
fcc97ee87fca3ef9ce5a8bc4fea02e34975723da,seer_dial_p4278,discovery,cold,0,echo_rtt,0.060,ok
fcc97ee87fca3ef9ce5a8bc4fea02e34975723da,seer_dial_p4278,discovery,cold,0,echo_rtt,0.062,ok
fcc97ee87fca3ef9ce5a8bc4fea02e34975723da,seer_dial_p4278,discovery,cold,0,echo_rtt,0.061,ok
fcc97ee87fca3ef9ce5a8bc4fea02e34975723da,seer_dial_p4278,discovery,cold,0,echo_rtt,0.061,ok
fcc97ee87fca3ef9ce5a8bc4fea02e34975723da,seer_dial_p4278,discovery,cold,0,echo_rtt,0.060,ok
fcc97ee87fca3ef9ce5a8bc4fea02e34975723da,seer_dial_p4278,discovery,cold,0,echo_rtt,0.060,ok
fcc97ee87fca3ef9ce5a8bc4fea02e34975723da,seer_dial_p4278,discovery,cold,0,echo_rtt,0.063,ok
fcc97ee87fca3ef9ce5a8bc4fea02e34975723da,seer_dial_p4278,discovery,cold,0,echo_rtt,0.060,ok
fcc97ee87fca3ef9ce5a8bc4fea02e34975723da,seer_dial_p4278,discovery,cold,0,echo_rtt,0.060,ok
fcc97ee87fca3ef9ce5a8bc4fea02e34975723da,seer_dial_p4278,discovery,cold,0,echo_rtt,0.060,ok
fcc97ee87fca3ef9ce5a8bc4fea02e34975723da,seer_dial_p4278,discovery,cold,0,echo_rtt,0.060,ok
fcc97ee87fca3ef9ce5a8bc4fea02e34975723da,seer_dial_p4278,discovery,cold,0,echo_rtt,0.060,ok
fcc97ee87fca3ef9ce5a8bc4fea02e34975723da,seer_dial_p4278,discovery,cold,0,echo_rtt,0.059,ok
fcc97ee87fca3ef9ce5a8bc4fea02e34975723da,seer_dial_p4278,discovery,cold,0,echo_rtt,0.059,ok
fcc97ee87fca3ef9ce5a8bc4fea02e34975723da,seer_dial_p4278,discovery,cold,0,echo_rtt,0.060,ok
fcc97ee87fca3ef9ce5a8bc4fea02e34975723da,seer_dial_p4278,discovery,cold,0,echo_rtt,0.055,ok
fcc97ee87fca3ef9ce5a8bc4fea02e34975723da,seer_dial_p4278,discovery,cold,0,echo_rtt,0.055,ok
fcc97ee87fca3ef9ce5a8bc4fea02e34975723da,seer_dial_p4278,discovery,cold,0,echo_rtt,0.055,ok
fcc97ee87fca3ef9ce5a8bc4fea02e34975723da,seer_dial_p4278,discovery,cold,0,echo_rtt,0.055,ok
fcc97ee87fca3ef9ce5a8bc4fea02e34975723da,seer_dial_p4278,discovery,cold,0,echo_rtt,0.056,ok
fcc97ee87fca3ef9ce5a8bc4fea02e34975723da,seer_dial_p4278,discovery,cold,0,echo_rtt,0.056,ok
fcc97ee87fca3ef9ce5a8bc4fea02e34975723da,seer_dial_p4278,discovery,cold,0,echo_rtt,0.056,ok
fcc97ee87fca3ef9ce5a8bc4fea02e34975723da,seer_dial_p4278,discovery,cold,0,echo_rtt,0.054,ok
fcc97ee87fca3ef9ce5a8bc4fea02e34975723da,seer_dial_p4278,discovery,cold,0,echo_rtt,0.073,ok
fcc97ee87fca3ef9ce5a8bc4fea02e34975723da,seer_dial_p4278,discovery,cold,0,echo_rtt,0.062,ok
fcc97ee87fca3ef9ce5a8bc4fea02e34975723da,seer_dial_p4278,discovery,cold,0,echo_rtt,0.055,ok
fcc97ee87fca3ef9ce5a8bc4fea02e34975723da,seer_dial_p4278,discovery,cold,0,echo_rtt,0.054,ok
fcc97ee87fca3ef9ce5a8bc4fea02e34975723da,seer_dial_p4278,discovery,cold,0,seer_dial,196.379,ok
fcc97ee87fca3ef9ce5a8bc4fea02e34975723da,seer_dial_p4278,discovery,cold,0,stream_open,91.143,ok
fcc97ee87fca3ef9ce5a8bc4fea02e34975723da,seer_dial_p4278,discovery,cold,0,echo_rtt,0.136,ok
fcc97ee87fca3ef9ce5a8bc4fea02e34975723da,seer_dial_p4278,discovery,cold,0,echo_rtt,0.061,ok
fcc97ee87fca3ef9ce5a8bc4fea02e34975723da,seer_dial_p4278,discovery,cold,0,echo_rtt,0.056,ok
fcc97ee87fca3ef9ce5a8bc4fea02e34975723da,seer_dial_p4278,discovery,cold,0,echo_rtt,0.055,ok
fcc97ee87fca3ef9ce5a8bc4fea02e34975723da,seer_dial_p4278,discovery,cold,0,echo_rtt,0.056,ok
fcc97ee87fca3ef9ce5a8bc4fea02e34975723da,seer_dial_p4278,discovery,cold,0,echo_rtt,0.054,ok
fcc97ee87fca3ef9ce5a8bc4fea02e34975723da,seer_dial_p4278,discovery,cold,0,echo_rtt,0.057,ok
fcc97ee87fca3ef9ce5a8bc4fea02e34975723da,seer_dial_p4278,discovery,cold,0,echo_rtt,0.060,ok
fcc97ee87fca3ef9ce5a8bc4fea02e34975723da,seer_dial_p4278,discovery,cold,0,echo_rtt,0.056,ok
fcc97ee87fca3ef9ce5a8bc4fea02e34975723da,seer_dial_p4278,discovery,cold,0,echo_rtt,0.054,ok
fcc97ee87fca3ef9ce5a8bc4fea02e34975723da,seer_dial_p4278,discovery,cold,0,echo_rtt,0.054,ok
fcc97ee87fca3ef9ce5a8bc4fea02e34975723da,seer_dial_p4278,discovery,cold,0,echo_rtt,0.053,ok
fcc97ee87fca3ef9ce5a8bc4fea02e34975723da,seer_dial_p4278,discovery,cold,0,echo_rtt,0.053,ok
fcc97ee87fca3ef9ce5a8bc4fea02e34975723da,seer_dial_p4278,discovery,cold,0,echo_rtt,0.096,ok
fcc97ee87fca3ef9ce5a8bc4fea02e34975723da,seer_dial_p4278,discovery,cold,0,echo_rtt,0.106,ok
fcc97ee87fca3ef9ce5a8bc4fea02e34975723da,seer_dial_p4278,discovery,cold,0,echo_rtt,0.059,ok
fcc97ee87fca3ef9ce5a8bc4fea02e34975723da,seer_dial_p4278,discovery,cold,0,echo_rtt,0.057,ok
fcc97ee87fca3ef9ce5a8bc4fea02e34975723da,seer_dial_p4278,discovery,cold,0,echo_rtt,0.056,ok
fcc97ee87fca3ef9ce5a8bc4fea02e34975723da,seer_dial_p4278,discovery,cold,0,echo_rtt,0.068,ok
fcc97ee87fca3ef9ce5a8bc4fea02e34975723da,seer_dial_p4278,discovery,cold,0,echo_rtt,0.069,ok
fcc97ee87fca3ef9ce5a8bc4fea02e34975723da,seer_dial_p4278,discovery,cold,0,echo_rtt,0.068,ok
fcc97ee87fca3ef9ce5a8bc4fea02e34975723da,seer_dial_p4278,discovery,cold,0,echo_rtt,0.065,ok
fcc97ee87fca3ef9ce5a8bc4fea02e34975723da,seer_dial_p4278,discovery,cold,0,echo_rtt,0.071,ok
fcc97ee87fca3ef9ce5a8bc4fea02e34975723da,seer_dial_p4278,discovery,cold,0,echo_rtt,0.066,ok
fcc97ee87fca3ef9ce5a8bc4fea02e34975723da,seer_dial_p4278,discovery,cold,0,echo_rtt,0.068,ok
fcc97ee87fca3ef9ce5a8bc4fea02e34975723da,seer_dial_p4278,discovery,cold,0,echo_rtt,0.068,ok
fcc97ee87fca3ef9ce5a8bc4fea02e34975723da,seer_dial_p4278,discovery,cold,0,echo_rtt,0.068,ok
fcc97ee87fca3ef9ce5a8bc4fea02e34975723da,seer_dial_p4278,discovery,cold,0,echo_rtt,0.071,ok
fcc97ee87fca3ef9ce5a8bc4fea02e34975723da,seer_dial_p4278,discovery,cold,0,echo_rtt,0.067,ok
fcc97ee87fca3ef9ce5a8bc4fea02e34975723da,seer_dial_p4278,discovery,cold,0,echo_rtt,0.067,ok
fcc97ee87fca3ef9ce5a8bc4fea02e34975723da,seer_dial_p4278,discovery,cold,0,echo_rtt,0.067,ok
fcc97ee87fca3ef9ce5a8bc4fea02e34975723da,seer_dial_p4278,discovery,cold,0,echo_rtt,0.066,ok
fcc97ee87fca3ef9ce5a8bc4fea02e34975723da,seer_dial_p4278,discovery,cold,0,echo_rtt,0.065,ok
fcc97ee87fca3ef9ce5a8bc4fea02e34975723da,seer_dial_p4278,discovery,cold,0,echo_rtt,0.060,ok
fcc97ee87fca3ef9ce5a8bc4fea02e34975723da,seer_dial_p4278,discovery,cold,0,echo_rtt,0.064,ok
fcc97ee87fca3ef9ce5a8bc4fea02e34975723da,seer_dial_p4278,discovery,cold,0,echo_rtt,0.061,ok
fcc97ee87fca3ef9ce5a8bc4fea02e34975723da,seer_dial_p4278,discovery,cold,0,echo_rtt,0.065,ok
fcc97ee87fca3ef9ce5a8bc4fea02e34975723da,seer_dial_p4278,discovery,cold,0,echo_rtt,0.064,ok
fcc97ee87fca3ef9ce5a8bc4fea02e34975723da,seer_dial_p4278,discovery,cold,0,echo_rtt,0.068,ok
fcc97ee87fca3ef9ce5a8bc4fea02e34975723da,seer_dial_p4278,discovery,cold,0,echo_rtt,0.062,ok
fcc97ee87fca3ef9ce5a8bc4fea02e34975723da,seer_dial_p4278,discovery,cold,0,echo_rtt,0.063,ok
fcc97ee87fca3ef9ce5a8bc4fea02e34975723da,seer_dial_p4278,discovery,cold,0,echo_rtt,0.062,ok
fcc97ee87fca3ef9ce5a8bc4fea02e34975723da,seer_dial_p4278,discovery,cold,0,echo_rtt,0.063,ok
fcc97ee87fca3ef9ce5a8bc4fea02e34975723da,seer_dial_p4278,discovery,cold,0,echo_rtt,0.067,ok
fcc97ee87fca3ef9ce5a8bc4fea02e34975723da,seer_dial_p4278,discovery,cold,0,echo_rtt,0.066,ok
fcc97ee87fca3ef9ce5a8bc4fea02e34975723da,seer_dial_p4278,discovery,cold,0,echo_rtt,0.061,ok
fcc97ee87fca3ef9ce5a8bc4fea02e34975723da,seer_dial_p4278,discovery,cold,0,echo_rtt,0.061,ok
fcc97ee87fca3ef9ce5a8bc4fea02e34975723da,seer_dial_p4278,discovery,cold,0,echo_rtt,0.066,ok
fcc97ee87fca3ef9ce5a8bc4fea02e34975723da,seer_dial_p4278,discovery,cold,0,echo_rtt,0.062,ok
fcc97ee87fca3ef9ce5a8bc4fea02e34975723da,seer_dial_p4278,discovery,cold,0,echo_rtt,0.064,ok
fcc97ee87fca3ef9ce5a8bc4fea02e34975723da,seer_dial_p4278,discovery,cold,0,echo_rtt,0.061,ok
fcc97ee87fca3ef9ce5a8bc4fea02e34975723da,seer_dial_p4278,discovery,cold,0,echo_rtt,0.063,ok
fcc97ee87fca3ef9ce5a8bc4fea02e34975723da,seer_dial_p4278,discovery,cold,0,echo_rtt,0.065,ok
fcc97ee87fca3ef9ce5a8bc4fea02e34975723da,seer_dial_p4278,discovery,cold,0,echo_rtt,0.062,ok
fcc97ee87fca3ef9ce5a8bc4fea02e34975723da,seer_dial_p4278,discovery,cold,0,echo_rtt,0.063,ok
fcc97ee87fca3ef9ce5a8bc4fea02e34975723da,seer_dial_p4278,discovery,cold,0,echo_rtt,0.061,ok
fcc97ee87fca3ef9ce5a8bc4fea02e34975723da,seer_dial_p4278,discovery,cold,0,echo_rtt,0.062,ok
fcc97ee87fca3ef9ce5a8bc4fea02e34975723da,seer_dial_p4278,discovery,cold,0,echo_rtt,0.062,ok
fcc97ee87fca3ef9ce5a8bc4fea02e34975723da,seer_dial_p4278,discovery,cold,0,echo_rtt,0.062,ok
fcc97ee87fca3ef9ce5a8bc4fea02e34975723da,seer_dial_p4278,discovery,cold,0,echo_rtt,0.061,ok
fcc97ee87fca3ef9ce5a8bc4fea02e34975723da,seer_dial_p4278,discovery,cold,0,echo_rtt,0.061,ok
fcc97ee87fca3ef9ce5a8bc4fea02e34975723da,seer_dial_p4278,discovery,cold,0,echo_rtt,0.105,ok
fcc97ee87fca3ef9ce5a8bc4fea02e34975723da,seer_dial_p4278,discovery,cold,0,echo_rtt,0.063,ok
fcc97ee87fca3ef9ce5a8bc4fea02e34975723da,seer_dial_p4278,discovery,cold,0,echo_rtt,0.062,ok
fcc97ee87fca3ef9ce5a8bc4fea02e34975723da,seer_dial_p4278,discovery,cold,0,echo_rtt,0.061,ok
fcc97ee87fca3ef9ce5a8bc4fea02e34975723da,seer_dial_p4278,discovery,cold,0,echo_rtt,0.062,ok
fcc97ee87fca3ef9ce5a8bc4fea02e34975723da,seer_dial_p4278,discovery,cold,0,echo_rtt,0.061,ok
fcc97ee87fca3ef9ce5a8bc4fea02e34975723da,seer_dial_p4278,discovery,cold,0,echo_rtt,0.070,ok
fcc97ee87fca3ef9ce5a8bc4fea02e34975723da,seer_dial_p4278,discovery,cold,0,echo_rtt,0.065,ok
fcc97ee87fca3ef9ce5a8bc4fea02e34975723da,seer_dial_p4278,discovery,cold,0,echo_rtt,0.063,ok
fcc97ee87fca3ef9ce5a8bc4fea02e34975723da,seer_dial_p4278,discovery,cold,0,echo_rtt,0.062,ok
fcc97ee87fca3ef9ce5a8bc4fea02e34975723da,seer_dial_p4278,discovery,cold,0,echo_rtt,0.061,ok
fcc97ee87fca3ef9ce5a8bc4fea02e34975723da,seer_dial_p4278,discovery,cold,0,echo_rtt,0.061,ok
fcc97ee87fca3ef9ce5a8bc4fea02e34975723da,seer_dial_p4278,discovery,cold,0,echo_rtt,0.064,ok
fcc97ee87fca3ef9ce5a8bc4fea02e34975723da,seer_dial_p4278,discovery,cold,0,echo_rtt,0.061,ok
fcc97ee87fca3ef9ce5a8bc4fea02e34975723da,seer_dial_p4278,discovery,cold,0,echo_rtt,0.072,ok
fcc97ee87fca3ef9ce5a8bc4fea02e34975723da,seer_dial_p4278,discovery,cold,0,echo_rtt,0.058,ok
fcc97ee87fca3ef9ce5a8bc4fea02e34975723da,seer_dial_p4278,discovery,cold,0,echo_rtt,0.059,ok
fcc97ee87fca3ef9ce5a8bc4fea02e34975723da,seer_dial_p4278,discovery,cold,0,echo_rtt,0.057,ok
fcc97ee87fca3ef9ce5a8bc4fea02e34975723da,seer_dial_p4278,discovery,cold,0,echo_rtt,0.062,ok
fcc97ee87fca3ef9ce5a8bc4fea02e34975723da,seer_dial_p4278,discovery,cold,0,echo_rtt,0.061,ok
fcc97ee87fca3ef9ce5a8bc4fea02e34975723da,seer_dial_p4278,discovery,cold,0,echo_rtt,0.062,ok
fcc97ee87fca3ef9ce5a8bc4fea02e34975723da,seer_dial_p4278,discovery,cold,0,echo_rtt,0.064,ok
fcc97ee87fca3ef9ce5a8bc4fea02e34975723da,seer_dial_p4278,discovery,cold,0,echo_rtt,0.068,ok
fcc97ee87fca3ef9ce5a8bc4fea02e34975723da,seer_dial_p4278,discovery,cold,0,echo_rtt,0.062,ok
fcc97ee87fca3ef9ce5a8bc4fea02e34975723da,seer_dial_p4278,discovery,cold,0,echo_rtt,0.061,ok
fcc97ee87fca3ef9ce5a8bc4fea02e34975723da,seer_dial_p4278,discovery,cold,0,echo_rtt,0.061,ok
fcc97ee87fca3ef9ce5a8bc4fea02e34975723da,seer_dial_p4278,discovery,cold,0,echo_rtt,0.061,ok
fcc97ee87fca3ef9ce5a8bc4fea02e34975723da,seer_dial_p4278,discovery,cold,0,echo_rtt,0.061,ok
fcc97ee87fca3ef9ce5a8bc4fea02e34975723da,seer_dial_p4278,discovery,cold,0,echo_rtt,0.067,ok
fcc97ee87fca3ef9ce5a8bc4fea02e34975723da,seer_dial_p4278,discovery,cold,0,echo_rtt,0.061,ok
fcc97ee87fca3ef9ce5a8bc4fea02e34975723da,seer_dial_p4278,discovery,cold,0,echo_rtt,0.061,ok
fcc97ee87fca3ef9ce5a8bc4fea02e34975723da,seer_dial_p4278,discovery,cold,0,echo_rtt,0.061,ok
fcc97ee87fca3ef9ce5a8bc4fea02e34975723da,seer_dial_p4278,discovery,cold,0,echo_rtt,0.078,ok
fcc97ee87fca3ef9ce5a8bc4fea02e34975723da,seer_dial_p4278,discovery,cold,0,echo_rtt,0.075,ok
fcc97ee87fca3ef9ce5a8bc4fea02e34975723da,seer_dial_p4278,discovery,cold,0,echo_rtt,0.071,ok
fcc97ee87fca3ef9ce5a8bc4fea02e34975723da,seer_dial_p4278,discovery,cold,0,echo_rtt,0.069,ok
fcc97ee87fca3ef9ce5a8bc4fea02e34975723da,seer_dial_p4278,discovery,cold,0,echo_rtt,0.069,ok
fcc97ee87fca3ef9ce5a8bc4fea02e34975723da,seer_dial_p4278,discovery,cold,0,echo_rtt,0.070,ok
fcc97ee87fca3ef9ce5a8bc4fea02e34975723da,seer_dial_p4278,discovery,cold,0,echo_rtt,0.073,ok
fcc97ee87fca3ef9ce5a8bc4fea02e34975723da,seer_dial_p4278,discovery,cold,0,seer_dial,193.013,ok
fcc97ee87fca3ef9ce5a8bc4fea02e34975723da,seer_dial_p4278,discovery,cold,0,stream_open,90.305,ok
fcc97ee87fca3ef9ce5a8bc4fea02e34975723da,seer_dial_p4278,discovery,cold,0,echo_rtt,0.085,ok
fcc97ee87fca3ef9ce5a8bc4fea02e34975723da,seer_dial_p4278,discovery,cold,0,echo_rtt,0.100,ok
fcc97ee87fca3ef9ce5a8bc4fea02e34975723da,seer_dial_p4278,discovery,cold,0,echo_rtt,0.066,ok
fcc97ee87fca3ef9ce5a8bc4fea02e34975723da,seer_dial_p4278,discovery,cold,0,echo_rtt,0.059,ok
fcc97ee87fca3ef9ce5a8bc4fea02e34975723da,seer_dial_p4278,discovery,cold,0,echo_rtt,0.106,ok
fcc97ee87fca3ef9ce5a8bc4fea02e34975723da,seer_dial_p4278,discovery,cold,0,echo_rtt,0.088,ok
fcc97ee87fca3ef9ce5a8bc4fea02e34975723da,seer_dial_p4278,discovery,cold,0,echo_rtt,0.063,ok
fcc97ee87fca3ef9ce5a8bc4fea02e34975723da,seer_dial_p4278,discovery,cold,0,echo_rtt,0.058,ok
fcc97ee87fca3ef9ce5a8bc4fea02e34975723da,seer_dial_p4278,discovery,cold,0,echo_rtt,0.057,ok
fcc97ee87fca3ef9ce5a8bc4fea02e34975723da,seer_dial_p4278,discovery,cold,0,echo_rtt,0.057,ok
fcc97ee87fca3ef9ce5a8bc4fea02e34975723da,seer_dial_p4278,discovery,cold,0,echo_rtt,0.058,ok
fcc97ee87fca3ef9ce5a8bc4fea02e34975723da,seer_dial_p4278,discovery,cold,0,echo_rtt,0.075,ok
fcc97ee87fca3ef9ce5a8bc4fea02e34975723da,seer_dial_p4278,discovery,cold,0,echo_rtt,0.085,ok
fcc97ee87fca3ef9ce5a8bc4fea02e34975723da,seer_dial_p4278,discovery,cold,0,echo_rtt,0.070,ok
fcc97ee87fca3ef9ce5a8bc4fea02e34975723da,seer_dial_p4278,discovery,cold,0,echo_rtt,0.064,ok
fcc97ee87fca3ef9ce5a8bc4fea02e34975723da,seer_dial_p4278,discovery,cold,0,echo_rtt,0.068,ok
fcc97ee87fca3ef9ce5a8bc4fea02e34975723da,seer_dial_p4278,discovery,cold,0,echo_rtt,0.073,ok
fcc97ee87fca3ef9ce5a8bc4fea02e34975723da,seer_dial_p4278,discovery,cold,0,echo_rtt,0.061,ok
fcc97ee87fca3ef9ce5a8bc4fea02e34975723da,seer_dial_p4278,discovery,cold,0,echo_rtt,0.062,ok
fcc97ee87fca3ef9ce5a8bc4fea02e34975723da,seer_dial_p4278,discovery,cold,0,echo_rtt,0.060,ok
fcc97ee87fca3ef9ce5a8bc4fea02e34975723da,seer_dial_p4278,discovery,cold,0,echo_rtt,0.063,ok
fcc97ee87fca3ef9ce5a8bc4fea02e34975723da,seer_dial_p4278,discovery,cold,0,echo_rtt,0.062,ok
fcc97ee87fca3ef9ce5a8bc4fea02e34975723da,seer_dial_p4278,discovery,cold,0,echo_rtt,0.061,ok
fcc97ee87fca3ef9ce5a8bc4fea02e34975723da,seer_dial_p4278,discovery,cold,0,echo_rtt,0.061,ok
fcc97ee87fca3ef9ce5a8bc4fea02e34975723da,seer_dial_p4278,discovery,cold,0,echo_rtt,0.061,ok
fcc97ee87fca3ef9ce5a8bc4fea02e34975723da,seer_dial_p4278,discovery,cold,0,echo_rtt,0.061,ok
fcc97ee87fca3ef9ce5a8bc4fea02e34975723da,seer_dial_p4278,discovery,cold,0,echo_rtt,0.062,ok
fcc97ee87fca3ef9ce5a8bc4fea02e34975723da,seer_dial_p4278,discovery,cold,0,echo_rtt,0.061,ok
fcc97ee87fca3ef9ce5a8bc4fea02e34975723da,seer_dial_p4278,discovery,cold,0,echo_rtt,0.095,ok
fcc97ee87fca3ef9ce5a8bc4fea02e34975723da,seer_dial_p4278,discovery,cold,0,echo_rtt,0.086,ok
fcc97ee87fca3ef9ce5a8bc4fea02e34975723da,seer_dial_p4278,discovery,cold,0,echo_rtt,0.072,ok
fcc97ee87fca3ef9ce5a8bc4fea02e34975723da,seer_dial_p4278,discovery,cold,0,echo_rtt,0.064,ok
fcc97ee87fca3ef9ce5a8bc4fea02e34975723da,seer_dial_p4278,discovery,cold,0,echo_rtt,0.060,ok
fcc97ee87fca3ef9ce5a8bc4fea02e34975723da,seer_dial_p4278,discovery,cold,0,echo_rtt,0.062,ok
fcc97ee87fca3ef9ce5a8bc4fea02e34975723da,seer_dial_p4278,discovery,cold,0,echo_rtt,0.061,ok
fcc97ee87fca3ef9ce5a8bc4fea02e34975723da,seer_dial_p4278,discovery,cold,0,echo_rtt,0.060,ok
fcc97ee87fca3ef9ce5a8bc4fea02e34975723da,seer_dial_p4278,discovery,cold,0,echo_rtt,0.064,ok
fcc97ee87fca3ef9ce5a8bc4fea02e34975723da,seer_dial_p4278,discovery,cold,0,echo_rtt,0.062,ok
fcc97ee87fca3ef9ce5a8bc4fea02e34975723da,seer_dial_p4278,discovery,cold,0,echo_rtt,0.061,ok
fcc97ee87fca3ef9ce5a8bc4fea02e34975723da,seer_dial_p4278,discovery,cold,0,echo_rtt,0.062,ok
fcc97ee87fca3ef9ce5a8bc4fea02e34975723da,seer_dial_p4278,discovery,cold,0,echo_rtt,0.060,ok
fcc97ee87fca3ef9ce5a8bc4fea02e34975723da,seer_dial_p4278,discovery,cold,0,echo_rtt,0.060,ok
fcc97ee87fca3ef9ce5a8bc4fea02e34975723da,seer_dial_p4278,discovery,cold,0,echo_rtt,0.060,ok
fcc97ee87fca3ef9ce5a8bc4fea02e34975723da,seer_dial_p4278,discovery,cold,0,echo_rtt,0.061,ok
fcc97ee87fca3ef9ce5a8bc4fea02e34975723da,seer_dial_p4278,discovery,cold,0,echo_rtt,0.062,ok
fcc97ee87fca3ef9ce5a8bc4fea02e34975723da,seer_dial_p4278,discovery,cold,0,echo_rtt,0.063,ok
fcc97ee87fca3ef9ce5a8bc4fea02e34975723da,seer_dial_p4278,discovery,cold,0,echo_rtt,0.061,ok
fcc97ee87fca3ef9ce5a8bc4fea02e34975723da,seer_dial_p4278,discovery,cold,0,echo_rtt,0.062,ok
fcc97ee87fca3ef9ce5a8bc4fea02e34975723da,seer_dial_p4278,discovery,cold,0,echo_rtt,0.061,ok
fcc97ee87fca3ef9ce5a8bc4fea02e34975723da,seer_dial_p4278,discovery,cold,0,echo_rtt,0.062,ok
fcc97ee87fca3ef9ce5a8bc4fea02e34975723da,seer_dial_p4278,discovery,cold,0,echo_rtt,0.061,ok
fcc97ee87fca3ef9ce5a8bc4fea02e34975723da,seer_dial_p4278,discovery,cold,0,echo_rtt,0.128,ok
fcc97ee87fca3ef9ce5a8bc4fea02e34975723da,seer_dial_p4278,discovery,cold,0,echo_rtt,0.076,ok
fcc97ee87fca3ef9ce5a8bc4fea02e34975723da,seer_dial_p4278,discovery,cold,0,echo_rtt,0.067,ok
fcc97ee87fca3ef9ce5a8bc4fea02e34975723da,seer_dial_p4278,discovery,cold,0,echo_rtt,0.065,ok
fcc97ee87fca3ef9ce5a8bc4fea02e34975723da,seer_dial_p4278,discovery,cold,0,echo_rtt,0.070,ok
fcc97ee87fca3ef9ce5a8bc4fea02e34975723da,seer_dial_p4278,discovery,cold,0,echo_rtt,0.060,ok
fcc97ee87fca3ef9ce5a8bc4fea02e34975723da,seer_dial_p4278,discovery,cold,0,echo_rtt,0.060,ok
fcc97ee87fca3ef9ce5a8bc4fea02e34975723da,seer_dial_p4278,discovery,cold,0,echo_rtt,0.059,ok
fcc97ee87fca3ef9ce5a8bc4fea02e34975723da,seer_dial_p4278,discovery,cold,0,echo_rtt,0.064,ok
fcc97ee87fca3ef9ce5a8bc4fea02e34975723da,seer_dial_p4278,discovery,cold,0,echo_rtt,0.079,ok
fcc97ee87fca3ef9ce5a8bc4fea02e34975723da,seer_dial_p4278,discovery,cold,0,echo_rtt,0.101,ok
fcc97ee87fca3ef9ce5a8bc4fea02e34975723da,seer_dial_p4278,discovery,cold,0,echo_rtt,0.060,ok
fcc97ee87fca3ef9ce5a8bc4fea02e34975723da,seer_dial_p4278,discovery,cold,0,echo_rtt,0.059,ok
fcc97ee87fca3ef9ce5a8bc4fea02e34975723da,seer_dial_p4278,discovery,cold,0,echo_rtt,0.060,ok
fcc97ee87fca3ef9ce5a8bc4fea02e34975723da,seer_dial_p4278,discovery,cold,0,echo_rtt,0.058,ok
fcc97ee87fca3ef9ce5a8bc4fea02e34975723da,seer_dial_p4278,discovery,cold,0,echo_rtt,0.060,ok
fcc97ee87fca3ef9ce5a8bc4fea02e34975723da,seer_dial_p4278,discovery,cold,0,echo_rtt,0.058,ok
fcc97ee87fca3ef9ce5a8bc4fea02e34975723da,seer_dial_p4278,discovery,cold,0,echo_rtt,0.058,ok
fcc97ee87fca3ef9ce5a8bc4fea02e34975723da,seer_dial_p4278,discovery,cold,0,echo_rtt,0.059,ok
fcc97ee87fca3ef9ce5a8bc4fea02e34975723da,seer_dial_p4278,discovery,cold,0,echo_rtt,0.058,ok
fcc97ee87fca3ef9ce5a8bc4fea02e34975723da,seer_dial_p4278,discovery,cold,0,echo_rtt,0.059,ok
fcc97ee87fca3ef9ce5a8bc4fea02e34975723da,seer_dial_p4278,discovery,cold,0,echo_rtt,0.060,ok
fcc97ee87fca3ef9ce5a8bc4fea02e34975723da,seer_dial_p4278,discovery,cold,0,echo_rtt,0.077,ok
fcc97ee87fca3ef9ce5a8bc4fea02e34975723da,seer_dial_p4278,discovery,cold,0,echo_rtt,0.060,ok
fcc97ee87fca3ef9ce5a8bc4fea02e34975723da,seer_dial_p4278,discovery,cold,0,echo_rtt,0.076,ok
fcc97ee87fca3ef9ce5a8bc4fea02e34975723da,seer_dial_p4278,discovery,cold,0,echo_rtt,0.061,ok
fcc97ee87fca3ef9ce5a8bc4fea02e34975723da,seer_dial_p4278,discovery,cold,0,echo_rtt,0.059,ok
fcc97ee87fca3ef9ce5a8bc4fea02e34975723da,seer_dial_p4278,discovery,cold,0,echo_rtt,0.058,ok
fcc97ee87fca3ef9ce5a8bc4fea02e34975723da,seer_dial_p4278,discovery,cold,0,echo_rtt,0.060,ok
fcc97ee87fca3ef9ce5a8bc4fea02e34975723da,seer_dial_p4278,discovery,cold,0,echo_rtt,0.067,ok
fcc97ee87fca3ef9ce5a8bc4fea02e34975723da,seer_dial_p4278,discovery,cold,0,echo_rtt,0.092,ok
fcc97ee87fca3ef9ce5a8bc4fea02e34975723da,seer_dial_p4278,discovery,cold,0,echo_rtt,0.065,ok
fcc97ee87fca3ef9ce5a8bc4fea02e34975723da,seer_dial_p4278,discovery,cold,0,echo_rtt,0.061,ok
fcc97ee87fca3ef9ce5a8bc4fea02e34975723da,seer_dial_p4278,discovery,cold,0,echo_rtt,0.076,ok
fcc97ee87fca3ef9ce5a8bc4fea02e34975723da,seer_dial_p4278,discovery,cold,0,echo_rtt,0.061,ok
fcc97ee87fca3ef9ce5a8bc4fea02e34975723da,seer_dial_p4278,discovery,cold,0,echo_rtt,0.064,ok
fcc97ee87fca3ef9ce5a8bc4fea02e34975723da,seer_dial_p4278,discovery,cold,0,echo_rtt,0.071,ok
fcc97ee87fca3ef9ce5a8bc4fea02e34975723da,seer_dial_p4278,discovery,cold,0,echo_rtt,0.059,ok
fcc97ee87fca3ef9ce5a8bc4fea02e34975723da,seer_dial_p4278,discovery,cold,0,echo_rtt,0.063,ok
fcc97ee87fca3ef9ce5a8bc4fea02e34975723da,seer_dial_p4278,discovery,cold,0,echo_rtt,0.065,ok
fcc97ee87fca3ef9ce5a8bc4fea02e34975723da,seer_dial_p4278,discovery,cold,0,echo_rtt,0.088,ok
fcc97ee87fca3ef9ce5a8bc4fea02e34975723da,seer_dial_p4278,discovery,cold,0,echo_rtt,0.067,ok
fcc97ee87fca3ef9ce5a8bc4fea02e34975723da,seer_dial_p4278,discovery,cold,0,echo_rtt,0.075,ok
fcc97ee87fca3ef9ce5a8bc4fea02e34975723da,seer_dial_p4278,discovery,cold,0,echo_rtt,0.064,ok
fcc97ee87fca3ef9ce5a8bc4fea02e34975723da,seer_dial_p4278,discovery,cold,0,echo_rtt,0.065,ok
fcc97ee87fca3ef9ce5a8bc4fea02e34975723da,seer_dial_p4278,discovery,cold,0,echo_rtt,0.111,ok
fcc97ee87fca3ef9ce5a8bc4fea02e34975723da,seer_dial_p4278,discovery,cold,0,echo_rtt,0.065,ok
fcc97ee87fca3ef9ce5a8bc4fea02e34975723da,seer_dial_p4278,discovery,cold,0,echo_rtt,0.065,ok
fcc97ee87fca3ef9ce5a8bc4fea02e34975723da,seer_dial_p4278,discovery,cold,0,echo_rtt,0.068,ok
fcc97ee87fca3ef9ce5a8bc4fea02e34975723da,seer_dial_p4278,discovery,cold,0,seer_dial,204.816,ok
fcc97ee87fca3ef9ce5a8bc4fea02e34975723da,seer_dial_p4278,discovery,cold,0,stream_open,93.959,ok
fcc97ee87fca3ef9ce5a8bc4fea02e34975723da,seer_dial_p4278,discovery,cold,0,echo_rtt,0.129,ok
fcc97ee87fca3ef9ce5a8bc4fea02e34975723da,seer_dial_p4278,discovery,cold,0,echo_rtt,0.092,ok
fcc97ee87fca3ef9ce5a8bc4fea02e34975723da,seer_dial_p4278,discovery,cold,0,echo_rtt,0.072,ok
fcc97ee87fca3ef9ce5a8bc4fea02e34975723da,seer_dial_p4278,discovery,cold,0,echo_rtt,0.069,ok
fcc97ee87fca3ef9ce5a8bc4fea02e34975723da,seer_dial_p4278,discovery,cold,0,echo_rtt,0.072,ok
fcc97ee87fca3ef9ce5a8bc4fea02e34975723da,seer_dial_p4278,discovery,cold,0,echo_rtt,0.068,ok
fcc97ee87fca3ef9ce5a8bc4fea02e34975723da,seer_dial_p4278,discovery,cold,0,echo_rtt,0.068,ok
fcc97ee87fca3ef9ce5a8bc4fea02e34975723da,seer_dial_p4278,discovery,cold,0,echo_rtt,0.072,ok
fcc97ee87fca3ef9ce5a8bc4fea02e34975723da,seer_dial_p4278,discovery,cold,0,echo_rtt,0.074,ok
fcc97ee87fca3ef9ce5a8bc4fea02e34975723da,seer_dial_p4278,discovery,cold,0,echo_rtt,0.068,ok
fcc97ee87fca3ef9ce5a8bc4fea02e34975723da,seer_dial_p4278,discovery,cold,0,echo_rtt,0.070,ok
fcc97ee87fca3ef9ce5a8bc4fea02e34975723da,seer_dial_p4278,discovery,cold,0,echo_rtt,0.085,ok
fcc97ee87fca3ef9ce5a8bc4fea02e34975723da,seer_dial_p4278,discovery,cold,0,echo_rtt,0.072,ok
fcc97ee87fca3ef9ce5a8bc4fea02e34975723da,seer_dial_p4278,discovery,cold,0,echo_rtt,0.071,ok
fcc97ee87fca3ef9ce5a8bc4fea02e34975723da,seer_dial_p4278,discovery,cold,0,echo_rtt,0.068,ok
fcc97ee87fca3ef9ce5a8bc4fea02e34975723da,seer_dial_p4278,discovery,cold,0,echo_rtt,0.071,ok
fcc97ee87fca3ef9ce5a8bc4fea02e34975723da,seer_dial_p4278,discovery,cold,0,echo_rtt,0.068,ok
fcc97ee87fca3ef9ce5a8bc4fea02e34975723da,seer_dial_p4278,discovery,cold,0,echo_rtt,0.069,ok
fcc97ee87fca3ef9ce5a8bc4fea02e34975723da,seer_dial_p4278,discovery,cold,0,echo_rtt,0.072,ok
fcc97ee87fca3ef9ce5a8bc4fea02e34975723da,seer_dial_p4278,discovery,cold,0,echo_rtt,0.067,ok
fcc97ee87fca3ef9ce5a8bc4fea02e34975723da,seer_dial_p4278,discovery,cold,0,echo_rtt,0.067,ok
fcc97ee87fca3ef9ce5a8bc4fea02e34975723da,seer_dial_p4278,discovery,cold,0,echo_rtt,0.066,ok
fcc97ee87fca3ef9ce5a8bc4fea02e34975723da,seer_dial_p4278,discovery,cold,0,echo_rtt,0.070,ok
fcc97ee87fca3ef9ce5a8bc4fea02e34975723da,seer_dial_p4278,discovery,cold,0,echo_rtt,0.068,ok
fcc97ee87fca3ef9ce5a8bc4fea02e34975723da,seer_dial_p4278,discovery,cold,0,echo_rtt,0.068,ok
fcc97ee87fca3ef9ce5a8bc4fea02e34975723da,seer_dial_p4278,discovery,cold,0,echo_rtt,0.068,ok
fcc97ee87fca3ef9ce5a8bc4fea02e34975723da,seer_dial_p4278,discovery,cold,0,echo_rtt,0.067,ok
fcc97ee87fca3ef9ce5a8bc4fea02e34975723da,seer_dial_p4278,discovery,cold,0,echo_rtt,0.068,ok
fcc97ee87fca3ef9ce5a8bc4fea02e34975723da,seer_dial_p4278,discovery,cold,0,echo_rtt,0.067,ok
fcc97ee87fca3ef9ce5a8bc4fea02e34975723da,seer_dial_p4278,discovery,cold,0,echo_rtt,0.067,ok
fcc97ee87fca3ef9ce5a8bc4fea02e34975723da,seer_dial_p4278,discovery,cold,0,echo_rtt,0.067,ok
fcc97ee87fca3ef9ce5a8bc4fea02e34975723da,seer_dial_p4278,discovery,cold,0,echo_rtt,0.071,ok
fcc97ee87fca3ef9ce5a8bc4fea02e34975723da,seer_dial_p4278,discovery,cold,0,echo_rtt,0.070,ok
fcc97ee87fca3ef9ce5a8bc4fea02e34975723da,seer_dial_p4278,discovery,cold,0,echo_rtt,0.072,ok
fcc97ee87fca3ef9ce5a8bc4fea02e34975723da,seer_dial_p4278,discovery,cold,0,echo_rtt,0.068,ok
fcc97ee87fca3ef9ce5a8bc4fea02e34975723da,seer_dial_p4278,discovery,cold,0,echo_rtt,0.067,ok
fcc97ee87fca3ef9ce5a8bc4fea02e34975723da,seer_dial_p4278,discovery,cold,0,echo_rtt,0.071,ok
fcc97ee87fca3ef9ce5a8bc4fea02e34975723da,seer_dial_p4278,discovery,cold,0,echo_rtt,0.070,ok
fcc97ee87fca3ef9ce5a8bc4fea02e34975723da,seer_dial_p4278,discovery,cold,0,echo_rtt,0.067,ok
fcc97ee87fca3ef9ce5a8bc4fea02e34975723da,seer_dial_p4278,discovery,cold,0,echo_rtt,0.067,ok
fcc97ee87fca3ef9ce5a8bc4fea02e34975723da,seer_dial_p4278,discovery,cold,0,echo_rtt,0.067,ok
fcc97ee87fca3ef9ce5a8bc4fea02e34975723da,seer_dial_p4278,discovery,cold,0,echo_rtt,0.067,ok
fcc97ee87fca3ef9ce5a8bc4fea02e34975723da,seer_dial_p4278,discovery,cold,0,echo_rtt,0.067,ok
fcc97ee87fca3ef9ce5a8bc4fea02e34975723da,seer_dial_p4278,discovery,cold,0,echo_rtt,0.066,ok
fcc97ee87fca3ef9ce5a8bc4fea02e34975723da,seer_dial_p4278,discovery,cold,0,echo_rtt,0.068,ok
fcc97ee87fca3ef9ce5a8bc4fea02e34975723da,seer_dial_p4278,discovery,cold,0,echo_rtt,0.068,ok
fcc97ee87fca3ef9ce5a8bc4fea02e34975723da,seer_dial_p4278,discovery,cold,0,echo_rtt,0.066,ok
fcc97ee87fca3ef9ce5a8bc4fea02e34975723da,seer_dial_p4278,discovery,cold,0,echo_rtt,0.067,ok
fcc97ee87fca3ef9ce5a8bc4fea02e34975723da,seer_dial_p4278,discovery,cold,0,echo_rtt,0.101,ok
fcc97ee87fca3ef9ce5a8bc4fea02e34975723da,seer_dial_p4278,discovery,cold,0,echo_rtt,0.069,ok
fcc97ee87fca3ef9ce5a8bc4fea02e34975723da,seer_dial_p4278,discovery,cold,0,echo_rtt,0.077,ok
fcc97ee87fca3ef9ce5a8bc4fea02e34975723da,seer_dial_p4278,discovery,cold,0,echo_rtt,0.070,ok
fcc97ee87fca3ef9ce5a8bc4fea02e34975723da,seer_dial_p4278,discovery,cold,0,echo_rtt,0.064,ok
fcc97ee87fca3ef9ce5a8bc4fea02e34975723da,seer_dial_p4278,discovery,cold,0,echo_rtt,0.062,ok
fcc97ee87fca3ef9ce5a8bc4fea02e34975723da,seer_dial_p4278,discovery,cold,0,echo_rtt,0.062,ok
fcc97ee87fca3ef9ce5a8bc4fea02e34975723da,seer_dial_p4278,discovery,cold,0,echo_rtt,0.064,ok
fcc97ee87fca3ef9ce5a8bc4fea02e34975723da,seer_dial_p4278,discovery,cold,0,echo_rtt,0.062,ok
fcc97ee87fca3ef9ce5a8bc4fea02e34975723da,seer_dial_p4278,discovery,cold,0,echo_rtt,0.062,ok
fcc97ee87fca3ef9ce5a8bc4fea02e34975723da,seer_dial_p4278,discovery,cold,0,echo_rtt,0.062,ok
fcc97ee87fca3ef9ce5a8bc4fea02e34975723da,seer_dial_p4278,discovery,cold,0,echo_rtt,0.061,ok
fcc97ee87fca3ef9ce5a8bc4fea02e34975723da,seer_dial_p4278,discovery,cold,0,echo_rtt,0.064,ok
fcc97ee87fca3ef9ce5a8bc4fea02e34975723da,seer_dial_p4278,discovery,cold,0,echo_rtt,0.063,ok
fcc97ee87fca3ef9ce5a8bc4fea02e34975723da,seer_dial_p4278,discovery,cold,0,echo_rtt,0.087,ok
fcc97ee87fca3ef9ce5a8bc4fea02e34975723da,seer_dial_p4278,discovery,cold,0,echo_rtt,0.103,ok
fcc97ee87fca3ef9ce5a8bc4fea02e34975723da,seer_dial_p4278,discovery,cold,0,echo_rtt,0.071,ok
fcc97ee87fca3ef9ce5a8bc4fea02e34975723da,seer_dial_p4278,discovery,cold,0,echo_rtt,0.068,ok
fcc97ee87fca3ef9ce5a8bc4fea02e34975723da,seer_dial_p4278,discovery,cold,0,echo_rtt,0.064,ok
fcc97ee87fca3ef9ce5a8bc4fea02e34975723da,seer_dial_p4278,discovery,cold,0,echo_rtt,0.062,ok
fcc97ee87fca3ef9ce5a8bc4fea02e34975723da,seer_dial_p4278,discovery,cold,0,echo_rtt,0.062,ok
fcc97ee87fca3ef9ce5a8bc4fea02e34975723da,seer_dial_p4278,discovery,cold,0,echo_rtt,0.062,ok
fcc97ee87fca3ef9ce5a8bc4fea02e34975723da,seer_dial_p4278,discovery,cold,0,echo_rtt,0.064,ok
fcc97ee87fca3ef9ce5a8bc4fea02e34975723da,seer_dial_p4278,discovery,cold,0,echo_rtt,0.062,ok
fcc97ee87fca3ef9ce5a8bc4fea02e34975723da,seer_dial_p4278,discovery,cold,0,echo_rtt,0.061,ok
fcc97ee87fca3ef9ce5a8bc4fea02e34975723da,seer_dial_p4278,discovery,cold,0,echo_rtt,0.061,ok
fcc97ee87fca3ef9ce5a8bc4fea02e34975723da,seer_dial_p4278,discovery,cold,0,echo_rtt,0.064,ok
fcc97ee87fca3ef9ce5a8bc4fea02e34975723da,seer_dial_p4278,discovery,cold,0,echo_rtt,0.063,ok
fcc97ee87fca3ef9ce5a8bc4fea02e34975723da,seer_dial_p4278,discovery,cold,0,echo_rtt,0.060,ok
fcc97ee87fca3ef9ce5a8bc4fea02e34975723da,seer_dial_p4278,discovery,cold,0,echo_rtt,0.114,ok
fcc97ee87fca3ef9ce5a8bc4fea02e34975723da,seer_dial_p4278,discovery,cold,0,echo_rtt,0.068,ok
fcc97ee87fca3ef9ce5a8bc4fea02e34975723da,seer_dial_p4278,discovery,cold,0,echo_rtt,0.068,ok
fcc97ee87fca3ef9ce5a8bc4fea02e34975723da,seer_dial_p4278,discovery,cold,0,echo_rtt,0.060,ok
fcc97ee87fca3ef9ce5a8bc4fea02e34975723da,seer_dial_p4278,discovery,cold,0,echo_rtt,0.060,ok
fcc97ee87fca3ef9ce5a8bc4fea02e34975723da,seer_dial_p4278,discovery,cold,0,echo_rtt,0.060,ok
fcc97ee87fca3ef9ce5a8bc4fea02e34975723da,seer_dial_p4278,discovery,cold,0,echo_rtt,0.061,ok
fcc97ee87fca3ef9ce5a8bc4fea02e34975723da,seer_dial_p4278,discovery,cold,0,echo_rtt,0.060,ok
fcc97ee87fca3ef9ce5a8bc4fea02e34975723da,seer_dial_p4278,discovery,cold,0,echo_rtt,0.062,ok
fcc97ee87fca3ef9ce5a8bc4fea02e34975723da,seer_dial_p4278,discovery,cold,0,echo_rtt,0.060,ok
fcc97ee87fca3ef9ce5a8bc4fea02e34975723da,seer_dial_p4278,discovery,cold,0,echo_rtt,0.061,ok
fcc97ee87fca3ef9ce5a8bc4fea02e34975723da,seer_dial_p4278,discovery,cold,0,echo_rtt,0.060,ok
fcc97ee87fca3ef9ce5a8bc4fea02e34975723da,seer_dial_p4278,discovery,cold,0,echo_rtt,0.063,ok
fcc97ee87fca3ef9ce5a8bc4fea02e34975723da,seer_dial_p4278,discovery,cold,0,echo_rtt,0.059,ok
fcc97ee87fca3ef9ce5a8bc4fea02e34975723da,seer_dial_p4278,discovery,cold,0,echo_rtt,0.065,ok
fcc97ee87fca3ef9ce5a8bc4fea02e34975723da,seer_dial_p4278,discovery,cold,0,echo_rtt,0.065,ok
fcc97ee87fca3ef9ce5a8bc4fea02e34975723da,seer_dial_p4278,discovery,cold,0,echo_rtt,0.066,ok
fcc97ee87fca3ef9ce5a8bc4fea02e34975723da,seer_dial_p4278,discovery,cold,0,echo_rtt,0.069,ok
fcc97ee87fca3ef9ce5a8bc4fea02e34975723da,seer_dial_p4278,discovery,cold,0,echo_rtt,0.070,ok
fcc97ee87fca3ef9ce5a8bc4fea02e34975723da,seer_dial_p4278,discovery,cold,0,echo_rtt,0.066,ok
fcc97ee87fca3ef9ce5a8bc4fea02e34975723da,seer_dial_p4278,discovery,cold,0,echo_rtt,0.112,ok
fcc97ee87fca3ef9ce5a8bc4fea02e34975723da,seer_dial_p4278,discovery,cold,0,echo_rtt,0.075,ok
fcc97ee87fca3ef9ce5a8bc4fea02e34975723da,seer_dial_p4278,discovery,cold,0,echo_rtt,0.069,ok
fcc97ee87fca3ef9ce5a8bc4fea02e34975723da,seer_dial_p4278,discovery,cold,0,seer_dial,197.121,ok
fcc97ee87fca3ef9ce5a8bc4fea02e34975723da,seer_dial_p4278,discovery,cold,0,stream_open,91.783,ok
fcc97ee87fca3ef9ce5a8bc4fea02e34975723da,seer_dial_p4278,discovery,cold,0,echo_rtt,0.106,ok
fcc97ee87fca3ef9ce5a8bc4fea02e34975723da,seer_dial_p4278,discovery,cold,0,echo_rtt,0.095,ok
fcc97ee87fca3ef9ce5a8bc4fea02e34975723da,seer_dial_p4278,discovery,cold,0,echo_rtt,0.068,ok
fcc97ee87fca3ef9ce5a8bc4fea02e34975723da,seer_dial_p4278,discovery,cold,0,echo_rtt,0.099,ok
fcc97ee87fca3ef9ce5a8bc4fea02e34975723da,seer_dial_p4278,discovery,cold,0,echo_rtt,0.066,ok
fcc97ee87fca3ef9ce5a8bc4fea02e34975723da,seer_dial_p4278,discovery,cold,0,echo_rtt,0.063,ok
fcc97ee87fca3ef9ce5a8bc4fea02e34975723da,seer_dial_p4278,discovery,cold,0,echo_rtt,0.065,ok
fcc97ee87fca3ef9ce5a8bc4fea02e34975723da,seer_dial_p4278,discovery,cold,0,echo_rtt,0.066,ok
fcc97ee87fca3ef9ce5a8bc4fea02e34975723da,seer_dial_p4278,discovery,cold,0,echo_rtt,0.063,ok
fcc97ee87fca3ef9ce5a8bc4fea02e34975723da,seer_dial_p4278,discovery,cold,0,echo_rtt,0.061,ok
fcc97ee87fca3ef9ce5a8bc4fea02e34975723da,seer_dial_p4278,discovery,cold,0,echo_rtt,0.103,ok
fcc97ee87fca3ef9ce5a8bc4fea02e34975723da,seer_dial_p4278,discovery,cold,0,echo_rtt,0.068,ok
fcc97ee87fca3ef9ce5a8bc4fea02e34975723da,seer_dial_p4278,discovery,cold,0,echo_rtt,0.063,ok
fcc97ee87fca3ef9ce5a8bc4fea02e34975723da,seer_dial_p4278,discovery,cold,0,echo_rtt,0.062,ok
fcc97ee87fca3ef9ce5a8bc4fea02e34975723da,seer_dial_p4278,discovery,cold,0,echo_rtt,0.062,ok
fcc97ee87fca3ef9ce5a8bc4fea02e34975723da,seer_dial_p4278,discovery,cold,0,echo_rtt,0.062,ok
fcc97ee87fca3ef9ce5a8bc4fea02e34975723da,seer_dial_p4278,discovery,cold,0,echo_rtt,0.061,ok
fcc97ee87fca3ef9ce5a8bc4fea02e34975723da,seer_dial_p4278,discovery,cold,0,echo_rtt,0.088,ok
fcc97ee87fca3ef9ce5a8bc4fea02e34975723da,seer_dial_p4278,discovery,cold,0,echo_rtt,0.070,ok
fcc97ee87fca3ef9ce5a8bc4fea02e34975723da,seer_dial_p4278,discovery,cold,0,echo_rtt,0.064,ok
fcc97ee87fca3ef9ce5a8bc4fea02e34975723da,seer_dial_p4278,discovery,cold,0,echo_rtt,0.063,ok
fcc97ee87fca3ef9ce5a8bc4fea02e34975723da,seer_dial_p4278,discovery,cold,0,echo_rtt,0.062,ok
fcc97ee87fca3ef9ce5a8bc4fea02e34975723da,seer_dial_p4278,discovery,cold,0,echo_rtt,0.063,ok
fcc97ee87fca3ef9ce5a8bc4fea02e34975723da,seer_dial_p4278,discovery,cold,0,echo_rtt,0.062,ok
fcc97ee87fca3ef9ce5a8bc4fea02e34975723da,seer_dial_p4278,discovery,cold,0,echo_rtt,0.064,ok
fcc97ee87fca3ef9ce5a8bc4fea02e34975723da,seer_dial_p4278,discovery,cold,0,echo_rtt,0.061,ok
fcc97ee87fca3ef9ce5a8bc4fea02e34975723da,seer_dial_p4278,discovery,cold,0,echo_rtt,0.062,ok
fcc97ee87fca3ef9ce5a8bc4fea02e34975723da,seer_dial_p4278,discovery,cold,0,echo_rtt,0.062,ok
fcc97ee87fca3ef9ce5a8bc4fea02e34975723da,seer_dial_p4278,discovery,cold,0,echo_rtt,0.107,ok
fcc97ee87fca3ef9ce5a8bc4fea02e34975723da,seer_dial_p4278,discovery,cold,0,echo_rtt,0.062,ok
fcc97ee87fca3ef9ce5a8bc4fea02e34975723da,seer_dial_p4278,discovery,cold,0,echo_rtt,0.061,ok
fcc97ee87fca3ef9ce5a8bc4fea02e34975723da,seer_dial_p4278,discovery,cold,0,echo_rtt,0.064,ok
fcc97ee87fca3ef9ce5a8bc4fea02e34975723da,seer_dial_p4278,discovery,cold,0,echo_rtt,0.065,ok
fcc97ee87fca3ef9ce5a8bc4fea02e34975723da,seer_dial_p4278,discovery,cold,0,echo_rtt,0.060,ok
fcc97ee87fca3ef9ce5a8bc4fea02e34975723da,seer_dial_p4278,discovery,cold,0,echo_rtt,0.063,ok
fcc97ee87fca3ef9ce5a8bc4fea02e34975723da,seer_dial_p4278,discovery,cold,0,echo_rtt,0.060,ok
fcc97ee87fca3ef9ce5a8bc4fea02e34975723da,seer_dial_p4278,discovery,cold,0,echo_rtt,0.064,ok
fcc97ee87fca3ef9ce5a8bc4fea02e34975723da,seer_dial_p4278,discovery,cold,0,echo_rtt,0.061,ok
fcc97ee87fca3ef9ce5a8bc4fea02e34975723da,seer_dial_p4278,discovery,cold,0,echo_rtt,0.061,ok
fcc97ee87fca3ef9ce5a8bc4fea02e34975723da,seer_dial_p4278,discovery,cold,0,echo_rtt,0.066,ok
fcc97ee87fca3ef9ce5a8bc4fea02e34975723da,seer_dial_p4278,discovery,cold,0,echo_rtt,0.061,ok
fcc97ee87fca3ef9ce5a8bc4fea02e34975723da,seer_dial_p4278,discovery,cold,0,echo_rtt,0.061,ok
fcc97ee87fca3ef9ce5a8bc4fea02e34975723da,seer_dial_p4278,discovery,cold,0,echo_rtt,0.062,ok
fcc97ee87fca3ef9ce5a8bc4fea02e34975723da,seer_dial_p4278,discovery,cold,0,echo_rtt,0.061,ok
fcc97ee87fca3ef9ce5a8bc4fea02e34975723da,seer_dial_p4278,discovery,cold,0,echo_rtt,0.064,ok
fcc97ee87fca3ef9ce5a8bc4fea02e34975723da,seer_dial_p4278,discovery,cold,0,echo_rtt,0.063,ok
fcc97ee87fca3ef9ce5a8bc4fea02e34975723da,seer_dial_p4278,discovery,cold,0,echo_rtt,0.062,ok
fcc97ee87fca3ef9ce5a8bc4fea02e34975723da,seer_dial_p4278,discovery,cold,0,echo_rtt,0.064,ok
fcc97ee87fca3ef9ce5a8bc4fea02e34975723da,seer_dial_p4278,discovery,cold,0,echo_rtt,0.063,ok
fcc97ee87fca3ef9ce5a8bc4fea02e34975723da,seer_dial_p4278,discovery,cold,0,echo_rtt,0.062,ok
fcc97ee87fca3ef9ce5a8bc4fea02e34975723da,seer_dial_p4278,discovery,cold,0,echo_rtt,0.105,ok
fcc97ee87fca3ef9ce5a8bc4fea02e34975723da,seer_dial_p4278,discovery,cold,0,echo_rtt,0.116,ok
fcc97ee87fca3ef9ce5a8bc4fea02e34975723da,seer_dial_p4278,discovery,cold,0,echo_rtt,0.085,ok
fcc97ee87fca3ef9ce5a8bc4fea02e34975723da,seer_dial_p4278,discovery,cold,0,echo_rtt,0.067,ok
fcc97ee87fca3ef9ce5a8bc4fea02e34975723da,seer_dial_p4278,discovery,cold,0,echo_rtt,0.065,ok
fcc97ee87fca3ef9ce5a8bc4fea02e34975723da,seer_dial_p4278,discovery,cold,0,echo_rtt,0.064,ok
fcc97ee87fca3ef9ce5a8bc4fea02e34975723da,seer_dial_p4278,discovery,cold,0,echo_rtt,0.115,ok
fcc97ee87fca3ef9ce5a8bc4fea02e34975723da,seer_dial_p4278,discovery,cold,0,echo_rtt,0.058,ok
fcc97ee87fca3ef9ce5a8bc4fea02e34975723da,seer_dial_p4278,discovery,cold,0,echo_rtt,0.060,ok
fcc97ee87fca3ef9ce5a8bc4fea02e34975723da,seer_dial_p4278,discovery,cold,0,echo_rtt,0.062,ok
fcc97ee87fca3ef9ce5a8bc4fea02e34975723da,seer_dial_p4278,discovery,cold,0,echo_rtt,0.058,ok
fcc97ee87fca3ef9ce5a8bc4fea02e34975723da,seer_dial_p4278,discovery,cold,0,echo_rtt,0.056,ok
fcc97ee87fca3ef9ce5a8bc4fea02e34975723da,seer_dial_p4278,discovery,cold,0,echo_rtt,0.079,ok
fcc97ee87fca3ef9ce5a8bc4fea02e34975723da,seer_dial_p4278,discovery,cold,0,echo_rtt,0.118,ok
fcc97ee87fca3ef9ce5a8bc4fea02e34975723da,seer_dial_p4278,discovery,cold,0,echo_rtt,0.110,ok
fcc97ee87fca3ef9ce5a8bc4fea02e34975723da,seer_dial_p4278,discovery,cold,0,echo_rtt,0.071,ok
fcc97ee87fca3ef9ce5a8bc4fea02e34975723da,seer_dial_p4278,discovery,cold,0,echo_rtt,0.082,ok
fcc97ee87fca3ef9ce5a8bc4fea02e34975723da,seer_dial_p4278,discovery,cold,0,echo_rtt,0.065,ok
fcc97ee87fca3ef9ce5a8bc4fea02e34975723da,seer_dial_p4278,discovery,cold,0,echo_rtt,0.061,ok
fcc97ee87fca3ef9ce5a8bc4fea02e34975723da,seer_dial_p4278,discovery,cold,0,echo_rtt,0.063,ok
fcc97ee87fca3ef9ce5a8bc4fea02e34975723da,seer_dial_p4278,discovery,cold,0,echo_rtt,0.058,ok
fcc97ee87fca3ef9ce5a8bc4fea02e34975723da,seer_dial_p4278,discovery,cold,0,echo_rtt,0.059,ok
fcc97ee87fca3ef9ce5a8bc4fea02e34975723da,seer_dial_p4278,discovery,cold,0,echo_rtt,0.059,ok
fcc97ee87fca3ef9ce5a8bc4fea02e34975723da,seer_dial_p4278,discovery,cold,0,echo_rtt,0.062,ok
fcc97ee87fca3ef9ce5a8bc4fea02e34975723da,seer_dial_p4278,discovery,cold,0,echo_rtt,0.099,ok
fcc97ee87fca3ef9ce5a8bc4fea02e34975723da,seer_dial_p4278,discovery,cold,0,echo_rtt,0.057,ok
fcc97ee87fca3ef9ce5a8bc4fea02e34975723da,seer_dial_p4278,discovery,cold,0,echo_rtt,0.057,ok
fcc97ee87fca3ef9ce5a8bc4fea02e34975723da,seer_dial_p4278,discovery,cold,0,echo_rtt,0.073,ok
fcc97ee87fca3ef9ce5a8bc4fea02e34975723da,seer_dial_p4278,discovery,cold,0,echo_rtt,0.055,ok
fcc97ee87fca3ef9ce5a8bc4fea02e34975723da,seer_dial_p4278,discovery,cold,0,echo_rtt,0.054,ok
fcc97ee87fca3ef9ce5a8bc4fea02e34975723da,seer_dial_p4278,discovery,cold,0,echo_rtt,0.053,ok
fcc97ee87fca3ef9ce5a8bc4fea02e34975723da,seer_dial_p4278,discovery,cold,0,echo_rtt,0.056,ok
fcc97ee87fca3ef9ce5a8bc4fea02e34975723da,seer_dial_p4278,discovery,cold,0,echo_rtt,0.055,ok
fcc97ee87fca3ef9ce5a8bc4fea02e34975723da,seer_dial_p4278,discovery,cold,0,echo_rtt,0.054,ok
fcc97ee87fca3ef9ce5a8bc4fea02e34975723da,seer_dial_p4278,discovery,cold,0,echo_rtt,0.054,ok
fcc97ee87fca3ef9ce5a8bc4fea02e34975723da,seer_dial_p4278,discovery,cold,0,echo_rtt,0.053,ok
fcc97ee87fca3ef9ce5a8bc4fea02e34975723da,seer_dial_p4278,discovery,cold,0,echo_rtt,0.060,ok
fcc97ee87fca3ef9ce5a8bc4fea02e34975723da,seer_dial_p4278,discovery,cold,0,echo_rtt,0.054,ok
fcc97ee87fca3ef9ce5a8bc4fea02e34975723da,seer_dial_p4278,discovery,cold,0,echo_rtt,0.053,ok
fcc97ee87fca3ef9ce5a8bc4fea02e34975723da,seer_dial_p4278,discovery,cold,0,echo_rtt,0.054,ok
fcc97ee87fca3ef9ce5a8bc4fea02e34975723da,seer_dial_p4278,discovery,cold,0,echo_rtt,0.055,ok
fcc97ee87fca3ef9ce5a8bc4fea02e34975723da,seer_dial_p4278,discovery,cold,0,echo_rtt,0.076,ok
fcc97ee87fca3ef9ce5a8bc4fea02e34975723da,seer_dial_p4278,discovery,cold,0,echo_rtt,0.061,ok
fcc97ee87fca3ef9ce5a8bc4fea02e34975723da,seer_dial_p4278,discovery,cold,0,echo_rtt,0.061,ok
fcc97ee87fca3ef9ce5a8bc4fea02e34975723da,seer_dial_p4278,discovery,cold,0,echo_rtt,0.062,ok
fcc97ee87fca3ef9ce5a8bc4fea02e34975723da,seer_dial_p4278,discovery,cold,0,echo_rtt,0.060,ok
fcc97ee87fca3ef9ce5a8bc4fea02e34975723da,seer_dial_p4278,discovery,cold,0,echo_rtt,0.060,ok
fcc97ee87fca3ef9ce5a8bc4fea02e34975723da,seer_dial_p4278,discovery,cold,0,echo_rtt,0.059,ok
fcc97ee87fca3ef9ce5a8bc4fea02e34975723da,seer_dial_p4278,discovery,cold,0,echo_rtt,0.074,ok
fcc97ee87fca3ef9ce5a8bc4fea02e34975723da,seer_dial_p4278,discovery,cold,0,echo_rtt,0.063,ok
fcc97ee87fca3ef9ce5a8bc4fea02e34975723da,seer_dial_p4278,discovery,cold,0,seer_dial,202.474,ok
fcc97ee87fca3ef9ce5a8bc4fea02e34975723da,seer_dial_p4278,discovery,cold,0,stream_open,83.493,ok
fcc97ee87fca3ef9ce5a8bc4fea02e34975723da,seer_dial_p4278,discovery,cold,0,echo_rtt,0.085,ok
fcc97ee87fca3ef9ce5a8bc4fea02e34975723da,seer_dial_p4278,discovery,cold,0,echo_rtt,0.062,ok
fcc97ee87fca3ef9ce5a8bc4fea02e34975723da,seer_dial_p4278,discovery,cold,0,echo_rtt,0.135,ok
fcc97ee87fca3ef9ce5a8bc4fea02e34975723da,seer_dial_p4278,discovery,cold,0,echo_rtt,0.057,ok
fcc97ee87fca3ef9ce5a8bc4fea02e34975723da,seer_dial_p4278,discovery,cold,0,echo_rtt,0.053,ok
fcc97ee87fca3ef9ce5a8bc4fea02e34975723da,seer_dial_p4278,discovery,cold,0,echo_rtt,0.069,ok
fcc97ee87fca3ef9ce5a8bc4fea02e34975723da,seer_dial_p4278,discovery,cold,0,echo_rtt,0.063,ok
fcc97ee87fca3ef9ce5a8bc4fea02e34975723da,seer_dial_p4278,discovery,cold,0,echo_rtt,0.058,ok
fcc97ee87fca3ef9ce5a8bc4fea02e34975723da,seer_dial_p4278,discovery,cold,0,echo_rtt,0.070,ok
fcc97ee87fca3ef9ce5a8bc4fea02e34975723da,seer_dial_p4278,discovery,cold,0,echo_rtt,0.078,ok
fcc97ee87fca3ef9ce5a8bc4fea02e34975723da,seer_dial_p4278,discovery,cold,0,echo_rtt,0.072,ok
fcc97ee87fca3ef9ce5a8bc4fea02e34975723da,seer_dial_p4278,discovery,cold,0,echo_rtt,0.055,ok
fcc97ee87fca3ef9ce5a8bc4fea02e34975723da,seer_dial_p4278,discovery,cold,0,echo_rtt,0.083,ok
fcc97ee87fca3ef9ce5a8bc4fea02e34975723da,seer_dial_p4278,discovery,cold,0,echo_rtt,0.061,ok
fcc97ee87fca3ef9ce5a8bc4fea02e34975723da,seer_dial_p4278,discovery,cold,0,echo_rtt,0.076,ok
fcc97ee87fca3ef9ce5a8bc4fea02e34975723da,seer_dial_p4278,discovery,cold,0,echo_rtt,0.072,ok
fcc97ee87fca3ef9ce5a8bc4fea02e34975723da,seer_dial_p4278,discovery,cold,0,echo_rtt,0.068,ok
fcc97ee87fca3ef9ce5a8bc4fea02e34975723da,seer_dial_p4278,discovery,cold,0,echo_rtt,0.089,ok
fcc97ee87fca3ef9ce5a8bc4fea02e34975723da,seer_dial_p4278,discovery,cold,0,echo_rtt,0.083,ok
fcc97ee87fca3ef9ce5a8bc4fea02e34975723da,seer_dial_p4278,discovery,cold,0,echo_rtt,0.067,ok
fcc97ee87fca3ef9ce5a8bc4fea02e34975723da,seer_dial_p4278,discovery,cold,0,echo_rtt,0.099,ok
fcc97ee87fca3ef9ce5a8bc4fea02e34975723da,seer_dial_p4278,discovery,cold,0,echo_rtt,0.067,ok
fcc97ee87fca3ef9ce5a8bc4fea02e34975723da,seer_dial_p4278,discovery,cold,0,echo_rtt,0.065,ok
fcc97ee87fca3ef9ce5a8bc4fea02e34975723da,seer_dial_p4278,discovery,cold,0,echo_rtt,0.068,ok
fcc97ee87fca3ef9ce5a8bc4fea02e34975723da,seer_dial_p4278,discovery,cold,0,echo_rtt,0.068,ok
fcc97ee87fca3ef9ce5a8bc4fea02e34975723da,seer_dial_p4278,discovery,cold,0,echo_rtt,0.064,ok
fcc97ee87fca3ef9ce5a8bc4fea02e34975723da,seer_dial_p4278,discovery,cold,0,echo_rtt,0.055,ok
fcc97ee87fca3ef9ce5a8bc4fea02e34975723da,seer_dial_p4278,discovery,cold,0,echo_rtt,0.054,ok
fcc97ee87fca3ef9ce5a8bc4fea02e34975723da,seer_dial_p4278,discovery,cold,0,echo_rtt,0.054,ok
fcc97ee87fca3ef9ce5a8bc4fea02e34975723da,seer_dial_p4278,discovery,cold,0,echo_rtt,0.072,ok
fcc97ee87fca3ef9ce5a8bc4fea02e34975723da,seer_dial_p4278,discovery,cold,0,echo_rtt,0.074,ok
fcc97ee87fca3ef9ce5a8bc4fea02e34975723da,seer_dial_p4278,discovery,cold,0,echo_rtt,0.057,ok
fcc97ee87fca3ef9ce5a8bc4fea02e34975723da,seer_dial_p4278,discovery,cold,0,echo_rtt,0.054,ok
fcc97ee87fca3ef9ce5a8bc4fea02e34975723da,seer_dial_p4278,discovery,cold,0,echo_rtt,0.054,ok
fcc97ee87fca3ef9ce5a8bc4fea02e34975723da,seer_dial_p4278,discovery,cold,0,echo_rtt,0.053,ok
fcc97ee87fca3ef9ce5a8bc4fea02e34975723da,seer_dial_p4278,discovery,cold,0,echo_rtt,0.053,ok
fcc97ee87fca3ef9ce5a8bc4fea02e34975723da,seer_dial_p4278,discovery,cold,0,echo_rtt,0.054,ok
fcc97ee87fca3ef9ce5a8bc4fea02e34975723da,seer_dial_p4278,discovery,cold,0,echo_rtt,0.056,ok
fcc97ee87fca3ef9ce5a8bc4fea02e34975723da,seer_dial_p4278,discovery,cold,0,echo_rtt,0.054,ok
fcc97ee87fca3ef9ce5a8bc4fea02e34975723da,seer_dial_p4278,discovery,cold,0,echo_rtt,0.059,ok
fcc97ee87fca3ef9ce5a8bc4fea02e34975723da,seer_dial_p4278,discovery,cold,0,echo_rtt,0.054,ok
fcc97ee87fca3ef9ce5a8bc4fea02e34975723da,seer_dial_p4278,discovery,cold,0,echo_rtt,0.064,ok
fcc97ee87fca3ef9ce5a8bc4fea02e34975723da,seer_dial_p4278,discovery,cold,0,echo_rtt,0.060,ok
fcc97ee87fca3ef9ce5a8bc4fea02e34975723da,seer_dial_p4278,discovery,cold,0,echo_rtt,0.060,ok
fcc97ee87fca3ef9ce5a8bc4fea02e34975723da,seer_dial_p4278,discovery,cold,0,echo_rtt,0.058,ok
fcc97ee87fca3ef9ce5a8bc4fea02e34975723da,seer_dial_p4278,discovery,cold,0,echo_rtt,0.058,ok
fcc97ee87fca3ef9ce5a8bc4fea02e34975723da,seer_dial_p4278,discovery,cold,0,echo_rtt,0.059,ok
fcc97ee87fca3ef9ce5a8bc4fea02e34975723da,seer_dial_p4278,discovery,cold,0,echo_rtt,0.060,ok
fcc97ee87fca3ef9ce5a8bc4fea02e34975723da,seer_dial_p4278,discovery,cold,0,echo_rtt,0.059,ok
fcc97ee87fca3ef9ce5a8bc4fea02e34975723da,seer_dial_p4278,discovery,cold,0,echo_rtt,0.057,ok
fcc97ee87fca3ef9ce5a8bc4fea02e34975723da,seer_dial_p4278,discovery,cold,0,echo_rtt,0.058,ok
fcc97ee87fca3ef9ce5a8bc4fea02e34975723da,seer_dial_p4278,discovery,cold,0,echo_rtt,0.058,ok
fcc97ee87fca3ef9ce5a8bc4fea02e34975723da,seer_dial_p4278,discovery,cold,0,echo_rtt,0.057,ok
fcc97ee87fca3ef9ce5a8bc4fea02e34975723da,seer_dial_p4278,discovery,cold,0,echo_rtt,0.058,ok
fcc97ee87fca3ef9ce5a8bc4fea02e34975723da,seer_dial_p4278,discovery,cold,0,echo_rtt,0.058,ok
fcc97ee87fca3ef9ce5a8bc4fea02e34975723da,seer_dial_p4278,discovery,cold,0,echo_rtt,0.058,ok
fcc97ee87fca3ef9ce5a8bc4fea02e34975723da,seer_dial_p4278,discovery,cold,0,echo_rtt,0.058,ok
fcc97ee87fca3ef9ce5a8bc4fea02e34975723da,seer_dial_p4278,discovery,cold,0,echo_rtt,0.058,ok
fcc97ee87fca3ef9ce5a8bc4fea02e34975723da,seer_dial_p4278,discovery,cold,0,echo_rtt,0.058,ok
fcc97ee87fca3ef9ce5a8bc4fea02e34975723da,seer_dial_p4278,discovery,cold,0,echo_rtt,0.056,ok
fcc97ee87fca3ef9ce5a8bc4fea02e34975723da,seer_dial_p4278,discovery,cold,0,echo_rtt,0.053,ok
fcc97ee87fca3ef9ce5a8bc4fea02e34975723da,seer_dial_p4278,discovery,cold,0,echo_rtt,0.053,ok
fcc97ee87fca3ef9ce5a8bc4fea02e34975723da,seer_dial_p4278,discovery,cold,0,echo_rtt,0.053,ok
fcc97ee87fca3ef9ce5a8bc4fea02e34975723da,seer_dial_p4278,discovery,cold,0,echo_rtt,0.054,ok
fcc97ee87fca3ef9ce5a8bc4fea02e34975723da,seer_dial_p4278,discovery,cold,0,echo_rtt,0.053,ok
fcc97ee87fca3ef9ce5a8bc4fea02e34975723da,seer_dial_p4278,discovery,cold,0,echo_rtt,0.054,ok
fcc97ee87fca3ef9ce5a8bc4fea02e34975723da,seer_dial_p4278,discovery,cold,0,echo_rtt,0.053,ok
fcc97ee87fca3ef9ce5a8bc4fea02e34975723da,seer_dial_p4278,discovery,cold,0,echo_rtt,0.054,ok
fcc97ee87fca3ef9ce5a8bc4fea02e34975723da,seer_dial_p4278,discovery,cold,0,echo_rtt,0.054,ok
fcc97ee87fca3ef9ce5a8bc4fea02e34975723da,seer_dial_p4278,discovery,cold,0,echo_rtt,0.053,ok
fcc97ee87fca3ef9ce5a8bc4fea02e34975723da,seer_dial_p4278,discovery,cold,0,echo_rtt,0.053,ok
fcc97ee87fca3ef9ce5a8bc4fea02e34975723da,seer_dial_p4278,discovery,cold,0,echo_rtt,0.054,ok
fcc97ee87fca3ef9ce5a8bc4fea02e34975723da,seer_dial_p4278,discovery,cold,0,echo_rtt,0.053,ok
fcc97ee87fca3ef9ce5a8bc4fea02e34975723da,seer_dial_p4278,discovery,cold,0,echo_rtt,0.054,ok
fcc97ee87fca3ef9ce5a8bc4fea02e34975723da,seer_dial_p4278,discovery,cold,0,echo_rtt,0.054,ok
fcc97ee87fca3ef9ce5a8bc4fea02e34975723da,seer_dial_p4278,discovery,cold,0,echo_rtt,0.053,ok
fcc97ee87fca3ef9ce5a8bc4fea02e34975723da,seer_dial_p4278,discovery,cold,0,echo_rtt,0.053,ok
fcc97ee87fca3ef9ce5a8bc4fea02e34975723da,seer_dial_p4278,discovery,cold,0,echo_rtt,0.053,ok
fcc97ee87fca3ef9ce5a8bc4fea02e34975723da,seer_dial_p4278,discovery,cold,0,echo_rtt,0.053,ok
fcc97ee87fca3ef9ce5a8bc4fea02e34975723da,seer_dial_p4278,discovery,cold,0,echo_rtt,0.056,ok
fcc97ee87fca3ef9ce5a8bc4fea02e34975723da,seer_dial_p4278,discovery,cold,0,echo_rtt,0.054,ok
fcc97ee87fca3ef9ce5a8bc4fea02e34975723da,seer_dial_p4278,discovery,cold,0,echo_rtt,0.053,ok
fcc97ee87fca3ef9ce5a8bc4fea02e34975723da,seer_dial_p4278,discovery,cold,0,echo_rtt,0.058,ok
fcc97ee87fca3ef9ce5a8bc4fea02e34975723da,seer_dial_p4278,discovery,cold,0,echo_rtt,0.054,ok
fcc97ee87fca3ef9ce5a8bc4fea02e34975723da,seer_dial_p4278,discovery,cold,0,echo_rtt,0.079,ok
fcc97ee87fca3ef9ce5a8bc4fea02e34975723da,seer_dial_p4278,discovery,cold,0,echo_rtt,0.089,ok
fcc97ee87fca3ef9ce5a8bc4fea02e34975723da,seer_dial_p4278,discovery,cold,0,echo_rtt,0.182,ok
fcc97ee87fca3ef9ce5a8bc4fea02e34975723da,seer_dial_p4278,discovery,cold,0,echo_rtt,0.090,ok
fcc97ee87fca3ef9ce5a8bc4fea02e34975723da,seer_dial_p4278,discovery,cold,0,echo_rtt,0.058,ok
fcc97ee87fca3ef9ce5a8bc4fea02e34975723da,seer_dial_p4278,discovery,cold,0,echo_rtt,0.055,ok
fcc97ee87fca3ef9ce5a8bc4fea02e34975723da,seer_dial_p4278,discovery,cold,0,echo_rtt,0.055,ok
fcc97ee87fca3ef9ce5a8bc4fea02e34975723da,seer_dial_p4278,discovery,cold,0,echo_rtt,0.055,ok
fcc97ee87fca3ef9ce5a8bc4fea02e34975723da,seer_dial_p4278,discovery,cold,0,echo_rtt,0.056,ok
fcc97ee87fca3ef9ce5a8bc4fea02e34975723da,seer_dial_p4278,discovery,cold,0,echo_rtt,0.053,ok
fcc97ee87fca3ef9ce5a8bc4fea02e34975723da,seer_dial_p4278,discovery,cold,0,echo_rtt,0.092,ok
fcc97ee87fca3ef9ce5a8bc4fea02e34975723da,seer_dial_p4278,discovery,cold,0,echo_rtt,0.057,ok
fcc97ee87fca3ef9ce5a8bc4fea02e34975723da,seer_dial_p4278,discovery,cold,0,echo_rtt,0.057,ok
fcc97ee87fca3ef9ce5a8bc4fea02e34975723da,seer_dial_p4278,discovery,cold,0,echo_rtt,0.053,ok
fcc97ee87fca3ef9ce5a8bc4fea02e34975723da,seer_dial_p4278,discovery,cold,0,echo_rtt,0.054,ok
fcc97ee87fca3ef9ce5a8bc4fea02e34975723da,seer_dial_p4278,discovery,cold,0,echo_rtt,0.053,ok
fcc97ee87fca3ef9ce5a8bc4fea02e34975723da,seer_dial_p4278,discovery,cold,0,seer_dial,195.419,ok
fcc97ee87fca3ef9ce5a8bc4fea02e34975723da,seer_dial_p4278,discovery,cold,0,stream_open,80.615,ok
fcc97ee87fca3ef9ce5a8bc4fea02e34975723da,seer_dial_p4278,discovery,cold,0,echo_rtt,0.088,ok
fcc97ee87fca3ef9ce5a8bc4fea02e34975723da,seer_dial_p4278,discovery,cold,0,echo_rtt,0.059,ok
fcc97ee87fca3ef9ce5a8bc4fea02e34975723da,seer_dial_p4278,discovery,cold,0,echo_rtt,0.056,ok
fcc97ee87fca3ef9ce5a8bc4fea02e34975723da,seer_dial_p4278,discovery,cold,0,echo_rtt,0.071,ok
fcc97ee87fca3ef9ce5a8bc4fea02e34975723da,seer_dial_p4278,discovery,cold,0,echo_rtt,0.063,ok
fcc97ee87fca3ef9ce5a8bc4fea02e34975723da,seer_dial_p4278,discovery,cold,0,echo_rtt,0.055,ok
fcc97ee87fca3ef9ce5a8bc4fea02e34975723da,seer_dial_p4278,discovery,cold,0,echo_rtt,0.055,ok
fcc97ee87fca3ef9ce5a8bc4fea02e34975723da,seer_dial_p4278,discovery,cold,0,echo_rtt,0.054,ok
fcc97ee87fca3ef9ce5a8bc4fea02e34975723da,seer_dial_p4278,discovery,cold,0,echo_rtt,0.052,ok
fcc97ee87fca3ef9ce5a8bc4fea02e34975723da,seer_dial_p4278,discovery,cold,0,echo_rtt,0.053,ok
fcc97ee87fca3ef9ce5a8bc4fea02e34975723da,seer_dial_p4278,discovery,cold,0,echo_rtt,0.054,ok
fcc97ee87fca3ef9ce5a8bc4fea02e34975723da,seer_dial_p4278,discovery,cold,0,echo_rtt,0.057,ok
fcc97ee87fca3ef9ce5a8bc4fea02e34975723da,seer_dial_p4278,discovery,cold,0,echo_rtt,0.062,ok
fcc97ee87fca3ef9ce5a8bc4fea02e34975723da,seer_dial_p4278,discovery,cold,0,echo_rtt,0.055,ok
fcc97ee87fca3ef9ce5a8bc4fea02e34975723da,seer_dial_p4278,discovery,cold,0,echo_rtt,0.053,ok
fcc97ee87fca3ef9ce5a8bc4fea02e34975723da,seer_dial_p4278,discovery,cold,0,echo_rtt,0.054,ok
fcc97ee87fca3ef9ce5a8bc4fea02e34975723da,seer_dial_p4278,discovery,cold,0,echo_rtt,0.052,ok
fcc97ee87fca3ef9ce5a8bc4fea02e34975723da,seer_dial_p4278,discovery,cold,0,echo_rtt,0.052,ok
fcc97ee87fca3ef9ce5a8bc4fea02e34975723da,seer_dial_p4278,discovery,cold,0,echo_rtt,0.052,ok
fcc97ee87fca3ef9ce5a8bc4fea02e34975723da,seer_dial_p4278,discovery,cold,0,echo_rtt,0.053,ok
fcc97ee87fca3ef9ce5a8bc4fea02e34975723da,seer_dial_p4278,discovery,cold,0,echo_rtt,0.068,ok
fcc97ee87fca3ef9ce5a8bc4fea02e34975723da,seer_dial_p4278,discovery,cold,0,echo_rtt,0.112,ok
fcc97ee87fca3ef9ce5a8bc4fea02e34975723da,seer_dial_p4278,discovery,cold,0,echo_rtt,0.055,ok
fcc97ee87fca3ef9ce5a8bc4fea02e34975723da,seer_dial_p4278,discovery,cold,0,echo_rtt,0.055,ok
fcc97ee87fca3ef9ce5a8bc4fea02e34975723da,seer_dial_p4278,discovery,cold,0,echo_rtt,0.059,ok
fcc97ee87fca3ef9ce5a8bc4fea02e34975723da,seer_dial_p4278,discovery,cold,0,echo_rtt,0.231,ok
fcc97ee87fca3ef9ce5a8bc4fea02e34975723da,seer_dial_p4278,discovery,cold,0,echo_rtt,0.070,ok
fcc97ee87fca3ef9ce5a8bc4fea02e34975723da,seer_dial_p4278,discovery,cold,0,echo_rtt,0.067,ok
fcc97ee87fca3ef9ce5a8bc4fea02e34975723da,seer_dial_p4278,discovery,cold,0,echo_rtt,0.083,ok
fcc97ee87fca3ef9ce5a8bc4fea02e34975723da,seer_dial_p4278,discovery,cold,0,echo_rtt,0.078,ok
fcc97ee87fca3ef9ce5a8bc4fea02e34975723da,seer_dial_p4278,discovery,cold,0,echo_rtt,0.062,ok
fcc97ee87fca3ef9ce5a8bc4fea02e34975723da,seer_dial_p4278,discovery,cold,0,echo_rtt,0.061,ok
fcc97ee87fca3ef9ce5a8bc4fea02e34975723da,seer_dial_p4278,discovery,cold,0,echo_rtt,0.073,ok
fcc97ee87fca3ef9ce5a8bc4fea02e34975723da,seer_dial_p4278,discovery,cold,0,echo_rtt,0.061,ok
fcc97ee87fca3ef9ce5a8bc4fea02e34975723da,seer_dial_p4278,discovery,cold,0,echo_rtt,0.067,ok
fcc97ee87fca3ef9ce5a8bc4fea02e34975723da,seer_dial_p4278,discovery,cold,0,echo_rtt,0.060,ok
fcc97ee87fca3ef9ce5a8bc4fea02e34975723da,seer_dial_p4278,discovery,cold,0,echo_rtt,0.060,ok
fcc97ee87fca3ef9ce5a8bc4fea02e34975723da,seer_dial_p4278,discovery,cold,0,echo_rtt,0.059,ok
fcc97ee87fca3ef9ce5a8bc4fea02e34975723da,seer_dial_p4278,discovery,cold,0,echo_rtt,0.060,ok
fcc97ee87fca3ef9ce5a8bc4fea02e34975723da,seer_dial_p4278,discovery,cold,0,echo_rtt,0.059,ok
fcc97ee87fca3ef9ce5a8bc4fea02e34975723da,seer_dial_p4278,discovery,cold,0,echo_rtt,0.089,ok
fcc97ee87fca3ef9ce5a8bc4fea02e34975723da,seer_dial_p4278,discovery,cold,0,echo_rtt,0.071,ok
fcc97ee87fca3ef9ce5a8bc4fea02e34975723da,seer_dial_p4278,discovery,cold,0,echo_rtt,0.063,ok
fcc97ee87fca3ef9ce5a8bc4fea02e34975723da,seer_dial_p4278,discovery,cold,0,echo_rtt,0.061,ok
fcc97ee87fca3ef9ce5a8bc4fea02e34975723da,seer_dial_p4278,discovery,cold,0,echo_rtt,0.060,ok
fcc97ee87fca3ef9ce5a8bc4fea02e34975723da,seer_dial_p4278,discovery,cold,0,echo_rtt,0.060,ok
fcc97ee87fca3ef9ce5a8bc4fea02e34975723da,seer_dial_p4278,discovery,cold,0,echo_rtt,0.059,ok
fcc97ee87fca3ef9ce5a8bc4fea02e34975723da,seer_dial_p4278,discovery,cold,0,echo_rtt,0.060,ok
fcc97ee87fca3ef9ce5a8bc4fea02e34975723da,seer_dial_p4278,discovery,cold,0,echo_rtt,0.061,ok
fcc97ee87fca3ef9ce5a8bc4fea02e34975723da,seer_dial_p4278,discovery,cold,0,echo_rtt,0.062,ok
fcc97ee87fca3ef9ce5a8bc4fea02e34975723da,seer_dial_p4278,discovery,cold,0,echo_rtt,0.062,ok
fcc97ee87fca3ef9ce5a8bc4fea02e34975723da,seer_dial_p4278,discovery,cold,0,echo_rtt,0.060,ok
fcc97ee87fca3ef9ce5a8bc4fea02e34975723da,seer_dial_p4278,discovery,cold,0,echo_rtt,0.060,ok
fcc97ee87fca3ef9ce5a8bc4fea02e34975723da,seer_dial_p4278,discovery,cold,0,echo_rtt,0.059,ok
fcc97ee87fca3ef9ce5a8bc4fea02e34975723da,seer_dial_p4278,discovery,cold,0,echo_rtt,0.059,ok
fcc97ee87fca3ef9ce5a8bc4fea02e34975723da,seer_dial_p4278,discovery,cold,0,echo_rtt,0.060,ok
fcc97ee87fca3ef9ce5a8bc4fea02e34975723da,seer_dial_p4278,discovery,cold,0,echo_rtt,0.061,ok
fcc97ee87fca3ef9ce5a8bc4fea02e34975723da,seer_dial_p4278,discovery,cold,0,echo_rtt,0.059,ok
fcc97ee87fca3ef9ce5a8bc4fea02e34975723da,seer_dial_p4278,discovery,cold,0,echo_rtt,0.059,ok
fcc97ee87fca3ef9ce5a8bc4fea02e34975723da,seer_dial_p4278,discovery,cold,0,echo_rtt,0.061,ok
fcc97ee87fca3ef9ce5a8bc4fea02e34975723da,seer_dial_p4278,discovery,cold,0,echo_rtt,0.059,ok
fcc97ee87fca3ef9ce5a8bc4fea02e34975723da,seer_dial_p4278,discovery,cold,0,echo_rtt,0.060,ok
fcc97ee87fca3ef9ce5a8bc4fea02e34975723da,seer_dial_p4278,discovery,cold,0,echo_rtt,0.060,ok
fcc97ee87fca3ef9ce5a8bc4fea02e34975723da,seer_dial_p4278,discovery,cold,0,echo_rtt,0.059,ok
fcc97ee87fca3ef9ce5a8bc4fea02e34975723da,seer_dial_p4278,discovery,cold,0,echo_rtt,0.058,ok
fcc97ee87fca3ef9ce5a8bc4fea02e34975723da,seer_dial_p4278,discovery,cold,0,echo_rtt,0.061,ok
fcc97ee87fca3ef9ce5a8bc4fea02e34975723da,seer_dial_p4278,discovery,cold,0,echo_rtt,0.061,ok
fcc97ee87fca3ef9ce5a8bc4fea02e34975723da,seer_dial_p4278,discovery,cold,0,echo_rtt,0.060,ok
fcc97ee87fca3ef9ce5a8bc4fea02e34975723da,seer_dial_p4278,discovery,cold,0,echo_rtt,0.058,ok
fcc97ee87fca3ef9ce5a8bc4fea02e34975723da,seer_dial_p4278,discovery,cold,0,echo_rtt,0.054,ok
fcc97ee87fca3ef9ce5a8bc4fea02e34975723da,seer_dial_p4278,discovery,cold,0,echo_rtt,0.060,ok
fcc97ee87fca3ef9ce5a8bc4fea02e34975723da,seer_dial_p4278,discovery,cold,0,echo_rtt,0.075,ok
fcc97ee87fca3ef9ce5a8bc4fea02e34975723da,seer_dial_p4278,discovery,cold,0,echo_rtt,0.064,ok
fcc97ee87fca3ef9ce5a8bc4fea02e34975723da,seer_dial_p4278,discovery,cold,0,echo_rtt,0.056,ok
fcc97ee87fca3ef9ce5a8bc4fea02e34975723da,seer_dial_p4278,discovery,cold,0,echo_rtt,0.060,ok
fcc97ee87fca3ef9ce5a8bc4fea02e34975723da,seer_dial_p4278,discovery,cold,0,echo_rtt,0.055,ok
fcc97ee87fca3ef9ce5a8bc4fea02e34975723da,seer_dial_p4278,discovery,cold,0,echo_rtt,0.059,ok
fcc97ee87fca3ef9ce5a8bc4fea02e34975723da,seer_dial_p4278,discovery,cold,0,echo_rtt,0.064,ok
fcc97ee87fca3ef9ce5a8bc4fea02e34975723da,seer_dial_p4278,discovery,cold,0,echo_rtt,0.056,ok
fcc97ee87fca3ef9ce5a8bc4fea02e34975723da,seer_dial_p4278,discovery,cold,0,echo_rtt,0.055,ok
fcc97ee87fca3ef9ce5a8bc4fea02e34975723da,seer_dial_p4278,discovery,cold,0,echo_rtt,0.053,ok
fcc97ee87fca3ef9ce5a8bc4fea02e34975723da,seer_dial_p4278,discovery,cold,0,echo_rtt,0.054,ok
fcc97ee87fca3ef9ce5a8bc4fea02e34975723da,seer_dial_p4278,discovery,cold,0,echo_rtt,0.074,ok
fcc97ee87fca3ef9ce5a8bc4fea02e34975723da,seer_dial_p4278,discovery,cold,0,echo_rtt,0.053,ok
fcc97ee87fca3ef9ce5a8bc4fea02e34975723da,seer_dial_p4278,discovery,cold,0,echo_rtt,0.055,ok
fcc97ee87fca3ef9ce5a8bc4fea02e34975723da,seer_dial_p4278,discovery,cold,0,echo_rtt,0.054,ok
fcc97ee87fca3ef9ce5a8bc4fea02e34975723da,seer_dial_p4278,discovery,cold,0,echo_rtt,0.082,ok
fcc97ee87fca3ef9ce5a8bc4fea02e34975723da,seer_dial_p4278,discovery,cold,0,echo_rtt,0.078,ok
fcc97ee87fca3ef9ce5a8bc4fea02e34975723da,seer_dial_p4278,discovery,cold,0,echo_rtt,0.065,ok
fcc97ee87fca3ef9ce5a8bc4fea02e34975723da,seer_dial_p4278,discovery,cold,0,echo_rtt,0.060,ok
fcc97ee87fca3ef9ce5a8bc4fea02e34975723da,seer_dial_p4278,discovery,cold,0,echo_rtt,0.060,ok
fcc97ee87fca3ef9ce5a8bc4fea02e34975723da,seer_dial_p4278,discovery,cold,0,echo_rtt,0.060,ok
fcc97ee87fca3ef9ce5a8bc4fea02e34975723da,seer_dial_p4278,discovery,cold,0,echo_rtt,0.059,ok
fcc97ee87fca3ef9ce5a8bc4fea02e34975723da,seer_dial_p4278,discovery,cold,0,echo_rtt,0.060,ok
fcc97ee87fca3ef9ce5a8bc4fea02e34975723da,seer_dial_p4278,discovery,cold,0,echo_rtt,0.060,ok
fcc97ee87fca3ef9ce5a8bc4fea02e34975723da,seer_dial_p4278,discovery,cold,0,echo_rtt,0.060,ok
fcc97ee87fca3ef9ce5a8bc4fea02e34975723da,seer_dial_p4278,discovery,cold,0,echo_rtt,0.061,ok
fcc97ee87fca3ef9ce5a8bc4fea02e34975723da,seer_dial_p4278,discovery,cold,0,echo_rtt,0.061,ok
fcc97ee87fca3ef9ce5a8bc4fea02e34975723da,seer_dial_p4278,discovery,cold,0,echo_rtt,0.060,ok
fcc97ee87fca3ef9ce5a8bc4fea02e34975723da,seer_dial_p4278,discovery,cold,0,echo_rtt,0.060,ok
fcc97ee87fca3ef9ce5a8bc4fea02e34975723da,seer_dial_p297822,discovery,cold,0,seer_dial,194.482,ok
fcc97ee87fca3ef9ce5a8bc4fea02e34975723da,seer_dial_p297822,discovery,cold,0,stream_open,91.243,ok
fcc97ee87fca3ef9ce5a8bc4fea02e34975723da,seer_dial_p297822,discovery,cold,0,echo_rtt,1.037,ok
fcc97ee87fca3ef9ce5a8bc4fea02e34975723da,seer_dial_p297822,discovery,cold,0,echo_rtt,1.063,ok
fcc97ee87fca3ef9ce5a8bc4fea02e34975723da,seer_dial_p297822,discovery,cold,0,echo_rtt,1.097,ok
fcc97ee87fca3ef9ce5a8bc4fea02e34975723da,seer_dial_p297822,discovery,cold,0,echo_rtt,0.904,ok
fcc97ee87fca3ef9ce5a8bc4fea02e34975723da,seer_dial_p297822,discovery,cold,0,echo_rtt,0.919,ok
fcc97ee87fca3ef9ce5a8bc4fea02e34975723da,seer_dial_p297822,discovery,cold,0,echo_rtt,0.989,ok
fcc97ee87fca3ef9ce5a8bc4fea02e34975723da,seer_dial_p297822,discovery,cold,0,echo_rtt,0.944,ok
fcc97ee87fca3ef9ce5a8bc4fea02e34975723da,seer_dial_p297822,discovery,cold,0,echo_rtt,0.975,ok
fcc97ee87fca3ef9ce5a8bc4fea02e34975723da,seer_dial_p297822,discovery,cold,0,echo_rtt,0.932,ok
fcc97ee87fca3ef9ce5a8bc4fea02e34975723da,seer_dial_p297822,discovery,cold,0,echo_rtt,0.885,ok
fcc97ee87fca3ef9ce5a8bc4fea02e34975723da,seer_dial_p297822,discovery,cold,0,echo_rtt,0.932,ok
fcc97ee87fca3ef9ce5a8bc4fea02e34975723da,seer_dial_p297822,discovery,cold,0,echo_rtt,0.983,ok
fcc97ee87fca3ef9ce5a8bc4fea02e34975723da,seer_dial_p297822,discovery,cold,0,echo_rtt,0.845,ok
fcc97ee87fca3ef9ce5a8bc4fea02e34975723da,seer_dial_p297822,discovery,cold,0,echo_rtt,0.966,ok
fcc97ee87fca3ef9ce5a8bc4fea02e34975723da,seer_dial_p297822,discovery,cold,0,echo_rtt,0.955,ok
fcc97ee87fca3ef9ce5a8bc4fea02e34975723da,seer_dial_p297822,discovery,cold,0,echo_rtt,1.061,ok
fcc97ee87fca3ef9ce5a8bc4fea02e34975723da,seer_dial_p297822,discovery,cold,0,echo_rtt,1.094,ok
fcc97ee87fca3ef9ce5a8bc4fea02e34975723da,seer_dial_p297822,discovery,cold,0,echo_rtt,1.060,ok
fcc97ee87fca3ef9ce5a8bc4fea02e34975723da,seer_dial_p297822,discovery,cold,0,echo_rtt,0.990,ok
fcc97ee87fca3ef9ce5a8bc4fea02e34975723da,seer_dial_p297822,discovery,cold,0,echo_rtt,0.977,ok
fcc97ee87fca3ef9ce5a8bc4fea02e34975723da,seer_dial_p297822,discovery,cold,0,echo_rtt,1.039,ok
fcc97ee87fca3ef9ce5a8bc4fea02e34975723da,seer_dial_p297822,discovery,cold,0,echo_rtt,1.044,ok
fcc97ee87fca3ef9ce5a8bc4fea02e34975723da,seer_dial_p297822,discovery,cold,0,echo_rtt,1.063,ok
fcc97ee87fca3ef9ce5a8bc4fea02e34975723da,seer_dial_p297822,discovery,cold,0,echo_rtt,1.214,ok
fcc97ee87fca3ef9ce5a8bc4fea02e34975723da,seer_dial_p297822,discovery,cold,0,echo_rtt,1.077,ok
fcc97ee87fca3ef9ce5a8bc4fea02e34975723da,seer_dial_p297822,discovery,cold,0,echo_rtt,1.172,ok
fcc97ee87fca3ef9ce5a8bc4fea02e34975723da,seer_dial_p297822,discovery,cold,0,echo_rtt,0.734,ok
fcc97ee87fca3ef9ce5a8bc4fea02e34975723da,seer_dial_p297822,discovery,cold,0,echo_rtt,0.774,ok
fcc97ee87fca3ef9ce5a8bc4fea02e34975723da,seer_dial_p297822,discovery,cold,0,echo_rtt,0.752,ok
fcc97ee87fca3ef9ce5a8bc4fea02e34975723da,seer_dial_p297822,discovery,cold,0,echo_rtt,0.819,ok
fcc97ee87fca3ef9ce5a8bc4fea02e34975723da,seer_dial_p297822,discovery,cold,0,echo_rtt,0.797,ok
fcc97ee87fca3ef9ce5a8bc4fea02e34975723da,seer_dial_p297822,discovery,cold,0,echo_rtt,0.733,ok
fcc97ee87fca3ef9ce5a8bc4fea02e34975723da,seer_dial_p297822,discovery,cold,0,echo_rtt,0.766,ok
fcc97ee87fca3ef9ce5a8bc4fea02e34975723da,seer_dial_p297822,discovery,cold,0,echo_rtt,0.638,ok
fcc97ee87fca3ef9ce5a8bc4fea02e34975723da,seer_dial_p297822,discovery,cold,0,echo_rtt,0.773,ok
fcc97ee87fca3ef9ce5a8bc4fea02e34975723da,seer_dial_p297822,discovery,cold,0,echo_rtt,0.790,ok
fcc97ee87fca3ef9ce5a8bc4fea02e34975723da,seer_dial_p297822,discovery,cold,0,echo_rtt,0.776,ok
fcc97ee87fca3ef9ce5a8bc4fea02e34975723da,seer_dial_p297822,discovery,cold,0,echo_rtt,0.745,ok
fcc97ee87fca3ef9ce5a8bc4fea02e34975723da,seer_dial_p297822,discovery,cold,0,echo_rtt,0.706,ok
fcc97ee87fca3ef9ce5a8bc4fea02e34975723da,seer_dial_p297822,discovery,cold,0,echo_rtt,0.769,ok
fcc97ee87fca3ef9ce5a8bc4fea02e34975723da,seer_dial_p297822,discovery,cold,0,echo_rtt,0.722,ok
fcc97ee87fca3ef9ce5a8bc4fea02e34975723da,seer_dial_p297822,discovery,cold,0,echo_rtt,0.691,ok
fcc97ee87fca3ef9ce5a8bc4fea02e34975723da,seer_dial_p297822,discovery,cold,0,echo_rtt,0.877,ok
fcc97ee87fca3ef9ce5a8bc4fea02e34975723da,seer_dial_p297822,discovery,cold,0,echo_rtt,0.813,ok
fcc97ee87fca3ef9ce5a8bc4fea02e34975723da,seer_dial_p297822,discovery,cold,0,echo_rtt,0.683,ok
fcc97ee87fca3ef9ce5a8bc4fea02e34975723da,seer_dial_p297822,discovery,cold,0,echo_rtt,0.723,ok
fcc97ee87fca3ef9ce5a8bc4fea02e34975723da,seer_dial_p297822,discovery,cold,0,echo_rtt,0.745,ok
fcc97ee87fca3ef9ce5a8bc4fea02e34975723da,seer_dial_p297822,discovery,cold,0,echo_rtt,0.721,ok
fcc97ee87fca3ef9ce5a8bc4fea02e34975723da,seer_dial_p297822,discovery,cold,0,echo_rtt,0.719,ok
fcc97ee87fca3ef9ce5a8bc4fea02e34975723da,seer_dial_p297822,discovery,cold,0,echo_rtt,0.764,ok
fcc97ee87fca3ef9ce5a8bc4fea02e34975723da,seer_dial_p297822,discovery,cold,0,echo_rtt,0.754,ok
fcc97ee87fca3ef9ce5a8bc4fea02e34975723da,seer_dial_p297822,discovery,cold,0,echo_rtt,0.744,ok
fcc97ee87fca3ef9ce5a8bc4fea02e34975723da,seer_dial_p297822,discovery,cold,0,echo_rtt,0.669,ok
fcc97ee87fca3ef9ce5a8bc4fea02e34975723da,seer_dial_p297822,discovery,cold,0,echo_rtt,0.703,ok
fcc97ee87fca3ef9ce5a8bc4fea02e34975723da,seer_dial_p297822,discovery,cold,0,echo_rtt,0.714,ok
fcc97ee87fca3ef9ce5a8bc4fea02e34975723da,seer_dial_p297822,discovery,cold,0,echo_rtt,0.749,ok
fcc97ee87fca3ef9ce5a8bc4fea02e34975723da,seer_dial_p297822,discovery,cold,0,echo_rtt,0.739,ok
fcc97ee87fca3ef9ce5a8bc4fea02e34975723da,seer_dial_p297822,discovery,cold,0,echo_rtt,0.711,ok
fcc97ee87fca3ef9ce5a8bc4fea02e34975723da,seer_dial_p297822,discovery,cold,0,echo_rtt,0.717,ok
fcc97ee87fca3ef9ce5a8bc4fea02e34975723da,seer_dial_p297822,discovery,cold,0,echo_rtt,0.778,ok
fcc97ee87fca3ef9ce5a8bc4fea02e34975723da,seer_dial_p297822,discovery,cold,0,echo_rtt,0.924,ok
fcc97ee87fca3ef9ce5a8bc4fea02e34975723da,seer_dial_p297822,discovery,cold,0,echo_rtt,0.684,ok
fcc97ee87fca3ef9ce5a8bc4fea02e34975723da,seer_dial_p297822,discovery,cold,0,echo_rtt,0.712,ok
fcc97ee87fca3ef9ce5a8bc4fea02e34975723da,seer_dial_p297822,discovery,cold,0,echo_rtt,0.695,ok
fcc97ee87fca3ef9ce5a8bc4fea02e34975723da,seer_dial_p297822,discovery,cold,0,echo_rtt,0.717,ok
fcc97ee87fca3ef9ce5a8bc4fea02e34975723da,seer_dial_p297822,discovery,cold,0,echo_rtt,0.746,ok
fcc97ee87fca3ef9ce5a8bc4fea02e34975723da,seer_dial_p297822,discovery,cold,0,echo_rtt,0.740,ok
fcc97ee87fca3ef9ce5a8bc4fea02e34975723da,seer_dial_p297822,discovery,cold,0,echo_rtt,0.780,ok
fcc97ee87fca3ef9ce5a8bc4fea02e34975723da,seer_dial_p297822,discovery,cold,0,echo_rtt,0.760,ok
fcc97ee87fca3ef9ce5a8bc4fea02e34975723da,seer_dial_p297822,discovery,cold,0,echo_rtt,0.721,ok
fcc97ee87fca3ef9ce5a8bc4fea02e34975723da,seer_dial_p297822,discovery,cold,0,echo_rtt,0.722,ok
fcc97ee87fca3ef9ce5a8bc4fea02e34975723da,seer_dial_p297822,discovery,cold,0,echo_rtt,0.742,ok
fcc97ee87fca3ef9ce5a8bc4fea02e34975723da,seer_dial_p297822,discovery,cold,0,echo_rtt,0.867,ok
fcc97ee87fca3ef9ce5a8bc4fea02e34975723da,seer_dial_p297822,discovery,cold,0,echo_rtt,0.812,ok
fcc97ee87fca3ef9ce5a8bc4fea02e34975723da,seer_dial_p297822,discovery,cold,0,echo_rtt,0.808,ok
fcc97ee87fca3ef9ce5a8bc4fea02e34975723da,seer_dial_p297822,discovery,cold,0,echo_rtt,0.693,ok
fcc97ee87fca3ef9ce5a8bc4fea02e34975723da,seer_dial_p297822,discovery,cold,0,echo_rtt,0.721,ok
fcc97ee87fca3ef9ce5a8bc4fea02e34975723da,seer_dial_p297822,discovery,cold,0,echo_rtt,0.730,ok
fcc97ee87fca3ef9ce5a8bc4fea02e34975723da,seer_dial_p297822,discovery,cold,0,echo_rtt,0.769,ok
fcc97ee87fca3ef9ce5a8bc4fea02e34975723da,seer_dial_p297822,discovery,cold,0,echo_rtt,0.700,ok
fcc97ee87fca3ef9ce5a8bc4fea02e34975723da,seer_dial_p297822,discovery,cold,0,echo_rtt,0.785,ok
fcc97ee87fca3ef9ce5a8bc4fea02e34975723da,seer_dial_p297822,discovery,cold,0,echo_rtt,0.684,ok
fcc97ee87fca3ef9ce5a8bc4fea02e34975723da,seer_dial_p297822,discovery,cold,0,echo_rtt,0.701,ok
fcc97ee87fca3ef9ce5a8bc4fea02e34975723da,seer_dial_p297822,discovery,cold,0,echo_rtt,0.699,ok
fcc97ee87fca3ef9ce5a8bc4fea02e34975723da,seer_dial_p297822,discovery,cold,0,echo_rtt,0.678,ok
fcc97ee87fca3ef9ce5a8bc4fea02e34975723da,seer_dial_p297822,discovery,cold,0,echo_rtt,0.821,ok
fcc97ee87fca3ef9ce5a8bc4fea02e34975723da,seer_dial_p297822,discovery,cold,0,echo_rtt,0.721,ok
fcc97ee87fca3ef9ce5a8bc4fea02e34975723da,seer_dial_p297822,discovery,cold,0,echo_rtt,0.683,ok
fcc97ee87fca3ef9ce5a8bc4fea02e34975723da,seer_dial_p297822,discovery,cold,0,echo_rtt,0.766,ok
fcc97ee87fca3ef9ce5a8bc4fea02e34975723da,seer_dial_p297822,discovery,cold,0,echo_rtt,0.798,ok
fcc97ee87fca3ef9ce5a8bc4fea02e34975723da,seer_dial_p297822,discovery,cold,0,echo_rtt,0.754,ok
fcc97ee87fca3ef9ce5a8bc4fea02e34975723da,seer_dial_p297822,discovery,cold,0,echo_rtt,0.749,ok
fcc97ee87fca3ef9ce5a8bc4fea02e34975723da,seer_dial_p297822,discovery,cold,0,echo_rtt,0.675,ok
fcc97ee87fca3ef9ce5a8bc4fea02e34975723da,seer_dial_p297822,discovery,cold,0,echo_rtt,0.720,ok
fcc97ee87fca3ef9ce5a8bc4fea02e34975723da,seer_dial_p297822,discovery,cold,0,echo_rtt,0.761,ok
fcc97ee87fca3ef9ce5a8bc4fea02e34975723da,seer_dial_p297822,discovery,cold,0,echo_rtt,0.778,ok
fcc97ee87fca3ef9ce5a8bc4fea02e34975723da,seer_dial_p297822,discovery,cold,0,echo_rtt,0.728,ok
fcc97ee87fca3ef9ce5a8bc4fea02e34975723da,seer_dial_p297822,discovery,cold,0,echo_rtt,0.670,ok
fcc97ee87fca3ef9ce5a8bc4fea02e34975723da,seer_dial_p297822,discovery,cold,0,echo_rtt,0.733,ok
fcc97ee87fca3ef9ce5a8bc4fea02e34975723da,seer_dial_p297822,discovery,cold,0,echo_rtt,0.706,ok
fcc97ee87fca3ef9ce5a8bc4fea02e34975723da,seer_dial_p297822,discovery,cold,0,seer_dial,201.608,ok
fcc97ee87fca3ef9ce5a8bc4fea02e34975723da,seer_dial_p297822,discovery,cold,0,stream_open,83.351,ok
fcc97ee87fca3ef9ce5a8bc4fea02e34975723da,seer_dial_p297822,discovery,cold,0,echo_rtt,0.866,ok
fcc97ee87fca3ef9ce5a8bc4fea02e34975723da,seer_dial_p297822,discovery,cold,0,echo_rtt,0.984,ok
fcc97ee87fca3ef9ce5a8bc4fea02e34975723da,seer_dial_p297822,discovery,cold,0,echo_rtt,0.739,ok
fcc97ee87fca3ef9ce5a8bc4fea02e34975723da,seer_dial_p297822,discovery,cold,0,echo_rtt,0.826,ok
fcc97ee87fca3ef9ce5a8bc4fea02e34975723da,seer_dial_p297822,discovery,cold,0,echo_rtt,0.922,ok
fcc97ee87fca3ef9ce5a8bc4fea02e34975723da,seer_dial_p297822,discovery,cold,0,echo_rtt,0.905,ok
fcc97ee87fca3ef9ce5a8bc4fea02e34975723da,seer_dial_p297822,discovery,cold,0,echo_rtt,0.900,ok
fcc97ee87fca3ef9ce5a8bc4fea02e34975723da,seer_dial_p297822,discovery,cold,0,echo_rtt,0.737,ok
fcc97ee87fca3ef9ce5a8bc4fea02e34975723da,seer_dial_p297822,discovery,cold,0,echo_rtt,0.684,ok
fcc97ee87fca3ef9ce5a8bc4fea02e34975723da,seer_dial_p297822,discovery,cold,0,echo_rtt,0.757,ok
fcc97ee87fca3ef9ce5a8bc4fea02e34975723da,seer_dial_p297822,discovery,cold,0,echo_rtt,0.789,ok
fcc97ee87fca3ef9ce5a8bc4fea02e34975723da,seer_dial_p297822,discovery,cold,0,echo_rtt,0.699,ok
fcc97ee87fca3ef9ce5a8bc4fea02e34975723da,seer_dial_p297822,discovery,cold,0,echo_rtt,0.743,ok
fcc97ee87fca3ef9ce5a8bc4fea02e34975723da,seer_dial_p297822,discovery,cold,0,echo_rtt,0.767,ok
fcc97ee87fca3ef9ce5a8bc4fea02e34975723da,seer_dial_p297822,discovery,cold,0,echo_rtt,0.798,ok
fcc97ee87fca3ef9ce5a8bc4fea02e34975723da,seer_dial_p297822,discovery,cold,0,echo_rtt,0.814,ok
fcc97ee87fca3ef9ce5a8bc4fea02e34975723da,seer_dial_p297822,discovery,cold,0,echo_rtt,0.813,ok
fcc97ee87fca3ef9ce5a8bc4fea02e34975723da,seer_dial_p297822,discovery,cold,0,echo_rtt,0.704,ok
fcc97ee87fca3ef9ce5a8bc4fea02e34975723da,seer_dial_p297822,discovery,cold,0,echo_rtt,0.894,ok
fcc97ee87fca3ef9ce5a8bc4fea02e34975723da,seer_dial_p297822,discovery,cold,0,echo_rtt,0.736,ok
fcc97ee87fca3ef9ce5a8bc4fea02e34975723da,seer_dial_p297822,discovery,cold,0,echo_rtt,0.731,ok
fcc97ee87fca3ef9ce5a8bc4fea02e34975723da,seer_dial_p297822,discovery,cold,0,echo_rtt,0.813,ok
fcc97ee87fca3ef9ce5a8bc4fea02e34975723da,seer_dial_p297822,discovery,cold,0,echo_rtt,0.812,ok
fcc97ee87fca3ef9ce5a8bc4fea02e34975723da,seer_dial_p297822,discovery,cold,0,echo_rtt,0.862,ok
fcc97ee87fca3ef9ce5a8bc4fea02e34975723da,seer_dial_p297822,discovery,cold,0,echo_rtt,0.712,ok
fcc97ee87fca3ef9ce5a8bc4fea02e34975723da,seer_dial_p297822,discovery,cold,0,echo_rtt,0.817,ok
fcc97ee87fca3ef9ce5a8bc4fea02e34975723da,seer_dial_p297822,discovery,cold,0,echo_rtt,0.789,ok
fcc97ee87fca3ef9ce5a8bc4fea02e34975723da,seer_dial_p297822,discovery,cold,0,echo_rtt,0.710,ok
fcc97ee87fca3ef9ce5a8bc4fea02e34975723da,seer_dial_p297822,discovery,cold,0,echo_rtt,0.717,ok
fcc97ee87fca3ef9ce5a8bc4fea02e34975723da,seer_dial_p297822,discovery,cold,0,echo_rtt,0.692,ok
fcc97ee87fca3ef9ce5a8bc4fea02e34975723da,seer_dial_p297822,discovery,cold,0,echo_rtt,0.788,ok
fcc97ee87fca3ef9ce5a8bc4fea02e34975723da,seer_dial_p297822,discovery,cold,0,echo_rtt,0.734,ok
fcc97ee87fca3ef9ce5a8bc4fea02e34975723da,seer_dial_p297822,discovery,cold,0,echo_rtt,0.752,ok
fcc97ee87fca3ef9ce5a8bc4fea02e34975723da,seer_dial_p297822,discovery,cold,0,echo_rtt,0.722,ok
fcc97ee87fca3ef9ce5a8bc4fea02e34975723da,seer_dial_p297822,discovery,cold,0,echo_rtt,0.697,ok
fcc97ee87fca3ef9ce5a8bc4fea02e34975723da,seer_dial_p297822,discovery,cold,0,echo_rtt,0.746,ok
fcc97ee87fca3ef9ce5a8bc4fea02e34975723da,seer_dial_p297822,discovery,cold,0,echo_rtt,0.676,ok
fcc97ee87fca3ef9ce5a8bc4fea02e34975723da,seer_dial_p297822,discovery,cold,0,echo_rtt,0.699,ok
fcc97ee87fca3ef9ce5a8bc4fea02e34975723da,seer_dial_p297822,discovery,cold,0,echo_rtt,0.775,ok
fcc97ee87fca3ef9ce5a8bc4fea02e34975723da,seer_dial_p297822,discovery,cold,0,echo_rtt,0.751,ok
fcc97ee87fca3ef9ce5a8bc4fea02e34975723da,seer_dial_p297822,discovery,cold,0,echo_rtt,0.716,ok
fcc97ee87fca3ef9ce5a8bc4fea02e34975723da,seer_dial_p297822,discovery,cold,0,echo_rtt,0.718,ok
fcc97ee87fca3ef9ce5a8bc4fea02e34975723da,seer_dial_p297822,discovery,cold,0,echo_rtt,0.709,ok
fcc97ee87fca3ef9ce5a8bc4fea02e34975723da,seer_dial_p297822,discovery,cold,0,echo_rtt,0.681,ok
fcc97ee87fca3ef9ce5a8bc4fea02e34975723da,seer_dial_p297822,discovery,cold,0,echo_rtt,0.754,ok
fcc97ee87fca3ef9ce5a8bc4fea02e34975723da,seer_dial_p297822,discovery,cold,0,echo_rtt,0.765,ok
fcc97ee87fca3ef9ce5a8bc4fea02e34975723da,seer_dial_p297822,discovery,cold,0,echo_rtt,0.713,ok
fcc97ee87fca3ef9ce5a8bc4fea02e34975723da,seer_dial_p297822,discovery,cold,0,echo_rtt,0.765,ok
fcc97ee87fca3ef9ce5a8bc4fea02e34975723da,seer_dial_p297822,discovery,cold,0,echo_rtt,0.698,ok
fcc97ee87fca3ef9ce5a8bc4fea02e34975723da,seer_dial_p297822,discovery,cold,0,echo_rtt,0.927,ok
fcc97ee87fca3ef9ce5a8bc4fea02e34975723da,seer_dial_p297822,discovery,cold,0,echo_rtt,0.758,ok
fcc97ee87fca3ef9ce5a8bc4fea02e34975723da,seer_dial_p297822,discovery,cold,0,echo_rtt,0.781,ok
fcc97ee87fca3ef9ce5a8bc4fea02e34975723da,seer_dial_p297822,discovery,cold,0,echo_rtt,0.744,ok
fcc97ee87fca3ef9ce5a8bc4fea02e34975723da,seer_dial_p297822,discovery,cold,0,echo_rtt,0.713,ok
fcc97ee87fca3ef9ce5a8bc4fea02e34975723da,seer_dial_p297822,discovery,cold,0,echo_rtt,0.817,ok
fcc97ee87fca3ef9ce5a8bc4fea02e34975723da,seer_dial_p297822,discovery,cold,0,echo_rtt,0.762,ok
fcc97ee87fca3ef9ce5a8bc4fea02e34975723da,seer_dial_p297822,discovery,cold,0,echo_rtt,0.809,ok
fcc97ee87fca3ef9ce5a8bc4fea02e34975723da,seer_dial_p297822,discovery,cold,0,echo_rtt,0.772,ok
fcc97ee87fca3ef9ce5a8bc4fea02e34975723da,seer_dial_p297822,discovery,cold,0,echo_rtt,0.763,ok
fcc97ee87fca3ef9ce5a8bc4fea02e34975723da,seer_dial_p297822,discovery,cold,0,echo_rtt,0.713,ok
fcc97ee87fca3ef9ce5a8bc4fea02e34975723da,seer_dial_p297822,discovery,cold,0,echo_rtt,0.739,ok
fcc97ee87fca3ef9ce5a8bc4fea02e34975723da,seer_dial_p297822,discovery,cold,0,echo_rtt,0.770,ok
fcc97ee87fca3ef9ce5a8bc4fea02e34975723da,seer_dial_p297822,discovery,cold,0,echo_rtt,0.695,ok
fcc97ee87fca3ef9ce5a8bc4fea02e34975723da,seer_dial_p297822,discovery,cold,0,echo_rtt,0.685,ok
fcc97ee87fca3ef9ce5a8bc4fea02e34975723da,seer_dial_p297822,discovery,cold,0,echo_rtt,0.704,ok
fcc97ee87fca3ef9ce5a8bc4fea02e34975723da,seer_dial_p297822,discovery,cold,0,echo_rtt,0.723,ok
fcc97ee87fca3ef9ce5a8bc4fea02e34975723da,seer_dial_p297822,discovery,cold,0,echo_rtt,0.730,ok
fcc97ee87fca3ef9ce5a8bc4fea02e34975723da,seer_dial_p297822,discovery,cold,0,echo_rtt,0.715,ok
fcc97ee87fca3ef9ce5a8bc4fea02e34975723da,seer_dial_p297822,discovery,cold,0,echo_rtt,0.715,ok
fcc97ee87fca3ef9ce5a8bc4fea02e34975723da,seer_dial_p297822,discovery,cold,0,echo_rtt,0.674,ok
fcc97ee87fca3ef9ce5a8bc4fea02e34975723da,seer_dial_p297822,discovery,cold,0,echo_rtt,0.662,ok
fcc97ee87fca3ef9ce5a8bc4fea02e34975723da,seer_dial_p297822,discovery,cold,0,echo_rtt,0.743,ok
fcc97ee87fca3ef9ce5a8bc4fea02e34975723da,seer_dial_p297822,discovery,cold,0,echo_rtt,0.705,ok
fcc97ee87fca3ef9ce5a8bc4fea02e34975723da,seer_dial_p297822,discovery,cold,0,echo_rtt,0.731,ok
fcc97ee87fca3ef9ce5a8bc4fea02e34975723da,seer_dial_p297822,discovery,cold,0,echo_rtt,0.807,ok
fcc97ee87fca3ef9ce5a8bc4fea02e34975723da,seer_dial_p297822,discovery,cold,0,echo_rtt,0.913,ok
fcc97ee87fca3ef9ce5a8bc4fea02e34975723da,seer_dial_p297822,discovery,cold,0,echo_rtt,0.707,ok
fcc97ee87fca3ef9ce5a8bc4fea02e34975723da,seer_dial_p297822,discovery,cold,0,echo_rtt,0.746,ok
fcc97ee87fca3ef9ce5a8bc4fea02e34975723da,seer_dial_p297822,discovery,cold,0,echo_rtt,1.050,ok
fcc97ee87fca3ef9ce5a8bc4fea02e34975723da,seer_dial_p297822,discovery,cold,0,echo_rtt,0.788,ok
fcc97ee87fca3ef9ce5a8bc4fea02e34975723da,seer_dial_p297822,discovery,cold,0,echo_rtt,0.830,ok
fcc97ee87fca3ef9ce5a8bc4fea02e34975723da,seer_dial_p297822,discovery,cold,0,echo_rtt,0.846,ok
fcc97ee87fca3ef9ce5a8bc4fea02e34975723da,seer_dial_p297822,discovery,cold,0,echo_rtt,0.799,ok
fcc97ee87fca3ef9ce5a8bc4fea02e34975723da,seer_dial_p297822,discovery,cold,0,echo_rtt,0.770,ok
fcc97ee87fca3ef9ce5a8bc4fea02e34975723da,seer_dial_p297822,discovery,cold,0,echo_rtt,0.849,ok
fcc97ee87fca3ef9ce5a8bc4fea02e34975723da,seer_dial_p297822,discovery,cold,0,echo_rtt,0.784,ok
fcc97ee87fca3ef9ce5a8bc4fea02e34975723da,seer_dial_p297822,discovery,cold,0,echo_rtt,0.673,ok
fcc97ee87fca3ef9ce5a8bc4fea02e34975723da,seer_dial_p297822,discovery,cold,0,echo_rtt,0.745,ok
fcc97ee87fca3ef9ce5a8bc4fea02e34975723da,seer_dial_p297822,discovery,cold,0,echo_rtt,0.721,ok
fcc97ee87fca3ef9ce5a8bc4fea02e34975723da,seer_dial_p297822,discovery,cold,0,echo_rtt,0.728,ok
fcc97ee87fca3ef9ce5a8bc4fea02e34975723da,seer_dial_p297822,discovery,cold,0,echo_rtt,0.737,ok
fcc97ee87fca3ef9ce5a8bc4fea02e34975723da,seer_dial_p297822,discovery,cold,0,echo_rtt,0.742,ok
fcc97ee87fca3ef9ce5a8bc4fea02e34975723da,seer_dial_p297822,discovery,cold,0,echo_rtt,0.753,ok
fcc97ee87fca3ef9ce5a8bc4fea02e34975723da,seer_dial_p297822,discovery,cold,0,echo_rtt,0.710,ok
fcc97ee87fca3ef9ce5a8bc4fea02e34975723da,seer_dial_p297822,discovery,cold,0,echo_rtt,0.703,ok
fcc97ee87fca3ef9ce5a8bc4fea02e34975723da,seer_dial_p297822,discovery,cold,0,echo_rtt,0.834,ok
fcc97ee87fca3ef9ce5a8bc4fea02e34975723da,seer_dial_p297822,discovery,cold,0,echo_rtt,1.024,ok
fcc97ee87fca3ef9ce5a8bc4fea02e34975723da,seer_dial_p297822,discovery,cold,0,echo_rtt,0.771,ok
fcc97ee87fca3ef9ce5a8bc4fea02e34975723da,seer_dial_p297822,discovery,cold,0,echo_rtt,0.720,ok
fcc97ee87fca3ef9ce5a8bc4fea02e34975723da,seer_dial_p297822,discovery,cold,0,echo_rtt,0.718,ok
fcc97ee87fca3ef9ce5a8bc4fea02e34975723da,seer_dial_p297822,discovery,cold,0,seer_dial,205.754,ok
fcc97ee87fca3ef9ce5a8bc4fea02e34975723da,seer_dial_p297822,discovery,cold,0,stream_open,83.202,ok
fcc97ee87fca3ef9ce5a8bc4fea02e34975723da,seer_dial_p297822,discovery,cold,0,echo_rtt,1.062,ok
fcc97ee87fca3ef9ce5a8bc4fea02e34975723da,seer_dial_p297822,discovery,cold,0,echo_rtt,0.957,ok
fcc97ee87fca3ef9ce5a8bc4fea02e34975723da,seer_dial_p297822,discovery,cold,0,echo_rtt,0.709,ok
fcc97ee87fca3ef9ce5a8bc4fea02e34975723da,seer_dial_p297822,discovery,cold,0,echo_rtt,0.822,ok
fcc97ee87fca3ef9ce5a8bc4fea02e34975723da,seer_dial_p297822,discovery,cold,0,echo_rtt,1.027,ok
fcc97ee87fca3ef9ce5a8bc4fea02e34975723da,seer_dial_p297822,discovery,cold,0,echo_rtt,0.755,ok
fcc97ee87fca3ef9ce5a8bc4fea02e34975723da,seer_dial_p297822,discovery,cold,0,echo_rtt,0.905,ok
fcc97ee87fca3ef9ce5a8bc4fea02e34975723da,seer_dial_p297822,discovery,cold,0,echo_rtt,0.863,ok
fcc97ee87fca3ef9ce5a8bc4fea02e34975723da,seer_dial_p297822,discovery,cold,0,echo_rtt,0.778,ok
fcc97ee87fca3ef9ce5a8bc4fea02e34975723da,seer_dial_p297822,discovery,cold,0,echo_rtt,0.927,ok
fcc97ee87fca3ef9ce5a8bc4fea02e34975723da,seer_dial_p297822,discovery,cold,0,echo_rtt,0.776,ok
fcc97ee87fca3ef9ce5a8bc4fea02e34975723da,seer_dial_p297822,discovery,cold,0,echo_rtt,0.724,ok
fcc97ee87fca3ef9ce5a8bc4fea02e34975723da,seer_dial_p297822,discovery,cold,0,echo_rtt,0.759,ok
fcc97ee87fca3ef9ce5a8bc4fea02e34975723da,seer_dial_p297822,discovery,cold,0,echo_rtt,0.689,ok
fcc97ee87fca3ef9ce5a8bc4fea02e34975723da,seer_dial_p297822,discovery,cold,0,echo_rtt,0.760,ok
fcc97ee87fca3ef9ce5a8bc4fea02e34975723da,seer_dial_p297822,discovery,cold,0,echo_rtt,0.755,ok
fcc97ee87fca3ef9ce5a8bc4fea02e34975723da,seer_dial_p297822,discovery,cold,0,echo_rtt,0.728,ok
fcc97ee87fca3ef9ce5a8bc4fea02e34975723da,seer_dial_p297822,discovery,cold,0,echo_rtt,0.685,ok
fcc97ee87fca3ef9ce5a8bc4fea02e34975723da,seer_dial_p297822,discovery,cold,0,echo_rtt,0.785,ok
fcc97ee87fca3ef9ce5a8bc4fea02e34975723da,seer_dial_p297822,discovery,cold,0,echo_rtt,0.759,ok
fcc97ee87fca3ef9ce5a8bc4fea02e34975723da,seer_dial_p297822,discovery,cold,0,echo_rtt,0.912,ok
fcc97ee87fca3ef9ce5a8bc4fea02e34975723da,seer_dial_p297822,discovery,cold,0,echo_rtt,0.803,ok
fcc97ee87fca3ef9ce5a8bc4fea02e34975723da,seer_dial_p297822,discovery,cold,0,echo_rtt,0.812,ok
fcc97ee87fca3ef9ce5a8bc4fea02e34975723da,seer_dial_p297822,discovery,cold,0,echo_rtt,0.693,ok
fcc97ee87fca3ef9ce5a8bc4fea02e34975723da,seer_dial_p297822,discovery,cold,0,echo_rtt,0.657,ok
fcc97ee87fca3ef9ce5a8bc4fea02e34975723da,seer_dial_p297822,discovery,cold,0,echo_rtt,0.695,ok
fcc97ee87fca3ef9ce5a8bc4fea02e34975723da,seer_dial_p297822,discovery,cold,0,echo_rtt,0.694,ok
fcc97ee87fca3ef9ce5a8bc4fea02e34975723da,seer_dial_p297822,discovery,cold,0,echo_rtt,0.730,ok
fcc97ee87fca3ef9ce5a8bc4fea02e34975723da,seer_dial_p297822,discovery,cold,0,echo_rtt,0.779,ok
fcc97ee87fca3ef9ce5a8bc4fea02e34975723da,seer_dial_p297822,discovery,cold,0,echo_rtt,0.779,ok
fcc97ee87fca3ef9ce5a8bc4fea02e34975723da,seer_dial_p297822,discovery,cold,0,echo_rtt,0.753,ok
fcc97ee87fca3ef9ce5a8bc4fea02e34975723da,seer_dial_p297822,discovery,cold,0,echo_rtt,0.770,ok
fcc97ee87fca3ef9ce5a8bc4fea02e34975723da,seer_dial_p297822,discovery,cold,0,echo_rtt,0.689,ok
fcc97ee87fca3ef9ce5a8bc4fea02e34975723da,seer_dial_p297822,discovery,cold,0,echo_rtt,0.703,ok
fcc97ee87fca3ef9ce5a8bc4fea02e34975723da,seer_dial_p297822,discovery,cold,0,echo_rtt,0.676,ok
fcc97ee87fca3ef9ce5a8bc4fea02e34975723da,seer_dial_p297822,discovery,cold,0,echo_rtt,0.783,ok
fcc97ee87fca3ef9ce5a8bc4fea02e34975723da,seer_dial_p297822,discovery,cold,0,echo_rtt,0.715,ok
fcc97ee87fca3ef9ce5a8bc4fea02e34975723da,seer_dial_p297822,discovery,cold,0,echo_rtt,0.864,ok
fcc97ee87fca3ef9ce5a8bc4fea02e34975723da,seer_dial_p297822,discovery,cold,0,echo_rtt,0.678,ok
fcc97ee87fca3ef9ce5a8bc4fea02e34975723da,seer_dial_p297822,discovery,cold,0,echo_rtt,0.814,ok
fcc97ee87fca3ef9ce5a8bc4fea02e34975723da,seer_dial_p297822,discovery,cold,0,echo_rtt,0.703,ok
fcc97ee87fca3ef9ce5a8bc4fea02e34975723da,seer_dial_p297822,discovery,cold,0,echo_rtt,0.728,ok
fcc97ee87fca3ef9ce5a8bc4fea02e34975723da,seer_dial_p297822,discovery,cold,0,echo_rtt,0.679,ok
fcc97ee87fca3ef9ce5a8bc4fea02e34975723da,seer_dial_p297822,discovery,cold,0,echo_rtt,0.688,ok
fcc97ee87fca3ef9ce5a8bc4fea02e34975723da,seer_dial_p297822,discovery,cold,0,echo_rtt,0.652,ok
fcc97ee87fca3ef9ce5a8bc4fea02e34975723da,seer_dial_p297822,discovery,cold,0,echo_rtt,0.681,ok
fcc97ee87fca3ef9ce5a8bc4fea02e34975723da,seer_dial_p297822,discovery,cold,0,echo_rtt,0.723,ok
fcc97ee87fca3ef9ce5a8bc4fea02e34975723da,seer_dial_p297822,discovery,cold,0,echo_rtt,0.683,ok
fcc97ee87fca3ef9ce5a8bc4fea02e34975723da,seer_dial_p297822,discovery,cold,0,echo_rtt,0.731,ok
fcc97ee87fca3ef9ce5a8bc4fea02e34975723da,seer_dial_p297822,discovery,cold,0,echo_rtt,0.896,ok
fcc97ee87fca3ef9ce5a8bc4fea02e34975723da,seer_dial_p297822,discovery,cold,0,echo_rtt,0.773,ok
fcc97ee87fca3ef9ce5a8bc4fea02e34975723da,seer_dial_p297822,discovery,cold,0,echo_rtt,0.790,ok
fcc97ee87fca3ef9ce5a8bc4fea02e34975723da,seer_dial_p297822,discovery,cold,0,echo_rtt,0.781,ok
fcc97ee87fca3ef9ce5a8bc4fea02e34975723da,seer_dial_p297822,discovery,cold,0,echo_rtt,0.700,ok
fcc97ee87fca3ef9ce5a8bc4fea02e34975723da,seer_dial_p297822,discovery,cold,0,echo_rtt,0.704,ok
fcc97ee87fca3ef9ce5a8bc4fea02e34975723da,seer_dial_p297822,discovery,cold,0,echo_rtt,0.726,ok
fcc97ee87fca3ef9ce5a8bc4fea02e34975723da,seer_dial_p297822,discovery,cold,0,echo_rtt,0.783,ok
fcc97ee87fca3ef9ce5a8bc4fea02e34975723da,seer_dial_p297822,discovery,cold,0,echo_rtt,0.755,ok
fcc97ee87fca3ef9ce5a8bc4fea02e34975723da,seer_dial_p297822,discovery,cold,0,echo_rtt,0.828,ok
fcc97ee87fca3ef9ce5a8bc4fea02e34975723da,seer_dial_p297822,discovery,cold,0,echo_rtt,0.675,ok
fcc97ee87fca3ef9ce5a8bc4fea02e34975723da,seer_dial_p297822,discovery,cold,0,echo_rtt,0.803,ok
fcc97ee87fca3ef9ce5a8bc4fea02e34975723da,seer_dial_p297822,discovery,cold,0,echo_rtt,0.726,ok
fcc97ee87fca3ef9ce5a8bc4fea02e34975723da,seer_dial_p297822,discovery,cold,0,echo_rtt,0.704,ok
fcc97ee87fca3ef9ce5a8bc4fea02e34975723da,seer_dial_p297822,discovery,cold,0,echo_rtt,0.704,ok
fcc97ee87fca3ef9ce5a8bc4fea02e34975723da,seer_dial_p297822,discovery,cold,0,echo_rtt,0.790,ok
fcc97ee87fca3ef9ce5a8bc4fea02e34975723da,seer_dial_p297822,discovery,cold,0,echo_rtt,0.732,ok
fcc97ee87fca3ef9ce5a8bc4fea02e34975723da,seer_dial_p297822,discovery,cold,0,echo_rtt,0.904,ok
fcc97ee87fca3ef9ce5a8bc4fea02e34975723da,seer_dial_p297822,discovery,cold,0,echo_rtt,0.703,ok
fcc97ee87fca3ef9ce5a8bc4fea02e34975723da,seer_dial_p297822,discovery,cold,0,echo_rtt,0.666,ok
fcc97ee87fca3ef9ce5a8bc4fea02e34975723da,seer_dial_p297822,discovery,cold,0,echo_rtt,0.666,ok
fcc97ee87fca3ef9ce5a8bc4fea02e34975723da,seer_dial_p297822,discovery,cold,0,echo_rtt,0.726,ok
fcc97ee87fca3ef9ce5a8bc4fea02e34975723da,seer_dial_p297822,discovery,cold,0,echo_rtt,0.755,ok
fcc97ee87fca3ef9ce5a8bc4fea02e34975723da,seer_dial_p297822,discovery,cold,0,echo_rtt,0.700,ok
fcc97ee87fca3ef9ce5a8bc4fea02e34975723da,seer_dial_p297822,discovery,cold,0,echo_rtt,0.729,ok
fcc97ee87fca3ef9ce5a8bc4fea02e34975723da,seer_dial_p297822,discovery,cold,0,echo_rtt,0.700,ok
fcc97ee87fca3ef9ce5a8bc4fea02e34975723da,seer_dial_p297822,discovery,cold,0,echo_rtt,0.784,ok
fcc97ee87fca3ef9ce5a8bc4fea02e34975723da,seer_dial_p297822,discovery,cold,0,echo_rtt,0.736,ok
fcc97ee87fca3ef9ce5a8bc4fea02e34975723da,seer_dial_p297822,discovery,cold,0,echo_rtt,0.704,ok
fcc97ee87fca3ef9ce5a8bc4fea02e34975723da,seer_dial_p297822,discovery,cold,0,echo_rtt,0.747,ok
fcc97ee87fca3ef9ce5a8bc4fea02e34975723da,seer_dial_p297822,discovery,cold,0,echo_rtt,0.829,ok
fcc97ee87fca3ef9ce5a8bc4fea02e34975723da,seer_dial_p297822,discovery,cold,0,echo_rtt,0.696,ok
fcc97ee87fca3ef9ce5a8bc4fea02e34975723da,seer_dial_p297822,discovery,cold,0,echo_rtt,0.753,ok
fcc97ee87fca3ef9ce5a8bc4fea02e34975723da,seer_dial_p297822,discovery,cold,0,echo_rtt,0.711,ok
fcc97ee87fca3ef9ce5a8bc4fea02e34975723da,seer_dial_p297822,discovery,cold,0,echo_rtt,0.699,ok
fcc97ee87fca3ef9ce5a8bc4fea02e34975723da,seer_dial_p297822,discovery,cold,0,echo_rtt,0.727,ok
fcc97ee87fca3ef9ce5a8bc4fea02e34975723da,seer_dial_p297822,discovery,cold,0,echo_rtt,0.915,ok
fcc97ee87fca3ef9ce5a8bc4fea02e34975723da,seer_dial_p297822,discovery,cold,0,echo_rtt,0.811,ok
fcc97ee87fca3ef9ce5a8bc4fea02e34975723da,seer_dial_p297822,discovery,cold,0,echo_rtt,0.800,ok
fcc97ee87fca3ef9ce5a8bc4fea02e34975723da,seer_dial_p297822,discovery,cold,0,echo_rtt,0.797,ok
fcc97ee87fca3ef9ce5a8bc4fea02e34975723da,seer_dial_p297822,discovery,cold,0,echo_rtt,0.730,ok
fcc97ee87fca3ef9ce5a8bc4fea02e34975723da,seer_dial_p297822,discovery,cold,0,echo_rtt,0.723,ok
fcc97ee87fca3ef9ce5a8bc4fea02e34975723da,seer_dial_p297822,discovery,cold,0,echo_rtt,2.402,ok
fcc97ee87fca3ef9ce5a8bc4fea02e34975723da,seer_dial_p297822,discovery,cold,0,echo_rtt,0.917,ok
fcc97ee87fca3ef9ce5a8bc4fea02e34975723da,seer_dial_p297822,discovery,cold,0,echo_rtt,0.903,ok
fcc97ee87fca3ef9ce5a8bc4fea02e34975723da,seer_dial_p297822,discovery,cold,0,echo_rtt,0.751,ok
fcc97ee87fca3ef9ce5a8bc4fea02e34975723da,seer_dial_p297822,discovery,cold,0,echo_rtt,0.754,ok
fcc97ee87fca3ef9ce5a8bc4fea02e34975723da,seer_dial_p297822,discovery,cold,0,echo_rtt,0.768,ok
fcc97ee87fca3ef9ce5a8bc4fea02e34975723da,seer_dial_p297822,discovery,cold,0,echo_rtt,0.682,ok
fcc97ee87fca3ef9ce5a8bc4fea02e34975723da,seer_dial_p297822,discovery,cold,0,echo_rtt,0.744,ok
fcc97ee87fca3ef9ce5a8bc4fea02e34975723da,seer_dial_p297822,discovery,cold,0,echo_rtt,0.738,ok
fcc97ee87fca3ef9ce5a8bc4fea02e34975723da,seer_dial_p297822,discovery,cold,0,seer_dial,202.040,ok
fcc97ee87fca3ef9ce5a8bc4fea02e34975723da,seer_dial_p297822,discovery,cold,0,stream_open,83.330,ok
fcc97ee87fca3ef9ce5a8bc4fea02e34975723da,seer_dial_p297822,discovery,cold,0,echo_rtt,0.936,ok
fcc97ee87fca3ef9ce5a8bc4fea02e34975723da,seer_dial_p297822,discovery,cold,0,echo_rtt,0.970,ok
fcc97ee87fca3ef9ce5a8bc4fea02e34975723da,seer_dial_p297822,discovery,cold,0,echo_rtt,0.813,ok
fcc97ee87fca3ef9ce5a8bc4fea02e34975723da,seer_dial_p297822,discovery,cold,0,echo_rtt,0.785,ok
fcc97ee87fca3ef9ce5a8bc4fea02e34975723da,seer_dial_p297822,discovery,cold,0,echo_rtt,1.057,ok
fcc97ee87fca3ef9ce5a8bc4fea02e34975723da,seer_dial_p297822,discovery,cold,0,echo_rtt,0.960,ok
fcc97ee87fca3ef9ce5a8bc4fea02e34975723da,seer_dial_p297822,discovery,cold,0,echo_rtt,0.889,ok
fcc97ee87fca3ef9ce5a8bc4fea02e34975723da,seer_dial_p297822,discovery,cold,0,echo_rtt,0.707,ok
fcc97ee87fca3ef9ce5a8bc4fea02e34975723da,seer_dial_p297822,discovery,cold,0,echo_rtt,0.811,ok
fcc97ee87fca3ef9ce5a8bc4fea02e34975723da,seer_dial_p297822,discovery,cold,0,echo_rtt,0.772,ok
fcc97ee87fca3ef9ce5a8bc4fea02e34975723da,seer_dial_p297822,discovery,cold,0,echo_rtt,0.749,ok
fcc97ee87fca3ef9ce5a8bc4fea02e34975723da,seer_dial_p297822,discovery,cold,0,echo_rtt,0.775,ok
fcc97ee87fca3ef9ce5a8bc4fea02e34975723da,seer_dial_p297822,discovery,cold,0,echo_rtt,0.973,ok
fcc97ee87fca3ef9ce5a8bc4fea02e34975723da,seer_dial_p297822,discovery,cold,0,echo_rtt,0.757,ok
fcc97ee87fca3ef9ce5a8bc4fea02e34975723da,seer_dial_p297822,discovery,cold,0,echo_rtt,0.787,ok
fcc97ee87fca3ef9ce5a8bc4fea02e34975723da,seer_dial_p297822,discovery,cold,0,echo_rtt,0.782,ok
fcc97ee87fca3ef9ce5a8bc4fea02e34975723da,seer_dial_p297822,discovery,cold,0,echo_rtt,0.738,ok
fcc97ee87fca3ef9ce5a8bc4fea02e34975723da,seer_dial_p297822,discovery,cold,0,echo_rtt,0.772,ok
fcc97ee87fca3ef9ce5a8bc4fea02e34975723da,seer_dial_p297822,discovery,cold,0,echo_rtt,0.718,ok
fcc97ee87fca3ef9ce5a8bc4fea02e34975723da,seer_dial_p297822,discovery,cold,0,echo_rtt,0.740,ok
fcc97ee87fca3ef9ce5a8bc4fea02e34975723da,seer_dial_p297822,discovery,cold,0,echo_rtt,0.879,ok
fcc97ee87fca3ef9ce5a8bc4fea02e34975723da,seer_dial_p297822,discovery,cold,0,echo_rtt,0.821,ok
fcc97ee87fca3ef9ce5a8bc4fea02e34975723da,seer_dial_p297822,discovery,cold,0,echo_rtt,0.765,ok
fcc97ee87fca3ef9ce5a8bc4fea02e34975723da,seer_dial_p297822,discovery,cold,0,echo_rtt,0.703,ok
fcc97ee87fca3ef9ce5a8bc4fea02e34975723da,seer_dial_p297822,discovery,cold,0,echo_rtt,0.788,ok
fcc97ee87fca3ef9ce5a8bc4fea02e34975723da,seer_dial_p297822,discovery,cold,0,echo_rtt,0.696,ok
fcc97ee87fca3ef9ce5a8bc4fea02e34975723da,seer_dial_p297822,discovery,cold,0,echo_rtt,0.715,ok
fcc97ee87fca3ef9ce5a8bc4fea02e34975723da,seer_dial_p297822,discovery,cold,0,echo_rtt,0.711,ok
fcc97ee87fca3ef9ce5a8bc4fea02e34975723da,seer_dial_p297822,discovery,cold,0,echo_rtt,0.763,ok
fcc97ee87fca3ef9ce5a8bc4fea02e34975723da,seer_dial_p297822,discovery,cold,0,echo_rtt,0.717,ok
fcc97ee87fca3ef9ce5a8bc4fea02e34975723da,seer_dial_p297822,discovery,cold,0,echo_rtt,0.693,ok
fcc97ee87fca3ef9ce5a8bc4fea02e34975723da,seer_dial_p297822,discovery,cold,0,echo_rtt,0.755,ok
fcc97ee87fca3ef9ce5a8bc4fea02e34975723da,seer_dial_p297822,discovery,cold,0,echo_rtt,0.817,ok
fcc97ee87fca3ef9ce5a8bc4fea02e34975723da,seer_dial_p297822,discovery,cold,0,echo_rtt,0.696,ok
fcc97ee87fca3ef9ce5a8bc4fea02e34975723da,seer_dial_p297822,discovery,cold,0,echo_rtt,0.695,ok
fcc97ee87fca3ef9ce5a8bc4fea02e34975723da,seer_dial_p297822,discovery,cold,0,echo_rtt,0.722,ok
fcc97ee87fca3ef9ce5a8bc4fea02e34975723da,seer_dial_p297822,discovery,cold,0,echo_rtt,0.680,ok
fcc97ee87fca3ef9ce5a8bc4fea02e34975723da,seer_dial_p297822,discovery,cold,0,echo_rtt,0.726,ok
fcc97ee87fca3ef9ce5a8bc4fea02e34975723da,seer_dial_p297822,discovery,cold,0,echo_rtt,0.777,ok
fcc97ee87fca3ef9ce5a8bc4fea02e34975723da,seer_dial_p297822,discovery,cold,0,echo_rtt,0.710,ok
fcc97ee87fca3ef9ce5a8bc4fea02e34975723da,seer_dial_p297822,discovery,cold,0,echo_rtt,0.750,ok
fcc97ee87fca3ef9ce5a8bc4fea02e34975723da,seer_dial_p297822,discovery,cold,0,echo_rtt,0.770,ok
fcc97ee87fca3ef9ce5a8bc4fea02e34975723da,seer_dial_p297822,discovery,cold,0,echo_rtt,0.715,ok
fcc97ee87fca3ef9ce5a8bc4fea02e34975723da,seer_dial_p297822,discovery,cold,0,echo_rtt,0.698,ok
fcc97ee87fca3ef9ce5a8bc4fea02e34975723da,seer_dial_p297822,discovery,cold,0,echo_rtt,0.746,ok
fcc97ee87fca3ef9ce5a8bc4fea02e34975723da,seer_dial_p297822,discovery,cold,0,echo_rtt,0.732,ok
fcc97ee87fca3ef9ce5a8bc4fea02e34975723da,seer_dial_p297822,discovery,cold,0,echo_rtt,0.758,ok
fcc97ee87fca3ef9ce5a8bc4fea02e34975723da,seer_dial_p297822,discovery,cold,0,echo_rtt,0.705,ok
fcc97ee87fca3ef9ce5a8bc4fea02e34975723da,seer_dial_p297822,discovery,cold,0,echo_rtt,1.058,ok
fcc97ee87fca3ef9ce5a8bc4fea02e34975723da,seer_dial_p297822,discovery,cold,0,echo_rtt,0.796,ok
fcc97ee87fca3ef9ce5a8bc4fea02e34975723da,seer_dial_p297822,discovery,cold,0,echo_rtt,0.697,ok
fcc97ee87fca3ef9ce5a8bc4fea02e34975723da,seer_dial_p297822,discovery,cold,0,echo_rtt,0.679,ok
fcc97ee87fca3ef9ce5a8bc4fea02e34975723da,seer_dial_p297822,discovery,cold,0,echo_rtt,0.691,ok
fcc97ee87fca3ef9ce5a8bc4fea02e34975723da,seer_dial_p297822,discovery,cold,0,echo_rtt,0.658,ok
fcc97ee87fca3ef9ce5a8bc4fea02e34975723da,seer_dial_p297822,discovery,cold,0,echo_rtt,0.747,ok
fcc97ee87fca3ef9ce5a8bc4fea02e34975723da,seer_dial_p297822,discovery,cold,0,echo_rtt,0.744,ok
fcc97ee87fca3ef9ce5a8bc4fea02e34975723da,seer_dial_p297822,discovery,cold,0,echo_rtt,0.724,ok
fcc97ee87fca3ef9ce5a8bc4fea02e34975723da,seer_dial_p297822,discovery,cold,0,echo_rtt,0.799,ok
fcc97ee87fca3ef9ce5a8bc4fea02e34975723da,seer_dial_p297822,discovery,cold,0,echo_rtt,0.748,ok
fcc97ee87fca3ef9ce5a8bc4fea02e34975723da,seer_dial_p297822,discovery,cold,0,echo_rtt,0.764,ok
fcc97ee87fca3ef9ce5a8bc4fea02e34975723da,seer_dial_p297822,discovery,cold,0,echo_rtt,0.754,ok
fcc97ee87fca3ef9ce5a8bc4fea02e34975723da,seer_dial_p297822,discovery,cold,0,echo_rtt,0.691,ok
fcc97ee87fca3ef9ce5a8bc4fea02e34975723da,seer_dial_p297822,discovery,cold,0,echo_rtt,0.752,ok
fcc97ee87fca3ef9ce5a8bc4fea02e34975723da,seer_dial_p297822,discovery,cold,0,echo_rtt,0.701,ok
fcc97ee87fca3ef9ce5a8bc4fea02e34975723da,seer_dial_p297822,discovery,cold,0,echo_rtt,0.763,ok
fcc97ee87fca3ef9ce5a8bc4fea02e34975723da,seer_dial_p297822,discovery,cold,0,echo_rtt,0.753,ok
fcc97ee87fca3ef9ce5a8bc4fea02e34975723da,seer_dial_p297822,discovery,cold,0,echo_rtt,0.759,ok
fcc97ee87fca3ef9ce5a8bc4fea02e34975723da,seer_dial_p297822,discovery,cold,0,echo_rtt,0.746,ok
fcc97ee87fca3ef9ce5a8bc4fea02e34975723da,seer_dial_p297822,discovery,cold,0,echo_rtt,0.830,ok
fcc97ee87fca3ef9ce5a8bc4fea02e34975723da,seer_dial_p297822,discovery,cold,0,echo_rtt,0.853,ok
fcc97ee87fca3ef9ce5a8bc4fea02e34975723da,seer_dial_p297822,discovery,cold,0,echo_rtt,0.766,ok
fcc97ee87fca3ef9ce5a8bc4fea02e34975723da,seer_dial_p297822,discovery,cold,0,echo_rtt,0.721,ok
fcc97ee87fca3ef9ce5a8bc4fea02e34975723da,seer_dial_p297822,discovery,cold,0,echo_rtt,0.809,ok
fcc97ee87fca3ef9ce5a8bc4fea02e34975723da,seer_dial_p297822,discovery,cold,0,echo_rtt,0.744,ok
fcc97ee87fca3ef9ce5a8bc4fea02e34975723da,seer_dial_p297822,discovery,cold,0,echo_rtt,0.812,ok
fcc97ee87fca3ef9ce5a8bc4fea02e34975723da,seer_dial_p297822,discovery,cold,0,echo_rtt,0.829,ok
fcc97ee87fca3ef9ce5a8bc4fea02e34975723da,seer_dial_p297822,discovery,cold,0,echo_rtt,0.778,ok
fcc97ee87fca3ef9ce5a8bc4fea02e34975723da,seer_dial_p297822,discovery,cold,0,echo_rtt,0.748,ok
fcc97ee87fca3ef9ce5a8bc4fea02e34975723da,seer_dial_p297822,discovery,cold,0,echo_rtt,0.945,ok
fcc97ee87fca3ef9ce5a8bc4fea02e34975723da,seer_dial_p297822,discovery,cold,0,echo_rtt,0.733,ok
fcc97ee87fca3ef9ce5a8bc4fea02e34975723da,seer_dial_p297822,discovery,cold,0,echo_rtt,0.670,ok
fcc97ee87fca3ef9ce5a8bc4fea02e34975723da,seer_dial_p297822,discovery,cold,0,echo_rtt,0.702,ok
fcc97ee87fca3ef9ce5a8bc4fea02e34975723da,seer_dial_p297822,discovery,cold,0,echo_rtt,0.675,ok
fcc97ee87fca3ef9ce5a8bc4fea02e34975723da,seer_dial_p297822,discovery,cold,0,echo_rtt,0.690,ok
fcc97ee87fca3ef9ce5a8bc4fea02e34975723da,seer_dial_p297822,discovery,cold,0,echo_rtt,0.811,ok
fcc97ee87fca3ef9ce5a8bc4fea02e34975723da,seer_dial_p297822,discovery,cold,0,echo_rtt,0.853,ok
fcc97ee87fca3ef9ce5a8bc4fea02e34975723da,seer_dial_p297822,discovery,cold,0,echo_rtt,0.743,ok
fcc97ee87fca3ef9ce5a8bc4fea02e34975723da,seer_dial_p297822,discovery,cold,0,echo_rtt,0.783,ok
fcc97ee87fca3ef9ce5a8bc4fea02e34975723da,seer_dial_p297822,discovery,cold,0,echo_rtt,0.667,ok
fcc97ee87fca3ef9ce5a8bc4fea02e34975723da,seer_dial_p297822,discovery,cold,0,echo_rtt,0.746,ok
fcc97ee87fca3ef9ce5a8bc4fea02e34975723da,seer_dial_p297822,discovery,cold,0,echo_rtt,0.685,ok
fcc97ee87fca3ef9ce5a8bc4fea02e34975723da,seer_dial_p297822,discovery,cold,0,echo_rtt,0.693,ok
fcc97ee87fca3ef9ce5a8bc4fea02e34975723da,seer_dial_p297822,discovery,cold,0,echo_rtt,0.729,ok
fcc97ee87fca3ef9ce5a8bc4fea02e34975723da,seer_dial_p297822,discovery,cold,0,echo_rtt,1.002,ok
fcc97ee87fca3ef9ce5a8bc4fea02e34975723da,seer_dial_p297822,discovery,cold,0,echo_rtt,0.744,ok
fcc97ee87fca3ef9ce5a8bc4fea02e34975723da,seer_dial_p297822,discovery,cold,0,echo_rtt,0.713,ok
fcc97ee87fca3ef9ce5a8bc4fea02e34975723da,seer_dial_p297822,discovery,cold,0,echo_rtt,0.714,ok
fcc97ee87fca3ef9ce5a8bc4fea02e34975723da,seer_dial_p297822,discovery,cold,0,echo_rtt,0.731,ok
fcc97ee87fca3ef9ce5a8bc4fea02e34975723da,seer_dial_p297822,discovery,cold,0,echo_rtt,0.950,ok
fcc97ee87fca3ef9ce5a8bc4fea02e34975723da,seer_dial_p297822,discovery,cold,0,echo_rtt,0.828,ok
fcc97ee87fca3ef9ce5a8bc4fea02e34975723da,seer_dial_p297822,discovery,cold,0,seer_dial,194.817,ok
fcc97ee87fca3ef9ce5a8bc4fea02e34975723da,seer_dial_p297822,discovery,cold,0,stream_open,91.774,ok
fcc97ee87fca3ef9ce5a8bc4fea02e34975723da,seer_dial_p297822,discovery,cold,0,echo_rtt,0.966,ok
fcc97ee87fca3ef9ce5a8bc4fea02e34975723da,seer_dial_p297822,discovery,cold,0,echo_rtt,0.897,ok
fcc97ee87fca3ef9ce5a8bc4fea02e34975723da,seer_dial_p297822,discovery,cold,0,echo_rtt,0.870,ok
fcc97ee87fca3ef9ce5a8bc4fea02e34975723da,seer_dial_p297822,discovery,cold,0,echo_rtt,0.868,ok
fcc97ee87fca3ef9ce5a8bc4fea02e34975723da,seer_dial_p297822,discovery,cold,0,echo_rtt,0.842,ok
fcc97ee87fca3ef9ce5a8bc4fea02e34975723da,seer_dial_p297822,discovery,cold,0,echo_rtt,0.821,ok
fcc97ee87fca3ef9ce5a8bc4fea02e34975723da,seer_dial_p297822,discovery,cold,0,echo_rtt,0.983,ok
fcc97ee87fca3ef9ce5a8bc4fea02e34975723da,seer_dial_p297822,discovery,cold,0,echo_rtt,0.951,ok
fcc97ee87fca3ef9ce5a8bc4fea02e34975723da,seer_dial_p297822,discovery,cold,0,echo_rtt,0.856,ok
fcc97ee87fca3ef9ce5a8bc4fea02e34975723da,seer_dial_p297822,discovery,cold,0,echo_rtt,0.844,ok
fcc97ee87fca3ef9ce5a8bc4fea02e34975723da,seer_dial_p297822,discovery,cold,0,echo_rtt,0.956,ok
fcc97ee87fca3ef9ce5a8bc4fea02e34975723da,seer_dial_p297822,discovery,cold,0,echo_rtt,0.865,ok
fcc97ee87fca3ef9ce5a8bc4fea02e34975723da,seer_dial_p297822,discovery,cold,0,echo_rtt,0.992,ok
fcc97ee87fca3ef9ce5a8bc4fea02e34975723da,seer_dial_p297822,discovery,cold,0,echo_rtt,0.937,ok
fcc97ee87fca3ef9ce5a8bc4fea02e34975723da,seer_dial_p297822,discovery,cold,0,echo_rtt,1.109,ok
fcc97ee87fca3ef9ce5a8bc4fea02e34975723da,seer_dial_p297822,discovery,cold,0,echo_rtt,0.916,ok
fcc97ee87fca3ef9ce5a8bc4fea02e34975723da,seer_dial_p297822,discovery,cold,0,echo_rtt,0.863,ok
fcc97ee87fca3ef9ce5a8bc4fea02e34975723da,seer_dial_p297822,discovery,cold,0,echo_rtt,0.875,ok
fcc97ee87fca3ef9ce5a8bc4fea02e34975723da,seer_dial_p297822,discovery,cold,0,echo_rtt,1.187,ok
fcc97ee87fca3ef9ce5a8bc4fea02e34975723da,seer_dial_p297822,discovery,cold,0,echo_rtt,1.068,ok
fcc97ee87fca3ef9ce5a8bc4fea02e34975723da,seer_dial_p297822,discovery,cold,0,echo_rtt,0.996,ok
fcc97ee87fca3ef9ce5a8bc4fea02e34975723da,seer_dial_p297822,discovery,cold,0,echo_rtt,1.055,ok
fcc97ee87fca3ef9ce5a8bc4fea02e34975723da,seer_dial_p297822,discovery,cold,0,echo_rtt,1.015,ok
fcc97ee87fca3ef9ce5a8bc4fea02e34975723da,seer_dial_p297822,discovery,cold,0,echo_rtt,1.058,ok
fcc97ee87fca3ef9ce5a8bc4fea02e34975723da,seer_dial_p297822,discovery,cold,0,echo_rtt,1.104,ok
fcc97ee87fca3ef9ce5a8bc4fea02e34975723da,seer_dial_p297822,discovery,cold,0,echo_rtt,1.229,ok
fcc97ee87fca3ef9ce5a8bc4fea02e34975723da,seer_dial_p297822,discovery,cold,0,echo_rtt,0.846,ok
fcc97ee87fca3ef9ce5a8bc4fea02e34975723da,seer_dial_p297822,discovery,cold,0,echo_rtt,0.779,ok
fcc97ee87fca3ef9ce5a8bc4fea02e34975723da,seer_dial_p297822,discovery,cold,0,echo_rtt,0.727,ok
fcc97ee87fca3ef9ce5a8bc4fea02e34975723da,seer_dial_p297822,discovery,cold,0,echo_rtt,0.721,ok
fcc97ee87fca3ef9ce5a8bc4fea02e34975723da,seer_dial_p297822,discovery,cold,0,echo_rtt,0.687,ok
fcc97ee87fca3ef9ce5a8bc4fea02e34975723da,seer_dial_p297822,discovery,cold,0,echo_rtt,0.766,ok
fcc97ee87fca3ef9ce5a8bc4fea02e34975723da,seer_dial_p297822,discovery,cold,0,echo_rtt,0.680,ok
fcc97ee87fca3ef9ce5a8bc4fea02e34975723da,seer_dial_p297822,discovery,cold,0,echo_rtt,0.685,ok
fcc97ee87fca3ef9ce5a8bc4fea02e34975723da,seer_dial_p297822,discovery,cold,0,echo_rtt,0.740,ok
fcc97ee87fca3ef9ce5a8bc4fea02e34975723da,seer_dial_p297822,discovery,cold,0,echo_rtt,0.710,ok
fcc97ee87fca3ef9ce5a8bc4fea02e34975723da,seer_dial_p297822,discovery,cold,0,echo_rtt,0.726,ok
fcc97ee87fca3ef9ce5a8bc4fea02e34975723da,seer_dial_p297822,discovery,cold,0,echo_rtt,0.674,ok
fcc97ee87fca3ef9ce5a8bc4fea02e34975723da,seer_dial_p297822,discovery,cold,0,echo_rtt,0.712,ok
fcc97ee87fca3ef9ce5a8bc4fea02e34975723da,seer_dial_p297822,discovery,cold,0,echo_rtt,0.645,ok
fcc97ee87fca3ef9ce5a8bc4fea02e34975723da,seer_dial_p297822,discovery,cold,0,echo_rtt,0.685,ok
fcc97ee87fca3ef9ce5a8bc4fea02e34975723da,seer_dial_p297822,discovery,cold,0,echo_rtt,0.727,ok
fcc97ee87fca3ef9ce5a8bc4fea02e34975723da,seer_dial_p297822,discovery,cold,0,echo_rtt,0.748,ok
fcc97ee87fca3ef9ce5a8bc4fea02e34975723da,seer_dial_p297822,discovery,cold,0,echo_rtt,0.690,ok
fcc97ee87fca3ef9ce5a8bc4fea02e34975723da,seer_dial_p297822,discovery,cold,0,echo_rtt,0.744,ok
fcc97ee87fca3ef9ce5a8bc4fea02e34975723da,seer_dial_p297822,discovery,cold,0,echo_rtt,0.702,ok
fcc97ee87fca3ef9ce5a8bc4fea02e34975723da,seer_dial_p297822,discovery,cold,0,echo_rtt,0.722,ok
fcc97ee87fca3ef9ce5a8bc4fea02e34975723da,seer_dial_p297822,discovery,cold,0,echo_rtt,0.784,ok
fcc97ee87fca3ef9ce5a8bc4fea02e34975723da,seer_dial_p297822,discovery,cold,0,echo_rtt,0.797,ok
fcc97ee87fca3ef9ce5a8bc4fea02e34975723da,seer_dial_p297822,discovery,cold,0,echo_rtt,0.749,ok
fcc97ee87fca3ef9ce5a8bc4fea02e34975723da,seer_dial_p297822,discovery,cold,0,echo_rtt,0.741,ok
fcc97ee87fca3ef9ce5a8bc4fea02e34975723da,seer_dial_p297822,discovery,cold,0,echo_rtt,0.694,ok
fcc97ee87fca3ef9ce5a8bc4fea02e34975723da,seer_dial_p297822,discovery,cold,0,echo_rtt,0.823,ok
fcc97ee87fca3ef9ce5a8bc4fea02e34975723da,seer_dial_p297822,discovery,cold,0,echo_rtt,0.786,ok
fcc97ee87fca3ef9ce5a8bc4fea02e34975723da,seer_dial_p297822,discovery,cold,0,echo_rtt,0.729,ok
fcc97ee87fca3ef9ce5a8bc4fea02e34975723da,seer_dial_p297822,discovery,cold,0,echo_rtt,0.798,ok
fcc97ee87fca3ef9ce5a8bc4fea02e34975723da,seer_dial_p297822,discovery,cold,0,echo_rtt,0.701,ok
fcc97ee87fca3ef9ce5a8bc4fea02e34975723da,seer_dial_p297822,discovery,cold,0,echo_rtt,0.753,ok
fcc97ee87fca3ef9ce5a8bc4fea02e34975723da,seer_dial_p297822,discovery,cold,0,echo_rtt,0.745,ok
fcc97ee87fca3ef9ce5a8bc4fea02e34975723da,seer_dial_p297822,discovery,cold,0,echo_rtt,0.754,ok
fcc97ee87fca3ef9ce5a8bc4fea02e34975723da,seer_dial_p297822,discovery,cold,0,echo_rtt,0.828,ok
fcc97ee87fca3ef9ce5a8bc4fea02e34975723da,seer_dial_p297822,discovery,cold,0,echo_rtt,0.843,ok
fcc97ee87fca3ef9ce5a8bc4fea02e34975723da,seer_dial_p297822,discovery,cold,0,echo_rtt,0.724,ok
fcc97ee87fca3ef9ce5a8bc4fea02e34975723da,seer_dial_p297822,discovery,cold,0,echo_rtt,0.707,ok
fcc97ee87fca3ef9ce5a8bc4fea02e34975723da,seer_dial_p297822,discovery,cold,0,echo_rtt,0.679,ok
fcc97ee87fca3ef9ce5a8bc4fea02e34975723da,seer_dial_p297822,discovery,cold,0,echo_rtt,0.692,ok
fcc97ee87fca3ef9ce5a8bc4fea02e34975723da,seer_dial_p297822,discovery,cold,0,echo_rtt,0.803,ok
fcc97ee87fca3ef9ce5a8bc4fea02e34975723da,seer_dial_p297822,discovery,cold,0,echo_rtt,0.686,ok
fcc97ee87fca3ef9ce5a8bc4fea02e34975723da,seer_dial_p297822,discovery,cold,0,echo_rtt,0.692,ok
fcc97ee87fca3ef9ce5a8bc4fea02e34975723da,seer_dial_p297822,discovery,cold,0,echo_rtt,0.759,ok
fcc97ee87fca3ef9ce5a8bc4fea02e34975723da,seer_dial_p297822,discovery,cold,0,echo_rtt,0.769,ok
fcc97ee87fca3ef9ce5a8bc4fea02e34975723da,seer_dial_p297822,discovery,cold,0,echo_rtt,0.930,ok
fcc97ee87fca3ef9ce5a8bc4fea02e34975723da,seer_dial_p297822,discovery,cold,0,echo_rtt,0.744,ok
fcc97ee87fca3ef9ce5a8bc4fea02e34975723da,seer_dial_p297822,discovery,cold,0,echo_rtt,0.769,ok
fcc97ee87fca3ef9ce5a8bc4fea02e34975723da,seer_dial_p297822,discovery,cold,0,echo_rtt,0.792,ok
fcc97ee87fca3ef9ce5a8bc4fea02e34975723da,seer_dial_p297822,discovery,cold,0,echo_rtt,0.718,ok
fcc97ee87fca3ef9ce5a8bc4fea02e34975723da,seer_dial_p297822,discovery,cold,0,echo_rtt,0.795,ok
fcc97ee87fca3ef9ce5a8bc4fea02e34975723da,seer_dial_p297822,discovery,cold,0,echo_rtt,0.731,ok
fcc97ee87fca3ef9ce5a8bc4fea02e34975723da,seer_dial_p297822,discovery,cold,0,echo_rtt,0.663,ok
fcc97ee87fca3ef9ce5a8bc4fea02e34975723da,seer_dial_p297822,discovery,cold,0,echo_rtt,0.699,ok
fcc97ee87fca3ef9ce5a8bc4fea02e34975723da,seer_dial_p297822,discovery,cold,0,echo_rtt,0.754,ok
fcc97ee87fca3ef9ce5a8bc4fea02e34975723da,seer_dial_p297822,discovery,cold,0,echo_rtt,0.718,ok
fcc97ee87fca3ef9ce5a8bc4fea02e34975723da,seer_dial_p297822,discovery,cold,0,echo_rtt,0.706,ok
fcc97ee87fca3ef9ce5a8bc4fea02e34975723da,seer_dial_p297822,discovery,cold,0,echo_rtt,0.700,ok
fcc97ee87fca3ef9ce5a8bc4fea02e34975723da,seer_dial_p297822,discovery,cold,0,echo_rtt,0.707,ok
fcc97ee87fca3ef9ce5a8bc4fea02e34975723da,seer_dial_p297822,discovery,cold,0,echo_rtt,0.673,ok
fcc97ee87fca3ef9ce5a8bc4fea02e34975723da,seer_dial_p297822,discovery,cold,0,echo_rtt,0.687,ok
fcc97ee87fca3ef9ce5a8bc4fea02e34975723da,seer_dial_p297822,discovery,cold,0,echo_rtt,0.699,ok
fcc97ee87fca3ef9ce5a8bc4fea02e34975723da,seer_dial_p297822,discovery,cold,0,echo_rtt,0.724,ok
fcc97ee87fca3ef9ce5a8bc4fea02e34975723da,seer_dial_p297822,discovery,cold,0,echo_rtt,0.771,ok
fcc97ee87fca3ef9ce5a8bc4fea02e34975723da,seer_dial_p297822,discovery,cold,0,echo_rtt,0.804,ok
fcc97ee87fca3ef9ce5a8bc4fea02e34975723da,seer_dial_p297822,discovery,cold,0,echo_rtt,0.750,ok
fcc97ee87fca3ef9ce5a8bc4fea02e34975723da,seer_dial_p297822,discovery,cold,0,echo_rtt,0.727,ok
fcc97ee87fca3ef9ce5a8bc4fea02e34975723da,seer_dial_p297822,discovery,cold,0,echo_rtt,0.703,ok
fcc97ee87fca3ef9ce5a8bc4fea02e34975723da,seer_dial_p297822,discovery,cold,0,echo_rtt,0.816,ok
fcc97ee87fca3ef9ce5a8bc4fea02e34975723da,seer_dial_p297822,discovery,cold,0,echo_rtt,0.741,ok
fcc97ee87fca3ef9ce5a8bc4fea02e34975723da,seer_dial_p297822,discovery,cold,0,echo_rtt,0.744,ok
fcc97ee87fca3ef9ce5a8bc4fea02e34975723da,seer_dial_p297822,discovery,cold,0,echo_rtt,0.743,ok
fcc97ee87fca3ef9ce5a8bc4fea02e34975723da,seer_dial_p297822,discovery,cold,0,echo_rtt,0.692,ok
fcc97ee87fca3ef9ce5a8bc4fea02e34975723da,seer_dial_p297822,discovery,cold,0,echo_rtt,0.733,ok
fcc97ee87fca3ef9ce5a8bc4fea02e34975723da,seer_dial_p297822,discovery,cold,0,seer_dial,193.467,ok
fcc97ee87fca3ef9ce5a8bc4fea02e34975723da,seer_dial_p297822,discovery,cold,0,stream_open,81.268,ok
fcc97ee87fca3ef9ce5a8bc4fea02e34975723da,seer_dial_p297822,discovery,cold,0,echo_rtt,0.935,ok
fcc97ee87fca3ef9ce5a8bc4fea02e34975723da,seer_dial_p297822,discovery,cold,0,echo_rtt,0.932,ok
fcc97ee87fca3ef9ce5a8bc4fea02e34975723da,seer_dial_p297822,discovery,cold,0,echo_rtt,0.891,ok
fcc97ee87fca3ef9ce5a8bc4fea02e34975723da,seer_dial_p297822,discovery,cold,0,echo_rtt,0.831,ok
fcc97ee87fca3ef9ce5a8bc4fea02e34975723da,seer_dial_p297822,discovery,cold,0,echo_rtt,0.751,ok
fcc97ee87fca3ef9ce5a8bc4fea02e34975723da,seer_dial_p297822,discovery,cold,0,echo_rtt,1.059,ok
fcc97ee87fca3ef9ce5a8bc4fea02e34975723da,seer_dial_p297822,discovery,cold,0,echo_rtt,0.708,ok
fcc97ee87fca3ef9ce5a8bc4fea02e34975723da,seer_dial_p297822,discovery,cold,0,echo_rtt,0.733,ok
fcc97ee87fca3ef9ce5a8bc4fea02e34975723da,seer_dial_p297822,discovery,cold,0,echo_rtt,0.732,ok
fcc97ee87fca3ef9ce5a8bc4fea02e34975723da,seer_dial_p297822,discovery,cold,0,echo_rtt,0.790,ok
fcc97ee87fca3ef9ce5a8bc4fea02e34975723da,seer_dial_p297822,discovery,cold,0,echo_rtt,0.751,ok
fcc97ee87fca3ef9ce5a8bc4fea02e34975723da,seer_dial_p297822,discovery,cold,0,echo_rtt,0.735,ok
fcc97ee87fca3ef9ce5a8bc4fea02e34975723da,seer_dial_p297822,discovery,cold,0,echo_rtt,0.694,ok
fcc97ee87fca3ef9ce5a8bc4fea02e34975723da,seer_dial_p297822,discovery,cold,0,echo_rtt,0.808,ok
fcc97ee87fca3ef9ce5a8bc4fea02e34975723da,seer_dial_p297822,discovery,cold,0,echo_rtt,0.779,ok
fcc97ee87fca3ef9ce5a8bc4fea02e34975723da,seer_dial_p297822,discovery,cold,0,echo_rtt,0.777,ok
fcc97ee87fca3ef9ce5a8bc4fea02e34975723da,seer_dial_p297822,discovery,cold,0,echo_rtt,0.832,ok
fcc97ee87fca3ef9ce5a8bc4fea02e34975723da,seer_dial_p297822,discovery,cold,0,echo_rtt,0.779,ok
fcc97ee87fca3ef9ce5a8bc4fea02e34975723da,seer_dial_p297822,discovery,cold,0,echo_rtt,0.699,ok
fcc97ee87fca3ef9ce5a8bc4fea02e34975723da,seer_dial_p297822,discovery,cold,0,echo_rtt,0.664,ok
fcc97ee87fca3ef9ce5a8bc4fea02e34975723da,seer_dial_p297822,discovery,cold,0,echo_rtt,0.712,ok
fcc97ee87fca3ef9ce5a8bc4fea02e34975723da,seer_dial_p297822,discovery,cold,0,echo_rtt,0.702,ok
fcc97ee87fca3ef9ce5a8bc4fea02e34975723da,seer_dial_p297822,discovery,cold,0,echo_rtt,0.796,ok
fcc97ee87fca3ef9ce5a8bc4fea02e34975723da,seer_dial_p297822,discovery,cold,0,echo_rtt,0.782,ok
fcc97ee87fca3ef9ce5a8bc4fea02e34975723da,seer_dial_p297822,discovery,cold,0,echo_rtt,0.898,ok
fcc97ee87fca3ef9ce5a8bc4fea02e34975723da,seer_dial_p297822,discovery,cold,0,echo_rtt,0.779,ok
fcc97ee87fca3ef9ce5a8bc4fea02e34975723da,seer_dial_p297822,discovery,cold,0,echo_rtt,0.834,ok
fcc97ee87fca3ef9ce5a8bc4fea02e34975723da,seer_dial_p297822,discovery,cold,0,echo_rtt,0.794,ok
fcc97ee87fca3ef9ce5a8bc4fea02e34975723da,seer_dial_p297822,discovery,cold,0,echo_rtt,0.722,ok
fcc97ee87fca3ef9ce5a8bc4fea02e34975723da,seer_dial_p297822,discovery,cold,0,echo_rtt,0.719,ok
fcc97ee87fca3ef9ce5a8bc4fea02e34975723da,seer_dial_p297822,discovery,cold,0,echo_rtt,0.670,ok
fcc97ee87fca3ef9ce5a8bc4fea02e34975723da,seer_dial_p297822,discovery,cold,0,echo_rtt,0.666,ok
fcc97ee87fca3ef9ce5a8bc4fea02e34975723da,seer_dial_p297822,discovery,cold,0,echo_rtt,0.783,ok
fcc97ee87fca3ef9ce5a8bc4fea02e34975723da,seer_dial_p297822,discovery,cold,0,echo_rtt,0.713,ok
fcc97ee87fca3ef9ce5a8bc4fea02e34975723da,seer_dial_p297822,discovery,cold,0,echo_rtt,0.743,ok
fcc97ee87fca3ef9ce5a8bc4fea02e34975723da,seer_dial_p297822,discovery,cold,0,echo_rtt,0.832,ok
fcc97ee87fca3ef9ce5a8bc4fea02e34975723da,seer_dial_p297822,discovery,cold,0,echo_rtt,0.775,ok
fcc97ee87fca3ef9ce5a8bc4fea02e34975723da,seer_dial_p297822,discovery,cold,0,echo_rtt,0.718,ok
fcc97ee87fca3ef9ce5a8bc4fea02e34975723da,seer_dial_p297822,discovery,cold,0,echo_rtt,0.717,ok
fcc97ee87fca3ef9ce5a8bc4fea02e34975723da,seer_dial_p297822,discovery,cold,0,echo_rtt,0.718,ok
fcc97ee87fca3ef9ce5a8bc4fea02e34975723da,seer_dial_p297822,discovery,cold,0,echo_rtt,0.796,ok
fcc97ee87fca3ef9ce5a8bc4fea02e34975723da,seer_dial_p297822,discovery,cold,0,echo_rtt,0.778,ok
fcc97ee87fca3ef9ce5a8bc4fea02e34975723da,seer_dial_p297822,discovery,cold,0,echo_rtt,0.705,ok
fcc97ee87fca3ef9ce5a8bc4fea02e34975723da,seer_dial_p297822,discovery,cold,0,echo_rtt,0.751,ok
fcc97ee87fca3ef9ce5a8bc4fea02e34975723da,seer_dial_p297822,discovery,cold,0,echo_rtt,0.662,ok
fcc97ee87fca3ef9ce5a8bc4fea02e34975723da,seer_dial_p297822,discovery,cold,0,echo_rtt,0.715,ok
fcc97ee87fca3ef9ce5a8bc4fea02e34975723da,seer_dial_p297822,discovery,cold,0,echo_rtt,1.012,ok
fcc97ee87fca3ef9ce5a8bc4fea02e34975723da,seer_dial_p297822,discovery,cold,0,echo_rtt,0.796,ok
fcc97ee87fca3ef9ce5a8bc4fea02e34975723da,seer_dial_p297822,discovery,cold,0,echo_rtt,0.757,ok
fcc97ee87fca3ef9ce5a8bc4fea02e34975723da,seer_dial_p297822,discovery,cold,0,echo_rtt,0.752,ok
fcc97ee87fca3ef9ce5a8bc4fea02e34975723da,seer_dial_p297822,discovery,cold,0,echo_rtt,0.750,ok
fcc97ee87fca3ef9ce5a8bc4fea02e34975723da,seer_dial_p297822,discovery,cold,0,echo_rtt,0.716,ok
fcc97ee87fca3ef9ce5a8bc4fea02e34975723da,seer_dial_p297822,discovery,cold,0,echo_rtt,0.689,ok
fcc97ee87fca3ef9ce5a8bc4fea02e34975723da,seer_dial_p297822,discovery,cold,0,echo_rtt,0.719,ok
fcc97ee87fca3ef9ce5a8bc4fea02e34975723da,seer_dial_p297822,discovery,cold,0,echo_rtt,0.782,ok
fcc97ee87fca3ef9ce5a8bc4fea02e34975723da,seer_dial_p297822,discovery,cold,0,echo_rtt,0.776,ok
fcc97ee87fca3ef9ce5a8bc4fea02e34975723da,seer_dial_p297822,discovery,cold,0,echo_rtt,0.704,ok
fcc97ee87fca3ef9ce5a8bc4fea02e34975723da,seer_dial_p297822,discovery,cold,0,echo_rtt,0.728,ok
fcc97ee87fca3ef9ce5a8bc4fea02e34975723da,seer_dial_p297822,discovery,cold,0,echo_rtt,0.690,ok
fcc97ee87fca3ef9ce5a8bc4fea02e34975723da,seer_dial_p297822,discovery,cold,0,echo_rtt,0.750,ok
fcc97ee87fca3ef9ce5a8bc4fea02e34975723da,seer_dial_p297822,discovery,cold,0,echo_rtt,0.742,ok
fcc97ee87fca3ef9ce5a8bc4fea02e34975723da,seer_dial_p297822,discovery,cold,0,echo_rtt,0.723,ok
fcc97ee87fca3ef9ce5a8bc4fea02e34975723da,seer_dial_p297822,discovery,cold,0,echo_rtt,0.729,ok
fcc97ee87fca3ef9ce5a8bc4fea02e34975723da,seer_dial_p297822,discovery,cold,0,echo_rtt,0.759,ok
fcc97ee87fca3ef9ce5a8bc4fea02e34975723da,seer_dial_p297822,discovery,cold,0,echo_rtt,0.776,ok
fcc97ee87fca3ef9ce5a8bc4fea02e34975723da,seer_dial_p297822,discovery,cold,0,echo_rtt,0.746,ok
fcc97ee87fca3ef9ce5a8bc4fea02e34975723da,seer_dial_p297822,discovery,cold,0,echo_rtt,0.732,ok
fcc97ee87fca3ef9ce5a8bc4fea02e34975723da,seer_dial_p297822,discovery,cold,0,echo_rtt,0.701,ok
fcc97ee87fca3ef9ce5a8bc4fea02e34975723da,seer_dial_p297822,discovery,cold,0,echo_rtt,0.725,ok
fcc97ee87fca3ef9ce5a8bc4fea02e34975723da,seer_dial_p297822,discovery,cold,0,echo_rtt,0.732,ok
fcc97ee87fca3ef9ce5a8bc4fea02e34975723da,seer_dial_p297822,discovery,cold,0,echo_rtt,0.729,ok
fcc97ee87fca3ef9ce5a8bc4fea02e34975723da,seer_dial_p297822,discovery,cold,0,echo_rtt,0.680,ok
fcc97ee87fca3ef9ce5a8bc4fea02e34975723da,seer_dial_p297822,discovery,cold,0,echo_rtt,0.705,ok
fcc97ee87fca3ef9ce5a8bc4fea02e34975723da,seer_dial_p297822,discovery,cold,0,echo_rtt,0.807,ok
fcc97ee87fca3ef9ce5a8bc4fea02e34975723da,seer_dial_p297822,discovery,cold,0,echo_rtt,0.777,ok
fcc97ee87fca3ef9ce5a8bc4fea02e34975723da,seer_dial_p297822,discovery,cold,0,echo_rtt,0.680,ok
fcc97ee87fca3ef9ce5a8bc4fea02e34975723da,seer_dial_p297822,discovery,cold,0,echo_rtt,0.697,ok
fcc97ee87fca3ef9ce5a8bc4fea02e34975723da,seer_dial_p297822,discovery,cold,0,echo_rtt,0.706,ok
fcc97ee87fca3ef9ce5a8bc4fea02e34975723da,seer_dial_p297822,discovery,cold,0,echo_rtt,0.746,ok
fcc97ee87fca3ef9ce5a8bc4fea02e34975723da,seer_dial_p297822,discovery,cold,0,echo_rtt,0.714,ok
fcc97ee87fca3ef9ce5a8bc4fea02e34975723da,seer_dial_p297822,discovery,cold,0,echo_rtt,0.708,ok
fcc97ee87fca3ef9ce5a8bc4fea02e34975723da,seer_dial_p297822,discovery,cold,0,echo_rtt,0.775,ok
fcc97ee87fca3ef9ce5a8bc4fea02e34975723da,seer_dial_p297822,discovery,cold,0,echo_rtt,0.765,ok
fcc97ee87fca3ef9ce5a8bc4fea02e34975723da,seer_dial_p297822,discovery,cold,0,echo_rtt,0.775,ok
fcc97ee87fca3ef9ce5a8bc4fea02e34975723da,seer_dial_p297822,discovery,cold,0,echo_rtt,0.705,ok
fcc97ee87fca3ef9ce5a8bc4fea02e34975723da,seer_dial_p297822,discovery,cold,0,echo_rtt,0.727,ok
fcc97ee87fca3ef9ce5a8bc4fea02e34975723da,seer_dial_p297822,discovery,cold,0,echo_rtt,0.745,ok
fcc97ee87fca3ef9ce5a8bc4fea02e34975723da,seer_dial_p297822,discovery,cold,0,echo_rtt,0.671,ok
fcc97ee87fca3ef9ce5a8bc4fea02e34975723da,seer_dial_p297822,discovery,cold,0,echo_rtt,0.782,ok
fcc97ee87fca3ef9ce5a8bc4fea02e34975723da,seer_dial_p297822,discovery,cold,0,echo_rtt,0.747,ok
fcc97ee87fca3ef9ce5a8bc4fea02e34975723da,seer_dial_p297822,discovery,cold,0,echo_rtt,0.740,ok
fcc97ee87fca3ef9ce5a8bc4fea02e34975723da,seer_dial_p297822,discovery,cold,0,echo_rtt,0.758,ok
fcc97ee87fca3ef9ce5a8bc4fea02e34975723da,seer_dial_p297822,discovery,cold,0,echo_rtt,0.771,ok
fcc97ee87fca3ef9ce5a8bc4fea02e34975723da,seer_dial_p297822,discovery,cold,0,echo_rtt,0.751,ok
fcc97ee87fca3ef9ce5a8bc4fea02e34975723da,seer_dial_p297822,discovery,cold,0,echo_rtt,0.714,ok
fcc97ee87fca3ef9ce5a8bc4fea02e34975723da,seer_dial_p297822,discovery,cold,0,echo_rtt,0.728,ok
fcc97ee87fca3ef9ce5a8bc4fea02e34975723da,seer_dial_p297822,discovery,cold,0,echo_rtt,0.742,ok
fcc97ee87fca3ef9ce5a8bc4fea02e34975723da,seer_dial_p297822,discovery,cold,0,echo_rtt,0.772,ok
fcc97ee87fca3ef9ce5a8bc4fea02e34975723da,seer_dial_p297822,discovery,cold,0,echo_rtt,0.722,ok
fcc97ee87fca3ef9ce5a8bc4fea02e34975723da,seer_dial_p297822,discovery,cold,0,echo_rtt,0.709,ok
fcc97ee87fca3ef9ce5a8bc4fea02e34975723da,seer_dial_p297822,discovery,cold,0,seer_dial,201.819,ok
fcc97ee87fca3ef9ce5a8bc4fea02e34975723da,seer_dial_p297822,discovery,cold,0,stream_open,93.650,ok
fcc97ee87fca3ef9ce5a8bc4fea02e34975723da,seer_dial_p297822,discovery,cold,0,echo_rtt,0.891,ok
fcc97ee87fca3ef9ce5a8bc4fea02e34975723da,seer_dial_p297822,discovery,cold,0,echo_rtt,0.909,ok
fcc97ee87fca3ef9ce5a8bc4fea02e34975723da,seer_dial_p297822,discovery,cold,0,echo_rtt,1.004,ok
fcc97ee87fca3ef9ce5a8bc4fea02e34975723da,seer_dial_p297822,discovery,cold,0,echo_rtt,0.822,ok
fcc97ee87fca3ef9ce5a8bc4fea02e34975723da,seer_dial_p297822,discovery,cold,0,echo_rtt,0.941,ok
fcc97ee87fca3ef9ce5a8bc4fea02e34975723da,seer_dial_p297822,discovery,cold,0,echo_rtt,0.862,ok
fcc97ee87fca3ef9ce5a8bc4fea02e34975723da,seer_dial_p297822,discovery,cold,0,echo_rtt,0.754,ok
fcc97ee87fca3ef9ce5a8bc4fea02e34975723da,seer_dial_p297822,discovery,cold,0,echo_rtt,0.823,ok
fcc97ee87fca3ef9ce5a8bc4fea02e34975723da,seer_dial_p297822,discovery,cold,0,echo_rtt,0.935,ok
fcc97ee87fca3ef9ce5a8bc4fea02e34975723da,seer_dial_p297822,discovery,cold,0,echo_rtt,1.020,ok
fcc97ee87fca3ef9ce5a8bc4fea02e34975723da,seer_dial_p297822,discovery,cold,0,echo_rtt,0.929,ok
fcc97ee87fca3ef9ce5a8bc4fea02e34975723da,seer_dial_p297822,discovery,cold,0,echo_rtt,1.032,ok
fcc97ee87fca3ef9ce5a8bc4fea02e34975723da,seer_dial_p297822,discovery,cold,0,echo_rtt,1.047,ok
fcc97ee87fca3ef9ce5a8bc4fea02e34975723da,seer_dial_p297822,discovery,cold,0,echo_rtt,0.929,ok
fcc97ee87fca3ef9ce5a8bc4fea02e34975723da,seer_dial_p297822,discovery,cold,0,echo_rtt,0.968,ok
fcc97ee87fca3ef9ce5a8bc4fea02e34975723da,seer_dial_p297822,discovery,cold,0,echo_rtt,0.980,ok
fcc97ee87fca3ef9ce5a8bc4fea02e34975723da,seer_dial_p297822,discovery,cold,0,echo_rtt,0.929,ok
fcc97ee87fca3ef9ce5a8bc4fea02e34975723da,seer_dial_p297822,discovery,cold,0,echo_rtt,0.879,ok
fcc97ee87fca3ef9ce5a8bc4fea02e34975723da,seer_dial_p297822,discovery,cold,0,echo_rtt,0.873,ok
fcc97ee87fca3ef9ce5a8bc4fea02e34975723da,seer_dial_p297822,discovery,cold,0,echo_rtt,0.984,ok
fcc97ee87fca3ef9ce5a8bc4fea02e34975723da,seer_dial_p297822,discovery,cold,0,echo_rtt,1.026,ok
fcc97ee87fca3ef9ce5a8bc4fea02e34975723da,seer_dial_p297822,discovery,cold,0,echo_rtt,0.889,ok
fcc97ee87fca3ef9ce5a8bc4fea02e34975723da,seer_dial_p297822,discovery,cold,0,echo_rtt,1.025,ok
fcc97ee87fca3ef9ce5a8bc4fea02e34975723da,seer_dial_p297822,discovery,cold,0,echo_rtt,0.946,ok
fcc97ee87fca3ef9ce5a8bc4fea02e34975723da,seer_dial_p297822,discovery,cold,0,echo_rtt,0.986,ok
fcc97ee87fca3ef9ce5a8bc4fea02e34975723da,seer_dial_p297822,discovery,cold,0,echo_rtt,0.981,ok
fcc97ee87fca3ef9ce5a8bc4fea02e34975723da,seer_dial_p297822,discovery,cold,0,echo_rtt,0.990,ok
fcc97ee87fca3ef9ce5a8bc4fea02e34975723da,seer_dial_p297822,discovery,cold,0,echo_rtt,0.765,ok
fcc97ee87fca3ef9ce5a8bc4fea02e34975723da,seer_dial_p297822,discovery,cold,0,echo_rtt,0.773,ok
fcc97ee87fca3ef9ce5a8bc4fea02e34975723da,seer_dial_p297822,discovery,cold,0,echo_rtt,0.704,ok
fcc97ee87fca3ef9ce5a8bc4fea02e34975723da,seer_dial_p297822,discovery,cold,0,echo_rtt,0.812,ok
fcc97ee87fca3ef9ce5a8bc4fea02e34975723da,seer_dial_p297822,discovery,cold,0,echo_rtt,0.738,ok
fcc97ee87fca3ef9ce5a8bc4fea02e34975723da,seer_dial_p297822,discovery,cold,0,echo_rtt,0.745,ok
fcc97ee87fca3ef9ce5a8bc4fea02e34975723da,seer_dial_p297822,discovery,cold,0,echo_rtt,0.697,ok
fcc97ee87fca3ef9ce5a8bc4fea02e34975723da,seer_dial_p297822,discovery,cold,0,echo_rtt,0.724,ok
fcc97ee87fca3ef9ce5a8bc4fea02e34975723da,seer_dial_p297822,discovery,cold,0,echo_rtt,0.748,ok
fcc97ee87fca3ef9ce5a8bc4fea02e34975723da,seer_dial_p297822,discovery,cold,0,echo_rtt,0.756,ok
fcc97ee87fca3ef9ce5a8bc4fea02e34975723da,seer_dial_p297822,discovery,cold,0,echo_rtt,0.716,ok
fcc97ee87fca3ef9ce5a8bc4fea02e34975723da,seer_dial_p297822,discovery,cold,0,echo_rtt,0.681,ok
fcc97ee87fca3ef9ce5a8bc4fea02e34975723da,seer_dial_p297822,discovery,cold,0,echo_rtt,0.700,ok
fcc97ee87fca3ef9ce5a8bc4fea02e34975723da,seer_dial_p297822,discovery,cold,0,echo_rtt,0.725,ok
fcc97ee87fca3ef9ce5a8bc4fea02e34975723da,seer_dial_p297822,discovery,cold,0,echo_rtt,0.736,ok
fcc97ee87fca3ef9ce5a8bc4fea02e34975723da,seer_dial_p297822,discovery,cold,0,echo_rtt,0.717,ok
fcc97ee87fca3ef9ce5a8bc4fea02e34975723da,seer_dial_p297822,discovery,cold,0,echo_rtt,0.717,ok
fcc97ee87fca3ef9ce5a8bc4fea02e34975723da,seer_dial_p297822,discovery,cold,0,echo_rtt,0.721,ok
fcc97ee87fca3ef9ce5a8bc4fea02e34975723da,seer_dial_p297822,discovery,cold,0,echo_rtt,0.758,ok
fcc97ee87fca3ef9ce5a8bc4fea02e34975723da,seer_dial_p297822,discovery,cold,0,echo_rtt,0.688,ok
fcc97ee87fca3ef9ce5a8bc4fea02e34975723da,seer_dial_p297822,discovery,cold,0,echo_rtt,0.714,ok
fcc97ee87fca3ef9ce5a8bc4fea02e34975723da,seer_dial_p297822,discovery,cold,0,echo_rtt,0.738,ok
fcc97ee87fca3ef9ce5a8bc4fea02e34975723da,seer_dial_p297822,discovery,cold,0,echo_rtt,0.707,ok
fcc97ee87fca3ef9ce5a8bc4fea02e34975723da,seer_dial_p297822,discovery,cold,0,echo_rtt,0.736,ok
fcc97ee87fca3ef9ce5a8bc4fea02e34975723da,seer_dial_p297822,discovery,cold,0,echo_rtt,0.750,ok
fcc97ee87fca3ef9ce5a8bc4fea02e34975723da,seer_dial_p297822,discovery,cold,0,echo_rtt,0.694,ok
fcc97ee87fca3ef9ce5a8bc4fea02e34975723da,seer_dial_p297822,discovery,cold,0,echo_rtt,0.757,ok
fcc97ee87fca3ef9ce5a8bc4fea02e34975723da,seer_dial_p297822,discovery,cold,0,echo_rtt,0.783,ok
fcc97ee87fca3ef9ce5a8bc4fea02e34975723da,seer_dial_p297822,discovery,cold,0,echo_rtt,0.755,ok
fcc97ee87fca3ef9ce5a8bc4fea02e34975723da,seer_dial_p297822,discovery,cold,0,echo_rtt,0.655,ok
fcc97ee87fca3ef9ce5a8bc4fea02e34975723da,seer_dial_p297822,discovery,cold,0,echo_rtt,0.712,ok
fcc97ee87fca3ef9ce5a8bc4fea02e34975723da,seer_dial_p297822,discovery,cold,0,echo_rtt,0.769,ok
fcc97ee87fca3ef9ce5a8bc4fea02e34975723da,seer_dial_p297822,discovery,cold,0,echo_rtt,0.710,ok
fcc97ee87fca3ef9ce5a8bc4fea02e34975723da,seer_dial_p297822,discovery,cold,0,echo_rtt,0.759,ok
fcc97ee87fca3ef9ce5a8bc4fea02e34975723da,seer_dial_p297822,discovery,cold,0,echo_rtt,0.661,ok
fcc97ee87fca3ef9ce5a8bc4fea02e34975723da,seer_dial_p297822,discovery,cold,0,echo_rtt,0.696,ok
fcc97ee87fca3ef9ce5a8bc4fea02e34975723da,seer_dial_p297822,discovery,cold,0,echo_rtt,0.655,ok
fcc97ee87fca3ef9ce5a8bc4fea02e34975723da,seer_dial_p297822,discovery,cold,0,echo_rtt,0.723,ok
fcc97ee87fca3ef9ce5a8bc4fea02e34975723da,seer_dial_p297822,discovery,cold,0,echo_rtt,0.716,ok
fcc97ee87fca3ef9ce5a8bc4fea02e34975723da,seer_dial_p297822,discovery,cold,0,echo_rtt,0.710,ok
fcc97ee87fca3ef9ce5a8bc4fea02e34975723da,seer_dial_p297822,discovery,cold,0,echo_rtt,0.716,ok
fcc97ee87fca3ef9ce5a8bc4fea02e34975723da,seer_dial_p297822,discovery,cold,0,echo_rtt,0.693,ok
fcc97ee87fca3ef9ce5a8bc4fea02e34975723da,seer_dial_p297822,discovery,cold,0,echo_rtt,0.707,ok
fcc97ee87fca3ef9ce5a8bc4fea02e34975723da,seer_dial_p297822,discovery,cold,0,echo_rtt,0.695,ok
fcc97ee87fca3ef9ce5a8bc4fea02e34975723da,seer_dial_p297822,discovery,cold,0,echo_rtt,0.738,ok
fcc97ee87fca3ef9ce5a8bc4fea02e34975723da,seer_dial_p297822,discovery,cold,0,echo_rtt,0.733,ok
fcc97ee87fca3ef9ce5a8bc4fea02e34975723da,seer_dial_p297822,discovery,cold,0,echo_rtt,0.724,ok
fcc97ee87fca3ef9ce5a8bc4fea02e34975723da,seer_dial_p297822,discovery,cold,0,echo_rtt,0.783,ok
fcc97ee87fca3ef9ce5a8bc4fea02e34975723da,seer_dial_p297822,discovery,cold,0,echo_rtt,0.740,ok
fcc97ee87fca3ef9ce5a8bc4fea02e34975723da,seer_dial_p297822,discovery,cold,0,echo_rtt,0.771,ok
fcc97ee87fca3ef9ce5a8bc4fea02e34975723da,seer_dial_p297822,discovery,cold,0,echo_rtt,0.701,ok
fcc97ee87fca3ef9ce5a8bc4fea02e34975723da,seer_dial_p297822,discovery,cold,0,echo_rtt,0.733,ok
fcc97ee87fca3ef9ce5a8bc4fea02e34975723da,seer_dial_p297822,discovery,cold,0,echo_rtt,0.740,ok
fcc97ee87fca3ef9ce5a8bc4fea02e34975723da,seer_dial_p297822,discovery,cold,0,echo_rtt,0.657,ok
fcc97ee87fca3ef9ce5a8bc4fea02e34975723da,seer_dial_p297822,discovery,cold,0,echo_rtt,0.703,ok
fcc97ee87fca3ef9ce5a8bc4fea02e34975723da,seer_dial_p297822,discovery,cold,0,echo_rtt,0.679,ok
fcc97ee87fca3ef9ce5a8bc4fea02e34975723da,seer_dial_p297822,discovery,cold,0,echo_rtt,0.698,ok
fcc97ee87fca3ef9ce5a8bc4fea02e34975723da,seer_dial_p297822,discovery,cold,0,echo_rtt,0.742,ok
fcc97ee87fca3ef9ce5a8bc4fea02e34975723da,seer_dial_p297822,discovery,cold,0,echo_rtt,0.685,ok
fcc97ee87fca3ef9ce5a8bc4fea02e34975723da,seer_dial_p297822,discovery,cold,0,echo_rtt,0.767,ok
fcc97ee87fca3ef9ce5a8bc4fea02e34975723da,seer_dial_p297822,discovery,cold,0,echo_rtt,0.653,ok
fcc97ee87fca3ef9ce5a8bc4fea02e34975723da,seer_dial_p297822,discovery,cold,0,echo_rtt,0.703,ok
fcc97ee87fca3ef9ce5a8bc4fea02e34975723da,seer_dial_p297822,discovery,cold,0,echo_rtt,0.700,ok
fcc97ee87fca3ef9ce5a8bc4fea02e34975723da,seer_dial_p297822,discovery,cold,0,echo_rtt,0.656,ok
fcc97ee87fca3ef9ce5a8bc4fea02e34975723da,seer_dial_p297822,discovery,cold,0,echo_rtt,0.699,ok
fcc97ee87fca3ef9ce5a8bc4fea02e34975723da,seer_dial_p297822,discovery,cold,0,echo_rtt,0.796,ok
fcc97ee87fca3ef9ce5a8bc4fea02e34975723da,seer_dial_p297822,discovery,cold,0,echo_rtt,0.833,ok
fcc97ee87fca3ef9ce5a8bc4fea02e34975723da,seer_dial_p297822,discovery,cold,0,echo_rtt,0.651,ok
fcc97ee87fca3ef9ce5a8bc4fea02e34975723da,seer_dial_p297822,discovery,cold,0,echo_rtt,0.691,ok
fcc97ee87fca3ef9ce5a8bc4fea02e34975723da,seer_dial_p297822,discovery,cold,0,echo_rtt,0.667,ok
fcc97ee87fca3ef9ce5a8bc4fea02e34975723da,seer_dial_p297822,discovery,cold,0,echo_rtt,0.706,ok
fcc97ee87fca3ef9ce5a8bc4fea02e34975723da,seer_dial_p297822,discovery,cold,0,echo_rtt,0.825,ok
fcc97ee87fca3ef9ce5a8bc4fea02e34975723da,seer_dial_p297822,discovery,cold,0,echo_rtt,0.689,ok
fcc97ee87fca3ef9ce5a8bc4fea02e34975723da,seer_dial_p297822,discovery,cold,0,seer_dial,202.389,ok
fcc97ee87fca3ef9ce5a8bc4fea02e34975723da,seer_dial_p297822,discovery,cold,0,stream_open,94.460,ok
fcc97ee87fca3ef9ce5a8bc4fea02e34975723da,seer_dial_p297822,discovery,cold,0,echo_rtt,0.964,ok
fcc97ee87fca3ef9ce5a8bc4fea02e34975723da,seer_dial_p297822,discovery,cold,0,echo_rtt,0.849,ok
fcc97ee87fca3ef9ce5a8bc4fea02e34975723da,seer_dial_p297822,discovery,cold,0,echo_rtt,0.782,ok
fcc97ee87fca3ef9ce5a8bc4fea02e34975723da,seer_dial_p297822,discovery,cold,0,echo_rtt,0.931,ok
fcc97ee87fca3ef9ce5a8bc4fea02e34975723da,seer_dial_p297822,discovery,cold,0,echo_rtt,0.968,ok
fcc97ee87fca3ef9ce5a8bc4fea02e34975723da,seer_dial_p297822,discovery,cold,0,echo_rtt,0.832,ok
fcc97ee87fca3ef9ce5a8bc4fea02e34975723da,seer_dial_p297822,discovery,cold,0,echo_rtt,0.837,ok
fcc97ee87fca3ef9ce5a8bc4fea02e34975723da,seer_dial_p297822,discovery,cold,0,echo_rtt,0.997,ok
fcc97ee87fca3ef9ce5a8bc4fea02e34975723da,seer_dial_p297822,discovery,cold,0,echo_rtt,0.924,ok
fcc97ee87fca3ef9ce5a8bc4fea02e34975723da,seer_dial_p297822,discovery,cold,0,echo_rtt,0.905,ok
fcc97ee87fca3ef9ce5a8bc4fea02e34975723da,seer_dial_p297822,discovery,cold,0,echo_rtt,0.918,ok
fcc97ee87fca3ef9ce5a8bc4fea02e34975723da,seer_dial_p297822,discovery,cold,0,echo_rtt,0.906,ok
fcc97ee87fca3ef9ce5a8bc4fea02e34975723da,seer_dial_p297822,discovery,cold,0,echo_rtt,0.902,ok
fcc97ee87fca3ef9ce5a8bc4fea02e34975723da,seer_dial_p297822,discovery,cold,0,echo_rtt,0.884,ok
fcc97ee87fca3ef9ce5a8bc4fea02e34975723da,seer_dial_p297822,discovery,cold,0,echo_rtt,1.012,ok
fcc97ee87fca3ef9ce5a8bc4fea02e34975723da,seer_dial_p297822,discovery,cold,0,echo_rtt,0.950,ok
fcc97ee87fca3ef9ce5a8bc4fea02e34975723da,seer_dial_p297822,discovery,cold,0,echo_rtt,0.886,ok
fcc97ee87fca3ef9ce5a8bc4fea02e34975723da,seer_dial_p297822,discovery,cold,0,echo_rtt,0.904,ok
fcc97ee87fca3ef9ce5a8bc4fea02e34975723da,seer_dial_p297822,discovery,cold,0,echo_rtt,0.920,ok
fcc97ee87fca3ef9ce5a8bc4fea02e34975723da,seer_dial_p297822,discovery,cold,0,echo_rtt,0.904,ok
fcc97ee87fca3ef9ce5a8bc4fea02e34975723da,seer_dial_p297822,discovery,cold,0,echo_rtt,0.969,ok
fcc97ee87fca3ef9ce5a8bc4fea02e34975723da,seer_dial_p297822,discovery,cold,0,echo_rtt,1.196,ok
fcc97ee87fca3ef9ce5a8bc4fea02e34975723da,seer_dial_p297822,discovery,cold,0,echo_rtt,0.980,ok
fcc97ee87fca3ef9ce5a8bc4fea02e34975723da,seer_dial_p297822,discovery,cold,0,echo_rtt,0.894,ok
fcc97ee87fca3ef9ce5a8bc4fea02e34975723da,seer_dial_p297822,discovery,cold,0,echo_rtt,0.973,ok
fcc97ee87fca3ef9ce5a8bc4fea02e34975723da,seer_dial_p297822,discovery,cold,0,echo_rtt,1.044,ok
fcc97ee87fca3ef9ce5a8bc4fea02e34975723da,seer_dial_p297822,discovery,cold,0,echo_rtt,0.874,ok
fcc97ee87fca3ef9ce5a8bc4fea02e34975723da,seer_dial_p297822,discovery,cold,0,echo_rtt,0.681,ok
fcc97ee87fca3ef9ce5a8bc4fea02e34975723da,seer_dial_p297822,discovery,cold,0,echo_rtt,0.827,ok
fcc97ee87fca3ef9ce5a8bc4fea02e34975723da,seer_dial_p297822,discovery,cold,0,echo_rtt,1.039,ok
fcc97ee87fca3ef9ce5a8bc4fea02e34975723da,seer_dial_p297822,discovery,cold,0,echo_rtt,0.840,ok
fcc97ee87fca3ef9ce5a8bc4fea02e34975723da,seer_dial_p297822,discovery,cold,0,echo_rtt,0.745,ok
fcc97ee87fca3ef9ce5a8bc4fea02e34975723da,seer_dial_p297822,discovery,cold,0,echo_rtt,0.726,ok
fcc97ee87fca3ef9ce5a8bc4fea02e34975723da,seer_dial_p297822,discovery,cold,0,echo_rtt,0.812,ok
fcc97ee87fca3ef9ce5a8bc4fea02e34975723da,seer_dial_p297822,discovery,cold,0,echo_rtt,0.782,ok
fcc97ee87fca3ef9ce5a8bc4fea02e34975723da,seer_dial_p297822,discovery,cold,0,echo_rtt,0.704,ok
fcc97ee87fca3ef9ce5a8bc4fea02e34975723da,seer_dial_p297822,discovery,cold,0,echo_rtt,0.724,ok
fcc97ee87fca3ef9ce5a8bc4fea02e34975723da,seer_dial_p297822,discovery,cold,0,echo_rtt,0.733,ok
fcc97ee87fca3ef9ce5a8bc4fea02e34975723da,seer_dial_p297822,discovery,cold,0,echo_rtt,0.898,ok
fcc97ee87fca3ef9ce5a8bc4fea02e34975723da,seer_dial_p297822,discovery,cold,0,echo_rtt,0.766,ok
fcc97ee87fca3ef9ce5a8bc4fea02e34975723da,seer_dial_p297822,discovery,cold,0,echo_rtt,0.707,ok
fcc97ee87fca3ef9ce5a8bc4fea02e34975723da,seer_dial_p297822,discovery,cold,0,echo_rtt,0.685,ok
fcc97ee87fca3ef9ce5a8bc4fea02e34975723da,seer_dial_p297822,discovery,cold,0,echo_rtt,0.755,ok
fcc97ee87fca3ef9ce5a8bc4fea02e34975723da,seer_dial_p297822,discovery,cold,0,echo_rtt,0.676,ok
fcc97ee87fca3ef9ce5a8bc4fea02e34975723da,seer_dial_p297822,discovery,cold,0,echo_rtt,0.635,ok
fcc97ee87fca3ef9ce5a8bc4fea02e34975723da,seer_dial_p297822,discovery,cold,0,echo_rtt,0.753,ok
fcc97ee87fca3ef9ce5a8bc4fea02e34975723da,seer_dial_p297822,discovery,cold,0,echo_rtt,0.711,ok
fcc97ee87fca3ef9ce5a8bc4fea02e34975723da,seer_dial_p297822,discovery,cold,0,echo_rtt,0.697,ok
fcc97ee87fca3ef9ce5a8bc4fea02e34975723da,seer_dial_p297822,discovery,cold,0,echo_rtt,0.736,ok
fcc97ee87fca3ef9ce5a8bc4fea02e34975723da,seer_dial_p297822,discovery,cold,0,echo_rtt,0.709,ok
fcc97ee87fca3ef9ce5a8bc4fea02e34975723da,seer_dial_p297822,discovery,cold,0,echo_rtt,0.717,ok
fcc97ee87fca3ef9ce5a8bc4fea02e34975723da,seer_dial_p297822,discovery,cold,0,echo_rtt,0.640,ok
fcc97ee87fca3ef9ce5a8bc4fea02e34975723da,seer_dial_p297822,discovery,cold,0,echo_rtt,0.822,ok
fcc97ee87fca3ef9ce5a8bc4fea02e34975723da,seer_dial_p297822,discovery,cold,0,echo_rtt,0.723,ok
fcc97ee87fca3ef9ce5a8bc4fea02e34975723da,seer_dial_p297822,discovery,cold,0,echo_rtt,0.689,ok
fcc97ee87fca3ef9ce5a8bc4fea02e34975723da,seer_dial_p297822,discovery,cold,0,echo_rtt,0.697,ok
fcc97ee87fca3ef9ce5a8bc4fea02e34975723da,seer_dial_p297822,discovery,cold,0,echo_rtt,0.714,ok
fcc97ee87fca3ef9ce5a8bc4fea02e34975723da,seer_dial_p297822,discovery,cold,0,echo_rtt,0.713,ok
fcc97ee87fca3ef9ce5a8bc4fea02e34975723da,seer_dial_p297822,discovery,cold,0,echo_rtt,0.743,ok
fcc97ee87fca3ef9ce5a8bc4fea02e34975723da,seer_dial_p297822,discovery,cold,0,echo_rtt,0.777,ok
fcc97ee87fca3ef9ce5a8bc4fea02e34975723da,seer_dial_p297822,discovery,cold,0,echo_rtt,0.723,ok
fcc97ee87fca3ef9ce5a8bc4fea02e34975723da,seer_dial_p297822,discovery,cold,0,echo_rtt,0.684,ok
fcc97ee87fca3ef9ce5a8bc4fea02e34975723da,seer_dial_p297822,discovery,cold,0,echo_rtt,0.719,ok
fcc97ee87fca3ef9ce5a8bc4fea02e34975723da,seer_dial_p297822,discovery,cold,0,echo_rtt,0.761,ok
fcc97ee87fca3ef9ce5a8bc4fea02e34975723da,seer_dial_p297822,discovery,cold,0,echo_rtt,0.789,ok
fcc97ee87fca3ef9ce5a8bc4fea02e34975723da,seer_dial_p297822,discovery,cold,0,echo_rtt,0.714,ok
fcc97ee87fca3ef9ce5a8bc4fea02e34975723da,seer_dial_p297822,discovery,cold,0,echo_rtt,0.702,ok
fcc97ee87fca3ef9ce5a8bc4fea02e34975723da,seer_dial_p297822,discovery,cold,0,echo_rtt,0.766,ok
fcc97ee87fca3ef9ce5a8bc4fea02e34975723da,seer_dial_p297822,discovery,cold,0,echo_rtt,0.717,ok
fcc97ee87fca3ef9ce5a8bc4fea02e34975723da,seer_dial_p297822,discovery,cold,0,echo_rtt,0.696,ok
fcc97ee87fca3ef9ce5a8bc4fea02e34975723da,seer_dial_p297822,discovery,cold,0,echo_rtt,0.720,ok
fcc97ee87fca3ef9ce5a8bc4fea02e34975723da,seer_dial_p297822,discovery,cold,0,echo_rtt,0.720,ok
fcc97ee87fca3ef9ce5a8bc4fea02e34975723da,seer_dial_p297822,discovery,cold,0,echo_rtt,0.669,ok
fcc97ee87fca3ef9ce5a8bc4fea02e34975723da,seer_dial_p297822,discovery,cold,0,echo_rtt,0.680,ok
fcc97ee87fca3ef9ce5a8bc4fea02e34975723da,seer_dial_p297822,discovery,cold,0,echo_rtt,0.736,ok
fcc97ee87fca3ef9ce5a8bc4fea02e34975723da,seer_dial_p297822,discovery,cold,0,echo_rtt,0.689,ok
fcc97ee87fca3ef9ce5a8bc4fea02e34975723da,seer_dial_p297822,discovery,cold,0,echo_rtt,0.801,ok
fcc97ee87fca3ef9ce5a8bc4fea02e34975723da,seer_dial_p297822,discovery,cold,0,echo_rtt,0.836,ok
fcc97ee87fca3ef9ce5a8bc4fea02e34975723da,seer_dial_p297822,discovery,cold,0,echo_rtt,0.784,ok
fcc97ee87fca3ef9ce5a8bc4fea02e34975723da,seer_dial_p297822,discovery,cold,0,echo_rtt,0.719,ok
fcc97ee87fca3ef9ce5a8bc4fea02e34975723da,seer_dial_p297822,discovery,cold,0,echo_rtt,0.715,ok
fcc97ee87fca3ef9ce5a8bc4fea02e34975723da,seer_dial_p297822,discovery,cold,0,echo_rtt,0.760,ok
fcc97ee87fca3ef9ce5a8bc4fea02e34975723da,seer_dial_p297822,discovery,cold,0,echo_rtt,0.746,ok
fcc97ee87fca3ef9ce5a8bc4fea02e34975723da,seer_dial_p297822,discovery,cold,0,echo_rtt,0.804,ok
fcc97ee87fca3ef9ce5a8bc4fea02e34975723da,seer_dial_p297822,discovery,cold,0,echo_rtt,0.745,ok
fcc97ee87fca3ef9ce5a8bc4fea02e34975723da,seer_dial_p297822,discovery,cold,0,echo_rtt,0.753,ok
fcc97ee87fca3ef9ce5a8bc4fea02e34975723da,seer_dial_p297822,discovery,cold,0,echo_rtt,0.676,ok
fcc97ee87fca3ef9ce5a8bc4fea02e34975723da,seer_dial_p297822,discovery,cold,0,echo_rtt,0.723,ok
fcc97ee87fca3ef9ce5a8bc4fea02e34975723da,seer_dial_p297822,discovery,cold,0,echo_rtt,0.655,ok
fcc97ee87fca3ef9ce5a8bc4fea02e34975723da,seer_dial_p297822,discovery,cold,0,echo_rtt,0.712,ok
fcc97ee87fca3ef9ce5a8bc4fea02e34975723da,seer_dial_p297822,discovery,cold,0,echo_rtt,0.804,ok
fcc97ee87fca3ef9ce5a8bc4fea02e34975723da,seer_dial_p297822,discovery,cold,0,echo_rtt,0.720,ok
fcc97ee87fca3ef9ce5a8bc4fea02e34975723da,seer_dial_p297822,discovery,cold,0,echo_rtt,0.667,ok
fcc97ee87fca3ef9ce5a8bc4fea02e34975723da,seer_dial_p297822,discovery,cold,0,echo_rtt,0.714,ok
fcc97ee87fca3ef9ce5a8bc4fea02e34975723da,seer_dial_p297822,discovery,cold,0,echo_rtt,0.788,ok
fcc97ee87fca3ef9ce5a8bc4fea02e34975723da,seer_dial_p297822,discovery,cold,0,echo_rtt,0.797,ok
fcc97ee87fca3ef9ce5a8bc4fea02e34975723da,seer_dial_p297822,discovery,cold,0,echo_rtt,0.754,ok
fcc97ee87fca3ef9ce5a8bc4fea02e34975723da,seer_dial_p297822,discovery,cold,0,echo_rtt,0.659,ok
fcc97ee87fca3ef9ce5a8bc4fea02e34975723da,seer_dial_p297822,discovery,cold,0,echo_rtt,0.741,ok
fcc97ee87fca3ef9ce5a8bc4fea02e34975723da,seer_dial_p297822,discovery,cold,0,echo_rtt,0.712,ok
fcc97ee87fca3ef9ce5a8bc4fea02e34975723da,seer_dial_p297822,discovery,cold,0,seer_dial,192.693,ok
fcc97ee87fca3ef9ce5a8bc4fea02e34975723da,seer_dial_p297822,discovery,cold,0,stream_open,80.895,ok
fcc97ee87fca3ef9ce5a8bc4fea02e34975723da,seer_dial_p297822,discovery,cold,0,echo_rtt,1.029,ok
fcc97ee87fca3ef9ce5a8bc4fea02e34975723da,seer_dial_p297822,discovery,cold,0,echo_rtt,0.791,ok
fcc97ee87fca3ef9ce5a8bc4fea02e34975723da,seer_dial_p297822,discovery,cold,0,echo_rtt,0.917,ok
fcc97ee87fca3ef9ce5a8bc4fea02e34975723da,seer_dial_p297822,discovery,cold,0,echo_rtt,0.894,ok
fcc97ee87fca3ef9ce5a8bc4fea02e34975723da,seer_dial_p297822,discovery,cold,0,echo_rtt,0.784,ok
fcc97ee87fca3ef9ce5a8bc4fea02e34975723da,seer_dial_p297822,discovery,cold,0,echo_rtt,1.047,ok
fcc97ee87fca3ef9ce5a8bc4fea02e34975723da,seer_dial_p297822,discovery,cold,0,echo_rtt,0.783,ok
fcc97ee87fca3ef9ce5a8bc4fea02e34975723da,seer_dial_p297822,discovery,cold,0,echo_rtt,0.899,ok
fcc97ee87fca3ef9ce5a8bc4fea02e34975723da,seer_dial_p297822,discovery,cold,0,echo_rtt,0.949,ok
fcc97ee87fca3ef9ce5a8bc4fea02e34975723da,seer_dial_p297822,discovery,cold,0,echo_rtt,0.799,ok
fcc97ee87fca3ef9ce5a8bc4fea02e34975723da,seer_dial_p297822,discovery,cold,0,echo_rtt,0.884,ok
fcc97ee87fca3ef9ce5a8bc4fea02e34975723da,seer_dial_p297822,discovery,cold,0,echo_rtt,0.802,ok
fcc97ee87fca3ef9ce5a8bc4fea02e34975723da,seer_dial_p297822,discovery,cold,0,echo_rtt,0.712,ok
fcc97ee87fca3ef9ce5a8bc4fea02e34975723da,seer_dial_p297822,discovery,cold,0,echo_rtt,0.792,ok
fcc97ee87fca3ef9ce5a8bc4fea02e34975723da,seer_dial_p297822,discovery,cold,0,echo_rtt,0.748,ok
fcc97ee87fca3ef9ce5a8bc4fea02e34975723da,seer_dial_p297822,discovery,cold,0,echo_rtt,0.786,ok
fcc97ee87fca3ef9ce5a8bc4fea02e34975723da,seer_dial_p297822,discovery,cold,0,echo_rtt,0.694,ok
fcc97ee87fca3ef9ce5a8bc4fea02e34975723da,seer_dial_p297822,discovery,cold,0,echo_rtt,0.685,ok
fcc97ee87fca3ef9ce5a8bc4fea02e34975723da,seer_dial_p297822,discovery,cold,0,echo_rtt,0.678,ok
fcc97ee87fca3ef9ce5a8bc4fea02e34975723da,seer_dial_p297822,discovery,cold,0,echo_rtt,0.731,ok
fcc97ee87fca3ef9ce5a8bc4fea02e34975723da,seer_dial_p297822,discovery,cold,0,echo_rtt,0.812,ok
fcc97ee87fca3ef9ce5a8bc4fea02e34975723da,seer_dial_p297822,discovery,cold,0,echo_rtt,0.747,ok
fcc97ee87fca3ef9ce5a8bc4fea02e34975723da,seer_dial_p297822,discovery,cold,0,echo_rtt,0.750,ok
fcc97ee87fca3ef9ce5a8bc4fea02e34975723da,seer_dial_p297822,discovery,cold,0,echo_rtt,0.719,ok
fcc97ee87fca3ef9ce5a8bc4fea02e34975723da,seer_dial_p297822,discovery,cold,0,echo_rtt,0.699,ok
fcc97ee87fca3ef9ce5a8bc4fea02e34975723da,seer_dial_p297822,discovery,cold,0,echo_rtt,0.710,ok
fcc97ee87fca3ef9ce5a8bc4fea02e34975723da,seer_dial_p297822,discovery,cold,0,echo_rtt,0.710,ok
fcc97ee87fca3ef9ce5a8bc4fea02e34975723da,seer_dial_p297822,discovery,cold,0,echo_rtt,0.670,ok
fcc97ee87fca3ef9ce5a8bc4fea02e34975723da,seer_dial_p297822,discovery,cold,0,echo_rtt,0.753,ok
fcc97ee87fca3ef9ce5a8bc4fea02e34975723da,seer_dial_p297822,discovery,cold,0,echo_rtt,0.765,ok
fcc97ee87fca3ef9ce5a8bc4fea02e34975723da,seer_dial_p297822,discovery,cold,0,echo_rtt,0.733,ok
fcc97ee87fca3ef9ce5a8bc4fea02e34975723da,seer_dial_p297822,discovery,cold,0,echo_rtt,0.768,ok
fcc97ee87fca3ef9ce5a8bc4fea02e34975723da,seer_dial_p297822,discovery,cold,0,echo_rtt,0.703,ok
fcc97ee87fca3ef9ce5a8bc4fea02e34975723da,seer_dial_p297822,discovery,cold,0,echo_rtt,0.695,ok
fcc97ee87fca3ef9ce5a8bc4fea02e34975723da,seer_dial_p297822,discovery,cold,0,echo_rtt,0.780,ok
fcc97ee87fca3ef9ce5a8bc4fea02e34975723da,seer_dial_p297822,discovery,cold,0,echo_rtt,0.875,ok
fcc97ee87fca3ef9ce5a8bc4fea02e34975723da,seer_dial_p297822,discovery,cold,0,echo_rtt,0.750,ok
fcc97ee87fca3ef9ce5a8bc4fea02e34975723da,seer_dial_p297822,discovery,cold,0,echo_rtt,0.785,ok
fcc97ee87fca3ef9ce5a8bc4fea02e34975723da,seer_dial_p297822,discovery,cold,0,echo_rtt,0.911,ok
fcc97ee87fca3ef9ce5a8bc4fea02e34975723da,seer_dial_p297822,discovery,cold,0,echo_rtt,0.780,ok
fcc97ee87fca3ef9ce5a8bc4fea02e34975723da,seer_dial_p297822,discovery,cold,0,echo_rtt,0.681,ok
fcc97ee87fca3ef9ce5a8bc4fea02e34975723da,seer_dial_p297822,discovery,cold,0,echo_rtt,0.737,ok
fcc97ee87fca3ef9ce5a8bc4fea02e34975723da,seer_dial_p297822,discovery,cold,0,echo_rtt,0.698,ok
fcc97ee87fca3ef9ce5a8bc4fea02e34975723da,seer_dial_p297822,discovery,cold,0,echo_rtt,0.690,ok
fcc97ee87fca3ef9ce5a8bc4fea02e34975723da,seer_dial_p297822,discovery,cold,0,echo_rtt,0.729,ok
fcc97ee87fca3ef9ce5a8bc4fea02e34975723da,seer_dial_p297822,discovery,cold,0,echo_rtt,0.819,ok
fcc97ee87fca3ef9ce5a8bc4fea02e34975723da,seer_dial_p297822,discovery,cold,0,echo_rtt,0.912,ok
fcc97ee87fca3ef9ce5a8bc4fea02e34975723da,seer_dial_p297822,discovery,cold,0,echo_rtt,0.741,ok
fcc97ee87fca3ef9ce5a8bc4fea02e34975723da,seer_dial_p297822,discovery,cold,0,echo_rtt,0.763,ok
fcc97ee87fca3ef9ce5a8bc4fea02e34975723da,seer_dial_p297822,discovery,cold,0,echo_rtt,0.710,ok
fcc97ee87fca3ef9ce5a8bc4fea02e34975723da,seer_dial_p297822,discovery,cold,0,echo_rtt,0.696,ok
fcc97ee87fca3ef9ce5a8bc4fea02e34975723da,seer_dial_p297822,discovery,cold,0,echo_rtt,0.679,ok
fcc97ee87fca3ef9ce5a8bc4fea02e34975723da,seer_dial_p297822,discovery,cold,0,echo_rtt,0.928,ok
fcc97ee87fca3ef9ce5a8bc4fea02e34975723da,seer_dial_p297822,discovery,cold,0,echo_rtt,0.670,ok
fcc97ee87fca3ef9ce5a8bc4fea02e34975723da,seer_dial_p297822,discovery,cold,0,echo_rtt,0.686,ok
fcc97ee87fca3ef9ce5a8bc4fea02e34975723da,seer_dial_p297822,discovery,cold,0,echo_rtt,0.764,ok
fcc97ee87fca3ef9ce5a8bc4fea02e34975723da,seer_dial_p297822,discovery,cold,0,echo_rtt,0.799,ok
fcc97ee87fca3ef9ce5a8bc4fea02e34975723da,seer_dial_p297822,discovery,cold,0,echo_rtt,0.700,ok
fcc97ee87fca3ef9ce5a8bc4fea02e34975723da,seer_dial_p297822,discovery,cold,0,echo_rtt,0.668,ok
fcc97ee87fca3ef9ce5a8bc4fea02e34975723da,seer_dial_p297822,discovery,cold,0,echo_rtt,0.681,ok
fcc97ee87fca3ef9ce5a8bc4fea02e34975723da,seer_dial_p297822,discovery,cold,0,echo_rtt,0.679,ok
fcc97ee87fca3ef9ce5a8bc4fea02e34975723da,seer_dial_p297822,discovery,cold,0,echo_rtt,0.692,ok
fcc97ee87fca3ef9ce5a8bc4fea02e34975723da,seer_dial_p297822,discovery,cold,0,echo_rtt,0.808,ok
fcc97ee87fca3ef9ce5a8bc4fea02e34975723da,seer_dial_p297822,discovery,cold,0,echo_rtt,0.743,ok
fcc97ee87fca3ef9ce5a8bc4fea02e34975723da,seer_dial_p297822,discovery,cold,0,echo_rtt,0.692,ok
fcc97ee87fca3ef9ce5a8bc4fea02e34975723da,seer_dial_p297822,discovery,cold,0,echo_rtt,0.776,ok
fcc97ee87fca3ef9ce5a8bc4fea02e34975723da,seer_dial_p297822,discovery,cold,0,echo_rtt,0.698,ok
fcc97ee87fca3ef9ce5a8bc4fea02e34975723da,seer_dial_p297822,discovery,cold,0,echo_rtt,0.833,ok
fcc97ee87fca3ef9ce5a8bc4fea02e34975723da,seer_dial_p297822,discovery,cold,0,echo_rtt,0.720,ok
fcc97ee87fca3ef9ce5a8bc4fea02e34975723da,seer_dial_p297822,discovery,cold,0,echo_rtt,0.755,ok
fcc97ee87fca3ef9ce5a8bc4fea02e34975723da,seer_dial_p297822,discovery,cold,0,echo_rtt,0.671,ok
fcc97ee87fca3ef9ce5a8bc4fea02e34975723da,seer_dial_p297822,discovery,cold,0,echo_rtt,0.709,ok
fcc97ee87fca3ef9ce5a8bc4fea02e34975723da,seer_dial_p297822,discovery,cold,0,echo_rtt,0.721,ok
fcc97ee87fca3ef9ce5a8bc4fea02e34975723da,seer_dial_p297822,discovery,cold,0,echo_rtt,0.674,ok
fcc97ee87fca3ef9ce5a8bc4fea02e34975723da,seer_dial_p297822,discovery,cold,0,echo_rtt,0.686,ok
fcc97ee87fca3ef9ce5a8bc4fea02e34975723da,seer_dial_p297822,discovery,cold,0,echo_rtt,0.813,ok
fcc97ee87fca3ef9ce5a8bc4fea02e34975723da,seer_dial_p297822,discovery,cold,0,echo_rtt,0.777,ok
fcc97ee87fca3ef9ce5a8bc4fea02e34975723da,seer_dial_p297822,discovery,cold,0,echo_rtt,0.750,ok
fcc97ee87fca3ef9ce5a8bc4fea02e34975723da,seer_dial_p297822,discovery,cold,0,echo_rtt,0.751,ok
fcc97ee87fca3ef9ce5a8bc4fea02e34975723da,seer_dial_p297822,discovery,cold,0,echo_rtt,0.810,ok
fcc97ee87fca3ef9ce5a8bc4fea02e34975723da,seer_dial_p297822,discovery,cold,0,echo_rtt,0.853,ok
fcc97ee87fca3ef9ce5a8bc4fea02e34975723da,seer_dial_p297822,discovery,cold,0,echo_rtt,0.691,ok
fcc97ee87fca3ef9ce5a8bc4fea02e34975723da,seer_dial_p297822,discovery,cold,0,echo_rtt,0.708,ok
fcc97ee87fca3ef9ce5a8bc4fea02e34975723da,seer_dial_p297822,discovery,cold,0,echo_rtt,0.722,ok
fcc97ee87fca3ef9ce5a8bc4fea02e34975723da,seer_dial_p297822,discovery,cold,0,echo_rtt,0.669,ok
fcc97ee87fca3ef9ce5a8bc4fea02e34975723da,seer_dial_p297822,discovery,cold,0,echo_rtt,0.687,ok
fcc97ee87fca3ef9ce5a8bc4fea02e34975723da,seer_dial_p297822,discovery,cold,0,echo_rtt,0.689,ok
fcc97ee87fca3ef9ce5a8bc4fea02e34975723da,seer_dial_p297822,discovery,cold,0,echo_rtt,0.769,ok
fcc97ee87fca3ef9ce5a8bc4fea02e34975723da,seer_dial_p297822,discovery,cold,0,echo_rtt,0.791,ok
fcc97ee87fca3ef9ce5a8bc4fea02e34975723da,seer_dial_p297822,discovery,cold,0,echo_rtt,0.692,ok
fcc97ee87fca3ef9ce5a8bc4fea02e34975723da,seer_dial_p297822,discovery,cold,0,echo_rtt,0.681,ok
fcc97ee87fca3ef9ce5a8bc4fea02e34975723da,seer_dial_p297822,discovery,cold,0,echo_rtt,0.761,ok
fcc97ee87fca3ef9ce5a8bc4fea02e34975723da,seer_dial_p297822,discovery,cold,0,echo_rtt,0.719,ok
fcc97ee87fca3ef9ce5a8bc4fea02e34975723da,seer_dial_p297822,discovery,cold,0,echo_rtt,0.810,ok
fcc97ee87fca3ef9ce5a8bc4fea02e34975723da,seer_dial_p297822,discovery,cold,0,echo_rtt,0.837,ok
fcc97ee87fca3ef9ce5a8bc4fea02e34975723da,seer_dial_p297822,discovery,cold,0,echo_rtt,0.817,ok
fcc97ee87fca3ef9ce5a8bc4fea02e34975723da,seer_dial_p297822,discovery,cold,0,echo_rtt,0.692,ok
fcc97ee87fca3ef9ce5a8bc4fea02e34975723da,seer_dial_p297822,discovery,cold,0,echo_rtt,0.688,ok
fcc97ee87fca3ef9ce5a8bc4fea02e34975723da,seer_dial_p297822,discovery,cold,0,echo_rtt,0.691,ok
fcc97ee87fca3ef9ce5a8bc4fea02e34975723da,seer_dial_p297822,discovery,cold,0,echo_rtt,0.744,ok
fcc97ee87fca3ef9ce5a8bc4fea02e34975723da,seer_dial_p297822,discovery,cold,0,seer_dial,201.800,ok
fcc97ee87fca3ef9ce5a8bc4fea02e34975723da,seer_dial_p297822,discovery,cold,0,stream_open,93.248,ok
fcc97ee87fca3ef9ce5a8bc4fea02e34975723da,seer_dial_p297822,discovery,cold,0,echo_rtt,0.959,ok
fcc97ee87fca3ef9ce5a8bc4fea02e34975723da,seer_dial_p297822,discovery,cold,0,echo_rtt,0.895,ok
fcc97ee87fca3ef9ce5a8bc4fea02e34975723da,seer_dial_p297822,discovery,cold,0,echo_rtt,0.928,ok
fcc97ee87fca3ef9ce5a8bc4fea02e34975723da,seer_dial_p297822,discovery,cold,0,echo_rtt,0.812,ok
fcc97ee87fca3ef9ce5a8bc4fea02e34975723da,seer_dial_p297822,discovery,cold,0,echo_rtt,0.764,ok
fcc97ee87fca3ef9ce5a8bc4fea02e34975723da,seer_dial_p297822,discovery,cold,0,echo_rtt,0.821,ok
fcc97ee87fca3ef9ce5a8bc4fea02e34975723da,seer_dial_p297822,discovery,cold,0,echo_rtt,0.812,ok
fcc97ee87fca3ef9ce5a8bc4fea02e34975723da,seer_dial_p297822,discovery,cold,0,echo_rtt,0.983,ok
fcc97ee87fca3ef9ce5a8bc4fea02e34975723da,seer_dial_p297822,discovery,cold,0,echo_rtt,1.001,ok
fcc97ee87fca3ef9ce5a8bc4fea02e34975723da,seer_dial_p297822,discovery,cold,0,echo_rtt,0.796,ok
fcc97ee87fca3ef9ce5a8bc4fea02e34975723da,seer_dial_p297822,discovery,cold,0,echo_rtt,0.795,ok
fcc97ee87fca3ef9ce5a8bc4fea02e34975723da,seer_dial_p297822,discovery,cold,0,echo_rtt,0.902,ok
fcc97ee87fca3ef9ce5a8bc4fea02e34975723da,seer_dial_p297822,discovery,cold,0,echo_rtt,0.950,ok
fcc97ee87fca3ef9ce5a8bc4fea02e34975723da,seer_dial_p297822,discovery,cold,0,echo_rtt,0.822,ok
fcc97ee87fca3ef9ce5a8bc4fea02e34975723da,seer_dial_p297822,discovery,cold,0,echo_rtt,0.880,ok
fcc97ee87fca3ef9ce5a8bc4fea02e34975723da,seer_dial_p297822,discovery,cold,0,echo_rtt,0.922,ok
fcc97ee87fca3ef9ce5a8bc4fea02e34975723da,seer_dial_p297822,discovery,cold,0,echo_rtt,0.826,ok
fcc97ee87fca3ef9ce5a8bc4fea02e34975723da,seer_dial_p297822,discovery,cold,0,echo_rtt,0.883,ok
fcc97ee87fca3ef9ce5a8bc4fea02e34975723da,seer_dial_p297822,discovery,cold,0,echo_rtt,0.897,ok
fcc97ee87fca3ef9ce5a8bc4fea02e34975723da,seer_dial_p297822,discovery,cold,0,echo_rtt,0.995,ok
fcc97ee87fca3ef9ce5a8bc4fea02e34975723da,seer_dial_p297822,discovery,cold,0,echo_rtt,1.036,ok
fcc97ee87fca3ef9ce5a8bc4fea02e34975723da,seer_dial_p297822,discovery,cold,0,echo_rtt,0.971,ok
fcc97ee87fca3ef9ce5a8bc4fea02e34975723da,seer_dial_p297822,discovery,cold,0,echo_rtt,0.961,ok
fcc97ee87fca3ef9ce5a8bc4fea02e34975723da,seer_dial_p297822,discovery,cold,0,echo_rtt,1.029,ok
fcc97ee87fca3ef9ce5a8bc4fea02e34975723da,seer_dial_p297822,discovery,cold,0,echo_rtt,1.121,ok
fcc97ee87fca3ef9ce5a8bc4fea02e34975723da,seer_dial_p297822,discovery,cold,0,echo_rtt,1.230,ok
fcc97ee87fca3ef9ce5a8bc4fea02e34975723da,seer_dial_p297822,discovery,cold,0,echo_rtt,1.145,ok
fcc97ee87fca3ef9ce5a8bc4fea02e34975723da,seer_dial_p297822,discovery,cold,0,echo_rtt,1.024,ok
fcc97ee87fca3ef9ce5a8bc4fea02e34975723da,seer_dial_p297822,discovery,cold,0,echo_rtt,1.149,ok
fcc97ee87fca3ef9ce5a8bc4fea02e34975723da,seer_dial_p297822,discovery,cold,0,echo_rtt,1.260,ok
fcc97ee87fca3ef9ce5a8bc4fea02e34975723da,seer_dial_p297822,discovery,cold,0,echo_rtt,0.774,ok
fcc97ee87fca3ef9ce5a8bc4fea02e34975723da,seer_dial_p297822,discovery,cold,0,echo_rtt,0.784,ok
fcc97ee87fca3ef9ce5a8bc4fea02e34975723da,seer_dial_p297822,discovery,cold,0,echo_rtt,0.741,ok
fcc97ee87fca3ef9ce5a8bc4fea02e34975723da,seer_dial_p297822,discovery,cold,0,echo_rtt,0.710,ok
fcc97ee87fca3ef9ce5a8bc4fea02e34975723da,seer_dial_p297822,discovery,cold,0,echo_rtt,0.725,ok
fcc97ee87fca3ef9ce5a8bc4fea02e34975723da,seer_dial_p297822,discovery,cold,0,echo_rtt,0.699,ok
fcc97ee87fca3ef9ce5a8bc4fea02e34975723da,seer_dial_p297822,discovery,cold,0,echo_rtt,0.750,ok
fcc97ee87fca3ef9ce5a8bc4fea02e34975723da,seer_dial_p297822,discovery,cold,0,echo_rtt,0.794,ok
fcc97ee87fca3ef9ce5a8bc4fea02e34975723da,seer_dial_p297822,discovery,cold,0,echo_rtt,0.709,ok
fcc97ee87fca3ef9ce5a8bc4fea02e34975723da,seer_dial_p297822,discovery,cold,0,echo_rtt,0.815,ok
fcc97ee87fca3ef9ce5a8bc4fea02e34975723da,seer_dial_p297822,discovery,cold,0,echo_rtt,0.785,ok
fcc97ee87fca3ef9ce5a8bc4fea02e34975723da,seer_dial_p297822,discovery,cold,0,echo_rtt,0.818,ok
fcc97ee87fca3ef9ce5a8bc4fea02e34975723da,seer_dial_p297822,discovery,cold,0,echo_rtt,0.842,ok
fcc97ee87fca3ef9ce5a8bc4fea02e34975723da,seer_dial_p297822,discovery,cold,0,echo_rtt,0.711,ok
fcc97ee87fca3ef9ce5a8bc4fea02e34975723da,seer_dial_p297822,discovery,cold,0,echo_rtt,0.698,ok
fcc97ee87fca3ef9ce5a8bc4fea02e34975723da,seer_dial_p297822,discovery,cold,0,echo_rtt,0.675,ok
fcc97ee87fca3ef9ce5a8bc4fea02e34975723da,seer_dial_p297822,discovery,cold,0,echo_rtt,0.759,ok
fcc97ee87fca3ef9ce5a8bc4fea02e34975723da,seer_dial_p297822,discovery,cold,0,echo_rtt,0.746,ok
fcc97ee87fca3ef9ce5a8bc4fea02e34975723da,seer_dial_p297822,discovery,cold,0,echo_rtt,0.693,ok
fcc97ee87fca3ef9ce5a8bc4fea02e34975723da,seer_dial_p297822,discovery,cold,0,echo_rtt,0.643,ok
fcc97ee87fca3ef9ce5a8bc4fea02e34975723da,seer_dial_p297822,discovery,cold,0,echo_rtt,0.759,ok
fcc97ee87fca3ef9ce5a8bc4fea02e34975723da,seer_dial_p297822,discovery,cold,0,echo_rtt,0.763,ok
fcc97ee87fca3ef9ce5a8bc4fea02e34975723da,seer_dial_p297822,discovery,cold,0,echo_rtt,0.671,ok
fcc97ee87fca3ef9ce5a8bc4fea02e34975723da,seer_dial_p297822,discovery,cold,0,echo_rtt,0.698,ok
fcc97ee87fca3ef9ce5a8bc4fea02e34975723da,seer_dial_p297822,discovery,cold,0,echo_rtt,0.846,ok
fcc97ee87fca3ef9ce5a8bc4fea02e34975723da,seer_dial_p297822,discovery,cold,0,echo_rtt,0.728,ok
fcc97ee87fca3ef9ce5a8bc4fea02e34975723da,seer_dial_p297822,discovery,cold,0,echo_rtt,0.761,ok
fcc97ee87fca3ef9ce5a8bc4fea02e34975723da,seer_dial_p297822,discovery,cold,0,echo_rtt,0.690,ok
fcc97ee87fca3ef9ce5a8bc4fea02e34975723da,seer_dial_p297822,discovery,cold,0,echo_rtt,0.736,ok
fcc97ee87fca3ef9ce5a8bc4fea02e34975723da,seer_dial_p297822,discovery,cold,0,echo_rtt,0.717,ok
fcc97ee87fca3ef9ce5a8bc4fea02e34975723da,seer_dial_p297822,discovery,cold,0,echo_rtt,0.777,ok
fcc97ee87fca3ef9ce5a8bc4fea02e34975723da,seer_dial_p297822,discovery,cold,0,echo_rtt,0.963,ok
fcc97ee87fca3ef9ce5a8bc4fea02e34975723da,seer_dial_p297822,discovery,cold,0,echo_rtt,0.711,ok
fcc97ee87fca3ef9ce5a8bc4fea02e34975723da,seer_dial_p297822,discovery,cold,0,echo_rtt,0.706,ok
fcc97ee87fca3ef9ce5a8bc4fea02e34975723da,seer_dial_p297822,discovery,cold,0,echo_rtt,0.782,ok
fcc97ee87fca3ef9ce5a8bc4fea02e34975723da,seer_dial_p297822,discovery,cold,0,echo_rtt,0.703,ok
fcc97ee87fca3ef9ce5a8bc4fea02e34975723da,seer_dial_p297822,discovery,cold,0,echo_rtt,0.745,ok
fcc97ee87fca3ef9ce5a8bc4fea02e34975723da,seer_dial_p297822,discovery,cold,0,echo_rtt,0.764,ok
fcc97ee87fca3ef9ce5a8bc4fea02e34975723da,seer_dial_p297822,discovery,cold,0,echo_rtt,0.742,ok
fcc97ee87fca3ef9ce5a8bc4fea02e34975723da,seer_dial_p297822,discovery,cold,0,echo_rtt,0.751,ok
fcc97ee87fca3ef9ce5a8bc4fea02e34975723da,seer_dial_p297822,discovery,cold,0,echo_rtt,0.751,ok
fcc97ee87fca3ef9ce5a8bc4fea02e34975723da,seer_dial_p297822,discovery,cold,0,echo_rtt,0.710,ok
fcc97ee87fca3ef9ce5a8bc4fea02e34975723da,seer_dial_p297822,discovery,cold,0,echo_rtt,0.768,ok
fcc97ee87fca3ef9ce5a8bc4fea02e34975723da,seer_dial_p297822,discovery,cold,0,echo_rtt,0.742,ok
fcc97ee87fca3ef9ce5a8bc4fea02e34975723da,seer_dial_p297822,discovery,cold,0,echo_rtt,0.714,ok
fcc97ee87fca3ef9ce5a8bc4fea02e34975723da,seer_dial_p297822,discovery,cold,0,echo_rtt,0.758,ok
fcc97ee87fca3ef9ce5a8bc4fea02e34975723da,seer_dial_p297822,discovery,cold,0,echo_rtt,0.736,ok
fcc97ee87fca3ef9ce5a8bc4fea02e34975723da,seer_dial_p297822,discovery,cold,0,echo_rtt,0.672,ok
fcc97ee87fca3ef9ce5a8bc4fea02e34975723da,seer_dial_p297822,discovery,cold,0,echo_rtt,0.750,ok
fcc97ee87fca3ef9ce5a8bc4fea02e34975723da,seer_dial_p297822,discovery,cold,0,echo_rtt,0.743,ok
fcc97ee87fca3ef9ce5a8bc4fea02e34975723da,seer_dial_p297822,discovery,cold,0,echo_rtt,0.792,ok
fcc97ee87fca3ef9ce5a8bc4fea02e34975723da,seer_dial_p297822,discovery,cold,0,echo_rtt,0.795,ok
fcc97ee87fca3ef9ce5a8bc4fea02e34975723da,seer_dial_p297822,discovery,cold,0,echo_rtt,0.775,ok
fcc97ee87fca3ef9ce5a8bc4fea02e34975723da,seer_dial_p297822,discovery,cold,0,echo_rtt,0.884,ok
fcc97ee87fca3ef9ce5a8bc4fea02e34975723da,seer_dial_p297822,discovery,cold,0,echo_rtt,0.664,ok
fcc97ee87fca3ef9ce5a8bc4fea02e34975723da,seer_dial_p297822,discovery,cold,0,echo_rtt,0.706,ok
fcc97ee87fca3ef9ce5a8bc4fea02e34975723da,seer_dial_p297822,discovery,cold,0,echo_rtt,0.690,ok
fcc97ee87fca3ef9ce5a8bc4fea02e34975723da,seer_dial_p297822,discovery,cold,0,echo_rtt,0.770,ok
fcc97ee87fca3ef9ce5a8bc4fea02e34975723da,seer_dial_p297822,discovery,cold,0,echo_rtt,0.736,ok
fcc97ee87fca3ef9ce5a8bc4fea02e34975723da,seer_dial_p297822,discovery,cold,0,echo_rtt,0.695,ok
fcc97ee87fca3ef9ce5a8bc4fea02e34975723da,seer_dial_p297822,discovery,cold,0,echo_rtt,0.709,ok
fcc97ee87fca3ef9ce5a8bc4fea02e34975723da,seer_dial_p297822,discovery,cold,0,echo_rtt,0.746,ok
fcc97ee87fca3ef9ce5a8bc4fea02e34975723da,seer_dial_p297822,discovery,cold,0,echo_rtt,0.703,ok
fcc97ee87fca3ef9ce5a8bc4fea02e34975723da,seer_dial_p297822,discovery,cold,0,echo_rtt,0.740,ok
fcc97ee87fca3ef9ce5a8bc4fea02e34975723da,seer_dial_p297822,discovery,cold,0,echo_rtt,0.733,ok
fcc97ee87fca3ef9ce5a8bc4fea02e34975723da,seer_dial_p297822,discovery,cold,0,echo_rtt,0.767,ok
fcc97ee87fca3ef9ce5a8bc4fea02e34975723da,seer_dial_p297822,discovery,cold,0,echo_rtt,0.689,ok
fcc97ee87fca3ef9ce5a8bc4fea02e34975723da,seer_dial_p297822,discovery,cold,0,echo_rtt,0.760,ok
fcc97ee87fca3ef9ce5a8bc4fea02e34975723da,seer_dial_p297822,discovery,cold,0,echo_rtt,0.721,ok
fcc97ee87fca3ef9ce5a8bc4fea02e34975723da,seer_dial_p297822,discovery,cold,0,echo_rtt,0.750,ok
fcc97ee87fca3ef9ce5a8bc4fea02e34975723da,seer_dial_p1550274,discovery,cold,0,seer_dial,195.644,ok
fcc97ee87fca3ef9ce5a8bc4fea02e34975723da,seer_dial_p1550274,discovery,cold,0,stream_open,91.255,ok
fcc97ee87fca3ef9ce5a8bc4fea02e34975723da,seer_dial_p1550274,discovery,cold,0,echo_rtt,4.414,ok
fcc97ee87fca3ef9ce5a8bc4fea02e34975723da,seer_dial_p1550274,discovery,cold,0,echo_rtt,4.102,ok
fcc97ee87fca3ef9ce5a8bc4fea02e34975723da,seer_dial_p1550274,discovery,cold,0,echo_rtt,4.661,ok
fcc97ee87fca3ef9ce5a8bc4fea02e34975723da,seer_dial_p1550274,discovery,cold,0,echo_rtt,4.676,ok
fcc97ee87fca3ef9ce5a8bc4fea02e34975723da,seer_dial_p1550274,discovery,cold,0,echo_rtt,5.078,ok
fcc97ee87fca3ef9ce5a8bc4fea02e34975723da,seer_dial_p1550274,discovery,cold,0,echo_rtt,4.582,ok
fcc97ee87fca3ef9ce5a8bc4fea02e34975723da,seer_dial_p1550274,discovery,cold,0,echo_rtt,3.375,ok
fcc97ee87fca3ef9ce5a8bc4fea02e34975723da,seer_dial_p1550274,discovery,cold,0,echo_rtt,3.442,ok
fcc97ee87fca3ef9ce5a8bc4fea02e34975723da,seer_dial_p1550274,discovery,cold,0,echo_rtt,3.190,ok
fcc97ee87fca3ef9ce5a8bc4fea02e34975723da,seer_dial_p1550274,discovery,cold,0,echo_rtt,3.361,ok
fcc97ee87fca3ef9ce5a8bc4fea02e34975723da,seer_dial_p1550274,discovery,cold,0,echo_rtt,3.049,ok
fcc97ee87fca3ef9ce5a8bc4fea02e34975723da,seer_dial_p1550274,discovery,cold,0,echo_rtt,22.631,ok
fcc97ee87fca3ef9ce5a8bc4fea02e34975723da,seer_dial_p1550274,discovery,cold,0,echo_rtt,3.278,ok
fcc97ee87fca3ef9ce5a8bc4fea02e34975723da,seer_dial_p1550274,discovery,cold,0,echo_rtt,3.185,ok
fcc97ee87fca3ef9ce5a8bc4fea02e34975723da,seer_dial_p1550274,discovery,cold,0,echo_rtt,3.329,ok
fcc97ee87fca3ef9ce5a8bc4fea02e34975723da,seer_dial_p1550274,discovery,cold,0,echo_rtt,3.068,ok
fcc97ee87fca3ef9ce5a8bc4fea02e34975723da,seer_dial_p1550274,discovery,cold,0,echo_rtt,3.022,ok
fcc97ee87fca3ef9ce5a8bc4fea02e34975723da,seer_dial_p1550274,discovery,cold,0,echo_rtt,3.086,ok
fcc97ee87fca3ef9ce5a8bc4fea02e34975723da,seer_dial_p1550274,discovery,cold,0,echo_rtt,3.163,ok
fcc97ee87fca3ef9ce5a8bc4fea02e34975723da,seer_dial_p1550274,discovery,cold,0,echo_rtt,3.139,ok
fcc97ee87fca3ef9ce5a8bc4fea02e34975723da,seer_dial_p1550274,discovery,cold,0,echo_rtt,3.626,ok
fcc97ee87fca3ef9ce5a8bc4fea02e34975723da,seer_dial_p1550274,discovery,cold,0,echo_rtt,3.172,ok
fcc97ee87fca3ef9ce5a8bc4fea02e34975723da,seer_dial_p1550274,discovery,cold,0,echo_rtt,3.114,ok
fcc97ee87fca3ef9ce5a8bc4fea02e34975723da,seer_dial_p1550274,discovery,cold,0,echo_rtt,3.267,ok
fcc97ee87fca3ef9ce5a8bc4fea02e34975723da,seer_dial_p1550274,discovery,cold,0,echo_rtt,3.038,ok
fcc97ee87fca3ef9ce5a8bc4fea02e34975723da,seer_dial_p1550274,discovery,cold,0,echo_rtt,3.049,ok
fcc97ee87fca3ef9ce5a8bc4fea02e34975723da,seer_dial_p1550274,discovery,cold,0,echo_rtt,3.088,ok
fcc97ee87fca3ef9ce5a8bc4fea02e34975723da,seer_dial_p1550274,discovery,cold,0,echo_rtt,3.209,ok
fcc97ee87fca3ef9ce5a8bc4fea02e34975723da,seer_dial_p1550274,discovery,cold,0,echo_rtt,3.401,ok
fcc97ee87fca3ef9ce5a8bc4fea02e34975723da,seer_dial_p1550274,discovery,cold,0,echo_rtt,3.282,ok
fcc97ee87fca3ef9ce5a8bc4fea02e34975723da,seer_dial_p1550274,discovery,cold,0,echo_rtt,3.197,ok
fcc97ee87fca3ef9ce5a8bc4fea02e34975723da,seer_dial_p1550274,discovery,cold,0,echo_rtt,2.899,ok
fcc97ee87fca3ef9ce5a8bc4fea02e34975723da,seer_dial_p1550274,discovery,cold,0,echo_rtt,3.014,ok
fcc97ee87fca3ef9ce5a8bc4fea02e34975723da,seer_dial_p1550274,discovery,cold,0,echo_rtt,3.056,ok
fcc97ee87fca3ef9ce5a8bc4fea02e34975723da,seer_dial_p1550274,discovery,cold,0,echo_rtt,2.834,ok
fcc97ee87fca3ef9ce5a8bc4fea02e34975723da,seer_dial_p1550274,discovery,cold,0,echo_rtt,2.980,ok
fcc97ee87fca3ef9ce5a8bc4fea02e34975723da,seer_dial_p1550274,discovery,cold,0,echo_rtt,3.084,ok
fcc97ee87fca3ef9ce5a8bc4fea02e34975723da,seer_dial_p1550274,discovery,cold,0,echo_rtt,2.903,ok
fcc97ee87fca3ef9ce5a8bc4fea02e34975723da,seer_dial_p1550274,discovery,cold,0,echo_rtt,3.024,ok
fcc97ee87fca3ef9ce5a8bc4fea02e34975723da,seer_dial_p1550274,discovery,cold,0,echo_rtt,3.157,ok
fcc97ee87fca3ef9ce5a8bc4fea02e34975723da,seer_dial_p1550274,discovery,cold,0,echo_rtt,3.206,ok
fcc97ee87fca3ef9ce5a8bc4fea02e34975723da,seer_dial_p1550274,discovery,cold,0,echo_rtt,3.186,ok
fcc97ee87fca3ef9ce5a8bc4fea02e34975723da,seer_dial_p1550274,discovery,cold,0,echo_rtt,2.996,ok
fcc97ee87fca3ef9ce5a8bc4fea02e34975723da,seer_dial_p1550274,discovery,cold,0,echo_rtt,3.210,ok
fcc97ee87fca3ef9ce5a8bc4fea02e34975723da,seer_dial_p1550274,discovery,cold,0,echo_rtt,3.145,ok
fcc97ee87fca3ef9ce5a8bc4fea02e34975723da,seer_dial_p1550274,discovery,cold,0,echo_rtt,3.198,ok
fcc97ee87fca3ef9ce5a8bc4fea02e34975723da,seer_dial_p1550274,discovery,cold,0,echo_rtt,3.334,ok
fcc97ee87fca3ef9ce5a8bc4fea02e34975723da,seer_dial_p1550274,discovery,cold,0,echo_rtt,3.081,ok
fcc97ee87fca3ef9ce5a8bc4fea02e34975723da,seer_dial_p1550274,discovery,cold,0,echo_rtt,3.025,ok
fcc97ee87fca3ef9ce5a8bc4fea02e34975723da,seer_dial_p1550274,discovery,cold,0,echo_rtt,2.984,ok
fcc97ee87fca3ef9ce5a8bc4fea02e34975723da,seer_dial_p1550274,discovery,cold,0,echo_rtt,2.871,ok
fcc97ee87fca3ef9ce5a8bc4fea02e34975723da,seer_dial_p1550274,discovery,cold,0,echo_rtt,3.091,ok
fcc97ee87fca3ef9ce5a8bc4fea02e34975723da,seer_dial_p1550274,discovery,cold,0,echo_rtt,3.055,ok
fcc97ee87fca3ef9ce5a8bc4fea02e34975723da,seer_dial_p1550274,discovery,cold,0,echo_rtt,2.937,ok
fcc97ee87fca3ef9ce5a8bc4fea02e34975723da,seer_dial_p1550274,discovery,cold,0,echo_rtt,2.967,ok
fcc97ee87fca3ef9ce5a8bc4fea02e34975723da,seer_dial_p1550274,discovery,cold,0,echo_rtt,3.222,ok
fcc97ee87fca3ef9ce5a8bc4fea02e34975723da,seer_dial_p1550274,discovery,cold,0,echo_rtt,3.003,ok
fcc97ee87fca3ef9ce5a8bc4fea02e34975723da,seer_dial_p1550274,discovery,cold,0,echo_rtt,3.061,ok
fcc97ee87fca3ef9ce5a8bc4fea02e34975723da,seer_dial_p1550274,discovery,cold,0,echo_rtt,3.256,ok
fcc97ee87fca3ef9ce5a8bc4fea02e34975723da,seer_dial_p1550274,discovery,cold,0,echo_rtt,3.070,ok
fcc97ee87fca3ef9ce5a8bc4fea02e34975723da,seer_dial_p1550274,discovery,cold,0,echo_rtt,3.142,ok
fcc97ee87fca3ef9ce5a8bc4fea02e34975723da,seer_dial_p1550274,discovery,cold,0,echo_rtt,2.968,ok
fcc97ee87fca3ef9ce5a8bc4fea02e34975723da,seer_dial_p1550274,discovery,cold,0,echo_rtt,2.936,ok
fcc97ee87fca3ef9ce5a8bc4fea02e34975723da,seer_dial_p1550274,discovery,cold,0,echo_rtt,3.005,ok
fcc97ee87fca3ef9ce5a8bc4fea02e34975723da,seer_dial_p1550274,discovery,cold,0,echo_rtt,3.266,ok
fcc97ee87fca3ef9ce5a8bc4fea02e34975723da,seer_dial_p1550274,discovery,cold,0,echo_rtt,3.130,ok
fcc97ee87fca3ef9ce5a8bc4fea02e34975723da,seer_dial_p1550274,discovery,cold,0,echo_rtt,3.134,ok
fcc97ee87fca3ef9ce5a8bc4fea02e34975723da,seer_dial_p1550274,discovery,cold,0,echo_rtt,3.117,ok
fcc97ee87fca3ef9ce5a8bc4fea02e34975723da,seer_dial_p1550274,discovery,cold,0,echo_rtt,3.034,ok
fcc97ee87fca3ef9ce5a8bc4fea02e34975723da,seer_dial_p1550274,discovery,cold,0,echo_rtt,2.972,ok
fcc97ee87fca3ef9ce5a8bc4fea02e34975723da,seer_dial_p1550274,discovery,cold,0,echo_rtt,3.380,ok
fcc97ee87fca3ef9ce5a8bc4fea02e34975723da,seer_dial_p1550274,discovery,cold,0,echo_rtt,3.074,ok
fcc97ee87fca3ef9ce5a8bc4fea02e34975723da,seer_dial_p1550274,discovery,cold,0,echo_rtt,3.380,ok
fcc97ee87fca3ef9ce5a8bc4fea02e34975723da,seer_dial_p1550274,discovery,cold,0,echo_rtt,2.913,ok
fcc97ee87fca3ef9ce5a8bc4fea02e34975723da,seer_dial_p1550274,discovery,cold,0,echo_rtt,3.129,ok
fcc97ee87fca3ef9ce5a8bc4fea02e34975723da,seer_dial_p1550274,discovery,cold,0,echo_rtt,3.007,ok
fcc97ee87fca3ef9ce5a8bc4fea02e34975723da,seer_dial_p1550274,discovery,cold,0,echo_rtt,3.103,ok
fcc97ee87fca3ef9ce5a8bc4fea02e34975723da,seer_dial_p1550274,discovery,cold,0,echo_rtt,3.199,ok
fcc97ee87fca3ef9ce5a8bc4fea02e34975723da,seer_dial_p1550274,discovery,cold,0,echo_rtt,3.086,ok
fcc97ee87fca3ef9ce5a8bc4fea02e34975723da,seer_dial_p1550274,discovery,cold,0,echo_rtt,3.143,ok
fcc97ee87fca3ef9ce5a8bc4fea02e34975723da,seer_dial_p1550274,discovery,cold,0,echo_rtt,3.151,ok
fcc97ee87fca3ef9ce5a8bc4fea02e34975723da,seer_dial_p1550274,discovery,cold,0,echo_rtt,3.212,ok
fcc97ee87fca3ef9ce5a8bc4fea02e34975723da,seer_dial_p1550274,discovery,cold,0,echo_rtt,3.131,ok
fcc97ee87fca3ef9ce5a8bc4fea02e34975723da,seer_dial_p1550274,discovery,cold,0,echo_rtt,3.017,ok
fcc97ee87fca3ef9ce5a8bc4fea02e34975723da,seer_dial_p1550274,discovery,cold,0,echo_rtt,3.165,ok
fcc97ee87fca3ef9ce5a8bc4fea02e34975723da,seer_dial_p1550274,discovery,cold,0,echo_rtt,31.024,ok
fcc97ee87fca3ef9ce5a8bc4fea02e34975723da,seer_dial_p1550274,discovery,cold,0,echo_rtt,3.127,ok
fcc97ee87fca3ef9ce5a8bc4fea02e34975723da,seer_dial_p1550274,discovery,cold,0,echo_rtt,3.146,ok
fcc97ee87fca3ef9ce5a8bc4fea02e34975723da,seer_dial_p1550274,discovery,cold,0,echo_rtt,3.155,ok
fcc97ee87fca3ef9ce5a8bc4fea02e34975723da,seer_dial_p1550274,discovery,cold,0,echo_rtt,3.343,ok
fcc97ee87fca3ef9ce5a8bc4fea02e34975723da,seer_dial_p1550274,discovery,cold,0,echo_rtt,3.072,ok
fcc97ee87fca3ef9ce5a8bc4fea02e34975723da,seer_dial_p1550274,discovery,cold,0,echo_rtt,2.889,ok
fcc97ee87fca3ef9ce5a8bc4fea02e34975723da,seer_dial_p1550274,discovery,cold,0,echo_rtt,3.056,ok
fcc97ee87fca3ef9ce5a8bc4fea02e34975723da,seer_dial_p1550274,discovery,cold,0,echo_rtt,2.927,ok
fcc97ee87fca3ef9ce5a8bc4fea02e34975723da,seer_dial_p1550274,discovery,cold,0,echo_rtt,3.199,ok
fcc97ee87fca3ef9ce5a8bc4fea02e34975723da,seer_dial_p1550274,discovery,cold,0,echo_rtt,3.008,ok
fcc97ee87fca3ef9ce5a8bc4fea02e34975723da,seer_dial_p1550274,discovery,cold,0,echo_rtt,3.316,ok
fcc97ee87fca3ef9ce5a8bc4fea02e34975723da,seer_dial_p1550274,discovery,cold,0,echo_rtt,3.071,ok
fcc97ee87fca3ef9ce5a8bc4fea02e34975723da,seer_dial_p1550274,discovery,cold,0,echo_rtt,3.036,ok
fcc97ee87fca3ef9ce5a8bc4fea02e34975723da,seer_dial_p1550274,discovery,cold,0,echo_rtt,3.051,ok
fcc97ee87fca3ef9ce5a8bc4fea02e34975723da,seer_dial_p1550274,discovery,cold,0,seer_dial,201.733,ok
fcc97ee87fca3ef9ce5a8bc4fea02e34975723da,seer_dial_p1550274,discovery,cold,0,stream_open,83.315,ok
fcc97ee87fca3ef9ce5a8bc4fea02e34975723da,seer_dial_p1550274,discovery,cold,0,echo_rtt,4.320,ok
fcc97ee87fca3ef9ce5a8bc4fea02e34975723da,seer_dial_p1550274,discovery,cold,0,echo_rtt,3.657,ok
fcc97ee87fca3ef9ce5a8bc4fea02e34975723da,seer_dial_p1550274,discovery,cold,0,echo_rtt,3.416,ok
fcc97ee87fca3ef9ce5a8bc4fea02e34975723da,seer_dial_p1550274,discovery,cold,0,echo_rtt,3.345,ok
fcc97ee87fca3ef9ce5a8bc4fea02e34975723da,seer_dial_p1550274,discovery,cold,0,echo_rtt,3.548,ok
fcc97ee87fca3ef9ce5a8bc4fea02e34975723da,seer_dial_p1550274,discovery,cold,0,echo_rtt,3.250,ok
fcc97ee87fca3ef9ce5a8bc4fea02e34975723da,seer_dial_p1550274,discovery,cold,0,echo_rtt,3.149,ok
fcc97ee87fca3ef9ce5a8bc4fea02e34975723da,seer_dial_p1550274,discovery,cold,0,echo_rtt,3.175,ok
fcc97ee87fca3ef9ce5a8bc4fea02e34975723da,seer_dial_p1550274,discovery,cold,0,echo_rtt,3.081,ok
fcc97ee87fca3ef9ce5a8bc4fea02e34975723da,seer_dial_p1550274,discovery,cold,0,echo_rtt,2.915,ok
fcc97ee87fca3ef9ce5a8bc4fea02e34975723da,seer_dial_p1550274,discovery,cold,0,echo_rtt,2.950,ok
fcc97ee87fca3ef9ce5a8bc4fea02e34975723da,seer_dial_p1550274,discovery,cold,0,echo_rtt,3.411,ok
fcc97ee87fca3ef9ce5a8bc4fea02e34975723da,seer_dial_p1550274,discovery,cold,0,echo_rtt,2.905,ok
fcc97ee87fca3ef9ce5a8bc4fea02e34975723da,seer_dial_p1550274,discovery,cold,0,echo_rtt,3.087,ok
fcc97ee87fca3ef9ce5a8bc4fea02e34975723da,seer_dial_p1550274,discovery,cold,0,echo_rtt,3.186,ok
fcc97ee87fca3ef9ce5a8bc4fea02e34975723da,seer_dial_p1550274,discovery,cold,0,echo_rtt,3.186,ok
fcc97ee87fca3ef9ce5a8bc4fea02e34975723da,seer_dial_p1550274,discovery,cold,0,echo_rtt,3.094,ok
fcc97ee87fca3ef9ce5a8bc4fea02e34975723da,seer_dial_p1550274,discovery,cold,0,echo_rtt,3.190,ok
fcc97ee87fca3ef9ce5a8bc4fea02e34975723da,seer_dial_p1550274,discovery,cold,0,echo_rtt,3.222,ok
fcc97ee87fca3ef9ce5a8bc4fea02e34975723da,seer_dial_p1550274,discovery,cold,0,echo_rtt,2.962,ok
fcc97ee87fca3ef9ce5a8bc4fea02e34975723da,seer_dial_p1550274,discovery,cold,0,echo_rtt,3.338,ok
fcc97ee87fca3ef9ce5a8bc4fea02e34975723da,seer_dial_p1550274,discovery,cold,0,echo_rtt,3.291,ok
fcc97ee87fca3ef9ce5a8bc4fea02e34975723da,seer_dial_p1550274,discovery,cold,0,echo_rtt,3.253,ok
fcc97ee87fca3ef9ce5a8bc4fea02e34975723da,seer_dial_p1550274,discovery,cold,0,echo_rtt,3.362,ok
fcc97ee87fca3ef9ce5a8bc4fea02e34975723da,seer_dial_p1550274,discovery,cold,0,echo_rtt,3.327,ok
fcc97ee87fca3ef9ce5a8bc4fea02e34975723da,seer_dial_p1550274,discovery,cold,0,echo_rtt,3.125,ok
fcc97ee87fca3ef9ce5a8bc4fea02e34975723da,seer_dial_p1550274,discovery,cold,0,echo_rtt,3.005,ok
fcc97ee87fca3ef9ce5a8bc4fea02e34975723da,seer_dial_p1550274,discovery,cold,0,echo_rtt,3.155,ok
fcc97ee87fca3ef9ce5a8bc4fea02e34975723da,seer_dial_p1550274,discovery,cold,0,echo_rtt,2.964,ok
fcc97ee87fca3ef9ce5a8bc4fea02e34975723da,seer_dial_p1550274,discovery,cold,0,echo_rtt,3.167,ok
fcc97ee87fca3ef9ce5a8bc4fea02e34975723da,seer_dial_p1550274,discovery,cold,0,echo_rtt,3.372,ok
fcc97ee87fca3ef9ce5a8bc4fea02e34975723da,seer_dial_p1550274,discovery,cold,0,echo_rtt,2.986,ok
fcc97ee87fca3ef9ce5a8bc4fea02e34975723da,seer_dial_p1550274,discovery,cold,0,echo_rtt,2.974,ok
fcc97ee87fca3ef9ce5a8bc4fea02e34975723da,seer_dial_p1550274,discovery,cold,0,echo_rtt,3.204,ok
fcc97ee87fca3ef9ce5a8bc4fea02e34975723da,seer_dial_p1550274,discovery,cold,0,echo_rtt,2.976,ok
fcc97ee87fca3ef9ce5a8bc4fea02e34975723da,seer_dial_p1550274,discovery,cold,0,echo_rtt,2.997,ok
fcc97ee87fca3ef9ce5a8bc4fea02e34975723da,seer_dial_p1550274,discovery,cold,0,echo_rtt,3.092,ok
fcc97ee87fca3ef9ce5a8bc4fea02e34975723da,seer_dial_p1550274,discovery,cold,0,echo_rtt,3.269,ok
fcc97ee87fca3ef9ce5a8bc4fea02e34975723da,seer_dial_p1550274,discovery,cold,0,echo_rtt,3.064,ok
fcc97ee87fca3ef9ce5a8bc4fea02e34975723da,seer_dial_p1550274,discovery,cold,0,echo_rtt,3.201,ok
fcc97ee87fca3ef9ce5a8bc4fea02e34975723da,seer_dial_p1550274,discovery,cold,0,echo_rtt,3.095,ok
fcc97ee87fca3ef9ce5a8bc4fea02e34975723da,seer_dial_p1550274,discovery,cold,0,echo_rtt,2.812,ok
fcc97ee87fca3ef9ce5a8bc4fea02e34975723da,seer_dial_p1550274,discovery,cold,0,echo_rtt,2.985,ok
fcc97ee87fca3ef9ce5a8bc4fea02e34975723da,seer_dial_p1550274,discovery,cold,0,echo_rtt,3.023,ok
fcc97ee87fca3ef9ce5a8bc4fea02e34975723da,seer_dial_p1550274,discovery,cold,0,echo_rtt,3.011,ok
fcc97ee87fca3ef9ce5a8bc4fea02e34975723da,seer_dial_p1550274,discovery,cold,0,echo_rtt,3.279,ok
fcc97ee87fca3ef9ce5a8bc4fea02e34975723da,seer_dial_p1550274,discovery,cold,0,echo_rtt,3.038,ok
fcc97ee87fca3ef9ce5a8bc4fea02e34975723da,seer_dial_p1550274,discovery,cold,0,echo_rtt,3.112,ok
fcc97ee87fca3ef9ce5a8bc4fea02e34975723da,seer_dial_p1550274,discovery,cold,0,echo_rtt,2.923,ok
fcc97ee87fca3ef9ce5a8bc4fea02e34975723da,seer_dial_p1550274,discovery,cold,0,echo_rtt,3.126,ok
fcc97ee87fca3ef9ce5a8bc4fea02e34975723da,seer_dial_p1550274,discovery,cold,0,echo_rtt,3.090,ok
fcc97ee87fca3ef9ce5a8bc4fea02e34975723da,seer_dial_p1550274,discovery,cold,0,echo_rtt,3.005,ok
fcc97ee87fca3ef9ce5a8bc4fea02e34975723da,seer_dial_p1550274,discovery,cold,0,echo_rtt,3.048,ok
fcc97ee87fca3ef9ce5a8bc4fea02e34975723da,seer_dial_p1550274,discovery,cold,0,echo_rtt,2.990,ok
fcc97ee87fca3ef9ce5a8bc4fea02e34975723da,seer_dial_p1550274,discovery,cold,0,echo_rtt,3.370,ok
fcc97ee87fca3ef9ce5a8bc4fea02e34975723da,seer_dial_p1550274,discovery,cold,0,echo_rtt,3.074,ok
fcc97ee87fca3ef9ce5a8bc4fea02e34975723da,seer_dial_p1550274,discovery,cold,0,echo_rtt,3.091,ok
fcc97ee87fca3ef9ce5a8bc4fea02e34975723da,seer_dial_p1550274,discovery,cold,0,echo_rtt,3.013,ok
fcc97ee87fca3ef9ce5a8bc4fea02e34975723da,seer_dial_p1550274,discovery,cold,0,echo_rtt,3.057,ok
fcc97ee87fca3ef9ce5a8bc4fea02e34975723da,seer_dial_p1550274,discovery,cold,0,echo_rtt,3.165,ok
fcc97ee87fca3ef9ce5a8bc4fea02e34975723da,seer_dial_p1550274,discovery,cold,0,echo_rtt,2.932,ok
fcc97ee87fca3ef9ce5a8bc4fea02e34975723da,seer_dial_p1550274,discovery,cold,0,echo_rtt,2.942,ok
fcc97ee87fca3ef9ce5a8bc4fea02e34975723da,seer_dial_p1550274,discovery,cold,0,echo_rtt,3.050,ok
fcc97ee87fca3ef9ce5a8bc4fea02e34975723da,seer_dial_p1550274,discovery,cold,0,echo_rtt,3.076,ok
fcc97ee87fca3ef9ce5a8bc4fea02e34975723da,seer_dial_p1550274,discovery,cold,0,echo_rtt,3.039,ok
fcc97ee87fca3ef9ce5a8bc4fea02e34975723da,seer_dial_p1550274,discovery,cold,0,echo_rtt,3.026,ok
fcc97ee87fca3ef9ce5a8bc4fea02e34975723da,seer_dial_p1550274,discovery,cold,0,echo_rtt,2.874,ok
fcc97ee87fca3ef9ce5a8bc4fea02e34975723da,seer_dial_p1550274,discovery,cold,0,echo_rtt,3.025,ok
fcc97ee87fca3ef9ce5a8bc4fea02e34975723da,seer_dial_p1550274,discovery,cold,0,echo_rtt,2.982,ok
fcc97ee87fca3ef9ce5a8bc4fea02e34975723da,seer_dial_p1550274,discovery,cold,0,echo_rtt,3.096,ok
fcc97ee87fca3ef9ce5a8bc4fea02e34975723da,seer_dial_p1550274,discovery,cold,0,echo_rtt,3.185,ok
fcc97ee87fca3ef9ce5a8bc4fea02e34975723da,seer_dial_p1550274,discovery,cold,0,echo_rtt,3.152,ok
fcc97ee87fca3ef9ce5a8bc4fea02e34975723da,seer_dial_p1550274,discovery,cold,0,echo_rtt,3.159,ok
fcc97ee87fca3ef9ce5a8bc4fea02e34975723da,seer_dial_p1550274,discovery,cold,0,echo_rtt,2.977,ok
fcc97ee87fca3ef9ce5a8bc4fea02e34975723da,seer_dial_p1550274,discovery,cold,0,echo_rtt,3.082,ok
fcc97ee87fca3ef9ce5a8bc4fea02e34975723da,seer_dial_p1550274,discovery,cold,0,echo_rtt,3.094,ok
fcc97ee87fca3ef9ce5a8bc4fea02e34975723da,seer_dial_p1550274,discovery,cold,0,echo_rtt,2.822,ok
fcc97ee87fca3ef9ce5a8bc4fea02e34975723da,seer_dial_p1550274,discovery,cold,0,echo_rtt,3.249,ok
fcc97ee87fca3ef9ce5a8bc4fea02e34975723da,seer_dial_p1550274,discovery,cold,0,echo_rtt,3.124,ok
fcc97ee87fca3ef9ce5a8bc4fea02e34975723da,seer_dial_p1550274,discovery,cold,0,echo_rtt,3.016,ok
fcc97ee87fca3ef9ce5a8bc4fea02e34975723da,seer_dial_p1550274,discovery,cold,0,echo_rtt,2.933,ok
fcc97ee87fca3ef9ce5a8bc4fea02e34975723da,seer_dial_p1550274,discovery,cold,0,echo_rtt,3.136,ok
fcc97ee87fca3ef9ce5a8bc4fea02e34975723da,seer_dial_p1550274,discovery,cold,0,echo_rtt,2.908,ok
fcc97ee87fca3ef9ce5a8bc4fea02e34975723da,seer_dial_p1550274,discovery,cold,0,echo_rtt,2.935,ok
fcc97ee87fca3ef9ce5a8bc4fea02e34975723da,seer_dial_p1550274,discovery,cold,0,echo_rtt,3.486,ok
fcc97ee87fca3ef9ce5a8bc4fea02e34975723da,seer_dial_p1550274,discovery,cold,0,echo_rtt,3.183,ok
fcc97ee87fca3ef9ce5a8bc4fea02e34975723da,seer_dial_p1550274,discovery,cold,0,echo_rtt,2.956,ok
fcc97ee87fca3ef9ce5a8bc4fea02e34975723da,seer_dial_p1550274,discovery,cold,0,echo_rtt,2.907,ok
fcc97ee87fca3ef9ce5a8bc4fea02e34975723da,seer_dial_p1550274,discovery,cold,0,echo_rtt,3.261,ok
fcc97ee87fca3ef9ce5a8bc4fea02e34975723da,seer_dial_p1550274,discovery,cold,0,echo_rtt,3.121,ok
fcc97ee87fca3ef9ce5a8bc4fea02e34975723da,seer_dial_p1550274,discovery,cold,0,echo_rtt,3.151,ok
fcc97ee87fca3ef9ce5a8bc4fea02e34975723da,seer_dial_p1550274,discovery,cold,0,echo_rtt,3.432,ok
fcc97ee87fca3ef9ce5a8bc4fea02e34975723da,seer_dial_p1550274,discovery,cold,0,echo_rtt,3.104,ok
fcc97ee87fca3ef9ce5a8bc4fea02e34975723da,seer_dial_p1550274,discovery,cold,0,echo_rtt,3.083,ok
fcc97ee87fca3ef9ce5a8bc4fea02e34975723da,seer_dial_p1550274,discovery,cold,0,echo_rtt,3.178,ok
fcc97ee87fca3ef9ce5a8bc4fea02e34975723da,seer_dial_p1550274,discovery,cold,0,echo_rtt,2.922,ok
fcc97ee87fca3ef9ce5a8bc4fea02e34975723da,seer_dial_p1550274,discovery,cold,0,echo_rtt,3.284,ok
fcc97ee87fca3ef9ce5a8bc4fea02e34975723da,seer_dial_p1550274,discovery,cold,0,echo_rtt,3.195,ok
fcc97ee87fca3ef9ce5a8bc4fea02e34975723da,seer_dial_p1550274,discovery,cold,0,echo_rtt,3.070,ok
fcc97ee87fca3ef9ce5a8bc4fea02e34975723da,seer_dial_p1550274,discovery,cold,0,echo_rtt,3.103,ok
fcc97ee87fca3ef9ce5a8bc4fea02e34975723da,seer_dial_p1550274,discovery,cold,0,seer_dial,194.876,ok
fcc97ee87fca3ef9ce5a8bc4fea02e34975723da,seer_dial_p1550274,discovery,cold,0,stream_open,81.569,ok
fcc97ee87fca3ef9ce5a8bc4fea02e34975723da,seer_dial_p1550274,discovery,cold,0,echo_rtt,4.099,ok
fcc97ee87fca3ef9ce5a8bc4fea02e34975723da,seer_dial_p1550274,discovery,cold,0,echo_rtt,3.375,ok
fcc97ee87fca3ef9ce5a8bc4fea02e34975723da,seer_dial_p1550274,discovery,cold,0,echo_rtt,3.440,ok
fcc97ee87fca3ef9ce5a8bc4fea02e34975723da,seer_dial_p1550274,discovery,cold,0,echo_rtt,2.918,ok
fcc97ee87fca3ef9ce5a8bc4fea02e34975723da,seer_dial_p1550274,discovery,cold,0,echo_rtt,3.106,ok
fcc97ee87fca3ef9ce5a8bc4fea02e34975723da,seer_dial_p1550274,discovery,cold,0,echo_rtt,3.095,ok
fcc97ee87fca3ef9ce5a8bc4fea02e34975723da,seer_dial_p1550274,discovery,cold,0,echo_rtt,3.440,ok
fcc97ee87fca3ef9ce5a8bc4fea02e34975723da,seer_dial_p1550274,discovery,cold,0,echo_rtt,3.218,ok
fcc97ee87fca3ef9ce5a8bc4fea02e34975723da,seer_dial_p1550274,discovery,cold,0,echo_rtt,3.107,ok
fcc97ee87fca3ef9ce5a8bc4fea02e34975723da,seer_dial_p1550274,discovery,cold,0,echo_rtt,3.210,ok
fcc97ee87fca3ef9ce5a8bc4fea02e34975723da,seer_dial_p1550274,discovery,cold,0,echo_rtt,3.099,ok
fcc97ee87fca3ef9ce5a8bc4fea02e34975723da,seer_dial_p1550274,discovery,cold,0,echo_rtt,3.477,ok
fcc97ee87fca3ef9ce5a8bc4fea02e34975723da,seer_dial_p1550274,discovery,cold,0,echo_rtt,3.212,ok
fcc97ee87fca3ef9ce5a8bc4fea02e34975723da,seer_dial_p1550274,discovery,cold,0,echo_rtt,3.145,ok
fcc97ee87fca3ef9ce5a8bc4fea02e34975723da,seer_dial_p1550274,discovery,cold,0,echo_rtt,30.480,ok
fcc97ee87fca3ef9ce5a8bc4fea02e34975723da,seer_dial_p1550274,discovery,cold,0,echo_rtt,3.394,ok
fcc97ee87fca3ef9ce5a8bc4fea02e34975723da,seer_dial_p1550274,discovery,cold,0,echo_rtt,3.170,ok
fcc97ee87fca3ef9ce5a8bc4fea02e34975723da,seer_dial_p1550274,discovery,cold,0,echo_rtt,3.179,ok
fcc97ee87fca3ef9ce5a8bc4fea02e34975723da,seer_dial_p1550274,discovery,cold,0,echo_rtt,3.210,ok
fcc97ee87fca3ef9ce5a8bc4fea02e34975723da,seer_dial_p1550274,discovery,cold,0,echo_rtt,3.205,ok
fcc97ee87fca3ef9ce5a8bc4fea02e34975723da,seer_dial_p1550274,discovery,cold,0,echo_rtt,2.996,ok
fcc97ee87fca3ef9ce5a8bc4fea02e34975723da,seer_dial_p1550274,discovery,cold,0,echo_rtt,3.146,ok
fcc97ee87fca3ef9ce5a8bc4fea02e34975723da,seer_dial_p1550274,discovery,cold,0,echo_rtt,3.140,ok
fcc97ee87fca3ef9ce5a8bc4fea02e34975723da,seer_dial_p1550274,discovery,cold,0,echo_rtt,3.598,ok
fcc97ee87fca3ef9ce5a8bc4fea02e34975723da,seer_dial_p1550274,discovery,cold,0,echo_rtt,2.998,ok
fcc97ee87fca3ef9ce5a8bc4fea02e34975723da,seer_dial_p1550274,discovery,cold,0,echo_rtt,3.217,ok
fcc97ee87fca3ef9ce5a8bc4fea02e34975723da,seer_dial_p1550274,discovery,cold,0,echo_rtt,3.083,ok
fcc97ee87fca3ef9ce5a8bc4fea02e34975723da,seer_dial_p1550274,discovery,cold,0,echo_rtt,3.034,ok
fcc97ee87fca3ef9ce5a8bc4fea02e34975723da,seer_dial_p1550274,discovery,cold,0,echo_rtt,2.959,ok
fcc97ee87fca3ef9ce5a8bc4fea02e34975723da,seer_dial_p1550274,discovery,cold,0,echo_rtt,3.048,ok
fcc97ee87fca3ef9ce5a8bc4fea02e34975723da,seer_dial_p1550274,discovery,cold,0,echo_rtt,3.188,ok
fcc97ee87fca3ef9ce5a8bc4fea02e34975723da,seer_dial_p1550274,discovery,cold,0,echo_rtt,3.351,ok
fcc97ee87fca3ef9ce5a8bc4fea02e34975723da,seer_dial_p1550274,discovery,cold,0,echo_rtt,3.236,ok
fcc97ee87fca3ef9ce5a8bc4fea02e34975723da,seer_dial_p1550274,discovery,cold,0,echo_rtt,2.938,ok
fcc97ee87fca3ef9ce5a8bc4fea02e34975723da,seer_dial_p1550274,discovery,cold,0,echo_rtt,3.050,ok
fcc97ee87fca3ef9ce5a8bc4fea02e34975723da,seer_dial_p1550274,discovery,cold,0,echo_rtt,3.044,ok
fcc97ee87fca3ef9ce5a8bc4fea02e34975723da,seer_dial_p1550274,discovery,cold,0,echo_rtt,2.876,ok
fcc97ee87fca3ef9ce5a8bc4fea02e34975723da,seer_dial_p1550274,discovery,cold,0,echo_rtt,3.062,ok
fcc97ee87fca3ef9ce5a8bc4fea02e34975723da,seer_dial_p1550274,discovery,cold,0,echo_rtt,3.228,ok
fcc97ee87fca3ef9ce5a8bc4fea02e34975723da,seer_dial_p1550274,discovery,cold,0,echo_rtt,3.107,ok
fcc97ee87fca3ef9ce5a8bc4fea02e34975723da,seer_dial_p1550274,discovery,cold,0,echo_rtt,3.163,ok
fcc97ee87fca3ef9ce5a8bc4fea02e34975723da,seer_dial_p1550274,discovery,cold,0,echo_rtt,3.252,ok
fcc97ee87fca3ef9ce5a8bc4fea02e34975723da,seer_dial_p1550274,discovery,cold,0,echo_rtt,3.197,ok
fcc97ee87fca3ef9ce5a8bc4fea02e34975723da,seer_dial_p1550274,discovery,cold,0,echo_rtt,3.029,ok
fcc97ee87fca3ef9ce5a8bc4fea02e34975723da,seer_dial_p1550274,discovery,cold,0,echo_rtt,3.017,ok
fcc97ee87fca3ef9ce5a8bc4fea02e34975723da,seer_dial_p1550274,discovery,cold,0,echo_rtt,3.003,ok
fcc97ee87fca3ef9ce5a8bc4fea02e34975723da,seer_dial_p1550274,discovery,cold,0,echo_rtt,3.103,ok
fcc97ee87fca3ef9ce5a8bc4fea02e34975723da,seer_dial_p1550274,discovery,cold,0,echo_rtt,2.968,ok
fcc97ee87fca3ef9ce5a8bc4fea02e34975723da,seer_dial_p1550274,discovery,cold,0,echo_rtt,3.241,ok
fcc97ee87fca3ef9ce5a8bc4fea02e34975723da,seer_dial_p1550274,discovery,cold,0,echo_rtt,3.103,ok
fcc97ee87fca3ef9ce5a8bc4fea02e34975723da,seer_dial_p1550274,discovery,cold,0,echo_rtt,3.129,ok
fcc97ee87fca3ef9ce5a8bc4fea02e34975723da,seer_dial_p1550274,discovery,cold,0,echo_rtt,3.212,ok
fcc97ee87fca3ef9ce5a8bc4fea02e34975723da,seer_dial_p1550274,discovery,cold,0,echo_rtt,3.153,ok
fcc97ee87fca3ef9ce5a8bc4fea02e34975723da,seer_dial_p1550274,discovery,cold,0,echo_rtt,2.960,ok
fcc97ee87fca3ef9ce5a8bc4fea02e34975723da,seer_dial_p1550274,discovery,cold,0,echo_rtt,3.079,ok
fcc97ee87fca3ef9ce5a8bc4fea02e34975723da,seer_dial_p1550274,discovery,cold,0,echo_rtt,3.283,ok
fcc97ee87fca3ef9ce5a8bc4fea02e34975723da,seer_dial_p1550274,discovery,cold,0,echo_rtt,2.938,ok
fcc97ee87fca3ef9ce5a8bc4fea02e34975723da,seer_dial_p1550274,discovery,cold,0,echo_rtt,3.089,ok
fcc97ee87fca3ef9ce5a8bc4fea02e34975723da,seer_dial_p1550274,discovery,cold,0,echo_rtt,3.006,ok
fcc97ee87fca3ef9ce5a8bc4fea02e34975723da,seer_dial_p1550274,discovery,cold,0,echo_rtt,3.027,ok
fcc97ee87fca3ef9ce5a8bc4fea02e34975723da,seer_dial_p1550274,discovery,cold,0,echo_rtt,3.213,ok
fcc97ee87fca3ef9ce5a8bc4fea02e34975723da,seer_dial_p1550274,discovery,cold,0,echo_rtt,2.899,ok
fcc97ee87fca3ef9ce5a8bc4fea02e34975723da,seer_dial_p1550274,discovery,cold,0,echo_rtt,3.065,ok
fcc97ee87fca3ef9ce5a8bc4fea02e34975723da,seer_dial_p1550274,discovery,cold,0,echo_rtt,2.956,ok
fcc97ee87fca3ef9ce5a8bc4fea02e34975723da,seer_dial_p1550274,discovery,cold,0,echo_rtt,3.078,ok
fcc97ee87fca3ef9ce5a8bc4fea02e34975723da,seer_dial_p1550274,discovery,cold,0,echo_rtt,3.453,ok
fcc97ee87fca3ef9ce5a8bc4fea02e34975723da,seer_dial_p1550274,discovery,cold,0,echo_rtt,2.982,ok
fcc97ee87fca3ef9ce5a8bc4fea02e34975723da,seer_dial_p1550274,discovery,cold,0,echo_rtt,2.980,ok
fcc97ee87fca3ef9ce5a8bc4fea02e34975723da,seer_dial_p1550274,discovery,cold,0,echo_rtt,3.123,ok
fcc97ee87fca3ef9ce5a8bc4fea02e34975723da,seer_dial_p1550274,discovery,cold,0,echo_rtt,3.022,ok
fcc97ee87fca3ef9ce5a8bc4fea02e34975723da,seer_dial_p1550274,discovery,cold,0,echo_rtt,3.061,ok
fcc97ee87fca3ef9ce5a8bc4fea02e34975723da,seer_dial_p1550274,discovery,cold,0,echo_rtt,2.953,ok
fcc97ee87fca3ef9ce5a8bc4fea02e34975723da,seer_dial_p1550274,discovery,cold,0,echo_rtt,3.036,ok
fcc97ee87fca3ef9ce5a8bc4fea02e34975723da,seer_dial_p1550274,discovery,cold,0,echo_rtt,3.133,ok
fcc97ee87fca3ef9ce5a8bc4fea02e34975723da,seer_dial_p1550274,discovery,cold,0,echo_rtt,3.276,ok
fcc97ee87fca3ef9ce5a8bc4fea02e34975723da,seer_dial_p1550274,discovery,cold,0,echo_rtt,3.197,ok
fcc97ee87fca3ef9ce5a8bc4fea02e34975723da,seer_dial_p1550274,discovery,cold,0,echo_rtt,2.874,ok
fcc97ee87fca3ef9ce5a8bc4fea02e34975723da,seer_dial_p1550274,discovery,cold,0,echo_rtt,3.076,ok
fcc97ee87fca3ef9ce5a8bc4fea02e34975723da,seer_dial_p1550274,discovery,cold,0,echo_rtt,3.062,ok
fcc97ee87fca3ef9ce5a8bc4fea02e34975723da,seer_dial_p1550274,discovery,cold,0,echo_rtt,3.654,ok
fcc97ee87fca3ef9ce5a8bc4fea02e34975723da,seer_dial_p1550274,discovery,cold,0,echo_rtt,3.254,ok
fcc97ee87fca3ef9ce5a8bc4fea02e34975723da,seer_dial_p1550274,discovery,cold,0,echo_rtt,3.059,ok
fcc97ee87fca3ef9ce5a8bc4fea02e34975723da,seer_dial_p1550274,discovery,cold,0,echo_rtt,2.974,ok
fcc97ee87fca3ef9ce5a8bc4fea02e34975723da,seer_dial_p1550274,discovery,cold,0,echo_rtt,2.884,ok
fcc97ee87fca3ef9ce5a8bc4fea02e34975723da,seer_dial_p1550274,discovery,cold,0,echo_rtt,3.334,ok
fcc97ee87fca3ef9ce5a8bc4fea02e34975723da,seer_dial_p1550274,discovery,cold,0,echo_rtt,3.201,ok
fcc97ee87fca3ef9ce5a8bc4fea02e34975723da,seer_dial_p1550274,discovery,cold,0,echo_rtt,3.100,ok
fcc97ee87fca3ef9ce5a8bc4fea02e34975723da,seer_dial_p1550274,discovery,cold,0,echo_rtt,3.186,ok
fcc97ee87fca3ef9ce5a8bc4fea02e34975723da,seer_dial_p1550274,discovery,cold,0,echo_rtt,2.926,ok
fcc97ee87fca3ef9ce5a8bc4fea02e34975723da,seer_dial_p1550274,discovery,cold,0,echo_rtt,2.949,ok
fcc97ee87fca3ef9ce5a8bc4fea02e34975723da,seer_dial_p1550274,discovery,cold,0,echo_rtt,3.030,ok
fcc97ee87fca3ef9ce5a8bc4fea02e34975723da,seer_dial_p1550274,discovery,cold,0,echo_rtt,3.094,ok
fcc97ee87fca3ef9ce5a8bc4fea02e34975723da,seer_dial_p1550274,discovery,cold,0,echo_rtt,3.018,ok
fcc97ee87fca3ef9ce5a8bc4fea02e34975723da,seer_dial_p1550274,discovery,cold,0,echo_rtt,3.038,ok
fcc97ee87fca3ef9ce5a8bc4fea02e34975723da,seer_dial_p1550274,discovery,cold,0,echo_rtt,3.117,ok
fcc97ee87fca3ef9ce5a8bc4fea02e34975723da,seer_dial_p1550274,discovery,cold,0,echo_rtt,3.009,ok
fcc97ee87fca3ef9ce5a8bc4fea02e34975723da,seer_dial_p1550274,discovery,cold,0,echo_rtt,3.235,ok
fcc97ee87fca3ef9ce5a8bc4fea02e34975723da,seer_dial_p1550274,discovery,cold,0,echo_rtt,3.100,ok
fcc97ee87fca3ef9ce5a8bc4fea02e34975723da,seer_dial_p1550274,discovery,cold,0,echo_rtt,2.997,ok
fcc97ee87fca3ef9ce5a8bc4fea02e34975723da,seer_dial_p1550274,discovery,cold,0,echo_rtt,3.123,ok
fcc97ee87fca3ef9ce5a8bc4fea02e34975723da,seer_dial_p1550274,discovery,cold,0,seer_dial,202.039,ok
fcc97ee87fca3ef9ce5a8bc4fea02e34975723da,seer_dial_p1550274,discovery,cold,0,stream_open,92.869,ok
fcc97ee87fca3ef9ce5a8bc4fea02e34975723da,seer_dial_p1550274,discovery,cold,0,echo_rtt,4.354,ok
fcc97ee87fca3ef9ce5a8bc4fea02e34975723da,seer_dial_p1550274,discovery,cold,0,echo_rtt,4.338,ok
fcc97ee87fca3ef9ce5a8bc4fea02e34975723da,seer_dial_p1550274,discovery,cold,0,echo_rtt,3.957,ok
fcc97ee87fca3ef9ce5a8bc4fea02e34975723da,seer_dial_p1550274,discovery,cold,0,echo_rtt,4.603,ok
fcc97ee87fca3ef9ce5a8bc4fea02e34975723da,seer_dial_p1550274,discovery,cold,0,echo_rtt,5.022,ok
fcc97ee87fca3ef9ce5a8bc4fea02e34975723da,seer_dial_p1550274,discovery,cold,0,echo_rtt,5.078,ok
fcc97ee87fca3ef9ce5a8bc4fea02e34975723da,seer_dial_p1550274,discovery,cold,0,echo_rtt,3.537,ok
fcc97ee87fca3ef9ce5a8bc4fea02e34975723da,seer_dial_p1550274,discovery,cold,0,echo_rtt,3.346,ok
fcc97ee87fca3ef9ce5a8bc4fea02e34975723da,seer_dial_p1550274,discovery,cold,0,echo_rtt,3.082,ok
fcc97ee87fca3ef9ce5a8bc4fea02e34975723da,seer_dial_p1550274,discovery,cold,0,echo_rtt,3.447,ok
fcc97ee87fca3ef9ce5a8bc4fea02e34975723da,seer_dial_p1550274,discovery,cold,0,echo_rtt,3.254,ok
fcc97ee87fca3ef9ce5a8bc4fea02e34975723da,seer_dial_p1550274,discovery,cold,0,echo_rtt,3.075,ok
fcc97ee87fca3ef9ce5a8bc4fea02e34975723da,seer_dial_p1550274,discovery,cold,0,echo_rtt,3.179,ok
fcc97ee87fca3ef9ce5a8bc4fea02e34975723da,seer_dial_p1550274,discovery,cold,0,echo_rtt,3.161,ok
fcc97ee87fca3ef9ce5a8bc4fea02e34975723da,seer_dial_p1550274,discovery,cold,0,echo_rtt,3.122,ok
fcc97ee87fca3ef9ce5a8bc4fea02e34975723da,seer_dial_p1550274,discovery,cold,0,echo_rtt,3.057,ok
fcc97ee87fca3ef9ce5a8bc4fea02e34975723da,seer_dial_p1550274,discovery,cold,0,echo_rtt,3.020,ok
fcc97ee87fca3ef9ce5a8bc4fea02e34975723da,seer_dial_p1550274,discovery,cold,0,echo_rtt,2.964,ok
fcc97ee87fca3ef9ce5a8bc4fea02e34975723da,seer_dial_p1550274,discovery,cold,0,echo_rtt,3.342,ok
fcc97ee87fca3ef9ce5a8bc4fea02e34975723da,seer_dial_p1550274,discovery,cold,0,echo_rtt,3.131,ok
fcc97ee87fca3ef9ce5a8bc4fea02e34975723da,seer_dial_p1550274,discovery,cold,0,echo_rtt,3.396,ok
fcc97ee87fca3ef9ce5a8bc4fea02e34975723da,seer_dial_p1550274,discovery,cold,0,echo_rtt,2.907,ok
fcc97ee87fca3ef9ce5a8bc4fea02e34975723da,seer_dial_p1550274,discovery,cold,0,echo_rtt,2.992,ok
fcc97ee87fca3ef9ce5a8bc4fea02e34975723da,seer_dial_p1550274,discovery,cold,0,echo_rtt,3.096,ok
fcc97ee87fca3ef9ce5a8bc4fea02e34975723da,seer_dial_p1550274,discovery,cold,0,echo_rtt,3.114,ok
fcc97ee87fca3ef9ce5a8bc4fea02e34975723da,seer_dial_p1550274,discovery,cold,0,echo_rtt,3.261,ok
fcc97ee87fca3ef9ce5a8bc4fea02e34975723da,seer_dial_p1550274,discovery,cold,0,echo_rtt,3.061,ok
fcc97ee87fca3ef9ce5a8bc4fea02e34975723da,seer_dial_p1550274,discovery,cold,0,echo_rtt,3.140,ok
fcc97ee87fca3ef9ce5a8bc4fea02e34975723da,seer_dial_p1550274,discovery,cold,0,echo_rtt,2.960,ok
fcc97ee87fca3ef9ce5a8bc4fea02e34975723da,seer_dial_p1550274,discovery,cold,0,echo_rtt,3.000,ok
fcc97ee87fca3ef9ce5a8bc4fea02e34975723da,seer_dial_p1550274,discovery,cold,0,echo_rtt,3.211,ok
fcc97ee87fca3ef9ce5a8bc4fea02e34975723da,seer_dial_p1550274,discovery,cold,0,echo_rtt,3.237,ok
fcc97ee87fca3ef9ce5a8bc4fea02e34975723da,seer_dial_p1550274,discovery,cold,0,echo_rtt,3.003,ok
fcc97ee87fca3ef9ce5a8bc4fea02e34975723da,seer_dial_p1550274,discovery,cold,0,echo_rtt,3.034,ok
fcc97ee87fca3ef9ce5a8bc4fea02e34975723da,seer_dial_p1550274,discovery,cold,0,echo_rtt,3.025,ok
fcc97ee87fca3ef9ce5a8bc4fea02e34975723da,seer_dial_p1550274,discovery,cold,0,echo_rtt,3.130,ok
fcc97ee87fca3ef9ce5a8bc4fea02e34975723da,seer_dial_p1550274,discovery,cold,0,echo_rtt,3.261,ok
fcc97ee87fca3ef9ce5a8bc4fea02e34975723da,seer_dial_p1550274,discovery,cold,0,echo_rtt,3.113,ok
fcc97ee87fca3ef9ce5a8bc4fea02e34975723da,seer_dial_p1550274,discovery,cold,0,echo_rtt,2.989,ok
fcc97ee87fca3ef9ce5a8bc4fea02e34975723da,seer_dial_p1550274,discovery,cold,0,echo_rtt,3.233,ok
fcc97ee87fca3ef9ce5a8bc4fea02e34975723da,seer_dial_p1550274,discovery,cold,0,echo_rtt,3.058,ok
fcc97ee87fca3ef9ce5a8bc4fea02e34975723da,seer_dial_p1550274,discovery,cold,0,echo_rtt,3.209,ok
fcc97ee87fca3ef9ce5a8bc4fea02e34975723da,seer_dial_p1550274,discovery,cold,0,echo_rtt,3.006,ok
fcc97ee87fca3ef9ce5a8bc4fea02e34975723da,seer_dial_p1550274,discovery,cold,0,echo_rtt,2.908,ok
fcc97ee87fca3ef9ce5a8bc4fea02e34975723da,seer_dial_p1550274,discovery,cold,0,echo_rtt,3.018,ok
fcc97ee87fca3ef9ce5a8bc4fea02e34975723da,seer_dial_p1550274,discovery,cold,0,echo_rtt,3.234,ok
fcc97ee87fca3ef9ce5a8bc4fea02e34975723da,seer_dial_p1550274,discovery,cold,0,echo_rtt,3.074,ok
fcc97ee87fca3ef9ce5a8bc4fea02e34975723da,seer_dial_p1550274,discovery,cold,0,echo_rtt,3.128,ok
fcc97ee87fca3ef9ce5a8bc4fea02e34975723da,seer_dial_p1550274,discovery,cold,0,echo_rtt,3.017,ok
fcc97ee87fca3ef9ce5a8bc4fea02e34975723da,seer_dial_p1550274,discovery,cold,0,echo_rtt,3.081,ok
fcc97ee87fca3ef9ce5a8bc4fea02e34975723da,seer_dial_p1550274,discovery,cold,0,echo_rtt,3.007,ok
fcc97ee87fca3ef9ce5a8bc4fea02e34975723da,seer_dial_p1550274,discovery,cold,0,echo_rtt,3.060,ok
fcc97ee87fca3ef9ce5a8bc4fea02e34975723da,seer_dial_p1550274,discovery,cold,0,echo_rtt,3.008,ok
fcc97ee87fca3ef9ce5a8bc4fea02e34975723da,seer_dial_p1550274,discovery,cold,0,echo_rtt,3.081,ok
fcc97ee87fca3ef9ce5a8bc4fea02e34975723da,seer_dial_p1550274,discovery,cold,0,echo_rtt,3.258,ok
fcc97ee87fca3ef9ce5a8bc4fea02e34975723da,seer_dial_p1550274,discovery,cold,0,echo_rtt,2.987,ok
fcc97ee87fca3ef9ce5a8bc4fea02e34975723da,seer_dial_p1550274,discovery,cold,0,echo_rtt,3.065,ok
fcc97ee87fca3ef9ce5a8bc4fea02e34975723da,seer_dial_p1550274,discovery,cold,0,echo_rtt,2.882,ok
fcc97ee87fca3ef9ce5a8bc4fea02e34975723da,seer_dial_p1550274,discovery,cold,0,echo_rtt,3.130,ok
fcc97ee87fca3ef9ce5a8bc4fea02e34975723da,seer_dial_p1550274,discovery,cold,0,echo_rtt,3.412,ok
fcc97ee87fca3ef9ce5a8bc4fea02e34975723da,seer_dial_p1550274,discovery,cold,0,echo_rtt,2.985,ok
fcc97ee87fca3ef9ce5a8bc4fea02e34975723da,seer_dial_p1550274,discovery,cold,0,echo_rtt,3.154,ok
fcc97ee87fca3ef9ce5a8bc4fea02e34975723da,seer_dial_p1550274,discovery,cold,0,echo_rtt,2.996,ok
fcc97ee87fca3ef9ce5a8bc4fea02e34975723da,seer_dial_p1550274,discovery,cold,0,echo_rtt,3.185,ok
fcc97ee87fca3ef9ce5a8bc4fea02e34975723da,seer_dial_p1550274,discovery,cold,0,echo_rtt,2.974,ok
fcc97ee87fca3ef9ce5a8bc4fea02e34975723da,seer_dial_p1550274,discovery,cold,0,echo_rtt,3.038,ok
fcc97ee87fca3ef9ce5a8bc4fea02e34975723da,seer_dial_p1550274,discovery,cold,0,echo_rtt,3.287,ok
fcc97ee87fca3ef9ce5a8bc4fea02e34975723da,seer_dial_p1550274,discovery,cold,0,echo_rtt,2.991,ok
fcc97ee87fca3ef9ce5a8bc4fea02e34975723da,seer_dial_p1550274,discovery,cold,0,echo_rtt,3.254,ok
fcc97ee87fca3ef9ce5a8bc4fea02e34975723da,seer_dial_p1550274,discovery,cold,0,echo_rtt,3.006,ok
fcc97ee87fca3ef9ce5a8bc4fea02e34975723da,seer_dial_p1550274,discovery,cold,0,echo_rtt,3.070,ok
fcc97ee87fca3ef9ce5a8bc4fea02e34975723da,seer_dial_p1550274,discovery,cold,0,echo_rtt,2.945,ok
fcc97ee87fca3ef9ce5a8bc4fea02e34975723da,seer_dial_p1550274,discovery,cold,0,echo_rtt,3.374,ok
fcc97ee87fca3ef9ce5a8bc4fea02e34975723da,seer_dial_p1550274,discovery,cold,0,echo_rtt,3.128,ok
fcc97ee87fca3ef9ce5a8bc4fea02e34975723da,seer_dial_p1550274,discovery,cold,0,echo_rtt,3.077,ok
fcc97ee87fca3ef9ce5a8bc4fea02e34975723da,seer_dial_p1550274,discovery,cold,0,echo_rtt,2.965,ok
fcc97ee87fca3ef9ce5a8bc4fea02e34975723da,seer_dial_p1550274,discovery,cold,0,echo_rtt,2.923,ok
fcc97ee87fca3ef9ce5a8bc4fea02e34975723da,seer_dial_p1550274,discovery,cold,0,echo_rtt,3.005,ok
fcc97ee87fca3ef9ce5a8bc4fea02e34975723da,seer_dial_p1550274,discovery,cold,0,echo_rtt,3.179,ok
fcc97ee87fca3ef9ce5a8bc4fea02e34975723da,seer_dial_p1550274,discovery,cold,0,echo_rtt,2.995,ok
fcc97ee87fca3ef9ce5a8bc4fea02e34975723da,seer_dial_p1550274,discovery,cold,0,echo_rtt,3.048,ok
fcc97ee87fca3ef9ce5a8bc4fea02e34975723da,seer_dial_p1550274,discovery,cold,0,echo_rtt,2.913,ok
fcc97ee87fca3ef9ce5a8bc4fea02e34975723da,seer_dial_p1550274,discovery,cold,0,echo_rtt,2.995,ok
fcc97ee87fca3ef9ce5a8bc4fea02e34975723da,seer_dial_p1550274,discovery,cold,0,echo_rtt,3.107,ok
fcc97ee87fca3ef9ce5a8bc4fea02e34975723da,seer_dial_p1550274,discovery,cold,0,echo_rtt,3.126,ok
fcc97ee87fca3ef9ce5a8bc4fea02e34975723da,seer_dial_p1550274,discovery,cold,0,echo_rtt,2.964,ok
fcc97ee87fca3ef9ce5a8bc4fea02e34975723da,seer_dial_p1550274,discovery,cold,0,echo_rtt,3.260,ok
fcc97ee87fca3ef9ce5a8bc4fea02e34975723da,seer_dial_p1550274,discovery,cold,0,echo_rtt,3.685,ok
fcc97ee87fca3ef9ce5a8bc4fea02e34975723da,seer_dial_p1550274,discovery,cold,0,echo_rtt,3.008,ok
fcc97ee87fca3ef9ce5a8bc4fea02e34975723da,seer_dial_p1550274,discovery,cold,0,echo_rtt,3.005,ok
fcc97ee87fca3ef9ce5a8bc4fea02e34975723da,seer_dial_p1550274,discovery,cold,0,echo_rtt,3.102,ok
fcc97ee87fca3ef9ce5a8bc4fea02e34975723da,seer_dial_p1550274,discovery,cold,0,echo_rtt,3.209,ok
fcc97ee87fca3ef9ce5a8bc4fea02e34975723da,seer_dial_p1550274,discovery,cold,0,echo_rtt,3.425,ok
fcc97ee87fca3ef9ce5a8bc4fea02e34975723da,seer_dial_p1550274,discovery,cold,0,echo_rtt,3.034,ok
fcc97ee87fca3ef9ce5a8bc4fea02e34975723da,seer_dial_p1550274,discovery,cold,0,echo_rtt,3.199,ok
fcc97ee87fca3ef9ce5a8bc4fea02e34975723da,seer_dial_p1550274,discovery,cold,0,echo_rtt,2.945,ok
fcc97ee87fca3ef9ce5a8bc4fea02e34975723da,seer_dial_p1550274,discovery,cold,0,echo_rtt,2.983,ok
fcc97ee87fca3ef9ce5a8bc4fea02e34975723da,seer_dial_p1550274,discovery,cold,0,echo_rtt,3.107,ok
fcc97ee87fca3ef9ce5a8bc4fea02e34975723da,seer_dial_p1550274,discovery,cold,0,echo_rtt,3.178,ok
fcc97ee87fca3ef9ce5a8bc4fea02e34975723da,seer_dial_p1550274,discovery,cold,0,echo_rtt,2.954,ok
fcc97ee87fca3ef9ce5a8bc4fea02e34975723da,seer_dial_p1550274,discovery,cold,0,seer_dial,195.096,ok
fcc97ee87fca3ef9ce5a8bc4fea02e34975723da,seer_dial_p1550274,discovery,cold,0,stream_open,81.511,ok
fcc97ee87fca3ef9ce5a8bc4fea02e34975723da,seer_dial_p1550274,discovery,cold,0,echo_rtt,4.248,ok
fcc97ee87fca3ef9ce5a8bc4fea02e34975723da,seer_dial_p1550274,discovery,cold,0,echo_rtt,4.379,ok
fcc97ee87fca3ef9ce5a8bc4fea02e34975723da,seer_dial_p1550274,discovery,cold,0,echo_rtt,3.209,ok
fcc97ee87fca3ef9ce5a8bc4fea02e34975723da,seer_dial_p1550274,discovery,cold,0,echo_rtt,3.336,ok
fcc97ee87fca3ef9ce5a8bc4fea02e34975723da,seer_dial_p1550274,discovery,cold,0,echo_rtt,3.115,ok
fcc97ee87fca3ef9ce5a8bc4fea02e34975723da,seer_dial_p1550274,discovery,cold,0,echo_rtt,3.365,ok
fcc97ee87fca3ef9ce5a8bc4fea02e34975723da,seer_dial_p1550274,discovery,cold,0,echo_rtt,3.074,ok
fcc97ee87fca3ef9ce5a8bc4fea02e34975723da,seer_dial_p1550274,discovery,cold,0,echo_rtt,3.146,ok
fcc97ee87fca3ef9ce5a8bc4fea02e34975723da,seer_dial_p1550274,discovery,cold,0,echo_rtt,3.412,ok
fcc97ee87fca3ef9ce5a8bc4fea02e34975723da,seer_dial_p1550274,discovery,cold,0,echo_rtt,3.074,ok
fcc97ee87fca3ef9ce5a8bc4fea02e34975723da,seer_dial_p1550274,discovery,cold,0,echo_rtt,3.389,ok
fcc97ee87fca3ef9ce5a8bc4fea02e34975723da,seer_dial_p1550274,discovery,cold,0,echo_rtt,3.026,ok
fcc97ee87fca3ef9ce5a8bc4fea02e34975723da,seer_dial_p1550274,discovery,cold,0,echo_rtt,3.243,ok
fcc97ee87fca3ef9ce5a8bc4fea02e34975723da,seer_dial_p1550274,discovery,cold,0,echo_rtt,3.028,ok
fcc97ee87fca3ef9ce5a8bc4fea02e34975723da,seer_dial_p1550274,discovery,cold,0,echo_rtt,3.235,ok
fcc97ee87fca3ef9ce5a8bc4fea02e34975723da,seer_dial_p1550274,discovery,cold,0,echo_rtt,3.162,ok
fcc97ee87fca3ef9ce5a8bc4fea02e34975723da,seer_dial_p1550274,discovery,cold,0,echo_rtt,3.114,ok
fcc97ee87fca3ef9ce5a8bc4fea02e34975723da,seer_dial_p1550274,discovery,cold,0,echo_rtt,3.083,ok
fcc97ee87fca3ef9ce5a8bc4fea02e34975723da,seer_dial_p1550274,discovery,cold,0,echo_rtt,2.946,ok
fcc97ee87fca3ef9ce5a8bc4fea02e34975723da,seer_dial_p1550274,discovery,cold,0,echo_rtt,3.302,ok
fcc97ee87fca3ef9ce5a8bc4fea02e34975723da,seer_dial_p1550274,discovery,cold,0,echo_rtt,3.244,ok
fcc97ee87fca3ef9ce5a8bc4fea02e34975723da,seer_dial_p1550274,discovery,cold,0,echo_rtt,3.407,ok
fcc97ee87fca3ef9ce5a8bc4fea02e34975723da,seer_dial_p1550274,discovery,cold,0,echo_rtt,3.073,ok
fcc97ee87fca3ef9ce5a8bc4fea02e34975723da,seer_dial_p1550274,discovery,cold,0,echo_rtt,3.158,ok
fcc97ee87fca3ef9ce5a8bc4fea02e34975723da,seer_dial_p1550274,discovery,cold,0,echo_rtt,2.955,ok
fcc97ee87fca3ef9ce5a8bc4fea02e34975723da,seer_dial_p1550274,discovery,cold,0,echo_rtt,3.191,ok
fcc97ee87fca3ef9ce5a8bc4fea02e34975723da,seer_dial_p1550274,discovery,cold,0,echo_rtt,3.050,ok
fcc97ee87fca3ef9ce5a8bc4fea02e34975723da,seer_dial_p1550274,discovery,cold,0,echo_rtt,3.077,ok
fcc97ee87fca3ef9ce5a8bc4fea02e34975723da,seer_dial_p1550274,discovery,cold,0,echo_rtt,3.211,ok
fcc97ee87fca3ef9ce5a8bc4fea02e34975723da,seer_dial_p1550274,discovery,cold,0,echo_rtt,2.914,ok
fcc97ee87fca3ef9ce5a8bc4fea02e34975723da,seer_dial_p1550274,discovery,cold,0,echo_rtt,3.092,ok
fcc97ee87fca3ef9ce5a8bc4fea02e34975723da,seer_dial_p1550274,discovery,cold,0,echo_rtt,3.138,ok
fcc97ee87fca3ef9ce5a8bc4fea02e34975723da,seer_dial_p1550274,discovery,cold,0,echo_rtt,3.150,ok
fcc97ee87fca3ef9ce5a8bc4fea02e34975723da,seer_dial_p1550274,discovery,cold,0,echo_rtt,3.265,ok
fcc97ee87fca3ef9ce5a8bc4fea02e34975723da,seer_dial_p1550274,discovery,cold,0,echo_rtt,3.440,ok
fcc97ee87fca3ef9ce5a8bc4fea02e34975723da,seer_dial_p1550274,discovery,cold,0,echo_rtt,2.998,ok
fcc97ee87fca3ef9ce5a8bc4fea02e34975723da,seer_dial_p1550274,discovery,cold,0,echo_rtt,3.070,ok
fcc97ee87fca3ef9ce5a8bc4fea02e34975723da,seer_dial_p1550274,discovery,cold,0,echo_rtt,3.356,ok
fcc97ee87fca3ef9ce5a8bc4fea02e34975723da,seer_dial_p1550274,discovery,cold,0,echo_rtt,3.046,ok
fcc97ee87fca3ef9ce5a8bc4fea02e34975723da,seer_dial_p1550274,discovery,cold,0,echo_rtt,3.262,ok
fcc97ee87fca3ef9ce5a8bc4fea02e34975723da,seer_dial_p1550274,discovery,cold,0,echo_rtt,3.418,ok
fcc97ee87fca3ef9ce5a8bc4fea02e34975723da,seer_dial_p1550274,discovery,cold,0,echo_rtt,3.540,ok
fcc97ee87fca3ef9ce5a8bc4fea02e34975723da,seer_dial_p1550274,discovery,cold,0,echo_rtt,3.058,ok
fcc97ee87fca3ef9ce5a8bc4fea02e34975723da,seer_dial_p1550274,discovery,cold,0,echo_rtt,2.990,ok
fcc97ee87fca3ef9ce5a8bc4fea02e34975723da,seer_dial_p1550274,discovery,cold,0,echo_rtt,3.169,ok
fcc97ee87fca3ef9ce5a8bc4fea02e34975723da,seer_dial_p1550274,discovery,cold,0,echo_rtt,2.986,ok
fcc97ee87fca3ef9ce5a8bc4fea02e34975723da,seer_dial_p1550274,discovery,cold,0,echo_rtt,3.044,ok
fcc97ee87fca3ef9ce5a8bc4fea02e34975723da,seer_dial_p1550274,discovery,cold,0,echo_rtt,3.029,ok
fcc97ee87fca3ef9ce5a8bc4fea02e34975723da,seer_dial_p1550274,discovery,cold,0,echo_rtt,3.251,ok
fcc97ee87fca3ef9ce5a8bc4fea02e34975723da,seer_dial_p1550274,discovery,cold,0,echo_rtt,3.355,ok
fcc97ee87fca3ef9ce5a8bc4fea02e34975723da,seer_dial_p1550274,discovery,cold,0,echo_rtt,3.021,ok
fcc97ee87fca3ef9ce5a8bc4fea02e34975723da,seer_dial_p1550274,discovery,cold,0,echo_rtt,2.974,ok
fcc97ee87fca3ef9ce5a8bc4fea02e34975723da,seer_dial_p1550274,discovery,cold,0,echo_rtt,3.193,ok
fcc97ee87fca3ef9ce5a8bc4fea02e34975723da,seer_dial_p1550274,discovery,cold,0,echo_rtt,2.972,ok
fcc97ee87fca3ef9ce5a8bc4fea02e34975723da,seer_dial_p1550274,discovery,cold,0,echo_rtt,3.271,ok
fcc97ee87fca3ef9ce5a8bc4fea02e34975723da,seer_dial_p1550274,discovery,cold,0,echo_rtt,3.166,ok
fcc97ee87fca3ef9ce5a8bc4fea02e34975723da,seer_dial_p1550274,discovery,cold,0,echo_rtt,3.192,ok
fcc97ee87fca3ef9ce5a8bc4fea02e34975723da,seer_dial_p1550274,discovery,cold,0,echo_rtt,2.978,ok
fcc97ee87fca3ef9ce5a8bc4fea02e34975723da,seer_dial_p1550274,discovery,cold,0,echo_rtt,3.658,ok
fcc97ee87fca3ef9ce5a8bc4fea02e34975723da,seer_dial_p1550274,discovery,cold,0,echo_rtt,3.252,ok
fcc97ee87fca3ef9ce5a8bc4fea02e34975723da,seer_dial_p1550274,discovery,cold,0,echo_rtt,3.842,ok
fcc97ee87fca3ef9ce5a8bc4fea02e34975723da,seer_dial_p1550274,discovery,cold,0,echo_rtt,2.913,ok
fcc97ee87fca3ef9ce5a8bc4fea02e34975723da,seer_dial_p1550274,discovery,cold,0,echo_rtt,2.926,ok
fcc97ee87fca3ef9ce5a8bc4fea02e34975723da,seer_dial_p1550274,discovery,cold,0,echo_rtt,2.895,ok
fcc97ee87fca3ef9ce5a8bc4fea02e34975723da,seer_dial_p1550274,discovery,cold,0,echo_rtt,3.120,ok
fcc97ee87fca3ef9ce5a8bc4fea02e34975723da,seer_dial_p1550274,discovery,cold,0,echo_rtt,3.140,ok
fcc97ee87fca3ef9ce5a8bc4fea02e34975723da,seer_dial_p1550274,discovery,cold,0,echo_rtt,3.077,ok
fcc97ee87fca3ef9ce5a8bc4fea02e34975723da,seer_dial_p1550274,discovery,cold,0,echo_rtt,3.072,ok
fcc97ee87fca3ef9ce5a8bc4fea02e34975723da,seer_dial_p1550274,discovery,cold,0,echo_rtt,3.219,ok
fcc97ee87fca3ef9ce5a8bc4fea02e34975723da,seer_dial_p1550274,discovery,cold,0,echo_rtt,3.084,ok
fcc97ee87fca3ef9ce5a8bc4fea02e34975723da,seer_dial_p1550274,discovery,cold,0,echo_rtt,3.225,ok
fcc97ee87fca3ef9ce5a8bc4fea02e34975723da,seer_dial_p1550274,discovery,cold,0,echo_rtt,2.986,ok
fcc97ee87fca3ef9ce5a8bc4fea02e34975723da,seer_dial_p1550274,discovery,cold,0,echo_rtt,3.010,ok
fcc97ee87fca3ef9ce5a8bc4fea02e34975723da,seer_dial_p1550274,discovery,cold,0,echo_rtt,2.808,ok
fcc97ee87fca3ef9ce5a8bc4fea02e34975723da,seer_dial_p1550274,discovery,cold,0,echo_rtt,3.000,ok
fcc97ee87fca3ef9ce5a8bc4fea02e34975723da,seer_dial_p1550274,discovery,cold,0,echo_rtt,3.300,ok
fcc97ee87fca3ef9ce5a8bc4fea02e34975723da,seer_dial_p1550274,discovery,cold,0,echo_rtt,3.151,ok
fcc97ee87fca3ef9ce5a8bc4fea02e34975723da,seer_dial_p1550274,discovery,cold,0,echo_rtt,3.030,ok
fcc97ee87fca3ef9ce5a8bc4fea02e34975723da,seer_dial_p1550274,discovery,cold,0,echo_rtt,2.931,ok
fcc97ee87fca3ef9ce5a8bc4fea02e34975723da,seer_dial_p1550274,discovery,cold,0,echo_rtt,3.012,ok
fcc97ee87fca3ef9ce5a8bc4fea02e34975723da,seer_dial_p1550274,discovery,cold,0,echo_rtt,3.058,ok
fcc97ee87fca3ef9ce5a8bc4fea02e34975723da,seer_dial_p1550274,discovery,cold,0,echo_rtt,3.105,ok
fcc97ee87fca3ef9ce5a8bc4fea02e34975723da,seer_dial_p1550274,discovery,cold,0,echo_rtt,3.058,ok
fcc97ee87fca3ef9ce5a8bc4fea02e34975723da,seer_dial_p1550274,discovery,cold,0,echo_rtt,3.044,ok
fcc97ee87fca3ef9ce5a8bc4fea02e34975723da,seer_dial_p1550274,discovery,cold,0,echo_rtt,2.900,ok
fcc97ee87fca3ef9ce5a8bc4fea02e34975723da,seer_dial_p1550274,discovery,cold,0,echo_rtt,3.092,ok
fcc97ee87fca3ef9ce5a8bc4fea02e34975723da,seer_dial_p1550274,discovery,cold,0,echo_rtt,2.974,ok
fcc97ee87fca3ef9ce5a8bc4fea02e34975723da,seer_dial_p1550274,discovery,cold,0,echo_rtt,3.016,ok
fcc97ee87fca3ef9ce5a8bc4fea02e34975723da,seer_dial_p1550274,discovery,cold,0,echo_rtt,3.304,ok
fcc97ee87fca3ef9ce5a8bc4fea02e34975723da,seer_dial_p1550274,discovery,cold,0,echo_rtt,3.015,ok
fcc97ee87fca3ef9ce5a8bc4fea02e34975723da,seer_dial_p1550274,discovery,cold,0,echo_rtt,3.446,ok
fcc97ee87fca3ef9ce5a8bc4fea02e34975723da,seer_dial_p1550274,discovery,cold,0,echo_rtt,3.072,ok
fcc97ee87fca3ef9ce5a8bc4fea02e34975723da,seer_dial_p1550274,discovery,cold,0,echo_rtt,2.994,ok
fcc97ee87fca3ef9ce5a8bc4fea02e34975723da,seer_dial_p1550274,discovery,cold,0,echo_rtt,3.161,ok
fcc97ee87fca3ef9ce5a8bc4fea02e34975723da,seer_dial_p1550274,discovery,cold,0,echo_rtt,3.205,ok
fcc97ee87fca3ef9ce5a8bc4fea02e34975723da,seer_dial_p1550274,discovery,cold,0,echo_rtt,3.026,ok
fcc97ee87fca3ef9ce5a8bc4fea02e34975723da,seer_dial_p1550274,discovery,cold,0,echo_rtt,3.195,ok
fcc97ee87fca3ef9ce5a8bc4fea02e34975723da,seer_dial_p1550274,discovery,cold,0,echo_rtt,2.974,ok
fcc97ee87fca3ef9ce5a8bc4fea02e34975723da,seer_dial_p1550274,discovery,cold,0,echo_rtt,3.113,ok
fcc97ee87fca3ef9ce5a8bc4fea02e34975723da,seer_dial_p1550274,discovery,cold,0,echo_rtt,3.128,ok
fcc97ee87fca3ef9ce5a8bc4fea02e34975723da,seer_dial_p1550274,discovery,cold,0,seer_dial,201.582,ok
fcc97ee87fca3ef9ce5a8bc4fea02e34975723da,seer_dial_p1550274,discovery,cold,0,stream_open,83.204,ok
fcc97ee87fca3ef9ce5a8bc4fea02e34975723da,seer_dial_p1550274,discovery,cold,0,echo_rtt,4.547,ok
fcc97ee87fca3ef9ce5a8bc4fea02e34975723da,seer_dial_p1550274,discovery,cold,0,echo_rtt,4.031,ok
fcc97ee87fca3ef9ce5a8bc4fea02e34975723da,seer_dial_p1550274,discovery,cold,0,echo_rtt,3.347,ok
fcc97ee87fca3ef9ce5a8bc4fea02e34975723da,seer_dial_p1550274,discovery,cold,0,echo_rtt,3.445,ok
fcc97ee87fca3ef9ce5a8bc4fea02e34975723da,seer_dial_p1550274,discovery,cold,0,echo_rtt,3.168,ok
fcc97ee87fca3ef9ce5a8bc4fea02e34975723da,seer_dial_p1550274,discovery,cold,0,echo_rtt,3.185,ok
fcc97ee87fca3ef9ce5a8bc4fea02e34975723da,seer_dial_p1550274,discovery,cold,0,echo_rtt,3.010,ok
fcc97ee87fca3ef9ce5a8bc4fea02e34975723da,seer_dial_p1550274,discovery,cold,0,echo_rtt,3.106,ok
fcc97ee87fca3ef9ce5a8bc4fea02e34975723da,seer_dial_p1550274,discovery,cold,0,echo_rtt,3.286,ok
fcc97ee87fca3ef9ce5a8bc4fea02e34975723da,seer_dial_p1550274,discovery,cold,0,echo_rtt,3.363,ok
fcc97ee87fca3ef9ce5a8bc4fea02e34975723da,seer_dial_p1550274,discovery,cold,0,echo_rtt,3.087,ok
fcc97ee87fca3ef9ce5a8bc4fea02e34975723da,seer_dial_p1550274,discovery,cold,0,echo_rtt,3.417,ok
fcc97ee87fca3ef9ce5a8bc4fea02e34975723da,seer_dial_p1550274,discovery,cold,0,echo_rtt,3.147,ok
fcc97ee87fca3ef9ce5a8bc4fea02e34975723da,seer_dial_p1550274,discovery,cold,0,echo_rtt,3.144,ok
fcc97ee87fca3ef9ce5a8bc4fea02e34975723da,seer_dial_p1550274,discovery,cold,0,echo_rtt,3.507,ok
fcc97ee87fca3ef9ce5a8bc4fea02e34975723da,seer_dial_p1550274,discovery,cold,0,echo_rtt,3.065,ok
fcc97ee87fca3ef9ce5a8bc4fea02e34975723da,seer_dial_p1550274,discovery,cold,0,echo_rtt,3.272,ok
fcc97ee87fca3ef9ce5a8bc4fea02e34975723da,seer_dial_p1550274,discovery,cold,0,echo_rtt,3.070,ok
fcc97ee87fca3ef9ce5a8bc4fea02e34975723da,seer_dial_p1550274,discovery,cold,0,echo_rtt,3.343,ok
fcc97ee87fca3ef9ce5a8bc4fea02e34975723da,seer_dial_p1550274,discovery,cold,0,echo_rtt,3.225,ok
fcc97ee87fca3ef9ce5a8bc4fea02e34975723da,seer_dial_p1550274,discovery,cold,0,echo_rtt,3.207,ok
fcc97ee87fca3ef9ce5a8bc4fea02e34975723da,seer_dial_p1550274,discovery,cold,0,echo_rtt,3.367,ok
fcc97ee87fca3ef9ce5a8bc4fea02e34975723da,seer_dial_p1550274,discovery,cold,0,echo_rtt,3.007,ok
fcc97ee87fca3ef9ce5a8bc4fea02e34975723da,seer_dial_p1550274,discovery,cold,0,echo_rtt,3.047,ok
fcc97ee87fca3ef9ce5a8bc4fea02e34975723da,seer_dial_p1550274,discovery,cold,0,echo_rtt,3.266,ok
fcc97ee87fca3ef9ce5a8bc4fea02e34975723da,seer_dial_p1550274,discovery,cold,0,echo_rtt,3.080,ok
fcc97ee87fca3ef9ce5a8bc4fea02e34975723da,seer_dial_p1550274,discovery,cold,0,echo_rtt,3.028,ok
fcc97ee87fca3ef9ce5a8bc4fea02e34975723da,seer_dial_p1550274,discovery,cold,0,echo_rtt,3.276,ok
fcc97ee87fca3ef9ce5a8bc4fea02e34975723da,seer_dial_p1550274,discovery,cold,0,echo_rtt,3.335,ok
fcc97ee87fca3ef9ce5a8bc4fea02e34975723da,seer_dial_p1550274,discovery,cold,0,echo_rtt,3.218,ok
fcc97ee87fca3ef9ce5a8bc4fea02e34975723da,seer_dial_p1550274,discovery,cold,0,echo_rtt,2.987,ok
fcc97ee87fca3ef9ce5a8bc4fea02e34975723da,seer_dial_p1550274,discovery,cold,0,echo_rtt,2.987,ok
fcc97ee87fca3ef9ce5a8bc4fea02e34975723da,seer_dial_p1550274,discovery,cold,0,echo_rtt,3.047,ok
fcc97ee87fca3ef9ce5a8bc4fea02e34975723da,seer_dial_p1550274,discovery,cold,0,echo_rtt,3.032,ok
fcc97ee87fca3ef9ce5a8bc4fea02e34975723da,seer_dial_p1550274,discovery,cold,0,echo_rtt,3.242,ok
fcc97ee87fca3ef9ce5a8bc4fea02e34975723da,seer_dial_p1550274,discovery,cold,0,echo_rtt,3.927,ok
fcc97ee87fca3ef9ce5a8bc4fea02e34975723da,seer_dial_p1550274,discovery,cold,0,echo_rtt,3.213,ok
fcc97ee87fca3ef9ce5a8bc4fea02e34975723da,seer_dial_p1550274,discovery,cold,0,echo_rtt,3.223,ok
fcc97ee87fca3ef9ce5a8bc4fea02e34975723da,seer_dial_p1550274,discovery,cold,0,echo_rtt,2.919,ok
fcc97ee87fca3ef9ce5a8bc4fea02e34975723da,seer_dial_p1550274,discovery,cold,0,echo_rtt,2.977,ok
fcc97ee87fca3ef9ce5a8bc4fea02e34975723da,seer_dial_p1550274,discovery,cold,0,echo_rtt,2.949,ok
fcc97ee87fca3ef9ce5a8bc4fea02e34975723da,seer_dial_p1550274,discovery,cold,0,echo_rtt,3.275,ok
fcc97ee87fca3ef9ce5a8bc4fea02e34975723da,seer_dial_p1550274,discovery,cold,0,echo_rtt,3.064,ok
fcc97ee87fca3ef9ce5a8bc4fea02e34975723da,seer_dial_p1550274,discovery,cold,0,echo_rtt,3.138,ok
fcc97ee87fca3ef9ce5a8bc4fea02e34975723da,seer_dial_p1550274,discovery,cold,0,echo_rtt,3.803,ok
fcc97ee87fca3ef9ce5a8bc4fea02e34975723da,seer_dial_p1550274,discovery,cold,0,echo_rtt,2.933,ok
fcc97ee87fca3ef9ce5a8bc4fea02e34975723da,seer_dial_p1550274,discovery,cold,0,echo_rtt,3.260,ok
fcc97ee87fca3ef9ce5a8bc4fea02e34975723da,seer_dial_p1550274,discovery,cold,0,echo_rtt,2.988,ok
fcc97ee87fca3ef9ce5a8bc4fea02e34975723da,seer_dial_p1550274,discovery,cold,0,echo_rtt,3.158,ok
fcc97ee87fca3ef9ce5a8bc4fea02e34975723da,seer_dial_p1550274,discovery,cold,0,echo_rtt,3.122,ok
fcc97ee87fca3ef9ce5a8bc4fea02e34975723da,seer_dial_p1550274,discovery,cold,0,echo_rtt,2.957,ok
fcc97ee87fca3ef9ce5a8bc4fea02e34975723da,seer_dial_p1550274,discovery,cold,0,echo_rtt,3.132,ok
fcc97ee87fca3ef9ce5a8bc4fea02e34975723da,seer_dial_p1550274,discovery,cold,0,echo_rtt,2.963,ok
fcc97ee87fca3ef9ce5a8bc4fea02e34975723da,seer_dial_p1550274,discovery,cold,0,echo_rtt,3.006,ok
fcc97ee87fca3ef9ce5a8bc4fea02e34975723da,seer_dial_p1550274,discovery,cold,0,echo_rtt,3.567,ok
fcc97ee87fca3ef9ce5a8bc4fea02e34975723da,seer_dial_p1550274,discovery,cold,0,echo_rtt,3.012,ok
fcc97ee87fca3ef9ce5a8bc4fea02e34975723da,seer_dial_p1550274,discovery,cold,0,echo_rtt,3.040,ok
fcc97ee87fca3ef9ce5a8bc4fea02e34975723da,seer_dial_p1550274,discovery,cold,0,echo_rtt,3.319,ok
fcc97ee87fca3ef9ce5a8bc4fea02e34975723da,seer_dial_p1550274,discovery,cold,0,echo_rtt,3.340,ok
fcc97ee87fca3ef9ce5a8bc4fea02e34975723da,seer_dial_p1550274,discovery,cold,0,echo_rtt,3.251,ok
fcc97ee87fca3ef9ce5a8bc4fea02e34975723da,seer_dial_p1550274,discovery,cold,0,echo_rtt,3.189,ok
fcc97ee87fca3ef9ce5a8bc4fea02e34975723da,seer_dial_p1550274,discovery,cold,0,echo_rtt,3.014,ok
fcc97ee87fca3ef9ce5a8bc4fea02e34975723da,seer_dial_p1550274,discovery,cold,0,echo_rtt,3.072,ok
fcc97ee87fca3ef9ce5a8bc4fea02e34975723da,seer_dial_p1550274,discovery,cold,0,echo_rtt,3.140,ok
fcc97ee87fca3ef9ce5a8bc4fea02e34975723da,seer_dial_p1550274,discovery,cold,0,echo_rtt,3.527,ok
fcc97ee87fca3ef9ce5a8bc4fea02e34975723da,seer_dial_p1550274,discovery,cold,0,echo_rtt,3.059,ok
fcc97ee87fca3ef9ce5a8bc4fea02e34975723da,seer_dial_p1550274,discovery,cold,0,echo_rtt,3.159,ok
fcc97ee87fca3ef9ce5a8bc4fea02e34975723da,seer_dial_p1550274,discovery,cold,0,echo_rtt,2.896,ok
fcc97ee87fca3ef9ce5a8bc4fea02e34975723da,seer_dial_p1550274,discovery,cold,0,echo_rtt,2.944,ok
fcc97ee87fca3ef9ce5a8bc4fea02e34975723da,seer_dial_p1550274,discovery,cold,0,echo_rtt,3.126,ok
fcc97ee87fca3ef9ce5a8bc4fea02e34975723da,seer_dial_p1550274,discovery,cold,0,echo_rtt,2.986,ok
fcc97ee87fca3ef9ce5a8bc4fea02e34975723da,seer_dial_p1550274,discovery,cold,0,echo_rtt,3.053,ok
fcc97ee87fca3ef9ce5a8bc4fea02e34975723da,seer_dial_p1550274,discovery,cold,0,echo_rtt,2.946,ok
fcc97ee87fca3ef9ce5a8bc4fea02e34975723da,seer_dial_p1550274,discovery,cold,0,echo_rtt,3.497,ok
fcc97ee87fca3ef9ce5a8bc4fea02e34975723da,seer_dial_p1550274,discovery,cold,0,echo_rtt,3.034,ok
fcc97ee87fca3ef9ce5a8bc4fea02e34975723da,seer_dial_p1550274,discovery,cold,0,echo_rtt,3.220,ok
fcc97ee87fca3ef9ce5a8bc4fea02e34975723da,seer_dial_p1550274,discovery,cold,0,echo_rtt,3.133,ok
fcc97ee87fca3ef9ce5a8bc4fea02e34975723da,seer_dial_p1550274,discovery,cold,0,echo_rtt,3.009,ok
fcc97ee87fca3ef9ce5a8bc4fea02e34975723da,seer_dial_p1550274,discovery,cold,0,echo_rtt,3.112,ok
fcc97ee87fca3ef9ce5a8bc4fea02e34975723da,seer_dial_p1550274,discovery,cold,0,echo_rtt,2.947,ok
fcc97ee87fca3ef9ce5a8bc4fea02e34975723da,seer_dial_p1550274,discovery,cold,0,echo_rtt,3.158,ok
fcc97ee87fca3ef9ce5a8bc4fea02e34975723da,seer_dial_p1550274,discovery,cold,0,echo_rtt,3.128,ok
fcc97ee87fca3ef9ce5a8bc4fea02e34975723da,seer_dial_p1550274,discovery,cold,0,echo_rtt,3.192,ok
fcc97ee87fca3ef9ce5a8bc4fea02e34975723da,seer_dial_p1550274,discovery,cold,0,echo_rtt,3.101,ok
fcc97ee87fca3ef9ce5a8bc4fea02e34975723da,seer_dial_p1550274,discovery,cold,0,echo_rtt,2.870,ok
fcc97ee87fca3ef9ce5a8bc4fea02e34975723da,seer_dial_p1550274,discovery,cold,0,echo_rtt,3.103,ok
fcc97ee87fca3ef9ce5a8bc4fea02e34975723da,seer_dial_p1550274,discovery,cold,0,echo_rtt,3.058,ok
fcc97ee87fca3ef9ce5a8bc4fea02e34975723da,seer_dial_p1550274,discovery,cold,0,echo_rtt,3.222,ok
fcc97ee87fca3ef9ce5a8bc4fea02e34975723da,seer_dial_p1550274,discovery,cold,0,echo_rtt,2.938,ok
fcc97ee87fca3ef9ce5a8bc4fea02e34975723da,seer_dial_p1550274,discovery,cold,0,echo_rtt,3.376,ok
fcc97ee87fca3ef9ce5a8bc4fea02e34975723da,seer_dial_p1550274,discovery,cold,0,echo_rtt,2.949,ok
fcc97ee87fca3ef9ce5a8bc4fea02e34975723da,seer_dial_p1550274,discovery,cold,0,echo_rtt,3.416,ok
fcc97ee87fca3ef9ce5a8bc4fea02e34975723da,seer_dial_p1550274,discovery,cold,0,echo_rtt,3.199,ok
fcc97ee87fca3ef9ce5a8bc4fea02e34975723da,seer_dial_p1550274,discovery,cold,0,echo_rtt,3.043,ok
fcc97ee87fca3ef9ce5a8bc4fea02e34975723da,seer_dial_p1550274,discovery,cold,0,echo_rtt,2.961,ok
fcc97ee87fca3ef9ce5a8bc4fea02e34975723da,seer_dial_p1550274,discovery,cold,0,echo_rtt,3.049,ok
fcc97ee87fca3ef9ce5a8bc4fea02e34975723da,seer_dial_p1550274,discovery,cold,0,echo_rtt,2.934,ok
fcc97ee87fca3ef9ce5a8bc4fea02e34975723da,seer_dial_p1550274,discovery,cold,0,echo_rtt,3.177,ok
fcc97ee87fca3ef9ce5a8bc4fea02e34975723da,seer_dial_p1550274,discovery,cold,0,echo_rtt,3.208,ok
fcc97ee87fca3ef9ce5a8bc4fea02e34975723da,seer_dial_p1550274,discovery,cold,0,echo_rtt,3.030,ok
fcc97ee87fca3ef9ce5a8bc4fea02e34975723da,seer_dial_p1550274,discovery,cold,0,seer_dial,193.074,ok
fcc97ee87fca3ef9ce5a8bc4fea02e34975723da,seer_dial_p1550274,discovery,cold,0,stream_open,79.999,ok
fcc97ee87fca3ef9ce5a8bc4fea02e34975723da,seer_dial_p1550274,discovery,cold,0,echo_rtt,4.378,ok
fcc97ee87fca3ef9ce5a8bc4fea02e34975723da,seer_dial_p1550274,discovery,cold,0,echo_rtt,3.953,ok
fcc97ee87fca3ef9ce5a8bc4fea02e34975723da,seer_dial_p1550274,discovery,cold,0,echo_rtt,3.467,ok
fcc97ee87fca3ef9ce5a8bc4fea02e34975723da,seer_dial_p1550274,discovery,cold,0,echo_rtt,3.581,ok
fcc97ee87fca3ef9ce5a8bc4fea02e34975723da,seer_dial_p1550274,discovery,cold,0,echo_rtt,3.157,ok
fcc97ee87fca3ef9ce5a8bc4fea02e34975723da,seer_dial_p1550274,discovery,cold,0,echo_rtt,3.228,ok
fcc97ee87fca3ef9ce5a8bc4fea02e34975723da,seer_dial_p1550274,discovery,cold,0,echo_rtt,3.339,ok
fcc97ee87fca3ef9ce5a8bc4fea02e34975723da,seer_dial_p1550274,discovery,cold,0,echo_rtt,3.052,ok
fcc97ee87fca3ef9ce5a8bc4fea02e34975723da,seer_dial_p1550274,discovery,cold,0,echo_rtt,3.490,ok
fcc97ee87fca3ef9ce5a8bc4fea02e34975723da,seer_dial_p1550274,discovery,cold,0,echo_rtt,3.042,ok
fcc97ee87fca3ef9ce5a8bc4fea02e34975723da,seer_dial_p1550274,discovery,cold,0,echo_rtt,3.353,ok
fcc97ee87fca3ef9ce5a8bc4fea02e34975723da,seer_dial_p1550274,discovery,cold,0,echo_rtt,3.280,ok
fcc97ee87fca3ef9ce5a8bc4fea02e34975723da,seer_dial_p1550274,discovery,cold,0,echo_rtt,3.378,ok
fcc97ee87fca3ef9ce5a8bc4fea02e34975723da,seer_dial_p1550274,discovery,cold,0,echo_rtt,3.057,ok
fcc97ee87fca3ef9ce5a8bc4fea02e34975723da,seer_dial_p1550274,discovery,cold,0,echo_rtt,3.272,ok
fcc97ee87fca3ef9ce5a8bc4fea02e34975723da,seer_dial_p1550274,discovery,cold,0,echo_rtt,3.115,ok
fcc97ee87fca3ef9ce5a8bc4fea02e34975723da,seer_dial_p1550274,discovery,cold,0,echo_rtt,3.318,ok
fcc97ee87fca3ef9ce5a8bc4fea02e34975723da,seer_dial_p1550274,discovery,cold,0,echo_rtt,3.236,ok
fcc97ee87fca3ef9ce5a8bc4fea02e34975723da,seer_dial_p1550274,discovery,cold,0,echo_rtt,3.107,ok
fcc97ee87fca3ef9ce5a8bc4fea02e34975723da,seer_dial_p1550274,discovery,cold,0,echo_rtt,3.163,ok
fcc97ee87fca3ef9ce5a8bc4fea02e34975723da,seer_dial_p1550274,discovery,cold,0,echo_rtt,3.440,ok
fcc97ee87fca3ef9ce5a8bc4fea02e34975723da,seer_dial_p1550274,discovery,cold,0,echo_rtt,3.074,ok
fcc97ee87fca3ef9ce5a8bc4fea02e34975723da,seer_dial_p1550274,discovery,cold,0,echo_rtt,3.219,ok
fcc97ee87fca3ef9ce5a8bc4fea02e34975723da,seer_dial_p1550274,discovery,cold,0,echo_rtt,3.215,ok
fcc97ee87fca3ef9ce5a8bc4fea02e34975723da,seer_dial_p1550274,discovery,cold,0,echo_rtt,3.178,ok
fcc97ee87fca3ef9ce5a8bc4fea02e34975723da,seer_dial_p1550274,discovery,cold,0,echo_rtt,3.128,ok
fcc97ee87fca3ef9ce5a8bc4fea02e34975723da,seer_dial_p1550274,discovery,cold,0,echo_rtt,3.228,ok
fcc97ee87fca3ef9ce5a8bc4fea02e34975723da,seer_dial_p1550274,discovery,cold,0,echo_rtt,3.170,ok
fcc97ee87fca3ef9ce5a8bc4fea02e34975723da,seer_dial_p1550274,discovery,cold,0,echo_rtt,3.039,ok
fcc97ee87fca3ef9ce5a8bc4fea02e34975723da,seer_dial_p1550274,discovery,cold,0,echo_rtt,3.475,ok
fcc97ee87fca3ef9ce5a8bc4fea02e34975723da,seer_dial_p1550274,discovery,cold,0,echo_rtt,3.125,ok
fcc97ee87fca3ef9ce5a8bc4fea02e34975723da,seer_dial_p1550274,discovery,cold,0,echo_rtt,3.317,ok
fcc97ee87fca3ef9ce5a8bc4fea02e34975723da,seer_dial_p1550274,discovery,cold,0,echo_rtt,2.894,ok
fcc97ee87fca3ef9ce5a8bc4fea02e34975723da,seer_dial_p1550274,discovery,cold,0,echo_rtt,2.990,ok
fcc97ee87fca3ef9ce5a8bc4fea02e34975723da,seer_dial_p1550274,discovery,cold,0,echo_rtt,3.091,ok
fcc97ee87fca3ef9ce5a8bc4fea02e34975723da,seer_dial_p1550274,discovery,cold,0,echo_rtt,2.895,ok
fcc97ee87fca3ef9ce5a8bc4fea02e34975723da,seer_dial_p1550274,discovery,cold,0,echo_rtt,3.221,ok
fcc97ee87fca3ef9ce5a8bc4fea02e34975723da,seer_dial_p1550274,discovery,cold,0,echo_rtt,3.264,ok
fcc97ee87fca3ef9ce5a8bc4fea02e34975723da,seer_dial_p1550274,discovery,cold,0,echo_rtt,3.005,ok
fcc97ee87fca3ef9ce5a8bc4fea02e34975723da,seer_dial_p1550274,discovery,cold,0,echo_rtt,3.023,ok
fcc97ee87fca3ef9ce5a8bc4fea02e34975723da,seer_dial_p1550274,discovery,cold,0,echo_rtt,3.058,ok
fcc97ee87fca3ef9ce5a8bc4fea02e34975723da,seer_dial_p1550274,discovery,cold,0,echo_rtt,3.129,ok
fcc97ee87fca3ef9ce5a8bc4fea02e34975723da,seer_dial_p1550274,discovery,cold,0,echo_rtt,3.040,ok
fcc97ee87fca3ef9ce5a8bc4fea02e34975723da,seer_dial_p1550274,discovery,cold,0,echo_rtt,3.042,ok
fcc97ee87fca3ef9ce5a8bc4fea02e34975723da,seer_dial_p1550274,discovery,cold,0,echo_rtt,3.093,ok
fcc97ee87fca3ef9ce5a8bc4fea02e34975723da,seer_dial_p1550274,discovery,cold,0,echo_rtt,2.959,ok
fcc97ee87fca3ef9ce5a8bc4fea02e34975723da,seer_dial_p1550274,discovery,cold,0,echo_rtt,3.315,ok
fcc97ee87fca3ef9ce5a8bc4fea02e34975723da,seer_dial_p1550274,discovery,cold,0,echo_rtt,3.152,ok
fcc97ee87fca3ef9ce5a8bc4fea02e34975723da,seer_dial_p1550274,discovery,cold,0,echo_rtt,3.015,ok
fcc97ee87fca3ef9ce5a8bc4fea02e34975723da,seer_dial_p1550274,discovery,cold,0,echo_rtt,3.077,ok
fcc97ee87fca3ef9ce5a8bc4fea02e34975723da,seer_dial_p1550274,discovery,cold,0,echo_rtt,3.031,ok
fcc97ee87fca3ef9ce5a8bc4fea02e34975723da,seer_dial_p1550274,discovery,cold,0,echo_rtt,3.070,ok
fcc97ee87fca3ef9ce5a8bc4fea02e34975723da,seer_dial_p1550274,discovery,cold,0,echo_rtt,3.091,ok
fcc97ee87fca3ef9ce5a8bc4fea02e34975723da,seer_dial_p1550274,discovery,cold,0,echo_rtt,2.969,ok
fcc97ee87fca3ef9ce5a8bc4fea02e34975723da,seer_dial_p1550274,discovery,cold,0,echo_rtt,3.035,ok
fcc97ee87fca3ef9ce5a8bc4fea02e34975723da,seer_dial_p1550274,discovery,cold,0,echo_rtt,3.138,ok
fcc97ee87fca3ef9ce5a8bc4fea02e34975723da,seer_dial_p1550274,discovery,cold,0,echo_rtt,3.114,ok
fcc97ee87fca3ef9ce5a8bc4fea02e34975723da,seer_dial_p1550274,discovery,cold,0,echo_rtt,3.053,ok
fcc97ee87fca3ef9ce5a8bc4fea02e34975723da,seer_dial_p1550274,discovery,cold,0,echo_rtt,3.138,ok
fcc97ee87fca3ef9ce5a8bc4fea02e34975723da,seer_dial_p1550274,discovery,cold,0,echo_rtt,2.925,ok
fcc97ee87fca3ef9ce5a8bc4fea02e34975723da,seer_dial_p1550274,discovery,cold,0,echo_rtt,2.915,ok
fcc97ee87fca3ef9ce5a8bc4fea02e34975723da,seer_dial_p1550274,discovery,cold,0,echo_rtt,3.123,ok
fcc97ee87fca3ef9ce5a8bc4fea02e34975723da,seer_dial_p1550274,discovery,cold,0,echo_rtt,3.022,ok
fcc97ee87fca3ef9ce5a8bc4fea02e34975723da,seer_dial_p1550274,discovery,cold,0,echo_rtt,3.325,ok
fcc97ee87fca3ef9ce5a8bc4fea02e34975723da,seer_dial_p1550274,discovery,cold,0,echo_rtt,3.006,ok
fcc97ee87fca3ef9ce5a8bc4fea02e34975723da,seer_dial_p1550274,discovery,cold,0,echo_rtt,3.131,ok
fcc97ee87fca3ef9ce5a8bc4fea02e34975723da,seer_dial_p1550274,discovery,cold,0,echo_rtt,3.063,ok
fcc97ee87fca3ef9ce5a8bc4fea02e34975723da,seer_dial_p1550274,discovery,cold,0,echo_rtt,3.160,ok
fcc97ee87fca3ef9ce5a8bc4fea02e34975723da,seer_dial_p1550274,discovery,cold,0,echo_rtt,2.867,ok
fcc97ee87fca3ef9ce5a8bc4fea02e34975723da,seer_dial_p1550274,discovery,cold,0,echo_rtt,2.985,ok
fcc97ee87fca3ef9ce5a8bc4fea02e34975723da,seer_dial_p1550274,discovery,cold,0,echo_rtt,3.065,ok
fcc97ee87fca3ef9ce5a8bc4fea02e34975723da,seer_dial_p1550274,discovery,cold,0,echo_rtt,2.965,ok
fcc97ee87fca3ef9ce5a8bc4fea02e34975723da,seer_dial_p1550274,discovery,cold,0,echo_rtt,2.940,ok
fcc97ee87fca3ef9ce5a8bc4fea02e34975723da,seer_dial_p1550274,discovery,cold,0,echo_rtt,3.075,ok
fcc97ee87fca3ef9ce5a8bc4fea02e34975723da,seer_dial_p1550274,discovery,cold,0,echo_rtt,3.841,ok
fcc97ee87fca3ef9ce5a8bc4fea02e34975723da,seer_dial_p1550274,discovery,cold,0,echo_rtt,3.258,ok
fcc97ee87fca3ef9ce5a8bc4fea02e34975723da,seer_dial_p1550274,discovery,cold,0,echo_rtt,3.116,ok
fcc97ee87fca3ef9ce5a8bc4fea02e34975723da,seer_dial_p1550274,discovery,cold,0,echo_rtt,30.897,ok
fcc97ee87fca3ef9ce5a8bc4fea02e34975723da,seer_dial_p1550274,discovery,cold,0,echo_rtt,3.710,ok
fcc97ee87fca3ef9ce5a8bc4fea02e34975723da,seer_dial_p1550274,discovery,cold,0,echo_rtt,3.072,ok
fcc97ee87fca3ef9ce5a8bc4fea02e34975723da,seer_dial_p1550274,discovery,cold,0,echo_rtt,3.019,ok
fcc97ee87fca3ef9ce5a8bc4fea02e34975723da,seer_dial_p1550274,discovery,cold,0,echo_rtt,4.592,ok
fcc97ee87fca3ef9ce5a8bc4fea02e34975723da,seer_dial_p1550274,discovery,cold,0,echo_rtt,3.340,ok
fcc97ee87fca3ef9ce5a8bc4fea02e34975723da,seer_dial_p1550274,discovery,cold,0,echo_rtt,2.937,ok
fcc97ee87fca3ef9ce5a8bc4fea02e34975723da,seer_dial_p1550274,discovery,cold,0,echo_rtt,2.998,ok
fcc97ee87fca3ef9ce5a8bc4fea02e34975723da,seer_dial_p1550274,discovery,cold,0,echo_rtt,3.486,ok
fcc97ee87fca3ef9ce5a8bc4fea02e34975723da,seer_dial_p1550274,discovery,cold,0,echo_rtt,3.181,ok
fcc97ee87fca3ef9ce5a8bc4fea02e34975723da,seer_dial_p1550274,discovery,cold,0,echo_rtt,3.028,ok
fcc97ee87fca3ef9ce5a8bc4fea02e34975723da,seer_dial_p1550274,discovery,cold,0,echo_rtt,2.957,ok
fcc97ee87fca3ef9ce5a8bc4fea02e34975723da,seer_dial_p1550274,discovery,cold,0,echo_rtt,3.225,ok
fcc97ee87fca3ef9ce5a8bc4fea02e34975723da,seer_dial_p1550274,discovery,cold,0,echo_rtt,3.296,ok
fcc97ee87fca3ef9ce5a8bc4fea02e34975723da,seer_dial_p1550274,discovery,cold,0,echo_rtt,3.059,ok
fcc97ee87fca3ef9ce5a8bc4fea02e34975723da,seer_dial_p1550274,discovery,cold,0,echo_rtt,2.956,ok
fcc97ee87fca3ef9ce5a8bc4fea02e34975723da,seer_dial_p1550274,discovery,cold,0,echo_rtt,3.322,ok
fcc97ee87fca3ef9ce5a8bc4fea02e34975723da,seer_dial_p1550274,discovery,cold,0,echo_rtt,3.072,ok
fcc97ee87fca3ef9ce5a8bc4fea02e34975723da,seer_dial_p1550274,discovery,cold,0,echo_rtt,3.068,ok
fcc97ee87fca3ef9ce5a8bc4fea02e34975723da,seer_dial_p1550274,discovery,cold,0,echo_rtt,3.089,ok
fcc97ee87fca3ef9ce5a8bc4fea02e34975723da,seer_dial_p1550274,discovery,cold,0,echo_rtt,3.086,ok
fcc97ee87fca3ef9ce5a8bc4fea02e34975723da,seer_dial_p1550274,discovery,cold,0,echo_rtt,3.066,ok
fcc97ee87fca3ef9ce5a8bc4fea02e34975723da,seer_dial_p1550274,discovery,cold,0,echo_rtt,3.173,ok
fcc97ee87fca3ef9ce5a8bc4fea02e34975723da,seer_dial_p1550274,discovery,cold,0,seer_dial,196.487,ok
fcc97ee87fca3ef9ce5a8bc4fea02e34975723da,seer_dial_p1550274,discovery,cold,0,stream_open,81.387,ok
fcc97ee87fca3ef9ce5a8bc4fea02e34975723da,seer_dial_p1550274,discovery,cold,0,echo_rtt,4.303,ok
fcc97ee87fca3ef9ce5a8bc4fea02e34975723da,seer_dial_p1550274,discovery,cold,0,echo_rtt,3.607,ok
fcc97ee87fca3ef9ce5a8bc4fea02e34975723da,seer_dial_p1550274,discovery,cold,0,echo_rtt,3.084,ok
fcc97ee87fca3ef9ce5a8bc4fea02e34975723da,seer_dial_p1550274,discovery,cold,0,echo_rtt,3.253,ok
fcc97ee87fca3ef9ce5a8bc4fea02e34975723da,seer_dial_p1550274,discovery,cold,0,echo_rtt,3.200,ok
fcc97ee87fca3ef9ce5a8bc4fea02e34975723da,seer_dial_p1550274,discovery,cold,0,echo_rtt,3.244,ok
fcc97ee87fca3ef9ce5a8bc4fea02e34975723da,seer_dial_p1550274,discovery,cold,0,echo_rtt,3.097,ok
fcc97ee87fca3ef9ce5a8bc4fea02e34975723da,seer_dial_p1550274,discovery,cold,0,echo_rtt,3.037,ok
fcc97ee87fca3ef9ce5a8bc4fea02e34975723da,seer_dial_p1550274,discovery,cold,0,echo_rtt,3.373,ok
fcc97ee87fca3ef9ce5a8bc4fea02e34975723da,seer_dial_p1550274,discovery,cold,0,echo_rtt,3.066,ok
fcc97ee87fca3ef9ce5a8bc4fea02e34975723da,seer_dial_p1550274,discovery,cold,0,echo_rtt,3.669,ok
fcc97ee87fca3ef9ce5a8bc4fea02e34975723da,seer_dial_p1550274,discovery,cold,0,echo_rtt,3.080,ok
fcc97ee87fca3ef9ce5a8bc4fea02e34975723da,seer_dial_p1550274,discovery,cold,0,echo_rtt,2.980,ok
fcc97ee87fca3ef9ce5a8bc4fea02e34975723da,seer_dial_p1550274,discovery,cold,0,echo_rtt,3.193,ok
fcc97ee87fca3ef9ce5a8bc4fea02e34975723da,seer_dial_p1550274,discovery,cold,0,echo_rtt,3.182,ok
fcc97ee87fca3ef9ce5a8bc4fea02e34975723da,seer_dial_p1550274,discovery,cold,0,echo_rtt,3.403,ok
fcc97ee87fca3ef9ce5a8bc4fea02e34975723da,seer_dial_p1550274,discovery,cold,0,echo_rtt,3.460,ok
fcc97ee87fca3ef9ce5a8bc4fea02e34975723da,seer_dial_p1550274,discovery,cold,0,echo_rtt,3.118,ok
fcc97ee87fca3ef9ce5a8bc4fea02e34975723da,seer_dial_p1550274,discovery,cold,0,echo_rtt,3.241,ok
fcc97ee87fca3ef9ce5a8bc4fea02e34975723da,seer_dial_p1550274,discovery,cold,0,echo_rtt,2.984,ok
fcc97ee87fca3ef9ce5a8bc4fea02e34975723da,seer_dial_p1550274,discovery,cold,0,echo_rtt,3.187,ok
fcc97ee87fca3ef9ce5a8bc4fea02e34975723da,seer_dial_p1550274,discovery,cold,0,echo_rtt,3.013,ok
fcc97ee87fca3ef9ce5a8bc4fea02e34975723da,seer_dial_p1550274,discovery,cold,0,echo_rtt,3.113,ok
fcc97ee87fca3ef9ce5a8bc4fea02e34975723da,seer_dial_p1550274,discovery,cold,0,echo_rtt,3.236,ok
fcc97ee87fca3ef9ce5a8bc4fea02e34975723da,seer_dial_p1550274,discovery,cold,0,echo_rtt,3.016,ok
fcc97ee87fca3ef9ce5a8bc4fea02e34975723da,seer_dial_p1550274,discovery,cold,0,echo_rtt,3.129,ok
fcc97ee87fca3ef9ce5a8bc4fea02e34975723da,seer_dial_p1550274,discovery,cold,0,echo_rtt,3.165,ok
fcc97ee87fca3ef9ce5a8bc4fea02e34975723da,seer_dial_p1550274,discovery,cold,0,echo_rtt,2.844,ok
fcc97ee87fca3ef9ce5a8bc4fea02e34975723da,seer_dial_p1550274,discovery,cold,0,echo_rtt,3.025,ok
fcc97ee87fca3ef9ce5a8bc4fea02e34975723da,seer_dial_p1550274,discovery,cold,0,echo_rtt,3.018,ok
fcc97ee87fca3ef9ce5a8bc4fea02e34975723da,seer_dial_p1550274,discovery,cold,0,echo_rtt,3.085,ok
fcc97ee87fca3ef9ce5a8bc4fea02e34975723da,seer_dial_p1550274,discovery,cold,0,echo_rtt,3.009,ok
fcc97ee87fca3ef9ce5a8bc4fea02e34975723da,seer_dial_p1550274,discovery,cold,0,echo_rtt,3.074,ok
fcc97ee87fca3ef9ce5a8bc4fea02e34975723da,seer_dial_p1550274,discovery,cold,0,echo_rtt,3.061,ok
fcc97ee87fca3ef9ce5a8bc4fea02e34975723da,seer_dial_p1550274,discovery,cold,0,echo_rtt,3.066,ok
fcc97ee87fca3ef9ce5a8bc4fea02e34975723da,seer_dial_p1550274,discovery,cold,0,echo_rtt,2.997,ok
fcc97ee87fca3ef9ce5a8bc4fea02e34975723da,seer_dial_p1550274,discovery,cold,0,echo_rtt,2.922,ok
fcc97ee87fca3ef9ce5a8bc4fea02e34975723da,seer_dial_p1550274,discovery,cold,0,echo_rtt,3.206,ok
fcc97ee87fca3ef9ce5a8bc4fea02e34975723da,seer_dial_p1550274,discovery,cold,0,echo_rtt,2.931,ok
fcc97ee87fca3ef9ce5a8bc4fea02e34975723da,seer_dial_p1550274,discovery,cold,0,echo_rtt,2.893,ok
fcc97ee87fca3ef9ce5a8bc4fea02e34975723da,seer_dial_p1550274,discovery,cold,0,echo_rtt,3.106,ok
fcc97ee87fca3ef9ce5a8bc4fea02e34975723da,seer_dial_p1550274,discovery,cold,0,echo_rtt,2.956,ok
fcc97ee87fca3ef9ce5a8bc4fea02e34975723da,seer_dial_p1550274,discovery,cold,0,echo_rtt,2.849,ok
fcc97ee87fca3ef9ce5a8bc4fea02e34975723da,seer_dial_p1550274,discovery,cold,0,echo_rtt,2.887,ok
fcc97ee87fca3ef9ce5a8bc4fea02e34975723da,seer_dial_p1550274,discovery,cold,0,echo_rtt,3.055,ok
fcc97ee87fca3ef9ce5a8bc4fea02e34975723da,seer_dial_p1550274,discovery,cold,0,echo_rtt,2.905,ok
fcc97ee87fca3ef9ce5a8bc4fea02e34975723da,seer_dial_p1550274,discovery,cold,0,echo_rtt,3.124,ok
fcc97ee87fca3ef9ce5a8bc4fea02e34975723da,seer_dial_p1550274,discovery,cold,0,echo_rtt,3.332,ok
fcc97ee87fca3ef9ce5a8bc4fea02e34975723da,seer_dial_p1550274,discovery,cold,0,echo_rtt,3.253,ok
fcc97ee87fca3ef9ce5a8bc4fea02e34975723da,seer_dial_p1550274,discovery,cold,0,echo_rtt,3.012,ok
fcc97ee87fca3ef9ce5a8bc4fea02e34975723da,seer_dial_p1550274,discovery,cold,0,echo_rtt,3.076,ok
fcc97ee87fca3ef9ce5a8bc4fea02e34975723da,seer_dial_p1550274,discovery,cold,0,echo_rtt,3.520,ok
fcc97ee87fca3ef9ce5a8bc4fea02e34975723da,seer_dial_p1550274,discovery,cold,0,echo_rtt,3.033,ok
fcc97ee87fca3ef9ce5a8bc4fea02e34975723da,seer_dial_p1550274,discovery,cold,0,echo_rtt,3.259,ok
fcc97ee87fca3ef9ce5a8bc4fea02e34975723da,seer_dial_p1550274,discovery,cold,0,echo_rtt,2.910,ok
fcc97ee87fca3ef9ce5a8bc4fea02e34975723da,seer_dial_p1550274,discovery,cold,0,echo_rtt,3.077,ok
fcc97ee87fca3ef9ce5a8bc4fea02e34975723da,seer_dial_p1550274,discovery,cold,0,echo_rtt,3.063,ok
fcc97ee87fca3ef9ce5a8bc4fea02e34975723da,seer_dial_p1550274,discovery,cold,0,echo_rtt,3.100,ok
fcc97ee87fca3ef9ce5a8bc4fea02e34975723da,seer_dial_p1550274,discovery,cold,0,echo_rtt,3.445,ok
fcc97ee87fca3ef9ce5a8bc4fea02e34975723da,seer_dial_p1550274,discovery,cold,0,echo_rtt,3.026,ok
fcc97ee87fca3ef9ce5a8bc4fea02e34975723da,seer_dial_p1550274,discovery,cold,0,echo_rtt,3.251,ok
fcc97ee87fca3ef9ce5a8bc4fea02e34975723da,seer_dial_p1550274,discovery,cold,0,echo_rtt,3.271,ok
fcc97ee87fca3ef9ce5a8bc4fea02e34975723da,seer_dial_p1550274,discovery,cold,0,echo_rtt,3.055,ok
fcc97ee87fca3ef9ce5a8bc4fea02e34975723da,seer_dial_p1550274,discovery,cold,0,echo_rtt,3.375,ok
fcc97ee87fca3ef9ce5a8bc4fea02e34975723da,seer_dial_p1550274,discovery,cold,0,echo_rtt,3.016,ok
fcc97ee87fca3ef9ce5a8bc4fea02e34975723da,seer_dial_p1550274,discovery,cold,0,echo_rtt,2.962,ok
fcc97ee87fca3ef9ce5a8bc4fea02e34975723da,seer_dial_p1550274,discovery,cold,0,echo_rtt,3.012,ok
fcc97ee87fca3ef9ce5a8bc4fea02e34975723da,seer_dial_p1550274,discovery,cold,0,echo_rtt,2.920,ok
fcc97ee87fca3ef9ce5a8bc4fea02e34975723da,seer_dial_p1550274,discovery,cold,0,echo_rtt,3.036,ok
fcc97ee87fca3ef9ce5a8bc4fea02e34975723da,seer_dial_p1550274,discovery,cold,0,echo_rtt,3.165,ok
fcc97ee87fca3ef9ce5a8bc4fea02e34975723da,seer_dial_p1550274,discovery,cold,0,echo_rtt,3.026,ok
fcc97ee87fca3ef9ce5a8bc4fea02e34975723da,seer_dial_p1550274,discovery,cold,0,echo_rtt,3.122,ok
fcc97ee87fca3ef9ce5a8bc4fea02e34975723da,seer_dial_p1550274,discovery,cold,0,echo_rtt,2.973,ok
fcc97ee87fca3ef9ce5a8bc4fea02e34975723da,seer_dial_p1550274,discovery,cold,0,echo_rtt,2.975,ok
fcc97ee87fca3ef9ce5a8bc4fea02e34975723da,seer_dial_p1550274,discovery,cold,0,echo_rtt,3.133,ok
fcc97ee87fca3ef9ce5a8bc4fea02e34975723da,seer_dial_p1550274,discovery,cold,0,echo_rtt,3.090,ok
fcc97ee87fca3ef9ce5a8bc4fea02e34975723da,seer_dial_p1550274,discovery,cold,0,echo_rtt,3.066,ok
fcc97ee87fca3ef9ce5a8bc4fea02e34975723da,seer_dial_p1550274,discovery,cold,0,echo_rtt,3.076,ok
fcc97ee87fca3ef9ce5a8bc4fea02e34975723da,seer_dial_p1550274,discovery,cold,0,echo_rtt,3.256,ok
fcc97ee87fca3ef9ce5a8bc4fea02e34975723da,seer_dial_p1550274,discovery,cold,0,echo_rtt,2.974,ok
fcc97ee87fca3ef9ce5a8bc4fea02e34975723da,seer_dial_p1550274,discovery,cold,0,echo_rtt,2.950,ok
fcc97ee87fca3ef9ce5a8bc4fea02e34975723da,seer_dial_p1550274,discovery,cold,0,echo_rtt,3.018,ok
fcc97ee87fca3ef9ce5a8bc4fea02e34975723da,seer_dial_p1550274,discovery,cold,0,echo_rtt,2.949,ok
fcc97ee87fca3ef9ce5a8bc4fea02e34975723da,seer_dial_p1550274,discovery,cold,0,echo_rtt,3.244,ok
fcc97ee87fca3ef9ce5a8bc4fea02e34975723da,seer_dial_p1550274,discovery,cold,0,echo_rtt,2.959,ok
fcc97ee87fca3ef9ce5a8bc4fea02e34975723da,seer_dial_p1550274,discovery,cold,0,echo_rtt,3.139,ok
fcc97ee87fca3ef9ce5a8bc4fea02e34975723da,seer_dial_p1550274,discovery,cold,0,echo_rtt,2.977,ok
fcc97ee87fca3ef9ce5a8bc4fea02e34975723da,seer_dial_p1550274,discovery,cold,0,echo_rtt,3.048,ok
fcc97ee87fca3ef9ce5a8bc4fea02e34975723da,seer_dial_p1550274,discovery,cold,0,echo_rtt,3.040,ok
fcc97ee87fca3ef9ce5a8bc4fea02e34975723da,seer_dial_p1550274,discovery,cold,0,echo_rtt,3.549,ok
fcc97ee87fca3ef9ce5a8bc4fea02e34975723da,seer_dial_p1550274,discovery,cold,0,echo_rtt,3.242,ok
fcc97ee87fca3ef9ce5a8bc4fea02e34975723da,seer_dial_p1550274,discovery,cold,0,echo_rtt,3.023,ok
fcc97ee87fca3ef9ce5a8bc4fea02e34975723da,seer_dial_p1550274,discovery,cold,0,echo_rtt,2.931,ok
fcc97ee87fca3ef9ce5a8bc4fea02e34975723da,seer_dial_p1550274,discovery,cold,0,echo_rtt,2.945,ok
fcc97ee87fca3ef9ce5a8bc4fea02e34975723da,seer_dial_p1550274,discovery,cold,0,echo_rtt,2.975,ok
fcc97ee87fca3ef9ce5a8bc4fea02e34975723da,seer_dial_p1550274,discovery,cold,0,echo_rtt,29.755,ok
fcc97ee87fca3ef9ce5a8bc4fea02e34975723da,seer_dial_p1550274,discovery,cold,0,echo_rtt,3.788,ok
fcc97ee87fca3ef9ce5a8bc4fea02e34975723da,seer_dial_p1550274,discovery,cold,0,echo_rtt,3.225,ok
fcc97ee87fca3ef9ce5a8bc4fea02e34975723da,seer_dial_p1550274,discovery,cold,0,echo_rtt,3.416,ok
fcc97ee87fca3ef9ce5a8bc4fea02e34975723da,seer_dial_p1550274,discovery,cold,0,echo_rtt,3.099,ok
fcc97ee87fca3ef9ce5a8bc4fea02e34975723da,seer_dial_p1550274,discovery,cold,0,seer_dial,194.745,ok
fcc97ee87fca3ef9ce5a8bc4fea02e34975723da,seer_dial_p1550274,discovery,cold,0,stream_open,91.125,ok
fcc97ee87fca3ef9ce5a8bc4fea02e34975723da,seer_dial_p1550274,discovery,cold,0,echo_rtt,4.283,ok
fcc97ee87fca3ef9ce5a8bc4fea02e34975723da,seer_dial_p1550274,discovery,cold,0,echo_rtt,4.414,ok
fcc97ee87fca3ef9ce5a8bc4fea02e34975723da,seer_dial_p1550274,discovery,cold,0,echo_rtt,4.657,ok
fcc97ee87fca3ef9ce5a8bc4fea02e34975723da,seer_dial_p1550274,discovery,cold,0,echo_rtt,5.190,ok
fcc97ee87fca3ef9ce5a8bc4fea02e34975723da,seer_dial_p1550274,discovery,cold,0,echo_rtt,5.966,ok
fcc97ee87fca3ef9ce5a8bc4fea02e34975723da,seer_dial_p1550274,discovery,cold,0,echo_rtt,4.241,ok
fcc97ee87fca3ef9ce5a8bc4fea02e34975723da,seer_dial_p1550274,discovery,cold,0,echo_rtt,3.277,ok
fcc97ee87fca3ef9ce5a8bc4fea02e34975723da,seer_dial_p1550274,discovery,cold,0,echo_rtt,3.158,ok
fcc97ee87fca3ef9ce5a8bc4fea02e34975723da,seer_dial_p1550274,discovery,cold,0,echo_rtt,3.284,ok
fcc97ee87fca3ef9ce5a8bc4fea02e34975723da,seer_dial_p1550274,discovery,cold,0,echo_rtt,3.238,ok
fcc97ee87fca3ef9ce5a8bc4fea02e34975723da,seer_dial_p1550274,discovery,cold,0,echo_rtt,3.093,ok
fcc97ee87fca3ef9ce5a8bc4fea02e34975723da,seer_dial_p1550274,discovery,cold,0,echo_rtt,3.139,ok
fcc97ee87fca3ef9ce5a8bc4fea02e34975723da,seer_dial_p1550274,discovery,cold,0,echo_rtt,3.104,ok
fcc97ee87fca3ef9ce5a8bc4fea02e34975723da,seer_dial_p1550274,discovery,cold,0,echo_rtt,3.127,ok
fcc97ee87fca3ef9ce5a8bc4fea02e34975723da,seer_dial_p1550274,discovery,cold,0,echo_rtt,3.146,ok
fcc97ee87fca3ef9ce5a8bc4fea02e34975723da,seer_dial_p1550274,discovery,cold,0,echo_rtt,3.599,ok
fcc97ee87fca3ef9ce5a8bc4fea02e34975723da,seer_dial_p1550274,discovery,cold,0,echo_rtt,3.257,ok
fcc97ee87fca3ef9ce5a8bc4fea02e34975723da,seer_dial_p1550274,discovery,cold,0,echo_rtt,3.377,ok
fcc97ee87fca3ef9ce5a8bc4fea02e34975723da,seer_dial_p1550274,discovery,cold,0,echo_rtt,3.184,ok
fcc97ee87fca3ef9ce5a8bc4fea02e34975723da,seer_dial_p1550274,discovery,cold,0,echo_rtt,3.042,ok
fcc97ee87fca3ef9ce5a8bc4fea02e34975723da,seer_dial_p1550274,discovery,cold,0,echo_rtt,3.258,ok
fcc97ee87fca3ef9ce5a8bc4fea02e34975723da,seer_dial_p1550274,discovery,cold,0,echo_rtt,3.428,ok
fcc97ee87fca3ef9ce5a8bc4fea02e34975723da,seer_dial_p1550274,discovery,cold,0,echo_rtt,3.161,ok
fcc97ee87fca3ef9ce5a8bc4fea02e34975723da,seer_dial_p1550274,discovery,cold,0,echo_rtt,3.053,ok
fcc97ee87fca3ef9ce5a8bc4fea02e34975723da,seer_dial_p1550274,discovery,cold,0,echo_rtt,2.980,ok
fcc97ee87fca3ef9ce5a8bc4fea02e34975723da,seer_dial_p1550274,discovery,cold,0,echo_rtt,2.941,ok
fcc97ee87fca3ef9ce5a8bc4fea02e34975723da,seer_dial_p1550274,discovery,cold,0,echo_rtt,3.048,ok
fcc97ee87fca3ef9ce5a8bc4fea02e34975723da,seer_dial_p1550274,discovery,cold,0,echo_rtt,3.120,ok
fcc97ee87fca3ef9ce5a8bc4fea02e34975723da,seer_dial_p1550274,discovery,cold,0,echo_rtt,3.323,ok
fcc97ee87fca3ef9ce5a8bc4fea02e34975723da,seer_dial_p1550274,discovery,cold,0,echo_rtt,3.211,ok
fcc97ee87fca3ef9ce5a8bc4fea02e34975723da,seer_dial_p1550274,discovery,cold,0,echo_rtt,3.165,ok
fcc97ee87fca3ef9ce5a8bc4fea02e34975723da,seer_dial_p1550274,discovery,cold,0,echo_rtt,3.078,ok
fcc97ee87fca3ef9ce5a8bc4fea02e34975723da,seer_dial_p1550274,discovery,cold,0,echo_rtt,3.007,ok
fcc97ee87fca3ef9ce5a8bc4fea02e34975723da,seer_dial_p1550274,discovery,cold,0,echo_rtt,3.031,ok
fcc97ee87fca3ef9ce5a8bc4fea02e34975723da,seer_dial_p1550274,discovery,cold,0,echo_rtt,3.093,ok
fcc97ee87fca3ef9ce5a8bc4fea02e34975723da,seer_dial_p1550274,discovery,cold,0,echo_rtt,3.010,ok
fcc97ee87fca3ef9ce5a8bc4fea02e34975723da,seer_dial_p1550274,discovery,cold,0,echo_rtt,2.927,ok
fcc97ee87fca3ef9ce5a8bc4fea02e34975723da,seer_dial_p1550274,discovery,cold,0,echo_rtt,3.152,ok
fcc97ee87fca3ef9ce5a8bc4fea02e34975723da,seer_dial_p1550274,discovery,cold,0,echo_rtt,3.045,ok
fcc97ee87fca3ef9ce5a8bc4fea02e34975723da,seer_dial_p1550274,discovery,cold,0,echo_rtt,3.061,ok
fcc97ee87fca3ef9ce5a8bc4fea02e34975723da,seer_dial_p1550274,discovery,cold,0,echo_rtt,3.108,ok
fcc97ee87fca3ef9ce5a8bc4fea02e34975723da,seer_dial_p1550274,discovery,cold,0,echo_rtt,3.264,ok
fcc97ee87fca3ef9ce5a8bc4fea02e34975723da,seer_dial_p1550274,discovery,cold,0,echo_rtt,3.271,ok
fcc97ee87fca3ef9ce5a8bc4fea02e34975723da,seer_dial_p1550274,discovery,cold,0,echo_rtt,3.067,ok
fcc97ee87fca3ef9ce5a8bc4fea02e34975723da,seer_dial_p1550274,discovery,cold,0,echo_rtt,3.217,ok
fcc97ee87fca3ef9ce5a8bc4fea02e34975723da,seer_dial_p1550274,discovery,cold,0,echo_rtt,3.165,ok
fcc97ee87fca3ef9ce5a8bc4fea02e34975723da,seer_dial_p1550274,discovery,cold,0,echo_rtt,3.206,ok
fcc97ee87fca3ef9ce5a8bc4fea02e34975723da,seer_dial_p1550274,discovery,cold,0,echo_rtt,2.940,ok
fcc97ee87fca3ef9ce5a8bc4fea02e34975723da,seer_dial_p1550274,discovery,cold,0,echo_rtt,3.077,ok
fcc97ee87fca3ef9ce5a8bc4fea02e34975723da,seer_dial_p1550274,discovery,cold,0,echo_rtt,3.170,ok
fcc97ee87fca3ef9ce5a8bc4fea02e34975723da,seer_dial_p1550274,discovery,cold,0,echo_rtt,3.248,ok
fcc97ee87fca3ef9ce5a8bc4fea02e34975723da,seer_dial_p1550274,discovery,cold,0,echo_rtt,3.057,ok
fcc97ee87fca3ef9ce5a8bc4fea02e34975723da,seer_dial_p1550274,discovery,cold,0,echo_rtt,4.608,ok
fcc97ee87fca3ef9ce5a8bc4fea02e34975723da,seer_dial_p1550274,discovery,cold,0,echo_rtt,3.207,ok
fcc97ee87fca3ef9ce5a8bc4fea02e34975723da,seer_dial_p1550274,discovery,cold,0,echo_rtt,3.038,ok
fcc97ee87fca3ef9ce5a8bc4fea02e34975723da,seer_dial_p1550274,discovery,cold,0,echo_rtt,3.055,ok
fcc97ee87fca3ef9ce5a8bc4fea02e34975723da,seer_dial_p1550274,discovery,cold,0,echo_rtt,2.977,ok
fcc97ee87fca3ef9ce5a8bc4fea02e34975723da,seer_dial_p1550274,discovery,cold,0,echo_rtt,3.825,ok
fcc97ee87fca3ef9ce5a8bc4fea02e34975723da,seer_dial_p1550274,discovery,cold,0,echo_rtt,3.175,ok
fcc97ee87fca3ef9ce5a8bc4fea02e34975723da,seer_dial_p1550274,discovery,cold,0,echo_rtt,3.122,ok
fcc97ee87fca3ef9ce5a8bc4fea02e34975723da,seer_dial_p1550274,discovery,cold,0,echo_rtt,2.944,ok
fcc97ee87fca3ef9ce5a8bc4fea02e34975723da,seer_dial_p1550274,discovery,cold,0,echo_rtt,3.208,ok
fcc97ee87fca3ef9ce5a8bc4fea02e34975723da,seer_dial_p1550274,discovery,cold,0,echo_rtt,3.034,ok
fcc97ee87fca3ef9ce5a8bc4fea02e34975723da,seer_dial_p1550274,discovery,cold,0,echo_rtt,3.120,ok
fcc97ee87fca3ef9ce5a8bc4fea02e34975723da,seer_dial_p1550274,discovery,cold,0,echo_rtt,3.064,ok
fcc97ee87fca3ef9ce5a8bc4fea02e34975723da,seer_dial_p1550274,discovery,cold,0,echo_rtt,3.001,ok
fcc97ee87fca3ef9ce5a8bc4fea02e34975723da,seer_dial_p1550274,discovery,cold,0,echo_rtt,3.248,ok
fcc97ee87fca3ef9ce5a8bc4fea02e34975723da,seer_dial_p1550274,discovery,cold,0,echo_rtt,3.031,ok
fcc97ee87fca3ef9ce5a8bc4fea02e34975723da,seer_dial_p1550274,discovery,cold,0,echo_rtt,3.283,ok
fcc97ee87fca3ef9ce5a8bc4fea02e34975723da,seer_dial_p1550274,discovery,cold,0,echo_rtt,3.002,ok
fcc97ee87fca3ef9ce5a8bc4fea02e34975723da,seer_dial_p1550274,discovery,cold,0,echo_rtt,3.127,ok
fcc97ee87fca3ef9ce5a8bc4fea02e34975723da,seer_dial_p1550274,discovery,cold,0,echo_rtt,3.035,ok
fcc97ee87fca3ef9ce5a8bc4fea02e34975723da,seer_dial_p1550274,discovery,cold,0,echo_rtt,3.097,ok
fcc97ee87fca3ef9ce5a8bc4fea02e34975723da,seer_dial_p1550274,discovery,cold,0,echo_rtt,3.081,ok
fcc97ee87fca3ef9ce5a8bc4fea02e34975723da,seer_dial_p1550274,discovery,cold,0,echo_rtt,2.974,ok
fcc97ee87fca3ef9ce5a8bc4fea02e34975723da,seer_dial_p1550274,discovery,cold,0,echo_rtt,3.122,ok
fcc97ee87fca3ef9ce5a8bc4fea02e34975723da,seer_dial_p1550274,discovery,cold,0,echo_rtt,3.073,ok
fcc97ee87fca3ef9ce5a8bc4fea02e34975723da,seer_dial_p1550274,discovery,cold,0,echo_rtt,3.097,ok
fcc97ee87fca3ef9ce5a8bc4fea02e34975723da,seer_dial_p1550274,discovery,cold,0,echo_rtt,3.253,ok
fcc97ee87fca3ef9ce5a8bc4fea02e34975723da,seer_dial_p1550274,discovery,cold,0,echo_rtt,3.122,ok
fcc97ee87fca3ef9ce5a8bc4fea02e34975723da,seer_dial_p1550274,discovery,cold,0,echo_rtt,3.036,ok
fcc97ee87fca3ef9ce5a8bc4fea02e34975723da,seer_dial_p1550274,discovery,cold,0,echo_rtt,3.228,ok
fcc97ee87fca3ef9ce5a8bc4fea02e34975723da,seer_dial_p1550274,discovery,cold,0,echo_rtt,2.998,ok
fcc97ee87fca3ef9ce5a8bc4fea02e34975723da,seer_dial_p1550274,discovery,cold,0,echo_rtt,3.319,ok
fcc97ee87fca3ef9ce5a8bc4fea02e34975723da,seer_dial_p1550274,discovery,cold,0,echo_rtt,3.398,ok
fcc97ee87fca3ef9ce5a8bc4fea02e34975723da,seer_dial_p1550274,discovery,cold,0,echo_rtt,2.949,ok
fcc97ee87fca3ef9ce5a8bc4fea02e34975723da,seer_dial_p1550274,discovery,cold,0,echo_rtt,3.020,ok
fcc97ee87fca3ef9ce5a8bc4fea02e34975723da,seer_dial_p1550274,discovery,cold,0,echo_rtt,3.049,ok
fcc97ee87fca3ef9ce5a8bc4fea02e34975723da,seer_dial_p1550274,discovery,cold,0,echo_rtt,3.000,ok
fcc97ee87fca3ef9ce5a8bc4fea02e34975723da,seer_dial_p1550274,discovery,cold,0,echo_rtt,3.032,ok
fcc97ee87fca3ef9ce5a8bc4fea02e34975723da,seer_dial_p1550274,discovery,cold,0,echo_rtt,3.018,ok
fcc97ee87fca3ef9ce5a8bc4fea02e34975723da,seer_dial_p1550274,discovery,cold,0,echo_rtt,2.921,ok
fcc97ee87fca3ef9ce5a8bc4fea02e34975723da,seer_dial_p1550274,discovery,cold,0,echo_rtt,3.060,ok
fcc97ee87fca3ef9ce5a8bc4fea02e34975723da,seer_dial_p1550274,discovery,cold,0,echo_rtt,2.985,ok
fcc97ee87fca3ef9ce5a8bc4fea02e34975723da,seer_dial_p1550274,discovery,cold,0,echo_rtt,2.944,ok
fcc97ee87fca3ef9ce5a8bc4fea02e34975723da,seer_dial_p1550274,discovery,cold,0,echo_rtt,3.000,ok
fcc97ee87fca3ef9ce5a8bc4fea02e34975723da,seer_dial_p1550274,discovery,cold,0,echo_rtt,3.076,ok
fcc97ee87fca3ef9ce5a8bc4fea02e34975723da,seer_dial_p1550274,discovery,cold,0,echo_rtt,3.227,ok
fcc97ee87fca3ef9ce5a8bc4fea02e34975723da,seer_dial_p1550274,discovery,cold,0,echo_rtt,3.367,ok
fcc97ee87fca3ef9ce5a8bc4fea02e34975723da,seer_dial_p1550274,discovery,cold,0,echo_rtt,3.169,ok
fcc97ee87fca3ef9ce5a8bc4fea02e34975723da,seer_dial_p1550274,discovery,cold,0,seer_dial,202.419,ok
fcc97ee87fca3ef9ce5a8bc4fea02e34975723da,seer_dial_p1550274,discovery,cold,0,stream_open,83.361,ok
fcc97ee87fca3ef9ce5a8bc4fea02e34975723da,seer_dial_p1550274,discovery,cold,0,echo_rtt,4.286,ok
fcc97ee87fca3ef9ce5a8bc4fea02e34975723da,seer_dial_p1550274,discovery,cold,0,echo_rtt,4.081,ok
fcc97ee87fca3ef9ce5a8bc4fea02e34975723da,seer_dial_p1550274,discovery,cold,0,echo_rtt,3.298,ok
fcc97ee87fca3ef9ce5a8bc4fea02e34975723da,seer_dial_p1550274,discovery,cold,0,echo_rtt,3.738,ok
fcc97ee87fca3ef9ce5a8bc4fea02e34975723da,seer_dial_p1550274,discovery,cold,0,echo_rtt,3.049,ok
fcc97ee87fca3ef9ce5a8bc4fea02e34975723da,seer_dial_p1550274,discovery,cold,0,echo_rtt,3.441,ok
fcc97ee87fca3ef9ce5a8bc4fea02e34975723da,seer_dial_p1550274,discovery,cold,0,echo_rtt,3.420,ok
fcc97ee87fca3ef9ce5a8bc4fea02e34975723da,seer_dial_p1550274,discovery,cold,0,echo_rtt,3.003,ok
fcc97ee87fca3ef9ce5a8bc4fea02e34975723da,seer_dial_p1550274,discovery,cold,0,echo_rtt,3.189,ok
fcc97ee87fca3ef9ce5a8bc4fea02e34975723da,seer_dial_p1550274,discovery,cold,0,echo_rtt,4.032,ok
fcc97ee87fca3ef9ce5a8bc4fea02e34975723da,seer_dial_p1550274,discovery,cold,0,echo_rtt,3.402,ok
fcc97ee87fca3ef9ce5a8bc4fea02e34975723da,seer_dial_p1550274,discovery,cold,0,echo_rtt,3.476,ok
fcc97ee87fca3ef9ce5a8bc4fea02e34975723da,seer_dial_p1550274,discovery,cold,0,echo_rtt,3.153,ok
fcc97ee87fca3ef9ce5a8bc4fea02e34975723da,seer_dial_p1550274,discovery,cold,0,echo_rtt,3.287,ok
fcc97ee87fca3ef9ce5a8bc4fea02e34975723da,seer_dial_p1550274,discovery,cold,0,echo_rtt,3.310,ok
fcc97ee87fca3ef9ce5a8bc4fea02e34975723da,seer_dial_p1550274,discovery,cold,0,echo_rtt,3.150,ok
fcc97ee87fca3ef9ce5a8bc4fea02e34975723da,seer_dial_p1550274,discovery,cold,0,echo_rtt,3.575,ok
fcc97ee87fca3ef9ce5a8bc4fea02e34975723da,seer_dial_p1550274,discovery,cold,0,echo_rtt,3.286,ok
fcc97ee87fca3ef9ce5a8bc4fea02e34975723da,seer_dial_p1550274,discovery,cold,0,echo_rtt,3.164,ok
fcc97ee87fca3ef9ce5a8bc4fea02e34975723da,seer_dial_p1550274,discovery,cold,0,echo_rtt,3.396,ok
fcc97ee87fca3ef9ce5a8bc4fea02e34975723da,seer_dial_p1550274,discovery,cold,0,echo_rtt,3.220,ok
fcc97ee87fca3ef9ce5a8bc4fea02e34975723da,seer_dial_p1550274,discovery,cold,0,echo_rtt,3.246,ok
fcc97ee87fca3ef9ce5a8bc4fea02e34975723da,seer_dial_p1550274,discovery,cold,0,echo_rtt,3.176,ok
fcc97ee87fca3ef9ce5a8bc4fea02e34975723da,seer_dial_p1550274,discovery,cold,0,echo_rtt,3.389,ok
fcc97ee87fca3ef9ce5a8bc4fea02e34975723da,seer_dial_p1550274,discovery,cold,0,echo_rtt,3.191,ok
fcc97ee87fca3ef9ce5a8bc4fea02e34975723da,seer_dial_p1550274,discovery,cold,0,echo_rtt,3.059,ok
fcc97ee87fca3ef9ce5a8bc4fea02e34975723da,seer_dial_p1550274,discovery,cold,0,echo_rtt,3.089,ok
fcc97ee87fca3ef9ce5a8bc4fea02e34975723da,seer_dial_p1550274,discovery,cold,0,echo_rtt,3.163,ok
fcc97ee87fca3ef9ce5a8bc4fea02e34975723da,seer_dial_p1550274,discovery,cold,0,echo_rtt,3.133,ok
fcc97ee87fca3ef9ce5a8bc4fea02e34975723da,seer_dial_p1550274,discovery,cold,0,echo_rtt,3.158,ok
fcc97ee87fca3ef9ce5a8bc4fea02e34975723da,seer_dial_p1550274,discovery,cold,0,echo_rtt,3.064,ok
fcc97ee87fca3ef9ce5a8bc4fea02e34975723da,seer_dial_p1550274,discovery,cold,0,echo_rtt,2.834,ok
fcc97ee87fca3ef9ce5a8bc4fea02e34975723da,seer_dial_p1550274,discovery,cold,0,echo_rtt,2.984,ok
fcc97ee87fca3ef9ce5a8bc4fea02e34975723da,seer_dial_p1550274,discovery,cold,0,echo_rtt,3.008,ok
fcc97ee87fca3ef9ce5a8bc4fea02e34975723da,seer_dial_p1550274,discovery,cold,0,echo_rtt,3.157,ok
fcc97ee87fca3ef9ce5a8bc4fea02e34975723da,seer_dial_p1550274,discovery,cold,0,echo_rtt,3.090,ok
fcc97ee87fca3ef9ce5a8bc4fea02e34975723da,seer_dial_p1550274,discovery,cold,0,echo_rtt,3.337,ok
fcc97ee87fca3ef9ce5a8bc4fea02e34975723da,seer_dial_p1550274,discovery,cold,0,echo_rtt,2.923,ok
fcc97ee87fca3ef9ce5a8bc4fea02e34975723da,seer_dial_p1550274,discovery,cold,0,echo_rtt,3.088,ok
fcc97ee87fca3ef9ce5a8bc4fea02e34975723da,seer_dial_p1550274,discovery,cold,0,echo_rtt,3.119,ok
fcc97ee87fca3ef9ce5a8bc4fea02e34975723da,seer_dial_p1550274,discovery,cold,0,echo_rtt,2.941,ok
fcc97ee87fca3ef9ce5a8bc4fea02e34975723da,seer_dial_p1550274,discovery,cold,0,echo_rtt,2.973,ok
fcc97ee87fca3ef9ce5a8bc4fea02e34975723da,seer_dial_p1550274,discovery,cold,0,echo_rtt,3.082,ok
fcc97ee87fca3ef9ce5a8bc4fea02e34975723da,seer_dial_p1550274,discovery,cold,0,echo_rtt,3.066,ok
fcc97ee87fca3ef9ce5a8bc4fea02e34975723da,seer_dial_p1550274,discovery,cold,0,echo_rtt,3.016,ok
fcc97ee87fca3ef9ce5a8bc4fea02e34975723da,seer_dial_p1550274,discovery,cold,0,echo_rtt,2.892,ok
fcc97ee87fca3ef9ce5a8bc4fea02e34975723da,seer_dial_p1550274,discovery,cold,0,echo_rtt,3.120,ok
fcc97ee87fca3ef9ce5a8bc4fea02e34975723da,seer_dial_p1550274,discovery,cold,0,echo_rtt,3.152,ok
fcc97ee87fca3ef9ce5a8bc4fea02e34975723da,seer_dial_p1550274,discovery,cold,0,echo_rtt,3.106,ok
fcc97ee87fca3ef9ce5a8bc4fea02e34975723da,seer_dial_p1550274,discovery,cold,0,echo_rtt,3.087,ok
fcc97ee87fca3ef9ce5a8bc4fea02e34975723da,seer_dial_p1550274,discovery,cold,0,echo_rtt,3.016,ok
fcc97ee87fca3ef9ce5a8bc4fea02e34975723da,seer_dial_p1550274,discovery,cold,0,echo_rtt,3.376,ok
fcc97ee87fca3ef9ce5a8bc4fea02e34975723da,seer_dial_p1550274,discovery,cold,0,echo_rtt,3.129,ok
fcc97ee87fca3ef9ce5a8bc4fea02e34975723da,seer_dial_p1550274,discovery,cold,0,echo_rtt,2.921,ok
fcc97ee87fca3ef9ce5a8bc4fea02e34975723da,seer_dial_p1550274,discovery,cold,0,echo_rtt,3.144,ok
fcc97ee87fca3ef9ce5a8bc4fea02e34975723da,seer_dial_p1550274,discovery,cold,0,echo_rtt,3.338,ok
fcc97ee87fca3ef9ce5a8bc4fea02e34975723da,seer_dial_p1550274,discovery,cold,0,echo_rtt,3.070,ok
fcc97ee87fca3ef9ce5a8bc4fea02e34975723da,seer_dial_p1550274,discovery,cold,0,echo_rtt,3.106,ok
fcc97ee87fca3ef9ce5a8bc4fea02e34975723da,seer_dial_p1550274,discovery,cold,0,echo_rtt,2.978,ok
fcc97ee87fca3ef9ce5a8bc4fea02e34975723da,seer_dial_p1550274,discovery,cold,0,echo_rtt,3.024,ok
fcc97ee87fca3ef9ce5a8bc4fea02e34975723da,seer_dial_p1550274,discovery,cold,0,echo_rtt,3.049,ok
fcc97ee87fca3ef9ce5a8bc4fea02e34975723da,seer_dial_p1550274,discovery,cold,0,echo_rtt,3.188,ok
fcc97ee87fca3ef9ce5a8bc4fea02e34975723da,seer_dial_p1550274,discovery,cold,0,echo_rtt,3.206,ok
fcc97ee87fca3ef9ce5a8bc4fea02e34975723da,seer_dial_p1550274,discovery,cold,0,echo_rtt,2.992,ok
fcc97ee87fca3ef9ce5a8bc4fea02e34975723da,seer_dial_p1550274,discovery,cold,0,echo_rtt,3.096,ok
fcc97ee87fca3ef9ce5a8bc4fea02e34975723da,seer_dial_p1550274,discovery,cold,0,echo_rtt,3.068,ok
fcc97ee87fca3ef9ce5a8bc4fea02e34975723da,seer_dial_p1550274,discovery,cold,0,echo_rtt,3.134,ok
fcc97ee87fca3ef9ce5a8bc4fea02e34975723da,seer_dial_p1550274,discovery,cold,0,echo_rtt,3.110,ok
fcc97ee87fca3ef9ce5a8bc4fea02e34975723da,seer_dial_p1550274,discovery,cold,0,echo_rtt,3.012,ok
fcc97ee87fca3ef9ce5a8bc4fea02e34975723da,seer_dial_p1550274,discovery,cold,0,echo_rtt,2.963,ok
fcc97ee87fca3ef9ce5a8bc4fea02e34975723da,seer_dial_p1550274,discovery,cold,0,echo_rtt,3.087,ok
fcc97ee87fca3ef9ce5a8bc4fea02e34975723da,seer_dial_p1550274,discovery,cold,0,echo_rtt,2.938,ok
fcc97ee87fca3ef9ce5a8bc4fea02e34975723da,seer_dial_p1550274,discovery,cold,0,echo_rtt,2.930,ok
fcc97ee87fca3ef9ce5a8bc4fea02e34975723da,seer_dial_p1550274,discovery,cold,0,echo_rtt,3.101,ok
fcc97ee87fca3ef9ce5a8bc4fea02e34975723da,seer_dial_p1550274,discovery,cold,0,echo_rtt,3.062,ok
fcc97ee87fca3ef9ce5a8bc4fea02e34975723da,seer_dial_p1550274,discovery,cold,0,echo_rtt,2.964,ok
fcc97ee87fca3ef9ce5a8bc4fea02e34975723da,seer_dial_p1550274,discovery,cold,0,echo_rtt,3.053,ok
fcc97ee87fca3ef9ce5a8bc4fea02e34975723da,seer_dial_p1550274,discovery,cold,0,echo_rtt,3.090,ok
fcc97ee87fca3ef9ce5a8bc4fea02e34975723da,seer_dial_p1550274,discovery,cold,0,echo_rtt,3.244,ok
fcc97ee87fca3ef9ce5a8bc4fea02e34975723da,seer_dial_p1550274,discovery,cold,0,echo_rtt,3.058,ok
fcc97ee87fca3ef9ce5a8bc4fea02e34975723da,seer_dial_p1550274,discovery,cold,0,echo_rtt,3.097,ok
fcc97ee87fca3ef9ce5a8bc4fea02e34975723da,seer_dial_p1550274,discovery,cold,0,echo_rtt,3.065,ok
fcc97ee87fca3ef9ce5a8bc4fea02e34975723da,seer_dial_p1550274,discovery,cold,0,echo_rtt,3.041,ok
fcc97ee87fca3ef9ce5a8bc4fea02e34975723da,seer_dial_p1550274,discovery,cold,0,echo_rtt,3.161,ok
fcc97ee87fca3ef9ce5a8bc4fea02e34975723da,seer_dial_p1550274,discovery,cold,0,echo_rtt,3.107,ok
fcc97ee87fca3ef9ce5a8bc4fea02e34975723da,seer_dial_p1550274,discovery,cold,0,echo_rtt,3.258,ok
fcc97ee87fca3ef9ce5a8bc4fea02e34975723da,seer_dial_p1550274,discovery,cold,0,echo_rtt,3.024,ok
fcc97ee87fca3ef9ce5a8bc4fea02e34975723da,seer_dial_p1550274,discovery,cold,0,echo_rtt,3.123,ok
fcc97ee87fca3ef9ce5a8bc4fea02e34975723da,seer_dial_p1550274,discovery,cold,0,echo_rtt,2.957,ok
fcc97ee87fca3ef9ce5a8bc4fea02e34975723da,seer_dial_p1550274,discovery,cold,0,echo_rtt,3.480,ok
fcc97ee87fca3ef9ce5a8bc4fea02e34975723da,seer_dial_p1550274,discovery,cold,0,echo_rtt,2.866,ok
fcc97ee87fca3ef9ce5a8bc4fea02e34975723da,seer_dial_p1550274,discovery,cold,0,echo_rtt,3.179,ok
fcc97ee87fca3ef9ce5a8bc4fea02e34975723da,seer_dial_p1550274,discovery,cold,0,echo_rtt,3.172,ok
fcc97ee87fca3ef9ce5a8bc4fea02e34975723da,seer_dial_p1550274,discovery,cold,0,echo_rtt,3.124,ok
fcc97ee87fca3ef9ce5a8bc4fea02e34975723da,seer_dial_p1550274,discovery,cold,0,echo_rtt,3.011,ok
fcc97ee87fca3ef9ce5a8bc4fea02e34975723da,seer_dial_p1550274,discovery,cold,0,echo_rtt,2.921,ok
fcc97ee87fca3ef9ce5a8bc4fea02e34975723da,seer_dial_p1550274,discovery,cold,0,echo_rtt,3.030,ok
fcc97ee87fca3ef9ce5a8bc4fea02e34975723da,seer_dial_p1550274,discovery,cold,0,echo_rtt,3.069,ok
fcc97ee87fca3ef9ce5a8bc4fea02e34975723da,seer_dial_p1550274,discovery,cold,0,echo_rtt,3.238,ok
fcc97ee87fca3ef9ce5a8bc4fea02e34975723da,seer_dial_p1550274,discovery,cold,0,echo_rtt,2.974,ok
