rev,workload,condition,cache,sample,boundary,ms,status
e126068a0c17439b85493ac7d326bddd7f257126,iroh_dial,discovery_dnscold,cold,0,process_spawn,0.661,ok
e126068a0c17439b85493ac7d326bddd7f257126,iroh_dial,discovery_dnscold,cold,0,runtime_start,0.377,ok
e126068a0c17439b85493ac7d326bddd7f257126,iroh_dial,discovery_dnscold,cold,0,endpoint_bind,1.479,ok
e126068a0c17439b85493ac7d326bddd7f257126,iroh_dial,discovery_dnscold,cold,0,address_lookup,129.063,ok
e126068a0c17439b85493ac7d326bddd7f257126,iroh_dial,discovery_dnscold,cold,0,dial_handshake,198.754,ok
e126068a0c17439b85493ac7d326bddd7f257126,iroh_dial,discovery_dnscold,cold,0,stream_open,83.585,ok
e126068a0c17439b85493ac7d326bddd7f257126,iroh_dial,discovery_dnscold,cold,0,echo_rtt,0.208,ok
e126068a0c17439b85493ac7d326bddd7f257126,iroh_dial,discovery_dnscold,cold,0,echo_rtt,0.053,ok
e126068a0c17439b85493ac7d326bddd7f257126,iroh_dial,discovery_dnscold,cold,0,echo_rtt,0.038,ok
e126068a0c17439b85493ac7d326bddd7f257126,iroh_dial,discovery_dnscold,cold,0,echo_rtt,0.033,ok
e126068a0c17439b85493ac7d326bddd7f257126,iroh_dial,discovery_dnscold,cold,0,echo_rtt,0.029,ok
e126068a0c17439b85493ac7d326bddd7f257126,iroh_dial,discovery_dnscold,cold,0,echo_rtt,0.030,ok
e126068a0c17439b85493ac7d326bddd7f257126,iroh_dial,discovery_dnscold,cold,0,echo_rtt,0.029,ok
e126068a0c17439b85493ac7d326bddd7f257126,iroh_dial,discovery_dnscold,cold,0,echo_rtt,0.030,ok
e126068a0c17439b85493ac7d326bddd7f257126,iroh_dial,discovery_dnscold,cold,0,echo_rtt,0.028,ok
e126068a0c17439b85493ac7d326bddd7f257126,iroh_dial,discovery_dnscold,cold,0,echo_rtt,0.030,ok
e126068a0c17439b85493ac7d326bddd7f257126,iroh_dial,discovery_dnscold,cold,0,echo_rtt,0.219,ok
e126068a0c17439b85493ac7d326bddd7f257126,iroh_dial,discovery_dnscold,cold,0,echo_rtt,0.031,ok
e126068a0c17439b85493ac7d326bddd7f257126,iroh_dial,discovery_dnscold,cold,0,echo_rtt,0.028,ok
e126068a0c17439b85493ac7d326bddd7f257126,iroh_dial,discovery_dnscold,cold,0,echo_rtt,0.030,ok
e126068a0c17439b85493ac7d326bddd7f257126,iroh_dial,discovery_dnscold,cold,0,echo_rtt,0.028,ok
e126068a0c17439b85493ac7d326bddd7f257126,iroh_dial,discovery_dnscold,cold,0,echo_rtt,0.039,ok
e126068a0c17439b85493ac7d326bddd7f257126,iroh_dial,discovery_dnscold,cold,0,echo_rtt,0.030,ok
e126068a0c17439b85493ac7d326bddd7f257126,iroh_dial,discovery_dnscold,cold,0,echo_rtt,0.030,ok
e126068a0c17439b85493ac7d326bddd7f257126,iroh_dial,discovery_dnscold,cold,0,echo_rtt,0.028,ok
e126068a0c17439b85493ac7d326bddd7f257126,iroh_dial,discovery_dnscold,cold,0,echo_rtt,0.029,ok
e126068a0c17439b85493ac7d326bddd7f257126,iroh_dial,discovery_dnscold,cold,0,process_spawn,0.747,ok
e126068a0c17439b85493ac7d326bddd7f257126,iroh_dial,discovery_dnscold,cold,0,runtime_start,0.360,ok
e126068a0c17439b85493ac7d326bddd7f257126,iroh_dial,discovery_dnscold,cold,0,endpoint_bind,1.560,ok
e126068a0c17439b85493ac7d326bddd7f257126,iroh_dial,discovery_dnscold,cold,0,address_lookup,127.661,ok
e126068a0c17439b85493ac7d326bddd7f257126,iroh_dial,discovery_dnscold,cold,0,dial_handshake,191.300,ok
e126068a0c17439b85493ac7d326bddd7f257126,iroh_dial,discovery_dnscold,cold,0,stream_open,80.986,ok
e126068a0c17439b85493ac7d326bddd7f257126,iroh_dial,discovery_dnscold,cold,0,echo_rtt,0.098,ok
e126068a0c17439b85493ac7d326bddd7f257126,iroh_dial,discovery_dnscold,cold,0,echo_rtt,0.057,ok
e126068a0c17439b85493ac7d326bddd7f257126,iroh_dial,discovery_dnscold,cold,0,echo_rtt,0.037,ok
e126068a0c17439b85493ac7d326bddd7f257126,iroh_dial,discovery_dnscold,cold,0,echo_rtt,0.040,ok
e126068a0c17439b85493ac7d326bddd7f257126,iroh_dial,discovery_dnscold,cold,0,echo_rtt,0.035,ok
e126068a0c17439b85493ac7d326bddd7f257126,iroh_dial,discovery_dnscold,cold,0,echo_rtt,0.036,ok
e126068a0c17439b85493ac7d326bddd7f257126,iroh_dial,discovery_dnscold,cold,0,echo_rtt,0.034,ok
e126068a0c17439b85493ac7d326bddd7f257126,iroh_dial,discovery_dnscold,cold,0,echo_rtt,0.035,ok
e126068a0c17439b85493ac7d326bddd7f257126,iroh_dial,discovery_dnscold,cold,0,echo_rtt,0.034,ok
e126068a0c17439b85493ac7d326bddd7f257126,iroh_dial,discovery_dnscold,cold,0,echo_rtt,0.047,ok
e126068a0c17439b85493ac7d326bddd7f257126,iroh_dial,discovery_dnscold,cold,0,echo_rtt,0.043,ok
e126068a0c17439b85493ac7d326bddd7f257126,iroh_dial,discovery_dnscold,cold,0,echo_rtt,0.030,ok
e126068a0c17439b85493ac7d326bddd7f257126,iroh_dial,discovery_dnscold,cold,0,echo_rtt,0.044,ok
e126068a0c17439b85493ac7d326bddd7f257126,iroh_dial,discovery_dnscold,cold,0,echo_rtt,0.030,ok
e126068a0c17439b85493ac7d326bddd7f257126,iroh_dial,discovery_dnscold,cold,0,echo_rtt,0.039,ok
e126068a0c17439b85493ac7d326bddd7f257126,iroh_dial,discovery_dnscold,cold,0,echo_rtt,0.029,ok
e126068a0c17439b85493ac7d326bddd7f257126,iroh_dial,discovery_dnscold,cold,0,echo_rtt,0.039,ok
e126068a0c17439b85493ac7d326bddd7f257126,iroh_dial,discovery_dnscold,cold,0,echo_rtt,0.029,ok
e126068a0c17439b85493ac7d326bddd7f257126,iroh_dial,discovery_dnscold,cold,0,echo_rtt,0.039,ok
e126068a0c17439b85493ac7d326bddd7f257126,iroh_dial,discovery_dnscold,cold,0,echo_rtt,0.031,ok
e126068a0c17439b85493ac7d326bddd7f257126,iroh_dial,discovery_dnscold,cold,0,process_spawn,0.686,ok
e126068a0c17439b85493ac7d326bddd7f257126,iroh_dial,discovery_dnscold,cold,0,runtime_start,0.362,ok
e126068a0c17439b85493ac7d326bddd7f257126,iroh_dial,discovery_dnscold,cold,0,endpoint_bind,1.533,ok
e126068a0c17439b85493ac7d326bddd7f257126,iroh_dial,discovery_dnscold,cold,0,address_lookup,131.909,ok
e126068a0c17439b85493ac7d326bddd7f257126,iroh_dial,discovery_dnscold,cold,0,dial_handshake,191.623,ok
e126068a0c17439b85493ac7d326bddd7f257126,iroh_dial,discovery_dnscold,cold,0,stream_open,81.779,ok
e126068a0c17439b85493ac7d326bddd7f257126,iroh_dial,discovery_dnscold,cold,0,echo_rtt,0.259,ok
e126068a0c17439b85493ac7d326bddd7f257126,iroh_dial,discovery_dnscold,cold,0,echo_rtt,0.048,ok
e126068a0c17439b85493ac7d326bddd7f257126,iroh_dial,discovery_dnscold,cold,0,echo_rtt,0.027,ok
e126068a0c17439b85493ac7d326bddd7f257126,iroh_dial,discovery_dnscold,cold,0,echo_rtt,0.067,ok
e126068a0c17439b85493ac7d326bddd7f257126,iroh_dial,discovery_dnscold,cold,0,echo_rtt,0.046,ok
e126068a0c17439b85493ac7d326bddd7f257126,iroh_dial,discovery_dnscold,cold,0,echo_rtt,0.040,ok
e126068a0c17439b85493ac7d326bddd7f257126,iroh_dial,discovery_dnscold,cold,0,echo_rtt,0.028,ok
e126068a0c17439b85493ac7d326bddd7f257126,iroh_dial,discovery_dnscold,cold,0,echo_rtt,0.038,ok
e126068a0c17439b85493ac7d326bddd7f257126,iroh_dial,discovery_dnscold,cold,0,echo_rtt,0.027,ok
e126068a0c17439b85493ac7d326bddd7f257126,iroh_dial,discovery_dnscold,cold,0,echo_rtt,0.035,ok
e126068a0c17439b85493ac7d326bddd7f257126,iroh_dial,discovery_dnscold,cold,0,echo_rtt,0.026,ok
e126068a0c17439b85493ac7d326bddd7f257126,iroh_dial,discovery_dnscold,cold,0,echo_rtt,0.050,ok
e126068a0c17439b85493ac7d326bddd7f257126,iroh_dial,discovery_dnscold,cold,0,echo_rtt,0.026,ok
e126068a0c17439b85493ac7d326bddd7f257126,iroh_dial,discovery_dnscold,cold,0,echo_rtt,0.033,ok
e126068a0c17439b85493ac7d326bddd7f257126,iroh_dial,discovery_dnscold,cold,0,echo_rtt,0.030,ok
e126068a0c17439b85493ac7d326bddd7f257126,iroh_dial,discovery_dnscold,cold,0,echo_rtt,0.029,ok
e126068a0c17439b85493ac7d326bddd7f257126,iroh_dial,discovery_dnscold,cold,0,echo_rtt,0.029,ok
e126068a0c17439b85493ac7d326bddd7f257126,iroh_dial,discovery_dnscold,cold,0,echo_rtt,0.030,ok
e126068a0c17439b85493ac7d326bddd7f257126,iroh_dial,discovery_dnscold,cold,0,echo_rtt,0.029,ok
e126068a0c17439b85493ac7d326bddd7f257126,iroh_dial,discovery_dnscold,cold,0,echo_rtt,0.029,ok
e126068a0c17439b85493ac7d326bddd7f257126,iroh_dial,discovery_dnscold,cold,0,process_spawn,0.776,ok
e126068a0c17439b85493ac7d326bddd7f257126,iroh_dial,discovery_dnscold,cold,0,runtime_start,0.395,ok
e126068a0c17439b85493ac7d326bddd7f257126,iroh_dial,discovery_dnscold,cold,0,endpoint_bind,1.455,ok
e126068a0c17439b85493ac7d326bddd7f257126,iroh_dial,discovery_dnscold,cold,0,address_lookup,129.127,ok
e126068a0c17439b85493ac7d326bddd7f257126,iroh_dial,discovery_dnscold,cold,0,dial_handshake,191.337,ok
e126068a0c17439b85493ac7d326bddd7f257126,iroh_dial,discovery_dnscold,cold,0,stream_open,82.073,ok
e126068a0c17439b85493ac7d326bddd7f257126,iroh_dial,discovery_dnscold,cold,0,echo_rtt,0.093,ok
e126068a0c17439b85493ac7d326bddd7f257126,iroh_dial,discovery_dnscold,cold,0,echo_rtt,0.038,ok
e126068a0c17439b85493ac7d326bddd7f257126,iroh_dial,discovery_dnscold,cold,0,echo_rtt,0.029,ok
e126068a0c17439b85493ac7d326bddd7f257126,iroh_dial,discovery_dnscold,cold,0,echo_rtt,0.030,ok
e126068a0c17439b85493ac7d326bddd7f257126,iroh_dial,discovery_dnscold,cold,0,echo_rtt,0.029,ok
e126068a0c17439b85493ac7d326bddd7f257126,iroh_dial,discovery_dnscold,cold,0,echo_rtt,0.030,ok
e126068a0c17439b85493ac7d326bddd7f257126,iroh_dial,discovery_dnscold,cold,0,echo_rtt,0.034,ok
e126068a0c17439b85493ac7d326bddd7f257126,iroh_dial,discovery_dnscold,cold,0,echo_rtt,0.050,ok
e126068a0c17439b85493ac7d326bddd7f257126,iroh_dial,discovery_dnscold,cold,0,echo_rtt,0.035,ok
e126068a0c17439b85493ac7d326bddd7f257126,iroh_dial,discovery_dnscold,cold,0,echo_rtt,0.026,ok
e126068a0c17439b85493ac7d326bddd7f257126,iroh_dial,discovery_dnscold,cold,0,echo_rtt,0.033,ok
e126068a0c17439b85493ac7d326bddd7f257126,iroh_dial,discovery_dnscold,cold,0,echo_rtt,0.025,ok
e126068a0c17439b85493ac7d326bddd7f257126,iroh_dial,discovery_dnscold,cold,0,echo_rtt,0.033,ok
e126068a0c17439b85493ac7d326bddd7f257126,iroh_dial,discovery_dnscold,cold,0,echo_rtt,0.025,ok
e126068a0c17439b85493ac7d326bddd7f257126,iroh_dial,discovery_dnscold,cold,0,echo_rtt,0.034,ok
e126068a0c17439b85493ac7d326bddd7f257126,iroh_dial,discovery_dnscold,cold,0,echo_rtt,0.032,ok
e126068a0c17439b85493ac7d326bddd7f257126,iroh_dial,discovery_dnscold,cold,0,echo_rtt,0.034,ok
e126068a0c17439b85493ac7d326bddd7f257126,iroh_dial,discovery_dnscold,cold,0,echo_rtt,0.030,ok
e126068a0c17439b85493ac7d326bddd7f257126,iroh_dial,discovery_dnscold,cold,0,echo_rtt,0.036,ok
e126068a0c17439b85493ac7d326bddd7f257126,iroh_dial,discovery_dnscold,cold,0,echo_rtt,0.030,ok
e126068a0c17439b85493ac7d326bddd7f257126,iroh_dial,discovery_dnscold,cold,0,process_spawn,0.689,ok
e126068a0c17439b85493ac7d326bddd7f257126,iroh_dial,discovery_dnscold,cold,0,runtime_start,0.351,ok
e126068a0c17439b85493ac7d326bddd7f257126,iroh_dial,discovery_dnscold,cold,0,endpoint_bind,1.462,ok
e126068a0c17439b85493ac7d326bddd7f257126,iroh_dial,discovery_dnscold,cold,0,address_lookup,129.377,ok
e126068a0c17439b85493ac7d326bddd7f257126,iroh_dial,discovery_dnscold,cold,0,dial_handshake,189.147,ok
e126068a0c17439b85493ac7d326bddd7f257126,iroh_dial,discovery_dnscold,cold,0,stream_open,81.562,ok
e126068a0c17439b85493ac7d326bddd7f257126,iroh_dial,discovery_dnscold,cold,0,echo_rtt,0.094,ok
e126068a0c17439b85493ac7d326bddd7f257126,iroh_dial,discovery_dnscold,cold,0,echo_rtt,0.053,ok
e126068a0c17439b85493ac7d326bddd7f257126,iroh_dial,discovery_dnscold,cold,0,echo_rtt,0.039,ok
e126068a0c17439b85493ac7d326bddd7f257126,iroh_dial,discovery_dnscold,cold,0,echo_rtt,0.027,ok
e126068a0c17439b85493ac7d326bddd7f257126,iroh_dial,discovery_dnscold,cold,0,echo_rtt,0.034,ok
e126068a0c17439b85493ac7d326bddd7f257126,iroh_dial,discovery_dnscold,cold,0,echo_rtt,0.026,ok
e126068a0c17439b85493ac7d326bddd7f257126,iroh_dial,discovery_dnscold,cold,0,echo_rtt,0.034,ok
e126068a0c17439b85493ac7d326bddd7f257126,iroh_dial,discovery_dnscold,cold,0,echo_rtt,0.026,ok
e126068a0c17439b85493ac7d326bddd7f257126,iroh_dial,discovery_dnscold,cold,0,echo_rtt,0.034,ok
e126068a0c17439b85493ac7d326bddd7f257126,iroh_dial,discovery_dnscold,cold,0,echo_rtt,0.025,ok
e126068a0c17439b85493ac7d326bddd7f257126,iroh_dial,discovery_dnscold,cold,0,echo_rtt,0.033,ok
e126068a0c17439b85493ac7d326bddd7f257126,iroh_dial,discovery_dnscold,cold,0,echo_rtt,0.025,ok
e126068a0c17439b85493ac7d326bddd7f257126,iroh_dial,discovery_dnscold,cold,0,echo_rtt,0.033,ok
e126068a0c17439b85493ac7d326bddd7f257126,iroh_dial,discovery_dnscold,cold,0,echo_rtt,0.038,ok
e126068a0c17439b85493ac7d326bddd7f257126,iroh_dial,discovery_dnscold,cold,0,echo_rtt,0.038,ok
e126068a0c17439b85493ac7d326bddd7f257126,iroh_dial,discovery_dnscold,cold,0,echo_rtt,0.026,ok
e126068a0c17439b85493ac7d326bddd7f257126,iroh_dial,discovery_dnscold,cold,0,echo_rtt,0.034,ok
e126068a0c17439b85493ac7d326bddd7f257126,iroh_dial,discovery_dnscold,cold,0,echo_rtt,0.025,ok
e126068a0c17439b85493ac7d326bddd7f257126,iroh_dial,discovery_dnscold,cold,0,echo_rtt,0.033,ok
e126068a0c17439b85493ac7d326bddd7f257126,iroh_dial,discovery_dnscold,cold,0,echo_rtt,0.025,ok
e126068a0c17439b85493ac7d326bddd7f257126,iroh_dial,discovery_dnscold,cold,0,process_spawn,0.664,ok
e126068a0c17439b85493ac7d326bddd7f257126,iroh_dial,discovery_dnscold,cold,0,runtime_start,0.345,ok
e126068a0c17439b85493ac7d326bddd7f257126,iroh_dial,discovery_dnscold,cold,0,endpoint_bind,1.444,ok
e126068a0c17439b85493ac7d326bddd7f257126,iroh_dial,discovery_dnscold,cold,0,address_lookup,132.855,ok
e126068a0c17439b85493ac7d326bddd7f257126,iroh_dial,discovery_dnscold,cold,0,dial_handshake,191.170,ok
e126068a0c17439b85493ac7d326bddd7f257126,iroh_dial,discovery_dnscold,cold,0,stream_open,91.217,ok
e126068a0c17439b85493ac7d326bddd7f257126,iroh_dial,discovery_dnscold,cold,0,echo_rtt,0.043,ok
e126068a0c17439b85493ac7d326bddd7f257126,iroh_dial,discovery_dnscold,cold,0,echo_rtt,0.035,ok
e126068a0c17439b85493ac7d326bddd7f257126,iroh_dial,discovery_dnscold,cold,0,echo_rtt,0.035,ok
e126068a0c17439b85493ac7d326bddd7f257126,iroh_dial,discovery_dnscold,cold,0,echo_rtt,0.033,ok
e126068a0c17439b85493ac7d326bddd7f257126,iroh_dial,discovery_dnscold,cold,0,echo_rtt,0.031,ok
e126068a0c17439b85493ac7d326bddd7f257126,iroh_dial,discovery_dnscold,cold,0,echo_rtt,0.032,ok
e126068a0c17439b85493ac7d326bddd7f257126,iroh_dial,discovery_dnscold,cold,0,echo_rtt,0.030,ok
e126068a0c17439b85493ac7d326bddd7f257126,iroh_dial,discovery_dnscold,cold,0,echo_rtt,0.030,ok
e126068a0c17439b85493ac7d326bddd7f257126,iroh_dial,discovery_dnscold,cold,0,echo_rtt,0.029,ok
e126068a0c17439b85493ac7d326bddd7f257126,iroh_dial,discovery_dnscold,cold,0,echo_rtt,0.029,ok
e126068a0c17439b85493ac7d326bddd7f257126,iroh_dial,discovery_dnscold,cold,0,echo_rtt,0.028,ok
e126068a0c17439b85493ac7d326bddd7f257126,iroh_dial,discovery_dnscold,cold,0,echo_rtt,0.032,ok
e126068a0c17439b85493ac7d326bddd7f257126,iroh_dial,discovery_dnscold,cold,0,echo_rtt,0.046,ok
e126068a0c17439b85493ac7d326bddd7f257126,iroh_dial,discovery_dnscold,cold,0,echo_rtt,0.044,ok
e126068a0c17439b85493ac7d326bddd7f257126,iroh_dial,discovery_dnscold,cold,0,echo_rtt,0.097,ok
e126068a0c17439b85493ac7d326bddd7f257126,iroh_dial,discovery_dnscold,cold,0,echo_rtt,0.029,ok
e126068a0c17439b85493ac7d326bddd7f257126,iroh_dial,discovery_dnscold,cold,0,echo_rtt,0.037,ok
e126068a0c17439b85493ac7d326bddd7f257126,iroh_dial,discovery_dnscold,cold,0,echo_rtt,0.026,ok
e126068a0c17439b85493ac7d326bddd7f257126,iroh_dial,discovery_dnscold,cold,0,echo_rtt,0.035,ok
e126068a0c17439b85493ac7d326bddd7f257126,iroh_dial,discovery_dnscold,cold,0,echo_rtt,0.026,ok
e126068a0c17439b85493ac7d326bddd7f257126,iroh_dial,discovery_dnscold,cold,0,process_spawn,0.786,ok
e126068a0c17439b85493ac7d326bddd7f257126,iroh_dial,discovery_dnscold,cold,0,runtime_start,0.455,ok
e126068a0c17439b85493ac7d326bddd7f257126,iroh_dial,discovery_dnscold,cold,0,endpoint_bind,1.474,ok
e126068a0c17439b85493ac7d326bddd7f257126,iroh_dial,discovery_dnscold,cold,0,address_lookup,130.448,ok
e126068a0c17439b85493ac7d326bddd7f257126,iroh_dial,discovery_dnscold,cold,0,dial_handshake,189.475,ok
e126068a0c17439b85493ac7d326bddd7f257126,iroh_dial,discovery_dnscold,cold,0,stream_open,81.823,ok
e126068a0c17439b85493ac7d326bddd7f257126,iroh_dial,discovery_dnscold,cold,0,echo_rtt,0.130,ok
e126068a0c17439b85493ac7d326bddd7f257126,iroh_dial,discovery_dnscold,cold,0,echo_rtt,0.034,ok
e126068a0c17439b85493ac7d326bddd7f257126,iroh_dial,discovery_dnscold,cold,0,echo_rtt,0.031,ok
e126068a0c17439b85493ac7d326bddd7f257126,iroh_dial,discovery_dnscold,cold,0,echo_rtt,0.031,ok
e126068a0c17439b85493ac7d326bddd7f257126,iroh_dial,discovery_dnscold,cold,0,echo_rtt,0.034,ok
e126068a0c17439b85493ac7d326bddd7f257126,iroh_dial,discovery_dnscold,cold,0,echo_rtt,0.031,ok
e126068a0c17439b85493ac7d326bddd7f257126,iroh_dial,discovery_dnscold,cold,0,echo_rtt,0.029,ok
e126068a0c17439b85493ac7d326bddd7f257126,iroh_dial,discovery_dnscold,cold,0,echo_rtt,0.030,ok
e126068a0c17439b85493ac7d326bddd7f257126,iroh_dial,discovery_dnscold,cold,0,echo_rtt,0.038,ok
e126068a0c17439b85493ac7d326bddd7f257126,iroh_dial,discovery_dnscold,cold,0,echo_rtt,0.048,ok
e126068a0c17439b85493ac7d326bddd7f257126,iroh_dial,discovery_dnscold,cold,0,echo_rtt,0.038,ok
e126068a0c17439b85493ac7d326bddd7f257126,iroh_dial,discovery_dnscold,cold,0,echo_rtt,0.039,ok
e126068a0c17439b85493ac7d326bddd7f257126,iroh_dial,discovery_dnscold,cold,0,echo_rtt,0.039,ok
e126068a0c17439b85493ac7d326bddd7f257126,iroh_dial,discovery_dnscold,cold,0,echo_rtt,0.026,ok
e126068a0c17439b85493ac7d326bddd7f257126,iroh_dial,discovery_dnscold,cold,0,echo_rtt,0.035,ok
e126068a0c17439b85493ac7d326bddd7f257126,iroh_dial,discovery_dnscold,cold,0,echo_rtt,0.025,ok
e126068a0c17439b85493ac7d326bddd7f257126,iroh_dial,discovery_dnscold,cold,0,echo_rtt,0.034,ok
e126068a0c17439b85493ac7d326bddd7f257126,iroh_dial,discovery_dnscold,cold,0,echo_rtt,0.025,ok
e126068a0c17439b85493ac7d326bddd7f257126,iroh_dial,discovery_dnscold,cold,0,echo_rtt,0.034,ok
e126068a0c17439b85493ac7d326bddd7f257126,iroh_dial,discovery_dnscold,cold,0,echo_rtt,0.025,ok
e126068a0c17439b85493ac7d326bddd7f257126,iroh_dial,discovery_dnscold,cold,0,process_spawn,0.704,ok
e126068a0c17439b85493ac7d326bddd7f257126,iroh_dial,discovery_dnscold,cold,0,runtime_start,0.396,ok
e126068a0c17439b85493ac7d326bddd7f257126,iroh_dial,discovery_dnscold,cold,0,endpoint_bind,1.595,ok
e126068a0c17439b85493ac7d326bddd7f257126,iroh_dial,discovery_dnscold,cold,0,address_lookup,130.616,ok
e126068a0c17439b85493ac7d326bddd7f257126,iroh_dial,discovery_dnscold,cold,0,dial_handshake,189.509,ok
e126068a0c17439b85493ac7d326bddd7f257126,iroh_dial,discovery_dnscold,cold,0,stream_open,81.157,ok
e126068a0c17439b85493ac7d326bddd7f257126,iroh_dial,discovery_dnscold,cold,0,echo_rtt,0.165,ok
e126068a0c17439b85493ac7d326bddd7f257126,iroh_dial,discovery_dnscold,cold,0,echo_rtt,0.158,ok
e126068a0c17439b85493ac7d326bddd7f257126,iroh_dial,discovery_dnscold,cold,0,echo_rtt,0.037,ok
e126068a0c17439b85493ac7d326bddd7f257126,iroh_dial,discovery_dnscold,cold,0,echo_rtt,0.033,ok
e126068a0c17439b85493ac7d326bddd7f257126,iroh_dial,discovery_dnscold,cold,0,echo_rtt,0.032,ok
e126068a0c17439b85493ac7d326bddd7f257126,iroh_dial,discovery_dnscold,cold,0,echo_rtt,0.030,ok
e126068a0c17439b85493ac7d326bddd7f257126,iroh_dial,discovery_dnscold,cold,0,echo_rtt,0.030,ok
e126068a0c17439b85493ac7d326bddd7f257126,iroh_dial,discovery_dnscold,cold,0,echo_rtt,0.029,ok
e126068a0c17439b85493ac7d326bddd7f257126,iroh_dial,discovery_dnscold,cold,0,echo_rtt,0.029,ok
e126068a0c17439b85493ac7d326bddd7f257126,iroh_dial,discovery_dnscold,cold,0,echo_rtt,0.029,ok
e126068a0c17439b85493ac7d326bddd7f257126,iroh_dial,discovery_dnscold,cold,0,echo_rtt,0.029,ok
e126068a0c17439b85493ac7d326bddd7f257126,iroh_dial,discovery_dnscold,cold,0,echo_rtt,0.029,ok
e126068a0c17439b85493ac7d326bddd7f257126,iroh_dial,discovery_dnscold,cold,0,echo_rtt,0.030,ok
e126068a0c17439b85493ac7d326bddd7f257126,iroh_dial,discovery_dnscold,cold,0,echo_rtt,0.028,ok
e126068a0c17439b85493ac7d326bddd7f257126,iroh_dial,discovery_dnscold,cold,0,echo_rtt,0.050,ok
e126068a0c17439b85493ac7d326bddd7f257126,iroh_dial,discovery_dnscold,cold,0,echo_rtt,0.039,ok
e126068a0c17439b85493ac7d326bddd7f257126,iroh_dial,discovery_dnscold,cold,0,echo_rtt,0.039,ok
e126068a0c17439b85493ac7d326bddd7f257126,iroh_dial,discovery_dnscold,cold,0,echo_rtt,0.038,ok
e126068a0c17439b85493ac7d326bddd7f257126,iroh_dial,discovery_dnscold,cold,0,echo_rtt,0.037,ok
e126068a0c17439b85493ac7d326bddd7f257126,iroh_dial,discovery_dnscold,cold,0,echo_rtt,0.031,ok
e126068a0c17439b85493ac7d326bddd7f257126,iroh_dial,discovery_dnscold,cold,0,process_spawn,0.688,ok
e126068a0c17439b85493ac7d326bddd7f257126,iroh_dial,discovery_dnscold,cold,0,runtime_start,0.354,ok
e126068a0c17439b85493ac7d326bddd7f257126,iroh_dial,discovery_dnscold,cold,0,endpoint_bind,1.587,ok
e126068a0c17439b85493ac7d326bddd7f257126,iroh_dial,discovery_dnscold,cold,0,address_lookup,128.707,ok
e126068a0c17439b85493ac7d326bddd7f257126,iroh_dial,discovery_dnscold,cold,0,dial_handshake,198.888,ok
e126068a0c17439b85493ac7d326bddd7f257126,iroh_dial,discovery_dnscold,cold,0,stream_open,83.443,ok
e126068a0c17439b85493ac7d326bddd7f257126,iroh_dial,discovery_dnscold,cold,0,echo_rtt,0.077,ok
e126068a0c17439b85493ac7d326bddd7f257126,iroh_dial,discovery_dnscold,cold,0,echo_rtt,0.051,ok
e126068a0c17439b85493ac7d326bddd7f257126,iroh_dial,discovery_dnscold,cold,0,echo_rtt,0.033,ok
e126068a0c17439b85493ac7d326bddd7f257126,iroh_dial,discovery_dnscold,cold,0,echo_rtt,0.048,ok
e126068a0c17439b85493ac7d326bddd7f257126,iroh_dial,discovery_dnscold,cold,0,echo_rtt,0.026,ok
e126068a0c17439b85493ac7d326bddd7f257126,iroh_dial,discovery_dnscold,cold,0,echo_rtt,0.036,ok
e126068a0c17439b85493ac7d326bddd7f257126,iroh_dial,discovery_dnscold,cold,0,echo_rtt,0.025,ok
e126068a0c17439b85493ac7d326bddd7f257126,iroh_dial,discovery_dnscold,cold,0,echo_rtt,0.034,ok
e126068a0c17439b85493ac7d326bddd7f257126,iroh_dial,discovery_dnscold,cold,0,echo_rtt,0.030,ok
e126068a0c17439b85493ac7d326bddd7f257126,iroh_dial,discovery_dnscold,cold,0,echo_rtt,0.030,ok
e126068a0c17439b85493ac7d326bddd7f257126,iroh_dial,discovery_dnscold,cold,0,echo_rtt,0.029,ok
e126068a0c17439b85493ac7d326bddd7f257126,iroh_dial,discovery_dnscold,cold,0,echo_rtt,0.033,ok
e126068a0c17439b85493ac7d326bddd7f257126,iroh_dial,discovery_dnscold,cold,0,echo_rtt,0.029,ok
e126068a0c17439b85493ac7d326bddd7f257126,iroh_dial,discovery_dnscold,cold,0,echo_rtt,0.029,ok
e126068a0c17439b85493ac7d326bddd7f257126,iroh_dial,discovery_dnscold,cold,0,echo_rtt,0.028,ok
e126068a0c17439b85493ac7d326bddd7f257126,iroh_dial,discovery_dnscold,cold,0,echo_rtt,0.029,ok
e126068a0c17439b85493ac7d326bddd7f257126,iroh_dial,discovery_dnscold,cold,0,echo_rtt,0.028,ok
e126068a0c17439b85493ac7d326bddd7f257126,iroh_dial,discovery_dnscold,cold,0,echo_rtt,0.029,ok
e126068a0c17439b85493ac7d326bddd7f257126,iroh_dial,discovery_dnscold,cold,0,echo_rtt,0.075,ok
e126068a0c17439b85493ac7d326bddd7f257126,iroh_dial,discovery_dnscold,cold,0,echo_rtt,0.034,ok
e126068a0c17439b85493ac7d326bddd7f257126,iroh_dial,discovery_dnscold,cold,0,process_spawn,0.681,ok
e126068a0c17439b85493ac7d326bddd7f257126,iroh_dial,discovery_dnscold,cold,0,runtime_start,0.352,ok
e126068a0c17439b85493ac7d326bddd7f257126,iroh_dial,discovery_dnscold,cold,0,endpoint_bind,1.560,ok
e126068a0c17439b85493ac7d326bddd7f257126,iroh_dial,discovery_dnscold,cold,0,address_lookup,132.482,ok
e126068a0c17439b85493ac7d326bddd7f257126,iroh_dial,discovery_dnscold,cold,0,dial_handshake,190.390,ok
e126068a0c17439b85493ac7d326bddd7f257126,iroh_dial,discovery_dnscold,cold,0,stream_open,80.496,ok
e126068a0c17439b85493ac7d326bddd7f257126,iroh_dial,discovery_dnscold,cold,0,echo_rtt,0.119,ok
e126068a0c17439b85493ac7d326bddd7f257126,iroh_dial,discovery_dnscold,cold,0,echo_rtt,0.079,ok
e126068a0c17439b85493ac7d326bddd7f257126,iroh_dial,discovery_dnscold,cold,0,echo_rtt,0.044,ok
e126068a0c17439b85493ac7d326bddd7f257126,iroh_dial,discovery_dnscold,cold,0,echo_rtt,0.027,ok
e126068a0c17439b85493ac7d326bddd7f257126,iroh_dial,discovery_dnscold,cold,0,echo_rtt,0.034,ok
e126068a0c17439b85493ac7d326bddd7f257126,iroh_dial,discovery_dnscold,cold,0,echo_rtt,0.025,ok
e126068a0c17439b85493ac7d326bddd7f257126,iroh_dial,discovery_dnscold,cold,0,echo_rtt,0.036,ok
e126068a0c17439b85493ac7d326bddd7f257126,iroh_dial,discovery_dnscold,cold,0,echo_rtt,0.030,ok
e126068a0c17439b85493ac7d326bddd7f257126,iroh_dial,discovery_dnscold,cold,0,echo_rtt,0.030,ok
e126068a0c17439b85493ac7d326bddd7f257126,iroh_dial,discovery_dnscold,cold,0,echo_rtt,0.029,ok
e126068a0c17439b85493ac7d326bddd7f257126,iroh_dial,discovery_dnscold,cold,0,echo_rtt,0.029,ok
e126068a0c17439b85493ac7d326bddd7f257126,iroh_dial,discovery_dnscold,cold,0,echo_rtt,0.031,ok
e126068a0c17439b85493ac7d326bddd7f257126,iroh_dial,discovery_dnscold,cold,0,echo_rtt,0.032,ok
e126068a0c17439b85493ac7d326bddd7f257126,iroh_dial,discovery_dnscold,cold,0,echo_rtt,0.036,ok
e126068a0c17439b85493ac7d326bddd7f257126,iroh_dial,discovery_dnscold,cold,0,echo_rtt,0.032,ok
e126068a0c17439b85493ac7d326bddd7f257126,iroh_dial,discovery_dnscold,cold,0,echo_rtt,0.029,ok
e126068a0c17439b85493ac7d326bddd7f257126,iroh_dial,discovery_dnscold,cold,0,echo_rtt,0.030,ok
e126068a0c17439b85493ac7d326bddd7f257126,iroh_dial,discovery_dnscold,cold,0,echo_rtt,0.028,ok
e126068a0c17439b85493ac7d326bddd7f257126,iroh_dial,discovery_dnscold,cold,0,echo_rtt,0.029,ok
e126068a0c17439b85493ac7d326bddd7f257126,iroh_dial,discovery_dnscold,cold,0,echo_rtt,0.029,ok
e126068a0c17439b85493ac7d326bddd7f257126,seer_dial,discovery_dnscold,cold,0,process_spawn,0.763,ok
e126068a0c17439b85493ac7d326bddd7f257126,seer_dial,discovery_dnscold,cold,0,seer_dial,330.183,ok
e126068a0c17439b85493ac7d326bddd7f257126,seer_dial,discovery_dnscold,cold,0,stream_open,94.344,ok
e126068a0c17439b85493ac7d326bddd7f257126,seer_dial,discovery_dnscold,cold,0,echo_rtt,0.069,ok
e126068a0c17439b85493ac7d326bddd7f257126,seer_dial,discovery_dnscold,cold,0,echo_rtt,0.042,ok
e126068a0c17439b85493ac7d326bddd7f257126,seer_dial,discovery_dnscold,cold,0,echo_rtt,0.053,ok
e126068a0c17439b85493ac7d326bddd7f257126,seer_dial,discovery_dnscold,cold,0,echo_rtt,0.040,ok
e126068a0c17439b85493ac7d326bddd7f257126,seer_dial,discovery_dnscold,cold,0,echo_rtt,0.051,ok
e126068a0c17439b85493ac7d326bddd7f257126,seer_dial,discovery_dnscold,cold,0,echo_rtt,0.046,ok
e126068a0c17439b85493ac7d326bddd7f257126,seer_dial,discovery_dnscold,cold,0,echo_rtt,0.049,ok
e126068a0c17439b85493ac7d326bddd7f257126,seer_dial,discovery_dnscold,cold,0,echo_rtt,0.048,ok
e126068a0c17439b85493ac7d326bddd7f257126,seer_dial,discovery_dnscold,cold,0,echo_rtt,0.046,ok
e126068a0c17439b85493ac7d326bddd7f257126,seer_dial,discovery_dnscold,cold,0,echo_rtt,0.043,ok
e126068a0c17439b85493ac7d326bddd7f257126,seer_dial,discovery_dnscold,cold,0,echo_rtt,0.044,ok
e126068a0c17439b85493ac7d326bddd7f257126,seer_dial,discovery_dnscold,cold,0,echo_rtt,0.042,ok
e126068a0c17439b85493ac7d326bddd7f257126,seer_dial,discovery_dnscold,cold,0,echo_rtt,0.042,ok
e126068a0c17439b85493ac7d326bddd7f257126,seer_dial,discovery_dnscold,cold,0,echo_rtt,0.043,ok
e126068a0c17439b85493ac7d326bddd7f257126,seer_dial,discovery_dnscold,cold,0,echo_rtt,0.043,ok
e126068a0c17439b85493ac7d326bddd7f257126,seer_dial,discovery_dnscold,cold,0,echo_rtt,0.044,ok
e126068a0c17439b85493ac7d326bddd7f257126,seer_dial,discovery_dnscold,cold,0,echo_rtt,0.068,ok
e126068a0c17439b85493ac7d326bddd7f257126,seer_dial,discovery_dnscold,cold,0,echo_rtt,0.051,ok
e126068a0c17439b85493ac7d326bddd7f257126,seer_dial,discovery_dnscold,cold,0,echo_rtt,0.046,ok
e126068a0c17439b85493ac7d326bddd7f257126,seer_dial,discovery_dnscold,cold,0,echo_rtt,0.043,ok
e126068a0c17439b85493ac7d326bddd7f257126,seer_dial,discovery_dnscold,cold,0,process_spawn,0.684,ok
e126068a0c17439b85493ac7d326bddd7f257126,seer_dial,discovery_dnscold,cold,0,seer_dial,321.314,ok
e126068a0c17439b85493ac7d326bddd7f257126,seer_dial,discovery_dnscold,cold,0,stream_open,81.604,ok
e126068a0c17439b85493ac7d326bddd7f257126,seer_dial,discovery_dnscold,cold,0,echo_rtt,0.105,ok
e126068a0c17439b85493ac7d326bddd7f257126,seer_dial,discovery_dnscold,cold,0,echo_rtt,0.047,ok
e126068a0c17439b85493ac7d326bddd7f257126,seer_dial,discovery_dnscold,cold,0,echo_rtt,0.039,ok
e126068a0c17439b85493ac7d326bddd7f257126,seer_dial,discovery_dnscold,cold,0,echo_rtt,0.036,ok
e126068a0c17439b85493ac7d326bddd7f257126,seer_dial,discovery_dnscold,cold,0,echo_rtt,0.043,ok
e126068a0c17439b85493ac7d326bddd7f257126,seer_dial,discovery_dnscold,cold,0,echo_rtt,0.040,ok
e126068a0c17439b85493ac7d326bddd7f257126,seer_dial,discovery_dnscold,cold,0,echo_rtt,0.037,ok
e126068a0c17439b85493ac7d326bddd7f257126,seer_dial,discovery_dnscold,cold,0,echo_rtt,0.035,ok
e126068a0c17439b85493ac7d326bddd7f257126,seer_dial,discovery_dnscold,cold,0,echo_rtt,0.035,ok
e126068a0c17439b85493ac7d326bddd7f257126,seer_dial,discovery_dnscold,cold,0,echo_rtt,0.035,ok
e126068a0c17439b85493ac7d326bddd7f257126,seer_dial,discovery_dnscold,cold,0,echo_rtt,0.035,ok
e126068a0c17439b85493ac7d326bddd7f257126,seer_dial,discovery_dnscold,cold,0,echo_rtt,0.066,ok
e126068a0c17439b85493ac7d326bddd7f257126,seer_dial,discovery_dnscold,cold,0,echo_rtt,0.040,ok
e126068a0c17439b85493ac7d326bddd7f257126,seer_dial,discovery_dnscold,cold,0,echo_rtt,0.046,ok
e126068a0c17439b85493ac7d326bddd7f257126,seer_dial,discovery_dnscold,cold,0,echo_rtt,0.039,ok
e126068a0c17439b85493ac7d326bddd7f257126,seer_dial,discovery_dnscold,cold,0,echo_rtt,0.037,ok
e126068a0c17439b85493ac7d326bddd7f257126,seer_dial,discovery_dnscold,cold,0,echo_rtt,0.056,ok
e126068a0c17439b85493ac7d326bddd7f257126,seer_dial,discovery_dnscold,cold,0,echo_rtt,0.056,ok
e126068a0c17439b85493ac7d326bddd7f257126,seer_dial,discovery_dnscold,cold,0,echo_rtt,0.041,ok
e126068a0c17439b85493ac7d326bddd7f257126,seer_dial,discovery_dnscold,cold,0,echo_rtt,0.039,ok
e126068a0c17439b85493ac7d326bddd7f257126,seer_dial,discovery_dnscold,cold,0,process_spawn,0.752,ok
e126068a0c17439b85493ac7d326bddd7f257126,seer_dial,discovery_dnscold,cold,0,seer_dial,328.745,ok
e126068a0c17439b85493ac7d326bddd7f257126,seer_dial,discovery_dnscold,cold,0,stream_open,94.249,ok
e126068a0c17439b85493ac7d326bddd7f257126,seer_dial,discovery_dnscold,cold,0,echo_rtt,0.063,ok
e126068a0c17439b85493ac7d326bddd7f257126,seer_dial,discovery_dnscold,cold,0,echo_rtt,0.038,ok
e126068a0c17439b85493ac7d326bddd7f257126,seer_dial,discovery_dnscold,cold,0,echo_rtt,0.047,ok
e126068a0c17439b85493ac7d326bddd7f257126,seer_dial,discovery_dnscold,cold,0,echo_rtt,0.035,ok
e126068a0c17439b85493ac7d326bddd7f257126,seer_dial,discovery_dnscold,cold,0,echo_rtt,0.046,ok
e126068a0c17439b85493ac7d326bddd7f257126,seer_dial,discovery_dnscold,cold,0,echo_rtt,0.034,ok
e126068a0c17439b85493ac7d326bddd7f257126,seer_dial,discovery_dnscold,cold,0,echo_rtt,0.069,ok
e126068a0c17439b85493ac7d326bddd7f257126,seer_dial,discovery_dnscold,cold,0,echo_rtt,0.046,ok
e126068a0c17439b85493ac7d326bddd7f257126,seer_dial,discovery_dnscold,cold,0,echo_rtt,0.044,ok
e126068a0c17439b85493ac7d326bddd7f257126,seer_dial,discovery_dnscold,cold,0,echo_rtt,0.032,ok
e126068a0c17439b85493ac7d326bddd7f257126,seer_dial,discovery_dnscold,cold,0,echo_rtt,0.041,ok
e126068a0c17439b85493ac7d326bddd7f257126,seer_dial,discovery_dnscold,cold,0,echo_rtt,0.045,ok
e126068a0c17439b85493ac7d326bddd7f257126,seer_dial,discovery_dnscold,cold,0,echo_rtt,0.045,ok
e126068a0c17439b85493ac7d326bddd7f257126,seer_dial,discovery_dnscold,cold,0,echo_rtt,0.031,ok
e126068a0c17439b85493ac7d326bddd7f257126,seer_dial,discovery_dnscold,cold,0,echo_rtt,0.040,ok
e126068a0c17439b85493ac7d326bddd7f257126,seer_dial,discovery_dnscold,cold,0,echo_rtt,0.031,ok
e126068a0c17439b85493ac7d326bddd7f257126,seer_dial,discovery_dnscold,cold,0,echo_rtt,0.088,ok
e126068a0c17439b85493ac7d326bddd7f257126,seer_dial,discovery_dnscold,cold,0,echo_rtt,0.033,ok
e126068a0c17439b85493ac7d326bddd7f257126,seer_dial,discovery_dnscold,cold,0,echo_rtt,0.040,ok
e126068a0c17439b85493ac7d326bddd7f257126,seer_dial,discovery_dnscold,cold,0,echo_rtt,0.031,ok
e126068a0c17439b85493ac7d326bddd7f257126,seer_dial,discovery_dnscold,cold,0,process_spawn,0.728,ok
e126068a0c17439b85493ac7d326bddd7f257126,seer_dial,discovery_dnscold,cold,0,seer_dial,322.672,ok
e126068a0c17439b85493ac7d326bddd7f257126,seer_dial,discovery_dnscold,cold,0,stream_open,81.978,ok
e126068a0c17439b85493ac7d326bddd7f257126,seer_dial,discovery_dnscold,cold,0,echo_rtt,0.095,ok
e126068a0c17439b85493ac7d326bddd7f257126,seer_dial,discovery_dnscold,cold,0,echo_rtt,0.091,ok
e126068a0c17439b85493ac7d326bddd7f257126,seer_dial,discovery_dnscold,cold,0,echo_rtt,0.040,ok
e126068a0c17439b85493ac7d326bddd7f257126,seer_dial,discovery_dnscold,cold,0,echo_rtt,0.039,ok
e126068a0c17439b85493ac7d326bddd7f257126,seer_dial,discovery_dnscold,cold,0,echo_rtt,0.037,ok
e126068a0c17439b85493ac7d326bddd7f257126,seer_dial,discovery_dnscold,cold,0,echo_rtt,0.036,ok
e126068a0c17439b85493ac7d326bddd7f257126,seer_dial,discovery_dnscold,cold,0,echo_rtt,0.040,ok
e126068a0c17439b85493ac7d326bddd7f257126,seer_dial,discovery_dnscold,cold,0,echo_rtt,0.038,ok
e126068a0c17439b85493ac7d326bddd7f257126,seer_dial,discovery_dnscold,cold,0,echo_rtt,0.044,ok
e126068a0c17439b85493ac7d326bddd7f257126,seer_dial,discovery_dnscold,cold,0,echo_rtt,0.041,ok
e126068a0c17439b85493ac7d326bddd7f257126,seer_dial,discovery_dnscold,cold,0,echo_rtt,0.037,ok
e126068a0c17439b85493ac7d326bddd7f257126,seer_dial,discovery_dnscold,cold,0,echo_rtt,0.038,ok
e126068a0c17439b85493ac7d326bddd7f257126,seer_dial,discovery_dnscold,cold,0,echo_rtt,0.036,ok
e126068a0c17439b85493ac7d326bddd7f257126,seer_dial,discovery_dnscold,cold,0,echo_rtt,0.035,ok
e126068a0c17439b85493ac7d326bddd7f257126,seer_dial,discovery_dnscold,cold,0,echo_rtt,0.036,ok
e126068a0c17439b85493ac7d326bddd7f257126,seer_dial,discovery_dnscold,cold,0,echo_rtt,0.036,ok
e126068a0c17439b85493ac7d326bddd7f257126,seer_dial,discovery_dnscold,cold,0,echo_rtt,0.042,ok
e126068a0c17439b85493ac7d326bddd7f257126,seer_dial,discovery_dnscold,cold,0,echo_rtt,0.053,ok
e126068a0c17439b85493ac7d326bddd7f257126,seer_dial,discovery_dnscold,cold,0,echo_rtt,0.069,ok
e126068a0c17439b85493ac7d326bddd7f257126,seer_dial,discovery_dnscold,cold,0,echo_rtt,0.048,ok
e126068a0c17439b85493ac7d326bddd7f257126,seer_dial,discovery_dnscold,cold,0,process_spawn,0.759,ok
e126068a0c17439b85493ac7d326bddd7f257126,seer_dial,discovery_dnscold,cold,0,seer_dial,322.997,ok
e126068a0c17439b85493ac7d326bddd7f257126,seer_dial,discovery_dnscold,cold,0,stream_open,82.652,ok
e126068a0c17439b85493ac7d326bddd7f257126,seer_dial,discovery_dnscold,cold,0,echo_rtt,0.207,ok
e126068a0c17439b85493ac7d326bddd7f257126,seer_dial,discovery_dnscold,cold,0,echo_rtt,0.049,ok
e126068a0c17439b85493ac7d326bddd7f257126,seer_dial,discovery_dnscold,cold,0,echo_rtt,0.049,ok
e126068a0c17439b85493ac7d326bddd7f257126,seer_dial,discovery_dnscold,cold,0,echo_rtt,0.034,ok
e126068a0c17439b85493ac7d326bddd7f257126,seer_dial,discovery_dnscold,cold,0,echo_rtt,0.042,ok
e126068a0c17439b85493ac7d326bddd7f257126,seer_dial,discovery_dnscold,cold,0,echo_rtt,0.032,ok
e126068a0c17439b85493ac7d326bddd7f257126,seer_dial,discovery_dnscold,cold,0,echo_rtt,0.040,ok
e126068a0c17439b85493ac7d326bddd7f257126,seer_dial,discovery_dnscold,cold,0,echo_rtt,0.033,ok
e126068a0c17439b85493ac7d326bddd7f257126,seer_dial,discovery_dnscold,cold,0,echo_rtt,0.041,ok
e126068a0c17439b85493ac7d326bddd7f257126,seer_dial,discovery_dnscold,cold,0,echo_rtt,0.032,ok
e126068a0c17439b85493ac7d326bddd7f257126,seer_dial,discovery_dnscold,cold,0,echo_rtt,0.041,ok
e126068a0c17439b85493ac7d326bddd7f257126,seer_dial,discovery_dnscold,cold,0,echo_rtt,0.032,ok
e126068a0c17439b85493ac7d326bddd7f257126,seer_dial,discovery_dnscold,cold,0,echo_rtt,0.040,ok
e126068a0c17439b85493ac7d326bddd7f257126,seer_dial,discovery_dnscold,cold,0,echo_rtt,0.032,ok
e126068a0c17439b85493ac7d326bddd7f257126,seer_dial,discovery_dnscold,cold,0,echo_rtt,0.041,ok
e126068a0c17439b85493ac7d326bddd7f257126,seer_dial,discovery_dnscold,cold,0,echo_rtt,0.032,ok
e126068a0c17439b85493ac7d326bddd7f257126,seer_dial,discovery_dnscold,cold,0,echo_rtt,0.046,ok
e126068a0c17439b85493ac7d326bddd7f257126,seer_dial,discovery_dnscold,cold,0,echo_rtt,0.032,ok
e126068a0c17439b85493ac7d326bddd7f257126,seer_dial,discovery_dnscold,cold,0,echo_rtt,0.039,ok
e126068a0c17439b85493ac7d326bddd7f257126,seer_dial,discovery_dnscold,cold,0,echo_rtt,0.032,ok
e126068a0c17439b85493ac7d326bddd7f257126,seer_dial,discovery_dnscold,cold,0,process_spawn,0.811,ok
e126068a0c17439b85493ac7d326bddd7f257126,seer_dial,discovery_dnscold,cold,0,seer_dial,319.647,ok
e126068a0c17439b85493ac7d326bddd7f257126,seer_dial,discovery_dnscold,cold,0,stream_open,82.560,ok
e126068a0c17439b85493ac7d326bddd7f257126,seer_dial,discovery_dnscold,cold,0,echo_rtt,0.269,ok
e126068a0c17439b85493ac7d326bddd7f257126,seer_dial,discovery_dnscold,cold,0,echo_rtt,0.046,ok
e126068a0c17439b85493ac7d326bddd7f257126,seer_dial,discovery_dnscold,cold,0,echo_rtt,0.045,ok
e126068a0c17439b85493ac7d326bddd7f257126,seer_dial,discovery_dnscold,cold,0,echo_rtt,0.033,ok
e126068a0c17439b85493ac7d326bddd7f257126,seer_dial,discovery_dnscold,cold,0,echo_rtt,0.042,ok
e126068a0c17439b85493ac7d326bddd7f257126,seer_dial,discovery_dnscold,cold,0,echo_rtt,0.032,ok
e126068a0c17439b85493ac7d326bddd7f257126,seer_dial,discovery_dnscold,cold,0,echo_rtt,0.041,ok
e126068a0c17439b85493ac7d326bddd7f257126,seer_dial,discovery_dnscold,cold,0,echo_rtt,0.040,ok
e126068a0c17439b85493ac7d326bddd7f257126,seer_dial,discovery_dnscold,cold,0,echo_rtt,0.048,ok
e126068a0c17439b85493ac7d326bddd7f257126,seer_dial,discovery_dnscold,cold,0,echo_rtt,0.056,ok
e126068a0c17439b85493ac7d326bddd7f257126,seer_dial,discovery_dnscold,cold,0,echo_rtt,0.073,ok
e126068a0c17439b85493ac7d326bddd7f257126,seer_dial,discovery_dnscold,cold,0,echo_rtt,0.040,ok
e126068a0c17439b85493ac7d326bddd7f257126,seer_dial,discovery_dnscold,cold,0,echo_rtt,0.049,ok
e126068a0c17439b85493ac7d326bddd7f257126,seer_dial,discovery_dnscold,cold,0,echo_rtt,0.036,ok
e126068a0c17439b85493ac7d326bddd7f257126,seer_dial,discovery_dnscold,cold,0,echo_rtt,0.050,ok
e126068a0c17439b85493ac7d326bddd7f257126,seer_dial,discovery_dnscold,cold,0,echo_rtt,0.079,ok
e126068a0c17439b85493ac7d326bddd7f257126,seer_dial,discovery_dnscold,cold,0,echo_rtt,0.057,ok
e126068a0c17439b85493ac7d326bddd7f257126,seer_dial,discovery_dnscold,cold,0,echo_rtt,0.039,ok
e126068a0c17439b85493ac7d326bddd7f257126,seer_dial,discovery_dnscold,cold,0,echo_rtt,0.051,ok
e126068a0c17439b85493ac7d326bddd7f257126,seer_dial,discovery_dnscold,cold,0,echo_rtt,0.044,ok
e126068a0c17439b85493ac7d326bddd7f257126,seer_dial,discovery_dnscold,cold,0,process_spawn,0.727,ok
e126068a0c17439b85493ac7d326bddd7f257126,seer_dial,discovery_dnscold,cold,0,seer_dial,320.722,ok
e126068a0c17439b85493ac7d326bddd7f257126,seer_dial,discovery_dnscold,cold,0,stream_open,82.245,ok
e126068a0c17439b85493ac7d326bddd7f257126,seer_dial,discovery_dnscold,cold,0,echo_rtt,0.131,ok
e126068a0c17439b85493ac7d326bddd7f257126,seer_dial,discovery_dnscold,cold,0,echo_rtt,0.048,ok
e126068a0c17439b85493ac7d326bddd7f257126,seer_dial,discovery_dnscold,cold,0,echo_rtt,0.050,ok
e126068a0c17439b85493ac7d326bddd7f257126,seer_dial,discovery_dnscold,cold,0,echo_rtt,0.036,ok
e126068a0c17439b85493ac7d326bddd7f257126,seer_dial,discovery_dnscold,cold,0,echo_rtt,0.048,ok
e126068a0c17439b85493ac7d326bddd7f257126,seer_dial,discovery_dnscold,cold,0,echo_rtt,0.046,ok
e126068a0c17439b85493ac7d326bddd7f257126,seer_dial,discovery_dnscold,cold,0,echo_rtt,0.051,ok
e126068a0c17439b85493ac7d326bddd7f257126,seer_dial,discovery_dnscold,cold,0,echo_rtt,0.041,ok
e126068a0c17439b85493ac7d326bddd7f257126,seer_dial,discovery_dnscold,cold,0,echo_rtt,0.048,ok
e126068a0c17439b85493ac7d326bddd7f257126,seer_dial,discovery_dnscold,cold,0,echo_rtt,0.037,ok
e126068a0c17439b85493ac7d326bddd7f257126,seer_dial,discovery_dnscold,cold,0,echo_rtt,0.048,ok
e126068a0c17439b85493ac7d326bddd7f257126,seer_dial,discovery_dnscold,cold,0,echo_rtt,0.037,ok
e126068a0c17439b85493ac7d326bddd7f257126,seer_dial,discovery_dnscold,cold,0,echo_rtt,0.049,ok
e126068a0c17439b85493ac7d326bddd7f257126,seer_dial,discovery_dnscold,cold,0,echo_rtt,0.036,ok
e126068a0c17439b85493ac7d326bddd7f257126,seer_dial,discovery_dnscold,cold,0,echo_rtt,0.048,ok
e126068a0c17439b85493ac7d326bddd7f257126,seer_dial,discovery_dnscold,cold,0,echo_rtt,0.036,ok
e126068a0c17439b85493ac7d326bddd7f257126,seer_dial,discovery_dnscold,cold,0,echo_rtt,0.047,ok
e126068a0c17439b85493ac7d326bddd7f257126,seer_dial,discovery_dnscold,cold,0,echo_rtt,0.036,ok
e126068a0c17439b85493ac7d326bddd7f257126,seer_dial,discovery_dnscold,cold,0,echo_rtt,0.047,ok
e126068a0c17439b85493ac7d326bddd7f257126,seer_dial,discovery_dnscold,cold,0,echo_rtt,0.036,ok
e126068a0c17439b85493ac7d326bddd7f257126,seer_dial,discovery_dnscold,cold,0,process_spawn,0.671,ok
e126068a0c17439b85493ac7d326bddd7f257126,seer_dial,discovery_dnscold,cold,0,seer_dial,330.518,ok
e126068a0c17439b85493ac7d326bddd7f257126,seer_dial,discovery_dnscold,cold,0,stream_open,83.868,ok
e126068a0c17439b85493ac7d326bddd7f257126,seer_dial,discovery_dnscold,cold,0,echo_rtt,0.175,ok
e126068a0c17439b85493ac7d326bddd7f257126,seer_dial,discovery_dnscold,cold,0,echo_rtt,0.063,ok
e126068a0c17439b85493ac7d326bddd7f257126,seer_dial,discovery_dnscold,cold,0,echo_rtt,0.041,ok
e126068a0c17439b85493ac7d326bddd7f257126,seer_dial,discovery_dnscold,cold,0,echo_rtt,0.039,ok
e126068a0c17439b85493ac7d326bddd7f257126,seer_dial,discovery_dnscold,cold,0,echo_rtt,0.047,ok
e126068a0c17439b85493ac7d326bddd7f257126,seer_dial,discovery_dnscold,cold,0,echo_rtt,0.057,ok
e126068a0c17439b85493ac7d326bddd7f257126,seer_dial,discovery_dnscold,cold,0,echo_rtt,0.040,ok
e126068a0c17439b85493ac7d326bddd7f257126,seer_dial,discovery_dnscold,cold,0,echo_rtt,0.041,ok
e126068a0c17439b85493ac7d326bddd7f257126,seer_dial,discovery_dnscold,cold,0,echo_rtt,0.039,ok
e126068a0c17439b85493ac7d326bddd7f257126,seer_dial,discovery_dnscold,cold,0,echo_rtt,0.039,ok
e126068a0c17439b85493ac7d326bddd7f257126,seer_dial,discovery_dnscold,cold,0,echo_rtt,0.039,ok
e126068a0c17439b85493ac7d326bddd7f257126,seer_dial,discovery_dnscold,cold,0,echo_rtt,0.037,ok
e126068a0c17439b85493ac7d326bddd7f257126,seer_dial,discovery_dnscold,cold,0,echo_rtt,0.036,ok
e126068a0c17439b85493ac7d326bddd7f257126,seer_dial,discovery_dnscold,cold,0,echo_rtt,0.035,ok
e126068a0c17439b85493ac7d326bddd7f257126,seer_dial,discovery_dnscold,cold,0,echo_rtt,0.036,ok
e126068a0c17439b85493ac7d326bddd7f257126,seer_dial,discovery_dnscold,cold,0,echo_rtt,0.035,ok
e126068a0c17439b85493ac7d326bddd7f257126,seer_dial,discovery_dnscold,cold,0,echo_rtt,0.035,ok
e126068a0c17439b85493ac7d326bddd7f257126,seer_dial,discovery_dnscold,cold,0,echo_rtt,0.037,ok
e126068a0c17439b85493ac7d326bddd7f257126,seer_dial,discovery_dnscold,cold,0,echo_rtt,0.036,ok
e126068a0c17439b85493ac7d326bddd7f257126,seer_dial,discovery_dnscold,cold,0,echo_rtt,0.035,ok
e126068a0c17439b85493ac7d326bddd7f257126,seer_dial,discovery_dnscold,cold,0,process_spawn,0.748,ok
e126068a0c17439b85493ac7d326bddd7f257126,seer_dial,discovery_dnscold,cold,0,seer_dial,321.321,ok
e126068a0c17439b85493ac7d326bddd7f257126,seer_dial,discovery_dnscold,cold,0,stream_open,91.588,ok
e126068a0c17439b85493ac7d326bddd7f257126,seer_dial,discovery_dnscold,cold,0,echo_rtt,0.051,ok
e126068a0c17439b85493ac7d326bddd7f257126,seer_dial,discovery_dnscold,cold,0,echo_rtt,0.043,ok
e126068a0c17439b85493ac7d326bddd7f257126,seer_dial,discovery_dnscold,cold,0,echo_rtt,0.042,ok
e126068a0c17439b85493ac7d326bddd7f257126,seer_dial,discovery_dnscold,cold,0,echo_rtt,0.038,ok
e126068a0c17439b85493ac7d326bddd7f257126,seer_dial,discovery_dnscold,cold,0,echo_rtt,0.060,ok
e126068a0c17439b85493ac7d326bddd7f257126,seer_dial,discovery_dnscold,cold,0,echo_rtt,0.043,ok
e126068a0c17439b85493ac7d326bddd7f257126,seer_dial,discovery_dnscold,cold,0,echo_rtt,0.041,ok
e126068a0c17439b85493ac7d326bddd7f257126,seer_dial,discovery_dnscold,cold,0,echo_rtt,0.039,ok
e126068a0c17439b85493ac7d326bddd7f257126,seer_dial,discovery_dnscold,cold,0,echo_rtt,0.040,ok
e126068a0c17439b85493ac7d326bddd7f257126,seer_dial,discovery_dnscold,cold,0,echo_rtt,0.040,ok
e126068a0c17439b85493ac7d326bddd7f257126,seer_dial,discovery_dnscold,cold,0,echo_rtt,0.039,ok
e126068a0c17439b85493ac7d326bddd7f257126,seer_dial,discovery_dnscold,cold,0,echo_rtt,0.040,ok
e126068a0c17439b85493ac7d326bddd7f257126,seer_dial,discovery_dnscold,cold,0,echo_rtt,0.039,ok
e126068a0c17439b85493ac7d326bddd7f257126,seer_dial,discovery_dnscold,cold,0,echo_rtt,0.040,ok
e126068a0c17439b85493ac7d326bddd7f257126,seer_dial,discovery_dnscold,cold,0,echo_rtt,0.044,ok
e126068a0c17439b85493ac7d326bddd7f257126,seer_dial,discovery_dnscold,cold,0,echo_rtt,0.037,ok
e126068a0c17439b85493ac7d326bddd7f257126,seer_dial,discovery_dnscold,cold,0,echo_rtt,0.036,ok
e126068a0c17439b85493ac7d326bddd7f257126,seer_dial,discovery_dnscold,cold,0,echo_rtt,0.037,ok
e126068a0c17439b85493ac7d326bddd7f257126,seer_dial,discovery_dnscold,cold,0,echo_rtt,0.037,ok
e126068a0c17439b85493ac7d326bddd7f257126,seer_dial,discovery_dnscold,cold,0,echo_rtt,0.036,ok
e126068a0c17439b85493ac7d326bddd7f257126,seer_dial,discovery_dnscold,cold,0,process_spawn,0.673,ok
e126068a0c17439b85493ac7d326bddd7f257126,seer_dial,discovery_dnscold,cold,0,seer_dial,322.278,ok
e126068a0c17439b85493ac7d326bddd7f257126,seer_dial,discovery_dnscold,cold,0,stream_open,80.805,ok
e126068a0c17439b85493ac7d326bddd7f257126,seer_dial,discovery_dnscold,cold,0,echo_rtt,0.154,ok
e126068a0c17439b85493ac7d326bddd7f257126,seer_dial,discovery_dnscold,cold,0,echo_rtt,0.061,ok
e126068a0c17439b85493ac7d326bddd7f257126,seer_dial,discovery_dnscold,cold,0,echo_rtt,0.044,ok
e126068a0c17439b85493ac7d326bddd7f257126,seer_dial,discovery_dnscold,cold,0,echo_rtt,0.032,ok
e126068a0c17439b85493ac7d326bddd7f257126,seer_dial,discovery_dnscold,cold,0,echo_rtt,0.040,ok
e126068a0c17439b85493ac7d326bddd7f257126,seer_dial,discovery_dnscold,cold,0,echo_rtt,0.031,ok
e126068a0c17439b85493ac7d326bddd7f257126,seer_dial,discovery_dnscold,cold,0,echo_rtt,0.040,ok
e126068a0c17439b85493ac7d326bddd7f257126,seer_dial,discovery_dnscold,cold,0,echo_rtt,0.031,ok
e126068a0c17439b85493ac7d326bddd7f257126,seer_dial,discovery_dnscold,cold,0,echo_rtt,0.040,ok
e126068a0c17439b85493ac7d326bddd7f257126,seer_dial,discovery_dnscold,cold,0,echo_rtt,0.031,ok
e126068a0c17439b85493ac7d326bddd7f257126,seer_dial,discovery_dnscold,cold,0,echo_rtt,0.040,ok
e126068a0c17439b85493ac7d326bddd7f257126,seer_dial,discovery_dnscold,cold,0,echo_rtt,0.031,ok
e126068a0c17439b85493ac7d326bddd7f257126,seer_dial,discovery_dnscold,cold,0,echo_rtt,0.040,ok
e126068a0c17439b85493ac7d326bddd7f257126,seer_dial,discovery_dnscold,cold,0,echo_rtt,0.031,ok
e126068a0c17439b85493ac7d326bddd7f257126,seer_dial,discovery_dnscold,cold,0,echo_rtt,0.039,ok
e126068a0c17439b85493ac7d326bddd7f257126,seer_dial,discovery_dnscold,cold,0,echo_rtt,0.032,ok
e126068a0c17439b85493ac7d326bddd7f257126,seer_dial,discovery_dnscold,cold,0,echo_rtt,0.039,ok
e126068a0c17439b85493ac7d326bddd7f257126,seer_dial,discovery_dnscold,cold,0,echo_rtt,0.032,ok
e126068a0c17439b85493ac7d326bddd7f257126,seer_dial,discovery_dnscold,cold,0,echo_rtt,0.041,ok
e126068a0c17439b85493ac7d326bddd7f257126,seer_dial,discovery_dnscold,cold,0,echo_rtt,0.031,ok
e126068a0c17439b85493ac7d326bddd7f257126,iroh_dial,relayhint,cold,0,process_spawn,0.613,ok
e126068a0c17439b85493ac7d326bddd7f257126,iroh_dial,relayhint,cold,0,runtime_start,0.336,ok
e126068a0c17439b85493ac7d326bddd7f257126,iroh_dial,relayhint,cold,0,endpoint_bind,1.551,ok
e126068a0c17439b85493ac7d326bddd7f257126,iroh_dial,relayhint,cold,0,address_lookup,0.092,ok
e126068a0c17439b85493ac7d326bddd7f257126,iroh_dial,relayhint,cold,0,dial_handshake,191.963,ok
e126068a0c17439b85493ac7d326bddd7f257126,iroh_dial,relayhint,cold,0,stream_open,93.931,ok
e126068a0c17439b85493ac7d326bddd7f257126,iroh_dial,relayhint,cold,0,echo_rtt,0.048,ok
e126068a0c17439b85493ac7d326bddd7f257126,iroh_dial,relayhint,cold,0,echo_rtt,0.039,ok
e126068a0c17439b85493ac7d326bddd7f257126,iroh_dial,relayhint,cold,0,echo_rtt,0.031,ok
e126068a0c17439b85493ac7d326bddd7f257126,iroh_dial,relayhint,cold,0,echo_rtt,0.031,ok
e126068a0c17439b85493ac7d326bddd7f257126,iroh_dial,relayhint,cold,0,echo_rtt,0.029,ok
e126068a0c17439b85493ac7d326bddd7f257126,iroh_dial,relayhint,cold,0,echo_rtt,0.030,ok
e126068a0c17439b85493ac7d326bddd7f257126,iroh_dial,relayhint,cold,0,echo_rtt,0.028,ok
e126068a0c17439b85493ac7d326bddd7f257126,iroh_dial,relayhint,cold,0,echo_rtt,0.030,ok
e126068a0c17439b85493ac7d326bddd7f257126,iroh_dial,relayhint,cold,0,echo_rtt,0.056,ok
e126068a0c17439b85493ac7d326bddd7f257126,iroh_dial,relayhint,cold,0,echo_rtt,0.036,ok
e126068a0c17439b85493ac7d326bddd7f257126,iroh_dial,relayhint,cold,0,echo_rtt,0.030,ok
e126068a0c17439b85493ac7d326bddd7f257126,iroh_dial,relayhint,cold,0,echo_rtt,0.030,ok
e126068a0c17439b85493ac7d326bddd7f257126,iroh_dial,relayhint,cold,0,echo_rtt,0.034,ok
e126068a0c17439b85493ac7d326bddd7f257126,iroh_dial,relayhint,cold,0,echo_rtt,0.025,ok
e126068a0c17439b85493ac7d326bddd7f257126,iroh_dial,relayhint,cold,0,echo_rtt,0.033,ok
e126068a0c17439b85493ac7d326bddd7f257126,iroh_dial,relayhint,cold,0,echo_rtt,0.025,ok
e126068a0c17439b85493ac7d326bddd7f257126,iroh_dial,relayhint,cold,0,echo_rtt,0.034,ok
e126068a0c17439b85493ac7d326bddd7f257126,iroh_dial,relayhint,cold,0,echo_rtt,0.025,ok
e126068a0c17439b85493ac7d326bddd7f257126,iroh_dial,relayhint,cold,0,echo_rtt,0.033,ok
e126068a0c17439b85493ac7d326bddd7f257126,iroh_dial,relayhint,cold,0,echo_rtt,0.025,ok
e126068a0c17439b85493ac7d326bddd7f257126,iroh_dial,relayhint,cold,0,process_spawn,0.599,ok
e126068a0c17439b85493ac7d326bddd7f257126,iroh_dial,relayhint,cold,0,runtime_start,0.346,ok
e126068a0c17439b85493ac7d326bddd7f257126,iroh_dial,relayhint,cold,0,endpoint_bind,1.388,ok
e126068a0c17439b85493ac7d326bddd7f257126,iroh_dial,relayhint,cold,0,address_lookup,0.092,ok
e126068a0c17439b85493ac7d326bddd7f257126,iroh_dial,relayhint,cold,0,dial_handshake,201.108,ok
e126068a0c17439b85493ac7d326bddd7f257126,iroh_dial,relayhint,cold,0,stream_open,86.831,ok
e126068a0c17439b85493ac7d326bddd7f257126,iroh_dial,relayhint,cold,0,echo_rtt,0.107,ok
e126068a0c17439b85493ac7d326bddd7f257126,iroh_dial,relayhint,cold,0,echo_rtt,0.053,ok
e126068a0c17439b85493ac7d326bddd7f257126,iroh_dial,relayhint,cold,0,echo_rtt,0.030,ok
e126068a0c17439b85493ac7d326bddd7f257126,iroh_dial,relayhint,cold,0,echo_rtt,0.051,ok
e126068a0c17439b85493ac7d326bddd7f257126,iroh_dial,relayhint,cold,0,echo_rtt,0.027,ok
e126068a0c17439b85493ac7d326bddd7f257126,iroh_dial,relayhint,cold,0,echo_rtt,0.047,ok
e126068a0c17439b85493ac7d326bddd7f257126,iroh_dial,relayhint,cold,0,echo_rtt,0.026,ok
e126068a0c17439b85493ac7d326bddd7f257126,iroh_dial,relayhint,cold,0,echo_rtt,0.035,ok
e126068a0c17439b85493ac7d326bddd7f257126,iroh_dial,relayhint,cold,0,echo_rtt,0.029,ok
e126068a0c17439b85493ac7d326bddd7f257126,iroh_dial,relayhint,cold,0,echo_rtt,0.030,ok
e126068a0c17439b85493ac7d326bddd7f257126,iroh_dial,relayhint,cold,0,echo_rtt,0.034,ok
e126068a0c17439b85493ac7d326bddd7f257126,iroh_dial,relayhint,cold,0,echo_rtt,0.029,ok
e126068a0c17439b85493ac7d326bddd7f257126,iroh_dial,relayhint,cold,0,echo_rtt,0.049,ok
e126068a0c17439b85493ac7d326bddd7f257126,iroh_dial,relayhint,cold,0,echo_rtt,0.025,ok
e126068a0c17439b85493ac7d326bddd7f257126,iroh_dial,relayhint,cold,0,echo_rtt,0.033,ok
e126068a0c17439b85493ac7d326bddd7f257126,iroh_dial,relayhint,cold,0,echo_rtt,0.025,ok
e126068a0c17439b85493ac7d326bddd7f257126,iroh_dial,relayhint,cold,0,echo_rtt,0.033,ok
e126068a0c17439b85493ac7d326bddd7f257126,iroh_dial,relayhint,cold,0,echo_rtt,0.030,ok
e126068a0c17439b85493ac7d326bddd7f257126,iroh_dial,relayhint,cold,0,echo_rtt,0.033,ok
e126068a0c17439b85493ac7d326bddd7f257126,iroh_dial,relayhint,cold,0,echo_rtt,0.025,ok
e126068a0c17439b85493ac7d326bddd7f257126,iroh_dial,relayhint,cold,0,process_spawn,0.717,ok
e126068a0c17439b85493ac7d326bddd7f257126,iroh_dial,relayhint,cold,0,runtime_start,0.396,ok
e126068a0c17439b85493ac7d326bddd7f257126,iroh_dial,relayhint,cold,0,endpoint_bind,1.547,ok
e126068a0c17439b85493ac7d326bddd7f257126,iroh_dial,relayhint,cold,0,address_lookup,0.089,ok
e126068a0c17439b85493ac7d326bddd7f257126,iroh_dial,relayhint,cold,0,dial_handshake,201.069,ok
e126068a0c17439b85493ac7d326bddd7f257126,iroh_dial,relayhint,cold,0,stream_open,85.532,ok
e126068a0c17439b85493ac7d326bddd7f257126,iroh_dial,relayhint,cold,0,echo_rtt,0.128,ok
e126068a0c17439b85493ac7d326bddd7f257126,iroh_dial,relayhint,cold,0,echo_rtt,0.168,ok
e126068a0c17439b85493ac7d326bddd7f257126,iroh_dial,relayhint,cold,0,echo_rtt,0.047,ok
e126068a0c17439b85493ac7d326bddd7f257126,iroh_dial,relayhint,cold,0,echo_rtt,0.032,ok
e126068a0c17439b85493ac7d326bddd7f257126,iroh_dial,relayhint,cold,0,echo_rtt,0.048,ok
e126068a0c17439b85493ac7d326bddd7f257126,iroh_dial,relayhint,cold,0,echo_rtt,0.027,ok
e126068a0c17439b85493ac7d326bddd7f257126,iroh_dial,relayhint,cold,0,echo_rtt,0.036,ok
e126068a0c17439b85493ac7d326bddd7f257126,iroh_dial,relayhint,cold,0,echo_rtt,0.026,ok
e126068a0c17439b85493ac7d326bddd7f257126,iroh_dial,relayhint,cold,0,echo_rtt,0.034,ok
e126068a0c17439b85493ac7d326bddd7f257126,iroh_dial,relayhint,cold,0,echo_rtt,0.025,ok
e126068a0c17439b85493ac7d326bddd7f257126,iroh_dial,relayhint,cold,0,echo_rtt,0.036,ok
e126068a0c17439b85493ac7d326bddd7f257126,iroh_dial,relayhint,cold,0,echo_rtt,0.027,ok
e126068a0c17439b85493ac7d326bddd7f257126,iroh_dial,relayhint,cold,0,echo_rtt,0.035,ok
e126068a0c17439b85493ac7d326bddd7f257126,iroh_dial,relayhint,cold,0,echo_rtt,0.050,ok
e126068a0c17439b85493ac7d326bddd7f257126,iroh_dial,relayhint,cold,0,echo_rtt,0.041,ok
e126068a0c17439b85493ac7d326bddd7f257126,iroh_dial,relayhint,cold,0,echo_rtt,0.040,ok
e126068a0c17439b85493ac7d326bddd7f257126,iroh_dial,relayhint,cold,0,echo_rtt,0.039,ok
e126068a0c17439b85493ac7d326bddd7f257126,iroh_dial,relayhint,cold,0,echo_rtt,0.031,ok
e126068a0c17439b85493ac7d326bddd7f257126,iroh_dial,relayhint,cold,0,echo_rtt,0.061,ok
e126068a0c17439b85493ac7d326bddd7f257126,iroh_dial,relayhint,cold,0,echo_rtt,0.038,ok
e126068a0c17439b85493ac7d326bddd7f257126,iroh_dial,relayhint,cold,0,process_spawn,0.715,ok
e126068a0c17439b85493ac7d326bddd7f257126,iroh_dial,relayhint,cold,0,runtime_start,0.348,ok
e126068a0c17439b85493ac7d326bddd7f257126,iroh_dial,relayhint,cold,0,endpoint_bind,1.434,ok
e126068a0c17439b85493ac7d326bddd7f257126,iroh_dial,relayhint,cold,0,address_lookup,0.092,ok
e126068a0c17439b85493ac7d326bddd7f257126,iroh_dial,relayhint,cold,0,dial_handshake,193.023,ok
e126068a0c17439b85493ac7d326bddd7f257126,iroh_dial,relayhint,cold,0,stream_open,95.067,ok
e126068a0c17439b85493ac7d326bddd7f257126,iroh_dial,relayhint,cold,0,echo_rtt,0.042,ok
e126068a0c17439b85493ac7d326bddd7f257126,iroh_dial,relayhint,cold,0,echo_rtt,0.034,ok
e126068a0c17439b85493ac7d326bddd7f257126,iroh_dial,relayhint,cold,0,echo_rtt,0.033,ok
e126068a0c17439b85493ac7d326bddd7f257126,iroh_dial,relayhint,cold,0,echo_rtt,0.030,ok
e126068a0c17439b85493ac7d326bddd7f257126,iroh_dial,relayhint,cold,0,echo_rtt,0.030,ok
e126068a0c17439b85493ac7d326bddd7f257126,iroh_dial,relayhint,cold,0,echo_rtt,0.029,ok
e126068a0c17439b85493ac7d326bddd7f257126,iroh_dial,relayhint,cold,0,echo_rtt,0.029,ok
e126068a0c17439b85493ac7d326bddd7f257126,iroh_dial,relayhint,cold,0,echo_rtt,0.030,ok
e126068a0c17439b85493ac7d326bddd7f257126,iroh_dial,relayhint,cold,0,echo_rtt,0.030,ok
e126068a0c17439b85493ac7d326bddd7f257126,iroh_dial,relayhint,cold,0,echo_rtt,0.030,ok
e126068a0c17439b85493ac7d326bddd7f257126,iroh_dial,relayhint,cold,0,echo_rtt,0.030,ok
e126068a0c17439b85493ac7d326bddd7f257126,iroh_dial,relayhint,cold,0,echo_rtt,0.030,ok
e126068a0c17439b85493ac7d326bddd7f257126,iroh_dial,relayhint,cold,0,echo_rtt,0.033,ok
e126068a0c17439b85493ac7d326bddd7f257126,iroh_dial,relayhint,cold,0,echo_rtt,0.030,ok
e126068a0c17439b85493ac7d326bddd7f257126,iroh_dial,relayhint,cold,0,echo_rtt,0.030,ok
e126068a0c17439b85493ac7d326bddd7f257126,iroh_dial,relayhint,cold,0,echo_rtt,0.029,ok
e126068a0c17439b85493ac7d326bddd7f257126,iroh_dial,relayhint,cold,0,echo_rtt,0.030,ok
e126068a0c17439b85493ac7d326bddd7f257126,iroh_dial,relayhint,cold,0,echo_rtt,0.030,ok
e126068a0c17439b85493ac7d326bddd7f257126,iroh_dial,relayhint,cold,0,echo_rtt,0.031,ok
e126068a0c17439b85493ac7d326bddd7f257126,iroh_dial,relayhint,cold,0,echo_rtt,0.029,ok
e126068a0c17439b85493ac7d326bddd7f257126,iroh_dial,relayhint,cold,0,process_spawn,0.634,ok
e126068a0c17439b85493ac7d326bddd7f257126,iroh_dial,relayhint,cold,0,runtime_start,0.358,ok
e126068a0c17439b85493ac7d326bddd7f257126,iroh_dial,relayhint,cold,0,endpoint_bind,1.361,ok
e126068a0c17439b85493ac7d326bddd7f257126,iroh_dial,relayhint,cold,0,address_lookup,0.090,ok
e126068a0c17439b85493ac7d326bddd7f257126,iroh_dial,relayhint,cold,0,dial_handshake,200.529,ok
e126068a0c17439b85493ac7d326bddd7f257126,iroh_dial,relayhint,cold,0,stream_open,85.807,ok
e126068a0c17439b85493ac7d326bddd7f257126,iroh_dial,relayhint,cold,0,echo_rtt,0.241,ok
e126068a0c17439b85493ac7d326bddd7f257126,iroh_dial,relayhint,cold,0,echo_rtt,0.084,ok
e126068a0c17439b85493ac7d326bddd7f257126,iroh_dial,relayhint,cold,0,echo_rtt,0.040,ok
e126068a0c17439b85493ac7d326bddd7f257126,iroh_dial,relayhint,cold,0,echo_rtt,0.062,ok
e126068a0c17439b85493ac7d326bddd7f257126,iroh_dial,relayhint,cold,0,echo_rtt,0.027,ok
e126068a0c17439b85493ac7d326bddd7f257126,iroh_dial,relayhint,cold,0,echo_rtt,0.038,ok
e126068a0c17439b85493ac7d326bddd7f257126,iroh_dial,relayhint,cold,0,echo_rtt,0.025,ok
e126068a0c17439b85493ac7d326bddd7f257126,iroh_dial,relayhint,cold,0,echo_rtt,0.040,ok
e126068a0c17439b85493ac7d326bddd7f257126,iroh_dial,relayhint,cold,0,echo_rtt,0.026,ok
e126068a0c17439b85493ac7d326bddd7f257126,iroh_dial,relayhint,cold,0,echo_rtt,0.034,ok
e126068a0c17439b85493ac7d326bddd7f257126,iroh_dial,relayhint,cold,0,echo_rtt,0.034,ok
e126068a0c17439b85493ac7d326bddd7f257126,iroh_dial,relayhint,cold,0,echo_rtt,0.042,ok
e126068a0c17439b85493ac7d326bddd7f257126,iroh_dial,relayhint,cold,0,echo_rtt,0.027,ok
e126068a0c17439b85493ac7d326bddd7f257126,iroh_dial,relayhint,cold,0,echo_rtt,0.034,ok
e126068a0c17439b85493ac7d326bddd7f257126,iroh_dial,relayhint,cold,0,echo_rtt,0.025,ok
e126068a0c17439b85493ac7d326bddd7f257126,iroh_dial,relayhint,cold,0,echo_rtt,0.033,ok
e126068a0c17439b85493ac7d326bddd7f257126,iroh_dial,relayhint,cold,0,echo_rtt,0.026,ok
e126068a0c17439b85493ac7d326bddd7f257126,iroh_dial,relayhint,cold,0,echo_rtt,0.035,ok
e126068a0c17439b85493ac7d326bddd7f257126,iroh_dial,relayhint,cold,0,echo_rtt,0.028,ok
e126068a0c17439b85493ac7d326bddd7f257126,iroh_dial,relayhint,cold,0,echo_rtt,0.045,ok
e126068a0c17439b85493ac7d326bddd7f257126,iroh_dial,relayhint,cold,0,process_spawn,0.714,ok
e126068a0c17439b85493ac7d326bddd7f257126,iroh_dial,relayhint,cold,0,runtime_start,0.372,ok
e126068a0c17439b85493ac7d326bddd7f257126,iroh_dial,relayhint,cold,0,endpoint_bind,1.432,ok
e126068a0c17439b85493ac7d326bddd7f257126,iroh_dial,relayhint,cold,0,address_lookup,0.096,ok
e126068a0c17439b85493ac7d326bddd7f257126,iroh_dial,relayhint,cold,0,dial_handshake,193.948,ok
e126068a0c17439b85493ac7d326bddd7f257126,iroh_dial,relayhint,cold,0,stream_open,84.068,ok
e126068a0c17439b85493ac7d326bddd7f257126,iroh_dial,relayhint,cold,0,echo_rtt,0.259,ok
e126068a0c17439b85493ac7d326bddd7f257126,iroh_dial,relayhint,cold,0,echo_rtt,0.053,ok
e126068a0c17439b85493ac7d326bddd7f257126,iroh_dial,relayhint,cold,0,echo_rtt,0.032,ok
e126068a0c17439b85493ac7d326bddd7f257126,iroh_dial,relayhint,cold,0,echo_rtt,0.042,ok
e126068a0c17439b85493ac7d326bddd7f257126,iroh_dial,relayhint,cold,0,echo_rtt,0.029,ok
e126068a0c17439b85493ac7d326bddd7f257126,iroh_dial,relayhint,cold,0,echo_rtt,0.039,ok
e126068a0c17439b85493ac7d326bddd7f257126,iroh_dial,relayhint,cold,0,echo_rtt,0.028,ok
e126068a0c17439b85493ac7d326bddd7f257126,iroh_dial,relayhint,cold,0,echo_rtt,0.045,ok
e126068a0c17439b85493ac7d326bddd7f257126,iroh_dial,relayhint,cold,0,echo_rtt,0.029,ok
e126068a0c17439b85493ac7d326bddd7f257126,iroh_dial,relayhint,cold,0,echo_rtt,0.038,ok
e126068a0c17439b85493ac7d326bddd7f257126,iroh_dial,relayhint,cold,0,echo_rtt,0.028,ok
e126068a0c17439b85493ac7d326bddd7f257126,iroh_dial,relayhint,cold,0,echo_rtt,0.040,ok
e126068a0c17439b85493ac7d326bddd7f257126,iroh_dial,relayhint,cold,0,echo_rtt,0.034,ok
e126068a0c17439b85493ac7d326bddd7f257126,iroh_dial,relayhint,cold,0,echo_rtt,0.045,ok
e126068a0c17439b85493ac7d326bddd7f257126,iroh_dial,relayhint,cold,0,echo_rtt,0.053,ok
e126068a0c17439b85493ac7d326bddd7f257126,iroh_dial,relayhint,cold,0,echo_rtt,0.077,ok
e126068a0c17439b85493ac7d326bddd7f257126,iroh_dial,relayhint,cold,0,echo_rtt,0.049,ok
e126068a0c17439b85493ac7d326bddd7f257126,iroh_dial,relayhint,cold,0,echo_rtt,0.049,ok
e126068a0c17439b85493ac7d326bddd7f257126,iroh_dial,relayhint,cold,0,echo_rtt,0.036,ok
e126068a0c17439b85493ac7d326bddd7f257126,iroh_dial,relayhint,cold,0,echo_rtt,0.035,ok
e126068a0c17439b85493ac7d326bddd7f257126,iroh_dial,relayhint,cold,0,process_spawn,0.721,ok
e126068a0c17439b85493ac7d326bddd7f257126,iroh_dial,relayhint,cold,0,runtime_start,0.355,ok
e126068a0c17439b85493ac7d326bddd7f257126,iroh_dial,relayhint,cold,0,endpoint_bind,1.368,ok
e126068a0c17439b85493ac7d326bddd7f257126,iroh_dial,relayhint,cold,0,address_lookup,0.095,ok
e126068a0c17439b85493ac7d326bddd7f257126,iroh_dial,relayhint,cold,0,dial_handshake,191.567,ok
e126068a0c17439b85493ac7d326bddd7f257126,iroh_dial,relayhint,cold,0,stream_open,83.885,ok
e126068a0c17439b85493ac7d326bddd7f257126,iroh_dial,relayhint,cold,0,echo_rtt,0.097,ok
e126068a0c17439b85493ac7d326bddd7f257126,iroh_dial,relayhint,cold,0,echo_rtt,0.048,ok
e126068a0c17439b85493ac7d326bddd7f257126,iroh_dial,relayhint,cold,0,echo_rtt,0.038,ok
e126068a0c17439b85493ac7d326bddd7f257126,iroh_dial,relayhint,cold,0,echo_rtt,0.038,ok
e126068a0c17439b85493ac7d326bddd7f257126,iroh_dial,relayhint,cold,0,echo_rtt,0.065,ok
e126068a0c17439b85493ac7d326bddd7f257126,iroh_dial,relayhint,cold,0,echo_rtt,0.061,ok
e126068a0c17439b85493ac7d326bddd7f257126,iroh_dial,relayhint,cold,0,echo_rtt,0.037,ok
e126068a0c17439b85493ac7d326bddd7f257126,iroh_dial,relayhint,cold,0,echo_rtt,0.037,ok
e126068a0c17439b85493ac7d326bddd7f257126,iroh_dial,relayhint,cold,0,echo_rtt,0.034,ok
e126068a0c17439b85493ac7d326bddd7f257126,iroh_dial,relayhint,cold,0,echo_rtt,0.035,ok
e126068a0c17439b85493ac7d326bddd7f257126,iroh_dial,relayhint,cold,0,echo_rtt,0.043,ok
e126068a0c17439b85493ac7d326bddd7f257126,iroh_dial,relayhint,cold,0,echo_rtt,0.030,ok
e126068a0c17439b85493ac7d326bddd7f257126,iroh_dial,relayhint,cold,0,echo_rtt,0.029,ok
e126068a0c17439b85493ac7d326bddd7f257126,iroh_dial,relayhint,cold,0,echo_rtt,0.029,ok
e126068a0c17439b85493ac7d326bddd7f257126,iroh_dial,relayhint,cold,0,echo_rtt,0.028,ok
e126068a0c17439b85493ac7d326bddd7f257126,iroh_dial,relayhint,cold,0,echo_rtt,0.031,ok
e126068a0c17439b85493ac7d326bddd7f257126,iroh_dial,relayhint,cold,0,echo_rtt,0.029,ok
e126068a0c17439b85493ac7d326bddd7f257126,iroh_dial,relayhint,cold,0,echo_rtt,0.029,ok
e126068a0c17439b85493ac7d326bddd7f257126,iroh_dial,relayhint,cold,0,echo_rtt,0.028,ok
e126068a0c17439b85493ac7d326bddd7f257126,iroh_dial,relayhint,cold,0,echo_rtt,0.029,ok
e126068a0c17439b85493ac7d326bddd7f257126,iroh_dial,relayhint,cold,0,process_spawn,0.660,ok
e126068a0c17439b85493ac7d326bddd7f257126,iroh_dial,relayhint,cold,0,runtime_start,0.464,ok
e126068a0c17439b85493ac7d326bddd7f257126,iroh_dial,relayhint,cold,0,endpoint_bind,1.521,ok
e126068a0c17439b85493ac7d326bddd7f257126,iroh_dial,relayhint,cold,0,address_lookup,0.106,ok
e126068a0c17439b85493ac7d326bddd7f257126,iroh_dial,relayhint,cold,0,dial_handshake,200.998,ok
e126068a0c17439b85493ac7d326bddd7f257126,iroh_dial,relayhint,cold,0,stream_open,85.782,ok
e126068a0c17439b85493ac7d326bddd7f257126,iroh_dial,relayhint,cold,0,echo_rtt,0.146,ok
e126068a0c17439b85493ac7d326bddd7f257126,iroh_dial,relayhint,cold,0,echo_rtt,0.117,ok
e126068a0c17439b85493ac7d326bddd7f257126,iroh_dial,relayhint,cold,0,echo_rtt,0.064,ok
e126068a0c17439b85493ac7d326bddd7f257126,iroh_dial,relayhint,cold,0,echo_rtt,0.033,ok
e126068a0c17439b85493ac7d326bddd7f257126,iroh_dial,relayhint,cold,0,echo_rtt,0.034,ok
e126068a0c17439b85493ac7d326bddd7f257126,iroh_dial,relayhint,cold,0,echo_rtt,0.030,ok
e126068a0c17439b85493ac7d326bddd7f257126,iroh_dial,relayhint,cold,0,echo_rtt,0.030,ok
e126068a0c17439b85493ac7d326bddd7f257126,iroh_dial,relayhint,cold,0,echo_rtt,0.030,ok
e126068a0c17439b85493ac7d326bddd7f257126,iroh_dial,relayhint,cold,0,echo_rtt,0.035,ok
e126068a0c17439b85493ac7d326bddd7f257126,iroh_dial,relayhint,cold,0,echo_rtt,0.030,ok
e126068a0c17439b85493ac7d326bddd7f257126,iroh_dial,relayhint,cold,0,echo_rtt,0.030,ok
e126068a0c17439b85493ac7d326bddd7f257126,iroh_dial,relayhint,cold,0,echo_rtt,0.029,ok
e126068a0c17439b85493ac7d326bddd7f257126,iroh_dial,relayhint,cold,0,echo_rtt,0.029,ok
e126068a0c17439b85493ac7d326bddd7f257126,iroh_dial,relayhint,cold,0,echo_rtt,0.028,ok
e126068a0c17439b85493ac7d326bddd7f257126,iroh_dial,relayhint,cold,0,echo_rtt,0.030,ok
e126068a0c17439b85493ac7d326bddd7f257126,iroh_dial,relayhint,cold,0,echo_rtt,0.029,ok
e126068a0c17439b85493ac7d326bddd7f257126,iroh_dial,relayhint,cold,0,echo_rtt,0.030,ok
e126068a0c17439b85493ac7d326bddd7f257126,iroh_dial,relayhint,cold,0,echo_rtt,0.042,ok
e126068a0c17439b85493ac7d326bddd7f257126,iroh_dial,relayhint,cold,0,echo_rtt,0.030,ok
e126068a0c17439b85493ac7d326bddd7f257126,iroh_dial,relayhint,cold,0,echo_rtt,0.032,ok
e126068a0c17439b85493ac7d326bddd7f257126,iroh_dial,relayhint,cold,0,process_spawn,0.722,ok
e126068a0c17439b85493ac7d326bddd7f257126,iroh_dial,relayhint,cold,0,runtime_start,0.335,ok
e126068a0c17439b85493ac7d326bddd7f257126,iroh_dial,relayhint,cold,0,endpoint_bind,1.342,ok
e126068a0c17439b85493ac7d326bddd7f257126,iroh_dial,relayhint,cold,0,address_lookup,0.088,ok
e126068a0c17439b85493ac7d326bddd7f257126,iroh_dial,relayhint,cold,0,dial_handshake,194.319,ok
e126068a0c17439b85493ac7d326bddd7f257126,iroh_dial,relayhint,cold,0,stream_open,84.172,ok
e126068a0c17439b85493ac7d326bddd7f257126,iroh_dial,relayhint,cold,0,echo_rtt,0.264,ok
e126068a0c17439b85493ac7d326bddd7f257126,iroh_dial,relayhint,cold,0,echo_rtt,0.046,ok
e126068a0c17439b85493ac7d326bddd7f257126,iroh_dial,relayhint,cold,0,echo_rtt,0.053,ok
e126068a0c17439b85493ac7d326bddd7f257126,iroh_dial,relayhint,cold,0,echo_rtt,0.033,ok
e126068a0c17439b85493ac7d326bddd7f257126,iroh_dial,relayhint,cold,0,echo_rtt,0.059,ok
e126068a0c17439b85493ac7d326bddd7f257126,iroh_dial,relayhint,cold,0,echo_rtt,0.033,ok
e126068a0c17439b85493ac7d326bddd7f257126,iroh_dial,relayhint,cold,0,echo_rtt,0.037,ok
e126068a0c17439b85493ac7d326bddd7f257126,iroh_dial,relayhint,cold,0,echo_rtt,0.027,ok
e126068a0c17439b85493ac7d326bddd7f257126,iroh_dial,relayhint,cold,0,echo_rtt,0.038,ok
e126068a0c17439b85493ac7d326bddd7f257126,iroh_dial,relayhint,cold,0,echo_rtt,0.026,ok
e126068a0c17439b85493ac7d326bddd7f257126,iroh_dial,relayhint,cold,0,echo_rtt,0.037,ok
e126068a0c17439b85493ac7d326bddd7f257126,iroh_dial,relayhint,cold,0,echo_rtt,0.026,ok
e126068a0c17439b85493ac7d326bddd7f257126,iroh_dial,relayhint,cold,0,echo_rtt,0.034,ok
e126068a0c17439b85493ac7d326bddd7f257126,iroh_dial,relayhint,cold,0,echo_rtt,0.024,ok
e126068a0c17439b85493ac7d326bddd7f257126,iroh_dial,relayhint,cold,0,echo_rtt,0.034,ok
e126068a0c17439b85493ac7d326bddd7f257126,iroh_dial,relayhint,cold,0,echo_rtt,0.024,ok
e126068a0c17439b85493ac7d326bddd7f257126,iroh_dial,relayhint,cold,0,echo_rtt,0.033,ok
e126068a0c17439b85493ac7d326bddd7f257126,iroh_dial,relayhint,cold,0,echo_rtt,0.025,ok
e126068a0c17439b85493ac7d326bddd7f257126,iroh_dial,relayhint,cold,0,echo_rtt,0.034,ok
e126068a0c17439b85493ac7d326bddd7f257126,iroh_dial,relayhint,cold,0,echo_rtt,0.025,ok
e126068a0c17439b85493ac7d326bddd7f257126,iroh_dial,relayhint,cold,0,process_spawn,0.712,ok
e126068a0c17439b85493ac7d326bddd7f257126,iroh_dial,relayhint,cold,0,runtime_start,0.390,ok
e126068a0c17439b85493ac7d326bddd7f257126,iroh_dial,relayhint,cold,0,endpoint_bind,1.511,ok
e126068a0c17439b85493ac7d326bddd7f257126,iroh_dial,relayhint,cold,0,address_lookup,0.100,ok
e126068a0c17439b85493ac7d326bddd7f257126,iroh_dial,relayhint,cold,0,dial_handshake,194.099,ok
e126068a0c17439b85493ac7d326bddd7f257126,iroh_dial,relayhint,cold,0,stream_open,84.409,ok
e126068a0c17439b85493ac7d326bddd7f257126,iroh_dial,relayhint,cold,0,echo_rtt,0.205,ok
e126068a0c17439b85493ac7d326bddd7f257126,iroh_dial,relayhint,cold,0,echo_rtt,0.062,ok
e126068a0c17439b85493ac7d326bddd7f257126,iroh_dial,relayhint,cold,0,echo_rtt,0.039,ok
e126068a0c17439b85493ac7d326bddd7f257126,iroh_dial,relayhint,cold,0,echo_rtt,0.048,ok
e126068a0c17439b85493ac7d326bddd7f257126,iroh_dial,relayhint,cold,0,echo_rtt,0.030,ok
e126068a0c17439b85493ac7d326bddd7f257126,iroh_dial,relayhint,cold,0,echo_rtt,0.041,ok
e126068a0c17439b85493ac7d326bddd7f257126,iroh_dial,relayhint,cold,0,echo_rtt,0.029,ok
e126068a0c17439b85493ac7d326bddd7f257126,iroh_dial,relayhint,cold,0,echo_rtt,0.039,ok
e126068a0c17439b85493ac7d326bddd7f257126,iroh_dial,relayhint,cold,0,echo_rtt,0.042,ok
e126068a0c17439b85493ac7d326bddd7f257126,iroh_dial,relayhint,cold,0,echo_rtt,0.046,ok
e126068a0c17439b85493ac7d326bddd7f257126,iroh_dial,relayhint,cold,0,echo_rtt,0.031,ok
e126068a0c17439b85493ac7d326bddd7f257126,iroh_dial,relayhint,cold,0,echo_rtt,0.040,ok
e126068a0c17439b85493ac7d326bddd7f257126,iroh_dial,relayhint,cold,0,echo_rtt,0.066,ok
e126068a0c17439b85493ac7d326bddd7f257126,iroh_dial,relayhint,cold,0,echo_rtt,0.059,ok
e126068a0c17439b85493ac7d326bddd7f257126,iroh_dial,relayhint,cold,0,echo_rtt,0.054,ok
e126068a0c17439b85493ac7d326bddd7f257126,iroh_dial,relayhint,cold,0,echo_rtt,0.038,ok
e126068a0c17439b85493ac7d326bddd7f257126,iroh_dial,relayhint,cold,0,echo_rtt,0.026,ok
e126068a0c17439b85493ac7d326bddd7f257126,iroh_dial,relayhint,cold,0,echo_rtt,0.039,ok
e126068a0c17439b85493ac7d326bddd7f257126,iroh_dial,relayhint,cold,0,echo_rtt,0.025,ok
e126068a0c17439b85493ac7d326bddd7f257126,iroh_dial,relayhint,cold,0,echo_rtt,0.033,ok
e126068a0c17439b85493ac7d326bddd7f257126,iroh_dial,relayhint,cold,0,process_spawn,0.726,ok
e126068a0c17439b85493ac7d326bddd7f257126,iroh_dial,relayhint,cold,0,runtime_start,0.343,ok
e126068a0c17439b85493ac7d326bddd7f257126,iroh_dial,relayhint,cold,0,endpoint_bind,1.438,ok
e126068a0c17439b85493ac7d326bddd7f257126,iroh_dial,relayhint,cold,0,address_lookup,0.090,ok
e126068a0c17439b85493ac7d326bddd7f257126,iroh_dial,relayhint,cold,0,dial_handshake,201.442,ok
e126068a0c17439b85493ac7d326bddd7f257126,iroh_dial,relayhint,cold,0,stream_open,85.648,ok
e126068a0c17439b85493ac7d326bddd7f257126,iroh_dial,relayhint,cold,0,echo_rtt,0.082,ok
e126068a0c17439b85493ac7d326bddd7f257126,iroh_dial,relayhint,cold,0,echo_rtt,0.041,ok
e126068a0c17439b85493ac7d326bddd7f257126,iroh_dial,relayhint,cold,0,echo_rtt,0.036,ok
e126068a0c17439b85493ac7d326bddd7f257126,iroh_dial,relayhint,cold,0,echo_rtt,0.030,ok
e126068a0c17439b85493ac7d326bddd7f257126,iroh_dial,relayhint,cold,0,echo_rtt,0.071,ok
e126068a0c17439b85493ac7d326bddd7f257126,iroh_dial,relayhint,cold,0,echo_rtt,0.029,ok
e126068a0c17439b85493ac7d326bddd7f257126,iroh_dial,relayhint,cold,0,echo_rtt,0.029,ok
e126068a0c17439b85493ac7d326bddd7f257126,iroh_dial,relayhint,cold,0,echo_rtt,0.028,ok
e126068a0c17439b85493ac7d326bddd7f257126,iroh_dial,relayhint,cold,0,echo_rtt,0.030,ok
e126068a0c17439b85493ac7d326bddd7f257126,iroh_dial,relayhint,cold,0,echo_rtt,0.034,ok
e126068a0c17439b85493ac7d326bddd7f257126,iroh_dial,relayhint,cold,0,echo_rtt,0.057,ok
e126068a0c17439b85493ac7d326bddd7f257126,iroh_dial,relayhint,cold,0,echo_rtt,0.034,ok
e126068a0c17439b85493ac7d326bddd7f257126,iroh_dial,relayhint,cold,0,echo_rtt,0.037,ok
e126068a0c17439b85493ac7d326bddd7f257126,iroh_dial,relayhint,cold,0,echo_rtt,0.032,ok
e126068a0c17439b85493ac7d326bddd7f257126,iroh_dial,relayhint,cold,0,echo_rtt,0.045,ok
e126068a0c17439b85493ac7d326bddd7f257126,iroh_dial,relayhint,cold,0,echo_rtt,0.040,ok
e126068a0c17439b85493ac7d326bddd7f257126,iroh_dial,relayhint,cold,0,echo_rtt,0.031,ok
e126068a0c17439b85493ac7d326bddd7f257126,iroh_dial,relayhint,cold,0,echo_rtt,0.052,ok
e126068a0c17439b85493ac7d326bddd7f257126,iroh_dial,relayhint,cold,0,echo_rtt,0.038,ok
e126068a0c17439b85493ac7d326bddd7f257126,iroh_dial,relayhint,cold,0,echo_rtt,0.031,ok
e126068a0c17439b85493ac7d326bddd7f257126,iroh_dial,relayhint,warm,1,address_lookup,0.080,ok
e126068a0c17439b85493ac7d326bddd7f257126,iroh_dial,relayhint,warm,1,dial_handshake,0.369,ok
e126068a0c17439b85493ac7d326bddd7f257126,iroh_dial,relayhint,warm,1,stream_open,0.163,ok
e126068a0c17439b85493ac7d326bddd7f257126,iroh_dial,relayhint,warm,1,echo_rtt,0.072,ok
e126068a0c17439b85493ac7d326bddd7f257126,iroh_dial,relayhint,warm,1,echo_rtt,0.034,ok
e126068a0c17439b85493ac7d326bddd7f257126,iroh_dial,relayhint,warm,1,echo_rtt,0.032,ok
e126068a0c17439b85493ac7d326bddd7f257126,iroh_dial,relayhint,warm,1,echo_rtt,0.030,ok
e126068a0c17439b85493ac7d326bddd7f257126,iroh_dial,relayhint,warm,1,echo_rtt,0.028,ok
e126068a0c17439b85493ac7d326bddd7f257126,iroh_dial,relayhint,warm,1,echo_rtt,0.030,ok
e126068a0c17439b85493ac7d326bddd7f257126,iroh_dial,relayhint,warm,1,echo_rtt,0.029,ok
e126068a0c17439b85493ac7d326bddd7f257126,iroh_dial,relayhint,warm,1,echo_rtt,0.029,ok
e126068a0c17439b85493ac7d326bddd7f257126,iroh_dial,relayhint,warm,1,echo_rtt,0.031,ok
e126068a0c17439b85493ac7d326bddd7f257126,iroh_dial,relayhint,warm,1,echo_rtt,0.029,ok
e126068a0c17439b85493ac7d326bddd7f257126,iroh_dial,relayhint,warm,1,echo_rtt,0.028,ok
e126068a0c17439b85493ac7d326bddd7f257126,iroh_dial,relayhint,warm,1,echo_rtt,0.031,ok
e126068a0c17439b85493ac7d326bddd7f257126,iroh_dial,relayhint,warm,1,echo_rtt,0.029,ok
e126068a0c17439b85493ac7d326bddd7f257126,iroh_dial,relayhint,warm,1,echo_rtt,0.029,ok
e126068a0c17439b85493ac7d326bddd7f257126,iroh_dial,relayhint,warm,1,echo_rtt,0.028,ok
e126068a0c17439b85493ac7d326bddd7f257126,iroh_dial,relayhint,warm,1,echo_rtt,0.028,ok
e126068a0c17439b85493ac7d326bddd7f257126,iroh_dial,relayhint,warm,1,echo_rtt,0.027,ok
e126068a0c17439b85493ac7d326bddd7f257126,iroh_dial,relayhint,warm,1,echo_rtt,0.029,ok
e126068a0c17439b85493ac7d326bddd7f257126,iroh_dial,relayhint,warm,1,echo_rtt,0.028,ok
e126068a0c17439b85493ac7d326bddd7f257126,iroh_dial,relayhint,warm,1,echo_rtt,0.028,ok
e126068a0c17439b85493ac7d326bddd7f257126,iroh_dial,relayhint,warm,2,address_lookup,0.077,ok
e126068a0c17439b85493ac7d326bddd7f257126,iroh_dial,relayhint,warm,2,dial_handshake,0.362,ok
e126068a0c17439b85493ac7d326bddd7f257126,iroh_dial,relayhint,warm,2,stream_open,0.143,ok
e126068a0c17439b85493ac7d326bddd7f257126,iroh_dial,relayhint,warm,2,echo_rtt,0.097,ok
e126068a0c17439b85493ac7d326bddd7f257126,iroh_dial,relayhint,warm,2,echo_rtt,0.031,ok
e126068a0c17439b85493ac7d326bddd7f257126,iroh_dial,relayhint,warm,2,echo_rtt,0.030,ok
e126068a0c17439b85493ac7d326bddd7f257126,iroh_dial,relayhint,warm,2,echo_rtt,0.029,ok
e126068a0c17439b85493ac7d326bddd7f257126,iroh_dial,relayhint,warm,2,echo_rtt,0.029,ok
e126068a0c17439b85493ac7d326bddd7f257126,iroh_dial,relayhint,warm,2,echo_rtt,0.028,ok
e126068a0c17439b85493ac7d326bddd7f257126,iroh_dial,relayhint,warm,2,echo_rtt,0.028,ok
e126068a0c17439b85493ac7d326bddd7f257126,iroh_dial,relayhint,warm,2,echo_rtt,0.028,ok
e126068a0c17439b85493ac7d326bddd7f257126,iroh_dial,relayhint,warm,2,echo_rtt,0.033,ok
e126068a0c17439b85493ac7d326bddd7f257126,iroh_dial,relayhint,warm,2,echo_rtt,0.028,ok
e126068a0c17439b85493ac7d326bddd7f257126,iroh_dial,relayhint,warm,2,echo_rtt,0.028,ok
e126068a0c17439b85493ac7d326bddd7f257126,iroh_dial,relayhint,warm,2,echo_rtt,0.027,ok
e126068a0c17439b85493ac7d326bddd7f257126,iroh_dial,relayhint,warm,2,echo_rtt,0.028,ok
e126068a0c17439b85493ac7d326bddd7f257126,iroh_dial,relayhint,warm,2,echo_rtt,0.042,ok
e126068a0c17439b85493ac7d326bddd7f257126,iroh_dial,relayhint,warm,2,echo_rtt,0.029,ok
e126068a0c17439b85493ac7d326bddd7f257126,iroh_dial,relayhint,warm,2,echo_rtt,0.029,ok
e126068a0c17439b85493ac7d326bddd7f257126,iroh_dial,relayhint,warm,2,echo_rtt,0.028,ok
e126068a0c17439b85493ac7d326bddd7f257126,iroh_dial,relayhint,warm,2,echo_rtt,0.030,ok
e126068a0c17439b85493ac7d326bddd7f257126,iroh_dial,relayhint,warm,2,echo_rtt,0.034,ok
e126068a0c17439b85493ac7d326bddd7f257126,iroh_dial,relayhint,warm,2,echo_rtt,0.032,ok
e126068a0c17439b85493ac7d326bddd7f257126,iroh_dial,relayhint,warm,3,address_lookup,0.085,ok
e126068a0c17439b85493ac7d326bddd7f257126,iroh_dial,relayhint,warm,3,dial_handshake,0.316,ok
e126068a0c17439b85493ac7d326bddd7f257126,iroh_dial,relayhint,warm,3,stream_open,0.230,ok
e126068a0c17439b85493ac7d326bddd7f257126,iroh_dial,relayhint,warm,3,echo_rtt,0.034,ok
e126068a0c17439b85493ac7d326bddd7f257126,iroh_dial,relayhint,warm,3,echo_rtt,0.031,ok
e126068a0c17439b85493ac7d326bddd7f257126,iroh_dial,relayhint,warm,3,echo_rtt,0.030,ok
e126068a0c17439b85493ac7d326bddd7f257126,iroh_dial,relayhint,warm,3,echo_rtt,0.029,ok
e126068a0c17439b85493ac7d326bddd7f257126,iroh_dial,relayhint,warm,3,echo_rtt,0.029,ok
e126068a0c17439b85493ac7d326bddd7f257126,iroh_dial,relayhint,warm,3,echo_rtt,0.027,ok
e126068a0c17439b85493ac7d326bddd7f257126,iroh_dial,relayhint,warm,3,echo_rtt,0.029,ok
e126068a0c17439b85493ac7d326bddd7f257126,iroh_dial,relayhint,warm,3,echo_rtt,0.032,ok
e126068a0c17439b85493ac7d326bddd7f257126,iroh_dial,relayhint,warm,3,echo_rtt,0.043,ok
e126068a0c17439b85493ac7d326bddd7f257126,iroh_dial,relayhint,warm,3,echo_rtt,0.029,ok
e126068a0c17439b85493ac7d326bddd7f257126,iroh_dial,relayhint,warm,3,echo_rtt,0.029,ok
e126068a0c17439b85493ac7d326bddd7f257126,iroh_dial,relayhint,warm,3,echo_rtt,0.027,ok
e126068a0c17439b85493ac7d326bddd7f257126,iroh_dial,relayhint,warm,3,echo_rtt,0.028,ok
e126068a0c17439b85493ac7d326bddd7f257126,iroh_dial,relayhint,warm,3,echo_rtt,0.027,ok
e126068a0c17439b85493ac7d326bddd7f257126,iroh_dial,relayhint,warm,3,echo_rtt,0.028,ok
e126068a0c17439b85493ac7d326bddd7f257126,iroh_dial,relayhint,warm,3,echo_rtt,0.027,ok
e126068a0c17439b85493ac7d326bddd7f257126,iroh_dial,relayhint,warm,3,echo_rtt,0.028,ok
e126068a0c17439b85493ac7d326bddd7f257126,iroh_dial,relayhint,warm,3,echo_rtt,0.027,ok
e126068a0c17439b85493ac7d326bddd7f257126,iroh_dial,relayhint,warm,3,echo_rtt,0.028,ok
e126068a0c17439b85493ac7d326bddd7f257126,iroh_dial,relayhint,warm,3,echo_rtt,0.027,ok
e126068a0c17439b85493ac7d326bddd7f257126,iroh_dial,relayhint,warm,4,address_lookup,0.072,ok
e126068a0c17439b85493ac7d326bddd7f257126,iroh_dial,relayhint,warm,4,dial_handshake,0.337,ok
e126068a0c17439b85493ac7d326bddd7f257126,iroh_dial,relayhint,warm,4,stream_open,0.170,ok
e126068a0c17439b85493ac7d326bddd7f257126,iroh_dial,relayhint,warm,4,echo_rtt,0.063,ok
e126068a0c17439b85493ac7d326bddd7f257126,iroh_dial,relayhint,warm,4,echo_rtt,0.031,ok
e126068a0c17439b85493ac7d326bddd7f257126,iroh_dial,relayhint,warm,4,echo_rtt,0.035,ok
e126068a0c17439b85493ac7d326bddd7f257126,iroh_dial,relayhint,warm,4,echo_rtt,0.025,ok
e126068a0c17439b85493ac7d326bddd7f257126,iroh_dial,relayhint,warm,4,echo_rtt,0.033,ok
e126068a0c17439b85493ac7d326bddd7f257126,iroh_dial,relayhint,warm,4,echo_rtt,0.024,ok
e126068a0c17439b85493ac7d326bddd7f257126,iroh_dial,relayhint,warm,4,echo_rtt,0.039,ok
e126068a0c17439b85493ac7d326bddd7f257126,iroh_dial,relayhint,warm,4,echo_rtt,0.029,ok
e126068a0c17439b85493ac7d326bddd7f257126,iroh_dial,relayhint,warm,4,echo_rtt,0.035,ok
e126068a0c17439b85493ac7d326bddd7f257126,iroh_dial,relayhint,warm,4,echo_rtt,0.025,ok
e126068a0c17439b85493ac7d326bddd7f257126,iroh_dial,relayhint,warm,4,echo_rtt,0.034,ok
e126068a0c17439b85493ac7d326bddd7f257126,iroh_dial,relayhint,warm,4,echo_rtt,0.024,ok
e126068a0c17439b85493ac7d326bddd7f257126,iroh_dial,relayhint,warm,4,echo_rtt,0.032,ok
e126068a0c17439b85493ac7d326bddd7f257126,iroh_dial,relayhint,warm,4,echo_rtt,0.025,ok
e126068a0c17439b85493ac7d326bddd7f257126,iroh_dial,relayhint,warm,4,echo_rtt,0.032,ok
e126068a0c17439b85493ac7d326bddd7f257126,iroh_dial,relayhint,warm,4,echo_rtt,0.025,ok
e126068a0c17439b85493ac7d326bddd7f257126,iroh_dial,relayhint,warm,4,echo_rtt,0.036,ok
e126068a0c17439b85493ac7d326bddd7f257126,iroh_dial,relayhint,warm,4,echo_rtt,0.025,ok
e126068a0c17439b85493ac7d326bddd7f257126,iroh_dial,relayhint,warm,4,echo_rtt,0.032,ok
e126068a0c17439b85493ac7d326bddd7f257126,iroh_dial,relayhint,warm,4,echo_rtt,0.024,ok
e126068a0c17439b85493ac7d326bddd7f257126,iroh_dial,relayhint,warm,5,address_lookup,0.072,ok
e126068a0c17439b85493ac7d326bddd7f257126,iroh_dial,relayhint,warm,5,dial_handshake,0.337,ok
e126068a0c17439b85493ac7d326bddd7f257126,iroh_dial,relayhint,warm,5,stream_open,0.127,ok
e126068a0c17439b85493ac7d326bddd7f257126,iroh_dial,relayhint,warm,5,echo_rtt,0.092,ok
e126068a0c17439b85493ac7d326bddd7f257126,iroh_dial,relayhint,warm,5,echo_rtt,0.030,ok
e126068a0c17439b85493ac7d326bddd7f257126,iroh_dial,relayhint,warm,5,echo_rtt,0.040,ok
e126068a0c17439b85493ac7d326bddd7f257126,iroh_dial,relayhint,warm,5,echo_rtt,0.050,ok
e126068a0c17439b85493ac7d326bddd7f257126,iroh_dial,relayhint,warm,5,echo_rtt,0.033,ok
e126068a0c17439b85493ac7d326bddd7f257126,iroh_dial,relayhint,warm,5,echo_rtt,0.034,ok
e126068a0c17439b85493ac7d326bddd7f257126,iroh_dial,relayhint,warm,5,echo_rtt,0.039,ok
e126068a0c17439b85493ac7d326bddd7f257126,iroh_dial,relayhint,warm,5,echo_rtt,0.055,ok
e126068a0c17439b85493ac7d326bddd7f257126,iroh_dial,relayhint,warm,5,echo_rtt,0.040,ok
e126068a0c17439b85493ac7d326bddd7f257126,iroh_dial,relayhint,warm,5,echo_rtt,0.035,ok
e126068a0c17439b85493ac7d326bddd7f257126,iroh_dial,relayhint,warm,5,echo_rtt,0.032,ok
e126068a0c17439b85493ac7d326bddd7f257126,iroh_dial,relayhint,warm,5,echo_rtt,0.033,ok
e126068a0c17439b85493ac7d326bddd7f257126,iroh_dial,relayhint,warm,5,echo_rtt,0.036,ok
e126068a0c17439b85493ac7d326bddd7f257126,iroh_dial,relayhint,warm,5,echo_rtt,0.034,ok
e126068a0c17439b85493ac7d326bddd7f257126,iroh_dial,relayhint,warm,5,echo_rtt,0.032,ok
e126068a0c17439b85493ac7d326bddd7f257126,iroh_dial,relayhint,warm,5,echo_rtt,0.035,ok
e126068a0c17439b85493ac7d326bddd7f257126,iroh_dial,relayhint,warm,5,echo_rtt,0.032,ok
e126068a0c17439b85493ac7d326bddd7f257126,iroh_dial,relayhint,warm,5,echo_rtt,0.033,ok
e126068a0c17439b85493ac7d326bddd7f257126,iroh_dial,relayhint,warm,5,echo_rtt,0.032,ok
e126068a0c17439b85493ac7d326bddd7f257126,iroh_dial,relayhint,warm,5,echo_rtt,0.033,ok
e126068a0c17439b85493ac7d326bddd7f257126,iroh_dial,relayhint,warm,6,address_lookup,0.091,ok
e126068a0c17439b85493ac7d326bddd7f257126,iroh_dial,relayhint,warm,6,dial_handshake,0.401,ok
e126068a0c17439b85493ac7d326bddd7f257126,iroh_dial,relayhint,warm,6,stream_open,0.155,ok
e126068a0c17439b85493ac7d326bddd7f257126,iroh_dial,relayhint,warm,6,echo_rtt,0.072,ok
e126068a0c17439b85493ac7d326bddd7f257126,iroh_dial,relayhint,warm,6,echo_rtt,0.031,ok
e126068a0c17439b85493ac7d326bddd7f257126,iroh_dial,relayhint,warm,6,echo_rtt,0.053,ok
e126068a0c17439b85493ac7d326bddd7f257126,iroh_dial,relayhint,warm,6,echo_rtt,0.034,ok
e126068a0c17439b85493ac7d326bddd7f257126,iroh_dial,relayhint,warm,6,echo_rtt,0.044,ok
e126068a0c17439b85493ac7d326bddd7f257126,iroh_dial,relayhint,warm,6,echo_rtt,0.030,ok
e126068a0c17439b85493ac7d326bddd7f257126,iroh_dial,relayhint,warm,6,echo_rtt,0.041,ok
e126068a0c17439b85493ac7d326bddd7f257126,iroh_dial,relayhint,warm,6,echo_rtt,0.028,ok
e126068a0c17439b85493ac7d326bddd7f257126,iroh_dial,relayhint,warm,6,echo_rtt,0.047,ok
e126068a0c17439b85493ac7d326bddd7f257126,iroh_dial,relayhint,warm,6,echo_rtt,0.032,ok
e126068a0c17439b85493ac7d326bddd7f257126,iroh_dial,relayhint,warm,6,echo_rtt,0.035,ok
e126068a0c17439b85493ac7d326bddd7f257126,iroh_dial,relayhint,warm,6,echo_rtt,0.027,ok
e126068a0c17439b85493ac7d326bddd7f257126,iroh_dial,relayhint,warm,6,echo_rtt,0.034,ok
e126068a0c17439b85493ac7d326bddd7f257126,iroh_dial,relayhint,warm,6,echo_rtt,0.026,ok
e126068a0c17439b85493ac7d326bddd7f257126,iroh_dial,relayhint,warm,6,echo_rtt,0.034,ok
e126068a0c17439b85493ac7d326bddd7f257126,iroh_dial,relayhint,warm,6,echo_rtt,0.026,ok
e126068a0c17439b85493ac7d326bddd7f257126,iroh_dial,relayhint,warm,6,echo_rtt,0.034,ok
e126068a0c17439b85493ac7d326bddd7f257126,iroh_dial,relayhint,warm,6,echo_rtt,0.032,ok
e126068a0c17439b85493ac7d326bddd7f257126,iroh_dial,relayhint,warm,6,echo_rtt,0.039,ok
e126068a0c17439b85493ac7d326bddd7f257126,iroh_dial,relayhint,warm,6,echo_rtt,0.028,ok
e126068a0c17439b85493ac7d326bddd7f257126,iroh_dial,relayhint,warm,7,address_lookup,0.083,ok
e126068a0c17439b85493ac7d326bddd7f257126,iroh_dial,relayhint,warm,7,dial_handshake,0.333,ok
e126068a0c17439b85493ac7d326bddd7f257126,iroh_dial,relayhint,warm,7,stream_open,0.167,ok
e126068a0c17439b85493ac7d326bddd7f257126,iroh_dial,relayhint,warm,7,echo_rtt,0.142,ok
e126068a0c17439b85493ac7d326bddd7f257126,iroh_dial,relayhint,warm,7,echo_rtt,0.068,ok
e126068a0c17439b85493ac7d326bddd7f257126,iroh_dial,relayhint,warm,7,echo_rtt,0.042,ok
e126068a0c17439b85493ac7d326bddd7f257126,iroh_dial,relayhint,warm,7,echo_rtt,0.032,ok
e126068a0c17439b85493ac7d326bddd7f257126,iroh_dial,relayhint,warm,7,echo_rtt,0.030,ok
e126068a0c17439b85493ac7d326bddd7f257126,iroh_dial,relayhint,warm,7,echo_rtt,0.027,ok
e126068a0c17439b85493ac7d326bddd7f257126,iroh_dial,relayhint,warm,7,echo_rtt,0.082,ok
e126068a0c17439b85493ac7d326bddd7f257126,iroh_dial,relayhint,warm,7,echo_rtt,0.033,ok
e126068a0c17439b85493ac7d326bddd7f257126,iroh_dial,relayhint,warm,7,echo_rtt,0.034,ok
e126068a0c17439b85493ac7d326bddd7f257126,iroh_dial,relayhint,warm,7,echo_rtt,0.032,ok
e126068a0c17439b85493ac7d326bddd7f257126,iroh_dial,relayhint,warm,7,echo_rtt,0.040,ok
e126068a0c17439b85493ac7d326bddd7f257126,iroh_dial,relayhint,warm,7,echo_rtt,0.026,ok
e126068a0c17439b85493ac7d326bddd7f257126,iroh_dial,relayhint,warm,7,echo_rtt,0.029,ok
e126068a0c17439b85493ac7d326bddd7f257126,iroh_dial,relayhint,warm,7,echo_rtt,0.029,ok
e126068a0c17439b85493ac7d326bddd7f257126,iroh_dial,relayhint,warm,7,echo_rtt,0.030,ok
e126068a0c17439b85493ac7d326bddd7f257126,iroh_dial,relayhint,warm,7,echo_rtt,0.041,ok
e126068a0c17439b85493ac7d326bddd7f257126,iroh_dial,relayhint,warm,7,echo_rtt,0.032,ok
e126068a0c17439b85493ac7d326bddd7f257126,iroh_dial,relayhint,warm,7,echo_rtt,0.034,ok
e126068a0c17439b85493ac7d326bddd7f257126,iroh_dial,relayhint,warm,7,echo_rtt,0.031,ok
e126068a0c17439b85493ac7d326bddd7f257126,iroh_dial,relayhint,warm,7,echo_rtt,0.031,ok
e126068a0c17439b85493ac7d326bddd7f257126,iroh_dial,relayhint,warm,8,address_lookup,0.089,ok
e126068a0c17439b85493ac7d326bddd7f257126,iroh_dial,relayhint,warm,8,dial_handshake,0.347,ok
e126068a0c17439b85493ac7d326bddd7f257126,iroh_dial,relayhint,warm,8,stream_open,0.206,ok
e126068a0c17439b85493ac7d326bddd7f257126,iroh_dial,relayhint,warm,8,echo_rtt,0.042,ok
e126068a0c17439b85493ac7d326bddd7f257126,iroh_dial,relayhint,warm,8,echo_rtt,0.037,ok
e126068a0c17439b85493ac7d326bddd7f257126,iroh_dial,relayhint,warm,8,echo_rtt,0.031,ok
e126068a0c17439b85493ac7d326bddd7f257126,iroh_dial,relayhint,warm,8,echo_rtt,0.030,ok
e126068a0c17439b85493ac7d326bddd7f257126,iroh_dial,relayhint,warm,8,echo_rtt,0.030,ok
e126068a0c17439b85493ac7d326bddd7f257126,iroh_dial,relayhint,warm,8,echo_rtt,0.029,ok
e126068a0c17439b85493ac7d326bddd7f257126,iroh_dial,relayhint,warm,8,echo_rtt,0.032,ok
e126068a0c17439b85493ac7d326bddd7f257126,iroh_dial,relayhint,warm,8,echo_rtt,0.031,ok
e126068a0c17439b85493ac7d326bddd7f257126,iroh_dial,relayhint,warm,8,echo_rtt,0.034,ok
e126068a0c17439b85493ac7d326bddd7f257126,iroh_dial,relayhint,warm,8,echo_rtt,0.031,ok
e126068a0c17439b85493ac7d326bddd7f257126,iroh_dial,relayhint,warm,8,echo_rtt,0.030,ok
e126068a0c17439b85493ac7d326bddd7f257126,iroh_dial,relayhint,warm,8,echo_rtt,0.029,ok
e126068a0c17439b85493ac7d326bddd7f257126,iroh_dial,relayhint,warm,8,echo_rtt,0.030,ok
e126068a0c17439b85493ac7d326bddd7f257126,iroh_dial,relayhint,warm,8,echo_rtt,0.029,ok
e126068a0c17439b85493ac7d326bddd7f257126,iroh_dial,relayhint,warm,8,echo_rtt,0.030,ok
e126068a0c17439b85493ac7d326bddd7f257126,iroh_dial,relayhint,warm,8,echo_rtt,0.029,ok
e126068a0c17439b85493ac7d326bddd7f257126,iroh_dial,relayhint,warm,8,echo_rtt,0.028,ok
e126068a0c17439b85493ac7d326bddd7f257126,iroh_dial,relayhint,warm,8,echo_rtt,0.027,ok
e126068a0c17439b85493ac7d326bddd7f257126,iroh_dial,relayhint,warm,8,echo_rtt,0.029,ok
e126068a0c17439b85493ac7d326bddd7f257126,iroh_dial,relayhint,warm,8,echo_rtt,0.027,ok
e126068a0c17439b85493ac7d326bddd7f257126,iroh_dial,relayhint,warm,9,address_lookup,0.085,ok
e126068a0c17439b85493ac7d326bddd7f257126,iroh_dial,relayhint,warm,9,dial_handshake,0.319,ok
e126068a0c17439b85493ac7d326bddd7f257126,iroh_dial,relayhint,warm,9,stream_open,0.158,ok
e126068a0c17439b85493ac7d326bddd7f257126,iroh_dial,relayhint,warm,9,echo_rtt,0.064,ok
e126068a0c17439b85493ac7d326bddd7f257126,iroh_dial,relayhint,warm,9,echo_rtt,0.034,ok
e126068a0c17439b85493ac7d326bddd7f257126,iroh_dial,relayhint,warm,9,echo_rtt,0.036,ok
e126068a0c17439b85493ac7d326bddd7f257126,iroh_dial,relayhint,warm,9,echo_rtt,0.031,ok
e126068a0c17439b85493ac7d326bddd7f257126,iroh_dial,relayhint,warm,9,echo_rtt,0.031,ok
e126068a0c17439b85493ac7d326bddd7f257126,iroh_dial,relayhint,warm,9,echo_rtt,0.029,ok
e126068a0c17439b85493ac7d326bddd7f257126,iroh_dial,relayhint,warm,9,echo_rtt,0.030,ok
e126068a0c17439b85493ac7d326bddd7f257126,iroh_dial,relayhint,warm,9,echo_rtt,0.032,ok
e126068a0c17439b85493ac7d326bddd7f257126,iroh_dial,relayhint,warm,9,echo_rtt,0.030,ok
e126068a0c17439b85493ac7d326bddd7f257126,iroh_dial,relayhint,warm,9,echo_rtt,0.035,ok
e126068a0c17439b85493ac7d326bddd7f257126,iroh_dial,relayhint,warm,9,echo_rtt,0.031,ok
e126068a0c17439b85493ac7d326bddd7f257126,iroh_dial,relayhint,warm,9,echo_rtt,0.031,ok
e126068a0c17439b85493ac7d326bddd7f257126,iroh_dial,relayhint,warm,9,echo_rtt,0.031,ok
e126068a0c17439b85493ac7d326bddd7f257126,iroh_dial,relayhint,warm,9,echo_rtt,0.031,ok
e126068a0c17439b85493ac7d326bddd7f257126,iroh_dial,relayhint,warm,9,echo_rtt,0.031,ok
e126068a0c17439b85493ac7d326bddd7f257126,iroh_dial,relayhint,warm,9,echo_rtt,0.032,ok
e126068a0c17439b85493ac7d326bddd7f257126,iroh_dial,relayhint,warm,9,echo_rtt,0.032,ok
e126068a0c17439b85493ac7d326bddd7f257126,iroh_dial,relayhint,warm,9,echo_rtt,0.031,ok
e126068a0c17439b85493ac7d326bddd7f257126,iroh_dial,relayhint,warm,9,echo_rtt,0.031,ok
e126068a0c17439b85493ac7d326bddd7f257126,iroh_dial,relayhint,warm,9,echo_rtt,0.031,ok
e126068a0c17439b85493ac7d326bddd7f257126,iroh_dial,relayhint,warm,10,address_lookup,0.083,ok
e126068a0c17439b85493ac7d326bddd7f257126,iroh_dial,relayhint,warm,10,dial_handshake,0.335,ok
e126068a0c17439b85493ac7d326bddd7f257126,iroh_dial,relayhint,warm,10,stream_open,0.178,ok
e126068a0c17439b85493ac7d326bddd7f257126,iroh_dial,relayhint,warm,10,echo_rtt,0.060,ok
e126068a0c17439b85493ac7d326bddd7f257126,iroh_dial,relayhint,warm,10,echo_rtt,0.057,ok
e126068a0c17439b85493ac7d326bddd7f257126,iroh_dial,relayhint,warm,10,echo_rtt,0.031,ok
e126068a0c17439b85493ac7d326bddd7f257126,iroh_dial,relayhint,warm,10,echo_rtt,0.078,ok
e126068a0c17439b85493ac7d326bddd7f257126,iroh_dial,relayhint,warm,10,echo_rtt,0.032,ok
e126068a0c17439b85493ac7d326bddd7f257126,iroh_dial,relayhint,warm,10,echo_rtt,0.037,ok
e126068a0c17439b85493ac7d326bddd7f257126,iroh_dial,relayhint,warm,10,echo_rtt,0.027,ok
e126068a0c17439b85493ac7d326bddd7f257126,iroh_dial,relayhint,warm,10,echo_rtt,0.044,ok
e126068a0c17439b85493ac7d326bddd7f257126,iroh_dial,relayhint,warm,10,echo_rtt,0.032,ok
e126068a0c17439b85493ac7d326bddd7f257126,iroh_dial,relayhint,warm,10,echo_rtt,0.036,ok
e126068a0c17439b85493ac7d326bddd7f257126,iroh_dial,relayhint,warm,10,echo_rtt,0.027,ok
e126068a0c17439b85493ac7d326bddd7f257126,iroh_dial,relayhint,warm,10,echo_rtt,0.036,ok
e126068a0c17439b85493ac7d326bddd7f257126,iroh_dial,relayhint,warm,10,echo_rtt,0.043,ok
e126068a0c17439b85493ac7d326bddd7f257126,iroh_dial,relayhint,warm,10,echo_rtt,0.035,ok
e126068a0c17439b85493ac7d326bddd7f257126,iroh_dial,relayhint,warm,10,echo_rtt,0.033,ok
e126068a0c17439b85493ac7d326bddd7f257126,iroh_dial,relayhint,warm,10,echo_rtt,0.040,ok
e126068a0c17439b85493ac7d326bddd7f257126,iroh_dial,relayhint,warm,10,echo_rtt,0.035,ok
e126068a0c17439b85493ac7d326bddd7f257126,iroh_dial,relayhint,warm,10,echo_rtt,0.046,ok
e126068a0c17439b85493ac7d326bddd7f257126,iroh_dial,relayhint,warm,10,echo_rtt,0.029,ok
e126068a0c17439b85493ac7d326bddd7f257126,iroh_dial,relayhint,warm,10,echo_rtt,0.048,ok
e126068a0c17439b85493ac7d326bddd7f257126,iroh_dial,staleip,cold,0,process_spawn,0.773,ok
e126068a0c17439b85493ac7d326bddd7f257126,iroh_dial,staleip,cold,0,runtime_start,0.395,ok
e126068a0c17439b85493ac7d326bddd7f257126,iroh_dial,staleip,cold,0,endpoint_bind,1.417,ok
e126068a0c17439b85493ac7d326bddd7f257126,iroh_dial,staleip,cold,0,address_lookup,0.114,ok
e126068a0c17439b85493ac7d326bddd7f257126,iroh_dial,staleip,cold,0,dial_handshake,1190.890,ok
e126068a0c17439b85493ac7d326bddd7f257126,iroh_dial,staleip,cold,0,stream_open,83.283,ok
e126068a0c17439b85493ac7d326bddd7f257126,iroh_dial,staleip,cold,0,echo_rtt,0.113,ok
e126068a0c17439b85493ac7d326bddd7f257126,iroh_dial,staleip,cold,0,echo_rtt,0.036,ok
e126068a0c17439b85493ac7d326bddd7f257126,iroh_dial,staleip,cold,0,echo_rtt,0.035,ok
e126068a0c17439b85493ac7d326bddd7f257126,iroh_dial,staleip,cold,0,echo_rtt,0.033,ok
e126068a0c17439b85493ac7d326bddd7f257126,iroh_dial,staleip,cold,0,echo_rtt,0.042,ok
e126068a0c17439b85493ac7d326bddd7f257126,iroh_dial,staleip,cold,0,echo_rtt,0.035,ok
e126068a0c17439b85493ac7d326bddd7f257126,iroh_dial,staleip,cold,0,echo_rtt,0.031,ok
e126068a0c17439b85493ac7d326bddd7f257126,iroh_dial,staleip,cold,0,echo_rtt,0.032,ok
e126068a0c17439b85493ac7d326bddd7f257126,iroh_dial,staleip,cold,0,echo_rtt,0.032,ok
e126068a0c17439b85493ac7d326bddd7f257126,iroh_dial,staleip,cold,0,echo_rtt,0.032,ok
e126068a0c17439b85493ac7d326bddd7f257126,iroh_dial,staleip,cold,0,echo_rtt,0.031,ok
e126068a0c17439b85493ac7d326bddd7f257126,iroh_dial,staleip,cold,0,echo_rtt,0.031,ok
e126068a0c17439b85493ac7d326bddd7f257126,iroh_dial,staleip,cold,0,echo_rtt,0.031,ok
e126068a0c17439b85493ac7d326bddd7f257126,iroh_dial,staleip,cold,0,echo_rtt,0.031,ok
e126068a0c17439b85493ac7d326bddd7f257126,iroh_dial,staleip,cold,0,echo_rtt,0.032,ok
e126068a0c17439b85493ac7d326bddd7f257126,iroh_dial,staleip,cold,0,echo_rtt,0.032,ok
e126068a0c17439b85493ac7d326bddd7f257126,iroh_dial,staleip,cold,0,echo_rtt,0.028,ok
e126068a0c17439b85493ac7d326bddd7f257126,iroh_dial,staleip,cold,0,echo_rtt,0.030,ok
e126068a0c17439b85493ac7d326bddd7f257126,iroh_dial,staleip,cold,0,echo_rtt,0.034,ok
e126068a0c17439b85493ac7d326bddd7f257126,iroh_dial,staleip,cold,0,echo_rtt,0.025,ok
e126068a0c17439b85493ac7d326bddd7f257126,iroh_dial,staleip,cold,0,process_spawn,0.729,ok
e126068a0c17439b85493ac7d326bddd7f257126,iroh_dial,staleip,cold,0,runtime_start,0.407,ok
e126068a0c17439b85493ac7d326bddd7f257126,iroh_dial,staleip,cold,0,endpoint_bind,1.550,ok
e126068a0c17439b85493ac7d326bddd7f257126,iroh_dial,staleip,cold,0,address_lookup,0.102,ok
e126068a0c17439b85493ac7d326bddd7f257126,iroh_dial,staleip,cold,0,dial_handshake,1201.347,ok
e126068a0c17439b85493ac7d326bddd7f257126,iroh_dial,staleip,cold,0,stream_open,85.640,ok
e126068a0c17439b85493ac7d326bddd7f257126,iroh_dial,staleip,cold,0,echo_rtt,0.088,ok
e126068a0c17439b85493ac7d326bddd7f257126,iroh_dial,staleip,cold,0,echo_rtt,0.078,ok
e126068a0c17439b85493ac7d326bddd7f257126,iroh_dial,staleip,cold,0,echo_rtt,0.044,ok
e126068a0c17439b85493ac7d326bddd7f257126,iroh_dial,staleip,cold,0,echo_rtt,0.027,ok
e126068a0c17439b85493ac7d326bddd7f257126,iroh_dial,staleip,cold,0,echo_rtt,0.034,ok
e126068a0c17439b85493ac7d326bddd7f257126,iroh_dial,staleip,cold,0,echo_rtt,0.025,ok
e126068a0c17439b85493ac7d326bddd7f257126,iroh_dial,staleip,cold,0,echo_rtt,0.033,ok
e126068a0c17439b85493ac7d326bddd7f257126,iroh_dial,staleip,cold,0,echo_rtt,0.025,ok
e126068a0c17439b85493ac7d326bddd7f257126,iroh_dial,staleip,cold,0,echo_rtt,0.033,ok
e126068a0c17439b85493ac7d326bddd7f257126,iroh_dial,staleip,cold,0,echo_rtt,0.025,ok
e126068a0c17439b85493ac7d326bddd7f257126,iroh_dial,staleip,cold,0,echo_rtt,0.033,ok
e126068a0c17439b85493ac7d326bddd7f257126,iroh_dial,staleip,cold,0,echo_rtt,0.026,ok
e126068a0c17439b85493ac7d326bddd7f257126,iroh_dial,staleip,cold,0,echo_rtt,0.034,ok
e126068a0c17439b85493ac7d326bddd7f257126,iroh_dial,staleip,cold,0,echo_rtt,0.025,ok
e126068a0c17439b85493ac7d326bddd7f257126,iroh_dial,staleip,cold,0,echo_rtt,0.035,ok
e126068a0c17439b85493ac7d326bddd7f257126,iroh_dial,staleip,cold,0,echo_rtt,0.025,ok
e126068a0c17439b85493ac7d326bddd7f257126,iroh_dial,staleip,cold,0,echo_rtt,0.033,ok
e126068a0c17439b85493ac7d326bddd7f257126,iroh_dial,staleip,cold,0,echo_rtt,0.055,ok
e126068a0c17439b85493ac7d326bddd7f257126,iroh_dial,staleip,cold,0,echo_rtt,0.051,ok
e126068a0c17439b85493ac7d326bddd7f257126,iroh_dial,staleip,cold,0,echo_rtt,0.027,ok
e126068a0c17439b85493ac7d326bddd7f257126,iroh_dial,staleip,cold,0,process_spawn,0.766,ok
e126068a0c17439b85493ac7d326bddd7f257126,iroh_dial,staleip,cold,0,runtime_start,0.403,ok
e126068a0c17439b85493ac7d326bddd7f257126,iroh_dial,staleip,cold,0,endpoint_bind,1.566,ok
e126068a0c17439b85493ac7d326bddd7f257126,iroh_dial,staleip,cold,0,address_lookup,0.087,ok
e126068a0c17439b85493ac7d326bddd7f257126,iroh_dial,staleip,cold,0,dial_handshake,1191.491,ok
e126068a0c17439b85493ac7d326bddd7f257126,iroh_dial,staleip,cold,0,stream_open,83.221,ok
e126068a0c17439b85493ac7d326bddd7f257126,iroh_dial,staleip,cold,0,echo_rtt,0.082,ok
e126068a0c17439b85493ac7d326bddd7f257126,iroh_dial,staleip,cold,0,echo_rtt,0.058,ok
e126068a0c17439b85493ac7d326bddd7f257126,iroh_dial,staleip,cold,0,echo_rtt,0.033,ok
e126068a0c17439b85493ac7d326bddd7f257126,iroh_dial,staleip,cold,0,echo_rtt,0.030,ok
e126068a0c17439b85493ac7d326bddd7f257126,iroh_dial,staleip,cold,0,echo_rtt,0.038,ok
e126068a0c17439b85493ac7d326bddd7f257126,iroh_dial,staleip,cold,0,echo_rtt,0.064,ok
e126068a0c17439b85493ac7d326bddd7f257126,iroh_dial,staleip,cold,0,echo_rtt,0.032,ok
e126068a0c17439b85493ac7d326bddd7f257126,iroh_dial,staleip,cold,0,echo_rtt,0.031,ok
e126068a0c17439b85493ac7d326bddd7f257126,iroh_dial,staleip,cold,0,echo_rtt,0.030,ok
e126068a0c17439b85493ac7d326bddd7f257126,iroh_dial,staleip,cold,0,echo_rtt,0.028,ok
e126068a0c17439b85493ac7d326bddd7f257126,iroh_dial,staleip,cold,0,echo_rtt,0.029,ok
e126068a0c17439b85493ac7d326bddd7f257126,iroh_dial,staleip,cold,0,echo_rtt,0.028,ok
e126068a0c17439b85493ac7d326bddd7f257126,iroh_dial,staleip,cold,0,echo_rtt,0.033,ok
e126068a0c17439b85493ac7d326bddd7f257126,iroh_dial,staleip,cold,0,echo_rtt,0.030,ok
e126068a0c17439b85493ac7d326bddd7f257126,iroh_dial,staleip,cold,0,echo_rtt,0.030,ok
e126068a0c17439b85493ac7d326bddd7f257126,iroh_dial,staleip,cold,0,echo_rtt,0.029,ok
e126068a0c17439b85493ac7d326bddd7f257126,iroh_dial,staleip,cold,0,echo_rtt,0.029,ok
e126068a0c17439b85493ac7d326bddd7f257126,iroh_dial,staleip,cold,0,echo_rtt,0.029,ok
e126068a0c17439b85493ac7d326bddd7f257126,iroh_dial,staleip,cold,0,echo_rtt,0.029,ok
e126068a0c17439b85493ac7d326bddd7f257126,iroh_dial,staleip,cold,0,echo_rtt,0.028,ok
e126068a0c17439b85493ac7d326bddd7f257126,iroh_dial,staleip,cold,0,process_spawn,0.610,ok
e126068a0c17439b85493ac7d326bddd7f257126,iroh_dial,staleip,cold,0,runtime_start,0.331,ok
e126068a0c17439b85493ac7d326bddd7f257126,iroh_dial,staleip,cold,0,endpoint_bind,1.378,ok
e126068a0c17439b85493ac7d326bddd7f257126,iroh_dial,staleip,cold,0,address_lookup,0.098,ok
e126068a0c17439b85493ac7d326bddd7f257126,iroh_dial,staleip,cold,0,dial_handshake,1200.139,ok
e126068a0c17439b85493ac7d326bddd7f257126,iroh_dial,staleip,cold,0,stream_open,86.761,ok
e126068a0c17439b85493ac7d326bddd7f257126,iroh_dial,staleip,cold,0,echo_rtt,0.107,ok
e126068a0c17439b85493ac7d326bddd7f257126,iroh_dial,staleip,cold,0,echo_rtt,0.049,ok
e126068a0c17439b85493ac7d326bddd7f257126,iroh_dial,staleip,cold,0,echo_rtt,0.036,ok
e126068a0c17439b85493ac7d326bddd7f257126,iroh_dial,staleip,cold,0,echo_rtt,0.025,ok
e126068a0c17439b85493ac7d326bddd7f257126,iroh_dial,staleip,cold,0,echo_rtt,0.072,ok
e126068a0c17439b85493ac7d326bddd7f257126,iroh_dial,staleip,cold,0,echo_rtt,0.029,ok
e126068a0c17439b85493ac7d326bddd7f257126,iroh_dial,staleip,cold,0,echo_rtt,0.034,ok
e126068a0c17439b85493ac7d326bddd7f257126,iroh_dial,staleip,cold,0,echo_rtt,0.025,ok
e126068a0c17439b85493ac7d326bddd7f257126,iroh_dial,staleip,cold,0,echo_rtt,0.033,ok
e126068a0c17439b85493ac7d326bddd7f257126,iroh_dial,staleip,cold,0,echo_rtt,0.024,ok
e126068a0c17439b85493ac7d326bddd7f257126,iroh_dial,staleip,cold,0,echo_rtt,0.033,ok
e126068a0c17439b85493ac7d326bddd7f257126,iroh_dial,staleip,cold,0,echo_rtt,0.025,ok
e126068a0c17439b85493ac7d326bddd7f257126,iroh_dial,staleip,cold,0,echo_rtt,0.033,ok
e126068a0c17439b85493ac7d326bddd7f257126,iroh_dial,staleip,cold,0,echo_rtt,0.026,ok
e126068a0c17439b85493ac7d326bddd7f257126,iroh_dial,staleip,cold,0,echo_rtt,0.035,ok
e126068a0c17439b85493ac7d326bddd7f257126,iroh_dial,staleip,cold,0,echo_rtt,0.025,ok
e126068a0c17439b85493ac7d326bddd7f257126,iroh_dial,staleip,cold,0,echo_rtt,0.033,ok
e126068a0c17439b85493ac7d326bddd7f257126,iroh_dial,staleip,cold,0,echo_rtt,0.025,ok
e126068a0c17439b85493ac7d326bddd7f257126,iroh_dial,staleip,cold,0,echo_rtt,0.033,ok
e126068a0c17439b85493ac7d326bddd7f257126,iroh_dial,staleip,cold,0,echo_rtt,0.025,ok
e126068a0c17439b85493ac7d326bddd7f257126,iroh_dial,staleip,cold,0,process_spawn,0.669,ok
e126068a0c17439b85493ac7d326bddd7f257126,iroh_dial,staleip,cold,0,runtime_start,0.338,ok
e126068a0c17439b85493ac7d326bddd7f257126,iroh_dial,staleip,cold,0,endpoint_bind,1.384,ok
e126068a0c17439b85493ac7d326bddd7f257126,iroh_dial,staleip,cold,0,address_lookup,0.097,ok
e126068a0c17439b85493ac7d326bddd7f257126,iroh_dial,staleip,cold,0,dial_handshake,1191.906,ok
e126068a0c17439b85493ac7d326bddd7f257126,iroh_dial,staleip,cold,0,stream_open,83.346,ok
e126068a0c17439b85493ac7d326bddd7f257126,iroh_dial,staleip,cold,0,echo_rtt,0.161,ok
e126068a0c17439b85493ac7d326bddd7f257126,iroh_dial,staleip,cold,0,echo_rtt,0.029,ok
e126068a0c17439b85493ac7d326bddd7f257126,iroh_dial,staleip,cold,0,echo_rtt,0.045,ok
e126068a0c17439b85493ac7d326bddd7f257126,iroh_dial,staleip,cold,0,echo_rtt,0.030,ok
e126068a0c17439b85493ac7d326bddd7f257126,iroh_dial,staleip,cold,0,echo_rtt,0.042,ok
e126068a0c17439b85493ac7d326bddd7f257126,iroh_dial,staleip,cold,0,echo_rtt,0.047,ok
e126068a0c17439b85493ac7d326bddd7f257126,iroh_dial,staleip,cold,0,echo_rtt,0.056,ok
e126068a0c17439b85493ac7d326bddd7f257126,iroh_dial,staleip,cold,0,echo_rtt,0.039,ok
e126068a0c17439b85493ac7d326bddd7f257126,iroh_dial,staleip,cold,0,echo_rtt,0.035,ok
e126068a0c17439b85493ac7d326bddd7f257126,iroh_dial,staleip,cold,0,echo_rtt,0.040,ok
e126068a0c17439b85493ac7d326bddd7f257126,iroh_dial,staleip,cold,0,echo_rtt,0.030,ok
e126068a0c17439b85493ac7d326bddd7f257126,iroh_dial,staleip,cold,0,echo_rtt,0.030,ok
e126068a0c17439b85493ac7d326bddd7f257126,iroh_dial,staleip,cold,0,echo_rtt,0.028,ok
e126068a0c17439b85493ac7d326bddd7f257126,iroh_dial,staleip,cold,0,echo_rtt,0.029,ok
e126068a0c17439b85493ac7d326bddd7f257126,iroh_dial,staleip,cold,0,echo_rtt,0.028,ok
e126068a0c17439b85493ac7d326bddd7f257126,iroh_dial,staleip,cold,0,echo_rtt,0.029,ok
e126068a0c17439b85493ac7d326bddd7f257126,iroh_dial,staleip,cold,0,echo_rtt,0.031,ok
e126068a0c17439b85493ac7d326bddd7f257126,iroh_dial,staleip,cold,0,echo_rtt,0.031,ok
e126068a0c17439b85493ac7d326bddd7f257126,iroh_dial,staleip,cold,0,echo_rtt,0.029,ok
e126068a0c17439b85493ac7d326bddd7f257126,iroh_dial,staleip,cold,0,echo_rtt,0.032,ok
e126068a0c17439b85493ac7d326bddd7f257126,iroh_dial,staleip,cold,0,process_spawn,0.748,ok
e126068a0c17439b85493ac7d326bddd7f257126,iroh_dial,staleip,cold,0,runtime_start,0.376,ok
e126068a0c17439b85493ac7d326bddd7f257126,iroh_dial,staleip,cold,0,endpoint_bind,1.447,ok
e126068a0c17439b85493ac7d326bddd7f257126,iroh_dial,staleip,cold,0,address_lookup,0.091,ok
e126068a0c17439b85493ac7d326bddd7f257126,iroh_dial,staleip,cold,0,dial_handshake,1200.231,ok
e126068a0c17439b85493ac7d326bddd7f257126,iroh_dial,staleip,cold,0,stream_open,99.050,ok
e126068a0c17439b85493ac7d326bddd7f257126,iroh_dial,staleip,cold,0,echo_rtt,0.038,ok
e126068a0c17439b85493ac7d326bddd7f257126,iroh_dial,staleip,cold,0,echo_rtt,0.040,ok
e126068a0c17439b85493ac7d326bddd7f257126,iroh_dial,staleip,cold,0,echo_rtt,0.027,ok
e126068a0c17439b85493ac7d326bddd7f257126,iroh_dial,staleip,cold,0,echo_rtt,0.040,ok
e126068a0c17439b85493ac7d326bddd7f257126,iroh_dial,staleip,cold,0,echo_rtt,0.027,ok
e126068a0c17439b85493ac7d326bddd7f257126,iroh_dial,staleip,cold,0,echo_rtt,0.034,ok
e126068a0c17439b85493ac7d326bddd7f257126,iroh_dial,staleip,cold,0,echo_rtt,0.026,ok
e126068a0c17439b85493ac7d326bddd7f257126,iroh_dial,staleip,cold,0,echo_rtt,0.051,ok
e126068a0c17439b85493ac7d326bddd7f257126,iroh_dial,staleip,cold,0,echo_rtt,0.026,ok
e126068a0c17439b85493ac7d326bddd7f257126,iroh_dial,staleip,cold,0,echo_rtt,0.033,ok
e126068a0c17439b85493ac7d326bddd7f257126,iroh_dial,staleip,cold,0,echo_rtt,0.029,ok
e126068a0c17439b85493ac7d326bddd7f257126,iroh_dial,staleip,cold,0,echo_rtt,0.036,ok
e126068a0c17439b85493ac7d326bddd7f257126,iroh_dial,staleip,cold,0,echo_rtt,0.025,ok
e126068a0c17439b85493ac7d326bddd7f257126,iroh_dial,staleip,cold,0,echo_rtt,0.033,ok
e126068a0c17439b85493ac7d326bddd7f257126,iroh_dial,staleip,cold,0,echo_rtt,0.025,ok
e126068a0c17439b85493ac7d326bddd7f257126,iroh_dial,staleip,cold,0,echo_rtt,0.033,ok
e126068a0c17439b85493ac7d326bddd7f257126,iroh_dial,staleip,cold,0,echo_rtt,0.025,ok
e126068a0c17439b85493ac7d326bddd7f257126,iroh_dial,staleip,cold,0,echo_rtt,0.033,ok
e126068a0c17439b85493ac7d326bddd7f257126,iroh_dial,staleip,cold,0,echo_rtt,0.025,ok
e126068a0c17439b85493ac7d326bddd7f257126,iroh_dial,staleip,cold,0,echo_rtt,0.033,ok
e126068a0c17439b85493ac7d326bddd7f257126,iroh_dial,staleip,cold,0,process_spawn,0.602,ok
e126068a0c17439b85493ac7d326bddd7f257126,iroh_dial,staleip,cold,0,runtime_start,0.390,ok
e126068a0c17439b85493ac7d326bddd7f257126,iroh_dial,staleip,cold,0,endpoint_bind,1.468,ok
e126068a0c17439b85493ac7d326bddd7f257126,iroh_dial,staleip,cold,0,address_lookup,0.102,ok
e126068a0c17439b85493ac7d326bddd7f257126,iroh_dial,staleip,cold,0,dial_handshake,1192.904,ok
e126068a0c17439b85493ac7d326bddd7f257126,iroh_dial,staleip,cold,0,stream_open,83.453,ok
e126068a0c17439b85493ac7d326bddd7f257126,iroh_dial,staleip,cold,0,echo_rtt,0.100,ok
e126068a0c17439b85493ac7d326bddd7f257126,iroh_dial,staleip,cold,0,echo_rtt,0.156,ok
e126068a0c17439b85493ac7d326bddd7f257126,iroh_dial,staleip,cold,0,echo_rtt,0.064,ok
e126068a0c17439b85493ac7d326bddd7f257126,iroh_dial,staleip,cold,0,echo_rtt,0.036,ok
e126068a0c17439b85493ac7d326bddd7f257126,iroh_dial,staleip,cold,0,echo_rtt,0.032,ok
e126068a0c17439b85493ac7d326bddd7f257126,iroh_dial,staleip,cold,0,echo_rtt,0.030,ok
e126068a0c17439b85493ac7d326bddd7f257126,iroh_dial,staleip,cold,0,echo_rtt,0.031,ok
e126068a0c17439b85493ac7d326bddd7f257126,iroh_dial,staleip,cold,0,echo_rtt,0.029,ok
e126068a0c17439b85493ac7d326bddd7f257126,iroh_dial,staleip,cold,0,echo_rtt,0.030,ok
e126068a0c17439b85493ac7d326bddd7f257126,iroh_dial,staleip,cold,0,echo_rtt,0.029,ok
e126068a0c17439b85493ac7d326bddd7f257126,iroh_dial,staleip,cold,0,echo_rtt,0.031,ok
e126068a0c17439b85493ac7d326bddd7f257126,iroh_dial,staleip,cold,0,echo_rtt,0.045,ok
e126068a0c17439b85493ac7d326bddd7f257126,iroh_dial,staleip,cold,0,echo_rtt,0.039,ok
e126068a0c17439b85493ac7d326bddd7f257126,iroh_dial,staleip,cold,0,echo_rtt,0.032,ok
e126068a0c17439b85493ac7d326bddd7f257126,iroh_dial,staleip,cold,0,echo_rtt,0.031,ok
e126068a0c17439b85493ac7d326bddd7f257126,iroh_dial,staleip,cold,0,echo_rtt,0.029,ok
e126068a0c17439b85493ac7d326bddd7f257126,iroh_dial,staleip,cold,0,echo_rtt,0.030,ok
e126068a0c17439b85493ac7d326bddd7f257126,iroh_dial,staleip,cold,0,echo_rtt,0.041,ok
e126068a0c17439b85493ac7d326bddd7f257126,iroh_dial,staleip,cold,0,echo_rtt,0.031,ok
e126068a0c17439b85493ac7d326bddd7f257126,iroh_dial,staleip,cold,0,echo_rtt,0.029,ok
e126068a0c17439b85493ac7d326bddd7f257126,iroh_dial,staleip,cold,0,process_spawn,0.709,ok
e126068a0c17439b85493ac7d326bddd7f257126,iroh_dial,staleip,cold,0,runtime_start,0.392,ok
e126068a0c17439b85493ac7d326bddd7f257126,iroh_dial,staleip,cold,0,endpoint_bind,1.395,ok
e126068a0c17439b85493ac7d326bddd7f257126,iroh_dial,staleip,cold,0,address_lookup,0.092,ok
e126068a0c17439b85493ac7d326bddd7f257126,iroh_dial,staleip,cold,0,dial_handshake,1200.737,ok
e126068a0c17439b85493ac7d326bddd7f257126,iroh_dial,staleip,cold,0,stream_open,85.655,ok
e126068a0c17439b85493ac7d326bddd7f257126,iroh_dial,staleip,cold,0,echo_rtt,0.135,ok
e126068a0c17439b85493ac7d326bddd7f257126,iroh_dial,staleip,cold,0,echo_rtt,0.061,ok
e126068a0c17439b85493ac7d326bddd7f257126,iroh_dial,staleip,cold,0,echo_rtt,0.037,ok
e126068a0c17439b85493ac7d326bddd7f257126,iroh_dial,staleip,cold,0,echo_rtt,0.033,ok
e126068a0c17439b85493ac7d326bddd7f257126,iroh_dial,staleip,cold,0,echo_rtt,0.030,ok
e126068a0c17439b85493ac7d326bddd7f257126,iroh_dial,staleip,cold,0,echo_rtt,0.030,ok
e126068a0c17439b85493ac7d326bddd7f257126,iroh_dial,staleip,cold,0,echo_rtt,0.028,ok
e126068a0c17439b85493ac7d326bddd7f257126,iroh_dial,staleip,cold,0,echo_rtt,0.029,ok
e126068a0c17439b85493ac7d326bddd7f257126,iroh_dial,staleip,cold,0,echo_rtt,0.028,ok
e126068a0c17439b85493ac7d326bddd7f257126,iroh_dial,staleip,cold,0,echo_rtt,0.029,ok
e126068a0c17439b85493ac7d326bddd7f257126,iroh_dial,staleip,cold,0,echo_rtt,0.030,ok
e126068a0c17439b85493ac7d326bddd7f257126,iroh_dial,staleip,cold,0,echo_rtt,0.029,ok
e126068a0c17439b85493ac7d326bddd7f257126,iroh_dial,staleip,cold,0,echo_rtt,0.028,ok
e126068a0c17439b85493ac7d326bddd7f257126,iroh_dial,staleip,cold,0,echo_rtt,0.029,ok
e126068a0c17439b85493ac7d326bddd7f257126,iroh_dial,staleip,cold,0,echo_rtt,0.029,ok
e126068a0c17439b85493ac7d326bddd7f257126,iroh_dial,staleip,cold,0,echo_rtt,0.029,ok
e126068a0c17439b85493ac7d326bddd7f257126,iroh_dial,staleip,cold,0,echo_rtt,0.031,ok
e126068a0c17439b85493ac7d326bddd7f257126,iroh_dial,staleip,cold,0,echo_rtt,0.033,ok
e126068a0c17439b85493ac7d326bddd7f257126,iroh_dial,staleip,cold,0,echo_rtt,0.029,ok
e126068a0c17439b85493ac7d326bddd7f257126,iroh_dial,staleip,cold,0,echo_rtt,0.029,ok
e126068a0c17439b85493ac7d326bddd7f257126,iroh_dial,staleip,cold,0,process_spawn,0.637,ok
e126068a0c17439b85493ac7d326bddd7f257126,iroh_dial,staleip,cold,0,runtime_start,0.342,ok
e126068a0c17439b85493ac7d326bddd7f257126,iroh_dial,staleip,cold,0,endpoint_bind,1.397,ok
e126068a0c17439b85493ac7d326bddd7f257126,iroh_dial,staleip,cold,0,address_lookup,0.089,ok
e126068a0c17439b85493ac7d326bddd7f257126,iroh_dial,staleip,cold,0,dial_handshake,1193.136,ok
e126068a0c17439b85493ac7d326bddd7f257126,iroh_dial,staleip,cold,0,stream_open,83.874,ok
e126068a0c17439b85493ac7d326bddd7f257126,iroh_dial,staleip,cold,0,echo_rtt,0.065,ok
e126068a0c17439b85493ac7d326bddd7f257126,iroh_dial,staleip,cold,0,echo_rtt,0.036,ok
e126068a0c17439b85493ac7d326bddd7f257126,iroh_dial,staleip,cold,0,echo_rtt,0.088,ok
e126068a0c17439b85493ac7d326bddd7f257126,iroh_dial,staleip,cold,0,echo_rtt,0.027,ok
e126068a0c17439b85493ac7d326bddd7f257126,iroh_dial,staleip,cold,0,echo_rtt,0.035,ok
e126068a0c17439b85493ac7d326bddd7f257126,iroh_dial,staleip,cold,0,echo_rtt,0.025,ok
e126068a0c17439b85493ac7d326bddd7f257126,iroh_dial,staleip,cold,0,echo_rtt,0.034,ok
e126068a0c17439b85493ac7d326bddd7f257126,iroh_dial,staleip,cold,0,echo_rtt,0.031,ok
e126068a0c17439b85493ac7d326bddd7f257126,iroh_dial,staleip,cold,0,echo_rtt,0.029,ok
e126068a0c17439b85493ac7d326bddd7f257126,iroh_dial,staleip,cold,0,echo_rtt,0.030,ok
e126068a0c17439b85493ac7d326bddd7f257126,iroh_dial,staleip,cold,0,echo_rtt,0.029,ok
e126068a0c17439b85493ac7d326bddd7f257126,iroh_dial,staleip,cold,0,echo_rtt,0.029,ok
e126068a0c17439b85493ac7d326bddd7f257126,iroh_dial,staleip,cold,0,echo_rtt,0.030,ok
e126068a0c17439b85493ac7d326bddd7f257126,iroh_dial,staleip,cold,0,echo_rtt,0.029,ok
e126068a0c17439b85493ac7d326bddd7f257126,iroh_dial,staleip,cold,0,echo_rtt,0.028,ok
e126068a0c17439b85493ac7d326bddd7f257126,iroh_dial,staleip,cold,0,echo_rtt,0.030,ok
e126068a0c17439b85493ac7d326bddd7f257126,iroh_dial,staleip,cold,0,echo_rtt,0.029,ok
e126068a0c17439b85493ac7d326bddd7f257126,iroh_dial,staleip,cold,0,echo_rtt,0.029,ok
e126068a0c17439b85493ac7d326bddd7f257126,iroh_dial,staleip,cold,0,echo_rtt,0.029,ok
e126068a0c17439b85493ac7d326bddd7f257126,iroh_dial,staleip,cold,0,echo_rtt,0.030,ok
e126068a0c17439b85493ac7d326bddd7f257126,iroh_dial,staleip,cold,0,process_spawn,0.637,ok
e126068a0c17439b85493ac7d326bddd7f257126,iroh_dial,staleip,cold,0,runtime_start,0.398,ok
e126068a0c17439b85493ac7d326bddd7f257126,iroh_dial,staleip,cold,0,endpoint_bind,1.364,ok
e126068a0c17439b85493ac7d326bddd7f257126,iroh_dial,staleip,cold,0,address_lookup,0.094,ok
e126068a0c17439b85493ac7d326bddd7f257126,iroh_dial,staleip,cold,0,dial_handshake,1193.852,ok
e126068a0c17439b85493ac7d326bddd7f257126,iroh_dial,staleip,cold,0,stream_open,84.774,ok
e126068a0c17439b85493ac7d326bddd7f257126,iroh_dial,staleip,cold,0,echo_rtt,0.134,ok
e126068a0c17439b85493ac7d326bddd7f257126,iroh_dial,staleip,cold,0,echo_rtt,0.120,ok
e126068a0c17439b85493ac7d326bddd7f257126,iroh_dial,staleip,cold,0,echo_rtt,0.097,ok
e126068a0c17439b85493ac7d326bddd7f257126,iroh_dial,staleip,cold,0,echo_rtt,0.060,ok
e126068a0c17439b85493ac7d326bddd7f257126,iroh_dial,staleip,cold,0,echo_rtt,0.050,ok
e126068a0c17439b85493ac7d326bddd7f257126,iroh_dial,staleip,cold,0,echo_rtt,0.031,ok
e126068a0c17439b85493ac7d326bddd7f257126,iroh_dial,staleip,cold,0,echo_rtt,0.032,ok
e126068a0c17439b85493ac7d326bddd7f257126,iroh_dial,staleip,cold,0,echo_rtt,0.031,ok
e126068a0c17439b85493ac7d326bddd7f257126,iroh_dial,staleip,cold,0,echo_rtt,0.031,ok
e126068a0c17439b85493ac7d326bddd7f257126,iroh_dial,staleip,cold,0,echo_rtt,0.029,ok
e126068a0c17439b85493ac7d326bddd7f257126,iroh_dial,staleip,cold,0,echo_rtt,0.030,ok
e126068a0c17439b85493ac7d326bddd7f257126,iroh_dial,staleip,cold,0,echo_rtt,0.028,ok
e126068a0c17439b85493ac7d326bddd7f257126,iroh_dial,staleip,cold,0,echo_rtt,0.029,ok
e126068a0c17439b85493ac7d326bddd7f257126,iroh_dial,staleip,cold,0,echo_rtt,0.028,ok
e126068a0c17439b85493ac7d326bddd7f257126,iroh_dial,staleip,cold,0,echo_rtt,0.029,ok
e126068a0c17439b85493ac7d326bddd7f257126,iroh_dial,staleip,cold,0,echo_rtt,0.084,ok
e126068a0c17439b85493ac7d326bddd7f257126,iroh_dial,staleip,cold,0,echo_rtt,0.029,ok
e126068a0c17439b85493ac7d326bddd7f257126,iroh_dial,staleip,cold,0,echo_rtt,0.028,ok
e126068a0c17439b85493ac7d326bddd7f257126,iroh_dial,staleip,cold,0,echo_rtt,0.031,ok
e126068a0c17439b85493ac7d326bddd7f257126,iroh_dial,staleip,cold,0,echo_rtt,0.028,ok
e126068a0c17439b85493ac7d326bddd7f257126,iroh_dial,staleip,cold,0,process_spawn,0.727,ok
e126068a0c17439b85493ac7d326bddd7f257126,iroh_dial,staleip,cold,0,runtime_start,0.414,ok
e126068a0c17439b85493ac7d326bddd7f257126,iroh_dial,staleip,cold,0,endpoint_bind,1.480,ok
e126068a0c17439b85493ac7d326bddd7f257126,iroh_dial,staleip,cold,0,address_lookup,0.117,ok
e126068a0c17439b85493ac7d326bddd7f257126,iroh_dial,staleip,cold,0,dial_handshake,1200.022,ok
e126068a0c17439b85493ac7d326bddd7f257126,iroh_dial,staleip,cold,0,stream_open,85.562,ok
e126068a0c17439b85493ac7d326bddd7f257126,iroh_dial,staleip,cold,0,echo_rtt,0.243,ok
e126068a0c17439b85493ac7d326bddd7f257126,iroh_dial,staleip,cold,0,echo_rtt,0.061,ok
e126068a0c17439b85493ac7d326bddd7f257126,iroh_dial,staleip,cold,0,echo_rtt,0.083,ok
e126068a0c17439b85493ac7d326bddd7f257126,iroh_dial,staleip,cold,0,echo_rtt,0.045,ok
e126068a0c17439b85493ac7d326bddd7f257126,iroh_dial,staleip,cold,0,echo_rtt,0.031,ok
e126068a0c17439b85493ac7d326bddd7f257126,iroh_dial,staleip,cold,0,echo_rtt,0.032,ok
e126068a0c17439b85493ac7d326bddd7f257126,iroh_dial,staleip,cold,0,echo_rtt,0.029,ok
e126068a0c17439b85493ac7d326bddd7f257126,iroh_dial,staleip,cold,0,echo_rtt,0.046,ok
e126068a0c17439b85493ac7d326bddd7f257126,iroh_dial,staleip,cold,0,echo_rtt,0.052,ok
e126068a0c17439b85493ac7d326bddd7f257126,iroh_dial,staleip,cold,0,echo_rtt,0.035,ok
e126068a0c17439b85493ac7d326bddd7f257126,iroh_dial,staleip,cold,0,echo_rtt,0.031,ok
e126068a0c17439b85493ac7d326bddd7f257126,iroh_dial,staleip,cold,0,echo_rtt,0.032,ok
e126068a0c17439b85493ac7d326bddd7f257126,iroh_dial,staleip,cold,0,echo_rtt,0.029,ok
e126068a0c17439b85493ac7d326bddd7f257126,iroh_dial,staleip,cold,0,echo_rtt,0.030,ok
e126068a0c17439b85493ac7d326bddd7f257126,iroh_dial,staleip,cold,0,echo_rtt,0.029,ok
e126068a0c17439b85493ac7d326bddd7f257126,iroh_dial,staleip,cold,0,echo_rtt,0.030,ok
e126068a0c17439b85493ac7d326bddd7f257126,iroh_dial,staleip,cold,0,echo_rtt,0.029,ok
e126068a0c17439b85493ac7d326bddd7f257126,iroh_dial,staleip,cold,0,echo_rtt,0.035,ok
e126068a0c17439b85493ac7d326bddd7f257126,iroh_dial,staleip,cold,0,echo_rtt,0.030,ok
e126068a0c17439b85493ac7d326bddd7f257126,iroh_dial,staleip,cold,0,echo_rtt,0.030,ok
e126068a0c17439b85493ac7d326bddd7f257126,iroh_dial,staleip,warm,1,address_lookup,0.098,ok
e126068a0c17439b85493ac7d326bddd7f257126,iroh_dial,staleip,warm,1,dial_handshake,0.324,ok
e126068a0c17439b85493ac7d326bddd7f257126,iroh_dial,staleip,warm,1,stream_open,0.188,ok
e126068a0c17439b85493ac7d326bddd7f257126,iroh_dial,staleip,warm,1,echo_rtt,0.044,ok
e126068a0c17439b85493ac7d326bddd7f257126,iroh_dial,staleip,warm,1,echo_rtt,0.036,ok
e126068a0c17439b85493ac7d326bddd7f257126,iroh_dial,staleip,warm,1,echo_rtt,0.025,ok
e126068a0c17439b85493ac7d326bddd7f257126,iroh_dial,staleip,warm,1,echo_rtt,0.033,ok
e126068a0c17439b85493ac7d326bddd7f257126,iroh_dial,staleip,warm,1,echo_rtt,0.024,ok
e126068a0c17439b85493ac7d326bddd7f257126,iroh_dial,staleip,warm,1,echo_rtt,0.033,ok
e126068a0c17439b85493ac7d326bddd7f257126,iroh_dial,staleip,warm,1,echo_rtt,0.029,ok
e126068a0c17439b85493ac7d326bddd7f257126,iroh_dial,staleip,warm,1,echo_rtt,0.029,ok
e126068a0c17439b85493ac7d326bddd7f257126,iroh_dial,staleip,warm,1,echo_rtt,0.029,ok
e126068a0c17439b85493ac7d326bddd7f257126,iroh_dial,staleip,warm,1,echo_rtt,0.028,ok
e126068a0c17439b85493ac7d326bddd7f257126,iroh_dial,staleip,warm,1,echo_rtt,0.029,ok
e126068a0c17439b85493ac7d326bddd7f257126,iroh_dial,staleip,warm,1,echo_rtt,0.028,ok
e126068a0c17439b85493ac7d326bddd7f257126,iroh_dial,staleip,warm,1,echo_rtt,0.030,ok
e126068a0c17439b85493ac7d326bddd7f257126,iroh_dial,staleip,warm,1,echo_rtt,0.030,ok
e126068a0c17439b85493ac7d326bddd7f257126,iroh_dial,staleip,warm,1,echo_rtt,0.029,ok
e126068a0c17439b85493ac7d326bddd7f257126,iroh_dial,staleip,warm,1,echo_rtt,0.028,ok
e126068a0c17439b85493ac7d326bddd7f257126,iroh_dial,staleip,warm,1,echo_rtt,0.029,ok
e126068a0c17439b85493ac7d326bddd7f257126,iroh_dial,staleip,warm,1,echo_rtt,0.028,ok
e126068a0c17439b85493ac7d326bddd7f257126,iroh_dial,staleip,warm,1,echo_rtt,0.028,ok
e126068a0c17439b85493ac7d326bddd7f257126,iroh_dial,staleip,warm,1,echo_rtt,0.028,ok
e126068a0c17439b85493ac7d326bddd7f257126,iroh_dial,staleip,warm,2,address_lookup,0.078,ok
e126068a0c17439b85493ac7d326bddd7f257126,iroh_dial,staleip,warm,2,dial_handshake,0.297,ok
e126068a0c17439b85493ac7d326bddd7f257126,iroh_dial,staleip,warm,2,stream_open,0.183,ok
e126068a0c17439b85493ac7d326bddd7f257126,iroh_dial,staleip,warm,2,echo_rtt,0.048,ok
e126068a0c17439b85493ac7d326bddd7f257126,iroh_dial,staleip,warm,2,echo_rtt,0.037,ok
e126068a0c17439b85493ac7d326bddd7f257126,iroh_dial,staleip,warm,2,echo_rtt,0.025,ok
e126068a0c17439b85493ac7d326bddd7f257126,iroh_dial,staleip,warm,2,echo_rtt,0.033,ok
e126068a0c17439b85493ac7d326bddd7f257126,iroh_dial,staleip,warm,2,echo_rtt,0.026,ok
e126068a0c17439b85493ac7d326bddd7f257126,iroh_dial,staleip,warm,2,echo_rtt,0.033,ok
e126068a0c17439b85493ac7d326bddd7f257126,iroh_dial,staleip,warm,2,echo_rtt,0.026,ok
e126068a0c17439b85493ac7d326bddd7f257126,iroh_dial,staleip,warm,2,echo_rtt,0.046,ok
e126068a0c17439b85493ac7d326bddd7f257126,iroh_dial,staleip,warm,2,echo_rtt,0.048,ok
e126068a0c17439b85493ac7d326bddd7f257126,iroh_dial,staleip,warm,2,echo_rtt,0.036,ok
e126068a0c17439b85493ac7d326bddd7f257126,iroh_dial,staleip,warm,2,echo_rtt,0.025,ok
e126068a0c17439b85493ac7d326bddd7f257126,iroh_dial,staleip,warm,2,echo_rtt,0.033,ok
e126068a0c17439b85493ac7d326bddd7f257126,iroh_dial,staleip,warm,2,echo_rtt,0.036,ok
e126068a0c17439b85493ac7d326bddd7f257126,iroh_dial,staleip,warm,2,echo_rtt,0.045,ok
e126068a0c17439b85493ac7d326bddd7f257126,iroh_dial,staleip,warm,2,echo_rtt,0.025,ok
e126068a0c17439b85493ac7d326bddd7f257126,iroh_dial,staleip,warm,2,echo_rtt,0.041,ok
e126068a0c17439b85493ac7d326bddd7f257126,iroh_dial,staleip,warm,2,echo_rtt,0.028,ok
e126068a0c17439b85493ac7d326bddd7f257126,iroh_dial,staleip,warm,2,echo_rtt,0.082,ok
e126068a0c17439b85493ac7d326bddd7f257126,iroh_dial,staleip,warm,2,echo_rtt,0.029,ok
e126068a0c17439b85493ac7d326bddd7f257126,iroh_dial,staleip,warm,2,echo_rtt,0.038,ok
e126068a0c17439b85493ac7d326bddd7f257126,iroh_dial,staleip,warm,3,address_lookup,0.086,ok
e126068a0c17439b85493ac7d326bddd7f257126,iroh_dial,staleip,warm,3,dial_handshake,0.343,ok
e126068a0c17439b85493ac7d326bddd7f257126,iroh_dial,staleip,warm,3,stream_open,0.154,ok
e126068a0c17439b85493ac7d326bddd7f257126,iroh_dial,staleip,warm,3,echo_rtt,0.071,ok
e126068a0c17439b85493ac7d326bddd7f257126,iroh_dial,staleip,warm,3,echo_rtt,0.038,ok
e126068a0c17439b85493ac7d326bddd7f257126,iroh_dial,staleip,warm,3,echo_rtt,0.052,ok
e126068a0c17439b85493ac7d326bddd7f257126,iroh_dial,staleip,warm,3,echo_rtt,0.032,ok
e126068a0c17439b85493ac7d326bddd7f257126,iroh_dial,staleip,warm,3,echo_rtt,0.034,ok
e126068a0c17439b85493ac7d326bddd7f257126,iroh_dial,staleip,warm,3,echo_rtt,0.024,ok
e126068a0c17439b85493ac7d326bddd7f257126,iroh_dial,staleip,warm,3,echo_rtt,0.032,ok
e126068a0c17439b85493ac7d326bddd7f257126,iroh_dial,staleip,warm,3,echo_rtt,0.024,ok
e126068a0c17439b85493ac7d326bddd7f257126,iroh_dial,staleip,warm,3,echo_rtt,0.050,ok
e126068a0c17439b85493ac7d326bddd7f257126,iroh_dial,staleip,warm,3,echo_rtt,0.028,ok
e126068a0c17439b85493ac7d326bddd7f257126,iroh_dial,staleip,warm,3,echo_rtt,0.033,ok
e126068a0c17439b85493ac7d326bddd7f257126,iroh_dial,staleip,warm,3,echo_rtt,0.029,ok
e126068a0c17439b85493ac7d326bddd7f257126,iroh_dial,staleip,warm,3,echo_rtt,0.030,ok
e126068a0c17439b85493ac7d326bddd7f257126,iroh_dial,staleip,warm,3,echo_rtt,0.029,ok
e126068a0c17439b85493ac7d326bddd7f257126,iroh_dial,staleip,warm,3,echo_rtt,0.036,ok
e126068a0c17439b85493ac7d326bddd7f257126,iroh_dial,staleip,warm,3,echo_rtt,0.028,ok
e126068a0c17439b85493ac7d326bddd7f257126,iroh_dial,staleip,warm,3,echo_rtt,0.029,ok
e126068a0c17439b85493ac7d326bddd7f257126,iroh_dial,staleip,warm,3,echo_rtt,0.028,ok
e126068a0c17439b85493ac7d326bddd7f257126,iroh_dial,staleip,warm,3,echo_rtt,0.028,ok
e126068a0c17439b85493ac7d326bddd7f257126,iroh_dial,staleip,warm,3,echo_rtt,0.028,ok
e126068a0c17439b85493ac7d326bddd7f257126,iroh_dial,staleip,warm,4,address_lookup,0.076,ok
e126068a0c17439b85493ac7d326bddd7f257126,iroh_dial,staleip,warm,4,dial_handshake,0.350,ok
e126068a0c17439b85493ac7d326bddd7f257126,iroh_dial,staleip,warm,4,stream_open,0.138,ok
e126068a0c17439b85493ac7d326bddd7f257126,iroh_dial,staleip,warm,4,echo_rtt,0.059,ok
e126068a0c17439b85493ac7d326bddd7f257126,iroh_dial,staleip,warm,4,echo_rtt,0.046,ok
e126068a0c17439b85493ac7d326bddd7f257126,iroh_dial,staleip,warm,4,echo_rtt,0.036,ok
e126068a0c17439b85493ac7d326bddd7f257126,iroh_dial,staleip,warm,4,echo_rtt,0.027,ok
e126068a0c17439b85493ac7d326bddd7f257126,iroh_dial,staleip,warm,4,echo_rtt,0.035,ok
e126068a0c17439b85493ac7d326bddd7f257126,iroh_dial,staleip,warm,4,echo_rtt,0.026,ok
e126068a0c17439b85493ac7d326bddd7f257126,iroh_dial,staleip,warm,4,echo_rtt,0.035,ok
e126068a0c17439b85493ac7d326bddd7f257126,iroh_dial,staleip,warm,4,echo_rtt,0.026,ok
e126068a0c17439b85493ac7d326bddd7f257126,iroh_dial,staleip,warm,4,echo_rtt,0.039,ok
e126068a0c17439b85493ac7d326bddd7f257126,iroh_dial,staleip,warm,4,echo_rtt,0.028,ok
e126068a0c17439b85493ac7d326bddd7f257126,iroh_dial,staleip,warm,4,echo_rtt,0.035,ok
e126068a0c17439b85493ac7d326bddd7f257126,iroh_dial,staleip,warm,4,echo_rtt,0.040,ok
e126068a0c17439b85493ac7d326bddd7f257126,iroh_dial,staleip,warm,4,echo_rtt,0.035,ok
e126068a0c17439b85493ac7d326bddd7f257126,iroh_dial,staleip,warm,4,echo_rtt,0.025,ok
e126068a0c17439b85493ac7d326bddd7f257126,iroh_dial,staleip,warm,4,echo_rtt,0.033,ok
e126068a0c17439b85493ac7d326bddd7f257126,iroh_dial,staleip,warm,4,echo_rtt,0.038,ok
e126068a0c17439b85493ac7d326bddd7f257126,iroh_dial,staleip,warm,4,echo_rtt,0.035,ok
e126068a0c17439b85493ac7d326bddd7f257126,iroh_dial,staleip,warm,4,echo_rtt,0.025,ok
e126068a0c17439b85493ac7d326bddd7f257126,iroh_dial,staleip,warm,4,echo_rtt,0.033,ok
e126068a0c17439b85493ac7d326bddd7f257126,iroh_dial,staleip,warm,4,echo_rtt,0.030,ok
e126068a0c17439b85493ac7d326bddd7f257126,iroh_dial,staleip,warm,5,address_lookup,0.080,ok
e126068a0c17439b85493ac7d326bddd7f257126,iroh_dial,staleip,warm,5,dial_handshake,0.420,ok
e126068a0c17439b85493ac7d326bddd7f257126,iroh_dial,staleip,warm,5,stream_open,0.127,ok
e126068a0c17439b85493ac7d326bddd7f257126,iroh_dial,staleip,warm,5,echo_rtt,0.035,ok
e126068a0c17439b85493ac7d326bddd7f257126,iroh_dial,staleip,warm,5,echo_rtt,0.041,ok
e126068a0c17439b85493ac7d326bddd7f257126,iroh_dial,staleip,warm,5,echo_rtt,0.029,ok
e126068a0c17439b85493ac7d326bddd7f257126,iroh_dial,staleip,warm,5,echo_rtt,0.039,ok
e126068a0c17439b85493ac7d326bddd7f257126,iroh_dial,staleip,warm,5,echo_rtt,0.029,ok
e126068a0c17439b85493ac7d326bddd7f257126,iroh_dial,staleip,warm,5,echo_rtt,0.038,ok
e126068a0c17439b85493ac7d326bddd7f257126,iroh_dial,staleip,warm,5,echo_rtt,0.034,ok
e126068a0c17439b85493ac7d326bddd7f257126,iroh_dial,staleip,warm,5,echo_rtt,0.038,ok
e126068a0c17439b85493ac7d326bddd7f257126,iroh_dial,staleip,warm,5,echo_rtt,0.034,ok
e126068a0c17439b85493ac7d326bddd7f257126,iroh_dial,staleip,warm,5,echo_rtt,0.033,ok
e126068a0c17439b85493ac7d326bddd7f257126,iroh_dial,staleip,warm,5,echo_rtt,0.038,ok
e126068a0c17439b85493ac7d326bddd7f257126,iroh_dial,staleip,warm,5,echo_rtt,0.028,ok
e126068a0c17439b85493ac7d326bddd7f257126,iroh_dial,staleip,warm,5,echo_rtt,0.066,ok
e126068a0c17439b85493ac7d326bddd7f257126,iroh_dial,staleip,warm,5,echo_rtt,0.028,ok
e126068a0c17439b85493ac7d326bddd7f257126,iroh_dial,staleip,warm,5,echo_rtt,0.038,ok
e126068a0c17439b85493ac7d326bddd7f257126,iroh_dial,staleip,warm,5,echo_rtt,0.054,ok
e126068a0c17439b85493ac7d326bddd7f257126,iroh_dial,staleip,warm,5,echo_rtt,0.043,ok
e126068a0c17439b85493ac7d326bddd7f257126,iroh_dial,staleip,warm,5,echo_rtt,0.051,ok
e126068a0c17439b85493ac7d326bddd7f257126,iroh_dial,staleip,warm,5,echo_rtt,0.041,ok
e126068a0c17439b85493ac7d326bddd7f257126,iroh_dial,staleip,warm,5,echo_rtt,0.028,ok
e126068a0c17439b85493ac7d326bddd7f257126,iroh_dial,staleip,warm,6,address_lookup,0.108,ok
e126068a0c17439b85493ac7d326bddd7f257126,iroh_dial,staleip,warm,6,dial_handshake,0.350,ok
e126068a0c17439b85493ac7d326bddd7f257126,iroh_dial,staleip,warm,6,stream_open,0.174,ok
e126068a0c17439b85493ac7d326bddd7f257126,iroh_dial,staleip,warm,6,echo_rtt,0.056,ok
e126068a0c17439b85493ac7d326bddd7f257126,iroh_dial,staleip,warm,6,echo_rtt,0.050,ok
e126068a0c17439b85493ac7d326bddd7f257126,iroh_dial,staleip,warm,6,echo_rtt,0.045,ok
e126068a0c17439b85493ac7d326bddd7f257126,iroh_dial,staleip,warm,6,echo_rtt,0.027,ok
e126068a0c17439b85493ac7d326bddd7f257126,iroh_dial,staleip,warm,6,echo_rtt,0.034,ok
e126068a0c17439b85493ac7d326bddd7f257126,iroh_dial,staleip,warm,6,echo_rtt,0.026,ok
e126068a0c17439b85493ac7d326bddd7f257126,iroh_dial,staleip,warm,6,echo_rtt,0.033,ok
e126068a0c17439b85493ac7d326bddd7f257126,iroh_dial,staleip,warm,6,echo_rtt,0.041,ok
e126068a0c17439b85493ac7d326bddd7f257126,iroh_dial,staleip,warm,6,echo_rtt,0.034,ok
e126068a0c17439b85493ac7d326bddd7f257126,iroh_dial,staleip,warm,6,echo_rtt,0.027,ok
e126068a0c17439b85493ac7d326bddd7f257126,iroh_dial,staleip,warm,6,echo_rtt,0.033,ok
e126068a0c17439b85493ac7d326bddd7f257126,iroh_dial,staleip,warm,6,echo_rtt,0.026,ok
e126068a0c17439b85493ac7d326bddd7f257126,iroh_dial,staleip,warm,6,echo_rtt,0.033,ok
e126068a0c17439b85493ac7d326bddd7f257126,iroh_dial,staleip,warm,6,echo_rtt,0.025,ok
e126068a0c17439b85493ac7d326bddd7f257126,iroh_dial,staleip,warm,6,echo_rtt,0.033,ok
e126068a0c17439b85493ac7d326bddd7f257126,iroh_dial,staleip,warm,6,echo_rtt,0.025,ok
e126068a0c17439b85493ac7d326bddd7f257126,iroh_dial,staleip,warm,6,echo_rtt,0.033,ok
e126068a0c17439b85493ac7d326bddd7f257126,iroh_dial,staleip,warm,6,echo_rtt,0.026,ok
e126068a0c17439b85493ac7d326bddd7f257126,iroh_dial,staleip,warm,6,echo_rtt,0.033,ok
e126068a0c17439b85493ac7d326bddd7f257126,iroh_dial,staleip,warm,6,echo_rtt,0.026,ok
e126068a0c17439b85493ac7d326bddd7f257126,iroh_dial,staleip,warm,7,address_lookup,0.082,ok
e126068a0c17439b85493ac7d326bddd7f257126,iroh_dial,staleip,warm,7,dial_handshake,0.351,ok
e126068a0c17439b85493ac7d326bddd7f257126,iroh_dial,staleip,warm,7,stream_open,0.190,ok
e126068a0c17439b85493ac7d326bddd7f257126,iroh_dial,staleip,warm,7,echo_rtt,0.067,ok
e126068a0c17439b85493ac7d326bddd7f257126,iroh_dial,staleip,warm,7,echo_rtt,0.034,ok
e126068a0c17439b85493ac7d326bddd7f257126,iroh_dial,staleip,warm,7,echo_rtt,0.035,ok
e126068a0c17439b85493ac7d326bddd7f257126,iroh_dial,staleip,warm,7,echo_rtt,0.033,ok
e126068a0c17439b85493ac7d326bddd7f257126,iroh_dial,staleip,warm,7,echo_rtt,0.033,ok
e126068a0c17439b85493ac7d326bddd7f257126,iroh_dial,staleip,warm,7,echo_rtt,0.032,ok
e126068a0c17439b85493ac7d326bddd7f257126,iroh_dial,staleip,warm,7,echo_rtt,0.033,ok
e126068a0c17439b85493ac7d326bddd7f257126,iroh_dial,staleip,warm,7,echo_rtt,0.033,ok
e126068a0c17439b85493ac7d326bddd7f257126,iroh_dial,staleip,warm,7,echo_rtt,0.034,ok
e126068a0c17439b85493ac7d326bddd7f257126,iroh_dial,staleip,warm,7,echo_rtt,0.032,ok
e126068a0c17439b85493ac7d326bddd7f257126,iroh_dial,staleip,warm,7,echo_rtt,0.033,ok
e126068a0c17439b85493ac7d326bddd7f257126,iroh_dial,staleip,warm,7,echo_rtt,0.039,ok
e126068a0c17439b85493ac7d326bddd7f257126,iroh_dial,staleip,warm,7,echo_rtt,0.028,ok
e126068a0c17439b85493ac7d326bddd7f257126,iroh_dial,staleip,warm,7,echo_rtt,0.038,ok
e126068a0c17439b85493ac7d326bddd7f257126,iroh_dial,staleip,warm,7,echo_rtt,0.028,ok
e126068a0c17439b85493ac7d326bddd7f257126,iroh_dial,staleip,warm,7,echo_rtt,0.038,ok
e126068a0c17439b85493ac7d326bddd7f257126,iroh_dial,staleip,warm,7,echo_rtt,0.030,ok
e126068a0c17439b85493ac7d326bddd7f257126,iroh_dial,staleip,warm,7,echo_rtt,0.037,ok
e126068a0c17439b85493ac7d326bddd7f257126,iroh_dial,staleip,warm,7,echo_rtt,0.028,ok
e126068a0c17439b85493ac7d326bddd7f257126,iroh_dial,staleip,warm,7,echo_rtt,0.051,ok
e126068a0c17439b85493ac7d326bddd7f257126,iroh_dial,staleip,warm,8,address_lookup,0.081,ok
e126068a0c17439b85493ac7d326bddd7f257126,iroh_dial,staleip,warm,8,dial_handshake,0.298,ok
e126068a0c17439b85493ac7d326bddd7f257126,iroh_dial,staleip,warm,8,stream_open,0.180,ok
e126068a0c17439b85493ac7d326bddd7f257126,iroh_dial,staleip,warm,8,echo_rtt,0.046,ok
e126068a0c17439b85493ac7d326bddd7f257126,iroh_dial,staleip,warm,8,echo_rtt,0.024,ok
e126068a0c17439b85493ac7d326bddd7f257126,iroh_dial,staleip,warm,8,echo_rtt,0.050,ok
e126068a0c17439b85493ac7d326bddd7f257126,iroh_dial,staleip,warm,8,echo_rtt,0.026,ok
e126068a0c17439b85493ac7d326bddd7f257126,iroh_dial,staleip,warm,8,echo_rtt,0.033,ok
e126068a0c17439b85493ac7d326bddd7f257126,iroh_dial,staleip,warm,8,echo_rtt,0.026,ok
e126068a0c17439b85493ac7d326bddd7f257126,iroh_dial,staleip,warm,8,echo_rtt,0.032,ok
e126068a0c17439b85493ac7d326bddd7f257126,iroh_dial,staleip,warm,8,echo_rtt,0.025,ok
e126068a0c17439b85493ac7d326bddd7f257126,iroh_dial,staleip,warm,8,echo_rtt,0.042,ok
e126068a0c17439b85493ac7d326bddd7f257126,iroh_dial,staleip,warm,8,echo_rtt,0.025,ok
e126068a0c17439b85493ac7d326bddd7f257126,iroh_dial,staleip,warm,8,echo_rtt,0.035,ok
e126068a0c17439b85493ac7d326bddd7f257126,iroh_dial,staleip,warm,8,echo_rtt,0.029,ok
e126068a0c17439b85493ac7d326bddd7f257126,iroh_dial,staleip,warm,8,echo_rtt,0.032,ok
e126068a0c17439b85493ac7d326bddd7f257126,iroh_dial,staleip,warm,8,echo_rtt,0.026,ok
e126068a0c17439b85493ac7d326bddd7f257126,iroh_dial,staleip,warm,8,echo_rtt,0.037,ok
e126068a0c17439b85493ac7d326bddd7f257126,iroh_dial,staleip,warm,8,echo_rtt,0.027,ok
e126068a0c17439b85493ac7d326bddd7f257126,iroh_dial,staleip,warm,8,echo_rtt,0.037,ok
e126068a0c17439b85493ac7d326bddd7f257126,iroh_dial,staleip,warm,8,echo_rtt,0.034,ok
e126068a0c17439b85493ac7d326bddd7f257126,iroh_dial,staleip,warm,8,echo_rtt,0.032,ok
e126068a0c17439b85493ac7d326bddd7f257126,iroh_dial,staleip,warm,8,echo_rtt,0.033,ok
e126068a0c17439b85493ac7d326bddd7f257126,iroh_dial,staleip,warm,9,address_lookup,0.074,ok
e126068a0c17439b85493ac7d326bddd7f257126,iroh_dial,staleip,warm,9,dial_handshake,0.378,ok
e126068a0c17439b85493ac7d326bddd7f257126,iroh_dial,staleip,warm,9,stream_open,0.143,ok
e126068a0c17439b85493ac7d326bddd7f257126,iroh_dial,staleip,warm,9,echo_rtt,0.061,ok
e126068a0c17439b85493ac7d326bddd7f257126,iroh_dial,staleip,warm,9,echo_rtt,0.084,ok
e126068a0c17439b85493ac7d326bddd7f257126,iroh_dial,staleip,warm,9,echo_rtt,0.049,ok
e126068a0c17439b85493ac7d326bddd7f257126,iroh_dial,staleip,warm,9,echo_rtt,0.028,ok
e126068a0c17439b85493ac7d326bddd7f257126,iroh_dial,staleip,warm,9,echo_rtt,0.035,ok
e126068a0c17439b85493ac7d326bddd7f257126,iroh_dial,staleip,warm,9,echo_rtt,0.032,ok
e126068a0c17439b85493ac7d326bddd7f257126,iroh_dial,staleip,warm,9,echo_rtt,0.032,ok
e126068a0c17439b85493ac7d326bddd7f257126,iroh_dial,staleip,warm,9,echo_rtt,0.035,ok
e126068a0c17439b85493ac7d326bddd7f257126,iroh_dial,staleip,warm,9,echo_rtt,0.031,ok
e126068a0c17439b85493ac7d326bddd7f257126,iroh_dial,staleip,warm,9,echo_rtt,0.031,ok
e126068a0c17439b85493ac7d326bddd7f257126,iroh_dial,staleip,warm,9,echo_rtt,0.031,ok
e126068a0c17439b85493ac7d326bddd7f257126,iroh_dial,staleip,warm,9,echo_rtt,0.030,ok
e126068a0c17439b85493ac7d326bddd7f257126,iroh_dial,staleip,warm,9,echo_rtt,0.031,ok
e126068a0c17439b85493ac7d326bddd7f257126,iroh_dial,staleip,warm,9,echo_rtt,0.033,ok
e126068a0c17439b85493ac7d326bddd7f257126,iroh_dial,staleip,warm,9,echo_rtt,0.031,ok
e126068a0c17439b85493ac7d326bddd7f257126,iroh_dial,staleip,warm,9,echo_rtt,0.034,ok
e126068a0c17439b85493ac7d326bddd7f257126,iroh_dial,staleip,warm,9,echo_rtt,0.033,ok
e126068a0c17439b85493ac7d326bddd7f257126,iroh_dial,staleip,warm,9,echo_rtt,0.029,ok
e126068a0c17439b85493ac7d326bddd7f257126,iroh_dial,staleip,warm,9,echo_rtt,0.051,ok
e126068a0c17439b85493ac7d326bddd7f257126,iroh_dial,staleip,warm,9,echo_rtt,0.033,ok
e126068a0c17439b85493ac7d326bddd7f257126,iroh_dial,staleip,warm,10,address_lookup,0.086,ok
e126068a0c17439b85493ac7d326bddd7f257126,iroh_dial,staleip,warm,10,dial_handshake,0.374,ok
e126068a0c17439b85493ac7d326bddd7f257126,iroh_dial,staleip,warm,10,stream_open,0.141,ok
e126068a0c17439b85493ac7d326bddd7f257126,iroh_dial,staleip,warm,10,echo_rtt,0.067,ok
e126068a0c17439b85493ac7d326bddd7f257126,iroh_dial,staleip,warm,10,echo_rtt,0.034,ok
e126068a0c17439b85493ac7d326bddd7f257126,iroh_dial,staleip,warm,10,echo_rtt,0.035,ok
e126068a0c17439b85493ac7d326bddd7f257126,iroh_dial,staleip,warm,10,echo_rtt,0.031,ok
e126068a0c17439b85493ac7d326bddd7f257126,iroh_dial,staleip,warm,10,echo_rtt,0.031,ok
e126068a0c17439b85493ac7d326bddd7f257126,iroh_dial,staleip,warm,10,echo_rtt,0.028,ok
e126068a0c17439b85493ac7d326bddd7f257126,iroh_dial,staleip,warm,10,echo_rtt,0.031,ok
e126068a0c17439b85493ac7d326bddd7f257126,iroh_dial,staleip,warm,10,echo_rtt,0.028,ok
e126068a0c17439b85493ac7d326bddd7f257126,iroh_dial,staleip,warm,10,echo_rtt,0.036,ok
e126068a0c17439b85493ac7d326bddd7f257126,iroh_dial,staleip,warm,10,echo_rtt,0.028,ok
e126068a0c17439b85493ac7d326bddd7f257126,iroh_dial,staleip,warm,10,echo_rtt,0.032,ok
e126068a0c17439b85493ac7d326bddd7f257126,iroh_dial,staleip,warm,10,echo_rtt,0.028,ok
e126068a0c17439b85493ac7d326bddd7f257126,iroh_dial,staleip,warm,10,echo_rtt,0.031,ok
e126068a0c17439b85493ac7d326bddd7f257126,iroh_dial,staleip,warm,10,echo_rtt,0.030,ok
e126068a0c17439b85493ac7d326bddd7f257126,iroh_dial,staleip,warm,10,echo_rtt,0.031,ok
e126068a0c17439b85493ac7d326bddd7f257126,iroh_dial,staleip,warm,10,echo_rtt,0.030,ok
e126068a0c17439b85493ac7d326bddd7f257126,iroh_dial,staleip,warm,10,echo_rtt,0.031,ok
e126068a0c17439b85493ac7d326bddd7f257126,iroh_dial,staleip,warm,10,echo_rtt,0.030,ok
e126068a0c17439b85493ac7d326bddd7f257126,iroh_dial,staleip,warm,10,echo_rtt,0.031,ok
e126068a0c17439b85493ac7d326bddd7f257126,iroh_dial,staleip,warm,10,echo_rtt,0.027,ok
e126068a0c17439b85493ac7d326bddd7f257126,iroh_dial,stalerelay,cold,0,process_spawn,0.731,ok
e126068a0c17439b85493ac7d326bddd7f257126,iroh_dial,stalerelay,cold,0,runtime_start,0.337,ok
e126068a0c17439b85493ac7d326bddd7f257126,iroh_dial,stalerelay,cold,0,endpoint_bind,1.465,ok
e126068a0c17439b85493ac7d326bddd7f257126,iroh_dial,stalerelay,cold,0,address_lookup,0.124,ok
e126068a0c17439b85493ac7d326bddd7f257126,iroh_dial,stalerelay,cold,0,dial_handshake,1191.468,ok
e126068a0c17439b85493ac7d326bddd7f257126,iroh_dial,stalerelay,cold,0,stream_open,83.397,ok
e126068a0c17439b85493ac7d326bddd7f257126,iroh_dial,stalerelay,cold,0,echo_rtt,0.268,ok
e126068a0c17439b85493ac7d326bddd7f257126,iroh_dial,stalerelay,cold,0,echo_rtt,0.035,ok
e126068a0c17439b85493ac7d326bddd7f257126,iroh_dial,stalerelay,cold,0,echo_rtt,0.038,ok
e126068a0c17439b85493ac7d326bddd7f257126,iroh_dial,stalerelay,cold,0,echo_rtt,0.026,ok
e126068a0c17439b85493ac7d326bddd7f257126,iroh_dial,stalerelay,cold,0,echo_rtt,0.034,ok
e126068a0c17439b85493ac7d326bddd7f257126,iroh_dial,stalerelay,cold,0,echo_rtt,0.025,ok
e126068a0c17439b85493ac7d326bddd7f257126,iroh_dial,stalerelay,cold,0,echo_rtt,0.033,ok
e126068a0c17439b85493ac7d326bddd7f257126,iroh_dial,stalerelay,cold,0,echo_rtt,0.025,ok
e126068a0c17439b85493ac7d326bddd7f257126,iroh_dial,stalerelay,cold,0,echo_rtt,0.033,ok
e126068a0c17439b85493ac7d326bddd7f257126,iroh_dial,stalerelay,cold,0,echo_rtt,0.025,ok
e126068a0c17439b85493ac7d326bddd7f257126,iroh_dial,stalerelay,cold,0,echo_rtt,0.036,ok
e126068a0c17439b85493ac7d326bddd7f257126,iroh_dial,stalerelay,cold,0,echo_rtt,0.025,ok
e126068a0c17439b85493ac7d326bddd7f257126,iroh_dial,stalerelay,cold,0,echo_rtt,0.033,ok
e126068a0c17439b85493ac7d326bddd7f257126,iroh_dial,stalerelay,cold,0,echo_rtt,0.025,ok
e126068a0c17439b85493ac7d326bddd7f257126,iroh_dial,stalerelay,cold,0,echo_rtt,0.033,ok
e126068a0c17439b85493ac7d326bddd7f257126,iroh_dial,stalerelay,cold,0,echo_rtt,0.030,ok
e126068a0c17439b85493ac7d326bddd7f257126,iroh_dial,stalerelay,cold,0,echo_rtt,0.034,ok
e126068a0c17439b85493ac7d326bddd7f257126,iroh_dial,stalerelay,cold,0,echo_rtt,0.025,ok
e126068a0c17439b85493ac7d326bddd7f257126,iroh_dial,stalerelay,cold,0,echo_rtt,0.033,ok
e126068a0c17439b85493ac7d326bddd7f257126,iroh_dial,stalerelay,cold,0,echo_rtt,0.030,ok
e126068a0c17439b85493ac7d326bddd7f257126,iroh_dial,stalerelay,cold,0,process_spawn,0.694,ok
e126068a0c17439b85493ac7d326bddd7f257126,iroh_dial,stalerelay,cold,0,runtime_start,0.376,ok
e126068a0c17439b85493ac7d326bddd7f257126,iroh_dial,stalerelay,cold,0,endpoint_bind,1.579,ok
e126068a0c17439b85493ac7d326bddd7f257126,iroh_dial,stalerelay,cold,0,address_lookup,0.125,ok
e126068a0c17439b85493ac7d326bddd7f257126,iroh_dial,stalerelay,cold,0,dial_handshake,1200.788,ok
e126068a0c17439b85493ac7d326bddd7f257126,iroh_dial,stalerelay,cold,0,stream_open,99.847,ok
e126068a0c17439b85493ac7d326bddd7f257126,iroh_dial,stalerelay,cold,0,echo_rtt,0.080,ok
e126068a0c17439b85493ac7d326bddd7f257126,iroh_dial,stalerelay,cold,0,echo_rtt,0.044,ok
e126068a0c17439b85493ac7d326bddd7f257126,iroh_dial,stalerelay,cold,0,echo_rtt,0.032,ok
e126068a0c17439b85493ac7d326bddd7f257126,iroh_dial,stalerelay,cold,0,echo_rtt,0.032,ok
e126068a0c17439b85493ac7d326bddd7f257126,iroh_dial,stalerelay,cold,0,echo_rtt,0.034,ok
e126068a0c17439b85493ac7d326bddd7f257126,iroh_dial,stalerelay,cold,0,echo_rtt,0.026,ok
e126068a0c17439b85493ac7d326bddd7f257126,iroh_dial,stalerelay,cold,0,echo_rtt,0.034,ok
e126068a0c17439b85493ac7d326bddd7f257126,iroh_dial,stalerelay,cold,0,echo_rtt,0.025,ok
e126068a0c17439b85493ac7d326bddd7f257126,iroh_dial,stalerelay,cold,0,echo_rtt,0.033,ok
e126068a0c17439b85493ac7d326bddd7f257126,iroh_dial,stalerelay,cold,0,echo_rtt,0.024,ok
e126068a0c17439b85493ac7d326bddd7f257126,iroh_dial,stalerelay,cold,0,echo_rtt,0.033,ok
e126068a0c17439b85493ac7d326bddd7f257126,iroh_dial,stalerelay,cold,0,echo_rtt,0.034,ok
e126068a0c17439b85493ac7d326bddd7f257126,iroh_dial,stalerelay,cold,0,echo_rtt,0.043,ok
e126068a0c17439b85493ac7d326bddd7f257126,iroh_dial,stalerelay,cold,0,echo_rtt,0.027,ok
e126068a0c17439b85493ac7d326bddd7f257126,iroh_dial,stalerelay,cold,0,echo_rtt,0.035,ok
e126068a0c17439b85493ac7d326bddd7f257126,iroh_dial,stalerelay,cold,0,echo_rtt,0.026,ok
e126068a0c17439b85493ac7d326bddd7f257126,iroh_dial,stalerelay,cold,0,echo_rtt,0.034,ok
e126068a0c17439b85493ac7d326bddd7f257126,iroh_dial,stalerelay,cold,0,echo_rtt,0.025,ok
e126068a0c17439b85493ac7d326bddd7f257126,iroh_dial,stalerelay,cold,0,echo_rtt,0.033,ok
e126068a0c17439b85493ac7d326bddd7f257126,iroh_dial,stalerelay,cold,0,echo_rtt,0.025,ok
e126068a0c17439b85493ac7d326bddd7f257126,iroh_dial,stalerelay,cold,0,process_spawn,0.706,ok
e126068a0c17439b85493ac7d326bddd7f257126,iroh_dial,stalerelay,cold,0,runtime_start,0.392,ok
e126068a0c17439b85493ac7d326bddd7f257126,iroh_dial,stalerelay,cold,0,endpoint_bind,1.573,ok
e126068a0c17439b85493ac7d326bddd7f257126,iroh_dial,stalerelay,cold,0,address_lookup,0.086,ok
e126068a0c17439b85493ac7d326bddd7f257126,iroh_dial,stalerelay,cold,0,dial_handshake,1191.680,ok
e126068a0c17439b85493ac7d326bddd7f257126,iroh_dial,stalerelay,cold,0,stream_open,83.338,ok
e126068a0c17439b85493ac7d326bddd7f257126,iroh_dial,stalerelay,cold,0,echo_rtt,0.105,ok
e126068a0c17439b85493ac7d326bddd7f257126,iroh_dial,stalerelay,cold,0,echo_rtt,0.044,ok
e126068a0c17439b85493ac7d326bddd7f257126,iroh_dial,stalerelay,cold,0,echo_rtt,0.026,ok
e126068a0c17439b85493ac7d326bddd7f257126,iroh_dial,stalerelay,cold,0,echo_rtt,0.036,ok
e126068a0c17439b85493ac7d326bddd7f257126,iroh_dial,stalerelay,cold,0,echo_rtt,0.026,ok
e126068a0c17439b85493ac7d326bddd7f257126,iroh_dial,stalerelay,cold,0,echo_rtt,0.033,ok
e126068a0c17439b85493ac7d326bddd7f257126,iroh_dial,stalerelay,cold,0,echo_rtt,0.025,ok
e126068a0c17439b85493ac7d326bddd7f257126,iroh_dial,stalerelay,cold,0,echo_rtt,0.034,ok
e126068a0c17439b85493ac7d326bddd7f257126,iroh_dial,stalerelay,cold,0,echo_rtt,0.024,ok
e126068a0c17439b85493ac7d326bddd7f257126,iroh_dial,stalerelay,cold,0,echo_rtt,0.033,ok
e126068a0c17439b85493ac7d326bddd7f257126,iroh_dial,stalerelay,cold,0,echo_rtt,0.025,ok
e126068a0c17439b85493ac7d326bddd7f257126,iroh_dial,stalerelay,cold,0,echo_rtt,0.033,ok
e126068a0c17439b85493ac7d326bddd7f257126,iroh_dial,stalerelay,cold,0,echo_rtt,0.025,ok
e126068a0c17439b85493ac7d326bddd7f257126,iroh_dial,stalerelay,cold,0,echo_rtt,0.033,ok
e126068a0c17439b85493ac7d326bddd7f257126,iroh_dial,stalerelay,cold,0,echo_rtt,0.028,ok
e126068a0c17439b85493ac7d326bddd7f257126,iroh_dial,stalerelay,cold,0,echo_rtt,0.056,ok
e126068a0c17439b85493ac7d326bddd7f257126,iroh_dial,stalerelay,cold,0,echo_rtt,0.035,ok
e126068a0c17439b85493ac7d326bddd7f257126,iroh_dial,stalerelay,cold,0,echo_rtt,0.050,ok
e126068a0c17439b85493ac7d326bddd7f257126,iroh_dial,stalerelay,cold,0,echo_rtt,0.033,ok
e126068a0c17439b85493ac7d326bddd7f257126,iroh_dial,stalerelay,cold,0,echo_rtt,0.037,ok
e126068a0c17439b85493ac7d326bddd7f257126,iroh_dial,stalerelay,cold,0,process_spawn,0.720,ok
e126068a0c17439b85493ac7d326bddd7f257126,iroh_dial,stalerelay,cold,0,runtime_start,0.434,ok
e126068a0c17439b85493ac7d326bddd7f257126,iroh_dial,stalerelay,cold,0,endpoint_bind,1.472,ok
e126068a0c17439b85493ac7d326bddd7f257126,iroh_dial,stalerelay,cold,0,address_lookup,0.084,ok
e126068a0c17439b85493ac7d326bddd7f257126,iroh_dial,stalerelay,cold,0,dial_handshake,1192.583,ok
e126068a0c17439b85493ac7d326bddd7f257126,iroh_dial,stalerelay,cold,0,stream_open,83.702,ok
e126068a0c17439b85493ac7d326bddd7f257126,iroh_dial,stalerelay,cold,0,echo_rtt,0.132,ok
e126068a0c17439b85493ac7d326bddd7f257126,iroh_dial,stalerelay,cold,0,echo_rtt,0.173,ok
e126068a0c17439b85493ac7d326bddd7f257126,iroh_dial,stalerelay,cold,0,echo_rtt,0.031,ok
e126068a0c17439b85493ac7d326bddd7f257126,iroh_dial,stalerelay,cold,0,echo_rtt,0.038,ok
e126068a0c17439b85493ac7d326bddd7f257126,iroh_dial,stalerelay,cold,0,echo_rtt,0.027,ok
e126068a0c17439b85493ac7d326bddd7f257126,iroh_dial,stalerelay,cold,0,echo_rtt,0.035,ok
e126068a0c17439b85493ac7d326bddd7f257126,iroh_dial,stalerelay,cold,0,echo_rtt,0.026,ok
e126068a0c17439b85493ac7d326bddd7f257126,iroh_dial,stalerelay,cold,0,echo_rtt,0.034,ok
e126068a0c17439b85493ac7d326bddd7f257126,iroh_dial,stalerelay,cold,0,echo_rtt,0.030,ok
e126068a0c17439b85493ac7d326bddd7f257126,iroh_dial,stalerelay,cold,0,echo_rtt,0.035,ok
e126068a0c17439b85493ac7d326bddd7f257126,iroh_dial,stalerelay,cold,0,echo_rtt,0.026,ok
e126068a0c17439b85493ac7d326bddd7f257126,iroh_dial,stalerelay,cold,0,echo_rtt,0.035,ok
e126068a0c17439b85493ac7d326bddd7f257126,iroh_dial,stalerelay,cold,0,echo_rtt,0.026,ok
e126068a0c17439b85493ac7d326bddd7f257126,iroh_dial,stalerelay,cold,0,echo_rtt,0.034,ok
e126068a0c17439b85493ac7d326bddd7f257126,iroh_dial,stalerelay,cold,0,echo_rtt,0.025,ok
e126068a0c17439b85493ac7d326bddd7f257126,iroh_dial,stalerelay,cold,0,echo_rtt,0.034,ok
e126068a0c17439b85493ac7d326bddd7f257126,iroh_dial,stalerelay,cold,0,echo_rtt,0.025,ok
e126068a0c17439b85493ac7d326bddd7f257126,iroh_dial,stalerelay,cold,0,echo_rtt,0.037,ok
e126068a0c17439b85493ac7d326bddd7f257126,iroh_dial,stalerelay,cold,0,echo_rtt,0.025,ok
e126068a0c17439b85493ac7d326bddd7f257126,iroh_dial,stalerelay,cold,0,echo_rtt,0.034,ok
e126068a0c17439b85493ac7d326bddd7f257126,iroh_dial,stalerelay,cold,0,process_spawn,0.681,ok
e126068a0c17439b85493ac7d326bddd7f257126,iroh_dial,stalerelay,cold,0,runtime_start,0.437,ok
e126068a0c17439b85493ac7d326bddd7f257126,iroh_dial,stalerelay,cold,0,endpoint_bind,1.425,ok
e126068a0c17439b85493ac7d326bddd7f257126,iroh_dial,stalerelay,cold,0,address_lookup,0.083,ok
e126068a0c17439b85493ac7d326bddd7f257126,iroh_dial,stalerelay,cold,0,dial_handshake,1192.570,ok
e126068a0c17439b85493ac7d326bddd7f257126,iroh_dial,stalerelay,cold,0,stream_open,83.865,ok
e126068a0c17439b85493ac7d326bddd7f257126,iroh_dial,stalerelay,cold,0,echo_rtt,0.199,ok
e126068a0c17439b85493ac7d326bddd7f257126,iroh_dial,stalerelay,cold,0,echo_rtt,0.148,ok
e126068a0c17439b85493ac7d326bddd7f257126,iroh_dial,stalerelay,cold,0,echo_rtt,0.037,ok
e126068a0c17439b85493ac7d326bddd7f257126,iroh_dial,stalerelay,cold,0,echo_rtt,0.049,ok
e126068a0c17439b85493ac7d326bddd7f257126,iroh_dial,stalerelay,cold,0,echo_rtt,0.031,ok
e126068a0c17439b85493ac7d326bddd7f257126,iroh_dial,stalerelay,cold,0,echo_rtt,0.039,ok
e126068a0c17439b85493ac7d326bddd7f257126,iroh_dial,stalerelay,cold,0,echo_rtt,0.029,ok
e126068a0c17439b85493ac7d326bddd7f257126,iroh_dial,stalerelay,cold,0,echo_rtt,0.039,ok
e126068a0c17439b85493ac7d326bddd7f257126,iroh_dial,stalerelay,cold,0,echo_rtt,0.030,ok
e126068a0c17439b85493ac7d326bddd7f257126,iroh_dial,stalerelay,cold,0,echo_rtt,0.039,ok
e126068a0c17439b85493ac7d326bddd7f257126,iroh_dial,stalerelay,cold,0,echo_rtt,0.028,ok
e126068a0c17439b85493ac7d326bddd7f257126,iroh_dial,stalerelay,cold,0,echo_rtt,0.037,ok
e126068a0c17439b85493ac7d326bddd7f257126,iroh_dial,stalerelay,cold,0,echo_rtt,0.028,ok
e126068a0c17439b85493ac7d326bddd7f257126,iroh_dial,stalerelay,cold,0,echo_rtt,0.037,ok
e126068a0c17439b85493ac7d326bddd7f257126,iroh_dial,stalerelay,cold,0,echo_rtt,0.031,ok
e126068a0c17439b85493ac7d326bddd7f257126,iroh_dial,stalerelay,cold,0,echo_rtt,0.055,ok
e126068a0c17439b85493ac7d326bddd7f257126,iroh_dial,stalerelay,cold,0,echo_rtt,0.042,ok
e126068a0c17439b85493ac7d326bddd7f257126,iroh_dial,stalerelay,cold,0,echo_rtt,0.042,ok
e126068a0c17439b85493ac7d326bddd7f257126,iroh_dial,stalerelay,cold,0,echo_rtt,0.029,ok
e126068a0c17439b85493ac7d326bddd7f257126,iroh_dial,stalerelay,cold,0,echo_rtt,0.038,ok
e126068a0c17439b85493ac7d326bddd7f257126,iroh_dial,stalerelay,cold,0,process_spawn,0.682,ok
e126068a0c17439b85493ac7d326bddd7f257126,iroh_dial,stalerelay,cold,0,runtime_start,0.398,ok
e126068a0c17439b85493ac7d326bddd7f257126,iroh_dial,stalerelay,cold,0,endpoint_bind,1.414,ok
e126068a0c17439b85493ac7d326bddd7f257126,iroh_dial,stalerelay,cold,0,address_lookup,0.095,ok
e126068a0c17439b85493ac7d326bddd7f257126,iroh_dial,stalerelay,cold,0,dial_handshake,1190.669,ok
e126068a0c17439b85493ac7d326bddd7f257126,iroh_dial,stalerelay,cold,0,stream_open,83.318,ok
e126068a0c17439b85493ac7d326bddd7f257126,iroh_dial,stalerelay,cold,0,echo_rtt,0.104,ok
e126068a0c17439b85493ac7d326bddd7f257126,iroh_dial,stalerelay,cold,0,echo_rtt,0.052,ok
e126068a0c17439b85493ac7d326bddd7f257126,iroh_dial,stalerelay,cold,0,echo_rtt,0.039,ok
e126068a0c17439b85493ac7d326bddd7f257126,iroh_dial,stalerelay,cold,0,echo_rtt,0.036,ok
e126068a0c17439b85493ac7d326bddd7f257126,iroh_dial,stalerelay,cold,0,echo_rtt,0.032,ok
e126068a0c17439b85493ac7d326bddd7f257126,iroh_dial,stalerelay,cold,0,echo_rtt,0.029,ok
e126068a0c17439b85493ac7d326bddd7f257126,iroh_dial,stalerelay,cold,0,echo_rtt,0.029,ok
e126068a0c17439b85493ac7d326bddd7f257126,iroh_dial,stalerelay,cold,0,echo_rtt,0.029,ok
e126068a0c17439b85493ac7d326bddd7f257126,iroh_dial,stalerelay,cold,0,echo_rtt,0.037,ok
e126068a0c17439b85493ac7d326bddd7f257126,iroh_dial,stalerelay,cold,0,echo_rtt,0.031,ok
e126068a0c17439b85493ac7d326bddd7f257126,iroh_dial,stalerelay,cold,0,echo_rtt,0.030,ok
e126068a0c17439b85493ac7d326bddd7f257126,iroh_dial,stalerelay,cold,0,echo_rtt,0.029,ok
e126068a0c17439b85493ac7d326bddd7f257126,iroh_dial,stalerelay,cold,0,echo_rtt,0.030,ok
e126068a0c17439b85493ac7d326bddd7f257126,iroh_dial,stalerelay,cold,0,echo_rtt,0.029,ok
e126068a0c17439b85493ac7d326bddd7f257126,iroh_dial,stalerelay,cold,0,echo_rtt,0.029,ok
e126068a0c17439b85493ac7d326bddd7f257126,iroh_dial,stalerelay,cold,0,echo_rtt,0.029,ok
e126068a0c17439b85493ac7d326bddd7f257126,iroh_dial,stalerelay,cold,0,echo_rtt,0.029,ok
e126068a0c17439b85493ac7d326bddd7f257126,iroh_dial,stalerelay,cold,0,echo_rtt,0.029,ok
e126068a0c17439b85493ac7d326bddd7f257126,iroh_dial,stalerelay,cold,0,echo_rtt,0.031,ok
e126068a0c17439b85493ac7d326bddd7f257126,iroh_dial,stalerelay,cold,0,echo_rtt,0.029,ok
e126068a0c17439b85493ac7d326bddd7f257126,iroh_dial,stalerelay,cold,0,process_spawn,0.636,ok
e126068a0c17439b85493ac7d326bddd7f257126,iroh_dial,stalerelay,cold,0,runtime_start,0.364,ok
e126068a0c17439b85493ac7d326bddd7f257126,iroh_dial,stalerelay,cold,0,endpoint_bind,1.353,ok
e126068a0c17439b85493ac7d326bddd7f257126,iroh_dial,stalerelay,cold,0,address_lookup,0.104,ok
e126068a0c17439b85493ac7d326bddd7f257126,iroh_dial,stalerelay,cold,0,dial_handshake,1191.144,ok
e126068a0c17439b85493ac7d326bddd7f257126,iroh_dial,stalerelay,cold,0,stream_open,83.304,ok
e126068a0c17439b85493ac7d326bddd7f257126,iroh_dial,stalerelay,cold,0,echo_rtt,0.121,ok
e126068a0c17439b85493ac7d326bddd7f257126,iroh_dial,stalerelay,cold,0,echo_rtt,0.094,ok
e126068a0c17439b85493ac7d326bddd7f257126,iroh_dial,stalerelay,cold,0,echo_rtt,0.049,ok
e126068a0c17439b85493ac7d326bddd7f257126,iroh_dial,stalerelay,cold,0,echo_rtt,0.028,ok
e126068a0c17439b85493ac7d326bddd7f257126,iroh_dial,stalerelay,cold,0,echo_rtt,0.036,ok
e126068a0c17439b85493ac7d326bddd7f257126,iroh_dial,stalerelay,cold,0,echo_rtt,0.025,ok
e126068a0c17439b85493ac7d326bddd7f257126,iroh_dial,stalerelay,cold,0,echo_rtt,0.033,ok
e126068a0c17439b85493ac7d326bddd7f257126,iroh_dial,stalerelay,cold,0,echo_rtt,0.025,ok
e126068a0c17439b85493ac7d326bddd7f257126,iroh_dial,stalerelay,cold,0,echo_rtt,0.033,ok
e126068a0c17439b85493ac7d326bddd7f257126,iroh_dial,stalerelay,cold,0,echo_rtt,0.028,ok
e126068a0c17439b85493ac7d326bddd7f257126,iroh_dial,stalerelay,cold,0,echo_rtt,0.035,ok
e126068a0c17439b85493ac7d326bddd7f257126,iroh_dial,stalerelay,cold,0,echo_rtt,0.081,ok
e126068a0c17439b85493ac7d326bddd7f257126,iroh_dial,stalerelay,cold,0,echo_rtt,0.042,ok
e126068a0c17439b85493ac7d326bddd7f257126,iroh_dial,stalerelay,cold,0,echo_rtt,0.027,ok
e126068a0c17439b85493ac7d326bddd7f257126,iroh_dial,stalerelay,cold,0,echo_rtt,0.034,ok
e126068a0c17439b85493ac7d326bddd7f257126,iroh_dial,stalerelay,cold,0,echo_rtt,0.025,ok
e126068a0c17439b85493ac7d326bddd7f257126,iroh_dial,stalerelay,cold,0,echo_rtt,0.033,ok
e126068a0c17439b85493ac7d326bddd7f257126,iroh_dial,stalerelay,cold,0,echo_rtt,0.025,ok
e126068a0c17439b85493ac7d326bddd7f257126,iroh_dial,stalerelay,cold,0,echo_rtt,0.033,ok
e126068a0c17439b85493ac7d326bddd7f257126,iroh_dial,stalerelay,cold,0,echo_rtt,0.028,ok
e126068a0c17439b85493ac7d326bddd7f257126,iroh_dial,stalerelay,cold,0,process_spawn,0.673,ok
e126068a0c17439b85493ac7d326bddd7f257126,iroh_dial,stalerelay,cold,0,runtime_start,0.464,ok
e126068a0c17439b85493ac7d326bddd7f257126,iroh_dial,stalerelay,cold,0,endpoint_bind,1.478,ok
e126068a0c17439b85493ac7d326bddd7f257126,iroh_dial,stalerelay,cold,0,address_lookup,0.098,ok
e126068a0c17439b85493ac7d326bddd7f257126,iroh_dial,stalerelay,cold,0,dial_handshake,1193.623,ok
e126068a0c17439b85493ac7d326bddd7f257126,iroh_dial,stalerelay,cold,0,stream_open,83.685,ok
e126068a0c17439b85493ac7d326bddd7f257126,iroh_dial,stalerelay,cold,0,echo_rtt,0.115,ok
e126068a0c17439b85493ac7d326bddd7f257126,iroh_dial,stalerelay,cold,0,echo_rtt,0.103,ok
e126068a0c17439b85493ac7d326bddd7f257126,iroh_dial,stalerelay,cold,0,echo_rtt,0.040,ok
e126068a0c17439b85493ac7d326bddd7f257126,iroh_dial,stalerelay,cold,0,echo_rtt,0.039,ok
e126068a0c17439b85493ac7d326bddd7f257126,iroh_dial,stalerelay,cold,0,echo_rtt,0.035,ok
e126068a0c17439b85493ac7d326bddd7f257126,iroh_dial,stalerelay,cold,0,echo_rtt,0.042,ok
e126068a0c17439b85493ac7d326bddd7f257126,iroh_dial,stalerelay,cold,0,echo_rtt,0.035,ok
e126068a0c17439b85493ac7d326bddd7f257126,iroh_dial,stalerelay,cold,0,echo_rtt,0.037,ok
e126068a0c17439b85493ac7d326bddd7f257126,iroh_dial,stalerelay,cold,0,echo_rtt,0.034,ok
e126068a0c17439b85493ac7d326bddd7f257126,iroh_dial,stalerelay,cold,0,echo_rtt,0.038,ok
e126068a0c17439b85493ac7d326bddd7f257126,iroh_dial,stalerelay,cold,0,echo_rtt,0.030,ok
e126068a0c17439b85493ac7d326bddd7f257126,iroh_dial,stalerelay,cold,0,echo_rtt,0.029,ok
e126068a0c17439b85493ac7d326bddd7f257126,iroh_dial,stalerelay,cold,0,echo_rtt,0.029,ok
e126068a0c17439b85493ac7d326bddd7f257126,iroh_dial,stalerelay,cold,0,echo_rtt,0.048,ok
e126068a0c17439b85493ac7d326bddd7f257126,iroh_dial,stalerelay,cold,0,echo_rtt,0.035,ok
e126068a0c17439b85493ac7d326bddd7f257126,iroh_dial,stalerelay,cold,0,echo_rtt,0.033,ok
e126068a0c17439b85493ac7d326bddd7f257126,iroh_dial,stalerelay,cold,0,echo_rtt,0.030,ok
e126068a0c17439b85493ac7d326bddd7f257126,iroh_dial,stalerelay,cold,0,echo_rtt,0.053,ok
e126068a0c17439b85493ac7d326bddd7f257126,iroh_dial,stalerelay,cold,0,echo_rtt,0.031,ok
e126068a0c17439b85493ac7d326bddd7f257126,iroh_dial,stalerelay,cold,0,echo_rtt,0.031,ok
e126068a0c17439b85493ac7d326bddd7f257126,iroh_dial,stalerelay,cold,0,process_spawn,0.609,ok
e126068a0c17439b85493ac7d326bddd7f257126,iroh_dial,stalerelay,cold,0,runtime_start,0.326,ok
e126068a0c17439b85493ac7d326bddd7f257126,iroh_dial,stalerelay,cold,0,endpoint_bind,1.446,ok
e126068a0c17439b85493ac7d326bddd7f257126,iroh_dial,stalerelay,cold,0,address_lookup,0.090,ok
e126068a0c17439b85493ac7d326bddd7f257126,iroh_dial,stalerelay,cold,0,dial_handshake,1193.140,ok
e126068a0c17439b85493ac7d326bddd7f257126,iroh_dial,stalerelay,cold,0,stream_open,83.944,ok
e126068a0c17439b85493ac7d326bddd7f257126,iroh_dial,stalerelay,cold,0,echo_rtt,0.060,ok
e126068a0c17439b85493ac7d326bddd7f257126,iroh_dial,stalerelay,cold,0,echo_rtt,0.045,ok
e126068a0c17439b85493ac7d326bddd7f257126,iroh_dial,stalerelay,cold,0,echo_rtt,0.036,ok
e126068a0c17439b85493ac7d326bddd7f257126,iroh_dial,stalerelay,cold,0,echo_rtt,0.026,ok
e126068a0c17439b85493ac7d326bddd7f257126,iroh_dial,stalerelay,cold,0,echo_rtt,0.035,ok
e126068a0c17439b85493ac7d326bddd7f257126,iroh_dial,stalerelay,cold,0,echo_rtt,0.029,ok
e126068a0c17439b85493ac7d326bddd7f257126,iroh_dial,stalerelay,cold,0,echo_rtt,0.037,ok
e126068a0c17439b85493ac7d326bddd7f257126,iroh_dial,stalerelay,cold,0,echo_rtt,0.026,ok
e126068a0c17439b85493ac7d326bddd7f257126,iroh_dial,stalerelay,cold,0,echo_rtt,0.034,ok
e126068a0c17439b85493ac7d326bddd7f257126,iroh_dial,stalerelay,cold,0,echo_rtt,0.025,ok
e126068a0c17439b85493ac7d326bddd7f257126,iroh_dial,stalerelay,cold,0,echo_rtt,0.033,ok
e126068a0c17439b85493ac7d326bddd7f257126,iroh_dial,stalerelay,cold,0,echo_rtt,0.029,ok
e126068a0c17439b85493ac7d326bddd7f257126,iroh_dial,stalerelay,cold,0,echo_rtt,0.029,ok
e126068a0c17439b85493ac7d326bddd7f257126,iroh_dial,stalerelay,cold,0,echo_rtt,0.029,ok
e126068a0c17439b85493ac7d326bddd7f257126,iroh_dial,stalerelay,cold,0,echo_rtt,0.029,ok
e126068a0c17439b85493ac7d326bddd7f257126,iroh_dial,stalerelay,cold,0,echo_rtt,0.028,ok
e126068a0c17439b85493ac7d326bddd7f257126,iroh_dial,stalerelay,cold,0,echo_rtt,0.029,ok
e126068a0c17439b85493ac7d326bddd7f257126,iroh_dial,stalerelay,cold,0,echo_rtt,0.030,ok
e126068a0c17439b85493ac7d326bddd7f257126,iroh_dial,stalerelay,cold,0,echo_rtt,0.029,ok
e126068a0c17439b85493ac7d326bddd7f257126,iroh_dial,stalerelay,cold,0,echo_rtt,0.034,ok
e126068a0c17439b85493ac7d326bddd7f257126,iroh_dial,stalerelay,cold,0,process_spawn,0.696,ok
e126068a0c17439b85493ac7d326bddd7f257126,iroh_dial,stalerelay,cold,0,runtime_start,0.370,ok
e126068a0c17439b85493ac7d326bddd7f257126,iroh_dial,stalerelay,cold,0,endpoint_bind,1.573,ok
e126068a0c17439b85493ac7d326bddd7f257126,iroh_dial,stalerelay,cold,0,address_lookup,0.095,ok
e126068a0c17439b85493ac7d326bddd7f257126,iroh_dial,stalerelay,cold,0,dial_handshake,1191.356,ok
e126068a0c17439b85493ac7d326bddd7f257126,iroh_dial,stalerelay,cold,0,stream_open,83.370,ok
e126068a0c17439b85493ac7d326bddd7f257126,iroh_dial,stalerelay,cold,0,echo_rtt,0.171,ok
e126068a0c17439b85493ac7d326bddd7f257126,iroh_dial,stalerelay,cold,0,echo_rtt,0.138,ok
e126068a0c17439b85493ac7d326bddd7f257126,iroh_dial,stalerelay,cold,0,echo_rtt,0.034,ok
e126068a0c17439b85493ac7d326bddd7f257126,iroh_dial,stalerelay,cold,0,echo_rtt,0.038,ok
e126068a0c17439b85493ac7d326bddd7f257126,iroh_dial,stalerelay,cold,0,echo_rtt,0.036,ok
e126068a0c17439b85493ac7d326bddd7f257126,iroh_dial,stalerelay,cold,0,echo_rtt,0.030,ok
e126068a0c17439b85493ac7d326bddd7f257126,iroh_dial,stalerelay,cold,0,echo_rtt,0.043,ok
e126068a0c17439b85493ac7d326bddd7f257126,iroh_dial,stalerelay,cold,0,echo_rtt,0.032,ok
e126068a0c17439b85493ac7d326bddd7f257126,iroh_dial,stalerelay,cold,0,echo_rtt,0.033,ok
e126068a0c17439b85493ac7d326bddd7f257126,iroh_dial,stalerelay,cold,0,echo_rtt,0.037,ok
e126068a0c17439b85493ac7d326bddd7f257126,iroh_dial,stalerelay,cold,0,echo_rtt,0.037,ok
e126068a0c17439b85493ac7d326bddd7f257126,iroh_dial,stalerelay,cold,0,echo_rtt,0.029,ok
e126068a0c17439b85493ac7d326bddd7f257126,iroh_dial,stalerelay,cold,0,echo_rtt,0.031,ok
e126068a0c17439b85493ac7d326bddd7f257126,iroh_dial,stalerelay,cold,0,echo_rtt,0.029,ok
e126068a0c17439b85493ac7d326bddd7f257126,iroh_dial,stalerelay,cold,0,echo_rtt,0.030,ok
e126068a0c17439b85493ac7d326bddd7f257126,iroh_dial,stalerelay,cold,0,echo_rtt,0.046,ok
e126068a0c17439b85493ac7d326bddd7f257126,iroh_dial,stalerelay,cold,0,echo_rtt,0.031,ok
e126068a0c17439b85493ac7d326bddd7f257126,iroh_dial,stalerelay,cold,0,echo_rtt,0.029,ok
e126068a0c17439b85493ac7d326bddd7f257126,iroh_dial,stalerelay,cold,0,echo_rtt,0.030,ok
e126068a0c17439b85493ac7d326bddd7f257126,iroh_dial,stalerelay,cold,0,echo_rtt,0.028,ok
e126068a0c17439b85493ac7d326bddd7f257126,iroh_dial,stalerelay,cold,0,process_spawn,0.729,ok
e126068a0c17439b85493ac7d326bddd7f257126,iroh_dial,stalerelay,cold,0,runtime_start,0.346,ok
e126068a0c17439b85493ac7d326bddd7f257126,iroh_dial,stalerelay,cold,0,endpoint_bind,1.379,ok
e126068a0c17439b85493ac7d326bddd7f257126,iroh_dial,stalerelay,cold,0,address_lookup,0.104,ok
e126068a0c17439b85493ac7d326bddd7f257126,iroh_dial,stalerelay,cold,0,dial_handshake,1200.982,ok
e126068a0c17439b85493ac7d326bddd7f257126,iroh_dial,stalerelay,cold,0,stream_open,85.996,ok
e126068a0c17439b85493ac7d326bddd7f257126,iroh_dial,stalerelay,cold,0,echo_rtt,0.124,ok
e126068a0c17439b85493ac7d326bddd7f257126,iroh_dial,stalerelay,cold,0,echo_rtt,0.173,ok
e126068a0c17439b85493ac7d326bddd7f257126,iroh_dial,stalerelay,cold,0,echo_rtt,0.041,ok
e126068a0c17439b85493ac7d326bddd7f257126,iroh_dial,stalerelay,cold,0,echo_rtt,0.063,ok
e126068a0c17439b85493ac7d326bddd7f257126,iroh_dial,stalerelay,cold,0,echo_rtt,0.040,ok
e126068a0c17439b85493ac7d326bddd7f257126,iroh_dial,stalerelay,cold,0,echo_rtt,0.039,ok
e126068a0c17439b85493ac7d326bddd7f257126,iroh_dial,stalerelay,cold,0,echo_rtt,0.037,ok
e126068a0c17439b85493ac7d326bddd7f257126,iroh_dial,stalerelay,cold,0,echo_rtt,0.033,ok
e126068a0c17439b85493ac7d326bddd7f257126,iroh_dial,stalerelay,cold,0,echo_rtt,0.045,ok
e126068a0c17439b85493ac7d326bddd7f257126,iroh_dial,stalerelay,cold,0,echo_rtt,0.039,ok
e126068a0c17439b85493ac7d326bddd7f257126,iroh_dial,stalerelay,cold,0,echo_rtt,0.036,ok
e126068a0c17439b85493ac7d326bddd7f257126,iroh_dial,stalerelay,cold,0,echo_rtt,0.034,ok
e126068a0c17439b85493ac7d326bddd7f257126,iroh_dial,stalerelay,cold,0,echo_rtt,0.035,ok
e126068a0c17439b85493ac7d326bddd7f257126,iroh_dial,stalerelay,cold,0,echo_rtt,0.035,ok
e126068a0c17439b85493ac7d326bddd7f257126,iroh_dial,stalerelay,cold,0,echo_rtt,0.035,ok
e126068a0c17439b85493ac7d326bddd7f257126,iroh_dial,stalerelay,cold,0,echo_rtt,0.034,ok
e126068a0c17439b85493ac7d326bddd7f257126,iroh_dial,stalerelay,cold,0,echo_rtt,0.035,ok
e126068a0c17439b85493ac7d326bddd7f257126,iroh_dial,stalerelay,cold,0,echo_rtt,0.036,ok
e126068a0c17439b85493ac7d326bddd7f257126,iroh_dial,stalerelay,cold,0,echo_rtt,0.035,ok
e126068a0c17439b85493ac7d326bddd7f257126,iroh_dial,stalerelay,cold,0,echo_rtt,0.033,ok
e126068a0c17439b85493ac7d326bddd7f257126,iroh_dial,stalerelay,warm,1,address_lookup,0.098,ok
e126068a0c17439b85493ac7d326bddd7f257126,iroh_dial,stalerelay,warm,1,dial_handshake,0.380,ok
e126068a0c17439b85493ac7d326bddd7f257126,iroh_dial,stalerelay,warm,1,stream_open,0.225,ok
e126068a0c17439b85493ac7d326bddd7f257126,iroh_dial,stalerelay,warm,1,echo_rtt,0.029,ok
e126068a0c17439b85493ac7d326bddd7f257126,iroh_dial,stalerelay,warm,1,echo_rtt,0.038,ok
e126068a0c17439b85493ac7d326bddd7f257126,iroh_dial,stalerelay,warm,1,echo_rtt,0.027,ok
e126068a0c17439b85493ac7d326bddd7f257126,iroh_dial,stalerelay,warm,1,echo_rtt,0.034,ok
e126068a0c17439b85493ac7d326bddd7f257126,iroh_dial,stalerelay,warm,1,echo_rtt,0.026,ok
e126068a0c17439b85493ac7d326bddd7f257126,iroh_dial,stalerelay,warm,1,echo_rtt,0.035,ok
e126068a0c17439b85493ac7d326bddd7f257126,iroh_dial,stalerelay,warm,1,echo_rtt,0.027,ok
e126068a0c17439b85493ac7d326bddd7f257126,iroh_dial,stalerelay,warm,1,echo_rtt,0.034,ok
e126068a0c17439b85493ac7d326bddd7f257126,iroh_dial,stalerelay,warm,1,echo_rtt,0.026,ok
e126068a0c17439b85493ac7d326bddd7f257126,iroh_dial,stalerelay,warm,1,echo_rtt,0.033,ok
e126068a0c17439b85493ac7d326bddd7f257126,iroh_dial,stalerelay,warm,1,echo_rtt,0.050,ok
e126068a0c17439b85493ac7d326bddd7f257126,iroh_dial,stalerelay,warm,1,echo_rtt,0.067,ok
e126068a0c17439b85493ac7d326bddd7f257126,iroh_dial,stalerelay,warm,1,echo_rtt,0.031,ok
e126068a0c17439b85493ac7d326bddd7f257126,iroh_dial,stalerelay,warm,1,echo_rtt,0.040,ok
e126068a0c17439b85493ac7d326bddd7f257126,iroh_dial,stalerelay,warm,1,echo_rtt,0.029,ok
e126068a0c17439b85493ac7d326bddd7f257126,iroh_dial,stalerelay,warm,1,echo_rtt,0.039,ok
e126068a0c17439b85493ac7d326bddd7f257126,iroh_dial,stalerelay,warm,1,echo_rtt,0.028,ok
e126068a0c17439b85493ac7d326bddd7f257126,iroh_dial,stalerelay,warm,1,echo_rtt,0.037,ok
e126068a0c17439b85493ac7d326bddd7f257126,iroh_dial,stalerelay,warm,1,echo_rtt,0.028,ok
e126068a0c17439b85493ac7d326bddd7f257126,iroh_dial,stalerelay,warm,1,echo_rtt,0.037,ok
e126068a0c17439b85493ac7d326bddd7f257126,iroh_dial,stalerelay,warm,2,address_lookup,0.080,ok
e126068a0c17439b85493ac7d326bddd7f257126,iroh_dial,stalerelay,warm,2,dial_handshake,0.361,ok
e126068a0c17439b85493ac7d326bddd7f257126,iroh_dial,stalerelay,warm,2,stream_open,0.159,ok
e126068a0c17439b85493ac7d326bddd7f257126,iroh_dial,stalerelay,warm,2,echo_rtt,0.074,ok
e126068a0c17439b85493ac7d326bddd7f257126,iroh_dial,stalerelay,warm,2,echo_rtt,0.043,ok
e126068a0c17439b85493ac7d326bddd7f257126,iroh_dial,stalerelay,warm,2,echo_rtt,0.033,ok
e126068a0c17439b85493ac7d326bddd7f257126,iroh_dial,stalerelay,warm,2,echo_rtt,0.033,ok
e126068a0c17439b85493ac7d326bddd7f257126,iroh_dial,stalerelay,warm,2,echo_rtt,0.031,ok
e126068a0c17439b85493ac7d326bddd7f257126,iroh_dial,stalerelay,warm,2,echo_rtt,0.032,ok
e126068a0c17439b85493ac7d326bddd7f257126,iroh_dial,stalerelay,warm,2,echo_rtt,0.031,ok
e126068a0c17439b85493ac7d326bddd7f257126,iroh_dial,stalerelay,warm,2,echo_rtt,0.032,ok
e126068a0c17439b85493ac7d326bddd7f257126,iroh_dial,stalerelay,warm,2,echo_rtt,0.039,ok
e126068a0c17439b85493ac7d326bddd7f257126,iroh_dial,stalerelay,warm,2,echo_rtt,0.031,ok
e126068a0c17439b85493ac7d326bddd7f257126,iroh_dial,stalerelay,warm,2,echo_rtt,0.031,ok
e126068a0c17439b85493ac7d326bddd7f257126,iroh_dial,stalerelay,warm,2,echo_rtt,0.031,ok
e126068a0c17439b85493ac7d326bddd7f257126,iroh_dial,stalerelay,warm,2,echo_rtt,0.031,ok
e126068a0c17439b85493ac7d326bddd7f257126,iroh_dial,stalerelay,warm,2,echo_rtt,0.031,ok
e126068a0c17439b85493ac7d326bddd7f257126,iroh_dial,stalerelay,warm,2,echo_rtt,0.033,ok
e126068a0c17439b85493ac7d326bddd7f257126,iroh_dial,stalerelay,warm,2,echo_rtt,0.032,ok
e126068a0c17439b85493ac7d326bddd7f257126,iroh_dial,stalerelay,warm,2,echo_rtt,0.031,ok
e126068a0c17439b85493ac7d326bddd7f257126,iroh_dial,stalerelay,warm,2,echo_rtt,0.031,ok
e126068a0c17439b85493ac7d326bddd7f257126,iroh_dial,stalerelay,warm,2,echo_rtt,0.031,ok
e126068a0c17439b85493ac7d326bddd7f257126,iroh_dial,stalerelay,warm,2,echo_rtt,0.031,ok
e126068a0c17439b85493ac7d326bddd7f257126,iroh_dial,stalerelay,warm,3,address_lookup,0.083,ok
e126068a0c17439b85493ac7d326bddd7f257126,iroh_dial,stalerelay,warm,3,dial_handshake,0.325,ok
e126068a0c17439b85493ac7d326bddd7f257126,iroh_dial,stalerelay,warm,3,stream_open,0.157,ok
e126068a0c17439b85493ac7d326bddd7f257126,iroh_dial,stalerelay,warm,3,echo_rtt,0.082,ok
e126068a0c17439b85493ac7d326bddd7f257126,iroh_dial,stalerelay,warm,3,echo_rtt,0.039,ok
e126068a0c17439b85493ac7d326bddd7f257126,iroh_dial,stalerelay,warm,3,echo_rtt,0.027,ok
e126068a0c17439b85493ac7d326bddd7f257126,iroh_dial,stalerelay,warm,3,echo_rtt,0.040,ok
e126068a0c17439b85493ac7d326bddd7f257126,iroh_dial,stalerelay,warm,3,echo_rtt,0.025,ok
e126068a0c17439b85493ac7d326bddd7f257126,iroh_dial,stalerelay,warm,3,echo_rtt,0.036,ok
e126068a0c17439b85493ac7d326bddd7f257126,iroh_dial,stalerelay,warm,3,echo_rtt,0.026,ok
e126068a0c17439b85493ac7d326bddd7f257126,iroh_dial,stalerelay,warm,3,echo_rtt,0.033,ok
e126068a0c17439b85493ac7d326bddd7f257126,iroh_dial,stalerelay,warm,3,echo_rtt,0.032,ok
e126068a0c17439b85493ac7d326bddd7f257126,iroh_dial,stalerelay,warm,3,echo_rtt,0.033,ok
e126068a0c17439b85493ac7d326bddd7f257126,iroh_dial,stalerelay,warm,3,echo_rtt,0.027,ok
e126068a0c17439b85493ac7d326bddd7f257126,iroh_dial,stalerelay,warm,3,echo_rtt,0.030,ok
e126068a0c17439b85493ac7d326bddd7f257126,iroh_dial,stalerelay,warm,3,echo_rtt,0.029,ok
e126068a0c17439b85493ac7d326bddd7f257126,iroh_dial,stalerelay,warm,3,echo_rtt,0.029,ok
e126068a0c17439b85493ac7d326bddd7f257126,iroh_dial,stalerelay,warm,3,echo_rtt,0.032,ok
e126068a0c17439b85493ac7d326bddd7f257126,iroh_dial,stalerelay,warm,3,echo_rtt,0.035,ok
e126068a0c17439b85493ac7d326bddd7f257126,iroh_dial,stalerelay,warm,3,echo_rtt,0.028,ok
e126068a0c17439b85493ac7d326bddd7f257126,iroh_dial,stalerelay,warm,3,echo_rtt,0.030,ok
e126068a0c17439b85493ac7d326bddd7f257126,iroh_dial,stalerelay,warm,3,echo_rtt,0.029,ok
e126068a0c17439b85493ac7d326bddd7f257126,iroh_dial,stalerelay,warm,3,echo_rtt,0.029,ok
e126068a0c17439b85493ac7d326bddd7f257126,iroh_dial,stalerelay,warm,4,address_lookup,0.083,ok
e126068a0c17439b85493ac7d326bddd7f257126,iroh_dial,stalerelay,warm,4,dial_handshake,0.352,ok
e126068a0c17439b85493ac7d326bddd7f257126,iroh_dial,stalerelay,warm,4,stream_open,0.180,ok
e126068a0c17439b85493ac7d326bddd7f257126,iroh_dial,stalerelay,warm,4,echo_rtt,0.105,ok
e126068a0c17439b85493ac7d326bddd7f257126,iroh_dial,stalerelay,warm,4,echo_rtt,0.050,ok
e126068a0c17439b85493ac7d326bddd7f257126,iroh_dial,stalerelay,warm,4,echo_rtt,0.036,ok
e126068a0c17439b85493ac7d326bddd7f257126,iroh_dial,stalerelay,warm,4,echo_rtt,0.035,ok
e126068a0c17439b85493ac7d326bddd7f257126,iroh_dial,stalerelay,warm,4,echo_rtt,0.033,ok
e126068a0c17439b85493ac7d326bddd7f257126,iroh_dial,stalerelay,warm,4,echo_rtt,0.033,ok
e126068a0c17439b85493ac7d326bddd7f257126,iroh_dial,stalerelay,warm,4,echo_rtt,0.032,ok
e126068a0c17439b85493ac7d326bddd7f257126,iroh_dial,stalerelay,warm,4,echo_rtt,0.033,ok
e126068a0c17439b85493ac7d326bddd7f257126,iroh_dial,stalerelay,warm,4,echo_rtt,0.039,ok
e126068a0c17439b85493ac7d326bddd7f257126,iroh_dial,stalerelay,warm,4,echo_rtt,0.046,ok
e126068a0c17439b85493ac7d326bddd7f257126,iroh_dial,stalerelay,warm,4,echo_rtt,0.034,ok
e126068a0c17439b85493ac7d326bddd7f257126,iroh_dial,stalerelay,warm,4,echo_rtt,0.033,ok
e126068a0c17439b85493ac7d326bddd7f257126,iroh_dial,stalerelay,warm,4,echo_rtt,0.029,ok
e126068a0c17439b85493ac7d326bddd7f257126,iroh_dial,stalerelay,warm,4,echo_rtt,0.029,ok
e126068a0c17439b85493ac7d326bddd7f257126,iroh_dial,stalerelay,warm,4,echo_rtt,0.030,ok
e126068a0c17439b85493ac7d326bddd7f257126,iroh_dial,stalerelay,warm,4,echo_rtt,0.029,ok
e126068a0c17439b85493ac7d326bddd7f257126,iroh_dial,stalerelay,warm,4,echo_rtt,0.033,ok
e126068a0c17439b85493ac7d326bddd7f257126,iroh_dial,stalerelay,warm,4,echo_rtt,0.026,ok
e126068a0c17439b85493ac7d326bddd7f257126,iroh_dial,stalerelay,warm,4,echo_rtt,0.036,ok
e126068a0c17439b85493ac7d326bddd7f257126,iroh_dial,stalerelay,warm,4,echo_rtt,0.026,ok
e126068a0c17439b85493ac7d326bddd7f257126,iroh_dial,stalerelay,warm,5,address_lookup,0.081,ok
e126068a0c17439b85493ac7d326bddd7f257126,iroh_dial,stalerelay,warm,5,dial_handshake,0.356,ok
e126068a0c17439b85493ac7d326bddd7f257126,iroh_dial,stalerelay,warm,5,stream_open,0.212,ok
e126068a0c17439b85493ac7d326bddd7f257126,iroh_dial,stalerelay,warm,5,echo_rtt,0.062,ok
e126068a0c17439b85493ac7d326bddd7f257126,iroh_dial,stalerelay,warm,5,echo_rtt,0.035,ok
e126068a0c17439b85493ac7d326bddd7f257126,iroh_dial,stalerelay,warm,5,echo_rtt,0.051,ok
e126068a0c17439b85493ac7d326bddd7f257126,iroh_dial,stalerelay,warm,5,echo_rtt,0.069,ok
e126068a0c17439b85493ac7d326bddd7f257126,iroh_dial,stalerelay,warm,5,echo_rtt,0.035,ok
e126068a0c17439b85493ac7d326bddd7f257126,iroh_dial,stalerelay,warm,5,echo_rtt,0.031,ok
e126068a0c17439b85493ac7d326bddd7f257126,iroh_dial,stalerelay,warm,5,echo_rtt,0.032,ok
e126068a0c17439b85493ac7d326bddd7f257126,iroh_dial,stalerelay,warm,5,echo_rtt,0.035,ok
e126068a0c17439b85493ac7d326bddd7f257126,iroh_dial,stalerelay,warm,5,echo_rtt,0.031,ok
e126068a0c17439b85493ac7d326bddd7f257126,iroh_dial,stalerelay,warm,5,echo_rtt,0.030,ok
e126068a0c17439b85493ac7d326bddd7f257126,iroh_dial,stalerelay,warm,5,echo_rtt,0.031,ok
e126068a0c17439b85493ac7d326bddd7f257126,iroh_dial,stalerelay,warm,5,echo_rtt,0.028,ok
e126068a0c17439b85493ac7d326bddd7f257126,iroh_dial,stalerelay,warm,5,echo_rtt,0.037,ok
e126068a0c17439b85493ac7d326bddd7f257126,iroh_dial,stalerelay,warm,5,echo_rtt,0.031,ok
e126068a0c17439b85493ac7d326bddd7f257126,iroh_dial,stalerelay,warm,5,echo_rtt,0.032,ok
e126068a0c17439b85493ac7d326bddd7f257126,iroh_dial,stalerelay,warm,5,echo_rtt,0.031,ok
e126068a0c17439b85493ac7d326bddd7f257126,iroh_dial,stalerelay,warm,5,echo_rtt,0.081,ok
e126068a0c17439b85493ac7d326bddd7f257126,iroh_dial,stalerelay,warm,5,echo_rtt,0.028,ok
e126068a0c17439b85493ac7d326bddd7f257126,iroh_dial,stalerelay,warm,5,echo_rtt,0.031,ok
e126068a0c17439b85493ac7d326bddd7f257126,iroh_dial,stalerelay,warm,5,echo_rtt,0.028,ok
e126068a0c17439b85493ac7d326bddd7f257126,iroh_dial,stalerelay,warm,6,address_lookup,0.080,ok
e126068a0c17439b85493ac7d326bddd7f257126,iroh_dial,stalerelay,warm,6,dial_handshake,0.324,ok
e126068a0c17439b85493ac7d326bddd7f257126,iroh_dial,stalerelay,warm,6,stream_open,0.141,ok
e126068a0c17439b85493ac7d326bddd7f257126,iroh_dial,stalerelay,warm,6,echo_rtt,0.070,ok
e126068a0c17439b85493ac7d326bddd7f257126,iroh_dial,stalerelay,warm,6,echo_rtt,0.030,ok
e126068a0c17439b85493ac7d326bddd7f257126,iroh_dial,stalerelay,warm,6,echo_rtt,0.032,ok
e126068a0c17439b85493ac7d326bddd7f257126,iroh_dial,stalerelay,warm,6,echo_rtt,0.036,ok
e126068a0c17439b85493ac7d326bddd7f257126,iroh_dial,stalerelay,warm,6,echo_rtt,0.032,ok
e126068a0c17439b85493ac7d326bddd7f257126,iroh_dial,stalerelay,warm,6,echo_rtt,0.031,ok
e126068a0c17439b85493ac7d326bddd7f257126,iroh_dial,stalerelay,warm,6,echo_rtt,0.037,ok
e126068a0c17439b85493ac7d326bddd7f257126,iroh_dial,stalerelay,warm,6,echo_rtt,0.029,ok
e126068a0c17439b85493ac7d326bddd7f257126,iroh_dial,stalerelay,warm,6,echo_rtt,0.036,ok
e126068a0c17439b85493ac7d326bddd7f257126,iroh_dial,stalerelay,warm,6,echo_rtt,0.027,ok
e126068a0c17439b85493ac7d326bddd7f257126,iroh_dial,stalerelay,warm,6,echo_rtt,0.036,ok
e126068a0c17439b85493ac7d326bddd7f257126,iroh_dial,stalerelay,warm,6,echo_rtt,0.029,ok
e126068a0c17439b85493ac7d326bddd7f257126,iroh_dial,stalerelay,warm,6,echo_rtt,0.036,ok
e126068a0c17439b85493ac7d326bddd7f257126,iroh_dial,stalerelay,warm,6,echo_rtt,0.026,ok
e126068a0c17439b85493ac7d326bddd7f257126,iroh_dial,stalerelay,warm,6,echo_rtt,0.036,ok
e126068a0c17439b85493ac7d326bddd7f257126,iroh_dial,stalerelay,warm,6,echo_rtt,0.027,ok
e126068a0c17439b85493ac7d326bddd7f257126,iroh_dial,stalerelay,warm,6,echo_rtt,0.037,ok
e126068a0c17439b85493ac7d326bddd7f257126,iroh_dial,stalerelay,warm,6,echo_rtt,0.026,ok
e126068a0c17439b85493ac7d326bddd7f257126,iroh_dial,stalerelay,warm,6,echo_rtt,0.036,ok
e126068a0c17439b85493ac7d326bddd7f257126,iroh_dial,stalerelay,warm,6,echo_rtt,0.026,ok
e126068a0c17439b85493ac7d326bddd7f257126,iroh_dial,stalerelay,warm,7,address_lookup,0.069,ok
e126068a0c17439b85493ac7d326bddd7f257126,iroh_dial,stalerelay,warm,7,dial_handshake,0.347,ok
e126068a0c17439b85493ac7d326bddd7f257126,iroh_dial,stalerelay,warm,7,stream_open,0.189,ok
e126068a0c17439b85493ac7d326bddd7f257126,iroh_dial,stalerelay,warm,7,echo_rtt,0.068,ok
e126068a0c17439b85493ac7d326bddd7f257126,iroh_dial,stalerelay,warm,7,echo_rtt,0.050,ok
e126068a0c17439b85493ac7d326bddd7f257126,iroh_dial,stalerelay,warm,7,echo_rtt,0.029,ok
e126068a0c17439b85493ac7d326bddd7f257126,iroh_dial,stalerelay,warm,7,echo_rtt,0.038,ok
e126068a0c17439b85493ac7d326bddd7f257126,iroh_dial,stalerelay,warm,7,echo_rtt,0.026,ok
e126068a0c17439b85493ac7d326bddd7f257126,iroh_dial,stalerelay,warm,7,echo_rtt,0.036,ok
e126068a0c17439b85493ac7d326bddd7f257126,iroh_dial,stalerelay,warm,7,echo_rtt,0.026,ok
e126068a0c17439b85493ac7d326bddd7f257126,iroh_dial,stalerelay,warm,7,echo_rtt,0.036,ok
e126068a0c17439b85493ac7d326bddd7f257126,iroh_dial,stalerelay,warm,7,echo_rtt,0.027,ok
e126068a0c17439b85493ac7d326bddd7f257126,iroh_dial,stalerelay,warm,7,echo_rtt,0.040,ok
e126068a0c17439b85493ac7d326bddd7f257126,iroh_dial,stalerelay,warm,7,echo_rtt,0.027,ok
e126068a0c17439b85493ac7d326bddd7f257126,iroh_dial,stalerelay,warm,7,echo_rtt,0.039,ok
e126068a0c17439b85493ac7d326bddd7f257126,iroh_dial,stalerelay,warm,7,echo_rtt,0.027,ok
e126068a0c17439b85493ac7d326bddd7f257126,iroh_dial,stalerelay,warm,7,echo_rtt,0.036,ok
e126068a0c17439b85493ac7d326bddd7f257126,iroh_dial,stalerelay,warm,7,echo_rtt,0.027,ok
e126068a0c17439b85493ac7d326bddd7f257126,iroh_dial,stalerelay,warm,7,echo_rtt,0.036,ok
e126068a0c17439b85493ac7d326bddd7f257126,iroh_dial,stalerelay,warm,7,echo_rtt,0.027,ok
e126068a0c17439b85493ac7d326bddd7f257126,iroh_dial,stalerelay,warm,7,echo_rtt,0.036,ok
e126068a0c17439b85493ac7d326bddd7f257126,iroh_dial,stalerelay,warm,7,echo_rtt,0.027,ok
e126068a0c17439b85493ac7d326bddd7f257126,iroh_dial,stalerelay,warm,7,echo_rtt,0.036,ok
e126068a0c17439b85493ac7d326bddd7f257126,iroh_dial,stalerelay,warm,8,address_lookup,0.076,ok
e126068a0c17439b85493ac7d326bddd7f257126,iroh_dial,stalerelay,warm,8,dial_handshake,0.354,ok
e126068a0c17439b85493ac7d326bddd7f257126,iroh_dial,stalerelay,warm,8,stream_open,0.138,ok
e126068a0c17439b85493ac7d326bddd7f257126,iroh_dial,stalerelay,warm,8,echo_rtt,0.052,ok
e126068a0c17439b85493ac7d326bddd7f257126,iroh_dial,stalerelay,warm,8,echo_rtt,0.038,ok
e126068a0c17439b85493ac7d326bddd7f257126,iroh_dial,stalerelay,warm,8,echo_rtt,0.032,ok
e126068a0c17439b85493ac7d326bddd7f257126,iroh_dial,stalerelay,warm,8,echo_rtt,0.033,ok
e126068a0c17439b85493ac7d326bddd7f257126,iroh_dial,stalerelay,warm,8,echo_rtt,0.028,ok
e126068a0c17439b85493ac7d326bddd7f257126,iroh_dial,stalerelay,warm,8,echo_rtt,0.028,ok
e126068a0c17439b85493ac7d326bddd7f257126,iroh_dial,stalerelay,warm,8,echo_rtt,0.027,ok
e126068a0c17439b85493ac7d326bddd7f257126,iroh_dial,stalerelay,warm,8,echo_rtt,0.028,ok
e126068a0c17439b85493ac7d326bddd7f257126,iroh_dial,stalerelay,warm,8,echo_rtt,0.029,ok
e126068a0c17439b85493ac7d326bddd7f257126,iroh_dial,stalerelay,warm,8,echo_rtt,0.031,ok
e126068a0c17439b85493ac7d326bddd7f257126,iroh_dial,stalerelay,warm,8,echo_rtt,0.037,ok
e126068a0c17439b85493ac7d326bddd7f257126,iroh_dial,stalerelay,warm,8,echo_rtt,0.030,ok
e126068a0c17439b85493ac7d326bddd7f257126,iroh_dial,stalerelay,warm,8,echo_rtt,0.029,ok
e126068a0c17439b85493ac7d326bddd7f257126,iroh_dial,stalerelay,warm,8,echo_rtt,0.029,ok
e126068a0c17439b85493ac7d326bddd7f257126,iroh_dial,stalerelay,warm,8,echo_rtt,0.027,ok
e126068a0c17439b85493ac7d326bddd7f257126,iroh_dial,stalerelay,warm,8,echo_rtt,0.029,ok
e126068a0c17439b85493ac7d326bddd7f257126,iroh_dial,stalerelay,warm,8,echo_rtt,0.028,ok
e126068a0c17439b85493ac7d326bddd7f257126,iroh_dial,stalerelay,warm,8,echo_rtt,0.028,ok
e126068a0c17439b85493ac7d326bddd7f257126,iroh_dial,stalerelay,warm,8,echo_rtt,0.028,ok
e126068a0c17439b85493ac7d326bddd7f257126,iroh_dial,stalerelay,warm,8,echo_rtt,0.028,ok
e126068a0c17439b85493ac7d326bddd7f257126,iroh_dial,stalerelay,warm,9,address_lookup,0.077,ok
e126068a0c17439b85493ac7d326bddd7f257126,iroh_dial,stalerelay,warm,9,dial_handshake,0.324,ok
e126068a0c17439b85493ac7d326bddd7f257126,iroh_dial,stalerelay,warm,9,stream_open,0.151,ok
e126068a0c17439b85493ac7d326bddd7f257126,iroh_dial,stalerelay,warm,9,echo_rtt,0.064,ok
e126068a0c17439b85493ac7d326bddd7f257126,iroh_dial,stalerelay,warm,9,echo_rtt,0.044,ok
e126068a0c17439b85493ac7d326bddd7f257126,iroh_dial,stalerelay,warm,9,echo_rtt,0.035,ok
e126068a0c17439b85493ac7d326bddd7f257126,iroh_dial,stalerelay,warm,9,echo_rtt,0.025,ok
e126068a0c17439b85493ac7d326bddd7f257126,iroh_dial,stalerelay,warm,9,echo_rtt,0.033,ok
e126068a0c17439b85493ac7d326bddd7f257126,iroh_dial,stalerelay,warm,9,echo_rtt,0.025,ok
e126068a0c17439b85493ac7d326bddd7f257126,iroh_dial,stalerelay,warm,9,echo_rtt,0.050,ok
e126068a0c17439b85493ac7d326bddd7f257126,iroh_dial,stalerelay,warm,9,echo_rtt,0.025,ok
e126068a0c17439b85493ac7d326bddd7f257126,iroh_dial,stalerelay,warm,9,echo_rtt,0.048,ok
e126068a0c17439b85493ac7d326bddd7f257126,iroh_dial,stalerelay,warm,9,echo_rtt,0.025,ok
e126068a0c17439b85493ac7d326bddd7f257126,iroh_dial,stalerelay,warm,9,echo_rtt,0.036,ok
e126068a0c17439b85493ac7d326bddd7f257126,iroh_dial,stalerelay,warm,9,echo_rtt,0.027,ok
e126068a0c17439b85493ac7d326bddd7f257126,iroh_dial,stalerelay,warm,9,echo_rtt,0.036,ok
e126068a0c17439b85493ac7d326bddd7f257126,iroh_dial,stalerelay,warm,9,echo_rtt,0.025,ok
e126068a0c17439b85493ac7d326bddd7f257126,iroh_dial,stalerelay,warm,9,echo_rtt,0.033,ok
e126068a0c17439b85493ac7d326bddd7f257126,iroh_dial,stalerelay,warm,9,echo_rtt,0.026,ok
e126068a0c17439b85493ac7d326bddd7f257126,iroh_dial,stalerelay,warm,9,echo_rtt,0.033,ok
e126068a0c17439b85493ac7d326bddd7f257126,iroh_dial,stalerelay,warm,9,echo_rtt,0.025,ok
e126068a0c17439b85493ac7d326bddd7f257126,iroh_dial,stalerelay,warm,9,echo_rtt,0.052,ok
e126068a0c17439b85493ac7d326bddd7f257126,iroh_dial,stalerelay,warm,9,echo_rtt,0.025,ok
e126068a0c17439b85493ac7d326bddd7f257126,iroh_dial,stalerelay,warm,10,address_lookup,0.085,ok
e126068a0c17439b85493ac7d326bddd7f257126,iroh_dial,stalerelay,warm,10,dial_handshake,0.349,ok
e126068a0c17439b85493ac7d326bddd7f257126,iroh_dial,stalerelay,warm,10,stream_open,0.167,ok
e126068a0c17439b85493ac7d326bddd7f257126,iroh_dial,stalerelay,warm,10,echo_rtt,0.075,ok
e126068a0c17439b85493ac7d326bddd7f257126,iroh_dial,stalerelay,warm,10,echo_rtt,0.063,ok
e126068a0c17439b85493ac7d326bddd7f257126,iroh_dial,stalerelay,warm,10,echo_rtt,0.037,ok
e126068a0c17439b85493ac7d326bddd7f257126,iroh_dial,stalerelay,warm,10,echo_rtt,0.032,ok
e126068a0c17439b85493ac7d326bddd7f257126,iroh_dial,stalerelay,warm,10,echo_rtt,0.031,ok
e126068a0c17439b85493ac7d326bddd7f257126,iroh_dial,stalerelay,warm,10,echo_rtt,0.031,ok
e126068a0c17439b85493ac7d326bddd7f257126,iroh_dial,stalerelay,warm,10,echo_rtt,0.032,ok
e126068a0c17439b85493ac7d326bddd7f257126,iroh_dial,stalerelay,warm,10,echo_rtt,0.047,ok
e126068a0c17439b85493ac7d326bddd7f257126,iroh_dial,stalerelay,warm,10,echo_rtt,0.047,ok
e126068a0c17439b85493ac7d326bddd7f257126,iroh_dial,stalerelay,warm,10,echo_rtt,0.044,ok
e126068a0c17439b85493ac7d326bddd7f257126,iroh_dial,stalerelay,warm,10,echo_rtt,0.035,ok
e126068a0c17439b85493ac7d326bddd7f257126,iroh_dial,stalerelay,warm,10,echo_rtt,0.032,ok
e126068a0c17439b85493ac7d326bddd7f257126,iroh_dial,stalerelay,warm,10,echo_rtt,0.033,ok
e126068a0c17439b85493ac7d326bddd7f257126,iroh_dial,stalerelay,warm,10,echo_rtt,0.032,ok
e126068a0c17439b85493ac7d326bddd7f257126,iroh_dial,stalerelay,warm,10,echo_rtt,0.033,ok
e126068a0c17439b85493ac7d326bddd7f257126,iroh_dial,stalerelay,warm,10,echo_rtt,0.032,ok
e126068a0c17439b85493ac7d326bddd7f257126,iroh_dial,stalerelay,warm,10,echo_rtt,0.033,ok
e126068a0c17439b85493ac7d326bddd7f257126,iroh_dial,stalerelay,warm,10,echo_rtt,0.032,ok
e126068a0c17439b85493ac7d326bddd7f257126,iroh_dial,stalerelay,warm,10,echo_rtt,0.033,ok
e126068a0c17439b85493ac7d326bddd7f257126,iroh_dial,stalerelay,warm,10,echo_rtt,0.032,ok
e126068a0c17439b85493ac7d326bddd7f257126,iroh_dial,peerdown,cold,0,process_spawn,0.709,ok
e126068a0c17439b85493ac7d326bddd7f257126,iroh_dial,peerdown,cold,0,runtime_start,0.415,ok
e126068a0c17439b85493ac7d326bddd7f257126,iroh_dial,peerdown,cold,0,endpoint_bind,1.488,ok
e126068a0c17439b85493ac7d326bddd7f257126,iroh_dial,peerdown,cold,0,address_lookup,128.238,ok
e126068a0c17439b85493ac7d326bddd7f257126,iroh_dial,peerdown,cold,0,dial_handshake,15001.896,fail:timeout
e126068a0c17439b85493ac7d326bddd7f257126,iroh_dial,peerdown,cold,0,process_spawn,0.665,ok
e126068a0c17439b85493ac7d326bddd7f257126,iroh_dial,peerdown,cold,0,runtime_start,0.341,ok
e126068a0c17439b85493ac7d326bddd7f257126,iroh_dial,peerdown,cold,0,endpoint_bind,1.400,ok
e126068a0c17439b85493ac7d326bddd7f257126,iroh_dial,peerdown,cold,0,address_lookup,1.722,ok
e126068a0c17439b85493ac7d326bddd7f257126,iroh_dial,peerdown,cold,0,dial_handshake,15001.087,fail:timeout
e126068a0c17439b85493ac7d326bddd7f257126,iroh_dial,peerdown,cold,0,process_spawn,0.731,ok
e126068a0c17439b85493ac7d326bddd7f257126,iroh_dial,peerdown,cold,0,runtime_start,0.397,ok
e126068a0c17439b85493ac7d326bddd7f257126,iroh_dial,peerdown,cold,0,endpoint_bind,1.498,ok
e126068a0c17439b85493ac7d326bddd7f257126,iroh_dial,peerdown,cold,0,address_lookup,128.484,ok
e126068a0c17439b85493ac7d326bddd7f257126,iroh_dial,peerdown,cold,0,dial_handshake,15001.094,fail:timeout
e126068a0c17439b85493ac7d326bddd7f257126,iroh_dial,peerdown,cold,0,process_spawn,0.750,ok
e126068a0c17439b85493ac7d326bddd7f257126,iroh_dial,peerdown,cold,0,runtime_start,0.389,ok
e126068a0c17439b85493ac7d326bddd7f257126,iroh_dial,peerdown,cold,0,endpoint_bind,1.391,ok
e126068a0c17439b85493ac7d326bddd7f257126,iroh_dial,peerdown,cold,0,address_lookup,1.763,ok
e126068a0c17439b85493ac7d326bddd7f257126,iroh_dial,peerdown,cold,0,dial_handshake,15000.858,fail:timeout
e126068a0c17439b85493ac7d326bddd7f257126,iroh_dial,peerdown,cold,0,process_spawn,0.648,ok
e126068a0c17439b85493ac7d326bddd7f257126,iroh_dial,peerdown,cold,0,runtime_start,0.411,ok
e126068a0c17439b85493ac7d326bddd7f257126,iroh_dial,peerdown,cold,0,endpoint_bind,1.367,ok
e126068a0c17439b85493ac7d326bddd7f257126,iroh_dial,peerdown,cold,0,address_lookup,127.318,ok
e126068a0c17439b85493ac7d326bddd7f257126,iroh_dial,peerdown,cold,0,dial_handshake,15001.830,fail:timeout
e126068a0c17439b85493ac7d326bddd7f257126,iroh_dial,peerdown,cold,0,process_spawn,0.727,ok
e126068a0c17439b85493ac7d326bddd7f257126,iroh_dial,peerdown,cold,0,runtime_start,0.382,ok
e126068a0c17439b85493ac7d326bddd7f257126,iroh_dial,peerdown,cold,0,endpoint_bind,1.398,ok
e126068a0c17439b85493ac7d326bddd7f257126,iroh_dial,peerdown,cold,0,address_lookup,1.589,ok
e126068a0c17439b85493ac7d326bddd7f257126,iroh_dial,peerdown,cold,0,dial_handshake,15001.424,fail:timeout
e126068a0c17439b85493ac7d326bddd7f257126,iroh_dial,peerdown,cold,0,process_spawn,0.713,ok
e126068a0c17439b85493ac7d326bddd7f257126,iroh_dial,peerdown,cold,0,runtime_start,0.408,ok
e126068a0c17439b85493ac7d326bddd7f257126,iroh_dial,peerdown,cold,0,endpoint_bind,1.470,ok
e126068a0c17439b85493ac7d326bddd7f257126,iroh_dial,peerdown,cold,0,address_lookup,134.590,ok
e126068a0c17439b85493ac7d326bddd7f257126,iroh_dial,peerdown,cold,0,dial_handshake,15001.513,fail:timeout
e126068a0c17439b85493ac7d326bddd7f257126,iroh_dial,peerdown,cold,0,process_spawn,0.665,ok
e126068a0c17439b85493ac7d326bddd7f257126,iroh_dial,peerdown,cold,0,runtime_start,0.398,ok
e126068a0c17439b85493ac7d326bddd7f257126,iroh_dial,peerdown,cold,0,endpoint_bind,1.432,ok
e126068a0c17439b85493ac7d326bddd7f257126,iroh_dial,peerdown,cold,0,address_lookup,1.569,ok
e126068a0c17439b85493ac7d326bddd7f257126,iroh_dial,peerdown,cold,0,dial_handshake,15001.017,fail:timeout
e126068a0c17439b85493ac7d326bddd7f257126,iroh_dial,peerdown,cold,0,process_spawn,0.725,ok
e126068a0c17439b85493ac7d326bddd7f257126,iroh_dial,peerdown,cold,0,runtime_start,0.375,ok
e126068a0c17439b85493ac7d326bddd7f257126,iroh_dial,peerdown,cold,0,endpoint_bind,1.384,ok
e126068a0c17439b85493ac7d326bddd7f257126,iroh_dial,peerdown,cold,0,address_lookup,128.544,ok
e126068a0c17439b85493ac7d326bddd7f257126,iroh_dial,peerdown,cold,0,dial_handshake,15001.168,fail:timeout
e126068a0c17439b85493ac7d326bddd7f257126,iroh_dial,peerdown,cold,0,process_spawn,0.636,ok
e126068a0c17439b85493ac7d326bddd7f257126,iroh_dial,peerdown,cold,0,runtime_start,0.376,ok
e126068a0c17439b85493ac7d326bddd7f257126,iroh_dial,peerdown,cold,0,endpoint_bind,1.500,ok
e126068a0c17439b85493ac7d326bddd7f257126,iroh_dial,peerdown,cold,0,address_lookup,1.603,ok
e126068a0c17439b85493ac7d326bddd7f257126,iroh_dial,peerdown,cold,0,dial_handshake,15001.281,fail:timeout
