rev,workload,condition,cache,sample,boundary,ms,status
d936f8f1353884b10194235108d0a983ef8abc62,iroh_dial,relay,cold,0,process_spawn,0.639,ok
d936f8f1353884b10194235108d0a983ef8abc62,iroh_dial,relay,cold,0,runtime_start,0.336,ok
d936f8f1353884b10194235108d0a983ef8abc62,iroh_dial,relay,cold,0,endpoint_bind,1.552,ok
d936f8f1353884b10194235108d0a983ef8abc62,iroh_dial,relay,cold,0,address_lookup,0.099,ok
d936f8f1353884b10194235108d0a983ef8abc62,iroh_dial,relay,cold,0,dial_handshake,192.824,ok
d936f8f1353884b10194235108d0a983ef8abc62,iroh_dial,relay,cold,0,stream_open,93.739,ok
d936f8f1353884b10194235108d0a983ef8abc62,iroh_dial,relay,cold,0,echo_rtt,76.177,ok
d936f8f1353884b10194235108d0a983ef8abc62,iroh_dial,relay,cold,0,echo_rtt,75.926,ok
d936f8f1353884b10194235108d0a983ef8abc62,iroh_dial,relay,cold,0,echo_rtt,75.908,ok
d936f8f1353884b10194235108d0a983ef8abc62,iroh_dial,relay,cold,0,echo_rtt,75.927,ok
d936f8f1353884b10194235108d0a983ef8abc62,iroh_dial,relay,cold,0,echo_rtt,76.064,ok
d936f8f1353884b10194235108d0a983ef8abc62,iroh_dial,relay,cold,0,echo_rtt,75.913,ok
d936f8f1353884b10194235108d0a983ef8abc62,iroh_dial,relay,cold,0,echo_rtt,75.934,ok
d936f8f1353884b10194235108d0a983ef8abc62,iroh_dial,relay,cold,0,echo_rtt,76.040,ok
d936f8f1353884b10194235108d0a983ef8abc62,iroh_dial,relay,cold,0,echo_rtt,76.010,ok
d936f8f1353884b10194235108d0a983ef8abc62,iroh_dial,relay,cold,0,echo_rtt,75.944,ok
d936f8f1353884b10194235108d0a983ef8abc62,iroh_dial,relay,cold,0,echo_rtt,76.079,ok
d936f8f1353884b10194235108d0a983ef8abc62,iroh_dial,relay,cold,0,echo_rtt,75.985,ok
d936f8f1353884b10194235108d0a983ef8abc62,iroh_dial,relay,cold,0,echo_rtt,75.955,ok
d936f8f1353884b10194235108d0a983ef8abc62,iroh_dial,relay,cold,0,echo_rtt,76.438,ok
d936f8f1353884b10194235108d0a983ef8abc62,iroh_dial,relay,cold,0,echo_rtt,77.893,ok
d936f8f1353884b10194235108d0a983ef8abc62,iroh_dial,relay,cold,0,echo_rtt,75.995,ok
d936f8f1353884b10194235108d0a983ef8abc62,iroh_dial,relay,cold,0,echo_rtt,76.009,ok
d936f8f1353884b10194235108d0a983ef8abc62,iroh_dial,relay,cold,0,echo_rtt,75.987,ok
d936f8f1353884b10194235108d0a983ef8abc62,iroh_dial,relay,cold,0,echo_rtt,75.949,ok
d936f8f1353884b10194235108d0a983ef8abc62,iroh_dial,relay,cold,0,echo_rtt,76.002,ok
d936f8f1353884b10194235108d0a983ef8abc62,iroh_dial,relay,cold,0,process_spawn,0.666,ok
d936f8f1353884b10194235108d0a983ef8abc62,iroh_dial,relay,cold,0,runtime_start,0.428,ok
d936f8f1353884b10194235108d0a983ef8abc62,iroh_dial,relay,cold,0,endpoint_bind,1.438,ok
d936f8f1353884b10194235108d0a983ef8abc62,iroh_dial,relay,cold,0,address_lookup,0.090,ok
d936f8f1353884b10194235108d0a983ef8abc62,iroh_dial,relay,cold,0,dial_handshake,192.156,ok
d936f8f1353884b10194235108d0a983ef8abc62,iroh_dial,relay,cold,0,stream_open,92.846,ok
d936f8f1353884b10194235108d0a983ef8abc62,iroh_dial,relay,cold,0,echo_rtt,75.847,ok
d936f8f1353884b10194235108d0a983ef8abc62,iroh_dial,relay,cold,0,echo_rtt,76.016,ok
d936f8f1353884b10194235108d0a983ef8abc62,iroh_dial,relay,cold,0,echo_rtt,75.720,ok
d936f8f1353884b10194235108d0a983ef8abc62,iroh_dial,relay,cold,0,echo_rtt,75.674,ok
d936f8f1353884b10194235108d0a983ef8abc62,iroh_dial,relay,cold,0,echo_rtt,76.007,ok
d936f8f1353884b10194235108d0a983ef8abc62,iroh_dial,relay,cold,0,echo_rtt,75.919,ok
d936f8f1353884b10194235108d0a983ef8abc62,iroh_dial,relay,cold,0,echo_rtt,75.638,ok
d936f8f1353884b10194235108d0a983ef8abc62,iroh_dial,relay,cold,0,echo_rtt,76.155,ok
d936f8f1353884b10194235108d0a983ef8abc62,iroh_dial,relay,cold,0,echo_rtt,75.783,ok
d936f8f1353884b10194235108d0a983ef8abc62,iroh_dial,relay,cold,0,echo_rtt,75.714,ok
d936f8f1353884b10194235108d0a983ef8abc62,iroh_dial,relay,cold,0,echo_rtt,75.775,ok
d936f8f1353884b10194235108d0a983ef8abc62,iroh_dial,relay,cold,0,echo_rtt,75.811,ok
d936f8f1353884b10194235108d0a983ef8abc62,iroh_dial,relay,cold,0,echo_rtt,75.733,ok
d936f8f1353884b10194235108d0a983ef8abc62,iroh_dial,relay,cold,0,echo_rtt,75.861,ok
d936f8f1353884b10194235108d0a983ef8abc62,iroh_dial,relay,cold,0,echo_rtt,75.897,ok
d936f8f1353884b10194235108d0a983ef8abc62,iroh_dial,relay,cold,0,echo_rtt,75.741,ok
d936f8f1353884b10194235108d0a983ef8abc62,iroh_dial,relay,cold,0,echo_rtt,75.810,ok
d936f8f1353884b10194235108d0a983ef8abc62,iroh_dial,relay,cold,0,echo_rtt,75.702,ok
d936f8f1353884b10194235108d0a983ef8abc62,iroh_dial,relay,cold,0,echo_rtt,75.803,ok
d936f8f1353884b10194235108d0a983ef8abc62,iroh_dial,relay,cold,0,echo_rtt,75.702,ok
d936f8f1353884b10194235108d0a983ef8abc62,iroh_dial,relay,cold,0,process_spawn,0.682,ok
d936f8f1353884b10194235108d0a983ef8abc62,iroh_dial,relay,cold,0,runtime_start,0.435,ok
d936f8f1353884b10194235108d0a983ef8abc62,iroh_dial,relay,cold,0,endpoint_bind,1.611,ok
d936f8f1353884b10194235108d0a983ef8abc62,iroh_dial,relay,cold,0,address_lookup,0.091,ok
d936f8f1353884b10194235108d0a983ef8abc62,iroh_dial,relay,cold,0,dial_handshake,201.419,ok
d936f8f1353884b10194235108d0a983ef8abc62,iroh_dial,relay,cold,0,stream_open,95.837,ok
d936f8f1353884b10194235108d0a983ef8abc62,iroh_dial,relay,cold,0,echo_rtt,78.003,ok
d936f8f1353884b10194235108d0a983ef8abc62,iroh_dial,relay,cold,0,echo_rtt,77.969,ok
d936f8f1353884b10194235108d0a983ef8abc62,iroh_dial,relay,cold,0,echo_rtt,78.051,ok
d936f8f1353884b10194235108d0a983ef8abc62,iroh_dial,relay,cold,0,echo_rtt,77.920,ok
d936f8f1353884b10194235108d0a983ef8abc62,iroh_dial,relay,cold,0,echo_rtt,77.932,ok
d936f8f1353884b10194235108d0a983ef8abc62,iroh_dial,relay,cold,0,echo_rtt,78.028,ok
d936f8f1353884b10194235108d0a983ef8abc62,iroh_dial,relay,cold,0,echo_rtt,78.206,ok
d936f8f1353884b10194235108d0a983ef8abc62,iroh_dial,relay,cold,0,echo_rtt,78.718,ok
d936f8f1353884b10194235108d0a983ef8abc62,iroh_dial,relay,cold,0,echo_rtt,78.443,ok
d936f8f1353884b10194235108d0a983ef8abc62,iroh_dial,relay,cold,0,echo_rtt,77.949,ok
d936f8f1353884b10194235108d0a983ef8abc62,iroh_dial,relay,cold,0,echo_rtt,77.961,ok
d936f8f1353884b10194235108d0a983ef8abc62,iroh_dial,relay,cold,0,echo_rtt,78.014,ok
d936f8f1353884b10194235108d0a983ef8abc62,iroh_dial,relay,cold,0,echo_rtt,77.992,ok
d936f8f1353884b10194235108d0a983ef8abc62,iroh_dial,relay,cold,0,echo_rtt,78.175,ok
d936f8f1353884b10194235108d0a983ef8abc62,iroh_dial,relay,cold,0,echo_rtt,78.012,ok
d936f8f1353884b10194235108d0a983ef8abc62,iroh_dial,relay,cold,0,echo_rtt,78.133,ok
d936f8f1353884b10194235108d0a983ef8abc62,iroh_dial,relay,cold,0,echo_rtt,78.150,ok
d936f8f1353884b10194235108d0a983ef8abc62,iroh_dial,relay,cold,0,echo_rtt,77.946,ok
d936f8f1353884b10194235108d0a983ef8abc62,iroh_dial,relay,cold,0,echo_rtt,78.560,ok
d936f8f1353884b10194235108d0a983ef8abc62,iroh_dial,relay,cold,0,echo_rtt,78.011,ok
d936f8f1353884b10194235108d0a983ef8abc62,iroh_dial,relay,cold,0,process_spawn,0.624,ok
d936f8f1353884b10194235108d0a983ef8abc62,iroh_dial,relay,cold,0,runtime_start,0.379,ok
d936f8f1353884b10194235108d0a983ef8abc62,iroh_dial,relay,cold,0,endpoint_bind,1.573,ok
d936f8f1353884b10194235108d0a983ef8abc62,iroh_dial,relay,cold,0,address_lookup,0.090,ok
d936f8f1353884b10194235108d0a983ef8abc62,iroh_dial,relay,cold,0,dial_handshake,201.334,ok
d936f8f1353884b10194235108d0a983ef8abc62,iroh_dial,relay,cold,0,stream_open,96.805,ok
d936f8f1353884b10194235108d0a983ef8abc62,iroh_dial,relay,cold,0,echo_rtt,77.962,ok
d936f8f1353884b10194235108d0a983ef8abc62,iroh_dial,relay,cold,0,echo_rtt,77.994,ok
d936f8f1353884b10194235108d0a983ef8abc62,iroh_dial,relay,cold,0,echo_rtt,77.935,ok
d936f8f1353884b10194235108d0a983ef8abc62,iroh_dial,relay,cold,0,echo_rtt,77.919,ok
d936f8f1353884b10194235108d0a983ef8abc62,iroh_dial,relay,cold,0,echo_rtt,77.939,ok
d936f8f1353884b10194235108d0a983ef8abc62,iroh_dial,relay,cold,0,echo_rtt,78.205,ok
d936f8f1353884b10194235108d0a983ef8abc62,iroh_dial,relay,cold,0,echo_rtt,78.095,ok
d936f8f1353884b10194235108d0a983ef8abc62,iroh_dial,relay,cold,0,echo_rtt,77.953,ok
d936f8f1353884b10194235108d0a983ef8abc62,iroh_dial,relay,cold,0,echo_rtt,77.948,ok
d936f8f1353884b10194235108d0a983ef8abc62,iroh_dial,relay,cold,0,echo_rtt,78.055,ok
d936f8f1353884b10194235108d0a983ef8abc62,iroh_dial,relay,cold,0,echo_rtt,78.274,ok
d936f8f1353884b10194235108d0a983ef8abc62,iroh_dial,relay,cold,0,echo_rtt,78.504,ok
d936f8f1353884b10194235108d0a983ef8abc62,iroh_dial,relay,cold,0,echo_rtt,77.958,ok
d936f8f1353884b10194235108d0a983ef8abc62,iroh_dial,relay,cold,0,echo_rtt,78.412,ok
d936f8f1353884b10194235108d0a983ef8abc62,iroh_dial,relay,cold,0,echo_rtt,77.945,ok
d936f8f1353884b10194235108d0a983ef8abc62,iroh_dial,relay,cold,0,echo_rtt,77.971,ok
d936f8f1353884b10194235108d0a983ef8abc62,iroh_dial,relay,cold,0,echo_rtt,78.009,ok
d936f8f1353884b10194235108d0a983ef8abc62,iroh_dial,relay,cold,0,echo_rtt,78.055,ok
d936f8f1353884b10194235108d0a983ef8abc62,iroh_dial,relay,cold,0,echo_rtt,77.978,ok
d936f8f1353884b10194235108d0a983ef8abc62,iroh_dial,relay,cold,0,echo_rtt,78.083,ok
d936f8f1353884b10194235108d0a983ef8abc62,iroh_dial,relay,cold,0,process_spawn,0.644,ok
d936f8f1353884b10194235108d0a983ef8abc62,iroh_dial,relay,cold,0,runtime_start,0.347,ok
d936f8f1353884b10194235108d0a983ef8abc62,iroh_dial,relay,cold,0,endpoint_bind,1.511,ok
d936f8f1353884b10194235108d0a983ef8abc62,iroh_dial,relay,cold,0,address_lookup,0.151,ok
d936f8f1353884b10194235108d0a983ef8abc62,iroh_dial,relay,cold,0,dial_handshake,192.968,ok
d936f8f1353884b10194235108d0a983ef8abc62,iroh_dial,relay,cold,0,stream_open,93.650,ok
d936f8f1353884b10194235108d0a983ef8abc62,iroh_dial,relay,cold,0,echo_rtt,75.639,ok
d936f8f1353884b10194235108d0a983ef8abc62,iroh_dial,relay,cold,0,echo_rtt,75.964,ok
d936f8f1353884b10194235108d0a983ef8abc62,iroh_dial,relay,cold,0,echo_rtt,75.978,ok
d936f8f1353884b10194235108d0a983ef8abc62,iroh_dial,relay,cold,0,echo_rtt,75.729,ok
d936f8f1353884b10194235108d0a983ef8abc62,iroh_dial,relay,cold,0,echo_rtt,76.124,ok
d936f8f1353884b10194235108d0a983ef8abc62,iroh_dial,relay,cold,0,echo_rtt,75.773,ok
d936f8f1353884b10194235108d0a983ef8abc62,iroh_dial,relay,cold,0,echo_rtt,75.676,ok
d936f8f1353884b10194235108d0a983ef8abc62,iroh_dial,relay,cold,0,echo_rtt,76.228,ok
d936f8f1353884b10194235108d0a983ef8abc62,iroh_dial,relay,cold,0,echo_rtt,75.732,ok
d936f8f1353884b10194235108d0a983ef8abc62,iroh_dial,relay,cold,0,echo_rtt,75.561,ok
d936f8f1353884b10194235108d0a983ef8abc62,iroh_dial,relay,cold,0,echo_rtt,75.787,ok
d936f8f1353884b10194235108d0a983ef8abc62,iroh_dial,relay,cold,0,echo_rtt,75.867,ok
d936f8f1353884b10194235108d0a983ef8abc62,iroh_dial,relay,cold,0,echo_rtt,76.098,ok
d936f8f1353884b10194235108d0a983ef8abc62,iroh_dial,relay,cold,0,echo_rtt,75.652,ok
d936f8f1353884b10194235108d0a983ef8abc62,iroh_dial,relay,cold,0,echo_rtt,76.354,ok
d936f8f1353884b10194235108d0a983ef8abc62,iroh_dial,relay,cold,0,echo_rtt,75.765,ok
d936f8f1353884b10194235108d0a983ef8abc62,iroh_dial,relay,cold,0,echo_rtt,75.727,ok
d936f8f1353884b10194235108d0a983ef8abc62,iroh_dial,relay,cold,0,echo_rtt,76.524,ok
d936f8f1353884b10194235108d0a983ef8abc62,iroh_dial,relay,cold,0,echo_rtt,76.463,ok
d936f8f1353884b10194235108d0a983ef8abc62,iroh_dial,relay,cold,0,echo_rtt,79.489,ok
d936f8f1353884b10194235108d0a983ef8abc62,iroh_dial,relay,cold,0,process_spawn,0.727,ok
d936f8f1353884b10194235108d0a983ef8abc62,iroh_dial,relay,cold,0,runtime_start,0.394,ok
d936f8f1353884b10194235108d0a983ef8abc62,iroh_dial,relay,cold,0,endpoint_bind,1.491,ok
d936f8f1353884b10194235108d0a983ef8abc62,iroh_dial,relay,cold,0,address_lookup,0.120,ok
d936f8f1353884b10194235108d0a983ef8abc62,iroh_dial,relay,cold,0,dial_handshake,200.683,ok
d936f8f1353884b10194235108d0a983ef8abc62,iroh_dial,relay,cold,0,stream_open,95.973,ok
d936f8f1353884b10194235108d0a983ef8abc62,iroh_dial,relay,cold,0,echo_rtt,77.996,ok
d936f8f1353884b10194235108d0a983ef8abc62,iroh_dial,relay,cold,0,echo_rtt,78.007,ok
d936f8f1353884b10194235108d0a983ef8abc62,iroh_dial,relay,cold,0,echo_rtt,78.057,ok
d936f8f1353884b10194235108d0a983ef8abc62,iroh_dial,relay,cold,0,echo_rtt,78.069,ok
d936f8f1353884b10194235108d0a983ef8abc62,iroh_dial,relay,cold,0,echo_rtt,78.433,ok
d936f8f1353884b10194235108d0a983ef8abc62,iroh_dial,relay,cold,0,echo_rtt,77.972,ok
d936f8f1353884b10194235108d0a983ef8abc62,iroh_dial,relay,cold,0,echo_rtt,78.115,ok
d936f8f1353884b10194235108d0a983ef8abc62,iroh_dial,relay,cold,0,echo_rtt,78.393,ok
d936f8f1353884b10194235108d0a983ef8abc62,iroh_dial,relay,cold,0,echo_rtt,78.168,ok
d936f8f1353884b10194235108d0a983ef8abc62,iroh_dial,relay,cold,0,echo_rtt,78.037,ok
d936f8f1353884b10194235108d0a983ef8abc62,iroh_dial,relay,cold,0,echo_rtt,78.671,ok
d936f8f1353884b10194235108d0a983ef8abc62,iroh_dial,relay,cold,0,echo_rtt,78.202,ok
d936f8f1353884b10194235108d0a983ef8abc62,iroh_dial,relay,cold,0,echo_rtt,78.180,ok
d936f8f1353884b10194235108d0a983ef8abc62,iroh_dial,relay,cold,0,echo_rtt,78.329,ok
d936f8f1353884b10194235108d0a983ef8abc62,iroh_dial,relay,cold,0,echo_rtt,78.094,ok
d936f8f1353884b10194235108d0a983ef8abc62,iroh_dial,relay,cold,0,echo_rtt,78.015,ok
d936f8f1353884b10194235108d0a983ef8abc62,iroh_dial,relay,cold,0,echo_rtt,78.986,ok
d936f8f1353884b10194235108d0a983ef8abc62,iroh_dial,relay,cold,0,echo_rtt,78.125,ok
d936f8f1353884b10194235108d0a983ef8abc62,iroh_dial,relay,cold,0,echo_rtt,78.401,ok
d936f8f1353884b10194235108d0a983ef8abc62,iroh_dial,relay,cold,0,echo_rtt,77.942,ok
d936f8f1353884b10194235108d0a983ef8abc62,iroh_dial,relay,cold,0,process_spawn,0.636,ok
d936f8f1353884b10194235108d0a983ef8abc62,iroh_dial,relay,cold,0,runtime_start,0.574,ok
d936f8f1353884b10194235108d0a983ef8abc62,iroh_dial,relay,cold,0,endpoint_bind,1.588,ok
d936f8f1353884b10194235108d0a983ef8abc62,iroh_dial,relay,cold,0,address_lookup,0.091,ok
d936f8f1353884b10194235108d0a983ef8abc62,iroh_dial,relay,cold,0,dial_handshake,193.631,ok
d936f8f1353884b10194235108d0a983ef8abc62,iroh_dial,relay,cold,0,stream_open,94.112,ok
d936f8f1353884b10194235108d0a983ef8abc62,iroh_dial,relay,cold,0,echo_rtt,76.204,ok
d936f8f1353884b10194235108d0a983ef8abc62,iroh_dial,relay,cold,0,echo_rtt,76.457,ok
d936f8f1353884b10194235108d0a983ef8abc62,iroh_dial,relay,cold,0,echo_rtt,76.146,ok
d936f8f1353884b10194235108d0a983ef8abc62,iroh_dial,relay,cold,0,echo_rtt,76.247,ok
d936f8f1353884b10194235108d0a983ef8abc62,iroh_dial,relay,cold,0,echo_rtt,76.177,ok
d936f8f1353884b10194235108d0a983ef8abc62,iroh_dial,relay,cold,0,echo_rtt,76.123,ok
d936f8f1353884b10194235108d0a983ef8abc62,iroh_dial,relay,cold,0,echo_rtt,76.115,ok
d936f8f1353884b10194235108d0a983ef8abc62,iroh_dial,relay,cold,0,echo_rtt,76.150,ok
d936f8f1353884b10194235108d0a983ef8abc62,iroh_dial,relay,cold,0,echo_rtt,76.092,ok
d936f8f1353884b10194235108d0a983ef8abc62,iroh_dial,relay,cold,0,echo_rtt,76.612,ok
d936f8f1353884b10194235108d0a983ef8abc62,iroh_dial,relay,cold,0,echo_rtt,76.102,ok
d936f8f1353884b10194235108d0a983ef8abc62,iroh_dial,relay,cold,0,echo_rtt,76.400,ok
d936f8f1353884b10194235108d0a983ef8abc62,iroh_dial,relay,cold,0,echo_rtt,76.487,ok
d936f8f1353884b10194235108d0a983ef8abc62,iroh_dial,relay,cold,0,echo_rtt,76.648,ok
d936f8f1353884b10194235108d0a983ef8abc62,iroh_dial,relay,cold,0,echo_rtt,76.205,ok
d936f8f1353884b10194235108d0a983ef8abc62,iroh_dial,relay,cold,0,echo_rtt,76.195,ok
d936f8f1353884b10194235108d0a983ef8abc62,iroh_dial,relay,cold,0,echo_rtt,76.367,ok
d936f8f1353884b10194235108d0a983ef8abc62,iroh_dial,relay,cold,0,echo_rtt,76.255,ok
d936f8f1353884b10194235108d0a983ef8abc62,iroh_dial,relay,cold,0,echo_rtt,76.158,ok
d936f8f1353884b10194235108d0a983ef8abc62,iroh_dial,relay,cold,0,echo_rtt,77.006,ok
d936f8f1353884b10194235108d0a983ef8abc62,iroh_dial,relay,cold,0,process_spawn,0.721,ok
d936f8f1353884b10194235108d0a983ef8abc62,iroh_dial,relay,cold,0,runtime_start,0.340,ok
d936f8f1353884b10194235108d0a983ef8abc62,iroh_dial,relay,cold,0,endpoint_bind,1.357,ok
d936f8f1353884b10194235108d0a983ef8abc62,iroh_dial,relay,cold,0,address_lookup,0.094,ok
d936f8f1353884b10194235108d0a983ef8abc62,iroh_dial,relay,cold,0,dial_handshake,200.954,ok
d936f8f1353884b10194235108d0a983ef8abc62,iroh_dial,relay,cold,0,stream_open,95.954,ok
d936f8f1353884b10194235108d0a983ef8abc62,iroh_dial,relay,cold,0,echo_rtt,78.203,ok
d936f8f1353884b10194235108d0a983ef8abc62,iroh_dial,relay,cold,0,echo_rtt,78.042,ok
d936f8f1353884b10194235108d0a983ef8abc62,iroh_dial,relay,cold,0,echo_rtt,78.098,ok
d936f8f1353884b10194235108d0a983ef8abc62,iroh_dial,relay,cold,0,echo_rtt,78.272,ok
d936f8f1353884b10194235108d0a983ef8abc62,iroh_dial,relay,cold,0,echo_rtt,78.226,ok
d936f8f1353884b10194235108d0a983ef8abc62,iroh_dial,relay,cold,0,echo_rtt,78.248,ok
d936f8f1353884b10194235108d0a983ef8abc62,iroh_dial,relay,cold,0,echo_rtt,78.269,ok
d936f8f1353884b10194235108d0a983ef8abc62,iroh_dial,relay,cold,0,echo_rtt,78.014,ok
d936f8f1353884b10194235108d0a983ef8abc62,iroh_dial,relay,cold,0,echo_rtt,78.046,ok
d936f8f1353884b10194235108d0a983ef8abc62,iroh_dial,relay,cold,0,echo_rtt,78.128,ok
d936f8f1353884b10194235108d0a983ef8abc62,iroh_dial,relay,cold,0,echo_rtt,78.065,ok
d936f8f1353884b10194235108d0a983ef8abc62,iroh_dial,relay,cold,0,echo_rtt,78.010,ok
d936f8f1353884b10194235108d0a983ef8abc62,iroh_dial,relay,cold,0,echo_rtt,77.938,ok
d936f8f1353884b10194235108d0a983ef8abc62,iroh_dial,relay,cold,0,echo_rtt,78.130,ok
d936f8f1353884b10194235108d0a983ef8abc62,iroh_dial,relay,cold,0,echo_rtt,78.082,ok
d936f8f1353884b10194235108d0a983ef8abc62,iroh_dial,relay,cold,0,echo_rtt,78.137,ok
d936f8f1353884b10194235108d0a983ef8abc62,iroh_dial,relay,cold,0,echo_rtt,79.623,ok
d936f8f1353884b10194235108d0a983ef8abc62,iroh_dial,relay,cold,0,echo_rtt,78.067,ok
d936f8f1353884b10194235108d0a983ef8abc62,iroh_dial,relay,cold,0,echo_rtt,78.151,ok
d936f8f1353884b10194235108d0a983ef8abc62,iroh_dial,relay,cold,0,echo_rtt,78.184,ok
d936f8f1353884b10194235108d0a983ef8abc62,iroh_dial,relay,cold,0,process_spawn,0.621,ok
d936f8f1353884b10194235108d0a983ef8abc62,iroh_dial,relay,cold,0,runtime_start,0.337,ok
d936f8f1353884b10194235108d0a983ef8abc62,iroh_dial,relay,cold,0,endpoint_bind,1.389,ok
d936f8f1353884b10194235108d0a983ef8abc62,iroh_dial,relay,cold,0,address_lookup,0.089,ok
d936f8f1353884b10194235108d0a983ef8abc62,iroh_dial,relay,cold,0,dial_handshake,191.701,ok
d936f8f1353884b10194235108d0a983ef8abc62,iroh_dial,relay,cold,0,stream_open,92.535,ok
d936f8f1353884b10194235108d0a983ef8abc62,iroh_dial,relay,cold,0,echo_rtt,75.935,ok
d936f8f1353884b10194235108d0a983ef8abc62,iroh_dial,relay,cold,0,echo_rtt,75.751,ok
d936f8f1353884b10194235108d0a983ef8abc62,iroh_dial,relay,cold,0,echo_rtt,76.013,ok
d936f8f1353884b10194235108d0a983ef8abc62,iroh_dial,relay,cold,0,echo_rtt,76.367,ok
d936f8f1353884b10194235108d0a983ef8abc62,iroh_dial,relay,cold,0,echo_rtt,75.917,ok
d936f8f1353884b10194235108d0a983ef8abc62,iroh_dial,relay,cold,0,echo_rtt,79.391,ok
d936f8f1353884b10194235108d0a983ef8abc62,iroh_dial,relay,cold,0,echo_rtt,75.924,ok
d936f8f1353884b10194235108d0a983ef8abc62,iroh_dial,relay,cold,0,echo_rtt,75.821,ok
d936f8f1353884b10194235108d0a983ef8abc62,iroh_dial,relay,cold,0,echo_rtt,75.790,ok
d936f8f1353884b10194235108d0a983ef8abc62,iroh_dial,relay,cold,0,echo_rtt,75.919,ok
d936f8f1353884b10194235108d0a983ef8abc62,iroh_dial,relay,cold,0,echo_rtt,75.785,ok
d936f8f1353884b10194235108d0a983ef8abc62,iroh_dial,relay,cold,0,echo_rtt,76.327,ok
d936f8f1353884b10194235108d0a983ef8abc62,iroh_dial,relay,cold,0,echo_rtt,75.839,ok
d936f8f1353884b10194235108d0a983ef8abc62,iroh_dial,relay,cold,0,echo_rtt,75.998,ok
d936f8f1353884b10194235108d0a983ef8abc62,iroh_dial,relay,cold,0,echo_rtt,75.804,ok
d936f8f1353884b10194235108d0a983ef8abc62,iroh_dial,relay,cold,0,echo_rtt,75.793,ok
d936f8f1353884b10194235108d0a983ef8abc62,iroh_dial,relay,cold,0,echo_rtt,75.855,ok
d936f8f1353884b10194235108d0a983ef8abc62,iroh_dial,relay,cold,0,echo_rtt,75.856,ok
d936f8f1353884b10194235108d0a983ef8abc62,iroh_dial,relay,cold,0,echo_rtt,76.116,ok
d936f8f1353884b10194235108d0a983ef8abc62,iroh_dial,relay,cold,0,echo_rtt,76.041,ok
d936f8f1353884b10194235108d0a983ef8abc62,iroh_dial,relay,cold,0,process_spawn,0.658,ok
d936f8f1353884b10194235108d0a983ef8abc62,iroh_dial,relay,cold,0,runtime_start,0.388,ok
d936f8f1353884b10194235108d0a983ef8abc62,iroh_dial,relay,cold,0,endpoint_bind,1.398,ok
d936f8f1353884b10194235108d0a983ef8abc62,iroh_dial,relay,cold,0,address_lookup,0.087,ok
d936f8f1353884b10194235108d0a983ef8abc62,iroh_dial,relay,cold,0,dial_handshake,193.018,ok
d936f8f1353884b10194235108d0a983ef8abc62,iroh_dial,relay,cold,0,stream_open,94.137,ok
d936f8f1353884b10194235108d0a983ef8abc62,iroh_dial,relay,cold,0,echo_rtt,76.063,ok
d936f8f1353884b10194235108d0a983ef8abc62,iroh_dial,relay,cold,0,echo_rtt,75.998,ok
d936f8f1353884b10194235108d0a983ef8abc62,iroh_dial,relay,cold,0,echo_rtt,76.009,ok
d936f8f1353884b10194235108d0a983ef8abc62,iroh_dial,relay,cold,0,echo_rtt,76.384,ok
d936f8f1353884b10194235108d0a983ef8abc62,iroh_dial,relay,cold,0,echo_rtt,76.078,ok
d936f8f1353884b10194235108d0a983ef8abc62,iroh_dial,relay,cold,0,echo_rtt,76.322,ok
d936f8f1353884b10194235108d0a983ef8abc62,iroh_dial,relay,cold,0,echo_rtt,75.927,ok
d936f8f1353884b10194235108d0a983ef8abc62,iroh_dial,relay,cold,0,echo_rtt,76.106,ok
d936f8f1353884b10194235108d0a983ef8abc62,iroh_dial,relay,cold,0,echo_rtt,76.000,ok
d936f8f1353884b10194235108d0a983ef8abc62,iroh_dial,relay,cold,0,echo_rtt,76.046,ok
d936f8f1353884b10194235108d0a983ef8abc62,iroh_dial,relay,cold,0,echo_rtt,75.922,ok
d936f8f1353884b10194235108d0a983ef8abc62,iroh_dial,relay,cold,0,echo_rtt,75.981,ok
d936f8f1353884b10194235108d0a983ef8abc62,iroh_dial,relay,cold,0,echo_rtt,75.907,ok
d936f8f1353884b10194235108d0a983ef8abc62,iroh_dial,relay,cold,0,echo_rtt,75.991,ok
d936f8f1353884b10194235108d0a983ef8abc62,iroh_dial,relay,cold,0,echo_rtt,75.935,ok
d936f8f1353884b10194235108d0a983ef8abc62,iroh_dial,relay,cold,0,echo_rtt,76.003,ok
d936f8f1353884b10194235108d0a983ef8abc62,iroh_dial,relay,cold,0,echo_rtt,76.082,ok
d936f8f1353884b10194235108d0a983ef8abc62,iroh_dial,relay,cold,0,echo_rtt,76.099,ok
d936f8f1353884b10194235108d0a983ef8abc62,iroh_dial,relay,cold,0,echo_rtt,75.958,ok
d936f8f1353884b10194235108d0a983ef8abc62,iroh_dial,relay,cold,0,echo_rtt,76.234,ok
d936f8f1353884b10194235108d0a983ef8abc62,iroh_dial,relay,cold,0,process_spawn,0.627,ok
d936f8f1353884b10194235108d0a983ef8abc62,iroh_dial,relay,cold,0,runtime_start,0.347,ok
d936f8f1353884b10194235108d0a983ef8abc62,iroh_dial,relay,cold,0,endpoint_bind,1.484,ok
d936f8f1353884b10194235108d0a983ef8abc62,iroh_dial,relay,cold,0,address_lookup,0.103,ok
d936f8f1353884b10194235108d0a983ef8abc62,iroh_dial,relay,cold,0,dial_handshake,201.340,ok
d936f8f1353884b10194235108d0a983ef8abc62,iroh_dial,relay,cold,0,stream_open,96.859,ok
d936f8f1353884b10194235108d0a983ef8abc62,iroh_dial,relay,cold,0,echo_rtt,78.016,ok
d936f8f1353884b10194235108d0a983ef8abc62,iroh_dial,relay,cold,0,echo_rtt,78.067,ok
d936f8f1353884b10194235108d0a983ef8abc62,iroh_dial,relay,cold,0,echo_rtt,78.022,ok
d936f8f1353884b10194235108d0a983ef8abc62,iroh_dial,relay,cold,0,echo_rtt,78.013,ok
d936f8f1353884b10194235108d0a983ef8abc62,iroh_dial,relay,cold,0,echo_rtt,78.146,ok
d936f8f1353884b10194235108d0a983ef8abc62,iroh_dial,relay,cold,0,echo_rtt,78.117,ok
d936f8f1353884b10194235108d0a983ef8abc62,iroh_dial,relay,cold,0,echo_rtt,78.215,ok
d936f8f1353884b10194235108d0a983ef8abc62,iroh_dial,relay,cold,0,echo_rtt,78.309,ok
d936f8f1353884b10194235108d0a983ef8abc62,iroh_dial,relay,cold,0,echo_rtt,78.052,ok
d936f8f1353884b10194235108d0a983ef8abc62,iroh_dial,relay,cold,0,echo_rtt,78.256,ok
d936f8f1353884b10194235108d0a983ef8abc62,iroh_dial,relay,cold,0,echo_rtt,78.072,ok
d936f8f1353884b10194235108d0a983ef8abc62,iroh_dial,relay,cold,0,echo_rtt,77.972,ok
d936f8f1353884b10194235108d0a983ef8abc62,iroh_dial,relay,cold,0,echo_rtt,78.289,ok
d936f8f1353884b10194235108d0a983ef8abc62,iroh_dial,relay,cold,0,echo_rtt,78.795,ok
d936f8f1353884b10194235108d0a983ef8abc62,iroh_dial,relay,cold,0,echo_rtt,78.013,ok
d936f8f1353884b10194235108d0a983ef8abc62,iroh_dial,relay,cold,0,echo_rtt,77.976,ok
d936f8f1353884b10194235108d0a983ef8abc62,iroh_dial,relay,cold,0,echo_rtt,78.007,ok
d936f8f1353884b10194235108d0a983ef8abc62,iroh_dial,relay,cold,0,echo_rtt,78.151,ok
d936f8f1353884b10194235108d0a983ef8abc62,iroh_dial,relay,cold,0,echo_rtt,78.113,ok
d936f8f1353884b10194235108d0a983ef8abc62,iroh_dial,relay,cold,0,echo_rtt,78.366,ok
d936f8f1353884b10194235108d0a983ef8abc62,iroh_dial,relay,cold,0,process_spawn,0.634,ok
d936f8f1353884b10194235108d0a983ef8abc62,iroh_dial,relay,cold,0,runtime_start,0.333,ok
d936f8f1353884b10194235108d0a983ef8abc62,iroh_dial,relay,cold,0,endpoint_bind,1.510,ok
d936f8f1353884b10194235108d0a983ef8abc62,iroh_dial,relay,cold,0,address_lookup,0.104,ok
d936f8f1353884b10194235108d0a983ef8abc62,iroh_dial,relay,cold,0,dial_handshake,193.233,ok
d936f8f1353884b10194235108d0a983ef8abc62,iroh_dial,relay,cold,0,stream_open,93.544,ok
d936f8f1353884b10194235108d0a983ef8abc62,iroh_dial,relay,cold,0,echo_rtt,76.819,ok
d936f8f1353884b10194235108d0a983ef8abc62,iroh_dial,relay,cold,0,echo_rtt,75.647,ok
d936f8f1353884b10194235108d0a983ef8abc62,iroh_dial,relay,cold,0,echo_rtt,75.776,ok
d936f8f1353884b10194235108d0a983ef8abc62,iroh_dial,relay,cold,0,echo_rtt,75.724,ok
d936f8f1353884b10194235108d0a983ef8abc62,iroh_dial,relay,cold,0,echo_rtt,76.558,ok
d936f8f1353884b10194235108d0a983ef8abc62,iroh_dial,relay,cold,0,echo_rtt,75.704,ok
d936f8f1353884b10194235108d0a983ef8abc62,iroh_dial,relay,cold,0,echo_rtt,75.846,ok
d936f8f1353884b10194235108d0a983ef8abc62,iroh_dial,relay,cold,0,echo_rtt,75.775,ok
d936f8f1353884b10194235108d0a983ef8abc62,iroh_dial,relay,cold,0,echo_rtt,75.703,ok
d936f8f1353884b10194235108d0a983ef8abc62,iroh_dial,relay,cold,0,echo_rtt,75.746,ok
d936f8f1353884b10194235108d0a983ef8abc62,iroh_dial,relay,cold,0,echo_rtt,77.974,ok
d936f8f1353884b10194235108d0a983ef8abc62,iroh_dial,relay,cold,0,echo_rtt,75.596,ok
d936f8f1353884b10194235108d0a983ef8abc62,iroh_dial,relay,cold,0,echo_rtt,75.644,ok
d936f8f1353884b10194235108d0a983ef8abc62,iroh_dial,relay,cold,0,echo_rtt,75.752,ok
d936f8f1353884b10194235108d0a983ef8abc62,iroh_dial,relay,cold,0,echo_rtt,75.857,ok
d936f8f1353884b10194235108d0a983ef8abc62,iroh_dial,relay,cold,0,echo_rtt,75.712,ok
d936f8f1353884b10194235108d0a983ef8abc62,iroh_dial,relay,cold,0,echo_rtt,75.701,ok
d936f8f1353884b10194235108d0a983ef8abc62,iroh_dial,relay,cold,0,echo_rtt,76.458,ok
d936f8f1353884b10194235108d0a983ef8abc62,iroh_dial,relay,cold,0,echo_rtt,77.187,ok
d936f8f1353884b10194235108d0a983ef8abc62,iroh_dial,relay,cold,0,echo_rtt,75.677,ok
d936f8f1353884b10194235108d0a983ef8abc62,iroh_dial,relay,cold,0,process_spawn,0.637,ok
d936f8f1353884b10194235108d0a983ef8abc62,iroh_dial,relay,cold,0,runtime_start,0.346,ok
d936f8f1353884b10194235108d0a983ef8abc62,iroh_dial,relay,cold,0,endpoint_bind,1.439,ok
d936f8f1353884b10194235108d0a983ef8abc62,iroh_dial,relay,cold,0,address_lookup,0.088,ok
d936f8f1353884b10194235108d0a983ef8abc62,iroh_dial,relay,cold,0,dial_handshake,206.386,ok
d936f8f1353884b10194235108d0a983ef8abc62,iroh_dial,relay,cold,0,stream_open,94.023,ok
d936f8f1353884b10194235108d0a983ef8abc62,iroh_dial,relay,cold,0,echo_rtt,76.045,ok
d936f8f1353884b10194235108d0a983ef8abc62,iroh_dial,relay,cold,0,echo_rtt,75.951,ok
d936f8f1353884b10194235108d0a983ef8abc62,iroh_dial,relay,cold,0,echo_rtt,75.942,ok
d936f8f1353884b10194235108d0a983ef8abc62,iroh_dial,relay,cold,0,echo_rtt,75.930,ok
d936f8f1353884b10194235108d0a983ef8abc62,iroh_dial,relay,cold,0,echo_rtt,75.921,ok
d936f8f1353884b10194235108d0a983ef8abc62,iroh_dial,relay,cold,0,echo_rtt,75.934,ok
d936f8f1353884b10194235108d0a983ef8abc62,iroh_dial,relay,cold,0,echo_rtt,75.899,ok
d936f8f1353884b10194235108d0a983ef8abc62,iroh_dial,relay,cold,0,echo_rtt,75.937,ok
d936f8f1353884b10194235108d0a983ef8abc62,iroh_dial,relay,cold,0,echo_rtt,75.887,ok
d936f8f1353884b10194235108d0a983ef8abc62,iroh_dial,relay,cold,0,echo_rtt,75.970,ok
d936f8f1353884b10194235108d0a983ef8abc62,iroh_dial,relay,cold,0,echo_rtt,75.986,ok
d936f8f1353884b10194235108d0a983ef8abc62,iroh_dial,relay,cold,0,echo_rtt,75.889,ok
d936f8f1353884b10194235108d0a983ef8abc62,iroh_dial,relay,cold,0,echo_rtt,76.127,ok
d936f8f1353884b10194235108d0a983ef8abc62,iroh_dial,relay,cold,0,echo_rtt,75.985,ok
d936f8f1353884b10194235108d0a983ef8abc62,iroh_dial,relay,cold,0,echo_rtt,75.950,ok
d936f8f1353884b10194235108d0a983ef8abc62,iroh_dial,relay,cold,0,echo_rtt,75.965,ok
d936f8f1353884b10194235108d0a983ef8abc62,iroh_dial,relay,cold,0,echo_rtt,76.385,ok
d936f8f1353884b10194235108d0a983ef8abc62,iroh_dial,relay,cold,0,echo_rtt,76.168,ok
d936f8f1353884b10194235108d0a983ef8abc62,iroh_dial,relay,cold,0,echo_rtt,76.409,ok
d936f8f1353884b10194235108d0a983ef8abc62,iroh_dial,relay,cold,0,echo_rtt,76.042,ok
d936f8f1353884b10194235108d0a983ef8abc62,iroh_dial,relay,cold,0,process_spawn,0.648,ok
d936f8f1353884b10194235108d0a983ef8abc62,iroh_dial,relay,cold,0,runtime_start,0.419,ok
d936f8f1353884b10194235108d0a983ef8abc62,iroh_dial,relay,cold,0,endpoint_bind,1.882,ok
d936f8f1353884b10194235108d0a983ef8abc62,iroh_dial,relay,cold,0,address_lookup,0.100,ok
d936f8f1353884b10194235108d0a983ef8abc62,iroh_dial,relay,cold,0,dial_handshake,200.854,ok
d936f8f1353884b10194235108d0a983ef8abc62,iroh_dial,relay,cold,0,stream_open,95.937,ok
d936f8f1353884b10194235108d0a983ef8abc62,iroh_dial,relay,cold,0,echo_rtt,83.271,ok
d936f8f1353884b10194235108d0a983ef8abc62,iroh_dial,relay,cold,0,echo_rtt,80.258,ok
d936f8f1353884b10194235108d0a983ef8abc62,iroh_dial,relay,cold,0,echo_rtt,78.071,ok
d936f8f1353884b10194235108d0a983ef8abc62,iroh_dial,relay,cold,0,echo_rtt,78.392,ok
d936f8f1353884b10194235108d0a983ef8abc62,iroh_dial,relay,cold,0,echo_rtt,77.932,ok
d936f8f1353884b10194235108d0a983ef8abc62,iroh_dial,relay,cold,0,echo_rtt,78.042,ok
d936f8f1353884b10194235108d0a983ef8abc62,iroh_dial,relay,cold,0,echo_rtt,78.007,ok
d936f8f1353884b10194235108d0a983ef8abc62,iroh_dial,relay,cold,0,echo_rtt,77.994,ok
d936f8f1353884b10194235108d0a983ef8abc62,iroh_dial,relay,cold,0,echo_rtt,78.091,ok
d936f8f1353884b10194235108d0a983ef8abc62,iroh_dial,relay,cold,0,echo_rtt,78.042,ok
d936f8f1353884b10194235108d0a983ef8abc62,iroh_dial,relay,cold,0,echo_rtt,78.554,ok
d936f8f1353884b10194235108d0a983ef8abc62,iroh_dial,relay,cold,0,echo_rtt,77.959,ok
d936f8f1353884b10194235108d0a983ef8abc62,iroh_dial,relay,cold,0,echo_rtt,78.027,ok
d936f8f1353884b10194235108d0a983ef8abc62,iroh_dial,relay,cold,0,echo_rtt,78.277,ok
d936f8f1353884b10194235108d0a983ef8abc62,iroh_dial,relay,cold,0,echo_rtt,78.007,ok
d936f8f1353884b10194235108d0a983ef8abc62,iroh_dial,relay,cold,0,echo_rtt,78.480,ok
d936f8f1353884b10194235108d0a983ef8abc62,iroh_dial,relay,cold,0,echo_rtt,77.965,ok
d936f8f1353884b10194235108d0a983ef8abc62,iroh_dial,relay,cold,0,echo_rtt,78.083,ok
d936f8f1353884b10194235108d0a983ef8abc62,iroh_dial,relay,cold,0,echo_rtt,77.997,ok
d936f8f1353884b10194235108d0a983ef8abc62,iroh_dial,relay,cold,0,echo_rtt,78.015,ok
d936f8f1353884b10194235108d0a983ef8abc62,iroh_dial,relay,cold,0,process_spawn,0.630,ok
d936f8f1353884b10194235108d0a983ef8abc62,iroh_dial,relay,cold,0,runtime_start,0.341,ok
d936f8f1353884b10194235108d0a983ef8abc62,iroh_dial,relay,cold,0,endpoint_bind,1.415,ok
d936f8f1353884b10194235108d0a983ef8abc62,iroh_dial,relay,cold,0,address_lookup,0.085,ok
d936f8f1353884b10194235108d0a983ef8abc62,iroh_dial,relay,cold,0,dial_handshake,192.065,ok
d936f8f1353884b10194235108d0a983ef8abc62,iroh_dial,relay,cold,0,stream_open,94.372,ok
d936f8f1353884b10194235108d0a983ef8abc62,iroh_dial,relay,cold,0,echo_rtt,75.740,ok
d936f8f1353884b10194235108d0a983ef8abc62,iroh_dial,relay,cold,0,echo_rtt,75.655,ok
d936f8f1353884b10194235108d0a983ef8abc62,iroh_dial,relay,cold,0,echo_rtt,75.751,ok
d936f8f1353884b10194235108d0a983ef8abc62,iroh_dial,relay,cold,0,echo_rtt,75.753,ok
d936f8f1353884b10194235108d0a983ef8abc62,iroh_dial,relay,cold,0,echo_rtt,75.687,ok
d936f8f1353884b10194235108d0a983ef8abc62,iroh_dial,relay,cold,0,echo_rtt,75.722,ok
d936f8f1353884b10194235108d0a983ef8abc62,iroh_dial,relay,cold,0,echo_rtt,76.940,ok
d936f8f1353884b10194235108d0a983ef8abc62,iroh_dial,relay,cold,0,echo_rtt,75.606,ok
d936f8f1353884b10194235108d0a983ef8abc62,iroh_dial,relay,cold,0,echo_rtt,75.696,ok
d936f8f1353884b10194235108d0a983ef8abc62,iroh_dial,relay,cold,0,echo_rtt,75.675,ok
d936f8f1353884b10194235108d0a983ef8abc62,iroh_dial,relay,cold,0,echo_rtt,75.665,ok
d936f8f1353884b10194235108d0a983ef8abc62,iroh_dial,relay,cold,0,echo_rtt,75.891,ok
d936f8f1353884b10194235108d0a983ef8abc62,iroh_dial,relay,cold,0,echo_rtt,76.217,ok
d936f8f1353884b10194235108d0a983ef8abc62,iroh_dial,relay,cold,0,echo_rtt,75.873,ok
d936f8f1353884b10194235108d0a983ef8abc62,iroh_dial,relay,cold,0,echo_rtt,75.658,ok
d936f8f1353884b10194235108d0a983ef8abc62,iroh_dial,relay,cold,0,echo_rtt,75.643,ok
d936f8f1353884b10194235108d0a983ef8abc62,iroh_dial,relay,cold,0,echo_rtt,75.647,ok
d936f8f1353884b10194235108d0a983ef8abc62,iroh_dial,relay,cold,0,echo_rtt,75.672,ok
d936f8f1353884b10194235108d0a983ef8abc62,iroh_dial,relay,cold,0,echo_rtt,75.631,ok
d936f8f1353884b10194235108d0a983ef8abc62,iroh_dial,relay,cold,0,echo_rtt,75.688,ok
d936f8f1353884b10194235108d0a983ef8abc62,iroh_dial,relay,cold,0,process_spawn,0.653,ok
d936f8f1353884b10194235108d0a983ef8abc62,iroh_dial,relay,cold,0,runtime_start,0.328,ok
d936f8f1353884b10194235108d0a983ef8abc62,iroh_dial,relay,cold,0,endpoint_bind,1.457,ok
d936f8f1353884b10194235108d0a983ef8abc62,iroh_dial,relay,cold,0,address_lookup,0.101,ok
d936f8f1353884b10194235108d0a983ef8abc62,iroh_dial,relay,cold,0,dial_handshake,192.416,ok
d936f8f1353884b10194235108d0a983ef8abc62,iroh_dial,relay,cold,0,stream_open,93.632,ok
d936f8f1353884b10194235108d0a983ef8abc62,iroh_dial,relay,cold,0,echo_rtt,76.304,ok
d936f8f1353884b10194235108d0a983ef8abc62,iroh_dial,relay,cold,0,echo_rtt,75.869,ok
d936f8f1353884b10194235108d0a983ef8abc62,iroh_dial,relay,cold,0,echo_rtt,75.844,ok
d936f8f1353884b10194235108d0a983ef8abc62,iroh_dial,relay,cold,0,echo_rtt,75.773,ok
d936f8f1353884b10194235108d0a983ef8abc62,iroh_dial,relay,cold,0,echo_rtt,76.081,ok
d936f8f1353884b10194235108d0a983ef8abc62,iroh_dial,relay,cold,0,echo_rtt,75.754,ok
d936f8f1353884b10194235108d0a983ef8abc62,iroh_dial,relay,cold,0,echo_rtt,76.177,ok
d936f8f1353884b10194235108d0a983ef8abc62,iroh_dial,relay,cold,0,echo_rtt,75.698,ok
d936f8f1353884b10194235108d0a983ef8abc62,iroh_dial,relay,cold,0,echo_rtt,75.764,ok
d936f8f1353884b10194235108d0a983ef8abc62,iroh_dial,relay,cold,0,echo_rtt,75.708,ok
d936f8f1353884b10194235108d0a983ef8abc62,iroh_dial,relay,cold,0,echo_rtt,75.788,ok
d936f8f1353884b10194235108d0a983ef8abc62,iroh_dial,relay,cold,0,echo_rtt,75.730,ok
d936f8f1353884b10194235108d0a983ef8abc62,iroh_dial,relay,cold,0,echo_rtt,75.767,ok
d936f8f1353884b10194235108d0a983ef8abc62,iroh_dial,relay,cold,0,echo_rtt,75.763,ok
d936f8f1353884b10194235108d0a983ef8abc62,iroh_dial,relay,cold,0,echo_rtt,75.771,ok
d936f8f1353884b10194235108d0a983ef8abc62,iroh_dial,relay,cold,0,echo_rtt,75.825,ok
d936f8f1353884b10194235108d0a983ef8abc62,iroh_dial,relay,cold,0,echo_rtt,75.696,ok
d936f8f1353884b10194235108d0a983ef8abc62,iroh_dial,relay,cold,0,echo_rtt,75.801,ok
d936f8f1353884b10194235108d0a983ef8abc62,iroh_dial,relay,cold,0,echo_rtt,75.844,ok
d936f8f1353884b10194235108d0a983ef8abc62,iroh_dial,relay,cold,0,echo_rtt,75.779,ok
d936f8f1353884b10194235108d0a983ef8abc62,iroh_dial,relay,cold,0,process_spawn,0.659,ok
d936f8f1353884b10194235108d0a983ef8abc62,iroh_dial,relay,cold,0,runtime_start,0.344,ok
d936f8f1353884b10194235108d0a983ef8abc62,iroh_dial,relay,cold,0,endpoint_bind,1.396,ok
d936f8f1353884b10194235108d0a983ef8abc62,iroh_dial,relay,cold,0,address_lookup,0.106,ok
d936f8f1353884b10194235108d0a983ef8abc62,iroh_dial,relay,cold,0,dial_handshake,192.444,ok
d936f8f1353884b10194235108d0a983ef8abc62,iroh_dial,relay,cold,0,stream_open,93.727,ok
d936f8f1353884b10194235108d0a983ef8abc62,iroh_dial,relay,cold,0,echo_rtt,75.625,ok
d936f8f1353884b10194235108d0a983ef8abc62,iroh_dial,relay,cold,0,echo_rtt,76.094,ok
d936f8f1353884b10194235108d0a983ef8abc62,iroh_dial,relay,cold,0,echo_rtt,75.700,ok
d936f8f1353884b10194235108d0a983ef8abc62,iroh_dial,relay,cold,0,echo_rtt,75.581,ok
d936f8f1353884b10194235108d0a983ef8abc62,iroh_dial,relay,cold,0,echo_rtt,75.652,ok
d936f8f1353884b10194235108d0a983ef8abc62,iroh_dial,relay,cold,0,echo_rtt,75.673,ok
d936f8f1353884b10194235108d0a983ef8abc62,iroh_dial,relay,cold,0,echo_rtt,75.804,ok
d936f8f1353884b10194235108d0a983ef8abc62,iroh_dial,relay,cold,0,echo_rtt,75.824,ok
d936f8f1353884b10194235108d0a983ef8abc62,iroh_dial,relay,cold,0,echo_rtt,75.607,ok
d936f8f1353884b10194235108d0a983ef8abc62,iroh_dial,relay,cold,0,echo_rtt,75.650,ok
d936f8f1353884b10194235108d0a983ef8abc62,iroh_dial,relay,cold,0,echo_rtt,75.893,ok
d936f8f1353884b10194235108d0a983ef8abc62,iroh_dial,relay,cold,0,echo_rtt,75.821,ok
d936f8f1353884b10194235108d0a983ef8abc62,iroh_dial,relay,cold,0,echo_rtt,75.732,ok
d936f8f1353884b10194235108d0a983ef8abc62,iroh_dial,relay,cold,0,echo_rtt,75.679,ok
d936f8f1353884b10194235108d0a983ef8abc62,iroh_dial,relay,cold,0,echo_rtt,75.736,ok
d936f8f1353884b10194235108d0a983ef8abc62,iroh_dial,relay,cold,0,echo_rtt,75.627,ok
d936f8f1353884b10194235108d0a983ef8abc62,iroh_dial,relay,cold,0,echo_rtt,75.844,ok
d936f8f1353884b10194235108d0a983ef8abc62,iroh_dial,relay,cold,0,echo_rtt,75.737,ok
d936f8f1353884b10194235108d0a983ef8abc62,iroh_dial,relay,cold,0,echo_rtt,75.935,ok
d936f8f1353884b10194235108d0a983ef8abc62,iroh_dial,relay,cold,0,echo_rtt,75.647,ok
d936f8f1353884b10194235108d0a983ef8abc62,iroh_dial,relay,cold,0,process_spawn,0.618,ok
d936f8f1353884b10194235108d0a983ef8abc62,iroh_dial,relay,cold,0,runtime_start,0.351,ok
d936f8f1353884b10194235108d0a983ef8abc62,iroh_dial,relay,cold,0,endpoint_bind,1.566,ok
d936f8f1353884b10194235108d0a983ef8abc62,iroh_dial,relay,cold,0,address_lookup,0.103,ok
d936f8f1353884b10194235108d0a983ef8abc62,iroh_dial,relay,cold,0,dial_handshake,191.391,ok
d936f8f1353884b10194235108d0a983ef8abc62,iroh_dial,relay,cold,0,stream_open,92.919,ok
d936f8f1353884b10194235108d0a983ef8abc62,iroh_dial,relay,cold,0,echo_rtt,75.621,ok
d936f8f1353884b10194235108d0a983ef8abc62,iroh_dial,relay,cold,0,echo_rtt,75.780,ok
d936f8f1353884b10194235108d0a983ef8abc62,iroh_dial,relay,cold,0,echo_rtt,75.720,ok
d936f8f1353884b10194235108d0a983ef8abc62,iroh_dial,relay,cold,0,echo_rtt,75.825,ok
d936f8f1353884b10194235108d0a983ef8abc62,iroh_dial,relay,cold,0,echo_rtt,76.378,ok
d936f8f1353884b10194235108d0a983ef8abc62,iroh_dial,relay,cold,0,echo_rtt,76.528,ok
d936f8f1353884b10194235108d0a983ef8abc62,iroh_dial,relay,cold,0,echo_rtt,75.678,ok
d936f8f1353884b10194235108d0a983ef8abc62,iroh_dial,relay,cold,0,echo_rtt,75.851,ok
d936f8f1353884b10194235108d0a983ef8abc62,iroh_dial,relay,cold,0,echo_rtt,75.857,ok
d936f8f1353884b10194235108d0a983ef8abc62,iroh_dial,relay,cold,0,echo_rtt,75.626,ok
d936f8f1353884b10194235108d0a983ef8abc62,iroh_dial,relay,cold,0,echo_rtt,75.574,ok
d936f8f1353884b10194235108d0a983ef8abc62,iroh_dial,relay,cold,0,echo_rtt,75.713,ok
d936f8f1353884b10194235108d0a983ef8abc62,iroh_dial,relay,cold,0,echo_rtt,75.608,ok
d936f8f1353884b10194235108d0a983ef8abc62,iroh_dial,relay,cold,0,echo_rtt,75.567,ok
d936f8f1353884b10194235108d0a983ef8abc62,iroh_dial,relay,cold,0,echo_rtt,75.754,ok
d936f8f1353884b10194235108d0a983ef8abc62,iroh_dial,relay,cold,0,echo_rtt,75.837,ok
d936f8f1353884b10194235108d0a983ef8abc62,iroh_dial,relay,cold,0,echo_rtt,75.599,ok
d936f8f1353884b10194235108d0a983ef8abc62,iroh_dial,relay,cold,0,echo_rtt,75.721,ok
d936f8f1353884b10194235108d0a983ef8abc62,iroh_dial,relay,cold,0,echo_rtt,75.671,ok
d936f8f1353884b10194235108d0a983ef8abc62,iroh_dial,relay,cold,0,echo_rtt,75.673,ok
d936f8f1353884b10194235108d0a983ef8abc62,iroh_dial,relay,cold,0,process_spawn,0.751,ok
d936f8f1353884b10194235108d0a983ef8abc62,iroh_dial,relay,cold,0,runtime_start,0.398,ok
d936f8f1353884b10194235108d0a983ef8abc62,iroh_dial,relay,cold,0,endpoint_bind,1.420,ok
d936f8f1353884b10194235108d0a983ef8abc62,iroh_dial,relay,cold,0,address_lookup,0.084,ok
d936f8f1353884b10194235108d0a983ef8abc62,iroh_dial,relay,cold,0,dial_handshake,193.916,ok
d936f8f1353884b10194235108d0a983ef8abc62,iroh_dial,relay,cold,0,stream_open,94.199,ok
d936f8f1353884b10194235108d0a983ef8abc62,iroh_dial,relay,cold,0,echo_rtt,76.287,ok
d936f8f1353884b10194235108d0a983ef8abc62,iroh_dial,relay,cold,0,echo_rtt,76.286,ok
d936f8f1353884b10194235108d0a983ef8abc62,iroh_dial,relay,cold,0,echo_rtt,76.189,ok
d936f8f1353884b10194235108d0a983ef8abc62,iroh_dial,relay,cold,0,echo_rtt,76.302,ok
d936f8f1353884b10194235108d0a983ef8abc62,iroh_dial,relay,cold,0,echo_rtt,76.291,ok
d936f8f1353884b10194235108d0a983ef8abc62,iroh_dial,relay,cold,0,echo_rtt,76.236,ok
d936f8f1353884b10194235108d0a983ef8abc62,iroh_dial,relay,cold,0,echo_rtt,76.318,ok
d936f8f1353884b10194235108d0a983ef8abc62,iroh_dial,relay,cold,0,echo_rtt,76.654,ok
d936f8f1353884b10194235108d0a983ef8abc62,iroh_dial,relay,cold,0,echo_rtt,76.286,ok
d936f8f1353884b10194235108d0a983ef8abc62,iroh_dial,relay,cold,0,echo_rtt,76.259,ok
d936f8f1353884b10194235108d0a983ef8abc62,iroh_dial,relay,cold,0,echo_rtt,76.195,ok
d936f8f1353884b10194235108d0a983ef8abc62,iroh_dial,relay,cold,0,echo_rtt,76.162,ok
d936f8f1353884b10194235108d0a983ef8abc62,iroh_dial,relay,cold,0,echo_rtt,76.221,ok
d936f8f1353884b10194235108d0a983ef8abc62,iroh_dial,relay,cold,0,echo_rtt,76.293,ok
d936f8f1353884b10194235108d0a983ef8abc62,iroh_dial,relay,cold,0,echo_rtt,76.189,ok
d936f8f1353884b10194235108d0a983ef8abc62,iroh_dial,relay,cold,0,echo_rtt,76.148,ok
d936f8f1353884b10194235108d0a983ef8abc62,iroh_dial,relay,cold,0,echo_rtt,76.181,ok
d936f8f1353884b10194235108d0a983ef8abc62,iroh_dial,relay,cold,0,echo_rtt,76.215,ok
d936f8f1353884b10194235108d0a983ef8abc62,iroh_dial,relay,cold,0,echo_rtt,76.198,ok
d936f8f1353884b10194235108d0a983ef8abc62,iroh_dial,relay,cold,0,echo_rtt,76.248,ok
d936f8f1353884b10194235108d0a983ef8abc62,iroh_dial,relay,cold,0,process_spawn,0.713,ok
d936f8f1353884b10194235108d0a983ef8abc62,iroh_dial,relay,cold,0,runtime_start,0.388,ok
d936f8f1353884b10194235108d0a983ef8abc62,iroh_dial,relay,cold,0,endpoint_bind,1.568,ok
d936f8f1353884b10194235108d0a983ef8abc62,iroh_dial,relay,cold,0,address_lookup,0.121,ok
d936f8f1353884b10194235108d0a983ef8abc62,iroh_dial,relay,cold,0,dial_handshake,201.155,ok
d936f8f1353884b10194235108d0a983ef8abc62,iroh_dial,relay,cold,0,stream_open,95.905,ok
d936f8f1353884b10194235108d0a983ef8abc62,iroh_dial,relay,cold,0,echo_rtt,77.966,ok
d936f8f1353884b10194235108d0a983ef8abc62,iroh_dial,relay,cold,0,echo_rtt,77.995,ok
d936f8f1353884b10194235108d0a983ef8abc62,iroh_dial,relay,cold,0,echo_rtt,78.097,ok
d936f8f1353884b10194235108d0a983ef8abc62,iroh_dial,relay,cold,0,echo_rtt,78.148,ok
d936f8f1353884b10194235108d0a983ef8abc62,iroh_dial,relay,cold,0,echo_rtt,77.989,ok
d936f8f1353884b10194235108d0a983ef8abc62,iroh_dial,relay,cold,0,echo_rtt,78.013,ok
d936f8f1353884b10194235108d0a983ef8abc62,iroh_dial,relay,cold,0,echo_rtt,78.064,ok
d936f8f1353884b10194235108d0a983ef8abc62,iroh_dial,relay,cold,0,echo_rtt,78.215,ok
d936f8f1353884b10194235108d0a983ef8abc62,iroh_dial,relay,cold,0,echo_rtt,77.953,ok
d936f8f1353884b10194235108d0a983ef8abc62,iroh_dial,relay,cold,0,echo_rtt,78.052,ok
d936f8f1353884b10194235108d0a983ef8abc62,iroh_dial,relay,cold,0,echo_rtt,77.998,ok
d936f8f1353884b10194235108d0a983ef8abc62,iroh_dial,relay,cold,0,echo_rtt,78.056,ok
d936f8f1353884b10194235108d0a983ef8abc62,iroh_dial,relay,cold,0,echo_rtt,78.236,ok
d936f8f1353884b10194235108d0a983ef8abc62,iroh_dial,relay,cold,0,echo_rtt,78.255,ok
d936f8f1353884b10194235108d0a983ef8abc62,iroh_dial,relay,cold,0,echo_rtt,77.982,ok
d936f8f1353884b10194235108d0a983ef8abc62,iroh_dial,relay,cold,0,echo_rtt,78.067,ok
d936f8f1353884b10194235108d0a983ef8abc62,iroh_dial,relay,cold,0,echo_rtt,77.931,ok
d936f8f1353884b10194235108d0a983ef8abc62,iroh_dial,relay,cold,0,echo_rtt,77.981,ok
d936f8f1353884b10194235108d0a983ef8abc62,iroh_dial,relay,cold,0,echo_rtt,78.203,ok
d936f8f1353884b10194235108d0a983ef8abc62,iroh_dial,relay,cold,0,echo_rtt,77.957,ok
d936f8f1353884b10194235108d0a983ef8abc62,iroh_dial,relay,cold,0,process_spawn,0.692,ok
d936f8f1353884b10194235108d0a983ef8abc62,iroh_dial,relay,cold,0,runtime_start,0.370,ok
d936f8f1353884b10194235108d0a983ef8abc62,iroh_dial,relay,cold,0,endpoint_bind,1.527,ok
d936f8f1353884b10194235108d0a983ef8abc62,iroh_dial,relay,cold,0,address_lookup,0.115,ok
d936f8f1353884b10194235108d0a983ef8abc62,iroh_dial,relay,cold,0,dial_handshake,200.937,ok
d936f8f1353884b10194235108d0a983ef8abc62,iroh_dial,relay,cold,0,stream_open,95.919,ok
d936f8f1353884b10194235108d0a983ef8abc62,iroh_dial,relay,cold,0,echo_rtt,77.998,ok
d936f8f1353884b10194235108d0a983ef8abc62,iroh_dial,relay,cold,0,echo_rtt,78.023,ok
d936f8f1353884b10194235108d0a983ef8abc62,iroh_dial,relay,cold,0,echo_rtt,78.049,ok
d936f8f1353884b10194235108d0a983ef8abc62,iroh_dial,relay,cold,0,echo_rtt,78.190,ok
d936f8f1353884b10194235108d0a983ef8abc62,iroh_dial,relay,cold,0,echo_rtt,78.562,ok
d936f8f1353884b10194235108d0a983ef8abc62,iroh_dial,relay,cold,0,echo_rtt,78.109,ok
d936f8f1353884b10194235108d0a983ef8abc62,iroh_dial,relay,cold,0,echo_rtt,78.044,ok
d936f8f1353884b10194235108d0a983ef8abc62,iroh_dial,relay,cold,0,echo_rtt,78.075,ok
d936f8f1353884b10194235108d0a983ef8abc62,iroh_dial,relay,cold,0,echo_rtt,78.054,ok
d936f8f1353884b10194235108d0a983ef8abc62,iroh_dial,relay,cold,0,echo_rtt,78.049,ok
d936f8f1353884b10194235108d0a983ef8abc62,iroh_dial,relay,cold,0,echo_rtt,77.957,ok
d936f8f1353884b10194235108d0a983ef8abc62,iroh_dial,relay,cold,0,echo_rtt,78.019,ok
d936f8f1353884b10194235108d0a983ef8abc62,iroh_dial,relay,cold,0,echo_rtt,77.914,ok
d936f8f1353884b10194235108d0a983ef8abc62,iroh_dial,relay,cold,0,echo_rtt,77.900,ok
d936f8f1353884b10194235108d0a983ef8abc62,iroh_dial,relay,cold,0,echo_rtt,78.009,ok
d936f8f1353884b10194235108d0a983ef8abc62,iroh_dial,relay,cold,0,echo_rtt,77.925,ok
d936f8f1353884b10194235108d0a983ef8abc62,iroh_dial,relay,cold,0,echo_rtt,77.979,ok
d936f8f1353884b10194235108d0a983ef8abc62,iroh_dial,relay,cold,0,echo_rtt,77.990,ok
d936f8f1353884b10194235108d0a983ef8abc62,iroh_dial,relay,cold,0,echo_rtt,78.009,ok
d936f8f1353884b10194235108d0a983ef8abc62,iroh_dial,relay,cold,0,echo_rtt,77.999,ok
d936f8f1353884b10194235108d0a983ef8abc62,iroh_dial,relay,warm,1,address_lookup,0.112,ok
d936f8f1353884b10194235108d0a983ef8abc62,iroh_dial,relay,warm,1,dial_handshake,78.422,ok
d936f8f1353884b10194235108d0a983ef8abc62,iroh_dial,relay,warm,1,stream_open,92.041,ok
d936f8f1353884b10194235108d0a983ef8abc62,iroh_dial,relay,warm,1,echo_rtt,78.081,ok
d936f8f1353884b10194235108d0a983ef8abc62,iroh_dial,relay,warm,1,echo_rtt,78.625,ok
d936f8f1353884b10194235108d0a983ef8abc62,iroh_dial,relay,warm,1,echo_rtt,78.027,ok
d936f8f1353884b10194235108d0a983ef8abc62,iroh_dial,relay,warm,1,echo_rtt,77.953,ok
d936f8f1353884b10194235108d0a983ef8abc62,iroh_dial,relay,warm,1,echo_rtt,77.981,ok
d936f8f1353884b10194235108d0a983ef8abc62,iroh_dial,relay,warm,1,echo_rtt,77.988,ok
d936f8f1353884b10194235108d0a983ef8abc62,iroh_dial,relay,warm,1,echo_rtt,78.024,ok
d936f8f1353884b10194235108d0a983ef8abc62,iroh_dial,relay,warm,1,echo_rtt,77.996,ok
d936f8f1353884b10194235108d0a983ef8abc62,iroh_dial,relay,warm,1,echo_rtt,78.068,ok
d936f8f1353884b10194235108d0a983ef8abc62,iroh_dial,relay,warm,1,echo_rtt,78.220,ok
d936f8f1353884b10194235108d0a983ef8abc62,iroh_dial,relay,warm,1,echo_rtt,79.159,ok
d936f8f1353884b10194235108d0a983ef8abc62,iroh_dial,relay,warm,1,echo_rtt,77.935,ok
d936f8f1353884b10194235108d0a983ef8abc62,iroh_dial,relay,warm,1,echo_rtt,78.062,ok
d936f8f1353884b10194235108d0a983ef8abc62,iroh_dial,relay,warm,1,echo_rtt,78.001,ok
d936f8f1353884b10194235108d0a983ef8abc62,iroh_dial,relay,warm,1,echo_rtt,78.086,ok
d936f8f1353884b10194235108d0a983ef8abc62,iroh_dial,relay,warm,1,echo_rtt,78.137,ok
d936f8f1353884b10194235108d0a983ef8abc62,iroh_dial,relay,warm,1,echo_rtt,78.446,ok
d936f8f1353884b10194235108d0a983ef8abc62,iroh_dial,relay,warm,1,echo_rtt,78.237,ok
d936f8f1353884b10194235108d0a983ef8abc62,iroh_dial,relay,warm,1,echo_rtt,78.064,ok
d936f8f1353884b10194235108d0a983ef8abc62,iroh_dial,relay,warm,1,echo_rtt,77.983,ok
d936f8f1353884b10194235108d0a983ef8abc62,iroh_dial,relay,warm,2,address_lookup,0.109,ok
d936f8f1353884b10194235108d0a983ef8abc62,iroh_dial,relay,warm,2,dial_handshake,78.360,ok
d936f8f1353884b10194235108d0a983ef8abc62,iroh_dial,relay,warm,2,stream_open,92.056,ok
d936f8f1353884b10194235108d0a983ef8abc62,iroh_dial,relay,warm,2,echo_rtt,78.100,ok
d936f8f1353884b10194235108d0a983ef8abc62,iroh_dial,relay,warm,2,echo_rtt,78.152,ok
d936f8f1353884b10194235108d0a983ef8abc62,iroh_dial,relay,warm,2,echo_rtt,78.027,ok
d936f8f1353884b10194235108d0a983ef8abc62,iroh_dial,relay,warm,2,echo_rtt,78.108,ok
d936f8f1353884b10194235108d0a983ef8abc62,iroh_dial,relay,warm,2,echo_rtt,78.631,ok
d936f8f1353884b10194235108d0a983ef8abc62,iroh_dial,relay,warm,2,echo_rtt,78.145,ok
d936f8f1353884b10194235108d0a983ef8abc62,iroh_dial,relay,warm,2,echo_rtt,78.062,ok
d936f8f1353884b10194235108d0a983ef8abc62,iroh_dial,relay,warm,2,echo_rtt,78.072,ok
d936f8f1353884b10194235108d0a983ef8abc62,iroh_dial,relay,warm,2,echo_rtt,78.099,ok
d936f8f1353884b10194235108d0a983ef8abc62,iroh_dial,relay,warm,2,echo_rtt,78.138,ok
d936f8f1353884b10194235108d0a983ef8abc62,iroh_dial,relay,warm,2,echo_rtt,78.058,ok
d936f8f1353884b10194235108d0a983ef8abc62,iroh_dial,relay,warm,2,echo_rtt,78.100,ok
d936f8f1353884b10194235108d0a983ef8abc62,iroh_dial,relay,warm,2,echo_rtt,78.080,ok
d936f8f1353884b10194235108d0a983ef8abc62,iroh_dial,relay,warm,2,echo_rtt,78.043,ok
d936f8f1353884b10194235108d0a983ef8abc62,iroh_dial,relay,warm,2,echo_rtt,78.104,ok
d936f8f1353884b10194235108d0a983ef8abc62,iroh_dial,relay,warm,2,echo_rtt,78.070,ok
d936f8f1353884b10194235108d0a983ef8abc62,iroh_dial,relay,warm,2,echo_rtt,78.404,ok
d936f8f1353884b10194235108d0a983ef8abc62,iroh_dial,relay,warm,2,echo_rtt,78.042,ok
d936f8f1353884b10194235108d0a983ef8abc62,iroh_dial,relay,warm,2,echo_rtt,79.196,ok
d936f8f1353884b10194235108d0a983ef8abc62,iroh_dial,relay,warm,2,echo_rtt,78.024,ok
d936f8f1353884b10194235108d0a983ef8abc62,iroh_dial,relay,warm,3,address_lookup,0.101,ok
d936f8f1353884b10194235108d0a983ef8abc62,iroh_dial,relay,warm,3,dial_handshake,78.799,ok
d936f8f1353884b10194235108d0a983ef8abc62,iroh_dial,relay,warm,3,stream_open,92.096,ok
d936f8f1353884b10194235108d0a983ef8abc62,iroh_dial,relay,warm,3,echo_rtt,78.054,ok
d936f8f1353884b10194235108d0a983ef8abc62,iroh_dial,relay,warm,3,echo_rtt,78.172,ok
d936f8f1353884b10194235108d0a983ef8abc62,iroh_dial,relay,warm,3,echo_rtt,77.928,ok
d936f8f1353884b10194235108d0a983ef8abc62,iroh_dial,relay,warm,3,echo_rtt,77.941,ok
d936f8f1353884b10194235108d0a983ef8abc62,iroh_dial,relay,warm,3,echo_rtt,77.929,ok
d936f8f1353884b10194235108d0a983ef8abc62,iroh_dial,relay,warm,3,echo_rtt,78.081,ok
d936f8f1353884b10194235108d0a983ef8abc62,iroh_dial,relay,warm,3,echo_rtt,77.976,ok
d936f8f1353884b10194235108d0a983ef8abc62,iroh_dial,relay,warm,3,echo_rtt,78.105,ok
d936f8f1353884b10194235108d0a983ef8abc62,iroh_dial,relay,warm,3,echo_rtt,77.921,ok
d936f8f1353884b10194235108d0a983ef8abc62,iroh_dial,relay,warm,3,echo_rtt,77.953,ok
d936f8f1353884b10194235108d0a983ef8abc62,iroh_dial,relay,warm,3,echo_rtt,78.016,ok
d936f8f1353884b10194235108d0a983ef8abc62,iroh_dial,relay,warm,3,echo_rtt,77.973,ok
d936f8f1353884b10194235108d0a983ef8abc62,iroh_dial,relay,warm,3,echo_rtt,77.965,ok
d936f8f1353884b10194235108d0a983ef8abc62,iroh_dial,relay,warm,3,echo_rtt,78.076,ok
d936f8f1353884b10194235108d0a983ef8abc62,iroh_dial,relay,warm,3,echo_rtt,78.204,ok
d936f8f1353884b10194235108d0a983ef8abc62,iroh_dial,relay,warm,3,echo_rtt,78.002,ok
d936f8f1353884b10194235108d0a983ef8abc62,iroh_dial,relay,warm,3,echo_rtt,78.115,ok
d936f8f1353884b10194235108d0a983ef8abc62,iroh_dial,relay,warm,3,echo_rtt,79.587,ok
d936f8f1353884b10194235108d0a983ef8abc62,iroh_dial,relay,warm,3,echo_rtt,77.893,ok
d936f8f1353884b10194235108d0a983ef8abc62,iroh_dial,relay,warm,3,echo_rtt,78.142,ok
d936f8f1353884b10194235108d0a983ef8abc62,iroh_dial,relay,warm,4,address_lookup,0.091,ok
d936f8f1353884b10194235108d0a983ef8abc62,iroh_dial,relay,warm,4,dial_handshake,78.321,ok
d936f8f1353884b10194235108d0a983ef8abc62,iroh_dial,relay,warm,4,stream_open,91.178,ok
d936f8f1353884b10194235108d0a983ef8abc62,iroh_dial,relay,warm,4,echo_rtt,77.924,ok
d936f8f1353884b10194235108d0a983ef8abc62,iroh_dial,relay,warm,4,echo_rtt,77.929,ok
d936f8f1353884b10194235108d0a983ef8abc62,iroh_dial,relay,warm,4,echo_rtt,78.169,ok
d936f8f1353884b10194235108d0a983ef8abc62,iroh_dial,relay,warm,4,echo_rtt,78.082,ok
d936f8f1353884b10194235108d0a983ef8abc62,iroh_dial,relay,warm,4,echo_rtt,77.958,ok
d936f8f1353884b10194235108d0a983ef8abc62,iroh_dial,relay,warm,4,echo_rtt,77.978,ok
d936f8f1353884b10194235108d0a983ef8abc62,iroh_dial,relay,warm,4,echo_rtt,78.224,ok
d936f8f1353884b10194235108d0a983ef8abc62,iroh_dial,relay,warm,4,echo_rtt,77.934,ok
d936f8f1353884b10194235108d0a983ef8abc62,iroh_dial,relay,warm,4,echo_rtt,77.910,ok
d936f8f1353884b10194235108d0a983ef8abc62,iroh_dial,relay,warm,4,echo_rtt,77.946,ok
d936f8f1353884b10194235108d0a983ef8abc62,iroh_dial,relay,warm,4,echo_rtt,78.169,ok
d936f8f1353884b10194235108d0a983ef8abc62,iroh_dial,relay,warm,4,echo_rtt,78.045,ok
d936f8f1353884b10194235108d0a983ef8abc62,iroh_dial,relay,warm,4,echo_rtt,78.081,ok
d936f8f1353884b10194235108d0a983ef8abc62,iroh_dial,relay,warm,4,echo_rtt,77.967,ok
d936f8f1353884b10194235108d0a983ef8abc62,iroh_dial,relay,warm,4,echo_rtt,78.139,ok
d936f8f1353884b10194235108d0a983ef8abc62,iroh_dial,relay,warm,4,echo_rtt,77.919,ok
d936f8f1353884b10194235108d0a983ef8abc62,iroh_dial,relay,warm,4,echo_rtt,78.382,ok
d936f8f1353884b10194235108d0a983ef8abc62,iroh_dial,relay,warm,4,echo_rtt,78.137,ok
d936f8f1353884b10194235108d0a983ef8abc62,iroh_dial,relay,warm,4,echo_rtt,78.031,ok
d936f8f1353884b10194235108d0a983ef8abc62,iroh_dial,relay,warm,4,echo_rtt,77.965,ok
d936f8f1353884b10194235108d0a983ef8abc62,iroh_dial,relay,warm,5,address_lookup,0.105,ok
d936f8f1353884b10194235108d0a983ef8abc62,iroh_dial,relay,warm,5,dial_handshake,78.318,ok
d936f8f1353884b10194235108d0a983ef8abc62,iroh_dial,relay,warm,5,stream_open,92.462,ok
d936f8f1353884b10194235108d0a983ef8abc62,iroh_dial,relay,warm,5,echo_rtt,78.155,ok
d936f8f1353884b10194235108d0a983ef8abc62,iroh_dial,relay,warm,5,echo_rtt,77.935,ok
d936f8f1353884b10194235108d0a983ef8abc62,iroh_dial,relay,warm,5,echo_rtt,78.047,ok
d936f8f1353884b10194235108d0a983ef8abc62,iroh_dial,relay,warm,5,echo_rtt,77.965,ok
d936f8f1353884b10194235108d0a983ef8abc62,iroh_dial,relay,warm,5,echo_rtt,78.059,ok
d936f8f1353884b10194235108d0a983ef8abc62,iroh_dial,relay,warm,5,echo_rtt,78.238,ok
d936f8f1353884b10194235108d0a983ef8abc62,iroh_dial,relay,warm,5,echo_rtt,77.942,ok
d936f8f1353884b10194235108d0a983ef8abc62,iroh_dial,relay,warm,5,echo_rtt,78.136,ok
d936f8f1353884b10194235108d0a983ef8abc62,iroh_dial,relay,warm,5,echo_rtt,78.044,ok
d936f8f1353884b10194235108d0a983ef8abc62,iroh_dial,relay,warm,5,echo_rtt,78.050,ok
d936f8f1353884b10194235108d0a983ef8abc62,iroh_dial,relay,warm,5,echo_rtt,77.981,ok
d936f8f1353884b10194235108d0a983ef8abc62,iroh_dial,relay,warm,5,echo_rtt,78.047,ok
d936f8f1353884b10194235108d0a983ef8abc62,iroh_dial,relay,warm,5,echo_rtt,78.025,ok
d936f8f1353884b10194235108d0a983ef8abc62,iroh_dial,relay,warm,5,echo_rtt,78.024,ok
d936f8f1353884b10194235108d0a983ef8abc62,iroh_dial,relay,warm,5,echo_rtt,78.049,ok
d936f8f1353884b10194235108d0a983ef8abc62,iroh_dial,relay,warm,5,echo_rtt,78.011,ok
d936f8f1353884b10194235108d0a983ef8abc62,iroh_dial,relay,warm,5,echo_rtt,77.952,ok
d936f8f1353884b10194235108d0a983ef8abc62,iroh_dial,relay,warm,5,echo_rtt,78.041,ok
d936f8f1353884b10194235108d0a983ef8abc62,iroh_dial,relay,warm,5,echo_rtt,77.981,ok
d936f8f1353884b10194235108d0a983ef8abc62,iroh_dial,relay,warm,5,echo_rtt,77.987,ok
d936f8f1353884b10194235108d0a983ef8abc62,iroh_dial,relay,warm,6,address_lookup,0.095,ok
d936f8f1353884b10194235108d0a983ef8abc62,iroh_dial,relay,warm,6,dial_handshake,78.346,ok
d936f8f1353884b10194235108d0a983ef8abc62,iroh_dial,relay,warm,6,stream_open,91.308,ok
d936f8f1353884b10194235108d0a983ef8abc62,iroh_dial,relay,warm,6,echo_rtt,78.148,ok
d936f8f1353884b10194235108d0a983ef8abc62,iroh_dial,relay,warm,6,echo_rtt,78.474,ok
d936f8f1353884b10194235108d0a983ef8abc62,iroh_dial,relay,warm,6,echo_rtt,77.967,ok
d936f8f1353884b10194235108d0a983ef8abc62,iroh_dial,relay,warm,6,echo_rtt,78.000,ok
d936f8f1353884b10194235108d0a983ef8abc62,iroh_dial,relay,warm,6,echo_rtt,77.999,ok
d936f8f1353884b10194235108d0a983ef8abc62,iroh_dial,relay,warm,6,echo_rtt,78.007,ok
d936f8f1353884b10194235108d0a983ef8abc62,iroh_dial,relay,warm,6,echo_rtt,78.424,ok
d936f8f1353884b10194235108d0a983ef8abc62,iroh_dial,relay,warm,6,echo_rtt,78.071,ok
d936f8f1353884b10194235108d0a983ef8abc62,iroh_dial,relay,warm,6,echo_rtt,77.963,ok
d936f8f1353884b10194235108d0a983ef8abc62,iroh_dial,relay,warm,6,echo_rtt,77.971,ok
d936f8f1353884b10194235108d0a983ef8abc62,iroh_dial,relay,warm,6,echo_rtt,77.927,ok
d936f8f1353884b10194235108d0a983ef8abc62,iroh_dial,relay,warm,6,echo_rtt,77.917,ok
d936f8f1353884b10194235108d0a983ef8abc62,iroh_dial,relay,warm,6,echo_rtt,77.955,ok
d936f8f1353884b10194235108d0a983ef8abc62,iroh_dial,relay,warm,6,echo_rtt,78.148,ok
d936f8f1353884b10194235108d0a983ef8abc62,iroh_dial,relay,warm,6,echo_rtt,78.350,ok
d936f8f1353884b10194235108d0a983ef8abc62,iroh_dial,relay,warm,6,echo_rtt,77.993,ok
d936f8f1353884b10194235108d0a983ef8abc62,iroh_dial,relay,warm,6,echo_rtt,78.174,ok
d936f8f1353884b10194235108d0a983ef8abc62,iroh_dial,relay,warm,6,echo_rtt,78.028,ok
d936f8f1353884b10194235108d0a983ef8abc62,iroh_dial,relay,warm,6,echo_rtt,77.994,ok
d936f8f1353884b10194235108d0a983ef8abc62,iroh_dial,relay,warm,6,echo_rtt,78.001,ok
d936f8f1353884b10194235108d0a983ef8abc62,iroh_dial,relay,warm,7,address_lookup,0.091,ok
d936f8f1353884b10194235108d0a983ef8abc62,iroh_dial,relay,warm,7,dial_handshake,78.471,ok
d936f8f1353884b10194235108d0a983ef8abc62,iroh_dial,relay,warm,7,stream_open,91.996,ok
d936f8f1353884b10194235108d0a983ef8abc62,iroh_dial,relay,warm,7,echo_rtt,78.047,ok
d936f8f1353884b10194235108d0a983ef8abc62,iroh_dial,relay,warm,7,echo_rtt,78.358,ok
d936f8f1353884b10194235108d0a983ef8abc62,iroh_dial,relay,warm,7,echo_rtt,78.541,ok
d936f8f1353884b10194235108d0a983ef8abc62,iroh_dial,relay,warm,7,echo_rtt,78.081,ok
d936f8f1353884b10194235108d0a983ef8abc62,iroh_dial,relay,warm,7,echo_rtt,78.257,ok
d936f8f1353884b10194235108d0a983ef8abc62,iroh_dial,relay,warm,7,echo_rtt,77.947,ok
d936f8f1353884b10194235108d0a983ef8abc62,iroh_dial,relay,warm,7,echo_rtt,78.118,ok
d936f8f1353884b10194235108d0a983ef8abc62,iroh_dial,relay,warm,7,echo_rtt,78.046,ok
d936f8f1353884b10194235108d0a983ef8abc62,iroh_dial,relay,warm,7,echo_rtt,78.333,ok
d936f8f1353884b10194235108d0a983ef8abc62,iroh_dial,relay,warm,7,echo_rtt,77.985,ok
d936f8f1353884b10194235108d0a983ef8abc62,iroh_dial,relay,warm,7,echo_rtt,78.346,ok
d936f8f1353884b10194235108d0a983ef8abc62,iroh_dial,relay,warm,7,echo_rtt,77.949,ok
d936f8f1353884b10194235108d0a983ef8abc62,iroh_dial,relay,warm,7,echo_rtt,77.938,ok
d936f8f1353884b10194235108d0a983ef8abc62,iroh_dial,relay,warm,7,echo_rtt,77.932,ok
d936f8f1353884b10194235108d0a983ef8abc62,iroh_dial,relay,warm,7,echo_rtt,78.202,ok
d936f8f1353884b10194235108d0a983ef8abc62,iroh_dial,relay,warm,7,echo_rtt,78.056,ok
d936f8f1353884b10194235108d0a983ef8abc62,iroh_dial,relay,warm,7,echo_rtt,77.922,ok
d936f8f1353884b10194235108d0a983ef8abc62,iroh_dial,relay,warm,7,echo_rtt,78.003,ok
d936f8f1353884b10194235108d0a983ef8abc62,iroh_dial,relay,warm,7,echo_rtt,77.991,ok
d936f8f1353884b10194235108d0a983ef8abc62,iroh_dial,relay,warm,7,echo_rtt,77.963,ok
d936f8f1353884b10194235108d0a983ef8abc62,iroh_dial,relay,warm,8,address_lookup,0.093,ok
d936f8f1353884b10194235108d0a983ef8abc62,iroh_dial,relay,warm,8,dial_handshake,78.287,ok
d936f8f1353884b10194235108d0a983ef8abc62,iroh_dial,relay,warm,8,stream_open,91.112,ok
d936f8f1353884b10194235108d0a983ef8abc62,iroh_dial,relay,warm,8,echo_rtt,78.000,ok
d936f8f1353884b10194235108d0a983ef8abc62,iroh_dial,relay,warm,8,echo_rtt,77.901,ok
d936f8f1353884b10194235108d0a983ef8abc62,iroh_dial,relay,warm,8,echo_rtt,78.150,ok
d936f8f1353884b10194235108d0a983ef8abc62,iroh_dial,relay,warm,8,echo_rtt,77.934,ok
d936f8f1353884b10194235108d0a983ef8abc62,iroh_dial,relay,warm,8,echo_rtt,78.588,ok
d936f8f1353884b10194235108d0a983ef8abc62,iroh_dial,relay,warm,8,echo_rtt,78.044,ok
d936f8f1353884b10194235108d0a983ef8abc62,iroh_dial,relay,warm,8,echo_rtt,77.968,ok
d936f8f1353884b10194235108d0a983ef8abc62,iroh_dial,relay,warm,8,echo_rtt,78.263,ok
d936f8f1353884b10194235108d0a983ef8abc62,iroh_dial,relay,warm,8,echo_rtt,77.946,ok
d936f8f1353884b10194235108d0a983ef8abc62,iroh_dial,relay,warm,8,echo_rtt,78.001,ok
d936f8f1353884b10194235108d0a983ef8abc62,iroh_dial,relay,warm,8,echo_rtt,78.021,ok
d936f8f1353884b10194235108d0a983ef8abc62,iroh_dial,relay,warm,8,echo_rtt,77.911,ok
d936f8f1353884b10194235108d0a983ef8abc62,iroh_dial,relay,warm,8,echo_rtt,80.901,ok
d936f8f1353884b10194235108d0a983ef8abc62,iroh_dial,relay,warm,8,echo_rtt,78.018,ok
d936f8f1353884b10194235108d0a983ef8abc62,iroh_dial,relay,warm,8,echo_rtt,78.042,ok
d936f8f1353884b10194235108d0a983ef8abc62,iroh_dial,relay,warm,8,echo_rtt,78.099,ok
d936f8f1353884b10194235108d0a983ef8abc62,iroh_dial,relay,warm,8,echo_rtt,78.287,ok
d936f8f1353884b10194235108d0a983ef8abc62,iroh_dial,relay,warm,8,echo_rtt,77.941,ok
d936f8f1353884b10194235108d0a983ef8abc62,iroh_dial,relay,warm,8,echo_rtt,77.966,ok
d936f8f1353884b10194235108d0a983ef8abc62,iroh_dial,relay,warm,8,echo_rtt,78.216,ok
d936f8f1353884b10194235108d0a983ef8abc62,iroh_dial,relay,warm,9,address_lookup,0.096,ok
d936f8f1353884b10194235108d0a983ef8abc62,iroh_dial,relay,warm,9,dial_handshake,78.547,ok
d936f8f1353884b10194235108d0a983ef8abc62,iroh_dial,relay,warm,9,stream_open,91.023,ok
d936f8f1353884b10194235108d0a983ef8abc62,iroh_dial,relay,warm,9,echo_rtt,78.107,ok
d936f8f1353884b10194235108d0a983ef8abc62,iroh_dial,relay,warm,9,echo_rtt,77.967,ok
d936f8f1353884b10194235108d0a983ef8abc62,iroh_dial,relay,warm,9,echo_rtt,77.968,ok
d936f8f1353884b10194235108d0a983ef8abc62,iroh_dial,relay,warm,9,echo_rtt,77.940,ok
d936f8f1353884b10194235108d0a983ef8abc62,iroh_dial,relay,warm,9,echo_rtt,77.889,ok
d936f8f1353884b10194235108d0a983ef8abc62,iroh_dial,relay,warm,9,echo_rtt,78.028,ok
d936f8f1353884b10194235108d0a983ef8abc62,iroh_dial,relay,warm,9,echo_rtt,77.986,ok
d936f8f1353884b10194235108d0a983ef8abc62,iroh_dial,relay,warm,9,echo_rtt,78.003,ok
d936f8f1353884b10194235108d0a983ef8abc62,iroh_dial,relay,warm,9,echo_rtt,78.014,ok
d936f8f1353884b10194235108d0a983ef8abc62,iroh_dial,relay,warm,9,echo_rtt,78.354,ok
d936f8f1353884b10194235108d0a983ef8abc62,iroh_dial,relay,warm,9,echo_rtt,78.314,ok
d936f8f1353884b10194235108d0a983ef8abc62,iroh_dial,relay,warm,9,echo_rtt,78.362,ok
d936f8f1353884b10194235108d0a983ef8abc62,iroh_dial,relay,warm,9,echo_rtt,78.169,ok
d936f8f1353884b10194235108d0a983ef8abc62,iroh_dial,relay,warm,9,echo_rtt,77.997,ok
d936f8f1353884b10194235108d0a983ef8abc62,iroh_dial,relay,warm,9,echo_rtt,77.989,ok
d936f8f1353884b10194235108d0a983ef8abc62,iroh_dial,relay,warm,9,echo_rtt,78.049,ok
d936f8f1353884b10194235108d0a983ef8abc62,iroh_dial,relay,warm,9,echo_rtt,77.981,ok
d936f8f1353884b10194235108d0a983ef8abc62,iroh_dial,relay,warm,9,echo_rtt,77.956,ok
d936f8f1353884b10194235108d0a983ef8abc62,iroh_dial,relay,warm,9,echo_rtt,78.029,ok
d936f8f1353884b10194235108d0a983ef8abc62,iroh_dial,relay,warm,9,echo_rtt,78.052,ok
d936f8f1353884b10194235108d0a983ef8abc62,iroh_dial,relay,warm,10,address_lookup,0.109,ok
d936f8f1353884b10194235108d0a983ef8abc62,iroh_dial,relay,warm,10,dial_handshake,78.430,ok
d936f8f1353884b10194235108d0a983ef8abc62,iroh_dial,relay,warm,10,stream_open,91.208,ok
d936f8f1353884b10194235108d0a983ef8abc62,iroh_dial,relay,warm,10,echo_rtt,78.188,ok
d936f8f1353884b10194235108d0a983ef8abc62,iroh_dial,relay,warm,10,echo_rtt,77.997,ok
d936f8f1353884b10194235108d0a983ef8abc62,iroh_dial,relay,warm,10,echo_rtt,77.967,ok
d936f8f1353884b10194235108d0a983ef8abc62,iroh_dial,relay,warm,10,echo_rtt,77.943,ok
d936f8f1353884b10194235108d0a983ef8abc62,iroh_dial,relay,warm,10,echo_rtt,77.955,ok
d936f8f1353884b10194235108d0a983ef8abc62,iroh_dial,relay,warm,10,echo_rtt,78.203,ok
d936f8f1353884b10194235108d0a983ef8abc62,iroh_dial,relay,warm,10,echo_rtt,78.293,ok
d936f8f1353884b10194235108d0a983ef8abc62,iroh_dial,relay,warm,10,echo_rtt,78.081,ok
d936f8f1353884b10194235108d0a983ef8abc62,iroh_dial,relay,warm,10,echo_rtt,78.995,ok
d936f8f1353884b10194235108d0a983ef8abc62,iroh_dial,relay,warm,10,echo_rtt,78.035,ok
d936f8f1353884b10194235108d0a983ef8abc62,iroh_dial,relay,warm,10,echo_rtt,78.091,ok
d936f8f1353884b10194235108d0a983ef8abc62,iroh_dial,relay,warm,10,echo_rtt,77.993,ok
d936f8f1353884b10194235108d0a983ef8abc62,iroh_dial,relay,warm,10,echo_rtt,78.487,ok
d936f8f1353884b10194235108d0a983ef8abc62,iroh_dial,relay,warm,10,echo_rtt,78.468,ok
d936f8f1353884b10194235108d0a983ef8abc62,iroh_dial,relay,warm,10,echo_rtt,78.385,ok
d936f8f1353884b10194235108d0a983ef8abc62,iroh_dial,relay,warm,10,echo_rtt,78.161,ok
d936f8f1353884b10194235108d0a983ef8abc62,iroh_dial,relay,warm,10,echo_rtt,78.085,ok
d936f8f1353884b10194235108d0a983ef8abc62,iroh_dial,relay,warm,10,echo_rtt,77.935,ok
d936f8f1353884b10194235108d0a983ef8abc62,iroh_dial,relay,warm,10,echo_rtt,80.492,ok
d936f8f1353884b10194235108d0a983ef8abc62,iroh_dial,relay,warm,10,echo_rtt,78.059,ok
d936f8f1353884b10194235108d0a983ef8abc62,iroh_dial,relay,warm,11,address_lookup,0.105,ok
d936f8f1353884b10194235108d0a983ef8abc62,iroh_dial,relay,warm,11,dial_handshake,78.363,ok
d936f8f1353884b10194235108d0a983ef8abc62,iroh_dial,relay,warm,11,stream_open,91.923,ok
d936f8f1353884b10194235108d0a983ef8abc62,iroh_dial,relay,warm,11,echo_rtt,77.975,ok
d936f8f1353884b10194235108d0a983ef8abc62,iroh_dial,relay,warm,11,echo_rtt,78.092,ok
d936f8f1353884b10194235108d0a983ef8abc62,iroh_dial,relay,warm,11,echo_rtt,78.263,ok
d936f8f1353884b10194235108d0a983ef8abc62,iroh_dial,relay,warm,11,echo_rtt,78.007,ok
d936f8f1353884b10194235108d0a983ef8abc62,iroh_dial,relay,warm,11,echo_rtt,78.614,ok
d936f8f1353884b10194235108d0a983ef8abc62,iroh_dial,relay,warm,11,echo_rtt,78.018,ok
d936f8f1353884b10194235108d0a983ef8abc62,iroh_dial,relay,warm,11,echo_rtt,78.040,ok
d936f8f1353884b10194235108d0a983ef8abc62,iroh_dial,relay,warm,11,echo_rtt,78.486,ok
d936f8f1353884b10194235108d0a983ef8abc62,iroh_dial,relay,warm,11,echo_rtt,78.067,ok
d936f8f1353884b10194235108d0a983ef8abc62,iroh_dial,relay,warm,11,echo_rtt,78.047,ok
d936f8f1353884b10194235108d0a983ef8abc62,iroh_dial,relay,warm,11,echo_rtt,78.254,ok
d936f8f1353884b10194235108d0a983ef8abc62,iroh_dial,relay,warm,11,echo_rtt,77.914,ok
d936f8f1353884b10194235108d0a983ef8abc62,iroh_dial,relay,warm,11,echo_rtt,77.961,ok
d936f8f1353884b10194235108d0a983ef8abc62,iroh_dial,relay,warm,11,echo_rtt,78.016,ok
d936f8f1353884b10194235108d0a983ef8abc62,iroh_dial,relay,warm,11,echo_rtt,77.974,ok
d936f8f1353884b10194235108d0a983ef8abc62,iroh_dial,relay,warm,11,echo_rtt,77.906,ok
d936f8f1353884b10194235108d0a983ef8abc62,iroh_dial,relay,warm,11,echo_rtt,77.926,ok
d936f8f1353884b10194235108d0a983ef8abc62,iroh_dial,relay,warm,11,echo_rtt,78.142,ok
d936f8f1353884b10194235108d0a983ef8abc62,iroh_dial,relay,warm,11,echo_rtt,78.210,ok
d936f8f1353884b10194235108d0a983ef8abc62,iroh_dial,relay,warm,11,echo_rtt,77.975,ok
d936f8f1353884b10194235108d0a983ef8abc62,iroh_dial,relay,warm,12,address_lookup,0.108,ok
d936f8f1353884b10194235108d0a983ef8abc62,iroh_dial,relay,warm,12,dial_handshake,78.336,ok
d936f8f1353884b10194235108d0a983ef8abc62,iroh_dial,relay,warm,12,stream_open,91.371,ok
d936f8f1353884b10194235108d0a983ef8abc62,iroh_dial,relay,warm,12,echo_rtt,77.946,ok
d936f8f1353884b10194235108d0a983ef8abc62,iroh_dial,relay,warm,12,echo_rtt,78.030,ok
d936f8f1353884b10194235108d0a983ef8abc62,iroh_dial,relay,warm,12,echo_rtt,78.039,ok
d936f8f1353884b10194235108d0a983ef8abc62,iroh_dial,relay,warm,12,echo_rtt,78.134,ok
d936f8f1353884b10194235108d0a983ef8abc62,iroh_dial,relay,warm,12,echo_rtt,77.988,ok
d936f8f1353884b10194235108d0a983ef8abc62,iroh_dial,relay,warm,12,echo_rtt,78.002,ok
d936f8f1353884b10194235108d0a983ef8abc62,iroh_dial,relay,warm,12,echo_rtt,77.972,ok
d936f8f1353884b10194235108d0a983ef8abc62,iroh_dial,relay,warm,12,echo_rtt,77.982,ok
d936f8f1353884b10194235108d0a983ef8abc62,iroh_dial,relay,warm,12,echo_rtt,78.160,ok
d936f8f1353884b10194235108d0a983ef8abc62,iroh_dial,relay,warm,12,echo_rtt,78.028,ok
d936f8f1353884b10194235108d0a983ef8abc62,iroh_dial,relay,warm,12,echo_rtt,78.174,ok
d936f8f1353884b10194235108d0a983ef8abc62,iroh_dial,relay,warm,12,echo_rtt,78.354,ok
d936f8f1353884b10194235108d0a983ef8abc62,iroh_dial,relay,warm,12,echo_rtt,77.943,ok
d936f8f1353884b10194235108d0a983ef8abc62,iroh_dial,relay,warm,12,echo_rtt,78.370,ok
d936f8f1353884b10194235108d0a983ef8abc62,iroh_dial,relay,warm,12,echo_rtt,77.893,ok
d936f8f1353884b10194235108d0a983ef8abc62,iroh_dial,relay,warm,12,echo_rtt,77.992,ok
d936f8f1353884b10194235108d0a983ef8abc62,iroh_dial,relay,warm,12,echo_rtt,78.245,ok
d936f8f1353884b10194235108d0a983ef8abc62,iroh_dial,relay,warm,12,echo_rtt,77.929,ok
d936f8f1353884b10194235108d0a983ef8abc62,iroh_dial,relay,warm,12,echo_rtt,77.971,ok
d936f8f1353884b10194235108d0a983ef8abc62,iroh_dial,relay,warm,12,echo_rtt,78.019,ok
d936f8f1353884b10194235108d0a983ef8abc62,iroh_dial,relay,warm,13,address_lookup,0.096,ok
d936f8f1353884b10194235108d0a983ef8abc62,iroh_dial,relay,warm,13,dial_handshake,78.421,ok
d936f8f1353884b10194235108d0a983ef8abc62,iroh_dial,relay,warm,13,stream_open,91.113,ok
d936f8f1353884b10194235108d0a983ef8abc62,iroh_dial,relay,warm,13,echo_rtt,78.115,ok
d936f8f1353884b10194235108d0a983ef8abc62,iroh_dial,relay,warm,13,echo_rtt,77.992,ok
d936f8f1353884b10194235108d0a983ef8abc62,iroh_dial,relay,warm,13,echo_rtt,77.969,ok
d936f8f1353884b10194235108d0a983ef8abc62,iroh_dial,relay,warm,13,echo_rtt,78.227,ok
d936f8f1353884b10194235108d0a983ef8abc62,iroh_dial,relay,warm,13,echo_rtt,78.025,ok
d936f8f1353884b10194235108d0a983ef8abc62,iroh_dial,relay,warm,13,echo_rtt,78.113,ok
d936f8f1353884b10194235108d0a983ef8abc62,iroh_dial,relay,warm,13,echo_rtt,77.980,ok
d936f8f1353884b10194235108d0a983ef8abc62,iroh_dial,relay,warm,13,echo_rtt,78.267,ok
d936f8f1353884b10194235108d0a983ef8abc62,iroh_dial,relay,warm,13,echo_rtt,77.983,ok
d936f8f1353884b10194235108d0a983ef8abc62,iroh_dial,relay,warm,13,echo_rtt,78.013,ok
d936f8f1353884b10194235108d0a983ef8abc62,iroh_dial,relay,warm,13,echo_rtt,78.054,ok
d936f8f1353884b10194235108d0a983ef8abc62,iroh_dial,relay,warm,13,echo_rtt,77.990,ok
d936f8f1353884b10194235108d0a983ef8abc62,iroh_dial,relay,warm,13,echo_rtt,78.020,ok
d936f8f1353884b10194235108d0a983ef8abc62,iroh_dial,relay,warm,13,echo_rtt,77.937,ok
d936f8f1353884b10194235108d0a983ef8abc62,iroh_dial,relay,warm,13,echo_rtt,78.015,ok
d936f8f1353884b10194235108d0a983ef8abc62,iroh_dial,relay,warm,13,echo_rtt,78.034,ok
d936f8f1353884b10194235108d0a983ef8abc62,iroh_dial,relay,warm,13,echo_rtt,78.392,ok
d936f8f1353884b10194235108d0a983ef8abc62,iroh_dial,relay,warm,13,echo_rtt,77.995,ok
d936f8f1353884b10194235108d0a983ef8abc62,iroh_dial,relay,warm,13,echo_rtt,77.985,ok
d936f8f1353884b10194235108d0a983ef8abc62,iroh_dial,relay,warm,13,echo_rtt,77.944,ok
d936f8f1353884b10194235108d0a983ef8abc62,iroh_dial,relay,warm,14,address_lookup,0.103,ok
d936f8f1353884b10194235108d0a983ef8abc62,iroh_dial,relay,warm,14,dial_handshake,78.623,ok
d936f8f1353884b10194235108d0a983ef8abc62,iroh_dial,relay,warm,14,stream_open,91.129,ok
d936f8f1353884b10194235108d0a983ef8abc62,iroh_dial,relay,warm,14,echo_rtt,77.983,ok
d936f8f1353884b10194235108d0a983ef8abc62,iroh_dial,relay,warm,14,echo_rtt,77.969,ok
d936f8f1353884b10194235108d0a983ef8abc62,iroh_dial,relay,warm,14,echo_rtt,77.949,ok
d936f8f1353884b10194235108d0a983ef8abc62,iroh_dial,relay,warm,14,echo_rtt,77.989,ok
d936f8f1353884b10194235108d0a983ef8abc62,iroh_dial,relay,warm,14,echo_rtt,78.002,ok
d936f8f1353884b10194235108d0a983ef8abc62,iroh_dial,relay,warm,14,echo_rtt,77.914,ok
d936f8f1353884b10194235108d0a983ef8abc62,iroh_dial,relay,warm,14,echo_rtt,78.114,ok
d936f8f1353884b10194235108d0a983ef8abc62,iroh_dial,relay,warm,14,echo_rtt,78.297,ok
d936f8f1353884b10194235108d0a983ef8abc62,iroh_dial,relay,warm,14,echo_rtt,77.949,ok
d936f8f1353884b10194235108d0a983ef8abc62,iroh_dial,relay,warm,14,echo_rtt,77.963,ok
d936f8f1353884b10194235108d0a983ef8abc62,iroh_dial,relay,warm,14,echo_rtt,77.979,ok
d936f8f1353884b10194235108d0a983ef8abc62,iroh_dial,relay,warm,14,echo_rtt,78.599,ok
d936f8f1353884b10194235108d0a983ef8abc62,iroh_dial,relay,warm,14,echo_rtt,78.032,ok
d936f8f1353884b10194235108d0a983ef8abc62,iroh_dial,relay,warm,14,echo_rtt,77.973,ok
d936f8f1353884b10194235108d0a983ef8abc62,iroh_dial,relay,warm,14,echo_rtt,78.028,ok
d936f8f1353884b10194235108d0a983ef8abc62,iroh_dial,relay,warm,14,echo_rtt,78.050,ok
d936f8f1353884b10194235108d0a983ef8abc62,iroh_dial,relay,warm,14,echo_rtt,78.037,ok
d936f8f1353884b10194235108d0a983ef8abc62,iroh_dial,relay,warm,14,echo_rtt,78.260,ok
d936f8f1353884b10194235108d0a983ef8abc62,iroh_dial,relay,warm,14,echo_rtt,77.959,ok
d936f8f1353884b10194235108d0a983ef8abc62,iroh_dial,relay,warm,14,echo_rtt,78.265,ok
d936f8f1353884b10194235108d0a983ef8abc62,iroh_dial,relay,warm,15,address_lookup,0.096,ok
d936f8f1353884b10194235108d0a983ef8abc62,iroh_dial,relay,warm,15,dial_handshake,78.494,ok
d936f8f1353884b10194235108d0a983ef8abc62,iroh_dial,relay,warm,15,stream_open,91.125,ok
d936f8f1353884b10194235108d0a983ef8abc62,iroh_dial,relay,warm,15,echo_rtt,78.620,ok
d936f8f1353884b10194235108d0a983ef8abc62,iroh_dial,relay,warm,15,echo_rtt,77.946,ok
d936f8f1353884b10194235108d0a983ef8abc62,iroh_dial,relay,warm,15,echo_rtt,77.981,ok
d936f8f1353884b10194235108d0a983ef8abc62,iroh_dial,relay,warm,15,echo_rtt,78.053,ok
d936f8f1353884b10194235108d0a983ef8abc62,iroh_dial,relay,warm,15,echo_rtt,79.981,ok
d936f8f1353884b10194235108d0a983ef8abc62,iroh_dial,relay,warm,15,echo_rtt,78.507,ok
d936f8f1353884b10194235108d0a983ef8abc62,iroh_dial,relay,warm,15,echo_rtt,78.064,ok
d936f8f1353884b10194235108d0a983ef8abc62,iroh_dial,relay,warm,15,echo_rtt,78.013,ok
d936f8f1353884b10194235108d0a983ef8abc62,iroh_dial,relay,warm,15,echo_rtt,77.925,ok
d936f8f1353884b10194235108d0a983ef8abc62,iroh_dial,relay,warm,15,echo_rtt,77.991,ok
d936f8f1353884b10194235108d0a983ef8abc62,iroh_dial,relay,warm,15,echo_rtt,78.168,ok
d936f8f1353884b10194235108d0a983ef8abc62,iroh_dial,relay,warm,15,echo_rtt,77.912,ok
d936f8f1353884b10194235108d0a983ef8abc62,iroh_dial,relay,warm,15,echo_rtt,77.951,ok
d936f8f1353884b10194235108d0a983ef8abc62,iroh_dial,relay,warm,15,echo_rtt,78.016,ok
d936f8f1353884b10194235108d0a983ef8abc62,iroh_dial,relay,warm,15,echo_rtt,78.101,ok
d936f8f1353884b10194235108d0a983ef8abc62,iroh_dial,relay,warm,15,echo_rtt,77.960,ok
d936f8f1353884b10194235108d0a983ef8abc62,iroh_dial,relay,warm,15,echo_rtt,78.017,ok
d936f8f1353884b10194235108d0a983ef8abc62,iroh_dial,relay,warm,15,echo_rtt,78.530,ok
d936f8f1353884b10194235108d0a983ef8abc62,iroh_dial,relay,warm,15,echo_rtt,78.043,ok
d936f8f1353884b10194235108d0a983ef8abc62,iroh_dial,relay,warm,15,echo_rtt,78.608,ok
d936f8f1353884b10194235108d0a983ef8abc62,iroh_dial,relay,warm,16,address_lookup,0.097,ok
d936f8f1353884b10194235108d0a983ef8abc62,iroh_dial,relay,warm,16,dial_handshake,78.391,ok
d936f8f1353884b10194235108d0a983ef8abc62,iroh_dial,relay,warm,16,stream_open,92.090,ok
d936f8f1353884b10194235108d0a983ef8abc62,iroh_dial,relay,warm,16,echo_rtt,78.107,ok
d936f8f1353884b10194235108d0a983ef8abc62,iroh_dial,relay,warm,16,echo_rtt,77.927,ok
d936f8f1353884b10194235108d0a983ef8abc62,iroh_dial,relay,warm,16,echo_rtt,77.994,ok
d936f8f1353884b10194235108d0a983ef8abc62,iroh_dial,relay,warm,16,echo_rtt,78.153,ok
d936f8f1353884b10194235108d0a983ef8abc62,iroh_dial,relay,warm,16,echo_rtt,77.986,ok
d936f8f1353884b10194235108d0a983ef8abc62,iroh_dial,relay,warm,16,echo_rtt,80.919,ok
d936f8f1353884b10194235108d0a983ef8abc62,iroh_dial,relay,warm,16,echo_rtt,77.968,ok
d936f8f1353884b10194235108d0a983ef8abc62,iroh_dial,relay,warm,16,echo_rtt,78.008,ok
d936f8f1353884b10194235108d0a983ef8abc62,iroh_dial,relay,warm,16,echo_rtt,77.984,ok
d936f8f1353884b10194235108d0a983ef8abc62,iroh_dial,relay,warm,16,echo_rtt,78.117,ok
d936f8f1353884b10194235108d0a983ef8abc62,iroh_dial,relay,warm,16,echo_rtt,77.950,ok
d936f8f1353884b10194235108d0a983ef8abc62,iroh_dial,relay,warm,16,echo_rtt,78.352,ok
d936f8f1353884b10194235108d0a983ef8abc62,iroh_dial,relay,warm,16,echo_rtt,78.024,ok
d936f8f1353884b10194235108d0a983ef8abc62,iroh_dial,relay,warm,16,echo_rtt,78.046,ok
d936f8f1353884b10194235108d0a983ef8abc62,iroh_dial,relay,warm,16,echo_rtt,78.011,ok
d936f8f1353884b10194235108d0a983ef8abc62,iroh_dial,relay,warm,16,echo_rtt,78.019,ok
d936f8f1353884b10194235108d0a983ef8abc62,iroh_dial,relay,warm,16,echo_rtt,77.982,ok
d936f8f1353884b10194235108d0a983ef8abc62,iroh_dial,relay,warm,16,echo_rtt,78.112,ok
d936f8f1353884b10194235108d0a983ef8abc62,iroh_dial,relay,warm,16,echo_rtt,77.891,ok
d936f8f1353884b10194235108d0a983ef8abc62,iroh_dial,relay,warm,16,echo_rtt,78.027,ok
d936f8f1353884b10194235108d0a983ef8abc62,iroh_dial,relay,warm,17,address_lookup,0.098,ok
d936f8f1353884b10194235108d0a983ef8abc62,iroh_dial,relay,warm,17,dial_handshake,78.355,ok
d936f8f1353884b10194235108d0a983ef8abc62,iroh_dial,relay,warm,17,stream_open,91.985,ok
d936f8f1353884b10194235108d0a983ef8abc62,iroh_dial,relay,warm,17,echo_rtt,78.317,ok
d936f8f1353884b10194235108d0a983ef8abc62,iroh_dial,relay,warm,17,echo_rtt,77.994,ok
d936f8f1353884b10194235108d0a983ef8abc62,iroh_dial,relay,warm,17,echo_rtt,78.099,ok
d936f8f1353884b10194235108d0a983ef8abc62,iroh_dial,relay,warm,17,echo_rtt,78.004,ok
d936f8f1353884b10194235108d0a983ef8abc62,iroh_dial,relay,warm,17,echo_rtt,78.070,ok
d936f8f1353884b10194235108d0a983ef8abc62,iroh_dial,relay,warm,17,echo_rtt,78.011,ok
d936f8f1353884b10194235108d0a983ef8abc62,iroh_dial,relay,warm,17,echo_rtt,77.978,ok
d936f8f1353884b10194235108d0a983ef8abc62,iroh_dial,relay,warm,17,echo_rtt,77.951,ok
d936f8f1353884b10194235108d0a983ef8abc62,iroh_dial,relay,warm,17,echo_rtt,77.943,ok
d936f8f1353884b10194235108d0a983ef8abc62,iroh_dial,relay,warm,17,echo_rtt,77.967,ok
d936f8f1353884b10194235108d0a983ef8abc62,iroh_dial,relay,warm,17,echo_rtt,78.034,ok
d936f8f1353884b10194235108d0a983ef8abc62,iroh_dial,relay,warm,17,echo_rtt,78.035,ok
d936f8f1353884b10194235108d0a983ef8abc62,iroh_dial,relay,warm,17,echo_rtt,78.062,ok
d936f8f1353884b10194235108d0a983ef8abc62,iroh_dial,relay,warm,17,echo_rtt,79.308,ok
d936f8f1353884b10194235108d0a983ef8abc62,iroh_dial,relay,warm,17,echo_rtt,77.992,ok
d936f8f1353884b10194235108d0a983ef8abc62,iroh_dial,relay,warm,17,echo_rtt,77.965,ok
d936f8f1353884b10194235108d0a983ef8abc62,iroh_dial,relay,warm,17,echo_rtt,78.034,ok
d936f8f1353884b10194235108d0a983ef8abc62,iroh_dial,relay,warm,17,echo_rtt,77.946,ok
d936f8f1353884b10194235108d0a983ef8abc62,iroh_dial,relay,warm,17,echo_rtt,77.998,ok
d936f8f1353884b10194235108d0a983ef8abc62,iroh_dial,relay,warm,17,echo_rtt,77.996,ok
d936f8f1353884b10194235108d0a983ef8abc62,iroh_dial,relay,warm,18,address_lookup,0.108,ok
d936f8f1353884b10194235108d0a983ef8abc62,iroh_dial,relay,warm,18,dial_handshake,78.395,ok
d936f8f1353884b10194235108d0a983ef8abc62,iroh_dial,relay,warm,18,stream_open,92.013,ok
d936f8f1353884b10194235108d0a983ef8abc62,iroh_dial,relay,warm,18,echo_rtt,78.043,ok
d936f8f1353884b10194235108d0a983ef8abc62,iroh_dial,relay,warm,18,echo_rtt,79.186,ok
d936f8f1353884b10194235108d0a983ef8abc62,iroh_dial,relay,warm,18,echo_rtt,77.999,ok
d936f8f1353884b10194235108d0a983ef8abc62,iroh_dial,relay,warm,18,echo_rtt,77.956,ok
d936f8f1353884b10194235108d0a983ef8abc62,iroh_dial,relay,warm,18,echo_rtt,78.063,ok
d936f8f1353884b10194235108d0a983ef8abc62,iroh_dial,relay,warm,18,echo_rtt,78.296,ok
d936f8f1353884b10194235108d0a983ef8abc62,iroh_dial,relay,warm,18,echo_rtt,78.086,ok
d936f8f1353884b10194235108d0a983ef8abc62,iroh_dial,relay,warm,18,echo_rtt,77.970,ok
d936f8f1353884b10194235108d0a983ef8abc62,iroh_dial,relay,warm,18,echo_rtt,78.027,ok
d936f8f1353884b10194235108d0a983ef8abc62,iroh_dial,relay,warm,18,echo_rtt,77.979,ok
d936f8f1353884b10194235108d0a983ef8abc62,iroh_dial,relay,warm,18,echo_rtt,78.002,ok
d936f8f1353884b10194235108d0a983ef8abc62,iroh_dial,relay,warm,18,echo_rtt,78.006,ok
d936f8f1353884b10194235108d0a983ef8abc62,iroh_dial,relay,warm,18,echo_rtt,78.352,ok
d936f8f1353884b10194235108d0a983ef8abc62,iroh_dial,relay,warm,18,echo_rtt,78.300,ok
d936f8f1353884b10194235108d0a983ef8abc62,iroh_dial,relay,warm,18,echo_rtt,78.670,ok
d936f8f1353884b10194235108d0a983ef8abc62,iroh_dial,relay,warm,18,echo_rtt,78.009,ok
d936f8f1353884b10194235108d0a983ef8abc62,iroh_dial,relay,warm,18,echo_rtt,78.030,ok
d936f8f1353884b10194235108d0a983ef8abc62,iroh_dial,relay,warm,18,echo_rtt,78.224,ok
d936f8f1353884b10194235108d0a983ef8abc62,iroh_dial,relay,warm,18,echo_rtt,77.988,ok
d936f8f1353884b10194235108d0a983ef8abc62,iroh_dial,relay,warm,18,echo_rtt,78.193,ok
d936f8f1353884b10194235108d0a983ef8abc62,iroh_dial,relay,warm,19,address_lookup,0.108,ok
d936f8f1353884b10194235108d0a983ef8abc62,iroh_dial,relay,warm,19,dial_handshake,78.276,ok
d936f8f1353884b10194235108d0a983ef8abc62,iroh_dial,relay,warm,19,stream_open,91.943,ok
d936f8f1353884b10194235108d0a983ef8abc62,iroh_dial,relay,warm,19,echo_rtt,78.164,ok
d936f8f1353884b10194235108d0a983ef8abc62,iroh_dial,relay,warm,19,echo_rtt,78.017,ok
d936f8f1353884b10194235108d0a983ef8abc62,iroh_dial,relay,warm,19,echo_rtt,78.508,ok
d936f8f1353884b10194235108d0a983ef8abc62,iroh_dial,relay,warm,19,echo_rtt,78.122,ok
d936f8f1353884b10194235108d0a983ef8abc62,iroh_dial,relay,warm,19,echo_rtt,78.024,ok
d936f8f1353884b10194235108d0a983ef8abc62,iroh_dial,relay,warm,19,echo_rtt,78.024,ok
d936f8f1353884b10194235108d0a983ef8abc62,iroh_dial,relay,warm,19,echo_rtt,78.744,ok
d936f8f1353884b10194235108d0a983ef8abc62,iroh_dial,relay,warm,19,echo_rtt,77.974,ok
d936f8f1353884b10194235108d0a983ef8abc62,iroh_dial,relay,warm,19,echo_rtt,77.953,ok
d936f8f1353884b10194235108d0a983ef8abc62,iroh_dial,relay,warm,19,echo_rtt,78.037,ok
d936f8f1353884b10194235108d0a983ef8abc62,iroh_dial,relay,warm,19,echo_rtt,78.511,ok
d936f8f1353884b10194235108d0a983ef8abc62,iroh_dial,relay,warm,19,echo_rtt,78.049,ok
d936f8f1353884b10194235108d0a983ef8abc62,iroh_dial,relay,warm,19,echo_rtt,78.023,ok
d936f8f1353884b10194235108d0a983ef8abc62,iroh_dial,relay,warm,19,echo_rtt,77.942,ok
d936f8f1353884b10194235108d0a983ef8abc62,iroh_dial,relay,warm,19,echo_rtt,78.067,ok
d936f8f1353884b10194235108d0a983ef8abc62,iroh_dial,relay,warm,19,echo_rtt,78.023,ok
d936f8f1353884b10194235108d0a983ef8abc62,iroh_dial,relay,warm,19,echo_rtt,77.966,ok
d936f8f1353884b10194235108d0a983ef8abc62,iroh_dial,relay,warm,19,echo_rtt,79.799,ok
d936f8f1353884b10194235108d0a983ef8abc62,iroh_dial,relay,warm,19,echo_rtt,77.992,ok
d936f8f1353884b10194235108d0a983ef8abc62,iroh_dial,relay,warm,19,echo_rtt,78.082,ok
d936f8f1353884b10194235108d0a983ef8abc62,iroh_dial,relay,warm,20,address_lookup,0.107,ok
d936f8f1353884b10194235108d0a983ef8abc62,iroh_dial,relay,warm,20,dial_handshake,78.394,ok
d936f8f1353884b10194235108d0a983ef8abc62,iroh_dial,relay,warm,20,stream_open,92.012,ok
d936f8f1353884b10194235108d0a983ef8abc62,iroh_dial,relay,warm,20,echo_rtt,78.093,ok
d936f8f1353884b10194235108d0a983ef8abc62,iroh_dial,relay,warm,20,echo_rtt,78.272,ok
d936f8f1353884b10194235108d0a983ef8abc62,iroh_dial,relay,warm,20,echo_rtt,77.906,ok
d936f8f1353884b10194235108d0a983ef8abc62,iroh_dial,relay,warm,20,echo_rtt,77.940,ok
d936f8f1353884b10194235108d0a983ef8abc62,iroh_dial,relay,warm,20,echo_rtt,77.943,ok
d936f8f1353884b10194235108d0a983ef8abc62,iroh_dial,relay,warm,20,echo_rtt,77.994,ok
d936f8f1353884b10194235108d0a983ef8abc62,iroh_dial,relay,warm,20,echo_rtt,77.952,ok
d936f8f1353884b10194235108d0a983ef8abc62,iroh_dial,relay,warm,20,echo_rtt,78.146,ok
d936f8f1353884b10194235108d0a983ef8abc62,iroh_dial,relay,warm,20,echo_rtt,78.046,ok
d936f8f1353884b10194235108d0a983ef8abc62,iroh_dial,relay,warm,20,echo_rtt,78.158,ok
d936f8f1353884b10194235108d0a983ef8abc62,iroh_dial,relay,warm,20,echo_rtt,78.183,ok
d936f8f1353884b10194235108d0a983ef8abc62,iroh_dial,relay,warm,20,echo_rtt,78.463,ok
d936f8f1353884b10194235108d0a983ef8abc62,iroh_dial,relay,warm,20,echo_rtt,78.107,ok
d936f8f1353884b10194235108d0a983ef8abc62,iroh_dial,relay,warm,20,echo_rtt,78.003,ok
d936f8f1353884b10194235108d0a983ef8abc62,iroh_dial,relay,warm,20,echo_rtt,77.961,ok
d936f8f1353884b10194235108d0a983ef8abc62,iroh_dial,relay,warm,20,echo_rtt,78.007,ok
d936f8f1353884b10194235108d0a983ef8abc62,iroh_dial,relay,warm,20,echo_rtt,78.354,ok
d936f8f1353884b10194235108d0a983ef8abc62,iroh_dial,relay,warm,20,echo_rtt,77.957,ok
d936f8f1353884b10194235108d0a983ef8abc62,iroh_dial,relay,warm,20,echo_rtt,78.008,ok
d936f8f1353884b10194235108d0a983ef8abc62,iroh_dial,relay,warm,20,echo_rtt,77.995,ok
d936f8f1353884b10194235108d0a983ef8abc62,iroh_session,relay,cold,0,process_spawn,0.709,ok
d936f8f1353884b10194235108d0a983ef8abc62,iroh_session,relay,cold,0,runtime_start,0.388,ok
d936f8f1353884b10194235108d0a983ef8abc62,iroh_session,relay,cold,0,endpoint_bind,1.536,ok
d936f8f1353884b10194235108d0a983ef8abc62,iroh_session,relay,cold,0,address_lookup,0.092,ok
d936f8f1353884b10194235108d0a983ef8abc62,iroh_session,relay,cold,0,dial_handshake,201.829,ok
d936f8f1353884b10194235108d0a983ef8abc62,iroh_session,relay,cold,0,stream_open,95.871,ok
d936f8f1353884b10194235108d0a983ef8abc62,iroh_session,relay,cold,0,echo_rtt,77.973,ok
d936f8f1353884b10194235108d0a983ef8abc62,iroh_session,relay,cold,0,echo_rtt,77.947,ok
d936f8f1353884b10194235108d0a983ef8abc62,iroh_session,relay,cold,0,echo_rtt,77.953,ok
d936f8f1353884b10194235108d0a983ef8abc62,iroh_session,relay,cold,0,echo_rtt,77.956,ok
d936f8f1353884b10194235108d0a983ef8abc62,iroh_session,relay,cold,0,echo_rtt,78.121,ok
d936f8f1353884b10194235108d0a983ef8abc62,iroh_session,relay,cold,0,echo_rtt,77.964,ok
d936f8f1353884b10194235108d0a983ef8abc62,iroh_session,relay,cold,0,echo_rtt,78.085,ok
d936f8f1353884b10194235108d0a983ef8abc62,iroh_session,relay,cold,0,echo_rtt,77.918,ok
d936f8f1353884b10194235108d0a983ef8abc62,iroh_session,relay,cold,0,echo_rtt,78.000,ok
d936f8f1353884b10194235108d0a983ef8abc62,iroh_session,relay,cold,0,echo_rtt,78.019,ok
d936f8f1353884b10194235108d0a983ef8abc62,iroh_session,relay,cold,0,echo_rtt,77.961,ok
d936f8f1353884b10194235108d0a983ef8abc62,iroh_session,relay,cold,0,echo_rtt,77.998,ok
d936f8f1353884b10194235108d0a983ef8abc62,iroh_session,relay,cold,0,echo_rtt,77.964,ok
d936f8f1353884b10194235108d0a983ef8abc62,iroh_session,relay,cold,0,echo_rtt,78.040,ok
d936f8f1353884b10194235108d0a983ef8abc62,iroh_session,relay,cold,0,echo_rtt,77.929,ok
d936f8f1353884b10194235108d0a983ef8abc62,iroh_session,relay,cold,0,echo_rtt,78.047,ok
d936f8f1353884b10194235108d0a983ef8abc62,iroh_session,relay,cold,0,echo_rtt,77.981,ok
d936f8f1353884b10194235108d0a983ef8abc62,iroh_session,relay,cold,0,echo_rtt,77.902,ok
d936f8f1353884b10194235108d0a983ef8abc62,iroh_session,relay,cold,0,echo_rtt,78.031,ok
d936f8f1353884b10194235108d0a983ef8abc62,iroh_session,relay,cold,0,echo_rtt,78.373,ok
d936f8f1353884b10194235108d0a983ef8abc62,iroh_session,relay,cold,0,process_spawn,0.744,ok
d936f8f1353884b10194235108d0a983ef8abc62,iroh_session,relay,cold,0,runtime_start,0.377,ok
d936f8f1353884b10194235108d0a983ef8abc62,iroh_session,relay,cold,0,endpoint_bind,1.374,ok
d936f8f1353884b10194235108d0a983ef8abc62,iroh_session,relay,cold,0,address_lookup,0.090,ok
d936f8f1353884b10194235108d0a983ef8abc62,iroh_session,relay,cold,0,dial_handshake,197.167,ok
d936f8f1353884b10194235108d0a983ef8abc62,iroh_session,relay,cold,0,stream_open,94.383,ok
d936f8f1353884b10194235108d0a983ef8abc62,iroh_session,relay,cold,0,echo_rtt,76.235,ok
d936f8f1353884b10194235108d0a983ef8abc62,iroh_session,relay,cold,0,echo_rtt,76.265,ok
d936f8f1353884b10194235108d0a983ef8abc62,iroh_session,relay,cold,0,echo_rtt,76.234,ok
d936f8f1353884b10194235108d0a983ef8abc62,iroh_session,relay,cold,0,echo_rtt,76.218,ok
d936f8f1353884b10194235108d0a983ef8abc62,iroh_session,relay,cold,0,echo_rtt,76.213,ok
d936f8f1353884b10194235108d0a983ef8abc62,iroh_session,relay,cold,0,echo_rtt,76.240,ok
d936f8f1353884b10194235108d0a983ef8abc62,iroh_session,relay,cold,0,echo_rtt,76.533,ok
d936f8f1353884b10194235108d0a983ef8abc62,iroh_session,relay,cold,0,echo_rtt,76.443,ok
d936f8f1353884b10194235108d0a983ef8abc62,iroh_session,relay,cold,0,echo_rtt,76.242,ok
d936f8f1353884b10194235108d0a983ef8abc62,iroh_session,relay,cold,0,echo_rtt,76.317,ok
d936f8f1353884b10194235108d0a983ef8abc62,iroh_session,relay,cold,0,echo_rtt,76.904,ok
d936f8f1353884b10194235108d0a983ef8abc62,iroh_session,relay,cold,0,echo_rtt,76.268,ok
d936f8f1353884b10194235108d0a983ef8abc62,iroh_session,relay,cold,0,echo_rtt,76.285,ok
d936f8f1353884b10194235108d0a983ef8abc62,iroh_session,relay,cold,0,echo_rtt,76.237,ok
d936f8f1353884b10194235108d0a983ef8abc62,iroh_session,relay,cold,0,echo_rtt,76.200,ok
d936f8f1353884b10194235108d0a983ef8abc62,iroh_session,relay,cold,0,echo_rtt,76.267,ok
d936f8f1353884b10194235108d0a983ef8abc62,iroh_session,relay,cold,0,echo_rtt,76.290,ok
d936f8f1353884b10194235108d0a983ef8abc62,iroh_session,relay,cold,0,echo_rtt,76.630,ok
d936f8f1353884b10194235108d0a983ef8abc62,iroh_session,relay,cold,0,echo_rtt,76.187,ok
d936f8f1353884b10194235108d0a983ef8abc62,iroh_session,relay,cold,0,echo_rtt,76.335,ok
d936f8f1353884b10194235108d0a983ef8abc62,iroh_session,relay,cold,0,process_spawn,0.633,ok
d936f8f1353884b10194235108d0a983ef8abc62,iroh_session,relay,cold,0,runtime_start,0.349,ok
d936f8f1353884b10194235108d0a983ef8abc62,iroh_session,relay,cold,0,endpoint_bind,1.544,ok
d936f8f1353884b10194235108d0a983ef8abc62,iroh_session,relay,cold,0,address_lookup,0.086,ok
d936f8f1353884b10194235108d0a983ef8abc62,iroh_session,relay,cold,0,dial_handshake,200.896,ok
d936f8f1353884b10194235108d0a983ef8abc62,iroh_session,relay,cold,0,stream_open,95.990,ok
d936f8f1353884b10194235108d0a983ef8abc62,iroh_session,relay,cold,0,echo_rtt,78.032,ok
d936f8f1353884b10194235108d0a983ef8abc62,iroh_session,relay,cold,0,echo_rtt,77.998,ok
d936f8f1353884b10194235108d0a983ef8abc62,iroh_session,relay,cold,0,echo_rtt,77.973,ok
d936f8f1353884b10194235108d0a983ef8abc62,iroh_session,relay,cold,0,echo_rtt,78.020,ok
d936f8f1353884b10194235108d0a983ef8abc62,iroh_session,relay,cold,0,echo_rtt,78.228,ok
d936f8f1353884b10194235108d0a983ef8abc62,iroh_session,relay,cold,0,echo_rtt,78.032,ok
d936f8f1353884b10194235108d0a983ef8abc62,iroh_session,relay,cold,0,echo_rtt,78.024,ok
d936f8f1353884b10194235108d0a983ef8abc62,iroh_session,relay,cold,0,echo_rtt,77.939,ok
d936f8f1353884b10194235108d0a983ef8abc62,iroh_session,relay,cold,0,echo_rtt,226.004,ok
d936f8f1353884b10194235108d0a983ef8abc62,iroh_session,relay,cold,0,echo_rtt,78.035,ok
d936f8f1353884b10194235108d0a983ef8abc62,iroh_session,relay,cold,0,echo_rtt,78.530,ok
d936f8f1353884b10194235108d0a983ef8abc62,iroh_session,relay,cold,0,echo_rtt,78.021,ok
d936f8f1353884b10194235108d0a983ef8abc62,iroh_session,relay,cold,0,echo_rtt,78.449,ok
d936f8f1353884b10194235108d0a983ef8abc62,iroh_session,relay,cold,0,echo_rtt,77.990,ok
d936f8f1353884b10194235108d0a983ef8abc62,iroh_session,relay,cold,0,echo_rtt,77.964,ok
d936f8f1353884b10194235108d0a983ef8abc62,iroh_session,relay,cold,0,echo_rtt,77.993,ok
d936f8f1353884b10194235108d0a983ef8abc62,iroh_session,relay,cold,0,echo_rtt,78.072,ok
d936f8f1353884b10194235108d0a983ef8abc62,iroh_session,relay,cold,0,echo_rtt,78.042,ok
d936f8f1353884b10194235108d0a983ef8abc62,iroh_session,relay,cold,0,echo_rtt,79.978,ok
d936f8f1353884b10194235108d0a983ef8abc62,iroh_session,relay,cold,0,echo_rtt,78.065,ok
d936f8f1353884b10194235108d0a983ef8abc62,iroh_session,relay,cold,0,process_spawn,0.736,ok
d936f8f1353884b10194235108d0a983ef8abc62,iroh_session,relay,cold,0,runtime_start,0.416,ok
d936f8f1353884b10194235108d0a983ef8abc62,iroh_session,relay,cold,0,endpoint_bind,1.733,ok
d936f8f1353884b10194235108d0a983ef8abc62,iroh_session,relay,cold,0,address_lookup,0.115,ok
d936f8f1353884b10194235108d0a983ef8abc62,iroh_session,relay,cold,0,dial_handshake,193.957,ok
d936f8f1353884b10194235108d0a983ef8abc62,iroh_session,relay,cold,0,stream_open,94.121,ok
d936f8f1353884b10194235108d0a983ef8abc62,iroh_session,relay,cold,0,echo_rtt,76.579,ok
d936f8f1353884b10194235108d0a983ef8abc62,iroh_session,relay,cold,0,echo_rtt,76.353,ok
d936f8f1353884b10194235108d0a983ef8abc62,iroh_session,relay,cold,0,echo_rtt,76.277,ok
d936f8f1353884b10194235108d0a983ef8abc62,iroh_session,relay,cold,0,echo_rtt,76.489,ok
d936f8f1353884b10194235108d0a983ef8abc62,iroh_session,relay,cold,0,echo_rtt,76.207,ok
d936f8f1353884b10194235108d0a983ef8abc62,iroh_session,relay,cold,0,echo_rtt,76.484,ok
d936f8f1353884b10194235108d0a983ef8abc62,iroh_session,relay,cold,0,echo_rtt,76.797,ok
d936f8f1353884b10194235108d0a983ef8abc62,iroh_session,relay,cold,0,echo_rtt,76.246,ok
d936f8f1353884b10194235108d0a983ef8abc62,iroh_session,relay,cold,0,echo_rtt,76.370,ok
d936f8f1353884b10194235108d0a983ef8abc62,iroh_session,relay,cold,0,echo_rtt,76.341,ok
d936f8f1353884b10194235108d0a983ef8abc62,iroh_session,relay,cold,0,echo_rtt,76.521,ok
d936f8f1353884b10194235108d0a983ef8abc62,iroh_session,relay,cold,0,echo_rtt,76.180,ok
d936f8f1353884b10194235108d0a983ef8abc62,iroh_session,relay,cold,0,echo_rtt,76.355,ok
d936f8f1353884b10194235108d0a983ef8abc62,iroh_session,relay,cold,0,echo_rtt,76.373,ok
d936f8f1353884b10194235108d0a983ef8abc62,iroh_session,relay,cold,0,echo_rtt,76.291,ok
d936f8f1353884b10194235108d0a983ef8abc62,iroh_session,relay,cold,0,echo_rtt,76.208,ok
d936f8f1353884b10194235108d0a983ef8abc62,iroh_session,relay,cold,0,echo_rtt,76.312,ok
d936f8f1353884b10194235108d0a983ef8abc62,iroh_session,relay,cold,0,echo_rtt,76.627,ok
d936f8f1353884b10194235108d0a983ef8abc62,iroh_session,relay,cold,0,echo_rtt,76.359,ok
d936f8f1353884b10194235108d0a983ef8abc62,iroh_session,relay,cold,0,echo_rtt,76.317,ok
d936f8f1353884b10194235108d0a983ef8abc62,iroh_session,relay,cold,0,process_spawn,0.643,ok
d936f8f1353884b10194235108d0a983ef8abc62,iroh_session,relay,cold,0,runtime_start,0.333,ok
d936f8f1353884b10194235108d0a983ef8abc62,iroh_session,relay,cold,0,endpoint_bind,1.423,ok
d936f8f1353884b10194235108d0a983ef8abc62,iroh_session,relay,cold,0,address_lookup,0.086,ok
d936f8f1353884b10194235108d0a983ef8abc62,iroh_session,relay,cold,0,dial_handshake,195.020,ok
d936f8f1353884b10194235108d0a983ef8abc62,iroh_session,relay,cold,0,stream_open,95.427,ok
d936f8f1353884b10194235108d0a983ef8abc62,iroh_session,relay,cold,0,echo_rtt,76.291,ok
d936f8f1353884b10194235108d0a983ef8abc62,iroh_session,relay,cold,0,echo_rtt,76.265,ok
d936f8f1353884b10194235108d0a983ef8abc62,iroh_session,relay,cold,0,echo_rtt,76.604,ok
d936f8f1353884b10194235108d0a983ef8abc62,iroh_session,relay,cold,0,echo_rtt,76.422,ok
d936f8f1353884b10194235108d0a983ef8abc62,iroh_session,relay,cold,0,echo_rtt,76.390,ok
d936f8f1353884b10194235108d0a983ef8abc62,iroh_session,relay,cold,0,echo_rtt,76.183,ok
d936f8f1353884b10194235108d0a983ef8abc62,iroh_session,relay,cold,0,echo_rtt,76.230,ok
d936f8f1353884b10194235108d0a983ef8abc62,iroh_session,relay,cold,0,echo_rtt,76.228,ok
d936f8f1353884b10194235108d0a983ef8abc62,iroh_session,relay,cold,0,echo_rtt,77.072,ok
d936f8f1353884b10194235108d0a983ef8abc62,iroh_session,relay,cold,0,echo_rtt,76.437,ok
d936f8f1353884b10194235108d0a983ef8abc62,iroh_session,relay,cold,0,echo_rtt,76.230,ok
d936f8f1353884b10194235108d0a983ef8abc62,iroh_session,relay,cold,0,echo_rtt,76.593,ok
d936f8f1353884b10194235108d0a983ef8abc62,iroh_session,relay,cold,0,echo_rtt,76.190,ok
d936f8f1353884b10194235108d0a983ef8abc62,iroh_session,relay,cold,0,echo_rtt,76.272,ok
d936f8f1353884b10194235108d0a983ef8abc62,iroh_session,relay,cold,0,echo_rtt,76.552,ok
d936f8f1353884b10194235108d0a983ef8abc62,iroh_session,relay,cold,0,echo_rtt,76.568,ok
d936f8f1353884b10194235108d0a983ef8abc62,iroh_session,relay,cold,0,echo_rtt,76.355,ok
d936f8f1353884b10194235108d0a983ef8abc62,iroh_session,relay,cold,0,echo_rtt,76.386,ok
d936f8f1353884b10194235108d0a983ef8abc62,iroh_session,relay,cold,0,echo_rtt,76.271,ok
d936f8f1353884b10194235108d0a983ef8abc62,iroh_session,relay,cold,0,echo_rtt,76.291,ok
d936f8f1353884b10194235108d0a983ef8abc62,iroh_session,relay,cold,0,process_spawn,0.607,ok
d936f8f1353884b10194235108d0a983ef8abc62,iroh_session,relay,cold,0,runtime_start,0.338,ok
d936f8f1353884b10194235108d0a983ef8abc62,iroh_session,relay,cold,0,endpoint_bind,1.554,ok
d936f8f1353884b10194235108d0a983ef8abc62,iroh_session,relay,cold,0,address_lookup,0.087,ok
d936f8f1353884b10194235108d0a983ef8abc62,iroh_session,relay,cold,0,dial_handshake,200.799,ok
d936f8f1353884b10194235108d0a983ef8abc62,iroh_session,relay,cold,0,stream_open,96.327,ok
d936f8f1353884b10194235108d0a983ef8abc62,iroh_session,relay,cold,0,echo_rtt,77.997,ok
d936f8f1353884b10194235108d0a983ef8abc62,iroh_session,relay,cold,0,echo_rtt,78.272,ok
d936f8f1353884b10194235108d0a983ef8abc62,iroh_session,relay,cold,0,echo_rtt,77.958,ok
d936f8f1353884b10194235108d0a983ef8abc62,iroh_session,relay,cold,0,echo_rtt,77.989,ok
d936f8f1353884b10194235108d0a983ef8abc62,iroh_session,relay,cold,0,echo_rtt,78.095,ok
d936f8f1353884b10194235108d0a983ef8abc62,iroh_session,relay,cold,0,echo_rtt,78.124,ok
d936f8f1353884b10194235108d0a983ef8abc62,iroh_session,relay,cold,0,echo_rtt,78.017,ok
d936f8f1353884b10194235108d0a983ef8abc62,iroh_session,relay,cold,0,echo_rtt,78.183,ok
d936f8f1353884b10194235108d0a983ef8abc62,iroh_session,relay,cold,0,echo_rtt,78.007,ok
d936f8f1353884b10194235108d0a983ef8abc62,iroh_session,relay,cold,0,echo_rtt,78.119,ok
d936f8f1353884b10194235108d0a983ef8abc62,iroh_session,relay,cold,0,echo_rtt,78.074,ok
d936f8f1353884b10194235108d0a983ef8abc62,iroh_session,relay,cold,0,echo_rtt,78.012,ok
d936f8f1353884b10194235108d0a983ef8abc62,iroh_session,relay,cold,0,echo_rtt,77.992,ok
d936f8f1353884b10194235108d0a983ef8abc62,iroh_session,relay,cold,0,echo_rtt,78.481,ok
d936f8f1353884b10194235108d0a983ef8abc62,iroh_session,relay,cold,0,echo_rtt,78.150,ok
d936f8f1353884b10194235108d0a983ef8abc62,iroh_session,relay,cold,0,echo_rtt,78.010,ok
d936f8f1353884b10194235108d0a983ef8abc62,iroh_session,relay,cold,0,echo_rtt,78.016,ok
d936f8f1353884b10194235108d0a983ef8abc62,iroh_session,relay,cold,0,echo_rtt,78.032,ok
d936f8f1353884b10194235108d0a983ef8abc62,iroh_session,relay,cold,0,echo_rtt,78.044,ok
d936f8f1353884b10194235108d0a983ef8abc62,iroh_session,relay,cold,0,echo_rtt,78.191,ok
d936f8f1353884b10194235108d0a983ef8abc62,iroh_session,relay,cold,0,process_spawn,0.648,ok
d936f8f1353884b10194235108d0a983ef8abc62,iroh_session,relay,cold,0,runtime_start,0.370,ok
d936f8f1353884b10194235108d0a983ef8abc62,iroh_session,relay,cold,0,endpoint_bind,1.457,ok
d936f8f1353884b10194235108d0a983ef8abc62,iroh_session,relay,cold,0,address_lookup,0.091,ok
d936f8f1353884b10194235108d0a983ef8abc62,iroh_session,relay,cold,0,dial_handshake,194.386,ok
d936f8f1353884b10194235108d0a983ef8abc62,iroh_session,relay,cold,0,stream_open,93.183,ok
d936f8f1353884b10194235108d0a983ef8abc62,iroh_session,relay,cold,0,echo_rtt,76.361,ok
d936f8f1353884b10194235108d0a983ef8abc62,iroh_session,relay,cold,0,echo_rtt,76.350,ok
d936f8f1353884b10194235108d0a983ef8abc62,iroh_session,relay,cold,0,echo_rtt,76.477,ok
d936f8f1353884b10194235108d0a983ef8abc62,iroh_session,relay,cold,0,echo_rtt,76.365,ok
d936f8f1353884b10194235108d0a983ef8abc62,iroh_session,relay,cold,0,echo_rtt,76.318,ok
d936f8f1353884b10194235108d0a983ef8abc62,iroh_session,relay,cold,0,echo_rtt,76.391,ok
d936f8f1353884b10194235108d0a983ef8abc62,iroh_session,relay,cold,0,echo_rtt,76.326,ok
d936f8f1353884b10194235108d0a983ef8abc62,iroh_session,relay,cold,0,echo_rtt,76.327,ok
d936f8f1353884b10194235108d0a983ef8abc62,iroh_session,relay,cold,0,echo_rtt,76.320,ok
d936f8f1353884b10194235108d0a983ef8abc62,iroh_session,relay,cold,0,echo_rtt,76.328,ok
d936f8f1353884b10194235108d0a983ef8abc62,iroh_session,relay,cold,0,echo_rtt,76.316,ok
d936f8f1353884b10194235108d0a983ef8abc62,iroh_session,relay,cold,0,echo_rtt,76.271,ok
d936f8f1353884b10194235108d0a983ef8abc62,iroh_session,relay,cold,0,echo_rtt,76.321,ok
d936f8f1353884b10194235108d0a983ef8abc62,iroh_session,relay,cold,0,echo_rtt,76.315,ok
d936f8f1353884b10194235108d0a983ef8abc62,iroh_session,relay,cold,0,echo_rtt,76.340,ok
d936f8f1353884b10194235108d0a983ef8abc62,iroh_session,relay,cold,0,echo_rtt,76.217,ok
d936f8f1353884b10194235108d0a983ef8abc62,iroh_session,relay,cold,0,echo_rtt,76.249,ok
d936f8f1353884b10194235108d0a983ef8abc62,iroh_session,relay,cold,0,echo_rtt,76.250,ok
d936f8f1353884b10194235108d0a983ef8abc62,iroh_session,relay,cold,0,echo_rtt,76.673,ok
d936f8f1353884b10194235108d0a983ef8abc62,iroh_session,relay,cold,0,echo_rtt,76.235,ok
d936f8f1353884b10194235108d0a983ef8abc62,iroh_session,relay,cold,0,process_spawn,0.766,ok
d936f8f1353884b10194235108d0a983ef8abc62,iroh_session,relay,cold,0,runtime_start,0.387,ok
d936f8f1353884b10194235108d0a983ef8abc62,iroh_session,relay,cold,0,endpoint_bind,1.439,ok
d936f8f1353884b10194235108d0a983ef8abc62,iroh_session,relay,cold,0,address_lookup,0.124,ok
d936f8f1353884b10194235108d0a983ef8abc62,iroh_session,relay,cold,0,dial_handshake,201.042,ok
d936f8f1353884b10194235108d0a983ef8abc62,iroh_session,relay,cold,0,stream_open,95.880,ok
d936f8f1353884b10194235108d0a983ef8abc62,iroh_session,relay,cold,0,echo_rtt,78.005,ok
d936f8f1353884b10194235108d0a983ef8abc62,iroh_session,relay,cold,0,echo_rtt,77.943,ok
d936f8f1353884b10194235108d0a983ef8abc62,iroh_session,relay,cold,0,echo_rtt,78.314,ok
d936f8f1353884b10194235108d0a983ef8abc62,iroh_session,relay,cold,0,echo_rtt,77.922,ok
d936f8f1353884b10194235108d0a983ef8abc62,iroh_session,relay,cold,0,echo_rtt,77.958,ok
d936f8f1353884b10194235108d0a983ef8abc62,iroh_session,relay,cold,0,echo_rtt,77.996,ok
d936f8f1353884b10194235108d0a983ef8abc62,iroh_session,relay,cold,0,echo_rtt,77.943,ok
d936f8f1353884b10194235108d0a983ef8abc62,iroh_session,relay,cold,0,echo_rtt,77.936,ok
d936f8f1353884b10194235108d0a983ef8abc62,iroh_session,relay,cold,0,echo_rtt,78.025,ok
d936f8f1353884b10194235108d0a983ef8abc62,iroh_session,relay,cold,0,echo_rtt,77.918,ok
d936f8f1353884b10194235108d0a983ef8abc62,iroh_session,relay,cold,0,echo_rtt,77.981,ok
d936f8f1353884b10194235108d0a983ef8abc62,iroh_session,relay,cold,0,echo_rtt,77.924,ok
d936f8f1353884b10194235108d0a983ef8abc62,iroh_session,relay,cold,0,echo_rtt,77.978,ok
d936f8f1353884b10194235108d0a983ef8abc62,iroh_session,relay,cold,0,echo_rtt,78.060,ok
d936f8f1353884b10194235108d0a983ef8abc62,iroh_session,relay,cold,0,echo_rtt,77.981,ok
d936f8f1353884b10194235108d0a983ef8abc62,iroh_session,relay,cold,0,echo_rtt,77.989,ok
d936f8f1353884b10194235108d0a983ef8abc62,iroh_session,relay,cold,0,echo_rtt,77.924,ok
d936f8f1353884b10194235108d0a983ef8abc62,iroh_session,relay,cold,0,echo_rtt,78.536,ok
d936f8f1353884b10194235108d0a983ef8abc62,iroh_session,relay,cold,0,echo_rtt,78.102,ok
d936f8f1353884b10194235108d0a983ef8abc62,iroh_session,relay,cold,0,echo_rtt,77.985,ok
d936f8f1353884b10194235108d0a983ef8abc62,iroh_session,relay,cold,0,process_spawn,0.763,ok
d936f8f1353884b10194235108d0a983ef8abc62,iroh_session,relay,cold,0,runtime_start,0.387,ok
d936f8f1353884b10194235108d0a983ef8abc62,iroh_session,relay,cold,0,endpoint_bind,1.588,ok
d936f8f1353884b10194235108d0a983ef8abc62,iroh_session,relay,cold,0,address_lookup,0.088,ok
d936f8f1353884b10194235108d0a983ef8abc62,iroh_session,relay,cold,0,dial_handshake,192.149,ok
d936f8f1353884b10194235108d0a983ef8abc62,iroh_session,relay,cold,0,stream_open,93.698,ok
d936f8f1353884b10194235108d0a983ef8abc62,iroh_session,relay,cold,0,echo_rtt,75.745,ok
d936f8f1353884b10194235108d0a983ef8abc62,iroh_session,relay,cold,0,echo_rtt,75.778,ok
d936f8f1353884b10194235108d0a983ef8abc62,iroh_session,relay,cold,0,echo_rtt,76.064,ok
d936f8f1353884b10194235108d0a983ef8abc62,iroh_session,relay,cold,0,echo_rtt,75.908,ok
d936f8f1353884b10194235108d0a983ef8abc62,iroh_session,relay,cold,0,echo_rtt,75.639,ok
d936f8f1353884b10194235108d0a983ef8abc62,iroh_session,relay,cold,0,echo_rtt,76.162,ok
d936f8f1353884b10194235108d0a983ef8abc62,iroh_session,relay,cold,0,echo_rtt,76.193,ok
d936f8f1353884b10194235108d0a983ef8abc62,iroh_session,relay,cold,0,echo_rtt,75.934,ok
d936f8f1353884b10194235108d0a983ef8abc62,iroh_session,relay,cold,0,echo_rtt,75.770,ok
d936f8f1353884b10194235108d0a983ef8abc62,iroh_session,relay,cold,0,echo_rtt,75.883,ok
d936f8f1353884b10194235108d0a983ef8abc62,iroh_session,relay,cold,0,echo_rtt,75.622,ok
d936f8f1353884b10194235108d0a983ef8abc62,iroh_session,relay,cold,0,echo_rtt,75.713,ok
d936f8f1353884b10194235108d0a983ef8abc62,iroh_session,relay,cold,0,echo_rtt,75.710,ok
d936f8f1353884b10194235108d0a983ef8abc62,iroh_session,relay,cold,0,echo_rtt,75.871,ok
d936f8f1353884b10194235108d0a983ef8abc62,iroh_session,relay,cold,0,echo_rtt,75.683,ok
d936f8f1353884b10194235108d0a983ef8abc62,iroh_session,relay,cold,0,echo_rtt,75.744,ok
d936f8f1353884b10194235108d0a983ef8abc62,iroh_session,relay,cold,0,echo_rtt,75.769,ok
d936f8f1353884b10194235108d0a983ef8abc62,iroh_session,relay,cold,0,echo_rtt,75.773,ok
d936f8f1353884b10194235108d0a983ef8abc62,iroh_session,relay,cold,0,echo_rtt,75.686,ok
d936f8f1353884b10194235108d0a983ef8abc62,iroh_session,relay,cold,0,echo_rtt,75.750,ok
d936f8f1353884b10194235108d0a983ef8abc62,iroh_session,relay,cold,0,process_spawn,0.682,ok
d936f8f1353884b10194235108d0a983ef8abc62,iroh_session,relay,cold,0,runtime_start,0.348,ok
d936f8f1353884b10194235108d0a983ef8abc62,iroh_session,relay,cold,0,endpoint_bind,1.530,ok
d936f8f1353884b10194235108d0a983ef8abc62,iroh_session,relay,cold,0,address_lookup,0.093,ok
d936f8f1353884b10194235108d0a983ef8abc62,iroh_session,relay,cold,0,dial_handshake,201.351,ok
d936f8f1353884b10194235108d0a983ef8abc62,iroh_session,relay,cold,0,stream_open,96.809,ok
d936f8f1353884b10194235108d0a983ef8abc62,iroh_session,relay,cold,0,echo_rtt,78.051,ok
d936f8f1353884b10194235108d0a983ef8abc62,iroh_session,relay,cold,0,echo_rtt,78.101,ok
d936f8f1353884b10194235108d0a983ef8abc62,iroh_session,relay,cold,0,echo_rtt,77.955,ok
d936f8f1353884b10194235108d0a983ef8abc62,iroh_session,relay,cold,0,echo_rtt,77.986,ok
d936f8f1353884b10194235108d0a983ef8abc62,iroh_session,relay,cold,0,echo_rtt,78.126,ok
d936f8f1353884b10194235108d0a983ef8abc62,iroh_session,relay,cold,0,echo_rtt,78.358,ok
d936f8f1353884b10194235108d0a983ef8abc62,iroh_session,relay,cold,0,echo_rtt,78.009,ok
d936f8f1353884b10194235108d0a983ef8abc62,iroh_session,relay,cold,0,echo_rtt,77.987,ok
d936f8f1353884b10194235108d0a983ef8abc62,iroh_session,relay,cold,0,echo_rtt,77.948,ok
d936f8f1353884b10194235108d0a983ef8abc62,iroh_session,relay,cold,0,echo_rtt,77.949,ok
d936f8f1353884b10194235108d0a983ef8abc62,iroh_session,relay,cold,0,echo_rtt,77.994,ok
d936f8f1353884b10194235108d0a983ef8abc62,iroh_session,relay,cold,0,echo_rtt,78.132,ok
d936f8f1353884b10194235108d0a983ef8abc62,iroh_session,relay,cold,0,echo_rtt,77.967,ok
d936f8f1353884b10194235108d0a983ef8abc62,iroh_session,relay,cold,0,echo_rtt,78.098,ok
d936f8f1353884b10194235108d0a983ef8abc62,iroh_session,relay,cold,0,echo_rtt,78.454,ok
d936f8f1353884b10194235108d0a983ef8abc62,iroh_session,relay,cold,0,echo_rtt,77.909,ok
d936f8f1353884b10194235108d0a983ef8abc62,iroh_session,relay,cold,0,echo_rtt,78.029,ok
d936f8f1353884b10194235108d0a983ef8abc62,iroh_session,relay,cold,0,echo_rtt,77.896,ok
d936f8f1353884b10194235108d0a983ef8abc62,iroh_session,relay,cold,0,echo_rtt,77.916,ok
d936f8f1353884b10194235108d0a983ef8abc62,iroh_session,relay,cold,0,echo_rtt,78.173,ok
d936f8f1353884b10194235108d0a983ef8abc62,iroh_session,relay,cold,0,process_spawn,0.622,ok
d936f8f1353884b10194235108d0a983ef8abc62,iroh_session,relay,cold,0,runtime_start,0.459,ok
d936f8f1353884b10194235108d0a983ef8abc62,iroh_session,relay,cold,0,endpoint_bind,1.389,ok
d936f8f1353884b10194235108d0a983ef8abc62,iroh_session,relay,cold,0,address_lookup,0.093,ok
d936f8f1353884b10194235108d0a983ef8abc62,iroh_session,relay,cold,0,dial_handshake,193.938,ok
d936f8f1353884b10194235108d0a983ef8abc62,iroh_session,relay,cold,0,stream_open,94.190,ok
d936f8f1353884b10194235108d0a983ef8abc62,iroh_session,relay,cold,0,echo_rtt,76.209,ok
d936f8f1353884b10194235108d0a983ef8abc62,iroh_session,relay,cold,0,echo_rtt,76.286,ok
d936f8f1353884b10194235108d0a983ef8abc62,iroh_session,relay,cold,0,echo_rtt,76.287,ok
d936f8f1353884b10194235108d0a983ef8abc62,iroh_session,relay,cold,0,echo_rtt,76.126,ok
d936f8f1353884b10194235108d0a983ef8abc62,iroh_session,relay,cold,0,echo_rtt,76.195,ok
d936f8f1353884b10194235108d0a983ef8abc62,iroh_session,relay,cold,0,echo_rtt,76.216,ok
d936f8f1353884b10194235108d0a983ef8abc62,iroh_session,relay,cold,0,echo_rtt,76.320,ok
d936f8f1353884b10194235108d0a983ef8abc62,iroh_session,relay,cold,0,echo_rtt,76.167,ok
d936f8f1353884b10194235108d0a983ef8abc62,iroh_session,relay,cold,0,echo_rtt,76.261,ok
d936f8f1353884b10194235108d0a983ef8abc62,iroh_session,relay,cold,0,echo_rtt,76.127,ok
d936f8f1353884b10194235108d0a983ef8abc62,iroh_session,relay,cold,0,echo_rtt,76.477,ok
d936f8f1353884b10194235108d0a983ef8abc62,iroh_session,relay,cold,0,echo_rtt,76.196,ok
d936f8f1353884b10194235108d0a983ef8abc62,iroh_session,relay,cold,0,echo_rtt,76.311,ok
d936f8f1353884b10194235108d0a983ef8abc62,iroh_session,relay,cold,0,echo_rtt,76.400,ok
d936f8f1353884b10194235108d0a983ef8abc62,iroh_session,relay,cold,0,echo_rtt,76.432,ok
d936f8f1353884b10194235108d0a983ef8abc62,iroh_session,relay,cold,0,echo_rtt,76.693,ok
d936f8f1353884b10194235108d0a983ef8abc62,iroh_session,relay,cold,0,echo_rtt,76.145,ok
d936f8f1353884b10194235108d0a983ef8abc62,iroh_session,relay,cold,0,echo_rtt,76.132,ok
d936f8f1353884b10194235108d0a983ef8abc62,iroh_session,relay,cold,0,echo_rtt,76.286,ok
d936f8f1353884b10194235108d0a983ef8abc62,iroh_session,relay,cold,0,echo_rtt,76.212,ok
d936f8f1353884b10194235108d0a983ef8abc62,iroh_session,relay,cold,0,process_spawn,0.678,ok
d936f8f1353884b10194235108d0a983ef8abc62,iroh_session,relay,cold,0,runtime_start,0.383,ok
d936f8f1353884b10194235108d0a983ef8abc62,iroh_session,relay,cold,0,endpoint_bind,1.650,ok
d936f8f1353884b10194235108d0a983ef8abc62,iroh_session,relay,cold,0,address_lookup,0.101,ok
d936f8f1353884b10194235108d0a983ef8abc62,iroh_session,relay,cold,0,dial_handshake,194.329,ok
d936f8f1353884b10194235108d0a983ef8abc62,iroh_session,relay,cold,0,stream_open,94.264,ok
d936f8f1353884b10194235108d0a983ef8abc62,iroh_session,relay,cold,0,echo_rtt,76.220,ok
d936f8f1353884b10194235108d0a983ef8abc62,iroh_session,relay,cold,0,echo_rtt,76.214,ok
d936f8f1353884b10194235108d0a983ef8abc62,iroh_session,relay,cold,0,echo_rtt,76.262,ok
d936f8f1353884b10194235108d0a983ef8abc62,iroh_session,relay,cold,0,echo_rtt,77.819,ok
d936f8f1353884b10194235108d0a983ef8abc62,iroh_session,relay,cold,0,echo_rtt,76.532,ok
d936f8f1353884b10194235108d0a983ef8abc62,iroh_session,relay,cold,0,echo_rtt,76.859,ok
d936f8f1353884b10194235108d0a983ef8abc62,iroh_session,relay,cold,0,echo_rtt,76.613,ok
d936f8f1353884b10194235108d0a983ef8abc62,iroh_session,relay,cold,0,echo_rtt,76.398,ok
d936f8f1353884b10194235108d0a983ef8abc62,iroh_session,relay,cold,0,echo_rtt,76.205,ok
d936f8f1353884b10194235108d0a983ef8abc62,iroh_session,relay,cold,0,echo_rtt,76.329,ok
d936f8f1353884b10194235108d0a983ef8abc62,iroh_session,relay,cold,0,echo_rtt,76.204,ok
d936f8f1353884b10194235108d0a983ef8abc62,iroh_session,relay,cold,0,echo_rtt,76.345,ok
d936f8f1353884b10194235108d0a983ef8abc62,iroh_session,relay,cold,0,echo_rtt,76.247,ok
d936f8f1353884b10194235108d0a983ef8abc62,iroh_session,relay,cold,0,echo_rtt,76.291,ok
d936f8f1353884b10194235108d0a983ef8abc62,iroh_session,relay,cold,0,echo_rtt,76.306,ok
d936f8f1353884b10194235108d0a983ef8abc62,iroh_session,relay,cold,0,echo_rtt,76.327,ok
d936f8f1353884b10194235108d0a983ef8abc62,iroh_session,relay,cold,0,echo_rtt,76.385,ok
d936f8f1353884b10194235108d0a983ef8abc62,iroh_session,relay,cold,0,echo_rtt,76.281,ok
d936f8f1353884b10194235108d0a983ef8abc62,iroh_session,relay,cold,0,echo_rtt,76.335,ok
d936f8f1353884b10194235108d0a983ef8abc62,iroh_session,relay,cold,0,echo_rtt,76.209,ok
d936f8f1353884b10194235108d0a983ef8abc62,iroh_session,relay,cold,0,process_spawn,0.722,ok
d936f8f1353884b10194235108d0a983ef8abc62,iroh_session,relay,cold,0,runtime_start,0.380,ok
d936f8f1353884b10194235108d0a983ef8abc62,iroh_session,relay,cold,0,endpoint_bind,1.504,ok
d936f8f1353884b10194235108d0a983ef8abc62,iroh_session,relay,cold,0,address_lookup,0.088,ok
d936f8f1353884b10194235108d0a983ef8abc62,iroh_session,relay,cold,0,dial_handshake,200.952,ok
d936f8f1353884b10194235108d0a983ef8abc62,iroh_session,relay,cold,0,stream_open,96.085,ok
d936f8f1353884b10194235108d0a983ef8abc62,iroh_session,relay,cold,0,echo_rtt,77.959,ok
d936f8f1353884b10194235108d0a983ef8abc62,iroh_session,relay,cold,0,echo_rtt,77.993,ok
d936f8f1353884b10194235108d0a983ef8abc62,iroh_session,relay,cold,0,echo_rtt,77.961,ok
d936f8f1353884b10194235108d0a983ef8abc62,iroh_session,relay,cold,0,echo_rtt,78.520,ok
d936f8f1353884b10194235108d0a983ef8abc62,iroh_session,relay,cold,0,echo_rtt,78.209,ok
d936f8f1353884b10194235108d0a983ef8abc62,iroh_session,relay,cold,0,echo_rtt,77.972,ok
d936f8f1353884b10194235108d0a983ef8abc62,iroh_session,relay,cold,0,echo_rtt,78.033,ok
d936f8f1353884b10194235108d0a983ef8abc62,iroh_session,relay,cold,0,echo_rtt,77.976,ok
d936f8f1353884b10194235108d0a983ef8abc62,iroh_session,relay,cold,0,echo_rtt,77.964,ok
d936f8f1353884b10194235108d0a983ef8abc62,iroh_session,relay,cold,0,echo_rtt,77.944,ok
d936f8f1353884b10194235108d0a983ef8abc62,iroh_session,relay,cold,0,echo_rtt,77.943,ok
d936f8f1353884b10194235108d0a983ef8abc62,iroh_session,relay,cold,0,echo_rtt,77.998,ok
d936f8f1353884b10194235108d0a983ef8abc62,iroh_session,relay,cold,0,echo_rtt,78.116,ok
d936f8f1353884b10194235108d0a983ef8abc62,iroh_session,relay,cold,0,echo_rtt,77.981,ok
d936f8f1353884b10194235108d0a983ef8abc62,iroh_session,relay,cold,0,echo_rtt,78.016,ok
d936f8f1353884b10194235108d0a983ef8abc62,iroh_session,relay,cold,0,echo_rtt,78.009,ok
d936f8f1353884b10194235108d0a983ef8abc62,iroh_session,relay,cold,0,echo_rtt,78.056,ok
d936f8f1353884b10194235108d0a983ef8abc62,iroh_session,relay,cold,0,echo_rtt,78.128,ok
d936f8f1353884b10194235108d0a983ef8abc62,iroh_session,relay,cold,0,echo_rtt,78.136,ok
d936f8f1353884b10194235108d0a983ef8abc62,iroh_session,relay,cold,0,echo_rtt,78.020,ok
d936f8f1353884b10194235108d0a983ef8abc62,iroh_session,relay,cold,0,process_spawn,0.648,ok
d936f8f1353884b10194235108d0a983ef8abc62,iroh_session,relay,cold,0,runtime_start,0.341,ok
d936f8f1353884b10194235108d0a983ef8abc62,iroh_session,relay,cold,0,endpoint_bind,1.376,ok
d936f8f1353884b10194235108d0a983ef8abc62,iroh_session,relay,cold,0,address_lookup,0.089,ok
d936f8f1353884b10194235108d0a983ef8abc62,iroh_session,relay,cold,0,dial_handshake,192.977,ok
d936f8f1353884b10194235108d0a983ef8abc62,iroh_session,relay,cold,0,stream_open,94.921,ok
d936f8f1353884b10194235108d0a983ef8abc62,iroh_session,relay,cold,0,echo_rtt,76.010,ok
d936f8f1353884b10194235108d0a983ef8abc62,iroh_session,relay,cold,0,echo_rtt,76.175,ok
d936f8f1353884b10194235108d0a983ef8abc62,iroh_session,relay,cold,0,echo_rtt,75.873,ok
d936f8f1353884b10194235108d0a983ef8abc62,iroh_session,relay,cold,0,echo_rtt,76.472,ok
d936f8f1353884b10194235108d0a983ef8abc62,iroh_session,relay,cold,0,echo_rtt,77.585,ok
d936f8f1353884b10194235108d0a983ef8abc62,iroh_session,relay,cold,0,echo_rtt,75.854,ok
d936f8f1353884b10194235108d0a983ef8abc62,iroh_session,relay,cold,0,echo_rtt,75.885,ok
d936f8f1353884b10194235108d0a983ef8abc62,iroh_session,relay,cold,0,echo_rtt,75.880,ok
d936f8f1353884b10194235108d0a983ef8abc62,iroh_session,relay,cold,0,echo_rtt,75.898,ok
d936f8f1353884b10194235108d0a983ef8abc62,iroh_session,relay,cold,0,echo_rtt,75.934,ok
d936f8f1353884b10194235108d0a983ef8abc62,iroh_session,relay,cold,0,echo_rtt,76.083,ok
d936f8f1353884b10194235108d0a983ef8abc62,iroh_session,relay,cold,0,echo_rtt,75.929,ok
d936f8f1353884b10194235108d0a983ef8abc62,iroh_session,relay,cold,0,echo_rtt,76.008,ok
d936f8f1353884b10194235108d0a983ef8abc62,iroh_session,relay,cold,0,echo_rtt,75.965,ok
d936f8f1353884b10194235108d0a983ef8abc62,iroh_session,relay,cold,0,echo_rtt,75.912,ok
d936f8f1353884b10194235108d0a983ef8abc62,iroh_session,relay,cold,0,echo_rtt,75.922,ok
d936f8f1353884b10194235108d0a983ef8abc62,iroh_session,relay,cold,0,echo_rtt,75.917,ok
d936f8f1353884b10194235108d0a983ef8abc62,iroh_session,relay,cold,0,echo_rtt,75.969,ok
d936f8f1353884b10194235108d0a983ef8abc62,iroh_session,relay,cold,0,echo_rtt,75.896,ok
d936f8f1353884b10194235108d0a983ef8abc62,iroh_session,relay,cold,0,echo_rtt,76.143,ok
d936f8f1353884b10194235108d0a983ef8abc62,iroh_session,relay,cold,0,process_spawn,0.636,ok
d936f8f1353884b10194235108d0a983ef8abc62,iroh_session,relay,cold,0,runtime_start,0.348,ok
d936f8f1353884b10194235108d0a983ef8abc62,iroh_session,relay,cold,0,endpoint_bind,1.384,ok
d936f8f1353884b10194235108d0a983ef8abc62,iroh_session,relay,cold,0,address_lookup,0.087,ok
d936f8f1353884b10194235108d0a983ef8abc62,iroh_session,relay,cold,0,dial_handshake,201.003,ok
d936f8f1353884b10194235108d0a983ef8abc62,iroh_session,relay,cold,0,stream_open,96.125,ok
d936f8f1353884b10194235108d0a983ef8abc62,iroh_session,relay,cold,0,echo_rtt,77.966,ok
d936f8f1353884b10194235108d0a983ef8abc62,iroh_session,relay,cold,0,echo_rtt,78.197,ok
d936f8f1353884b10194235108d0a983ef8abc62,iroh_session,relay,cold,0,echo_rtt,77.941,ok
d936f8f1353884b10194235108d0a983ef8abc62,iroh_session,relay,cold,0,echo_rtt,77.929,ok
d936f8f1353884b10194235108d0a983ef8abc62,iroh_session,relay,cold,0,echo_rtt,78.059,ok
d936f8f1353884b10194235108d0a983ef8abc62,iroh_session,relay,cold,0,echo_rtt,78.119,ok
d936f8f1353884b10194235108d0a983ef8abc62,iroh_session,relay,cold,0,echo_rtt,77.990,ok
d936f8f1353884b10194235108d0a983ef8abc62,iroh_session,relay,cold,0,echo_rtt,77.972,ok
d936f8f1353884b10194235108d0a983ef8abc62,iroh_session,relay,cold,0,echo_rtt,77.954,ok
d936f8f1353884b10194235108d0a983ef8abc62,iroh_session,relay,cold,0,echo_rtt,78.040,ok
d936f8f1353884b10194235108d0a983ef8abc62,iroh_session,relay,cold,0,echo_rtt,78.053,ok
d936f8f1353884b10194235108d0a983ef8abc62,iroh_session,relay,cold,0,echo_rtt,78.135,ok
d936f8f1353884b10194235108d0a983ef8abc62,iroh_session,relay,cold,0,echo_rtt,77.945,ok
d936f8f1353884b10194235108d0a983ef8abc62,iroh_session,relay,cold,0,echo_rtt,77.980,ok
d936f8f1353884b10194235108d0a983ef8abc62,iroh_session,relay,cold,0,echo_rtt,78.017,ok
d936f8f1353884b10194235108d0a983ef8abc62,iroh_session,relay,cold,0,echo_rtt,78.063,ok
d936f8f1353884b10194235108d0a983ef8abc62,iroh_session,relay,cold,0,echo_rtt,78.060,ok
d936f8f1353884b10194235108d0a983ef8abc62,iroh_session,relay,cold,0,echo_rtt,78.301,ok
d936f8f1353884b10194235108d0a983ef8abc62,iroh_session,relay,cold,0,echo_rtt,77.987,ok
d936f8f1353884b10194235108d0a983ef8abc62,iroh_session,relay,cold,0,echo_rtt,77.913,ok
d936f8f1353884b10194235108d0a983ef8abc62,iroh_session,relay,cold,0,process_spawn,0.706,ok
d936f8f1353884b10194235108d0a983ef8abc62,iroh_session,relay,cold,0,runtime_start,0.337,ok
d936f8f1353884b10194235108d0a983ef8abc62,iroh_session,relay,cold,0,endpoint_bind,1.383,ok
d936f8f1353884b10194235108d0a983ef8abc62,iroh_session,relay,cold,0,address_lookup,0.090,ok
d936f8f1353884b10194235108d0a983ef8abc62,iroh_session,relay,cold,0,dial_handshake,201.523,ok
d936f8f1353884b10194235108d0a983ef8abc62,iroh_session,relay,cold,0,stream_open,96.612,ok
d936f8f1353884b10194235108d0a983ef8abc62,iroh_session,relay,cold,0,echo_rtt,78.168,ok
d936f8f1353884b10194235108d0a983ef8abc62,iroh_session,relay,cold,0,echo_rtt,78.032,ok
d936f8f1353884b10194235108d0a983ef8abc62,iroh_session,relay,cold,0,echo_rtt,78.003,ok
d936f8f1353884b10194235108d0a983ef8abc62,iroh_session,relay,cold,0,echo_rtt,78.099,ok
d936f8f1353884b10194235108d0a983ef8abc62,iroh_session,relay,cold,0,echo_rtt,77.998,ok
d936f8f1353884b10194235108d0a983ef8abc62,iroh_session,relay,cold,0,echo_rtt,77.945,ok
d936f8f1353884b10194235108d0a983ef8abc62,iroh_session,relay,cold,0,echo_rtt,78.812,ok
d936f8f1353884b10194235108d0a983ef8abc62,iroh_session,relay,cold,0,echo_rtt,78.218,ok
d936f8f1353884b10194235108d0a983ef8abc62,iroh_session,relay,cold,0,echo_rtt,77.941,ok
d936f8f1353884b10194235108d0a983ef8abc62,iroh_session,relay,cold,0,echo_rtt,77.998,ok
d936f8f1353884b10194235108d0a983ef8abc62,iroh_session,relay,cold,0,echo_rtt,77.988,ok
d936f8f1353884b10194235108d0a983ef8abc62,iroh_session,relay,cold,0,echo_rtt,78.447,ok
d936f8f1353884b10194235108d0a983ef8abc62,iroh_session,relay,cold,0,echo_rtt,77.927,ok
d936f8f1353884b10194235108d0a983ef8abc62,iroh_session,relay,cold,0,echo_rtt,77.950,ok
d936f8f1353884b10194235108d0a983ef8abc62,iroh_session,relay,cold,0,echo_rtt,78.062,ok
d936f8f1353884b10194235108d0a983ef8abc62,iroh_session,relay,cold,0,echo_rtt,77.991,ok
d936f8f1353884b10194235108d0a983ef8abc62,iroh_session,relay,cold,0,echo_rtt,77.984,ok
d936f8f1353884b10194235108d0a983ef8abc62,iroh_session,relay,cold,0,echo_rtt,78.468,ok
d936f8f1353884b10194235108d0a983ef8abc62,iroh_session,relay,cold,0,echo_rtt,78.087,ok
d936f8f1353884b10194235108d0a983ef8abc62,iroh_session,relay,cold,0,echo_rtt,78.029,ok
d936f8f1353884b10194235108d0a983ef8abc62,iroh_session,relay,cold,0,process_spawn,0.636,ok
d936f8f1353884b10194235108d0a983ef8abc62,iroh_session,relay,cold,0,runtime_start,0.342,ok
d936f8f1353884b10194235108d0a983ef8abc62,iroh_session,relay,cold,0,endpoint_bind,1.521,ok
d936f8f1353884b10194235108d0a983ef8abc62,iroh_session,relay,cold,0,address_lookup,0.084,ok
d936f8f1353884b10194235108d0a983ef8abc62,iroh_session,relay,cold,0,dial_handshake,192.560,ok
d936f8f1353884b10194235108d0a983ef8abc62,iroh_session,relay,cold,0,stream_open,92.816,ok
d936f8f1353884b10194235108d0a983ef8abc62,iroh_session,relay,cold,0,echo_rtt,75.700,ok
d936f8f1353884b10194235108d0a983ef8abc62,iroh_session,relay,cold,0,echo_rtt,76.216,ok
d936f8f1353884b10194235108d0a983ef8abc62,iroh_session,relay,cold,0,echo_rtt,75.985,ok
d936f8f1353884b10194235108d0a983ef8abc62,iroh_session,relay,cold,0,echo_rtt,75.746,ok
d936f8f1353884b10194235108d0a983ef8abc62,iroh_session,relay,cold,0,echo_rtt,75.885,ok
d936f8f1353884b10194235108d0a983ef8abc62,iroh_session,relay,cold,0,echo_rtt,75.695,ok
d936f8f1353884b10194235108d0a983ef8abc62,iroh_session,relay,cold,0,echo_rtt,75.651,ok
d936f8f1353884b10194235108d0a983ef8abc62,iroh_session,relay,cold,0,echo_rtt,75.718,ok
d936f8f1353884b10194235108d0a983ef8abc62,iroh_session,relay,cold,0,echo_rtt,75.788,ok
d936f8f1353884b10194235108d0a983ef8abc62,iroh_session,relay,cold,0,echo_rtt,75.747,ok
d936f8f1353884b10194235108d0a983ef8abc62,iroh_session,relay,cold,0,echo_rtt,75.737,ok
d936f8f1353884b10194235108d0a983ef8abc62,iroh_session,relay,cold,0,echo_rtt,75.782,ok
d936f8f1353884b10194235108d0a983ef8abc62,iroh_session,relay,cold,0,echo_rtt,75.721,ok
d936f8f1353884b10194235108d0a983ef8abc62,iroh_session,relay,cold,0,echo_rtt,75.696,ok
d936f8f1353884b10194235108d0a983ef8abc62,iroh_session,relay,cold,0,echo_rtt,76.067,ok
d936f8f1353884b10194235108d0a983ef8abc62,iroh_session,relay,cold,0,echo_rtt,75.695,ok
d936f8f1353884b10194235108d0a983ef8abc62,iroh_session,relay,cold,0,echo_rtt,75.746,ok
d936f8f1353884b10194235108d0a983ef8abc62,iroh_session,relay,cold,0,echo_rtt,75.778,ok
d936f8f1353884b10194235108d0a983ef8abc62,iroh_session,relay,cold,0,echo_rtt,75.833,ok
d936f8f1353884b10194235108d0a983ef8abc62,iroh_session,relay,cold,0,echo_rtt,75.717,ok
d936f8f1353884b10194235108d0a983ef8abc62,iroh_session,relay,cold,0,process_spawn,0.745,ok
d936f8f1353884b10194235108d0a983ef8abc62,iroh_session,relay,cold,0,runtime_start,0.367,ok
d936f8f1353884b10194235108d0a983ef8abc62,iroh_session,relay,cold,0,endpoint_bind,1.433,ok
d936f8f1353884b10194235108d0a983ef8abc62,iroh_session,relay,cold,0,address_lookup,0.130,ok
d936f8f1353884b10194235108d0a983ef8abc62,iroh_session,relay,cold,0,dial_handshake,200.902,ok
d936f8f1353884b10194235108d0a983ef8abc62,iroh_session,relay,cold,0,stream_open,96.179,ok
d936f8f1353884b10194235108d0a983ef8abc62,iroh_session,relay,cold,0,echo_rtt,77.918,ok
d936f8f1353884b10194235108d0a983ef8abc62,iroh_session,relay,cold,0,echo_rtt,77.970,ok
d936f8f1353884b10194235108d0a983ef8abc62,iroh_session,relay,cold,0,echo_rtt,78.359,ok
d936f8f1353884b10194235108d0a983ef8abc62,iroh_session,relay,cold,0,echo_rtt,77.986,ok
d936f8f1353884b10194235108d0a983ef8abc62,iroh_session,relay,cold,0,echo_rtt,78.050,ok
d936f8f1353884b10194235108d0a983ef8abc62,iroh_session,relay,cold,0,echo_rtt,77.983,ok
d936f8f1353884b10194235108d0a983ef8abc62,iroh_session,relay,cold,0,echo_rtt,78.297,ok
d936f8f1353884b10194235108d0a983ef8abc62,iroh_session,relay,cold,0,echo_rtt,77.951,ok
d936f8f1353884b10194235108d0a983ef8abc62,iroh_session,relay,cold,0,echo_rtt,78.129,ok
d936f8f1353884b10194235108d0a983ef8abc62,iroh_session,relay,cold,0,echo_rtt,78.048,ok
d936f8f1353884b10194235108d0a983ef8abc62,iroh_session,relay,cold,0,echo_rtt,77.955,ok
d936f8f1353884b10194235108d0a983ef8abc62,iroh_session,relay,cold,0,echo_rtt,78.029,ok
d936f8f1353884b10194235108d0a983ef8abc62,iroh_session,relay,cold,0,echo_rtt,78.050,ok
d936f8f1353884b10194235108d0a983ef8abc62,iroh_session,relay,cold,0,echo_rtt,78.013,ok
d936f8f1353884b10194235108d0a983ef8abc62,iroh_session,relay,cold,0,echo_rtt,78.006,ok
d936f8f1353884b10194235108d0a983ef8abc62,iroh_session,relay,cold,0,echo_rtt,78.085,ok
d936f8f1353884b10194235108d0a983ef8abc62,iroh_session,relay,cold,0,echo_rtt,77.947,ok
d936f8f1353884b10194235108d0a983ef8abc62,iroh_session,relay,cold,0,echo_rtt,77.948,ok
d936f8f1353884b10194235108d0a983ef8abc62,iroh_session,relay,cold,0,echo_rtt,78.167,ok
d936f8f1353884b10194235108d0a983ef8abc62,iroh_session,relay,cold,0,echo_rtt,77.946,ok
d936f8f1353884b10194235108d0a983ef8abc62,iroh_session,relay,cold,0,process_spawn,0.745,ok
d936f8f1353884b10194235108d0a983ef8abc62,iroh_session,relay,cold,0,runtime_start,0.414,ok
d936f8f1353884b10194235108d0a983ef8abc62,iroh_session,relay,cold,0,endpoint_bind,1.426,ok
d936f8f1353884b10194235108d0a983ef8abc62,iroh_session,relay,cold,0,address_lookup,0.092,ok
d936f8f1353884b10194235108d0a983ef8abc62,iroh_session,relay,cold,0,dial_handshake,191.554,ok
d936f8f1353884b10194235108d0a983ef8abc62,iroh_session,relay,cold,0,stream_open,93.552,ok
d936f8f1353884b10194235108d0a983ef8abc62,iroh_session,relay,cold,0,echo_rtt,75.658,ok
d936f8f1353884b10194235108d0a983ef8abc62,iroh_session,relay,cold,0,echo_rtt,75.681,ok
d936f8f1353884b10194235108d0a983ef8abc62,iroh_session,relay,cold,0,echo_rtt,75.659,ok
d936f8f1353884b10194235108d0a983ef8abc62,iroh_session,relay,cold,0,echo_rtt,75.670,ok
d936f8f1353884b10194235108d0a983ef8abc62,iroh_session,relay,cold,0,echo_rtt,75.637,ok
d936f8f1353884b10194235108d0a983ef8abc62,iroh_session,relay,cold,0,echo_rtt,75.681,ok
d936f8f1353884b10194235108d0a983ef8abc62,iroh_session,relay,cold,0,echo_rtt,75.565,ok
d936f8f1353884b10194235108d0a983ef8abc62,iroh_session,relay,cold,0,echo_rtt,75.826,ok
d936f8f1353884b10194235108d0a983ef8abc62,iroh_session,relay,cold,0,echo_rtt,75.649,ok
d936f8f1353884b10194235108d0a983ef8abc62,iroh_session,relay,cold,0,echo_rtt,75.848,ok
d936f8f1353884b10194235108d0a983ef8abc62,iroh_session,relay,cold,0,echo_rtt,75.705,ok
d936f8f1353884b10194235108d0a983ef8abc62,iroh_session,relay,cold,0,echo_rtt,75.647,ok
d936f8f1353884b10194235108d0a983ef8abc62,iroh_session,relay,cold,0,echo_rtt,75.921,ok
d936f8f1353884b10194235108d0a983ef8abc62,iroh_session,relay,cold,0,echo_rtt,75.598,ok
d936f8f1353884b10194235108d0a983ef8abc62,iroh_session,relay,cold,0,echo_rtt,75.610,ok
d936f8f1353884b10194235108d0a983ef8abc62,iroh_session,relay,cold,0,echo_rtt,75.635,ok
d936f8f1353884b10194235108d0a983ef8abc62,iroh_session,relay,cold,0,echo_rtt,75.590,ok
d936f8f1353884b10194235108d0a983ef8abc62,iroh_session,relay,cold,0,echo_rtt,75.600,ok
d936f8f1353884b10194235108d0a983ef8abc62,iroh_session,relay,cold,0,echo_rtt,75.715,ok
d936f8f1353884b10194235108d0a983ef8abc62,iroh_session,relay,cold,0,echo_rtt,75.663,ok
d936f8f1353884b10194235108d0a983ef8abc62,iroh_session,relay,cold,0,process_spawn,0.638,ok
d936f8f1353884b10194235108d0a983ef8abc62,iroh_session,relay,cold,0,runtime_start,0.362,ok
d936f8f1353884b10194235108d0a983ef8abc62,iroh_session,relay,cold,0,endpoint_bind,1.420,ok
d936f8f1353884b10194235108d0a983ef8abc62,iroh_session,relay,cold,0,address_lookup,0.088,ok
d936f8f1353884b10194235108d0a983ef8abc62,iroh_session,relay,cold,0,dial_handshake,192.384,ok
d936f8f1353884b10194235108d0a983ef8abc62,iroh_session,relay,cold,0,stream_open,93.284,ok
d936f8f1353884b10194235108d0a983ef8abc62,iroh_session,relay,cold,0,echo_rtt,75.964,ok
d936f8f1353884b10194235108d0a983ef8abc62,iroh_session,relay,cold,0,echo_rtt,75.778,ok
d936f8f1353884b10194235108d0a983ef8abc62,iroh_session,relay,cold,0,echo_rtt,75.750,ok
d936f8f1353884b10194235108d0a983ef8abc62,iroh_session,relay,cold,0,echo_rtt,75.929,ok
d936f8f1353884b10194235108d0a983ef8abc62,iroh_session,relay,cold,0,echo_rtt,75.792,ok
d936f8f1353884b10194235108d0a983ef8abc62,iroh_session,relay,cold,0,echo_rtt,75.789,ok
d936f8f1353884b10194235108d0a983ef8abc62,iroh_session,relay,cold,0,echo_rtt,75.842,ok
d936f8f1353884b10194235108d0a983ef8abc62,iroh_session,relay,cold,0,echo_rtt,75.815,ok
d936f8f1353884b10194235108d0a983ef8abc62,iroh_session,relay,cold,0,echo_rtt,75.849,ok
d936f8f1353884b10194235108d0a983ef8abc62,iroh_session,relay,cold,0,echo_rtt,75.755,ok
d936f8f1353884b10194235108d0a983ef8abc62,iroh_session,relay,cold,0,echo_rtt,77.004,ok
d936f8f1353884b10194235108d0a983ef8abc62,iroh_session,relay,cold,0,echo_rtt,75.828,ok
d936f8f1353884b10194235108d0a983ef8abc62,iroh_session,relay,cold,0,echo_rtt,75.739,ok
d936f8f1353884b10194235108d0a983ef8abc62,iroh_session,relay,cold,0,echo_rtt,75.681,ok
d936f8f1353884b10194235108d0a983ef8abc62,iroh_session,relay,cold,0,echo_rtt,75.769,ok
d936f8f1353884b10194235108d0a983ef8abc62,iroh_session,relay,cold,0,echo_rtt,75.725,ok
d936f8f1353884b10194235108d0a983ef8abc62,iroh_session,relay,cold,0,echo_rtt,75.781,ok
d936f8f1353884b10194235108d0a983ef8abc62,iroh_session,relay,cold,0,echo_rtt,75.758,ok
d936f8f1353884b10194235108d0a983ef8abc62,iroh_session,relay,cold,0,echo_rtt,75.858,ok
d936f8f1353884b10194235108d0a983ef8abc62,iroh_session,relay,cold,0,echo_rtt,75.760,ok
d936f8f1353884b10194235108d0a983ef8abc62,iroh_session,relay,cold,0,process_spawn,0.605,ok
d936f8f1353884b10194235108d0a983ef8abc62,iroh_session,relay,cold,0,runtime_start,0.340,ok
d936f8f1353884b10194235108d0a983ef8abc62,iroh_session,relay,cold,0,endpoint_bind,1.612,ok
d936f8f1353884b10194235108d0a983ef8abc62,iroh_session,relay,cold,0,address_lookup,0.093,ok
d936f8f1353884b10194235108d0a983ef8abc62,iroh_session,relay,cold,0,dial_handshake,191.699,ok
d936f8f1353884b10194235108d0a983ef8abc62,iroh_session,relay,cold,0,stream_open,92.577,ok
d936f8f1353884b10194235108d0a983ef8abc62,iroh_session,relay,cold,0,echo_rtt,75.563,ok
d936f8f1353884b10194235108d0a983ef8abc62,iroh_session,relay,cold,0,echo_rtt,75.603,ok
d936f8f1353884b10194235108d0a983ef8abc62,iroh_session,relay,cold,0,echo_rtt,75.691,ok
d936f8f1353884b10194235108d0a983ef8abc62,iroh_session,relay,cold,0,echo_rtt,75.601,ok
d936f8f1353884b10194235108d0a983ef8abc62,iroh_session,relay,cold,0,echo_rtt,75.559,ok
d936f8f1353884b10194235108d0a983ef8abc62,iroh_session,relay,cold,0,echo_rtt,75.689,ok
d936f8f1353884b10194235108d0a983ef8abc62,iroh_session,relay,cold,0,echo_rtt,75.559,ok
d936f8f1353884b10194235108d0a983ef8abc62,iroh_session,relay,cold,0,echo_rtt,75.588,ok
d936f8f1353884b10194235108d0a983ef8abc62,iroh_session,relay,cold,0,echo_rtt,75.579,ok
d936f8f1353884b10194235108d0a983ef8abc62,iroh_session,relay,cold,0,echo_rtt,75.626,ok
d936f8f1353884b10194235108d0a983ef8abc62,iroh_session,relay,cold,0,echo_rtt,75.587,ok
d936f8f1353884b10194235108d0a983ef8abc62,iroh_session,relay,cold,0,echo_rtt,75.644,ok
d936f8f1353884b10194235108d0a983ef8abc62,iroh_session,relay,cold,0,echo_rtt,75.641,ok
d936f8f1353884b10194235108d0a983ef8abc62,iroh_session,relay,cold,0,echo_rtt,75.638,ok
d936f8f1353884b10194235108d0a983ef8abc62,iroh_session,relay,cold,0,echo_rtt,76.101,ok
d936f8f1353884b10194235108d0a983ef8abc62,iroh_session,relay,cold,0,echo_rtt,75.640,ok
d936f8f1353884b10194235108d0a983ef8abc62,iroh_session,relay,cold,0,echo_rtt,75.792,ok
d936f8f1353884b10194235108d0a983ef8abc62,iroh_session,relay,cold,0,echo_rtt,75.573,ok
d936f8f1353884b10194235108d0a983ef8abc62,iroh_session,relay,cold,0,echo_rtt,75.719,ok
d936f8f1353884b10194235108d0a983ef8abc62,iroh_session,relay,cold,0,echo_rtt,75.760,ok
d936f8f1353884b10194235108d0a983ef8abc62,iroh_session,relay,warm,1,stream_open,75.688,ok
d936f8f1353884b10194235108d0a983ef8abc62,iroh_session,relay,warm,1,echo_rtt,75.605,ok
d936f8f1353884b10194235108d0a983ef8abc62,iroh_session,relay,warm,1,echo_rtt,75.687,ok
d936f8f1353884b10194235108d0a983ef8abc62,iroh_session,relay,warm,1,echo_rtt,75.579,ok
d936f8f1353884b10194235108d0a983ef8abc62,iroh_session,relay,warm,1,echo_rtt,75.685,ok
d936f8f1353884b10194235108d0a983ef8abc62,iroh_session,relay,warm,1,echo_rtt,75.594,ok
d936f8f1353884b10194235108d0a983ef8abc62,iroh_session,relay,warm,1,echo_rtt,75.569,ok
d936f8f1353884b10194235108d0a983ef8abc62,iroh_session,relay,warm,1,echo_rtt,75.721,ok
d936f8f1353884b10194235108d0a983ef8abc62,iroh_session,relay,warm,1,echo_rtt,75.604,ok
d936f8f1353884b10194235108d0a983ef8abc62,iroh_session,relay,warm,1,echo_rtt,75.788,ok
d936f8f1353884b10194235108d0a983ef8abc62,iroh_session,relay,warm,1,echo_rtt,75.561,ok
d936f8f1353884b10194235108d0a983ef8abc62,iroh_session,relay,warm,1,echo_rtt,75.666,ok
d936f8f1353884b10194235108d0a983ef8abc62,iroh_session,relay,warm,1,echo_rtt,75.786,ok
d936f8f1353884b10194235108d0a983ef8abc62,iroh_session,relay,warm,1,echo_rtt,75.658,ok
d936f8f1353884b10194235108d0a983ef8abc62,iroh_session,relay,warm,1,echo_rtt,75.562,ok
d936f8f1353884b10194235108d0a983ef8abc62,iroh_session,relay,warm,1,echo_rtt,75.650,ok
d936f8f1353884b10194235108d0a983ef8abc62,iroh_session,relay,warm,1,echo_rtt,75.660,ok
d936f8f1353884b10194235108d0a983ef8abc62,iroh_session,relay,warm,1,echo_rtt,75.847,ok
d936f8f1353884b10194235108d0a983ef8abc62,iroh_session,relay,warm,1,echo_rtt,76.375,ok
d936f8f1353884b10194235108d0a983ef8abc62,iroh_session,relay,warm,1,echo_rtt,75.587,ok
d936f8f1353884b10194235108d0a983ef8abc62,iroh_session,relay,warm,1,echo_rtt,75.568,ok
d936f8f1353884b10194235108d0a983ef8abc62,iroh_session,relay,warm,2,stream_open,75.596,ok
d936f8f1353884b10194235108d0a983ef8abc62,iroh_session,relay,warm,2,echo_rtt,75.653,ok
d936f8f1353884b10194235108d0a983ef8abc62,iroh_session,relay,warm,2,echo_rtt,75.732,ok
d936f8f1353884b10194235108d0a983ef8abc62,iroh_session,relay,warm,2,echo_rtt,75.738,ok
d936f8f1353884b10194235108d0a983ef8abc62,iroh_session,relay,warm,2,echo_rtt,75.642,ok
d936f8f1353884b10194235108d0a983ef8abc62,iroh_session,relay,warm,2,echo_rtt,75.615,ok
d936f8f1353884b10194235108d0a983ef8abc62,iroh_session,relay,warm,2,echo_rtt,75.600,ok
d936f8f1353884b10194235108d0a983ef8abc62,iroh_session,relay,warm,2,echo_rtt,75.572,ok
d936f8f1353884b10194235108d0a983ef8abc62,iroh_session,relay,warm,2,echo_rtt,75.609,ok
d936f8f1353884b10194235108d0a983ef8abc62,iroh_session,relay,warm,2,echo_rtt,75.596,ok
d936f8f1353884b10194235108d0a983ef8abc62,iroh_session,relay,warm,2,echo_rtt,75.619,ok
d936f8f1353884b10194235108d0a983ef8abc62,iroh_session,relay,warm,2,echo_rtt,75.590,ok
d936f8f1353884b10194235108d0a983ef8abc62,iroh_session,relay,warm,2,echo_rtt,75.644,ok
d936f8f1353884b10194235108d0a983ef8abc62,iroh_session,relay,warm,2,echo_rtt,75.634,ok
d936f8f1353884b10194235108d0a983ef8abc62,iroh_session,relay,warm,2,echo_rtt,75.619,ok
d936f8f1353884b10194235108d0a983ef8abc62,iroh_session,relay,warm,2,echo_rtt,75.619,ok
d936f8f1353884b10194235108d0a983ef8abc62,iroh_session,relay,warm,2,echo_rtt,75.589,ok
d936f8f1353884b10194235108d0a983ef8abc62,iroh_session,relay,warm,2,echo_rtt,75.575,ok
d936f8f1353884b10194235108d0a983ef8abc62,iroh_session,relay,warm,2,echo_rtt,76.172,ok
d936f8f1353884b10194235108d0a983ef8abc62,iroh_session,relay,warm,2,echo_rtt,75.770,ok
d936f8f1353884b10194235108d0a983ef8abc62,iroh_session,relay,warm,2,echo_rtt,76.083,ok
d936f8f1353884b10194235108d0a983ef8abc62,iroh_session,relay,warm,3,stream_open,75.733,ok
d936f8f1353884b10194235108d0a983ef8abc62,iroh_session,relay,warm,3,echo_rtt,75.543,ok
d936f8f1353884b10194235108d0a983ef8abc62,iroh_session,relay,warm,3,echo_rtt,75.678,ok
d936f8f1353884b10194235108d0a983ef8abc62,iroh_session,relay,warm,3,echo_rtt,75.545,ok
d936f8f1353884b10194235108d0a983ef8abc62,iroh_session,relay,warm,3,echo_rtt,75.632,ok
d936f8f1353884b10194235108d0a983ef8abc62,iroh_session,relay,warm,3,echo_rtt,75.543,ok
d936f8f1353884b10194235108d0a983ef8abc62,iroh_session,relay,warm,3,echo_rtt,75.594,ok
d936f8f1353884b10194235108d0a983ef8abc62,iroh_session,relay,warm,3,echo_rtt,75.657,ok
d936f8f1353884b10194235108d0a983ef8abc62,iroh_session,relay,warm,3,echo_rtt,75.757,ok
d936f8f1353884b10194235108d0a983ef8abc62,iroh_session,relay,warm,3,echo_rtt,75.576,ok
d936f8f1353884b10194235108d0a983ef8abc62,iroh_session,relay,warm,3,echo_rtt,75.630,ok
d936f8f1353884b10194235108d0a983ef8abc62,iroh_session,relay,warm,3,echo_rtt,75.909,ok
d936f8f1353884b10194235108d0a983ef8abc62,iroh_session,relay,warm,3,echo_rtt,75.716,ok
d936f8f1353884b10194235108d0a983ef8abc62,iroh_session,relay,warm,3,echo_rtt,75.918,ok
d936f8f1353884b10194235108d0a983ef8abc62,iroh_session,relay,warm,3,echo_rtt,75.583,ok
d936f8f1353884b10194235108d0a983ef8abc62,iroh_session,relay,warm,3,echo_rtt,75.607,ok
d936f8f1353884b10194235108d0a983ef8abc62,iroh_session,relay,warm,3,echo_rtt,75.672,ok
d936f8f1353884b10194235108d0a983ef8abc62,iroh_session,relay,warm,3,echo_rtt,75.624,ok
d936f8f1353884b10194235108d0a983ef8abc62,iroh_session,relay,warm,3,echo_rtt,75.600,ok
d936f8f1353884b10194235108d0a983ef8abc62,iroh_session,relay,warm,3,echo_rtt,75.572,ok
d936f8f1353884b10194235108d0a983ef8abc62,iroh_session,relay,warm,3,echo_rtt,75.574,ok
d936f8f1353884b10194235108d0a983ef8abc62,iroh_session,relay,warm,4,stream_open,75.861,ok
d936f8f1353884b10194235108d0a983ef8abc62,iroh_session,relay,warm,4,echo_rtt,75.748,ok
d936f8f1353884b10194235108d0a983ef8abc62,iroh_session,relay,warm,4,echo_rtt,75.889,ok
d936f8f1353884b10194235108d0a983ef8abc62,iroh_session,relay,warm,4,echo_rtt,76.021,ok
d936f8f1353884b10194235108d0a983ef8abc62,iroh_session,relay,warm,4,echo_rtt,75.613,ok
d936f8f1353884b10194235108d0a983ef8abc62,iroh_session,relay,warm,4,echo_rtt,75.578,ok
d936f8f1353884b10194235108d0a983ef8abc62,iroh_session,relay,warm,4,echo_rtt,76.460,ok
d936f8f1353884b10194235108d0a983ef8abc62,iroh_session,relay,warm,4,echo_rtt,75.583,ok
d936f8f1353884b10194235108d0a983ef8abc62,iroh_session,relay,warm,4,echo_rtt,75.584,ok
d936f8f1353884b10194235108d0a983ef8abc62,iroh_session,relay,warm,4,echo_rtt,76.260,ok
d936f8f1353884b10194235108d0a983ef8abc62,iroh_session,relay,warm,4,echo_rtt,75.568,ok
d936f8f1353884b10194235108d0a983ef8abc62,iroh_session,relay,warm,4,echo_rtt,75.621,ok
d936f8f1353884b10194235108d0a983ef8abc62,iroh_session,relay,warm,4,echo_rtt,75.786,ok
d936f8f1353884b10194235108d0a983ef8abc62,iroh_session,relay,warm,4,echo_rtt,75.831,ok
d936f8f1353884b10194235108d0a983ef8abc62,iroh_session,relay,warm,4,echo_rtt,75.805,ok
d936f8f1353884b10194235108d0a983ef8abc62,iroh_session,relay,warm,4,echo_rtt,75.665,ok
d936f8f1353884b10194235108d0a983ef8abc62,iroh_session,relay,warm,4,echo_rtt,75.697,ok
d936f8f1353884b10194235108d0a983ef8abc62,iroh_session,relay,warm,4,echo_rtt,76.017,ok
d936f8f1353884b10194235108d0a983ef8abc62,iroh_session,relay,warm,4,echo_rtt,75.627,ok
d936f8f1353884b10194235108d0a983ef8abc62,iroh_session,relay,warm,4,echo_rtt,75.632,ok
d936f8f1353884b10194235108d0a983ef8abc62,iroh_session,relay,warm,4,echo_rtt,75.661,ok
d936f8f1353884b10194235108d0a983ef8abc62,iroh_session,relay,warm,5,stream_open,75.670,ok
d936f8f1353884b10194235108d0a983ef8abc62,iroh_session,relay,warm,5,echo_rtt,75.721,ok
d936f8f1353884b10194235108d0a983ef8abc62,iroh_session,relay,warm,5,echo_rtt,75.696,ok
d936f8f1353884b10194235108d0a983ef8abc62,iroh_session,relay,warm,5,echo_rtt,75.616,ok
d936f8f1353884b10194235108d0a983ef8abc62,iroh_session,relay,warm,5,echo_rtt,75.612,ok
d936f8f1353884b10194235108d0a983ef8abc62,iroh_session,relay,warm,5,echo_rtt,75.659,ok
d936f8f1353884b10194235108d0a983ef8abc62,iroh_session,relay,warm,5,echo_rtt,75.689,ok
d936f8f1353884b10194235108d0a983ef8abc62,iroh_session,relay,warm,5,echo_rtt,75.705,ok
d936f8f1353884b10194235108d0a983ef8abc62,iroh_session,relay,warm,5,echo_rtt,75.599,ok
d936f8f1353884b10194235108d0a983ef8abc62,iroh_session,relay,warm,5,echo_rtt,75.582,ok
d936f8f1353884b10194235108d0a983ef8abc62,iroh_session,relay,warm,5,echo_rtt,75.684,ok
d936f8f1353884b10194235108d0a983ef8abc62,iroh_session,relay,warm,5,echo_rtt,75.654,ok
d936f8f1353884b10194235108d0a983ef8abc62,iroh_session,relay,warm,5,echo_rtt,75.575,ok
d936f8f1353884b10194235108d0a983ef8abc62,iroh_session,relay,warm,5,echo_rtt,75.678,ok
d936f8f1353884b10194235108d0a983ef8abc62,iroh_session,relay,warm,5,echo_rtt,75.722,ok
d936f8f1353884b10194235108d0a983ef8abc62,iroh_session,relay,warm,5,echo_rtt,75.615,ok
d936f8f1353884b10194235108d0a983ef8abc62,iroh_session,relay,warm,5,echo_rtt,75.670,ok
d936f8f1353884b10194235108d0a983ef8abc62,iroh_session,relay,warm,5,echo_rtt,75.591,ok
d936f8f1353884b10194235108d0a983ef8abc62,iroh_session,relay,warm,5,echo_rtt,75.529,ok
d936f8f1353884b10194235108d0a983ef8abc62,iroh_session,relay,warm,5,echo_rtt,76.026,ok
d936f8f1353884b10194235108d0a983ef8abc62,iroh_session,relay,warm,5,echo_rtt,75.584,ok
d936f8f1353884b10194235108d0a983ef8abc62,iroh_session,relay,warm,6,stream_open,75.645,ok
d936f8f1353884b10194235108d0a983ef8abc62,iroh_session,relay,warm,6,echo_rtt,75.573,ok
d936f8f1353884b10194235108d0a983ef8abc62,iroh_session,relay,warm,6,echo_rtt,75.580,ok
d936f8f1353884b10194235108d0a983ef8abc62,iroh_session,relay,warm,6,echo_rtt,75.717,ok
d936f8f1353884b10194235108d0a983ef8abc62,iroh_session,relay,warm,6,echo_rtt,75.763,ok
d936f8f1353884b10194235108d0a983ef8abc62,iroh_session,relay,warm,6,echo_rtt,75.643,ok
d936f8f1353884b10194235108d0a983ef8abc62,iroh_session,relay,warm,6,echo_rtt,75.712,ok
d936f8f1353884b10194235108d0a983ef8abc62,iroh_session,relay,warm,6,echo_rtt,75.676,ok
d936f8f1353884b10194235108d0a983ef8abc62,iroh_session,relay,warm,6,echo_rtt,75.756,ok
d936f8f1353884b10194235108d0a983ef8abc62,iroh_session,relay,warm,6,echo_rtt,75.600,ok
d936f8f1353884b10194235108d0a983ef8abc62,iroh_session,relay,warm,6,echo_rtt,75.566,ok
d936f8f1353884b10194235108d0a983ef8abc62,iroh_session,relay,warm,6,echo_rtt,75.655,ok
d936f8f1353884b10194235108d0a983ef8abc62,iroh_session,relay,warm,6,echo_rtt,75.688,ok
d936f8f1353884b10194235108d0a983ef8abc62,iroh_session,relay,warm,6,echo_rtt,75.743,ok
d936f8f1353884b10194235108d0a983ef8abc62,iroh_session,relay,warm,6,echo_rtt,75.700,ok
d936f8f1353884b10194235108d0a983ef8abc62,iroh_session,relay,warm,6,echo_rtt,75.551,ok
d936f8f1353884b10194235108d0a983ef8abc62,iroh_session,relay,warm,6,echo_rtt,75.604,ok
d936f8f1353884b10194235108d0a983ef8abc62,iroh_session,relay,warm,6,echo_rtt,76.091,ok
d936f8f1353884b10194235108d0a983ef8abc62,iroh_session,relay,warm,6,echo_rtt,75.602,ok
d936f8f1353884b10194235108d0a983ef8abc62,iroh_session,relay,warm,6,echo_rtt,75.759,ok
d936f8f1353884b10194235108d0a983ef8abc62,iroh_session,relay,warm,6,echo_rtt,75.606,ok
d936f8f1353884b10194235108d0a983ef8abc62,iroh_session,relay,warm,7,stream_open,75.563,ok
d936f8f1353884b10194235108d0a983ef8abc62,iroh_session,relay,warm,7,echo_rtt,75.736,ok
d936f8f1353884b10194235108d0a983ef8abc62,iroh_session,relay,warm,7,echo_rtt,75.589,ok
d936f8f1353884b10194235108d0a983ef8abc62,iroh_session,relay,warm,7,echo_rtt,75.566,ok
d936f8f1353884b10194235108d0a983ef8abc62,iroh_session,relay,warm,7,echo_rtt,75.544,ok
d936f8f1353884b10194235108d0a983ef8abc62,iroh_session,relay,warm,7,echo_rtt,75.544,ok
d936f8f1353884b10194235108d0a983ef8abc62,iroh_session,relay,warm,7,echo_rtt,75.659,ok
d936f8f1353884b10194235108d0a983ef8abc62,iroh_session,relay,warm,7,echo_rtt,75.684,ok
d936f8f1353884b10194235108d0a983ef8abc62,iroh_session,relay,warm,7,echo_rtt,75.927,ok
d936f8f1353884b10194235108d0a983ef8abc62,iroh_session,relay,warm,7,echo_rtt,75.638,ok
d936f8f1353884b10194235108d0a983ef8abc62,iroh_session,relay,warm,7,echo_rtt,75.585,ok
d936f8f1353884b10194235108d0a983ef8abc62,iroh_session,relay,warm,7,echo_rtt,75.602,ok
d936f8f1353884b10194235108d0a983ef8abc62,iroh_session,relay,warm,7,echo_rtt,75.616,ok
d936f8f1353884b10194235108d0a983ef8abc62,iroh_session,relay,warm,7,echo_rtt,75.646,ok
d936f8f1353884b10194235108d0a983ef8abc62,iroh_session,relay,warm,7,echo_rtt,75.637,ok
d936f8f1353884b10194235108d0a983ef8abc62,iroh_session,relay,warm,7,echo_rtt,75.563,ok
d936f8f1353884b10194235108d0a983ef8abc62,iroh_session,relay,warm,7,echo_rtt,75.673,ok
d936f8f1353884b10194235108d0a983ef8abc62,iroh_session,relay,warm,7,echo_rtt,75.627,ok
d936f8f1353884b10194235108d0a983ef8abc62,iroh_session,relay,warm,7,echo_rtt,75.643,ok
d936f8f1353884b10194235108d0a983ef8abc62,iroh_session,relay,warm,7,echo_rtt,76.152,ok
d936f8f1353884b10194235108d0a983ef8abc62,iroh_session,relay,warm,7,echo_rtt,75.639,ok
d936f8f1353884b10194235108d0a983ef8abc62,iroh_session,relay,warm,8,stream_open,75.639,ok
d936f8f1353884b10194235108d0a983ef8abc62,iroh_session,relay,warm,8,echo_rtt,75.610,ok
d936f8f1353884b10194235108d0a983ef8abc62,iroh_session,relay,warm,8,echo_rtt,75.634,ok
d936f8f1353884b10194235108d0a983ef8abc62,iroh_session,relay,warm,8,echo_rtt,75.578,ok
d936f8f1353884b10194235108d0a983ef8abc62,iroh_session,relay,warm,8,echo_rtt,75.630,ok
d936f8f1353884b10194235108d0a983ef8abc62,iroh_session,relay,warm,8,echo_rtt,75.624,ok
d936f8f1353884b10194235108d0a983ef8abc62,iroh_session,relay,warm,8,echo_rtt,75.975,ok
d936f8f1353884b10194235108d0a983ef8abc62,iroh_session,relay,warm,8,echo_rtt,75.581,ok
d936f8f1353884b10194235108d0a983ef8abc62,iroh_session,relay,warm,8,echo_rtt,75.631,ok
d936f8f1353884b10194235108d0a983ef8abc62,iroh_session,relay,warm,8,echo_rtt,75.602,ok
d936f8f1353884b10194235108d0a983ef8abc62,iroh_session,relay,warm,8,echo_rtt,75.765,ok
d936f8f1353884b10194235108d0a983ef8abc62,iroh_session,relay,warm,8,echo_rtt,75.773,ok
d936f8f1353884b10194235108d0a983ef8abc62,iroh_session,relay,warm,8,echo_rtt,75.707,ok
d936f8f1353884b10194235108d0a983ef8abc62,iroh_session,relay,warm,8,echo_rtt,75.568,ok
d936f8f1353884b10194235108d0a983ef8abc62,iroh_session,relay,warm,8,echo_rtt,75.643,ok
d936f8f1353884b10194235108d0a983ef8abc62,iroh_session,relay,warm,8,echo_rtt,75.565,ok
d936f8f1353884b10194235108d0a983ef8abc62,iroh_session,relay,warm,8,echo_rtt,75.670,ok
d936f8f1353884b10194235108d0a983ef8abc62,iroh_session,relay,warm,8,echo_rtt,75.580,ok
d936f8f1353884b10194235108d0a983ef8abc62,iroh_session,relay,warm,8,echo_rtt,75.762,ok
d936f8f1353884b10194235108d0a983ef8abc62,iroh_session,relay,warm,8,echo_rtt,75.652,ok
d936f8f1353884b10194235108d0a983ef8abc62,iroh_session,relay,warm,8,echo_rtt,75.674,ok
d936f8f1353884b10194235108d0a983ef8abc62,iroh_session,relay,warm,9,stream_open,75.614,ok
d936f8f1353884b10194235108d0a983ef8abc62,iroh_session,relay,warm,9,echo_rtt,75.621,ok
d936f8f1353884b10194235108d0a983ef8abc62,iroh_session,relay,warm,9,echo_rtt,75.571,ok
d936f8f1353884b10194235108d0a983ef8abc62,iroh_session,relay,warm,9,echo_rtt,75.616,ok
d936f8f1353884b10194235108d0a983ef8abc62,iroh_session,relay,warm,9,echo_rtt,75.599,ok
d936f8f1353884b10194235108d0a983ef8abc62,iroh_session,relay,warm,9,echo_rtt,75.617,ok
d936f8f1353884b10194235108d0a983ef8abc62,iroh_session,relay,warm,9,echo_rtt,75.674,ok
d936f8f1353884b10194235108d0a983ef8abc62,iroh_session,relay,warm,9,echo_rtt,76.130,ok
d936f8f1353884b10194235108d0a983ef8abc62,iroh_session,relay,warm,9,echo_rtt,75.696,ok
d936f8f1353884b10194235108d0a983ef8abc62,iroh_session,relay,warm,9,echo_rtt,76.025,ok
d936f8f1353884b10194235108d0a983ef8abc62,iroh_session,relay,warm,9,echo_rtt,75.610,ok
d936f8f1353884b10194235108d0a983ef8abc62,iroh_session,relay,warm,9,echo_rtt,75.618,ok
d936f8f1353884b10194235108d0a983ef8abc62,iroh_session,relay,warm,9,echo_rtt,75.692,ok
d936f8f1353884b10194235108d0a983ef8abc62,iroh_session,relay,warm,9,echo_rtt,76.120,ok
d936f8f1353884b10194235108d0a983ef8abc62,iroh_session,relay,warm,9,echo_rtt,76.089,ok
d936f8f1353884b10194235108d0a983ef8abc62,iroh_session,relay,warm,9,echo_rtt,75.801,ok
d936f8f1353884b10194235108d0a983ef8abc62,iroh_session,relay,warm,9,echo_rtt,75.582,ok
d936f8f1353884b10194235108d0a983ef8abc62,iroh_session,relay,warm,9,echo_rtt,75.558,ok
d936f8f1353884b10194235108d0a983ef8abc62,iroh_session,relay,warm,9,echo_rtt,75.966,ok
d936f8f1353884b10194235108d0a983ef8abc62,iroh_session,relay,warm,9,echo_rtt,75.566,ok
d936f8f1353884b10194235108d0a983ef8abc62,iroh_session,relay,warm,9,echo_rtt,75.737,ok
d936f8f1353884b10194235108d0a983ef8abc62,iroh_session,relay,warm,10,stream_open,75.632,ok
d936f8f1353884b10194235108d0a983ef8abc62,iroh_session,relay,warm,10,echo_rtt,75.813,ok
d936f8f1353884b10194235108d0a983ef8abc62,iroh_session,relay,warm,10,echo_rtt,75.609,ok
d936f8f1353884b10194235108d0a983ef8abc62,iroh_session,relay,warm,10,echo_rtt,75.617,ok
d936f8f1353884b10194235108d0a983ef8abc62,iroh_session,relay,warm,10,echo_rtt,75.656,ok
d936f8f1353884b10194235108d0a983ef8abc62,iroh_session,relay,warm,10,echo_rtt,75.796,ok
d936f8f1353884b10194235108d0a983ef8abc62,iroh_session,relay,warm,10,echo_rtt,75.644,ok
d936f8f1353884b10194235108d0a983ef8abc62,iroh_session,relay,warm,10,echo_rtt,75.670,ok
d936f8f1353884b10194235108d0a983ef8abc62,iroh_session,relay,warm,10,echo_rtt,75.687,ok
d936f8f1353884b10194235108d0a983ef8abc62,iroh_session,relay,warm,10,echo_rtt,75.673,ok
d936f8f1353884b10194235108d0a983ef8abc62,iroh_session,relay,warm,10,echo_rtt,75.640,ok
d936f8f1353884b10194235108d0a983ef8abc62,iroh_session,relay,warm,10,echo_rtt,75.690,ok
d936f8f1353884b10194235108d0a983ef8abc62,iroh_session,relay,warm,10,echo_rtt,75.642,ok
d936f8f1353884b10194235108d0a983ef8abc62,iroh_session,relay,warm,10,echo_rtt,75.597,ok
d936f8f1353884b10194235108d0a983ef8abc62,iroh_session,relay,warm,10,echo_rtt,75.634,ok
d936f8f1353884b10194235108d0a983ef8abc62,iroh_session,relay,warm,10,echo_rtt,75.648,ok
d936f8f1353884b10194235108d0a983ef8abc62,iroh_session,relay,warm,10,echo_rtt,76.104,ok
d936f8f1353884b10194235108d0a983ef8abc62,iroh_session,relay,warm,10,echo_rtt,75.640,ok
d936f8f1353884b10194235108d0a983ef8abc62,iroh_session,relay,warm,10,echo_rtt,75.591,ok
d936f8f1353884b10194235108d0a983ef8abc62,iroh_session,relay,warm,10,echo_rtt,75.572,ok
d936f8f1353884b10194235108d0a983ef8abc62,iroh_session,relay,warm,10,echo_rtt,75.618,ok
d936f8f1353884b10194235108d0a983ef8abc62,iroh_session,relay,warm,11,stream_open,75.711,ok
d936f8f1353884b10194235108d0a983ef8abc62,iroh_session,relay,warm,11,echo_rtt,75.614,ok
d936f8f1353884b10194235108d0a983ef8abc62,iroh_session,relay,warm,11,echo_rtt,75.610,ok
d936f8f1353884b10194235108d0a983ef8abc62,iroh_session,relay,warm,11,echo_rtt,75.616,ok
d936f8f1353884b10194235108d0a983ef8abc62,iroh_session,relay,warm,11,echo_rtt,75.622,ok
d936f8f1353884b10194235108d0a983ef8abc62,iroh_session,relay,warm,11,echo_rtt,75.554,ok
d936f8f1353884b10194235108d0a983ef8abc62,iroh_session,relay,warm,11,echo_rtt,76.134,ok
d936f8f1353884b10194235108d0a983ef8abc62,iroh_session,relay,warm,11,echo_rtt,75.602,ok
d936f8f1353884b10194235108d0a983ef8abc62,iroh_session,relay,warm,11,echo_rtt,75.579,ok
d936f8f1353884b10194235108d0a983ef8abc62,iroh_session,relay,warm,11,echo_rtt,75.959,ok
d936f8f1353884b10194235108d0a983ef8abc62,iroh_session,relay,warm,11,echo_rtt,75.570,ok
d936f8f1353884b10194235108d0a983ef8abc62,iroh_session,relay,warm,11,echo_rtt,75.643,ok
d936f8f1353884b10194235108d0a983ef8abc62,iroh_session,relay,warm,11,echo_rtt,75.675,ok
d936f8f1353884b10194235108d0a983ef8abc62,iroh_session,relay,warm,11,echo_rtt,75.632,ok
d936f8f1353884b10194235108d0a983ef8abc62,iroh_session,relay,warm,11,echo_rtt,75.605,ok
d936f8f1353884b10194235108d0a983ef8abc62,iroh_session,relay,warm,11,echo_rtt,76.003,ok
d936f8f1353884b10194235108d0a983ef8abc62,iroh_session,relay,warm,11,echo_rtt,75.596,ok
d936f8f1353884b10194235108d0a983ef8abc62,iroh_session,relay,warm,11,echo_rtt,75.610,ok
d936f8f1353884b10194235108d0a983ef8abc62,iroh_session,relay,warm,11,echo_rtt,75.747,ok
d936f8f1353884b10194235108d0a983ef8abc62,iroh_session,relay,warm,11,echo_rtt,75.607,ok
d936f8f1353884b10194235108d0a983ef8abc62,iroh_session,relay,warm,11,echo_rtt,75.724,ok
d936f8f1353884b10194235108d0a983ef8abc62,iroh_session,relay,warm,12,stream_open,75.673,ok
d936f8f1353884b10194235108d0a983ef8abc62,iroh_session,relay,warm,12,echo_rtt,75.579,ok
d936f8f1353884b10194235108d0a983ef8abc62,iroh_session,relay,warm,12,echo_rtt,75.577,ok
d936f8f1353884b10194235108d0a983ef8abc62,iroh_session,relay,warm,12,echo_rtt,75.605,ok
d936f8f1353884b10194235108d0a983ef8abc62,iroh_session,relay,warm,12,echo_rtt,75.692,ok
d936f8f1353884b10194235108d0a983ef8abc62,iroh_session,relay,warm,12,echo_rtt,75.689,ok
d936f8f1353884b10194235108d0a983ef8abc62,iroh_session,relay,warm,12,echo_rtt,75.682,ok
d936f8f1353884b10194235108d0a983ef8abc62,iroh_session,relay,warm,12,echo_rtt,75.704,ok
d936f8f1353884b10194235108d0a983ef8abc62,iroh_session,relay,warm,12,echo_rtt,75.709,ok
d936f8f1353884b10194235108d0a983ef8abc62,iroh_session,relay,warm,12,echo_rtt,75.817,ok
d936f8f1353884b10194235108d0a983ef8abc62,iroh_session,relay,warm,12,echo_rtt,75.724,ok
d936f8f1353884b10194235108d0a983ef8abc62,iroh_session,relay,warm,12,echo_rtt,75.634,ok
d936f8f1353884b10194235108d0a983ef8abc62,iroh_session,relay,warm,12,echo_rtt,75.644,ok
d936f8f1353884b10194235108d0a983ef8abc62,iroh_session,relay,warm,12,echo_rtt,75.605,ok
d936f8f1353884b10194235108d0a983ef8abc62,iroh_session,relay,warm,12,echo_rtt,75.630,ok
d936f8f1353884b10194235108d0a983ef8abc62,iroh_session,relay,warm,12,echo_rtt,75.687,ok
d936f8f1353884b10194235108d0a983ef8abc62,iroh_session,relay,warm,12,echo_rtt,75.623,ok
d936f8f1353884b10194235108d0a983ef8abc62,iroh_session,relay,warm,12,echo_rtt,75.662,ok
d936f8f1353884b10194235108d0a983ef8abc62,iroh_session,relay,warm,12,echo_rtt,75.776,ok
d936f8f1353884b10194235108d0a983ef8abc62,iroh_session,relay,warm,12,echo_rtt,75.820,ok
d936f8f1353884b10194235108d0a983ef8abc62,iroh_session,relay,warm,12,echo_rtt,75.593,ok
d936f8f1353884b10194235108d0a983ef8abc62,iroh_session,relay,warm,13,stream_open,75.725,ok
d936f8f1353884b10194235108d0a983ef8abc62,iroh_session,relay,warm,13,echo_rtt,75.582,ok
d936f8f1353884b10194235108d0a983ef8abc62,iroh_session,relay,warm,13,echo_rtt,75.624,ok
d936f8f1353884b10194235108d0a983ef8abc62,iroh_session,relay,warm,13,echo_rtt,75.657,ok
d936f8f1353884b10194235108d0a983ef8abc62,iroh_session,relay,warm,13,echo_rtt,75.864,ok
d936f8f1353884b10194235108d0a983ef8abc62,iroh_session,relay,warm,13,echo_rtt,75.825,ok
d936f8f1353884b10194235108d0a983ef8abc62,iroh_session,relay,warm,13,echo_rtt,75.571,ok
d936f8f1353884b10194235108d0a983ef8abc62,iroh_session,relay,warm,13,echo_rtt,75.686,ok
d936f8f1353884b10194235108d0a983ef8abc62,iroh_session,relay,warm,13,echo_rtt,75.785,ok
d936f8f1353884b10194235108d0a983ef8abc62,iroh_session,relay,warm,13,echo_rtt,75.650,ok
d936f8f1353884b10194235108d0a983ef8abc62,iroh_session,relay,warm,13,echo_rtt,75.658,ok
d936f8f1353884b10194235108d0a983ef8abc62,iroh_session,relay,warm,13,echo_rtt,75.631,ok
d936f8f1353884b10194235108d0a983ef8abc62,iroh_session,relay,warm,13,echo_rtt,75.559,ok
d936f8f1353884b10194235108d0a983ef8abc62,iroh_session,relay,warm,13,echo_rtt,75.619,ok
d936f8f1353884b10194235108d0a983ef8abc62,iroh_session,relay,warm,13,echo_rtt,75.600,ok
d936f8f1353884b10194235108d0a983ef8abc62,iroh_session,relay,warm,13,echo_rtt,75.574,ok
d936f8f1353884b10194235108d0a983ef8abc62,iroh_session,relay,warm,13,echo_rtt,75.762,ok
d936f8f1353884b10194235108d0a983ef8abc62,iroh_session,relay,warm,13,echo_rtt,75.591,ok
d936f8f1353884b10194235108d0a983ef8abc62,iroh_session,relay,warm,13,echo_rtt,75.613,ok
d936f8f1353884b10194235108d0a983ef8abc62,iroh_session,relay,warm,13,echo_rtt,75.633,ok
d936f8f1353884b10194235108d0a983ef8abc62,iroh_session,relay,warm,13,echo_rtt,75.619,ok
d936f8f1353884b10194235108d0a983ef8abc62,iroh_session,relay,warm,14,stream_open,75.765,ok
d936f8f1353884b10194235108d0a983ef8abc62,iroh_session,relay,warm,14,echo_rtt,75.698,ok
d936f8f1353884b10194235108d0a983ef8abc62,iroh_session,relay,warm,14,echo_rtt,75.612,ok
d936f8f1353884b10194235108d0a983ef8abc62,iroh_session,relay,warm,14,echo_rtt,75.721,ok
d936f8f1353884b10194235108d0a983ef8abc62,iroh_session,relay,warm,14,echo_rtt,75.604,ok
d936f8f1353884b10194235108d0a983ef8abc62,iroh_session,relay,warm,14,echo_rtt,75.713,ok
d936f8f1353884b10194235108d0a983ef8abc62,iroh_session,relay,warm,14,echo_rtt,78.300,ok
d936f8f1353884b10194235108d0a983ef8abc62,iroh_session,relay,warm,14,echo_rtt,75.874,ok
d936f8f1353884b10194235108d0a983ef8abc62,iroh_session,relay,warm,14,echo_rtt,75.559,ok
d936f8f1353884b10194235108d0a983ef8abc62,iroh_session,relay,warm,14,echo_rtt,76.355,ok
d936f8f1353884b10194235108d0a983ef8abc62,iroh_session,relay,warm,14,echo_rtt,75.885,ok
d936f8f1353884b10194235108d0a983ef8abc62,iroh_session,relay,warm,14,echo_rtt,75.676,ok
d936f8f1353884b10194235108d0a983ef8abc62,iroh_session,relay,warm,14,echo_rtt,76.460,ok
d936f8f1353884b10194235108d0a983ef8abc62,iroh_session,relay,warm,14,echo_rtt,75.778,ok
d936f8f1353884b10194235108d0a983ef8abc62,iroh_session,relay,warm,14,echo_rtt,75.670,ok
d936f8f1353884b10194235108d0a983ef8abc62,iroh_session,relay,warm,14,echo_rtt,75.610,ok
d936f8f1353884b10194235108d0a983ef8abc62,iroh_session,relay,warm,14,echo_rtt,75.873,ok
d936f8f1353884b10194235108d0a983ef8abc62,iroh_session,relay,warm,14,echo_rtt,75.636,ok
d936f8f1353884b10194235108d0a983ef8abc62,iroh_session,relay,warm,14,echo_rtt,75.688,ok
d936f8f1353884b10194235108d0a983ef8abc62,iroh_session,relay,warm,14,echo_rtt,75.647,ok
d936f8f1353884b10194235108d0a983ef8abc62,iroh_session,relay,warm,14,echo_rtt,75.628,ok
d936f8f1353884b10194235108d0a983ef8abc62,iroh_session,relay,warm,15,stream_open,75.572,ok
d936f8f1353884b10194235108d0a983ef8abc62,iroh_session,relay,warm,15,echo_rtt,76.039,ok
d936f8f1353884b10194235108d0a983ef8abc62,iroh_session,relay,warm,15,echo_rtt,76.792,ok
d936f8f1353884b10194235108d0a983ef8abc62,iroh_session,relay,warm,15,echo_rtt,75.624,ok
d936f8f1353884b10194235108d0a983ef8abc62,iroh_session,relay,warm,15,echo_rtt,75.838,ok
d936f8f1353884b10194235108d0a983ef8abc62,iroh_session,relay,warm,15,echo_rtt,75.837,ok
d936f8f1353884b10194235108d0a983ef8abc62,iroh_session,relay,warm,15,echo_rtt,75.592,ok
d936f8f1353884b10194235108d0a983ef8abc62,iroh_session,relay,warm,15,echo_rtt,75.588,ok
d936f8f1353884b10194235108d0a983ef8abc62,iroh_session,relay,warm,15,echo_rtt,75.557,ok
d936f8f1353884b10194235108d0a983ef8abc62,iroh_session,relay,warm,15,echo_rtt,75.663,ok
d936f8f1353884b10194235108d0a983ef8abc62,iroh_session,relay,warm,15,echo_rtt,75.635,ok
d936f8f1353884b10194235108d0a983ef8abc62,iroh_session,relay,warm,15,echo_rtt,75.601,ok
d936f8f1353884b10194235108d0a983ef8abc62,iroh_session,relay,warm,15,echo_rtt,75.605,ok
d936f8f1353884b10194235108d0a983ef8abc62,iroh_session,relay,warm,15,echo_rtt,75.803,ok
d936f8f1353884b10194235108d0a983ef8abc62,iroh_session,relay,warm,15,echo_rtt,75.751,ok
d936f8f1353884b10194235108d0a983ef8abc62,iroh_session,relay,warm,15,echo_rtt,75.589,ok
d936f8f1353884b10194235108d0a983ef8abc62,iroh_session,relay,warm,15,echo_rtt,75.721,ok
d936f8f1353884b10194235108d0a983ef8abc62,iroh_session,relay,warm,15,echo_rtt,75.620,ok
d936f8f1353884b10194235108d0a983ef8abc62,iroh_session,relay,warm,15,echo_rtt,75.618,ok
d936f8f1353884b10194235108d0a983ef8abc62,iroh_session,relay,warm,15,echo_rtt,75.664,ok
d936f8f1353884b10194235108d0a983ef8abc62,iroh_session,relay,warm,15,echo_rtt,75.616,ok
d936f8f1353884b10194235108d0a983ef8abc62,iroh_session,relay,warm,16,stream_open,75.636,ok
d936f8f1353884b10194235108d0a983ef8abc62,iroh_session,relay,warm,16,echo_rtt,75.614,ok
d936f8f1353884b10194235108d0a983ef8abc62,iroh_session,relay,warm,16,echo_rtt,75.569,ok
d936f8f1353884b10194235108d0a983ef8abc62,iroh_session,relay,warm,16,echo_rtt,75.600,ok
d936f8f1353884b10194235108d0a983ef8abc62,iroh_session,relay,warm,16,echo_rtt,75.596,ok
d936f8f1353884b10194235108d0a983ef8abc62,iroh_session,relay,warm,16,echo_rtt,75.557,ok
d936f8f1353884b10194235108d0a983ef8abc62,iroh_session,relay,warm,16,echo_rtt,75.668,ok
d936f8f1353884b10194235108d0a983ef8abc62,iroh_session,relay,warm,16,echo_rtt,75.575,ok
d936f8f1353884b10194235108d0a983ef8abc62,iroh_session,relay,warm,16,echo_rtt,75.758,ok
d936f8f1353884b10194235108d0a983ef8abc62,iroh_session,relay,warm,16,echo_rtt,75.588,ok
d936f8f1353884b10194235108d0a983ef8abc62,iroh_session,relay,warm,16,echo_rtt,75.682,ok
d936f8f1353884b10194235108d0a983ef8abc62,iroh_session,relay,warm,16,echo_rtt,75.705,ok
d936f8f1353884b10194235108d0a983ef8abc62,iroh_session,relay,warm,16,echo_rtt,75.694,ok
d936f8f1353884b10194235108d0a983ef8abc62,iroh_session,relay,warm,16,echo_rtt,75.628,ok
d936f8f1353884b10194235108d0a983ef8abc62,iroh_session,relay,warm,16,echo_rtt,75.643,ok
d936f8f1353884b10194235108d0a983ef8abc62,iroh_session,relay,warm,16,echo_rtt,75.772,ok
d936f8f1353884b10194235108d0a983ef8abc62,iroh_session,relay,warm,16,echo_rtt,75.602,ok
d936f8f1353884b10194235108d0a983ef8abc62,iroh_session,relay,warm,16,echo_rtt,75.564,ok
d936f8f1353884b10194235108d0a983ef8abc62,iroh_session,relay,warm,16,echo_rtt,75.674,ok
d936f8f1353884b10194235108d0a983ef8abc62,iroh_session,relay,warm,16,echo_rtt,75.622,ok
d936f8f1353884b10194235108d0a983ef8abc62,iroh_session,relay,warm,16,echo_rtt,75.576,ok
d936f8f1353884b10194235108d0a983ef8abc62,iroh_session,relay,warm,17,stream_open,75.600,ok
d936f8f1353884b10194235108d0a983ef8abc62,iroh_session,relay,warm,17,echo_rtt,75.655,ok
d936f8f1353884b10194235108d0a983ef8abc62,iroh_session,relay,warm,17,echo_rtt,75.726,ok
d936f8f1353884b10194235108d0a983ef8abc62,iroh_session,relay,warm,17,echo_rtt,75.699,ok
d936f8f1353884b10194235108d0a983ef8abc62,iroh_session,relay,warm,17,echo_rtt,75.616,ok
d936f8f1353884b10194235108d0a983ef8abc62,iroh_session,relay,warm,17,echo_rtt,75.575,ok
d936f8f1353884b10194235108d0a983ef8abc62,iroh_session,relay,warm,17,echo_rtt,75.552,ok
d936f8f1353884b10194235108d0a983ef8abc62,iroh_session,relay,warm,17,echo_rtt,75.641,ok
d936f8f1353884b10194235108d0a983ef8abc62,iroh_session,relay,warm,17,echo_rtt,75.591,ok
d936f8f1353884b10194235108d0a983ef8abc62,iroh_session,relay,warm,17,echo_rtt,75.829,ok
d936f8f1353884b10194235108d0a983ef8abc62,iroh_session,relay,warm,17,echo_rtt,75.994,ok
d936f8f1353884b10194235108d0a983ef8abc62,iroh_session,relay,warm,17,echo_rtt,75.703,ok
d936f8f1353884b10194235108d0a983ef8abc62,iroh_session,relay,warm,17,echo_rtt,75.665,ok
d936f8f1353884b10194235108d0a983ef8abc62,iroh_session,relay,warm,17,echo_rtt,75.617,ok
d936f8f1353884b10194235108d0a983ef8abc62,iroh_session,relay,warm,17,echo_rtt,75.615,ok
d936f8f1353884b10194235108d0a983ef8abc62,iroh_session,relay,warm,17,echo_rtt,75.539,ok
d936f8f1353884b10194235108d0a983ef8abc62,iroh_session,relay,warm,17,echo_rtt,75.664,ok
d936f8f1353884b10194235108d0a983ef8abc62,iroh_session,relay,warm,17,echo_rtt,75.597,ok
d936f8f1353884b10194235108d0a983ef8abc62,iroh_session,relay,warm,17,echo_rtt,75.613,ok
d936f8f1353884b10194235108d0a983ef8abc62,iroh_session,relay,warm,17,echo_rtt,75.609,ok
d936f8f1353884b10194235108d0a983ef8abc62,iroh_session,relay,warm,17,echo_rtt,75.841,ok
d936f8f1353884b10194235108d0a983ef8abc62,iroh_session,relay,warm,18,stream_open,75.643,ok
d936f8f1353884b10194235108d0a983ef8abc62,iroh_session,relay,warm,18,echo_rtt,85.406,ok
d936f8f1353884b10194235108d0a983ef8abc62,iroh_session,relay,warm,18,echo_rtt,76.025,ok
d936f8f1353884b10194235108d0a983ef8abc62,iroh_session,relay,warm,18,echo_rtt,75.643,ok
d936f8f1353884b10194235108d0a983ef8abc62,iroh_session,relay,warm,18,echo_rtt,75.783,ok
d936f8f1353884b10194235108d0a983ef8abc62,iroh_session,relay,warm,18,echo_rtt,75.671,ok
d936f8f1353884b10194235108d0a983ef8abc62,iroh_session,relay,warm,18,echo_rtt,75.654,ok
d936f8f1353884b10194235108d0a983ef8abc62,iroh_session,relay,warm,18,echo_rtt,75.676,ok
d936f8f1353884b10194235108d0a983ef8abc62,iroh_session,relay,warm,18,echo_rtt,76.046,ok
d936f8f1353884b10194235108d0a983ef8abc62,iroh_session,relay,warm,18,echo_rtt,75.599,ok
d936f8f1353884b10194235108d0a983ef8abc62,iroh_session,relay,warm,18,echo_rtt,75.819,ok
d936f8f1353884b10194235108d0a983ef8abc62,iroh_session,relay,warm,18,echo_rtt,75.563,ok
d936f8f1353884b10194235108d0a983ef8abc62,iroh_session,relay,warm,18,echo_rtt,75.930,ok
d936f8f1353884b10194235108d0a983ef8abc62,iroh_session,relay,warm,18,echo_rtt,75.621,ok
d936f8f1353884b10194235108d0a983ef8abc62,iroh_session,relay,warm,18,echo_rtt,75.708,ok
d936f8f1353884b10194235108d0a983ef8abc62,iroh_session,relay,warm,18,echo_rtt,75.544,ok
d936f8f1353884b10194235108d0a983ef8abc62,iroh_session,relay,warm,18,echo_rtt,75.812,ok
d936f8f1353884b10194235108d0a983ef8abc62,iroh_session,relay,warm,18,echo_rtt,75.625,ok
d936f8f1353884b10194235108d0a983ef8abc62,iroh_session,relay,warm,18,echo_rtt,75.637,ok
d936f8f1353884b10194235108d0a983ef8abc62,iroh_session,relay,warm,18,echo_rtt,75.591,ok
d936f8f1353884b10194235108d0a983ef8abc62,iroh_session,relay,warm,18,echo_rtt,75.668,ok
d936f8f1353884b10194235108d0a983ef8abc62,iroh_session,relay,warm,19,stream_open,75.654,ok
d936f8f1353884b10194235108d0a983ef8abc62,iroh_session,relay,warm,19,echo_rtt,75.602,ok
d936f8f1353884b10194235108d0a983ef8abc62,iroh_session,relay,warm,19,echo_rtt,75.705,ok
d936f8f1353884b10194235108d0a983ef8abc62,iroh_session,relay,warm,19,echo_rtt,75.596,ok
d936f8f1353884b10194235108d0a983ef8abc62,iroh_session,relay,warm,19,echo_rtt,75.550,ok
d936f8f1353884b10194235108d0a983ef8abc62,iroh_session,relay,warm,19,echo_rtt,75.674,ok
d936f8f1353884b10194235108d0a983ef8abc62,iroh_session,relay,warm,19,echo_rtt,75.696,ok
d936f8f1353884b10194235108d0a983ef8abc62,iroh_session,relay,warm,19,echo_rtt,75.652,ok
d936f8f1353884b10194235108d0a983ef8abc62,iroh_session,relay,warm,19,echo_rtt,75.878,ok
d936f8f1353884b10194235108d0a983ef8abc62,iroh_session,relay,warm,19,echo_rtt,75.664,ok
d936f8f1353884b10194235108d0a983ef8abc62,iroh_session,relay,warm,19,echo_rtt,75.635,ok
d936f8f1353884b10194235108d0a983ef8abc62,iroh_session,relay,warm,19,echo_rtt,75.624,ok
d936f8f1353884b10194235108d0a983ef8abc62,iroh_session,relay,warm,19,echo_rtt,75.575,ok
d936f8f1353884b10194235108d0a983ef8abc62,iroh_session,relay,warm,19,echo_rtt,75.793,ok
d936f8f1353884b10194235108d0a983ef8abc62,iroh_session,relay,warm,19,echo_rtt,75.564,ok
d936f8f1353884b10194235108d0a983ef8abc62,iroh_session,relay,warm,19,echo_rtt,75.638,ok
d936f8f1353884b10194235108d0a983ef8abc62,iroh_session,relay,warm,19,echo_rtt,75.634,ok
d936f8f1353884b10194235108d0a983ef8abc62,iroh_session,relay,warm,19,echo_rtt,75.618,ok
d936f8f1353884b10194235108d0a983ef8abc62,iroh_session,relay,warm,19,echo_rtt,75.546,ok
d936f8f1353884b10194235108d0a983ef8abc62,iroh_session,relay,warm,19,echo_rtt,75.566,ok
d936f8f1353884b10194235108d0a983ef8abc62,iroh_session,relay,warm,19,echo_rtt,75.624,ok
d936f8f1353884b10194235108d0a983ef8abc62,iroh_session,relay,warm,20,stream_open,75.593,ok
d936f8f1353884b10194235108d0a983ef8abc62,iroh_session,relay,warm,20,echo_rtt,75.633,ok
d936f8f1353884b10194235108d0a983ef8abc62,iroh_session,relay,warm,20,echo_rtt,75.741,ok
d936f8f1353884b10194235108d0a983ef8abc62,iroh_session,relay,warm,20,echo_rtt,75.841,ok
d936f8f1353884b10194235108d0a983ef8abc62,iroh_session,relay,warm,20,echo_rtt,75.678,ok
d936f8f1353884b10194235108d0a983ef8abc62,iroh_session,relay,warm,20,echo_rtt,75.791,ok
d936f8f1353884b10194235108d0a983ef8abc62,iroh_session,relay,warm,20,echo_rtt,75.696,ok
d936f8f1353884b10194235108d0a983ef8abc62,iroh_session,relay,warm,20,echo_rtt,75.644,ok
d936f8f1353884b10194235108d0a983ef8abc62,iroh_session,relay,warm,20,echo_rtt,75.927,ok
d936f8f1353884b10194235108d0a983ef8abc62,iroh_session,relay,warm,20,echo_rtt,75.666,ok
d936f8f1353884b10194235108d0a983ef8abc62,iroh_session,relay,warm,20,echo_rtt,75.915,ok
d936f8f1353884b10194235108d0a983ef8abc62,iroh_session,relay,warm,20,echo_rtt,75.697,ok
d936f8f1353884b10194235108d0a983ef8abc62,iroh_session,relay,warm,20,echo_rtt,75.780,ok
d936f8f1353884b10194235108d0a983ef8abc62,iroh_session,relay,warm,20,echo_rtt,75.697,ok
d936f8f1353884b10194235108d0a983ef8abc62,iroh_session,relay,warm,20,echo_rtt,75.582,ok
d936f8f1353884b10194235108d0a983ef8abc62,iroh_session,relay,warm,20,echo_rtt,75.691,ok
d936f8f1353884b10194235108d0a983ef8abc62,iroh_session,relay,warm,20,echo_rtt,75.575,ok
d936f8f1353884b10194235108d0a983ef8abc62,iroh_session,relay,warm,20,echo_rtt,75.561,ok
d936f8f1353884b10194235108d0a983ef8abc62,iroh_session,relay,warm,20,echo_rtt,76.708,ok
d936f8f1353884b10194235108d0a983ef8abc62,iroh_session,relay,warm,20,echo_rtt,75.613,ok
d936f8f1353884b10194235108d0a983ef8abc62,iroh_session,relay,warm,20,echo_rtt,75.639,ok
d936f8f1353884b10194235108d0a983ef8abc62,iroh_session,discovery,cold,0,process_spawn,0.650,ok
d936f8f1353884b10194235108d0a983ef8abc62,iroh_session,discovery,cold,0,runtime_start,0.368,ok
d936f8f1353884b10194235108d0a983ef8abc62,iroh_session,discovery,cold,0,endpoint_bind,1.448,ok
d936f8f1353884b10194235108d0a983ef8abc62,iroh_session,discovery,cold,0,address_lookup,128.581,ok
d936f8f1353884b10194235108d0a983ef8abc62,iroh_session,discovery,cold,0,dial_handshake,200.355,ok
d936f8f1353884b10194235108d0a983ef8abc62,iroh_session,discovery,cold,0,stream_open,230.631,ok
d936f8f1353884b10194235108d0a983ef8abc62,iroh_session,discovery,cold,0,echo_rtt,0.062,ok
d936f8f1353884b10194235108d0a983ef8abc62,iroh_session,discovery,cold,0,echo_rtt,0.031,ok
d936f8f1353884b10194235108d0a983ef8abc62,iroh_session,discovery,cold,0,echo_rtt,0.037,ok
d936f8f1353884b10194235108d0a983ef8abc62,iroh_session,discovery,cold,0,echo_rtt,0.032,ok
d936f8f1353884b10194235108d0a983ef8abc62,iroh_session,discovery,cold,0,echo_rtt,0.052,ok
d936f8f1353884b10194235108d0a983ef8abc62,iroh_session,discovery,cold,0,echo_rtt,0.048,ok
d936f8f1353884b10194235108d0a983ef8abc62,iroh_session,discovery,cold,0,echo_rtt,0.052,ok
d936f8f1353884b10194235108d0a983ef8abc62,iroh_session,discovery,cold,0,echo_rtt,0.037,ok
d936f8f1353884b10194235108d0a983ef8abc62,iroh_session,discovery,cold,0,echo_rtt,0.037,ok
d936f8f1353884b10194235108d0a983ef8abc62,iroh_session,discovery,cold,0,echo_rtt,0.036,ok
d936f8f1353884b10194235108d0a983ef8abc62,iroh_session,discovery,cold,0,echo_rtt,0.042,ok
d936f8f1353884b10194235108d0a983ef8abc62,iroh_session,discovery,cold,0,echo_rtt,0.034,ok
d936f8f1353884b10194235108d0a983ef8abc62,iroh_session,discovery,cold,0,echo_rtt,0.035,ok
d936f8f1353884b10194235108d0a983ef8abc62,iroh_session,discovery,cold,0,echo_rtt,0.038,ok
d936f8f1353884b10194235108d0a983ef8abc62,iroh_session,discovery,cold,0,echo_rtt,0.061,ok
d936f8f1353884b10194235108d0a983ef8abc62,iroh_session,discovery,cold,0,echo_rtt,0.039,ok
d936f8f1353884b10194235108d0a983ef8abc62,iroh_session,discovery,cold,0,echo_rtt,0.036,ok
d936f8f1353884b10194235108d0a983ef8abc62,iroh_session,discovery,cold,0,echo_rtt,0.040,ok
d936f8f1353884b10194235108d0a983ef8abc62,iroh_session,discovery,cold,0,echo_rtt,0.060,ok
d936f8f1353884b10194235108d0a983ef8abc62,iroh_session,discovery,cold,0,echo_rtt,0.037,ok
d936f8f1353884b10194235108d0a983ef8abc62,iroh_session,discovery,cold,0,process_spawn,0.706,ok
d936f8f1353884b10194235108d0a983ef8abc62,iroh_session,discovery,cold,0,runtime_start,0.377,ok
d936f8f1353884b10194235108d0a983ef8abc62,iroh_session,discovery,cold,0,endpoint_bind,1.467,ok
d936f8f1353884b10194235108d0a983ef8abc62,iroh_session,discovery,cold,0,address_lookup,1.562,ok
d936f8f1353884b10194235108d0a983ef8abc62,iroh_session,discovery,cold,0,dial_handshake,191.389,ok
d936f8f1353884b10194235108d0a983ef8abc62,iroh_session,discovery,cold,0,stream_open,92.758,ok
d936f8f1353884b10194235108d0a983ef8abc62,iroh_session,discovery,cold,0,echo_rtt,0.042,ok
d936f8f1353884b10194235108d0a983ef8abc62,iroh_session,discovery,cold,0,echo_rtt,0.035,ok
d936f8f1353884b10194235108d0a983ef8abc62,iroh_session,discovery,cold,0,echo_rtt,0.033,ok
d936f8f1353884b10194235108d0a983ef8abc62,iroh_session,discovery,cold,0,echo_rtt,0.030,ok
d936f8f1353884b10194235108d0a983ef8abc62,iroh_session,discovery,cold,0,echo_rtt,0.031,ok
d936f8f1353884b10194235108d0a983ef8abc62,iroh_session,discovery,cold,0,echo_rtt,0.030,ok
d936f8f1353884b10194235108d0a983ef8abc62,iroh_session,discovery,cold,0,echo_rtt,0.032,ok
d936f8f1353884b10194235108d0a983ef8abc62,iroh_session,discovery,cold,0,echo_rtt,0.029,ok
d936f8f1353884b10194235108d0a983ef8abc62,iroh_session,discovery,cold,0,echo_rtt,0.030,ok
d936f8f1353884b10194235108d0a983ef8abc62,iroh_session,discovery,cold,0,echo_rtt,0.029,ok
d936f8f1353884b10194235108d0a983ef8abc62,iroh_session,discovery,cold,0,echo_rtt,0.030,ok
d936f8f1353884b10194235108d0a983ef8abc62,iroh_session,discovery,cold,0,echo_rtt,0.029,ok
d936f8f1353884b10194235108d0a983ef8abc62,iroh_session,discovery,cold,0,echo_rtt,0.030,ok
d936f8f1353884b10194235108d0a983ef8abc62,iroh_session,discovery,cold,0,echo_rtt,0.029,ok
d936f8f1353884b10194235108d0a983ef8abc62,iroh_session,discovery,cold,0,echo_rtt,0.030,ok
d936f8f1353884b10194235108d0a983ef8abc62,iroh_session,discovery,cold,0,echo_rtt,0.029,ok
d936f8f1353884b10194235108d0a983ef8abc62,iroh_session,discovery,cold,0,echo_rtt,0.043,ok
d936f8f1353884b10194235108d0a983ef8abc62,iroh_session,discovery,cold,0,echo_rtt,0.034,ok
d936f8f1353884b10194235108d0a983ef8abc62,iroh_session,discovery,cold,0,echo_rtt,0.047,ok
d936f8f1353884b10194235108d0a983ef8abc62,iroh_session,discovery,cold,0,echo_rtt,0.040,ok
d936f8f1353884b10194235108d0a983ef8abc62,iroh_session,discovery,cold,0,process_spawn,0.727,ok
d936f8f1353884b10194235108d0a983ef8abc62,iroh_session,discovery,cold,0,runtime_start,0.421,ok
d936f8f1353884b10194235108d0a983ef8abc62,iroh_session,discovery,cold,0,endpoint_bind,1.717,ok
d936f8f1353884b10194235108d0a983ef8abc62,iroh_session,discovery,cold,0,address_lookup,1.577,ok
d936f8f1353884b10194235108d0a983ef8abc62,iroh_session,discovery,cold,0,dial_handshake,201.018,ok
d936f8f1353884b10194235108d0a983ef8abc62,iroh_session,discovery,cold,0,stream_open,85.791,ok
d936f8f1353884b10194235108d0a983ef8abc62,iroh_session,discovery,cold,0,echo_rtt,0.118,ok
d936f8f1353884b10194235108d0a983ef8abc62,iroh_session,discovery,cold,0,echo_rtt,0.077,ok
d936f8f1353884b10194235108d0a983ef8abc62,iroh_session,discovery,cold,0,echo_rtt,0.032,ok
d936f8f1353884b10194235108d0a983ef8abc62,iroh_session,discovery,cold,0,echo_rtt,0.040,ok
d936f8f1353884b10194235108d0a983ef8abc62,iroh_session,discovery,cold,0,echo_rtt,0.028,ok
d936f8f1353884b10194235108d0a983ef8abc62,iroh_session,discovery,cold,0,echo_rtt,0.039,ok
d936f8f1353884b10194235108d0a983ef8abc62,iroh_session,discovery,cold,0,echo_rtt,0.031,ok
d936f8f1353884b10194235108d0a983ef8abc62,iroh_session,discovery,cold,0,echo_rtt,0.031,ok
d936f8f1353884b10194235108d0a983ef8abc62,iroh_session,discovery,cold,0,echo_rtt,0.033,ok
d936f8f1353884b10194235108d0a983ef8abc62,iroh_session,discovery,cold,0,echo_rtt,0.032,ok
d936f8f1353884b10194235108d0a983ef8abc62,iroh_session,discovery,cold,0,echo_rtt,0.031,ok
d936f8f1353884b10194235108d0a983ef8abc62,iroh_session,discovery,cold,0,echo_rtt,0.042,ok
d936f8f1353884b10194235108d0a983ef8abc62,iroh_session,discovery,cold,0,echo_rtt,0.033,ok
d936f8f1353884b10194235108d0a983ef8abc62,iroh_session,discovery,cold,0,echo_rtt,0.033,ok
d936f8f1353884b10194235108d0a983ef8abc62,iroh_session,discovery,cold,0,echo_rtt,0.029,ok
d936f8f1353884b10194235108d0a983ef8abc62,iroh_session,discovery,cold,0,echo_rtt,0.033,ok
d936f8f1353884b10194235108d0a983ef8abc62,iroh_session,discovery,cold,0,echo_rtt,0.032,ok
d936f8f1353884b10194235108d0a983ef8abc62,iroh_session,discovery,cold,0,echo_rtt,0.033,ok
d936f8f1353884b10194235108d0a983ef8abc62,iroh_session,discovery,cold,0,echo_rtt,0.032,ok
d936f8f1353884b10194235108d0a983ef8abc62,iroh_session,discovery,cold,0,echo_rtt,0.039,ok
d936f8f1353884b10194235108d0a983ef8abc62,iroh_session,discovery,cold,0,process_spawn,0.712,ok
d936f8f1353884b10194235108d0a983ef8abc62,iroh_session,discovery,cold,0,runtime_start,0.394,ok
d936f8f1353884b10194235108d0a983ef8abc62,iroh_session,discovery,cold,0,endpoint_bind,1.408,ok
d936f8f1353884b10194235108d0a983ef8abc62,iroh_session,discovery,cold,0,address_lookup,1.657,ok
d936f8f1353884b10194235108d0a983ef8abc62,iroh_session,discovery,cold,0,dial_handshake,192.018,ok
d936f8f1353884b10194235108d0a983ef8abc62,iroh_session,discovery,cold,0,stream_open,83.497,ok
d936f8f1353884b10194235108d0a983ef8abc62,iroh_session,discovery,cold,0,echo_rtt,0.120,ok
d936f8f1353884b10194235108d0a983ef8abc62,iroh_session,discovery,cold,0,echo_rtt,0.065,ok
d936f8f1353884b10194235108d0a983ef8abc62,iroh_session,discovery,cold,0,echo_rtt,0.054,ok
d936f8f1353884b10194235108d0a983ef8abc62,iroh_session,discovery,cold,0,echo_rtt,0.034,ok
d936f8f1353884b10194235108d0a983ef8abc62,iroh_session,discovery,cold,0,echo_rtt,0.038,ok
d936f8f1353884b10194235108d0a983ef8abc62,iroh_session,discovery,cold,0,echo_rtt,0.027,ok
d936f8f1353884b10194235108d0a983ef8abc62,iroh_session,discovery,cold,0,echo_rtt,0.038,ok
d936f8f1353884b10194235108d0a983ef8abc62,iroh_session,discovery,cold,0,echo_rtt,0.031,ok
d936f8f1353884b10194235108d0a983ef8abc62,iroh_session,discovery,cold,0,echo_rtt,0.032,ok
d936f8f1353884b10194235108d0a983ef8abc62,iroh_session,discovery,cold,0,echo_rtt,0.031,ok
d936f8f1353884b10194235108d0a983ef8abc62,iroh_session,discovery,cold,0,echo_rtt,0.031,ok
d936f8f1353884b10194235108d0a983ef8abc62,iroh_session,discovery,cold,0,echo_rtt,0.031,ok
d936f8f1353884b10194235108d0a983ef8abc62,iroh_session,discovery,cold,0,echo_rtt,0.031,ok
d936f8f1353884b10194235108d0a983ef8abc62,iroh_session,discovery,cold,0,echo_rtt,0.031,ok
d936f8f1353884b10194235108d0a983ef8abc62,iroh_session,discovery,cold,0,echo_rtt,0.031,ok
d936f8f1353884b10194235108d0a983ef8abc62,iroh_session,discovery,cold,0,echo_rtt,0.032,ok
d936f8f1353884b10194235108d0a983ef8abc62,iroh_session,discovery,cold,0,echo_rtt,0.032,ok
d936f8f1353884b10194235108d0a983ef8abc62,iroh_session,discovery,cold,0,echo_rtt,0.030,ok
d936f8f1353884b10194235108d0a983ef8abc62,iroh_session,discovery,cold,0,echo_rtt,0.029,ok
d936f8f1353884b10194235108d0a983ef8abc62,iroh_session,discovery,cold,0,echo_rtt,0.029,ok
d936f8f1353884b10194235108d0a983ef8abc62,iroh_session,discovery,cold,0,process_spawn,0.768,ok
d936f8f1353884b10194235108d0a983ef8abc62,iroh_session,discovery,cold,0,runtime_start,0.417,ok
d936f8f1353884b10194235108d0a983ef8abc62,iroh_session,discovery,cold,0,endpoint_bind,1.655,ok
d936f8f1353884b10194235108d0a983ef8abc62,iroh_session,discovery,cold,0,address_lookup,2.549,ok
d936f8f1353884b10194235108d0a983ef8abc62,iroh_session,discovery,cold,0,dial_handshake,194.240,ok
d936f8f1353884b10194235108d0a983ef8abc62,iroh_session,discovery,cold,0,stream_open,83.873,ok
d936f8f1353884b10194235108d0a983ef8abc62,iroh_session,discovery,cold,0,echo_rtt,0.140,ok
d936f8f1353884b10194235108d0a983ef8abc62,iroh_session,discovery,cold,0,echo_rtt,0.046,ok
d936f8f1353884b10194235108d0a983ef8abc62,iroh_session,discovery,cold,0,echo_rtt,0.035,ok
d936f8f1353884b10194235108d0a983ef8abc62,iroh_session,discovery,cold,0,echo_rtt,0.034,ok
d936f8f1353884b10194235108d0a983ef8abc62,iroh_session,discovery,cold,0,echo_rtt,0.032,ok
d936f8f1353884b10194235108d0a983ef8abc62,iroh_session,discovery,cold,0,echo_rtt,0.029,ok
d936f8f1353884b10194235108d0a983ef8abc62,iroh_session,discovery,cold,0,echo_rtt,0.031,ok
d936f8f1353884b10194235108d0a983ef8abc62,iroh_session,discovery,cold,0,echo_rtt,0.031,ok
d936f8f1353884b10194235108d0a983ef8abc62,iroh_session,discovery,cold,0,echo_rtt,0.031,ok
d936f8f1353884b10194235108d0a983ef8abc62,iroh_session,discovery,cold,0,echo_rtt,0.031,ok
d936f8f1353884b10194235108d0a983ef8abc62,iroh_session,discovery,cold,0,echo_rtt,0.028,ok
d936f8f1353884b10194235108d0a983ef8abc62,iroh_session,discovery,cold,0,echo_rtt,0.029,ok
d936f8f1353884b10194235108d0a983ef8abc62,iroh_session,discovery,cold,0,echo_rtt,0.028,ok
d936f8f1353884b10194235108d0a983ef8abc62,iroh_session,discovery,cold,0,echo_rtt,0.032,ok
d936f8f1353884b10194235108d0a983ef8abc62,iroh_session,discovery,cold,0,echo_rtt,0.030,ok
d936f8f1353884b10194235108d0a983ef8abc62,iroh_session,discovery,cold,0,echo_rtt,0.048,ok
d936f8f1353884b10194235108d0a983ef8abc62,iroh_session,discovery,cold,0,echo_rtt,0.029,ok
d936f8f1353884b10194235108d0a983ef8abc62,iroh_session,discovery,cold,0,echo_rtt,0.034,ok
d936f8f1353884b10194235108d0a983ef8abc62,iroh_session,discovery,cold,0,echo_rtt,0.055,ok
d936f8f1353884b10194235108d0a983ef8abc62,iroh_session,discovery,cold,0,echo_rtt,0.028,ok
d936f8f1353884b10194235108d0a983ef8abc62,iroh_session,discovery,cold,0,process_spawn,0.639,ok
d936f8f1353884b10194235108d0a983ef8abc62,iroh_session,discovery,cold,0,runtime_start,0.340,ok
d936f8f1353884b10194235108d0a983ef8abc62,iroh_session,discovery,cold,0,endpoint_bind,1.411,ok
d936f8f1353884b10194235108d0a983ef8abc62,iroh_session,discovery,cold,0,address_lookup,1.583,ok
d936f8f1353884b10194235108d0a983ef8abc62,iroh_session,discovery,cold,0,dial_handshake,200.818,ok
d936f8f1353884b10194235108d0a983ef8abc62,iroh_session,discovery,cold,0,stream_open,85.572,ok
d936f8f1353884b10194235108d0a983ef8abc62,iroh_session,discovery,cold,0,echo_rtt,0.104,ok
d936f8f1353884b10194235108d0a983ef8abc62,iroh_session,discovery,cold,0,echo_rtt,0.060,ok
d936f8f1353884b10194235108d0a983ef8abc62,iroh_session,discovery,cold,0,echo_rtt,0.052,ok
d936f8f1353884b10194235108d0a983ef8abc62,iroh_session,discovery,cold,0,echo_rtt,0.038,ok
d936f8f1353884b10194235108d0a983ef8abc62,iroh_session,discovery,cold,0,echo_rtt,0.026,ok
d936f8f1353884b10194235108d0a983ef8abc62,iroh_session,discovery,cold,0,echo_rtt,0.034,ok
d936f8f1353884b10194235108d0a983ef8abc62,iroh_session,discovery,cold,0,echo_rtt,0.025,ok
d936f8f1353884b10194235108d0a983ef8abc62,iroh_session,discovery,cold,0,echo_rtt,0.033,ok
d936f8f1353884b10194235108d0a983ef8abc62,iroh_session,discovery,cold,0,echo_rtt,0.025,ok
d936f8f1353884b10194235108d0a983ef8abc62,iroh_session,discovery,cold,0,echo_rtt,0.040,ok
d936f8f1353884b10194235108d0a983ef8abc62,iroh_session,discovery,cold,0,echo_rtt,0.033,ok
d936f8f1353884b10194235108d0a983ef8abc62,iroh_session,discovery,cold,0,echo_rtt,0.041,ok
d936f8f1353884b10194235108d0a983ef8abc62,iroh_session,discovery,cold,0,echo_rtt,0.032,ok
d936f8f1353884b10194235108d0a983ef8abc62,iroh_session,discovery,cold,0,echo_rtt,0.049,ok
d936f8f1353884b10194235108d0a983ef8abc62,iroh_session,discovery,cold,0,echo_rtt,0.025,ok
d936f8f1353884b10194235108d0a983ef8abc62,iroh_session,discovery,cold,0,echo_rtt,0.033,ok
d936f8f1353884b10194235108d0a983ef8abc62,iroh_session,discovery,cold,0,echo_rtt,0.030,ok
d936f8f1353884b10194235108d0a983ef8abc62,iroh_session,discovery,cold,0,echo_rtt,0.029,ok
d936f8f1353884b10194235108d0a983ef8abc62,iroh_session,discovery,cold,0,echo_rtt,0.028,ok
d936f8f1353884b10194235108d0a983ef8abc62,iroh_session,discovery,cold,0,echo_rtt,0.029,ok
d936f8f1353884b10194235108d0a983ef8abc62,iroh_session,discovery,cold,0,process_spawn,0.658,ok
d936f8f1353884b10194235108d0a983ef8abc62,iroh_session,discovery,cold,0,runtime_start,0.345,ok
d936f8f1353884b10194235108d0a983ef8abc62,iroh_session,discovery,cold,0,endpoint_bind,1.347,ok
d936f8f1353884b10194235108d0a983ef8abc62,iroh_session,discovery,cold,0,address_lookup,1.524,ok
d936f8f1353884b10194235108d0a983ef8abc62,iroh_session,discovery,cold,0,dial_handshake,193.557,ok
d936f8f1353884b10194235108d0a983ef8abc62,iroh_session,discovery,cold,0,stream_open,83.885,ok
d936f8f1353884b10194235108d0a983ef8abc62,iroh_session,discovery,cold,0,echo_rtt,0.083,ok
d936f8f1353884b10194235108d0a983ef8abc62,iroh_session,discovery,cold,0,echo_rtt,0.085,ok
d936f8f1353884b10194235108d0a983ef8abc62,iroh_session,discovery,cold,0,echo_rtt,0.038,ok
d936f8f1353884b10194235108d0a983ef8abc62,iroh_session,discovery,cold,0,echo_rtt,0.026,ok
d936f8f1353884b10194235108d0a983ef8abc62,iroh_session,discovery,cold,0,echo_rtt,0.036,ok
d936f8f1353884b10194235108d0a983ef8abc62,iroh_session,discovery,cold,0,echo_rtt,0.025,ok
d936f8f1353884b10194235108d0a983ef8abc62,iroh_session,discovery,cold,0,echo_rtt,0.052,ok
d936f8f1353884b10194235108d0a983ef8abc62,iroh_session,discovery,cold,0,echo_rtt,0.025,ok
d936f8f1353884b10194235108d0a983ef8abc62,iroh_session,discovery,cold,0,echo_rtt,0.047,ok
d936f8f1353884b10194235108d0a983ef8abc62,iroh_session,discovery,cold,0,echo_rtt,0.027,ok
d936f8f1353884b10194235108d0a983ef8abc62,iroh_session,discovery,cold,0,echo_rtt,0.035,ok
d936f8f1353884b10194235108d0a983ef8abc62,iroh_session,discovery,cold,0,echo_rtt,0.025,ok
d936f8f1353884b10194235108d0a983ef8abc62,iroh_session,discovery,cold,0,echo_rtt,0.033,ok
d936f8f1353884b10194235108d0a983ef8abc62,iroh_session,discovery,cold,0,echo_rtt,0.025,ok
d936f8f1353884b10194235108d0a983ef8abc62,iroh_session,discovery,cold,0,echo_rtt,0.033,ok
d936f8f1353884b10194235108d0a983ef8abc62,iroh_session,discovery,cold,0,echo_rtt,0.025,ok
d936f8f1353884b10194235108d0a983ef8abc62,iroh_session,discovery,cold,0,echo_rtt,0.033,ok
d936f8f1353884b10194235108d0a983ef8abc62,iroh_session,discovery,cold,0,echo_rtt,0.025,ok
d936f8f1353884b10194235108d0a983ef8abc62,iroh_session,discovery,cold,0,echo_rtt,0.033,ok
d936f8f1353884b10194235108d0a983ef8abc62,iroh_session,discovery,cold,0,echo_rtt,0.024,ok
d936f8f1353884b10194235108d0a983ef8abc62,iroh_session,discovery,cold,0,process_spawn,0.749,ok
d936f8f1353884b10194235108d0a983ef8abc62,iroh_session,discovery,cold,0,runtime_start,0.413,ok
d936f8f1353884b10194235108d0a983ef8abc62,iroh_session,discovery,cold,0,endpoint_bind,1.645,ok
d936f8f1353884b10194235108d0a983ef8abc62,iroh_session,discovery,cold,0,address_lookup,1.569,ok
d936f8f1353884b10194235108d0a983ef8abc62,iroh_session,discovery,cold,0,dial_handshake,191.982,ok
d936f8f1353884b10194235108d0a983ef8abc62,iroh_session,discovery,cold,0,stream_open,83.263,ok
d936f8f1353884b10194235108d0a983ef8abc62,iroh_session,discovery,cold,0,echo_rtt,0.088,ok
d936f8f1353884b10194235108d0a983ef8abc62,iroh_session,discovery,cold,0,echo_rtt,0.028,ok
d936f8f1353884b10194235108d0a983ef8abc62,iroh_session,discovery,cold,0,echo_rtt,0.039,ok
d936f8f1353884b10194235108d0a983ef8abc62,iroh_session,discovery,cold,0,echo_rtt,0.026,ok
d936f8f1353884b10194235108d0a983ef8abc62,iroh_session,discovery,cold,0,echo_rtt,0.035,ok
d936f8f1353884b10194235108d0a983ef8abc62,iroh_session,discovery,cold,0,echo_rtt,0.027,ok
d936f8f1353884b10194235108d0a983ef8abc62,iroh_session,discovery,cold,0,echo_rtt,0.033,ok
d936f8f1353884b10194235108d0a983ef8abc62,iroh_session,discovery,cold,0,echo_rtt,0.025,ok
d936f8f1353884b10194235108d0a983ef8abc62,iroh_session,discovery,cold,0,echo_rtt,0.033,ok
d936f8f1353884b10194235108d0a983ef8abc62,iroh_session,discovery,cold,0,echo_rtt,0.025,ok
d936f8f1353884b10194235108d0a983ef8abc62,iroh_session,discovery,cold,0,echo_rtt,0.033,ok
d936f8f1353884b10194235108d0a983ef8abc62,iroh_session,discovery,cold,0,echo_rtt,0.030,ok
d936f8f1353884b10194235108d0a983ef8abc62,iroh_session,discovery,cold,0,echo_rtt,0.029,ok
d936f8f1353884b10194235108d0a983ef8abc62,iroh_session,discovery,cold,0,echo_rtt,0.029,ok
d936f8f1353884b10194235108d0a983ef8abc62,iroh_session,discovery,cold,0,echo_rtt,0.029,ok
d936f8f1353884b10194235108d0a983ef8abc62,iroh_session,discovery,cold,0,echo_rtt,0.032,ok
d936f8f1353884b10194235108d0a983ef8abc62,iroh_session,discovery,cold,0,echo_rtt,0.031,ok
d936f8f1353884b10194235108d0a983ef8abc62,iroh_session,discovery,cold,0,echo_rtt,0.036,ok
d936f8f1353884b10194235108d0a983ef8abc62,iroh_session,discovery,cold,0,echo_rtt,0.032,ok
d936f8f1353884b10194235108d0a983ef8abc62,iroh_session,discovery,cold,0,echo_rtt,0.041,ok
d936f8f1353884b10194235108d0a983ef8abc62,iroh_session,discovery,cold,0,process_spawn,0.692,ok
d936f8f1353884b10194235108d0a983ef8abc62,iroh_session,discovery,cold,0,runtime_start,0.393,ok
d936f8f1353884b10194235108d0a983ef8abc62,iroh_session,discovery,cold,0,endpoint_bind,1.446,ok
d936f8f1353884b10194235108d0a983ef8abc62,iroh_session,discovery,cold,0,address_lookup,1.563,ok
d936f8f1353884b10194235108d0a983ef8abc62,iroh_session,discovery,cold,0,dial_handshake,193.883,ok
d936f8f1353884b10194235108d0a983ef8abc62,iroh_session,discovery,cold,0,stream_open,93.232,ok
d936f8f1353884b10194235108d0a983ef8abc62,iroh_session,discovery,cold,0,echo_rtt,0.045,ok
d936f8f1353884b10194235108d0a983ef8abc62,iroh_session,discovery,cold,0,echo_rtt,0.039,ok
d936f8f1353884b10194235108d0a983ef8abc62,iroh_session,discovery,cold,0,echo_rtt,0.031,ok
d936f8f1353884b10194235108d0a983ef8abc62,iroh_session,discovery,cold,0,echo_rtt,0.031,ok
d936f8f1353884b10194235108d0a983ef8abc62,iroh_session,discovery,cold,0,echo_rtt,0.034,ok
d936f8f1353884b10194235108d0a983ef8abc62,iroh_session,discovery,cold,0,echo_rtt,0.027,ok
d936f8f1353884b10194235108d0a983ef8abc62,iroh_session,discovery,cold,0,echo_rtt,0.034,ok
d936f8f1353884b10194235108d0a983ef8abc62,iroh_session,discovery,cold,0,echo_rtt,0.025,ok
d936f8f1353884b10194235108d0a983ef8abc62,iroh_session,discovery,cold,0,echo_rtt,0.033,ok
d936f8f1353884b10194235108d0a983ef8abc62,iroh_session,discovery,cold,0,echo_rtt,0.025,ok
d936f8f1353884b10194235108d0a983ef8abc62,iroh_session,discovery,cold,0,echo_rtt,0.033,ok
d936f8f1353884b10194235108d0a983ef8abc62,iroh_session,discovery,cold,0,echo_rtt,0.025,ok
d936f8f1353884b10194235108d0a983ef8abc62,iroh_session,discovery,cold,0,echo_rtt,0.033,ok
d936f8f1353884b10194235108d0a983ef8abc62,iroh_session,discovery,cold,0,echo_rtt,0.024,ok
d936f8f1353884b10194235108d0a983ef8abc62,iroh_session,discovery,cold,0,echo_rtt,0.033,ok
d936f8f1353884b10194235108d0a983ef8abc62,iroh_session,discovery,cold,0,echo_rtt,0.025,ok
d936f8f1353884b10194235108d0a983ef8abc62,iroh_session,discovery,cold,0,echo_rtt,0.033,ok
d936f8f1353884b10194235108d0a983ef8abc62,iroh_session,discovery,cold,0,echo_rtt,0.025,ok
d936f8f1353884b10194235108d0a983ef8abc62,iroh_session,discovery,cold,0,echo_rtt,0.033,ok
d936f8f1353884b10194235108d0a983ef8abc62,iroh_session,discovery,cold,0,echo_rtt,0.025,ok
d936f8f1353884b10194235108d0a983ef8abc62,iroh_session,discovery,cold,0,process_spawn,0.611,ok
d936f8f1353884b10194235108d0a983ef8abc62,iroh_session,discovery,cold,0,runtime_start,0.372,ok
d936f8f1353884b10194235108d0a983ef8abc62,iroh_session,discovery,cold,0,endpoint_bind,1.386,ok
d936f8f1353884b10194235108d0a983ef8abc62,iroh_session,discovery,cold,0,address_lookup,1.617,ok
d936f8f1353884b10194235108d0a983ef8abc62,iroh_session,discovery,cold,0,dial_handshake,201.262,ok
d936f8f1353884b10194235108d0a983ef8abc62,iroh_session,discovery,cold,0,stream_open,85.726,ok
d936f8f1353884b10194235108d0a983ef8abc62,iroh_session,discovery,cold,0,echo_rtt,0.063,ok
d936f8f1353884b10194235108d0a983ef8abc62,iroh_session,discovery,cold,0,echo_rtt,0.041,ok
d936f8f1353884b10194235108d0a983ef8abc62,iroh_session,discovery,cold,0,echo_rtt,0.045,ok
d936f8f1353884b10194235108d0a983ef8abc62,iroh_session,discovery,cold,0,echo_rtt,0.044,ok
d936f8f1353884b10194235108d0a983ef8abc62,iroh_session,discovery,cold,0,echo_rtt,0.042,ok
d936f8f1353884b10194235108d0a983ef8abc62,iroh_session,discovery,cold,0,echo_rtt,0.028,ok
d936f8f1353884b10194235108d0a983ef8abc62,iroh_session,discovery,cold,0,echo_rtt,0.037,ok
d936f8f1353884b10194235108d0a983ef8abc62,iroh_session,discovery,cold,0,echo_rtt,0.028,ok
d936f8f1353884b10194235108d0a983ef8abc62,iroh_session,discovery,cold,0,echo_rtt,0.038,ok
d936f8f1353884b10194235108d0a983ef8abc62,iroh_session,discovery,cold,0,echo_rtt,0.028,ok
d936f8f1353884b10194235108d0a983ef8abc62,iroh_session,discovery,cold,0,echo_rtt,0.037,ok
d936f8f1353884b10194235108d0a983ef8abc62,iroh_session,discovery,cold,0,echo_rtt,0.028,ok
d936f8f1353884b10194235108d0a983ef8abc62,iroh_session,discovery,cold,0,echo_rtt,0.036,ok
d936f8f1353884b10194235108d0a983ef8abc62,iroh_session,discovery,cold,0,echo_rtt,0.027,ok
d936f8f1353884b10194235108d0a983ef8abc62,iroh_session,discovery,cold,0,echo_rtt,0.036,ok
d936f8f1353884b10194235108d0a983ef8abc62,iroh_session,discovery,cold,0,echo_rtt,0.028,ok
d936f8f1353884b10194235108d0a983ef8abc62,iroh_session,discovery,cold,0,echo_rtt,0.036,ok
d936f8f1353884b10194235108d0a983ef8abc62,iroh_session,discovery,cold,0,echo_rtt,0.027,ok
d936f8f1353884b10194235108d0a983ef8abc62,iroh_session,discovery,cold,0,echo_rtt,0.036,ok
d936f8f1353884b10194235108d0a983ef8abc62,iroh_session,discovery,cold,0,echo_rtt,0.028,ok
d936f8f1353884b10194235108d0a983ef8abc62,iroh_session,discovery,cold,0,process_spawn,0.638,ok
d936f8f1353884b10194235108d0a983ef8abc62,iroh_session,discovery,cold,0,runtime_start,0.410,ok
d936f8f1353884b10194235108d0a983ef8abc62,iroh_session,discovery,cold,0,endpoint_bind,1.432,ok
d936f8f1353884b10194235108d0a983ef8abc62,iroh_session,discovery,cold,0,address_lookup,1.397,ok
d936f8f1353884b10194235108d0a983ef8abc62,iroh_session,discovery,cold,0,dial_handshake,190.993,ok
d936f8f1353884b10194235108d0a983ef8abc62,iroh_session,discovery,cold,0,stream_open,93.765,ok
d936f8f1353884b10194235108d0a983ef8abc62,iroh_session,discovery,cold,0,echo_rtt,0.063,ok
d936f8f1353884b10194235108d0a983ef8abc62,iroh_session,discovery,cold,0,echo_rtt,0.033,ok
d936f8f1353884b10194235108d0a983ef8abc62,iroh_session,discovery,cold,0,echo_rtt,0.046,ok
d936f8f1353884b10194235108d0a983ef8abc62,iroh_session,discovery,cold,0,echo_rtt,0.030,ok
d936f8f1353884b10194235108d0a983ef8abc62,iroh_session,discovery,cold,0,echo_rtt,0.037,ok
d936f8f1353884b10194235108d0a983ef8abc62,iroh_session,discovery,cold,0,echo_rtt,0.027,ok
d936f8f1353884b10194235108d0a983ef8abc62,iroh_session,discovery,cold,0,echo_rtt,0.038,ok
d936f8f1353884b10194235108d0a983ef8abc62,iroh_session,discovery,cold,0,echo_rtt,0.028,ok
d936f8f1353884b10194235108d0a983ef8abc62,iroh_session,discovery,cold,0,echo_rtt,0.037,ok
d936f8f1353884b10194235108d0a983ef8abc62,iroh_session,discovery,cold,0,echo_rtt,0.027,ok
d936f8f1353884b10194235108d0a983ef8abc62,iroh_session,discovery,cold,0,echo_rtt,0.036,ok
d936f8f1353884b10194235108d0a983ef8abc62,iroh_session,discovery,cold,0,echo_rtt,0.027,ok
d936f8f1353884b10194235108d0a983ef8abc62,iroh_session,discovery,cold,0,echo_rtt,0.038,ok
d936f8f1353884b10194235108d0a983ef8abc62,iroh_session,discovery,cold,0,echo_rtt,0.027,ok
d936f8f1353884b10194235108d0a983ef8abc62,iroh_session,discovery,cold,0,echo_rtt,0.037,ok
d936f8f1353884b10194235108d0a983ef8abc62,iroh_session,discovery,cold,0,echo_rtt,0.032,ok
d936f8f1353884b10194235108d0a983ef8abc62,iroh_session,discovery,cold,0,echo_rtt,0.053,ok
d936f8f1353884b10194235108d0a983ef8abc62,iroh_session,discovery,cold,0,echo_rtt,0.038,ok
d936f8f1353884b10194235108d0a983ef8abc62,iroh_session,discovery,cold,0,echo_rtt,0.037,ok
d936f8f1353884b10194235108d0a983ef8abc62,iroh_session,discovery,cold,0,echo_rtt,0.039,ok
d936f8f1353884b10194235108d0a983ef8abc62,iroh_session,discovery,cold,0,process_spawn,0.627,ok
d936f8f1353884b10194235108d0a983ef8abc62,iroh_session,discovery,cold,0,runtime_start,0.348,ok
d936f8f1353884b10194235108d0a983ef8abc62,iroh_session,discovery,cold,0,endpoint_bind,1.394,ok
d936f8f1353884b10194235108d0a983ef8abc62,iroh_session,discovery,cold,0,address_lookup,1.540,ok
d936f8f1353884b10194235108d0a983ef8abc62,iroh_session,discovery,cold,0,dial_handshake,201.285,ok
d936f8f1353884b10194235108d0a983ef8abc62,iroh_session,discovery,cold,0,stream_open,86.776,ok
d936f8f1353884b10194235108d0a983ef8abc62,iroh_session,discovery,cold,0,echo_rtt,0.054,ok
d936f8f1353884b10194235108d0a983ef8abc62,iroh_session,discovery,cold,0,echo_rtt,0.038,ok
d936f8f1353884b10194235108d0a983ef8abc62,iroh_session,discovery,cold,0,echo_rtt,0.033,ok
d936f8f1353884b10194235108d0a983ef8abc62,iroh_session,discovery,cold,0,echo_rtt,0.033,ok
d936f8f1353884b10194235108d0a983ef8abc62,iroh_session,discovery,cold,0,echo_rtt,0.043,ok
d936f8f1353884b10194235108d0a983ef8abc62,iroh_session,discovery,cold,0,echo_rtt,0.033,ok
d936f8f1353884b10194235108d0a983ef8abc62,iroh_session,discovery,cold,0,echo_rtt,0.094,ok
d936f8f1353884b10194235108d0a983ef8abc62,iroh_session,discovery,cold,0,echo_rtt,0.037,ok
d936f8f1353884b10194235108d0a983ef8abc62,iroh_session,discovery,cold,0,echo_rtt,0.031,ok
d936f8f1353884b10194235108d0a983ef8abc62,iroh_session,discovery,cold,0,echo_rtt,0.032,ok
d936f8f1353884b10194235108d0a983ef8abc62,iroh_session,discovery,cold,0,echo_rtt,0.030,ok
d936f8f1353884b10194235108d0a983ef8abc62,iroh_session,discovery,cold,0,echo_rtt,0.033,ok
d936f8f1353884b10194235108d0a983ef8abc62,iroh_session,discovery,cold,0,echo_rtt,0.032,ok
d936f8f1353884b10194235108d0a983ef8abc62,iroh_session,discovery,cold,0,echo_rtt,0.031,ok
d936f8f1353884b10194235108d0a983ef8abc62,iroh_session,discovery,cold,0,echo_rtt,0.029,ok
d936f8f1353884b10194235108d0a983ef8abc62,iroh_session,discovery,cold,0,echo_rtt,0.029,ok
d936f8f1353884b10194235108d0a983ef8abc62,iroh_session,discovery,cold,0,echo_rtt,0.028,ok
d936f8f1353884b10194235108d0a983ef8abc62,iroh_session,discovery,cold,0,echo_rtt,0.029,ok
d936f8f1353884b10194235108d0a983ef8abc62,iroh_session,discovery,cold,0,echo_rtt,0.029,ok
d936f8f1353884b10194235108d0a983ef8abc62,iroh_session,discovery,cold,0,echo_rtt,0.040,ok
d936f8f1353884b10194235108d0a983ef8abc62,iroh_session,discovery,cold,0,process_spawn,0.721,ok
d936f8f1353884b10194235108d0a983ef8abc62,iroh_session,discovery,cold,0,runtime_start,0.378,ok
d936f8f1353884b10194235108d0a983ef8abc62,iroh_session,discovery,cold,0,endpoint_bind,1.417,ok
d936f8f1353884b10194235108d0a983ef8abc62,iroh_session,discovery,cold,0,address_lookup,1.706,ok
d936f8f1353884b10194235108d0a983ef8abc62,iroh_session,discovery,cold,0,dial_handshake,200.181,ok
d936f8f1353884b10194235108d0a983ef8abc62,iroh_session,discovery,cold,0,stream_open,95.909,ok
d936f8f1353884b10194235108d0a983ef8abc62,iroh_session,discovery,cold,0,echo_rtt,0.044,ok
d936f8f1353884b10194235108d0a983ef8abc62,iroh_session,discovery,cold,0,echo_rtt,0.036,ok
d936f8f1353884b10194235108d0a983ef8abc62,iroh_session,discovery,cold,0,echo_rtt,0.034,ok
d936f8f1353884b10194235108d0a983ef8abc62,iroh_session,discovery,cold,0,echo_rtt,0.031,ok
d936f8f1353884b10194235108d0a983ef8abc62,iroh_session,discovery,cold,0,echo_rtt,0.032,ok
d936f8f1353884b10194235108d0a983ef8abc62,iroh_session,discovery,cold,0,echo_rtt,0.029,ok
d936f8f1353884b10194235108d0a983ef8abc62,iroh_session,discovery,cold,0,echo_rtt,0.030,ok
d936f8f1353884b10194235108d0a983ef8abc62,iroh_session,discovery,cold,0,echo_rtt,0.029,ok
d936f8f1353884b10194235108d0a983ef8abc62,iroh_session,discovery,cold,0,echo_rtt,0.030,ok
d936f8f1353884b10194235108d0a983ef8abc62,iroh_session,discovery,cold,0,echo_rtt,0.029,ok
d936f8f1353884b10194235108d0a983ef8abc62,iroh_session,discovery,cold,0,echo_rtt,0.030,ok
d936f8f1353884b10194235108d0a983ef8abc62,iroh_session,discovery,cold,0,echo_rtt,0.028,ok
d936f8f1353884b10194235108d0a983ef8abc62,iroh_session,discovery,cold,0,echo_rtt,0.030,ok
d936f8f1353884b10194235108d0a983ef8abc62,iroh_session,discovery,cold,0,echo_rtt,0.030,ok
d936f8f1353884b10194235108d0a983ef8abc62,iroh_session,discovery,cold,0,echo_rtt,0.031,ok
d936f8f1353884b10194235108d0a983ef8abc62,iroh_session,discovery,cold,0,echo_rtt,0.028,ok
d936f8f1353884b10194235108d0a983ef8abc62,iroh_session,discovery,cold,0,echo_rtt,0.029,ok
d936f8f1353884b10194235108d0a983ef8abc62,iroh_session,discovery,cold,0,echo_rtt,0.030,ok
d936f8f1353884b10194235108d0a983ef8abc62,iroh_session,discovery,cold,0,echo_rtt,0.029,ok
d936f8f1353884b10194235108d0a983ef8abc62,iroh_session,discovery,cold,0,echo_rtt,0.028,ok
d936f8f1353884b10194235108d0a983ef8abc62,iroh_session,discovery,cold,0,process_spawn,0.636,ok
d936f8f1353884b10194235108d0a983ef8abc62,iroh_session,discovery,cold,0,runtime_start,0.351,ok
d936f8f1353884b10194235108d0a983ef8abc62,iroh_session,discovery,cold,0,endpoint_bind,1.528,ok
d936f8f1353884b10194235108d0a983ef8abc62,iroh_session,discovery,cold,0,address_lookup,129.863,ok
d936f8f1353884b10194235108d0a983ef8abc62,iroh_session,discovery,cold,0,dial_handshake,200.543,ok
d936f8f1353884b10194235108d0a983ef8abc62,iroh_session,discovery,cold,0,stream_open,96.298,ok
d936f8f1353884b10194235108d0a983ef8abc62,iroh_session,discovery,cold,0,echo_rtt,0.043,ok
d936f8f1353884b10194235108d0a983ef8abc62,iroh_session,discovery,cold,0,echo_rtt,0.030,ok
d936f8f1353884b10194235108d0a983ef8abc62,iroh_session,discovery,cold,0,echo_rtt,0.037,ok
d936f8f1353884b10194235108d0a983ef8abc62,iroh_session,discovery,cold,0,echo_rtt,0.027,ok
d936f8f1353884b10194235108d0a983ef8abc62,iroh_session,discovery,cold,0,echo_rtt,0.034,ok
d936f8f1353884b10194235108d0a983ef8abc62,iroh_session,discovery,cold,0,echo_rtt,0.025,ok
d936f8f1353884b10194235108d0a983ef8abc62,iroh_session,discovery,cold,0,echo_rtt,0.034,ok
d936f8f1353884b10194235108d0a983ef8abc62,iroh_session,discovery,cold,0,echo_rtt,0.025,ok
d936f8f1353884b10194235108d0a983ef8abc62,iroh_session,discovery,cold,0,echo_rtt,0.034,ok
d936f8f1353884b10194235108d0a983ef8abc62,iroh_session,discovery,cold,0,echo_rtt,0.025,ok
d936f8f1353884b10194235108d0a983ef8abc62,iroh_session,discovery,cold,0,echo_rtt,0.034,ok
d936f8f1353884b10194235108d0a983ef8abc62,iroh_session,discovery,cold,0,echo_rtt,0.026,ok
d936f8f1353884b10194235108d0a983ef8abc62,iroh_session,discovery,cold,0,echo_rtt,0.033,ok
d936f8f1353884b10194235108d0a983ef8abc62,iroh_session,discovery,cold,0,echo_rtt,0.025,ok
d936f8f1353884b10194235108d0a983ef8abc62,iroh_session,discovery,cold,0,echo_rtt,0.034,ok
d936f8f1353884b10194235108d0a983ef8abc62,iroh_session,discovery,cold,0,echo_rtt,0.026,ok
d936f8f1353884b10194235108d0a983ef8abc62,iroh_session,discovery,cold,0,echo_rtt,0.037,ok
d936f8f1353884b10194235108d0a983ef8abc62,iroh_session,discovery,cold,0,echo_rtt,0.032,ok
d936f8f1353884b10194235108d0a983ef8abc62,iroh_session,discovery,cold,0,echo_rtt,0.029,ok
d936f8f1353884b10194235108d0a983ef8abc62,iroh_session,discovery,cold,0,echo_rtt,0.030,ok
d936f8f1353884b10194235108d0a983ef8abc62,iroh_session,discovery,cold,0,process_spawn,0.723,ok
d936f8f1353884b10194235108d0a983ef8abc62,iroh_session,discovery,cold,0,runtime_start,0.378,ok
d936f8f1353884b10194235108d0a983ef8abc62,iroh_session,discovery,cold,0,endpoint_bind,1.371,ok
d936f8f1353884b10194235108d0a983ef8abc62,iroh_session,discovery,cold,0,address_lookup,1.617,ok
d936f8f1353884b10194235108d0a983ef8abc62,iroh_session,discovery,cold,0,dial_handshake,201.311,ok
d936f8f1353884b10194235108d0a983ef8abc62,iroh_session,discovery,cold,0,stream_open,86.662,ok
d936f8f1353884b10194235108d0a983ef8abc62,iroh_session,discovery,cold,0,echo_rtt,0.123,ok
d936f8f1353884b10194235108d0a983ef8abc62,iroh_session,discovery,cold,0,echo_rtt,0.061,ok
d936f8f1353884b10194235108d0a983ef8abc62,iroh_session,discovery,cold,0,echo_rtt,0.040,ok
d936f8f1353884b10194235108d0a983ef8abc62,iroh_session,discovery,cold,0,echo_rtt,0.029,ok
d936f8f1353884b10194235108d0a983ef8abc62,iroh_session,discovery,cold,0,echo_rtt,0.037,ok
d936f8f1353884b10194235108d0a983ef8abc62,iroh_session,discovery,cold,0,echo_rtt,0.028,ok
d936f8f1353884b10194235108d0a983ef8abc62,iroh_session,discovery,cold,0,echo_rtt,0.038,ok
d936f8f1353884b10194235108d0a983ef8abc62,iroh_session,discovery,cold,0,echo_rtt,0.041,ok
d936f8f1353884b10194235108d0a983ef8abc62,iroh_session,discovery,cold,0,echo_rtt,0.037,ok
d936f8f1353884b10194235108d0a983ef8abc62,iroh_session,discovery,cold,0,echo_rtt,0.028,ok
d936f8f1353884b10194235108d0a983ef8abc62,iroh_session,discovery,cold,0,echo_rtt,0.036,ok
d936f8f1353884b10194235108d0a983ef8abc62,iroh_session,discovery,cold,0,echo_rtt,0.027,ok
d936f8f1353884b10194235108d0a983ef8abc62,iroh_session,discovery,cold,0,echo_rtt,0.038,ok
d936f8f1353884b10194235108d0a983ef8abc62,iroh_session,discovery,cold,0,echo_rtt,0.028,ok
d936f8f1353884b10194235108d0a983ef8abc62,iroh_session,discovery,cold,0,echo_rtt,0.038,ok
d936f8f1353884b10194235108d0a983ef8abc62,iroh_session,discovery,cold,0,echo_rtt,0.027,ok
d936f8f1353884b10194235108d0a983ef8abc62,iroh_session,discovery,cold,0,echo_rtt,0.039,ok
d936f8f1353884b10194235108d0a983ef8abc62,iroh_session,discovery,cold,0,echo_rtt,0.027,ok
d936f8f1353884b10194235108d0a983ef8abc62,iroh_session,discovery,cold,0,echo_rtt,0.036,ok
d936f8f1353884b10194235108d0a983ef8abc62,iroh_session,discovery,cold,0,echo_rtt,0.028,ok
d936f8f1353884b10194235108d0a983ef8abc62,iroh_session,discovery,cold,0,process_spawn,0.630,ok
d936f8f1353884b10194235108d0a983ef8abc62,iroh_session,discovery,cold,0,runtime_start,0.342,ok
d936f8f1353884b10194235108d0a983ef8abc62,iroh_session,discovery,cold,0,endpoint_bind,1.413,ok
d936f8f1353884b10194235108d0a983ef8abc62,iroh_session,discovery,cold,0,address_lookup,1.589,ok
d936f8f1353884b10194235108d0a983ef8abc62,iroh_session,discovery,cold,0,dial_handshake,200.419,ok
d936f8f1353884b10194235108d0a983ef8abc62,iroh_session,discovery,cold,0,stream_open,86.680,ok
d936f8f1353884b10194235108d0a983ef8abc62,iroh_session,discovery,cold,0,echo_rtt,0.082,ok
d936f8f1353884b10194235108d0a983ef8abc62,iroh_session,discovery,cold,0,echo_rtt,0.070,ok
d936f8f1353884b10194235108d0a983ef8abc62,iroh_session,discovery,cold,0,echo_rtt,0.038,ok
d936f8f1353884b10194235108d0a983ef8abc62,iroh_session,discovery,cold,0,echo_rtt,0.028,ok
d936f8f1353884b10194235108d0a983ef8abc62,iroh_session,discovery,cold,0,echo_rtt,0.037,ok
d936f8f1353884b10194235108d0a983ef8abc62,iroh_session,discovery,cold,0,echo_rtt,0.026,ok
d936f8f1353884b10194235108d0a983ef8abc62,iroh_session,discovery,cold,0,echo_rtt,0.034,ok
d936f8f1353884b10194235108d0a983ef8abc62,iroh_session,discovery,cold,0,echo_rtt,0.027,ok
d936f8f1353884b10194235108d0a983ef8abc62,iroh_session,discovery,cold,0,echo_rtt,0.034,ok
d936f8f1353884b10194235108d0a983ef8abc62,iroh_session,discovery,cold,0,echo_rtt,0.046,ok
d936f8f1353884b10194235108d0a983ef8abc62,iroh_session,discovery,cold,0,echo_rtt,0.054,ok
d936f8f1353884b10194235108d0a983ef8abc62,iroh_session,discovery,cold,0,echo_rtt,0.026,ok
d936f8f1353884b10194235108d0a983ef8abc62,iroh_session,discovery,cold,0,echo_rtt,0.034,ok
d936f8f1353884b10194235108d0a983ef8abc62,iroh_session,discovery,cold,0,echo_rtt,0.025,ok
d936f8f1353884b10194235108d0a983ef8abc62,iroh_session,discovery,cold,0,echo_rtt,0.033,ok
d936f8f1353884b10194235108d0a983ef8abc62,iroh_session,discovery,cold,0,echo_rtt,0.024,ok
d936f8f1353884b10194235108d0a983ef8abc62,iroh_session,discovery,cold,0,echo_rtt,0.033,ok
d936f8f1353884b10194235108d0a983ef8abc62,iroh_session,discovery,cold,0,echo_rtt,0.039,ok
d936f8f1353884b10194235108d0a983ef8abc62,iroh_session,discovery,cold,0,echo_rtt,0.042,ok
d936f8f1353884b10194235108d0a983ef8abc62,iroh_session,discovery,cold,0,echo_rtt,0.037,ok
d936f8f1353884b10194235108d0a983ef8abc62,iroh_session,discovery,cold,0,process_spawn,0.629,ok
d936f8f1353884b10194235108d0a983ef8abc62,iroh_session,discovery,cold,0,runtime_start,0.387,ok
d936f8f1353884b10194235108d0a983ef8abc62,iroh_session,discovery,cold,0,endpoint_bind,1.488,ok
d936f8f1353884b10194235108d0a983ef8abc62,iroh_session,discovery,cold,0,address_lookup,1.652,ok
d936f8f1353884b10194235108d0a983ef8abc62,iroh_session,discovery,cold,0,dial_handshake,194.087,ok
d936f8f1353884b10194235108d0a983ef8abc62,iroh_session,discovery,cold,0,stream_open,95.160,ok
d936f8f1353884b10194235108d0a983ef8abc62,iroh_session,discovery,cold,0,echo_rtt,0.045,ok
d936f8f1353884b10194235108d0a983ef8abc62,iroh_session,discovery,cold,0,echo_rtt,0.038,ok
d936f8f1353884b10194235108d0a983ef8abc62,iroh_session,discovery,cold,0,echo_rtt,0.034,ok
d936f8f1353884b10194235108d0a983ef8abc62,iroh_session,discovery,cold,0,echo_rtt,0.036,ok
d936f8f1353884b10194235108d0a983ef8abc62,iroh_session,discovery,cold,0,echo_rtt,0.030,ok
d936f8f1353884b10194235108d0a983ef8abc62,iroh_session,discovery,cold,0,echo_rtt,0.031,ok
d936f8f1353884b10194235108d0a983ef8abc62,iroh_session,discovery,cold,0,echo_rtt,0.028,ok
d936f8f1353884b10194235108d0a983ef8abc62,iroh_session,discovery,cold,0,echo_rtt,0.030,ok
d936f8f1353884b10194235108d0a983ef8abc62,iroh_session,discovery,cold,0,echo_rtt,0.029,ok
d936f8f1353884b10194235108d0a983ef8abc62,iroh_session,discovery,cold,0,echo_rtt,0.029,ok
d936f8f1353884b10194235108d0a983ef8abc62,iroh_session,discovery,cold,0,echo_rtt,0.028,ok
d936f8f1353884b10194235108d0a983ef8abc62,iroh_session,discovery,cold,0,echo_rtt,0.029,ok
d936f8f1353884b10194235108d0a983ef8abc62,iroh_session,discovery,cold,0,echo_rtt,0.028,ok
d936f8f1353884b10194235108d0a983ef8abc62,iroh_session,discovery,cold,0,echo_rtt,0.029,ok
d936f8f1353884b10194235108d0a983ef8abc62,iroh_session,discovery,cold,0,echo_rtt,0.028,ok
d936f8f1353884b10194235108d0a983ef8abc62,iroh_session,discovery,cold,0,echo_rtt,0.029,ok
d936f8f1353884b10194235108d0a983ef8abc62,iroh_session,discovery,cold,0,echo_rtt,0.029,ok
d936f8f1353884b10194235108d0a983ef8abc62,iroh_session,discovery,cold,0,echo_rtt,0.029,ok
d936f8f1353884b10194235108d0a983ef8abc62,iroh_session,discovery,cold,0,echo_rtt,0.068,ok
d936f8f1353884b10194235108d0a983ef8abc62,iroh_session,discovery,cold,0,echo_rtt,0.054,ok
d936f8f1353884b10194235108d0a983ef8abc62,iroh_session,discovery,cold,0,process_spawn,0.655,ok
d936f8f1353884b10194235108d0a983ef8abc62,iroh_session,discovery,cold,0,runtime_start,0.363,ok
d936f8f1353884b10194235108d0a983ef8abc62,iroh_session,discovery,cold,0,endpoint_bind,1.353,ok
d936f8f1353884b10194235108d0a983ef8abc62,iroh_session,discovery,cold,0,address_lookup,1.611,ok
d936f8f1353884b10194235108d0a983ef8abc62,iroh_session,discovery,cold,0,dial_handshake,201.711,ok
d936f8f1353884b10194235108d0a983ef8abc62,iroh_session,discovery,cold,0,stream_open,85.883,ok
d936f8f1353884b10194235108d0a983ef8abc62,iroh_session,discovery,cold,0,echo_rtt,0.128,ok
d936f8f1353884b10194235108d0a983ef8abc62,iroh_session,discovery,cold,0,echo_rtt,0.096,ok
d936f8f1353884b10194235108d0a983ef8abc62,iroh_session,discovery,cold,0,echo_rtt,0.044,ok
d936f8f1353884b10194235108d0a983ef8abc62,iroh_session,discovery,cold,0,echo_rtt,0.028,ok
d936f8f1353884b10194235108d0a983ef8abc62,iroh_session,discovery,cold,0,echo_rtt,0.041,ok
d936f8f1353884b10194235108d0a983ef8abc62,iroh_session,discovery,cold,0,echo_rtt,0.028,ok
d936f8f1353884b10194235108d0a983ef8abc62,iroh_session,discovery,cold,0,echo_rtt,0.038,ok
d936f8f1353884b10194235108d0a983ef8abc62,iroh_session,discovery,cold,0,echo_rtt,0.028,ok
d936f8f1353884b10194235108d0a983ef8abc62,iroh_session,discovery,cold,0,echo_rtt,0.058,ok
d936f8f1353884b10194235108d0a983ef8abc62,iroh_session,discovery,cold,0,echo_rtt,0.027,ok
d936f8f1353884b10194235108d0a983ef8abc62,iroh_session,discovery,cold,0,echo_rtt,0.037,ok
d936f8f1353884b10194235108d0a983ef8abc62,iroh_session,discovery,cold,0,echo_rtt,0.027,ok
d936f8f1353884b10194235108d0a983ef8abc62,iroh_session,discovery,cold,0,echo_rtt,0.034,ok
d936f8f1353884b10194235108d0a983ef8abc62,iroh_session,discovery,cold,0,echo_rtt,0.027,ok
d936f8f1353884b10194235108d0a983ef8abc62,iroh_session,discovery,cold,0,echo_rtt,0.037,ok
d936f8f1353884b10194235108d0a983ef8abc62,iroh_session,discovery,cold,0,echo_rtt,0.027,ok
d936f8f1353884b10194235108d0a983ef8abc62,iroh_session,discovery,cold,0,echo_rtt,0.037,ok
d936f8f1353884b10194235108d0a983ef8abc62,iroh_session,discovery,cold,0,echo_rtt,0.028,ok
d936f8f1353884b10194235108d0a983ef8abc62,iroh_session,discovery,cold,0,echo_rtt,0.043,ok
d936f8f1353884b10194235108d0a983ef8abc62,iroh_session,discovery,cold,0,echo_rtt,0.027,ok
d936f8f1353884b10194235108d0a983ef8abc62,iroh_session,discovery,cold,0,process_spawn,0.618,ok
d936f8f1353884b10194235108d0a983ef8abc62,iroh_session,discovery,cold,0,runtime_start,0.352,ok
d936f8f1353884b10194235108d0a983ef8abc62,iroh_session,discovery,cold,0,endpoint_bind,1.437,ok
d936f8f1353884b10194235108d0a983ef8abc62,iroh_session,discovery,cold,0,address_lookup,1.535,ok
d936f8f1353884b10194235108d0a983ef8abc62,iroh_session,discovery,cold,0,dial_handshake,191.525,ok
d936f8f1353884b10194235108d0a983ef8abc62,iroh_session,discovery,cold,0,stream_open,93.827,ok
d936f8f1353884b10194235108d0a983ef8abc62,iroh_session,discovery,cold,0,echo_rtt,0.039,ok
d936f8f1353884b10194235108d0a983ef8abc62,iroh_session,discovery,cold,0,echo_rtt,0.041,ok
d936f8f1353884b10194235108d0a983ef8abc62,iroh_session,discovery,cold,0,echo_rtt,0.027,ok
d936f8f1353884b10194235108d0a983ef8abc62,iroh_session,discovery,cold,0,echo_rtt,0.035,ok
d936f8f1353884b10194235108d0a983ef8abc62,iroh_session,discovery,cold,0,echo_rtt,0.025,ok
d936f8f1353884b10194235108d0a983ef8abc62,iroh_session,discovery,cold,0,echo_rtt,0.034,ok
d936f8f1353884b10194235108d0a983ef8abc62,iroh_session,discovery,cold,0,echo_rtt,0.044,ok
d936f8f1353884b10194235108d0a983ef8abc62,iroh_session,discovery,cold,0,echo_rtt,0.032,ok
d936f8f1353884b10194235108d0a983ef8abc62,iroh_session,discovery,cold,0,echo_rtt,0.032,ok
d936f8f1353884b10194235108d0a983ef8abc62,iroh_session,discovery,cold,0,echo_rtt,0.029,ok
d936f8f1353884b10194235108d0a983ef8abc62,iroh_session,discovery,cold,0,echo_rtt,0.030,ok
d936f8f1353884b10194235108d0a983ef8abc62,iroh_session,discovery,cold,0,echo_rtt,0.029,ok
d936f8f1353884b10194235108d0a983ef8abc62,iroh_session,discovery,cold,0,echo_rtt,0.033,ok
d936f8f1353884b10194235108d0a983ef8abc62,iroh_session,discovery,cold,0,echo_rtt,0.031,ok
d936f8f1353884b10194235108d0a983ef8abc62,iroh_session,discovery,cold,0,echo_rtt,0.032,ok
d936f8f1353884b10194235108d0a983ef8abc62,iroh_session,discovery,cold,0,echo_rtt,0.030,ok
d936f8f1353884b10194235108d0a983ef8abc62,iroh_session,discovery,cold,0,echo_rtt,0.069,ok
d936f8f1353884b10194235108d0a983ef8abc62,iroh_session,discovery,cold,0,echo_rtt,0.035,ok
d936f8f1353884b10194235108d0a983ef8abc62,iroh_session,discovery,cold,0,echo_rtt,0.034,ok
d936f8f1353884b10194235108d0a983ef8abc62,iroh_session,discovery,cold,0,echo_rtt,0.030,ok
d936f8f1353884b10194235108d0a983ef8abc62,iroh_session,discovery,cold,0,process_spawn,0.654,ok
d936f8f1353884b10194235108d0a983ef8abc62,iroh_session,discovery,cold,0,runtime_start,0.363,ok
d936f8f1353884b10194235108d0a983ef8abc62,iroh_session,discovery,cold,0,endpoint_bind,1.368,ok
d936f8f1353884b10194235108d0a983ef8abc62,iroh_session,discovery,cold,0,address_lookup,1.595,ok
d936f8f1353884b10194235108d0a983ef8abc62,iroh_session,discovery,cold,0,dial_handshake,195.666,ok
d936f8f1353884b10194235108d0a983ef8abc62,iroh_session,discovery,cold,0,stream_open,93.944,ok
d936f8f1353884b10194235108d0a983ef8abc62,iroh_session,discovery,cold,0,echo_rtt,0.068,ok
d936f8f1353884b10194235108d0a983ef8abc62,iroh_session,discovery,cold,0,echo_rtt,0.045,ok
d936f8f1353884b10194235108d0a983ef8abc62,iroh_session,discovery,cold,0,echo_rtt,0.041,ok
d936f8f1353884b10194235108d0a983ef8abc62,iroh_session,discovery,cold,0,echo_rtt,0.069,ok
d936f8f1353884b10194235108d0a983ef8abc62,iroh_session,discovery,cold,0,echo_rtt,0.042,ok
d936f8f1353884b10194235108d0a983ef8abc62,iroh_session,discovery,cold,0,echo_rtt,0.046,ok
d936f8f1353884b10194235108d0a983ef8abc62,iroh_session,discovery,cold,0,echo_rtt,0.038,ok
d936f8f1353884b10194235108d0a983ef8abc62,iroh_session,discovery,cold,0,echo_rtt,0.041,ok
d936f8f1353884b10194235108d0a983ef8abc62,iroh_session,discovery,cold,0,echo_rtt,0.031,ok
d936f8f1353884b10194235108d0a983ef8abc62,iroh_session,discovery,cold,0,echo_rtt,0.040,ok
d936f8f1353884b10194235108d0a983ef8abc62,iroh_session,discovery,cold,0,echo_rtt,0.030,ok
d936f8f1353884b10194235108d0a983ef8abc62,iroh_session,discovery,cold,0,echo_rtt,0.039,ok
d936f8f1353884b10194235108d0a983ef8abc62,iroh_session,discovery,cold,0,echo_rtt,0.042,ok
d936f8f1353884b10194235108d0a983ef8abc62,iroh_session,discovery,cold,0,echo_rtt,0.048,ok
d936f8f1353884b10194235108d0a983ef8abc62,iroh_session,discovery,cold,0,echo_rtt,0.030,ok
d936f8f1353884b10194235108d0a983ef8abc62,iroh_session,discovery,cold,0,echo_rtt,0.040,ok
d936f8f1353884b10194235108d0a983ef8abc62,iroh_session,discovery,cold,0,echo_rtt,0.029,ok
d936f8f1353884b10194235108d0a983ef8abc62,iroh_session,discovery,cold,0,echo_rtt,0.038,ok
d936f8f1353884b10194235108d0a983ef8abc62,iroh_session,discovery,cold,0,echo_rtt,0.028,ok
d936f8f1353884b10194235108d0a983ef8abc62,iroh_session,discovery,cold,0,echo_rtt,0.054,ok
d936f8f1353884b10194235108d0a983ef8abc62,iroh_session,discovery,cold,0,process_spawn,0.688,ok
d936f8f1353884b10194235108d0a983ef8abc62,iroh_session,discovery,cold,0,runtime_start,0.388,ok
d936f8f1353884b10194235108d0a983ef8abc62,iroh_session,discovery,cold,0,endpoint_bind,1.438,ok
d936f8f1353884b10194235108d0a983ef8abc62,iroh_session,discovery,cold,0,address_lookup,1.458,ok
d936f8f1353884b10194235108d0a983ef8abc62,iroh_session,discovery,cold,0,dial_handshake,200.835,ok
d936f8f1353884b10194235108d0a983ef8abc62,iroh_session,discovery,cold,0,stream_open,96.670,ok
d936f8f1353884b10194235108d0a983ef8abc62,iroh_session,discovery,cold,0,echo_rtt,0.040,ok
d936f8f1353884b10194235108d0a983ef8abc62,iroh_session,discovery,cold,0,echo_rtt,0.041,ok
d936f8f1353884b10194235108d0a983ef8abc62,iroh_session,discovery,cold,0,echo_rtt,0.028,ok
d936f8f1353884b10194235108d0a983ef8abc62,iroh_session,discovery,cold,0,echo_rtt,0.035,ok
d936f8f1353884b10194235108d0a983ef8abc62,iroh_session,discovery,cold,0,echo_rtt,0.026,ok
d936f8f1353884b10194235108d0a983ef8abc62,iroh_session,discovery,cold,0,echo_rtt,0.034,ok
d936f8f1353884b10194235108d0a983ef8abc62,iroh_session,discovery,cold,0,echo_rtt,0.025,ok
d936f8f1353884b10194235108d0a983ef8abc62,iroh_session,discovery,cold,0,echo_rtt,0.033,ok
d936f8f1353884b10194235108d0a983ef8abc62,iroh_session,discovery,cold,0,echo_rtt,0.025,ok
d936f8f1353884b10194235108d0a983ef8abc62,iroh_session,discovery,cold,0,echo_rtt,0.036,ok
d936f8f1353884b10194235108d0a983ef8abc62,iroh_session,discovery,cold,0,echo_rtt,0.025,ok
d936f8f1353884b10194235108d0a983ef8abc62,iroh_session,discovery,cold,0,echo_rtt,0.033,ok
d936f8f1353884b10194235108d0a983ef8abc62,iroh_session,discovery,cold,0,echo_rtt,0.025,ok
d936f8f1353884b10194235108d0a983ef8abc62,iroh_session,discovery,cold,0,echo_rtt,0.035,ok
d936f8f1353884b10194235108d0a983ef8abc62,iroh_session,discovery,cold,0,echo_rtt,0.025,ok
d936f8f1353884b10194235108d0a983ef8abc62,iroh_session,discovery,cold,0,echo_rtt,0.033,ok
d936f8f1353884b10194235108d0a983ef8abc62,iroh_session,discovery,cold,0,echo_rtt,0.025,ok
d936f8f1353884b10194235108d0a983ef8abc62,iroh_session,discovery,cold,0,echo_rtt,0.079,ok
d936f8f1353884b10194235108d0a983ef8abc62,iroh_session,discovery,cold,0,echo_rtt,0.025,ok
d936f8f1353884b10194235108d0a983ef8abc62,iroh_session,discovery,cold,0,echo_rtt,0.034,ok
d936f8f1353884b10194235108d0a983ef8abc62,iroh_session,discovery,warm,1,stream_open,0.050,ok
d936f8f1353884b10194235108d0a983ef8abc62,iroh_session,discovery,warm,1,echo_rtt,0.031,ok
d936f8f1353884b10194235108d0a983ef8abc62,iroh_session,discovery,warm,1,echo_rtt,0.035,ok
d936f8f1353884b10194235108d0a983ef8abc62,iroh_session,discovery,warm,1,echo_rtt,0.028,ok
d936f8f1353884b10194235108d0a983ef8abc62,iroh_session,discovery,warm,1,echo_rtt,0.039,ok
d936f8f1353884b10194235108d0a983ef8abc62,iroh_session,discovery,warm,1,echo_rtt,0.028,ok
d936f8f1353884b10194235108d0a983ef8abc62,iroh_session,discovery,warm,1,echo_rtt,0.038,ok
d936f8f1353884b10194235108d0a983ef8abc62,iroh_session,discovery,warm,1,echo_rtt,0.027,ok
d936f8f1353884b10194235108d0a983ef8abc62,iroh_session,discovery,warm,1,echo_rtt,0.037,ok
d936f8f1353884b10194235108d0a983ef8abc62,iroh_session,discovery,warm,1,echo_rtt,0.027,ok
d936f8f1353884b10194235108d0a983ef8abc62,iroh_session,discovery,warm,1,echo_rtt,0.053,ok
d936f8f1353884b10194235108d0a983ef8abc62,iroh_session,discovery,warm,1,echo_rtt,0.029,ok
d936f8f1353884b10194235108d0a983ef8abc62,iroh_session,discovery,warm,1,echo_rtt,0.038,ok
d936f8f1353884b10194235108d0a983ef8abc62,iroh_session,discovery,warm,1,echo_rtt,0.027,ok
d936f8f1353884b10194235108d0a983ef8abc62,iroh_session,discovery,warm,1,echo_rtt,0.037,ok
d936f8f1353884b10194235108d0a983ef8abc62,iroh_session,discovery,warm,1,echo_rtt,0.027,ok
d936f8f1353884b10194235108d0a983ef8abc62,iroh_session,discovery,warm,1,echo_rtt,0.038,ok
d936f8f1353884b10194235108d0a983ef8abc62,iroh_session,discovery,warm,1,echo_rtt,0.038,ok
d936f8f1353884b10194235108d0a983ef8abc62,iroh_session,discovery,warm,1,echo_rtt,0.037,ok
d936f8f1353884b10194235108d0a983ef8abc62,iroh_session,discovery,warm,1,echo_rtt,0.025,ok
d936f8f1353884b10194235108d0a983ef8abc62,iroh_session,discovery,warm,1,echo_rtt,0.034,ok
d936f8f1353884b10194235108d0a983ef8abc62,iroh_session,discovery,warm,2,stream_open,0.045,ok
d936f8f1353884b10194235108d0a983ef8abc62,iroh_session,discovery,warm,2,echo_rtt,0.046,ok
d936f8f1353884b10194235108d0a983ef8abc62,iroh_session,discovery,warm,2,echo_rtt,0.026,ok
d936f8f1353884b10194235108d0a983ef8abc62,iroh_session,discovery,warm,2,echo_rtt,0.034,ok
d936f8f1353884b10194235108d0a983ef8abc62,iroh_session,discovery,warm,2,echo_rtt,0.026,ok
d936f8f1353884b10194235108d0a983ef8abc62,iroh_session,discovery,warm,2,echo_rtt,0.035,ok
d936f8f1353884b10194235108d0a983ef8abc62,iroh_session,discovery,warm,2,echo_rtt,0.038,ok
d936f8f1353884b10194235108d0a983ef8abc62,iroh_session,discovery,warm,2,echo_rtt,0.034,ok
d936f8f1353884b10194235108d0a983ef8abc62,iroh_session,discovery,warm,2,echo_rtt,0.025,ok
d936f8f1353884b10194235108d0a983ef8abc62,iroh_session,discovery,warm,2,echo_rtt,0.033,ok
d936f8f1353884b10194235108d0a983ef8abc62,iroh_session,discovery,warm,2,echo_rtt,0.025,ok
d936f8f1353884b10194235108d0a983ef8abc62,iroh_session,discovery,warm,2,echo_rtt,0.033,ok
d936f8f1353884b10194235108d0a983ef8abc62,iroh_session,discovery,warm,2,echo_rtt,0.025,ok
d936f8f1353884b10194235108d0a983ef8abc62,iroh_session,discovery,warm,2,echo_rtt,0.034,ok
d936f8f1353884b10194235108d0a983ef8abc62,iroh_session,discovery,warm,2,echo_rtt,0.025,ok
d936f8f1353884b10194235108d0a983ef8abc62,iroh_session,discovery,warm,2,echo_rtt,0.033,ok
d936f8f1353884b10194235108d0a983ef8abc62,iroh_session,discovery,warm,2,echo_rtt,0.026,ok
d936f8f1353884b10194235108d0a983ef8abc62,iroh_session,discovery,warm,2,echo_rtt,0.033,ok
d936f8f1353884b10194235108d0a983ef8abc62,iroh_session,discovery,warm,2,echo_rtt,0.025,ok
d936f8f1353884b10194235108d0a983ef8abc62,iroh_session,discovery,warm,2,echo_rtt,0.033,ok
d936f8f1353884b10194235108d0a983ef8abc62,iroh_session,discovery,warm,2,echo_rtt,0.025,ok
d936f8f1353884b10194235108d0a983ef8abc62,iroh_session,discovery,warm,3,stream_open,0.043,ok
d936f8f1353884b10194235108d0a983ef8abc62,iroh_session,discovery,warm,3,echo_rtt,0.035,ok
d936f8f1353884b10194235108d0a983ef8abc62,iroh_session,discovery,warm,3,echo_rtt,0.025,ok
d936f8f1353884b10194235108d0a983ef8abc62,iroh_session,discovery,warm,3,echo_rtt,0.033,ok
d936f8f1353884b10194235108d0a983ef8abc62,iroh_session,discovery,warm,3,echo_rtt,0.033,ok
d936f8f1353884b10194235108d0a983ef8abc62,iroh_session,discovery,warm,3,echo_rtt,0.055,ok
d936f8f1353884b10194235108d0a983ef8abc62,iroh_session,discovery,warm,3,echo_rtt,0.028,ok
d936f8f1353884b10194235108d0a983ef8abc62,iroh_session,discovery,warm,3,echo_rtt,0.038,ok
d936f8f1353884b10194235108d0a983ef8abc62,iroh_session,discovery,warm,3,echo_rtt,0.025,ok
d936f8f1353884b10194235108d0a983ef8abc62,iroh_session,discovery,warm,3,echo_rtt,0.034,ok
d936f8f1353884b10194235108d0a983ef8abc62,iroh_session,discovery,warm,3,echo_rtt,0.025,ok
d936f8f1353884b10194235108d0a983ef8abc62,iroh_session,discovery,warm,3,echo_rtt,0.034,ok
d936f8f1353884b10194235108d0a983ef8abc62,iroh_session,discovery,warm,3,echo_rtt,0.025,ok
d936f8f1353884b10194235108d0a983ef8abc62,iroh_session,discovery,warm,3,echo_rtt,0.033,ok
d936f8f1353884b10194235108d0a983ef8abc62,iroh_session,discovery,warm,3,echo_rtt,0.025,ok
d936f8f1353884b10194235108d0a983ef8abc62,iroh_session,discovery,warm,3,echo_rtt,0.033,ok
d936f8f1353884b10194235108d0a983ef8abc62,iroh_session,discovery,warm,3,echo_rtt,0.025,ok
d936f8f1353884b10194235108d0a983ef8abc62,iroh_session,discovery,warm,3,echo_rtt,0.034,ok
d936f8f1353884b10194235108d0a983ef8abc62,iroh_session,discovery,warm,3,echo_rtt,0.025,ok
d936f8f1353884b10194235108d0a983ef8abc62,iroh_session,discovery,warm,3,echo_rtt,0.038,ok
d936f8f1353884b10194235108d0a983ef8abc62,iroh_session,discovery,warm,3,echo_rtt,0.027,ok
d936f8f1353884b10194235108d0a983ef8abc62,iroh_session,discovery,warm,4,stream_open,0.045,ok
d936f8f1353884b10194235108d0a983ef8abc62,iroh_session,discovery,warm,4,echo_rtt,0.035,ok
d936f8f1353884b10194235108d0a983ef8abc62,iroh_session,discovery,warm,4,echo_rtt,0.031,ok
d936f8f1353884b10194235108d0a983ef8abc62,iroh_session,discovery,warm,4,echo_rtt,0.030,ok
d936f8f1353884b10194235108d0a983ef8abc62,iroh_session,discovery,warm,4,echo_rtt,0.029,ok
d936f8f1353884b10194235108d0a983ef8abc62,iroh_session,discovery,warm,4,echo_rtt,0.030,ok
d936f8f1353884b10194235108d0a983ef8abc62,iroh_session,discovery,warm,4,echo_rtt,0.029,ok
d936f8f1353884b10194235108d0a983ef8abc62,iroh_session,discovery,warm,4,echo_rtt,0.029,ok
d936f8f1353884b10194235108d0a983ef8abc62,iroh_session,discovery,warm,4,echo_rtt,0.028,ok
d936f8f1353884b10194235108d0a983ef8abc62,iroh_session,discovery,warm,4,echo_rtt,0.029,ok
d936f8f1353884b10194235108d0a983ef8abc62,iroh_session,discovery,warm,4,echo_rtt,0.028,ok
d936f8f1353884b10194235108d0a983ef8abc62,iroh_session,discovery,warm,4,echo_rtt,0.029,ok
d936f8f1353884b10194235108d0a983ef8abc62,iroh_session,discovery,warm,4,echo_rtt,0.028,ok
d936f8f1353884b10194235108d0a983ef8abc62,iroh_session,discovery,warm,4,echo_rtt,0.029,ok
d936f8f1353884b10194235108d0a983ef8abc62,iroh_session,discovery,warm,4,echo_rtt,0.037,ok
d936f8f1353884b10194235108d0a983ef8abc62,iroh_session,discovery,warm,4,echo_rtt,0.044,ok
d936f8f1353884b10194235108d0a983ef8abc62,iroh_session,discovery,warm,4,echo_rtt,0.034,ok
d936f8f1353884b10194235108d0a983ef8abc62,iroh_session,discovery,warm,4,echo_rtt,0.031,ok
d936f8f1353884b10194235108d0a983ef8abc62,iroh_session,discovery,warm,4,echo_rtt,0.030,ok
d936f8f1353884b10194235108d0a983ef8abc62,iroh_session,discovery,warm,4,echo_rtt,0.030,ok
d936f8f1353884b10194235108d0a983ef8abc62,iroh_session,discovery,warm,4,echo_rtt,0.029,ok
d936f8f1353884b10194235108d0a983ef8abc62,iroh_session,discovery,warm,5,stream_open,0.044,ok
d936f8f1353884b10194235108d0a983ef8abc62,iroh_session,discovery,warm,5,echo_rtt,0.035,ok
d936f8f1353884b10194235108d0a983ef8abc62,iroh_session,discovery,warm,5,echo_rtt,0.025,ok
d936f8f1353884b10194235108d0a983ef8abc62,iroh_session,discovery,warm,5,echo_rtt,0.034,ok
d936f8f1353884b10194235108d0a983ef8abc62,iroh_session,discovery,warm,5,echo_rtt,0.030,ok
d936f8f1353884b10194235108d0a983ef8abc62,iroh_session,discovery,warm,5,echo_rtt,0.030,ok
d936f8f1353884b10194235108d0a983ef8abc62,iroh_session,discovery,warm,5,echo_rtt,0.029,ok
d936f8f1353884b10194235108d0a983ef8abc62,iroh_session,discovery,warm,5,echo_rtt,0.030,ok
d936f8f1353884b10194235108d0a983ef8abc62,iroh_session,discovery,warm,5,echo_rtt,0.029,ok
d936f8f1353884b10194235108d0a983ef8abc62,iroh_session,discovery,warm,5,echo_rtt,0.029,ok
d936f8f1353884b10194235108d0a983ef8abc62,iroh_session,discovery,warm,5,echo_rtt,0.029,ok
d936f8f1353884b10194235108d0a983ef8abc62,iroh_session,discovery,warm,5,echo_rtt,0.029,ok
d936f8f1353884b10194235108d0a983ef8abc62,iroh_session,discovery,warm,5,echo_rtt,0.029,ok
d936f8f1353884b10194235108d0a983ef8abc62,iroh_session,discovery,warm,5,echo_rtt,0.030,ok
d936f8f1353884b10194235108d0a983ef8abc62,iroh_session,discovery,warm,5,echo_rtt,0.028,ok
d936f8f1353884b10194235108d0a983ef8abc62,iroh_session,discovery,warm,5,echo_rtt,0.030,ok
d936f8f1353884b10194235108d0a983ef8abc62,iroh_session,discovery,warm,5,echo_rtt,0.028,ok
d936f8f1353884b10194235108d0a983ef8abc62,iroh_session,discovery,warm,5,echo_rtt,0.029,ok
d936f8f1353884b10194235108d0a983ef8abc62,iroh_session,discovery,warm,5,echo_rtt,0.028,ok
d936f8f1353884b10194235108d0a983ef8abc62,iroh_session,discovery,warm,5,echo_rtt,0.029,ok
d936f8f1353884b10194235108d0a983ef8abc62,iroh_session,discovery,warm,5,echo_rtt,0.028,ok
d936f8f1353884b10194235108d0a983ef8abc62,iroh_session,discovery,warm,6,stream_open,0.037,ok
d936f8f1353884b10194235108d0a983ef8abc62,iroh_session,discovery,warm,6,echo_rtt,0.041,ok
d936f8f1353884b10194235108d0a983ef8abc62,iroh_session,discovery,warm,6,echo_rtt,0.026,ok
d936f8f1353884b10194235108d0a983ef8abc62,iroh_session,discovery,warm,6,echo_rtt,0.034,ok
d936f8f1353884b10194235108d0a983ef8abc62,iroh_session,discovery,warm,6,echo_rtt,0.032,ok
d936f8f1353884b10194235108d0a983ef8abc62,iroh_session,discovery,warm,6,echo_rtt,0.033,ok
d936f8f1353884b10194235108d0a983ef8abc62,iroh_session,discovery,warm,6,echo_rtt,0.025,ok
d936f8f1353884b10194235108d0a983ef8abc62,iroh_session,discovery,warm,6,echo_rtt,0.033,ok
d936f8f1353884b10194235108d0a983ef8abc62,iroh_session,discovery,warm,6,echo_rtt,0.025,ok
d936f8f1353884b10194235108d0a983ef8abc62,iroh_session,discovery,warm,6,echo_rtt,0.036,ok
d936f8f1353884b10194235108d0a983ef8abc62,iroh_session,discovery,warm,6,echo_rtt,0.028,ok
d936f8f1353884b10194235108d0a983ef8abc62,iroh_session,discovery,warm,6,echo_rtt,0.035,ok
d936f8f1353884b10194235108d0a983ef8abc62,iroh_session,discovery,warm,6,echo_rtt,0.025,ok
d936f8f1353884b10194235108d0a983ef8abc62,iroh_session,discovery,warm,6,echo_rtt,0.033,ok
d936f8f1353884b10194235108d0a983ef8abc62,iroh_session,discovery,warm,6,echo_rtt,0.024,ok
d936f8f1353884b10194235108d0a983ef8abc62,iroh_session,discovery,warm,6,echo_rtt,0.033,ok
d936f8f1353884b10194235108d0a983ef8abc62,iroh_session,discovery,warm,6,echo_rtt,0.025,ok
d936f8f1353884b10194235108d0a983ef8abc62,iroh_session,discovery,warm,6,echo_rtt,0.033,ok
d936f8f1353884b10194235108d0a983ef8abc62,iroh_session,discovery,warm,6,echo_rtt,0.025,ok
d936f8f1353884b10194235108d0a983ef8abc62,iroh_session,discovery,warm,6,echo_rtt,0.033,ok
d936f8f1353884b10194235108d0a983ef8abc62,iroh_session,discovery,warm,6,echo_rtt,0.028,ok
d936f8f1353884b10194235108d0a983ef8abc62,iroh_session,discovery,warm,7,stream_open,0.056,ok
d936f8f1353884b10194235108d0a983ef8abc62,iroh_session,discovery,warm,7,echo_rtt,0.039,ok
d936f8f1353884b10194235108d0a983ef8abc62,iroh_session,discovery,warm,7,echo_rtt,0.034,ok
d936f8f1353884b10194235108d0a983ef8abc62,iroh_session,discovery,warm,7,echo_rtt,0.034,ok
d936f8f1353884b10194235108d0a983ef8abc62,iroh_session,discovery,warm,7,echo_rtt,0.032,ok
d936f8f1353884b10194235108d0a983ef8abc62,iroh_session,discovery,warm,7,echo_rtt,0.032,ok
d936f8f1353884b10194235108d0a983ef8abc62,iroh_session,discovery,warm,7,echo_rtt,0.032,ok
d936f8f1353884b10194235108d0a983ef8abc62,iroh_session,discovery,warm,7,echo_rtt,0.032,ok
d936f8f1353884b10194235108d0a983ef8abc62,iroh_session,discovery,warm,7,echo_rtt,0.032,ok
d936f8f1353884b10194235108d0a983ef8abc62,iroh_session,discovery,warm,7,echo_rtt,0.032,ok
d936f8f1353884b10194235108d0a983ef8abc62,iroh_session,discovery,warm,7,echo_rtt,0.032,ok
d936f8f1353884b10194235108d0a983ef8abc62,iroh_session,discovery,warm,7,echo_rtt,0.032,ok
d936f8f1353884b10194235108d0a983ef8abc62,iroh_session,discovery,warm,7,echo_rtt,0.032,ok
d936f8f1353884b10194235108d0a983ef8abc62,iroh_session,discovery,warm,7,echo_rtt,0.033,ok
d936f8f1353884b10194235108d0a983ef8abc62,iroh_session,discovery,warm,7,echo_rtt,0.032,ok
d936f8f1353884b10194235108d0a983ef8abc62,iroh_session,discovery,warm,7,echo_rtt,0.032,ok
d936f8f1353884b10194235108d0a983ef8abc62,iroh_session,discovery,warm,7,echo_rtt,0.032,ok
d936f8f1353884b10194235108d0a983ef8abc62,iroh_session,discovery,warm,7,echo_rtt,0.032,ok
d936f8f1353884b10194235108d0a983ef8abc62,iroh_session,discovery,warm,7,echo_rtt,0.032,ok
d936f8f1353884b10194235108d0a983ef8abc62,iroh_session,discovery,warm,7,echo_rtt,0.032,ok
d936f8f1353884b10194235108d0a983ef8abc62,iroh_session,discovery,warm,7,echo_rtt,0.032,ok
d936f8f1353884b10194235108d0a983ef8abc62,iroh_session,discovery,warm,8,stream_open,0.042,ok
d936f8f1353884b10194235108d0a983ef8abc62,iroh_session,discovery,warm,8,echo_rtt,0.043,ok
d936f8f1353884b10194235108d0a983ef8abc62,iroh_session,discovery,warm,8,echo_rtt,0.029,ok
d936f8f1353884b10194235108d0a983ef8abc62,iroh_session,discovery,warm,8,echo_rtt,0.038,ok
d936f8f1353884b10194235108d0a983ef8abc62,iroh_session,discovery,warm,8,echo_rtt,0.028,ok
d936f8f1353884b10194235108d0a983ef8abc62,iroh_session,discovery,warm,8,echo_rtt,0.037,ok
d936f8f1353884b10194235108d0a983ef8abc62,iroh_session,discovery,warm,8,echo_rtt,0.028,ok
d936f8f1353884b10194235108d0a983ef8abc62,iroh_session,discovery,warm,8,echo_rtt,0.037,ok
d936f8f1353884b10194235108d0a983ef8abc62,iroh_session,discovery,warm,8,echo_rtt,0.028,ok
d936f8f1353884b10194235108d0a983ef8abc62,iroh_session,discovery,warm,8,echo_rtt,0.037,ok
d936f8f1353884b10194235108d0a983ef8abc62,iroh_session,discovery,warm,8,echo_rtt,0.028,ok
d936f8f1353884b10194235108d0a983ef8abc62,iroh_session,discovery,warm,8,echo_rtt,0.038,ok
d936f8f1353884b10194235108d0a983ef8abc62,iroh_session,discovery,warm,8,echo_rtt,0.039,ok
d936f8f1353884b10194235108d0a983ef8abc62,iroh_session,discovery,warm,8,echo_rtt,0.049,ok
d936f8f1353884b10194235108d0a983ef8abc62,iroh_session,discovery,warm,8,echo_rtt,0.036,ok
d936f8f1353884b10194235108d0a983ef8abc62,iroh_session,discovery,warm,8,echo_rtt,0.064,ok
d936f8f1353884b10194235108d0a983ef8abc62,iroh_session,discovery,warm,8,echo_rtt,0.031,ok
d936f8f1353884b10194235108d0a983ef8abc62,iroh_session,discovery,warm,8,echo_rtt,0.041,ok
d936f8f1353884b10194235108d0a983ef8abc62,iroh_session,discovery,warm,8,echo_rtt,0.030,ok
d936f8f1353884b10194235108d0a983ef8abc62,iroh_session,discovery,warm,8,echo_rtt,0.040,ok
d936f8f1353884b10194235108d0a983ef8abc62,iroh_session,discovery,warm,8,echo_rtt,0.029,ok
d936f8f1353884b10194235108d0a983ef8abc62,iroh_session,discovery,warm,9,stream_open,0.050,ok
d936f8f1353884b10194235108d0a983ef8abc62,iroh_session,discovery,warm,9,echo_rtt,0.037,ok
d936f8f1353884b10194235108d0a983ef8abc62,iroh_session,discovery,warm,9,echo_rtt,0.034,ok
d936f8f1353884b10194235108d0a983ef8abc62,iroh_session,discovery,warm,9,echo_rtt,0.035,ok
d936f8f1353884b10194235108d0a983ef8abc62,iroh_session,discovery,warm,9,echo_rtt,0.033,ok
d936f8f1353884b10194235108d0a983ef8abc62,iroh_session,discovery,warm,9,echo_rtt,0.034,ok
d936f8f1353884b10194235108d0a983ef8abc62,iroh_session,discovery,warm,9,echo_rtt,0.033,ok
d936f8f1353884b10194235108d0a983ef8abc62,iroh_session,discovery,warm,9,echo_rtt,0.035,ok
d936f8f1353884b10194235108d0a983ef8abc62,iroh_session,discovery,warm,9,echo_rtt,0.033,ok
d936f8f1353884b10194235108d0a983ef8abc62,iroh_session,discovery,warm,9,echo_rtt,0.034,ok
d936f8f1353884b10194235108d0a983ef8abc62,iroh_session,discovery,warm,9,echo_rtt,0.033,ok
d936f8f1353884b10194235108d0a983ef8abc62,iroh_session,discovery,warm,9,echo_rtt,0.038,ok
d936f8f1353884b10194235108d0a983ef8abc62,iroh_session,discovery,warm,9,echo_rtt,0.028,ok
d936f8f1353884b10194235108d0a983ef8abc62,iroh_session,discovery,warm,9,echo_rtt,0.029,ok
d936f8f1353884b10194235108d0a983ef8abc62,iroh_session,discovery,warm,9,echo_rtt,0.029,ok
d936f8f1353884b10194235108d0a983ef8abc62,iroh_session,discovery,warm,9,echo_rtt,0.030,ok
d936f8f1353884b10194235108d0a983ef8abc62,iroh_session,discovery,warm,9,echo_rtt,0.029,ok
d936f8f1353884b10194235108d0a983ef8abc62,iroh_session,discovery,warm,9,echo_rtt,0.029,ok
d936f8f1353884b10194235108d0a983ef8abc62,iroh_session,discovery,warm,9,echo_rtt,0.029,ok
d936f8f1353884b10194235108d0a983ef8abc62,iroh_session,discovery,warm,9,echo_rtt,0.029,ok
d936f8f1353884b10194235108d0a983ef8abc62,iroh_session,discovery,warm,9,echo_rtt,0.028,ok
d936f8f1353884b10194235108d0a983ef8abc62,iroh_session,discovery,warm,10,stream_open,0.037,ok
d936f8f1353884b10194235108d0a983ef8abc62,iroh_session,discovery,warm,10,echo_rtt,0.034,ok
d936f8f1353884b10194235108d0a983ef8abc62,iroh_session,discovery,warm,10,echo_rtt,0.025,ok
d936f8f1353884b10194235108d0a983ef8abc62,iroh_session,discovery,warm,10,echo_rtt,0.033,ok
d936f8f1353884b10194235108d0a983ef8abc62,iroh_session,discovery,warm,10,echo_rtt,0.025,ok
d936f8f1353884b10194235108d0a983ef8abc62,iroh_session,discovery,warm,10,echo_rtt,0.033,ok
d936f8f1353884b10194235108d0a983ef8abc62,iroh_session,discovery,warm,10,echo_rtt,0.028,ok
d936f8f1353884b10194235108d0a983ef8abc62,iroh_session,discovery,warm,10,echo_rtt,0.035,ok
d936f8f1353884b10194235108d0a983ef8abc62,iroh_session,discovery,warm,10,echo_rtt,0.025,ok
d936f8f1353884b10194235108d0a983ef8abc62,iroh_session,discovery,warm,10,echo_rtt,0.033,ok
d936f8f1353884b10194235108d0a983ef8abc62,iroh_session,discovery,warm,10,echo_rtt,0.025,ok
d936f8f1353884b10194235108d0a983ef8abc62,iroh_session,discovery,warm,10,echo_rtt,0.033,ok
d936f8f1353884b10194235108d0a983ef8abc62,iroh_session,discovery,warm,10,echo_rtt,0.025,ok
d936f8f1353884b10194235108d0a983ef8abc62,iroh_session,discovery,warm,10,echo_rtt,0.033,ok
d936f8f1353884b10194235108d0a983ef8abc62,iroh_session,discovery,warm,10,echo_rtt,0.025,ok
d936f8f1353884b10194235108d0a983ef8abc62,iroh_session,discovery,warm,10,echo_rtt,0.033,ok
d936f8f1353884b10194235108d0a983ef8abc62,iroh_session,discovery,warm,10,echo_rtt,0.025,ok
d936f8f1353884b10194235108d0a983ef8abc62,iroh_session,discovery,warm,10,echo_rtt,0.033,ok
d936f8f1353884b10194235108d0a983ef8abc62,iroh_session,discovery,warm,10,echo_rtt,0.025,ok
d936f8f1353884b10194235108d0a983ef8abc62,iroh_session,discovery,warm,10,echo_rtt,0.033,ok
d936f8f1353884b10194235108d0a983ef8abc62,iroh_session,discovery,warm,10,echo_rtt,0.025,ok
d936f8f1353884b10194235108d0a983ef8abc62,iroh_session,discovery,warm,11,stream_open,0.047,ok
d936f8f1353884b10194235108d0a983ef8abc62,iroh_session,discovery,warm,11,echo_rtt,0.031,ok
d936f8f1353884b10194235108d0a983ef8abc62,iroh_session,discovery,warm,11,echo_rtt,0.037,ok
d936f8f1353884b10194235108d0a983ef8abc62,iroh_session,discovery,warm,11,echo_rtt,0.033,ok
d936f8f1353884b10194235108d0a983ef8abc62,iroh_session,discovery,warm,11,echo_rtt,0.031,ok
d936f8f1353884b10194235108d0a983ef8abc62,iroh_session,discovery,warm,11,echo_rtt,0.033,ok
d936f8f1353884b10194235108d0a983ef8abc62,iroh_session,discovery,warm,11,echo_rtt,0.032,ok
d936f8f1353884b10194235108d0a983ef8abc62,iroh_session,discovery,warm,11,echo_rtt,0.070,ok
d936f8f1353884b10194235108d0a983ef8abc62,iroh_session,discovery,warm,11,echo_rtt,0.033,ok
d936f8f1353884b10194235108d0a983ef8abc62,iroh_session,discovery,warm,11,echo_rtt,0.033,ok
d936f8f1353884b10194235108d0a983ef8abc62,iroh_session,discovery,warm,11,echo_rtt,0.034,ok
d936f8f1353884b10194235108d0a983ef8abc62,iroh_session,discovery,warm,11,echo_rtt,0.033,ok
d936f8f1353884b10194235108d0a983ef8abc62,iroh_session,discovery,warm,11,echo_rtt,0.031,ok
d936f8f1353884b10194235108d0a983ef8abc62,iroh_session,discovery,warm,11,echo_rtt,0.033,ok
d936f8f1353884b10194235108d0a983ef8abc62,iroh_session,discovery,warm,11,echo_rtt,0.034,ok
d936f8f1353884b10194235108d0a983ef8abc62,iroh_session,discovery,warm,11,echo_rtt,0.035,ok
d936f8f1353884b10194235108d0a983ef8abc62,iroh_session,discovery,warm,11,echo_rtt,0.033,ok
d936f8f1353884b10194235108d0a983ef8abc62,iroh_session,discovery,warm,11,echo_rtt,0.033,ok
d936f8f1353884b10194235108d0a983ef8abc62,iroh_session,discovery,warm,11,echo_rtt,0.033,ok
d936f8f1353884b10194235108d0a983ef8abc62,iroh_session,discovery,warm,11,echo_rtt,0.034,ok
d936f8f1353884b10194235108d0a983ef8abc62,iroh_session,discovery,warm,11,echo_rtt,0.033,ok
d936f8f1353884b10194235108d0a983ef8abc62,iroh_session,discovery,warm,12,stream_open,0.040,ok
d936f8f1353884b10194235108d0a983ef8abc62,iroh_session,discovery,warm,12,echo_rtt,0.043,ok
d936f8f1353884b10194235108d0a983ef8abc62,iroh_session,discovery,warm,12,echo_rtt,0.029,ok
d936f8f1353884b10194235108d0a983ef8abc62,iroh_session,discovery,warm,12,echo_rtt,0.044,ok
d936f8f1353884b10194235108d0a983ef8abc62,iroh_session,discovery,warm,12,echo_rtt,0.031,ok
d936f8f1353884b10194235108d0a983ef8abc62,iroh_session,discovery,warm,12,echo_rtt,0.040,ok
d936f8f1353884b10194235108d0a983ef8abc62,iroh_session,discovery,warm,12,echo_rtt,0.029,ok
d936f8f1353884b10194235108d0a983ef8abc62,iroh_session,discovery,warm,12,echo_rtt,0.038,ok
d936f8f1353884b10194235108d0a983ef8abc62,iroh_session,discovery,warm,12,echo_rtt,0.028,ok
d936f8f1353884b10194235108d0a983ef8abc62,iroh_session,discovery,warm,12,echo_rtt,0.038,ok
d936f8f1353884b10194235108d0a983ef8abc62,iroh_session,discovery,warm,12,echo_rtt,0.027,ok
d936f8f1353884b10194235108d0a983ef8abc62,iroh_session,discovery,warm,12,echo_rtt,0.042,ok
d936f8f1353884b10194235108d0a983ef8abc62,iroh_session,discovery,warm,12,echo_rtt,0.029,ok
d936f8f1353884b10194235108d0a983ef8abc62,iroh_session,discovery,warm,12,echo_rtt,0.038,ok
d936f8f1353884b10194235108d0a983ef8abc62,iroh_session,discovery,warm,12,echo_rtt,0.027,ok
d936f8f1353884b10194235108d0a983ef8abc62,iroh_session,discovery,warm,12,echo_rtt,0.038,ok
d936f8f1353884b10194235108d0a983ef8abc62,iroh_session,discovery,warm,12,echo_rtt,0.027,ok
d936f8f1353884b10194235108d0a983ef8abc62,iroh_session,discovery,warm,12,echo_rtt,0.036,ok
d936f8f1353884b10194235108d0a983ef8abc62,iroh_session,discovery,warm,12,echo_rtt,0.027,ok
d936f8f1353884b10194235108d0a983ef8abc62,iroh_session,discovery,warm,12,echo_rtt,0.036,ok
d936f8f1353884b10194235108d0a983ef8abc62,iroh_session,discovery,warm,12,echo_rtt,0.028,ok
d936f8f1353884b10194235108d0a983ef8abc62,iroh_session,discovery,warm,13,stream_open,0.044,ok
d936f8f1353884b10194235108d0a983ef8abc62,iroh_session,discovery,warm,13,echo_rtt,0.040,ok
d936f8f1353884b10194235108d0a983ef8abc62,iroh_session,discovery,warm,13,echo_rtt,0.043,ok
d936f8f1353884b10194235108d0a983ef8abc62,iroh_session,discovery,warm,13,echo_rtt,0.029,ok
d936f8f1353884b10194235108d0a983ef8abc62,iroh_session,discovery,warm,13,echo_rtt,0.040,ok
d936f8f1353884b10194235108d0a983ef8abc62,iroh_session,discovery,warm,13,echo_rtt,0.028,ok
d936f8f1353884b10194235108d0a983ef8abc62,iroh_session,discovery,warm,13,echo_rtt,0.037,ok
d936f8f1353884b10194235108d0a983ef8abc62,iroh_session,discovery,warm,13,echo_rtt,0.027,ok
d936f8f1353884b10194235108d0a983ef8abc62,iroh_session,discovery,warm,13,echo_rtt,0.037,ok
d936f8f1353884b10194235108d0a983ef8abc62,iroh_session,discovery,warm,13,echo_rtt,0.033,ok
d936f8f1353884b10194235108d0a983ef8abc62,iroh_session,discovery,warm,13,echo_rtt,0.033,ok
d936f8f1353884b10194235108d0a983ef8abc62,iroh_session,discovery,warm,13,echo_rtt,0.031,ok
d936f8f1353884b10194235108d0a983ef8abc62,iroh_session,discovery,warm,13,echo_rtt,0.034,ok
d936f8f1353884b10194235108d0a983ef8abc62,iroh_session,discovery,warm,13,echo_rtt,0.031,ok
d936f8f1353884b10194235108d0a983ef8abc62,iroh_session,discovery,warm,13,echo_rtt,0.033,ok
d936f8f1353884b10194235108d0a983ef8abc62,iroh_session,discovery,warm,13,echo_rtt,0.030,ok
d936f8f1353884b10194235108d0a983ef8abc62,iroh_session,discovery,warm,13,echo_rtt,0.031,ok
d936f8f1353884b10194235108d0a983ef8abc62,iroh_session,discovery,warm,13,echo_rtt,0.029,ok
d936f8f1353884b10194235108d0a983ef8abc62,iroh_session,discovery,warm,13,echo_rtt,0.031,ok
d936f8f1353884b10194235108d0a983ef8abc62,iroh_session,discovery,warm,13,echo_rtt,0.030,ok
d936f8f1353884b10194235108d0a983ef8abc62,iroh_session,discovery,warm,13,echo_rtt,0.031,ok
d936f8f1353884b10194235108d0a983ef8abc62,iroh_session,discovery,warm,14,stream_open,0.048,ok
d936f8f1353884b10194235108d0a983ef8abc62,iroh_session,discovery,warm,14,echo_rtt,0.028,ok
d936f8f1353884b10194235108d0a983ef8abc62,iroh_session,discovery,warm,14,echo_rtt,0.042,ok
d936f8f1353884b10194235108d0a983ef8abc62,iroh_session,discovery,warm,14,echo_rtt,0.026,ok
d936f8f1353884b10194235108d0a983ef8abc62,iroh_session,discovery,warm,14,echo_rtt,0.034,ok
d936f8f1353884b10194235108d0a983ef8abc62,iroh_session,discovery,warm,14,echo_rtt,0.025,ok
d936f8f1353884b10194235108d0a983ef8abc62,iroh_session,discovery,warm,14,echo_rtt,0.034,ok
d936f8f1353884b10194235108d0a983ef8abc62,iroh_session,discovery,warm,14,echo_rtt,0.025,ok
d936f8f1353884b10194235108d0a983ef8abc62,iroh_session,discovery,warm,14,echo_rtt,0.034,ok
d936f8f1353884b10194235108d0a983ef8abc62,iroh_session,discovery,warm,14,echo_rtt,0.027,ok
d936f8f1353884b10194235108d0a983ef8abc62,iroh_session,discovery,warm,14,echo_rtt,0.036,ok
d936f8f1353884b10194235108d0a983ef8abc62,iroh_session,discovery,warm,14,echo_rtt,0.025,ok
d936f8f1353884b10194235108d0a983ef8abc62,iroh_session,discovery,warm,14,echo_rtt,0.033,ok
d936f8f1353884b10194235108d0a983ef8abc62,iroh_session,discovery,warm,14,echo_rtt,0.025,ok
d936f8f1353884b10194235108d0a983ef8abc62,iroh_session,discovery,warm,14,echo_rtt,0.034,ok
d936f8f1353884b10194235108d0a983ef8abc62,iroh_session,discovery,warm,14,echo_rtt,0.025,ok
d936f8f1353884b10194235108d0a983ef8abc62,iroh_session,discovery,warm,14,echo_rtt,0.034,ok
d936f8f1353884b10194235108d0a983ef8abc62,iroh_session,discovery,warm,14,echo_rtt,0.025,ok
d936f8f1353884b10194235108d0a983ef8abc62,iroh_session,discovery,warm,14,echo_rtt,0.034,ok
d936f8f1353884b10194235108d0a983ef8abc62,iroh_session,discovery,warm,14,echo_rtt,0.025,ok
d936f8f1353884b10194235108d0a983ef8abc62,iroh_session,discovery,warm,14,echo_rtt,0.034,ok
d936f8f1353884b10194235108d0a983ef8abc62,iroh_session,discovery,warm,15,stream_open,0.041,ok
d936f8f1353884b10194235108d0a983ef8abc62,iroh_session,discovery,warm,15,echo_rtt,0.039,ok
d936f8f1353884b10194235108d0a983ef8abc62,iroh_session,discovery,warm,15,echo_rtt,0.037,ok
d936f8f1353884b10194235108d0a983ef8abc62,iroh_session,discovery,warm,15,echo_rtt,0.033,ok
d936f8f1353884b10194235108d0a983ef8abc62,iroh_session,discovery,warm,15,echo_rtt,0.033,ok
d936f8f1353884b10194235108d0a983ef8abc62,iroh_session,discovery,warm,15,echo_rtt,0.032,ok
d936f8f1353884b10194235108d0a983ef8abc62,iroh_session,discovery,warm,15,echo_rtt,0.032,ok
d936f8f1353884b10194235108d0a983ef8abc62,iroh_session,discovery,warm,15,echo_rtt,0.032,ok
d936f8f1353884b10194235108d0a983ef8abc62,iroh_session,discovery,warm,15,echo_rtt,0.032,ok
d936f8f1353884b10194235108d0a983ef8abc62,iroh_session,discovery,warm,15,echo_rtt,0.032,ok
d936f8f1353884b10194235108d0a983ef8abc62,iroh_session,discovery,warm,15,echo_rtt,0.036,ok
d936f8f1353884b10194235108d0a983ef8abc62,iroh_session,discovery,warm,15,echo_rtt,0.032,ok
d936f8f1353884b10194235108d0a983ef8abc62,iroh_session,discovery,warm,15,echo_rtt,0.032,ok
d936f8f1353884b10194235108d0a983ef8abc62,iroh_session,discovery,warm,15,echo_rtt,0.032,ok
d936f8f1353884b10194235108d0a983ef8abc62,iroh_session,discovery,warm,15,echo_rtt,0.033,ok
d936f8f1353884b10194235108d0a983ef8abc62,iroh_session,discovery,warm,15,echo_rtt,0.032,ok
d936f8f1353884b10194235108d0a983ef8abc62,iroh_session,discovery,warm,15,echo_rtt,0.032,ok
d936f8f1353884b10194235108d0a983ef8abc62,iroh_session,discovery,warm,15,echo_rtt,0.032,ok
d936f8f1353884b10194235108d0a983ef8abc62,iroh_session,discovery,warm,15,echo_rtt,0.033,ok
d936f8f1353884b10194235108d0a983ef8abc62,iroh_session,discovery,warm,15,echo_rtt,0.032,ok
d936f8f1353884b10194235108d0a983ef8abc62,iroh_session,discovery,warm,15,echo_rtt,0.032,ok
d936f8f1353884b10194235108d0a983ef8abc62,iroh_session,discovery,warm,16,stream_open,0.051,ok
d936f8f1353884b10194235108d0a983ef8abc62,iroh_session,discovery,warm,16,echo_rtt,0.027,ok
d936f8f1353884b10194235108d0a983ef8abc62,iroh_session,discovery,warm,16,echo_rtt,0.036,ok
d936f8f1353884b10194235108d0a983ef8abc62,iroh_session,discovery,warm,16,echo_rtt,0.026,ok
d936f8f1353884b10194235108d0a983ef8abc62,iroh_session,discovery,warm,16,echo_rtt,0.035,ok
d936f8f1353884b10194235108d0a983ef8abc62,iroh_session,discovery,warm,16,echo_rtt,0.026,ok
d936f8f1353884b10194235108d0a983ef8abc62,iroh_session,discovery,warm,16,echo_rtt,0.035,ok
d936f8f1353884b10194235108d0a983ef8abc62,iroh_session,discovery,warm,16,echo_rtt,0.026,ok
d936f8f1353884b10194235108d0a983ef8abc62,iroh_session,discovery,warm,16,echo_rtt,0.036,ok
d936f8f1353884b10194235108d0a983ef8abc62,iroh_session,discovery,warm,16,echo_rtt,0.026,ok
d936f8f1353884b10194235108d0a983ef8abc62,iroh_session,discovery,warm,16,echo_rtt,0.044,ok
d936f8f1353884b10194235108d0a983ef8abc62,iroh_session,discovery,warm,16,echo_rtt,0.030,ok
d936f8f1353884b10194235108d0a983ef8abc62,iroh_session,discovery,warm,16,echo_rtt,0.039,ok
d936f8f1353884b10194235108d0a983ef8abc62,iroh_session,discovery,warm,16,echo_rtt,0.029,ok
d936f8f1353884b10194235108d0a983ef8abc62,iroh_session,discovery,warm,16,echo_rtt,0.039,ok
d936f8f1353884b10194235108d0a983ef8abc62,iroh_session,discovery,warm,16,echo_rtt,0.029,ok
d936f8f1353884b10194235108d0a983ef8abc62,iroh_session,discovery,warm,16,echo_rtt,0.039,ok
d936f8f1353884b10194235108d0a983ef8abc62,iroh_session,discovery,warm,16,echo_rtt,0.028,ok
d936f8f1353884b10194235108d0a983ef8abc62,iroh_session,discovery,warm,16,echo_rtt,0.039,ok
d936f8f1353884b10194235108d0a983ef8abc62,iroh_session,discovery,warm,16,echo_rtt,0.029,ok
d936f8f1353884b10194235108d0a983ef8abc62,iroh_session,discovery,warm,16,echo_rtt,0.041,ok
d936f8f1353884b10194235108d0a983ef8abc62,iroh_session,discovery,warm,17,stream_open,0.045,ok
d936f8f1353884b10194235108d0a983ef8abc62,iroh_session,discovery,warm,17,echo_rtt,0.033,ok
d936f8f1353884b10194235108d0a983ef8abc62,iroh_session,discovery,warm,17,echo_rtt,0.033,ok
d936f8f1353884b10194235108d0a983ef8abc62,iroh_session,discovery,warm,17,echo_rtt,0.032,ok
d936f8f1353884b10194235108d0a983ef8abc62,iroh_session,discovery,warm,17,echo_rtt,0.036,ok
d936f8f1353884b10194235108d0a983ef8abc62,iroh_session,discovery,warm,17,echo_rtt,0.036,ok
d936f8f1353884b10194235108d0a983ef8abc62,iroh_session,discovery,warm,17,echo_rtt,0.033,ok
d936f8f1353884b10194235108d0a983ef8abc62,iroh_session,discovery,warm,17,echo_rtt,0.032,ok
d936f8f1353884b10194235108d0a983ef8abc62,iroh_session,discovery,warm,17,echo_rtt,0.034,ok
d936f8f1353884b10194235108d0a983ef8abc62,iroh_session,discovery,warm,17,echo_rtt,0.032,ok
d936f8f1353884b10194235108d0a983ef8abc62,iroh_session,discovery,warm,17,echo_rtt,0.032,ok
d936f8f1353884b10194235108d0a983ef8abc62,iroh_session,discovery,warm,17,echo_rtt,0.032,ok
d936f8f1353884b10194235108d0a983ef8abc62,iroh_session,discovery,warm,17,echo_rtt,0.032,ok
d936f8f1353884b10194235108d0a983ef8abc62,iroh_session,discovery,warm,17,echo_rtt,0.032,ok
d936f8f1353884b10194235108d0a983ef8abc62,iroh_session,discovery,warm,17,echo_rtt,0.032,ok
d936f8f1353884b10194235108d0a983ef8abc62,iroh_session,discovery,warm,17,echo_rtt,0.032,ok
d936f8f1353884b10194235108d0a983ef8abc62,iroh_session,discovery,warm,17,echo_rtt,0.032,ok
d936f8f1353884b10194235108d0a983ef8abc62,iroh_session,discovery,warm,17,echo_rtt,0.032,ok
d936f8f1353884b10194235108d0a983ef8abc62,iroh_session,discovery,warm,17,echo_rtt,0.032,ok
d936f8f1353884b10194235108d0a983ef8abc62,iroh_session,discovery,warm,17,echo_rtt,0.032,ok
d936f8f1353884b10194235108d0a983ef8abc62,iroh_session,discovery,warm,17,echo_rtt,0.037,ok
d936f8f1353884b10194235108d0a983ef8abc62,iroh_session,discovery,warm,18,stream_open,0.047,ok
d936f8f1353884b10194235108d0a983ef8abc62,iroh_session,discovery,warm,18,echo_rtt,0.027,ok
d936f8f1353884b10194235108d0a983ef8abc62,iroh_session,discovery,warm,18,echo_rtt,0.034,ok
d936f8f1353884b10194235108d0a983ef8abc62,iroh_session,discovery,warm,18,echo_rtt,0.026,ok
d936f8f1353884b10194235108d0a983ef8abc62,iroh_session,discovery,warm,18,echo_rtt,0.034,ok
d936f8f1353884b10194235108d0a983ef8abc62,iroh_session,discovery,warm,18,echo_rtt,0.027,ok
d936f8f1353884b10194235108d0a983ef8abc62,iroh_session,discovery,warm,18,echo_rtt,0.076,ok
d936f8f1353884b10194235108d0a983ef8abc62,iroh_session,discovery,warm,18,echo_rtt,0.026,ok
d936f8f1353884b10194235108d0a983ef8abc62,iroh_session,discovery,warm,18,echo_rtt,0.034,ok
d936f8f1353884b10194235108d0a983ef8abc62,iroh_session,discovery,warm,18,echo_rtt,0.026,ok
d936f8f1353884b10194235108d0a983ef8abc62,iroh_session,discovery,warm,18,echo_rtt,0.034,ok
d936f8f1353884b10194235108d0a983ef8abc62,iroh_session,discovery,warm,18,echo_rtt,0.026,ok
d936f8f1353884b10194235108d0a983ef8abc62,iroh_session,discovery,warm,18,echo_rtt,0.037,ok
d936f8f1353884b10194235108d0a983ef8abc62,iroh_session,discovery,warm,18,echo_rtt,0.029,ok
d936f8f1353884b10194235108d0a983ef8abc62,iroh_session,discovery,warm,18,echo_rtt,0.035,ok
d936f8f1353884b10194235108d0a983ef8abc62,iroh_session,discovery,warm,18,echo_rtt,0.026,ok
d936f8f1353884b10194235108d0a983ef8abc62,iroh_session,discovery,warm,18,echo_rtt,0.034,ok
d936f8f1353884b10194235108d0a983ef8abc62,iroh_session,discovery,warm,18,echo_rtt,0.026,ok
d936f8f1353884b10194235108d0a983ef8abc62,iroh_session,discovery,warm,18,echo_rtt,0.034,ok
d936f8f1353884b10194235108d0a983ef8abc62,iroh_session,discovery,warm,18,echo_rtt,0.026,ok
d936f8f1353884b10194235108d0a983ef8abc62,iroh_session,discovery,warm,18,echo_rtt,0.034,ok
d936f8f1353884b10194235108d0a983ef8abc62,iroh_session,discovery,warm,19,stream_open,0.050,ok
d936f8f1353884b10194235108d0a983ef8abc62,iroh_session,discovery,warm,19,echo_rtt,0.032,ok
d936f8f1353884b10194235108d0a983ef8abc62,iroh_session,discovery,warm,19,echo_rtt,0.032,ok
d936f8f1353884b10194235108d0a983ef8abc62,iroh_session,discovery,warm,19,echo_rtt,0.029,ok
d936f8f1353884b10194235108d0a983ef8abc62,iroh_session,discovery,warm,19,echo_rtt,0.029,ok
d936f8f1353884b10194235108d0a983ef8abc62,iroh_session,discovery,warm,19,echo_rtt,0.028,ok
d936f8f1353884b10194235108d0a983ef8abc62,iroh_session,discovery,warm,19,echo_rtt,0.029,ok
d936f8f1353884b10194235108d0a983ef8abc62,iroh_session,discovery,warm,19,echo_rtt,0.029,ok
d936f8f1353884b10194235108d0a983ef8abc62,iroh_session,discovery,warm,19,echo_rtt,0.030,ok
d936f8f1353884b10194235108d0a983ef8abc62,iroh_session,discovery,warm,19,echo_rtt,0.029,ok
d936f8f1353884b10194235108d0a983ef8abc62,iroh_session,discovery,warm,19,echo_rtt,0.030,ok
d936f8f1353884b10194235108d0a983ef8abc62,iroh_session,discovery,warm,19,echo_rtt,0.039,ok
d936f8f1353884b10194235108d0a983ef8abc62,iroh_session,discovery,warm,19,echo_rtt,0.040,ok
d936f8f1353884b10194235108d0a983ef8abc62,iroh_session,discovery,warm,19,echo_rtt,0.032,ok
d936f8f1353884b10194235108d0a983ef8abc62,iroh_session,discovery,warm,19,echo_rtt,0.033,ok
d936f8f1353884b10194235108d0a983ef8abc62,iroh_session,discovery,warm,19,echo_rtt,0.031,ok
d936f8f1353884b10194235108d0a983ef8abc62,iroh_session,discovery,warm,19,echo_rtt,0.032,ok
d936f8f1353884b10194235108d0a983ef8abc62,iroh_session,discovery,warm,19,echo_rtt,0.030,ok
d936f8f1353884b10194235108d0a983ef8abc62,iroh_session,discovery,warm,19,echo_rtt,0.032,ok
d936f8f1353884b10194235108d0a983ef8abc62,iroh_session,discovery,warm,19,echo_rtt,0.031,ok
d936f8f1353884b10194235108d0a983ef8abc62,iroh_session,discovery,warm,19,echo_rtt,0.032,ok
d936f8f1353884b10194235108d0a983ef8abc62,iroh_session,discovery,warm,20,stream_open,0.066,ok
d936f8f1353884b10194235108d0a983ef8abc62,iroh_session,discovery,warm,20,echo_rtt,0.030,ok
d936f8f1353884b10194235108d0a983ef8abc62,iroh_session,discovery,warm,20,echo_rtt,0.035,ok
d936f8f1353884b10194235108d0a983ef8abc62,iroh_session,discovery,warm,20,echo_rtt,0.026,ok
d936f8f1353884b10194235108d0a983ef8abc62,iroh_session,discovery,warm,20,echo_rtt,0.035,ok
d936f8f1353884b10194235108d0a983ef8abc62,iroh_session,discovery,warm,20,echo_rtt,0.031,ok
d936f8f1353884b10194235108d0a983ef8abc62,iroh_session,discovery,warm,20,echo_rtt,0.035,ok
d936f8f1353884b10194235108d0a983ef8abc62,iroh_session,discovery,warm,20,echo_rtt,0.027,ok
d936f8f1353884b10194235108d0a983ef8abc62,iroh_session,discovery,warm,20,echo_rtt,0.034,ok
d936f8f1353884b10194235108d0a983ef8abc62,iroh_session,discovery,warm,20,echo_rtt,0.026,ok
d936f8f1353884b10194235108d0a983ef8abc62,iroh_session,discovery,warm,20,echo_rtt,0.037,ok
d936f8f1353884b10194235108d0a983ef8abc62,iroh_session,discovery,warm,20,echo_rtt,0.026,ok
d936f8f1353884b10194235108d0a983ef8abc62,iroh_session,discovery,warm,20,echo_rtt,0.035,ok
d936f8f1353884b10194235108d0a983ef8abc62,iroh_session,discovery,warm,20,echo_rtt,0.028,ok
d936f8f1353884b10194235108d0a983ef8abc62,iroh_session,discovery,warm,20,echo_rtt,0.037,ok
d936f8f1353884b10194235108d0a983ef8abc62,iroh_session,discovery,warm,20,echo_rtt,0.027,ok
d936f8f1353884b10194235108d0a983ef8abc62,iroh_session,discovery,warm,20,echo_rtt,0.037,ok
d936f8f1353884b10194235108d0a983ef8abc62,iroh_session,discovery,warm,20,echo_rtt,0.027,ok
d936f8f1353884b10194235108d0a983ef8abc62,iroh_session,discovery,warm,20,echo_rtt,0.037,ok
d936f8f1353884b10194235108d0a983ef8abc62,iroh_session,discovery,warm,20,echo_rtt,0.028,ok
d936f8f1353884b10194235108d0a983ef8abc62,iroh_session,discovery,warm,20,echo_rtt,0.039,ok
