rev,workload,condition,cache,sample,boundary,ms,status
367e50cb992fba8a2eea5de6d39455c76d82d87b,broker_ready,default,cold,0,process_ready,3120.202,ok
367e50cb992fba8a2eea5de6d39455c76d82d87b,broker_ready,default,cold,0,process_ready,3121.194,ok
367e50cb992fba8a2eea5de6d39455c76d82d87b,broker_ready,default,cold,0,process_ready,3126.368,ok
367e50cb992fba8a2eea5de6d39455c76d82d87b,broker_ready,default,cold,0,process_ready,3120.656,ok
367e50cb992fba8a2eea5de6d39455c76d82d87b,broker_ready,default,cold,0,process_ready,3119.373,ok
367e50cb992fba8a2eea5de6d39455c76d82d87b,broker_ready,default,cold,0,process_ready,3126.297,ok
367e50cb992fba8a2eea5de6d39455c76d82d87b,broker_ready,default,cold,0,process_ready,3120.242,ok
367e50cb992fba8a2eea5de6d39455c76d82d87b,broker_ready,default,cold,0,process_ready,3120.487,ok
367e50cb992fba8a2eea5de6d39455c76d82d87b,broker_ready,default,cold,0,process_ready,3127.723,ok
367e50cb992fba8a2eea5de6d39455c76d82d87b,broker_ready,default,cold,0,process_ready,3121.850,ok
367e50cb992fba8a2eea5de6d39455c76d82d87b,broker_ready,default,cold,0,process_ready,3121.365,ok
367e50cb992fba8a2eea5de6d39455c76d82d87b,broker_ready,default,cold,0,process_ready,3121.215,ok
367e50cb992fba8a2eea5de6d39455c76d82d87b,broker_ready,default,cold,0,process_ready,3133.819,ok
367e50cb992fba8a2eea5de6d39455c76d82d87b,broker_ready,default,cold,0,process_ready,3121.104,ok
367e50cb992fba8a2eea5de6d39455c76d82d87b,broker_ready,default,cold,0,process_ready,3119.707,ok
367e50cb992fba8a2eea5de6d39455c76d82d87b,broker_ready,default,cold,0,process_ready,3127.124,ok
367e50cb992fba8a2eea5de6d39455c76d82d87b,broker_ready,default,cold,0,process_ready,3126.849,ok
367e50cb992fba8a2eea5de6d39455c76d82d87b,broker_ready,default,cold,0,process_ready,3120.353,ok
367e50cb992fba8a2eea5de6d39455c76d82d87b,broker_ready,default,cold,0,process_ready,3127.307,ok
367e50cb992fba8a2eea5de6d39455c76d82d87b,broker_ready,default,cold,0,process_ready,3121.876,ok
367e50cb992fba8a2eea5de6d39455c76d82d87b,broker_ready,default,cold,0,process_ready,3121.679,ok
367e50cb992fba8a2eea5de6d39455c76d82d87b,broker_ready,default,warm,1,process_ready,3121.917,ok
367e50cb992fba8a2eea5de6d39455c76d82d87b,broker_ready,default,warm,2,process_ready,3127.085,ok
367e50cb992fba8a2eea5de6d39455c76d82d87b,broker_ready,default,warm,3,process_ready,3119.706,ok
367e50cb992fba8a2eea5de6d39455c76d82d87b,broker_ready,default,warm,4,process_ready,3123.079,ok
367e50cb992fba8a2eea5de6d39455c76d82d87b,broker_ready,default,warm,5,process_ready,3122.418,ok
367e50cb992fba8a2eea5de6d39455c76d82d87b,broker_ready,default,warm,6,process_ready,3126.929,ok
367e50cb992fba8a2eea5de6d39455c76d82d87b,broker_ready,default,warm,7,process_ready,3119.541,ok
367e50cb992fba8a2eea5de6d39455c76d82d87b,broker_ready,default,warm,8,process_ready,3121.195,ok
367e50cb992fba8a2eea5de6d39455c76d82d87b,broker_ready,default,warm,9,process_ready,3122.690,ok
367e50cb992fba8a2eea5de6d39455c76d82d87b,broker_ready,default,warm,10,process_ready,3126.419,ok
367e50cb992fba8a2eea5de6d39455c76d82d87b,broker_ready,default,warm,11,process_ready,3121.325,ok
367e50cb992fba8a2eea5de6d39455c76d82d87b,broker_ready,default,warm,12,process_ready,3126.634,ok
367e50cb992fba8a2eea5de6d39455c76d82d87b,broker_ready,default,warm,13,process_ready,3121.436,ok
367e50cb992fba8a2eea5de6d39455c76d82d87b,broker_ready,default,warm,14,process_ready,3126.323,ok
367e50cb992fba8a2eea5de6d39455c76d82d87b,broker_ready,default,warm,15,process_ready,3120.767,ok
367e50cb992fba8a2eea5de6d39455c76d82d87b,broker_ready,default,warm,16,process_ready,3122.377,ok
367e50cb992fba8a2eea5de6d39455c76d82d87b,broker_ready,default,warm,17,process_ready,3121.111,ok
367e50cb992fba8a2eea5de6d39455c76d82d87b,broker_ready,default,warm,18,process_ready,3121.359,ok
367e50cb992fba8a2eea5de6d39455c76d82d87b,broker_ready,default,warm,19,process_ready,3121.341,ok
367e50cb992fba8a2eea5de6d39455c76d82d87b,broker_ready,default,warm,20,process_ready,3127.201,ok
367e50cb992fba8a2eea5de6d39455c76d82d87b,iroh_listen,default,cold,0,process_spawn,0.613,ok
367e50cb992fba8a2eea5de6d39455c76d82d87b,iroh_listen,default,cold,0,runtime_start,0.401,ok
367e50cb992fba8a2eea5de6d39455c76d82d87b,iroh_listen,default,cold,0,endpoint_bind,1.406,ok
367e50cb992fba8a2eea5de6d39455c76d82d87b,iroh_listen,default,cold,0,relay_online,3118.976,ok
367e50cb992fba8a2eea5de6d39455c76d82d87b,iroh_listen,default,cold,0,process_spawn,0.745,ok
367e50cb992fba8a2eea5de6d39455c76d82d87b,iroh_listen,default,cold,0,runtime_start,0.460,ok
367e50cb992fba8a2eea5de6d39455c76d82d87b,iroh_listen,default,cold,0,endpoint_bind,1.573,ok
367e50cb992fba8a2eea5de6d39455c76d82d87b,iroh_listen,default,cold,0,relay_online,3117.591,ok
367e50cb992fba8a2eea5de6d39455c76d82d87b,iroh_listen,default,cold,0,process_spawn,0.769,ok
367e50cb992fba8a2eea5de6d39455c76d82d87b,iroh_listen,default,cold,0,runtime_start,0.391,ok
367e50cb992fba8a2eea5de6d39455c76d82d87b,iroh_listen,default,cold,0,endpoint_bind,1.560,ok
367e50cb992fba8a2eea5de6d39455c76d82d87b,iroh_listen,default,cold,0,relay_online,3124.450,ok
367e50cb992fba8a2eea5de6d39455c76d82d87b,iroh_listen,default,cold,0,process_spawn,0.728,ok
367e50cb992fba8a2eea5de6d39455c76d82d87b,iroh_listen,default,cold,0,runtime_start,0.389,ok
367e50cb992fba8a2eea5de6d39455c76d82d87b,iroh_listen,default,cold,0,endpoint_bind,1.494,ok
367e50cb992fba8a2eea5de6d39455c76d82d87b,iroh_listen,default,cold,0,relay_online,3117.299,ok
367e50cb992fba8a2eea5de6d39455c76d82d87b,iroh_listen,default,cold,0,process_spawn,0.711,ok
367e50cb992fba8a2eea5de6d39455c76d82d87b,iroh_listen,default,cold,0,runtime_start,0.394,ok
367e50cb992fba8a2eea5de6d39455c76d82d87b,iroh_listen,default,cold,0,endpoint_bind,1.569,ok
367e50cb992fba8a2eea5de6d39455c76d82d87b,iroh_listen,default,cold,0,relay_online,3123.468,ok
367e50cb992fba8a2eea5de6d39455c76d82d87b,iroh_listen,default,cold,0,process_spawn,0.761,ok
367e50cb992fba8a2eea5de6d39455c76d82d87b,iroh_listen,default,cold,0,runtime_start,0.394,ok
367e50cb992fba8a2eea5de6d39455c76d82d87b,iroh_listen,default,cold,0,endpoint_bind,1.609,ok
367e50cb992fba8a2eea5de6d39455c76d82d87b,iroh_listen,default,cold,0,relay_online,3119.546,ok
367e50cb992fba8a2eea5de6d39455c76d82d87b,iroh_listen,default,cold,0,process_spawn,0.742,ok
367e50cb992fba8a2eea5de6d39455c76d82d87b,iroh_listen,default,cold,0,runtime_start,0.372,ok
367e50cb992fba8a2eea5de6d39455c76d82d87b,iroh_listen,default,cold,0,endpoint_bind,1.642,ok
367e50cb992fba8a2eea5de6d39455c76d82d87b,iroh_listen,default,cold,0,relay_online,3117.042,ok
367e50cb992fba8a2eea5de6d39455c76d82d87b,iroh_listen,default,cold,0,process_spawn,0.735,ok
367e50cb992fba8a2eea5de6d39455c76d82d87b,iroh_listen,default,cold,0,runtime_start,0.410,ok
367e50cb992fba8a2eea5de6d39455c76d82d87b,iroh_listen,default,cold,0,endpoint_bind,1.535,ok
367e50cb992fba8a2eea5de6d39455c76d82d87b,iroh_listen,default,cold,0,relay_online,3118.239,ok
367e50cb992fba8a2eea5de6d39455c76d82d87b,iroh_listen,default,cold,0,process_spawn,0.760,ok
367e50cb992fba8a2eea5de6d39455c76d82d87b,iroh_listen,default,cold,0,runtime_start,0.393,ok
367e50cb992fba8a2eea5de6d39455c76d82d87b,iroh_listen,default,cold,0,endpoint_bind,1.614,ok
367e50cb992fba8a2eea5de6d39455c76d82d87b,iroh_listen,default,cold,0,relay_online,3124.526,ok
367e50cb992fba8a2eea5de6d39455c76d82d87b,iroh_listen,default,cold,0,process_spawn,0.795,ok
367e50cb992fba8a2eea5de6d39455c76d82d87b,iroh_listen,default,cold,0,runtime_start,0.409,ok
367e50cb992fba8a2eea5de6d39455c76d82d87b,iroh_listen,default,cold,0,endpoint_bind,1.455,ok
367e50cb992fba8a2eea5de6d39455c76d82d87b,iroh_listen,default,cold,0,relay_online,3117.426,ok
367e50cb992fba8a2eea5de6d39455c76d82d87b,iroh_listen,default,cold,0,process_spawn,0.728,ok
367e50cb992fba8a2eea5de6d39455c76d82d87b,iroh_listen,default,cold,0,runtime_start,0.375,ok
367e50cb992fba8a2eea5de6d39455c76d82d87b,iroh_listen,default,cold,0,endpoint_bind,1.447,ok
367e50cb992fba8a2eea5de6d39455c76d82d87b,iroh_listen,default,cold,0,relay_online,3124.925,ok
367e50cb992fba8a2eea5de6d39455c76d82d87b,iroh_listen,default,cold,0,process_spawn,0.744,ok
367e50cb992fba8a2eea5de6d39455c76d82d87b,iroh_listen,default,cold,0,runtime_start,0.384,ok
367e50cb992fba8a2eea5de6d39455c76d82d87b,iroh_listen,default,cold,0,endpoint_bind,1.546,ok
367e50cb992fba8a2eea5de6d39455c76d82d87b,iroh_listen,default,cold,0,relay_online,3117.894,ok
367e50cb992fba8a2eea5de6d39455c76d82d87b,iroh_listen,default,cold,0,process_spawn,0.759,ok
367e50cb992fba8a2eea5de6d39455c76d82d87b,iroh_listen,default,cold,0,runtime_start,0.407,ok
367e50cb992fba8a2eea5de6d39455c76d82d87b,iroh_listen,default,cold,0,endpoint_bind,1.546,ok
367e50cb992fba8a2eea5de6d39455c76d82d87b,iroh_listen,default,cold,0,relay_online,3118.512,ok
367e50cb992fba8a2eea5de6d39455c76d82d87b,iroh_listen,default,cold,0,process_spawn,0.727,ok
367e50cb992fba8a2eea5de6d39455c76d82d87b,iroh_listen,default,cold,0,runtime_start,0.404,ok
367e50cb992fba8a2eea5de6d39455c76d82d87b,iroh_listen,default,cold,0,endpoint_bind,1.652,ok
367e50cb992fba8a2eea5de6d39455c76d82d87b,iroh_listen,default,cold,0,relay_online,3124.856,ok
367e50cb992fba8a2eea5de6d39455c76d82d87b,iroh_listen,default,cold,0,process_spawn,0.754,ok
367e50cb992fba8a2eea5de6d39455c76d82d87b,iroh_listen,default,cold,0,runtime_start,0.381,ok
367e50cb992fba8a2eea5de6d39455c76d82d87b,iroh_listen,default,cold,0,endpoint_bind,1.611,ok
367e50cb992fba8a2eea5de6d39455c76d82d87b,iroh_listen,default,cold,0,relay_online,3118.806,ok
367e50cb992fba8a2eea5de6d39455c76d82d87b,iroh_listen,default,cold,0,process_spawn,0.632,ok
367e50cb992fba8a2eea5de6d39455c76d82d87b,iroh_listen,default,cold,0,runtime_start,0.354,ok
367e50cb992fba8a2eea5de6d39455c76d82d87b,iroh_listen,default,cold,0,endpoint_bind,1.600,ok
367e50cb992fba8a2eea5de6d39455c76d82d87b,iroh_listen,default,cold,0,relay_online,3118.470,ok
367e50cb992fba8a2eea5de6d39455c76d82d87b,iroh_listen,default,cold,0,process_spawn,0.734,ok
367e50cb992fba8a2eea5de6d39455c76d82d87b,iroh_listen,default,cold,0,runtime_start,0.389,ok
367e50cb992fba8a2eea5de6d39455c76d82d87b,iroh_listen,default,cold,0,endpoint_bind,1.562,ok
367e50cb992fba8a2eea5de6d39455c76d82d87b,iroh_listen,default,cold,0,relay_online,3124.492,ok
367e50cb992fba8a2eea5de6d39455c76d82d87b,iroh_listen,default,cold,0,process_spawn,0.765,ok
367e50cb992fba8a2eea5de6d39455c76d82d87b,iroh_listen,default,cold,0,runtime_start,0.386,ok
367e50cb992fba8a2eea5de6d39455c76d82d87b,iroh_listen,default,cold,0,endpoint_bind,1.408,ok
367e50cb992fba8a2eea5de6d39455c76d82d87b,iroh_listen,default,cold,0,relay_online,3117.995,ok
367e50cb992fba8a2eea5de6d39455c76d82d87b,iroh_listen,default,cold,0,process_spawn,0.730,ok
367e50cb992fba8a2eea5de6d39455c76d82d87b,iroh_listen,default,cold,0,runtime_start,0.404,ok
367e50cb992fba8a2eea5de6d39455c76d82d87b,iroh_listen,default,cold,0,endpoint_bind,1.521,ok
367e50cb992fba8a2eea5de6d39455c76d82d87b,iroh_listen,default,cold,0,relay_online,3125.311,ok
367e50cb992fba8a2eea5de6d39455c76d82d87b,iroh_listen,default,cold,0,process_spawn,0.738,ok
367e50cb992fba8a2eea5de6d39455c76d82d87b,iroh_listen,default,cold,0,runtime_start,0.392,ok
367e50cb992fba8a2eea5de6d39455c76d82d87b,iroh_listen,default,cold,0,endpoint_bind,1.540,ok
367e50cb992fba8a2eea5de6d39455c76d82d87b,iroh_listen,default,cold,0,relay_online,3118.939,ok
367e50cb992fba8a2eea5de6d39455c76d82d87b,iroh_listen,default,cold,0,process_spawn,0.741,ok
367e50cb992fba8a2eea5de6d39455c76d82d87b,iroh_listen,default,cold,0,runtime_start,0.379,ok
367e50cb992fba8a2eea5de6d39455c76d82d87b,iroh_listen,default,cold,0,endpoint_bind,1.617,ok
367e50cb992fba8a2eea5de6d39455c76d82d87b,iroh_listen,default,cold,0,relay_online,3124.243,ok
367e50cb992fba8a2eea5de6d39455c76d82d87b,iroh_listen,default,warm,1,endpoint_bind,1.510,ok
367e50cb992fba8a2eea5de6d39455c76d82d87b,iroh_listen,default,warm,1,relay_online,3116.666,ok
367e50cb992fba8a2eea5de6d39455c76d82d87b,iroh_listen,default,warm,2,endpoint_bind,1.704,ok
367e50cb992fba8a2eea5de6d39455c76d82d87b,iroh_listen,default,warm,2,relay_online,3124.228,ok
367e50cb992fba8a2eea5de6d39455c76d82d87b,iroh_listen,default,warm,3,endpoint_bind,1.155,ok
367e50cb992fba8a2eea5de6d39455c76d82d87b,iroh_listen,default,warm,3,relay_online,3118.965,ok
367e50cb992fba8a2eea5de6d39455c76d82d87b,iroh_listen,default,warm,4,endpoint_bind,1.150,ok
367e50cb992fba8a2eea5de6d39455c76d82d87b,iroh_listen,default,warm,4,relay_online,3124.581,ok
367e50cb992fba8a2eea5de6d39455c76d82d87b,iroh_listen,default,warm,5,endpoint_bind,1.209,ok
367e50cb992fba8a2eea5de6d39455c76d82d87b,iroh_listen,default,warm,5,relay_online,3123.488,ok
367e50cb992fba8a2eea5de6d39455c76d82d87b,iroh_listen,default,warm,6,endpoint_bind,1.093,ok
367e50cb992fba8a2eea5de6d39455c76d82d87b,iroh_listen,default,warm,6,relay_online,3125.687,ok
367e50cb992fba8a2eea5de6d39455c76d82d87b,iroh_listen,default,warm,7,endpoint_bind,1.233,ok
367e50cb992fba8a2eea5de6d39455c76d82d87b,iroh_listen,default,warm,7,relay_online,3117.900,ok
367e50cb992fba8a2eea5de6d39455c76d82d87b,iroh_listen,default,warm,8,endpoint_bind,1.182,ok
367e50cb992fba8a2eea5de6d39455c76d82d87b,iroh_listen,default,warm,8,relay_online,3117.641,ok
367e50cb992fba8a2eea5de6d39455c76d82d87b,iroh_listen,default,warm,9,endpoint_bind,1.166,ok
367e50cb992fba8a2eea5de6d39455c76d82d87b,iroh_listen,default,warm,9,relay_online,3119.661,ok
367e50cb992fba8a2eea5de6d39455c76d82d87b,iroh_listen,default,warm,10,endpoint_bind,1.158,ok
367e50cb992fba8a2eea5de6d39455c76d82d87b,iroh_listen,default,warm,10,relay_online,3118.233,ok
367e50cb992fba8a2eea5de6d39455c76d82d87b,iroh_listen,default,warm,11,endpoint_bind,1.158,ok
367e50cb992fba8a2eea5de6d39455c76d82d87b,iroh_listen,default,warm,11,relay_online,3125.235,ok
367e50cb992fba8a2eea5de6d39455c76d82d87b,iroh_listen,default,warm,12,endpoint_bind,1.148,ok
367e50cb992fba8a2eea5de6d39455c76d82d87b,iroh_listen,default,warm,12,relay_online,3117.710,ok
367e50cb992fba8a2eea5de6d39455c76d82d87b,iroh_listen,default,warm,13,endpoint_bind,1.196,ok
367e50cb992fba8a2eea5de6d39455c76d82d87b,iroh_listen,default,warm,13,relay_online,3124.746,ok
367e50cb992fba8a2eea5de6d39455c76d82d87b,iroh_listen,default,warm,14,endpoint_bind,1.161,ok
367e50cb992fba8a2eea5de6d39455c76d82d87b,iroh_listen,default,warm,14,relay_online,3118.971,ok
367e50cb992fba8a2eea5de6d39455c76d82d87b,iroh_listen,default,warm,15,endpoint_bind,1.144,ok
367e50cb992fba8a2eea5de6d39455c76d82d87b,iroh_listen,default,warm,15,relay_online,3116.724,ok
367e50cb992fba8a2eea5de6d39455c76d82d87b,iroh_listen,default,warm,16,endpoint_bind,1.131,ok
367e50cb992fba8a2eea5de6d39455c76d82d87b,iroh_listen,default,warm,16,relay_online,3124.391,ok
367e50cb992fba8a2eea5de6d39455c76d82d87b,iroh_listen,default,warm,17,endpoint_bind,1.262,ok
367e50cb992fba8a2eea5de6d39455c76d82d87b,iroh_listen,default,warm,17,relay_online,3124.351,ok
367e50cb992fba8a2eea5de6d39455c76d82d87b,iroh_listen,default,warm,18,endpoint_bind,1.212,ok
367e50cb992fba8a2eea5de6d39455c76d82d87b,iroh_listen,default,warm,18,relay_online,3117.393,ok
367e50cb992fba8a2eea5de6d39455c76d82d87b,iroh_listen,default,warm,19,endpoint_bind,1.178,ok
367e50cb992fba8a2eea5de6d39455c76d82d87b,iroh_listen,default,warm,19,relay_online,3119.117,ok
367e50cb992fba8a2eea5de6d39455c76d82d87b,iroh_listen,default,warm,20,endpoint_bind,1.173,ok
367e50cb992fba8a2eea5de6d39455c76d82d87b,iroh_listen,default,warm,20,relay_online,3123.696,ok
367e50cb992fba8a2eea5de6d39455c76d82d87b,iroh_listen,relay,cold,0,process_spawn,0.696,ok
367e50cb992fba8a2eea5de6d39455c76d82d87b,iroh_listen,relay,cold,0,runtime_start,0.349,ok
367e50cb992fba8a2eea5de6d39455c76d82d87b,iroh_listen,relay,cold,0,endpoint_bind,1.437,ok
367e50cb992fba8a2eea5de6d39455c76d82d87b,iroh_listen,relay,cold,0,relay_online,1426.115,ok
367e50cb992fba8a2eea5de6d39455c76d82d87b,iroh_listen,relay,cold,0,process_spawn,0.753,ok
367e50cb992fba8a2eea5de6d39455c76d82d87b,iroh_listen,relay,cold,0,runtime_start,0.417,ok
367e50cb992fba8a2eea5de6d39455c76d82d87b,iroh_listen,relay,cold,0,endpoint_bind,1.635,ok
367e50cb992fba8a2eea5de6d39455c76d82d87b,iroh_listen,relay,cold,0,relay_online,1343.382,ok
367e50cb992fba8a2eea5de6d39455c76d82d87b,iroh_listen,relay,cold,0,process_spawn,0.759,ok
367e50cb992fba8a2eea5de6d39455c76d82d87b,iroh_listen,relay,cold,0,runtime_start,0.407,ok
367e50cb992fba8a2eea5de6d39455c76d82d87b,iroh_listen,relay,cold,0,endpoint_bind,1.652,ok
367e50cb992fba8a2eea5de6d39455c76d82d87b,iroh_listen,relay,cold,0,relay_online,1369.325,ok
367e50cb992fba8a2eea5de6d39455c76d82d87b,iroh_listen,relay,cold,0,process_spawn,0.719,ok
367e50cb992fba8a2eea5de6d39455c76d82d87b,iroh_listen,relay,cold,0,runtime_start,0.394,ok
367e50cb992fba8a2eea5de6d39455c76d82d87b,iroh_listen,relay,cold,0,endpoint_bind,1.418,ok
367e50cb992fba8a2eea5de6d39455c76d82d87b,iroh_listen,relay,cold,0,relay_online,1342.574,ok
367e50cb992fba8a2eea5de6d39455c76d82d87b,iroh_listen,relay,cold,0,process_spawn,0.777,ok
367e50cb992fba8a2eea5de6d39455c76d82d87b,iroh_listen,relay,cold,0,runtime_start,0.396,ok
367e50cb992fba8a2eea5de6d39455c76d82d87b,iroh_listen,relay,cold,0,endpoint_bind,1.472,ok
367e50cb992fba8a2eea5de6d39455c76d82d87b,iroh_listen,relay,cold,0,relay_online,1395.960,ok
367e50cb992fba8a2eea5de6d39455c76d82d87b,iroh_listen,relay,cold,0,process_spawn,0.729,ok
367e50cb992fba8a2eea5de6d39455c76d82d87b,iroh_listen,relay,cold,0,runtime_start,0.406,ok
367e50cb992fba8a2eea5de6d39455c76d82d87b,iroh_listen,relay,cold,0,endpoint_bind,1.476,ok
367e50cb992fba8a2eea5de6d39455c76d82d87b,iroh_listen,relay,cold,0,relay_online,1367.683,ok
367e50cb992fba8a2eea5de6d39455c76d82d87b,iroh_listen,relay,cold,0,process_spawn,0.776,ok
367e50cb992fba8a2eea5de6d39455c76d82d87b,iroh_listen,relay,cold,0,runtime_start,0.388,ok
367e50cb992fba8a2eea5de6d39455c76d82d87b,iroh_listen,relay,cold,0,endpoint_bind,1.504,ok
367e50cb992fba8a2eea5de6d39455c76d82d87b,iroh_listen,relay,cold,0,relay_online,1337.922,ok
367e50cb992fba8a2eea5de6d39455c76d82d87b,iroh_listen,relay,cold,0,process_spawn,0.732,ok
367e50cb992fba8a2eea5de6d39455c76d82d87b,iroh_listen,relay,cold,0,runtime_start,0.390,ok
367e50cb992fba8a2eea5de6d39455c76d82d87b,iroh_listen,relay,cold,0,endpoint_bind,1.507,ok
367e50cb992fba8a2eea5de6d39455c76d82d87b,iroh_listen,relay,cold,0,relay_online,1372.218,ok
367e50cb992fba8a2eea5de6d39455c76d82d87b,iroh_listen,relay,cold,0,process_spawn,0.745,ok
367e50cb992fba8a2eea5de6d39455c76d82d87b,iroh_listen,relay,cold,0,runtime_start,0.449,ok
367e50cb992fba8a2eea5de6d39455c76d82d87b,iroh_listen,relay,cold,0,endpoint_bind,1.501,ok
367e50cb992fba8a2eea5de6d39455c76d82d87b,iroh_listen,relay,cold,0,relay_online,1340.072,ok
367e50cb992fba8a2eea5de6d39455c76d82d87b,iroh_listen,relay,cold,0,process_spawn,0.756,ok
367e50cb992fba8a2eea5de6d39455c76d82d87b,iroh_listen,relay,cold,0,runtime_start,0.407,ok
367e50cb992fba8a2eea5de6d39455c76d82d87b,iroh_listen,relay,cold,0,endpoint_bind,1.599,ok
367e50cb992fba8a2eea5de6d39455c76d82d87b,iroh_listen,relay,cold,0,relay_online,1428.981,ok
367e50cb992fba8a2eea5de6d39455c76d82d87b,iroh_listen,relay,cold,0,process_spawn,0.754,ok
367e50cb992fba8a2eea5de6d39455c76d82d87b,iroh_listen,relay,cold,0,runtime_start,0.481,ok
367e50cb992fba8a2eea5de6d39455c76d82d87b,iroh_listen,relay,cold,0,endpoint_bind,1.562,ok
367e50cb992fba8a2eea5de6d39455c76d82d87b,iroh_listen,relay,cold,0,relay_online,1374.704,ok
367e50cb992fba8a2eea5de6d39455c76d82d87b,iroh_listen,relay,cold,0,process_spawn,0.723,ok
367e50cb992fba8a2eea5de6d39455c76d82d87b,iroh_listen,relay,cold,0,runtime_start,0.410,ok
367e50cb992fba8a2eea5de6d39455c76d82d87b,iroh_listen,relay,cold,0,endpoint_bind,1.710,ok
367e50cb992fba8a2eea5de6d39455c76d82d87b,iroh_listen,relay,cold,0,relay_online,1342.727,ok
367e50cb992fba8a2eea5de6d39455c76d82d87b,iroh_listen,relay,cold,0,process_spawn,0.750,ok
367e50cb992fba8a2eea5de6d39455c76d82d87b,iroh_listen,relay,cold,0,runtime_start,0.428,ok
367e50cb992fba8a2eea5de6d39455c76d82d87b,iroh_listen,relay,cold,0,endpoint_bind,1.691,ok
367e50cb992fba8a2eea5de6d39455c76d82d87b,iroh_listen,relay,cold,0,relay_online,1407.978,ok
367e50cb992fba8a2eea5de6d39455c76d82d87b,iroh_listen,relay,cold,0,process_spawn,0.730,ok
367e50cb992fba8a2eea5de6d39455c76d82d87b,iroh_listen,relay,cold,0,runtime_start,0.395,ok
367e50cb992fba8a2eea5de6d39455c76d82d87b,iroh_listen,relay,cold,0,endpoint_bind,1.693,ok
367e50cb992fba8a2eea5de6d39455c76d82d87b,iroh_listen,relay,cold,0,relay_online,1342.731,ok
367e50cb992fba8a2eea5de6d39455c76d82d87b,iroh_listen,relay,cold,0,process_spawn,0.610,ok
367e50cb992fba8a2eea5de6d39455c76d82d87b,iroh_listen,relay,cold,0,runtime_start,0.360,ok
367e50cb992fba8a2eea5de6d39455c76d82d87b,iroh_listen,relay,cold,0,endpoint_bind,1.666,ok
367e50cb992fba8a2eea5de6d39455c76d82d87b,iroh_listen,relay,cold,0,relay_online,1335.273,ok
367e50cb992fba8a2eea5de6d39455c76d82d87b,iroh_listen,relay,cold,0,process_spawn,0.747,ok
367e50cb992fba8a2eea5de6d39455c76d82d87b,iroh_listen,relay,cold,0,runtime_start,0.411,ok
367e50cb992fba8a2eea5de6d39455c76d82d87b,iroh_listen,relay,cold,0,endpoint_bind,1.669,ok
367e50cb992fba8a2eea5de6d39455c76d82d87b,iroh_listen,relay,cold,0,relay_online,1369.297,ok
367e50cb992fba8a2eea5de6d39455c76d82d87b,iroh_listen,relay,cold,0,process_spawn,0.754,ok
367e50cb992fba8a2eea5de6d39455c76d82d87b,iroh_listen,relay,cold,0,runtime_start,0.410,ok
367e50cb992fba8a2eea5de6d39455c76d82d87b,iroh_listen,relay,cold,0,endpoint_bind,1.573,ok
367e50cb992fba8a2eea5de6d39455c76d82d87b,iroh_listen,relay,cold,0,relay_online,1369.605,ok
367e50cb992fba8a2eea5de6d39455c76d82d87b,iroh_listen,relay,cold,0,process_spawn,0.727,ok
367e50cb992fba8a2eea5de6d39455c76d82d87b,iroh_listen,relay,cold,0,runtime_start,0.395,ok
367e50cb992fba8a2eea5de6d39455c76d82d87b,iroh_listen,relay,cold,0,endpoint_bind,1.446,ok
367e50cb992fba8a2eea5de6d39455c76d82d87b,iroh_listen,relay,cold,0,relay_online,1342.811,ok
367e50cb992fba8a2eea5de6d39455c76d82d87b,iroh_listen,relay,cold,0,process_spawn,0.744,ok
367e50cb992fba8a2eea5de6d39455c76d82d87b,iroh_listen,relay,cold,0,runtime_start,0.396,ok
367e50cb992fba8a2eea5de6d39455c76d82d87b,iroh_listen,relay,cold,0,endpoint_bind,1.484,ok
367e50cb992fba8a2eea5de6d39455c76d82d87b,iroh_listen,relay,cold,0,relay_online,1340.579,ok
367e50cb992fba8a2eea5de6d39455c76d82d87b,iroh_listen,relay,cold,0,process_spawn,0.732,ok
367e50cb992fba8a2eea5de6d39455c76d82d87b,iroh_listen,relay,cold,0,runtime_start,0.454,ok
367e50cb992fba8a2eea5de6d39455c76d82d87b,iroh_listen,relay,cold,0,endpoint_bind,1.599,ok
367e50cb992fba8a2eea5de6d39455c76d82d87b,iroh_listen,relay,cold,0,relay_online,1365.477,ok
367e50cb992fba8a2eea5de6d39455c76d82d87b,iroh_listen,relay,cold,0,process_spawn,0.643,ok
367e50cb992fba8a2eea5de6d39455c76d82d87b,iroh_listen,relay,cold,0,runtime_start,0.350,ok
367e50cb992fba8a2eea5de6d39455c76d82d87b,iroh_listen,relay,cold,0,endpoint_bind,1.503,ok
367e50cb992fba8a2eea5de6d39455c76d82d87b,iroh_listen,relay,cold,0,relay_online,1342.519,ok
367e50cb992fba8a2eea5de6d39455c76d82d87b,iroh_listen,relay,warm,1,endpoint_bind,0.941,ok
367e50cb992fba8a2eea5de6d39455c76d82d87b,iroh_listen,relay,warm,1,relay_online,1366.432,ok
367e50cb992fba8a2eea5de6d39455c76d82d87b,iroh_listen,relay,warm,2,endpoint_bind,1.024,ok
367e50cb992fba8a2eea5de6d39455c76d82d87b,iroh_listen,relay,warm,2,relay_online,1402.757,ok
367e50cb992fba8a2eea5de6d39455c76d82d87b,iroh_listen,relay,warm,3,endpoint_bind,0.964,ok
367e50cb992fba8a2eea5de6d39455c76d82d87b,iroh_listen,relay,warm,3,relay_online,1343.005,ok
367e50cb992fba8a2eea5de6d39455c76d82d87b,iroh_listen,relay,warm,4,endpoint_bind,1.093,ok
367e50cb992fba8a2eea5de6d39455c76d82d87b,iroh_listen,relay,warm,4,relay_online,1370.350,ok
367e50cb992fba8a2eea5de6d39455c76d82d87b,iroh_listen,relay,warm,5,endpoint_bind,0.966,ok
367e50cb992fba8a2eea5de6d39455c76d82d87b,iroh_listen,relay,warm,5,relay_online,1335.890,ok
367e50cb992fba8a2eea5de6d39455c76d82d87b,iroh_listen,relay,warm,6,endpoint_bind,0.995,ok
367e50cb992fba8a2eea5de6d39455c76d82d87b,iroh_listen,relay,warm,6,relay_online,1398.712,ok
367e50cb992fba8a2eea5de6d39455c76d82d87b,iroh_listen,relay,warm,7,endpoint_bind,0.956,ok
367e50cb992fba8a2eea5de6d39455c76d82d87b,iroh_listen,relay,warm,7,relay_online,1406.448,ok
367e50cb992fba8a2eea5de6d39455c76d82d87b,iroh_listen,relay,warm,8,endpoint_bind,0.970,ok
367e50cb992fba8a2eea5de6d39455c76d82d87b,iroh_listen,relay,warm,8,relay_online,1342.323,ok
367e50cb992fba8a2eea5de6d39455c76d82d87b,iroh_listen,relay,warm,9,endpoint_bind,0.990,ok
367e50cb992fba8a2eea5de6d39455c76d82d87b,iroh_listen,relay,warm,9,relay_online,1366.545,ok
367e50cb992fba8a2eea5de6d39455c76d82d87b,iroh_listen,relay,warm,10,endpoint_bind,0.918,ok
367e50cb992fba8a2eea5de6d39455c76d82d87b,iroh_listen,relay,warm,10,relay_online,1343.277,ok
367e50cb992fba8a2eea5de6d39455c76d82d87b,iroh_listen,relay,warm,11,endpoint_bind,1.088,ok
367e50cb992fba8a2eea5de6d39455c76d82d87b,iroh_listen,relay,warm,11,relay_online,1368.486,ok
367e50cb992fba8a2eea5de6d39455c76d82d87b,iroh_listen,relay,warm,12,endpoint_bind,0.920,ok
367e50cb992fba8a2eea5de6d39455c76d82d87b,iroh_listen,relay,warm,12,relay_online,1410.497,ok
367e50cb992fba8a2eea5de6d39455c76d82d87b,iroh_listen,relay,warm,13,endpoint_bind,1.060,ok
367e50cb992fba8a2eea5de6d39455c76d82d87b,iroh_listen,relay,warm,13,relay_online,1375.029,ok
367e50cb992fba8a2eea5de6d39455c76d82d87b,iroh_listen,relay,warm,14,endpoint_bind,0.954,ok
367e50cb992fba8a2eea5de6d39455c76d82d87b,iroh_listen,relay,warm,14,relay_online,1368.957,ok
367e50cb992fba8a2eea5de6d39455c76d82d87b,iroh_listen,relay,warm,15,endpoint_bind,1.064,ok
367e50cb992fba8a2eea5de6d39455c76d82d87b,iroh_listen,relay,warm,15,relay_online,1334.489,ok
367e50cb992fba8a2eea5de6d39455c76d82d87b,iroh_listen,relay,warm,16,endpoint_bind,0.912,ok
367e50cb992fba8a2eea5de6d39455c76d82d87b,iroh_listen,relay,warm,16,relay_online,1369.552,ok
367e50cb992fba8a2eea5de6d39455c76d82d87b,iroh_listen,relay,warm,17,endpoint_bind,0.940,ok
367e50cb992fba8a2eea5de6d39455c76d82d87b,iroh_listen,relay,warm,17,relay_online,1337.258,ok
367e50cb992fba8a2eea5de6d39455c76d82d87b,iroh_listen,relay,warm,18,endpoint_bind,1.060,ok
367e50cb992fba8a2eea5de6d39455c76d82d87b,iroh_listen,relay,warm,18,relay_online,1422.349,ok
367e50cb992fba8a2eea5de6d39455c76d82d87b,iroh_listen,relay,warm,19,endpoint_bind,0.985,ok
367e50cb992fba8a2eea5de6d39455c76d82d87b,iroh_listen,relay,warm,19,relay_online,1377.283,ok
367e50cb992fba8a2eea5de6d39455c76d82d87b,iroh_listen,relay,warm,20,endpoint_bind,0.958,ok
367e50cb992fba8a2eea5de6d39455c76d82d87b,iroh_listen,relay,warm,20,relay_online,1336.850,ok
367e50cb992fba8a2eea5de6d39455c76d82d87b,seer_listen,default,cold,0,process_spawn,0.739,ok
367e50cb992fba8a2eea5de6d39455c76d82d87b,seer_listen,default,cold,0,seer_listen_ready,3118.834,ok
367e50cb992fba8a2eea5de6d39455c76d82d87b,seer_listen,default,cold,0,process_spawn,0.650,ok
367e50cb992fba8a2eea5de6d39455c76d82d87b,seer_listen,default,cold,0,seer_listen_ready,3125.722,ok
367e50cb992fba8a2eea5de6d39455c76d82d87b,seer_listen,default,cold,0,process_spawn,0.700,ok
367e50cb992fba8a2eea5de6d39455c76d82d87b,seer_listen,default,cold,0,seer_listen_ready,3119.590,ok
367e50cb992fba8a2eea5de6d39455c76d82d87b,seer_listen,default,cold,0,process_spawn,0.633,ok
367e50cb992fba8a2eea5de6d39455c76d82d87b,seer_listen,default,cold,0,seer_listen_ready,3120.110,ok
367e50cb992fba8a2eea5de6d39455c76d82d87b,seer_listen,default,cold,0,process_spawn,0.620,ok
367e50cb992fba8a2eea5de6d39455c76d82d87b,seer_listen,default,cold,0,seer_listen_ready,3119.191,ok
367e50cb992fba8a2eea5de6d39455c76d82d87b,seer_listen,default,cold,0,process_spawn,0.631,ok
367e50cb992fba8a2eea5de6d39455c76d82d87b,seer_listen,default,cold,0,seer_listen_ready,3119.694,ok
367e50cb992fba8a2eea5de6d39455c76d82d87b,seer_listen,default,cold,0,process_spawn,0.646,ok
367e50cb992fba8a2eea5de6d39455c76d82d87b,seer_listen,default,cold,0,seer_listen_ready,3118.947,ok
367e50cb992fba8a2eea5de6d39455c76d82d87b,seer_listen,default,cold,0,process_spawn,0.691,ok
367e50cb992fba8a2eea5de6d39455c76d82d87b,seer_listen,default,cold,0,seer_listen_ready,3126.182,ok
367e50cb992fba8a2eea5de6d39455c76d82d87b,seer_listen,default,cold,0,process_spawn,0.649,ok
367e50cb992fba8a2eea5de6d39455c76d82d87b,seer_listen,default,cold,0,seer_listen_ready,3119.795,ok
367e50cb992fba8a2eea5de6d39455c76d82d87b,seer_listen,default,cold,0,process_spawn,0.662,ok
367e50cb992fba8a2eea5de6d39455c76d82d87b,seer_listen,default,cold,0,seer_listen_ready,3126.369,ok
367e50cb992fba8a2eea5de6d39455c76d82d87b,seer_listen,default,cold,0,process_spawn,0.636,ok
367e50cb992fba8a2eea5de6d39455c76d82d87b,seer_listen,default,cold,0,seer_listen_ready,3125.440,ok
367e50cb992fba8a2eea5de6d39455c76d82d87b,seer_listen,default,cold,0,process_spawn,0.625,ok
367e50cb992fba8a2eea5de6d39455c76d82d87b,seer_listen,default,cold,0,seer_listen_ready,3119.678,ok
367e50cb992fba8a2eea5de6d39455c76d82d87b,seer_listen,default,cold,0,process_spawn,0.641,ok
367e50cb992fba8a2eea5de6d39455c76d82d87b,seer_listen,default,cold,0,seer_listen_ready,3125.603,ok
367e50cb992fba8a2eea5de6d39455c76d82d87b,seer_listen,default,cold,0,process_spawn,0.650,ok
367e50cb992fba8a2eea5de6d39455c76d82d87b,seer_listen,default,cold,0,seer_listen_ready,3119.832,ok
367e50cb992fba8a2eea5de6d39455c76d82d87b,seer_listen,default,cold,0,process_spawn,0.744,ok
367e50cb992fba8a2eea5de6d39455c76d82d87b,seer_listen,default,cold,0,seer_listen_ready,3126.125,ok
367e50cb992fba8a2eea5de6d39455c76d82d87b,seer_listen,default,cold,0,process_spawn,0.795,ok
367e50cb992fba8a2eea5de6d39455c76d82d87b,seer_listen,default,cold,0,seer_listen_ready,3120.844,ok
367e50cb992fba8a2eea5de6d39455c76d82d87b,seer_listen,default,cold,0,process_spawn,0.713,ok
367e50cb992fba8a2eea5de6d39455c76d82d87b,seer_listen,default,cold,0,seer_listen_ready,3119.069,ok
367e50cb992fba8a2eea5de6d39455c76d82d87b,seer_listen,default,cold,0,process_spawn,0.680,ok
367e50cb992fba8a2eea5de6d39455c76d82d87b,seer_listen,default,cold,0,seer_listen_ready,3126.410,ok
367e50cb992fba8a2eea5de6d39455c76d82d87b,seer_listen,default,cold,0,process_spawn,0.615,ok
367e50cb992fba8a2eea5de6d39455c76d82d87b,seer_listen,default,cold,0,seer_listen_ready,3125.656,ok
367e50cb992fba8a2eea5de6d39455c76d82d87b,seer_listen,default,cold,0,process_spawn,0.745,ok
367e50cb992fba8a2eea5de6d39455c76d82d87b,seer_listen,default,cold,0,seer_listen_ready,3120.119,ok
367e50cb992fba8a2eea5de6d39455c76d82d87b,seer_listen,default,cold,0,process_spawn,0.704,ok
367e50cb992fba8a2eea5de6d39455c76d82d87b,seer_listen,default,cold,0,seer_listen_ready,3118.728,ok
367e50cb992fba8a2eea5de6d39455c76d82d87b,seer_listen,default,warm,1,seer_listen_ready,3125.611,ok
367e50cb992fba8a2eea5de6d39455c76d82d87b,seer_listen,default,warm,2,seer_listen_ready,3127.110,ok
367e50cb992fba8a2eea5de6d39455c76d82d87b,seer_listen,default,warm,3,seer_listen_ready,3128.160,ok
367e50cb992fba8a2eea5de6d39455c76d82d87b,seer_listen,default,warm,4,seer_listen_ready,3119.521,ok
367e50cb992fba8a2eea5de6d39455c76d82d87b,seer_listen,default,warm,5,seer_listen_ready,3124.995,ok
367e50cb992fba8a2eea5de6d39455c76d82d87b,seer_listen,default,warm,6,seer_listen_ready,3118.668,ok
367e50cb992fba8a2eea5de6d39455c76d82d87b,seer_listen,default,warm,7,seer_listen_ready,3125.940,ok
367e50cb992fba8a2eea5de6d39455c76d82d87b,seer_listen,default,warm,8,seer_listen_ready,3119.108,ok
367e50cb992fba8a2eea5de6d39455c76d82d87b,seer_listen,default,warm,9,seer_listen_ready,3119.615,ok
367e50cb992fba8a2eea5de6d39455c76d82d87b,seer_listen,default,warm,10,seer_listen_ready,3125.651,ok
367e50cb992fba8a2eea5de6d39455c76d82d87b,seer_listen,default,warm,11,seer_listen_ready,3119.097,ok
367e50cb992fba8a2eea5de6d39455c76d82d87b,seer_listen,default,warm,12,seer_listen_ready,3126.236,ok
367e50cb992fba8a2eea5de6d39455c76d82d87b,seer_listen,default,warm,13,seer_listen_ready,3119.399,ok
367e50cb992fba8a2eea5de6d39455c76d82d87b,seer_listen,default,warm,14,seer_listen_ready,3118.683,ok
367e50cb992fba8a2eea5de6d39455c76d82d87b,seer_listen,default,warm,15,seer_listen_ready,3120.368,ok
367e50cb992fba8a2eea5de6d39455c76d82d87b,seer_listen,default,warm,16,seer_listen_ready,3125.763,ok
367e50cb992fba8a2eea5de6d39455c76d82d87b,seer_listen,default,warm,17,seer_listen_ready,3120.227,ok
367e50cb992fba8a2eea5de6d39455c76d82d87b,seer_listen,default,warm,18,seer_listen_ready,3126.464,ok
367e50cb992fba8a2eea5de6d39455c76d82d87b,seer_listen,default,warm,19,seer_listen_ready,3125.690,ok
367e50cb992fba8a2eea5de6d39455c76d82d87b,seer_listen,default,warm,20,seer_listen_ready,3126.164,ok
367e50cb992fba8a2eea5de6d39455c76d82d87b,iroh_dial,loopback,cold,0,process_spawn,0.597,ok
367e50cb992fba8a2eea5de6d39455c76d82d87b,iroh_dial,loopback,cold,0,runtime_start,0.327,ok
367e50cb992fba8a2eea5de6d39455c76d82d87b,iroh_dial,loopback,cold,0,endpoint_bind,1.494,ok
367e50cb992fba8a2eea5de6d39455c76d82d87b,iroh_dial,loopback,cold,0,address_lookup,0.107,ok
367e50cb992fba8a2eea5de6d39455c76d82d87b,iroh_dial,loopback,cold,0,dial_handshake,0.520,ok
367e50cb992fba8a2eea5de6d39455c76d82d87b,iroh_dial,loopback,cold,0,stream_open,0.537,ok
367e50cb992fba8a2eea5de6d39455c76d82d87b,iroh_dial,loopback,cold,0,echo_rtt,0.251,ok
367e50cb992fba8a2eea5de6d39455c76d82d87b,iroh_dial,loopback,cold,0,echo_rtt,0.287,ok
367e50cb992fba8a2eea5de6d39455c76d82d87b,iroh_dial,loopback,cold,0,echo_rtt,0.176,ok
367e50cb992fba8a2eea5de6d39455c76d82d87b,iroh_dial,loopback,cold,0,echo_rtt,0.121,ok
367e50cb992fba8a2eea5de6d39455c76d82d87b,iroh_dial,loopback,cold,0,echo_rtt,0.100,ok
367e50cb992fba8a2eea5de6d39455c76d82d87b,iroh_dial,loopback,cold,0,echo_rtt,0.077,ok
367e50cb992fba8a2eea5de6d39455c76d82d87b,iroh_dial,loopback,cold,0,echo_rtt,0.055,ok
367e50cb992fba8a2eea5de6d39455c76d82d87b,iroh_dial,loopback,cold,0,echo_rtt,0.039,ok
367e50cb992fba8a2eea5de6d39455c76d82d87b,iroh_dial,loopback,cold,0,echo_rtt,0.040,ok
367e50cb992fba8a2eea5de6d39455c76d82d87b,iroh_dial,loopback,cold,0,echo_rtt,0.028,ok
367e50cb992fba8a2eea5de6d39455c76d82d87b,iroh_dial,loopback,cold,0,echo_rtt,0.035,ok
367e50cb992fba8a2eea5de6d39455c76d82d87b,iroh_dial,loopback,cold,0,echo_rtt,0.027,ok
367e50cb992fba8a2eea5de6d39455c76d82d87b,iroh_dial,loopback,cold,0,echo_rtt,0.037,ok
367e50cb992fba8a2eea5de6d39455c76d82d87b,iroh_dial,loopback,cold,0,echo_rtt,0.026,ok
367e50cb992fba8a2eea5de6d39455c76d82d87b,iroh_dial,loopback,cold,0,echo_rtt,0.036,ok
367e50cb992fba8a2eea5de6d39455c76d82d87b,iroh_dial,loopback,cold,0,echo_rtt,0.026,ok
367e50cb992fba8a2eea5de6d39455c76d82d87b,iroh_dial,loopback,cold,0,echo_rtt,0.061,ok
367e50cb992fba8a2eea5de6d39455c76d82d87b,iroh_dial,loopback,cold,0,echo_rtt,0.038,ok
367e50cb992fba8a2eea5de6d39455c76d82d87b,iroh_dial,loopback,cold,0,echo_rtt,0.038,ok
367e50cb992fba8a2eea5de6d39455c76d82d87b,iroh_dial,loopback,cold,0,echo_rtt,0.029,ok
367e50cb992fba8a2eea5de6d39455c76d82d87b,iroh_dial,loopback,cold,0,process_spawn,0.704,ok
367e50cb992fba8a2eea5de6d39455c76d82d87b,iroh_dial,loopback,cold,0,runtime_start,0.415,ok
367e50cb992fba8a2eea5de6d39455c76d82d87b,iroh_dial,loopback,cold,0,endpoint_bind,1.379,ok
367e50cb992fba8a2eea5de6d39455c76d82d87b,iroh_dial,loopback,cold,0,address_lookup,0.094,ok
367e50cb992fba8a2eea5de6d39455c76d82d87b,iroh_dial,loopback,cold,0,dial_handshake,0.547,ok
367e50cb992fba8a2eea5de6d39455c76d82d87b,iroh_dial,loopback,cold,0,stream_open,0.343,ok
367e50cb992fba8a2eea5de6d39455c76d82d87b,iroh_dial,loopback,cold,0,echo_rtt,0.348,ok
367e50cb992fba8a2eea5de6d39455c76d82d87b,iroh_dial,loopback,cold,0,echo_rtt,0.068,ok
367e50cb992fba8a2eea5de6d39455c76d82d87b,iroh_dial,loopback,cold,0,echo_rtt,0.047,ok
367e50cb992fba8a2eea5de6d39455c76d82d87b,iroh_dial,loopback,cold,0,echo_rtt,0.038,ok
367e50cb992fba8a2eea5de6d39455c76d82d87b,iroh_dial,loopback,cold,0,echo_rtt,0.089,ok
367e50cb992fba8a2eea5de6d39455c76d82d87b,iroh_dial,loopback,cold,0,echo_rtt,0.058,ok
367e50cb992fba8a2eea5de6d39455c76d82d87b,iroh_dial,loopback,cold,0,echo_rtt,0.036,ok
367e50cb992fba8a2eea5de6d39455c76d82d87b,iroh_dial,loopback,cold,0,echo_rtt,0.038,ok
367e50cb992fba8a2eea5de6d39455c76d82d87b,iroh_dial,loopback,cold,0,echo_rtt,0.065,ok
367e50cb992fba8a2eea5de6d39455c76d82d87b,iroh_dial,loopback,cold,0,echo_rtt,0.031,ok
367e50cb992fba8a2eea5de6d39455c76d82d87b,iroh_dial,loopback,cold,0,echo_rtt,0.038,ok
367e50cb992fba8a2eea5de6d39455c76d82d87b,iroh_dial,loopback,cold,0,echo_rtt,0.064,ok
367e50cb992fba8a2eea5de6d39455c76d82d87b,iroh_dial,loopback,cold,0,echo_rtt,0.066,ok
367e50cb992fba8a2eea5de6d39455c76d82d87b,iroh_dial,loopback,cold,0,echo_rtt,0.029,ok
367e50cb992fba8a2eea5de6d39455c76d82d87b,iroh_dial,loopback,cold,0,echo_rtt,0.052,ok
367e50cb992fba8a2eea5de6d39455c76d82d87b,iroh_dial,loopback,cold,0,echo_rtt,0.028,ok
367e50cb992fba8a2eea5de6d39455c76d82d87b,iroh_dial,loopback,cold,0,echo_rtt,0.074,ok
367e50cb992fba8a2eea5de6d39455c76d82d87b,iroh_dial,loopback,cold,0,echo_rtt,0.031,ok
367e50cb992fba8a2eea5de6d39455c76d82d87b,iroh_dial,loopback,cold,0,echo_rtt,0.057,ok
367e50cb992fba8a2eea5de6d39455c76d82d87b,iroh_dial,loopback,cold,0,echo_rtt,0.031,ok
367e50cb992fba8a2eea5de6d39455c76d82d87b,iroh_dial,loopback,cold,0,process_spawn,0.630,ok
367e50cb992fba8a2eea5de6d39455c76d82d87b,iroh_dial,loopback,cold,0,runtime_start,0.363,ok
367e50cb992fba8a2eea5de6d39455c76d82d87b,iroh_dial,loopback,cold,0,endpoint_bind,1.389,ok
367e50cb992fba8a2eea5de6d39455c76d82d87b,iroh_dial,loopback,cold,0,address_lookup,0.099,ok
367e50cb992fba8a2eea5de6d39455c76d82d87b,iroh_dial,loopback,cold,0,dial_handshake,0.552,ok
367e50cb992fba8a2eea5de6d39455c76d82d87b,iroh_dial,loopback,cold,0,stream_open,0.479,ok
367e50cb992fba8a2eea5de6d39455c76d82d87b,iroh_dial,loopback,cold,0,echo_rtt,0.321,ok
367e50cb992fba8a2eea5de6d39455c76d82d87b,iroh_dial,loopback,cold,0,echo_rtt,0.150,ok
367e50cb992fba8a2eea5de6d39455c76d82d87b,iroh_dial,loopback,cold,0,echo_rtt,0.111,ok
367e50cb992fba8a2eea5de6d39455c76d82d87b,iroh_dial,loopback,cold,0,echo_rtt,0.108,ok
367e50cb992fba8a2eea5de6d39455c76d82d87b,iroh_dial,loopback,cold,0,echo_rtt,0.049,ok
367e50cb992fba8a2eea5de6d39455c76d82d87b,iroh_dial,loopback,cold,0,echo_rtt,0.041,ok
367e50cb992fba8a2eea5de6d39455c76d82d87b,iroh_dial,loopback,cold,0,echo_rtt,0.080,ok
367e50cb992fba8a2eea5de6d39455c76d82d87b,iroh_dial,loopback,cold,0,echo_rtt,0.033,ok
367e50cb992fba8a2eea5de6d39455c76d82d87b,iroh_dial,loopback,cold,0,echo_rtt,0.108,ok
367e50cb992fba8a2eea5de6d39455c76d82d87b,iroh_dial,loopback,cold,0,echo_rtt,0.035,ok
367e50cb992fba8a2eea5de6d39455c76d82d87b,iroh_dial,loopback,cold,0,echo_rtt,0.085,ok
367e50cb992fba8a2eea5de6d39455c76d82d87b,iroh_dial,loopback,cold,0,echo_rtt,0.035,ok
367e50cb992fba8a2eea5de6d39455c76d82d87b,iroh_dial,loopback,cold,0,echo_rtt,0.093,ok
367e50cb992fba8a2eea5de6d39455c76d82d87b,iroh_dial,loopback,cold,0,echo_rtt,0.052,ok
367e50cb992fba8a2eea5de6d39455c76d82d87b,iroh_dial,loopback,cold,0,echo_rtt,0.064,ok
367e50cb992fba8a2eea5de6d39455c76d82d87b,iroh_dial,loopback,cold,0,echo_rtt,0.047,ok
367e50cb992fba8a2eea5de6d39455c76d82d87b,iroh_dial,loopback,cold,0,echo_rtt,0.036,ok
367e50cb992fba8a2eea5de6d39455c76d82d87b,iroh_dial,loopback,cold,0,echo_rtt,0.031,ok
367e50cb992fba8a2eea5de6d39455c76d82d87b,iroh_dial,loopback,cold,0,echo_rtt,0.034,ok
367e50cb992fba8a2eea5de6d39455c76d82d87b,iroh_dial,loopback,cold,0,echo_rtt,0.044,ok
367e50cb992fba8a2eea5de6d39455c76d82d87b,iroh_dial,loopback,cold,0,process_spawn,0.645,ok
367e50cb992fba8a2eea5de6d39455c76d82d87b,iroh_dial,loopback,cold,0,runtime_start,0.407,ok
367e50cb992fba8a2eea5de6d39455c76d82d87b,iroh_dial,loopback,cold,0,endpoint_bind,1.528,ok
367e50cb992fba8a2eea5de6d39455c76d82d87b,iroh_dial,loopback,cold,0,address_lookup,0.091,ok
367e50cb992fba8a2eea5de6d39455c76d82d87b,iroh_dial,loopback,cold,0,dial_handshake,0.518,ok
367e50cb992fba8a2eea5de6d39455c76d82d87b,iroh_dial,loopback,cold,0,stream_open,0.418,ok
367e50cb992fba8a2eea5de6d39455c76d82d87b,iroh_dial,loopback,cold,0,echo_rtt,0.586,ok
367e50cb992fba8a2eea5de6d39455c76d82d87b,iroh_dial,loopback,cold,0,echo_rtt,0.163,ok
367e50cb992fba8a2eea5de6d39455c76d82d87b,iroh_dial,loopback,cold,0,echo_rtt,0.102,ok
367e50cb992fba8a2eea5de6d39455c76d82d87b,iroh_dial,loopback,cold,0,echo_rtt,0.066,ok
367e50cb992fba8a2eea5de6d39455c76d82d87b,iroh_dial,loopback,cold,0,echo_rtt,0.049,ok
367e50cb992fba8a2eea5de6d39455c76d82d87b,iroh_dial,loopback,cold,0,echo_rtt,0.115,ok
367e50cb992fba8a2eea5de6d39455c76d82d87b,iroh_dial,loopback,cold,0,echo_rtt,0.044,ok
367e50cb992fba8a2eea5de6d39455c76d82d87b,iroh_dial,loopback,cold,0,echo_rtt,0.091,ok
367e50cb992fba8a2eea5de6d39455c76d82d87b,iroh_dial,loopback,cold,0,echo_rtt,0.052,ok
367e50cb992fba8a2eea5de6d39455c76d82d87b,iroh_dial,loopback,cold,0,echo_rtt,0.029,ok
367e50cb992fba8a2eea5de6d39455c76d82d87b,iroh_dial,loopback,cold,0,echo_rtt,0.037,ok
367e50cb992fba8a2eea5de6d39455c76d82d87b,iroh_dial,loopback,cold,0,echo_rtt,0.026,ok
367e50cb992fba8a2eea5de6d39455c76d82d87b,iroh_dial,loopback,cold,0,echo_rtt,0.034,ok
367e50cb992fba8a2eea5de6d39455c76d82d87b,iroh_dial,loopback,cold,0,echo_rtt,0.026,ok
367e50cb992fba8a2eea5de6d39455c76d82d87b,iroh_dial,loopback,cold,0,echo_rtt,0.033,ok
367e50cb992fba8a2eea5de6d39455c76d82d87b,iroh_dial,loopback,cold,0,echo_rtt,0.026,ok
367e50cb992fba8a2eea5de6d39455c76d82d87b,iroh_dial,loopback,cold,0,echo_rtt,0.033,ok
367e50cb992fba8a2eea5de6d39455c76d82d87b,iroh_dial,loopback,cold,0,echo_rtt,0.026,ok
367e50cb992fba8a2eea5de6d39455c76d82d87b,iroh_dial,loopback,cold,0,echo_rtt,0.033,ok
367e50cb992fba8a2eea5de6d39455c76d82d87b,iroh_dial,loopback,cold,0,echo_rtt,0.025,ok
367e50cb992fba8a2eea5de6d39455c76d82d87b,iroh_dial,loopback,cold,0,process_spawn,0.631,ok
367e50cb992fba8a2eea5de6d39455c76d82d87b,iroh_dial,loopback,cold,0,runtime_start,0.335,ok
367e50cb992fba8a2eea5de6d39455c76d82d87b,iroh_dial,loopback,cold,0,endpoint_bind,1.468,ok
367e50cb992fba8a2eea5de6d39455c76d82d87b,iroh_dial,loopback,cold,0,address_lookup,0.109,ok
367e50cb992fba8a2eea5de6d39455c76d82d87b,iroh_dial,loopback,cold,0,dial_handshake,0.546,ok
367e50cb992fba8a2eea5de6d39455c76d82d87b,iroh_dial,loopback,cold,0,stream_open,0.368,ok
367e50cb992fba8a2eea5de6d39455c76d82d87b,iroh_dial,loopback,cold,0,echo_rtt,0.469,ok
367e50cb992fba8a2eea5de6d39455c76d82d87b,iroh_dial,loopback,cold,0,echo_rtt,0.202,ok
367e50cb992fba8a2eea5de6d39455c76d82d87b,iroh_dial,loopback,cold,0,echo_rtt,0.094,ok
367e50cb992fba8a2eea5de6d39455c76d82d87b,iroh_dial,loopback,cold,0,echo_rtt,0.081,ok
367e50cb992fba8a2eea5de6d39455c76d82d87b,iroh_dial,loopback,cold,0,echo_rtt,0.129,ok
367e50cb992fba8a2eea5de6d39455c76d82d87b,iroh_dial,loopback,cold,0,echo_rtt,0.055,ok
367e50cb992fba8a2eea5de6d39455c76d82d87b,iroh_dial,loopback,cold,0,echo_rtt,0.085,ok
367e50cb992fba8a2eea5de6d39455c76d82d87b,iroh_dial,loopback,cold,0,echo_rtt,0.096,ok
367e50cb992fba8a2eea5de6d39455c76d82d87b,iroh_dial,loopback,cold,0,echo_rtt,0.055,ok
367e50cb992fba8a2eea5de6d39455c76d82d87b,iroh_dial,loopback,cold,0,echo_rtt,0.051,ok
367e50cb992fba8a2eea5de6d39455c76d82d87b,iroh_dial,loopback,cold,0,echo_rtt,0.045,ok
367e50cb992fba8a2eea5de6d39455c76d82d87b,iroh_dial,loopback,cold,0,echo_rtt,0.037,ok
367e50cb992fba8a2eea5de6d39455c76d82d87b,iroh_dial,loopback,cold,0,echo_rtt,0.049,ok
367e50cb992fba8a2eea5de6d39455c76d82d87b,iroh_dial,loopback,cold,0,echo_rtt,0.035,ok
367e50cb992fba8a2eea5de6d39455c76d82d87b,iroh_dial,loopback,cold,0,echo_rtt,0.034,ok
367e50cb992fba8a2eea5de6d39455c76d82d87b,iroh_dial,loopback,cold,0,echo_rtt,0.030,ok
367e50cb992fba8a2eea5de6d39455c76d82d87b,iroh_dial,loopback,cold,0,echo_rtt,0.064,ok
367e50cb992fba8a2eea5de6d39455c76d82d87b,iroh_dial,loopback,cold,0,echo_rtt,0.030,ok
367e50cb992fba8a2eea5de6d39455c76d82d87b,iroh_dial,loopback,cold,0,echo_rtt,0.030,ok
367e50cb992fba8a2eea5de6d39455c76d82d87b,iroh_dial,loopback,cold,0,echo_rtt,0.035,ok
367e50cb992fba8a2eea5de6d39455c76d82d87b,iroh_dial,loopback,cold,0,process_spawn,0.614,ok
367e50cb992fba8a2eea5de6d39455c76d82d87b,iroh_dial,loopback,cold,0,runtime_start,0.353,ok
367e50cb992fba8a2eea5de6d39455c76d82d87b,iroh_dial,loopback,cold,0,endpoint_bind,1.415,ok
367e50cb992fba8a2eea5de6d39455c76d82d87b,iroh_dial,loopback,cold,0,address_lookup,0.091,ok
367e50cb992fba8a2eea5de6d39455c76d82d87b,iroh_dial,loopback,cold,0,dial_handshake,0.571,ok
367e50cb992fba8a2eea5de6d39455c76d82d87b,iroh_dial,loopback,cold,0,stream_open,0.473,ok
367e50cb992fba8a2eea5de6d39455c76d82d87b,iroh_dial,loopback,cold,0,echo_rtt,0.193,ok
367e50cb992fba8a2eea5de6d39455c76d82d87b,iroh_dial,loopback,cold,0,echo_rtt,0.204,ok
367e50cb992fba8a2eea5de6d39455c76d82d87b,iroh_dial,loopback,cold,0,echo_rtt,0.222,ok
367e50cb992fba8a2eea5de6d39455c76d82d87b,iroh_dial,loopback,cold,0,echo_rtt,0.105,ok
367e50cb992fba8a2eea5de6d39455c76d82d87b,iroh_dial,loopback,cold,0,echo_rtt,0.057,ok
367e50cb992fba8a2eea5de6d39455c76d82d87b,iroh_dial,loopback,cold,0,echo_rtt,0.110,ok
367e50cb992fba8a2eea5de6d39455c76d82d87b,iroh_dial,loopback,cold,0,echo_rtt,0.071,ok
367e50cb992fba8a2eea5de6d39455c76d82d87b,iroh_dial,loopback,cold,0,echo_rtt,0.100,ok
367e50cb992fba8a2eea5de6d39455c76d82d87b,iroh_dial,loopback,cold,0,echo_rtt,0.072,ok
367e50cb992fba8a2eea5de6d39455c76d82d87b,iroh_dial,loopback,cold,0,echo_rtt,0.036,ok
367e50cb992fba8a2eea5de6d39455c76d82d87b,iroh_dial,loopback,cold,0,echo_rtt,0.040,ok
367e50cb992fba8a2eea5de6d39455c76d82d87b,iroh_dial,loopback,cold,0,echo_rtt,0.029,ok
367e50cb992fba8a2eea5de6d39455c76d82d87b,iroh_dial,loopback,cold,0,echo_rtt,0.035,ok
367e50cb992fba8a2eea5de6d39455c76d82d87b,iroh_dial,loopback,cold,0,echo_rtt,0.031,ok
367e50cb992fba8a2eea5de6d39455c76d82d87b,iroh_dial,loopback,cold,0,echo_rtt,0.042,ok
367e50cb992fba8a2eea5de6d39455c76d82d87b,iroh_dial,loopback,cold,0,echo_rtt,0.025,ok
367e50cb992fba8a2eea5de6d39455c76d82d87b,iroh_dial,loopback,cold,0,echo_rtt,0.032,ok
367e50cb992fba8a2eea5de6d39455c76d82d87b,iroh_dial,loopback,cold,0,echo_rtt,0.030,ok
367e50cb992fba8a2eea5de6d39455c76d82d87b,iroh_dial,loopback,cold,0,echo_rtt,0.029,ok
367e50cb992fba8a2eea5de6d39455c76d82d87b,iroh_dial,loopback,cold,0,echo_rtt,0.028,ok
367e50cb992fba8a2eea5de6d39455c76d82d87b,iroh_dial,loopback,cold,0,process_spawn,0.619,ok
367e50cb992fba8a2eea5de6d39455c76d82d87b,iroh_dial,loopback,cold,0,runtime_start,0.356,ok
367e50cb992fba8a2eea5de6d39455c76d82d87b,iroh_dial,loopback,cold,0,endpoint_bind,1.486,ok
367e50cb992fba8a2eea5de6d39455c76d82d87b,iroh_dial,loopback,cold,0,address_lookup,0.105,ok
367e50cb992fba8a2eea5de6d39455c76d82d87b,iroh_dial,loopback,cold,0,dial_handshake,0.576,ok
367e50cb992fba8a2eea5de6d39455c76d82d87b,iroh_dial,loopback,cold,0,stream_open,0.325,ok
367e50cb992fba8a2eea5de6d39455c76d82d87b,iroh_dial,loopback,cold,0,echo_rtt,0.458,ok
367e50cb992fba8a2eea5de6d39455c76d82d87b,iroh_dial,loopback,cold,0,echo_rtt,0.325,ok
367e50cb992fba8a2eea5de6d39455c76d82d87b,iroh_dial,loopback,cold,0,echo_rtt,0.237,ok
367e50cb992fba8a2eea5de6d39455c76d82d87b,iroh_dial,loopback,cold,0,echo_rtt,0.108,ok
367e50cb992fba8a2eea5de6d39455c76d82d87b,iroh_dial,loopback,cold,0,echo_rtt,0.072,ok
367e50cb992fba8a2eea5de6d39455c76d82d87b,iroh_dial,loopback,cold,0,echo_rtt,0.050,ok
367e50cb992fba8a2eea5de6d39455c76d82d87b,iroh_dial,loopback,cold,0,echo_rtt,0.095,ok
367e50cb992fba8a2eea5de6d39455c76d82d87b,iroh_dial,loopback,cold,0,echo_rtt,0.040,ok
367e50cb992fba8a2eea5de6d39455c76d82d87b,iroh_dial,loopback,cold,0,echo_rtt,0.035,ok
367e50cb992fba8a2eea5de6d39455c76d82d87b,iroh_dial,loopback,cold,0,echo_rtt,0.050,ok
367e50cb992fba8a2eea5de6d39455c76d82d87b,iroh_dial,loopback,cold,0,echo_rtt,0.049,ok
367e50cb992fba8a2eea5de6d39455c76d82d87b,iroh_dial,loopback,cold,0,echo_rtt,0.039,ok
367e50cb992fba8a2eea5de6d39455c76d82d87b,iroh_dial,loopback,cold,0,echo_rtt,0.027,ok
367e50cb992fba8a2eea5de6d39455c76d82d87b,iroh_dial,loopback,cold,0,echo_rtt,0.037,ok
367e50cb992fba8a2eea5de6d39455c76d82d87b,iroh_dial,loopback,cold,0,echo_rtt,0.031,ok
367e50cb992fba8a2eea5de6d39455c76d82d87b,iroh_dial,loopback,cold,0,echo_rtt,0.038,ok
367e50cb992fba8a2eea5de6d39455c76d82d87b,iroh_dial,loopback,cold,0,echo_rtt,0.050,ok
367e50cb992fba8a2eea5de6d39455c76d82d87b,iroh_dial,loopback,cold,0,echo_rtt,0.046,ok
367e50cb992fba8a2eea5de6d39455c76d82d87b,iroh_dial,loopback,cold,0,echo_rtt,0.036,ok
367e50cb992fba8a2eea5de6d39455c76d82d87b,iroh_dial,loopback,cold,0,echo_rtt,0.045,ok
367e50cb992fba8a2eea5de6d39455c76d82d87b,iroh_dial,loopback,cold,0,process_spawn,0.713,ok
367e50cb992fba8a2eea5de6d39455c76d82d87b,iroh_dial,loopback,cold,0,runtime_start,0.357,ok
367e50cb992fba8a2eea5de6d39455c76d82d87b,iroh_dial,loopback,cold,0,endpoint_bind,1.551,ok
367e50cb992fba8a2eea5de6d39455c76d82d87b,iroh_dial,loopback,cold,0,address_lookup,0.109,ok
367e50cb992fba8a2eea5de6d39455c76d82d87b,iroh_dial,loopback,cold,0,dial_handshake,0.482,ok
367e50cb992fba8a2eea5de6d39455c76d82d87b,iroh_dial,loopback,cold,0,stream_open,0.345,ok
367e50cb992fba8a2eea5de6d39455c76d82d87b,iroh_dial,loopback,cold,0,echo_rtt,0.398,ok
367e50cb992fba8a2eea5de6d39455c76d82d87b,iroh_dial,loopback,cold,0,echo_rtt,0.253,ok
367e50cb992fba8a2eea5de6d39455c76d82d87b,iroh_dial,loopback,cold,0,echo_rtt,0.222,ok
367e50cb992fba8a2eea5de6d39455c76d82d87b,iroh_dial,loopback,cold,0,echo_rtt,0.150,ok
367e50cb992fba8a2eea5de6d39455c76d82d87b,iroh_dial,loopback,cold,0,echo_rtt,0.106,ok
367e50cb992fba8a2eea5de6d39455c76d82d87b,iroh_dial,loopback,cold,0,echo_rtt,0.150,ok
367e50cb992fba8a2eea5de6d39455c76d82d87b,iroh_dial,loopback,cold,0,echo_rtt,0.088,ok
367e50cb992fba8a2eea5de6d39455c76d82d87b,iroh_dial,loopback,cold,0,echo_rtt,0.064,ok
367e50cb992fba8a2eea5de6d39455c76d82d87b,iroh_dial,loopback,cold,0,echo_rtt,0.034,ok
367e50cb992fba8a2eea5de6d39455c76d82d87b,iroh_dial,loopback,cold,0,echo_rtt,0.059,ok
367e50cb992fba8a2eea5de6d39455c76d82d87b,iroh_dial,loopback,cold,0,echo_rtt,0.036,ok
367e50cb992fba8a2eea5de6d39455c76d82d87b,iroh_dial,loopback,cold,0,echo_rtt,0.044,ok
367e50cb992fba8a2eea5de6d39455c76d82d87b,iroh_dial,loopback,cold,0,echo_rtt,0.032,ok
367e50cb992fba8a2eea5de6d39455c76d82d87b,iroh_dial,loopback,cold,0,echo_rtt,0.042,ok
367e50cb992fba8a2eea5de6d39455c76d82d87b,iroh_dial,loopback,cold,0,echo_rtt,0.031,ok
367e50cb992fba8a2eea5de6d39455c76d82d87b,iroh_dial,loopback,cold,0,echo_rtt,0.042,ok
367e50cb992fba8a2eea5de6d39455c76d82d87b,iroh_dial,loopback,cold,0,echo_rtt,0.036,ok
367e50cb992fba8a2eea5de6d39455c76d82d87b,iroh_dial,loopback,cold,0,echo_rtt,0.037,ok
367e50cb992fba8a2eea5de6d39455c76d82d87b,iroh_dial,loopback,cold,0,echo_rtt,0.042,ok
367e50cb992fba8a2eea5de6d39455c76d82d87b,iroh_dial,loopback,cold,0,echo_rtt,0.030,ok
367e50cb992fba8a2eea5de6d39455c76d82d87b,iroh_dial,loopback,cold,0,process_spawn,0.628,ok
367e50cb992fba8a2eea5de6d39455c76d82d87b,iroh_dial,loopback,cold,0,runtime_start,0.340,ok
367e50cb992fba8a2eea5de6d39455c76d82d87b,iroh_dial,loopback,cold,0,endpoint_bind,1.577,ok
367e50cb992fba8a2eea5de6d39455c76d82d87b,iroh_dial,loopback,cold,0,address_lookup,0.101,ok
367e50cb992fba8a2eea5de6d39455c76d82d87b,iroh_dial,loopback,cold,0,dial_handshake,0.556,ok
367e50cb992fba8a2eea5de6d39455c76d82d87b,iroh_dial,loopback,cold,0,stream_open,0.619,ok
367e50cb992fba8a2eea5de6d39455c76d82d87b,iroh_dial,loopback,cold,0,echo_rtt,0.199,ok
367e50cb992fba8a2eea5de6d39455c76d82d87b,iroh_dial,loopback,cold,0,echo_rtt,0.128,ok
367e50cb992fba8a2eea5de6d39455c76d82d87b,iroh_dial,loopback,cold,0,echo_rtt,0.082,ok
367e50cb992fba8a2eea5de6d39455c76d82d87b,iroh_dial,loopback,cold,0,echo_rtt,0.045,ok
367e50cb992fba8a2eea5de6d39455c76d82d87b,iroh_dial,loopback,cold,0,echo_rtt,0.080,ok
367e50cb992fba8a2eea5de6d39455c76d82d87b,iroh_dial,loopback,cold,0,echo_rtt,0.080,ok
367e50cb992fba8a2eea5de6d39455c76d82d87b,iroh_dial,loopback,cold,0,echo_rtt,0.092,ok
367e50cb992fba8a2eea5de6d39455c76d82d87b,iroh_dial,loopback,cold,0,echo_rtt,0.057,ok
367e50cb992fba8a2eea5de6d39455c76d82d87b,iroh_dial,loopback,cold,0,echo_rtt,0.083,ok
367e50cb992fba8a2eea5de6d39455c76d82d87b,iroh_dial,loopback,cold,0,echo_rtt,0.036,ok
367e50cb992fba8a2eea5de6d39455c76d82d87b,iroh_dial,loopback,cold,0,echo_rtt,0.036,ok
367e50cb992fba8a2eea5de6d39455c76d82d87b,iroh_dial,loopback,cold,0,echo_rtt,0.034,ok
367e50cb992fba8a2eea5de6d39455c76d82d87b,iroh_dial,loopback,cold,0,echo_rtt,0.033,ok
367e50cb992fba8a2eea5de6d39455c76d82d87b,iroh_dial,loopback,cold,0,echo_rtt,0.032,ok
367e50cb992fba8a2eea5de6d39455c76d82d87b,iroh_dial,loopback,cold,0,echo_rtt,0.033,ok
367e50cb992fba8a2eea5de6d39455c76d82d87b,iroh_dial,loopback,cold,0,echo_rtt,0.034,ok
367e50cb992fba8a2eea5de6d39455c76d82d87b,iroh_dial,loopback,cold,0,echo_rtt,0.032,ok
367e50cb992fba8a2eea5de6d39455c76d82d87b,iroh_dial,loopback,cold,0,echo_rtt,0.028,ok
367e50cb992fba8a2eea5de6d39455c76d82d87b,iroh_dial,loopback,cold,0,echo_rtt,0.030,ok
367e50cb992fba8a2eea5de6d39455c76d82d87b,iroh_dial,loopback,cold,0,echo_rtt,0.028,ok
367e50cb992fba8a2eea5de6d39455c76d82d87b,iroh_dial,loopback,cold,0,process_spawn,0.766,ok
367e50cb992fba8a2eea5de6d39455c76d82d87b,iroh_dial,loopback,cold,0,runtime_start,0.407,ok
367e50cb992fba8a2eea5de6d39455c76d82d87b,iroh_dial,loopback,cold,0,endpoint_bind,1.560,ok
367e50cb992fba8a2eea5de6d39455c76d82d87b,iroh_dial,loopback,cold,0,address_lookup,0.090,ok
367e50cb992fba8a2eea5de6d39455c76d82d87b,iroh_dial,loopback,cold,0,dial_handshake,0.597,ok
367e50cb992fba8a2eea5de6d39455c76d82d87b,iroh_dial,loopback,cold,0,stream_open,0.601,ok
367e50cb992fba8a2eea5de6d39455c76d82d87b,iroh_dial,loopback,cold,0,echo_rtt,0.308,ok
367e50cb992fba8a2eea5de6d39455c76d82d87b,iroh_dial,loopback,cold,0,echo_rtt,0.143,ok
367e50cb992fba8a2eea5de6d39455c76d82d87b,iroh_dial,loopback,cold,0,echo_rtt,0.033,ok
367e50cb992fba8a2eea5de6d39455c76d82d87b,iroh_dial,loopback,cold,0,echo_rtt,0.076,ok
367e50cb992fba8a2eea5de6d39455c76d82d87b,iroh_dial,loopback,cold,0,echo_rtt,0.026,ok
367e50cb992fba8a2eea5de6d39455c76d82d87b,iroh_dial,loopback,cold,0,echo_rtt,0.047,ok
367e50cb992fba8a2eea5de6d39455c76d82d87b,iroh_dial,loopback,cold,0,echo_rtt,0.085,ok
367e50cb992fba8a2eea5de6d39455c76d82d87b,iroh_dial,loopback,cold,0,echo_rtt,0.056,ok
367e50cb992fba8a2eea5de6d39455c76d82d87b,iroh_dial,loopback,cold,0,echo_rtt,0.028,ok
367e50cb992fba8a2eea5de6d39455c76d82d87b,iroh_dial,loopback,cold,0,echo_rtt,0.075,ok
367e50cb992fba8a2eea5de6d39455c76d82d87b,iroh_dial,loopback,cold,0,echo_rtt,0.073,ok
367e50cb992fba8a2eea5de6d39455c76d82d87b,iroh_dial,loopback,cold,0,echo_rtt,0.036,ok
367e50cb992fba8a2eea5de6d39455c76d82d87b,iroh_dial,loopback,cold,0,echo_rtt,0.024,ok
367e50cb992fba8a2eea5de6d39455c76d82d87b,iroh_dial,loopback,cold,0,echo_rtt,0.033,ok
367e50cb992fba8a2eea5de6d39455c76d82d87b,iroh_dial,loopback,cold,0,echo_rtt,0.024,ok
367e50cb992fba8a2eea5de6d39455c76d82d87b,iroh_dial,loopback,cold,0,echo_rtt,0.033,ok
367e50cb992fba8a2eea5de6d39455c76d82d87b,iroh_dial,loopback,cold,0,echo_rtt,0.024,ok
367e50cb992fba8a2eea5de6d39455c76d82d87b,iroh_dial,loopback,cold,0,echo_rtt,0.031,ok
367e50cb992fba8a2eea5de6d39455c76d82d87b,iroh_dial,loopback,cold,0,echo_rtt,0.024,ok
367e50cb992fba8a2eea5de6d39455c76d82d87b,iroh_dial,loopback,cold,0,echo_rtt,0.031,ok
367e50cb992fba8a2eea5de6d39455c76d82d87b,iroh_dial,loopback,cold,0,process_spawn,0.684,ok
367e50cb992fba8a2eea5de6d39455c76d82d87b,iroh_dial,loopback,cold,0,runtime_start,0.329,ok
367e50cb992fba8a2eea5de6d39455c76d82d87b,iroh_dial,loopback,cold,0,endpoint_bind,1.333,ok
367e50cb992fba8a2eea5de6d39455c76d82d87b,iroh_dial,loopback,cold,0,address_lookup,0.093,ok
367e50cb992fba8a2eea5de6d39455c76d82d87b,iroh_dial,loopback,cold,0,dial_handshake,0.500,ok
367e50cb992fba8a2eea5de6d39455c76d82d87b,iroh_dial,loopback,cold,0,stream_open,0.423,ok
367e50cb992fba8a2eea5de6d39455c76d82d87b,iroh_dial,loopback,cold,0,echo_rtt,0.430,ok
367e50cb992fba8a2eea5de6d39455c76d82d87b,iroh_dial,loopback,cold,0,echo_rtt,0.331,ok
367e50cb992fba8a2eea5de6d39455c76d82d87b,iroh_dial,loopback,cold,0,echo_rtt,0.251,ok
367e50cb992fba8a2eea5de6d39455c76d82d87b,iroh_dial,loopback,cold,0,echo_rtt,0.071,ok
367e50cb992fba8a2eea5de6d39455c76d82d87b,iroh_dial,loopback,cold,0,echo_rtt,0.081,ok
367e50cb992fba8a2eea5de6d39455c76d82d87b,iroh_dial,loopback,cold,0,echo_rtt,0.075,ok
367e50cb992fba8a2eea5de6d39455c76d82d87b,iroh_dial,loopback,cold,0,echo_rtt,0.060,ok
367e50cb992fba8a2eea5de6d39455c76d82d87b,iroh_dial,loopback,cold,0,echo_rtt,0.040,ok
367e50cb992fba8a2eea5de6d39455c76d82d87b,iroh_dial,loopback,cold,0,echo_rtt,0.029,ok
367e50cb992fba8a2eea5de6d39455c76d82d87b,iroh_dial,loopback,cold,0,echo_rtt,0.038,ok
367e50cb992fba8a2eea5de6d39455c76d82d87b,iroh_dial,loopback,cold,0,echo_rtt,0.025,ok
367e50cb992fba8a2eea5de6d39455c76d82d87b,iroh_dial,loopback,cold,0,echo_rtt,0.033,ok
367e50cb992fba8a2eea5de6d39455c76d82d87b,iroh_dial,loopback,cold,0,echo_rtt,0.027,ok
367e50cb992fba8a2eea5de6d39455c76d82d87b,iroh_dial,loopback,cold,0,echo_rtt,0.040,ok
367e50cb992fba8a2eea5de6d39455c76d82d87b,iroh_dial,loopback,cold,0,echo_rtt,0.053,ok
367e50cb992fba8a2eea5de6d39455c76d82d87b,iroh_dial,loopback,cold,0,echo_rtt,0.082,ok
367e50cb992fba8a2eea5de6d39455c76d82d87b,iroh_dial,loopback,cold,0,echo_rtt,0.034,ok
367e50cb992fba8a2eea5de6d39455c76d82d87b,iroh_dial,loopback,cold,0,echo_rtt,0.035,ok
367e50cb992fba8a2eea5de6d39455c76d82d87b,iroh_dial,loopback,cold,0,echo_rtt,0.026,ok
367e50cb992fba8a2eea5de6d39455c76d82d87b,iroh_dial,loopback,cold,0,echo_rtt,0.051,ok
367e50cb992fba8a2eea5de6d39455c76d82d87b,iroh_dial,loopback,cold,0,process_spawn,0.650,ok
367e50cb992fba8a2eea5de6d39455c76d82d87b,iroh_dial,loopback,cold,0,runtime_start,0.342,ok
367e50cb992fba8a2eea5de6d39455c76d82d87b,iroh_dial,loopback,cold,0,endpoint_bind,1.424,ok
367e50cb992fba8a2eea5de6d39455c76d82d87b,iroh_dial,loopback,cold,0,address_lookup,0.100,ok
367e50cb992fba8a2eea5de6d39455c76d82d87b,iroh_dial,loopback,cold,0,dial_handshake,0.511,ok
367e50cb992fba8a2eea5de6d39455c76d82d87b,iroh_dial,loopback,cold,0,stream_open,0.462,ok
367e50cb992fba8a2eea5de6d39455c76d82d87b,iroh_dial,loopback,cold,0,echo_rtt,0.228,ok
367e50cb992fba8a2eea5de6d39455c76d82d87b,iroh_dial,loopback,cold,0,echo_rtt,0.260,ok
367e50cb992fba8a2eea5de6d39455c76d82d87b,iroh_dial,loopback,cold,0,echo_rtt,0.135,ok
367e50cb992fba8a2eea5de6d39455c76d82d87b,iroh_dial,loopback,cold,0,echo_rtt,0.100,ok
367e50cb992fba8a2eea5de6d39455c76d82d87b,iroh_dial,loopback,cold,0,echo_rtt,0.092,ok
367e50cb992fba8a2eea5de6d39455c76d82d87b,iroh_dial,loopback,cold,0,echo_rtt,0.080,ok
367e50cb992fba8a2eea5de6d39455c76d82d87b,iroh_dial,loopback,cold,0,echo_rtt,0.088,ok
367e50cb992fba8a2eea5de6d39455c76d82d87b,iroh_dial,loopback,cold,0,echo_rtt,0.059,ok
367e50cb992fba8a2eea5de6d39455c76d82d87b,iroh_dial,loopback,cold,0,echo_rtt,0.084,ok
367e50cb992fba8a2eea5de6d39455c76d82d87b,iroh_dial,loopback,cold,0,echo_rtt,0.048,ok
367e50cb992fba8a2eea5de6d39455c76d82d87b,iroh_dial,loopback,cold,0,echo_rtt,0.062,ok
367e50cb992fba8a2eea5de6d39455c76d82d87b,iroh_dial,loopback,cold,0,echo_rtt,0.086,ok
367e50cb992fba8a2eea5de6d39455c76d82d87b,iroh_dial,loopback,cold,0,echo_rtt,0.027,ok
367e50cb992fba8a2eea5de6d39455c76d82d87b,iroh_dial,loopback,cold,0,echo_rtt,0.034,ok
367e50cb992fba8a2eea5de6d39455c76d82d87b,iroh_dial,loopback,cold,0,echo_rtt,0.031,ok
367e50cb992fba8a2eea5de6d39455c76d82d87b,iroh_dial,loopback,cold,0,echo_rtt,0.050,ok
367e50cb992fba8a2eea5de6d39455c76d82d87b,iroh_dial,loopback,cold,0,echo_rtt,0.032,ok
367e50cb992fba8a2eea5de6d39455c76d82d87b,iroh_dial,loopback,cold,0,echo_rtt,0.031,ok
367e50cb992fba8a2eea5de6d39455c76d82d87b,iroh_dial,loopback,cold,0,echo_rtt,0.029,ok
367e50cb992fba8a2eea5de6d39455c76d82d87b,iroh_dial,loopback,cold,0,echo_rtt,0.030,ok
367e50cb992fba8a2eea5de6d39455c76d82d87b,iroh_dial,loopback,cold,0,process_spawn,0.728,ok
367e50cb992fba8a2eea5de6d39455c76d82d87b,iroh_dial,loopback,cold,0,runtime_start,0.349,ok
367e50cb992fba8a2eea5de6d39455c76d82d87b,iroh_dial,loopback,cold,0,endpoint_bind,1.514,ok
367e50cb992fba8a2eea5de6d39455c76d82d87b,iroh_dial,loopback,cold,0,address_lookup,0.092,ok
367e50cb992fba8a2eea5de6d39455c76d82d87b,iroh_dial,loopback,cold,0,dial_handshake,0.546,ok
367e50cb992fba8a2eea5de6d39455c76d82d87b,iroh_dial,loopback,cold,0,stream_open,0.583,ok
367e50cb992fba8a2eea5de6d39455c76d82d87b,iroh_dial,loopback,cold,0,echo_rtt,0.253,ok
367e50cb992fba8a2eea5de6d39455c76d82d87b,iroh_dial,loopback,cold,0,echo_rtt,0.334,ok
367e50cb992fba8a2eea5de6d39455c76d82d87b,iroh_dial,loopback,cold,0,echo_rtt,0.227,ok
367e50cb992fba8a2eea5de6d39455c76d82d87b,iroh_dial,loopback,cold,0,echo_rtt,0.054,ok
367e50cb992fba8a2eea5de6d39455c76d82d87b,iroh_dial,loopback,cold,0,echo_rtt,0.159,ok
367e50cb992fba8a2eea5de6d39455c76d82d87b,iroh_dial,loopback,cold,0,echo_rtt,0.095,ok
367e50cb992fba8a2eea5de6d39455c76d82d87b,iroh_dial,loopback,cold,0,echo_rtt,0.036,ok
367e50cb992fba8a2eea5de6d39455c76d82d87b,iroh_dial,loopback,cold,0,echo_rtt,0.037,ok
367e50cb992fba8a2eea5de6d39455c76d82d87b,iroh_dial,loopback,cold,0,echo_rtt,0.027,ok
367e50cb992fba8a2eea5de6d39455c76d82d87b,iroh_dial,loopback,cold,0,echo_rtt,0.034,ok
367e50cb992fba8a2eea5de6d39455c76d82d87b,iroh_dial,loopback,cold,0,echo_rtt,0.033,ok
367e50cb992fba8a2eea5de6d39455c76d82d87b,iroh_dial,loopback,cold,0,echo_rtt,0.034,ok
367e50cb992fba8a2eea5de6d39455c76d82d87b,iroh_dial,loopback,cold,0,echo_rtt,0.025,ok
367e50cb992fba8a2eea5de6d39455c76d82d87b,iroh_dial,loopback,cold,0,echo_rtt,0.032,ok
367e50cb992fba8a2eea5de6d39455c76d82d87b,iroh_dial,loopback,cold,0,echo_rtt,0.025,ok
367e50cb992fba8a2eea5de6d39455c76d82d87b,iroh_dial,loopback,cold,0,echo_rtt,0.032,ok
367e50cb992fba8a2eea5de6d39455c76d82d87b,iroh_dial,loopback,cold,0,echo_rtt,0.025,ok
367e50cb992fba8a2eea5de6d39455c76d82d87b,iroh_dial,loopback,cold,0,echo_rtt,0.032,ok
367e50cb992fba8a2eea5de6d39455c76d82d87b,iroh_dial,loopback,cold,0,echo_rtt,0.030,ok
367e50cb992fba8a2eea5de6d39455c76d82d87b,iroh_dial,loopback,cold,0,echo_rtt,0.033,ok
367e50cb992fba8a2eea5de6d39455c76d82d87b,iroh_dial,loopback,cold,0,process_spawn,0.738,ok
367e50cb992fba8a2eea5de6d39455c76d82d87b,iroh_dial,loopback,cold,0,runtime_start,0.385,ok
367e50cb992fba8a2eea5de6d39455c76d82d87b,iroh_dial,loopback,cold,0,endpoint_bind,1.485,ok
367e50cb992fba8a2eea5de6d39455c76d82d87b,iroh_dial,loopback,cold,0,address_lookup,0.093,ok
367e50cb992fba8a2eea5de6d39455c76d82d87b,iroh_dial,loopback,cold,0,dial_handshake,0.554,ok
367e50cb992fba8a2eea5de6d39455c76d82d87b,iroh_dial,loopback,cold,0,stream_open,0.495,ok
367e50cb992fba8a2eea5de6d39455c76d82d87b,iroh_dial,loopback,cold,0,echo_rtt,0.226,ok
367e50cb992fba8a2eea5de6d39455c76d82d87b,iroh_dial,loopback,cold,0,echo_rtt,0.242,ok
367e50cb992fba8a2eea5de6d39455c76d82d87b,iroh_dial,loopback,cold,0,echo_rtt,0.131,ok
367e50cb992fba8a2eea5de6d39455c76d82d87b,iroh_dial,loopback,cold,0,echo_rtt,0.070,ok
367e50cb992fba8a2eea5de6d39455c76d82d87b,iroh_dial,loopback,cold,0,echo_rtt,0.100,ok
367e50cb992fba8a2eea5de6d39455c76d82d87b,iroh_dial,loopback,cold,0,echo_rtt,0.051,ok
367e50cb992fba8a2eea5de6d39455c76d82d87b,iroh_dial,loopback,cold,0,echo_rtt,0.089,ok
367e50cb992fba8a2eea5de6d39455c76d82d87b,iroh_dial,loopback,cold,0,echo_rtt,0.074,ok
367e50cb992fba8a2eea5de6d39455c76d82d87b,iroh_dial,loopback,cold,0,echo_rtt,0.037,ok
367e50cb992fba8a2eea5de6d39455c76d82d87b,iroh_dial,loopback,cold,0,echo_rtt,0.080,ok
367e50cb992fba8a2eea5de6d39455c76d82d87b,iroh_dial,loopback,cold,0,echo_rtt,0.040,ok
367e50cb992fba8a2eea5de6d39455c76d82d87b,iroh_dial,loopback,cold,0,echo_rtt,0.030,ok
367e50cb992fba8a2eea5de6d39455c76d82d87b,iroh_dial,loopback,cold,0,echo_rtt,0.037,ok
367e50cb992fba8a2eea5de6d39455c76d82d87b,iroh_dial,loopback,cold,0,echo_rtt,0.026,ok
367e50cb992fba8a2eea5de6d39455c76d82d87b,iroh_dial,loopback,cold,0,echo_rtt,0.036,ok
367e50cb992fba8a2eea5de6d39455c76d82d87b,iroh_dial,loopback,cold,0,echo_rtt,0.026,ok
367e50cb992fba8a2eea5de6d39455c76d82d87b,iroh_dial,loopback,cold,0,echo_rtt,0.036,ok
367e50cb992fba8a2eea5de6d39455c76d82d87b,iroh_dial,loopback,cold,0,echo_rtt,0.026,ok
367e50cb992fba8a2eea5de6d39455c76d82d87b,iroh_dial,loopback,cold,0,echo_rtt,0.035,ok
367e50cb992fba8a2eea5de6d39455c76d82d87b,iroh_dial,loopback,cold,0,echo_rtt,0.026,ok
367e50cb992fba8a2eea5de6d39455c76d82d87b,iroh_dial,loopback,cold,0,process_spawn,0.709,ok
367e50cb992fba8a2eea5de6d39455c76d82d87b,iroh_dial,loopback,cold,0,runtime_start,0.403,ok
367e50cb992fba8a2eea5de6d39455c76d82d87b,iroh_dial,loopback,cold,0,endpoint_bind,1.605,ok
367e50cb992fba8a2eea5de6d39455c76d82d87b,iroh_dial,loopback,cold,0,address_lookup,0.094,ok
367e50cb992fba8a2eea5de6d39455c76d82d87b,iroh_dial,loopback,cold,0,dial_handshake,0.539,ok
367e50cb992fba8a2eea5de6d39455c76d82d87b,iroh_dial,loopback,cold,0,stream_open,0.353,ok
367e50cb992fba8a2eea5de6d39455c76d82d87b,iroh_dial,loopback,cold,0,echo_rtt,0.237,ok
367e50cb992fba8a2eea5de6d39455c76d82d87b,iroh_dial,loopback,cold,0,echo_rtt,0.200,ok
367e50cb992fba8a2eea5de6d39455c76d82d87b,iroh_dial,loopback,cold,0,echo_rtt,0.052,ok
367e50cb992fba8a2eea5de6d39455c76d82d87b,iroh_dial,loopback,cold,0,echo_rtt,0.058,ok
367e50cb992fba8a2eea5de6d39455c76d82d87b,iroh_dial,loopback,cold,0,echo_rtt,0.031,ok
367e50cb992fba8a2eea5de6d39455c76d82d87b,iroh_dial,loopback,cold,0,echo_rtt,0.032,ok
367e50cb992fba8a2eea5de6d39455c76d82d87b,iroh_dial,loopback,cold,0,echo_rtt,0.080,ok
367e50cb992fba8a2eea5de6d39455c76d82d87b,iroh_dial,loopback,cold,0,echo_rtt,0.068,ok
367e50cb992fba8a2eea5de6d39455c76d82d87b,iroh_dial,loopback,cold,0,echo_rtt,0.031,ok
367e50cb992fba8a2eea5de6d39455c76d82d87b,iroh_dial,loopback,cold,0,echo_rtt,0.088,ok
367e50cb992fba8a2eea5de6d39455c76d82d87b,iroh_dial,loopback,cold,0,echo_rtt,0.049,ok
367e50cb992fba8a2eea5de6d39455c76d82d87b,iroh_dial,loopback,cold,0,echo_rtt,0.036,ok
367e50cb992fba8a2eea5de6d39455c76d82d87b,iroh_dial,loopback,cold,0,echo_rtt,0.095,ok
367e50cb992fba8a2eea5de6d39455c76d82d87b,iroh_dial,loopback,cold,0,echo_rtt,0.052,ok
367e50cb992fba8a2eea5de6d39455c76d82d87b,iroh_dial,loopback,cold,0,echo_rtt,0.078,ok
367e50cb992fba8a2eea5de6d39455c76d82d87b,iroh_dial,loopback,cold,0,echo_rtt,0.047,ok
367e50cb992fba8a2eea5de6d39455c76d82d87b,iroh_dial,loopback,cold,0,echo_rtt,0.086,ok
367e50cb992fba8a2eea5de6d39455c76d82d87b,iroh_dial,loopback,cold,0,echo_rtt,0.040,ok
367e50cb992fba8a2eea5de6d39455c76d82d87b,iroh_dial,loopback,cold,0,echo_rtt,0.046,ok
367e50cb992fba8a2eea5de6d39455c76d82d87b,iroh_dial,loopback,cold,0,echo_rtt,0.045,ok
367e50cb992fba8a2eea5de6d39455c76d82d87b,iroh_dial,loopback,cold,0,process_spawn,0.624,ok
367e50cb992fba8a2eea5de6d39455c76d82d87b,iroh_dial,loopback,cold,0,runtime_start,0.341,ok
367e50cb992fba8a2eea5de6d39455c76d82d87b,iroh_dial,loopback,cold,0,endpoint_bind,1.455,ok
367e50cb992fba8a2eea5de6d39455c76d82d87b,iroh_dial,loopback,cold,0,address_lookup,0.134,ok
367e50cb992fba8a2eea5de6d39455c76d82d87b,iroh_dial,loopback,cold,0,dial_handshake,0.572,ok
367e50cb992fba8a2eea5de6d39455c76d82d87b,iroh_dial,loopback,cold,0,stream_open,0.511,ok
367e50cb992fba8a2eea5de6d39455c76d82d87b,iroh_dial,loopback,cold,0,echo_rtt,0.281,ok
367e50cb992fba8a2eea5de6d39455c76d82d87b,iroh_dial,loopback,cold,0,echo_rtt,0.268,ok
367e50cb992fba8a2eea5de6d39455c76d82d87b,iroh_dial,loopback,cold,0,echo_rtt,0.159,ok
367e50cb992fba8a2eea5de6d39455c76d82d87b,iroh_dial,loopback,cold,0,echo_rtt,0.098,ok
367e50cb992fba8a2eea5de6d39455c76d82d87b,iroh_dial,loopback,cold,0,echo_rtt,0.063,ok
367e50cb992fba8a2eea5de6d39455c76d82d87b,iroh_dial,loopback,cold,0,echo_rtt,0.130,ok
367e50cb992fba8a2eea5de6d39455c76d82d87b,iroh_dial,loopback,cold,0,echo_rtt,0.031,ok
367e50cb992fba8a2eea5de6d39455c76d82d87b,iroh_dial,loopback,cold,0,echo_rtt,0.042,ok
367e50cb992fba8a2eea5de6d39455c76d82d87b,iroh_dial,loopback,cold,0,echo_rtt,0.030,ok
367e50cb992fba8a2eea5de6d39455c76d82d87b,iroh_dial,loopback,cold,0,echo_rtt,0.038,ok
367e50cb992fba8a2eea5de6d39455c76d82d87b,iroh_dial,loopback,cold,0,echo_rtt,0.028,ok
367e50cb992fba8a2eea5de6d39455c76d82d87b,iroh_dial,loopback,cold,0,echo_rtt,0.037,ok
367e50cb992fba8a2eea5de6d39455c76d82d87b,iroh_dial,loopback,cold,0,echo_rtt,0.028,ok
367e50cb992fba8a2eea5de6d39455c76d82d87b,iroh_dial,loopback,cold,0,echo_rtt,0.037,ok
367e50cb992fba8a2eea5de6d39455c76d82d87b,iroh_dial,loopback,cold,0,echo_rtt,0.028,ok
367e50cb992fba8a2eea5de6d39455c76d82d87b,iroh_dial,loopback,cold,0,echo_rtt,0.038,ok
367e50cb992fba8a2eea5de6d39455c76d82d87b,iroh_dial,loopback,cold,0,echo_rtt,0.028,ok
367e50cb992fba8a2eea5de6d39455c76d82d87b,iroh_dial,loopback,cold,0,echo_rtt,0.063,ok
367e50cb992fba8a2eea5de6d39455c76d82d87b,iroh_dial,loopback,cold,0,echo_rtt,0.031,ok
367e50cb992fba8a2eea5de6d39455c76d82d87b,iroh_dial,loopback,cold,0,echo_rtt,0.037,ok
367e50cb992fba8a2eea5de6d39455c76d82d87b,iroh_dial,loopback,cold,0,process_spawn,0.630,ok
367e50cb992fba8a2eea5de6d39455c76d82d87b,iroh_dial,loopback,cold,0,runtime_start,0.344,ok
367e50cb992fba8a2eea5de6d39455c76d82d87b,iroh_dial,loopback,cold,0,endpoint_bind,1.401,ok
367e50cb992fba8a2eea5de6d39455c76d82d87b,iroh_dial,loopback,cold,0,address_lookup,0.087,ok
367e50cb992fba8a2eea5de6d39455c76d82d87b,iroh_dial,loopback,cold,0,dial_handshake,0.521,ok
367e50cb992fba8a2eea5de6d39455c76d82d87b,iroh_dial,loopback,cold,0,stream_open,0.534,ok
367e50cb992fba8a2eea5de6d39455c76d82d87b,iroh_dial,loopback,cold,0,echo_rtt,0.275,ok
367e50cb992fba8a2eea5de6d39455c76d82d87b,iroh_dial,loopback,cold,0,echo_rtt,0.102,ok
367e50cb992fba8a2eea5de6d39455c76d82d87b,iroh_dial,loopback,cold,0,echo_rtt,0.065,ok
367e50cb992fba8a2eea5de6d39455c76d82d87b,iroh_dial,loopback,cold,0,echo_rtt,0.042,ok
367e50cb992fba8a2eea5de6d39455c76d82d87b,iroh_dial,loopback,cold,0,echo_rtt,0.135,ok
367e50cb992fba8a2eea5de6d39455c76d82d87b,iroh_dial,loopback,cold,0,echo_rtt,0.063,ok
367e50cb992fba8a2eea5de6d39455c76d82d87b,iroh_dial,loopback,cold,0,echo_rtt,0.091,ok
367e50cb992fba8a2eea5de6d39455c76d82d87b,iroh_dial,loopback,cold,0,echo_rtt,0.076,ok
367e50cb992fba8a2eea5de6d39455c76d82d87b,iroh_dial,loopback,cold,0,echo_rtt,0.095,ok
367e50cb992fba8a2eea5de6d39455c76d82d87b,iroh_dial,loopback,cold,0,echo_rtt,0.077,ok
367e50cb992fba8a2eea5de6d39455c76d82d87b,iroh_dial,loopback,cold,0,echo_rtt,0.091,ok
367e50cb992fba8a2eea5de6d39455c76d82d87b,iroh_dial,loopback,cold,0,echo_rtt,0.078,ok
367e50cb992fba8a2eea5de6d39455c76d82d87b,iroh_dial,loopback,cold,0,echo_rtt,0.036,ok
367e50cb992fba8a2eea5de6d39455c76d82d87b,iroh_dial,loopback,cold,0,echo_rtt,0.043,ok
367e50cb992fba8a2eea5de6d39455c76d82d87b,iroh_dial,loopback,cold,0,echo_rtt,0.035,ok
367e50cb992fba8a2eea5de6d39455c76d82d87b,iroh_dial,loopback,cold,0,echo_rtt,0.035,ok
367e50cb992fba8a2eea5de6d39455c76d82d87b,iroh_dial,loopback,cold,0,echo_rtt,0.033,ok
367e50cb992fba8a2eea5de6d39455c76d82d87b,iroh_dial,loopback,cold,0,echo_rtt,0.033,ok
367e50cb992fba8a2eea5de6d39455c76d82d87b,iroh_dial,loopback,cold,0,echo_rtt,0.032,ok
367e50cb992fba8a2eea5de6d39455c76d82d87b,iroh_dial,loopback,cold,0,echo_rtt,0.039,ok
367e50cb992fba8a2eea5de6d39455c76d82d87b,iroh_dial,loopback,cold,0,process_spawn,0.620,ok
367e50cb992fba8a2eea5de6d39455c76d82d87b,iroh_dial,loopback,cold,0,runtime_start,0.346,ok
367e50cb992fba8a2eea5de6d39455c76d82d87b,iroh_dial,loopback,cold,0,endpoint_bind,1.398,ok
367e50cb992fba8a2eea5de6d39455c76d82d87b,iroh_dial,loopback,cold,0,address_lookup,0.087,ok
367e50cb992fba8a2eea5de6d39455c76d82d87b,iroh_dial,loopback,cold,0,dial_handshake,0.557,ok
367e50cb992fba8a2eea5de6d39455c76d82d87b,iroh_dial,loopback,cold,0,stream_open,0.631,ok
367e50cb992fba8a2eea5de6d39455c76d82d87b,iroh_dial,loopback,cold,0,echo_rtt,0.235,ok
367e50cb992fba8a2eea5de6d39455c76d82d87b,iroh_dial,loopback,cold,0,echo_rtt,0.108,ok
367e50cb992fba8a2eea5de6d39455c76d82d87b,iroh_dial,loopback,cold,0,echo_rtt,0.064,ok
367e50cb992fba8a2eea5de6d39455c76d82d87b,iroh_dial,loopback,cold,0,echo_rtt,0.085,ok
367e50cb992fba8a2eea5de6d39455c76d82d87b,iroh_dial,loopback,cold,0,echo_rtt,0.083,ok
367e50cb992fba8a2eea5de6d39455c76d82d87b,iroh_dial,loopback,cold,0,echo_rtt,0.058,ok
367e50cb992fba8a2eea5de6d39455c76d82d87b,iroh_dial,loopback,cold,0,echo_rtt,0.047,ok
367e50cb992fba8a2eea5de6d39455c76d82d87b,iroh_dial,loopback,cold,0,echo_rtt,0.041,ok
367e50cb992fba8a2eea5de6d39455c76d82d87b,iroh_dial,loopback,cold,0,echo_rtt,0.053,ok
367e50cb992fba8a2eea5de6d39455c76d82d87b,iroh_dial,loopback,cold,0,echo_rtt,0.078,ok
367e50cb992fba8a2eea5de6d39455c76d82d87b,iroh_dial,loopback,cold,0,echo_rtt,0.081,ok
367e50cb992fba8a2eea5de6d39455c76d82d87b,iroh_dial,loopback,cold,0,echo_rtt,0.049,ok
367e50cb992fba8a2eea5de6d39455c76d82d87b,iroh_dial,loopback,cold,0,echo_rtt,0.025,ok
367e50cb992fba8a2eea5de6d39455c76d82d87b,iroh_dial,loopback,cold,0,echo_rtt,0.036,ok
367e50cb992fba8a2eea5de6d39455c76d82d87b,iroh_dial,loopback,cold,0,echo_rtt,0.024,ok
367e50cb992fba8a2eea5de6d39455c76d82d87b,iroh_dial,loopback,cold,0,echo_rtt,0.048,ok
367e50cb992fba8a2eea5de6d39455c76d82d87b,iroh_dial,loopback,cold,0,echo_rtt,0.025,ok
367e50cb992fba8a2eea5de6d39455c76d82d87b,iroh_dial,loopback,cold,0,echo_rtt,0.052,ok
367e50cb992fba8a2eea5de6d39455c76d82d87b,iroh_dial,loopback,cold,0,echo_rtt,0.027,ok
367e50cb992fba8a2eea5de6d39455c76d82d87b,iroh_dial,loopback,cold,0,echo_rtt,0.036,ok
367e50cb992fba8a2eea5de6d39455c76d82d87b,iroh_dial,loopback,cold,0,process_spawn,0.628,ok
367e50cb992fba8a2eea5de6d39455c76d82d87b,iroh_dial,loopback,cold,0,runtime_start,0.338,ok
367e50cb992fba8a2eea5de6d39455c76d82d87b,iroh_dial,loopback,cold,0,endpoint_bind,1.519,ok
367e50cb992fba8a2eea5de6d39455c76d82d87b,iroh_dial,loopback,cold,0,address_lookup,0.092,ok
367e50cb992fba8a2eea5de6d39455c76d82d87b,iroh_dial,loopback,cold,0,dial_handshake,0.598,ok
367e50cb992fba8a2eea5de6d39455c76d82d87b,iroh_dial,loopback,cold,0,stream_open,0.386,ok
367e50cb992fba8a2eea5de6d39455c76d82d87b,iroh_dial,loopback,cold,0,echo_rtt,0.325,ok
367e50cb992fba8a2eea5de6d39455c76d82d87b,iroh_dial,loopback,cold,0,echo_rtt,0.202,ok
367e50cb992fba8a2eea5de6d39455c76d82d87b,iroh_dial,loopback,cold,0,echo_rtt,0.091,ok
367e50cb992fba8a2eea5de6d39455c76d82d87b,iroh_dial,loopback,cold,0,echo_rtt,0.084,ok
367e50cb992fba8a2eea5de6d39455c76d82d87b,iroh_dial,loopback,cold,0,echo_rtt,0.111,ok
367e50cb992fba8a2eea5de6d39455c76d82d87b,iroh_dial,loopback,cold,0,echo_rtt,0.032,ok
367e50cb992fba8a2eea5de6d39455c76d82d87b,iroh_dial,loopback,cold,0,echo_rtt,0.047,ok
367e50cb992fba8a2eea5de6d39455c76d82d87b,iroh_dial,loopback,cold,0,echo_rtt,0.094,ok
367e50cb992fba8a2eea5de6d39455c76d82d87b,iroh_dial,loopback,cold,0,echo_rtt,0.050,ok
367e50cb992fba8a2eea5de6d39455c76d82d87b,iroh_dial,loopback,cold,0,echo_rtt,0.085,ok
367e50cb992fba8a2eea5de6d39455c76d82d87b,iroh_dial,loopback,cold,0,echo_rtt,0.112,ok
367e50cb992fba8a2eea5de6d39455c76d82d87b,iroh_dial,loopback,cold,0,echo_rtt,0.041,ok
367e50cb992fba8a2eea5de6d39455c76d82d87b,iroh_dial,loopback,cold,0,echo_rtt,0.048,ok
367e50cb992fba8a2eea5de6d39455c76d82d87b,iroh_dial,loopback,cold,0,echo_rtt,0.033,ok
367e50cb992fba8a2eea5de6d39455c76d82d87b,iroh_dial,loopback,cold,0,echo_rtt,0.038,ok
367e50cb992fba8a2eea5de6d39455c76d82d87b,iroh_dial,loopback,cold,0,echo_rtt,0.030,ok
367e50cb992fba8a2eea5de6d39455c76d82d87b,iroh_dial,loopback,cold,0,echo_rtt,0.042,ok
367e50cb992fba8a2eea5de6d39455c76d82d87b,iroh_dial,loopback,cold,0,echo_rtt,0.028,ok
367e50cb992fba8a2eea5de6d39455c76d82d87b,iroh_dial,loopback,cold,0,echo_rtt,0.056,ok
367e50cb992fba8a2eea5de6d39455c76d82d87b,iroh_dial,loopback,cold,0,echo_rtt,0.030,ok
367e50cb992fba8a2eea5de6d39455c76d82d87b,iroh_dial,loopback,cold,0,process_spawn,0.636,ok
367e50cb992fba8a2eea5de6d39455c76d82d87b,iroh_dial,loopback,cold,0,runtime_start,0.403,ok
367e50cb992fba8a2eea5de6d39455c76d82d87b,iroh_dial,loopback,cold,0,endpoint_bind,1.366,ok
367e50cb992fba8a2eea5de6d39455c76d82d87b,iroh_dial,loopback,cold,0,address_lookup,0.096,ok
367e50cb992fba8a2eea5de6d39455c76d82d87b,iroh_dial,loopback,cold,0,dial_handshake,0.597,ok
367e50cb992fba8a2eea5de6d39455c76d82d87b,iroh_dial,loopback,cold,0,stream_open,0.535,ok
367e50cb992fba8a2eea5de6d39455c76d82d87b,iroh_dial,loopback,cold,0,echo_rtt,0.241,ok
367e50cb992fba8a2eea5de6d39455c76d82d87b,iroh_dial,loopback,cold,0,echo_rtt,0.261,ok
367e50cb992fba8a2eea5de6d39455c76d82d87b,iroh_dial,loopback,cold,0,echo_rtt,0.159,ok
367e50cb992fba8a2eea5de6d39455c76d82d87b,iroh_dial,loopback,cold,0,echo_rtt,0.116,ok
367e50cb992fba8a2eea5de6d39455c76d82d87b,iroh_dial,loopback,cold,0,echo_rtt,0.042,ok
367e50cb992fba8a2eea5de6d39455c76d82d87b,iroh_dial,loopback,cold,0,echo_rtt,0.105,ok
367e50cb992fba8a2eea5de6d39455c76d82d87b,iroh_dial,loopback,cold,0,echo_rtt,0.075,ok
367e50cb992fba8a2eea5de6d39455c76d82d87b,iroh_dial,loopback,cold,0,echo_rtt,0.036,ok
367e50cb992fba8a2eea5de6d39455c76d82d87b,iroh_dial,loopback,cold,0,echo_rtt,0.035,ok
367e50cb992fba8a2eea5de6d39455c76d82d87b,iroh_dial,loopback,cold,0,echo_rtt,0.067,ok
367e50cb992fba8a2eea5de6d39455c76d82d87b,iroh_dial,loopback,cold,0,echo_rtt,0.037,ok
367e50cb992fba8a2eea5de6d39455c76d82d87b,iroh_dial,loopback,cold,0,echo_rtt,0.039,ok
367e50cb992fba8a2eea5de6d39455c76d82d87b,iroh_dial,loopback,cold,0,echo_rtt,0.030,ok
367e50cb992fba8a2eea5de6d39455c76d82d87b,iroh_dial,loopback,cold,0,echo_rtt,0.029,ok
367e50cb992fba8a2eea5de6d39455c76d82d87b,iroh_dial,loopback,cold,0,echo_rtt,0.028,ok
367e50cb992fba8a2eea5de6d39455c76d82d87b,iroh_dial,loopback,cold,0,echo_rtt,0.028,ok
367e50cb992fba8a2eea5de6d39455c76d82d87b,iroh_dial,loopback,cold,0,echo_rtt,0.027,ok
367e50cb992fba8a2eea5de6d39455c76d82d87b,iroh_dial,loopback,cold,0,echo_rtt,0.028,ok
367e50cb992fba8a2eea5de6d39455c76d82d87b,iroh_dial,loopback,cold,0,echo_rtt,0.028,ok
367e50cb992fba8a2eea5de6d39455c76d82d87b,iroh_dial,loopback,cold,0,echo_rtt,0.043,ok
367e50cb992fba8a2eea5de6d39455c76d82d87b,iroh_dial,loopback,cold,0,process_spawn,0.655,ok
367e50cb992fba8a2eea5de6d39455c76d82d87b,iroh_dial,loopback,cold,0,runtime_start,0.391,ok
367e50cb992fba8a2eea5de6d39455c76d82d87b,iroh_dial,loopback,cold,0,endpoint_bind,1.519,ok
367e50cb992fba8a2eea5de6d39455c76d82d87b,iroh_dial,loopback,cold,0,address_lookup,0.096,ok
367e50cb992fba8a2eea5de6d39455c76d82d87b,iroh_dial,loopback,cold,0,dial_handshake,0.538,ok
367e50cb992fba8a2eea5de6d39455c76d82d87b,iroh_dial,loopback,cold,0,stream_open,0.465,ok
367e50cb992fba8a2eea5de6d39455c76d82d87b,iroh_dial,loopback,cold,0,echo_rtt,0.280,ok
367e50cb992fba8a2eea5de6d39455c76d82d87b,iroh_dial,loopback,cold,0,echo_rtt,0.173,ok
367e50cb992fba8a2eea5de6d39455c76d82d87b,iroh_dial,loopback,cold,0,echo_rtt,0.127,ok
367e50cb992fba8a2eea5de6d39455c76d82d87b,iroh_dial,loopback,cold,0,echo_rtt,0.133,ok
367e50cb992fba8a2eea5de6d39455c76d82d87b,iroh_dial,loopback,cold,0,echo_rtt,0.056,ok
367e50cb992fba8a2eea5de6d39455c76d82d87b,iroh_dial,loopback,cold,0,echo_rtt,0.074,ok
367e50cb992fba8a2eea5de6d39455c76d82d87b,iroh_dial,loopback,cold,0,echo_rtt,0.060,ok
367e50cb992fba8a2eea5de6d39455c76d82d87b,iroh_dial,loopback,cold,0,echo_rtt,0.104,ok
367e50cb992fba8a2eea5de6d39455c76d82d87b,iroh_dial,loopback,cold,0,echo_rtt,0.100,ok
367e50cb992fba8a2eea5de6d39455c76d82d87b,iroh_dial,loopback,cold,0,echo_rtt,0.071,ok
367e50cb992fba8a2eea5de6d39455c76d82d87b,iroh_dial,loopback,cold,0,echo_rtt,0.053,ok
367e50cb992fba8a2eea5de6d39455c76d82d87b,iroh_dial,loopback,cold,0,echo_rtt,0.052,ok
367e50cb992fba8a2eea5de6d39455c76d82d87b,iroh_dial,loopback,cold,0,echo_rtt,0.038,ok
367e50cb992fba8a2eea5de6d39455c76d82d87b,iroh_dial,loopback,cold,0,echo_rtt,0.029,ok
367e50cb992fba8a2eea5de6d39455c76d82d87b,iroh_dial,loopback,cold,0,echo_rtt,0.036,ok
367e50cb992fba8a2eea5de6d39455c76d82d87b,iroh_dial,loopback,cold,0,echo_rtt,0.028,ok
367e50cb992fba8a2eea5de6d39455c76d82d87b,iroh_dial,loopback,cold,0,echo_rtt,0.035,ok
367e50cb992fba8a2eea5de6d39455c76d82d87b,iroh_dial,loopback,cold,0,echo_rtt,0.027,ok
367e50cb992fba8a2eea5de6d39455c76d82d87b,iroh_dial,loopback,cold,0,echo_rtt,0.035,ok
367e50cb992fba8a2eea5de6d39455c76d82d87b,iroh_dial,loopback,cold,0,echo_rtt,0.027,ok
367e50cb992fba8a2eea5de6d39455c76d82d87b,iroh_dial,loopback,warm,1,address_lookup,0.071,ok
367e50cb992fba8a2eea5de6d39455c76d82d87b,iroh_dial,loopback,warm,1,dial_handshake,0.336,ok
367e50cb992fba8a2eea5de6d39455c76d82d87b,iroh_dial,loopback,warm,1,stream_open,0.184,ok
367e50cb992fba8a2eea5de6d39455c76d82d87b,iroh_dial,loopback,warm,1,echo_rtt,0.055,ok
367e50cb992fba8a2eea5de6d39455c76d82d87b,iroh_dial,loopback,warm,1,echo_rtt,0.057,ok
367e50cb992fba8a2eea5de6d39455c76d82d87b,iroh_dial,loopback,warm,1,echo_rtt,0.032,ok
367e50cb992fba8a2eea5de6d39455c76d82d87b,iroh_dial,loopback,warm,1,echo_rtt,0.033,ok
367e50cb992fba8a2eea5de6d39455c76d82d87b,iroh_dial,loopback,warm,1,echo_rtt,0.025,ok
367e50cb992fba8a2eea5de6d39455c76d82d87b,iroh_dial,loopback,warm,1,echo_rtt,0.033,ok
367e50cb992fba8a2eea5de6d39455c76d82d87b,iroh_dial,loopback,warm,1,echo_rtt,0.026,ok
367e50cb992fba8a2eea5de6d39455c76d82d87b,iroh_dial,loopback,warm,1,echo_rtt,0.029,ok
367e50cb992fba8a2eea5de6d39455c76d82d87b,iroh_dial,loopback,warm,1,echo_rtt,0.028,ok
367e50cb992fba8a2eea5de6d39455c76d82d87b,iroh_dial,loopback,warm,1,echo_rtt,0.029,ok
367e50cb992fba8a2eea5de6d39455c76d82d87b,iroh_dial,loopback,warm,1,echo_rtt,0.026,ok
367e50cb992fba8a2eea5de6d39455c76d82d87b,iroh_dial,loopback,warm,1,echo_rtt,0.029,ok
367e50cb992fba8a2eea5de6d39455c76d82d87b,iroh_dial,loopback,warm,1,echo_rtt,0.029,ok
367e50cb992fba8a2eea5de6d39455c76d82d87b,iroh_dial,loopback,warm,1,echo_rtt,0.033,ok
367e50cb992fba8a2eea5de6d39455c76d82d87b,iroh_dial,loopback,warm,1,echo_rtt,0.026,ok
367e50cb992fba8a2eea5de6d39455c76d82d87b,iroh_dial,loopback,warm,1,echo_rtt,0.029,ok
367e50cb992fba8a2eea5de6d39455c76d82d87b,iroh_dial,loopback,warm,1,echo_rtt,0.032,ok
367e50cb992fba8a2eea5de6d39455c76d82d87b,iroh_dial,loopback,warm,1,echo_rtt,0.031,ok
367e50cb992fba8a2eea5de6d39455c76d82d87b,iroh_dial,loopback,warm,1,echo_rtt,0.031,ok
367e50cb992fba8a2eea5de6d39455c76d82d87b,iroh_dial,loopback,warm,1,echo_rtt,0.031,ok
367e50cb992fba8a2eea5de6d39455c76d82d87b,iroh_dial,loopback,warm,2,address_lookup,0.072,ok
367e50cb992fba8a2eea5de6d39455c76d82d87b,iroh_dial,loopback,warm,2,dial_handshake,0.367,ok
367e50cb992fba8a2eea5de6d39455c76d82d87b,iroh_dial,loopback,warm,2,stream_open,0.184,ok
367e50cb992fba8a2eea5de6d39455c76d82d87b,iroh_dial,loopback,warm,2,echo_rtt,0.053,ok
367e50cb992fba8a2eea5de6d39455c76d82d87b,iroh_dial,loopback,warm,2,echo_rtt,0.035,ok
367e50cb992fba8a2eea5de6d39455c76d82d87b,iroh_dial,loopback,warm,2,echo_rtt,0.041,ok
367e50cb992fba8a2eea5de6d39455c76d82d87b,iroh_dial,loopback,warm,2,echo_rtt,0.039,ok
367e50cb992fba8a2eea5de6d39455c76d82d87b,iroh_dial,loopback,warm,2,echo_rtt,0.025,ok
367e50cb992fba8a2eea5de6d39455c76d82d87b,iroh_dial,loopback,warm,2,echo_rtt,0.032,ok
367e50cb992fba8a2eea5de6d39455c76d82d87b,iroh_dial,loopback,warm,2,echo_rtt,0.025,ok
367e50cb992fba8a2eea5de6d39455c76d82d87b,iroh_dial,loopback,warm,2,echo_rtt,0.038,ok
367e50cb992fba8a2eea5de6d39455c76d82d87b,iroh_dial,loopback,warm,2,echo_rtt,0.027,ok
367e50cb992fba8a2eea5de6d39455c76d82d87b,iroh_dial,loopback,warm,2,echo_rtt,0.034,ok
367e50cb992fba8a2eea5de6d39455c76d82d87b,iroh_dial,loopback,warm,2,echo_rtt,0.026,ok
367e50cb992fba8a2eea5de6d39455c76d82d87b,iroh_dial,loopback,warm,2,echo_rtt,0.035,ok
367e50cb992fba8a2eea5de6d39455c76d82d87b,iroh_dial,loopback,warm,2,echo_rtt,0.026,ok
367e50cb992fba8a2eea5de6d39455c76d82d87b,iroh_dial,loopback,warm,2,echo_rtt,0.035,ok
367e50cb992fba8a2eea5de6d39455c76d82d87b,iroh_dial,loopback,warm,2,echo_rtt,0.031,ok
367e50cb992fba8a2eea5de6d39455c76d82d87b,iroh_dial,loopback,warm,2,echo_rtt,0.078,ok
367e50cb992fba8a2eea5de6d39455c76d82d87b,iroh_dial,loopback,warm,2,echo_rtt,0.027,ok
367e50cb992fba8a2eea5de6d39455c76d82d87b,iroh_dial,loopback,warm,2,echo_rtt,0.036,ok
367e50cb992fba8a2eea5de6d39455c76d82d87b,iroh_dial,loopback,warm,2,echo_rtt,0.027,ok
367e50cb992fba8a2eea5de6d39455c76d82d87b,iroh_dial,loopback,warm,2,echo_rtt,0.043,ok
367e50cb992fba8a2eea5de6d39455c76d82d87b,iroh_dial,loopback,warm,3,address_lookup,0.082,ok
367e50cb992fba8a2eea5de6d39455c76d82d87b,iroh_dial,loopback,warm,3,dial_handshake,0.428,ok
367e50cb992fba8a2eea5de6d39455c76d82d87b,iroh_dial,loopback,warm,3,stream_open,0.134,ok
367e50cb992fba8a2eea5de6d39455c76d82d87b,iroh_dial,loopback,warm,3,echo_rtt,0.052,ok
367e50cb992fba8a2eea5de6d39455c76d82d87b,iroh_dial,loopback,warm,3,echo_rtt,0.036,ok
367e50cb992fba8a2eea5de6d39455c76d82d87b,iroh_dial,loopback,warm,3,echo_rtt,0.026,ok
367e50cb992fba8a2eea5de6d39455c76d82d87b,iroh_dial,loopback,warm,3,echo_rtt,0.037,ok
367e50cb992fba8a2eea5de6d39455c76d82d87b,iroh_dial,loopback,warm,3,echo_rtt,0.026,ok
367e50cb992fba8a2eea5de6d39455c76d82d87b,iroh_dial,loopback,warm,3,echo_rtt,0.034,ok
367e50cb992fba8a2eea5de6d39455c76d82d87b,iroh_dial,loopback,warm,3,echo_rtt,0.025,ok
367e50cb992fba8a2eea5de6d39455c76d82d87b,iroh_dial,loopback,warm,3,echo_rtt,0.034,ok
367e50cb992fba8a2eea5de6d39455c76d82d87b,iroh_dial,loopback,warm,3,echo_rtt,0.035,ok
367e50cb992fba8a2eea5de6d39455c76d82d87b,iroh_dial,loopback,warm,3,echo_rtt,0.033,ok
367e50cb992fba8a2eea5de6d39455c76d82d87b,iroh_dial,loopback,warm,3,echo_rtt,0.025,ok
367e50cb992fba8a2eea5de6d39455c76d82d87b,iroh_dial,loopback,warm,3,echo_rtt,0.060,ok
367e50cb992fba8a2eea5de6d39455c76d82d87b,iroh_dial,loopback,warm,3,echo_rtt,0.027,ok
367e50cb992fba8a2eea5de6d39455c76d82d87b,iroh_dial,loopback,warm,3,echo_rtt,0.033,ok
367e50cb992fba8a2eea5de6d39455c76d82d87b,iroh_dial,loopback,warm,3,echo_rtt,0.025,ok
367e50cb992fba8a2eea5de6d39455c76d82d87b,iroh_dial,loopback,warm,3,echo_rtt,0.038,ok
367e50cb992fba8a2eea5de6d39455c76d82d87b,iroh_dial,loopback,warm,3,echo_rtt,0.025,ok
367e50cb992fba8a2eea5de6d39455c76d82d87b,iroh_dial,loopback,warm,3,echo_rtt,0.033,ok
367e50cb992fba8a2eea5de6d39455c76d82d87b,iroh_dial,loopback,warm,3,echo_rtt,0.035,ok
367e50cb992fba8a2eea5de6d39455c76d82d87b,iroh_dial,loopback,warm,3,echo_rtt,0.042,ok
367e50cb992fba8a2eea5de6d39455c76d82d87b,iroh_dial,loopback,warm,4,address_lookup,0.082,ok
367e50cb992fba8a2eea5de6d39455c76d82d87b,iroh_dial,loopback,warm,4,dial_handshake,0.387,ok
367e50cb992fba8a2eea5de6d39455c76d82d87b,iroh_dial,loopback,warm,4,stream_open,0.146,ok
367e50cb992fba8a2eea5de6d39455c76d82d87b,iroh_dial,loopback,warm,4,echo_rtt,0.086,ok
367e50cb992fba8a2eea5de6d39455c76d82d87b,iroh_dial,loopback,warm,4,echo_rtt,0.050,ok
367e50cb992fba8a2eea5de6d39455c76d82d87b,iroh_dial,loopback,warm,4,echo_rtt,0.035,ok
367e50cb992fba8a2eea5de6d39455c76d82d87b,iroh_dial,loopback,warm,4,echo_rtt,0.037,ok
367e50cb992fba8a2eea5de6d39455c76d82d87b,iroh_dial,loopback,warm,4,echo_rtt,0.041,ok
367e50cb992fba8a2eea5de6d39455c76d82d87b,iroh_dial,loopback,warm,4,echo_rtt,0.039,ok
367e50cb992fba8a2eea5de6d39455c76d82d87b,iroh_dial,loopback,warm,4,echo_rtt,0.030,ok
367e50cb992fba8a2eea5de6d39455c76d82d87b,iroh_dial,loopback,warm,4,echo_rtt,0.037,ok
367e50cb992fba8a2eea5de6d39455c76d82d87b,iroh_dial,loopback,warm,4,echo_rtt,0.041,ok
367e50cb992fba8a2eea5de6d39455c76d82d87b,iroh_dial,loopback,warm,4,echo_rtt,0.035,ok
367e50cb992fba8a2eea5de6d39455c76d82d87b,iroh_dial,loopback,warm,4,echo_rtt,0.030,ok
367e50cb992fba8a2eea5de6d39455c76d82d87b,iroh_dial,loopback,warm,4,echo_rtt,0.032,ok
367e50cb992fba8a2eea5de6d39455c76d82d87b,iroh_dial,loopback,warm,4,echo_rtt,0.032,ok
367e50cb992fba8a2eea5de6d39455c76d82d87b,iroh_dial,loopback,warm,4,echo_rtt,0.034,ok
367e50cb992fba8a2eea5de6d39455c76d82d87b,iroh_dial,loopback,warm,4,echo_rtt,0.032,ok
367e50cb992fba8a2eea5de6d39455c76d82d87b,iroh_dial,loopback,warm,4,echo_rtt,0.057,ok
367e50cb992fba8a2eea5de6d39455c76d82d87b,iroh_dial,loopback,warm,4,echo_rtt,0.043,ok
367e50cb992fba8a2eea5de6d39455c76d82d87b,iroh_dial,loopback,warm,4,echo_rtt,0.041,ok
367e50cb992fba8a2eea5de6d39455c76d82d87b,iroh_dial,loopback,warm,4,echo_rtt,0.033,ok
367e50cb992fba8a2eea5de6d39455c76d82d87b,iroh_dial,loopback,warm,4,echo_rtt,0.034,ok
367e50cb992fba8a2eea5de6d39455c76d82d87b,iroh_dial,loopback,warm,5,address_lookup,0.085,ok
367e50cb992fba8a2eea5de6d39455c76d82d87b,iroh_dial,loopback,warm,5,dial_handshake,0.401,ok
367e50cb992fba8a2eea5de6d39455c76d82d87b,iroh_dial,loopback,warm,5,stream_open,0.171,ok
367e50cb992fba8a2eea5de6d39455c76d82d87b,iroh_dial,loopback,warm,5,echo_rtt,0.050,ok
367e50cb992fba8a2eea5de6d39455c76d82d87b,iroh_dial,loopback,warm,5,echo_rtt,0.037,ok
367e50cb992fba8a2eea5de6d39455c76d82d87b,iroh_dial,loopback,warm,5,echo_rtt,0.033,ok
367e50cb992fba8a2eea5de6d39455c76d82d87b,iroh_dial,loopback,warm,5,echo_rtt,0.031,ok
367e50cb992fba8a2eea5de6d39455c76d82d87b,iroh_dial,loopback,warm,5,echo_rtt,0.031,ok
367e50cb992fba8a2eea5de6d39455c76d82d87b,iroh_dial,loopback,warm,5,echo_rtt,0.031,ok
367e50cb992fba8a2eea5de6d39455c76d82d87b,iroh_dial,loopback,warm,5,echo_rtt,0.030,ok
367e50cb992fba8a2eea5de6d39455c76d82d87b,iroh_dial,loopback,warm,5,echo_rtt,0.031,ok
367e50cb992fba8a2eea5de6d39455c76d82d87b,iroh_dial,loopback,warm,5,echo_rtt,0.032,ok
367e50cb992fba8a2eea5de6d39455c76d82d87b,iroh_dial,loopback,warm,5,echo_rtt,0.032,ok
367e50cb992fba8a2eea5de6d39455c76d82d87b,iroh_dial,loopback,warm,5,echo_rtt,0.031,ok
367e50cb992fba8a2eea5de6d39455c76d82d87b,iroh_dial,loopback,warm,5,echo_rtt,0.031,ok
367e50cb992fba8a2eea5de6d39455c76d82d87b,iroh_dial,loopback,warm,5,echo_rtt,0.033,ok
367e50cb992fba8a2eea5de6d39455c76d82d87b,iroh_dial,loopback,warm,5,echo_rtt,0.031,ok
367e50cb992fba8a2eea5de6d39455c76d82d87b,iroh_dial,loopback,warm,5,echo_rtt,0.031,ok
367e50cb992fba8a2eea5de6d39455c76d82d87b,iroh_dial,loopback,warm,5,echo_rtt,0.030,ok
367e50cb992fba8a2eea5de6d39455c76d82d87b,iroh_dial,loopback,warm,5,echo_rtt,0.030,ok
367e50cb992fba8a2eea5de6d39455c76d82d87b,iroh_dial,loopback,warm,5,echo_rtt,0.030,ok
367e50cb992fba8a2eea5de6d39455c76d82d87b,iroh_dial,loopback,warm,5,echo_rtt,0.030,ok
367e50cb992fba8a2eea5de6d39455c76d82d87b,iroh_dial,loopback,warm,5,echo_rtt,0.030,ok
367e50cb992fba8a2eea5de6d39455c76d82d87b,iroh_dial,loopback,warm,6,address_lookup,0.075,ok
367e50cb992fba8a2eea5de6d39455c76d82d87b,iroh_dial,loopback,warm,6,dial_handshake,0.404,ok
367e50cb992fba8a2eea5de6d39455c76d82d87b,iroh_dial,loopback,warm,6,stream_open,0.178,ok
367e50cb992fba8a2eea5de6d39455c76d82d87b,iroh_dial,loopback,warm,6,echo_rtt,0.059,ok
367e50cb992fba8a2eea5de6d39455c76d82d87b,iroh_dial,loopback,warm,6,echo_rtt,0.049,ok
367e50cb992fba8a2eea5de6d39455c76d82d87b,iroh_dial,loopback,warm,6,echo_rtt,0.035,ok
367e50cb992fba8a2eea5de6d39455c76d82d87b,iroh_dial,loopback,warm,6,echo_rtt,0.032,ok
367e50cb992fba8a2eea5de6d39455c76d82d87b,iroh_dial,loopback,warm,6,echo_rtt,0.032,ok
367e50cb992fba8a2eea5de6d39455c76d82d87b,iroh_dial,loopback,warm,6,echo_rtt,0.030,ok
367e50cb992fba8a2eea5de6d39455c76d82d87b,iroh_dial,loopback,warm,6,echo_rtt,0.029,ok
367e50cb992fba8a2eea5de6d39455c76d82d87b,iroh_dial,loopback,warm,6,echo_rtt,0.032,ok
367e50cb992fba8a2eea5de6d39455c76d82d87b,iroh_dial,loopback,warm,6,echo_rtt,0.031,ok
367e50cb992fba8a2eea5de6d39455c76d82d87b,iroh_dial,loopback,warm,6,echo_rtt,0.032,ok
367e50cb992fba8a2eea5de6d39455c76d82d87b,iroh_dial,loopback,warm,6,echo_rtt,0.031,ok
367e50cb992fba8a2eea5de6d39455c76d82d87b,iroh_dial,loopback,warm,6,echo_rtt,0.031,ok
367e50cb992fba8a2eea5de6d39455c76d82d87b,iroh_dial,loopback,warm,6,echo_rtt,0.031,ok
367e50cb992fba8a2eea5de6d39455c76d82d87b,iroh_dial,loopback,warm,6,echo_rtt,0.030,ok
367e50cb992fba8a2eea5de6d39455c76d82d87b,iroh_dial,loopback,warm,6,echo_rtt,0.031,ok
367e50cb992fba8a2eea5de6d39455c76d82d87b,iroh_dial,loopback,warm,6,echo_rtt,0.032,ok
367e50cb992fba8a2eea5de6d39455c76d82d87b,iroh_dial,loopback,warm,6,echo_rtt,0.035,ok
367e50cb992fba8a2eea5de6d39455c76d82d87b,iroh_dial,loopback,warm,6,echo_rtt,0.031,ok
367e50cb992fba8a2eea5de6d39455c76d82d87b,iroh_dial,loopback,warm,6,echo_rtt,0.031,ok
367e50cb992fba8a2eea5de6d39455c76d82d87b,iroh_dial,loopback,warm,6,echo_rtt,0.030,ok
367e50cb992fba8a2eea5de6d39455c76d82d87b,iroh_dial,loopback,warm,7,address_lookup,0.084,ok
367e50cb992fba8a2eea5de6d39455c76d82d87b,iroh_dial,loopback,warm,7,dial_handshake,0.387,ok
367e50cb992fba8a2eea5de6d39455c76d82d87b,iroh_dial,loopback,warm,7,stream_open,0.157,ok
367e50cb992fba8a2eea5de6d39455c76d82d87b,iroh_dial,loopback,warm,7,echo_rtt,0.058,ok
367e50cb992fba8a2eea5de6d39455c76d82d87b,iroh_dial,loopback,warm,7,echo_rtt,0.044,ok
367e50cb992fba8a2eea5de6d39455c76d82d87b,iroh_dial,loopback,warm,7,echo_rtt,0.036,ok
367e50cb992fba8a2eea5de6d39455c76d82d87b,iroh_dial,loopback,warm,7,echo_rtt,0.026,ok
367e50cb992fba8a2eea5de6d39455c76d82d87b,iroh_dial,loopback,warm,7,echo_rtt,0.035,ok
367e50cb992fba8a2eea5de6d39455c76d82d87b,iroh_dial,loopback,warm,7,echo_rtt,0.027,ok
367e50cb992fba8a2eea5de6d39455c76d82d87b,iroh_dial,loopback,warm,7,echo_rtt,0.038,ok
367e50cb992fba8a2eea5de6d39455c76d82d87b,iroh_dial,loopback,warm,7,echo_rtt,0.027,ok
367e50cb992fba8a2eea5de6d39455c76d82d87b,iroh_dial,loopback,warm,7,echo_rtt,0.036,ok
367e50cb992fba8a2eea5de6d39455c76d82d87b,iroh_dial,loopback,warm,7,echo_rtt,0.026,ok
367e50cb992fba8a2eea5de6d39455c76d82d87b,iroh_dial,loopback,warm,7,echo_rtt,0.035,ok
367e50cb992fba8a2eea5de6d39455c76d82d87b,iroh_dial,loopback,warm,7,echo_rtt,0.026,ok
367e50cb992fba8a2eea5de6d39455c76d82d87b,iroh_dial,loopback,warm,7,echo_rtt,0.033,ok
367e50cb992fba8a2eea5de6d39455c76d82d87b,iroh_dial,loopback,warm,7,echo_rtt,0.031,ok
367e50cb992fba8a2eea5de6d39455c76d82d87b,iroh_dial,loopback,warm,7,echo_rtt,0.030,ok
367e50cb992fba8a2eea5de6d39455c76d82d87b,iroh_dial,loopback,warm,7,echo_rtt,0.033,ok
367e50cb992fba8a2eea5de6d39455c76d82d87b,iroh_dial,loopback,warm,7,echo_rtt,0.030,ok
367e50cb992fba8a2eea5de6d39455c76d82d87b,iroh_dial,loopback,warm,7,echo_rtt,0.031,ok
367e50cb992fba8a2eea5de6d39455c76d82d87b,iroh_dial,loopback,warm,7,echo_rtt,0.030,ok
367e50cb992fba8a2eea5de6d39455c76d82d87b,iroh_dial,loopback,warm,7,echo_rtt,0.031,ok
367e50cb992fba8a2eea5de6d39455c76d82d87b,iroh_dial,loopback,warm,8,address_lookup,0.086,ok
367e50cb992fba8a2eea5de6d39455c76d82d87b,iroh_dial,loopback,warm,8,dial_handshake,0.421,ok
367e50cb992fba8a2eea5de6d39455c76d82d87b,iroh_dial,loopback,warm,8,stream_open,0.175,ok
367e50cb992fba8a2eea5de6d39455c76d82d87b,iroh_dial,loopback,warm,8,echo_rtt,0.056,ok
367e50cb992fba8a2eea5de6d39455c76d82d87b,iroh_dial,loopback,warm,8,echo_rtt,0.036,ok
367e50cb992fba8a2eea5de6d39455c76d82d87b,iroh_dial,loopback,warm,8,echo_rtt,0.029,ok
367e50cb992fba8a2eea5de6d39455c76d82d87b,iroh_dial,loopback,warm,8,echo_rtt,0.032,ok
367e50cb992fba8a2eea5de6d39455c76d82d87b,iroh_dial,loopback,warm,8,echo_rtt,0.027,ok
367e50cb992fba8a2eea5de6d39455c76d82d87b,iroh_dial,loopback,warm,8,echo_rtt,0.031,ok
367e50cb992fba8a2eea5de6d39455c76d82d87b,iroh_dial,loopback,warm,8,echo_rtt,0.028,ok
367e50cb992fba8a2eea5de6d39455c76d82d87b,iroh_dial,loopback,warm,8,echo_rtt,0.031,ok
367e50cb992fba8a2eea5de6d39455c76d82d87b,iroh_dial,loopback,warm,8,echo_rtt,0.033,ok
367e50cb992fba8a2eea5de6d39455c76d82d87b,iroh_dial,loopback,warm,8,echo_rtt,0.026,ok
367e50cb992fba8a2eea5de6d39455c76d82d87b,iroh_dial,loopback,warm,8,echo_rtt,0.033,ok
367e50cb992fba8a2eea5de6d39455c76d82d87b,iroh_dial,loopback,warm,8,echo_rtt,0.026,ok
367e50cb992fba8a2eea5de6d39455c76d82d87b,iroh_dial,loopback,warm,8,echo_rtt,0.033,ok
367e50cb992fba8a2eea5de6d39455c76d82d87b,iroh_dial,loopback,warm,8,echo_rtt,0.025,ok
367e50cb992fba8a2eea5de6d39455c76d82d87b,iroh_dial,loopback,warm,8,echo_rtt,0.033,ok
367e50cb992fba8a2eea5de6d39455c76d82d87b,iroh_dial,loopback,warm,8,echo_rtt,0.025,ok
367e50cb992fba8a2eea5de6d39455c76d82d87b,iroh_dial,loopback,warm,8,echo_rtt,0.033,ok
367e50cb992fba8a2eea5de6d39455c76d82d87b,iroh_dial,loopback,warm,8,echo_rtt,0.025,ok
367e50cb992fba8a2eea5de6d39455c76d82d87b,iroh_dial,loopback,warm,8,echo_rtt,0.033,ok
367e50cb992fba8a2eea5de6d39455c76d82d87b,iroh_dial,loopback,warm,8,echo_rtt,0.025,ok
367e50cb992fba8a2eea5de6d39455c76d82d87b,iroh_dial,loopback,warm,9,address_lookup,0.073,ok
367e50cb992fba8a2eea5de6d39455c76d82d87b,iroh_dial,loopback,warm,9,dial_handshake,0.327,ok
367e50cb992fba8a2eea5de6d39455c76d82d87b,iroh_dial,loopback,warm,9,stream_open,0.149,ok
367e50cb992fba8a2eea5de6d39455c76d82d87b,iroh_dial,loopback,warm,9,echo_rtt,0.054,ok
367e50cb992fba8a2eea5de6d39455c76d82d87b,iroh_dial,loopback,warm,9,echo_rtt,0.026,ok
367e50cb992fba8a2eea5de6d39455c76d82d87b,iroh_dial,loopback,warm,9,echo_rtt,0.036,ok
367e50cb992fba8a2eea5de6d39455c76d82d87b,iroh_dial,loopback,warm,9,echo_rtt,0.027,ok
367e50cb992fba8a2eea5de6d39455c76d82d87b,iroh_dial,loopback,warm,9,echo_rtt,0.036,ok
367e50cb992fba8a2eea5de6d39455c76d82d87b,iroh_dial,loopback,warm,9,echo_rtt,0.027,ok
367e50cb992fba8a2eea5de6d39455c76d82d87b,iroh_dial,loopback,warm,9,echo_rtt,0.035,ok
367e50cb992fba8a2eea5de6d39455c76d82d87b,iroh_dial,loopback,warm,9,echo_rtt,0.028,ok
367e50cb992fba8a2eea5de6d39455c76d82d87b,iroh_dial,loopback,warm,9,echo_rtt,0.034,ok
367e50cb992fba8a2eea5de6d39455c76d82d87b,iroh_dial,loopback,warm,9,echo_rtt,0.026,ok
367e50cb992fba8a2eea5de6d39455c76d82d87b,iroh_dial,loopback,warm,9,echo_rtt,0.033,ok
367e50cb992fba8a2eea5de6d39455c76d82d87b,iroh_dial,loopback,warm,9,echo_rtt,0.026,ok
367e50cb992fba8a2eea5de6d39455c76d82d87b,iroh_dial,loopback,warm,9,echo_rtt,0.033,ok
367e50cb992fba8a2eea5de6d39455c76d82d87b,iroh_dial,loopback,warm,9,echo_rtt,0.031,ok
367e50cb992fba8a2eea5de6d39455c76d82d87b,iroh_dial,loopback,warm,9,echo_rtt,0.035,ok
367e50cb992fba8a2eea5de6d39455c76d82d87b,iroh_dial,loopback,warm,9,echo_rtt,0.026,ok
367e50cb992fba8a2eea5de6d39455c76d82d87b,iroh_dial,loopback,warm,9,echo_rtt,0.033,ok
367e50cb992fba8a2eea5de6d39455c76d82d87b,iroh_dial,loopback,warm,9,echo_rtt,0.026,ok
367e50cb992fba8a2eea5de6d39455c76d82d87b,iroh_dial,loopback,warm,9,echo_rtt,0.035,ok
367e50cb992fba8a2eea5de6d39455c76d82d87b,iroh_dial,loopback,warm,9,echo_rtt,0.026,ok
367e50cb992fba8a2eea5de6d39455c76d82d87b,iroh_dial,loopback,warm,10,address_lookup,0.082,ok
367e50cb992fba8a2eea5de6d39455c76d82d87b,iroh_dial,loopback,warm,10,dial_handshake,0.341,ok
367e50cb992fba8a2eea5de6d39455c76d82d87b,iroh_dial,loopback,warm,10,stream_open,0.161,ok
367e50cb992fba8a2eea5de6d39455c76d82d87b,iroh_dial,loopback,warm,10,echo_rtt,0.076,ok
367e50cb992fba8a2eea5de6d39455c76d82d87b,iroh_dial,loopback,warm,10,echo_rtt,0.030,ok
367e50cb992fba8a2eea5de6d39455c76d82d87b,iroh_dial,loopback,warm,10,echo_rtt,0.039,ok
367e50cb992fba8a2eea5de6d39455c76d82d87b,iroh_dial,loopback,warm,10,echo_rtt,0.025,ok
367e50cb992fba8a2eea5de6d39455c76d82d87b,iroh_dial,loopback,warm,10,echo_rtt,0.033,ok
367e50cb992fba8a2eea5de6d39455c76d82d87b,iroh_dial,loopback,warm,10,echo_rtt,0.028,ok
367e50cb992fba8a2eea5de6d39455c76d82d87b,iroh_dial,loopback,warm,10,echo_rtt,0.029,ok
367e50cb992fba8a2eea5de6d39455c76d82d87b,iroh_dial,loopback,warm,10,echo_rtt,0.029,ok
367e50cb992fba8a2eea5de6d39455c76d82d87b,iroh_dial,loopback,warm,10,echo_rtt,0.029,ok
367e50cb992fba8a2eea5de6d39455c76d82d87b,iroh_dial,loopback,warm,10,echo_rtt,0.027,ok
367e50cb992fba8a2eea5de6d39455c76d82d87b,iroh_dial,loopback,warm,10,echo_rtt,0.029,ok
367e50cb992fba8a2eea5de6d39455c76d82d87b,iroh_dial,loopback,warm,10,echo_rtt,0.049,ok
367e50cb992fba8a2eea5de6d39455c76d82d87b,iroh_dial,loopback,warm,10,echo_rtt,0.032,ok
367e50cb992fba8a2eea5de6d39455c76d82d87b,iroh_dial,loopback,warm,10,echo_rtt,0.035,ok
367e50cb992fba8a2eea5de6d39455c76d82d87b,iroh_dial,loopback,warm,10,echo_rtt,0.025,ok
367e50cb992fba8a2eea5de6d39455c76d82d87b,iroh_dial,loopback,warm,10,echo_rtt,0.032,ok
367e50cb992fba8a2eea5de6d39455c76d82d87b,iroh_dial,loopback,warm,10,echo_rtt,0.025,ok
367e50cb992fba8a2eea5de6d39455c76d82d87b,iroh_dial,loopback,warm,10,echo_rtt,0.031,ok
367e50cb992fba8a2eea5de6d39455c76d82d87b,iroh_dial,loopback,warm,10,echo_rtt,0.024,ok
367e50cb992fba8a2eea5de6d39455c76d82d87b,iroh_dial,loopback,warm,10,echo_rtt,0.031,ok
367e50cb992fba8a2eea5de6d39455c76d82d87b,iroh_dial,loopback,warm,11,address_lookup,0.084,ok
367e50cb992fba8a2eea5de6d39455c76d82d87b,iroh_dial,loopback,warm,11,dial_handshake,0.304,ok
367e50cb992fba8a2eea5de6d39455c76d82d87b,iroh_dial,loopback,warm,11,stream_open,0.136,ok
367e50cb992fba8a2eea5de6d39455c76d82d87b,iroh_dial,loopback,warm,11,echo_rtt,0.073,ok
367e50cb992fba8a2eea5de6d39455c76d82d87b,iroh_dial,loopback,warm,11,echo_rtt,0.034,ok
367e50cb992fba8a2eea5de6d39455c76d82d87b,iroh_dial,loopback,warm,11,echo_rtt,0.033,ok
367e50cb992fba8a2eea5de6d39455c76d82d87b,iroh_dial,loopback,warm,11,echo_rtt,0.042,ok
367e50cb992fba8a2eea5de6d39455c76d82d87b,iroh_dial,loopback,warm,11,echo_rtt,0.028,ok
367e50cb992fba8a2eea5de6d39455c76d82d87b,iroh_dial,loopback,warm,11,echo_rtt,0.037,ok
367e50cb992fba8a2eea5de6d39455c76d82d87b,iroh_dial,loopback,warm,11,echo_rtt,0.031,ok
367e50cb992fba8a2eea5de6d39455c76d82d87b,iroh_dial,loopback,warm,11,echo_rtt,0.038,ok
367e50cb992fba8a2eea5de6d39455c76d82d87b,iroh_dial,loopback,warm,11,echo_rtt,0.026,ok
367e50cb992fba8a2eea5de6d39455c76d82d87b,iroh_dial,loopback,warm,11,echo_rtt,0.033,ok
367e50cb992fba8a2eea5de6d39455c76d82d87b,iroh_dial,loopback,warm,11,echo_rtt,0.026,ok
367e50cb992fba8a2eea5de6d39455c76d82d87b,iroh_dial,loopback,warm,11,echo_rtt,0.033,ok
367e50cb992fba8a2eea5de6d39455c76d82d87b,iroh_dial,loopback,warm,11,echo_rtt,0.026,ok
367e50cb992fba8a2eea5de6d39455c76d82d87b,iroh_dial,loopback,warm,11,echo_rtt,0.033,ok
367e50cb992fba8a2eea5de6d39455c76d82d87b,iroh_dial,loopback,warm,11,echo_rtt,0.026,ok
367e50cb992fba8a2eea5de6d39455c76d82d87b,iroh_dial,loopback,warm,11,echo_rtt,0.033,ok
367e50cb992fba8a2eea5de6d39455c76d82d87b,iroh_dial,loopback,warm,11,echo_rtt,0.028,ok
367e50cb992fba8a2eea5de6d39455c76d82d87b,iroh_dial,loopback,warm,11,echo_rtt,0.034,ok
367e50cb992fba8a2eea5de6d39455c76d82d87b,iroh_dial,loopback,warm,11,echo_rtt,0.026,ok
367e50cb992fba8a2eea5de6d39455c76d82d87b,iroh_dial,loopback,warm,11,echo_rtt,0.033,ok
367e50cb992fba8a2eea5de6d39455c76d82d87b,iroh_dial,loopback,warm,12,address_lookup,0.076,ok
367e50cb992fba8a2eea5de6d39455c76d82d87b,iroh_dial,loopback,warm,12,dial_handshake,0.294,ok
367e50cb992fba8a2eea5de6d39455c76d82d87b,iroh_dial,loopback,warm,12,stream_open,0.271,ok
367e50cb992fba8a2eea5de6d39455c76d82d87b,iroh_dial,loopback,warm,12,echo_rtt,0.039,ok
367e50cb992fba8a2eea5de6d39455c76d82d87b,iroh_dial,loopback,warm,12,echo_rtt,0.035,ok
367e50cb992fba8a2eea5de6d39455c76d82d87b,iroh_dial,loopback,warm,12,echo_rtt,0.034,ok
367e50cb992fba8a2eea5de6d39455c76d82d87b,iroh_dial,loopback,warm,12,echo_rtt,0.032,ok
367e50cb992fba8a2eea5de6d39455c76d82d87b,iroh_dial,loopback,warm,12,echo_rtt,0.033,ok
367e50cb992fba8a2eea5de6d39455c76d82d87b,iroh_dial,loopback,warm,12,echo_rtt,0.033,ok
367e50cb992fba8a2eea5de6d39455c76d82d87b,iroh_dial,loopback,warm,12,echo_rtt,0.033,ok
367e50cb992fba8a2eea5de6d39455c76d82d87b,iroh_dial,loopback,warm,12,echo_rtt,0.040,ok
367e50cb992fba8a2eea5de6d39455c76d82d87b,iroh_dial,loopback,warm,12,echo_rtt,0.034,ok
367e50cb992fba8a2eea5de6d39455c76d82d87b,iroh_dial,loopback,warm,12,echo_rtt,0.032,ok
367e50cb992fba8a2eea5de6d39455c76d82d87b,iroh_dial,loopback,warm,12,echo_rtt,0.033,ok
367e50cb992fba8a2eea5de6d39455c76d82d87b,iroh_dial,loopback,warm,12,echo_rtt,0.038,ok
367e50cb992fba8a2eea5de6d39455c76d82d87b,iroh_dial,loopback,warm,12,echo_rtt,0.028,ok
367e50cb992fba8a2eea5de6d39455c76d82d87b,iroh_dial,loopback,warm,12,echo_rtt,0.039,ok
367e50cb992fba8a2eea5de6d39455c76d82d87b,iroh_dial,loopback,warm,12,echo_rtt,0.028,ok
367e50cb992fba8a2eea5de6d39455c76d82d87b,iroh_dial,loopback,warm,12,echo_rtt,0.037,ok
367e50cb992fba8a2eea5de6d39455c76d82d87b,iroh_dial,loopback,warm,12,echo_rtt,0.027,ok
367e50cb992fba8a2eea5de6d39455c76d82d87b,iroh_dial,loopback,warm,12,echo_rtt,0.037,ok
367e50cb992fba8a2eea5de6d39455c76d82d87b,iroh_dial,loopback,warm,12,echo_rtt,0.028,ok
367e50cb992fba8a2eea5de6d39455c76d82d87b,iroh_dial,loopback,warm,12,echo_rtt,0.037,ok
367e50cb992fba8a2eea5de6d39455c76d82d87b,iroh_dial,loopback,warm,13,address_lookup,0.088,ok
367e50cb992fba8a2eea5de6d39455c76d82d87b,iroh_dial,loopback,warm,13,dial_handshake,0.328,ok
367e50cb992fba8a2eea5de6d39455c76d82d87b,iroh_dial,loopback,warm,13,stream_open,0.187,ok
367e50cb992fba8a2eea5de6d39455c76d82d87b,iroh_dial,loopback,warm,13,echo_rtt,0.085,ok
367e50cb992fba8a2eea5de6d39455c76d82d87b,iroh_dial,loopback,warm,13,echo_rtt,0.035,ok
367e50cb992fba8a2eea5de6d39455c76d82d87b,iroh_dial,loopback,warm,13,echo_rtt,0.033,ok
367e50cb992fba8a2eea5de6d39455c76d82d87b,iroh_dial,loopback,warm,13,echo_rtt,0.030,ok
367e50cb992fba8a2eea5de6d39455c76d82d87b,iroh_dial,loopback,warm,13,echo_rtt,0.032,ok
367e50cb992fba8a2eea5de6d39455c76d82d87b,iroh_dial,loopback,warm,13,echo_rtt,0.030,ok
367e50cb992fba8a2eea5de6d39455c76d82d87b,iroh_dial,loopback,warm,13,echo_rtt,0.032,ok
367e50cb992fba8a2eea5de6d39455c76d82d87b,iroh_dial,loopback,warm,13,echo_rtt,0.030,ok
367e50cb992fba8a2eea5de6d39455c76d82d87b,iroh_dial,loopback,warm,13,echo_rtt,0.032,ok
367e50cb992fba8a2eea5de6d39455c76d82d87b,iroh_dial,loopback,warm,13,echo_rtt,0.031,ok
367e50cb992fba8a2eea5de6d39455c76d82d87b,iroh_dial,loopback,warm,13,echo_rtt,0.033,ok
367e50cb992fba8a2eea5de6d39455c76d82d87b,iroh_dial,loopback,warm,13,echo_rtt,0.030,ok
367e50cb992fba8a2eea5de6d39455c76d82d87b,iroh_dial,loopback,warm,13,echo_rtt,0.031,ok
367e50cb992fba8a2eea5de6d39455c76d82d87b,iroh_dial,loopback,warm,13,echo_rtt,0.031,ok
367e50cb992fba8a2eea5de6d39455c76d82d87b,iroh_dial,loopback,warm,13,echo_rtt,0.040,ok
367e50cb992fba8a2eea5de6d39455c76d82d87b,iroh_dial,loopback,warm,13,echo_rtt,0.030,ok
367e50cb992fba8a2eea5de6d39455c76d82d87b,iroh_dial,loopback,warm,13,echo_rtt,0.031,ok
367e50cb992fba8a2eea5de6d39455c76d82d87b,iroh_dial,loopback,warm,13,echo_rtt,0.027,ok
367e50cb992fba8a2eea5de6d39455c76d82d87b,iroh_dial,loopback,warm,13,echo_rtt,0.031,ok
367e50cb992fba8a2eea5de6d39455c76d82d87b,iroh_dial,loopback,warm,13,echo_rtt,0.027,ok
367e50cb992fba8a2eea5de6d39455c76d82d87b,iroh_dial,loopback,warm,14,address_lookup,0.082,ok
367e50cb992fba8a2eea5de6d39455c76d82d87b,iroh_dial,loopback,warm,14,dial_handshake,0.348,ok
367e50cb992fba8a2eea5de6d39455c76d82d87b,iroh_dial,loopback,warm,14,stream_open,0.096,ok
367e50cb992fba8a2eea5de6d39455c76d82d87b,iroh_dial,loopback,warm,14,echo_rtt,0.070,ok
367e50cb992fba8a2eea5de6d39455c76d82d87b,iroh_dial,loopback,warm,14,echo_rtt,0.045,ok
367e50cb992fba8a2eea5de6d39455c76d82d87b,iroh_dial,loopback,warm,14,echo_rtt,0.033,ok
367e50cb992fba8a2eea5de6d39455c76d82d87b,iroh_dial,loopback,warm,14,echo_rtt,0.039,ok
367e50cb992fba8a2eea5de6d39455c76d82d87b,iroh_dial,loopback,warm,14,echo_rtt,0.029,ok
367e50cb992fba8a2eea5de6d39455c76d82d87b,iroh_dial,loopback,warm,14,echo_rtt,0.037,ok
367e50cb992fba8a2eea5de6d39455c76d82d87b,iroh_dial,loopback,warm,14,echo_rtt,0.078,ok
367e50cb992fba8a2eea5de6d39455c76d82d87b,iroh_dial,loopback,warm,14,echo_rtt,0.039,ok
367e50cb992fba8a2eea5de6d39455c76d82d87b,iroh_dial,loopback,warm,14,echo_rtt,0.029,ok
367e50cb992fba8a2eea5de6d39455c76d82d87b,iroh_dial,loopback,warm,14,echo_rtt,0.037,ok
367e50cb992fba8a2eea5de6d39455c76d82d87b,iroh_dial,loopback,warm,14,echo_rtt,0.028,ok
367e50cb992fba8a2eea5de6d39455c76d82d87b,iroh_dial,loopback,warm,14,echo_rtt,0.037,ok
367e50cb992fba8a2eea5de6d39455c76d82d87b,iroh_dial,loopback,warm,14,echo_rtt,0.028,ok
367e50cb992fba8a2eea5de6d39455c76d82d87b,iroh_dial,loopback,warm,14,echo_rtt,0.039,ok
367e50cb992fba8a2eea5de6d39455c76d82d87b,iroh_dial,loopback,warm,14,echo_rtt,0.028,ok
367e50cb992fba8a2eea5de6d39455c76d82d87b,iroh_dial,loopback,warm,14,echo_rtt,0.038,ok
367e50cb992fba8a2eea5de6d39455c76d82d87b,iroh_dial,loopback,warm,14,echo_rtt,0.028,ok
367e50cb992fba8a2eea5de6d39455c76d82d87b,iroh_dial,loopback,warm,14,echo_rtt,0.038,ok
367e50cb992fba8a2eea5de6d39455c76d82d87b,iroh_dial,loopback,warm,14,echo_rtt,0.027,ok
367e50cb992fba8a2eea5de6d39455c76d82d87b,iroh_dial,loopback,warm,14,echo_rtt,0.037,ok
367e50cb992fba8a2eea5de6d39455c76d82d87b,iroh_dial,loopback,warm,15,address_lookup,0.077,ok
367e50cb992fba8a2eea5de6d39455c76d82d87b,iroh_dial,loopback,warm,15,dial_handshake,0.361,ok
367e50cb992fba8a2eea5de6d39455c76d82d87b,iroh_dial,loopback,warm,15,stream_open,0.177,ok
367e50cb992fba8a2eea5de6d39455c76d82d87b,iroh_dial,loopback,warm,15,echo_rtt,0.083,ok
367e50cb992fba8a2eea5de6d39455c76d82d87b,iroh_dial,loopback,warm,15,echo_rtt,0.041,ok
367e50cb992fba8a2eea5de6d39455c76d82d87b,iroh_dial,loopback,warm,15,echo_rtt,0.029,ok
367e50cb992fba8a2eea5de6d39455c76d82d87b,iroh_dial,loopback,warm,15,echo_rtt,0.038,ok
367e50cb992fba8a2eea5de6d39455c76d82d87b,iroh_dial,loopback,warm,15,echo_rtt,0.028,ok
367e50cb992fba8a2eea5de6d39455c76d82d87b,iroh_dial,loopback,warm,15,echo_rtt,0.039,ok
367e50cb992fba8a2eea5de6d39455c76d82d87b,iroh_dial,loopback,warm,15,echo_rtt,0.028,ok
367e50cb992fba8a2eea5de6d39455c76d82d87b,iroh_dial,loopback,warm,15,echo_rtt,0.037,ok
367e50cb992fba8a2eea5de6d39455c76d82d87b,iroh_dial,loopback,warm,15,echo_rtt,0.028,ok
367e50cb992fba8a2eea5de6d39455c76d82d87b,iroh_dial,loopback,warm,15,echo_rtt,0.037,ok
367e50cb992fba8a2eea5de6d39455c76d82d87b,iroh_dial,loopback,warm,15,echo_rtt,0.027,ok
367e50cb992fba8a2eea5de6d39455c76d82d87b,iroh_dial,loopback,warm,15,echo_rtt,0.037,ok
367e50cb992fba8a2eea5de6d39455c76d82d87b,iroh_dial,loopback,warm,15,echo_rtt,0.028,ok
367e50cb992fba8a2eea5de6d39455c76d82d87b,iroh_dial,loopback,warm,15,echo_rtt,0.081,ok
367e50cb992fba8a2eea5de6d39455c76d82d87b,iroh_dial,loopback,warm,15,echo_rtt,0.029,ok
367e50cb992fba8a2eea5de6d39455c76d82d87b,iroh_dial,loopback,warm,15,echo_rtt,0.037,ok
367e50cb992fba8a2eea5de6d39455c76d82d87b,iroh_dial,loopback,warm,15,echo_rtt,0.028,ok
367e50cb992fba8a2eea5de6d39455c76d82d87b,iroh_dial,loopback,warm,15,echo_rtt,0.037,ok
367e50cb992fba8a2eea5de6d39455c76d82d87b,iroh_dial,loopback,warm,15,echo_rtt,0.028,ok
367e50cb992fba8a2eea5de6d39455c76d82d87b,iroh_dial,loopback,warm,15,echo_rtt,0.037,ok
367e50cb992fba8a2eea5de6d39455c76d82d87b,iroh_dial,loopback,warm,16,address_lookup,0.089,ok
367e50cb992fba8a2eea5de6d39455c76d82d87b,iroh_dial,loopback,warm,16,dial_handshake,0.350,ok
367e50cb992fba8a2eea5de6d39455c76d82d87b,iroh_dial,loopback,warm,16,stream_open,0.191,ok
367e50cb992fba8a2eea5de6d39455c76d82d87b,iroh_dial,loopback,warm,16,echo_rtt,0.047,ok
367e50cb992fba8a2eea5de6d39455c76d82d87b,iroh_dial,loopback,warm,16,echo_rtt,0.042,ok
367e50cb992fba8a2eea5de6d39455c76d82d87b,iroh_dial,loopback,warm,16,echo_rtt,0.029,ok
367e50cb992fba8a2eea5de6d39455c76d82d87b,iroh_dial,loopback,warm,16,echo_rtt,0.060,ok
367e50cb992fba8a2eea5de6d39455c76d82d87b,iroh_dial,loopback,warm,16,echo_rtt,0.037,ok
367e50cb992fba8a2eea5de6d39455c76d82d87b,iroh_dial,loopback,warm,16,echo_rtt,0.041,ok
367e50cb992fba8a2eea5de6d39455c76d82d87b,iroh_dial,loopback,warm,16,echo_rtt,0.040,ok
367e50cb992fba8a2eea5de6d39455c76d82d87b,iroh_dial,loopback,warm,16,echo_rtt,0.044,ok
367e50cb992fba8a2eea5de6d39455c76d82d87b,iroh_dial,loopback,warm,16,echo_rtt,0.029,ok
367e50cb992fba8a2eea5de6d39455c76d82d87b,iroh_dial,loopback,warm,16,echo_rtt,0.038,ok
367e50cb992fba8a2eea5de6d39455c76d82d87b,iroh_dial,loopback,warm,16,echo_rtt,0.033,ok
367e50cb992fba8a2eea5de6d39455c76d82d87b,iroh_dial,loopback,warm,16,echo_rtt,0.038,ok
367e50cb992fba8a2eea5de6d39455c76d82d87b,iroh_dial,loopback,warm,16,echo_rtt,0.036,ok
367e50cb992fba8a2eea5de6d39455c76d82d87b,iroh_dial,loopback,warm,16,echo_rtt,0.029,ok
367e50cb992fba8a2eea5de6d39455c76d82d87b,iroh_dial,loopback,warm,16,echo_rtt,0.071,ok
367e50cb992fba8a2eea5de6d39455c76d82d87b,iroh_dial,loopback,warm,16,echo_rtt,0.028,ok
367e50cb992fba8a2eea5de6d39455c76d82d87b,iroh_dial,loopback,warm,16,echo_rtt,0.027,ok
367e50cb992fba8a2eea5de6d39455c76d82d87b,iroh_dial,loopback,warm,16,echo_rtt,0.028,ok
367e50cb992fba8a2eea5de6d39455c76d82d87b,iroh_dial,loopback,warm,16,echo_rtt,0.027,ok
367e50cb992fba8a2eea5de6d39455c76d82d87b,iroh_dial,loopback,warm,16,echo_rtt,0.028,ok
367e50cb992fba8a2eea5de6d39455c76d82d87b,iroh_dial,loopback,warm,17,address_lookup,0.066,ok
367e50cb992fba8a2eea5de6d39455c76d82d87b,iroh_dial,loopback,warm,17,dial_handshake,0.310,ok
367e50cb992fba8a2eea5de6d39455c76d82d87b,iroh_dial,loopback,warm,17,stream_open,0.126,ok
367e50cb992fba8a2eea5de6d39455c76d82d87b,iroh_dial,loopback,warm,17,echo_rtt,0.072,ok
367e50cb992fba8a2eea5de6d39455c76d82d87b,iroh_dial,loopback,warm,17,echo_rtt,0.033,ok
367e50cb992fba8a2eea5de6d39455c76d82d87b,iroh_dial,loopback,warm,17,echo_rtt,0.024,ok
367e50cb992fba8a2eea5de6d39455c76d82d87b,iroh_dial,loopback,warm,17,echo_rtt,0.050,ok
367e50cb992fba8a2eea5de6d39455c76d82d87b,iroh_dial,loopback,warm,17,echo_rtt,0.024,ok
367e50cb992fba8a2eea5de6d39455c76d82d87b,iroh_dial,loopback,warm,17,echo_rtt,0.032,ok
367e50cb992fba8a2eea5de6d39455c76d82d87b,iroh_dial,loopback,warm,17,echo_rtt,0.024,ok
367e50cb992fba8a2eea5de6d39455c76d82d87b,iroh_dial,loopback,warm,17,echo_rtt,0.042,ok
367e50cb992fba8a2eea5de6d39455c76d82d87b,iroh_dial,loopback,warm,17,echo_rtt,0.035,ok
367e50cb992fba8a2eea5de6d39455c76d82d87b,iroh_dial,loopback,warm,17,echo_rtt,0.037,ok
367e50cb992fba8a2eea5de6d39455c76d82d87b,iroh_dial,loopback,warm,17,echo_rtt,0.027,ok
367e50cb992fba8a2eea5de6d39455c76d82d87b,iroh_dial,loopback,warm,17,echo_rtt,0.037,ok
367e50cb992fba8a2eea5de6d39455c76d82d87b,iroh_dial,loopback,warm,17,echo_rtt,0.027,ok
367e50cb992fba8a2eea5de6d39455c76d82d87b,iroh_dial,loopback,warm,17,echo_rtt,0.036,ok
367e50cb992fba8a2eea5de6d39455c76d82d87b,iroh_dial,loopback,warm,17,echo_rtt,0.027,ok
367e50cb992fba8a2eea5de6d39455c76d82d87b,iroh_dial,loopback,warm,17,echo_rtt,0.037,ok
367e50cb992fba8a2eea5de6d39455c76d82d87b,iroh_dial,loopback,warm,17,echo_rtt,0.026,ok
367e50cb992fba8a2eea5de6d39455c76d82d87b,iroh_dial,loopback,warm,17,echo_rtt,0.036,ok
367e50cb992fba8a2eea5de6d39455c76d82d87b,iroh_dial,loopback,warm,17,echo_rtt,0.028,ok
367e50cb992fba8a2eea5de6d39455c76d82d87b,iroh_dial,loopback,warm,17,echo_rtt,0.036,ok
367e50cb992fba8a2eea5de6d39455c76d82d87b,iroh_dial,loopback,warm,18,address_lookup,0.073,ok
367e50cb992fba8a2eea5de6d39455c76d82d87b,iroh_dial,loopback,warm,18,dial_handshake,0.357,ok
367e50cb992fba8a2eea5de6d39455c76d82d87b,iroh_dial,loopback,warm,18,stream_open,0.188,ok
367e50cb992fba8a2eea5de6d39455c76d82d87b,iroh_dial,loopback,warm,18,echo_rtt,0.038,ok
367e50cb992fba8a2eea5de6d39455c76d82d87b,iroh_dial,loopback,warm,18,echo_rtt,0.033,ok
367e50cb992fba8a2eea5de6d39455c76d82d87b,iroh_dial,loopback,warm,18,echo_rtt,0.033,ok
367e50cb992fba8a2eea5de6d39455c76d82d87b,iroh_dial,loopback,warm,18,echo_rtt,0.032,ok
367e50cb992fba8a2eea5de6d39455c76d82d87b,iroh_dial,loopback,warm,18,echo_rtt,0.032,ok
367e50cb992fba8a2eea5de6d39455c76d82d87b,iroh_dial,loopback,warm,18,echo_rtt,0.034,ok
367e50cb992fba8a2eea5de6d39455c76d82d87b,iroh_dial,loopback,warm,18,echo_rtt,0.032,ok
367e50cb992fba8a2eea5de6d39455c76d82d87b,iroh_dial,loopback,warm,18,echo_rtt,0.032,ok
367e50cb992fba8a2eea5de6d39455c76d82d87b,iroh_dial,loopback,warm,18,echo_rtt,0.035,ok
367e50cb992fba8a2eea5de6d39455c76d82d87b,iroh_dial,loopback,warm,18,echo_rtt,0.037,ok
367e50cb992fba8a2eea5de6d39455c76d82d87b,iroh_dial,loopback,warm,18,echo_rtt,0.027,ok
367e50cb992fba8a2eea5de6d39455c76d82d87b,iroh_dial,loopback,warm,18,echo_rtt,0.037,ok
367e50cb992fba8a2eea5de6d39455c76d82d87b,iroh_dial,loopback,warm,18,echo_rtt,0.028,ok
367e50cb992fba8a2eea5de6d39455c76d82d87b,iroh_dial,loopback,warm,18,echo_rtt,0.037,ok
367e50cb992fba8a2eea5de6d39455c76d82d87b,iroh_dial,loopback,warm,18,echo_rtt,0.027,ok
367e50cb992fba8a2eea5de6d39455c76d82d87b,iroh_dial,loopback,warm,18,echo_rtt,0.038,ok
367e50cb992fba8a2eea5de6d39455c76d82d87b,iroh_dial,loopback,warm,18,echo_rtt,0.037,ok
367e50cb992fba8a2eea5de6d39455c76d82d87b,iroh_dial,loopback,warm,18,echo_rtt,0.039,ok
367e50cb992fba8a2eea5de6d39455c76d82d87b,iroh_dial,loopback,warm,18,echo_rtt,0.028,ok
367e50cb992fba8a2eea5de6d39455c76d82d87b,iroh_dial,loopback,warm,18,echo_rtt,0.037,ok
367e50cb992fba8a2eea5de6d39455c76d82d87b,iroh_dial,loopback,warm,19,address_lookup,0.052,ok
367e50cb992fba8a2eea5de6d39455c76d82d87b,iroh_dial,loopback,warm,19,dial_handshake,0.354,ok
367e50cb992fba8a2eea5de6d39455c76d82d87b,iroh_dial,loopback,warm,19,stream_open,0.120,ok
367e50cb992fba8a2eea5de6d39455c76d82d87b,iroh_dial,loopback,warm,19,echo_rtt,0.049,ok
367e50cb992fba8a2eea5de6d39455c76d82d87b,iroh_dial,loopback,warm,19,echo_rtt,0.060,ok
367e50cb992fba8a2eea5de6d39455c76d82d87b,iroh_dial,loopback,warm,19,echo_rtt,0.038,ok
367e50cb992fba8a2eea5de6d39455c76d82d87b,iroh_dial,loopback,warm,19,echo_rtt,0.026,ok
367e50cb992fba8a2eea5de6d39455c76d82d87b,iroh_dial,loopback,warm,19,echo_rtt,0.034,ok
367e50cb992fba8a2eea5de6d39455c76d82d87b,iroh_dial,loopback,warm,19,echo_rtt,0.026,ok
367e50cb992fba8a2eea5de6d39455c76d82d87b,iroh_dial,loopback,warm,19,echo_rtt,0.034,ok
367e50cb992fba8a2eea5de6d39455c76d82d87b,iroh_dial,loopback,warm,19,echo_rtt,0.026,ok
367e50cb992fba8a2eea5de6d39455c76d82d87b,iroh_dial,loopback,warm,19,echo_rtt,0.039,ok
367e50cb992fba8a2eea5de6d39455c76d82d87b,iroh_dial,loopback,warm,19,echo_rtt,0.027,ok
367e50cb992fba8a2eea5de6d39455c76d82d87b,iroh_dial,loopback,warm,19,echo_rtt,0.035,ok
367e50cb992fba8a2eea5de6d39455c76d82d87b,iroh_dial,loopback,warm,19,echo_rtt,0.026,ok
367e50cb992fba8a2eea5de6d39455c76d82d87b,iroh_dial,loopback,warm,19,echo_rtt,0.034,ok
367e50cb992fba8a2eea5de6d39455c76d82d87b,iroh_dial,loopback,warm,19,echo_rtt,0.026,ok
367e50cb992fba8a2eea5de6d39455c76d82d87b,iroh_dial,loopback,warm,19,echo_rtt,0.033,ok
367e50cb992fba8a2eea5de6d39455c76d82d87b,iroh_dial,loopback,warm,19,echo_rtt,0.025,ok
367e50cb992fba8a2eea5de6d39455c76d82d87b,iroh_dial,loopback,warm,19,echo_rtt,0.044,ok
367e50cb992fba8a2eea5de6d39455c76d82d87b,iroh_dial,loopback,warm,19,echo_rtt,0.026,ok
367e50cb992fba8a2eea5de6d39455c76d82d87b,iroh_dial,loopback,warm,19,echo_rtt,0.033,ok
367e50cb992fba8a2eea5de6d39455c76d82d87b,iroh_dial,loopback,warm,19,echo_rtt,0.027,ok
367e50cb992fba8a2eea5de6d39455c76d82d87b,iroh_dial,loopback,warm,20,address_lookup,0.069,ok
367e50cb992fba8a2eea5de6d39455c76d82d87b,iroh_dial,loopback,warm,20,dial_handshake,0.314,ok
367e50cb992fba8a2eea5de6d39455c76d82d87b,iroh_dial,loopback,warm,20,stream_open,0.179,ok
367e50cb992fba8a2eea5de6d39455c76d82d87b,iroh_dial,loopback,warm,20,echo_rtt,0.070,ok
367e50cb992fba8a2eea5de6d39455c76d82d87b,iroh_dial,loopback,warm,20,echo_rtt,0.041,ok
367e50cb992fba8a2eea5de6d39455c76d82d87b,iroh_dial,loopback,warm,20,echo_rtt,0.032,ok
367e50cb992fba8a2eea5de6d39455c76d82d87b,iroh_dial,loopback,warm,20,echo_rtt,0.033,ok
367e50cb992fba8a2eea5de6d39455c76d82d87b,iroh_dial,loopback,warm,20,echo_rtt,0.031,ok
367e50cb992fba8a2eea5de6d39455c76d82d87b,iroh_dial,loopback,warm,20,echo_rtt,0.033,ok
367e50cb992fba8a2eea5de6d39455c76d82d87b,iroh_dial,loopback,warm,20,echo_rtt,0.032,ok
367e50cb992fba8a2eea5de6d39455c76d82d87b,iroh_dial,loopback,warm,20,echo_rtt,0.033,ok
367e50cb992fba8a2eea5de6d39455c76d82d87b,iroh_dial,loopback,warm,20,echo_rtt,0.049,ok
367e50cb992fba8a2eea5de6d39455c76d82d87b,iroh_dial,loopback,warm,20,echo_rtt,0.034,ok
367e50cb992fba8a2eea5de6d39455c76d82d87b,iroh_dial,loopback,warm,20,echo_rtt,0.033,ok
367e50cb992fba8a2eea5de6d39455c76d82d87b,iroh_dial,loopback,warm,20,echo_rtt,0.037,ok
367e50cb992fba8a2eea5de6d39455c76d82d87b,iroh_dial,loopback,warm,20,echo_rtt,0.029,ok
367e50cb992fba8a2eea5de6d39455c76d82d87b,iroh_dial,loopback,warm,20,echo_rtt,0.031,ok
367e50cb992fba8a2eea5de6d39455c76d82d87b,iroh_dial,loopback,warm,20,echo_rtt,0.028,ok
367e50cb992fba8a2eea5de6d39455c76d82d87b,iroh_dial,loopback,warm,20,echo_rtt,0.033,ok
367e50cb992fba8a2eea5de6d39455c76d82d87b,iroh_dial,loopback,warm,20,echo_rtt,0.028,ok
367e50cb992fba8a2eea5de6d39455c76d82d87b,iroh_dial,loopback,warm,20,echo_rtt,0.031,ok
367e50cb992fba8a2eea5de6d39455c76d82d87b,iroh_dial,loopback,warm,20,echo_rtt,0.033,ok
367e50cb992fba8a2eea5de6d39455c76d82d87b,iroh_dial,loopback,warm,20,echo_rtt,0.026,ok
367e50cb992fba8a2eea5de6d39455c76d82d87b,iroh_dial,discovery,cold,0,process_spawn,0.610,ok
367e50cb992fba8a2eea5de6d39455c76d82d87b,iroh_dial,discovery,cold,0,runtime_start,0.340,ok
367e50cb992fba8a2eea5de6d39455c76d82d87b,iroh_dial,discovery,cold,0,endpoint_bind,1.405,ok
367e50cb992fba8a2eea5de6d39455c76d82d87b,iroh_dial,discovery,cold,0,address_lookup,1.535,ok
367e50cb992fba8a2eea5de6d39455c76d82d87b,iroh_dial,discovery,cold,0,dial_handshake,193.139,ok
367e50cb992fba8a2eea5de6d39455c76d82d87b,iroh_dial,discovery,cold,0,stream_open,86.431,ok
367e50cb992fba8a2eea5de6d39455c76d82d87b,iroh_dial,discovery,cold,0,echo_rtt,0.046,ok
367e50cb992fba8a2eea5de6d39455c76d82d87b,iroh_dial,discovery,cold,0,echo_rtt,0.044,ok
367e50cb992fba8a2eea5de6d39455c76d82d87b,iroh_dial,discovery,cold,0,echo_rtt,0.048,ok
367e50cb992fba8a2eea5de6d39455c76d82d87b,iroh_dial,discovery,cold,0,echo_rtt,0.040,ok
367e50cb992fba8a2eea5de6d39455c76d82d87b,iroh_dial,discovery,cold,0,echo_rtt,0.027,ok
367e50cb992fba8a2eea5de6d39455c76d82d87b,iroh_dial,discovery,cold,0,echo_rtt,0.153,ok
367e50cb992fba8a2eea5de6d39455c76d82d87b,iroh_dial,discovery,cold,0,echo_rtt,0.105,ok
367e50cb992fba8a2eea5de6d39455c76d82d87b,iroh_dial,discovery,cold,0,echo_rtt,0.075,ok
367e50cb992fba8a2eea5de6d39455c76d82d87b,iroh_dial,discovery,cold,0,echo_rtt,0.031,ok
367e50cb992fba8a2eea5de6d39455c76d82d87b,iroh_dial,discovery,cold,0,echo_rtt,0.036,ok
367e50cb992fba8a2eea5de6d39455c76d82d87b,iroh_dial,discovery,cold,0,echo_rtt,0.031,ok
367e50cb992fba8a2eea5de6d39455c76d82d87b,iroh_dial,discovery,cold,0,echo_rtt,0.031,ok
367e50cb992fba8a2eea5de6d39455c76d82d87b,iroh_dial,discovery,cold,0,echo_rtt,0.029,ok
367e50cb992fba8a2eea5de6d39455c76d82d87b,iroh_dial,discovery,cold,0,echo_rtt,0.031,ok
367e50cb992fba8a2eea5de6d39455c76d82d87b,iroh_dial,discovery,cold,0,echo_rtt,0.029,ok
367e50cb992fba8a2eea5de6d39455c76d82d87b,iroh_dial,discovery,cold,0,echo_rtt,0.031,ok
367e50cb992fba8a2eea5de6d39455c76d82d87b,iroh_dial,discovery,cold,0,echo_rtt,0.029,ok
367e50cb992fba8a2eea5de6d39455c76d82d87b,iroh_dial,discovery,cold,0,echo_rtt,0.031,ok
367e50cb992fba8a2eea5de6d39455c76d82d87b,iroh_dial,discovery,cold,0,echo_rtt,0.029,ok
367e50cb992fba8a2eea5de6d39455c76d82d87b,iroh_dial,discovery,cold,0,echo_rtt,0.030,ok
367e50cb992fba8a2eea5de6d39455c76d82d87b,iroh_dial,discovery,cold,0,process_spawn,0.688,ok
367e50cb992fba8a2eea5de6d39455c76d82d87b,iroh_dial,discovery,cold,0,runtime_start,0.399,ok
367e50cb992fba8a2eea5de6d39455c76d82d87b,iroh_dial,discovery,cold,0,endpoint_bind,1.427,ok
367e50cb992fba8a2eea5de6d39455c76d82d87b,iroh_dial,discovery,cold,0,address_lookup,1.592,ok
367e50cb992fba8a2eea5de6d39455c76d82d87b,iroh_dial,discovery,cold,0,dial_handshake,191.470,ok
367e50cb992fba8a2eea5de6d39455c76d82d87b,iroh_dial,discovery,cold,0,stream_open,92.309,ok
367e50cb992fba8a2eea5de6d39455c76d82d87b,iroh_dial,discovery,cold,0,echo_rtt,0.045,ok
367e50cb992fba8a2eea5de6d39455c76d82d87b,iroh_dial,discovery,cold,0,echo_rtt,0.067,ok
367e50cb992fba8a2eea5de6d39455c76d82d87b,iroh_dial,discovery,cold,0,echo_rtt,0.037,ok
367e50cb992fba8a2eea5de6d39455c76d82d87b,iroh_dial,discovery,cold,0,echo_rtt,0.039,ok
367e50cb992fba8a2eea5de6d39455c76d82d87b,iroh_dial,discovery,cold,0,echo_rtt,0.033,ok
367e50cb992fba8a2eea5de6d39455c76d82d87b,iroh_dial,discovery,cold,0,echo_rtt,0.036,ok
367e50cb992fba8a2eea5de6d39455c76d82d87b,iroh_dial,discovery,cold,0,echo_rtt,0.032,ok
367e50cb992fba8a2eea5de6d39455c76d82d87b,iroh_dial,discovery,cold,0,echo_rtt,0.038,ok
367e50cb992fba8a2eea5de6d39455c76d82d87b,iroh_dial,discovery,cold,0,echo_rtt,0.036,ok
367e50cb992fba8a2eea5de6d39455c76d82d87b,iroh_dial,discovery,cold,0,echo_rtt,0.038,ok
367e50cb992fba8a2eea5de6d39455c76d82d87b,iroh_dial,discovery,cold,0,echo_rtt,0.053,ok
367e50cb992fba8a2eea5de6d39455c76d82d87b,iroh_dial,discovery,cold,0,echo_rtt,0.049,ok
367e50cb992fba8a2eea5de6d39455c76d82d87b,iroh_dial,discovery,cold,0,echo_rtt,0.030,ok
367e50cb992fba8a2eea5de6d39455c76d82d87b,iroh_dial,discovery,cold,0,echo_rtt,0.031,ok
367e50cb992fba8a2eea5de6d39455c76d82d87b,iroh_dial,discovery,cold,0,echo_rtt,0.029,ok
367e50cb992fba8a2eea5de6d39455c76d82d87b,iroh_dial,discovery,cold,0,echo_rtt,0.031,ok
367e50cb992fba8a2eea5de6d39455c76d82d87b,iroh_dial,discovery,cold,0,echo_rtt,0.029,ok
367e50cb992fba8a2eea5de6d39455c76d82d87b,iroh_dial,discovery,cold,0,echo_rtt,0.030,ok
367e50cb992fba8a2eea5de6d39455c76d82d87b,iroh_dial,discovery,cold,0,echo_rtt,0.029,ok
367e50cb992fba8a2eea5de6d39455c76d82d87b,iroh_dial,discovery,cold,0,echo_rtt,0.047,ok
367e50cb992fba8a2eea5de6d39455c76d82d87b,iroh_dial,discovery,cold,0,process_spawn,0.693,ok
367e50cb992fba8a2eea5de6d39455c76d82d87b,iroh_dial,discovery,cold,0,runtime_start,0.397,ok
367e50cb992fba8a2eea5de6d39455c76d82d87b,iroh_dial,discovery,cold,0,endpoint_bind,1.355,ok
367e50cb992fba8a2eea5de6d39455c76d82d87b,iroh_dial,discovery,cold,0,address_lookup,1.537,ok
367e50cb992fba8a2eea5de6d39455c76d82d87b,iroh_dial,discovery,cold,0,dial_handshake,189.308,ok
367e50cb992fba8a2eea5de6d39455c76d82d87b,iroh_dial,discovery,cold,0,stream_open,81.254,ok
367e50cb992fba8a2eea5de6d39455c76d82d87b,iroh_dial,discovery,cold,0,echo_rtt,0.105,ok
367e50cb992fba8a2eea5de6d39455c76d82d87b,iroh_dial,discovery,cold,0,echo_rtt,0.097,ok
367e50cb992fba8a2eea5de6d39455c76d82d87b,iroh_dial,discovery,cold,0,echo_rtt,0.028,ok
367e50cb992fba8a2eea5de6d39455c76d82d87b,iroh_dial,discovery,cold,0,echo_rtt,0.039,ok
367e50cb992fba8a2eea5de6d39455c76d82d87b,iroh_dial,discovery,cold,0,echo_rtt,0.029,ok
367e50cb992fba8a2eea5de6d39455c76d82d87b,iroh_dial,discovery,cold,0,echo_rtt,0.044,ok
367e50cb992fba8a2eea5de6d39455c76d82d87b,iroh_dial,discovery,cold,0,echo_rtt,0.029,ok
367e50cb992fba8a2eea5de6d39455c76d82d87b,iroh_dial,discovery,cold,0,echo_rtt,0.040,ok
367e50cb992fba8a2eea5de6d39455c76d82d87b,iroh_dial,discovery,cold,0,echo_rtt,0.028,ok
367e50cb992fba8a2eea5de6d39455c76d82d87b,iroh_dial,discovery,cold,0,echo_rtt,0.039,ok
367e50cb992fba8a2eea5de6d39455c76d82d87b,iroh_dial,discovery,cold,0,echo_rtt,0.029,ok
367e50cb992fba8a2eea5de6d39455c76d82d87b,iroh_dial,discovery,cold,0,echo_rtt,0.038,ok
367e50cb992fba8a2eea5de6d39455c76d82d87b,iroh_dial,discovery,cold,0,echo_rtt,0.025,ok
367e50cb992fba8a2eea5de6d39455c76d82d87b,iroh_dial,discovery,cold,0,echo_rtt,0.033,ok
367e50cb992fba8a2eea5de6d39455c76d82d87b,iroh_dial,discovery,cold,0,echo_rtt,0.025,ok
367e50cb992fba8a2eea5de6d39455c76d82d87b,iroh_dial,discovery,cold,0,echo_rtt,0.033,ok
367e50cb992fba8a2eea5de6d39455c76d82d87b,iroh_dial,discovery,cold,0,echo_rtt,0.026,ok
367e50cb992fba8a2eea5de6d39455c76d82d87b,iroh_dial,discovery,cold,0,echo_rtt,0.033,ok
367e50cb992fba8a2eea5de6d39455c76d82d87b,iroh_dial,discovery,cold,0,echo_rtt,0.025,ok
367e50cb992fba8a2eea5de6d39455c76d82d87b,iroh_dial,discovery,cold,0,echo_rtt,0.034,ok
367e50cb992fba8a2eea5de6d39455c76d82d87b,iroh_dial,discovery,cold,0,process_spawn,0.700,ok
367e50cb992fba8a2eea5de6d39455c76d82d87b,iroh_dial,discovery,cold,0,runtime_start,0.386,ok
367e50cb992fba8a2eea5de6d39455c76d82d87b,iroh_dial,discovery,cold,0,endpoint_bind,1.523,ok
367e50cb992fba8a2eea5de6d39455c76d82d87b,iroh_dial,discovery,cold,0,address_lookup,1.713,ok
367e50cb992fba8a2eea5de6d39455c76d82d87b,iroh_dial,discovery,cold,0,dial_handshake,194.193,ok
367e50cb992fba8a2eea5de6d39455c76d82d87b,iroh_dial,discovery,cold,0,stream_open,80.941,ok
367e50cb992fba8a2eea5de6d39455c76d82d87b,iroh_dial,discovery,cold,0,echo_rtt,0.127,ok
367e50cb992fba8a2eea5de6d39455c76d82d87b,iroh_dial,discovery,cold,0,echo_rtt,0.094,ok
367e50cb992fba8a2eea5de6d39455c76d82d87b,iroh_dial,discovery,cold,0,echo_rtt,0.088,ok
367e50cb992fba8a2eea5de6d39455c76d82d87b,iroh_dial,discovery,cold,0,echo_rtt,0.045,ok
367e50cb992fba8a2eea5de6d39455c76d82d87b,iroh_dial,discovery,cold,0,echo_rtt,0.053,ok
367e50cb992fba8a2eea5de6d39455c76d82d87b,iroh_dial,discovery,cold,0,echo_rtt,0.076,ok
367e50cb992fba8a2eea5de6d39455c76d82d87b,iroh_dial,discovery,cold,0,echo_rtt,0.036,ok
367e50cb992fba8a2eea5de6d39455c76d82d87b,iroh_dial,discovery,cold,0,echo_rtt,0.034,ok
367e50cb992fba8a2eea5de6d39455c76d82d87b,iroh_dial,discovery,cold,0,echo_rtt,0.052,ok
367e50cb992fba8a2eea5de6d39455c76d82d87b,iroh_dial,discovery,cold,0,echo_rtt,0.033,ok
367e50cb992fba8a2eea5de6d39455c76d82d87b,iroh_dial,discovery,cold,0,echo_rtt,0.032,ok
367e50cb992fba8a2eea5de6d39455c76d82d87b,iroh_dial,discovery,cold,0,echo_rtt,0.028,ok
367e50cb992fba8a2eea5de6d39455c76d82d87b,iroh_dial,discovery,cold,0,echo_rtt,0.029,ok
367e50cb992fba8a2eea5de6d39455c76d82d87b,iroh_dial,discovery,cold,0,echo_rtt,0.028,ok
367e50cb992fba8a2eea5de6d39455c76d82d87b,iroh_dial,discovery,cold,0,echo_rtt,0.034,ok
367e50cb992fba8a2eea5de6d39455c76d82d87b,iroh_dial,discovery,cold,0,echo_rtt,0.025,ok
367e50cb992fba8a2eea5de6d39455c76d82d87b,iroh_dial,discovery,cold,0,echo_rtt,0.034,ok
367e50cb992fba8a2eea5de6d39455c76d82d87b,iroh_dial,discovery,cold,0,echo_rtt,0.025,ok
367e50cb992fba8a2eea5de6d39455c76d82d87b,iroh_dial,discovery,cold,0,echo_rtt,0.034,ok
367e50cb992fba8a2eea5de6d39455c76d82d87b,iroh_dial,discovery,cold,0,echo_rtt,0.025,ok
367e50cb992fba8a2eea5de6d39455c76d82d87b,iroh_dial,discovery,cold,0,process_spawn,0.609,ok
367e50cb992fba8a2eea5de6d39455c76d82d87b,iroh_dial,discovery,cold,0,runtime_start,0.333,ok
367e50cb992fba8a2eea5de6d39455c76d82d87b,iroh_dial,discovery,cold,0,endpoint_bind,1.402,ok
367e50cb992fba8a2eea5de6d39455c76d82d87b,iroh_dial,discovery,cold,0,address_lookup,129.475,ok
367e50cb992fba8a2eea5de6d39455c76d82d87b,iroh_dial,discovery,cold,0,dial_handshake,191.877,ok
367e50cb992fba8a2eea5de6d39455c76d82d87b,iroh_dial,discovery,cold,0,stream_open,91.575,ok
367e50cb992fba8a2eea5de6d39455c76d82d87b,iroh_dial,discovery,cold,0,echo_rtt,0.044,ok
367e50cb992fba8a2eea5de6d39455c76d82d87b,iroh_dial,discovery,cold,0,echo_rtt,0.030,ok
367e50cb992fba8a2eea5de6d39455c76d82d87b,iroh_dial,discovery,cold,0,echo_rtt,0.037,ok
367e50cb992fba8a2eea5de6d39455c76d82d87b,iroh_dial,discovery,cold,0,echo_rtt,0.027,ok
367e50cb992fba8a2eea5de6d39455c76d82d87b,iroh_dial,discovery,cold,0,echo_rtt,0.035,ok
367e50cb992fba8a2eea5de6d39455c76d82d87b,iroh_dial,discovery,cold,0,echo_rtt,0.025,ok
367e50cb992fba8a2eea5de6d39455c76d82d87b,iroh_dial,discovery,cold,0,echo_rtt,0.036,ok
367e50cb992fba8a2eea5de6d39455c76d82d87b,iroh_dial,discovery,cold,0,echo_rtt,0.043,ok
367e50cb992fba8a2eea5de6d39455c76d82d87b,iroh_dial,discovery,cold,0,echo_rtt,0.067,ok
367e50cb992fba8a2eea5de6d39455c76d82d87b,iroh_dial,discovery,cold,0,echo_rtt,0.028,ok
367e50cb992fba8a2eea5de6d39455c76d82d87b,iroh_dial,discovery,cold,0,echo_rtt,0.036,ok
367e50cb992fba8a2eea5de6d39455c76d82d87b,iroh_dial,discovery,cold,0,echo_rtt,0.025,ok
367e50cb992fba8a2eea5de6d39455c76d82d87b,iroh_dial,discovery,cold,0,echo_rtt,0.034,ok
367e50cb992fba8a2eea5de6d39455c76d82d87b,iroh_dial,discovery,cold,0,echo_rtt,0.025,ok
367e50cb992fba8a2eea5de6d39455c76d82d87b,iroh_dial,discovery,cold,0,echo_rtt,0.034,ok
367e50cb992fba8a2eea5de6d39455c76d82d87b,iroh_dial,discovery,cold,0,echo_rtt,0.026,ok
367e50cb992fba8a2eea5de6d39455c76d82d87b,iroh_dial,discovery,cold,0,echo_rtt,0.034,ok
367e50cb992fba8a2eea5de6d39455c76d82d87b,iroh_dial,discovery,cold,0,echo_rtt,0.030,ok
367e50cb992fba8a2eea5de6d39455c76d82d87b,iroh_dial,discovery,cold,0,echo_rtt,0.035,ok
367e50cb992fba8a2eea5de6d39455c76d82d87b,iroh_dial,discovery,cold,0,echo_rtt,0.029,ok
367e50cb992fba8a2eea5de6d39455c76d82d87b,iroh_dial,discovery,cold,0,process_spawn,0.635,ok
367e50cb992fba8a2eea5de6d39455c76d82d87b,iroh_dial,discovery,cold,0,runtime_start,0.338,ok
367e50cb992fba8a2eea5de6d39455c76d82d87b,iroh_dial,discovery,cold,0,endpoint_bind,1.363,ok
367e50cb992fba8a2eea5de6d39455c76d82d87b,iroh_dial,discovery,cold,0,address_lookup,1.675,ok
367e50cb992fba8a2eea5de6d39455c76d82d87b,iroh_dial,discovery,cold,0,dial_handshake,189.697,ok
367e50cb992fba8a2eea5de6d39455c76d82d87b,iroh_dial,discovery,cold,0,stream_open,90.951,ok
367e50cb992fba8a2eea5de6d39455c76d82d87b,iroh_dial,discovery,cold,0,echo_rtt,0.040,ok
367e50cb992fba8a2eea5de6d39455c76d82d87b,iroh_dial,discovery,cold,0,echo_rtt,0.039,ok
367e50cb992fba8a2eea5de6d39455c76d82d87b,iroh_dial,discovery,cold,0,echo_rtt,0.032,ok
367e50cb992fba8a2eea5de6d39455c76d82d87b,iroh_dial,discovery,cold,0,echo_rtt,0.031,ok
367e50cb992fba8a2eea5de6d39455c76d82d87b,iroh_dial,discovery,cold,0,echo_rtt,0.029,ok
367e50cb992fba8a2eea5de6d39455c76d82d87b,iroh_dial,discovery,cold,0,echo_rtt,0.030,ok
367e50cb992fba8a2eea5de6d39455c76d82d87b,iroh_dial,discovery,cold,0,echo_rtt,0.029,ok
367e50cb992fba8a2eea5de6d39455c76d82d87b,iroh_dial,discovery,cold,0,echo_rtt,0.030,ok
367e50cb992fba8a2eea5de6d39455c76d82d87b,iroh_dial,discovery,cold,0,echo_rtt,0.028,ok
367e50cb992fba8a2eea5de6d39455c76d82d87b,iroh_dial,discovery,cold,0,echo_rtt,0.030,ok
367e50cb992fba8a2eea5de6d39455c76d82d87b,iroh_dial,discovery,cold,0,echo_rtt,0.028,ok
367e50cb992fba8a2eea5de6d39455c76d82d87b,iroh_dial,discovery,cold,0,echo_rtt,0.030,ok
367e50cb992fba8a2eea5de6d39455c76d82d87b,iroh_dial,discovery,cold,0,echo_rtt,0.028,ok
367e50cb992fba8a2eea5de6d39455c76d82d87b,iroh_dial,discovery,cold,0,echo_rtt,0.030,ok
367e50cb992fba8a2eea5de6d39455c76d82d87b,iroh_dial,discovery,cold,0,echo_rtt,0.029,ok
367e50cb992fba8a2eea5de6d39455c76d82d87b,iroh_dial,discovery,cold,0,echo_rtt,0.030,ok
367e50cb992fba8a2eea5de6d39455c76d82d87b,iroh_dial,discovery,cold,0,echo_rtt,0.029,ok
367e50cb992fba8a2eea5de6d39455c76d82d87b,iroh_dial,discovery,cold,0,echo_rtt,0.030,ok
367e50cb992fba8a2eea5de6d39455c76d82d87b,iroh_dial,discovery,cold,0,echo_rtt,0.028,ok
367e50cb992fba8a2eea5de6d39455c76d82d87b,iroh_dial,discovery,cold,0,echo_rtt,0.030,ok
367e50cb992fba8a2eea5de6d39455c76d82d87b,iroh_dial,discovery,cold,0,process_spawn,0.682,ok
367e50cb992fba8a2eea5de6d39455c76d82d87b,iroh_dial,discovery,cold,0,runtime_start,0.390,ok
367e50cb992fba8a2eea5de6d39455c76d82d87b,iroh_dial,discovery,cold,0,endpoint_bind,1.493,ok
367e50cb992fba8a2eea5de6d39455c76d82d87b,iroh_dial,discovery,cold,0,address_lookup,1.594,ok
367e50cb992fba8a2eea5de6d39455c76d82d87b,iroh_dial,discovery,cold,0,dial_handshake,189.864,ok
367e50cb992fba8a2eea5de6d39455c76d82d87b,iroh_dial,discovery,cold,0,stream_open,80.469,ok
367e50cb992fba8a2eea5de6d39455c76d82d87b,iroh_dial,discovery,cold,0,echo_rtt,0.083,ok
367e50cb992fba8a2eea5de6d39455c76d82d87b,iroh_dial,discovery,cold,0,echo_rtt,0.063,ok
367e50cb992fba8a2eea5de6d39455c76d82d87b,iroh_dial,discovery,cold,0,echo_rtt,0.032,ok
367e50cb992fba8a2eea5de6d39455c76d82d87b,iroh_dial,discovery,cold,0,echo_rtt,0.041,ok
367e50cb992fba8a2eea5de6d39455c76d82d87b,iroh_dial,discovery,cold,0,echo_rtt,0.029,ok
367e50cb992fba8a2eea5de6d39455c76d82d87b,iroh_dial,discovery,cold,0,echo_rtt,0.039,ok
367e50cb992fba8a2eea5de6d39455c76d82d87b,iroh_dial,discovery,cold,0,echo_rtt,0.051,ok
367e50cb992fba8a2eea5de6d39455c76d82d87b,iroh_dial,discovery,cold,0,echo_rtt,0.078,ok
367e50cb992fba8a2eea5de6d39455c76d82d87b,iroh_dial,discovery,cold,0,echo_rtt,0.031,ok
367e50cb992fba8a2eea5de6d39455c76d82d87b,iroh_dial,discovery,cold,0,echo_rtt,0.038,ok
367e50cb992fba8a2eea5de6d39455c76d82d87b,iroh_dial,discovery,cold,0,echo_rtt,0.029,ok
367e50cb992fba8a2eea5de6d39455c76d82d87b,iroh_dial,discovery,cold,0,echo_rtt,0.040,ok
367e50cb992fba8a2eea5de6d39455c76d82d87b,iroh_dial,discovery,cold,0,echo_rtt,0.029,ok
367e50cb992fba8a2eea5de6d39455c76d82d87b,iroh_dial,discovery,cold,0,echo_rtt,0.041,ok
367e50cb992fba8a2eea5de6d39455c76d82d87b,iroh_dial,discovery,cold,0,echo_rtt,0.029,ok
367e50cb992fba8a2eea5de6d39455c76d82d87b,iroh_dial,discovery,cold,0,echo_rtt,0.038,ok
367e50cb992fba8a2eea5de6d39455c76d82d87b,iroh_dial,discovery,cold,0,echo_rtt,0.029,ok
367e50cb992fba8a2eea5de6d39455c76d82d87b,iroh_dial,discovery,cold,0,echo_rtt,0.037,ok
367e50cb992fba8a2eea5de6d39455c76d82d87b,iroh_dial,discovery,cold,0,echo_rtt,0.025,ok
367e50cb992fba8a2eea5de6d39455c76d82d87b,iroh_dial,discovery,cold,0,echo_rtt,0.033,ok
367e50cb992fba8a2eea5de6d39455c76d82d87b,iroh_dial,discovery,cold,0,process_spawn,0.638,ok
367e50cb992fba8a2eea5de6d39455c76d82d87b,iroh_dial,discovery,cold,0,runtime_start,0.339,ok
367e50cb992fba8a2eea5de6d39455c76d82d87b,iroh_dial,discovery,cold,0,endpoint_bind,1.377,ok
367e50cb992fba8a2eea5de6d39455c76d82d87b,iroh_dial,discovery,cold,0,address_lookup,1.603,ok
367e50cb992fba8a2eea5de6d39455c76d82d87b,iroh_dial,discovery,cold,0,dial_handshake,190.164,ok
367e50cb992fba8a2eea5de6d39455c76d82d87b,iroh_dial,discovery,cold,0,stream_open,81.904,ok
367e50cb992fba8a2eea5de6d39455c76d82d87b,iroh_dial,discovery,cold,0,echo_rtt,0.061,ok
367e50cb992fba8a2eea5de6d39455c76d82d87b,iroh_dial,discovery,cold,0,echo_rtt,0.048,ok
367e50cb992fba8a2eea5de6d39455c76d82d87b,iroh_dial,discovery,cold,0,echo_rtt,0.030,ok
367e50cb992fba8a2eea5de6d39455c76d82d87b,iroh_dial,discovery,cold,0,echo_rtt,0.040,ok
367e50cb992fba8a2eea5de6d39455c76d82d87b,iroh_dial,discovery,cold,0,echo_rtt,0.034,ok
367e50cb992fba8a2eea5de6d39455c76d82d87b,iroh_dial,discovery,cold,0,echo_rtt,0.032,ok
367e50cb992fba8a2eea5de6d39455c76d82d87b,iroh_dial,discovery,cold,0,echo_rtt,0.031,ok
367e50cb992fba8a2eea5de6d39455c76d82d87b,iroh_dial,discovery,cold,0,echo_rtt,0.049,ok
367e50cb992fba8a2eea5de6d39455c76d82d87b,iroh_dial,discovery,cold,0,echo_rtt,0.050,ok
367e50cb992fba8a2eea5de6d39455c76d82d87b,iroh_dial,discovery,cold,0,echo_rtt,0.037,ok
367e50cb992fba8a2eea5de6d39455c76d82d87b,iroh_dial,discovery,cold,0,echo_rtt,0.034,ok
367e50cb992fba8a2eea5de6d39455c76d82d87b,iroh_dial,discovery,cold,0,echo_rtt,0.030,ok
367e50cb992fba8a2eea5de6d39455c76d82d87b,iroh_dial,discovery,cold,0,echo_rtt,0.032,ok
367e50cb992fba8a2eea5de6d39455c76d82d87b,iroh_dial,discovery,cold,0,echo_rtt,0.029,ok
367e50cb992fba8a2eea5de6d39455c76d82d87b,iroh_dial,discovery,cold,0,echo_rtt,0.031,ok
367e50cb992fba8a2eea5de6d39455c76d82d87b,iroh_dial,discovery,cold,0,echo_rtt,0.029,ok
367e50cb992fba8a2eea5de6d39455c76d82d87b,iroh_dial,discovery,cold,0,echo_rtt,0.031,ok
367e50cb992fba8a2eea5de6d39455c76d82d87b,iroh_dial,discovery,cold,0,echo_rtt,0.029,ok
367e50cb992fba8a2eea5de6d39455c76d82d87b,iroh_dial,discovery,cold,0,echo_rtt,0.031,ok
367e50cb992fba8a2eea5de6d39455c76d82d87b,iroh_dial,discovery,cold,0,echo_rtt,0.030,ok
367e50cb992fba8a2eea5de6d39455c76d82d87b,iroh_dial,discovery,cold,0,process_spawn,0.612,ok
367e50cb992fba8a2eea5de6d39455c76d82d87b,iroh_dial,discovery,cold,0,runtime_start,0.359,ok
367e50cb992fba8a2eea5de6d39455c76d82d87b,iroh_dial,discovery,cold,0,endpoint_bind,1.359,ok
367e50cb992fba8a2eea5de6d39455c76d82d87b,iroh_dial,discovery,cold,0,address_lookup,1.649,ok
367e50cb992fba8a2eea5de6d39455c76d82d87b,iroh_dial,discovery,cold,0,dial_handshake,199.762,ok
367e50cb992fba8a2eea5de6d39455c76d82d87b,iroh_dial,discovery,cold,0,stream_open,94.137,ok
367e50cb992fba8a2eea5de6d39455c76d82d87b,iroh_dial,discovery,cold,0,echo_rtt,0.050,ok
367e50cb992fba8a2eea5de6d39455c76d82d87b,iroh_dial,discovery,cold,0,echo_rtt,0.033,ok
367e50cb992fba8a2eea5de6d39455c76d82d87b,iroh_dial,discovery,cold,0,echo_rtt,0.038,ok
367e50cb992fba8a2eea5de6d39455c76d82d87b,iroh_dial,discovery,cold,0,echo_rtt,0.028,ok
367e50cb992fba8a2eea5de6d39455c76d82d87b,iroh_dial,discovery,cold,0,echo_rtt,0.036,ok
367e50cb992fba8a2eea5de6d39455c76d82d87b,iroh_dial,discovery,cold,0,echo_rtt,0.027,ok
367e50cb992fba8a2eea5de6d39455c76d82d87b,iroh_dial,discovery,cold,0,echo_rtt,0.036,ok
367e50cb992fba8a2eea5de6d39455c76d82d87b,iroh_dial,discovery,cold,0,echo_rtt,0.027,ok
367e50cb992fba8a2eea5de6d39455c76d82d87b,iroh_dial,discovery,cold,0,echo_rtt,0.035,ok
367e50cb992fba8a2eea5de6d39455c76d82d87b,iroh_dial,discovery,cold,0,echo_rtt,0.027,ok
367e50cb992fba8a2eea5de6d39455c76d82d87b,iroh_dial,discovery,cold,0,echo_rtt,0.036,ok
367e50cb992fba8a2eea5de6d39455c76d82d87b,iroh_dial,discovery,cold,0,echo_rtt,0.026,ok
367e50cb992fba8a2eea5de6d39455c76d82d87b,iroh_dial,discovery,cold,0,echo_rtt,0.036,ok
367e50cb992fba8a2eea5de6d39455c76d82d87b,iroh_dial,discovery,cold,0,echo_rtt,0.027,ok
367e50cb992fba8a2eea5de6d39455c76d82d87b,iroh_dial,discovery,cold,0,echo_rtt,0.035,ok
367e50cb992fba8a2eea5de6d39455c76d82d87b,iroh_dial,discovery,cold,0,echo_rtt,0.025,ok
367e50cb992fba8a2eea5de6d39455c76d82d87b,iroh_dial,discovery,cold,0,echo_rtt,0.033,ok
367e50cb992fba8a2eea5de6d39455c76d82d87b,iroh_dial,discovery,cold,0,echo_rtt,0.025,ok
367e50cb992fba8a2eea5de6d39455c76d82d87b,iroh_dial,discovery,cold,0,echo_rtt,0.033,ok
367e50cb992fba8a2eea5de6d39455c76d82d87b,iroh_dial,discovery,cold,0,echo_rtt,0.025,ok
367e50cb992fba8a2eea5de6d39455c76d82d87b,iroh_dial,discovery,cold,0,process_spawn,0.689,ok
367e50cb992fba8a2eea5de6d39455c76d82d87b,iroh_dial,discovery,cold,0,runtime_start,0.467,ok
367e50cb992fba8a2eea5de6d39455c76d82d87b,iroh_dial,discovery,cold,0,endpoint_bind,1.404,ok
367e50cb992fba8a2eea5de6d39455c76d82d87b,iroh_dial,discovery,cold,0,address_lookup,1.522,ok
367e50cb992fba8a2eea5de6d39455c76d82d87b,iroh_dial,discovery,cold,0,dial_handshake,189.875,ok
367e50cb992fba8a2eea5de6d39455c76d82d87b,iroh_dial,discovery,cold,0,stream_open,90.698,ok
367e50cb992fba8a2eea5de6d39455c76d82d87b,iroh_dial,discovery,cold,0,echo_rtt,0.036,ok
367e50cb992fba8a2eea5de6d39455c76d82d87b,iroh_dial,discovery,cold,0,echo_rtt,0.041,ok
367e50cb992fba8a2eea5de6d39455c76d82d87b,iroh_dial,discovery,cold,0,echo_rtt,0.028,ok
367e50cb992fba8a2eea5de6d39455c76d82d87b,iroh_dial,discovery,cold,0,echo_rtt,0.036,ok
367e50cb992fba8a2eea5de6d39455c76d82d87b,iroh_dial,discovery,cold,0,echo_rtt,0.027,ok
367e50cb992fba8a2eea5de6d39455c76d82d87b,iroh_dial,discovery,cold,0,echo_rtt,0.036,ok
367e50cb992fba8a2eea5de6d39455c76d82d87b,iroh_dial,discovery,cold,0,echo_rtt,0.026,ok
367e50cb992fba8a2eea5de6d39455c76d82d87b,iroh_dial,discovery,cold,0,echo_rtt,0.034,ok
367e50cb992fba8a2eea5de6d39455c76d82d87b,iroh_dial,discovery,cold,0,echo_rtt,0.026,ok
367e50cb992fba8a2eea5de6d39455c76d82d87b,iroh_dial,discovery,cold,0,echo_rtt,0.034,ok
367e50cb992fba8a2eea5de6d39455c76d82d87b,iroh_dial,discovery,cold,0,echo_rtt,0.026,ok
367e50cb992fba8a2eea5de6d39455c76d82d87b,iroh_dial,discovery,cold,0,echo_rtt,0.034,ok
367e50cb992fba8a2eea5de6d39455c76d82d87b,iroh_dial,discovery,cold,0,echo_rtt,0.025,ok
367e50cb992fba8a2eea5de6d39455c76d82d87b,iroh_dial,discovery,cold,0,echo_rtt,0.034,ok
367e50cb992fba8a2eea5de6d39455c76d82d87b,iroh_dial,discovery,cold,0,echo_rtt,0.025,ok
367e50cb992fba8a2eea5de6d39455c76d82d87b,iroh_dial,discovery,cold,0,echo_rtt,0.035,ok
367e50cb992fba8a2eea5de6d39455c76d82d87b,iroh_dial,discovery,cold,0,echo_rtt,0.026,ok
367e50cb992fba8a2eea5de6d39455c76d82d87b,iroh_dial,discovery,cold,0,echo_rtt,0.033,ok
367e50cb992fba8a2eea5de6d39455c76d82d87b,iroh_dial,discovery,cold,0,echo_rtt,0.025,ok
367e50cb992fba8a2eea5de6d39455c76d82d87b,iroh_dial,discovery,cold,0,echo_rtt,0.033,ok
367e50cb992fba8a2eea5de6d39455c76d82d87b,iroh_dial,discovery,cold,0,process_spawn,0.713,ok
367e50cb992fba8a2eea5de6d39455c76d82d87b,iroh_dial,discovery,cold,0,runtime_start,0.390,ok
367e50cb992fba8a2eea5de6d39455c76d82d87b,iroh_dial,discovery,cold,0,endpoint_bind,1.435,ok
367e50cb992fba8a2eea5de6d39455c76d82d87b,iroh_dial,discovery,cold,0,address_lookup,1.564,ok
367e50cb992fba8a2eea5de6d39455c76d82d87b,iroh_dial,discovery,cold,0,dial_handshake,199.139,ok
367e50cb992fba8a2eea5de6d39455c76d82d87b,iroh_dial,discovery,cold,0,stream_open,83.613,ok
367e50cb992fba8a2eea5de6d39455c76d82d87b,iroh_dial,discovery,cold,0,echo_rtt,0.137,ok
367e50cb992fba8a2eea5de6d39455c76d82d87b,iroh_dial,discovery,cold,0,echo_rtt,0.165,ok
367e50cb992fba8a2eea5de6d39455c76d82d87b,iroh_dial,discovery,cold,0,echo_rtt,0.055,ok
367e50cb992fba8a2eea5de6d39455c76d82d87b,iroh_dial,discovery,cold,0,echo_rtt,0.032,ok
367e50cb992fba8a2eea5de6d39455c76d82d87b,iroh_dial,discovery,cold,0,echo_rtt,0.041,ok
367e50cb992fba8a2eea5de6d39455c76d82d87b,iroh_dial,discovery,cold,0,echo_rtt,0.029,ok
367e50cb992fba8a2eea5de6d39455c76d82d87b,iroh_dial,discovery,cold,0,echo_rtt,0.039,ok
367e50cb992fba8a2eea5de6d39455c76d82d87b,iroh_dial,discovery,cold,0,echo_rtt,0.030,ok
367e50cb992fba8a2eea5de6d39455c76d82d87b,iroh_dial,discovery,cold,0,echo_rtt,0.038,ok
367e50cb992fba8a2eea5de6d39455c76d82d87b,iroh_dial,discovery,cold,0,echo_rtt,0.028,ok
367e50cb992fba8a2eea5de6d39455c76d82d87b,iroh_dial,discovery,cold,0,echo_rtt,0.038,ok
367e50cb992fba8a2eea5de6d39455c76d82d87b,iroh_dial,discovery,cold,0,echo_rtt,0.028,ok
367e50cb992fba8a2eea5de6d39455c76d82d87b,iroh_dial,discovery,cold,0,echo_rtt,0.038,ok
367e50cb992fba8a2eea5de6d39455c76d82d87b,iroh_dial,discovery,cold,0,echo_rtt,0.028,ok
367e50cb992fba8a2eea5de6d39455c76d82d87b,iroh_dial,discovery,cold,0,echo_rtt,0.037,ok
367e50cb992fba8a2eea5de6d39455c76d82d87b,iroh_dial,discovery,cold,0,echo_rtt,0.025,ok
367e50cb992fba8a2eea5de6d39455c76d82d87b,iroh_dial,discovery,cold,0,echo_rtt,0.033,ok
367e50cb992fba8a2eea5de6d39455c76d82d87b,iroh_dial,discovery,cold,0,echo_rtt,0.025,ok
367e50cb992fba8a2eea5de6d39455c76d82d87b,iroh_dial,discovery,cold,0,echo_rtt,0.039,ok
367e50cb992fba8a2eea5de6d39455c76d82d87b,iroh_dial,discovery,cold,0,echo_rtt,0.026,ok
367e50cb992fba8a2eea5de6d39455c76d82d87b,iroh_dial,discovery,cold,0,process_spawn,0.660,ok
367e50cb992fba8a2eea5de6d39455c76d82d87b,iroh_dial,discovery,cold,0,runtime_start,0.336,ok
367e50cb992fba8a2eea5de6d39455c76d82d87b,iroh_dial,discovery,cold,0,endpoint_bind,1.390,ok
367e50cb992fba8a2eea5de6d39455c76d82d87b,iroh_dial,discovery,cold,0,address_lookup,1.693,ok
367e50cb992fba8a2eea5de6d39455c76d82d87b,iroh_dial,discovery,cold,0,dial_handshake,190.387,ok
367e50cb992fba8a2eea5de6d39455c76d82d87b,iroh_dial,discovery,cold,0,stream_open,90.867,ok
367e50cb992fba8a2eea5de6d39455c76d82d87b,iroh_dial,discovery,cold,0,echo_rtt,0.049,ok
367e50cb992fba8a2eea5de6d39455c76d82d87b,iroh_dial,discovery,cold,0,echo_rtt,0.032,ok
367e50cb992fba8a2eea5de6d39455c76d82d87b,iroh_dial,discovery,cold,0,echo_rtt,0.039,ok
367e50cb992fba8a2eea5de6d39455c76d82d87b,iroh_dial,discovery,cold,0,echo_rtt,0.041,ok
367e50cb992fba8a2eea5de6d39455c76d82d87b,iroh_dial,discovery,cold,0,echo_rtt,0.042,ok
367e50cb992fba8a2eea5de6d39455c76d82d87b,iroh_dial,discovery,cold,0,echo_rtt,0.030,ok
367e50cb992fba8a2eea5de6d39455c76d82d87b,iroh_dial,discovery,cold,0,echo_rtt,0.035,ok
367e50cb992fba8a2eea5de6d39455c76d82d87b,iroh_dial,discovery,cold,0,echo_rtt,0.026,ok
367e50cb992fba8a2eea5de6d39455c76d82d87b,iroh_dial,discovery,cold,0,echo_rtt,0.034,ok
367e50cb992fba8a2eea5de6d39455c76d82d87b,iroh_dial,discovery,cold,0,echo_rtt,0.025,ok
367e50cb992fba8a2eea5de6d39455c76d82d87b,iroh_dial,discovery,cold,0,echo_rtt,0.034,ok
367e50cb992fba8a2eea5de6d39455c76d82d87b,iroh_dial,discovery,cold,0,echo_rtt,0.025,ok
367e50cb992fba8a2eea5de6d39455c76d82d87b,iroh_dial,discovery,cold,0,echo_rtt,0.034,ok
367e50cb992fba8a2eea5de6d39455c76d82d87b,iroh_dial,discovery,cold,0,echo_rtt,0.025,ok
367e50cb992fba8a2eea5de6d39455c76d82d87b,iroh_dial,discovery,cold,0,echo_rtt,0.035,ok
367e50cb992fba8a2eea5de6d39455c76d82d87b,iroh_dial,discovery,cold,0,echo_rtt,0.026,ok
367e50cb992fba8a2eea5de6d39455c76d82d87b,iroh_dial,discovery,cold,0,echo_rtt,0.035,ok
367e50cb992fba8a2eea5de6d39455c76d82d87b,iroh_dial,discovery,cold,0,echo_rtt,0.026,ok
367e50cb992fba8a2eea5de6d39455c76d82d87b,iroh_dial,discovery,cold,0,echo_rtt,0.034,ok
367e50cb992fba8a2eea5de6d39455c76d82d87b,iroh_dial,discovery,cold,0,echo_rtt,0.026,ok
367e50cb992fba8a2eea5de6d39455c76d82d87b,iroh_dial,discovery,cold,0,process_spawn,0.656,ok
367e50cb992fba8a2eea5de6d39455c76d82d87b,iroh_dial,discovery,cold,0,runtime_start,0.342,ok
367e50cb992fba8a2eea5de6d39455c76d82d87b,iroh_dial,discovery,cold,0,endpoint_bind,1.347,ok
367e50cb992fba8a2eea5de6d39455c76d82d87b,iroh_dial,discovery,cold,0,address_lookup,1.678,ok
367e50cb992fba8a2eea5de6d39455c76d82d87b,iroh_dial,discovery,cold,0,dial_handshake,190.496,ok
367e50cb992fba8a2eea5de6d39455c76d82d87b,iroh_dial,discovery,cold,0,stream_open,90.463,ok
367e50cb992fba8a2eea5de6d39455c76d82d87b,iroh_dial,discovery,cold,0,echo_rtt,0.051,ok
367e50cb992fba8a2eea5de6d39455c76d82d87b,iroh_dial,discovery,cold,0,echo_rtt,0.040,ok
367e50cb992fba8a2eea5de6d39455c76d82d87b,iroh_dial,discovery,cold,0,echo_rtt,0.038,ok
367e50cb992fba8a2eea5de6d39455c76d82d87b,iroh_dial,discovery,cold,0,echo_rtt,0.036,ok
367e50cb992fba8a2eea5de6d39455c76d82d87b,iroh_dial,discovery,cold,0,echo_rtt,0.036,ok
367e50cb992fba8a2eea5de6d39455c76d82d87b,iroh_dial,discovery,cold,0,echo_rtt,0.035,ok
367e50cb992fba8a2eea5de6d39455c76d82d87b,iroh_dial,discovery,cold,0,echo_rtt,0.035,ok
367e50cb992fba8a2eea5de6d39455c76d82d87b,iroh_dial,discovery,cold,0,echo_rtt,0.034,ok
367e50cb992fba8a2eea5de6d39455c76d82d87b,iroh_dial,discovery,cold,0,echo_rtt,0.038,ok
367e50cb992fba8a2eea5de6d39455c76d82d87b,iroh_dial,discovery,cold,0,echo_rtt,0.046,ok
367e50cb992fba8a2eea5de6d39455c76d82d87b,iroh_dial,discovery,cold,0,echo_rtt,0.072,ok
367e50cb992fba8a2eea5de6d39455c76d82d87b,iroh_dial,discovery,cold,0,echo_rtt,0.041,ok
367e50cb992fba8a2eea5de6d39455c76d82d87b,iroh_dial,discovery,cold,0,echo_rtt,0.040,ok
367e50cb992fba8a2eea5de6d39455c76d82d87b,iroh_dial,discovery,cold,0,echo_rtt,0.036,ok
367e50cb992fba8a2eea5de6d39455c76d82d87b,iroh_dial,discovery,cold,0,echo_rtt,0.036,ok
367e50cb992fba8a2eea5de6d39455c76d82d87b,iroh_dial,discovery,cold,0,echo_rtt,0.035,ok
367e50cb992fba8a2eea5de6d39455c76d82d87b,iroh_dial,discovery,cold,0,echo_rtt,0.037,ok
367e50cb992fba8a2eea5de6d39455c76d82d87b,iroh_dial,discovery,cold,0,echo_rtt,0.034,ok
367e50cb992fba8a2eea5de6d39455c76d82d87b,iroh_dial,discovery,cold,0,echo_rtt,0.035,ok
367e50cb992fba8a2eea5de6d39455c76d82d87b,iroh_dial,discovery,cold,0,echo_rtt,0.040,ok
367e50cb992fba8a2eea5de6d39455c76d82d87b,iroh_dial,discovery,cold,0,process_spawn,0.600,ok
367e50cb992fba8a2eea5de6d39455c76d82d87b,iroh_dial,discovery,cold,0,runtime_start,0.338,ok
367e50cb992fba8a2eea5de6d39455c76d82d87b,iroh_dial,discovery,cold,0,endpoint_bind,1.376,ok
367e50cb992fba8a2eea5de6d39455c76d82d87b,iroh_dial,discovery,cold,0,address_lookup,1.719,ok
367e50cb992fba8a2eea5de6d39455c76d82d87b,iroh_dial,discovery,cold,0,dial_handshake,199.169,ok
367e50cb992fba8a2eea5de6d39455c76d82d87b,iroh_dial,discovery,cold,0,stream_open,95.237,ok
367e50cb992fba8a2eea5de6d39455c76d82d87b,iroh_dial,discovery,cold,0,echo_rtt,0.050,ok
367e50cb992fba8a2eea5de6d39455c76d82d87b,iroh_dial,discovery,cold,0,echo_rtt,0.046,ok
367e50cb992fba8a2eea5de6d39455c76d82d87b,iroh_dial,discovery,cold,0,echo_rtt,0.032,ok
367e50cb992fba8a2eea5de6d39455c76d82d87b,iroh_dial,discovery,cold,0,echo_rtt,0.042,ok
367e50cb992fba8a2eea5de6d39455c76d82d87b,iroh_dial,discovery,cold,0,echo_rtt,0.031,ok
367e50cb992fba8a2eea5de6d39455c76d82d87b,iroh_dial,discovery,cold,0,echo_rtt,0.042,ok
367e50cb992fba8a2eea5de6d39455c76d82d87b,iroh_dial,discovery,cold,0,echo_rtt,0.030,ok
367e50cb992fba8a2eea5de6d39455c76d82d87b,iroh_dial,discovery,cold,0,echo_rtt,0.040,ok
367e50cb992fba8a2eea5de6d39455c76d82d87b,iroh_dial,discovery,cold,0,echo_rtt,0.030,ok
367e50cb992fba8a2eea5de6d39455c76d82d87b,iroh_dial,discovery,cold,0,echo_rtt,0.040,ok
367e50cb992fba8a2eea5de6d39455c76d82d87b,iroh_dial,discovery,cold,0,echo_rtt,0.030,ok
367e50cb992fba8a2eea5de6d39455c76d82d87b,iroh_dial,discovery,cold,0,echo_rtt,0.044,ok
367e50cb992fba8a2eea5de6d39455c76d82d87b,iroh_dial,discovery,cold,0,echo_rtt,0.031,ok
367e50cb992fba8a2eea5de6d39455c76d82d87b,iroh_dial,discovery,cold,0,echo_rtt,0.042,ok
367e50cb992fba8a2eea5de6d39455c76d82d87b,iroh_dial,discovery,cold,0,echo_rtt,0.030,ok
367e50cb992fba8a2eea5de6d39455c76d82d87b,iroh_dial,discovery,cold,0,echo_rtt,0.041,ok
367e50cb992fba8a2eea5de6d39455c76d82d87b,iroh_dial,discovery,cold,0,echo_rtt,0.030,ok
367e50cb992fba8a2eea5de6d39455c76d82d87b,iroh_dial,discovery,cold,0,echo_rtt,0.040,ok
367e50cb992fba8a2eea5de6d39455c76d82d87b,iroh_dial,discovery,cold,0,echo_rtt,0.033,ok
367e50cb992fba8a2eea5de6d39455c76d82d87b,iroh_dial,discovery,cold,0,echo_rtt,0.044,ok
367e50cb992fba8a2eea5de6d39455c76d82d87b,iroh_dial,discovery,cold,0,process_spawn,0.638,ok
367e50cb992fba8a2eea5de6d39455c76d82d87b,iroh_dial,discovery,cold,0,runtime_start,0.332,ok
367e50cb992fba8a2eea5de6d39455c76d82d87b,iroh_dial,discovery,cold,0,endpoint_bind,1.376,ok
367e50cb992fba8a2eea5de6d39455c76d82d87b,iroh_dial,discovery,cold,0,address_lookup,1.595,ok
367e50cb992fba8a2eea5de6d39455c76d82d87b,iroh_dial,discovery,cold,0,dial_handshake,200.193,ok
367e50cb992fba8a2eea5de6d39455c76d82d87b,iroh_dial,discovery,cold,0,stream_open,94.024,ok
367e50cb992fba8a2eea5de6d39455c76d82d87b,iroh_dial,discovery,cold,0,echo_rtt,0.035,ok
367e50cb992fba8a2eea5de6d39455c76d82d87b,iroh_dial,discovery,cold,0,echo_rtt,0.040,ok
367e50cb992fba8a2eea5de6d39455c76d82d87b,iroh_dial,discovery,cold,0,echo_rtt,0.033,ok
367e50cb992fba8a2eea5de6d39455c76d82d87b,iroh_dial,discovery,cold,0,echo_rtt,0.032,ok
367e50cb992fba8a2eea5de6d39455c76d82d87b,iroh_dial,discovery,cold,0,echo_rtt,0.030,ok
367e50cb992fba8a2eea5de6d39455c76d82d87b,iroh_dial,discovery,cold,0,echo_rtt,0.031,ok
367e50cb992fba8a2eea5de6d39455c76d82d87b,iroh_dial,discovery,cold,0,echo_rtt,0.029,ok
367e50cb992fba8a2eea5de6d39455c76d82d87b,iroh_dial,discovery,cold,0,echo_rtt,0.030,ok
367e50cb992fba8a2eea5de6d39455c76d82d87b,iroh_dial,discovery,cold,0,echo_rtt,0.030,ok
367e50cb992fba8a2eea5de6d39455c76d82d87b,iroh_dial,discovery,cold,0,echo_rtt,0.030,ok
367e50cb992fba8a2eea5de6d39455c76d82d87b,iroh_dial,discovery,cold,0,echo_rtt,0.032,ok
367e50cb992fba8a2eea5de6d39455c76d82d87b,iroh_dial,discovery,cold,0,echo_rtt,0.031,ok
367e50cb992fba8a2eea5de6d39455c76d82d87b,iroh_dial,discovery,cold,0,echo_rtt,0.029,ok
367e50cb992fba8a2eea5de6d39455c76d82d87b,iroh_dial,discovery,cold,0,echo_rtt,0.030,ok
367e50cb992fba8a2eea5de6d39455c76d82d87b,iroh_dial,discovery,cold,0,echo_rtt,0.029,ok
367e50cb992fba8a2eea5de6d39455c76d82d87b,iroh_dial,discovery,cold,0,echo_rtt,0.030,ok
367e50cb992fba8a2eea5de6d39455c76d82d87b,iroh_dial,discovery,cold,0,echo_rtt,0.029,ok
367e50cb992fba8a2eea5de6d39455c76d82d87b,iroh_dial,discovery,cold,0,echo_rtt,0.030,ok
367e50cb992fba8a2eea5de6d39455c76d82d87b,iroh_dial,discovery,cold,0,echo_rtt,0.029,ok
367e50cb992fba8a2eea5de6d39455c76d82d87b,iroh_dial,discovery,cold,0,echo_rtt,0.029,ok
367e50cb992fba8a2eea5de6d39455c76d82d87b,iroh_dial,discovery,cold,0,process_spawn,0.627,ok
367e50cb992fba8a2eea5de6d39455c76d82d87b,iroh_dial,discovery,cold,0,runtime_start,0.346,ok
367e50cb992fba8a2eea5de6d39455c76d82d87b,iroh_dial,discovery,cold,0,endpoint_bind,1.367,ok
367e50cb992fba8a2eea5de6d39455c76d82d87b,iroh_dial,discovery,cold,0,address_lookup,1.573,ok
367e50cb992fba8a2eea5de6d39455c76d82d87b,iroh_dial,discovery,cold,0,dial_handshake,189.930,ok
367e50cb992fba8a2eea5de6d39455c76d82d87b,iroh_dial,discovery,cold,0,stream_open,81.623,ok
367e50cb992fba8a2eea5de6d39455c76d82d87b,iroh_dial,discovery,cold,0,echo_rtt,0.095,ok
367e50cb992fba8a2eea5de6d39455c76d82d87b,iroh_dial,discovery,cold,0,echo_rtt,0.061,ok
367e50cb992fba8a2eea5de6d39455c76d82d87b,iroh_dial,discovery,cold,0,echo_rtt,0.037,ok
367e50cb992fba8a2eea5de6d39455c76d82d87b,iroh_dial,discovery,cold,0,echo_rtt,0.033,ok
367e50cb992fba8a2eea5de6d39455c76d82d87b,iroh_dial,discovery,cold,0,echo_rtt,0.031,ok
367e50cb992fba8a2eea5de6d39455c76d82d87b,iroh_dial,discovery,cold,0,echo_rtt,0.033,ok
367e50cb992fba8a2eea5de6d39455c76d82d87b,iroh_dial,discovery,cold,0,echo_rtt,0.031,ok
367e50cb992fba8a2eea5de6d39455c76d82d87b,iroh_dial,discovery,cold,0,echo_rtt,0.029,ok
367e50cb992fba8a2eea5de6d39455c76d82d87b,iroh_dial,discovery,cold,0,echo_rtt,0.031,ok
367e50cb992fba8a2eea5de6d39455c76d82d87b,iroh_dial,discovery,cold,0,echo_rtt,0.029,ok
367e50cb992fba8a2eea5de6d39455c76d82d87b,iroh_dial,discovery,cold,0,echo_rtt,0.029,ok
367e50cb992fba8a2eea5de6d39455c76d82d87b,iroh_dial,discovery,cold,0,echo_rtt,0.029,ok
367e50cb992fba8a2eea5de6d39455c76d82d87b,iroh_dial,discovery,cold,0,echo_rtt,0.029,ok
367e50cb992fba8a2eea5de6d39455c76d82d87b,iroh_dial,discovery,cold,0,echo_rtt,0.028,ok
367e50cb992fba8a2eea5de6d39455c76d82d87b,iroh_dial,discovery,cold,0,echo_rtt,0.029,ok
367e50cb992fba8a2eea5de6d39455c76d82d87b,iroh_dial,discovery,cold,0,echo_rtt,0.028,ok
367e50cb992fba8a2eea5de6d39455c76d82d87b,iroh_dial,discovery,cold,0,echo_rtt,0.029,ok
367e50cb992fba8a2eea5de6d39455c76d82d87b,iroh_dial,discovery,cold,0,echo_rtt,0.028,ok
367e50cb992fba8a2eea5de6d39455c76d82d87b,iroh_dial,discovery,cold,0,echo_rtt,0.030,ok
367e50cb992fba8a2eea5de6d39455c76d82d87b,iroh_dial,discovery,cold,0,echo_rtt,0.029,ok
367e50cb992fba8a2eea5de6d39455c76d82d87b,iroh_dial,discovery,cold,0,process_spawn,0.780,ok
367e50cb992fba8a2eea5de6d39455c76d82d87b,iroh_dial,discovery,cold,0,runtime_start,0.376,ok
367e50cb992fba8a2eea5de6d39455c76d82d87b,iroh_dial,discovery,cold,0,endpoint_bind,1.412,ok
367e50cb992fba8a2eea5de6d39455c76d82d87b,iroh_dial,discovery,cold,0,address_lookup,131.360,ok
367e50cb992fba8a2eea5de6d39455c76d82d87b,iroh_dial,discovery,cold,0,dial_handshake,190.749,ok
367e50cb992fba8a2eea5de6d39455c76d82d87b,iroh_dial,discovery,cold,0,stream_open,92.084,ok
367e50cb992fba8a2eea5de6d39455c76d82d87b,iroh_dial,discovery,cold,0,echo_rtt,0.047,ok
367e50cb992fba8a2eea5de6d39455c76d82d87b,iroh_dial,discovery,cold,0,echo_rtt,0.037,ok
367e50cb992fba8a2eea5de6d39455c76d82d87b,iroh_dial,discovery,cold,0,echo_rtt,0.033,ok
367e50cb992fba8a2eea5de6d39455c76d82d87b,iroh_dial,discovery,cold,0,echo_rtt,0.031,ok
367e50cb992fba8a2eea5de6d39455c76d82d87b,iroh_dial,discovery,cold,0,echo_rtt,0.030,ok
367e50cb992fba8a2eea5de6d39455c76d82d87b,iroh_dial,discovery,cold,0,echo_rtt,0.029,ok
367e50cb992fba8a2eea5de6d39455c76d82d87b,iroh_dial,discovery,cold,0,echo_rtt,0.033,ok
367e50cb992fba8a2eea5de6d39455c76d82d87b,iroh_dial,discovery,cold,0,echo_rtt,0.037,ok
367e50cb992fba8a2eea5de6d39455c76d82d87b,iroh_dial,discovery,cold,0,echo_rtt,0.026,ok
367e50cb992fba8a2eea5de6d39455c76d82d87b,iroh_dial,discovery,cold,0,echo_rtt,0.033,ok
367e50cb992fba8a2eea5de6d39455c76d82d87b,iroh_dial,discovery,cold,0,echo_rtt,0.025,ok
367e50cb992fba8a2eea5de6d39455c76d82d87b,iroh_dial,discovery,cold,0,echo_rtt,0.034,ok
367e50cb992fba8a2eea5de6d39455c76d82d87b,iroh_dial,discovery,cold,0,echo_rtt,0.025,ok
367e50cb992fba8a2eea5de6d39455c76d82d87b,iroh_dial,discovery,cold,0,echo_rtt,0.033,ok
367e50cb992fba8a2eea5de6d39455c76d82d87b,iroh_dial,discovery,cold,0,echo_rtt,0.025,ok
367e50cb992fba8a2eea5de6d39455c76d82d87b,iroh_dial,discovery,cold,0,echo_rtt,0.033,ok
367e50cb992fba8a2eea5de6d39455c76d82d87b,iroh_dial,discovery,cold,0,echo_rtt,0.025,ok
367e50cb992fba8a2eea5de6d39455c76d82d87b,iroh_dial,discovery,cold,0,echo_rtt,0.033,ok
367e50cb992fba8a2eea5de6d39455c76d82d87b,iroh_dial,discovery,cold,0,echo_rtt,0.025,ok
367e50cb992fba8a2eea5de6d39455c76d82d87b,iroh_dial,discovery,cold,0,echo_rtt,0.036,ok
367e50cb992fba8a2eea5de6d39455c76d82d87b,iroh_dial,discovery,cold,0,process_spawn,0.632,ok
367e50cb992fba8a2eea5de6d39455c76d82d87b,iroh_dial,discovery,cold,0,runtime_start,0.405,ok
367e50cb992fba8a2eea5de6d39455c76d82d87b,iroh_dial,discovery,cold,0,endpoint_bind,1.538,ok
367e50cb992fba8a2eea5de6d39455c76d82d87b,iroh_dial,discovery,cold,0,address_lookup,1.586,ok
367e50cb992fba8a2eea5de6d39455c76d82d87b,iroh_dial,discovery,cold,0,dial_handshake,189.968,ok
367e50cb992fba8a2eea5de6d39455c76d82d87b,iroh_dial,discovery,cold,0,stream_open,91.178,ok
367e50cb992fba8a2eea5de6d39455c76d82d87b,iroh_dial,discovery,cold,0,echo_rtt,0.043,ok
367e50cb992fba8a2eea5de6d39455c76d82d87b,iroh_dial,discovery,cold,0,echo_rtt,0.035,ok
367e50cb992fba8a2eea5de6d39455c76d82d87b,iroh_dial,discovery,cold,0,echo_rtt,0.032,ok
367e50cb992fba8a2eea5de6d39455c76d82d87b,iroh_dial,discovery,cold,0,echo_rtt,0.051,ok
367e50cb992fba8a2eea5de6d39455c76d82d87b,iroh_dial,discovery,cold,0,echo_rtt,0.036,ok
367e50cb992fba8a2eea5de6d39455c76d82d87b,iroh_dial,discovery,cold,0,echo_rtt,0.030,ok
367e50cb992fba8a2eea5de6d39455c76d82d87b,iroh_dial,discovery,cold,0,echo_rtt,0.079,ok
367e50cb992fba8a2eea5de6d39455c76d82d87b,iroh_dial,discovery,cold,0,echo_rtt,0.035,ok
367e50cb992fba8a2eea5de6d39455c76d82d87b,iroh_dial,discovery,cold,0,echo_rtt,0.041,ok
367e50cb992fba8a2eea5de6d39455c76d82d87b,iroh_dial,discovery,cold,0,echo_rtt,0.035,ok
367e50cb992fba8a2eea5de6d39455c76d82d87b,iroh_dial,discovery,cold,0,echo_rtt,0.033,ok
367e50cb992fba8a2eea5de6d39455c76d82d87b,iroh_dial,discovery,cold,0,echo_rtt,0.029,ok
367e50cb992fba8a2eea5de6d39455c76d82d87b,iroh_dial,discovery,cold,0,echo_rtt,0.031,ok
367e50cb992fba8a2eea5de6d39455c76d82d87b,iroh_dial,discovery,cold,0,echo_rtt,0.029,ok
367e50cb992fba8a2eea5de6d39455c76d82d87b,iroh_dial,discovery,cold,0,echo_rtt,0.030,ok
367e50cb992fba8a2eea5de6d39455c76d82d87b,iroh_dial,discovery,cold,0,echo_rtt,0.029,ok
367e50cb992fba8a2eea5de6d39455c76d82d87b,iroh_dial,discovery,cold,0,echo_rtt,0.030,ok
367e50cb992fba8a2eea5de6d39455c76d82d87b,iroh_dial,discovery,cold,0,echo_rtt,0.029,ok
367e50cb992fba8a2eea5de6d39455c76d82d87b,iroh_dial,discovery,cold,0,echo_rtt,0.040,ok
367e50cb992fba8a2eea5de6d39455c76d82d87b,iroh_dial,discovery,cold,0,echo_rtt,0.051,ok
367e50cb992fba8a2eea5de6d39455c76d82d87b,iroh_dial,discovery,cold,0,process_spawn,0.721,ok
367e50cb992fba8a2eea5de6d39455c76d82d87b,iroh_dial,discovery,cold,0,runtime_start,0.341,ok
367e50cb992fba8a2eea5de6d39455c76d82d87b,iroh_dial,discovery,cold,0,endpoint_bind,1.371,ok
367e50cb992fba8a2eea5de6d39455c76d82d87b,iroh_dial,discovery,cold,0,address_lookup,1.699,ok
367e50cb992fba8a2eea5de6d39455c76d82d87b,iroh_dial,discovery,cold,0,dial_handshake,203.035,ok
367e50cb992fba8a2eea5de6d39455c76d82d87b,iroh_dial,discovery,cold,0,stream_open,85.773,ok
367e50cb992fba8a2eea5de6d39455c76d82d87b,iroh_dial,discovery,cold,0,echo_rtt,0.098,ok
367e50cb992fba8a2eea5de6d39455c76d82d87b,iroh_dial,discovery,cold,0,echo_rtt,0.140,ok
367e50cb992fba8a2eea5de6d39455c76d82d87b,iroh_dial,discovery,cold,0,echo_rtt,0.039,ok
367e50cb992fba8a2eea5de6d39455c76d82d87b,iroh_dial,discovery,cold,0,echo_rtt,0.034,ok
367e50cb992fba8a2eea5de6d39455c76d82d87b,iroh_dial,discovery,cold,0,echo_rtt,0.030,ok
367e50cb992fba8a2eea5de6d39455c76d82d87b,iroh_dial,discovery,cold,0,echo_rtt,0.030,ok
367e50cb992fba8a2eea5de6d39455c76d82d87b,iroh_dial,discovery,cold,0,echo_rtt,0.029,ok
367e50cb992fba8a2eea5de6d39455c76d82d87b,iroh_dial,discovery,cold,0,echo_rtt,0.033,ok
367e50cb992fba8a2eea5de6d39455c76d82d87b,iroh_dial,discovery,cold,0,echo_rtt,0.033,ok
367e50cb992fba8a2eea5de6d39455c76d82d87b,iroh_dial,discovery,cold,0,echo_rtt,0.035,ok
367e50cb992fba8a2eea5de6d39455c76d82d87b,iroh_dial,discovery,cold,0,echo_rtt,0.033,ok
367e50cb992fba8a2eea5de6d39455c76d82d87b,iroh_dial,discovery,cold,0,echo_rtt,0.034,ok
367e50cb992fba8a2eea5de6d39455c76d82d87b,iroh_dial,discovery,cold,0,echo_rtt,0.032,ok
367e50cb992fba8a2eea5de6d39455c76d82d87b,iroh_dial,discovery,cold,0,echo_rtt,0.033,ok
367e50cb992fba8a2eea5de6d39455c76d82d87b,iroh_dial,discovery,cold,0,echo_rtt,0.034,ok
367e50cb992fba8a2eea5de6d39455c76d82d87b,iroh_dial,discovery,cold,0,echo_rtt,0.034,ok
367e50cb992fba8a2eea5de6d39455c76d82d87b,iroh_dial,discovery,cold,0,echo_rtt,0.034,ok
367e50cb992fba8a2eea5de6d39455c76d82d87b,iroh_dial,discovery,cold,0,echo_rtt,0.033,ok
367e50cb992fba8a2eea5de6d39455c76d82d87b,iroh_dial,discovery,cold,0,echo_rtt,0.033,ok
367e50cb992fba8a2eea5de6d39455c76d82d87b,iroh_dial,discovery,cold,0,echo_rtt,0.041,ok
367e50cb992fba8a2eea5de6d39455c76d82d87b,iroh_dial,discovery,cold,0,process_spawn,0.615,ok
367e50cb992fba8a2eea5de6d39455c76d82d87b,iroh_dial,discovery,cold,0,runtime_start,0.359,ok
367e50cb992fba8a2eea5de6d39455c76d82d87b,iroh_dial,discovery,cold,0,endpoint_bind,1.612,ok
367e50cb992fba8a2eea5de6d39455c76d82d87b,iroh_dial,discovery,cold,0,address_lookup,1.884,ok
367e50cb992fba8a2eea5de6d39455c76d82d87b,iroh_dial,discovery,cold,0,dial_handshake,191.854,ok
367e50cb992fba8a2eea5de6d39455c76d82d87b,iroh_dial,discovery,cold,0,stream_open,80.928,ok
367e50cb992fba8a2eea5de6d39455c76d82d87b,iroh_dial,discovery,cold,0,echo_rtt,0.141,ok
367e50cb992fba8a2eea5de6d39455c76d82d87b,iroh_dial,discovery,cold,0,echo_rtt,0.040,ok
367e50cb992fba8a2eea5de6d39455c76d82d87b,iroh_dial,discovery,cold,0,echo_rtt,0.037,ok
367e50cb992fba8a2eea5de6d39455c76d82d87b,iroh_dial,discovery,cold,0,echo_rtt,0.032,ok
367e50cb992fba8a2eea5de6d39455c76d82d87b,iroh_dial,discovery,cold,0,echo_rtt,0.032,ok
367e50cb992fba8a2eea5de6d39455c76d82d87b,iroh_dial,discovery,cold,0,echo_rtt,0.030,ok
367e50cb992fba8a2eea5de6d39455c76d82d87b,iroh_dial,discovery,cold,0,echo_rtt,0.033,ok
367e50cb992fba8a2eea5de6d39455c76d82d87b,iroh_dial,discovery,cold,0,echo_rtt,0.031,ok
367e50cb992fba8a2eea5de6d39455c76d82d87b,iroh_dial,discovery,cold,0,echo_rtt,0.032,ok
367e50cb992fba8a2eea5de6d39455c76d82d87b,iroh_dial,discovery,cold,0,echo_rtt,0.043,ok
367e50cb992fba8a2eea5de6d39455c76d82d87b,iroh_dial,discovery,cold,0,echo_rtt,0.037,ok
367e50cb992fba8a2eea5de6d39455c76d82d87b,iroh_dial,discovery,cold,0,echo_rtt,0.031,ok
367e50cb992fba8a2eea5de6d39455c76d82d87b,iroh_dial,discovery,cold,0,echo_rtt,0.037,ok
367e50cb992fba8a2eea5de6d39455c76d82d87b,iroh_dial,discovery,cold,0,echo_rtt,0.031,ok
367e50cb992fba8a2eea5de6d39455c76d82d87b,iroh_dial,discovery,cold,0,echo_rtt,0.031,ok
367e50cb992fba8a2eea5de6d39455c76d82d87b,iroh_dial,discovery,cold,0,echo_rtt,0.029,ok
367e50cb992fba8a2eea5de6d39455c76d82d87b,iroh_dial,discovery,cold,0,echo_rtt,0.030,ok
367e50cb992fba8a2eea5de6d39455c76d82d87b,iroh_dial,discovery,cold,0,echo_rtt,0.029,ok
367e50cb992fba8a2eea5de6d39455c76d82d87b,iroh_dial,discovery,cold,0,echo_rtt,0.037,ok
367e50cb992fba8a2eea5de6d39455c76d82d87b,iroh_dial,discovery,cold,0,echo_rtt,0.032,ok
367e50cb992fba8a2eea5de6d39455c76d82d87b,iroh_dial,discovery,cold,0,process_spawn,0.623,ok
367e50cb992fba8a2eea5de6d39455c76d82d87b,iroh_dial,discovery,cold,0,runtime_start,0.331,ok
367e50cb992fba8a2eea5de6d39455c76d82d87b,iroh_dial,discovery,cold,0,endpoint_bind,1.337,ok
367e50cb992fba8a2eea5de6d39455c76d82d87b,iroh_dial,discovery,cold,0,address_lookup,1.655,ok
367e50cb992fba8a2eea5de6d39455c76d82d87b,iroh_dial,discovery,cold,0,dial_handshake,191.739,ok
367e50cb992fba8a2eea5de6d39455c76d82d87b,iroh_dial,discovery,cold,0,stream_open,80.981,ok
367e50cb992fba8a2eea5de6d39455c76d82d87b,iroh_dial,discovery,cold,0,echo_rtt,0.073,ok
367e50cb992fba8a2eea5de6d39455c76d82d87b,iroh_dial,discovery,cold,0,echo_rtt,0.060,ok
367e50cb992fba8a2eea5de6d39455c76d82d87b,iroh_dial,discovery,cold,0,echo_rtt,0.050,ok
367e50cb992fba8a2eea5de6d39455c76d82d87b,iroh_dial,discovery,cold,0,echo_rtt,0.029,ok
367e50cb992fba8a2eea5de6d39455c76d82d87b,iroh_dial,discovery,cold,0,echo_rtt,0.040,ok
367e50cb992fba8a2eea5de6d39455c76d82d87b,iroh_dial,discovery,cold,0,echo_rtt,0.028,ok
367e50cb992fba8a2eea5de6d39455c76d82d87b,iroh_dial,discovery,cold,0,echo_rtt,0.038,ok
367e50cb992fba8a2eea5de6d39455c76d82d87b,iroh_dial,discovery,cold,0,echo_rtt,0.029,ok
367e50cb992fba8a2eea5de6d39455c76d82d87b,iroh_dial,discovery,cold,0,echo_rtt,0.039,ok
367e50cb992fba8a2eea5de6d39455c76d82d87b,iroh_dial,discovery,cold,0,echo_rtt,0.027,ok
367e50cb992fba8a2eea5de6d39455c76d82d87b,iroh_dial,discovery,cold,0,echo_rtt,0.043,ok
367e50cb992fba8a2eea5de6d39455c76d82d87b,iroh_dial,discovery,cold,0,echo_rtt,0.028,ok
367e50cb992fba8a2eea5de6d39455c76d82d87b,iroh_dial,discovery,cold,0,echo_rtt,0.038,ok
367e50cb992fba8a2eea5de6d39455c76d82d87b,iroh_dial,discovery,cold,0,echo_rtt,0.027,ok
367e50cb992fba8a2eea5de6d39455c76d82d87b,iroh_dial,discovery,cold,0,echo_rtt,0.036,ok
367e50cb992fba8a2eea5de6d39455c76d82d87b,iroh_dial,discovery,cold,0,echo_rtt,0.027,ok
367e50cb992fba8a2eea5de6d39455c76d82d87b,iroh_dial,discovery,cold,0,echo_rtt,0.043,ok
367e50cb992fba8a2eea5de6d39455c76d82d87b,iroh_dial,discovery,cold,0,echo_rtt,0.030,ok
367e50cb992fba8a2eea5de6d39455c76d82d87b,iroh_dial,discovery,cold,0,echo_rtt,0.039,ok
367e50cb992fba8a2eea5de6d39455c76d82d87b,iroh_dial,discovery,cold,0,echo_rtt,0.029,ok
367e50cb992fba8a2eea5de6d39455c76d82d87b,iroh_dial,discovery,warm,1,address_lookup,0.079,ok
367e50cb992fba8a2eea5de6d39455c76d82d87b,iroh_dial,discovery,warm,1,dial_handshake,0.378,ok
367e50cb992fba8a2eea5de6d39455c76d82d87b,iroh_dial,discovery,warm,1,stream_open,0.147,ok
367e50cb992fba8a2eea5de6d39455c76d82d87b,iroh_dial,discovery,warm,1,echo_rtt,0.088,ok
367e50cb992fba8a2eea5de6d39455c76d82d87b,iroh_dial,discovery,warm,1,echo_rtt,0.038,ok
367e50cb992fba8a2eea5de6d39455c76d82d87b,iroh_dial,discovery,warm,1,echo_rtt,0.030,ok
367e50cb992fba8a2eea5de6d39455c76d82d87b,iroh_dial,discovery,warm,1,echo_rtt,0.032,ok
367e50cb992fba8a2eea5de6d39455c76d82d87b,iroh_dial,discovery,warm,1,echo_rtt,0.032,ok
367e50cb992fba8a2eea5de6d39455c76d82d87b,iroh_dial,discovery,warm,1,echo_rtt,0.033,ok
367e50cb992fba8a2eea5de6d39455c76d82d87b,iroh_dial,discovery,warm,1,echo_rtt,0.028,ok
367e50cb992fba8a2eea5de6d39455c76d82d87b,iroh_dial,discovery,warm,1,echo_rtt,0.033,ok
367e50cb992fba8a2eea5de6d39455c76d82d87b,iroh_dial,discovery,warm,1,echo_rtt,0.028,ok
367e50cb992fba8a2eea5de6d39455c76d82d87b,iroh_dial,discovery,warm,1,echo_rtt,0.028,ok
367e50cb992fba8a2eea5de6d39455c76d82d87b,iroh_dial,discovery,warm,1,echo_rtt,0.027,ok
367e50cb992fba8a2eea5de6d39455c76d82d87b,iroh_dial,discovery,warm,1,echo_rtt,0.027,ok
367e50cb992fba8a2eea5de6d39455c76d82d87b,iroh_dial,discovery,warm,1,echo_rtt,0.027,ok
367e50cb992fba8a2eea5de6d39455c76d82d87b,iroh_dial,discovery,warm,1,echo_rtt,0.028,ok
367e50cb992fba8a2eea5de6d39455c76d82d87b,iroh_dial,discovery,warm,1,echo_rtt,0.027,ok
367e50cb992fba8a2eea5de6d39455c76d82d87b,iroh_dial,discovery,warm,1,echo_rtt,0.028,ok
367e50cb992fba8a2eea5de6d39455c76d82d87b,iroh_dial,discovery,warm,1,echo_rtt,0.027,ok
367e50cb992fba8a2eea5de6d39455c76d82d87b,iroh_dial,discovery,warm,1,echo_rtt,0.028,ok
367e50cb992fba8a2eea5de6d39455c76d82d87b,iroh_dial,discovery,warm,1,echo_rtt,0.027,ok
367e50cb992fba8a2eea5de6d39455c76d82d87b,iroh_dial,discovery,warm,1,echo_rtt,0.028,ok
367e50cb992fba8a2eea5de6d39455c76d82d87b,iroh_dial,discovery,warm,2,address_lookup,0.076,ok
367e50cb992fba8a2eea5de6d39455c76d82d87b,iroh_dial,discovery,warm,2,dial_handshake,0.316,ok
367e50cb992fba8a2eea5de6d39455c76d82d87b,iroh_dial,discovery,warm,2,stream_open,0.140,ok
367e50cb992fba8a2eea5de6d39455c76d82d87b,iroh_dial,discovery,warm,2,echo_rtt,0.069,ok
367e50cb992fba8a2eea5de6d39455c76d82d87b,iroh_dial,discovery,warm,2,echo_rtt,0.057,ok
367e50cb992fba8a2eea5de6d39455c76d82d87b,iroh_dial,discovery,warm,2,echo_rtt,0.046,ok
367e50cb992fba8a2eea5de6d39455c76d82d87b,iroh_dial,discovery,warm,2,echo_rtt,0.029,ok
367e50cb992fba8a2eea5de6d39455c76d82d87b,iroh_dial,discovery,warm,2,echo_rtt,0.048,ok
367e50cb992fba8a2eea5de6d39455c76d82d87b,iroh_dial,discovery,warm,2,echo_rtt,0.030,ok
367e50cb992fba8a2eea5de6d39455c76d82d87b,iroh_dial,discovery,warm,2,echo_rtt,0.040,ok
367e50cb992fba8a2eea5de6d39455c76d82d87b,iroh_dial,discovery,warm,2,echo_rtt,0.029,ok
367e50cb992fba8a2eea5de6d39455c76d82d87b,iroh_dial,discovery,warm,2,echo_rtt,0.042,ok
367e50cb992fba8a2eea5de6d39455c76d82d87b,iroh_dial,discovery,warm,2,echo_rtt,0.028,ok
367e50cb992fba8a2eea5de6d39455c76d82d87b,iroh_dial,discovery,warm,2,echo_rtt,0.038,ok
367e50cb992fba8a2eea5de6d39455c76d82d87b,iroh_dial,discovery,warm,2,echo_rtt,0.028,ok
367e50cb992fba8a2eea5de6d39455c76d82d87b,iroh_dial,discovery,warm,2,echo_rtt,0.038,ok
367e50cb992fba8a2eea5de6d39455c76d82d87b,iroh_dial,discovery,warm,2,echo_rtt,0.028,ok
367e50cb992fba8a2eea5de6d39455c76d82d87b,iroh_dial,discovery,warm,2,echo_rtt,0.038,ok
367e50cb992fba8a2eea5de6d39455c76d82d87b,iroh_dial,discovery,warm,2,echo_rtt,0.028,ok
367e50cb992fba8a2eea5de6d39455c76d82d87b,iroh_dial,discovery,warm,2,echo_rtt,0.038,ok
367e50cb992fba8a2eea5de6d39455c76d82d87b,iroh_dial,discovery,warm,2,echo_rtt,0.033,ok
367e50cb992fba8a2eea5de6d39455c76d82d87b,iroh_dial,discovery,warm,2,echo_rtt,0.035,ok
367e50cb992fba8a2eea5de6d39455c76d82d87b,iroh_dial,discovery,warm,2,echo_rtt,0.033,ok
367e50cb992fba8a2eea5de6d39455c76d82d87b,iroh_dial,discovery,warm,3,address_lookup,0.079,ok
367e50cb992fba8a2eea5de6d39455c76d82d87b,iroh_dial,discovery,warm,3,dial_handshake,0.332,ok
367e50cb992fba8a2eea5de6d39455c76d82d87b,iroh_dial,discovery,warm,3,stream_open,0.181,ok
367e50cb992fba8a2eea5de6d39455c76d82d87b,iroh_dial,discovery,warm,3,echo_rtt,0.045,ok
367e50cb992fba8a2eea5de6d39455c76d82d87b,iroh_dial,discovery,warm,3,echo_rtt,0.046,ok
367e50cb992fba8a2eea5de6d39455c76d82d87b,iroh_dial,discovery,warm,3,echo_rtt,0.035,ok
367e50cb992fba8a2eea5de6d39455c76d82d87b,iroh_dial,discovery,warm,3,echo_rtt,0.026,ok
367e50cb992fba8a2eea5de6d39455c76d82d87b,iroh_dial,discovery,warm,3,echo_rtt,0.033,ok
367e50cb992fba8a2eea5de6d39455c76d82d87b,iroh_dial,discovery,warm,3,echo_rtt,0.024,ok
367e50cb992fba8a2eea5de6d39455c76d82d87b,iroh_dial,discovery,warm,3,echo_rtt,0.032,ok
367e50cb992fba8a2eea5de6d39455c76d82d87b,iroh_dial,discovery,warm,3,echo_rtt,0.024,ok
367e50cb992fba8a2eea5de6d39455c76d82d87b,iroh_dial,discovery,warm,3,echo_rtt,0.033,ok
367e50cb992fba8a2eea5de6d39455c76d82d87b,iroh_dial,discovery,warm,3,echo_rtt,0.027,ok
367e50cb992fba8a2eea5de6d39455c76d82d87b,iroh_dial,discovery,warm,3,echo_rtt,0.062,ok
367e50cb992fba8a2eea5de6d39455c76d82d87b,iroh_dial,discovery,warm,3,echo_rtt,0.033,ok
367e50cb992fba8a2eea5de6d39455c76d82d87b,iroh_dial,discovery,warm,3,echo_rtt,0.038,ok
367e50cb992fba8a2eea5de6d39455c76d82d87b,iroh_dial,discovery,warm,3,echo_rtt,0.025,ok
367e50cb992fba8a2eea5de6d39455c76d82d87b,iroh_dial,discovery,warm,3,echo_rtt,0.032,ok
367e50cb992fba8a2eea5de6d39455c76d82d87b,iroh_dial,discovery,warm,3,echo_rtt,0.024,ok
367e50cb992fba8a2eea5de6d39455c76d82d87b,iroh_dial,discovery,warm,3,echo_rtt,0.031,ok
367e50cb992fba8a2eea5de6d39455c76d82d87b,iroh_dial,discovery,warm,3,echo_rtt,0.023,ok
367e50cb992fba8a2eea5de6d39455c76d82d87b,iroh_dial,discovery,warm,3,echo_rtt,0.031,ok
367e50cb992fba8a2eea5de6d39455c76d82d87b,iroh_dial,discovery,warm,3,echo_rtt,0.029,ok
367e50cb992fba8a2eea5de6d39455c76d82d87b,iroh_dial,discovery,warm,4,address_lookup,0.085,ok
367e50cb992fba8a2eea5de6d39455c76d82d87b,iroh_dial,discovery,warm,4,dial_handshake,0.371,ok
367e50cb992fba8a2eea5de6d39455c76d82d87b,iroh_dial,discovery,warm,4,stream_open,0.132,ok
367e50cb992fba8a2eea5de6d39455c76d82d87b,iroh_dial,discovery,warm,4,echo_rtt,0.056,ok
367e50cb992fba8a2eea5de6d39455c76d82d87b,iroh_dial,discovery,warm,4,echo_rtt,0.063,ok
367e50cb992fba8a2eea5de6d39455c76d82d87b,iroh_dial,discovery,warm,4,echo_rtt,0.036,ok
367e50cb992fba8a2eea5de6d39455c76d82d87b,iroh_dial,discovery,warm,4,echo_rtt,0.039,ok
367e50cb992fba8a2eea5de6d39455c76d82d87b,iroh_dial,discovery,warm,4,echo_rtt,0.035,ok
367e50cb992fba8a2eea5de6d39455c76d82d87b,iroh_dial,discovery,warm,4,echo_rtt,0.033,ok
367e50cb992fba8a2eea5de6d39455c76d82d87b,iroh_dial,discovery,warm,4,echo_rtt,0.034,ok
367e50cb992fba8a2eea5de6d39455c76d82d87b,iroh_dial,discovery,warm,4,echo_rtt,0.036,ok
367e50cb992fba8a2eea5de6d39455c76d82d87b,iroh_dial,discovery,warm,4,echo_rtt,0.036,ok
367e50cb992fba8a2eea5de6d39455c76d82d87b,iroh_dial,discovery,warm,4,echo_rtt,0.032,ok
367e50cb992fba8a2eea5de6d39455c76d82d87b,iroh_dial,discovery,warm,4,echo_rtt,0.032,ok
367e50cb992fba8a2eea5de6d39455c76d82d87b,iroh_dial,discovery,warm,4,echo_rtt,0.030,ok
367e50cb992fba8a2eea5de6d39455c76d82d87b,iroh_dial,discovery,warm,4,echo_rtt,0.032,ok
367e50cb992fba8a2eea5de6d39455c76d82d87b,iroh_dial,discovery,warm,4,echo_rtt,0.031,ok
367e50cb992fba8a2eea5de6d39455c76d82d87b,iroh_dial,discovery,warm,4,echo_rtt,0.032,ok
367e50cb992fba8a2eea5de6d39455c76d82d87b,iroh_dial,discovery,warm,4,echo_rtt,0.031,ok
367e50cb992fba8a2eea5de6d39455c76d82d87b,iroh_dial,discovery,warm,4,echo_rtt,0.032,ok
367e50cb992fba8a2eea5de6d39455c76d82d87b,iroh_dial,discovery,warm,4,echo_rtt,0.030,ok
367e50cb992fba8a2eea5de6d39455c76d82d87b,iroh_dial,discovery,warm,4,echo_rtt,0.033,ok
367e50cb992fba8a2eea5de6d39455c76d82d87b,iroh_dial,discovery,warm,4,echo_rtt,0.030,ok
367e50cb992fba8a2eea5de6d39455c76d82d87b,iroh_dial,discovery,warm,5,address_lookup,0.079,ok
367e50cb992fba8a2eea5de6d39455c76d82d87b,iroh_dial,discovery,warm,5,dial_handshake,0.350,ok
367e50cb992fba8a2eea5de6d39455c76d82d87b,iroh_dial,discovery,warm,5,stream_open,0.116,ok
367e50cb992fba8a2eea5de6d39455c76d82d87b,iroh_dial,discovery,warm,5,echo_rtt,0.057,ok
367e50cb992fba8a2eea5de6d39455c76d82d87b,iroh_dial,discovery,warm,5,echo_rtt,0.054,ok
367e50cb992fba8a2eea5de6d39455c76d82d87b,iroh_dial,discovery,warm,5,echo_rtt,0.034,ok
367e50cb992fba8a2eea5de6d39455c76d82d87b,iroh_dial,discovery,warm,5,echo_rtt,0.029,ok
367e50cb992fba8a2eea5de6d39455c76d82d87b,iroh_dial,discovery,warm,5,echo_rtt,0.032,ok
367e50cb992fba8a2eea5de6d39455c76d82d87b,iroh_dial,discovery,warm,5,echo_rtt,0.029,ok
367e50cb992fba8a2eea5de6d39455c76d82d87b,iroh_dial,discovery,warm,5,echo_rtt,0.032,ok
367e50cb992fba8a2eea5de6d39455c76d82d87b,iroh_dial,discovery,warm,5,echo_rtt,0.032,ok
367e50cb992fba8a2eea5de6d39455c76d82d87b,iroh_dial,discovery,warm,5,echo_rtt,0.031,ok
367e50cb992fba8a2eea5de6d39455c76d82d87b,iroh_dial,discovery,warm,5,echo_rtt,0.028,ok
367e50cb992fba8a2eea5de6d39455c76d82d87b,iroh_dial,discovery,warm,5,echo_rtt,0.032,ok
367e50cb992fba8a2eea5de6d39455c76d82d87b,iroh_dial,discovery,warm,5,echo_rtt,0.028,ok
367e50cb992fba8a2eea5de6d39455c76d82d87b,iroh_dial,discovery,warm,5,echo_rtt,0.031,ok
367e50cb992fba8a2eea5de6d39455c76d82d87b,iroh_dial,discovery,warm,5,echo_rtt,0.028,ok
367e50cb992fba8a2eea5de6d39455c76d82d87b,iroh_dial,discovery,warm,5,echo_rtt,0.031,ok
367e50cb992fba8a2eea5de6d39455c76d82d87b,iroh_dial,discovery,warm,5,echo_rtt,0.028,ok
367e50cb992fba8a2eea5de6d39455c76d82d87b,iroh_dial,discovery,warm,5,echo_rtt,0.032,ok
367e50cb992fba8a2eea5de6d39455c76d82d87b,iroh_dial,discovery,warm,5,echo_rtt,0.028,ok
367e50cb992fba8a2eea5de6d39455c76d82d87b,iroh_dial,discovery,warm,5,echo_rtt,0.031,ok
367e50cb992fba8a2eea5de6d39455c76d82d87b,iroh_dial,discovery,warm,5,echo_rtt,0.028,ok
367e50cb992fba8a2eea5de6d39455c76d82d87b,iroh_dial,discovery,warm,6,address_lookup,0.082,ok
367e50cb992fba8a2eea5de6d39455c76d82d87b,iroh_dial,discovery,warm,6,dial_handshake,0.328,ok
367e50cb992fba8a2eea5de6d39455c76d82d87b,iroh_dial,discovery,warm,6,stream_open,0.145,ok
367e50cb992fba8a2eea5de6d39455c76d82d87b,iroh_dial,discovery,warm,6,echo_rtt,0.046,ok
367e50cb992fba8a2eea5de6d39455c76d82d87b,iroh_dial,discovery,warm,6,echo_rtt,0.057,ok
367e50cb992fba8a2eea5de6d39455c76d82d87b,iroh_dial,discovery,warm,6,echo_rtt,0.042,ok
367e50cb992fba8a2eea5de6d39455c76d82d87b,iroh_dial,discovery,warm,6,echo_rtt,0.029,ok
367e50cb992fba8a2eea5de6d39455c76d82d87b,iroh_dial,discovery,warm,6,echo_rtt,0.038,ok
367e50cb992fba8a2eea5de6d39455c76d82d87b,iroh_dial,discovery,warm,6,echo_rtt,0.028,ok
367e50cb992fba8a2eea5de6d39455c76d82d87b,iroh_dial,discovery,warm,6,echo_rtt,0.037,ok
367e50cb992fba8a2eea5de6d39455c76d82d87b,iroh_dial,discovery,warm,6,echo_rtt,0.031,ok
367e50cb992fba8a2eea5de6d39455c76d82d87b,iroh_dial,discovery,warm,6,echo_rtt,0.039,ok
367e50cb992fba8a2eea5de6d39455c76d82d87b,iroh_dial,discovery,warm,6,echo_rtt,0.028,ok
367e50cb992fba8a2eea5de6d39455c76d82d87b,iroh_dial,discovery,warm,6,echo_rtt,0.037,ok
367e50cb992fba8a2eea5de6d39455c76d82d87b,iroh_dial,discovery,warm,6,echo_rtt,0.027,ok
367e50cb992fba8a2eea5de6d39455c76d82d87b,iroh_dial,discovery,warm,6,echo_rtt,0.039,ok
367e50cb992fba8a2eea5de6d39455c76d82d87b,iroh_dial,discovery,warm,6,echo_rtt,0.028,ok
367e50cb992fba8a2eea5de6d39455c76d82d87b,iroh_dial,discovery,warm,6,echo_rtt,0.037,ok
367e50cb992fba8a2eea5de6d39455c76d82d87b,iroh_dial,discovery,warm,6,echo_rtt,0.028,ok
367e50cb992fba8a2eea5de6d39455c76d82d87b,iroh_dial,discovery,warm,6,echo_rtt,0.038,ok
367e50cb992fba8a2eea5de6d39455c76d82d87b,iroh_dial,discovery,warm,6,echo_rtt,0.034,ok
367e50cb992fba8a2eea5de6d39455c76d82d87b,iroh_dial,discovery,warm,6,echo_rtt,0.048,ok
367e50cb992fba8a2eea5de6d39455c76d82d87b,iroh_dial,discovery,warm,6,echo_rtt,0.028,ok
367e50cb992fba8a2eea5de6d39455c76d82d87b,iroh_dial,discovery,warm,7,address_lookup,0.076,ok
367e50cb992fba8a2eea5de6d39455c76d82d87b,iroh_dial,discovery,warm,7,dial_handshake,0.398,ok
367e50cb992fba8a2eea5de6d39455c76d82d87b,iroh_dial,discovery,warm,7,stream_open,0.198,ok
367e50cb992fba8a2eea5de6d39455c76d82d87b,iroh_dial,discovery,warm,7,echo_rtt,0.053,ok
367e50cb992fba8a2eea5de6d39455c76d82d87b,iroh_dial,discovery,warm,7,echo_rtt,0.068,ok
367e50cb992fba8a2eea5de6d39455c76d82d87b,iroh_dial,discovery,warm,7,echo_rtt,0.034,ok
367e50cb992fba8a2eea5de6d39455c76d82d87b,iroh_dial,discovery,warm,7,echo_rtt,0.039,ok
367e50cb992fba8a2eea5de6d39455c76d82d87b,iroh_dial,discovery,warm,7,echo_rtt,0.057,ok
367e50cb992fba8a2eea5de6d39455c76d82d87b,iroh_dial,discovery,warm,7,echo_rtt,0.039,ok
367e50cb992fba8a2eea5de6d39455c76d82d87b,iroh_dial,discovery,warm,7,echo_rtt,0.028,ok
367e50cb992fba8a2eea5de6d39455c76d82d87b,iroh_dial,discovery,warm,7,echo_rtt,0.039,ok
367e50cb992fba8a2eea5de6d39455c76d82d87b,iroh_dial,discovery,warm,7,echo_rtt,0.028,ok
367e50cb992fba8a2eea5de6d39455c76d82d87b,iroh_dial,discovery,warm,7,echo_rtt,0.043,ok
367e50cb992fba8a2eea5de6d39455c76d82d87b,iroh_dial,discovery,warm,7,echo_rtt,0.029,ok
367e50cb992fba8a2eea5de6d39455c76d82d87b,iroh_dial,discovery,warm,7,echo_rtt,0.038,ok
367e50cb992fba8a2eea5de6d39455c76d82d87b,iroh_dial,discovery,warm,7,echo_rtt,0.028,ok
367e50cb992fba8a2eea5de6d39455c76d82d87b,iroh_dial,discovery,warm,7,echo_rtt,0.037,ok
367e50cb992fba8a2eea5de6d39455c76d82d87b,iroh_dial,discovery,warm,7,echo_rtt,0.028,ok
367e50cb992fba8a2eea5de6d39455c76d82d87b,iroh_dial,discovery,warm,7,echo_rtt,0.038,ok
367e50cb992fba8a2eea5de6d39455c76d82d87b,iroh_dial,discovery,warm,7,echo_rtt,0.030,ok
367e50cb992fba8a2eea5de6d39455c76d82d87b,iroh_dial,discovery,warm,7,echo_rtt,0.038,ok
367e50cb992fba8a2eea5de6d39455c76d82d87b,iroh_dial,discovery,warm,7,echo_rtt,0.030,ok
367e50cb992fba8a2eea5de6d39455c76d82d87b,iroh_dial,discovery,warm,7,echo_rtt,0.038,ok
367e50cb992fba8a2eea5de6d39455c76d82d87b,iroh_dial,discovery,warm,8,address_lookup,0.081,ok
367e50cb992fba8a2eea5de6d39455c76d82d87b,iroh_dial,discovery,warm,8,dial_handshake,0.353,ok
367e50cb992fba8a2eea5de6d39455c76d82d87b,iroh_dial,discovery,warm,8,stream_open,0.187,ok
367e50cb992fba8a2eea5de6d39455c76d82d87b,iroh_dial,discovery,warm,8,echo_rtt,0.068,ok
367e50cb992fba8a2eea5de6d39455c76d82d87b,iroh_dial,discovery,warm,8,echo_rtt,0.037,ok
367e50cb992fba8a2eea5de6d39455c76d82d87b,iroh_dial,discovery,warm,8,echo_rtt,0.109,ok
367e50cb992fba8a2eea5de6d39455c76d82d87b,iroh_dial,discovery,warm,8,echo_rtt,0.039,ok
367e50cb992fba8a2eea5de6d39455c76d82d87b,iroh_dial,discovery,warm,8,echo_rtt,0.038,ok
367e50cb992fba8a2eea5de6d39455c76d82d87b,iroh_dial,discovery,warm,8,echo_rtt,0.030,ok
367e50cb992fba8a2eea5de6d39455c76d82d87b,iroh_dial,discovery,warm,8,echo_rtt,0.032,ok
367e50cb992fba8a2eea5de6d39455c76d82d87b,iroh_dial,discovery,warm,8,echo_rtt,0.030,ok
367e50cb992fba8a2eea5de6d39455c76d82d87b,iroh_dial,discovery,warm,8,echo_rtt,0.031,ok
367e50cb992fba8a2eea5de6d39455c76d82d87b,iroh_dial,discovery,warm,8,echo_rtt,0.030,ok
367e50cb992fba8a2eea5de6d39455c76d82d87b,iroh_dial,discovery,warm,8,echo_rtt,0.029,ok
367e50cb992fba8a2eea5de6d39455c76d82d87b,iroh_dial,discovery,warm,8,echo_rtt,0.030,ok
367e50cb992fba8a2eea5de6d39455c76d82d87b,iroh_dial,discovery,warm,8,echo_rtt,0.029,ok
367e50cb992fba8a2eea5de6d39455c76d82d87b,iroh_dial,discovery,warm,8,echo_rtt,0.029,ok
367e50cb992fba8a2eea5de6d39455c76d82d87b,iroh_dial,discovery,warm,8,echo_rtt,0.030,ok
367e50cb992fba8a2eea5de6d39455c76d82d87b,iroh_dial,discovery,warm,8,echo_rtt,0.030,ok
367e50cb992fba8a2eea5de6d39455c76d82d87b,iroh_dial,discovery,warm,8,echo_rtt,0.036,ok
367e50cb992fba8a2eea5de6d39455c76d82d87b,iroh_dial,discovery,warm,8,echo_rtt,0.033,ok
367e50cb992fba8a2eea5de6d39455c76d82d87b,iroh_dial,discovery,warm,8,echo_rtt,0.030,ok
367e50cb992fba8a2eea5de6d39455c76d82d87b,iroh_dial,discovery,warm,8,echo_rtt,0.030,ok
367e50cb992fba8a2eea5de6d39455c76d82d87b,iroh_dial,discovery,warm,9,address_lookup,0.101,ok
367e50cb992fba8a2eea5de6d39455c76d82d87b,iroh_dial,discovery,warm,9,dial_handshake,0.386,ok
367e50cb992fba8a2eea5de6d39455c76d82d87b,iroh_dial,discovery,warm,9,stream_open,0.222,ok
367e50cb992fba8a2eea5de6d39455c76d82d87b,iroh_dial,discovery,warm,9,echo_rtt,0.048,ok
367e50cb992fba8a2eea5de6d39455c76d82d87b,iroh_dial,discovery,warm,9,echo_rtt,0.038,ok
367e50cb992fba8a2eea5de6d39455c76d82d87b,iroh_dial,discovery,warm,9,echo_rtt,0.036,ok
367e50cb992fba8a2eea5de6d39455c76d82d87b,iroh_dial,discovery,warm,9,echo_rtt,0.035,ok
367e50cb992fba8a2eea5de6d39455c76d82d87b,iroh_dial,discovery,warm,9,echo_rtt,0.034,ok
367e50cb992fba8a2eea5de6d39455c76d82d87b,iroh_dial,discovery,warm,9,echo_rtt,0.033,ok
367e50cb992fba8a2eea5de6d39455c76d82d87b,iroh_dial,discovery,warm,9,echo_rtt,0.034,ok
367e50cb992fba8a2eea5de6d39455c76d82d87b,iroh_dial,discovery,warm,9,echo_rtt,0.034,ok
367e50cb992fba8a2eea5de6d39455c76d82d87b,iroh_dial,discovery,warm,9,echo_rtt,0.039,ok
367e50cb992fba8a2eea5de6d39455c76d82d87b,iroh_dial,discovery,warm,9,echo_rtt,0.034,ok
367e50cb992fba8a2eea5de6d39455c76d82d87b,iroh_dial,discovery,warm,9,echo_rtt,0.037,ok
367e50cb992fba8a2eea5de6d39455c76d82d87b,iroh_dial,discovery,warm,9,echo_rtt,0.029,ok
367e50cb992fba8a2eea5de6d39455c76d82d87b,iroh_dial,discovery,warm,9,echo_rtt,0.038,ok
367e50cb992fba8a2eea5de6d39455c76d82d87b,iroh_dial,discovery,warm,9,echo_rtt,0.026,ok
367e50cb992fba8a2eea5de6d39455c76d82d87b,iroh_dial,discovery,warm,9,echo_rtt,0.033,ok
367e50cb992fba8a2eea5de6d39455c76d82d87b,iroh_dial,discovery,warm,9,echo_rtt,0.025,ok
367e50cb992fba8a2eea5de6d39455c76d82d87b,iroh_dial,discovery,warm,9,echo_rtt,0.032,ok
367e50cb992fba8a2eea5de6d39455c76d82d87b,iroh_dial,discovery,warm,9,echo_rtt,0.025,ok
367e50cb992fba8a2eea5de6d39455c76d82d87b,iroh_dial,discovery,warm,9,echo_rtt,0.033,ok
367e50cb992fba8a2eea5de6d39455c76d82d87b,iroh_dial,discovery,warm,9,echo_rtt,0.025,ok
367e50cb992fba8a2eea5de6d39455c76d82d87b,iroh_dial,discovery,warm,10,address_lookup,0.089,ok
367e50cb992fba8a2eea5de6d39455c76d82d87b,iroh_dial,discovery,warm,10,dial_handshake,0.316,ok
367e50cb992fba8a2eea5de6d39455c76d82d87b,iroh_dial,discovery,warm,10,stream_open,0.149,ok
367e50cb992fba8a2eea5de6d39455c76d82d87b,iroh_dial,discovery,warm,10,echo_rtt,0.072,ok
367e50cb992fba8a2eea5de6d39455c76d82d87b,iroh_dial,discovery,warm,10,echo_rtt,0.037,ok
367e50cb992fba8a2eea5de6d39455c76d82d87b,iroh_dial,discovery,warm,10,echo_rtt,0.026,ok
367e50cb992fba8a2eea5de6d39455c76d82d87b,iroh_dial,discovery,warm,10,echo_rtt,0.033,ok
367e50cb992fba8a2eea5de6d39455c76d82d87b,iroh_dial,discovery,warm,10,echo_rtt,0.030,ok
367e50cb992fba8a2eea5de6d39455c76d82d87b,iroh_dial,discovery,warm,10,echo_rtt,0.028,ok
367e50cb992fba8a2eea5de6d39455c76d82d87b,iroh_dial,discovery,warm,10,echo_rtt,0.032,ok
367e50cb992fba8a2eea5de6d39455c76d82d87b,iroh_dial,discovery,warm,10,echo_rtt,0.031,ok
367e50cb992fba8a2eea5de6d39455c76d82d87b,iroh_dial,discovery,warm,10,echo_rtt,0.037,ok
367e50cb992fba8a2eea5de6d39455c76d82d87b,iroh_dial,discovery,warm,10,echo_rtt,0.031,ok
367e50cb992fba8a2eea5de6d39455c76d82d87b,iroh_dial,discovery,warm,10,echo_rtt,0.032,ok
367e50cb992fba8a2eea5de6d39455c76d82d87b,iroh_dial,discovery,warm,10,echo_rtt,0.030,ok
367e50cb992fba8a2eea5de6d39455c76d82d87b,iroh_dial,discovery,warm,10,echo_rtt,0.029,ok
367e50cb992fba8a2eea5de6d39455c76d82d87b,iroh_dial,discovery,warm,10,echo_rtt,0.032,ok
367e50cb992fba8a2eea5de6d39455c76d82d87b,iroh_dial,discovery,warm,10,echo_rtt,0.032,ok
367e50cb992fba8a2eea5de6d39455c76d82d87b,iroh_dial,discovery,warm,10,echo_rtt,0.031,ok
367e50cb992fba8a2eea5de6d39455c76d82d87b,iroh_dial,discovery,warm,10,echo_rtt,0.031,ok
367e50cb992fba8a2eea5de6d39455c76d82d87b,iroh_dial,discovery,warm,10,echo_rtt,0.031,ok
367e50cb992fba8a2eea5de6d39455c76d82d87b,iroh_dial,discovery,warm,10,echo_rtt,0.031,ok
367e50cb992fba8a2eea5de6d39455c76d82d87b,iroh_dial,discovery,warm,10,echo_rtt,0.030,ok
367e50cb992fba8a2eea5de6d39455c76d82d87b,iroh_dial,discovery,warm,11,address_lookup,0.086,ok
367e50cb992fba8a2eea5de6d39455c76d82d87b,iroh_dial,discovery,warm,11,dial_handshake,0.342,ok
367e50cb992fba8a2eea5de6d39455c76d82d87b,iroh_dial,discovery,warm,11,stream_open,0.163,ok
367e50cb992fba8a2eea5de6d39455c76d82d87b,iroh_dial,discovery,warm,11,echo_rtt,0.046,ok
367e50cb992fba8a2eea5de6d39455c76d82d87b,iroh_dial,discovery,warm,11,echo_rtt,0.042,ok
367e50cb992fba8a2eea5de6d39455c76d82d87b,iroh_dial,discovery,warm,11,echo_rtt,0.036,ok
367e50cb992fba8a2eea5de6d39455c76d82d87b,iroh_dial,discovery,warm,11,echo_rtt,0.025,ok
367e50cb992fba8a2eea5de6d39455c76d82d87b,iroh_dial,discovery,warm,11,echo_rtt,0.033,ok
367e50cb992fba8a2eea5de6d39455c76d82d87b,iroh_dial,discovery,warm,11,echo_rtt,0.024,ok
367e50cb992fba8a2eea5de6d39455c76d82d87b,iroh_dial,discovery,warm,11,echo_rtt,0.034,ok
367e50cb992fba8a2eea5de6d39455c76d82d87b,iroh_dial,discovery,warm,11,echo_rtt,0.029,ok
367e50cb992fba8a2eea5de6d39455c76d82d87b,iroh_dial,discovery,warm,11,echo_rtt,0.035,ok
367e50cb992fba8a2eea5de6d39455c76d82d87b,iroh_dial,discovery,warm,11,echo_rtt,0.033,ok
367e50cb992fba8a2eea5de6d39455c76d82d87b,iroh_dial,discovery,warm,11,echo_rtt,0.041,ok
367e50cb992fba8a2eea5de6d39455c76d82d87b,iroh_dial,discovery,warm,11,echo_rtt,0.029,ok
367e50cb992fba8a2eea5de6d39455c76d82d87b,iroh_dial,discovery,warm,11,echo_rtt,0.037,ok
367e50cb992fba8a2eea5de6d39455c76d82d87b,iroh_dial,discovery,warm,11,echo_rtt,0.027,ok
367e50cb992fba8a2eea5de6d39455c76d82d87b,iroh_dial,discovery,warm,11,echo_rtt,0.036,ok
367e50cb992fba8a2eea5de6d39455c76d82d87b,iroh_dial,discovery,warm,11,echo_rtt,0.027,ok
367e50cb992fba8a2eea5de6d39455c76d82d87b,iroh_dial,discovery,warm,11,echo_rtt,0.036,ok
367e50cb992fba8a2eea5de6d39455c76d82d87b,iroh_dial,discovery,warm,11,echo_rtt,0.027,ok
367e50cb992fba8a2eea5de6d39455c76d82d87b,iroh_dial,discovery,warm,11,echo_rtt,0.036,ok
367e50cb992fba8a2eea5de6d39455c76d82d87b,iroh_dial,discovery,warm,11,echo_rtt,0.027,ok
367e50cb992fba8a2eea5de6d39455c76d82d87b,iroh_dial,discovery,warm,12,address_lookup,0.090,ok
367e50cb992fba8a2eea5de6d39455c76d82d87b,iroh_dial,discovery,warm,12,dial_handshake,0.347,ok
367e50cb992fba8a2eea5de6d39455c76d82d87b,iroh_dial,discovery,warm,12,stream_open,0.174,ok
367e50cb992fba8a2eea5de6d39455c76d82d87b,iroh_dial,discovery,warm,12,echo_rtt,0.058,ok
367e50cb992fba8a2eea5de6d39455c76d82d87b,iroh_dial,discovery,warm,12,echo_rtt,0.047,ok
367e50cb992fba8a2eea5de6d39455c76d82d87b,iroh_dial,discovery,warm,12,echo_rtt,0.037,ok
367e50cb992fba8a2eea5de6d39455c76d82d87b,iroh_dial,discovery,warm,12,echo_rtt,0.027,ok
367e50cb992fba8a2eea5de6d39455c76d82d87b,iroh_dial,discovery,warm,12,echo_rtt,0.035,ok
367e50cb992fba8a2eea5de6d39455c76d82d87b,iroh_dial,discovery,warm,12,echo_rtt,0.035,ok
367e50cb992fba8a2eea5de6d39455c76d82d87b,iroh_dial,discovery,warm,12,echo_rtt,0.040,ok
367e50cb992fba8a2eea5de6d39455c76d82d87b,iroh_dial,discovery,warm,12,echo_rtt,0.028,ok
367e50cb992fba8a2eea5de6d39455c76d82d87b,iroh_dial,discovery,warm,12,echo_rtt,0.035,ok
367e50cb992fba8a2eea5de6d39455c76d82d87b,iroh_dial,discovery,warm,12,echo_rtt,0.033,ok
367e50cb992fba8a2eea5de6d39455c76d82d87b,iroh_dial,discovery,warm,12,echo_rtt,0.035,ok
367e50cb992fba8a2eea5de6d39455c76d82d87b,iroh_dial,discovery,warm,12,echo_rtt,0.032,ok
367e50cb992fba8a2eea5de6d39455c76d82d87b,iroh_dial,discovery,warm,12,echo_rtt,0.035,ok
367e50cb992fba8a2eea5de6d39455c76d82d87b,iroh_dial,discovery,warm,12,echo_rtt,0.025,ok
367e50cb992fba8a2eea5de6d39455c76d82d87b,iroh_dial,discovery,warm,12,echo_rtt,0.038,ok
367e50cb992fba8a2eea5de6d39455c76d82d87b,iroh_dial,discovery,warm,12,echo_rtt,0.027,ok
367e50cb992fba8a2eea5de6d39455c76d82d87b,iroh_dial,discovery,warm,12,echo_rtt,0.037,ok
367e50cb992fba8a2eea5de6d39455c76d82d87b,iroh_dial,discovery,warm,12,echo_rtt,0.027,ok
367e50cb992fba8a2eea5de6d39455c76d82d87b,iroh_dial,discovery,warm,12,echo_rtt,0.036,ok
367e50cb992fba8a2eea5de6d39455c76d82d87b,iroh_dial,discovery,warm,12,echo_rtt,0.027,ok
367e50cb992fba8a2eea5de6d39455c76d82d87b,iroh_dial,discovery,warm,13,address_lookup,0.077,ok
367e50cb992fba8a2eea5de6d39455c76d82d87b,iroh_dial,discovery,warm,13,dial_handshake,0.403,ok
367e50cb992fba8a2eea5de6d39455c76d82d87b,iroh_dial,discovery,warm,13,stream_open,0.166,ok
367e50cb992fba8a2eea5de6d39455c76d82d87b,iroh_dial,discovery,warm,13,echo_rtt,0.056,ok
367e50cb992fba8a2eea5de6d39455c76d82d87b,iroh_dial,discovery,warm,13,echo_rtt,0.074,ok
367e50cb992fba8a2eea5de6d39455c76d82d87b,iroh_dial,discovery,warm,13,echo_rtt,0.045,ok
367e50cb992fba8a2eea5de6d39455c76d82d87b,iroh_dial,discovery,warm,13,echo_rtt,0.029,ok
367e50cb992fba8a2eea5de6d39455c76d82d87b,iroh_dial,discovery,warm,13,echo_rtt,0.038,ok
367e50cb992fba8a2eea5de6d39455c76d82d87b,iroh_dial,discovery,warm,13,echo_rtt,0.025,ok
367e50cb992fba8a2eea5de6d39455c76d82d87b,iroh_dial,discovery,warm,13,echo_rtt,0.033,ok
367e50cb992fba8a2eea5de6d39455c76d82d87b,iroh_dial,discovery,warm,13,echo_rtt,0.026,ok
367e50cb992fba8a2eea5de6d39455c76d82d87b,iroh_dial,discovery,warm,13,echo_rtt,0.047,ok
367e50cb992fba8a2eea5de6d39455c76d82d87b,iroh_dial,discovery,warm,13,echo_rtt,0.026,ok
367e50cb992fba8a2eea5de6d39455c76d82d87b,iroh_dial,discovery,warm,13,echo_rtt,0.032,ok
367e50cb992fba8a2eea5de6d39455c76d82d87b,iroh_dial,discovery,warm,13,echo_rtt,0.025,ok
367e50cb992fba8a2eea5de6d39455c76d82d87b,iroh_dial,discovery,warm,13,echo_rtt,0.034,ok
367e50cb992fba8a2eea5de6d39455c76d82d87b,iroh_dial,discovery,warm,13,echo_rtt,0.036,ok
367e50cb992fba8a2eea5de6d39455c76d82d87b,iroh_dial,discovery,warm,13,echo_rtt,0.046,ok
367e50cb992fba8a2eea5de6d39455c76d82d87b,iroh_dial,discovery,warm,13,echo_rtt,0.029,ok
367e50cb992fba8a2eea5de6d39455c76d82d87b,iroh_dial,discovery,warm,13,echo_rtt,0.034,ok
367e50cb992fba8a2eea5de6d39455c76d82d87b,iroh_dial,discovery,warm,13,echo_rtt,0.026,ok
367e50cb992fba8a2eea5de6d39455c76d82d87b,iroh_dial,discovery,warm,13,echo_rtt,0.037,ok
367e50cb992fba8a2eea5de6d39455c76d82d87b,iroh_dial,discovery,warm,13,echo_rtt,0.025,ok
367e50cb992fba8a2eea5de6d39455c76d82d87b,iroh_dial,discovery,warm,14,address_lookup,0.073,ok
367e50cb992fba8a2eea5de6d39455c76d82d87b,iroh_dial,discovery,warm,14,dial_handshake,0.394,ok
367e50cb992fba8a2eea5de6d39455c76d82d87b,iroh_dial,discovery,warm,14,stream_open,0.169,ok
367e50cb992fba8a2eea5de6d39455c76d82d87b,iroh_dial,discovery,warm,14,echo_rtt,0.038,ok
367e50cb992fba8a2eea5de6d39455c76d82d87b,iroh_dial,discovery,warm,14,echo_rtt,0.063,ok
367e50cb992fba8a2eea5de6d39455c76d82d87b,iroh_dial,discovery,warm,14,echo_rtt,0.038,ok
367e50cb992fba8a2eea5de6d39455c76d82d87b,iroh_dial,discovery,warm,14,echo_rtt,0.027,ok
367e50cb992fba8a2eea5de6d39455c76d82d87b,iroh_dial,discovery,warm,14,echo_rtt,0.035,ok
367e50cb992fba8a2eea5de6d39455c76d82d87b,iroh_dial,discovery,warm,14,echo_rtt,0.027,ok
367e50cb992fba8a2eea5de6d39455c76d82d87b,iroh_dial,discovery,warm,14,echo_rtt,0.043,ok
367e50cb992fba8a2eea5de6d39455c76d82d87b,iroh_dial,discovery,warm,14,echo_rtt,0.036,ok
367e50cb992fba8a2eea5de6d39455c76d82d87b,iroh_dial,discovery,warm,14,echo_rtt,0.039,ok
367e50cb992fba8a2eea5de6d39455c76d82d87b,iroh_dial,discovery,warm,14,echo_rtt,0.028,ok
367e50cb992fba8a2eea5de6d39455c76d82d87b,iroh_dial,discovery,warm,14,echo_rtt,0.035,ok
367e50cb992fba8a2eea5de6d39455c76d82d87b,iroh_dial,discovery,warm,14,echo_rtt,0.027,ok
367e50cb992fba8a2eea5de6d39455c76d82d87b,iroh_dial,discovery,warm,14,echo_rtt,0.034,ok
367e50cb992fba8a2eea5de6d39455c76d82d87b,iroh_dial,discovery,warm,14,echo_rtt,0.027,ok
367e50cb992fba8a2eea5de6d39455c76d82d87b,iroh_dial,discovery,warm,14,echo_rtt,0.035,ok
367e50cb992fba8a2eea5de6d39455c76d82d87b,iroh_dial,discovery,warm,14,echo_rtt,0.026,ok
367e50cb992fba8a2eea5de6d39455c76d82d87b,iroh_dial,discovery,warm,14,echo_rtt,0.034,ok
367e50cb992fba8a2eea5de6d39455c76d82d87b,iroh_dial,discovery,warm,14,echo_rtt,0.027,ok
367e50cb992fba8a2eea5de6d39455c76d82d87b,iroh_dial,discovery,warm,14,echo_rtt,0.039,ok
367e50cb992fba8a2eea5de6d39455c76d82d87b,iroh_dial,discovery,warm,14,echo_rtt,0.029,ok
367e50cb992fba8a2eea5de6d39455c76d82d87b,iroh_dial,discovery,warm,15,address_lookup,0.080,ok
367e50cb992fba8a2eea5de6d39455c76d82d87b,iroh_dial,discovery,warm,15,dial_handshake,0.378,ok
367e50cb992fba8a2eea5de6d39455c76d82d87b,iroh_dial,discovery,warm,15,stream_open,0.165,ok
367e50cb992fba8a2eea5de6d39455c76d82d87b,iroh_dial,discovery,warm,15,echo_rtt,0.086,ok
367e50cb992fba8a2eea5de6d39455c76d82d87b,iroh_dial,discovery,warm,15,echo_rtt,0.042,ok
367e50cb992fba8a2eea5de6d39455c76d82d87b,iroh_dial,discovery,warm,15,echo_rtt,0.029,ok
367e50cb992fba8a2eea5de6d39455c76d82d87b,iroh_dial,discovery,warm,15,echo_rtt,0.039,ok
367e50cb992fba8a2eea5de6d39455c76d82d87b,iroh_dial,discovery,warm,15,echo_rtt,0.030,ok
367e50cb992fba8a2eea5de6d39455c76d82d87b,iroh_dial,discovery,warm,15,echo_rtt,0.037,ok
367e50cb992fba8a2eea5de6d39455c76d82d87b,iroh_dial,discovery,warm,15,echo_rtt,0.028,ok
367e50cb992fba8a2eea5de6d39455c76d82d87b,iroh_dial,discovery,warm,15,echo_rtt,0.040,ok
367e50cb992fba8a2eea5de6d39455c76d82d87b,iroh_dial,discovery,warm,15,echo_rtt,0.036,ok
367e50cb992fba8a2eea5de6d39455c76d82d87b,iroh_dial,discovery,warm,15,echo_rtt,0.038,ok
367e50cb992fba8a2eea5de6d39455c76d82d87b,iroh_dial,discovery,warm,15,echo_rtt,0.028,ok
367e50cb992fba8a2eea5de6d39455c76d82d87b,iroh_dial,discovery,warm,15,echo_rtt,0.037,ok
367e50cb992fba8a2eea5de6d39455c76d82d87b,iroh_dial,discovery,warm,15,echo_rtt,0.028,ok
367e50cb992fba8a2eea5de6d39455c76d82d87b,iroh_dial,discovery,warm,15,echo_rtt,0.041,ok
367e50cb992fba8a2eea5de6d39455c76d82d87b,iroh_dial,discovery,warm,15,echo_rtt,0.028,ok
367e50cb992fba8a2eea5de6d39455c76d82d87b,iroh_dial,discovery,warm,15,echo_rtt,0.039,ok
367e50cb992fba8a2eea5de6d39455c76d82d87b,iroh_dial,discovery,warm,15,echo_rtt,0.028,ok
367e50cb992fba8a2eea5de6d39455c76d82d87b,iroh_dial,discovery,warm,15,echo_rtt,0.037,ok
367e50cb992fba8a2eea5de6d39455c76d82d87b,iroh_dial,discovery,warm,15,echo_rtt,0.028,ok
367e50cb992fba8a2eea5de6d39455c76d82d87b,iroh_dial,discovery,warm,15,echo_rtt,0.037,ok
367e50cb992fba8a2eea5de6d39455c76d82d87b,iroh_dial,discovery,warm,16,address_lookup,0.084,ok
367e50cb992fba8a2eea5de6d39455c76d82d87b,iroh_dial,discovery,warm,16,dial_handshake,0.360,ok
367e50cb992fba8a2eea5de6d39455c76d82d87b,iroh_dial,discovery,warm,16,stream_open,0.181,ok
367e50cb992fba8a2eea5de6d39455c76d82d87b,iroh_dial,discovery,warm,16,echo_rtt,0.085,ok
367e50cb992fba8a2eea5de6d39455c76d82d87b,iroh_dial,discovery,warm,16,echo_rtt,0.037,ok
367e50cb992fba8a2eea5de6d39455c76d82d87b,iroh_dial,discovery,warm,16,echo_rtt,0.028,ok
367e50cb992fba8a2eea5de6d39455c76d82d87b,iroh_dial,discovery,warm,16,echo_rtt,0.038,ok
367e50cb992fba8a2eea5de6d39455c76d82d87b,iroh_dial,discovery,warm,16,echo_rtt,0.028,ok
367e50cb992fba8a2eea5de6d39455c76d82d87b,iroh_dial,discovery,warm,16,echo_rtt,0.037,ok
367e50cb992fba8a2eea5de6d39455c76d82d87b,iroh_dial,discovery,warm,16,echo_rtt,0.027,ok
367e50cb992fba8a2eea5de6d39455c76d82d87b,iroh_dial,discovery,warm,16,echo_rtt,0.036,ok
367e50cb992fba8a2eea5de6d39455c76d82d87b,iroh_dial,discovery,warm,16,echo_rtt,0.045,ok
367e50cb992fba8a2eea5de6d39455c76d82d87b,iroh_dial,discovery,warm,16,echo_rtt,0.052,ok
367e50cb992fba8a2eea5de6d39455c76d82d87b,iroh_dial,discovery,warm,16,echo_rtt,0.028,ok
367e50cb992fba8a2eea5de6d39455c76d82d87b,iroh_dial,discovery,warm,16,echo_rtt,0.039,ok
367e50cb992fba8a2eea5de6d39455c76d82d87b,iroh_dial,discovery,warm,16,echo_rtt,0.028,ok
367e50cb992fba8a2eea5de6d39455c76d82d87b,iroh_dial,discovery,warm,16,echo_rtt,0.047,ok
367e50cb992fba8a2eea5de6d39455c76d82d87b,iroh_dial,discovery,warm,16,echo_rtt,0.034,ok
367e50cb992fba8a2eea5de6d39455c76d82d87b,iroh_dial,discovery,warm,16,echo_rtt,0.035,ok
367e50cb992fba8a2eea5de6d39455c76d82d87b,iroh_dial,discovery,warm,16,echo_rtt,0.034,ok
367e50cb992fba8a2eea5de6d39455c76d82d87b,iroh_dial,discovery,warm,16,echo_rtt,0.032,ok
367e50cb992fba8a2eea5de6d39455c76d82d87b,iroh_dial,discovery,warm,16,echo_rtt,0.032,ok
367e50cb992fba8a2eea5de6d39455c76d82d87b,iroh_dial,discovery,warm,16,echo_rtt,0.033,ok
367e50cb992fba8a2eea5de6d39455c76d82d87b,iroh_dial,discovery,warm,17,address_lookup,0.062,ok
367e50cb992fba8a2eea5de6d39455c76d82d87b,iroh_dial,discovery,warm,17,dial_handshake,0.374,ok
367e50cb992fba8a2eea5de6d39455c76d82d87b,iroh_dial,discovery,warm,17,stream_open,0.156,ok
367e50cb992fba8a2eea5de6d39455c76d82d87b,iroh_dial,discovery,warm,17,echo_rtt,0.082,ok
367e50cb992fba8a2eea5de6d39455c76d82d87b,iroh_dial,discovery,warm,17,echo_rtt,0.033,ok
367e50cb992fba8a2eea5de6d39455c76d82d87b,iroh_dial,discovery,warm,17,echo_rtt,0.033,ok
367e50cb992fba8a2eea5de6d39455c76d82d87b,iroh_dial,discovery,warm,17,echo_rtt,0.027,ok
367e50cb992fba8a2eea5de6d39455c76d82d87b,iroh_dial,discovery,warm,17,echo_rtt,0.030,ok
367e50cb992fba8a2eea5de6d39455c76d82d87b,iroh_dial,discovery,warm,17,echo_rtt,0.027,ok
367e50cb992fba8a2eea5de6d39455c76d82d87b,iroh_dial,discovery,warm,17,echo_rtt,0.029,ok
367e50cb992fba8a2eea5de6d39455c76d82d87b,iroh_dial,discovery,warm,17,echo_rtt,0.027,ok
367e50cb992fba8a2eea5de6d39455c76d82d87b,iroh_dial,discovery,warm,17,echo_rtt,0.036,ok
367e50cb992fba8a2eea5de6d39455c76d82d87b,iroh_dial,discovery,warm,17,echo_rtt,0.027,ok
367e50cb992fba8a2eea5de6d39455c76d82d87b,iroh_dial,discovery,warm,17,echo_rtt,0.031,ok
367e50cb992fba8a2eea5de6d39455c76d82d87b,iroh_dial,discovery,warm,17,echo_rtt,0.028,ok
367e50cb992fba8a2eea5de6d39455c76d82d87b,iroh_dial,discovery,warm,17,echo_rtt,0.031,ok
367e50cb992fba8a2eea5de6d39455c76d82d87b,iroh_dial,discovery,warm,17,echo_rtt,0.026,ok
367e50cb992fba8a2eea5de6d39455c76d82d87b,iroh_dial,discovery,warm,17,echo_rtt,0.029,ok
367e50cb992fba8a2eea5de6d39455c76d82d87b,iroh_dial,discovery,warm,17,echo_rtt,0.027,ok
367e50cb992fba8a2eea5de6d39455c76d82d87b,iroh_dial,discovery,warm,17,echo_rtt,0.038,ok
367e50cb992fba8a2eea5de6d39455c76d82d87b,iroh_dial,discovery,warm,17,echo_rtt,0.040,ok
367e50cb992fba8a2eea5de6d39455c76d82d87b,iroh_dial,discovery,warm,17,echo_rtt,0.035,ok
367e50cb992fba8a2eea5de6d39455c76d82d87b,iroh_dial,discovery,warm,17,echo_rtt,0.029,ok
367e50cb992fba8a2eea5de6d39455c76d82d87b,iroh_dial,discovery,warm,18,address_lookup,0.072,ok
367e50cb992fba8a2eea5de6d39455c76d82d87b,iroh_dial,discovery,warm,18,dial_handshake,0.323,ok
367e50cb992fba8a2eea5de6d39455c76d82d87b,iroh_dial,discovery,warm,18,stream_open,0.217,ok
367e50cb992fba8a2eea5de6d39455c76d82d87b,iroh_dial,discovery,warm,18,echo_rtt,0.033,ok
367e50cb992fba8a2eea5de6d39455c76d82d87b,iroh_dial,discovery,warm,18,echo_rtt,0.040,ok
367e50cb992fba8a2eea5de6d39455c76d82d87b,iroh_dial,discovery,warm,18,echo_rtt,0.039,ok
367e50cb992fba8a2eea5de6d39455c76d82d87b,iroh_dial,discovery,warm,18,echo_rtt,0.030,ok
367e50cb992fba8a2eea5de6d39455c76d82d87b,iroh_dial,discovery,warm,18,echo_rtt,0.030,ok
367e50cb992fba8a2eea5de6d39455c76d82d87b,iroh_dial,discovery,warm,18,echo_rtt,0.028,ok
367e50cb992fba8a2eea5de6d39455c76d82d87b,iroh_dial,discovery,warm,18,echo_rtt,0.029,ok
367e50cb992fba8a2eea5de6d39455c76d82d87b,iroh_dial,discovery,warm,18,echo_rtt,0.053,ok
367e50cb992fba8a2eea5de6d39455c76d82d87b,iroh_dial,discovery,warm,18,echo_rtt,0.031,ok
367e50cb992fba8a2eea5de6d39455c76d82d87b,iroh_dial,discovery,warm,18,echo_rtt,0.029,ok
367e50cb992fba8a2eea5de6d39455c76d82d87b,iroh_dial,discovery,warm,18,echo_rtt,0.029,ok
367e50cb992fba8a2eea5de6d39455c76d82d87b,iroh_dial,discovery,warm,18,echo_rtt,0.027,ok
367e50cb992fba8a2eea5de6d39455c76d82d87b,iroh_dial,discovery,warm,18,echo_rtt,0.028,ok
367e50cb992fba8a2eea5de6d39455c76d82d87b,iroh_dial,discovery,warm,18,echo_rtt,0.033,ok
367e50cb992fba8a2eea5de6d39455c76d82d87b,iroh_dial,discovery,warm,18,echo_rtt,0.031,ok
367e50cb992fba8a2eea5de6d39455c76d82d87b,iroh_dial,discovery,warm,18,echo_rtt,0.030,ok
367e50cb992fba8a2eea5de6d39455c76d82d87b,iroh_dial,discovery,warm,18,echo_rtt,0.031,ok
367e50cb992fba8a2eea5de6d39455c76d82d87b,iroh_dial,discovery,warm,18,echo_rtt,0.030,ok
367e50cb992fba8a2eea5de6d39455c76d82d87b,iroh_dial,discovery,warm,18,echo_rtt,0.033,ok
367e50cb992fba8a2eea5de6d39455c76d82d87b,iroh_dial,discovery,warm,18,echo_rtt,0.029,ok
367e50cb992fba8a2eea5de6d39455c76d82d87b,iroh_dial,discovery,warm,19,address_lookup,0.058,ok
367e50cb992fba8a2eea5de6d39455c76d82d87b,iroh_dial,discovery,warm,19,dial_handshake,0.355,ok
367e50cb992fba8a2eea5de6d39455c76d82d87b,iroh_dial,discovery,warm,19,stream_open,0.153,ok
367e50cb992fba8a2eea5de6d39455c76d82d87b,iroh_dial,discovery,warm,19,echo_rtt,0.062,ok
367e50cb992fba8a2eea5de6d39455c76d82d87b,iroh_dial,discovery,warm,19,echo_rtt,0.046,ok
367e50cb992fba8a2eea5de6d39455c76d82d87b,iroh_dial,discovery,warm,19,echo_rtt,0.044,ok
367e50cb992fba8a2eea5de6d39455c76d82d87b,iroh_dial,discovery,warm,19,echo_rtt,0.028,ok
367e50cb992fba8a2eea5de6d39455c76d82d87b,iroh_dial,discovery,warm,19,echo_rtt,0.040,ok
367e50cb992fba8a2eea5de6d39455c76d82d87b,iroh_dial,discovery,warm,19,echo_rtt,0.032,ok
367e50cb992fba8a2eea5de6d39455c76d82d87b,iroh_dial,discovery,warm,19,echo_rtt,0.040,ok
367e50cb992fba8a2eea5de6d39455c76d82d87b,iroh_dial,discovery,warm,19,echo_rtt,0.040,ok
367e50cb992fba8a2eea5de6d39455c76d82d87b,iroh_dial,discovery,warm,19,echo_rtt,0.036,ok
367e50cb992fba8a2eea5de6d39455c76d82d87b,iroh_dial,discovery,warm,19,echo_rtt,0.030,ok
367e50cb992fba8a2eea5de6d39455c76d82d87b,iroh_dial,discovery,warm,19,echo_rtt,0.033,ok
367e50cb992fba8a2eea5de6d39455c76d82d87b,iroh_dial,discovery,warm,19,echo_rtt,0.026,ok
367e50cb992fba8a2eea5de6d39455c76d82d87b,iroh_dial,discovery,warm,19,echo_rtt,0.036,ok
367e50cb992fba8a2eea5de6d39455c76d82d87b,iroh_dial,discovery,warm,19,echo_rtt,0.027,ok
367e50cb992fba8a2eea5de6d39455c76d82d87b,iroh_dial,discovery,warm,19,echo_rtt,0.036,ok
367e50cb992fba8a2eea5de6d39455c76d82d87b,iroh_dial,discovery,warm,19,echo_rtt,0.025,ok
367e50cb992fba8a2eea5de6d39455c76d82d87b,iroh_dial,discovery,warm,19,echo_rtt,0.033,ok
367e50cb992fba8a2eea5de6d39455c76d82d87b,iroh_dial,discovery,warm,19,echo_rtt,0.026,ok
367e50cb992fba8a2eea5de6d39455c76d82d87b,iroh_dial,discovery,warm,19,echo_rtt,0.032,ok
367e50cb992fba8a2eea5de6d39455c76d82d87b,iroh_dial,discovery,warm,19,echo_rtt,0.025,ok
367e50cb992fba8a2eea5de6d39455c76d82d87b,iroh_dial,discovery,warm,20,address_lookup,0.067,ok
367e50cb992fba8a2eea5de6d39455c76d82d87b,iroh_dial,discovery,warm,20,dial_handshake,0.305,ok
367e50cb992fba8a2eea5de6d39455c76d82d87b,iroh_dial,discovery,warm,20,stream_open,0.176,ok
367e50cb992fba8a2eea5de6d39455c76d82d87b,iroh_dial,discovery,warm,20,echo_rtt,0.055,ok
367e50cb992fba8a2eea5de6d39455c76d82d87b,iroh_dial,discovery,warm,20,echo_rtt,0.044,ok
367e50cb992fba8a2eea5de6d39455c76d82d87b,iroh_dial,discovery,warm,20,echo_rtt,0.028,ok
367e50cb992fba8a2eea5de6d39455c76d82d87b,iroh_dial,discovery,warm,20,echo_rtt,0.037,ok
367e50cb992fba8a2eea5de6d39455c76d82d87b,iroh_dial,discovery,warm,20,echo_rtt,0.027,ok
367e50cb992fba8a2eea5de6d39455c76d82d87b,iroh_dial,discovery,warm,20,echo_rtt,0.038,ok
367e50cb992fba8a2eea5de6d39455c76d82d87b,iroh_dial,discovery,warm,20,echo_rtt,0.029,ok
367e50cb992fba8a2eea5de6d39455c76d82d87b,iroh_dial,discovery,warm,20,echo_rtt,0.051,ok
367e50cb992fba8a2eea5de6d39455c76d82d87b,iroh_dial,discovery,warm,20,echo_rtt,0.036,ok
367e50cb992fba8a2eea5de6d39455c76d82d87b,iroh_dial,discovery,warm,20,echo_rtt,0.056,ok
367e50cb992fba8a2eea5de6d39455c76d82d87b,iroh_dial,discovery,warm,20,echo_rtt,0.031,ok
367e50cb992fba8a2eea5de6d39455c76d82d87b,iroh_dial,discovery,warm,20,echo_rtt,0.038,ok
367e50cb992fba8a2eea5de6d39455c76d82d87b,iroh_dial,discovery,warm,20,echo_rtt,0.027,ok
367e50cb992fba8a2eea5de6d39455c76d82d87b,iroh_dial,discovery,warm,20,echo_rtt,0.036,ok
367e50cb992fba8a2eea5de6d39455c76d82d87b,iroh_dial,discovery,warm,20,echo_rtt,0.027,ok
367e50cb992fba8a2eea5de6d39455c76d82d87b,iroh_dial,discovery,warm,20,echo_rtt,0.037,ok
367e50cb992fba8a2eea5de6d39455c76d82d87b,iroh_dial,discovery,warm,20,echo_rtt,0.028,ok
367e50cb992fba8a2eea5de6d39455c76d82d87b,iroh_dial,discovery,warm,20,echo_rtt,0.036,ok
367e50cb992fba8a2eea5de6d39455c76d82d87b,iroh_dial,discovery,warm,20,echo_rtt,0.028,ok
367e50cb992fba8a2eea5de6d39455c76d82d87b,iroh_dial,discovery,warm,20,echo_rtt,0.045,ok
367e50cb992fba8a2eea5de6d39455c76d82d87b,iroh_dial,relay,cold,0,process_spawn,0.622,ok
367e50cb992fba8a2eea5de6d39455c76d82d87b,iroh_dial,relay,cold,0,runtime_start,0.344,ok
367e50cb992fba8a2eea5de6d39455c76d82d87b,iroh_dial,relay,cold,0,endpoint_bind,1.473,ok
367e50cb992fba8a2eea5de6d39455c76d82d87b,iroh_dial,relay,cold,0,address_lookup,0.110,ok
367e50cb992fba8a2eea5de6d39455c76d82d87b,iroh_dial,relay,cold,0,dial_handshake,191.795,ok
367e50cb992fba8a2eea5de6d39455c76d82d87b,iroh_dial,relay,cold,0,stream_open,92.641,ok
367e50cb992fba8a2eea5de6d39455c76d82d87b,iroh_dial,relay,cold,0,echo_rtt,75.878,ok
367e50cb992fba8a2eea5de6d39455c76d82d87b,iroh_dial,relay,cold,0,echo_rtt,76.000,ok
367e50cb992fba8a2eea5de6d39455c76d82d87b,iroh_dial,relay,cold,0,echo_rtt,75.739,ok
367e50cb992fba8a2eea5de6d39455c76d82d87b,iroh_dial,relay,cold,0,echo_rtt,75.696,ok
367e50cb992fba8a2eea5de6d39455c76d82d87b,iroh_dial,relay,cold,0,echo_rtt,75.954,ok
367e50cb992fba8a2eea5de6d39455c76d82d87b,iroh_dial,relay,cold,0,echo_rtt,75.922,ok
367e50cb992fba8a2eea5de6d39455c76d82d87b,iroh_dial,relay,cold,0,echo_rtt,75.719,ok
367e50cb992fba8a2eea5de6d39455c76d82d87b,iroh_dial,relay,cold,0,echo_rtt,75.873,ok
367e50cb992fba8a2eea5de6d39455c76d82d87b,iroh_dial,relay,cold,0,echo_rtt,75.720,ok
367e50cb992fba8a2eea5de6d39455c76d82d87b,iroh_dial,relay,cold,0,echo_rtt,75.820,ok
367e50cb992fba8a2eea5de6d39455c76d82d87b,iroh_dial,relay,cold,0,echo_rtt,75.733,ok
367e50cb992fba8a2eea5de6d39455c76d82d87b,iroh_dial,relay,cold,0,echo_rtt,75.713,ok
367e50cb992fba8a2eea5de6d39455c76d82d87b,iroh_dial,relay,cold,0,echo_rtt,75.790,ok
367e50cb992fba8a2eea5de6d39455c76d82d87b,iroh_dial,relay,cold,0,echo_rtt,75.890,ok
367e50cb992fba8a2eea5de6d39455c76d82d87b,iroh_dial,relay,cold,0,echo_rtt,75.756,ok
367e50cb992fba8a2eea5de6d39455c76d82d87b,iroh_dial,relay,cold,0,echo_rtt,76.294,ok
367e50cb992fba8a2eea5de6d39455c76d82d87b,iroh_dial,relay,cold,0,echo_rtt,75.778,ok
367e50cb992fba8a2eea5de6d39455c76d82d87b,iroh_dial,relay,cold,0,echo_rtt,76.279,ok
367e50cb992fba8a2eea5de6d39455c76d82d87b,iroh_dial,relay,cold,0,echo_rtt,75.767,ok
367e50cb992fba8a2eea5de6d39455c76d82d87b,iroh_dial,relay,cold,0,echo_rtt,75.938,ok
367e50cb992fba8a2eea5de6d39455c76d82d87b,iroh_dial,relay,cold,0,process_spawn,0.641,ok
367e50cb992fba8a2eea5de6d39455c76d82d87b,iroh_dial,relay,cold,0,runtime_start,0.344,ok
367e50cb992fba8a2eea5de6d39455c76d82d87b,iroh_dial,relay,cold,0,endpoint_bind,1.404,ok
367e50cb992fba8a2eea5de6d39455c76d82d87b,iroh_dial,relay,cold,0,address_lookup,0.094,ok
367e50cb992fba8a2eea5de6d39455c76d82d87b,iroh_dial,relay,cold,0,dial_handshake,200.856,ok
367e50cb992fba8a2eea5de6d39455c76d82d87b,iroh_dial,relay,cold,0,stream_open,95.848,ok
367e50cb992fba8a2eea5de6d39455c76d82d87b,iroh_dial,relay,cold,0,echo_rtt,78.018,ok
367e50cb992fba8a2eea5de6d39455c76d82d87b,iroh_dial,relay,cold,0,echo_rtt,77.937,ok
367e50cb992fba8a2eea5de6d39455c76d82d87b,iroh_dial,relay,cold,0,echo_rtt,77.933,ok
367e50cb992fba8a2eea5de6d39455c76d82d87b,iroh_dial,relay,cold,0,echo_rtt,78.104,ok
367e50cb992fba8a2eea5de6d39455c76d82d87b,iroh_dial,relay,cold,0,echo_rtt,78.017,ok
367e50cb992fba8a2eea5de6d39455c76d82d87b,iroh_dial,relay,cold,0,echo_rtt,78.827,ok
367e50cb992fba8a2eea5de6d39455c76d82d87b,iroh_dial,relay,cold,0,echo_rtt,78.015,ok
367e50cb992fba8a2eea5de6d39455c76d82d87b,iroh_dial,relay,cold,0,echo_rtt,78.128,ok
367e50cb992fba8a2eea5de6d39455c76d82d87b,iroh_dial,relay,cold,0,echo_rtt,77.974,ok
367e50cb992fba8a2eea5de6d39455c76d82d87b,iroh_dial,relay,cold,0,echo_rtt,78.070,ok
367e50cb992fba8a2eea5de6d39455c76d82d87b,iroh_dial,relay,cold,0,echo_rtt,78.033,ok
367e50cb992fba8a2eea5de6d39455c76d82d87b,iroh_dial,relay,cold,0,echo_rtt,77.936,ok
367e50cb992fba8a2eea5de6d39455c76d82d87b,iroh_dial,relay,cold,0,echo_rtt,78.690,ok
367e50cb992fba8a2eea5de6d39455c76d82d87b,iroh_dial,relay,cold,0,echo_rtt,77.969,ok
367e50cb992fba8a2eea5de6d39455c76d82d87b,iroh_dial,relay,cold,0,echo_rtt,77.962,ok
367e50cb992fba8a2eea5de6d39455c76d82d87b,iroh_dial,relay,cold,0,echo_rtt,78.369,ok
367e50cb992fba8a2eea5de6d39455c76d82d87b,iroh_dial,relay,cold,0,echo_rtt,77.964,ok
367e50cb992fba8a2eea5de6d39455c76d82d87b,iroh_dial,relay,cold,0,echo_rtt,78.194,ok
367e50cb992fba8a2eea5de6d39455c76d82d87b,iroh_dial,relay,cold,0,echo_rtt,78.409,ok
367e50cb992fba8a2eea5de6d39455c76d82d87b,iroh_dial,relay,cold,0,echo_rtt,78.002,ok
367e50cb992fba8a2eea5de6d39455c76d82d87b,iroh_dial,relay,cold,0,process_spawn,0.710,ok
367e50cb992fba8a2eea5de6d39455c76d82d87b,iroh_dial,relay,cold,0,runtime_start,0.381,ok
367e50cb992fba8a2eea5de6d39455c76d82d87b,iroh_dial,relay,cold,0,endpoint_bind,1.415,ok
367e50cb992fba8a2eea5de6d39455c76d82d87b,iroh_dial,relay,cold,0,address_lookup,0.083,ok
367e50cb992fba8a2eea5de6d39455c76d82d87b,iroh_dial,relay,cold,0,dial_handshake,193.834,ok
367e50cb992fba8a2eea5de6d39455c76d82d87b,iroh_dial,relay,cold,0,stream_open,95.016,ok
367e50cb992fba8a2eea5de6d39455c76d82d87b,iroh_dial,relay,cold,0,echo_rtt,76.082,ok
367e50cb992fba8a2eea5de6d39455c76d82d87b,iroh_dial,relay,cold,0,echo_rtt,76.183,ok
367e50cb992fba8a2eea5de6d39455c76d82d87b,iroh_dial,relay,cold,0,echo_rtt,76.077,ok
367e50cb992fba8a2eea5de6d39455c76d82d87b,iroh_dial,relay,cold,0,echo_rtt,76.073,ok
367e50cb992fba8a2eea5de6d39455c76d82d87b,iroh_dial,relay,cold,0,echo_rtt,76.152,ok
367e50cb992fba8a2eea5de6d39455c76d82d87b,iroh_dial,relay,cold,0,echo_rtt,76.227,ok
367e50cb992fba8a2eea5de6d39455c76d82d87b,iroh_dial,relay,cold,0,echo_rtt,76.143,ok
367e50cb992fba8a2eea5de6d39455c76d82d87b,iroh_dial,relay,cold,0,echo_rtt,76.106,ok
367e50cb992fba8a2eea5de6d39455c76d82d87b,iroh_dial,relay,cold,0,echo_rtt,76.060,ok
367e50cb992fba8a2eea5de6d39455c76d82d87b,iroh_dial,relay,cold,0,echo_rtt,76.137,ok
367e50cb992fba8a2eea5de6d39455c76d82d87b,iroh_dial,relay,cold,0,echo_rtt,76.216,ok
367e50cb992fba8a2eea5de6d39455c76d82d87b,iroh_dial,relay,cold,0,echo_rtt,76.181,ok
367e50cb992fba8a2eea5de6d39455c76d82d87b,iroh_dial,relay,cold,0,echo_rtt,76.257,ok
367e50cb992fba8a2eea5de6d39455c76d82d87b,iroh_dial,relay,cold,0,echo_rtt,76.381,ok
367e50cb992fba8a2eea5de6d39455c76d82d87b,iroh_dial,relay,cold,0,echo_rtt,76.157,ok
367e50cb992fba8a2eea5de6d39455c76d82d87b,iroh_dial,relay,cold,0,echo_rtt,76.158,ok
367e50cb992fba8a2eea5de6d39455c76d82d87b,iroh_dial,relay,cold,0,echo_rtt,76.383,ok
367e50cb992fba8a2eea5de6d39455c76d82d87b,iroh_dial,relay,cold,0,echo_rtt,76.106,ok
367e50cb992fba8a2eea5de6d39455c76d82d87b,iroh_dial,relay,cold,0,echo_rtt,76.088,ok
367e50cb992fba8a2eea5de6d39455c76d82d87b,iroh_dial,relay,cold,0,echo_rtt,76.230,ok
367e50cb992fba8a2eea5de6d39455c76d82d87b,iroh_dial,relay,cold,0,process_spawn,0.668,ok
367e50cb992fba8a2eea5de6d39455c76d82d87b,iroh_dial,relay,cold,0,runtime_start,0.344,ok
367e50cb992fba8a2eea5de6d39455c76d82d87b,iroh_dial,relay,cold,0,endpoint_bind,1.391,ok
367e50cb992fba8a2eea5de6d39455c76d82d87b,iroh_dial,relay,cold,0,address_lookup,0.086,ok
367e50cb992fba8a2eea5de6d39455c76d82d87b,iroh_dial,relay,cold,0,dial_handshake,194.037,ok
367e50cb992fba8a2eea5de6d39455c76d82d87b,iroh_dial,relay,cold,0,stream_open,94.043,ok
367e50cb992fba8a2eea5de6d39455c76d82d87b,iroh_dial,relay,cold,0,echo_rtt,76.196,ok
367e50cb992fba8a2eea5de6d39455c76d82d87b,iroh_dial,relay,cold,0,echo_rtt,76.035,ok
367e50cb992fba8a2eea5de6d39455c76d82d87b,iroh_dial,relay,cold,0,echo_rtt,76.119,ok
367e50cb992fba8a2eea5de6d39455c76d82d87b,iroh_dial,relay,cold,0,echo_rtt,76.374,ok
367e50cb992fba8a2eea5de6d39455c76d82d87b,iroh_dial,relay,cold,0,echo_rtt,76.190,ok
367e50cb992fba8a2eea5de6d39455c76d82d87b,iroh_dial,relay,cold,0,echo_rtt,76.329,ok
367e50cb992fba8a2eea5de6d39455c76d82d87b,iroh_dial,relay,cold,0,echo_rtt,76.659,ok
367e50cb992fba8a2eea5de6d39455c76d82d87b,iroh_dial,relay,cold,0,echo_rtt,76.530,ok
367e50cb992fba8a2eea5de6d39455c76d82d87b,iroh_dial,relay,cold,0,echo_rtt,76.113,ok
367e50cb992fba8a2eea5de6d39455c76d82d87b,iroh_dial,relay,cold,0,echo_rtt,76.189,ok
367e50cb992fba8a2eea5de6d39455c76d82d87b,iroh_dial,relay,cold,0,echo_rtt,76.133,ok
367e50cb992fba8a2eea5de6d39455c76d82d87b,iroh_dial,relay,cold,0,echo_rtt,76.510,ok
367e50cb992fba8a2eea5de6d39455c76d82d87b,iroh_dial,relay,cold,0,echo_rtt,76.354,ok
367e50cb992fba8a2eea5de6d39455c76d82d87b,iroh_dial,relay,cold,0,echo_rtt,76.185,ok
367e50cb992fba8a2eea5de6d39455c76d82d87b,iroh_dial,relay,cold,0,echo_rtt,76.168,ok
367e50cb992fba8a2eea5de6d39455c76d82d87b,iroh_dial,relay,cold,0,echo_rtt,76.394,ok
367e50cb992fba8a2eea5de6d39455c76d82d87b,iroh_dial,relay,cold,0,echo_rtt,76.364,ok
367e50cb992fba8a2eea5de6d39455c76d82d87b,iroh_dial,relay,cold,0,echo_rtt,76.581,ok
367e50cb992fba8a2eea5de6d39455c76d82d87b,iroh_dial,relay,cold,0,echo_rtt,76.312,ok
367e50cb992fba8a2eea5de6d39455c76d82d87b,iroh_dial,relay,cold,0,echo_rtt,76.592,ok
367e50cb992fba8a2eea5de6d39455c76d82d87b,iroh_dial,relay,cold,0,process_spawn,0.698,ok
367e50cb992fba8a2eea5de6d39455c76d82d87b,iroh_dial,relay,cold,0,runtime_start,0.403,ok
367e50cb992fba8a2eea5de6d39455c76d82d87b,iroh_dial,relay,cold,0,endpoint_bind,1.562,ok
367e50cb992fba8a2eea5de6d39455c76d82d87b,iroh_dial,relay,cold,0,address_lookup,0.097,ok
367e50cb992fba8a2eea5de6d39455c76d82d87b,iroh_dial,relay,cold,0,dial_handshake,194.166,ok
367e50cb992fba8a2eea5de6d39455c76d82d87b,iroh_dial,relay,cold,0,stream_open,93.194,ok
367e50cb992fba8a2eea5de6d39455c76d82d87b,iroh_dial,relay,cold,0,echo_rtt,76.262,ok
367e50cb992fba8a2eea5de6d39455c76d82d87b,iroh_dial,relay,cold,0,echo_rtt,76.600,ok
367e50cb992fba8a2eea5de6d39455c76d82d87b,iroh_dial,relay,cold,0,echo_rtt,76.201,ok
367e50cb992fba8a2eea5de6d39455c76d82d87b,iroh_dial,relay,cold,0,echo_rtt,76.222,ok
367e50cb992fba8a2eea5de6d39455c76d82d87b,iroh_dial,relay,cold,0,echo_rtt,76.186,ok
367e50cb992fba8a2eea5de6d39455c76d82d87b,iroh_dial,relay,cold,0,echo_rtt,76.180,ok
367e50cb992fba8a2eea5de6d39455c76d82d87b,iroh_dial,relay,cold,0,echo_rtt,76.175,ok
367e50cb992fba8a2eea5de6d39455c76d82d87b,iroh_dial,relay,cold,0,echo_rtt,76.165,ok
367e50cb992fba8a2eea5de6d39455c76d82d87b,iroh_dial,relay,cold,0,echo_rtt,76.179,ok
367e50cb992fba8a2eea5de6d39455c76d82d87b,iroh_dial,relay,cold,0,echo_rtt,76.180,ok
367e50cb992fba8a2eea5de6d39455c76d82d87b,iroh_dial,relay,cold,0,echo_rtt,76.151,ok
367e50cb992fba8a2eea5de6d39455c76d82d87b,iroh_dial,relay,cold,0,echo_rtt,76.125,ok
367e50cb992fba8a2eea5de6d39455c76d82d87b,iroh_dial,relay,cold,0,echo_rtt,76.280,ok
367e50cb992fba8a2eea5de6d39455c76d82d87b,iroh_dial,relay,cold,0,echo_rtt,76.201,ok
367e50cb992fba8a2eea5de6d39455c76d82d87b,iroh_dial,relay,cold,0,echo_rtt,76.339,ok
367e50cb992fba8a2eea5de6d39455c76d82d87b,iroh_dial,relay,cold,0,echo_rtt,76.092,ok
367e50cb992fba8a2eea5de6d39455c76d82d87b,iroh_dial,relay,cold,0,echo_rtt,76.616,ok
367e50cb992fba8a2eea5de6d39455c76d82d87b,iroh_dial,relay,cold,0,echo_rtt,76.090,ok
367e50cb992fba8a2eea5de6d39455c76d82d87b,iroh_dial,relay,cold,0,echo_rtt,76.230,ok
367e50cb992fba8a2eea5de6d39455c76d82d87b,iroh_dial,relay,cold,0,echo_rtt,76.208,ok
367e50cb992fba8a2eea5de6d39455c76d82d87b,iroh_dial,relay,cold,0,process_spawn,0.689,ok
367e50cb992fba8a2eea5de6d39455c76d82d87b,iroh_dial,relay,cold,0,runtime_start,0.378,ok
367e50cb992fba8a2eea5de6d39455c76d82d87b,iroh_dial,relay,cold,0,endpoint_bind,1.404,ok
367e50cb992fba8a2eea5de6d39455c76d82d87b,iroh_dial,relay,cold,0,address_lookup,0.086,ok
367e50cb992fba8a2eea5de6d39455c76d82d87b,iroh_dial,relay,cold,0,dial_handshake,193.522,ok
367e50cb992fba8a2eea5de6d39455c76d82d87b,iroh_dial,relay,cold,0,stream_open,93.901,ok
367e50cb992fba8a2eea5de6d39455c76d82d87b,iroh_dial,relay,cold,0,echo_rtt,76.104,ok
367e50cb992fba8a2eea5de6d39455c76d82d87b,iroh_dial,relay,cold,0,echo_rtt,76.169,ok
367e50cb992fba8a2eea5de6d39455c76d82d87b,iroh_dial,relay,cold,0,echo_rtt,76.134,ok
367e50cb992fba8a2eea5de6d39455c76d82d87b,iroh_dial,relay,cold,0,echo_rtt,76.148,ok
367e50cb992fba8a2eea5de6d39455c76d82d87b,iroh_dial,relay,cold,0,echo_rtt,76.167,ok
367e50cb992fba8a2eea5de6d39455c76d82d87b,iroh_dial,relay,cold,0,echo_rtt,76.397,ok
367e50cb992fba8a2eea5de6d39455c76d82d87b,iroh_dial,relay,cold,0,echo_rtt,76.155,ok
367e50cb992fba8a2eea5de6d39455c76d82d87b,iroh_dial,relay,cold,0,echo_rtt,76.107,ok
367e50cb992fba8a2eea5de6d39455c76d82d87b,iroh_dial,relay,cold,0,echo_rtt,76.125,ok
367e50cb992fba8a2eea5de6d39455c76d82d87b,iroh_dial,relay,cold,0,echo_rtt,76.190,ok
367e50cb992fba8a2eea5de6d39455c76d82d87b,iroh_dial,relay,cold,0,echo_rtt,76.420,ok
367e50cb992fba8a2eea5de6d39455c76d82d87b,iroh_dial,relay,cold,0,echo_rtt,76.143,ok
367e50cb992fba8a2eea5de6d39455c76d82d87b,iroh_dial,relay,cold,0,echo_rtt,76.285,ok
367e50cb992fba8a2eea5de6d39455c76d82d87b,iroh_dial,relay,cold,0,echo_rtt,76.135,ok
367e50cb992fba8a2eea5de6d39455c76d82d87b,iroh_dial,relay,cold,0,echo_rtt,76.248,ok
367e50cb992fba8a2eea5de6d39455c76d82d87b,iroh_dial,relay,cold,0,echo_rtt,76.193,ok
367e50cb992fba8a2eea5de6d39455c76d82d87b,iroh_dial,relay,cold,0,echo_rtt,76.127,ok
367e50cb992fba8a2eea5de6d39455c76d82d87b,iroh_dial,relay,cold,0,echo_rtt,76.203,ok
367e50cb992fba8a2eea5de6d39455c76d82d87b,iroh_dial,relay,cold,0,echo_rtt,76.600,ok
367e50cb992fba8a2eea5de6d39455c76d82d87b,iroh_dial,relay,cold,0,echo_rtt,76.436,ok
367e50cb992fba8a2eea5de6d39455c76d82d87b,iroh_dial,relay,cold,0,process_spawn,0.660,ok
367e50cb992fba8a2eea5de6d39455c76d82d87b,iroh_dial,relay,cold,0,runtime_start,0.339,ok
367e50cb992fba8a2eea5de6d39455c76d82d87b,iroh_dial,relay,cold,0,endpoint_bind,1.404,ok
367e50cb992fba8a2eea5de6d39455c76d82d87b,iroh_dial,relay,cold,0,address_lookup,0.086,ok
367e50cb992fba8a2eea5de6d39455c76d82d87b,iroh_dial,relay,cold,0,dial_handshake,200.891,ok
367e50cb992fba8a2eea5de6d39455c76d82d87b,iroh_dial,relay,cold,0,stream_open,95.867,ok
367e50cb992fba8a2eea5de6d39455c76d82d87b,iroh_dial,relay,cold,0,echo_rtt,77.997,ok
367e50cb992fba8a2eea5de6d39455c76d82d87b,iroh_dial,relay,cold,0,echo_rtt,77.994,ok
367e50cb992fba8a2eea5de6d39455c76d82d87b,iroh_dial,relay,cold,0,echo_rtt,77.934,ok
367e50cb992fba8a2eea5de6d39455c76d82d87b,iroh_dial,relay,cold,0,echo_rtt,77.952,ok
367e50cb992fba8a2eea5de6d39455c76d82d87b,iroh_dial,relay,cold,0,echo_rtt,78.030,ok
367e50cb992fba8a2eea5de6d39455c76d82d87b,iroh_dial,relay,cold,0,echo_rtt,77.947,ok
367e50cb992fba8a2eea5de6d39455c76d82d87b,iroh_dial,relay,cold,0,echo_rtt,77.919,ok
367e50cb992fba8a2eea5de6d39455c76d82d87b,iroh_dial,relay,cold,0,echo_rtt,77.936,ok
367e50cb992fba8a2eea5de6d39455c76d82d87b,iroh_dial,relay,cold,0,echo_rtt,77.909,ok
367e50cb992fba8a2eea5de6d39455c76d82d87b,iroh_dial,relay,cold,0,echo_rtt,78.243,ok
367e50cb992fba8a2eea5de6d39455c76d82d87b,iroh_dial,relay,cold,0,echo_rtt,77.913,ok
367e50cb992fba8a2eea5de6d39455c76d82d87b,iroh_dial,relay,cold,0,echo_rtt,77.947,ok
367e50cb992fba8a2eea5de6d39455c76d82d87b,iroh_dial,relay,cold,0,echo_rtt,78.052,ok
367e50cb992fba8a2eea5de6d39455c76d82d87b,iroh_dial,relay,cold,0,echo_rtt,78.097,ok
367e50cb992fba8a2eea5de6d39455c76d82d87b,iroh_dial,relay,cold,0,echo_rtt,77.906,ok
367e50cb992fba8a2eea5de6d39455c76d82d87b,iroh_dial,relay,cold,0,echo_rtt,77.898,ok
367e50cb992fba8a2eea5de6d39455c76d82d87b,iroh_dial,relay,cold,0,echo_rtt,77.881,ok
367e50cb992fba8a2eea5de6d39455c76d82d87b,iroh_dial,relay,cold,0,echo_rtt,78.045,ok
367e50cb992fba8a2eea5de6d39455c76d82d87b,iroh_dial,relay,cold,0,echo_rtt,78.002,ok
367e50cb992fba8a2eea5de6d39455c76d82d87b,iroh_dial,relay,cold,0,echo_rtt,77.993,ok
367e50cb992fba8a2eea5de6d39455c76d82d87b,iroh_dial,relay,cold,0,process_spawn,0.672,ok
367e50cb992fba8a2eea5de6d39455c76d82d87b,iroh_dial,relay,cold,0,runtime_start,0.333,ok
367e50cb992fba8a2eea5de6d39455c76d82d87b,iroh_dial,relay,cold,0,endpoint_bind,1.371,ok
367e50cb992fba8a2eea5de6d39455c76d82d87b,iroh_dial,relay,cold,0,address_lookup,0.107,ok
367e50cb992fba8a2eea5de6d39455c76d82d87b,iroh_dial,relay,cold,0,dial_handshake,192.768,ok
367e50cb992fba8a2eea5de6d39455c76d82d87b,iroh_dial,relay,cold,0,stream_open,92.895,ok
367e50cb992fba8a2eea5de6d39455c76d82d87b,iroh_dial,relay,cold,0,echo_rtt,75.964,ok
367e50cb992fba8a2eea5de6d39455c76d82d87b,iroh_dial,relay,cold,0,echo_rtt,76.039,ok
367e50cb992fba8a2eea5de6d39455c76d82d87b,iroh_dial,relay,cold,0,echo_rtt,76.066,ok
367e50cb992fba8a2eea5de6d39455c76d82d87b,iroh_dial,relay,cold,0,echo_rtt,75.976,ok
367e50cb992fba8a2eea5de6d39455c76d82d87b,iroh_dial,relay,cold,0,echo_rtt,75.979,ok
367e50cb992fba8a2eea5de6d39455c76d82d87b,iroh_dial,relay,cold,0,echo_rtt,75.942,ok
367e50cb992fba8a2eea5de6d39455c76d82d87b,iroh_dial,relay,cold,0,echo_rtt,75.938,ok
367e50cb992fba8a2eea5de6d39455c76d82d87b,iroh_dial,relay,cold,0,echo_rtt,75.924,ok
367e50cb992fba8a2eea5de6d39455c76d82d87b,iroh_dial,relay,cold,0,echo_rtt,75.905,ok
367e50cb992fba8a2eea5de6d39455c76d82d87b,iroh_dial,relay,cold,0,echo_rtt,76.849,ok
367e50cb992fba8a2eea5de6d39455c76d82d87b,iroh_dial,relay,cold,0,echo_rtt,76.083,ok
367e50cb992fba8a2eea5de6d39455c76d82d87b,iroh_dial,relay,cold,0,echo_rtt,76.369,ok
367e50cb992fba8a2eea5de6d39455c76d82d87b,iroh_dial,relay,cold,0,echo_rtt,76.265,ok
367e50cb992fba8a2eea5de6d39455c76d82d87b,iroh_dial,relay,cold,0,echo_rtt,75.943,ok
367e50cb992fba8a2eea5de6d39455c76d82d87b,iroh_dial,relay,cold,0,echo_rtt,75.980,ok
367e50cb992fba8a2eea5de6d39455c76d82d87b,iroh_dial,relay,cold,0,echo_rtt,75.940,ok
367e50cb992fba8a2eea5de6d39455c76d82d87b,iroh_dial,relay,cold,0,echo_rtt,76.370,ok
367e50cb992fba8a2eea5de6d39455c76d82d87b,iroh_dial,relay,cold,0,echo_rtt,76.048,ok
367e50cb992fba8a2eea5de6d39455c76d82d87b,iroh_dial,relay,cold,0,echo_rtt,76.099,ok
367e50cb992fba8a2eea5de6d39455c76d82d87b,iroh_dial,relay,cold,0,echo_rtt,76.366,ok
367e50cb992fba8a2eea5de6d39455c76d82d87b,iroh_dial,relay,cold,0,process_spawn,0.616,ok
367e50cb992fba8a2eea5de6d39455c76d82d87b,iroh_dial,relay,cold,0,runtime_start,0.341,ok
367e50cb992fba8a2eea5de6d39455c76d82d87b,iroh_dial,relay,cold,0,endpoint_bind,1.444,ok
367e50cb992fba8a2eea5de6d39455c76d82d87b,iroh_dial,relay,cold,0,address_lookup,0.084,ok
367e50cb992fba8a2eea5de6d39455c76d82d87b,iroh_dial,relay,cold,0,dial_handshake,191.543,ok
367e50cb992fba8a2eea5de6d39455c76d82d87b,iroh_dial,relay,cold,0,stream_open,92.597,ok
367e50cb992fba8a2eea5de6d39455c76d82d87b,iroh_dial,relay,cold,0,echo_rtt,75.626,ok
367e50cb992fba8a2eea5de6d39455c76d82d87b,iroh_dial,relay,cold,0,echo_rtt,75.921,ok
367e50cb992fba8a2eea5de6d39455c76d82d87b,iroh_dial,relay,cold,0,echo_rtt,75.553,ok
367e50cb992fba8a2eea5de6d39455c76d82d87b,iroh_dial,relay,cold,0,echo_rtt,75.671,ok
367e50cb992fba8a2eea5de6d39455c76d82d87b,iroh_dial,relay,cold,0,echo_rtt,75.625,ok
367e50cb992fba8a2eea5de6d39455c76d82d87b,iroh_dial,relay,cold,0,echo_rtt,75.636,ok
367e50cb992fba8a2eea5de6d39455c76d82d87b,iroh_dial,relay,cold,0,echo_rtt,76.167,ok
367e50cb992fba8a2eea5de6d39455c76d82d87b,iroh_dial,relay,cold,0,echo_rtt,75.625,ok
367e50cb992fba8a2eea5de6d39455c76d82d87b,iroh_dial,relay,cold,0,echo_rtt,75.641,ok
367e50cb992fba8a2eea5de6d39455c76d82d87b,iroh_dial,relay,cold,0,echo_rtt,76.002,ok
367e50cb992fba8a2eea5de6d39455c76d82d87b,iroh_dial,relay,cold,0,echo_rtt,78.263,ok
367e50cb992fba8a2eea5de6d39455c76d82d87b,iroh_dial,relay,cold,0,echo_rtt,75.593,ok
367e50cb992fba8a2eea5de6d39455c76d82d87b,iroh_dial,relay,cold,0,echo_rtt,75.700,ok
367e50cb992fba8a2eea5de6d39455c76d82d87b,iroh_dial,relay,cold,0,echo_rtt,75.590,ok
367e50cb992fba8a2eea5de6d39455c76d82d87b,iroh_dial,relay,cold,0,echo_rtt,75.667,ok
367e50cb992fba8a2eea5de6d39455c76d82d87b,iroh_dial,relay,cold,0,echo_rtt,75.949,ok
367e50cb992fba8a2eea5de6d39455c76d82d87b,iroh_dial,relay,cold,0,echo_rtt,75.824,ok
367e50cb992fba8a2eea5de6d39455c76d82d87b,iroh_dial,relay,cold,0,echo_rtt,75.736,ok
367e50cb992fba8a2eea5de6d39455c76d82d87b,iroh_dial,relay,cold,0,echo_rtt,75.694,ok
367e50cb992fba8a2eea5de6d39455c76d82d87b,iroh_dial,relay,cold,0,echo_rtt,77.368,ok
367e50cb992fba8a2eea5de6d39455c76d82d87b,iroh_dial,relay,cold,0,process_spawn,0.636,ok
367e50cb992fba8a2eea5de6d39455c76d82d87b,iroh_dial,relay,cold,0,runtime_start,0.345,ok
367e50cb992fba8a2eea5de6d39455c76d82d87b,iroh_dial,relay,cold,0,endpoint_bind,1.521,ok
367e50cb992fba8a2eea5de6d39455c76d82d87b,iroh_dial,relay,cold,0,address_lookup,0.097,ok
367e50cb992fba8a2eea5de6d39455c76d82d87b,iroh_dial,relay,cold,0,dial_handshake,192.401,ok
367e50cb992fba8a2eea5de6d39455c76d82d87b,iroh_dial,relay,cold,0,stream_open,92.678,ok
367e50cb992fba8a2eea5de6d39455c76d82d87b,iroh_dial,relay,cold,0,echo_rtt,76.130,ok
367e50cb992fba8a2eea5de6d39455c76d82d87b,iroh_dial,relay,cold,0,echo_rtt,75.762,ok
367e50cb992fba8a2eea5de6d39455c76d82d87b,iroh_dial,relay,cold,0,echo_rtt,75.946,ok
367e50cb992fba8a2eea5de6d39455c76d82d87b,iroh_dial,relay,cold,0,echo_rtt,75.888,ok
367e50cb992fba8a2eea5de6d39455c76d82d87b,iroh_dial,relay,cold,0,echo_rtt,75.992,ok
367e50cb992fba8a2eea5de6d39455c76d82d87b,iroh_dial,relay,cold,0,echo_rtt,75.914,ok
367e50cb992fba8a2eea5de6d39455c76d82d87b,iroh_dial,relay,cold,0,echo_rtt,76.010,ok
367e50cb992fba8a2eea5de6d39455c76d82d87b,iroh_dial,relay,cold,0,echo_rtt,75.871,ok
367e50cb992fba8a2eea5de6d39455c76d82d87b,iroh_dial,relay,cold,0,echo_rtt,75.904,ok
367e50cb992fba8a2eea5de6d39455c76d82d87b,iroh_dial,relay,cold,0,echo_rtt,75.919,ok
367e50cb992fba8a2eea5de6d39455c76d82d87b,iroh_dial,relay,cold,0,echo_rtt,75.717,ok
367e50cb992fba8a2eea5de6d39455c76d82d87b,iroh_dial,relay,cold,0,echo_rtt,75.924,ok
367e50cb992fba8a2eea5de6d39455c76d82d87b,iroh_dial,relay,cold,0,echo_rtt,75.798,ok
367e50cb992fba8a2eea5de6d39455c76d82d87b,iroh_dial,relay,cold,0,echo_rtt,75.877,ok
367e50cb992fba8a2eea5de6d39455c76d82d87b,iroh_dial,relay,cold,0,echo_rtt,75.864,ok
367e50cb992fba8a2eea5de6d39455c76d82d87b,iroh_dial,relay,cold,0,echo_rtt,75.792,ok
367e50cb992fba8a2eea5de6d39455c76d82d87b,iroh_dial,relay,cold,0,echo_rtt,75.763,ok
367e50cb992fba8a2eea5de6d39455c76d82d87b,iroh_dial,relay,cold,0,echo_rtt,75.756,ok
367e50cb992fba8a2eea5de6d39455c76d82d87b,iroh_dial,relay,cold,0,echo_rtt,75.998,ok
367e50cb992fba8a2eea5de6d39455c76d82d87b,iroh_dial,relay,cold,0,echo_rtt,75.803,ok
367e50cb992fba8a2eea5de6d39455c76d82d87b,iroh_dial,relay,cold,0,process_spawn,0.641,ok
367e50cb992fba8a2eea5de6d39455c76d82d87b,iroh_dial,relay,cold,0,runtime_start,0.338,ok
367e50cb992fba8a2eea5de6d39455c76d82d87b,iroh_dial,relay,cold,0,endpoint_bind,1.397,ok
367e50cb992fba8a2eea5de6d39455c76d82d87b,iroh_dial,relay,cold,0,address_lookup,0.084,ok
367e50cb992fba8a2eea5de6d39455c76d82d87b,iroh_dial,relay,cold,0,dial_handshake,200.642,ok
367e50cb992fba8a2eea5de6d39455c76d82d87b,iroh_dial,relay,cold,0,stream_open,96.195,ok
367e50cb992fba8a2eea5de6d39455c76d82d87b,iroh_dial,relay,cold,0,echo_rtt,78.116,ok
367e50cb992fba8a2eea5de6d39455c76d82d87b,iroh_dial,relay,cold,0,echo_rtt,78.058,ok
367e50cb992fba8a2eea5de6d39455c76d82d87b,iroh_dial,relay,cold,0,echo_rtt,78.039,ok
367e50cb992fba8a2eea5de6d39455c76d82d87b,iroh_dial,relay,cold,0,echo_rtt,78.055,ok
367e50cb992fba8a2eea5de6d39455c76d82d87b,iroh_dial,relay,cold,0,echo_rtt,78.126,ok
367e50cb992fba8a2eea5de6d39455c76d82d87b,iroh_dial,relay,cold,0,echo_rtt,77.995,ok
367e50cb992fba8a2eea5de6d39455c76d82d87b,iroh_dial,relay,cold,0,echo_rtt,78.083,ok
367e50cb992fba8a2eea5de6d39455c76d82d87b,iroh_dial,relay,cold,0,echo_rtt,77.971,ok
367e50cb992fba8a2eea5de6d39455c76d82d87b,iroh_dial,relay,cold,0,echo_rtt,77.973,ok
367e50cb992fba8a2eea5de6d39455c76d82d87b,iroh_dial,relay,cold,0,echo_rtt,78.129,ok
367e50cb992fba8a2eea5de6d39455c76d82d87b,iroh_dial,relay,cold,0,echo_rtt,78.237,ok
367e50cb992fba8a2eea5de6d39455c76d82d87b,iroh_dial,relay,cold,0,echo_rtt,78.059,ok
367e50cb992fba8a2eea5de6d39455c76d82d87b,iroh_dial,relay,cold,0,echo_rtt,78.035,ok
367e50cb992fba8a2eea5de6d39455c76d82d87b,iroh_dial,relay,cold,0,echo_rtt,78.181,ok
367e50cb992fba8a2eea5de6d39455c76d82d87b,iroh_dial,relay,cold,0,echo_rtt,78.061,ok
367e50cb992fba8a2eea5de6d39455c76d82d87b,iroh_dial,relay,cold,0,echo_rtt,78.020,ok
367e50cb992fba8a2eea5de6d39455c76d82d87b,iroh_dial,relay,cold,0,echo_rtt,77.970,ok
367e50cb992fba8a2eea5de6d39455c76d82d87b,iroh_dial,relay,cold,0,echo_rtt,78.008,ok
367e50cb992fba8a2eea5de6d39455c76d82d87b,iroh_dial,relay,cold,0,echo_rtt,78.020,ok
367e50cb992fba8a2eea5de6d39455c76d82d87b,iroh_dial,relay,cold,0,echo_rtt,78.017,ok
367e50cb992fba8a2eea5de6d39455c76d82d87b,iroh_dial,relay,cold,0,process_spawn,0.618,ok
367e50cb992fba8a2eea5de6d39455c76d82d87b,iroh_dial,relay,cold,0,runtime_start,0.385,ok
367e50cb992fba8a2eea5de6d39455c76d82d87b,iroh_dial,relay,cold,0,endpoint_bind,1.505,ok
367e50cb992fba8a2eea5de6d39455c76d82d87b,iroh_dial,relay,cold,0,address_lookup,0.093,ok
367e50cb992fba8a2eea5de6d39455c76d82d87b,iroh_dial,relay,cold,0,dial_handshake,192.942,ok
367e50cb992fba8a2eea5de6d39455c76d82d87b,iroh_dial,relay,cold,0,stream_open,93.512,ok
367e50cb992fba8a2eea5de6d39455c76d82d87b,iroh_dial,relay,cold,0,echo_rtt,76.369,ok
367e50cb992fba8a2eea5de6d39455c76d82d87b,iroh_dial,relay,cold,0,echo_rtt,75.653,ok
367e50cb992fba8a2eea5de6d39455c76d82d87b,iroh_dial,relay,cold,0,echo_rtt,75.704,ok
367e50cb992fba8a2eea5de6d39455c76d82d87b,iroh_dial,relay,cold,0,echo_rtt,75.613,ok
367e50cb992fba8a2eea5de6d39455c76d82d87b,iroh_dial,relay,cold,0,echo_rtt,75.782,ok
367e50cb992fba8a2eea5de6d39455c76d82d87b,iroh_dial,relay,cold,0,echo_rtt,75.677,ok
367e50cb992fba8a2eea5de6d39455c76d82d87b,iroh_dial,relay,cold,0,echo_rtt,75.872,ok
367e50cb992fba8a2eea5de6d39455c76d82d87b,iroh_dial,relay,cold,0,echo_rtt,75.728,ok
367e50cb992fba8a2eea5de6d39455c76d82d87b,iroh_dial,relay,cold,0,echo_rtt,75.831,ok
367e50cb992fba8a2eea5de6d39455c76d82d87b,iroh_dial,relay,cold,0,echo_rtt,75.591,ok
367e50cb992fba8a2eea5de6d39455c76d82d87b,iroh_dial,relay,cold,0,echo_rtt,75.642,ok
367e50cb992fba8a2eea5de6d39455c76d82d87b,iroh_dial,relay,cold,0,echo_rtt,75.626,ok
367e50cb992fba8a2eea5de6d39455c76d82d87b,iroh_dial,relay,cold,0,echo_rtt,75.875,ok
367e50cb992fba8a2eea5de6d39455c76d82d87b,iroh_dial,relay,cold,0,echo_rtt,75.836,ok
367e50cb992fba8a2eea5de6d39455c76d82d87b,iroh_dial,relay,cold,0,echo_rtt,75.679,ok
367e50cb992fba8a2eea5de6d39455c76d82d87b,iroh_dial,relay,cold,0,echo_rtt,75.567,ok
367e50cb992fba8a2eea5de6d39455c76d82d87b,iroh_dial,relay,cold,0,echo_rtt,75.824,ok
367e50cb992fba8a2eea5de6d39455c76d82d87b,iroh_dial,relay,cold,0,echo_rtt,75.815,ok
367e50cb992fba8a2eea5de6d39455c76d82d87b,iroh_dial,relay,cold,0,echo_rtt,75.584,ok
367e50cb992fba8a2eea5de6d39455c76d82d87b,iroh_dial,relay,cold,0,echo_rtt,75.953,ok
367e50cb992fba8a2eea5de6d39455c76d82d87b,iroh_dial,relay,cold,0,process_spawn,0.665,ok
367e50cb992fba8a2eea5de6d39455c76d82d87b,iroh_dial,relay,cold,0,runtime_start,0.334,ok
367e50cb992fba8a2eea5de6d39455c76d82d87b,iroh_dial,relay,cold,0,endpoint_bind,1.420,ok
367e50cb992fba8a2eea5de6d39455c76d82d87b,iroh_dial,relay,cold,0,address_lookup,0.086,ok
367e50cb992fba8a2eea5de6d39455c76d82d87b,iroh_dial,relay,cold,0,dial_handshake,193.068,ok
367e50cb992fba8a2eea5de6d39455c76d82d87b,iroh_dial,relay,cold,0,stream_open,94.137,ok
367e50cb992fba8a2eea5de6d39455c76d82d87b,iroh_dial,relay,cold,0,echo_rtt,76.095,ok
367e50cb992fba8a2eea5de6d39455c76d82d87b,iroh_dial,relay,cold,0,echo_rtt,75.989,ok
367e50cb992fba8a2eea5de6d39455c76d82d87b,iroh_dial,relay,cold,0,echo_rtt,76.499,ok
367e50cb992fba8a2eea5de6d39455c76d82d87b,iroh_dial,relay,cold,0,echo_rtt,75.979,ok
367e50cb992fba8a2eea5de6d39455c76d82d87b,iroh_dial,relay,cold,0,echo_rtt,76.000,ok
367e50cb992fba8a2eea5de6d39455c76d82d87b,iroh_dial,relay,cold,0,echo_rtt,76.209,ok
367e50cb992fba8a2eea5de6d39455c76d82d87b,iroh_dial,relay,cold,0,echo_rtt,75.921,ok
367e50cb992fba8a2eea5de6d39455c76d82d87b,iroh_dial,relay,cold,0,echo_rtt,75.957,ok
367e50cb992fba8a2eea5de6d39455c76d82d87b,iroh_dial,relay,cold,0,echo_rtt,75.926,ok
367e50cb992fba8a2eea5de6d39455c76d82d87b,iroh_dial,relay,cold,0,echo_rtt,76.096,ok
367e50cb992fba8a2eea5de6d39455c76d82d87b,iroh_dial,relay,cold,0,echo_rtt,76.021,ok
367e50cb992fba8a2eea5de6d39455c76d82d87b,iroh_dial,relay,cold,0,echo_rtt,75.906,ok
367e50cb992fba8a2eea5de6d39455c76d82d87b,iroh_dial,relay,cold,0,echo_rtt,75.957,ok
367e50cb992fba8a2eea5de6d39455c76d82d87b,iroh_dial,relay,cold,0,echo_rtt,75.971,ok
367e50cb992fba8a2eea5de6d39455c76d82d87b,iroh_dial,relay,cold,0,echo_rtt,75.987,ok
367e50cb992fba8a2eea5de6d39455c76d82d87b,iroh_dial,relay,cold,0,echo_rtt,76.002,ok
367e50cb992fba8a2eea5de6d39455c76d82d87b,iroh_dial,relay,cold,0,echo_rtt,75.978,ok
367e50cb992fba8a2eea5de6d39455c76d82d87b,iroh_dial,relay,cold,0,echo_rtt,75.950,ok
367e50cb992fba8a2eea5de6d39455c76d82d87b,iroh_dial,relay,cold,0,echo_rtt,75.944,ok
367e50cb992fba8a2eea5de6d39455c76d82d87b,iroh_dial,relay,cold,0,echo_rtt,75.872,ok
367e50cb992fba8a2eea5de6d39455c76d82d87b,iroh_dial,relay,cold,0,process_spawn,0.725,ok
367e50cb992fba8a2eea5de6d39455c76d82d87b,iroh_dial,relay,cold,0,runtime_start,0.374,ok
367e50cb992fba8a2eea5de6d39455c76d82d87b,iroh_dial,relay,cold,0,endpoint_bind,1.386,ok
367e50cb992fba8a2eea5de6d39455c76d82d87b,iroh_dial,relay,cold,0,address_lookup,0.083,ok
367e50cb992fba8a2eea5de6d39455c76d82d87b,iroh_dial,relay,cold,0,dial_handshake,193.708,ok
367e50cb992fba8a2eea5de6d39455c76d82d87b,iroh_dial,relay,cold,0,stream_open,92.443,ok
367e50cb992fba8a2eea5de6d39455c76d82d87b,iroh_dial,relay,cold,0,echo_rtt,75.719,ok
367e50cb992fba8a2eea5de6d39455c76d82d87b,iroh_dial,relay,cold,0,echo_rtt,75.782,ok
367e50cb992fba8a2eea5de6d39455c76d82d87b,iroh_dial,relay,cold,0,echo_rtt,75.671,ok
367e50cb992fba8a2eea5de6d39455c76d82d87b,iroh_dial,relay,cold,0,echo_rtt,75.726,ok
367e50cb992fba8a2eea5de6d39455c76d82d87b,iroh_dial,relay,cold,0,echo_rtt,75.717,ok
367e50cb992fba8a2eea5de6d39455c76d82d87b,iroh_dial,relay,cold,0,echo_rtt,75.698,ok
367e50cb992fba8a2eea5de6d39455c76d82d87b,iroh_dial,relay,cold,0,echo_rtt,75.985,ok
367e50cb992fba8a2eea5de6d39455c76d82d87b,iroh_dial,relay,cold,0,echo_rtt,75.619,ok
367e50cb992fba8a2eea5de6d39455c76d82d87b,iroh_dial,relay,cold,0,echo_rtt,75.718,ok
367e50cb992fba8a2eea5de6d39455c76d82d87b,iroh_dial,relay,cold,0,echo_rtt,75.752,ok
367e50cb992fba8a2eea5de6d39455c76d82d87b,iroh_dial,relay,cold,0,echo_rtt,75.898,ok
367e50cb992fba8a2eea5de6d39455c76d82d87b,iroh_dial,relay,cold,0,echo_rtt,75.863,ok
367e50cb992fba8a2eea5de6d39455c76d82d87b,iroh_dial,relay,cold,0,echo_rtt,75.765,ok
367e50cb992fba8a2eea5de6d39455c76d82d87b,iroh_dial,relay,cold,0,echo_rtt,75.717,ok
367e50cb992fba8a2eea5de6d39455c76d82d87b,iroh_dial,relay,cold,0,echo_rtt,75.677,ok
367e50cb992fba8a2eea5de6d39455c76d82d87b,iroh_dial,relay,cold,0,echo_rtt,75.615,ok
367e50cb992fba8a2eea5de6d39455c76d82d87b,iroh_dial,relay,cold,0,echo_rtt,75.761,ok
367e50cb992fba8a2eea5de6d39455c76d82d87b,iroh_dial,relay,cold,0,echo_rtt,75.697,ok
367e50cb992fba8a2eea5de6d39455c76d82d87b,iroh_dial,relay,cold,0,echo_rtt,75.891,ok
367e50cb992fba8a2eea5de6d39455c76d82d87b,iroh_dial,relay,cold,0,echo_rtt,75.637,ok
367e50cb992fba8a2eea5de6d39455c76d82d87b,iroh_dial,relay,cold,0,process_spawn,0.650,ok
367e50cb992fba8a2eea5de6d39455c76d82d87b,iroh_dial,relay,cold,0,runtime_start,0.340,ok
367e50cb992fba8a2eea5de6d39455c76d82d87b,iroh_dial,relay,cold,0,endpoint_bind,1.537,ok
367e50cb992fba8a2eea5de6d39455c76d82d87b,iroh_dial,relay,cold,0,address_lookup,0.086,ok
367e50cb992fba8a2eea5de6d39455c76d82d87b,iroh_dial,relay,cold,0,dial_handshake,192.417,ok
367e50cb992fba8a2eea5de6d39455c76d82d87b,iroh_dial,relay,cold,0,stream_open,92.872,ok
367e50cb992fba8a2eea5de6d39455c76d82d87b,iroh_dial,relay,cold,0,echo_rtt,75.757,ok
367e50cb992fba8a2eea5de6d39455c76d82d87b,iroh_dial,relay,cold,0,echo_rtt,75.779,ok
367e50cb992fba8a2eea5de6d39455c76d82d87b,iroh_dial,relay,cold,0,echo_rtt,75.942,ok
367e50cb992fba8a2eea5de6d39455c76d82d87b,iroh_dial,relay,cold,0,echo_rtt,75.867,ok
367e50cb992fba8a2eea5de6d39455c76d82d87b,iroh_dial,relay,cold,0,echo_rtt,76.356,ok
367e50cb992fba8a2eea5de6d39455c76d82d87b,iroh_dial,relay,cold,0,echo_rtt,76.774,ok
367e50cb992fba8a2eea5de6d39455c76d82d87b,iroh_dial,relay,cold,0,echo_rtt,77.480,ok
367e50cb992fba8a2eea5de6d39455c76d82d87b,iroh_dial,relay,cold,0,echo_rtt,75.935,ok
367e50cb992fba8a2eea5de6d39455c76d82d87b,iroh_dial,relay,cold,0,echo_rtt,75.793,ok
367e50cb992fba8a2eea5de6d39455c76d82d87b,iroh_dial,relay,cold,0,echo_rtt,76.107,ok
367e50cb992fba8a2eea5de6d39455c76d82d87b,iroh_dial,relay,cold,0,echo_rtt,75.825,ok
367e50cb992fba8a2eea5de6d39455c76d82d87b,iroh_dial,relay,cold,0,echo_rtt,75.835,ok
367e50cb992fba8a2eea5de6d39455c76d82d87b,iroh_dial,relay,cold,0,echo_rtt,75.765,ok
367e50cb992fba8a2eea5de6d39455c76d82d87b,iroh_dial,relay,cold,0,echo_rtt,75.838,ok
367e50cb992fba8a2eea5de6d39455c76d82d87b,iroh_dial,relay,cold,0,echo_rtt,75.788,ok
367e50cb992fba8a2eea5de6d39455c76d82d87b,iroh_dial,relay,cold,0,echo_rtt,76.250,ok
367e50cb992fba8a2eea5de6d39455c76d82d87b,iroh_dial,relay,cold,0,echo_rtt,75.878,ok
367e50cb992fba8a2eea5de6d39455c76d82d87b,iroh_dial,relay,cold,0,echo_rtt,75.764,ok
367e50cb992fba8a2eea5de6d39455c76d82d87b,iroh_dial,relay,cold,0,echo_rtt,76.077,ok
367e50cb992fba8a2eea5de6d39455c76d82d87b,iroh_dial,relay,cold,0,echo_rtt,75.879,ok
367e50cb992fba8a2eea5de6d39455c76d82d87b,iroh_dial,relay,cold,0,process_spawn,0.659,ok
367e50cb992fba8a2eea5de6d39455c76d82d87b,iroh_dial,relay,cold,0,runtime_start,0.343,ok
367e50cb992fba8a2eea5de6d39455c76d82d87b,iroh_dial,relay,cold,0,endpoint_bind,1.517,ok
367e50cb992fba8a2eea5de6d39455c76d82d87b,iroh_dial,relay,cold,0,address_lookup,0.084,ok
367e50cb992fba8a2eea5de6d39455c76d82d87b,iroh_dial,relay,cold,0,dial_handshake,191.679,ok
367e50cb992fba8a2eea5de6d39455c76d82d87b,iroh_dial,relay,cold,0,stream_open,92.797,ok
367e50cb992fba8a2eea5de6d39455c76d82d87b,iroh_dial,relay,cold,0,echo_rtt,75.653,ok
367e50cb992fba8a2eea5de6d39455c76d82d87b,iroh_dial,relay,cold,0,echo_rtt,75.582,ok
367e50cb992fba8a2eea5de6d39455c76d82d87b,iroh_dial,relay,cold,0,echo_rtt,75.653,ok
367e50cb992fba8a2eea5de6d39455c76d82d87b,iroh_dial,relay,cold,0,echo_rtt,75.659,ok
367e50cb992fba8a2eea5de6d39455c76d82d87b,iroh_dial,relay,cold,0,echo_rtt,76.725,ok
367e50cb992fba8a2eea5de6d39455c76d82d87b,iroh_dial,relay,cold,0,echo_rtt,75.765,ok
367e50cb992fba8a2eea5de6d39455c76d82d87b,iroh_dial,relay,cold,0,echo_rtt,75.664,ok
367e50cb992fba8a2eea5de6d39455c76d82d87b,iroh_dial,relay,cold,0,echo_rtt,76.341,ok
367e50cb992fba8a2eea5de6d39455c76d82d87b,iroh_dial,relay,cold,0,echo_rtt,75.785,ok
367e50cb992fba8a2eea5de6d39455c76d82d87b,iroh_dial,relay,cold,0,echo_rtt,75.682,ok
367e50cb992fba8a2eea5de6d39455c76d82d87b,iroh_dial,relay,cold,0,echo_rtt,75.647,ok
367e50cb992fba8a2eea5de6d39455c76d82d87b,iroh_dial,relay,cold,0,echo_rtt,75.646,ok
367e50cb992fba8a2eea5de6d39455c76d82d87b,iroh_dial,relay,cold,0,echo_rtt,75.805,ok
367e50cb992fba8a2eea5de6d39455c76d82d87b,iroh_dial,relay,cold,0,echo_rtt,75.616,ok
367e50cb992fba8a2eea5de6d39455c76d82d87b,iroh_dial,relay,cold,0,echo_rtt,75.949,ok
367e50cb992fba8a2eea5de6d39455c76d82d87b,iroh_dial,relay,cold,0,echo_rtt,76.081,ok
367e50cb992fba8a2eea5de6d39455c76d82d87b,iroh_dial,relay,cold,0,echo_rtt,75.593,ok
367e50cb992fba8a2eea5de6d39455c76d82d87b,iroh_dial,relay,cold,0,echo_rtt,75.635,ok
367e50cb992fba8a2eea5de6d39455c76d82d87b,iroh_dial,relay,cold,0,echo_rtt,75.747,ok
367e50cb992fba8a2eea5de6d39455c76d82d87b,iroh_dial,relay,cold,0,echo_rtt,75.691,ok
367e50cb992fba8a2eea5de6d39455c76d82d87b,iroh_dial,relay,cold,0,process_spawn,0.637,ok
367e50cb992fba8a2eea5de6d39455c76d82d87b,iroh_dial,relay,cold,0,runtime_start,0.345,ok
367e50cb992fba8a2eea5de6d39455c76d82d87b,iroh_dial,relay,cold,0,endpoint_bind,1.597,ok
367e50cb992fba8a2eea5de6d39455c76d82d87b,iroh_dial,relay,cold,0,address_lookup,0.105,ok
367e50cb992fba8a2eea5de6d39455c76d82d87b,iroh_dial,relay,cold,0,dial_handshake,201.118,ok
367e50cb992fba8a2eea5de6d39455c76d82d87b,iroh_dial,relay,cold,0,stream_open,97.198,ok
367e50cb992fba8a2eea5de6d39455c76d82d87b,iroh_dial,relay,cold,0,echo_rtt,78.158,ok
367e50cb992fba8a2eea5de6d39455c76d82d87b,iroh_dial,relay,cold,0,echo_rtt,78.063,ok
367e50cb992fba8a2eea5de6d39455c76d82d87b,iroh_dial,relay,cold,0,echo_rtt,78.261,ok
367e50cb992fba8a2eea5de6d39455c76d82d87b,iroh_dial,relay,cold,0,echo_rtt,78.066,ok
367e50cb992fba8a2eea5de6d39455c76d82d87b,iroh_dial,relay,cold,0,echo_rtt,78.019,ok
367e50cb992fba8a2eea5de6d39455c76d82d87b,iroh_dial,relay,cold,0,echo_rtt,78.076,ok
367e50cb992fba8a2eea5de6d39455c76d82d87b,iroh_dial,relay,cold,0,echo_rtt,78.083,ok
367e50cb992fba8a2eea5de6d39455c76d82d87b,iroh_dial,relay,cold,0,echo_rtt,78.446,ok
367e50cb992fba8a2eea5de6d39455c76d82d87b,iroh_dial,relay,cold,0,echo_rtt,78.047,ok
367e50cb992fba8a2eea5de6d39455c76d82d87b,iroh_dial,relay,cold,0,echo_rtt,78.111,ok
367e50cb992fba8a2eea5de6d39455c76d82d87b,iroh_dial,relay,cold,0,echo_rtt,78.025,ok
367e50cb992fba8a2eea5de6d39455c76d82d87b,iroh_dial,relay,cold,0,echo_rtt,77.987,ok
367e50cb992fba8a2eea5de6d39455c76d82d87b,iroh_dial,relay,cold,0,echo_rtt,78.018,ok
367e50cb992fba8a2eea5de6d39455c76d82d87b,iroh_dial,relay,cold,0,echo_rtt,78.151,ok
367e50cb992fba8a2eea5de6d39455c76d82d87b,iroh_dial,relay,cold,0,echo_rtt,77.952,ok
367e50cb992fba8a2eea5de6d39455c76d82d87b,iroh_dial,relay,cold,0,echo_rtt,77.961,ok
367e50cb992fba8a2eea5de6d39455c76d82d87b,iroh_dial,relay,cold,0,echo_rtt,78.433,ok
367e50cb992fba8a2eea5de6d39455c76d82d87b,iroh_dial,relay,cold,0,echo_rtt,78.037,ok
367e50cb992fba8a2eea5de6d39455c76d82d87b,iroh_dial,relay,cold,0,echo_rtt,78.691,ok
367e50cb992fba8a2eea5de6d39455c76d82d87b,iroh_dial,relay,cold,0,echo_rtt,77.990,ok
367e50cb992fba8a2eea5de6d39455c76d82d87b,iroh_dial,relay,cold,0,process_spawn,0.661,ok
367e50cb992fba8a2eea5de6d39455c76d82d87b,iroh_dial,relay,cold,0,runtime_start,0.331,ok
367e50cb992fba8a2eea5de6d39455c76d82d87b,iroh_dial,relay,cold,0,endpoint_bind,1.516,ok
367e50cb992fba8a2eea5de6d39455c76d82d87b,iroh_dial,relay,cold,0,address_lookup,0.106,ok
367e50cb992fba8a2eea5de6d39455c76d82d87b,iroh_dial,relay,cold,0,dial_handshake,191.987,ok
367e50cb992fba8a2eea5de6d39455c76d82d87b,iroh_dial,relay,cold,0,stream_open,93.521,ok
367e50cb992fba8a2eea5de6d39455c76d82d87b,iroh_dial,relay,cold,0,echo_rtt,75.827,ok
367e50cb992fba8a2eea5de6d39455c76d82d87b,iroh_dial,relay,cold,0,echo_rtt,75.668,ok
367e50cb992fba8a2eea5de6d39455c76d82d87b,iroh_dial,relay,cold,0,echo_rtt,75.698,ok
367e50cb992fba8a2eea5de6d39455c76d82d87b,iroh_dial,relay,cold,0,echo_rtt,76.409,ok
367e50cb992fba8a2eea5de6d39455c76d82d87b,iroh_dial,relay,cold,0,echo_rtt,75.754,ok
367e50cb992fba8a2eea5de6d39455c76d82d87b,iroh_dial,relay,cold,0,echo_rtt,75.694,ok
367e50cb992fba8a2eea5de6d39455c76d82d87b,iroh_dial,relay,cold,0,echo_rtt,76.182,ok
367e50cb992fba8a2eea5de6d39455c76d82d87b,iroh_dial,relay,cold,0,echo_rtt,75.791,ok
367e50cb992fba8a2eea5de6d39455c76d82d87b,iroh_dial,relay,cold,0,echo_rtt,75.700,ok
367e50cb992fba8a2eea5de6d39455c76d82d87b,iroh_dial,relay,cold,0,echo_rtt,75.605,ok
367e50cb992fba8a2eea5de6d39455c76d82d87b,iroh_dial,relay,cold,0,echo_rtt,75.687,ok
367e50cb992fba8a2eea5de6d39455c76d82d87b,iroh_dial,relay,cold,0,echo_rtt,75.590,ok
367e50cb992fba8a2eea5de6d39455c76d82d87b,iroh_dial,relay,cold,0,echo_rtt,75.895,ok
367e50cb992fba8a2eea5de6d39455c76d82d87b,iroh_dial,relay,cold,0,echo_rtt,75.618,ok
367e50cb992fba8a2eea5de6d39455c76d82d87b,iroh_dial,relay,cold,0,echo_rtt,75.702,ok
367e50cb992fba8a2eea5de6d39455c76d82d87b,iroh_dial,relay,cold,0,echo_rtt,75.674,ok
367e50cb992fba8a2eea5de6d39455c76d82d87b,iroh_dial,relay,cold,0,echo_rtt,75.795,ok
367e50cb992fba8a2eea5de6d39455c76d82d87b,iroh_dial,relay,cold,0,echo_rtt,75.715,ok
367e50cb992fba8a2eea5de6d39455c76d82d87b,iroh_dial,relay,cold,0,echo_rtt,75.755,ok
367e50cb992fba8a2eea5de6d39455c76d82d87b,iroh_dial,relay,cold,0,echo_rtt,75.936,ok
367e50cb992fba8a2eea5de6d39455c76d82d87b,iroh_dial,relay,cold,0,process_spawn,0.690,ok
367e50cb992fba8a2eea5de6d39455c76d82d87b,iroh_dial,relay,cold,0,runtime_start,0.375,ok
367e50cb992fba8a2eea5de6d39455c76d82d87b,iroh_dial,relay,cold,0,endpoint_bind,1.381,ok
367e50cb992fba8a2eea5de6d39455c76d82d87b,iroh_dial,relay,cold,0,address_lookup,0.134,ok
367e50cb992fba8a2eea5de6d39455c76d82d87b,iroh_dial,relay,cold,0,dial_handshake,195.716,ok
367e50cb992fba8a2eea5de6d39455c76d82d87b,iroh_dial,relay,cold,0,stream_open,93.808,ok
367e50cb992fba8a2eea5de6d39455c76d82d87b,iroh_dial,relay,cold,0,echo_rtt,75.937,ok
367e50cb992fba8a2eea5de6d39455c76d82d87b,iroh_dial,relay,cold,0,echo_rtt,76.002,ok
367e50cb992fba8a2eea5de6d39455c76d82d87b,iroh_dial,relay,cold,0,echo_rtt,75.994,ok
367e50cb992fba8a2eea5de6d39455c76d82d87b,iroh_dial,relay,cold,0,echo_rtt,75.961,ok
367e50cb992fba8a2eea5de6d39455c76d82d87b,iroh_dial,relay,cold,0,echo_rtt,75.935,ok
367e50cb992fba8a2eea5de6d39455c76d82d87b,iroh_dial,relay,cold,0,echo_rtt,76.011,ok
367e50cb992fba8a2eea5de6d39455c76d82d87b,iroh_dial,relay,cold,0,echo_rtt,76.078,ok
367e50cb992fba8a2eea5de6d39455c76d82d87b,iroh_dial,relay,cold,0,echo_rtt,75.921,ok
367e50cb992fba8a2eea5de6d39455c76d82d87b,iroh_dial,relay,cold,0,echo_rtt,75.988,ok
367e50cb992fba8a2eea5de6d39455c76d82d87b,iroh_dial,relay,cold,0,echo_rtt,75.934,ok
367e50cb992fba8a2eea5de6d39455c76d82d87b,iroh_dial,relay,cold,0,echo_rtt,75.974,ok
367e50cb992fba8a2eea5de6d39455c76d82d87b,iroh_dial,relay,cold,0,echo_rtt,75.896,ok
367e50cb992fba8a2eea5de6d39455c76d82d87b,iroh_dial,relay,cold,0,echo_rtt,76.473,ok
367e50cb992fba8a2eea5de6d39455c76d82d87b,iroh_dial,relay,cold,0,echo_rtt,75.962,ok
367e50cb992fba8a2eea5de6d39455c76d82d87b,iroh_dial,relay,cold,0,echo_rtt,75.916,ok
367e50cb992fba8a2eea5de6d39455c76d82d87b,iroh_dial,relay,cold,0,echo_rtt,76.331,ok
367e50cb992fba8a2eea5de6d39455c76d82d87b,iroh_dial,relay,cold,0,echo_rtt,75.930,ok
367e50cb992fba8a2eea5de6d39455c76d82d87b,iroh_dial,relay,cold,0,echo_rtt,76.000,ok
367e50cb992fba8a2eea5de6d39455c76d82d87b,iroh_dial,relay,cold,0,echo_rtt,76.026,ok
367e50cb992fba8a2eea5de6d39455c76d82d87b,iroh_dial,relay,cold,0,echo_rtt,76.273,ok
367e50cb992fba8a2eea5de6d39455c76d82d87b,iroh_dial,relay,cold,0,process_spawn,0.731,ok
367e50cb992fba8a2eea5de6d39455c76d82d87b,iroh_dial,relay,cold,0,runtime_start,0.387,ok
367e50cb992fba8a2eea5de6d39455c76d82d87b,iroh_dial,relay,cold,0,endpoint_bind,1.521,ok
367e50cb992fba8a2eea5de6d39455c76d82d87b,iroh_dial,relay,cold,0,address_lookup,0.098,ok
367e50cb992fba8a2eea5de6d39455c76d82d87b,iroh_dial,relay,cold,0,dial_handshake,201.624,ok
367e50cb992fba8a2eea5de6d39455c76d82d87b,iroh_dial,relay,cold,0,stream_open,98.555,ok
367e50cb992fba8a2eea5de6d39455c76d82d87b,iroh_dial,relay,cold,0,echo_rtt,79.018,ok
367e50cb992fba8a2eea5de6d39455c76d82d87b,iroh_dial,relay,cold,0,echo_rtt,78.696,ok
367e50cb992fba8a2eea5de6d39455c76d82d87b,iroh_dial,relay,cold,0,echo_rtt,78.095,ok
367e50cb992fba8a2eea5de6d39455c76d82d87b,iroh_dial,relay,cold,0,echo_rtt,77.911,ok
367e50cb992fba8a2eea5de6d39455c76d82d87b,iroh_dial,relay,cold,0,echo_rtt,77.919,ok
367e50cb992fba8a2eea5de6d39455c76d82d87b,iroh_dial,relay,cold,0,echo_rtt,80.071,ok
367e50cb992fba8a2eea5de6d39455c76d82d87b,iroh_dial,relay,cold,0,echo_rtt,78.309,ok
367e50cb992fba8a2eea5de6d39455c76d82d87b,iroh_dial,relay,cold,0,echo_rtt,77.980,ok
367e50cb992fba8a2eea5de6d39455c76d82d87b,iroh_dial,relay,cold,0,echo_rtt,77.948,ok
367e50cb992fba8a2eea5de6d39455c76d82d87b,iroh_dial,relay,cold,0,echo_rtt,77.971,ok
367e50cb992fba8a2eea5de6d39455c76d82d87b,iroh_dial,relay,cold,0,echo_rtt,78.006,ok
367e50cb992fba8a2eea5de6d39455c76d82d87b,iroh_dial,relay,cold,0,echo_rtt,78.010,ok
367e50cb992fba8a2eea5de6d39455c76d82d87b,iroh_dial,relay,cold,0,echo_rtt,77.993,ok
367e50cb992fba8a2eea5de6d39455c76d82d87b,iroh_dial,relay,cold,0,echo_rtt,78.029,ok
367e50cb992fba8a2eea5de6d39455c76d82d87b,iroh_dial,relay,cold,0,echo_rtt,77.965,ok
367e50cb992fba8a2eea5de6d39455c76d82d87b,iroh_dial,relay,cold,0,echo_rtt,77.952,ok
367e50cb992fba8a2eea5de6d39455c76d82d87b,iroh_dial,relay,cold,0,echo_rtt,78.023,ok
367e50cb992fba8a2eea5de6d39455c76d82d87b,iroh_dial,relay,cold,0,echo_rtt,77.913,ok
367e50cb992fba8a2eea5de6d39455c76d82d87b,iroh_dial,relay,cold,0,echo_rtt,78.078,ok
367e50cb992fba8a2eea5de6d39455c76d82d87b,iroh_dial,relay,cold,0,echo_rtt,77.951,ok
367e50cb992fba8a2eea5de6d39455c76d82d87b,iroh_dial,relay,cold,0,process_spawn,0.632,ok
367e50cb992fba8a2eea5de6d39455c76d82d87b,iroh_dial,relay,cold,0,runtime_start,0.332,ok
367e50cb992fba8a2eea5de6d39455c76d82d87b,iroh_dial,relay,cold,0,endpoint_bind,1.438,ok
367e50cb992fba8a2eea5de6d39455c76d82d87b,iroh_dial,relay,cold,0,address_lookup,0.092,ok
367e50cb992fba8a2eea5de6d39455c76d82d87b,iroh_dial,relay,cold,0,dial_handshake,193.626,ok
367e50cb992fba8a2eea5de6d39455c76d82d87b,iroh_dial,relay,cold,0,stream_open,93.203,ok
367e50cb992fba8a2eea5de6d39455c76d82d87b,iroh_dial,relay,cold,0,echo_rtt,76.102,ok
367e50cb992fba8a2eea5de6d39455c76d82d87b,iroh_dial,relay,cold,0,echo_rtt,76.430,ok
367e50cb992fba8a2eea5de6d39455c76d82d87b,iroh_dial,relay,cold,0,echo_rtt,76.222,ok
367e50cb992fba8a2eea5de6d39455c76d82d87b,iroh_dial,relay,cold,0,echo_rtt,76.213,ok
367e50cb992fba8a2eea5de6d39455c76d82d87b,iroh_dial,relay,cold,0,echo_rtt,76.208,ok
367e50cb992fba8a2eea5de6d39455c76d82d87b,iroh_dial,relay,cold,0,echo_rtt,76.154,ok
367e50cb992fba8a2eea5de6d39455c76d82d87b,iroh_dial,relay,cold,0,echo_rtt,76.109,ok
367e50cb992fba8a2eea5de6d39455c76d82d87b,iroh_dial,relay,cold,0,echo_rtt,76.113,ok
367e50cb992fba8a2eea5de6d39455c76d82d87b,iroh_dial,relay,cold,0,echo_rtt,76.545,ok
367e50cb992fba8a2eea5de6d39455c76d82d87b,iroh_dial,relay,cold,0,echo_rtt,76.122,ok
367e50cb992fba8a2eea5de6d39455c76d82d87b,iroh_dial,relay,cold,0,echo_rtt,76.599,ok
367e50cb992fba8a2eea5de6d39455c76d82d87b,iroh_dial,relay,cold,0,echo_rtt,76.220,ok
367e50cb992fba8a2eea5de6d39455c76d82d87b,iroh_dial,relay,cold,0,echo_rtt,76.369,ok
367e50cb992fba8a2eea5de6d39455c76d82d87b,iroh_dial,relay,cold,0,echo_rtt,76.111,ok
367e50cb992fba8a2eea5de6d39455c76d82d87b,iroh_dial,relay,cold,0,echo_rtt,76.291,ok
367e50cb992fba8a2eea5de6d39455c76d82d87b,iroh_dial,relay,cold,0,echo_rtt,76.126,ok
367e50cb992fba8a2eea5de6d39455c76d82d87b,iroh_dial,relay,cold,0,echo_rtt,76.280,ok
367e50cb992fba8a2eea5de6d39455c76d82d87b,iroh_dial,relay,cold,0,echo_rtt,76.208,ok
367e50cb992fba8a2eea5de6d39455c76d82d87b,iroh_dial,relay,cold,0,echo_rtt,76.362,ok
367e50cb992fba8a2eea5de6d39455c76d82d87b,iroh_dial,relay,cold,0,echo_rtt,76.162,ok
367e50cb992fba8a2eea5de6d39455c76d82d87b,iroh_dial,relay,warm,1,address_lookup,0.089,ok
367e50cb992fba8a2eea5de6d39455c76d82d87b,iroh_dial,relay,warm,1,dial_handshake,76.528,ok
367e50cb992fba8a2eea5de6d39455c76d82d87b,iroh_dial,relay,warm,1,stream_open,90.218,ok
367e50cb992fba8a2eea5de6d39455c76d82d87b,iroh_dial,relay,warm,1,echo_rtt,76.417,ok
367e50cb992fba8a2eea5de6d39455c76d82d87b,iroh_dial,relay,warm,1,echo_rtt,76.230,ok
367e50cb992fba8a2eea5de6d39455c76d82d87b,iroh_dial,relay,warm,1,echo_rtt,76.122,ok
367e50cb992fba8a2eea5de6d39455c76d82d87b,iroh_dial,relay,warm,1,echo_rtt,76.198,ok
367e50cb992fba8a2eea5de6d39455c76d82d87b,iroh_dial,relay,warm,1,echo_rtt,76.340,ok
367e50cb992fba8a2eea5de6d39455c76d82d87b,iroh_dial,relay,warm,1,echo_rtt,76.169,ok
367e50cb992fba8a2eea5de6d39455c76d82d87b,iroh_dial,relay,warm,1,echo_rtt,76.228,ok
367e50cb992fba8a2eea5de6d39455c76d82d87b,iroh_dial,relay,warm,1,echo_rtt,76.278,ok
367e50cb992fba8a2eea5de6d39455c76d82d87b,iroh_dial,relay,warm,1,echo_rtt,76.224,ok
367e50cb992fba8a2eea5de6d39455c76d82d87b,iroh_dial,relay,warm,1,echo_rtt,76.205,ok
367e50cb992fba8a2eea5de6d39455c76d82d87b,iroh_dial,relay,warm,1,echo_rtt,76.116,ok
367e50cb992fba8a2eea5de6d39455c76d82d87b,iroh_dial,relay,warm,1,echo_rtt,76.461,ok
367e50cb992fba8a2eea5de6d39455c76d82d87b,iroh_dial,relay,warm,1,echo_rtt,76.179,ok
367e50cb992fba8a2eea5de6d39455c76d82d87b,iroh_dial,relay,warm,1,echo_rtt,76.292,ok
367e50cb992fba8a2eea5de6d39455c76d82d87b,iroh_dial,relay,warm,1,echo_rtt,76.138,ok
367e50cb992fba8a2eea5de6d39455c76d82d87b,iroh_dial,relay,warm,1,echo_rtt,76.183,ok
367e50cb992fba8a2eea5de6d39455c76d82d87b,iroh_dial,relay,warm,1,echo_rtt,76.162,ok
367e50cb992fba8a2eea5de6d39455c76d82d87b,iroh_dial,relay,warm,1,echo_rtt,76.167,ok
367e50cb992fba8a2eea5de6d39455c76d82d87b,iroh_dial,relay,warm,1,echo_rtt,76.418,ok
367e50cb992fba8a2eea5de6d39455c76d82d87b,iroh_dial,relay,warm,1,echo_rtt,76.143,ok
367e50cb992fba8a2eea5de6d39455c76d82d87b,iroh_dial,relay,warm,2,address_lookup,0.097,ok
367e50cb992fba8a2eea5de6d39455c76d82d87b,iroh_dial,relay,warm,2,dial_handshake,76.805,ok
367e50cb992fba8a2eea5de6d39455c76d82d87b,iroh_dial,relay,warm,2,stream_open,89.278,ok
367e50cb992fba8a2eea5de6d39455c76d82d87b,iroh_dial,relay,warm,2,echo_rtt,76.314,ok
367e50cb992fba8a2eea5de6d39455c76d82d87b,iroh_dial,relay,warm,2,echo_rtt,76.225,ok
367e50cb992fba8a2eea5de6d39455c76d82d87b,iroh_dial,relay,warm,2,echo_rtt,76.440,ok
367e50cb992fba8a2eea5de6d39455c76d82d87b,iroh_dial,relay,warm,2,echo_rtt,76.241,ok
367e50cb992fba8a2eea5de6d39455c76d82d87b,iroh_dial,relay,warm,2,echo_rtt,76.229,ok
367e50cb992fba8a2eea5de6d39455c76d82d87b,iroh_dial,relay,warm,2,echo_rtt,76.171,ok
367e50cb992fba8a2eea5de6d39455c76d82d87b,iroh_dial,relay,warm,2,echo_rtt,76.592,ok
367e50cb992fba8a2eea5de6d39455c76d82d87b,iroh_dial,relay,warm,2,echo_rtt,76.176,ok
367e50cb992fba8a2eea5de6d39455c76d82d87b,iroh_dial,relay,warm,2,echo_rtt,76.210,ok
367e50cb992fba8a2eea5de6d39455c76d82d87b,iroh_dial,relay,warm,2,echo_rtt,76.197,ok
367e50cb992fba8a2eea5de6d39455c76d82d87b,iroh_dial,relay,warm,2,echo_rtt,76.279,ok
367e50cb992fba8a2eea5de6d39455c76d82d87b,iroh_dial,relay,warm,2,echo_rtt,76.189,ok
367e50cb992fba8a2eea5de6d39455c76d82d87b,iroh_dial,relay,warm,2,echo_rtt,76.332,ok
367e50cb992fba8a2eea5de6d39455c76d82d87b,iroh_dial,relay,warm,2,echo_rtt,76.144,ok
367e50cb992fba8a2eea5de6d39455c76d82d87b,iroh_dial,relay,warm,2,echo_rtt,76.148,ok
367e50cb992fba8a2eea5de6d39455c76d82d87b,iroh_dial,relay,warm,2,echo_rtt,76.246,ok
367e50cb992fba8a2eea5de6d39455c76d82d87b,iroh_dial,relay,warm,2,echo_rtt,76.083,ok
367e50cb992fba8a2eea5de6d39455c76d82d87b,iroh_dial,relay,warm,2,echo_rtt,76.479,ok
367e50cb992fba8a2eea5de6d39455c76d82d87b,iroh_dial,relay,warm,2,echo_rtt,76.417,ok
367e50cb992fba8a2eea5de6d39455c76d82d87b,iroh_dial,relay,warm,2,echo_rtt,76.142,ok
367e50cb992fba8a2eea5de6d39455c76d82d87b,iroh_dial,relay,warm,3,address_lookup,0.090,ok
367e50cb992fba8a2eea5de6d39455c76d82d87b,iroh_dial,relay,warm,3,dial_handshake,76.557,ok
367e50cb992fba8a2eea5de6d39455c76d82d87b,iroh_dial,relay,warm,3,stream_open,90.299,ok
367e50cb992fba8a2eea5de6d39455c76d82d87b,iroh_dial,relay,warm,3,echo_rtt,76.219,ok
367e50cb992fba8a2eea5de6d39455c76d82d87b,iroh_dial,relay,warm,3,echo_rtt,76.257,ok
367e50cb992fba8a2eea5de6d39455c76d82d87b,iroh_dial,relay,warm,3,echo_rtt,76.205,ok
367e50cb992fba8a2eea5de6d39455c76d82d87b,iroh_dial,relay,warm,3,echo_rtt,76.260,ok
367e50cb992fba8a2eea5de6d39455c76d82d87b,iroh_dial,relay,warm,3,echo_rtt,76.325,ok
367e50cb992fba8a2eea5de6d39455c76d82d87b,iroh_dial,relay,warm,3,echo_rtt,76.244,ok
367e50cb992fba8a2eea5de6d39455c76d82d87b,iroh_dial,relay,warm,3,echo_rtt,76.247,ok
367e50cb992fba8a2eea5de6d39455c76d82d87b,iroh_dial,relay,warm,3,echo_rtt,76.352,ok
367e50cb992fba8a2eea5de6d39455c76d82d87b,iroh_dial,relay,warm,3,echo_rtt,76.145,ok
367e50cb992fba8a2eea5de6d39455c76d82d87b,iroh_dial,relay,warm,3,echo_rtt,76.370,ok
367e50cb992fba8a2eea5de6d39455c76d82d87b,iroh_dial,relay,warm,3,echo_rtt,76.251,ok
367e50cb992fba8a2eea5de6d39455c76d82d87b,iroh_dial,relay,warm,3,echo_rtt,76.189,ok
367e50cb992fba8a2eea5de6d39455c76d82d87b,iroh_dial,relay,warm,3,echo_rtt,76.075,ok
367e50cb992fba8a2eea5de6d39455c76d82d87b,iroh_dial,relay,warm,3,echo_rtt,76.206,ok
367e50cb992fba8a2eea5de6d39455c76d82d87b,iroh_dial,relay,warm,3,echo_rtt,76.644,ok
367e50cb992fba8a2eea5de6d39455c76d82d87b,iroh_dial,relay,warm,3,echo_rtt,76.138,ok
367e50cb992fba8a2eea5de6d39455c76d82d87b,iroh_dial,relay,warm,3,echo_rtt,76.170,ok
367e50cb992fba8a2eea5de6d39455c76d82d87b,iroh_dial,relay,warm,3,echo_rtt,76.663,ok
367e50cb992fba8a2eea5de6d39455c76d82d87b,iroh_dial,relay,warm,3,echo_rtt,79.317,ok
367e50cb992fba8a2eea5de6d39455c76d82d87b,iroh_dial,relay,warm,3,echo_rtt,76.209,ok
367e50cb992fba8a2eea5de6d39455c76d82d87b,iroh_dial,relay,warm,4,address_lookup,0.104,ok
367e50cb992fba8a2eea5de6d39455c76d82d87b,iroh_dial,relay,warm,4,dial_handshake,77.081,ok
367e50cb992fba8a2eea5de6d39455c76d82d87b,iroh_dial,relay,warm,4,stream_open,90.188,ok
367e50cb992fba8a2eea5de6d39455c76d82d87b,iroh_dial,relay,warm,4,echo_rtt,76.360,ok
367e50cb992fba8a2eea5de6d39455c76d82d87b,iroh_dial,relay,warm,4,echo_rtt,76.152,ok
367e50cb992fba8a2eea5de6d39455c76d82d87b,iroh_dial,relay,warm,4,echo_rtt,76.179,ok
367e50cb992fba8a2eea5de6d39455c76d82d87b,iroh_dial,relay,warm,4,echo_rtt,76.150,ok
367e50cb992fba8a2eea5de6d39455c76d82d87b,iroh_dial,relay,warm,4,echo_rtt,76.395,ok
367e50cb992fba8a2eea5de6d39455c76d82d87b,iroh_dial,relay,warm,4,echo_rtt,76.455,ok
367e50cb992fba8a2eea5de6d39455c76d82d87b,iroh_dial,relay,warm,4,echo_rtt,76.214,ok
367e50cb992fba8a2eea5de6d39455c76d82d87b,iroh_dial,relay,warm,4,echo_rtt,76.261,ok
367e50cb992fba8a2eea5de6d39455c76d82d87b,iroh_dial,relay,warm,4,echo_rtt,76.753,ok
367e50cb992fba8a2eea5de6d39455c76d82d87b,iroh_dial,relay,warm,4,echo_rtt,76.213,ok
367e50cb992fba8a2eea5de6d39455c76d82d87b,iroh_dial,relay,warm,4,echo_rtt,76.250,ok
367e50cb992fba8a2eea5de6d39455c76d82d87b,iroh_dial,relay,warm,4,echo_rtt,76.255,ok
367e50cb992fba8a2eea5de6d39455c76d82d87b,iroh_dial,relay,warm,4,echo_rtt,76.196,ok
367e50cb992fba8a2eea5de6d39455c76d82d87b,iroh_dial,relay,warm,4,echo_rtt,76.619,ok
367e50cb992fba8a2eea5de6d39455c76d82d87b,iroh_dial,relay,warm,4,echo_rtt,76.709,ok
367e50cb992fba8a2eea5de6d39455c76d82d87b,iroh_dial,relay,warm,4,echo_rtt,76.213,ok
367e50cb992fba8a2eea5de6d39455c76d82d87b,iroh_dial,relay,warm,4,echo_rtt,76.324,ok
367e50cb992fba8a2eea5de6d39455c76d82d87b,iroh_dial,relay,warm,4,echo_rtt,76.166,ok
367e50cb992fba8a2eea5de6d39455c76d82d87b,iroh_dial,relay,warm,4,echo_rtt,76.217,ok
367e50cb992fba8a2eea5de6d39455c76d82d87b,iroh_dial,relay,warm,4,echo_rtt,76.233,ok
367e50cb992fba8a2eea5de6d39455c76d82d87b,iroh_dial,relay,warm,5,address_lookup,0.101,ok
367e50cb992fba8a2eea5de6d39455c76d82d87b,iroh_dial,relay,warm,5,dial_handshake,76.530,ok
367e50cb992fba8a2eea5de6d39455c76d82d87b,iroh_dial,relay,warm,5,stream_open,90.213,ok
367e50cb992fba8a2eea5de6d39455c76d82d87b,iroh_dial,relay,warm,5,echo_rtt,76.991,ok
367e50cb992fba8a2eea5de6d39455c76d82d87b,iroh_dial,relay,warm,5,echo_rtt,77.481,ok
367e50cb992fba8a2eea5de6d39455c76d82d87b,iroh_dial,relay,warm,5,echo_rtt,76.319,ok
367e50cb992fba8a2eea5de6d39455c76d82d87b,iroh_dial,relay,warm,5,echo_rtt,76.099,ok
367e50cb992fba8a2eea5de6d39455c76d82d87b,iroh_dial,relay,warm,5,echo_rtt,76.140,ok
367e50cb992fba8a2eea5de6d39455c76d82d87b,iroh_dial,relay,warm,5,echo_rtt,76.228,ok
367e50cb992fba8a2eea5de6d39455c76d82d87b,iroh_dial,relay,warm,5,echo_rtt,76.824,ok
367e50cb992fba8a2eea5de6d39455c76d82d87b,iroh_dial,relay,warm,5,echo_rtt,76.129,ok
367e50cb992fba8a2eea5de6d39455c76d82d87b,iroh_dial,relay,warm,5,echo_rtt,76.162,ok
367e50cb992fba8a2eea5de6d39455c76d82d87b,iroh_dial,relay,warm,5,echo_rtt,76.167,ok
367e50cb992fba8a2eea5de6d39455c76d82d87b,iroh_dial,relay,warm,5,echo_rtt,76.132,ok
367e50cb992fba8a2eea5de6d39455c76d82d87b,iroh_dial,relay,warm,5,echo_rtt,76.181,ok
367e50cb992fba8a2eea5de6d39455c76d82d87b,iroh_dial,relay,warm,5,echo_rtt,76.226,ok
367e50cb992fba8a2eea5de6d39455c76d82d87b,iroh_dial,relay,warm,5,echo_rtt,76.245,ok
367e50cb992fba8a2eea5de6d39455c76d82d87b,iroh_dial,relay,warm,5,echo_rtt,76.173,ok
367e50cb992fba8a2eea5de6d39455c76d82d87b,iroh_dial,relay,warm,5,echo_rtt,76.226,ok
367e50cb992fba8a2eea5de6d39455c76d82d87b,iroh_dial,relay,warm,5,echo_rtt,76.245,ok
367e50cb992fba8a2eea5de6d39455c76d82d87b,iroh_dial,relay,warm,5,echo_rtt,76.232,ok
367e50cb992fba8a2eea5de6d39455c76d82d87b,iroh_dial,relay,warm,5,echo_rtt,76.250,ok
367e50cb992fba8a2eea5de6d39455c76d82d87b,iroh_dial,relay,warm,5,echo_rtt,76.267,ok
367e50cb992fba8a2eea5de6d39455c76d82d87b,iroh_dial,relay,warm,6,address_lookup,0.100,ok
367e50cb992fba8a2eea5de6d39455c76d82d87b,iroh_dial,relay,warm,6,dial_handshake,76.803,ok
367e50cb992fba8a2eea5de6d39455c76d82d87b,iroh_dial,relay,warm,6,stream_open,90.232,ok
367e50cb992fba8a2eea5de6d39455c76d82d87b,iroh_dial,relay,warm,6,echo_rtt,76.466,ok
367e50cb992fba8a2eea5de6d39455c76d82d87b,iroh_dial,relay,warm,6,echo_rtt,76.604,ok
367e50cb992fba8a2eea5de6d39455c76d82d87b,iroh_dial,relay,warm,6,echo_rtt,82.277,ok
367e50cb992fba8a2eea5de6d39455c76d82d87b,iroh_dial,relay,warm,6,echo_rtt,76.257,ok
367e50cb992fba8a2eea5de6d39455c76d82d87b,iroh_dial,relay,warm,6,echo_rtt,76.187,ok
367e50cb992fba8a2eea5de6d39455c76d82d87b,iroh_dial,relay,warm,6,echo_rtt,76.187,ok
367e50cb992fba8a2eea5de6d39455c76d82d87b,iroh_dial,relay,warm,6,echo_rtt,76.131,ok
367e50cb992fba8a2eea5de6d39455c76d82d87b,iroh_dial,relay,warm,6,echo_rtt,76.518,ok
367e50cb992fba8a2eea5de6d39455c76d82d87b,iroh_dial,relay,warm,6,echo_rtt,76.269,ok
367e50cb992fba8a2eea5de6d39455c76d82d87b,iroh_dial,relay,warm,6,echo_rtt,76.203,ok
367e50cb992fba8a2eea5de6d39455c76d82d87b,iroh_dial,relay,warm,6,echo_rtt,76.125,ok
367e50cb992fba8a2eea5de6d39455c76d82d87b,iroh_dial,relay,warm,6,echo_rtt,76.247,ok
367e50cb992fba8a2eea5de6d39455c76d82d87b,iroh_dial,relay,warm,6,echo_rtt,76.141,ok
367e50cb992fba8a2eea5de6d39455c76d82d87b,iroh_dial,relay,warm,6,echo_rtt,76.147,ok
367e50cb992fba8a2eea5de6d39455c76d82d87b,iroh_dial,relay,warm,6,echo_rtt,76.164,ok
367e50cb992fba8a2eea5de6d39455c76d82d87b,iroh_dial,relay,warm,6,echo_rtt,76.199,ok
367e50cb992fba8a2eea5de6d39455c76d82d87b,iroh_dial,relay,warm,6,echo_rtt,76.470,ok
367e50cb992fba8a2eea5de6d39455c76d82d87b,iroh_dial,relay,warm,6,echo_rtt,76.289,ok
367e50cb992fba8a2eea5de6d39455c76d82d87b,iroh_dial,relay,warm,6,echo_rtt,76.119,ok
367e50cb992fba8a2eea5de6d39455c76d82d87b,iroh_dial,relay,warm,6,echo_rtt,76.269,ok
367e50cb992fba8a2eea5de6d39455c76d82d87b,iroh_dial,relay,warm,7,address_lookup,0.089,ok
367e50cb992fba8a2eea5de6d39455c76d82d87b,iroh_dial,relay,warm,7,dial_handshake,76.776,ok
367e50cb992fba8a2eea5de6d39455c76d82d87b,iroh_dial,relay,warm,7,stream_open,89.271,ok
367e50cb992fba8a2eea5de6d39455c76d82d87b,iroh_dial,relay,warm,7,echo_rtt,76.179,ok
367e50cb992fba8a2eea5de6d39455c76d82d87b,iroh_dial,relay,warm,7,echo_rtt,76.155,ok
367e50cb992fba8a2eea5de6d39455c76d82d87b,iroh_dial,relay,warm,7,echo_rtt,76.148,ok
367e50cb992fba8a2eea5de6d39455c76d82d87b,iroh_dial,relay,warm,7,echo_rtt,76.087,ok
367e50cb992fba8a2eea5de6d39455c76d82d87b,iroh_dial,relay,warm,7,echo_rtt,76.136,ok
367e50cb992fba8a2eea5de6d39455c76d82d87b,iroh_dial,relay,warm,7,echo_rtt,76.103,ok
367e50cb992fba8a2eea5de6d39455c76d82d87b,iroh_dial,relay,warm,7,echo_rtt,76.210,ok
367e50cb992fba8a2eea5de6d39455c76d82d87b,iroh_dial,relay,warm,7,echo_rtt,76.132,ok
367e50cb992fba8a2eea5de6d39455c76d82d87b,iroh_dial,relay,warm,7,echo_rtt,76.171,ok
367e50cb992fba8a2eea5de6d39455c76d82d87b,iroh_dial,relay,warm,7,echo_rtt,76.434,ok
367e50cb992fba8a2eea5de6d39455c76d82d87b,iroh_dial,relay,warm,7,echo_rtt,76.200,ok
367e50cb992fba8a2eea5de6d39455c76d82d87b,iroh_dial,relay,warm,7,echo_rtt,76.257,ok
367e50cb992fba8a2eea5de6d39455c76d82d87b,iroh_dial,relay,warm,7,echo_rtt,76.151,ok
367e50cb992fba8a2eea5de6d39455c76d82d87b,iroh_dial,relay,warm,7,echo_rtt,76.222,ok
367e50cb992fba8a2eea5de6d39455c76d82d87b,iroh_dial,relay,warm,7,echo_rtt,76.119,ok
367e50cb992fba8a2eea5de6d39455c76d82d87b,iroh_dial,relay,warm,7,echo_rtt,76.172,ok
367e50cb992fba8a2eea5de6d39455c76d82d87b,iroh_dial,relay,warm,7,echo_rtt,76.483,ok
367e50cb992fba8a2eea5de6d39455c76d82d87b,iroh_dial,relay,warm,7,echo_rtt,76.133,ok
367e50cb992fba8a2eea5de6d39455c76d82d87b,iroh_dial,relay,warm,7,echo_rtt,76.082,ok
367e50cb992fba8a2eea5de6d39455c76d82d87b,iroh_dial,relay,warm,7,echo_rtt,76.161,ok
367e50cb992fba8a2eea5de6d39455c76d82d87b,iroh_dial,relay,warm,8,address_lookup,0.094,ok
367e50cb992fba8a2eea5de6d39455c76d82d87b,iroh_dial,relay,warm,8,dial_handshake,76.564,ok
367e50cb992fba8a2eea5de6d39455c76d82d87b,iroh_dial,relay,warm,8,stream_open,89.694,ok
367e50cb992fba8a2eea5de6d39455c76d82d87b,iroh_dial,relay,warm,8,echo_rtt,76.157,ok
367e50cb992fba8a2eea5de6d39455c76d82d87b,iroh_dial,relay,warm,8,echo_rtt,76.159,ok
367e50cb992fba8a2eea5de6d39455c76d82d87b,iroh_dial,relay,warm,8,echo_rtt,76.134,ok
367e50cb992fba8a2eea5de6d39455c76d82d87b,iroh_dial,relay,warm,8,echo_rtt,76.115,ok
367e50cb992fba8a2eea5de6d39455c76d82d87b,iroh_dial,relay,warm,8,echo_rtt,76.197,ok
367e50cb992fba8a2eea5de6d39455c76d82d87b,iroh_dial,relay,warm,8,echo_rtt,76.217,ok
367e50cb992fba8a2eea5de6d39455c76d82d87b,iroh_dial,relay,warm,8,echo_rtt,76.192,ok
367e50cb992fba8a2eea5de6d39455c76d82d87b,iroh_dial,relay,warm,8,echo_rtt,76.084,ok
367e50cb992fba8a2eea5de6d39455c76d82d87b,iroh_dial,relay,warm,8,echo_rtt,76.139,ok
367e50cb992fba8a2eea5de6d39455c76d82d87b,iroh_dial,relay,warm,8,echo_rtt,76.147,ok
367e50cb992fba8a2eea5de6d39455c76d82d87b,iroh_dial,relay,warm,8,echo_rtt,76.143,ok
367e50cb992fba8a2eea5de6d39455c76d82d87b,iroh_dial,relay,warm,8,echo_rtt,76.217,ok
367e50cb992fba8a2eea5de6d39455c76d82d87b,iroh_dial,relay,warm,8,echo_rtt,76.274,ok
367e50cb992fba8a2eea5de6d39455c76d82d87b,iroh_dial,relay,warm,8,echo_rtt,76.122,ok
367e50cb992fba8a2eea5de6d39455c76d82d87b,iroh_dial,relay,warm,8,echo_rtt,76.605,ok
367e50cb992fba8a2eea5de6d39455c76d82d87b,iroh_dial,relay,warm,8,echo_rtt,76.174,ok
367e50cb992fba8a2eea5de6d39455c76d82d87b,iroh_dial,relay,warm,8,echo_rtt,76.232,ok
367e50cb992fba8a2eea5de6d39455c76d82d87b,iroh_dial,relay,warm,8,echo_rtt,76.249,ok
367e50cb992fba8a2eea5de6d39455c76d82d87b,iroh_dial,relay,warm,8,echo_rtt,76.303,ok
367e50cb992fba8a2eea5de6d39455c76d82d87b,iroh_dial,relay,warm,8,echo_rtt,76.198,ok
367e50cb992fba8a2eea5de6d39455c76d82d87b,iroh_dial,relay,warm,9,address_lookup,0.094,ok
367e50cb992fba8a2eea5de6d39455c76d82d87b,iroh_dial,relay,warm,9,dial_handshake,76.551,ok
367e50cb992fba8a2eea5de6d39455c76d82d87b,iroh_dial,relay,warm,9,stream_open,90.157,ok
367e50cb992fba8a2eea5de6d39455c76d82d87b,iroh_dial,relay,warm,9,echo_rtt,76.222,ok
367e50cb992fba8a2eea5de6d39455c76d82d87b,iroh_dial,relay,warm,9,echo_rtt,76.254,ok
367e50cb992fba8a2eea5de6d39455c76d82d87b,iroh_dial,relay,warm,9,echo_rtt,76.155,ok
367e50cb992fba8a2eea5de6d39455c76d82d87b,iroh_dial,relay,warm,9,echo_rtt,76.338,ok
367e50cb992fba8a2eea5de6d39455c76d82d87b,iroh_dial,relay,warm,9,echo_rtt,76.117,ok
367e50cb992fba8a2eea5de6d39455c76d82d87b,iroh_dial,relay,warm,9,echo_rtt,76.154,ok
367e50cb992fba8a2eea5de6d39455c76d82d87b,iroh_dial,relay,warm,9,echo_rtt,76.387,ok
367e50cb992fba8a2eea5de6d39455c76d82d87b,iroh_dial,relay,warm,9,echo_rtt,76.269,ok
367e50cb992fba8a2eea5de6d39455c76d82d87b,iroh_dial,relay,warm,9,echo_rtt,76.167,ok
367e50cb992fba8a2eea5de6d39455c76d82d87b,iroh_dial,relay,warm,9,echo_rtt,76.443,ok
367e50cb992fba8a2eea5de6d39455c76d82d87b,iroh_dial,relay,warm,9,echo_rtt,76.150,ok
367e50cb992fba8a2eea5de6d39455c76d82d87b,iroh_dial,relay,warm,9,echo_rtt,76.244,ok
367e50cb992fba8a2eea5de6d39455c76d82d87b,iroh_dial,relay,warm,9,echo_rtt,76.278,ok
367e50cb992fba8a2eea5de6d39455c76d82d87b,iroh_dial,relay,warm,9,echo_rtt,76.276,ok
367e50cb992fba8a2eea5de6d39455c76d82d87b,iroh_dial,relay,warm,9,echo_rtt,76.200,ok
367e50cb992fba8a2eea5de6d39455c76d82d87b,iroh_dial,relay,warm,9,echo_rtt,76.171,ok
367e50cb992fba8a2eea5de6d39455c76d82d87b,iroh_dial,relay,warm,9,echo_rtt,76.245,ok
367e50cb992fba8a2eea5de6d39455c76d82d87b,iroh_dial,relay,warm,9,echo_rtt,76.270,ok
367e50cb992fba8a2eea5de6d39455c76d82d87b,iroh_dial,relay,warm,9,echo_rtt,76.120,ok
367e50cb992fba8a2eea5de6d39455c76d82d87b,iroh_dial,relay,warm,9,echo_rtt,76.057,ok
367e50cb992fba8a2eea5de6d39455c76d82d87b,iroh_dial,relay,warm,10,address_lookup,0.089,ok
367e50cb992fba8a2eea5de6d39455c76d82d87b,iroh_dial,relay,warm,10,dial_handshake,76.862,ok
367e50cb992fba8a2eea5de6d39455c76d82d87b,iroh_dial,relay,warm,10,stream_open,89.312,ok
367e50cb992fba8a2eea5de6d39455c76d82d87b,iroh_dial,relay,warm,10,echo_rtt,76.225,ok
367e50cb992fba8a2eea5de6d39455c76d82d87b,iroh_dial,relay,warm,10,echo_rtt,76.097,ok
367e50cb992fba8a2eea5de6d39455c76d82d87b,iroh_dial,relay,warm,10,echo_rtt,76.459,ok
367e50cb992fba8a2eea5de6d39455c76d82d87b,iroh_dial,relay,warm,10,echo_rtt,76.261,ok
367e50cb992fba8a2eea5de6d39455c76d82d87b,iroh_dial,relay,warm,10,echo_rtt,76.174,ok
367e50cb992fba8a2eea5de6d39455c76d82d87b,iroh_dial,relay,warm,10,echo_rtt,76.479,ok
367e50cb992fba8a2eea5de6d39455c76d82d87b,iroh_dial,relay,warm,10,echo_rtt,76.729,ok
367e50cb992fba8a2eea5de6d39455c76d82d87b,iroh_dial,relay,warm,10,echo_rtt,76.336,ok
367e50cb992fba8a2eea5de6d39455c76d82d87b,iroh_dial,relay,warm,10,echo_rtt,76.119,ok
367e50cb992fba8a2eea5de6d39455c76d82d87b,iroh_dial,relay,warm,10,echo_rtt,76.244,ok
367e50cb992fba8a2eea5de6d39455c76d82d87b,iroh_dial,relay,warm,10,echo_rtt,76.098,ok
367e50cb992fba8a2eea5de6d39455c76d82d87b,iroh_dial,relay,warm,10,echo_rtt,76.119,ok
367e50cb992fba8a2eea5de6d39455c76d82d87b,iroh_dial,relay,warm,10,echo_rtt,76.568,ok
367e50cb992fba8a2eea5de6d39455c76d82d87b,iroh_dial,relay,warm,10,echo_rtt,76.135,ok
367e50cb992fba8a2eea5de6d39455c76d82d87b,iroh_dial,relay,warm,10,echo_rtt,76.131,ok
367e50cb992fba8a2eea5de6d39455c76d82d87b,iroh_dial,relay,warm,10,echo_rtt,76.165,ok
367e50cb992fba8a2eea5de6d39455c76d82d87b,iroh_dial,relay,warm,10,echo_rtt,76.287,ok
367e50cb992fba8a2eea5de6d39455c76d82d87b,iroh_dial,relay,warm,10,echo_rtt,76.475,ok
367e50cb992fba8a2eea5de6d39455c76d82d87b,iroh_dial,relay,warm,10,echo_rtt,76.218,ok
367e50cb992fba8a2eea5de6d39455c76d82d87b,iroh_dial,relay,warm,10,echo_rtt,76.081,ok
367e50cb992fba8a2eea5de6d39455c76d82d87b,iroh_dial,relay,warm,11,address_lookup,0.109,ok
367e50cb992fba8a2eea5de6d39455c76d82d87b,iroh_dial,relay,warm,11,dial_handshake,76.552,ok
367e50cb992fba8a2eea5de6d39455c76d82d87b,iroh_dial,relay,warm,11,stream_open,90.287,ok
367e50cb992fba8a2eea5de6d39455c76d82d87b,iroh_dial,relay,warm,11,echo_rtt,76.235,ok
367e50cb992fba8a2eea5de6d39455c76d82d87b,iroh_dial,relay,warm,11,echo_rtt,76.128,ok
367e50cb992fba8a2eea5de6d39455c76d82d87b,iroh_dial,relay,warm,11,echo_rtt,76.127,ok
367e50cb992fba8a2eea5de6d39455c76d82d87b,iroh_dial,relay,warm,11,echo_rtt,76.681,ok
367e50cb992fba8a2eea5de6d39455c76d82d87b,iroh_dial,relay,warm,11,echo_rtt,76.148,ok
367e50cb992fba8a2eea5de6d39455c76d82d87b,iroh_dial,relay,warm,11,echo_rtt,76.194,ok
367e50cb992fba8a2eea5de6d39455c76d82d87b,iroh_dial,relay,warm,11,echo_rtt,76.147,ok
367e50cb992fba8a2eea5de6d39455c76d82d87b,iroh_dial,relay,warm,11,echo_rtt,76.130,ok
367e50cb992fba8a2eea5de6d39455c76d82d87b,iroh_dial,relay,warm,11,echo_rtt,76.383,ok
367e50cb992fba8a2eea5de6d39455c76d82d87b,iroh_dial,relay,warm,11,echo_rtt,76.493,ok
367e50cb992fba8a2eea5de6d39455c76d82d87b,iroh_dial,relay,warm,11,echo_rtt,76.215,ok
367e50cb992fba8a2eea5de6d39455c76d82d87b,iroh_dial,relay,warm,11,echo_rtt,76.161,ok
367e50cb992fba8a2eea5de6d39455c76d82d87b,iroh_dial,relay,warm,11,echo_rtt,76.178,ok
367e50cb992fba8a2eea5de6d39455c76d82d87b,iroh_dial,relay,warm,11,echo_rtt,76.152,ok
367e50cb992fba8a2eea5de6d39455c76d82d87b,iroh_dial,relay,warm,11,echo_rtt,76.220,ok
367e50cb992fba8a2eea5de6d39455c76d82d87b,iroh_dial,relay,warm,11,echo_rtt,76.373,ok
367e50cb992fba8a2eea5de6d39455c76d82d87b,iroh_dial,relay,warm,11,echo_rtt,76.169,ok
367e50cb992fba8a2eea5de6d39455c76d82d87b,iroh_dial,relay,warm,11,echo_rtt,76.147,ok
367e50cb992fba8a2eea5de6d39455c76d82d87b,iroh_dial,relay,warm,11,echo_rtt,76.450,ok
367e50cb992fba8a2eea5de6d39455c76d82d87b,iroh_dial,relay,warm,11,echo_rtt,76.112,ok
367e50cb992fba8a2eea5de6d39455c76d82d87b,iroh_dial,relay,warm,12,address_lookup,0.091,ok
367e50cb992fba8a2eea5de6d39455c76d82d87b,iroh_dial,relay,warm,12,dial_handshake,76.752,ok
367e50cb992fba8a2eea5de6d39455c76d82d87b,iroh_dial,relay,warm,12,stream_open,90.145,ok
367e50cb992fba8a2eea5de6d39455c76d82d87b,iroh_dial,relay,warm,12,echo_rtt,76.476,ok
367e50cb992fba8a2eea5de6d39455c76d82d87b,iroh_dial,relay,warm,12,echo_rtt,76.233,ok
367e50cb992fba8a2eea5de6d39455c76d82d87b,iroh_dial,relay,warm,12,echo_rtt,76.162,ok
367e50cb992fba8a2eea5de6d39455c76d82d87b,iroh_dial,relay,warm,12,echo_rtt,76.125,ok
367e50cb992fba8a2eea5de6d39455c76d82d87b,iroh_dial,relay,warm,12,echo_rtt,76.141,ok
367e50cb992fba8a2eea5de6d39455c76d82d87b,iroh_dial,relay,warm,12,echo_rtt,76.420,ok
367e50cb992fba8a2eea5de6d39455c76d82d87b,iroh_dial,relay,warm,12,echo_rtt,76.191,ok
367e50cb992fba8a2eea5de6d39455c76d82d87b,iroh_dial,relay,warm,12,echo_rtt,76.120,ok
367e50cb992fba8a2eea5de6d39455c76d82d87b,iroh_dial,relay,warm,12,echo_rtt,76.204,ok
367e50cb992fba8a2eea5de6d39455c76d82d87b,iroh_dial,relay,warm,12,echo_rtt,76.182,ok
367e50cb992fba8a2eea5de6d39455c76d82d87b,iroh_dial,relay,warm,12,echo_rtt,76.212,ok
367e50cb992fba8a2eea5de6d39455c76d82d87b,iroh_dial,relay,warm,12,echo_rtt,76.125,ok
367e50cb992fba8a2eea5de6d39455c76d82d87b,iroh_dial,relay,warm,12,echo_rtt,76.163,ok
367e50cb992fba8a2eea5de6d39455c76d82d87b,iroh_dial,relay,warm,12,echo_rtt,76.143,ok
367e50cb992fba8a2eea5de6d39455c76d82d87b,iroh_dial,relay,warm,12,echo_rtt,76.354,ok
367e50cb992fba8a2eea5de6d39455c76d82d87b,iroh_dial,relay,warm,12,echo_rtt,76.234,ok
367e50cb992fba8a2eea5de6d39455c76d82d87b,iroh_dial,relay,warm,12,echo_rtt,76.197,ok
367e50cb992fba8a2eea5de6d39455c76d82d87b,iroh_dial,relay,warm,12,echo_rtt,76.182,ok
367e50cb992fba8a2eea5de6d39455c76d82d87b,iroh_dial,relay,warm,12,echo_rtt,76.192,ok
367e50cb992fba8a2eea5de6d39455c76d82d87b,iroh_dial,relay,warm,12,echo_rtt,76.252,ok
367e50cb992fba8a2eea5de6d39455c76d82d87b,iroh_dial,relay,warm,13,address_lookup,0.096,ok
367e50cb992fba8a2eea5de6d39455c76d82d87b,iroh_dial,relay,warm,13,dial_handshake,76.530,ok
367e50cb992fba8a2eea5de6d39455c76d82d87b,iroh_dial,relay,warm,13,stream_open,90.240,ok
367e50cb992fba8a2eea5de6d39455c76d82d87b,iroh_dial,relay,warm,13,echo_rtt,76.220,ok
367e50cb992fba8a2eea5de6d39455c76d82d87b,iroh_dial,relay,warm,13,echo_rtt,76.314,ok
367e50cb992fba8a2eea5de6d39455c76d82d87b,iroh_dial,relay,warm,13,echo_rtt,76.193,ok
367e50cb992fba8a2eea5de6d39455c76d82d87b,iroh_dial,relay,warm,13,echo_rtt,77.853,ok
367e50cb992fba8a2eea5de6d39455c76d82d87b,iroh_dial,relay,warm,13,echo_rtt,76.337,ok
367e50cb992fba8a2eea5de6d39455c76d82d87b,iroh_dial,relay,warm,13,echo_rtt,76.081,ok
367e50cb992fba8a2eea5de6d39455c76d82d87b,iroh_dial,relay,warm,13,echo_rtt,76.164,ok
367e50cb992fba8a2eea5de6d39455c76d82d87b,iroh_dial,relay,warm,13,echo_rtt,76.558,ok
367e50cb992fba8a2eea5de6d39455c76d82d87b,iroh_dial,relay,warm,13,echo_rtt,76.155,ok
367e50cb992fba8a2eea5de6d39455c76d82d87b,iroh_dial,relay,warm,13,echo_rtt,76.176,ok
367e50cb992fba8a2eea5de6d39455c76d82d87b,iroh_dial,relay,warm,13,echo_rtt,76.184,ok
367e50cb992fba8a2eea5de6d39455c76d82d87b,iroh_dial,relay,warm,13,echo_rtt,76.244,ok
367e50cb992fba8a2eea5de6d39455c76d82d87b,iroh_dial,relay,warm,13,echo_rtt,76.336,ok
367e50cb992fba8a2eea5de6d39455c76d82d87b,iroh_dial,relay,warm,13,echo_rtt,76.672,ok
367e50cb992fba8a2eea5de6d39455c76d82d87b,iroh_dial,relay,warm,13,echo_rtt,76.287,ok
367e50cb992fba8a2eea5de6d39455c76d82d87b,iroh_dial,relay,warm,13,echo_rtt,76.140,ok
367e50cb992fba8a2eea5de6d39455c76d82d87b,iroh_dial,relay,warm,13,echo_rtt,76.135,ok
367e50cb992fba8a2eea5de6d39455c76d82d87b,iroh_dial,relay,warm,13,echo_rtt,76.130,ok
367e50cb992fba8a2eea5de6d39455c76d82d87b,iroh_dial,relay,warm,13,echo_rtt,76.196,ok
367e50cb992fba8a2eea5de6d39455c76d82d87b,iroh_dial,relay,warm,13,echo_rtt,76.302,ok
367e50cb992fba8a2eea5de6d39455c76d82d87b,iroh_dial,relay,warm,14,address_lookup,0.102,ok
367e50cb992fba8a2eea5de6d39455c76d82d87b,iroh_dial,relay,warm,14,dial_handshake,76.547,ok
367e50cb992fba8a2eea5de6d39455c76d82d87b,iroh_dial,relay,warm,14,stream_open,90.218,ok
367e50cb992fba8a2eea5de6d39455c76d82d87b,iroh_dial,relay,warm,14,echo_rtt,76.180,ok
367e50cb992fba8a2eea5de6d39455c76d82d87b,iroh_dial,relay,warm,14,echo_rtt,76.177,ok
367e50cb992fba8a2eea5de6d39455c76d82d87b,iroh_dial,relay,warm,14,echo_rtt,76.115,ok
367e50cb992fba8a2eea5de6d39455c76d82d87b,iroh_dial,relay,warm,14,echo_rtt,76.973,ok
367e50cb992fba8a2eea5de6d39455c76d82d87b,iroh_dial,relay,warm,14,echo_rtt,76.187,ok
367e50cb992fba8a2eea5de6d39455c76d82d87b,iroh_dial,relay,warm,14,echo_rtt,76.223,ok
367e50cb992fba8a2eea5de6d39455c76d82d87b,iroh_dial,relay,warm,14,echo_rtt,76.254,ok
367e50cb992fba8a2eea5de6d39455c76d82d87b,iroh_dial,relay,warm,14,echo_rtt,76.188,ok
367e50cb992fba8a2eea5de6d39455c76d82d87b,iroh_dial,relay,warm,14,echo_rtt,76.141,ok
367e50cb992fba8a2eea5de6d39455c76d82d87b,iroh_dial,relay,warm,14,echo_rtt,76.141,ok
367e50cb992fba8a2eea5de6d39455c76d82d87b,iroh_dial,relay,warm,14,echo_rtt,76.260,ok
367e50cb992fba8a2eea5de6d39455c76d82d87b,iroh_dial,relay,warm,14,echo_rtt,76.271,ok
367e50cb992fba8a2eea5de6d39455c76d82d87b,iroh_dial,relay,warm,14,echo_rtt,76.155,ok
367e50cb992fba8a2eea5de6d39455c76d82d87b,iroh_dial,relay,warm,14,echo_rtt,76.451,ok
367e50cb992fba8a2eea5de6d39455c76d82d87b,iroh_dial,relay,warm,14,echo_rtt,76.119,ok
367e50cb992fba8a2eea5de6d39455c76d82d87b,iroh_dial,relay,warm,14,echo_rtt,76.064,ok
367e50cb992fba8a2eea5de6d39455c76d82d87b,iroh_dial,relay,warm,14,echo_rtt,76.129,ok
367e50cb992fba8a2eea5de6d39455c76d82d87b,iroh_dial,relay,warm,14,echo_rtt,76.137,ok
367e50cb992fba8a2eea5de6d39455c76d82d87b,iroh_dial,relay,warm,14,echo_rtt,76.167,ok
367e50cb992fba8a2eea5de6d39455c76d82d87b,iroh_dial,relay,warm,14,echo_rtt,76.153,ok
367e50cb992fba8a2eea5de6d39455c76d82d87b,iroh_dial,relay,warm,15,address_lookup,0.093,ok
367e50cb992fba8a2eea5de6d39455c76d82d87b,iroh_dial,relay,warm,15,dial_handshake,76.579,ok
367e50cb992fba8a2eea5de6d39455c76d82d87b,iroh_dial,relay,warm,15,stream_open,89.243,ok
367e50cb992fba8a2eea5de6d39455c76d82d87b,iroh_dial,relay,warm,15,echo_rtt,76.546,ok
367e50cb992fba8a2eea5de6d39455c76d82d87b,iroh_dial,relay,warm,15,echo_rtt,76.168,ok
367e50cb992fba8a2eea5de6d39455c76d82d87b,iroh_dial,relay,warm,15,echo_rtt,76.204,ok
367e50cb992fba8a2eea5de6d39455c76d82d87b,iroh_dial,relay,warm,15,echo_rtt,76.246,ok
367e50cb992fba8a2eea5de6d39455c76d82d87b,iroh_dial,relay,warm,15,echo_rtt,76.232,ok
367e50cb992fba8a2eea5de6d39455c76d82d87b,iroh_dial,relay,warm,15,echo_rtt,76.167,ok
367e50cb992fba8a2eea5de6d39455c76d82d87b,iroh_dial,relay,warm,15,echo_rtt,76.111,ok
367e50cb992fba8a2eea5de6d39455c76d82d87b,iroh_dial,relay,warm,15,echo_rtt,76.127,ok
367e50cb992fba8a2eea5de6d39455c76d82d87b,iroh_dial,relay,warm,15,echo_rtt,76.129,ok
367e50cb992fba8a2eea5de6d39455c76d82d87b,iroh_dial,relay,warm,15,echo_rtt,76.140,ok
367e50cb992fba8a2eea5de6d39455c76d82d87b,iroh_dial,relay,warm,15,echo_rtt,76.194,ok
367e50cb992fba8a2eea5de6d39455c76d82d87b,iroh_dial,relay,warm,15,echo_rtt,76.649,ok
367e50cb992fba8a2eea5de6d39455c76d82d87b,iroh_dial,relay,warm,15,echo_rtt,76.219,ok
367e50cb992fba8a2eea5de6d39455c76d82d87b,iroh_dial,relay,warm,15,echo_rtt,77.576,ok
367e50cb992fba8a2eea5de6d39455c76d82d87b,iroh_dial,relay,warm,15,echo_rtt,76.258,ok
367e50cb992fba8a2eea5de6d39455c76d82d87b,iroh_dial,relay,warm,15,echo_rtt,76.182,ok
367e50cb992fba8a2eea5de6d39455c76d82d87b,iroh_dial,relay,warm,15,echo_rtt,76.335,ok
367e50cb992fba8a2eea5de6d39455c76d82d87b,iroh_dial,relay,warm,15,echo_rtt,76.198,ok
367e50cb992fba8a2eea5de6d39455c76d82d87b,iroh_dial,relay,warm,15,echo_rtt,76.210,ok
367e50cb992fba8a2eea5de6d39455c76d82d87b,iroh_dial,relay,warm,15,echo_rtt,76.313,ok
367e50cb992fba8a2eea5de6d39455c76d82d87b,iroh_dial,relay,warm,16,address_lookup,0.095,ok
367e50cb992fba8a2eea5de6d39455c76d82d87b,iroh_dial,relay,warm,16,dial_handshake,76.550,ok
367e50cb992fba8a2eea5de6d39455c76d82d87b,iroh_dial,relay,warm,16,stream_open,89.178,ok
367e50cb992fba8a2eea5de6d39455c76d82d87b,iroh_dial,relay,warm,16,echo_rtt,76.336,ok
367e50cb992fba8a2eea5de6d39455c76d82d87b,iroh_dial,relay,warm,16,echo_rtt,76.263,ok
367e50cb992fba8a2eea5de6d39455c76d82d87b,iroh_dial,relay,warm,16,echo_rtt,76.212,ok
367e50cb992fba8a2eea5de6d39455c76d82d87b,iroh_dial,relay,warm,16,echo_rtt,76.808,ok
367e50cb992fba8a2eea5de6d39455c76d82d87b,iroh_dial,relay,warm,16,echo_rtt,76.198,ok
367e50cb992fba8a2eea5de6d39455c76d82d87b,iroh_dial,relay,warm,16,echo_rtt,76.160,ok
367e50cb992fba8a2eea5de6d39455c76d82d87b,iroh_dial,relay,warm,16,echo_rtt,76.248,ok
367e50cb992fba8a2eea5de6d39455c76d82d87b,iroh_dial,relay,warm,16,echo_rtt,76.322,ok
367e50cb992fba8a2eea5de6d39455c76d82d87b,iroh_dial,relay,warm,16,echo_rtt,76.310,ok
367e50cb992fba8a2eea5de6d39455c76d82d87b,iroh_dial,relay,warm,16,echo_rtt,76.172,ok
367e50cb992fba8a2eea5de6d39455c76d82d87b,iroh_dial,relay,warm,16,echo_rtt,76.260,ok
367e50cb992fba8a2eea5de6d39455c76d82d87b,iroh_dial,relay,warm,16,echo_rtt,76.232,ok
367e50cb992fba8a2eea5de6d39455c76d82d87b,iroh_dial,relay,warm,16,echo_rtt,76.346,ok
367e50cb992fba8a2eea5de6d39455c76d82d87b,iroh_dial,relay,warm,16,echo_rtt,76.320,ok
367e50cb992fba8a2eea5de6d39455c76d82d87b,iroh_dial,relay,warm,16,echo_rtt,76.255,ok
367e50cb992fba8a2eea5de6d39455c76d82d87b,iroh_dial,relay,warm,16,echo_rtt,76.161,ok
367e50cb992fba8a2eea5de6d39455c76d82d87b,iroh_dial,relay,warm,16,echo_rtt,76.180,ok
367e50cb992fba8a2eea5de6d39455c76d82d87b,iroh_dial,relay,warm,16,echo_rtt,76.267,ok
367e50cb992fba8a2eea5de6d39455c76d82d87b,iroh_dial,relay,warm,16,echo_rtt,76.224,ok
367e50cb992fba8a2eea5de6d39455c76d82d87b,iroh_dial,relay,warm,16,echo_rtt,76.218,ok
367e50cb992fba8a2eea5de6d39455c76d82d87b,iroh_dial,relay,warm,17,address_lookup,0.096,ok
367e50cb992fba8a2eea5de6d39455c76d82d87b,iroh_dial,relay,warm,17,dial_handshake,76.571,ok
367e50cb992fba8a2eea5de6d39455c76d82d87b,iroh_dial,relay,warm,17,stream_open,90.352,ok
367e50cb992fba8a2eea5de6d39455c76d82d87b,iroh_dial,relay,warm,17,echo_rtt,76.200,ok
367e50cb992fba8a2eea5de6d39455c76d82d87b,iroh_dial,relay,warm,17,echo_rtt,76.179,ok
367e50cb992fba8a2eea5de6d39455c76d82d87b,iroh_dial,relay,warm,17,echo_rtt,76.128,ok
367e50cb992fba8a2eea5de6d39455c76d82d87b,iroh_dial,relay,warm,17,echo_rtt,76.123,ok
367e50cb992fba8a2eea5de6d39455c76d82d87b,iroh_dial,relay,warm,17,echo_rtt,76.215,ok
367e50cb992fba8a2eea5de6d39455c76d82d87b,iroh_dial,relay,warm,17,echo_rtt,76.118,ok
367e50cb992fba8a2eea5de6d39455c76d82d87b,iroh_dial,relay,warm,17,echo_rtt,76.137,ok
367e50cb992fba8a2eea5de6d39455c76d82d87b,iroh_dial,relay,warm,17,echo_rtt,76.219,ok
367e50cb992fba8a2eea5de6d39455c76d82d87b,iroh_dial,relay,warm,17,echo_rtt,76.160,ok
367e50cb992fba8a2eea5de6d39455c76d82d87b,iroh_dial,relay,warm,17,echo_rtt,76.188,ok
367e50cb992fba8a2eea5de6d39455c76d82d87b,iroh_dial,relay,warm,17,echo_rtt,76.163,ok
367e50cb992fba8a2eea5de6d39455c76d82d87b,iroh_dial,relay,warm,17,echo_rtt,76.115,ok
367e50cb992fba8a2eea5de6d39455c76d82d87b,iroh_dial,relay,warm,17,echo_rtt,76.641,ok
367e50cb992fba8a2eea5de6d39455c76d82d87b,iroh_dial,relay,warm,17,echo_rtt,76.187,ok
367e50cb992fba8a2eea5de6d39455c76d82d87b,iroh_dial,relay,warm,17,echo_rtt,76.214,ok
367e50cb992fba8a2eea5de6d39455c76d82d87b,iroh_dial,relay,warm,17,echo_rtt,76.217,ok
367e50cb992fba8a2eea5de6d39455c76d82d87b,iroh_dial,relay,warm,17,echo_rtt,76.147,ok
367e50cb992fba8a2eea5de6d39455c76d82d87b,iroh_dial,relay,warm,17,echo_rtt,76.218,ok
367e50cb992fba8a2eea5de6d39455c76d82d87b,iroh_dial,relay,warm,17,echo_rtt,76.100,ok
367e50cb992fba8a2eea5de6d39455c76d82d87b,iroh_dial,relay,warm,17,echo_rtt,76.181,ok
367e50cb992fba8a2eea5de6d39455c76d82d87b,iroh_dial,relay,warm,18,address_lookup,0.096,ok
367e50cb992fba8a2eea5de6d39455c76d82d87b,iroh_dial,relay,warm,18,dial_handshake,76.556,ok
367e50cb992fba8a2eea5de6d39455c76d82d87b,iroh_dial,relay,warm,18,stream_open,90.157,ok
367e50cb992fba8a2eea5de6d39455c76d82d87b,iroh_dial,relay,warm,18,echo_rtt,76.327,ok
367e50cb992fba8a2eea5de6d39455c76d82d87b,iroh_dial,relay,warm,18,echo_rtt,76.157,ok
367e50cb992fba8a2eea5de6d39455c76d82d87b,iroh_dial,relay,warm,18,echo_rtt,76.101,ok
367e50cb992fba8a2eea5de6d39455c76d82d87b,iroh_dial,relay,warm,18,echo_rtt,76.107,ok
367e50cb992fba8a2eea5de6d39455c76d82d87b,iroh_dial,relay,warm,18,echo_rtt,76.209,ok
367e50cb992fba8a2eea5de6d39455c76d82d87b,iroh_dial,relay,warm,18,echo_rtt,76.131,ok
367e50cb992fba8a2eea5de6d39455c76d82d87b,iroh_dial,relay,warm,18,echo_rtt,76.348,ok
367e50cb992fba8a2eea5de6d39455c76d82d87b,iroh_dial,relay,warm,18,echo_rtt,76.077,ok
367e50cb992fba8a2eea5de6d39455c76d82d87b,iroh_dial,relay,warm,18,echo_rtt,77.007,ok
367e50cb992fba8a2eea5de6d39455c76d82d87b,iroh_dial,relay,warm,18,echo_rtt,76.160,ok
367e50cb992fba8a2eea5de6d39455c76d82d87b,iroh_dial,relay,warm,18,echo_rtt,76.272,ok
367e50cb992fba8a2eea5de6d39455c76d82d87b,iroh_dial,relay,warm,18,echo_rtt,76.235,ok
367e50cb992fba8a2eea5de6d39455c76d82d87b,iroh_dial,relay,warm,18,echo_rtt,76.231,ok
367e50cb992fba8a2eea5de6d39455c76d82d87b,iroh_dial,relay,warm,18,echo_rtt,76.229,ok
367e50cb992fba8a2eea5de6d39455c76d82d87b,iroh_dial,relay,warm,18,echo_rtt,76.193,ok
367e50cb992fba8a2eea5de6d39455c76d82d87b,iroh_dial,relay,warm,18,echo_rtt,76.560,ok
367e50cb992fba8a2eea5de6d39455c76d82d87b,iroh_dial,relay,warm,18,echo_rtt,76.176,ok
367e50cb992fba8a2eea5de6d39455c76d82d87b,iroh_dial,relay,warm,18,echo_rtt,76.305,ok
367e50cb992fba8a2eea5de6d39455c76d82d87b,iroh_dial,relay,warm,18,echo_rtt,76.116,ok
367e50cb992fba8a2eea5de6d39455c76d82d87b,iroh_dial,relay,warm,18,echo_rtt,76.235,ok
367e50cb992fba8a2eea5de6d39455c76d82d87b,iroh_dial,relay,warm,19,address_lookup,0.098,ok
367e50cb992fba8a2eea5de6d39455c76d82d87b,iroh_dial,relay,warm,19,dial_handshake,76.610,ok
367e50cb992fba8a2eea5de6d39455c76d82d87b,iroh_dial,relay,warm,19,stream_open,90.186,ok
367e50cb992fba8a2eea5de6d39455c76d82d87b,iroh_dial,relay,warm,19,echo_rtt,76.577,ok
367e50cb992fba8a2eea5de6d39455c76d82d87b,iroh_dial,relay,warm,19,echo_rtt,76.199,ok
367e50cb992fba8a2eea5de6d39455c76d82d87b,iroh_dial,relay,warm,19,echo_rtt,76.263,ok
367e50cb992fba8a2eea5de6d39455c76d82d87b,iroh_dial,relay,warm,19,echo_rtt,76.634,ok
367e50cb992fba8a2eea5de6d39455c76d82d87b,iroh_dial,relay,warm,19,echo_rtt,76.157,ok
367e50cb992fba8a2eea5de6d39455c76d82d87b,iroh_dial,relay,warm,19,echo_rtt,76.179,ok
367e50cb992fba8a2eea5de6d39455c76d82d87b,iroh_dial,relay,warm,19,echo_rtt,76.177,ok
367e50cb992fba8a2eea5de6d39455c76d82d87b,iroh_dial,relay,warm,19,echo_rtt,76.527,ok
367e50cb992fba8a2eea5de6d39455c76d82d87b,iroh_dial,relay,warm,19,echo_rtt,76.200,ok
367e50cb992fba8a2eea5de6d39455c76d82d87b,iroh_dial,relay,warm,19,echo_rtt,76.194,ok
367e50cb992fba8a2eea5de6d39455c76d82d87b,iroh_dial,relay,warm,19,echo_rtt,76.245,ok
367e50cb992fba8a2eea5de6d39455c76d82d87b,iroh_dial,relay,warm,19,echo_rtt,76.173,ok
367e50cb992fba8a2eea5de6d39455c76d82d87b,iroh_dial,relay,warm,19,echo_rtt,77.103,ok
367e50cb992fba8a2eea5de6d39455c76d82d87b,iroh_dial,relay,warm,19,echo_rtt,76.286,ok
367e50cb992fba8a2eea5de6d39455c76d82d87b,iroh_dial,relay,warm,19,echo_rtt,76.173,ok
367e50cb992fba8a2eea5de6d39455c76d82d87b,iroh_dial,relay,warm,19,echo_rtt,76.205,ok
367e50cb992fba8a2eea5de6d39455c76d82d87b,iroh_dial,relay,warm,19,echo_rtt,76.344,ok
367e50cb992fba8a2eea5de6d39455c76d82d87b,iroh_dial,relay,warm,19,echo_rtt,76.173,ok
367e50cb992fba8a2eea5de6d39455c76d82d87b,iroh_dial,relay,warm,19,echo_rtt,76.227,ok
367e50cb992fba8a2eea5de6d39455c76d82d87b,iroh_dial,relay,warm,19,echo_rtt,76.095,ok
367e50cb992fba8a2eea5de6d39455c76d82d87b,iroh_dial,relay,warm,20,address_lookup,0.092,ok
367e50cb992fba8a2eea5de6d39455c76d82d87b,iroh_dial,relay,warm,20,dial_handshake,76.587,ok
367e50cb992fba8a2eea5de6d39455c76d82d87b,iroh_dial,relay,warm,20,stream_open,90.169,ok
367e50cb992fba8a2eea5de6d39455c76d82d87b,iroh_dial,relay,warm,20,echo_rtt,76.611,ok
367e50cb992fba8a2eea5de6d39455c76d82d87b,iroh_dial,relay,warm,20,echo_rtt,76.308,ok
367e50cb992fba8a2eea5de6d39455c76d82d87b,iroh_dial,relay,warm,20,echo_rtt,76.142,ok
367e50cb992fba8a2eea5de6d39455c76d82d87b,iroh_dial,relay,warm,20,echo_rtt,76.204,ok
367e50cb992fba8a2eea5de6d39455c76d82d87b,iroh_dial,relay,warm,20,echo_rtt,76.238,ok
367e50cb992fba8a2eea5de6d39455c76d82d87b,iroh_dial,relay,warm,20,echo_rtt,76.266,ok
367e50cb992fba8a2eea5de6d39455c76d82d87b,iroh_dial,relay,warm,20,echo_rtt,76.420,ok
367e50cb992fba8a2eea5de6d39455c76d82d87b,iroh_dial,relay,warm,20,echo_rtt,76.276,ok
367e50cb992fba8a2eea5de6d39455c76d82d87b,iroh_dial,relay,warm,20,echo_rtt,77.134,ok
367e50cb992fba8a2eea5de6d39455c76d82d87b,iroh_dial,relay,warm,20,echo_rtt,76.447,ok
367e50cb992fba8a2eea5de6d39455c76d82d87b,iroh_dial,relay,warm,20,echo_rtt,76.159,ok
367e50cb992fba8a2eea5de6d39455c76d82d87b,iroh_dial,relay,warm,20,echo_rtt,76.482,ok
367e50cb992fba8a2eea5de6d39455c76d82d87b,iroh_dial,relay,warm,20,echo_rtt,76.247,ok
367e50cb992fba8a2eea5de6d39455c76d82d87b,iroh_dial,relay,warm,20,echo_rtt,76.616,ok
367e50cb992fba8a2eea5de6d39455c76d82d87b,iroh_dial,relay,warm,20,echo_rtt,76.283,ok
367e50cb992fba8a2eea5de6d39455c76d82d87b,iroh_dial,relay,warm,20,echo_rtt,76.146,ok
367e50cb992fba8a2eea5de6d39455c76d82d87b,iroh_dial,relay,warm,20,echo_rtt,76.105,ok
367e50cb992fba8a2eea5de6d39455c76d82d87b,iroh_dial,relay,warm,20,echo_rtt,76.212,ok
367e50cb992fba8a2eea5de6d39455c76d82d87b,iroh_dial,relay,warm,20,echo_rtt,76.191,ok
367e50cb992fba8a2eea5de6d39455c76d82d87b,iroh_dial,relay,warm,20,echo_rtt,76.194,ok
367e50cb992fba8a2eea5de6d39455c76d82d87b,seer_dial,discovery,cold,0,process_spawn,0.711,ok
367e50cb992fba8a2eea5de6d39455c76d82d87b,seer_dial,discovery,cold,0,seer_dial,332.442,ok
367e50cb992fba8a2eea5de6d39455c76d82d87b,seer_dial,discovery,cold,0,stream_open,96.145,ok
367e50cb992fba8a2eea5de6d39455c76d82d87b,seer_dial,discovery,cold,0,echo_rtt,0.054,ok
367e50cb992fba8a2eea5de6d39455c76d82d87b,seer_dial,discovery,cold,0,echo_rtt,0.034,ok
367e50cb992fba8a2eea5de6d39455c76d82d87b,seer_dial,discovery,cold,0,echo_rtt,0.045,ok
367e50cb992fba8a2eea5de6d39455c76d82d87b,seer_dial,discovery,cold,0,echo_rtt,0.042,ok
367e50cb992fba8a2eea5de6d39455c76d82d87b,seer_dial,discovery,cold,0,echo_rtt,0.048,ok
367e50cb992fba8a2eea5de6d39455c76d82d87b,seer_dial,discovery,cold,0,echo_rtt,0.036,ok
367e50cb992fba8a2eea5de6d39455c76d82d87b,seer_dial,discovery,cold,0,echo_rtt,0.047,ok
367e50cb992fba8a2eea5de6d39455c76d82d87b,seer_dial,discovery,cold,0,echo_rtt,0.036,ok
367e50cb992fba8a2eea5de6d39455c76d82d87b,seer_dial,discovery,cold,0,echo_rtt,0.045,ok
367e50cb992fba8a2eea5de6d39455c76d82d87b,seer_dial,discovery,cold,0,echo_rtt,0.035,ok
367e50cb992fba8a2eea5de6d39455c76d82d87b,seer_dial,discovery,cold,0,echo_rtt,0.059,ok
367e50cb992fba8a2eea5de6d39455c76d82d87b,seer_dial,discovery,cold,0,echo_rtt,0.036,ok
367e50cb992fba8a2eea5de6d39455c76d82d87b,seer_dial,discovery,cold,0,echo_rtt,0.047,ok
367e50cb992fba8a2eea5de6d39455c76d82d87b,seer_dial,discovery,cold,0,echo_rtt,0.034,ok
367e50cb992fba8a2eea5de6d39455c76d82d87b,seer_dial,discovery,cold,0,echo_rtt,0.046,ok
367e50cb992fba8a2eea5de6d39455c76d82d87b,seer_dial,discovery,cold,0,echo_rtt,0.034,ok
367e50cb992fba8a2eea5de6d39455c76d82d87b,seer_dial,discovery,cold,0,echo_rtt,0.041,ok
367e50cb992fba8a2eea5de6d39455c76d82d87b,seer_dial,discovery,cold,0,echo_rtt,0.031,ok
367e50cb992fba8a2eea5de6d39455c76d82d87b,seer_dial,discovery,cold,0,echo_rtt,0.043,ok
367e50cb992fba8a2eea5de6d39455c76d82d87b,seer_dial,discovery,cold,0,echo_rtt,0.036,ok
367e50cb992fba8a2eea5de6d39455c76d82d87b,seer_dial,discovery,cold,0,process_spawn,0.611,ok
367e50cb992fba8a2eea5de6d39455c76d82d87b,seer_dial,discovery,cold,0,seer_dial,197.631,ok
367e50cb992fba8a2eea5de6d39455c76d82d87b,seer_dial,discovery,cold,0,stream_open,83.730,ok
367e50cb992fba8a2eea5de6d39455c76d82d87b,seer_dial,discovery,cold,0,echo_rtt,0.078,ok
367e50cb992fba8a2eea5de6d39455c76d82d87b,seer_dial,discovery,cold,0,echo_rtt,0.109,ok
367e50cb992fba8a2eea5de6d39455c76d82d87b,seer_dial,discovery,cold,0,echo_rtt,0.049,ok
367e50cb992fba8a2eea5de6d39455c76d82d87b,seer_dial,discovery,cold,0,echo_rtt,0.031,ok
367e50cb992fba8a2eea5de6d39455c76d82d87b,seer_dial,discovery,cold,0,echo_rtt,0.041,ok
367e50cb992fba8a2eea5de6d39455c76d82d87b,seer_dial,discovery,cold,0,echo_rtt,0.031,ok
367e50cb992fba8a2eea5de6d39455c76d82d87b,seer_dial,discovery,cold,0,echo_rtt,0.047,ok
367e50cb992fba8a2eea5de6d39455c76d82d87b,seer_dial,discovery,cold,0,echo_rtt,0.036,ok
367e50cb992fba8a2eea5de6d39455c76d82d87b,seer_dial,discovery,cold,0,echo_rtt,0.045,ok
367e50cb992fba8a2eea5de6d39455c76d82d87b,seer_dial,discovery,cold,0,echo_rtt,0.034,ok
367e50cb992fba8a2eea5de6d39455c76d82d87b,seer_dial,discovery,cold,0,echo_rtt,0.042,ok
367e50cb992fba8a2eea5de6d39455c76d82d87b,seer_dial,discovery,cold,0,echo_rtt,0.033,ok
367e50cb992fba8a2eea5de6d39455c76d82d87b,seer_dial,discovery,cold,0,echo_rtt,0.042,ok
367e50cb992fba8a2eea5de6d39455c76d82d87b,seer_dial,discovery,cold,0,echo_rtt,0.038,ok
367e50cb992fba8a2eea5de6d39455c76d82d87b,seer_dial,discovery,cold,0,echo_rtt,0.044,ok
367e50cb992fba8a2eea5de6d39455c76d82d87b,seer_dial,discovery,cold,0,echo_rtt,0.032,ok
367e50cb992fba8a2eea5de6d39455c76d82d87b,seer_dial,discovery,cold,0,echo_rtt,0.040,ok
367e50cb992fba8a2eea5de6d39455c76d82d87b,seer_dial,discovery,cold,0,echo_rtt,0.034,ok
367e50cb992fba8a2eea5de6d39455c76d82d87b,seer_dial,discovery,cold,0,echo_rtt,0.040,ok
367e50cb992fba8a2eea5de6d39455c76d82d87b,seer_dial,discovery,cold,0,echo_rtt,0.038,ok
367e50cb992fba8a2eea5de6d39455c76d82d87b,seer_dial,discovery,cold,0,process_spawn,0.733,ok
367e50cb992fba8a2eea5de6d39455c76d82d87b,seer_dial,discovery,cold,0,seer_dial,204.472,ok
367e50cb992fba8a2eea5de6d39455c76d82d87b,seer_dial,discovery,cold,0,stream_open,87.701,ok
367e50cb992fba8a2eea5de6d39455c76d82d87b,seer_dial,discovery,cold,0,echo_rtt,0.133,ok
367e50cb992fba8a2eea5de6d39455c76d82d87b,seer_dial,discovery,cold,0,echo_rtt,0.067,ok
367e50cb992fba8a2eea5de6d39455c76d82d87b,seer_dial,discovery,cold,0,echo_rtt,0.049,ok
367e50cb992fba8a2eea5de6d39455c76d82d87b,seer_dial,discovery,cold,0,echo_rtt,0.034,ok
367e50cb992fba8a2eea5de6d39455c76d82d87b,seer_dial,discovery,cold,0,echo_rtt,0.045,ok
367e50cb992fba8a2eea5de6d39455c76d82d87b,seer_dial,discovery,cold,0,echo_rtt,0.036,ok
367e50cb992fba8a2eea5de6d39455c76d82d87b,seer_dial,discovery,cold,0,echo_rtt,0.046,ok
367e50cb992fba8a2eea5de6d39455c76d82d87b,seer_dial,discovery,cold,0,echo_rtt,0.034,ok
367e50cb992fba8a2eea5de6d39455c76d82d87b,seer_dial,discovery,cold,0,echo_rtt,0.045,ok
367e50cb992fba8a2eea5de6d39455c76d82d87b,seer_dial,discovery,cold,0,echo_rtt,0.035,ok
367e50cb992fba8a2eea5de6d39455c76d82d87b,seer_dial,discovery,cold,0,echo_rtt,0.047,ok
367e50cb992fba8a2eea5de6d39455c76d82d87b,seer_dial,discovery,cold,0,echo_rtt,0.039,ok
367e50cb992fba8a2eea5de6d39455c76d82d87b,seer_dial,discovery,cold,0,echo_rtt,0.041,ok
367e50cb992fba8a2eea5de6d39455c76d82d87b,seer_dial,discovery,cold,0,echo_rtt,0.032,ok
367e50cb992fba8a2eea5de6d39455c76d82d87b,seer_dial,discovery,cold,0,echo_rtt,0.039,ok
367e50cb992fba8a2eea5de6d39455c76d82d87b,seer_dial,discovery,cold,0,echo_rtt,0.036,ok
367e50cb992fba8a2eea5de6d39455c76d82d87b,seer_dial,discovery,cold,0,echo_rtt,0.035,ok
367e50cb992fba8a2eea5de6d39455c76d82d87b,seer_dial,discovery,cold,0,echo_rtt,0.036,ok
367e50cb992fba8a2eea5de6d39455c76d82d87b,seer_dial,discovery,cold,0,echo_rtt,0.035,ok
367e50cb992fba8a2eea5de6d39455c76d82d87b,seer_dial,discovery,cold,0,echo_rtt,0.039,ok
367e50cb992fba8a2eea5de6d39455c76d82d87b,seer_dial,discovery,cold,0,process_spawn,0.703,ok
367e50cb992fba8a2eea5de6d39455c76d82d87b,seer_dial,discovery,cold,0,seer_dial,204.956,ok
367e50cb992fba8a2eea5de6d39455c76d82d87b,seer_dial,discovery,cold,0,stream_open,95.598,ok
367e50cb992fba8a2eea5de6d39455c76d82d87b,seer_dial,discovery,cold,0,echo_rtt,0.057,ok
367e50cb992fba8a2eea5de6d39455c76d82d87b,seer_dial,discovery,cold,0,echo_rtt,0.046,ok
367e50cb992fba8a2eea5de6d39455c76d82d87b,seer_dial,discovery,cold,0,echo_rtt,0.046,ok
367e50cb992fba8a2eea5de6d39455c76d82d87b,seer_dial,discovery,cold,0,echo_rtt,0.044,ok
367e50cb992fba8a2eea5de6d39455c76d82d87b,seer_dial,discovery,cold,0,echo_rtt,0.043,ok
367e50cb992fba8a2eea5de6d39455c76d82d87b,seer_dial,discovery,cold,0,echo_rtt,0.043,ok
367e50cb992fba8a2eea5de6d39455c76d82d87b,seer_dial,discovery,cold,0,echo_rtt,0.042,ok
367e50cb992fba8a2eea5de6d39455c76d82d87b,seer_dial,discovery,cold,0,echo_rtt,0.042,ok
367e50cb992fba8a2eea5de6d39455c76d82d87b,seer_dial,discovery,cold,0,echo_rtt,0.041,ok
367e50cb992fba8a2eea5de6d39455c76d82d87b,seer_dial,discovery,cold,0,echo_rtt,0.042,ok
367e50cb992fba8a2eea5de6d39455c76d82d87b,seer_dial,discovery,cold,0,echo_rtt,0.042,ok
367e50cb992fba8a2eea5de6d39455c76d82d87b,seer_dial,discovery,cold,0,echo_rtt,0.043,ok
367e50cb992fba8a2eea5de6d39455c76d82d87b,seer_dial,discovery,cold,0,echo_rtt,0.042,ok
367e50cb992fba8a2eea5de6d39455c76d82d87b,seer_dial,discovery,cold,0,echo_rtt,0.044,ok
367e50cb992fba8a2eea5de6d39455c76d82d87b,seer_dial,discovery,cold,0,echo_rtt,0.042,ok
367e50cb992fba8a2eea5de6d39455c76d82d87b,seer_dial,discovery,cold,0,echo_rtt,0.049,ok
367e50cb992fba8a2eea5de6d39455c76d82d87b,seer_dial,discovery,cold,0,echo_rtt,0.037,ok
367e50cb992fba8a2eea5de6d39455c76d82d87b,seer_dial,discovery,cold,0,echo_rtt,0.047,ok
367e50cb992fba8a2eea5de6d39455c76d82d87b,seer_dial,discovery,cold,0,echo_rtt,0.037,ok
367e50cb992fba8a2eea5de6d39455c76d82d87b,seer_dial,discovery,cold,0,echo_rtt,0.046,ok
367e50cb992fba8a2eea5de6d39455c76d82d87b,seer_dial,discovery,cold,0,process_spawn,0.726,ok
367e50cb992fba8a2eea5de6d39455c76d82d87b,seer_dial,discovery,cold,0,seer_dial,197.293,ok
367e50cb992fba8a2eea5de6d39455c76d82d87b,seer_dial,discovery,cold,0,stream_open,83.877,ok
367e50cb992fba8a2eea5de6d39455c76d82d87b,seer_dial,discovery,cold,0,echo_rtt,0.200,ok
367e50cb992fba8a2eea5de6d39455c76d82d87b,seer_dial,discovery,cold,0,echo_rtt,0.046,ok
367e50cb992fba8a2eea5de6d39455c76d82d87b,seer_dial,discovery,cold,0,echo_rtt,0.048,ok
367e50cb992fba8a2eea5de6d39455c76d82d87b,seer_dial,discovery,cold,0,echo_rtt,0.036,ok
367e50cb992fba8a2eea5de6d39455c76d82d87b,seer_dial,discovery,cold,0,echo_rtt,0.050,ok
367e50cb992fba8a2eea5de6d39455c76d82d87b,seer_dial,discovery,cold,0,echo_rtt,0.035,ok
367e50cb992fba8a2eea5de6d39455c76d82d87b,seer_dial,discovery,cold,0,echo_rtt,0.059,ok
367e50cb992fba8a2eea5de6d39455c76d82d87b,seer_dial,discovery,cold,0,echo_rtt,0.041,ok
367e50cb992fba8a2eea5de6d39455c76d82d87b,seer_dial,discovery,cold,0,echo_rtt,0.047,ok
367e50cb992fba8a2eea5de6d39455c76d82d87b,seer_dial,discovery,cold,0,echo_rtt,0.038,ok
367e50cb992fba8a2eea5de6d39455c76d82d87b,seer_dial,discovery,cold,0,echo_rtt,0.063,ok
367e50cb992fba8a2eea5de6d39455c76d82d87b,seer_dial,discovery,cold,0,echo_rtt,0.037,ok
367e50cb992fba8a2eea5de6d39455c76d82d87b,seer_dial,discovery,cold,0,echo_rtt,0.044,ok
367e50cb992fba8a2eea5de6d39455c76d82d87b,seer_dial,discovery,cold,0,echo_rtt,0.032,ok
367e50cb992fba8a2eea5de6d39455c76d82d87b,seer_dial,discovery,cold,0,echo_rtt,0.040,ok
367e50cb992fba8a2eea5de6d39455c76d82d87b,seer_dial,discovery,cold,0,echo_rtt,0.031,ok
367e50cb992fba8a2eea5de6d39455c76d82d87b,seer_dial,discovery,cold,0,echo_rtt,0.040,ok
367e50cb992fba8a2eea5de6d39455c76d82d87b,seer_dial,discovery,cold,0,echo_rtt,0.032,ok
367e50cb992fba8a2eea5de6d39455c76d82d87b,seer_dial,discovery,cold,0,echo_rtt,0.040,ok
367e50cb992fba8a2eea5de6d39455c76d82d87b,seer_dial,discovery,cold,0,echo_rtt,0.031,ok
367e50cb992fba8a2eea5de6d39455c76d82d87b,seer_dial,discovery,cold,0,process_spawn,0.683,ok
367e50cb992fba8a2eea5de6d39455c76d82d87b,seer_dial,discovery,cold,0,seer_dial,200.232,ok
367e50cb992fba8a2eea5de6d39455c76d82d87b,seer_dial,discovery,cold,0,stream_open,83.953,ok
367e50cb992fba8a2eea5de6d39455c76d82d87b,seer_dial,discovery,cold,0,echo_rtt,0.195,ok
367e50cb992fba8a2eea5de6d39455c76d82d87b,seer_dial,discovery,cold,0,echo_rtt,0.064,ok
367e50cb992fba8a2eea5de6d39455c76d82d87b,seer_dial,discovery,cold,0,echo_rtt,0.051,ok
367e50cb992fba8a2eea5de6d39455c76d82d87b,seer_dial,discovery,cold,0,echo_rtt,0.050,ok
367e50cb992fba8a2eea5de6d39455c76d82d87b,seer_dial,discovery,cold,0,echo_rtt,0.046,ok
367e50cb992fba8a2eea5de6d39455c76d82d87b,seer_dial,discovery,cold,0,echo_rtt,0.056,ok
367e50cb992fba8a2eea5de6d39455c76d82d87b,seer_dial,discovery,cold,0,echo_rtt,0.047,ok
367e50cb992fba8a2eea5de6d39455c76d82d87b,seer_dial,discovery,cold,0,echo_rtt,0.045,ok
367e50cb992fba8a2eea5de6d39455c76d82d87b,seer_dial,discovery,cold,0,echo_rtt,0.043,ok
367e50cb992fba8a2eea5de6d39455c76d82d87b,seer_dial,discovery,cold,0,echo_rtt,0.042,ok
367e50cb992fba8a2eea5de6d39455c76d82d87b,seer_dial,discovery,cold,0,echo_rtt,0.043,ok
367e50cb992fba8a2eea5de6d39455c76d82d87b,seer_dial,discovery,cold,0,echo_rtt,0.044,ok
367e50cb992fba8a2eea5de6d39455c76d82d87b,seer_dial,discovery,cold,0,echo_rtt,0.043,ok
367e50cb992fba8a2eea5de6d39455c76d82d87b,seer_dial,discovery,cold,0,echo_rtt,0.043,ok
367e50cb992fba8a2eea5de6d39455c76d82d87b,seer_dial,discovery,cold,0,echo_rtt,0.042,ok
367e50cb992fba8a2eea5de6d39455c76d82d87b,seer_dial,discovery,cold,0,echo_rtt,0.041,ok
367e50cb992fba8a2eea5de6d39455c76d82d87b,seer_dial,discovery,cold,0,echo_rtt,0.042,ok
367e50cb992fba8a2eea5de6d39455c76d82d87b,seer_dial,discovery,cold,0,echo_rtt,0.042,ok
367e50cb992fba8a2eea5de6d39455c76d82d87b,seer_dial,discovery,cold,0,echo_rtt,0.048,ok
367e50cb992fba8a2eea5de6d39455c76d82d87b,seer_dial,discovery,cold,0,echo_rtt,0.038,ok
367e50cb992fba8a2eea5de6d39455c76d82d87b,seer_dial,discovery,cold,0,process_spawn,0.753,ok
367e50cb992fba8a2eea5de6d39455c76d82d87b,seer_dial,discovery,cold,0,seer_dial,196.547,ok
367e50cb992fba8a2eea5de6d39455c76d82d87b,seer_dial,discovery,cold,0,stream_open,83.601,ok
367e50cb992fba8a2eea5de6d39455c76d82d87b,seer_dial,discovery,cold,0,echo_rtt,0.109,ok
367e50cb992fba8a2eea5de6d39455c76d82d87b,seer_dial,discovery,cold,0,echo_rtt,0.071,ok
367e50cb992fba8a2eea5de6d39455c76d82d87b,seer_dial,discovery,cold,0,echo_rtt,0.047,ok
367e50cb992fba8a2eea5de6d39455c76d82d87b,seer_dial,discovery,cold,0,echo_rtt,0.035,ok
367e50cb992fba8a2eea5de6d39455c76d82d87b,seer_dial,discovery,cold,0,echo_rtt,0.047,ok
367e50cb992fba8a2eea5de6d39455c76d82d87b,seer_dial,discovery,cold,0,echo_rtt,0.036,ok
367e50cb992fba8a2eea5de6d39455c76d82d87b,seer_dial,discovery,cold,0,echo_rtt,0.044,ok
367e50cb992fba8a2eea5de6d39455c76d82d87b,seer_dial,discovery,cold,0,echo_rtt,0.035,ok
367e50cb992fba8a2eea5de6d39455c76d82d87b,seer_dial,discovery,cold,0,echo_rtt,0.043,ok
367e50cb992fba8a2eea5de6d39455c76d82d87b,seer_dial,discovery,cold,0,echo_rtt,0.036,ok
367e50cb992fba8a2eea5de6d39455c76d82d87b,seer_dial,discovery,cold,0,echo_rtt,0.044,ok
367e50cb992fba8a2eea5de6d39455c76d82d87b,seer_dial,discovery,cold,0,echo_rtt,0.035,ok
367e50cb992fba8a2eea5de6d39455c76d82d87b,seer_dial,discovery,cold,0,echo_rtt,0.043,ok
367e50cb992fba8a2eea5de6d39455c76d82d87b,seer_dial,discovery,cold,0,echo_rtt,0.048,ok
367e50cb992fba8a2eea5de6d39455c76d82d87b,seer_dial,discovery,cold,0,echo_rtt,0.056,ok
367e50cb992fba8a2eea5de6d39455c76d82d87b,seer_dial,discovery,cold,0,echo_rtt,0.035,ok
367e50cb992fba8a2eea5de6d39455c76d82d87b,seer_dial,discovery,cold,0,echo_rtt,0.043,ok
367e50cb992fba8a2eea5de6d39455c76d82d87b,seer_dial,discovery,cold,0,echo_rtt,0.032,ok
367e50cb992fba8a2eea5de6d39455c76d82d87b,seer_dial,discovery,cold,0,echo_rtt,0.041,ok
367e50cb992fba8a2eea5de6d39455c76d82d87b,seer_dial,discovery,cold,0,echo_rtt,0.032,ok
367e50cb992fba8a2eea5de6d39455c76d82d87b,seer_dial,discovery,cold,0,process_spawn,0.631,ok
367e50cb992fba8a2eea5de6d39455c76d82d87b,seer_dial,discovery,cold,0,seer_dial,194.383,ok
367e50cb992fba8a2eea5de6d39455c76d82d87b,seer_dial,discovery,cold,0,stream_open,92.834,ok
367e50cb992fba8a2eea5de6d39455c76d82d87b,seer_dial,discovery,cold,0,echo_rtt,0.050,ok
367e50cb992fba8a2eea5de6d39455c76d82d87b,seer_dial,discovery,cold,0,echo_rtt,0.040,ok
367e50cb992fba8a2eea5de6d39455c76d82d87b,seer_dial,discovery,cold,0,echo_rtt,0.038,ok
367e50cb992fba8a2eea5de6d39455c76d82d87b,seer_dial,discovery,cold,0,echo_rtt,0.037,ok
367e50cb992fba8a2eea5de6d39455c76d82d87b,seer_dial,discovery,cold,0,echo_rtt,0.035,ok
367e50cb992fba8a2eea5de6d39455c76d82d87b,seer_dial,discovery,cold,0,echo_rtt,0.036,ok
367e50cb992fba8a2eea5de6d39455c76d82d87b,seer_dial,discovery,cold,0,echo_rtt,0.045,ok
367e50cb992fba8a2eea5de6d39455c76d82d87b,seer_dial,discovery,cold,0,echo_rtt,0.046,ok
367e50cb992fba8a2eea5de6d39455c76d82d87b,seer_dial,discovery,cold,0,echo_rtt,0.037,ok
367e50cb992fba8a2eea5de6d39455c76d82d87b,seer_dial,discovery,cold,0,echo_rtt,0.037,ok
367e50cb992fba8a2eea5de6d39455c76d82d87b,seer_dial,discovery,cold,0,echo_rtt,0.036,ok
367e50cb992fba8a2eea5de6d39455c76d82d87b,seer_dial,discovery,cold,0,echo_rtt,0.036,ok
367e50cb992fba8a2eea5de6d39455c76d82d87b,seer_dial,discovery,cold,0,echo_rtt,0.036,ok
367e50cb992fba8a2eea5de6d39455c76d82d87b,seer_dial,discovery,cold,0,echo_rtt,0.036,ok
367e50cb992fba8a2eea5de6d39455c76d82d87b,seer_dial,discovery,cold,0,echo_rtt,0.036,ok
367e50cb992fba8a2eea5de6d39455c76d82d87b,seer_dial,discovery,cold,0,echo_rtt,0.071,ok
367e50cb992fba8a2eea5de6d39455c76d82d87b,seer_dial,discovery,cold,0,echo_rtt,0.038,ok
367e50cb992fba8a2eea5de6d39455c76d82d87b,seer_dial,discovery,cold,0,echo_rtt,0.041,ok
367e50cb992fba8a2eea5de6d39455c76d82d87b,seer_dial,discovery,cold,0,echo_rtt,0.039,ok
367e50cb992fba8a2eea5de6d39455c76d82d87b,seer_dial,discovery,cold,0,echo_rtt,0.048,ok
367e50cb992fba8a2eea5de6d39455c76d82d87b,seer_dial,discovery,cold,0,process_spawn,0.635,ok
367e50cb992fba8a2eea5de6d39455c76d82d87b,seer_dial,discovery,cold,0,seer_dial,204.270,ok
367e50cb992fba8a2eea5de6d39455c76d82d87b,seer_dial,discovery,cold,0,stream_open,85.752,ok
367e50cb992fba8a2eea5de6d39455c76d82d87b,seer_dial,discovery,cold,0,echo_rtt,0.162,ok
367e50cb992fba8a2eea5de6d39455c76d82d87b,seer_dial,discovery,cold,0,echo_rtt,0.060,ok
367e50cb992fba8a2eea5de6d39455c76d82d87b,seer_dial,discovery,cold,0,echo_rtt,0.044,ok
367e50cb992fba8a2eea5de6d39455c76d82d87b,seer_dial,discovery,cold,0,echo_rtt,0.040,ok
367e50cb992fba8a2eea5de6d39455c76d82d87b,seer_dial,discovery,cold,0,echo_rtt,0.040,ok
367e50cb992fba8a2eea5de6d39455c76d82d87b,seer_dial,discovery,cold,0,echo_rtt,0.041,ok
367e50cb992fba8a2eea5de6d39455c76d82d87b,seer_dial,discovery,cold,0,echo_rtt,0.047,ok
367e50cb992fba8a2eea5de6d39455c76d82d87b,seer_dial,discovery,cold,0,echo_rtt,0.042,ok
367e50cb992fba8a2eea5de6d39455c76d82d87b,seer_dial,discovery,cold,0,echo_rtt,0.043,ok
367e50cb992fba8a2eea5de6d39455c76d82d87b,seer_dial,discovery,cold,0,echo_rtt,0.040,ok
367e50cb992fba8a2eea5de6d39455c76d82d87b,seer_dial,discovery,cold,0,echo_rtt,0.041,ok
367e50cb992fba8a2eea5de6d39455c76d82d87b,seer_dial,discovery,cold,0,echo_rtt,0.038,ok
367e50cb992fba8a2eea5de6d39455c76d82d87b,seer_dial,discovery,cold,0,echo_rtt,0.041,ok
367e50cb992fba8a2eea5de6d39455c76d82d87b,seer_dial,discovery,cold,0,echo_rtt,0.038,ok
367e50cb992fba8a2eea5de6d39455c76d82d87b,seer_dial,discovery,cold,0,echo_rtt,0.050,ok
367e50cb992fba8a2eea5de6d39455c76d82d87b,seer_dial,discovery,cold,0,echo_rtt,0.039,ok
367e50cb992fba8a2eea5de6d39455c76d82d87b,seer_dial,discovery,cold,0,echo_rtt,0.038,ok
367e50cb992fba8a2eea5de6d39455c76d82d87b,seer_dial,discovery,cold,0,echo_rtt,0.036,ok
367e50cb992fba8a2eea5de6d39455c76d82d87b,seer_dial,discovery,cold,0,echo_rtt,0.035,ok
367e50cb992fba8a2eea5de6d39455c76d82d87b,seer_dial,discovery,cold,0,echo_rtt,0.035,ok
367e50cb992fba8a2eea5de6d39455c76d82d87b,seer_dial,discovery,cold,0,process_spawn,0.610,ok
367e50cb992fba8a2eea5de6d39455c76d82d87b,seer_dial,discovery,cold,0,seer_dial,203.927,ok
367e50cb992fba8a2eea5de6d39455c76d82d87b,seer_dial,discovery,cold,0,stream_open,96.211,ok
367e50cb992fba8a2eea5de6d39455c76d82d87b,seer_dial,discovery,cold,0,echo_rtt,0.058,ok
367e50cb992fba8a2eea5de6d39455c76d82d87b,seer_dial,discovery,cold,0,echo_rtt,0.041,ok
367e50cb992fba8a2eea5de6d39455c76d82d87b,seer_dial,discovery,cold,0,echo_rtt,0.038,ok
367e50cb992fba8a2eea5de6d39455c76d82d87b,seer_dial,discovery,cold,0,echo_rtt,0.036,ok
367e50cb992fba8a2eea5de6d39455c76d82d87b,seer_dial,discovery,cold,0,echo_rtt,0.037,ok
367e50cb992fba8a2eea5de6d39455c76d82d87b,seer_dial,discovery,cold,0,echo_rtt,0.036,ok
367e50cb992fba8a2eea5de6d39455c76d82d87b,seer_dial,discovery,cold,0,echo_rtt,0.036,ok
367e50cb992fba8a2eea5de6d39455c76d82d87b,seer_dial,discovery,cold,0,echo_rtt,0.036,ok
367e50cb992fba8a2eea5de6d39455c76d82d87b,seer_dial,discovery,cold,0,echo_rtt,0.036,ok
367e50cb992fba8a2eea5de6d39455c76d82d87b,seer_dial,discovery,cold,0,echo_rtt,0.041,ok
367e50cb992fba8a2eea5de6d39455c76d82d87b,seer_dial,discovery,cold,0,echo_rtt,0.031,ok
367e50cb992fba8a2eea5de6d39455c76d82d87b,seer_dial,discovery,cold,0,echo_rtt,0.040,ok
367e50cb992fba8a2eea5de6d39455c76d82d87b,seer_dial,discovery,cold,0,echo_rtt,0.031,ok
367e50cb992fba8a2eea5de6d39455c76d82d87b,seer_dial,discovery,cold,0,echo_rtt,0.041,ok
367e50cb992fba8a2eea5de6d39455c76d82d87b,seer_dial,discovery,cold,0,echo_rtt,0.031,ok
367e50cb992fba8a2eea5de6d39455c76d82d87b,seer_dial,discovery,cold,0,echo_rtt,0.041,ok
367e50cb992fba8a2eea5de6d39455c76d82d87b,seer_dial,discovery,cold,0,echo_rtt,0.031,ok
367e50cb992fba8a2eea5de6d39455c76d82d87b,seer_dial,discovery,cold,0,echo_rtt,0.041,ok
367e50cb992fba8a2eea5de6d39455c76d82d87b,seer_dial,discovery,cold,0,echo_rtt,0.043,ok
367e50cb992fba8a2eea5de6d39455c76d82d87b,seer_dial,discovery,cold,0,echo_rtt,0.048,ok
367e50cb992fba8a2eea5de6d39455c76d82d87b,seer_dial,discovery,cold,0,process_spawn,0.625,ok
367e50cb992fba8a2eea5de6d39455c76d82d87b,seer_dial,discovery,cold,0,seer_dial,198.321,ok
367e50cb992fba8a2eea5de6d39455c76d82d87b,seer_dial,discovery,cold,0,stream_open,83.693,ok
367e50cb992fba8a2eea5de6d39455c76d82d87b,seer_dial,discovery,cold,0,echo_rtt,0.127,ok
367e50cb992fba8a2eea5de6d39455c76d82d87b,seer_dial,discovery,cold,0,echo_rtt,0.054,ok
367e50cb992fba8a2eea5de6d39455c76d82d87b,seer_dial,discovery,cold,0,echo_rtt,0.043,ok
367e50cb992fba8a2eea5de6d39455c76d82d87b,seer_dial,discovery,cold,0,echo_rtt,0.032,ok
367e50cb992fba8a2eea5de6d39455c76d82d87b,seer_dial,discovery,cold,0,echo_rtt,0.040,ok
367e50cb992fba8a2eea5de6d39455c76d82d87b,seer_dial,discovery,cold,0,echo_rtt,0.030,ok
367e50cb992fba8a2eea5de6d39455c76d82d87b,seer_dial,discovery,cold,0,echo_rtt,0.040,ok
367e50cb992fba8a2eea5de6d39455c76d82d87b,seer_dial,discovery,cold,0,echo_rtt,0.031,ok
367e50cb992fba8a2eea5de6d39455c76d82d87b,seer_dial,discovery,cold,0,echo_rtt,0.039,ok
367e50cb992fba8a2eea5de6d39455c76d82d87b,seer_dial,discovery,cold,0,echo_rtt,0.032,ok
367e50cb992fba8a2eea5de6d39455c76d82d87b,seer_dial,discovery,cold,0,echo_rtt,0.040,ok
367e50cb992fba8a2eea5de6d39455c76d82d87b,seer_dial,discovery,cold,0,echo_rtt,0.031,ok
367e50cb992fba8a2eea5de6d39455c76d82d87b,seer_dial,discovery,cold,0,echo_rtt,0.039,ok
367e50cb992fba8a2eea5de6d39455c76d82d87b,seer_dial,discovery,cold,0,echo_rtt,0.031,ok
367e50cb992fba8a2eea5de6d39455c76d82d87b,seer_dial,discovery,cold,0,echo_rtt,0.039,ok
367e50cb992fba8a2eea5de6d39455c76d82d87b,seer_dial,discovery,cold,0,echo_rtt,0.031,ok
367e50cb992fba8a2eea5de6d39455c76d82d87b,seer_dial,discovery,cold,0,echo_rtt,0.039,ok
367e50cb992fba8a2eea5de6d39455c76d82d87b,seer_dial,discovery,cold,0,echo_rtt,0.030,ok
367e50cb992fba8a2eea5de6d39455c76d82d87b,seer_dial,discovery,cold,0,echo_rtt,0.040,ok
367e50cb992fba8a2eea5de6d39455c76d82d87b,seer_dial,discovery,cold,0,echo_rtt,0.031,ok
367e50cb992fba8a2eea5de6d39455c76d82d87b,seer_dial,discovery,cold,0,process_spawn,0.722,ok
367e50cb992fba8a2eea5de6d39455c76d82d87b,seer_dial,discovery,cold,0,seer_dial,204.309,ok
367e50cb992fba8a2eea5de6d39455c76d82d87b,seer_dial,discovery,cold,0,stream_open,97.205,ok
367e50cb992fba8a2eea5de6d39455c76d82d87b,seer_dial,discovery,cold,0,echo_rtt,0.067,ok
367e50cb992fba8a2eea5de6d39455c76d82d87b,seer_dial,discovery,cold,0,echo_rtt,0.040,ok
367e50cb992fba8a2eea5de6d39455c76d82d87b,seer_dial,discovery,cold,0,echo_rtt,0.046,ok
367e50cb992fba8a2eea5de6d39455c76d82d87b,seer_dial,discovery,cold,0,echo_rtt,0.035,ok
367e50cb992fba8a2eea5de6d39455c76d82d87b,seer_dial,discovery,cold,0,echo_rtt,0.045,ok
367e50cb992fba8a2eea5de6d39455c76d82d87b,seer_dial,discovery,cold,0,echo_rtt,0.034,ok
367e50cb992fba8a2eea5de6d39455c76d82d87b,seer_dial,discovery,cold,0,echo_rtt,0.044,ok
367e50cb992fba8a2eea5de6d39455c76d82d87b,seer_dial,discovery,cold,0,echo_rtt,0.036,ok
367e50cb992fba8a2eea5de6d39455c76d82d87b,seer_dial,discovery,cold,0,echo_rtt,0.046,ok
367e50cb992fba8a2eea5de6d39455c76d82d87b,seer_dial,discovery,cold,0,echo_rtt,0.035,ok
367e50cb992fba8a2eea5de6d39455c76d82d87b,seer_dial,discovery,cold,0,echo_rtt,0.044,ok
367e50cb992fba8a2eea5de6d39455c76d82d87b,seer_dial,discovery,cold,0,echo_rtt,0.037,ok
367e50cb992fba8a2eea5de6d39455c76d82d87b,seer_dial,discovery,cold,0,echo_rtt,0.043,ok
367e50cb992fba8a2eea5de6d39455c76d82d87b,seer_dial,discovery,cold,0,echo_rtt,0.035,ok
367e50cb992fba8a2eea5de6d39455c76d82d87b,seer_dial,discovery,cold,0,echo_rtt,0.043,ok
367e50cb992fba8a2eea5de6d39455c76d82d87b,seer_dial,discovery,cold,0,echo_rtt,0.033,ok
367e50cb992fba8a2eea5de6d39455c76d82d87b,seer_dial,discovery,cold,0,echo_rtt,0.041,ok
367e50cb992fba8a2eea5de6d39455c76d82d87b,seer_dial,discovery,cold,0,echo_rtt,0.031,ok
367e50cb992fba8a2eea5de6d39455c76d82d87b,seer_dial,discovery,cold,0,echo_rtt,0.040,ok
367e50cb992fba8a2eea5de6d39455c76d82d87b,seer_dial,discovery,cold,0,echo_rtt,0.031,ok
367e50cb992fba8a2eea5de6d39455c76d82d87b,seer_dial,discovery,cold,0,process_spawn,0.736,ok
367e50cb992fba8a2eea5de6d39455c76d82d87b,seer_dial,discovery,cold,0,seer_dial,196.341,ok
367e50cb992fba8a2eea5de6d39455c76d82d87b,seer_dial,discovery,cold,0,stream_open,93.344,ok
367e50cb992fba8a2eea5de6d39455c76d82d87b,seer_dial,discovery,cold,0,echo_rtt,0.051,ok
367e50cb992fba8a2eea5de6d39455c76d82d87b,seer_dial,discovery,cold,0,echo_rtt,0.040,ok
367e50cb992fba8a2eea5de6d39455c76d82d87b,seer_dial,discovery,cold,0,echo_rtt,0.039,ok
367e50cb992fba8a2eea5de6d39455c76d82d87b,seer_dial,discovery,cold,0,echo_rtt,0.037,ok
367e50cb992fba8a2eea5de6d39455c76d82d87b,seer_dial,discovery,cold,0,echo_rtt,0.037,ok
367e50cb992fba8a2eea5de6d39455c76d82d87b,seer_dial,discovery,cold,0,echo_rtt,0.035,ok
367e50cb992fba8a2eea5de6d39455c76d82d87b,seer_dial,discovery,cold,0,echo_rtt,0.036,ok
367e50cb992fba8a2eea5de6d39455c76d82d87b,seer_dial,discovery,cold,0,echo_rtt,0.035,ok
367e50cb992fba8a2eea5de6d39455c76d82d87b,seer_dial,discovery,cold,0,echo_rtt,0.035,ok
367e50cb992fba8a2eea5de6d39455c76d82d87b,seer_dial,discovery,cold,0,echo_rtt,0.036,ok
367e50cb992fba8a2eea5de6d39455c76d82d87b,seer_dial,discovery,cold,0,echo_rtt,0.036,ok
367e50cb992fba8a2eea5de6d39455c76d82d87b,seer_dial,discovery,cold,0,echo_rtt,0.036,ok
367e50cb992fba8a2eea5de6d39455c76d82d87b,seer_dial,discovery,cold,0,echo_rtt,0.038,ok
367e50cb992fba8a2eea5de6d39455c76d82d87b,seer_dial,discovery,cold,0,echo_rtt,0.035,ok
367e50cb992fba8a2eea5de6d39455c76d82d87b,seer_dial,discovery,cold,0,echo_rtt,0.035,ok
367e50cb992fba8a2eea5de6d39455c76d82d87b,seer_dial,discovery,cold,0,echo_rtt,0.037,ok
367e50cb992fba8a2eea5de6d39455c76d82d87b,seer_dial,discovery,cold,0,echo_rtt,0.036,ok
367e50cb992fba8a2eea5de6d39455c76d82d87b,seer_dial,discovery,cold,0,echo_rtt,0.036,ok
367e50cb992fba8a2eea5de6d39455c76d82d87b,seer_dial,discovery,cold,0,echo_rtt,0.035,ok
367e50cb992fba8a2eea5de6d39455c76d82d87b,seer_dial,discovery,cold,0,echo_rtt,0.036,ok
367e50cb992fba8a2eea5de6d39455c76d82d87b,seer_dial,discovery,cold,0,process_spawn,0.719,ok
367e50cb992fba8a2eea5de6d39455c76d82d87b,seer_dial,discovery,cold,0,seer_dial,199.469,ok
367e50cb992fba8a2eea5de6d39455c76d82d87b,seer_dial,discovery,cold,0,stream_open,93.966,ok
367e50cb992fba8a2eea5de6d39455c76d82d87b,seer_dial,discovery,cold,0,echo_rtt,0.054,ok
367e50cb992fba8a2eea5de6d39455c76d82d87b,seer_dial,discovery,cold,0,echo_rtt,0.065,ok
367e50cb992fba8a2eea5de6d39455c76d82d87b,seer_dial,discovery,cold,0,echo_rtt,0.038,ok
367e50cb992fba8a2eea5de6d39455c76d82d87b,seer_dial,discovery,cold,0,echo_rtt,0.051,ok
367e50cb992fba8a2eea5de6d39455c76d82d87b,seer_dial,discovery,cold,0,echo_rtt,0.038,ok
367e50cb992fba8a2eea5de6d39455c76d82d87b,seer_dial,discovery,cold,0,echo_rtt,0.052,ok
367e50cb992fba8a2eea5de6d39455c76d82d87b,seer_dial,discovery,cold,0,echo_rtt,0.037,ok
367e50cb992fba8a2eea5de6d39455c76d82d87b,seer_dial,discovery,cold,0,echo_rtt,0.057,ok
367e50cb992fba8a2eea5de6d39455c76d82d87b,seer_dial,discovery,cold,0,echo_rtt,0.038,ok
367e50cb992fba8a2eea5de6d39455c76d82d87b,seer_dial,discovery,cold,0,echo_rtt,0.048,ok
367e50cb992fba8a2eea5de6d39455c76d82d87b,seer_dial,discovery,cold,0,echo_rtt,0.043,ok
367e50cb992fba8a2eea5de6d39455c76d82d87b,seer_dial,discovery,cold,0,echo_rtt,0.050,ok
367e50cb992fba8a2eea5de6d39455c76d82d87b,seer_dial,discovery,cold,0,echo_rtt,0.038,ok
367e50cb992fba8a2eea5de6d39455c76d82d87b,seer_dial,discovery,cold,0,echo_rtt,0.049,ok
367e50cb992fba8a2eea5de6d39455c76d82d87b,seer_dial,discovery,cold,0,echo_rtt,0.043,ok
367e50cb992fba8a2eea5de6d39455c76d82d87b,seer_dial,discovery,cold,0,echo_rtt,0.047,ok
367e50cb992fba8a2eea5de6d39455c76d82d87b,seer_dial,discovery,cold,0,echo_rtt,0.044,ok
367e50cb992fba8a2eea5de6d39455c76d82d87b,seer_dial,discovery,cold,0,echo_rtt,0.044,ok
367e50cb992fba8a2eea5de6d39455c76d82d87b,seer_dial,discovery,cold,0,echo_rtt,0.042,ok
367e50cb992fba8a2eea5de6d39455c76d82d87b,seer_dial,discovery,cold,0,echo_rtt,0.043,ok
367e50cb992fba8a2eea5de6d39455c76d82d87b,seer_dial,discovery,cold,0,process_spawn,0.724,ok
367e50cb992fba8a2eea5de6d39455c76d82d87b,seer_dial,discovery,cold,0,seer_dial,196.251,ok
367e50cb992fba8a2eea5de6d39455c76d82d87b,seer_dial,discovery,cold,0,stream_open,83.603,ok
367e50cb992fba8a2eea5de6d39455c76d82d87b,seer_dial,discovery,cold,0,echo_rtt,0.122,ok
367e50cb992fba8a2eea5de6d39455c76d82d87b,seer_dial,discovery,cold,0,echo_rtt,0.068,ok
367e50cb992fba8a2eea5de6d39455c76d82d87b,seer_dial,discovery,cold,0,echo_rtt,0.048,ok
367e50cb992fba8a2eea5de6d39455c76d82d87b,seer_dial,discovery,cold,0,echo_rtt,0.036,ok
367e50cb992fba8a2eea5de6d39455c76d82d87b,seer_dial,discovery,cold,0,echo_rtt,0.046,ok
367e50cb992fba8a2eea5de6d39455c76d82d87b,seer_dial,discovery,cold,0,echo_rtt,0.036,ok
367e50cb992fba8a2eea5de6d39455c76d82d87b,seer_dial,discovery,cold,0,echo_rtt,0.042,ok
367e50cb992fba8a2eea5de6d39455c76d82d87b,seer_dial,discovery,cold,0,echo_rtt,0.032,ok
367e50cb992fba8a2eea5de6d39455c76d82d87b,seer_dial,discovery,cold,0,echo_rtt,0.044,ok
367e50cb992fba8a2eea5de6d39455c76d82d87b,seer_dial,discovery,cold,0,echo_rtt,0.031,ok
367e50cb992fba8a2eea5de6d39455c76d82d87b,seer_dial,discovery,cold,0,echo_rtt,0.040,ok
367e50cb992fba8a2eea5de6d39455c76d82d87b,seer_dial,discovery,cold,0,echo_rtt,0.031,ok
367e50cb992fba8a2eea5de6d39455c76d82d87b,seer_dial,discovery,cold,0,echo_rtt,0.040,ok
367e50cb992fba8a2eea5de6d39455c76d82d87b,seer_dial,discovery,cold,0,echo_rtt,0.036,ok
367e50cb992fba8a2eea5de6d39455c76d82d87b,seer_dial,discovery,cold,0,echo_rtt,0.036,ok
367e50cb992fba8a2eea5de6d39455c76d82d87b,seer_dial,discovery,cold,0,echo_rtt,0.037,ok
367e50cb992fba8a2eea5de6d39455c76d82d87b,seer_dial,discovery,cold,0,echo_rtt,0.036,ok
367e50cb992fba8a2eea5de6d39455c76d82d87b,seer_dial,discovery,cold,0,echo_rtt,0.035,ok
367e50cb992fba8a2eea5de6d39455c76d82d87b,seer_dial,discovery,cold,0,echo_rtt,0.044,ok
367e50cb992fba8a2eea5de6d39455c76d82d87b,seer_dial,discovery,cold,0,echo_rtt,0.043,ok
367e50cb992fba8a2eea5de6d39455c76d82d87b,seer_dial,discovery,cold,0,process_spawn,0.643,ok
367e50cb992fba8a2eea5de6d39455c76d82d87b,seer_dial,discovery,cold,0,seer_dial,204.779,ok
367e50cb992fba8a2eea5de6d39455c76d82d87b,seer_dial,discovery,cold,0,stream_open,86.686,ok
367e50cb992fba8a2eea5de6d39455c76d82d87b,seer_dial,discovery,cold,0,echo_rtt,0.177,ok
367e50cb992fba8a2eea5de6d39455c76d82d87b,seer_dial,discovery,cold,0,echo_rtt,0.048,ok
367e50cb992fba8a2eea5de6d39455c76d82d87b,seer_dial,discovery,cold,0,echo_rtt,0.042,ok
367e50cb992fba8a2eea5de6d39455c76d82d87b,seer_dial,discovery,cold,0,echo_rtt,0.041,ok
367e50cb992fba8a2eea5de6d39455c76d82d87b,seer_dial,discovery,cold,0,echo_rtt,0.038,ok
367e50cb992fba8a2eea5de6d39455c76d82d87b,seer_dial,discovery,cold,0,echo_rtt,0.037,ok
367e50cb992fba8a2eea5de6d39455c76d82d87b,seer_dial,discovery,cold,0,echo_rtt,0.036,ok
367e50cb992fba8a2eea5de6d39455c76d82d87b,seer_dial,discovery,cold,0,echo_rtt,0.035,ok
367e50cb992fba8a2eea5de6d39455c76d82d87b,seer_dial,discovery,cold,0,echo_rtt,0.038,ok
367e50cb992fba8a2eea5de6d39455c76d82d87b,seer_dial,discovery,cold,0,echo_rtt,0.038,ok
367e50cb992fba8a2eea5de6d39455c76d82d87b,seer_dial,discovery,cold,0,echo_rtt,0.036,ok
367e50cb992fba8a2eea5de6d39455c76d82d87b,seer_dial,discovery,cold,0,echo_rtt,0.035,ok
367e50cb992fba8a2eea5de6d39455c76d82d87b,seer_dial,discovery,cold,0,echo_rtt,0.036,ok
367e50cb992fba8a2eea5de6d39455c76d82d87b,seer_dial,discovery,cold,0,echo_rtt,0.036,ok
367e50cb992fba8a2eea5de6d39455c76d82d87b,seer_dial,discovery,cold,0,echo_rtt,0.035,ok
367e50cb992fba8a2eea5de6d39455c76d82d87b,seer_dial,discovery,cold,0,echo_rtt,0.035,ok
367e50cb992fba8a2eea5de6d39455c76d82d87b,seer_dial,discovery,cold,0,echo_rtt,0.036,ok
367e50cb992fba8a2eea5de6d39455c76d82d87b,seer_dial,discovery,cold,0,echo_rtt,0.035,ok
367e50cb992fba8a2eea5de6d39455c76d82d87b,seer_dial,discovery,cold,0,echo_rtt,0.036,ok
367e50cb992fba8a2eea5de6d39455c76d82d87b,seer_dial,discovery,cold,0,echo_rtt,0.035,ok
367e50cb992fba8a2eea5de6d39455c76d82d87b,seer_dial,discovery,cold,0,process_spawn,0.639,ok
367e50cb992fba8a2eea5de6d39455c76d82d87b,seer_dial,discovery,cold,0,seer_dial,204.014,ok
367e50cb992fba8a2eea5de6d39455c76d82d87b,seer_dial,discovery,cold,0,stream_open,85.705,ok
367e50cb992fba8a2eea5de6d39455c76d82d87b,seer_dial,discovery,cold,0,echo_rtt,0.153,ok
367e50cb992fba8a2eea5de6d39455c76d82d87b,seer_dial,discovery,cold,0,echo_rtt,0.051,ok
367e50cb992fba8a2eea5de6d39455c76d82d87b,seer_dial,discovery,cold,0,echo_rtt,0.052,ok
367e50cb992fba8a2eea5de6d39455c76d82d87b,seer_dial,discovery,cold,0,echo_rtt,0.045,ok
367e50cb992fba8a2eea5de6d39455c76d82d87b,seer_dial,discovery,cold,0,echo_rtt,0.044,ok
367e50cb992fba8a2eea5de6d39455c76d82d87b,seer_dial,discovery,cold,0,echo_rtt,0.044,ok
367e50cb992fba8a2eea5de6d39455c76d82d87b,seer_dial,discovery,cold,0,echo_rtt,0.039,ok
367e50cb992fba8a2eea5de6d39455c76d82d87b,seer_dial,discovery,cold,0,echo_rtt,0.042,ok
367e50cb992fba8a2eea5de6d39455c76d82d87b,seer_dial,discovery,cold,0,echo_rtt,0.040,ok
367e50cb992fba8a2eea5de6d39455c76d82d87b,seer_dial,discovery,cold,0,echo_rtt,0.041,ok
367e50cb992fba8a2eea5de6d39455c76d82d87b,seer_dial,discovery,cold,0,echo_rtt,0.042,ok
367e50cb992fba8a2eea5de6d39455c76d82d87b,seer_dial,discovery,cold,0,echo_rtt,0.041,ok
367e50cb992fba8a2eea5de6d39455c76d82d87b,seer_dial,discovery,cold,0,echo_rtt,0.038,ok
367e50cb992fba8a2eea5de6d39455c76d82d87b,seer_dial,discovery,cold,0,echo_rtt,0.041,ok
367e50cb992fba8a2eea5de6d39455c76d82d87b,seer_dial,discovery,cold,0,echo_rtt,0.036,ok
367e50cb992fba8a2eea5de6d39455c76d82d87b,seer_dial,discovery,cold,0,echo_rtt,0.041,ok
367e50cb992fba8a2eea5de6d39455c76d82d87b,seer_dial,discovery,cold,0,echo_rtt,0.032,ok
367e50cb992fba8a2eea5de6d39455c76d82d87b,seer_dial,discovery,cold,0,echo_rtt,0.041,ok
367e50cb992fba8a2eea5de6d39455c76d82d87b,seer_dial,discovery,cold,0,echo_rtt,0.031,ok
367e50cb992fba8a2eea5de6d39455c76d82d87b,seer_dial,discovery,cold,0,echo_rtt,0.041,ok
367e50cb992fba8a2eea5de6d39455c76d82d87b,seer_dial,discovery,cold,0,process_spawn,0.619,ok
367e50cb992fba8a2eea5de6d39455c76d82d87b,seer_dial,discovery,cold,0,seer_dial,199.532,ok
367e50cb992fba8a2eea5de6d39455c76d82d87b,seer_dial,discovery,cold,0,stream_open,94.416,ok
367e50cb992fba8a2eea5de6d39455c76d82d87b,seer_dial,discovery,cold,0,echo_rtt,0.054,ok
367e50cb992fba8a2eea5de6d39455c76d82d87b,seer_dial,discovery,cold,0,echo_rtt,0.040,ok
367e50cb992fba8a2eea5de6d39455c76d82d87b,seer_dial,discovery,cold,0,echo_rtt,0.038,ok
367e50cb992fba8a2eea5de6d39455c76d82d87b,seer_dial,discovery,cold,0,echo_rtt,0.035,ok
367e50cb992fba8a2eea5de6d39455c76d82d87b,seer_dial,discovery,cold,0,echo_rtt,0.036,ok
367e50cb992fba8a2eea5de6d39455c76d82d87b,seer_dial,discovery,cold,0,echo_rtt,0.036,ok
367e50cb992fba8a2eea5de6d39455c76d82d87b,seer_dial,discovery,cold,0,echo_rtt,0.036,ok
367e50cb992fba8a2eea5de6d39455c76d82d87b,seer_dial,discovery,cold,0,echo_rtt,0.037,ok
367e50cb992fba8a2eea5de6d39455c76d82d87b,seer_dial,discovery,cold,0,echo_rtt,0.037,ok
367e50cb992fba8a2eea5de6d39455c76d82d87b,seer_dial,discovery,cold,0,echo_rtt,0.038,ok
367e50cb992fba8a2eea5de6d39455c76d82d87b,seer_dial,discovery,cold,0,echo_rtt,0.042,ok
367e50cb992fba8a2eea5de6d39455c76d82d87b,seer_dial,discovery,cold,0,echo_rtt,0.037,ok
367e50cb992fba8a2eea5de6d39455c76d82d87b,seer_dial,discovery,cold,0,echo_rtt,0.056,ok
367e50cb992fba8a2eea5de6d39455c76d82d87b,seer_dial,discovery,cold,0,echo_rtt,0.060,ok
367e50cb992fba8a2eea5de6d39455c76d82d87b,seer_dial,discovery,cold,0,echo_rtt,0.047,ok
367e50cb992fba8a2eea5de6d39455c76d82d87b,seer_dial,discovery,cold,0,echo_rtt,0.039,ok
367e50cb992fba8a2eea5de6d39455c76d82d87b,seer_dial,discovery,cold,0,echo_rtt,0.036,ok
367e50cb992fba8a2eea5de6d39455c76d82d87b,seer_dial,discovery,cold,0,echo_rtt,0.036,ok
367e50cb992fba8a2eea5de6d39455c76d82d87b,seer_dial,discovery,cold,0,echo_rtt,0.045,ok
367e50cb992fba8a2eea5de6d39455c76d82d87b,seer_dial,discovery,cold,0,echo_rtt,0.033,ok
367e50cb992fba8a2eea5de6d39455c76d82d87b,seer_dial,discovery,cold,0,process_spawn,0.632,ok
367e50cb992fba8a2eea5de6d39455c76d82d87b,seer_dial,discovery,cold,0,seer_dial,196.912,ok
367e50cb992fba8a2eea5de6d39455c76d82d87b,seer_dial,discovery,cold,0,stream_open,83.798,ok
367e50cb992fba8a2eea5de6d39455c76d82d87b,seer_dial,discovery,cold,0,echo_rtt,0.114,ok
367e50cb992fba8a2eea5de6d39455c76d82d87b,seer_dial,discovery,cold,0,echo_rtt,0.098,ok
367e50cb992fba8a2eea5de6d39455c76d82d87b,seer_dial,discovery,cold,0,echo_rtt,0.046,ok
367e50cb992fba8a2eea5de6d39455c76d82d87b,seer_dial,discovery,cold,0,echo_rtt,0.040,ok
367e50cb992fba8a2eea5de6d39455c76d82d87b,seer_dial,discovery,cold,0,echo_rtt,0.048,ok
367e50cb992fba8a2eea5de6d39455c76d82d87b,seer_dial,discovery,cold,0,echo_rtt,0.045,ok
367e50cb992fba8a2eea5de6d39455c76d82d87b,seer_dial,discovery,cold,0,echo_rtt,0.041,ok
367e50cb992fba8a2eea5de6d39455c76d82d87b,seer_dial,discovery,cold,0,echo_rtt,0.040,ok
367e50cb992fba8a2eea5de6d39455c76d82d87b,seer_dial,discovery,cold,0,echo_rtt,0.037,ok
367e50cb992fba8a2eea5de6d39455c76d82d87b,seer_dial,discovery,cold,0,echo_rtt,0.036,ok
367e50cb992fba8a2eea5de6d39455c76d82d87b,seer_dial,discovery,cold,0,echo_rtt,0.035,ok
367e50cb992fba8a2eea5de6d39455c76d82d87b,seer_dial,discovery,cold,0,echo_rtt,0.035,ok
367e50cb992fba8a2eea5de6d39455c76d82d87b,seer_dial,discovery,cold,0,echo_rtt,0.035,ok
367e50cb992fba8a2eea5de6d39455c76d82d87b,seer_dial,discovery,cold,0,echo_rtt,0.035,ok
367e50cb992fba8a2eea5de6d39455c76d82d87b,seer_dial,discovery,cold,0,echo_rtt,0.034,ok
367e50cb992fba8a2eea5de6d39455c76d82d87b,seer_dial,discovery,cold,0,echo_rtt,0.035,ok
367e50cb992fba8a2eea5de6d39455c76d82d87b,seer_dial,discovery,cold,0,echo_rtt,0.036,ok
367e50cb992fba8a2eea5de6d39455c76d82d87b,seer_dial,discovery,cold,0,echo_rtt,0.036,ok
367e50cb992fba8a2eea5de6d39455c76d82d87b,seer_dial,discovery,cold,0,echo_rtt,0.035,ok
367e50cb992fba8a2eea5de6d39455c76d82d87b,seer_dial,discovery,cold,0,echo_rtt,0.040,ok
367e50cb992fba8a2eea5de6d39455c76d82d87b,seer_dial,discovery,cold,0,process_spawn,0.748,ok
367e50cb992fba8a2eea5de6d39455c76d82d87b,seer_dial,discovery,cold,0,seer_dial,204.659,ok
367e50cb992fba8a2eea5de6d39455c76d82d87b,seer_dial,discovery,cold,0,stream_open,96.263,ok
367e50cb992fba8a2eea5de6d39455c76d82d87b,seer_dial,discovery,cold,0,echo_rtt,0.056,ok
367e50cb992fba8a2eea5de6d39455c76d82d87b,seer_dial,discovery,cold,0,echo_rtt,0.038,ok
367e50cb992fba8a2eea5de6d39455c76d82d87b,seer_dial,discovery,cold,0,echo_rtt,0.049,ok
367e50cb992fba8a2eea5de6d39455c76d82d87b,seer_dial,discovery,cold,0,echo_rtt,0.041,ok
367e50cb992fba8a2eea5de6d39455c76d82d87b,seer_dial,discovery,cold,0,echo_rtt,0.043,ok
367e50cb992fba8a2eea5de6d39455c76d82d87b,seer_dial,discovery,cold,0,echo_rtt,0.032,ok
367e50cb992fba8a2eea5de6d39455c76d82d87b,seer_dial,discovery,cold,0,echo_rtt,0.044,ok
367e50cb992fba8a2eea5de6d39455c76d82d87b,seer_dial,discovery,cold,0,echo_rtt,0.081,ok
367e50cb992fba8a2eea5de6d39455c76d82d87b,seer_dial,discovery,cold,0,echo_rtt,0.051,ok
367e50cb992fba8a2eea5de6d39455c76d82d87b,seer_dial,discovery,cold,0,echo_rtt,0.037,ok
367e50cb992fba8a2eea5de6d39455c76d82d87b,seer_dial,discovery,cold,0,echo_rtt,0.043,ok
367e50cb992fba8a2eea5de6d39455c76d82d87b,seer_dial,discovery,cold,0,echo_rtt,0.030,ok
367e50cb992fba8a2eea5de6d39455c76d82d87b,seer_dial,discovery,cold,0,echo_rtt,0.040,ok
367e50cb992fba8a2eea5de6d39455c76d82d87b,seer_dial,discovery,cold,0,echo_rtt,0.032,ok
367e50cb992fba8a2eea5de6d39455c76d82d87b,seer_dial,discovery,cold,0,echo_rtt,0.040,ok
367e50cb992fba8a2eea5de6d39455c76d82d87b,seer_dial,discovery,cold,0,echo_rtt,0.032,ok
367e50cb992fba8a2eea5de6d39455c76d82d87b,seer_dial,discovery,cold,0,echo_rtt,0.041,ok
367e50cb992fba8a2eea5de6d39455c76d82d87b,seer_dial,discovery,cold,0,echo_rtt,0.031,ok
367e50cb992fba8a2eea5de6d39455c76d82d87b,seer_dial,discovery,cold,0,echo_rtt,0.040,ok
367e50cb992fba8a2eea5de6d39455c76d82d87b,seer_dial,discovery,cold,0,echo_rtt,0.031,ok
367e50cb992fba8a2eea5de6d39455c76d82d87b,seer_dial,discovery,cold,0,process_spawn,0.733,ok
367e50cb992fba8a2eea5de6d39455c76d82d87b,seer_dial,discovery,cold,0,seer_dial,198.719,ok
367e50cb992fba8a2eea5de6d39455c76d82d87b,seer_dial,discovery,cold,0,stream_open,94.746,ok
367e50cb992fba8a2eea5de6d39455c76d82d87b,seer_dial,discovery,cold,0,echo_rtt,0.049,ok
367e50cb992fba8a2eea5de6d39455c76d82d87b,seer_dial,discovery,cold,0,echo_rtt,0.041,ok
367e50cb992fba8a2eea5de6d39455c76d82d87b,seer_dial,discovery,cold,0,echo_rtt,0.040,ok
367e50cb992fba8a2eea5de6d39455c76d82d87b,seer_dial,discovery,cold,0,echo_rtt,0.037,ok
367e50cb992fba8a2eea5de6d39455c76d82d87b,seer_dial,discovery,cold,0,echo_rtt,0.037,ok
367e50cb992fba8a2eea5de6d39455c76d82d87b,seer_dial,discovery,cold,0,echo_rtt,0.037,ok
367e50cb992fba8a2eea5de6d39455c76d82d87b,seer_dial,discovery,cold,0,echo_rtt,0.036,ok
367e50cb992fba8a2eea5de6d39455c76d82d87b,seer_dial,discovery,cold,0,echo_rtt,0.038,ok
367e50cb992fba8a2eea5de6d39455c76d82d87b,seer_dial,discovery,cold,0,echo_rtt,0.035,ok
367e50cb992fba8a2eea5de6d39455c76d82d87b,seer_dial,discovery,cold,0,echo_rtt,0.035,ok
367e50cb992fba8a2eea5de6d39455c76d82d87b,seer_dial,discovery,cold,0,echo_rtt,0.036,ok
367e50cb992fba8a2eea5de6d39455c76d82d87b,seer_dial,discovery,cold,0,echo_rtt,0.036,ok
367e50cb992fba8a2eea5de6d39455c76d82d87b,seer_dial,discovery,cold,0,echo_rtt,0.035,ok
367e50cb992fba8a2eea5de6d39455c76d82d87b,seer_dial,discovery,cold,0,echo_rtt,0.036,ok
367e50cb992fba8a2eea5de6d39455c76d82d87b,seer_dial,discovery,cold,0,echo_rtt,0.035,ok
367e50cb992fba8a2eea5de6d39455c76d82d87b,seer_dial,discovery,cold,0,echo_rtt,0.042,ok
367e50cb992fba8a2eea5de6d39455c76d82d87b,seer_dial,discovery,cold,0,echo_rtt,0.032,ok
367e50cb992fba8a2eea5de6d39455c76d82d87b,seer_dial,discovery,cold,0,echo_rtt,0.042,ok
367e50cb992fba8a2eea5de6d39455c76d82d87b,seer_dial,discovery,cold,0,echo_rtt,0.031,ok
367e50cb992fba8a2eea5de6d39455c76d82d87b,seer_dial,discovery,cold,0,echo_rtt,0.040,ok
367e50cb992fba8a2eea5de6d39455c76d82d87b,seer_dial,discovery,warm,1,seer_dial,195.018,ok
367e50cb992fba8a2eea5de6d39455c76d82d87b,seer_dial,discovery,warm,1,stream_open,93.051,ok
367e50cb992fba8a2eea5de6d39455c76d82d87b,seer_dial,discovery,warm,1,echo_rtt,0.078,ok
367e50cb992fba8a2eea5de6d39455c76d82d87b,seer_dial,discovery,warm,1,echo_rtt,0.042,ok
367e50cb992fba8a2eea5de6d39455c76d82d87b,seer_dial,discovery,warm,1,echo_rtt,0.052,ok
367e50cb992fba8a2eea5de6d39455c76d82d87b,seer_dial,discovery,warm,1,echo_rtt,0.037,ok
367e50cb992fba8a2eea5de6d39455c76d82d87b,seer_dial,discovery,warm,1,echo_rtt,0.053,ok
367e50cb992fba8a2eea5de6d39455c76d82d87b,seer_dial,discovery,warm,1,echo_rtt,0.038,ok
367e50cb992fba8a2eea5de6d39455c76d82d87b,seer_dial,discovery,warm,1,echo_rtt,0.050,ok
367e50cb992fba8a2eea5de6d39455c76d82d87b,seer_dial,discovery,warm,1,echo_rtt,0.038,ok
367e50cb992fba8a2eea5de6d39455c76d82d87b,seer_dial,discovery,warm,1,echo_rtt,0.048,ok
367e50cb992fba8a2eea5de6d39455c76d82d87b,seer_dial,discovery,warm,1,echo_rtt,0.038,ok
367e50cb992fba8a2eea5de6d39455c76d82d87b,seer_dial,discovery,warm,1,echo_rtt,0.049,ok
367e50cb992fba8a2eea5de6d39455c76d82d87b,seer_dial,discovery,warm,1,echo_rtt,0.037,ok
367e50cb992fba8a2eea5de6d39455c76d82d87b,seer_dial,discovery,warm,1,echo_rtt,0.049,ok
367e50cb992fba8a2eea5de6d39455c76d82d87b,seer_dial,discovery,warm,1,echo_rtt,0.038,ok
367e50cb992fba8a2eea5de6d39455c76d82d87b,seer_dial,discovery,warm,1,echo_rtt,0.048,ok
367e50cb992fba8a2eea5de6d39455c76d82d87b,seer_dial,discovery,warm,1,echo_rtt,0.038,ok
367e50cb992fba8a2eea5de6d39455c76d82d87b,seer_dial,discovery,warm,1,echo_rtt,0.049,ok
367e50cb992fba8a2eea5de6d39455c76d82d87b,seer_dial,discovery,warm,1,echo_rtt,0.037,ok
367e50cb992fba8a2eea5de6d39455c76d82d87b,seer_dial,discovery,warm,1,echo_rtt,0.048,ok
367e50cb992fba8a2eea5de6d39455c76d82d87b,seer_dial,discovery,warm,1,echo_rtt,0.038,ok
367e50cb992fba8a2eea5de6d39455c76d82d87b,seer_dial,discovery,warm,2,seer_dial,197.209,ok
367e50cb992fba8a2eea5de6d39455c76d82d87b,seer_dial,discovery,warm,2,stream_open,83.735,ok
367e50cb992fba8a2eea5de6d39455c76d82d87b,seer_dial,discovery,warm,2,echo_rtt,0.136,ok
367e50cb992fba8a2eea5de6d39455c76d82d87b,seer_dial,discovery,warm,2,echo_rtt,0.055,ok
367e50cb992fba8a2eea5de6d39455c76d82d87b,seer_dial,discovery,warm,2,echo_rtt,0.042,ok
367e50cb992fba8a2eea5de6d39455c76d82d87b,seer_dial,discovery,warm,2,echo_rtt,0.039,ok
367e50cb992fba8a2eea5de6d39455c76d82d87b,seer_dial,discovery,warm,2,echo_rtt,0.059,ok
367e50cb992fba8a2eea5de6d39455c76d82d87b,seer_dial,discovery,warm,2,echo_rtt,0.040,ok
367e50cb992fba8a2eea5de6d39455c76d82d87b,seer_dial,discovery,warm,2,echo_rtt,0.047,ok
367e50cb992fba8a2eea5de6d39455c76d82d87b,seer_dial,discovery,warm,2,echo_rtt,0.086,ok
367e50cb992fba8a2eea5de6d39455c76d82d87b,seer_dial,discovery,warm,2,echo_rtt,0.043,ok
367e50cb992fba8a2eea5de6d39455c76d82d87b,seer_dial,discovery,warm,2,echo_rtt,0.041,ok
367e50cb992fba8a2eea5de6d39455c76d82d87b,seer_dial,discovery,warm,2,echo_rtt,0.043,ok
367e50cb992fba8a2eea5de6d39455c76d82d87b,seer_dial,discovery,warm,2,echo_rtt,0.042,ok
367e50cb992fba8a2eea5de6d39455c76d82d87b,seer_dial,discovery,warm,2,echo_rtt,0.043,ok
367e50cb992fba8a2eea5de6d39455c76d82d87b,seer_dial,discovery,warm,2,echo_rtt,0.040,ok
367e50cb992fba8a2eea5de6d39455c76d82d87b,seer_dial,discovery,warm,2,echo_rtt,0.043,ok
367e50cb992fba8a2eea5de6d39455c76d82d87b,seer_dial,discovery,warm,2,echo_rtt,0.040,ok
367e50cb992fba8a2eea5de6d39455c76d82d87b,seer_dial,discovery,warm,2,echo_rtt,0.043,ok
367e50cb992fba8a2eea5de6d39455c76d82d87b,seer_dial,discovery,warm,2,echo_rtt,0.041,ok
367e50cb992fba8a2eea5de6d39455c76d82d87b,seer_dial,discovery,warm,2,echo_rtt,0.043,ok
367e50cb992fba8a2eea5de6d39455c76d82d87b,seer_dial,discovery,warm,2,echo_rtt,0.089,ok
367e50cb992fba8a2eea5de6d39455c76d82d87b,seer_dial,discovery,warm,3,seer_dial,205.171,ok
367e50cb992fba8a2eea5de6d39455c76d82d87b,seer_dial,discovery,warm,3,stream_open,95.235,ok
367e50cb992fba8a2eea5de6d39455c76d82d87b,seer_dial,discovery,warm,3,echo_rtt,0.054,ok
367e50cb992fba8a2eea5de6d39455c76d82d87b,seer_dial,discovery,warm,3,echo_rtt,0.053,ok
367e50cb992fba8a2eea5de6d39455c76d82d87b,seer_dial,discovery,warm,3,echo_rtt,0.049,ok
367e50cb992fba8a2eea5de6d39455c76d82d87b,seer_dial,discovery,warm,3,echo_rtt,0.034,ok
367e50cb992fba8a2eea5de6d39455c76d82d87b,seer_dial,discovery,warm,3,echo_rtt,0.044,ok
367e50cb992fba8a2eea5de6d39455c76d82d87b,seer_dial,discovery,warm,3,echo_rtt,0.033,ok
367e50cb992fba8a2eea5de6d39455c76d82d87b,seer_dial,discovery,warm,3,echo_rtt,0.041,ok
367e50cb992fba8a2eea5de6d39455c76d82d87b,seer_dial,discovery,warm,3,echo_rtt,0.033,ok
367e50cb992fba8a2eea5de6d39455c76d82d87b,seer_dial,discovery,warm,3,echo_rtt,0.040,ok
367e50cb992fba8a2eea5de6d39455c76d82d87b,seer_dial,discovery,warm,3,echo_rtt,0.032,ok
367e50cb992fba8a2eea5de6d39455c76d82d87b,seer_dial,discovery,warm,3,echo_rtt,0.041,ok
367e50cb992fba8a2eea5de6d39455c76d82d87b,seer_dial,discovery,warm,3,echo_rtt,0.031,ok
367e50cb992fba8a2eea5de6d39455c76d82d87b,seer_dial,discovery,warm,3,echo_rtt,0.057,ok
367e50cb992fba8a2eea5de6d39455c76d82d87b,seer_dial,discovery,warm,3,echo_rtt,0.047,ok
367e50cb992fba8a2eea5de6d39455c76d82d87b,seer_dial,discovery,warm,3,echo_rtt,0.040,ok
367e50cb992fba8a2eea5de6d39455c76d82d87b,seer_dial,discovery,warm,3,echo_rtt,0.054,ok
367e50cb992fba8a2eea5de6d39455c76d82d87b,seer_dial,discovery,warm,3,echo_rtt,0.057,ok
367e50cb992fba8a2eea5de6d39455c76d82d87b,seer_dial,discovery,warm,3,echo_rtt,0.034,ok
367e50cb992fba8a2eea5de6d39455c76d82d87b,seer_dial,discovery,warm,3,echo_rtt,0.042,ok
367e50cb992fba8a2eea5de6d39455c76d82d87b,seer_dial,discovery,warm,3,echo_rtt,0.032,ok
367e50cb992fba8a2eea5de6d39455c76d82d87b,seer_dial,discovery,warm,4,seer_dial,194.465,ok
367e50cb992fba8a2eea5de6d39455c76d82d87b,seer_dial,discovery,warm,4,stream_open,93.049,ok
367e50cb992fba8a2eea5de6d39455c76d82d87b,seer_dial,discovery,warm,4,echo_rtt,0.049,ok
367e50cb992fba8a2eea5de6d39455c76d82d87b,seer_dial,discovery,warm,4,echo_rtt,0.041,ok
367e50cb992fba8a2eea5de6d39455c76d82d87b,seer_dial,discovery,warm,4,echo_rtt,0.039,ok
367e50cb992fba8a2eea5de6d39455c76d82d87b,seer_dial,discovery,warm,4,echo_rtt,0.037,ok
367e50cb992fba8a2eea5de6d39455c76d82d87b,seer_dial,discovery,warm,4,echo_rtt,0.035,ok
367e50cb992fba8a2eea5de6d39455c76d82d87b,seer_dial,discovery,warm,4,echo_rtt,0.036,ok
367e50cb992fba8a2eea5de6d39455c76d82d87b,seer_dial,discovery,warm,4,echo_rtt,0.039,ok
367e50cb992fba8a2eea5de6d39455c76d82d87b,seer_dial,discovery,warm,4,echo_rtt,0.036,ok
367e50cb992fba8a2eea5de6d39455c76d82d87b,seer_dial,discovery,warm,4,echo_rtt,0.035,ok
367e50cb992fba8a2eea5de6d39455c76d82d87b,seer_dial,discovery,warm,4,echo_rtt,0.036,ok
367e50cb992fba8a2eea5de6d39455c76d82d87b,seer_dial,discovery,warm,4,echo_rtt,0.038,ok
367e50cb992fba8a2eea5de6d39455c76d82d87b,seer_dial,discovery,warm,4,echo_rtt,0.038,ok
367e50cb992fba8a2eea5de6d39455c76d82d87b,seer_dial,discovery,warm,4,echo_rtt,0.036,ok
367e50cb992fba8a2eea5de6d39455c76d82d87b,seer_dial,discovery,warm,4,echo_rtt,0.036,ok
367e50cb992fba8a2eea5de6d39455c76d82d87b,seer_dial,discovery,warm,4,echo_rtt,0.036,ok
367e50cb992fba8a2eea5de6d39455c76d82d87b,seer_dial,discovery,warm,4,echo_rtt,0.036,ok
367e50cb992fba8a2eea5de6d39455c76d82d87b,seer_dial,discovery,warm,4,echo_rtt,0.037,ok
367e50cb992fba8a2eea5de6d39455c76d82d87b,seer_dial,discovery,warm,4,echo_rtt,0.037,ok
367e50cb992fba8a2eea5de6d39455c76d82d87b,seer_dial,discovery,warm,4,echo_rtt,0.035,ok
367e50cb992fba8a2eea5de6d39455c76d82d87b,seer_dial,discovery,warm,4,echo_rtt,0.055,ok
367e50cb992fba8a2eea5de6d39455c76d82d87b,seer_dial,discovery,warm,5,seer_dial,195.952,ok
367e50cb992fba8a2eea5de6d39455c76d82d87b,seer_dial,discovery,warm,5,stream_open,94.220,ok
367e50cb992fba8a2eea5de6d39455c76d82d87b,seer_dial,discovery,warm,5,echo_rtt,0.057,ok
367e50cb992fba8a2eea5de6d39455c76d82d87b,seer_dial,discovery,warm,5,echo_rtt,0.055,ok
367e50cb992fba8a2eea5de6d39455c76d82d87b,seer_dial,discovery,warm,5,echo_rtt,0.043,ok
367e50cb992fba8a2eea5de6d39455c76d82d87b,seer_dial,discovery,warm,5,echo_rtt,0.046,ok
367e50cb992fba8a2eea5de6d39455c76d82d87b,seer_dial,discovery,warm,5,echo_rtt,0.041,ok
367e50cb992fba8a2eea5de6d39455c76d82d87b,seer_dial,discovery,warm,5,echo_rtt,0.048,ok
367e50cb992fba8a2eea5de6d39455c76d82d87b,seer_dial,discovery,warm,5,echo_rtt,0.043,ok
367e50cb992fba8a2eea5de6d39455c76d82d87b,seer_dial,discovery,warm,5,echo_rtt,0.043,ok
367e50cb992fba8a2eea5de6d39455c76d82d87b,seer_dial,discovery,warm,5,echo_rtt,0.041,ok
367e50cb992fba8a2eea5de6d39455c76d82d87b,seer_dial,discovery,warm,5,echo_rtt,0.043,ok
367e50cb992fba8a2eea5de6d39455c76d82d87b,seer_dial,discovery,warm,5,echo_rtt,0.044,ok
367e50cb992fba8a2eea5de6d39455c76d82d87b,seer_dial,discovery,warm,5,echo_rtt,0.036,ok
367e50cb992fba8a2eea5de6d39455c76d82d87b,seer_dial,discovery,warm,5,echo_rtt,0.036,ok
367e50cb992fba8a2eea5de6d39455c76d82d87b,seer_dial,discovery,warm,5,echo_rtt,0.042,ok
367e50cb992fba8a2eea5de6d39455c76d82d87b,seer_dial,discovery,warm,5,echo_rtt,0.031,ok
367e50cb992fba8a2eea5de6d39455c76d82d87b,seer_dial,discovery,warm,5,echo_rtt,0.041,ok
367e50cb992fba8a2eea5de6d39455c76d82d87b,seer_dial,discovery,warm,5,echo_rtt,0.031,ok
367e50cb992fba8a2eea5de6d39455c76d82d87b,seer_dial,discovery,warm,5,echo_rtt,0.041,ok
367e50cb992fba8a2eea5de6d39455c76d82d87b,seer_dial,discovery,warm,5,echo_rtt,0.031,ok
367e50cb992fba8a2eea5de6d39455c76d82d87b,seer_dial,discovery,warm,5,echo_rtt,0.041,ok
367e50cb992fba8a2eea5de6d39455c76d82d87b,seer_dial,discovery,warm,6,seer_dial,194.981,ok
367e50cb992fba8a2eea5de6d39455c76d82d87b,seer_dial,discovery,warm,6,stream_open,93.870,ok
367e50cb992fba8a2eea5de6d39455c76d82d87b,seer_dial,discovery,warm,6,echo_rtt,0.052,ok
367e50cb992fba8a2eea5de6d39455c76d82d87b,seer_dial,discovery,warm,6,echo_rtt,0.053,ok
367e50cb992fba8a2eea5de6d39455c76d82d87b,seer_dial,discovery,warm,6,echo_rtt,0.040,ok
367e50cb992fba8a2eea5de6d39455c76d82d87b,seer_dial,discovery,warm,6,echo_rtt,0.049,ok
367e50cb992fba8a2eea5de6d39455c76d82d87b,seer_dial,discovery,warm,6,echo_rtt,0.039,ok
367e50cb992fba8a2eea5de6d39455c76d82d87b,seer_dial,discovery,warm,6,echo_rtt,0.051,ok
367e50cb992fba8a2eea5de6d39455c76d82d87b,seer_dial,discovery,warm,6,echo_rtt,0.038,ok
367e50cb992fba8a2eea5de6d39455c76d82d87b,seer_dial,discovery,warm,6,echo_rtt,0.048,ok
367e50cb992fba8a2eea5de6d39455c76d82d87b,seer_dial,discovery,warm,6,echo_rtt,0.043,ok
367e50cb992fba8a2eea5de6d39455c76d82d87b,seer_dial,discovery,warm,6,echo_rtt,0.042,ok
367e50cb992fba8a2eea5de6d39455c76d82d87b,seer_dial,discovery,warm,6,echo_rtt,0.043,ok
367e50cb992fba8a2eea5de6d39455c76d82d87b,seer_dial,discovery,warm,6,echo_rtt,0.045,ok
367e50cb992fba8a2eea5de6d39455c76d82d87b,seer_dial,discovery,warm,6,echo_rtt,0.045,ok
367e50cb992fba8a2eea5de6d39455c76d82d87b,seer_dial,discovery,warm,6,echo_rtt,0.045,ok
367e50cb992fba8a2eea5de6d39455c76d82d87b,seer_dial,discovery,warm,6,echo_rtt,0.044,ok
367e50cb992fba8a2eea5de6d39455c76d82d87b,seer_dial,discovery,warm,6,echo_rtt,0.043,ok
367e50cb992fba8a2eea5de6d39455c76d82d87b,seer_dial,discovery,warm,6,echo_rtt,0.047,ok
367e50cb992fba8a2eea5de6d39455c76d82d87b,seer_dial,discovery,warm,6,echo_rtt,0.036,ok
367e50cb992fba8a2eea5de6d39455c76d82d87b,seer_dial,discovery,warm,6,echo_rtt,0.037,ok
367e50cb992fba8a2eea5de6d39455c76d82d87b,seer_dial,discovery,warm,6,echo_rtt,0.035,ok
367e50cb992fba8a2eea5de6d39455c76d82d87b,seer_dial,discovery,warm,7,seer_dial,203.932,ok
367e50cb992fba8a2eea5de6d39455c76d82d87b,seer_dial,discovery,warm,7,stream_open,85.903,ok
367e50cb992fba8a2eea5de6d39455c76d82d87b,seer_dial,discovery,warm,7,echo_rtt,0.152,ok
367e50cb992fba8a2eea5de6d39455c76d82d87b,seer_dial,discovery,warm,7,echo_rtt,0.053,ok
367e50cb992fba8a2eea5de6d39455c76d82d87b,seer_dial,discovery,warm,7,echo_rtt,0.049,ok
367e50cb992fba8a2eea5de6d39455c76d82d87b,seer_dial,discovery,warm,7,echo_rtt,0.033,ok
367e50cb992fba8a2eea5de6d39455c76d82d87b,seer_dial,discovery,warm,7,echo_rtt,0.042,ok
367e50cb992fba8a2eea5de6d39455c76d82d87b,seer_dial,discovery,warm,7,echo_rtt,0.032,ok
367e50cb992fba8a2eea5de6d39455c76d82d87b,seer_dial,discovery,warm,7,echo_rtt,0.041,ok
367e50cb992fba8a2eea5de6d39455c76d82d87b,seer_dial,discovery,warm,7,echo_rtt,0.032,ok
367e50cb992fba8a2eea5de6d39455c76d82d87b,seer_dial,discovery,warm,7,echo_rtt,0.041,ok
367e50cb992fba8a2eea5de6d39455c76d82d87b,seer_dial,discovery,warm,7,echo_rtt,0.031,ok
367e50cb992fba8a2eea5de6d39455c76d82d87b,seer_dial,discovery,warm,7,echo_rtt,0.040,ok
367e50cb992fba8a2eea5de6d39455c76d82d87b,seer_dial,discovery,warm,7,echo_rtt,0.032,ok
367e50cb992fba8a2eea5de6d39455c76d82d87b,seer_dial,discovery,warm,7,echo_rtt,0.041,ok
367e50cb992fba8a2eea5de6d39455c76d82d87b,seer_dial,discovery,warm,7,echo_rtt,0.032,ok
367e50cb992fba8a2eea5de6d39455c76d82d87b,seer_dial,discovery,warm,7,echo_rtt,0.041,ok
367e50cb992fba8a2eea5de6d39455c76d82d87b,seer_dial,discovery,warm,7,echo_rtt,0.033,ok
367e50cb992fba8a2eea5de6d39455c76d82d87b,seer_dial,discovery,warm,7,echo_rtt,0.043,ok
367e50cb992fba8a2eea5de6d39455c76d82d87b,seer_dial,discovery,warm,7,echo_rtt,0.043,ok
367e50cb992fba8a2eea5de6d39455c76d82d87b,seer_dial,discovery,warm,7,echo_rtt,0.042,ok
367e50cb992fba8a2eea5de6d39455c76d82d87b,seer_dial,discovery,warm,7,echo_rtt,0.032,ok
367e50cb992fba8a2eea5de6d39455c76d82d87b,seer_dial,discovery,warm,8,seer_dial,203.975,ok
367e50cb992fba8a2eea5de6d39455c76d82d87b,seer_dial,discovery,warm,8,stream_open,96.117,ok
367e50cb992fba8a2eea5de6d39455c76d82d87b,seer_dial,discovery,warm,8,echo_rtt,0.044,ok
367e50cb992fba8a2eea5de6d39455c76d82d87b,seer_dial,discovery,warm,8,echo_rtt,0.045,ok
367e50cb992fba8a2eea5de6d39455c76d82d87b,seer_dial,discovery,warm,8,echo_rtt,0.033,ok
367e50cb992fba8a2eea5de6d39455c76d82d87b,seer_dial,discovery,warm,8,echo_rtt,0.041,ok
367e50cb992fba8a2eea5de6d39455c76d82d87b,seer_dial,discovery,warm,8,echo_rtt,0.033,ok
367e50cb992fba8a2eea5de6d39455c76d82d87b,seer_dial,discovery,warm,8,echo_rtt,0.042,ok
367e50cb992fba8a2eea5de6d39455c76d82d87b,seer_dial,discovery,warm,8,echo_rtt,0.032,ok
367e50cb992fba8a2eea5de6d39455c76d82d87b,seer_dial,discovery,warm,8,echo_rtt,0.040,ok
367e50cb992fba8a2eea5de6d39455c76d82d87b,seer_dial,discovery,warm,8,echo_rtt,0.031,ok
367e50cb992fba8a2eea5de6d39455c76d82d87b,seer_dial,discovery,warm,8,echo_rtt,0.041,ok
367e50cb992fba8a2eea5de6d39455c76d82d87b,seer_dial,discovery,warm,8,echo_rtt,0.031,ok
367e50cb992fba8a2eea5de6d39455c76d82d87b,seer_dial,discovery,warm,8,echo_rtt,0.042,ok
367e50cb992fba8a2eea5de6d39455c76d82d87b,seer_dial,discovery,warm,8,echo_rtt,0.031,ok
367e50cb992fba8a2eea5de6d39455c76d82d87b,seer_dial,discovery,warm,8,echo_rtt,0.041,ok
367e50cb992fba8a2eea5de6d39455c76d82d87b,seer_dial,discovery,warm,8,echo_rtt,0.031,ok
367e50cb992fba8a2eea5de6d39455c76d82d87b,seer_dial,discovery,warm,8,echo_rtt,0.059,ok
367e50cb992fba8a2eea5de6d39455c76d82d87b,seer_dial,discovery,warm,8,echo_rtt,0.035,ok
367e50cb992fba8a2eea5de6d39455c76d82d87b,seer_dial,discovery,warm,8,echo_rtt,0.036,ok
367e50cb992fba8a2eea5de6d39455c76d82d87b,seer_dial,discovery,warm,8,echo_rtt,0.036,ok
367e50cb992fba8a2eea5de6d39455c76d82d87b,seer_dial,discovery,warm,8,echo_rtt,0.036,ok
367e50cb992fba8a2eea5de6d39455c76d82d87b,seer_dial,discovery,warm,9,seer_dial,194.671,ok
367e50cb992fba8a2eea5de6d39455c76d82d87b,seer_dial,discovery,warm,9,stream_open,122.404,ok
367e50cb992fba8a2eea5de6d39455c76d82d87b,seer_dial,discovery,warm,9,echo_rtt,0.069,ok
367e50cb992fba8a2eea5de6d39455c76d82d87b,seer_dial,discovery,warm,9,echo_rtt,0.067,ok
367e50cb992fba8a2eea5de6d39455c76d82d87b,seer_dial,discovery,warm,9,echo_rtt,0.039,ok
367e50cb992fba8a2eea5de6d39455c76d82d87b,seer_dial,discovery,warm,9,echo_rtt,0.038,ok
367e50cb992fba8a2eea5de6d39455c76d82d87b,seer_dial,discovery,warm,9,echo_rtt,0.038,ok
367e50cb992fba8a2eea5de6d39455c76d82d87b,seer_dial,discovery,warm,9,echo_rtt,0.037,ok
367e50cb992fba8a2eea5de6d39455c76d82d87b,seer_dial,discovery,warm,9,echo_rtt,0.037,ok
367e50cb992fba8a2eea5de6d39455c76d82d87b,seer_dial,discovery,warm,9,echo_rtt,0.037,ok
367e50cb992fba8a2eea5de6d39455c76d82d87b,seer_dial,discovery,warm,9,echo_rtt,0.036,ok
367e50cb992fba8a2eea5de6d39455c76d82d87b,seer_dial,discovery,warm,9,echo_rtt,0.043,ok
367e50cb992fba8a2eea5de6d39455c76d82d87b,seer_dial,discovery,warm,9,echo_rtt,0.032,ok
367e50cb992fba8a2eea5de6d39455c76d82d87b,seer_dial,discovery,warm,9,echo_rtt,0.041,ok
367e50cb992fba8a2eea5de6d39455c76d82d87b,seer_dial,discovery,warm,9,echo_rtt,0.033,ok
367e50cb992fba8a2eea5de6d39455c76d82d87b,seer_dial,discovery,warm,9,echo_rtt,0.041,ok
367e50cb992fba8a2eea5de6d39455c76d82d87b,seer_dial,discovery,warm,9,echo_rtt,0.036,ok
367e50cb992fba8a2eea5de6d39455c76d82d87b,seer_dial,discovery,warm,9,echo_rtt,0.043,ok
367e50cb992fba8a2eea5de6d39455c76d82d87b,seer_dial,discovery,warm,9,echo_rtt,0.033,ok
367e50cb992fba8a2eea5de6d39455c76d82d87b,seer_dial,discovery,warm,9,echo_rtt,0.041,ok
367e50cb992fba8a2eea5de6d39455c76d82d87b,seer_dial,discovery,warm,9,echo_rtt,0.032,ok
367e50cb992fba8a2eea5de6d39455c76d82d87b,seer_dial,discovery,warm,9,echo_rtt,0.042,ok
367e50cb992fba8a2eea5de6d39455c76d82d87b,seer_dial,discovery,warm,10,seer_dial,196.700,ok
367e50cb992fba8a2eea5de6d39455c76d82d87b,seer_dial,discovery,warm,10,stream_open,83.778,ok
367e50cb992fba8a2eea5de6d39455c76d82d87b,seer_dial,discovery,warm,10,echo_rtt,0.137,ok
367e50cb992fba8a2eea5de6d39455c76d82d87b,seer_dial,discovery,warm,10,echo_rtt,0.043,ok
367e50cb992fba8a2eea5de6d39455c76d82d87b,seer_dial,discovery,warm,10,echo_rtt,0.038,ok
367e50cb992fba8a2eea5de6d39455c76d82d87b,seer_dial,discovery,warm,10,echo_rtt,0.038,ok
367e50cb992fba8a2eea5de6d39455c76d82d87b,seer_dial,discovery,warm,10,echo_rtt,0.050,ok
367e50cb992fba8a2eea5de6d39455c76d82d87b,seer_dial,discovery,warm,10,echo_rtt,0.038,ok
367e50cb992fba8a2eea5de6d39455c76d82d87b,seer_dial,discovery,warm,10,echo_rtt,0.036,ok
367e50cb992fba8a2eea5de6d39455c76d82d87b,seer_dial,discovery,warm,10,echo_rtt,0.041,ok
367e50cb992fba8a2eea5de6d39455c76d82d87b,seer_dial,discovery,warm,10,echo_rtt,0.033,ok
367e50cb992fba8a2eea5de6d39455c76d82d87b,seer_dial,discovery,warm,10,echo_rtt,0.041,ok
367e50cb992fba8a2eea5de6d39455c76d82d87b,seer_dial,discovery,warm,10,echo_rtt,0.032,ok
367e50cb992fba8a2eea5de6d39455c76d82d87b,seer_dial,discovery,warm,10,echo_rtt,0.041,ok
367e50cb992fba8a2eea5de6d39455c76d82d87b,seer_dial,discovery,warm,10,echo_rtt,0.038,ok
367e50cb992fba8a2eea5de6d39455c76d82d87b,seer_dial,discovery,warm,10,echo_rtt,0.042,ok
367e50cb992fba8a2eea5de6d39455c76d82d87b,seer_dial,discovery,warm,10,echo_rtt,0.036,ok
367e50cb992fba8a2eea5de6d39455c76d82d87b,seer_dial,discovery,warm,10,echo_rtt,0.036,ok
367e50cb992fba8a2eea5de6d39455c76d82d87b,seer_dial,discovery,warm,10,echo_rtt,0.036,ok
367e50cb992fba8a2eea5de6d39455c76d82d87b,seer_dial,discovery,warm,10,echo_rtt,0.035,ok
367e50cb992fba8a2eea5de6d39455c76d82d87b,seer_dial,discovery,warm,10,echo_rtt,0.036,ok
367e50cb992fba8a2eea5de6d39455c76d82d87b,seer_dial,discovery,warm,10,echo_rtt,0.035,ok
367e50cb992fba8a2eea5de6d39455c76d82d87b,seer_dial,discovery,warm,11,seer_dial,207.014,ok
367e50cb992fba8a2eea5de6d39455c76d82d87b,seer_dial,discovery,warm,11,stream_open,97.184,ok
367e50cb992fba8a2eea5de6d39455c76d82d87b,seer_dial,discovery,warm,11,echo_rtt,0.070,ok
367e50cb992fba8a2eea5de6d39455c76d82d87b,seer_dial,discovery,warm,11,echo_rtt,0.042,ok
367e50cb992fba8a2eea5de6d39455c76d82d87b,seer_dial,discovery,warm,11,echo_rtt,0.040,ok
367e50cb992fba8a2eea5de6d39455c76d82d87b,seer_dial,discovery,warm,11,echo_rtt,0.037,ok
367e50cb992fba8a2eea5de6d39455c76d82d87b,seer_dial,discovery,warm,11,echo_rtt,0.038,ok
367e50cb992fba8a2eea5de6d39455c76d82d87b,seer_dial,discovery,warm,11,echo_rtt,0.036,ok
367e50cb992fba8a2eea5de6d39455c76d82d87b,seer_dial,discovery,warm,11,echo_rtt,0.036,ok
367e50cb992fba8a2eea5de6d39455c76d82d87b,seer_dial,discovery,warm,11,echo_rtt,0.036,ok
367e50cb992fba8a2eea5de6d39455c76d82d87b,seer_dial,discovery,warm,11,echo_rtt,0.037,ok
367e50cb992fba8a2eea5de6d39455c76d82d87b,seer_dial,discovery,warm,11,echo_rtt,0.051,ok
367e50cb992fba8a2eea5de6d39455c76d82d87b,seer_dial,discovery,warm,11,echo_rtt,0.035,ok
367e50cb992fba8a2eea5de6d39455c76d82d87b,seer_dial,discovery,warm,11,echo_rtt,0.044,ok
367e50cb992fba8a2eea5de6d39455c76d82d87b,seer_dial,discovery,warm,11,echo_rtt,0.033,ok
367e50cb992fba8a2eea5de6d39455c76d82d87b,seer_dial,discovery,warm,11,echo_rtt,0.041,ok
367e50cb992fba8a2eea5de6d39455c76d82d87b,seer_dial,discovery,warm,11,echo_rtt,0.032,ok
367e50cb992fba8a2eea5de6d39455c76d82d87b,seer_dial,discovery,warm,11,echo_rtt,0.041,ok
367e50cb992fba8a2eea5de6d39455c76d82d87b,seer_dial,discovery,warm,11,echo_rtt,0.032,ok
367e50cb992fba8a2eea5de6d39455c76d82d87b,seer_dial,discovery,warm,11,echo_rtt,0.040,ok
367e50cb992fba8a2eea5de6d39455c76d82d87b,seer_dial,discovery,warm,11,echo_rtt,0.032,ok
367e50cb992fba8a2eea5de6d39455c76d82d87b,seer_dial,discovery,warm,11,echo_rtt,0.048,ok
367e50cb992fba8a2eea5de6d39455c76d82d87b,seer_dial,discovery,warm,12,seer_dial,194.627,ok
367e50cb992fba8a2eea5de6d39455c76d82d87b,seer_dial,discovery,warm,12,stream_open,92.476,ok
367e50cb992fba8a2eea5de6d39455c76d82d87b,seer_dial,discovery,warm,12,echo_rtt,0.054,ok
367e50cb992fba8a2eea5de6d39455c76d82d87b,seer_dial,discovery,warm,12,echo_rtt,0.035,ok
367e50cb992fba8a2eea5de6d39455c76d82d87b,seer_dial,discovery,warm,12,echo_rtt,0.042,ok
367e50cb992fba8a2eea5de6d39455c76d82d87b,seer_dial,discovery,warm,12,echo_rtt,0.032,ok
367e50cb992fba8a2eea5de6d39455c76d82d87b,seer_dial,discovery,warm,12,echo_rtt,0.041,ok
367e50cb992fba8a2eea5de6d39455c76d82d87b,seer_dial,discovery,warm,12,echo_rtt,0.032,ok
367e50cb992fba8a2eea5de6d39455c76d82d87b,seer_dial,discovery,warm,12,echo_rtt,0.041,ok
367e50cb992fba8a2eea5de6d39455c76d82d87b,seer_dial,discovery,warm,12,echo_rtt,0.031,ok
367e50cb992fba8a2eea5de6d39455c76d82d87b,seer_dial,discovery,warm,12,echo_rtt,0.041,ok
367e50cb992fba8a2eea5de6d39455c76d82d87b,seer_dial,discovery,warm,12,echo_rtt,0.037,ok
367e50cb992fba8a2eea5de6d39455c76d82d87b,seer_dial,discovery,warm,12,echo_rtt,0.072,ok
367e50cb992fba8a2eea5de6d39455c76d82d87b,seer_dial,discovery,warm,12,echo_rtt,0.036,ok
367e50cb992fba8a2eea5de6d39455c76d82d87b,seer_dial,discovery,warm,12,echo_rtt,0.036,ok
367e50cb992fba8a2eea5de6d39455c76d82d87b,seer_dial,discovery,warm,12,echo_rtt,0.040,ok
367e50cb992fba8a2eea5de6d39455c76d82d87b,seer_dial,discovery,warm,12,echo_rtt,0.036,ok
367e50cb992fba8a2eea5de6d39455c76d82d87b,seer_dial,discovery,warm,12,echo_rtt,0.036,ok
367e50cb992fba8a2eea5de6d39455c76d82d87b,seer_dial,discovery,warm,12,echo_rtt,0.036,ok
367e50cb992fba8a2eea5de6d39455c76d82d87b,seer_dial,discovery,warm,12,echo_rtt,0.041,ok
367e50cb992fba8a2eea5de6d39455c76d82d87b,seer_dial,discovery,warm,12,echo_rtt,0.031,ok
367e50cb992fba8a2eea5de6d39455c76d82d87b,seer_dial,discovery,warm,12,echo_rtt,0.040,ok
367e50cb992fba8a2eea5de6d39455c76d82d87b,seer_dial,discovery,warm,13,seer_dial,203.808,ok
367e50cb992fba8a2eea5de6d39455c76d82d87b,seer_dial,discovery,warm,13,stream_open,86.094,ok
367e50cb992fba8a2eea5de6d39455c76d82d87b,seer_dial,discovery,warm,13,echo_rtt,0.118,ok
367e50cb992fba8a2eea5de6d39455c76d82d87b,seer_dial,discovery,warm,13,echo_rtt,0.080,ok
367e50cb992fba8a2eea5de6d39455c76d82d87b,seer_dial,discovery,warm,13,echo_rtt,0.049,ok
367e50cb992fba8a2eea5de6d39455c76d82d87b,seer_dial,discovery,warm,13,echo_rtt,0.031,ok
367e50cb992fba8a2eea5de6d39455c76d82d87b,seer_dial,discovery,warm,13,echo_rtt,0.078,ok
367e50cb992fba8a2eea5de6d39455c76d82d87b,seer_dial,discovery,warm,13,echo_rtt,0.047,ok
367e50cb992fba8a2eea5de6d39455c76d82d87b,seer_dial,discovery,warm,13,echo_rtt,0.058,ok
367e50cb992fba8a2eea5de6d39455c76d82d87b,seer_dial,discovery,warm,13,echo_rtt,0.036,ok
367e50cb992fba8a2eea5de6d39455c76d82d87b,seer_dial,discovery,warm,13,echo_rtt,0.058,ok
367e50cb992fba8a2eea5de6d39455c76d82d87b,seer_dial,discovery,warm,13,echo_rtt,0.037,ok
367e50cb992fba8a2eea5de6d39455c76d82d87b,seer_dial,discovery,warm,13,echo_rtt,0.044,ok
367e50cb992fba8a2eea5de6d39455c76d82d87b,seer_dial,discovery,warm,13,echo_rtt,0.034,ok
367e50cb992fba8a2eea5de6d39455c76d82d87b,seer_dial,discovery,warm,13,echo_rtt,0.044,ok
367e50cb992fba8a2eea5de6d39455c76d82d87b,seer_dial,discovery,warm,13,echo_rtt,0.032,ok
367e50cb992fba8a2eea5de6d39455c76d82d87b,seer_dial,discovery,warm,13,echo_rtt,0.042,ok
367e50cb992fba8a2eea5de6d39455c76d82d87b,seer_dial,discovery,warm,13,echo_rtt,0.038,ok
367e50cb992fba8a2eea5de6d39455c76d82d87b,seer_dial,discovery,warm,13,echo_rtt,0.043,ok
367e50cb992fba8a2eea5de6d39455c76d82d87b,seer_dial,discovery,warm,13,echo_rtt,0.040,ok
367e50cb992fba8a2eea5de6d39455c76d82d87b,seer_dial,discovery,warm,13,echo_rtt,0.038,ok
367e50cb992fba8a2eea5de6d39455c76d82d87b,seer_dial,discovery,warm,13,echo_rtt,0.038,ok
367e50cb992fba8a2eea5de6d39455c76d82d87b,seer_dial,discovery,warm,14,seer_dial,196.390,ok
367e50cb992fba8a2eea5de6d39455c76d82d87b,seer_dial,discovery,warm,14,stream_open,83.925,ok
367e50cb992fba8a2eea5de6d39455c76d82d87b,seer_dial,discovery,warm,14,echo_rtt,0.187,ok
367e50cb992fba8a2eea5de6d39455c76d82d87b,seer_dial,discovery,warm,14,echo_rtt,0.044,ok
367e50cb992fba8a2eea5de6d39455c76d82d87b,seer_dial,discovery,warm,14,echo_rtt,0.038,ok
367e50cb992fba8a2eea5de6d39455c76d82d87b,seer_dial,discovery,warm,14,echo_rtt,0.038,ok
367e50cb992fba8a2eea5de6d39455c76d82d87b,seer_dial,discovery,warm,14,echo_rtt,0.043,ok
367e50cb992fba8a2eea5de6d39455c76d82d87b,seer_dial,discovery,warm,14,echo_rtt,0.040,ok
367e50cb992fba8a2eea5de6d39455c76d82d87b,seer_dial,discovery,warm,14,echo_rtt,0.036,ok
367e50cb992fba8a2eea5de6d39455c76d82d87b,seer_dial,discovery,warm,14,echo_rtt,0.036,ok
367e50cb992fba8a2eea5de6d39455c76d82d87b,seer_dial,discovery,warm,14,echo_rtt,0.049,ok
367e50cb992fba8a2eea5de6d39455c76d82d87b,seer_dial,discovery,warm,14,echo_rtt,0.052,ok
367e50cb992fba8a2eea5de6d39455c76d82d87b,seer_dial,discovery,warm,14,echo_rtt,0.042,ok
367e50cb992fba8a2eea5de6d39455c76d82d87b,seer_dial,discovery,warm,14,echo_rtt,0.040,ok
367e50cb992fba8a2eea5de6d39455c76d82d87b,seer_dial,discovery,warm,14,echo_rtt,0.041,ok
367e50cb992fba8a2eea5de6d39455c76d82d87b,seer_dial,discovery,warm,14,echo_rtt,0.038,ok
367e50cb992fba8a2eea5de6d39455c76d82d87b,seer_dial,discovery,warm,14,echo_rtt,0.040,ok
367e50cb992fba8a2eea5de6d39455c76d82d87b,seer_dial,discovery,warm,14,echo_rtt,0.036,ok
367e50cb992fba8a2eea5de6d39455c76d82d87b,seer_dial,discovery,warm,14,echo_rtt,0.035,ok
367e50cb992fba8a2eea5de6d39455c76d82d87b,seer_dial,discovery,warm,14,echo_rtt,0.036,ok
367e50cb992fba8a2eea5de6d39455c76d82d87b,seer_dial,discovery,warm,14,echo_rtt,0.036,ok
367e50cb992fba8a2eea5de6d39455c76d82d87b,seer_dial,discovery,warm,14,echo_rtt,0.036,ok
367e50cb992fba8a2eea5de6d39455c76d82d87b,seer_dial,discovery,warm,15,seer_dial,197.315,ok
367e50cb992fba8a2eea5de6d39455c76d82d87b,seer_dial,discovery,warm,15,stream_open,93.074,ok
367e50cb992fba8a2eea5de6d39455c76d82d87b,seer_dial,discovery,warm,15,echo_rtt,0.050,ok
367e50cb992fba8a2eea5de6d39455c76d82d87b,seer_dial,discovery,warm,15,echo_rtt,0.040,ok
367e50cb992fba8a2eea5de6d39455c76d82d87b,seer_dial,discovery,warm,15,echo_rtt,0.037,ok
367e50cb992fba8a2eea5de6d39455c76d82d87b,seer_dial,discovery,warm,15,echo_rtt,0.038,ok
367e50cb992fba8a2eea5de6d39455c76d82d87b,seer_dial,discovery,warm,15,echo_rtt,0.037,ok
367e50cb992fba8a2eea5de6d39455c76d82d87b,seer_dial,discovery,warm,15,echo_rtt,0.038,ok
367e50cb992fba8a2eea5de6d39455c76d82d87b,seer_dial,discovery,warm,15,echo_rtt,0.035,ok
367e50cb992fba8a2eea5de6d39455c76d82d87b,seer_dial,discovery,warm,15,echo_rtt,0.034,ok
367e50cb992fba8a2eea5de6d39455c76d82d87b,seer_dial,discovery,warm,15,echo_rtt,0.035,ok
367e50cb992fba8a2eea5de6d39455c76d82d87b,seer_dial,discovery,warm,15,echo_rtt,0.035,ok
367e50cb992fba8a2eea5de6d39455c76d82d87b,seer_dial,discovery,warm,15,echo_rtt,0.036,ok
367e50cb992fba8a2eea5de6d39455c76d82d87b,seer_dial,discovery,warm,15,echo_rtt,0.036,ok
367e50cb992fba8a2eea5de6d39455c76d82d87b,seer_dial,discovery,warm,15,echo_rtt,0.035,ok
367e50cb992fba8a2eea5de6d39455c76d82d87b,seer_dial,discovery,warm,15,echo_rtt,0.036,ok
367e50cb992fba8a2eea5de6d39455c76d82d87b,seer_dial,discovery,warm,15,echo_rtt,0.035,ok
367e50cb992fba8a2eea5de6d39455c76d82d87b,seer_dial,discovery,warm,15,echo_rtt,0.036,ok
367e50cb992fba8a2eea5de6d39455c76d82d87b,seer_dial,discovery,warm,15,echo_rtt,0.036,ok
367e50cb992fba8a2eea5de6d39455c76d82d87b,seer_dial,discovery,warm,15,echo_rtt,0.035,ok
367e50cb992fba8a2eea5de6d39455c76d82d87b,seer_dial,discovery,warm,15,echo_rtt,0.036,ok
367e50cb992fba8a2eea5de6d39455c76d82d87b,seer_dial,discovery,warm,15,echo_rtt,0.035,ok
367e50cb992fba8a2eea5de6d39455c76d82d87b,seer_dial,discovery,warm,16,seer_dial,195.800,ok
367e50cb992fba8a2eea5de6d39455c76d82d87b,seer_dial,discovery,warm,16,stream_open,362.741,ok
367e50cb992fba8a2eea5de6d39455c76d82d87b,seer_dial,discovery,warm,16,echo_rtt,0.064,ok
367e50cb992fba8a2eea5de6d39455c76d82d87b,seer_dial,discovery,warm,16,echo_rtt,0.044,ok
367e50cb992fba8a2eea5de6d39455c76d82d87b,seer_dial,discovery,warm,16,echo_rtt,0.043,ok
367e50cb992fba8a2eea5de6d39455c76d82d87b,seer_dial,discovery,warm,16,echo_rtt,0.038,ok
367e50cb992fba8a2eea5de6d39455c76d82d87b,seer_dial,discovery,warm,16,echo_rtt,0.041,ok
367e50cb992fba8a2eea5de6d39455c76d82d87b,seer_dial,discovery,warm,16,echo_rtt,0.030,ok
367e50cb992fba8a2eea5de6d39455c76d82d87b,seer_dial,discovery,warm,16,echo_rtt,0.039,ok
367e50cb992fba8a2eea5de6d39455c76d82d87b,seer_dial,discovery,warm,16,echo_rtt,0.031,ok
367e50cb992fba8a2eea5de6d39455c76d82d87b,seer_dial,discovery,warm,16,echo_rtt,0.039,ok
367e50cb992fba8a2eea5de6d39455c76d82d87b,seer_dial,discovery,warm,16,echo_rtt,0.031,ok
367e50cb992fba8a2eea5de6d39455c76d82d87b,seer_dial,discovery,warm,16,echo_rtt,0.045,ok
367e50cb992fba8a2eea5de6d39455c76d82d87b,seer_dial,discovery,warm,16,echo_rtt,0.031,ok
367e50cb992fba8a2eea5de6d39455c76d82d87b,seer_dial,discovery,warm,16,echo_rtt,0.054,ok
367e50cb992fba8a2eea5de6d39455c76d82d87b,seer_dial,discovery,warm,16,echo_rtt,0.032,ok
367e50cb992fba8a2eea5de6d39455c76d82d87b,seer_dial,discovery,warm,16,echo_rtt,0.039,ok
367e50cb992fba8a2eea5de6d39455c76d82d87b,seer_dial,discovery,warm,16,echo_rtt,0.035,ok
367e50cb992fba8a2eea5de6d39455c76d82d87b,seer_dial,discovery,warm,16,echo_rtt,0.041,ok
367e50cb992fba8a2eea5de6d39455c76d82d87b,seer_dial,discovery,warm,16,echo_rtt,0.032,ok
367e50cb992fba8a2eea5de6d39455c76d82d87b,seer_dial,discovery,warm,16,echo_rtt,0.040,ok
367e50cb992fba8a2eea5de6d39455c76d82d87b,seer_dial,discovery,warm,16,echo_rtt,0.032,ok
367e50cb992fba8a2eea5de6d39455c76d82d87b,seer_dial,discovery,warm,17,seer_dial,197.309,ok
367e50cb992fba8a2eea5de6d39455c76d82d87b,seer_dial,discovery,warm,17,stream_open,83.774,ok
367e50cb992fba8a2eea5de6d39455c76d82d87b,seer_dial,discovery,warm,17,echo_rtt,0.106,ok
367e50cb992fba8a2eea5de6d39455c76d82d87b,seer_dial,discovery,warm,17,echo_rtt,0.048,ok
367e50cb992fba8a2eea5de6d39455c76d82d87b,seer_dial,discovery,warm,17,echo_rtt,0.069,ok
367e50cb992fba8a2eea5de6d39455c76d82d87b,seer_dial,discovery,warm,17,echo_rtt,0.038,ok
367e50cb992fba8a2eea5de6d39455c76d82d87b,seer_dial,discovery,warm,17,echo_rtt,0.035,ok
367e50cb992fba8a2eea5de6d39455c76d82d87b,seer_dial,discovery,warm,17,echo_rtt,0.042,ok
367e50cb992fba8a2eea5de6d39455c76d82d87b,seer_dial,discovery,warm,17,echo_rtt,0.031,ok
367e50cb992fba8a2eea5de6d39455c76d82d87b,seer_dial,discovery,warm,17,echo_rtt,0.040,ok
367e50cb992fba8a2eea5de6d39455c76d82d87b,seer_dial,discovery,warm,17,echo_rtt,0.031,ok
367e50cb992fba8a2eea5de6d39455c76d82d87b,seer_dial,discovery,warm,17,echo_rtt,0.041,ok
367e50cb992fba8a2eea5de6d39455c76d82d87b,seer_dial,discovery,warm,17,echo_rtt,0.030,ok
367e50cb992fba8a2eea5de6d39455c76d82d87b,seer_dial,discovery,warm,17,echo_rtt,0.040,ok
367e50cb992fba8a2eea5de6d39455c76d82d87b,seer_dial,discovery,warm,17,echo_rtt,0.031,ok
367e50cb992fba8a2eea5de6d39455c76d82d87b,seer_dial,discovery,warm,17,echo_rtt,0.040,ok
367e50cb992fba8a2eea5de6d39455c76d82d87b,seer_dial,discovery,warm,17,echo_rtt,0.031,ok
367e50cb992fba8a2eea5de6d39455c76d82d87b,seer_dial,discovery,warm,17,echo_rtt,0.040,ok
367e50cb992fba8a2eea5de6d39455c76d82d87b,seer_dial,discovery,warm,17,echo_rtt,0.031,ok
367e50cb992fba8a2eea5de6d39455c76d82d87b,seer_dial,discovery,warm,17,echo_rtt,0.040,ok
367e50cb992fba8a2eea5de6d39455c76d82d87b,seer_dial,discovery,warm,17,echo_rtt,0.031,ok
367e50cb992fba8a2eea5de6d39455c76d82d87b,seer_dial,discovery,warm,17,echo_rtt,0.040,ok
367e50cb992fba8a2eea5de6d39455c76d82d87b,seer_dial,discovery,warm,18,seer_dial,198.013,ok
367e50cb992fba8a2eea5de6d39455c76d82d87b,seer_dial,discovery,warm,18,stream_open,223.780,ok
367e50cb992fba8a2eea5de6d39455c76d82d87b,seer_dial,discovery,warm,18,echo_rtt,0.086,ok
367e50cb992fba8a2eea5de6d39455c76d82d87b,seer_dial,discovery,warm,18,echo_rtt,0.043,ok
367e50cb992fba8a2eea5de6d39455c76d82d87b,seer_dial,discovery,warm,18,echo_rtt,0.048,ok
367e50cb992fba8a2eea5de6d39455c76d82d87b,seer_dial,discovery,warm,18,echo_rtt,0.040,ok
367e50cb992fba8a2eea5de6d39455c76d82d87b,seer_dial,discovery,warm,18,echo_rtt,0.052,ok
367e50cb992fba8a2eea5de6d39455c76d82d87b,seer_dial,discovery,warm,18,echo_rtt,0.034,ok
367e50cb992fba8a2eea5de6d39455c76d82d87b,seer_dial,discovery,warm,18,echo_rtt,0.045,ok
367e50cb992fba8a2eea5de6d39455c76d82d87b,seer_dial,discovery,warm,18,echo_rtt,0.034,ok
367e50cb992fba8a2eea5de6d39455c76d82d87b,seer_dial,discovery,warm,18,echo_rtt,0.044,ok
367e50cb992fba8a2eea5de6d39455c76d82d87b,seer_dial,discovery,warm,18,echo_rtt,0.035,ok
367e50cb992fba8a2eea5de6d39455c76d82d87b,seer_dial,discovery,warm,18,echo_rtt,0.046,ok
367e50cb992fba8a2eea5de6d39455c76d82d87b,seer_dial,discovery,warm,18,echo_rtt,0.034,ok
367e50cb992fba8a2eea5de6d39455c76d82d87b,seer_dial,discovery,warm,18,echo_rtt,0.040,ok
367e50cb992fba8a2eea5de6d39455c76d82d87b,seer_dial,discovery,warm,18,echo_rtt,0.031,ok
367e50cb992fba8a2eea5de6d39455c76d82d87b,seer_dial,discovery,warm,18,echo_rtt,0.038,ok
367e50cb992fba8a2eea5de6d39455c76d82d87b,seer_dial,discovery,warm,18,echo_rtt,0.035,ok
367e50cb992fba8a2eea5de6d39455c76d82d87b,seer_dial,discovery,warm,18,echo_rtt,0.035,ok
367e50cb992fba8a2eea5de6d39455c76d82d87b,seer_dial,discovery,warm,18,echo_rtt,0.036,ok
367e50cb992fba8a2eea5de6d39455c76d82d87b,seer_dial,discovery,warm,18,echo_rtt,0.034,ok
367e50cb992fba8a2eea5de6d39455c76d82d87b,seer_dial,discovery,warm,18,echo_rtt,0.034,ok
367e50cb992fba8a2eea5de6d39455c76d82d87b,seer_dial,discovery,warm,19,seer_dial,196.379,ok
367e50cb992fba8a2eea5de6d39455c76d82d87b,seer_dial,discovery,warm,19,stream_open,94.105,ok
367e50cb992fba8a2eea5de6d39455c76d82d87b,seer_dial,discovery,warm,19,echo_rtt,0.061,ok
367e50cb992fba8a2eea5de6d39455c76d82d87b,seer_dial,discovery,warm,19,echo_rtt,0.037,ok
367e50cb992fba8a2eea5de6d39455c76d82d87b,seer_dial,discovery,warm,19,echo_rtt,0.080,ok
367e50cb992fba8a2eea5de6d39455c76d82d87b,seer_dial,discovery,warm,19,echo_rtt,0.038,ok
367e50cb992fba8a2eea5de6d39455c76d82d87b,seer_dial,discovery,warm,19,echo_rtt,0.047,ok
367e50cb992fba8a2eea5de6d39455c76d82d87b,seer_dial,discovery,warm,19,echo_rtt,0.034,ok
367e50cb992fba8a2eea5de6d39455c76d82d87b,seer_dial,discovery,warm,19,echo_rtt,0.045,ok
367e50cb992fba8a2eea5de6d39455c76d82d87b,seer_dial,discovery,warm,19,echo_rtt,0.034,ok
367e50cb992fba8a2eea5de6d39455c76d82d87b,seer_dial,discovery,warm,19,echo_rtt,0.047,ok
367e50cb992fba8a2eea5de6d39455c76d82d87b,seer_dial,discovery,warm,19,echo_rtt,0.035,ok
367e50cb992fba8a2eea5de6d39455c76d82d87b,seer_dial,discovery,warm,19,echo_rtt,0.045,ok
367e50cb992fba8a2eea5de6d39455c76d82d87b,seer_dial,discovery,warm,19,echo_rtt,0.035,ok
367e50cb992fba8a2eea5de6d39455c76d82d87b,seer_dial,discovery,warm,19,echo_rtt,0.046,ok
367e50cb992fba8a2eea5de6d39455c76d82d87b,seer_dial,discovery,warm,19,echo_rtt,0.035,ok
367e50cb992fba8a2eea5de6d39455c76d82d87b,seer_dial,discovery,warm,19,echo_rtt,0.044,ok
367e50cb992fba8a2eea5de6d39455c76d82d87b,seer_dial,discovery,warm,19,echo_rtt,0.041,ok
367e50cb992fba8a2eea5de6d39455c76d82d87b,seer_dial,discovery,warm,19,echo_rtt,0.045,ok
367e50cb992fba8a2eea5de6d39455c76d82d87b,seer_dial,discovery,warm,19,echo_rtt,0.040,ok
367e50cb992fba8a2eea5de6d39455c76d82d87b,seer_dial,discovery,warm,19,echo_rtt,0.038,ok
367e50cb992fba8a2eea5de6d39455c76d82d87b,seer_dial,discovery,warm,19,echo_rtt,0.042,ok
367e50cb992fba8a2eea5de6d39455c76d82d87b,seer_dial,discovery,warm,20,seer_dial,194.906,ok
367e50cb992fba8a2eea5de6d39455c76d82d87b,seer_dial,discovery,warm,20,stream_open,83.392,ok
367e50cb992fba8a2eea5de6d39455c76d82d87b,seer_dial,discovery,warm,20,echo_rtt,0.132,ok
367e50cb992fba8a2eea5de6d39455c76d82d87b,seer_dial,discovery,warm,20,echo_rtt,0.056,ok
367e50cb992fba8a2eea5de6d39455c76d82d87b,seer_dial,discovery,warm,20,echo_rtt,0.041,ok
367e50cb992fba8a2eea5de6d39455c76d82d87b,seer_dial,discovery,warm,20,echo_rtt,0.031,ok
367e50cb992fba8a2eea5de6d39455c76d82d87b,seer_dial,discovery,warm,20,echo_rtt,0.042,ok
367e50cb992fba8a2eea5de6d39455c76d82d87b,seer_dial,discovery,warm,20,echo_rtt,0.031,ok
367e50cb992fba8a2eea5de6d39455c76d82d87b,seer_dial,discovery,warm,20,echo_rtt,0.040,ok
367e50cb992fba8a2eea5de6d39455c76d82d87b,seer_dial,discovery,warm,20,echo_rtt,0.031,ok
367e50cb992fba8a2eea5de6d39455c76d82d87b,seer_dial,discovery,warm,20,echo_rtt,0.039,ok
367e50cb992fba8a2eea5de6d39455c76d82d87b,seer_dial,discovery,warm,20,echo_rtt,0.030,ok
367e50cb992fba8a2eea5de6d39455c76d82d87b,seer_dial,discovery,warm,20,echo_rtt,0.038,ok
367e50cb992fba8a2eea5de6d39455c76d82d87b,seer_dial,discovery,warm,20,echo_rtt,0.031,ok
367e50cb992fba8a2eea5de6d39455c76d82d87b,seer_dial,discovery,warm,20,echo_rtt,0.040,ok
367e50cb992fba8a2eea5de6d39455c76d82d87b,seer_dial,discovery,warm,20,echo_rtt,0.031,ok
367e50cb992fba8a2eea5de6d39455c76d82d87b,seer_dial,discovery,warm,20,echo_rtt,0.041,ok
367e50cb992fba8a2eea5de6d39455c76d82d87b,seer_dial,discovery,warm,20,echo_rtt,0.030,ok
367e50cb992fba8a2eea5de6d39455c76d82d87b,seer_dial,discovery,warm,20,echo_rtt,0.044,ok
367e50cb992fba8a2eea5de6d39455c76d82d87b,seer_dial,discovery,warm,20,echo_rtt,0.030,ok
367e50cb992fba8a2eea5de6d39455c76d82d87b,seer_dial,discovery,warm,20,echo_rtt,0.059,ok
367e50cb992fba8a2eea5de6d39455c76d82d87b,seer_dial,discovery,warm,20,echo_rtt,0.034,ok
367e50cb992fba8a2eea5de6d39455c76d82d87b,seer_session,discovery,cold,0,process_spawn,0.734,ok
367e50cb992fba8a2eea5de6d39455c76d82d87b,seer_session,discovery,cold,0,seer_dial_session,204.426,ok
367e50cb992fba8a2eea5de6d39455c76d82d87b,seer_session,discovery,cold,0,stream_open,96.140,ok
367e50cb992fba8a2eea5de6d39455c76d82d87b,seer_session,discovery,cold,0,echo_rtt,0.050,ok
367e50cb992fba8a2eea5de6d39455c76d82d87b,seer_session,discovery,cold,0,echo_rtt,0.040,ok
367e50cb992fba8a2eea5de6d39455c76d82d87b,seer_session,discovery,cold,0,echo_rtt,0.038,ok
367e50cb992fba8a2eea5de6d39455c76d82d87b,seer_session,discovery,cold,0,echo_rtt,0.036,ok
367e50cb992fba8a2eea5de6d39455c76d82d87b,seer_session,discovery,cold,0,echo_rtt,0.037,ok
367e50cb992fba8a2eea5de6d39455c76d82d87b,seer_session,discovery,cold,0,echo_rtt,0.037,ok
367e50cb992fba8a2eea5de6d39455c76d82d87b,seer_session,discovery,cold,0,echo_rtt,0.038,ok
367e50cb992fba8a2eea5de6d39455c76d82d87b,seer_session,discovery,cold,0,echo_rtt,0.037,ok
367e50cb992fba8a2eea5de6d39455c76d82d87b,seer_session,discovery,cold,0,echo_rtt,0.051,ok
367e50cb992fba8a2eea5de6d39455c76d82d87b,seer_session,discovery,cold,0,echo_rtt,0.037,ok
367e50cb992fba8a2eea5de6d39455c76d82d87b,seer_session,discovery,cold,0,echo_rtt,0.036,ok
367e50cb992fba8a2eea5de6d39455c76d82d87b,seer_session,discovery,cold,0,echo_rtt,0.035,ok
367e50cb992fba8a2eea5de6d39455c76d82d87b,seer_session,discovery,cold,0,echo_rtt,0.036,ok
367e50cb992fba8a2eea5de6d39455c76d82d87b,seer_session,discovery,cold,0,echo_rtt,0.036,ok
367e50cb992fba8a2eea5de6d39455c76d82d87b,seer_session,discovery,cold,0,echo_rtt,0.036,ok
367e50cb992fba8a2eea5de6d39455c76d82d87b,seer_session,discovery,cold,0,echo_rtt,0.036,ok
367e50cb992fba8a2eea5de6d39455c76d82d87b,seer_session,discovery,cold,0,echo_rtt,0.036,ok
367e50cb992fba8a2eea5de6d39455c76d82d87b,seer_session,discovery,cold,0,echo_rtt,0.036,ok
367e50cb992fba8a2eea5de6d39455c76d82d87b,seer_session,discovery,cold,0,echo_rtt,0.036,ok
367e50cb992fba8a2eea5de6d39455c76d82d87b,seer_session,discovery,cold,0,echo_rtt,0.036,ok
367e50cb992fba8a2eea5de6d39455c76d82d87b,seer_session,discovery,cold,0,process_spawn,0.634,ok
367e50cb992fba8a2eea5de6d39455c76d82d87b,seer_session,discovery,cold,0,seer_dial_session,204.812,ok
367e50cb992fba8a2eea5de6d39455c76d82d87b,seer_session,discovery,cold,0,stream_open,96.221,ok
367e50cb992fba8a2eea5de6d39455c76d82d87b,seer_session,discovery,cold,0,echo_rtt,0.059,ok
367e50cb992fba8a2eea5de6d39455c76d82d87b,seer_session,discovery,cold,0,echo_rtt,0.036,ok
367e50cb992fba8a2eea5de6d39455c76d82d87b,seer_session,discovery,cold,0,echo_rtt,0.043,ok
367e50cb992fba8a2eea5de6d39455c76d82d87b,seer_session,discovery,cold,0,echo_rtt,0.033,ok
367e50cb992fba8a2eea5de6d39455c76d82d87b,seer_session,discovery,cold,0,echo_rtt,0.041,ok
367e50cb992fba8a2eea5de6d39455c76d82d87b,seer_session,discovery,cold,0,echo_rtt,0.036,ok
367e50cb992fba8a2eea5de6d39455c76d82d87b,seer_session,discovery,cold,0,echo_rtt,0.036,ok
367e50cb992fba8a2eea5de6d39455c76d82d87b,seer_session,discovery,cold,0,echo_rtt,0.037,ok
367e50cb992fba8a2eea5de6d39455c76d82d87b,seer_session,discovery,cold,0,echo_rtt,0.036,ok
367e50cb992fba8a2eea5de6d39455c76d82d87b,seer_session,discovery,cold,0,echo_rtt,0.037,ok
367e50cb992fba8a2eea5de6d39455c76d82d87b,seer_session,discovery,cold,0,echo_rtt,0.036,ok
367e50cb992fba8a2eea5de6d39455c76d82d87b,seer_session,discovery,cold,0,echo_rtt,0.036,ok
367e50cb992fba8a2eea5de6d39455c76d82d87b,seer_session,discovery,cold,0,echo_rtt,0.036,ok
367e50cb992fba8a2eea5de6d39455c76d82d87b,seer_session,discovery,cold,0,echo_rtt,0.041,ok
367e50cb992fba8a2eea5de6d39455c76d82d87b,seer_session,discovery,cold,0,echo_rtt,0.037,ok
367e50cb992fba8a2eea5de6d39455c76d82d87b,seer_session,discovery,cold,0,echo_rtt,0.037,ok
367e50cb992fba8a2eea5de6d39455c76d82d87b,seer_session,discovery,cold,0,echo_rtt,0.036,ok
367e50cb992fba8a2eea5de6d39455c76d82d87b,seer_session,discovery,cold,0,echo_rtt,0.036,ok
367e50cb992fba8a2eea5de6d39455c76d82d87b,seer_session,discovery,cold,0,echo_rtt,0.036,ok
367e50cb992fba8a2eea5de6d39455c76d82d87b,seer_session,discovery,cold,0,echo_rtt,0.035,ok
367e50cb992fba8a2eea5de6d39455c76d82d87b,seer_session,discovery,cold,0,process_spawn,0.727,ok
367e50cb992fba8a2eea5de6d39455c76d82d87b,seer_session,discovery,cold,0,seer_dial_session,196.651,ok
367e50cb992fba8a2eea5de6d39455c76d82d87b,seer_session,discovery,cold,0,stream_open,93.473,ok
367e50cb992fba8a2eea5de6d39455c76d82d87b,seer_session,discovery,cold,0,echo_rtt,0.060,ok
367e50cb992fba8a2eea5de6d39455c76d82d87b,seer_session,discovery,cold,0,echo_rtt,0.036,ok
367e50cb992fba8a2eea5de6d39455c76d82d87b,seer_session,discovery,cold,0,echo_rtt,0.044,ok
367e50cb992fba8a2eea5de6d39455c76d82d87b,seer_session,discovery,cold,0,echo_rtt,0.032,ok
367e50cb992fba8a2eea5de6d39455c76d82d87b,seer_session,discovery,cold,0,echo_rtt,0.041,ok
367e50cb992fba8a2eea5de6d39455c76d82d87b,seer_session,discovery,cold,0,echo_rtt,0.031,ok
367e50cb992fba8a2eea5de6d39455c76d82d87b,seer_session,discovery,cold,0,echo_rtt,0.041,ok
367e50cb992fba8a2eea5de6d39455c76d82d87b,seer_session,discovery,cold,0,echo_rtt,0.030,ok
367e50cb992fba8a2eea5de6d39455c76d82d87b,seer_session,discovery,cold,0,echo_rtt,0.042,ok
367e50cb992fba8a2eea5de6d39455c76d82d87b,seer_session,discovery,cold,0,echo_rtt,0.032,ok
367e50cb992fba8a2eea5de6d39455c76d82d87b,seer_session,discovery,cold,0,echo_rtt,0.042,ok
367e50cb992fba8a2eea5de6d39455c76d82d87b,seer_session,discovery,cold,0,echo_rtt,0.032,ok
367e50cb992fba8a2eea5de6d39455c76d82d87b,seer_session,discovery,cold,0,echo_rtt,0.040,ok
367e50cb992fba8a2eea5de6d39455c76d82d87b,seer_session,discovery,cold,0,echo_rtt,0.038,ok
367e50cb992fba8a2eea5de6d39455c76d82d87b,seer_session,discovery,cold,0,echo_rtt,0.042,ok
367e50cb992fba8a2eea5de6d39455c76d82d87b,seer_session,discovery,cold,0,echo_rtt,0.038,ok
367e50cb992fba8a2eea5de6d39455c76d82d87b,seer_session,discovery,cold,0,echo_rtt,0.036,ok
367e50cb992fba8a2eea5de6d39455c76d82d87b,seer_session,discovery,cold,0,echo_rtt,0.036,ok
367e50cb992fba8a2eea5de6d39455c76d82d87b,seer_session,discovery,cold,0,echo_rtt,0.036,ok
367e50cb992fba8a2eea5de6d39455c76d82d87b,seer_session,discovery,cold,0,echo_rtt,0.035,ok
367e50cb992fba8a2eea5de6d39455c76d82d87b,seer_session,discovery,cold,0,process_spawn,0.651,ok
367e50cb992fba8a2eea5de6d39455c76d82d87b,seer_session,discovery,cold,0,seer_dial_session,204.507,ok
367e50cb992fba8a2eea5de6d39455c76d82d87b,seer_session,discovery,cold,0,stream_open,85.551,ok
367e50cb992fba8a2eea5de6d39455c76d82d87b,seer_session,discovery,cold,0,echo_rtt,0.183,ok
367e50cb992fba8a2eea5de6d39455c76d82d87b,seer_session,discovery,cold,0,echo_rtt,0.044,ok
367e50cb992fba8a2eea5de6d39455c76d82d87b,seer_session,discovery,cold,0,echo_rtt,0.038,ok
367e50cb992fba8a2eea5de6d39455c76d82d87b,seer_session,discovery,cold,0,echo_rtt,0.037,ok
367e50cb992fba8a2eea5de6d39455c76d82d87b,seer_session,discovery,cold,0,echo_rtt,0.037,ok
367e50cb992fba8a2eea5de6d39455c76d82d87b,seer_session,discovery,cold,0,echo_rtt,0.036,ok
367e50cb992fba8a2eea5de6d39455c76d82d87b,seer_session,discovery,cold,0,echo_rtt,0.037,ok
367e50cb992fba8a2eea5de6d39455c76d82d87b,seer_session,discovery,cold,0,echo_rtt,0.039,ok
367e50cb992fba8a2eea5de6d39455c76d82d87b,seer_session,discovery,cold,0,echo_rtt,0.037,ok
367e50cb992fba8a2eea5de6d39455c76d82d87b,seer_session,discovery,cold,0,echo_rtt,0.036,ok
367e50cb992fba8a2eea5de6d39455c76d82d87b,seer_session,discovery,cold,0,echo_rtt,0.036,ok
367e50cb992fba8a2eea5de6d39455c76d82d87b,seer_session,discovery,cold,0,echo_rtt,0.038,ok
367e50cb992fba8a2eea5de6d39455c76d82d87b,seer_session,discovery,cold,0,echo_rtt,0.036,ok
367e50cb992fba8a2eea5de6d39455c76d82d87b,seer_session,discovery,cold,0,echo_rtt,0.036,ok
367e50cb992fba8a2eea5de6d39455c76d82d87b,seer_session,discovery,cold,0,echo_rtt,0.037,ok
367e50cb992fba8a2eea5de6d39455c76d82d87b,seer_session,discovery,cold,0,echo_rtt,0.054,ok
367e50cb992fba8a2eea5de6d39455c76d82d87b,seer_session,discovery,cold,0,echo_rtt,0.043,ok
367e50cb992fba8a2eea5de6d39455c76d82d87b,seer_session,discovery,cold,0,echo_rtt,0.039,ok
367e50cb992fba8a2eea5de6d39455c76d82d87b,seer_session,discovery,cold,0,echo_rtt,0.037,ok
367e50cb992fba8a2eea5de6d39455c76d82d87b,seer_session,discovery,cold,0,echo_rtt,0.035,ok
367e50cb992fba8a2eea5de6d39455c76d82d87b,seer_session,discovery,cold,0,process_spawn,0.623,ok
367e50cb992fba8a2eea5de6d39455c76d82d87b,seer_session,discovery,cold,0,seer_dial_session,195.688,ok
367e50cb992fba8a2eea5de6d39455c76d82d87b,seer_session,discovery,cold,0,stream_open,93.211,ok
367e50cb992fba8a2eea5de6d39455c76d82d87b,seer_session,discovery,cold,0,echo_rtt,0.070,ok
367e50cb992fba8a2eea5de6d39455c76d82d87b,seer_session,discovery,cold,0,echo_rtt,0.043,ok
367e50cb992fba8a2eea5de6d39455c76d82d87b,seer_session,discovery,cold,0,echo_rtt,0.053,ok
367e50cb992fba8a2eea5de6d39455c76d82d87b,seer_session,discovery,cold,0,echo_rtt,0.037,ok
367e50cb992fba8a2eea5de6d39455c76d82d87b,seer_session,discovery,cold,0,echo_rtt,0.051,ok
367e50cb992fba8a2eea5de6d39455c76d82d87b,seer_session,discovery,cold,0,echo_rtt,0.037,ok
367e50cb992fba8a2eea5de6d39455c76d82d87b,seer_session,discovery,cold,0,echo_rtt,0.052,ok
367e50cb992fba8a2eea5de6d39455c76d82d87b,seer_session,discovery,cold,0,echo_rtt,0.035,ok
367e50cb992fba8a2eea5de6d39455c76d82d87b,seer_session,discovery,cold,0,echo_rtt,0.040,ok
367e50cb992fba8a2eea5de6d39455c76d82d87b,seer_session,discovery,cold,0,echo_rtt,0.034,ok
367e50cb992fba8a2eea5de6d39455c76d82d87b,seer_session,discovery,cold,0,echo_rtt,0.042,ok
367e50cb992fba8a2eea5de6d39455c76d82d87b,seer_session,discovery,cold,0,echo_rtt,0.032,ok
367e50cb992fba8a2eea5de6d39455c76d82d87b,seer_session,discovery,cold,0,echo_rtt,0.041,ok
367e50cb992fba8a2eea5de6d39455c76d82d87b,seer_session,discovery,cold,0,echo_rtt,0.037,ok
367e50cb992fba8a2eea5de6d39455c76d82d87b,seer_session,discovery,cold,0,echo_rtt,0.037,ok
367e50cb992fba8a2eea5de6d39455c76d82d87b,seer_session,discovery,cold,0,echo_rtt,0.036,ok
367e50cb992fba8a2eea5de6d39455c76d82d87b,seer_session,discovery,cold,0,echo_rtt,0.036,ok
367e50cb992fba8a2eea5de6d39455c76d82d87b,seer_session,discovery,cold,0,echo_rtt,0.035,ok
367e50cb992fba8a2eea5de6d39455c76d82d87b,seer_session,discovery,cold,0,echo_rtt,0.036,ok
367e50cb992fba8a2eea5de6d39455c76d82d87b,seer_session,discovery,cold,0,echo_rtt,0.035,ok
367e50cb992fba8a2eea5de6d39455c76d82d87b,seer_session,discovery,cold,0,process_spawn,0.610,ok
367e50cb992fba8a2eea5de6d39455c76d82d87b,seer_session,discovery,cold,0,seer_dial_session,204.449,ok
367e50cb992fba8a2eea5de6d39455c76d82d87b,seer_session,discovery,cold,0,stream_open,96.557,ok
367e50cb992fba8a2eea5de6d39455c76d82d87b,seer_session,discovery,cold,0,echo_rtt,0.042,ok
367e50cb992fba8a2eea5de6d39455c76d82d87b,seer_session,discovery,cold,0,echo_rtt,0.046,ok
367e50cb992fba8a2eea5de6d39455c76d82d87b,seer_session,discovery,cold,0,echo_rtt,0.038,ok
367e50cb992fba8a2eea5de6d39455c76d82d87b,seer_session,discovery,cold,0,echo_rtt,0.050,ok
367e50cb992fba8a2eea5de6d39455c76d82d87b,seer_session,discovery,cold,0,echo_rtt,0.033,ok
367e50cb992fba8a2eea5de6d39455c76d82d87b,seer_session,discovery,cold,0,echo_rtt,0.042,ok
367e50cb992fba8a2eea5de6d39455c76d82d87b,seer_session,discovery,cold,0,echo_rtt,0.032,ok
367e50cb992fba8a2eea5de6d39455c76d82d87b,seer_session,discovery,cold,0,echo_rtt,0.040,ok
367e50cb992fba8a2eea5de6d39455c76d82d87b,seer_session,discovery,cold,0,echo_rtt,0.032,ok
367e50cb992fba8a2eea5de6d39455c76d82d87b,seer_session,discovery,cold,0,echo_rtt,0.041,ok
367e50cb992fba8a2eea5de6d39455c76d82d87b,seer_session,discovery,cold,0,echo_rtt,0.032,ok
367e50cb992fba8a2eea5de6d39455c76d82d87b,seer_session,discovery,cold,0,echo_rtt,0.040,ok
367e50cb992fba8a2eea5de6d39455c76d82d87b,seer_session,discovery,cold,0,echo_rtt,0.033,ok
367e50cb992fba8a2eea5de6d39455c76d82d87b,seer_session,discovery,cold,0,echo_rtt,0.040,ok
367e50cb992fba8a2eea5de6d39455c76d82d87b,seer_session,discovery,cold,0,echo_rtt,0.032,ok
367e50cb992fba8a2eea5de6d39455c76d82d87b,seer_session,discovery,cold,0,echo_rtt,0.040,ok
367e50cb992fba8a2eea5de6d39455c76d82d87b,seer_session,discovery,cold,0,echo_rtt,0.030,ok
367e50cb992fba8a2eea5de6d39455c76d82d87b,seer_session,discovery,cold,0,echo_rtt,0.040,ok
367e50cb992fba8a2eea5de6d39455c76d82d87b,seer_session,discovery,cold,0,echo_rtt,0.031,ok
367e50cb992fba8a2eea5de6d39455c76d82d87b,seer_session,discovery,cold,0,echo_rtt,0.040,ok
367e50cb992fba8a2eea5de6d39455c76d82d87b,seer_session,discovery,cold,0,process_spawn,0.654,ok
367e50cb992fba8a2eea5de6d39455c76d82d87b,seer_session,discovery,cold,0,seer_dial_session,195.250,ok
367e50cb992fba8a2eea5de6d39455c76d82d87b,seer_session,discovery,cold,0,stream_open,92.947,ok
367e50cb992fba8a2eea5de6d39455c76d82d87b,seer_session,discovery,cold,0,echo_rtt,0.053,ok
367e50cb992fba8a2eea5de6d39455c76d82d87b,seer_session,discovery,cold,0,echo_rtt,0.034,ok
367e50cb992fba8a2eea5de6d39455c76d82d87b,seer_session,discovery,cold,0,echo_rtt,0.042,ok
367e50cb992fba8a2eea5de6d39455c76d82d87b,seer_session,discovery,cold,0,echo_rtt,0.032,ok
367e50cb992fba8a2eea5de6d39455c76d82d87b,seer_session,discovery,cold,0,echo_rtt,0.042,ok
367e50cb992fba8a2eea5de6d39455c76d82d87b,seer_session,discovery,cold,0,echo_rtt,0.032,ok
367e50cb992fba8a2eea5de6d39455c76d82d87b,seer_session,discovery,cold,0,echo_rtt,0.040,ok
367e50cb992fba8a2eea5de6d39455c76d82d87b,seer_session,discovery,cold,0,echo_rtt,0.032,ok
367e50cb992fba8a2eea5de6d39455c76d82d87b,seer_session,discovery,cold,0,echo_rtt,0.043,ok
367e50cb992fba8a2eea5de6d39455c76d82d87b,seer_session,discovery,cold,0,echo_rtt,0.032,ok
367e50cb992fba8a2eea5de6d39455c76d82d87b,seer_session,discovery,cold,0,echo_rtt,0.041,ok
367e50cb992fba8a2eea5de6d39455c76d82d87b,seer_session,discovery,cold,0,echo_rtt,0.031,ok
367e50cb992fba8a2eea5de6d39455c76d82d87b,seer_session,discovery,cold,0,echo_rtt,0.040,ok
367e50cb992fba8a2eea5de6d39455c76d82d87b,seer_session,discovery,cold,0,echo_rtt,0.032,ok
367e50cb992fba8a2eea5de6d39455c76d82d87b,seer_session,discovery,cold,0,echo_rtt,0.039,ok
367e50cb992fba8a2eea5de6d39455c76d82d87b,seer_session,discovery,cold,0,echo_rtt,0.032,ok
367e50cb992fba8a2eea5de6d39455c76d82d87b,seer_session,discovery,cold,0,echo_rtt,0.041,ok
367e50cb992fba8a2eea5de6d39455c76d82d87b,seer_session,discovery,cold,0,echo_rtt,0.032,ok
367e50cb992fba8a2eea5de6d39455c76d82d87b,seer_session,discovery,cold,0,echo_rtt,0.040,ok
367e50cb992fba8a2eea5de6d39455c76d82d87b,seer_session,discovery,cold,0,echo_rtt,0.032,ok
367e50cb992fba8a2eea5de6d39455c76d82d87b,seer_session,discovery,cold,0,process_spawn,0.630,ok
367e50cb992fba8a2eea5de6d39455c76d82d87b,seer_session,discovery,cold,0,seer_dial_session,195.207,ok
367e50cb992fba8a2eea5de6d39455c76d82d87b,seer_session,discovery,cold,0,stream_open,83.196,ok
367e50cb992fba8a2eea5de6d39455c76d82d87b,seer_session,discovery,cold,0,echo_rtt,0.231,ok
367e50cb992fba8a2eea5de6d39455c76d82d87b,seer_session,discovery,cold,0,echo_rtt,0.054,ok
367e50cb992fba8a2eea5de6d39455c76d82d87b,seer_session,discovery,cold,0,echo_rtt,0.041,ok
367e50cb992fba8a2eea5de6d39455c76d82d87b,seer_session,discovery,cold,0,echo_rtt,0.056,ok
367e50cb992fba8a2eea5de6d39455c76d82d87b,seer_session,discovery,cold,0,echo_rtt,0.040,ok
367e50cb992fba8a2eea5de6d39455c76d82d87b,seer_session,discovery,cold,0,echo_rtt,0.040,ok
367e50cb992fba8a2eea5de6d39455c76d82d87b,seer_session,discovery,cold,0,echo_rtt,0.038,ok
367e50cb992fba8a2eea5de6d39455c76d82d87b,seer_session,discovery,cold,0,echo_rtt,0.037,ok
367e50cb992fba8a2eea5de6d39455c76d82d87b,seer_session,discovery,cold,0,echo_rtt,0.036,ok
367e50cb992fba8a2eea5de6d39455c76d82d87b,seer_session,discovery,cold,0,echo_rtt,0.035,ok
367e50cb992fba8a2eea5de6d39455c76d82d87b,seer_session,discovery,cold,0,echo_rtt,0.037,ok
367e50cb992fba8a2eea5de6d39455c76d82d87b,seer_session,discovery,cold,0,echo_rtt,0.035,ok
367e50cb992fba8a2eea5de6d39455c76d82d87b,seer_session,discovery,cold,0,echo_rtt,0.035,ok
367e50cb992fba8a2eea5de6d39455c76d82d87b,seer_session,discovery,cold,0,echo_rtt,0.035,ok
367e50cb992fba8a2eea5de6d39455c76d82d87b,seer_session,discovery,cold,0,echo_rtt,0.036,ok
367e50cb992fba8a2eea5de6d39455c76d82d87b,seer_session,discovery,cold,0,echo_rtt,0.038,ok
367e50cb992fba8a2eea5de6d39455c76d82d87b,seer_session,discovery,cold,0,echo_rtt,0.037,ok
367e50cb992fba8a2eea5de6d39455c76d82d87b,seer_session,discovery,cold,0,echo_rtt,0.036,ok
367e50cb992fba8a2eea5de6d39455c76d82d87b,seer_session,discovery,cold,0,echo_rtt,0.038,ok
367e50cb992fba8a2eea5de6d39455c76d82d87b,seer_session,discovery,cold,0,echo_rtt,0.039,ok
367e50cb992fba8a2eea5de6d39455c76d82d87b,seer_session,discovery,cold,0,process_spawn,0.627,ok
367e50cb992fba8a2eea5de6d39455c76d82d87b,seer_session,discovery,cold,0,seer_dial_session,196.690,ok
367e50cb992fba8a2eea5de6d39455c76d82d87b,seer_session,discovery,cold,0,stream_open,83.644,ok
367e50cb992fba8a2eea5de6d39455c76d82d87b,seer_session,discovery,cold,0,echo_rtt,0.129,ok
367e50cb992fba8a2eea5de6d39455c76d82d87b,seer_session,discovery,cold,0,echo_rtt,0.076,ok
367e50cb992fba8a2eea5de6d39455c76d82d87b,seer_session,discovery,cold,0,echo_rtt,0.050,ok
367e50cb992fba8a2eea5de6d39455c76d82d87b,seer_session,discovery,cold,0,echo_rtt,0.036,ok
367e50cb992fba8a2eea5de6d39455c76d82d87b,seer_session,discovery,cold,0,echo_rtt,0.044,ok
367e50cb992fba8a2eea5de6d39455c76d82d87b,seer_session,discovery,cold,0,echo_rtt,0.035,ok
367e50cb992fba8a2eea5de6d39455c76d82d87b,seer_session,discovery,cold,0,echo_rtt,0.043,ok
367e50cb992fba8a2eea5de6d39455c76d82d87b,seer_session,discovery,cold,0,echo_rtt,0.035,ok
367e50cb992fba8a2eea5de6d39455c76d82d87b,seer_session,discovery,cold,0,echo_rtt,0.045,ok
367e50cb992fba8a2eea5de6d39455c76d82d87b,seer_session,discovery,cold,0,echo_rtt,0.038,ok
367e50cb992fba8a2eea5de6d39455c76d82d87b,seer_session,discovery,cold,0,echo_rtt,0.043,ok
367e50cb992fba8a2eea5de6d39455c76d82d87b,seer_session,discovery,cold,0,echo_rtt,0.035,ok
367e50cb992fba8a2eea5de6d39455c76d82d87b,seer_session,discovery,cold,0,echo_rtt,0.043,ok
367e50cb992fba8a2eea5de6d39455c76d82d87b,seer_session,discovery,cold,0,echo_rtt,0.034,ok
367e50cb992fba8a2eea5de6d39455c76d82d87b,seer_session,discovery,cold,0,echo_rtt,0.042,ok
367e50cb992fba8a2eea5de6d39455c76d82d87b,seer_session,discovery,cold,0,echo_rtt,0.035,ok
367e50cb992fba8a2eea5de6d39455c76d82d87b,seer_session,discovery,cold,0,echo_rtt,0.044,ok
367e50cb992fba8a2eea5de6d39455c76d82d87b,seer_session,discovery,cold,0,echo_rtt,0.035,ok
367e50cb992fba8a2eea5de6d39455c76d82d87b,seer_session,discovery,cold,0,echo_rtt,0.043,ok
367e50cb992fba8a2eea5de6d39455c76d82d87b,seer_session,discovery,cold,0,echo_rtt,0.033,ok
367e50cb992fba8a2eea5de6d39455c76d82d87b,seer_session,discovery,cold,0,process_spawn,0.638,ok
367e50cb992fba8a2eea5de6d39455c76d82d87b,seer_session,discovery,cold,0,seer_dial_session,205.028,ok
367e50cb992fba8a2eea5de6d39455c76d82d87b,seer_session,discovery,cold,0,stream_open,96.025,ok
367e50cb992fba8a2eea5de6d39455c76d82d87b,seer_session,discovery,cold,0,echo_rtt,0.067,ok
367e50cb992fba8a2eea5de6d39455c76d82d87b,seer_session,discovery,cold,0,echo_rtt,0.042,ok
367e50cb992fba8a2eea5de6d39455c76d82d87b,seer_session,discovery,cold,0,echo_rtt,0.056,ok
367e50cb992fba8a2eea5de6d39455c76d82d87b,seer_session,discovery,cold,0,echo_rtt,0.038,ok
367e50cb992fba8a2eea5de6d39455c76d82d87b,seer_session,discovery,cold,0,echo_rtt,0.052,ok
367e50cb992fba8a2eea5de6d39455c76d82d87b,seer_session,discovery,cold,0,echo_rtt,0.036,ok
367e50cb992fba8a2eea5de6d39455c76d82d87b,seer_session,discovery,cold,0,echo_rtt,0.043,ok
367e50cb992fba8a2eea5de6d39455c76d82d87b,seer_session,discovery,cold,0,echo_rtt,0.037,ok
367e50cb992fba8a2eea5de6d39455c76d82d87b,seer_session,discovery,cold,0,echo_rtt,0.037,ok
367e50cb992fba8a2eea5de6d39455c76d82d87b,seer_session,discovery,cold,0,echo_rtt,0.037,ok
367e50cb992fba8a2eea5de6d39455c76d82d87b,seer_session,discovery,cold,0,echo_rtt,0.036,ok
367e50cb992fba8a2eea5de6d39455c76d82d87b,seer_session,discovery,cold,0,echo_rtt,0.036,ok
367e50cb992fba8a2eea5de6d39455c76d82d87b,seer_session,discovery,cold,0,echo_rtt,0.091,ok
367e50cb992fba8a2eea5de6d39455c76d82d87b,seer_session,discovery,cold,0,echo_rtt,0.037,ok
367e50cb992fba8a2eea5de6d39455c76d82d87b,seer_session,discovery,cold,0,echo_rtt,0.051,ok
367e50cb992fba8a2eea5de6d39455c76d82d87b,seer_session,discovery,cold,0,echo_rtt,0.036,ok
367e50cb992fba8a2eea5de6d39455c76d82d87b,seer_session,discovery,cold,0,echo_rtt,0.035,ok
367e50cb992fba8a2eea5de6d39455c76d82d87b,seer_session,discovery,cold,0,echo_rtt,0.037,ok
367e50cb992fba8a2eea5de6d39455c76d82d87b,seer_session,discovery,cold,0,echo_rtt,0.035,ok
367e50cb992fba8a2eea5de6d39455c76d82d87b,seer_session,discovery,cold,0,echo_rtt,0.036,ok
367e50cb992fba8a2eea5de6d39455c76d82d87b,seer_session,discovery,cold,0,process_spawn,0.818,ok
367e50cb992fba8a2eea5de6d39455c76d82d87b,seer_session,discovery,cold,0,seer_dial_session,197.634,ok
367e50cb992fba8a2eea5de6d39455c76d82d87b,seer_session,discovery,cold,0,stream_open,84.237,ok
367e50cb992fba8a2eea5de6d39455c76d82d87b,seer_session,discovery,cold,0,echo_rtt,0.179,ok
367e50cb992fba8a2eea5de6d39455c76d82d87b,seer_session,discovery,cold,0,echo_rtt,0.067,ok
367e50cb992fba8a2eea5de6d39455c76d82d87b,seer_session,discovery,cold,0,echo_rtt,0.058,ok
367e50cb992fba8a2eea5de6d39455c76d82d87b,seer_session,discovery,cold,0,echo_rtt,0.043,ok
367e50cb992fba8a2eea5de6d39455c76d82d87b,seer_session,discovery,cold,0,echo_rtt,0.052,ok
367e50cb992fba8a2eea5de6d39455c76d82d87b,seer_session,discovery,cold,0,echo_rtt,0.038,ok
367e50cb992fba8a2eea5de6d39455c76d82d87b,seer_session,discovery,cold,0,echo_rtt,0.050,ok
367e50cb992fba8a2eea5de6d39455c76d82d87b,seer_session,discovery,cold,0,echo_rtt,0.037,ok
367e50cb992fba8a2eea5de6d39455c76d82d87b,seer_session,discovery,cold,0,echo_rtt,0.048,ok
367e50cb992fba8a2eea5de6d39455c76d82d87b,seer_session,discovery,cold,0,echo_rtt,0.037,ok
367e50cb992fba8a2eea5de6d39455c76d82d87b,seer_session,discovery,cold,0,echo_rtt,0.084,ok
367e50cb992fba8a2eea5de6d39455c76d82d87b,seer_session,discovery,cold,0,echo_rtt,0.043,ok
367e50cb992fba8a2eea5de6d39455c76d82d87b,seer_session,discovery,cold,0,echo_rtt,0.052,ok
367e50cb992fba8a2eea5de6d39455c76d82d87b,seer_session,discovery,cold,0,echo_rtt,0.038,ok
367e50cb992fba8a2eea5de6d39455c76d82d87b,seer_session,discovery,cold,0,echo_rtt,0.051,ok
367e50cb992fba8a2eea5de6d39455c76d82d87b,seer_session,discovery,cold,0,echo_rtt,0.044,ok
367e50cb992fba8a2eea5de6d39455c76d82d87b,seer_session,discovery,cold,0,echo_rtt,0.049,ok
367e50cb992fba8a2eea5de6d39455c76d82d87b,seer_session,discovery,cold,0,echo_rtt,0.037,ok
367e50cb992fba8a2eea5de6d39455c76d82d87b,seer_session,discovery,cold,0,echo_rtt,0.054,ok
367e50cb992fba8a2eea5de6d39455c76d82d87b,seer_session,discovery,cold,0,echo_rtt,0.038,ok
367e50cb992fba8a2eea5de6d39455c76d82d87b,seer_session,discovery,cold,0,process_spawn,0.741,ok
367e50cb992fba8a2eea5de6d39455c76d82d87b,seer_session,discovery,cold,0,seer_dial_session,204.935,ok
367e50cb992fba8a2eea5de6d39455c76d82d87b,seer_session,discovery,cold,0,stream_open,85.670,ok
367e50cb992fba8a2eea5de6d39455c76d82d87b,seer_session,discovery,cold,0,echo_rtt,0.106,ok
367e50cb992fba8a2eea5de6d39455c76d82d87b,seer_session,discovery,cold,0,echo_rtt,0.062,ok
367e50cb992fba8a2eea5de6d39455c76d82d87b,seer_session,discovery,cold,0,echo_rtt,0.045,ok
367e50cb992fba8a2eea5de6d39455c76d82d87b,seer_session,discovery,cold,0,echo_rtt,0.034,ok
367e50cb992fba8a2eea5de6d39455c76d82d87b,seer_session,discovery,cold,0,echo_rtt,0.041,ok
367e50cb992fba8a2eea5de6d39455c76d82d87b,seer_session,discovery,cold,0,echo_rtt,0.034,ok
367e50cb992fba8a2eea5de6d39455c76d82d87b,seer_session,discovery,cold,0,echo_rtt,0.041,ok
367e50cb992fba8a2eea5de6d39455c76d82d87b,seer_session,discovery,cold,0,echo_rtt,0.033,ok
367e50cb992fba8a2eea5de6d39455c76d82d87b,seer_session,discovery,cold,0,echo_rtt,0.042,ok
367e50cb992fba8a2eea5de6d39455c76d82d87b,seer_session,discovery,cold,0,echo_rtt,0.032,ok
367e50cb992fba8a2eea5de6d39455c76d82d87b,seer_session,discovery,cold,0,echo_rtt,0.042,ok
367e50cb992fba8a2eea5de6d39455c76d82d87b,seer_session,discovery,cold,0,echo_rtt,0.032,ok
367e50cb992fba8a2eea5de6d39455c76d82d87b,seer_session,discovery,cold,0,echo_rtt,0.042,ok
367e50cb992fba8a2eea5de6d39455c76d82d87b,seer_session,discovery,cold,0,echo_rtt,0.033,ok
367e50cb992fba8a2eea5de6d39455c76d82d87b,seer_session,discovery,cold,0,echo_rtt,0.042,ok
367e50cb992fba8a2eea5de6d39455c76d82d87b,seer_session,discovery,cold,0,echo_rtt,0.033,ok
367e50cb992fba8a2eea5de6d39455c76d82d87b,seer_session,discovery,cold,0,echo_rtt,0.044,ok
367e50cb992fba8a2eea5de6d39455c76d82d87b,seer_session,discovery,cold,0,echo_rtt,0.032,ok
367e50cb992fba8a2eea5de6d39455c76d82d87b,seer_session,discovery,cold,0,echo_rtt,0.040,ok
367e50cb992fba8a2eea5de6d39455c76d82d87b,seer_session,discovery,cold,0,echo_rtt,0.032,ok
367e50cb992fba8a2eea5de6d39455c76d82d87b,seer_session,discovery,cold,0,process_spawn,0.779,ok
367e50cb992fba8a2eea5de6d39455c76d82d87b,seer_session,discovery,cold,0,seer_dial_session,204.437,ok
367e50cb992fba8a2eea5de6d39455c76d82d87b,seer_session,discovery,cold,0,stream_open,96.229,ok
367e50cb992fba8a2eea5de6d39455c76d82d87b,seer_session,discovery,cold,0,echo_rtt,0.062,ok
367e50cb992fba8a2eea5de6d39455c76d82d87b,seer_session,discovery,cold,0,echo_rtt,0.035,ok
367e50cb992fba8a2eea5de6d39455c76d82d87b,seer_session,discovery,cold,0,echo_rtt,0.044,ok
367e50cb992fba8a2eea5de6d39455c76d82d87b,seer_session,discovery,cold,0,echo_rtt,0.033,ok
367e50cb992fba8a2eea5de6d39455c76d82d87b,seer_session,discovery,cold,0,echo_rtt,0.043,ok
367e50cb992fba8a2eea5de6d39455c76d82d87b,seer_session,discovery,cold,0,echo_rtt,0.033,ok
367e50cb992fba8a2eea5de6d39455c76d82d87b,seer_session,discovery,cold,0,echo_rtt,0.042,ok
367e50cb992fba8a2eea5de6d39455c76d82d87b,seer_session,discovery,cold,0,echo_rtt,0.032,ok
367e50cb992fba8a2eea5de6d39455c76d82d87b,seer_session,discovery,cold,0,echo_rtt,0.047,ok
367e50cb992fba8a2eea5de6d39455c76d82d87b,seer_session,discovery,cold,0,echo_rtt,0.057,ok
367e50cb992fba8a2eea5de6d39455c76d82d87b,seer_session,discovery,cold,0,echo_rtt,0.065,ok
367e50cb992fba8a2eea5de6d39455c76d82d87b,seer_session,discovery,cold,0,echo_rtt,0.034,ok
367e50cb992fba8a2eea5de6d39455c76d82d87b,seer_session,discovery,cold,0,echo_rtt,0.042,ok
367e50cb992fba8a2eea5de6d39455c76d82d87b,seer_session,discovery,cold,0,echo_rtt,0.032,ok
367e50cb992fba8a2eea5de6d39455c76d82d87b,seer_session,discovery,cold,0,echo_rtt,0.041,ok
367e50cb992fba8a2eea5de6d39455c76d82d87b,seer_session,discovery,cold,0,echo_rtt,0.033,ok
367e50cb992fba8a2eea5de6d39455c76d82d87b,seer_session,discovery,cold,0,echo_rtt,0.043,ok
367e50cb992fba8a2eea5de6d39455c76d82d87b,seer_session,discovery,cold,0,echo_rtt,0.036,ok
367e50cb992fba8a2eea5de6d39455c76d82d87b,seer_session,discovery,cold,0,echo_rtt,0.044,ok
367e50cb992fba8a2eea5de6d39455c76d82d87b,seer_session,discovery,cold,0,echo_rtt,0.033,ok
367e50cb992fba8a2eea5de6d39455c76d82d87b,seer_session,discovery,cold,0,process_spawn,0.603,ok
367e50cb992fba8a2eea5de6d39455c76d82d87b,seer_session,discovery,cold,0,seer_dial_session,204.770,ok
367e50cb992fba8a2eea5de6d39455c76d82d87b,seer_session,discovery,cold,0,stream_open,85.747,ok
367e50cb992fba8a2eea5de6d39455c76d82d87b,seer_session,discovery,cold,0,echo_rtt,0.104,ok
367e50cb992fba8a2eea5de6d39455c76d82d87b,seer_session,discovery,cold,0,echo_rtt,0.059,ok
367e50cb992fba8a2eea5de6d39455c76d82d87b,seer_session,discovery,cold,0,echo_rtt,0.044,ok
367e50cb992fba8a2eea5de6d39455c76d82d87b,seer_session,discovery,cold,0,echo_rtt,0.032,ok
367e50cb992fba8a2eea5de6d39455c76d82d87b,seer_session,discovery,cold,0,echo_rtt,0.040,ok
367e50cb992fba8a2eea5de6d39455c76d82d87b,seer_session,discovery,cold,0,echo_rtt,0.031,ok
367e50cb992fba8a2eea5de6d39455c76d82d87b,seer_session,discovery,cold,0,echo_rtt,0.040,ok
367e50cb992fba8a2eea5de6d39455c76d82d87b,seer_session,discovery,cold,0,echo_rtt,0.030,ok
367e50cb992fba8a2eea5de6d39455c76d82d87b,seer_session,discovery,cold,0,echo_rtt,0.040,ok
367e50cb992fba8a2eea5de6d39455c76d82d87b,seer_session,discovery,cold,0,echo_rtt,0.031,ok
367e50cb992fba8a2eea5de6d39455c76d82d87b,seer_session,discovery,cold,0,echo_rtt,0.040,ok
367e50cb992fba8a2eea5de6d39455c76d82d87b,seer_session,discovery,cold,0,echo_rtt,0.031,ok
367e50cb992fba8a2eea5de6d39455c76d82d87b,seer_session,discovery,cold,0,echo_rtt,0.040,ok
367e50cb992fba8a2eea5de6d39455c76d82d87b,seer_session,discovery,cold,0,echo_rtt,0.031,ok
367e50cb992fba8a2eea5de6d39455c76d82d87b,seer_session,discovery,cold,0,echo_rtt,0.039,ok
367e50cb992fba8a2eea5de6d39455c76d82d87b,seer_session,discovery,cold,0,echo_rtt,0.036,ok
367e50cb992fba8a2eea5de6d39455c76d82d87b,seer_session,discovery,cold,0,echo_rtt,0.040,ok
367e50cb992fba8a2eea5de6d39455c76d82d87b,seer_session,discovery,cold,0,echo_rtt,0.031,ok
367e50cb992fba8a2eea5de6d39455c76d82d87b,seer_session,discovery,cold,0,echo_rtt,0.040,ok
367e50cb992fba8a2eea5de6d39455c76d82d87b,seer_session,discovery,cold,0,echo_rtt,0.032,ok
367e50cb992fba8a2eea5de6d39455c76d82d87b,seer_session,discovery,cold,0,process_spawn,0.722,ok
367e50cb992fba8a2eea5de6d39455c76d82d87b,seer_session,discovery,cold,0,seer_dial_session,198.391,ok
367e50cb992fba8a2eea5de6d39455c76d82d87b,seer_session,discovery,cold,0,stream_open,93.617,ok
367e50cb992fba8a2eea5de6d39455c76d82d87b,seer_session,discovery,cold,0,echo_rtt,0.050,ok
367e50cb992fba8a2eea5de6d39455c76d82d87b,seer_session,discovery,cold,0,echo_rtt,0.038,ok
367e50cb992fba8a2eea5de6d39455c76d82d87b,seer_session,discovery,cold,0,echo_rtt,0.038,ok
367e50cb992fba8a2eea5de6d39455c76d82d87b,seer_session,discovery,cold,0,echo_rtt,0.041,ok
367e50cb992fba8a2eea5de6d39455c76d82d87b,seer_session,discovery,cold,0,echo_rtt,0.032,ok
367e50cb992fba8a2eea5de6d39455c76d82d87b,seer_session,discovery,cold,0,echo_rtt,0.040,ok
367e50cb992fba8a2eea5de6d39455c76d82d87b,seer_session,discovery,cold,0,echo_rtt,0.033,ok
367e50cb992fba8a2eea5de6d39455c76d82d87b,seer_session,discovery,cold,0,echo_rtt,0.053,ok
367e50cb992fba8a2eea5de6d39455c76d82d87b,seer_session,discovery,cold,0,echo_rtt,0.033,ok
367e50cb992fba8a2eea5de6d39455c76d82d87b,seer_session,discovery,cold,0,echo_rtt,0.042,ok
367e50cb992fba8a2eea5de6d39455c76d82d87b,seer_session,discovery,cold,0,echo_rtt,0.033,ok
367e50cb992fba8a2eea5de6d39455c76d82d87b,seer_session,discovery,cold,0,echo_rtt,0.042,ok
367e50cb992fba8a2eea5de6d39455c76d82d87b,seer_session,discovery,cold,0,echo_rtt,0.031,ok
367e50cb992fba8a2eea5de6d39455c76d82d87b,seer_session,discovery,cold,0,echo_rtt,0.040,ok
367e50cb992fba8a2eea5de6d39455c76d82d87b,seer_session,discovery,cold,0,echo_rtt,0.031,ok
367e50cb992fba8a2eea5de6d39455c76d82d87b,seer_session,discovery,cold,0,echo_rtt,0.040,ok
367e50cb992fba8a2eea5de6d39455c76d82d87b,seer_session,discovery,cold,0,echo_rtt,0.032,ok
367e50cb992fba8a2eea5de6d39455c76d82d87b,seer_session,discovery,cold,0,echo_rtt,0.039,ok
367e50cb992fba8a2eea5de6d39455c76d82d87b,seer_session,discovery,cold,0,echo_rtt,0.031,ok
367e50cb992fba8a2eea5de6d39455c76d82d87b,seer_session,discovery,cold,0,echo_rtt,0.044,ok
367e50cb992fba8a2eea5de6d39455c76d82d87b,seer_session,discovery,cold,0,process_spawn,0.740,ok
367e50cb992fba8a2eea5de6d39455c76d82d87b,seer_session,discovery,cold,0,seer_dial_session,204.421,ok
367e50cb992fba8a2eea5de6d39455c76d82d87b,seer_session,discovery,cold,0,stream_open,85.556,ok
367e50cb992fba8a2eea5de6d39455c76d82d87b,seer_session,discovery,cold,0,echo_rtt,0.114,ok
367e50cb992fba8a2eea5de6d39455c76d82d87b,seer_session,discovery,cold,0,echo_rtt,0.051,ok
367e50cb992fba8a2eea5de6d39455c76d82d87b,seer_session,discovery,cold,0,echo_rtt,0.046,ok
367e50cb992fba8a2eea5de6d39455c76d82d87b,seer_session,discovery,cold,0,echo_rtt,0.038,ok
367e50cb992fba8a2eea5de6d39455c76d82d87b,seer_session,discovery,cold,0,echo_rtt,0.036,ok
367e50cb992fba8a2eea5de6d39455c76d82d87b,seer_session,discovery,cold,0,echo_rtt,0.036,ok
367e50cb992fba8a2eea5de6d39455c76d82d87b,seer_session,discovery,cold,0,echo_rtt,0.036,ok
367e50cb992fba8a2eea5de6d39455c76d82d87b,seer_session,discovery,cold,0,echo_rtt,0.036,ok
367e50cb992fba8a2eea5de6d39455c76d82d87b,seer_session,discovery,cold,0,echo_rtt,0.037,ok
367e50cb992fba8a2eea5de6d39455c76d82d87b,seer_session,discovery,cold,0,echo_rtt,0.036,ok
367e50cb992fba8a2eea5de6d39455c76d82d87b,seer_session,discovery,cold,0,echo_rtt,0.037,ok
367e50cb992fba8a2eea5de6d39455c76d82d87b,seer_session,discovery,cold,0,echo_rtt,0.036,ok
367e50cb992fba8a2eea5de6d39455c76d82d87b,seer_session,discovery,cold,0,echo_rtt,0.035,ok
367e50cb992fba8a2eea5de6d39455c76d82d87b,seer_session,discovery,cold,0,echo_rtt,0.035,ok
367e50cb992fba8a2eea5de6d39455c76d82d87b,seer_session,discovery,cold,0,echo_rtt,0.037,ok
367e50cb992fba8a2eea5de6d39455c76d82d87b,seer_session,discovery,cold,0,echo_rtt,0.036,ok
367e50cb992fba8a2eea5de6d39455c76d82d87b,seer_session,discovery,cold,0,echo_rtt,0.036,ok
367e50cb992fba8a2eea5de6d39455c76d82d87b,seer_session,discovery,cold,0,echo_rtt,0.040,ok
367e50cb992fba8a2eea5de6d39455c76d82d87b,seer_session,discovery,cold,0,echo_rtt,0.038,ok
367e50cb992fba8a2eea5de6d39455c76d82d87b,seer_session,discovery,cold,0,echo_rtt,0.035,ok
367e50cb992fba8a2eea5de6d39455c76d82d87b,seer_session,discovery,cold,0,process_spawn,0.674,ok
367e50cb992fba8a2eea5de6d39455c76d82d87b,seer_session,discovery,cold,0,seer_dial_session,204.521,ok
367e50cb992fba8a2eea5de6d39455c76d82d87b,seer_session,discovery,cold,0,stream_open,86.302,ok
367e50cb992fba8a2eea5de6d39455c76d82d87b,seer_session,discovery,cold,0,echo_rtt,0.135,ok
367e50cb992fba8a2eea5de6d39455c76d82d87b,seer_session,discovery,cold,0,echo_rtt,0.041,ok
367e50cb992fba8a2eea5de6d39455c76d82d87b,seer_session,discovery,cold,0,echo_rtt,0.038,ok
367e50cb992fba8a2eea5de6d39455c76d82d87b,seer_session,discovery,cold,0,echo_rtt,0.038,ok
367e50cb992fba8a2eea5de6d39455c76d82d87b,seer_session,discovery,cold,0,echo_rtt,0.038,ok
367e50cb992fba8a2eea5de6d39455c76d82d87b,seer_session,discovery,cold,0,echo_rtt,0.043,ok
367e50cb992fba8a2eea5de6d39455c76d82d87b,seer_session,discovery,cold,0,echo_rtt,0.037,ok
367e50cb992fba8a2eea5de6d39455c76d82d87b,seer_session,discovery,cold,0,echo_rtt,0.037,ok
367e50cb992fba8a2eea5de6d39455c76d82d87b,seer_session,discovery,cold,0,echo_rtt,0.036,ok
367e50cb992fba8a2eea5de6d39455c76d82d87b,seer_session,discovery,cold,0,echo_rtt,0.036,ok
367e50cb992fba8a2eea5de6d39455c76d82d87b,seer_session,discovery,cold,0,echo_rtt,0.037,ok
367e50cb992fba8a2eea5de6d39455c76d82d87b,seer_session,discovery,cold,0,echo_rtt,0.039,ok
367e50cb992fba8a2eea5de6d39455c76d82d87b,seer_session,discovery,cold,0,echo_rtt,0.037,ok
367e50cb992fba8a2eea5de6d39455c76d82d87b,seer_session,discovery,cold,0,echo_rtt,0.036,ok
367e50cb992fba8a2eea5de6d39455c76d82d87b,seer_session,discovery,cold,0,echo_rtt,0.036,ok
367e50cb992fba8a2eea5de6d39455c76d82d87b,seer_session,discovery,cold,0,echo_rtt,0.036,ok
367e50cb992fba8a2eea5de6d39455c76d82d87b,seer_session,discovery,cold,0,echo_rtt,0.037,ok
367e50cb992fba8a2eea5de6d39455c76d82d87b,seer_session,discovery,cold,0,echo_rtt,0.040,ok
367e50cb992fba8a2eea5de6d39455c76d82d87b,seer_session,discovery,cold,0,echo_rtt,0.037,ok
367e50cb992fba8a2eea5de6d39455c76d82d87b,seer_session,discovery,cold,0,echo_rtt,0.041,ok
367e50cb992fba8a2eea5de6d39455c76d82d87b,seer_session,discovery,cold,0,process_spawn,0.631,ok
367e50cb992fba8a2eea5de6d39455c76d82d87b,seer_session,discovery,cold,0,seer_dial_session,195.210,ok
367e50cb992fba8a2eea5de6d39455c76d82d87b,seer_session,discovery,cold,0,stream_open,83.356,ok
367e50cb992fba8a2eea5de6d39455c76d82d87b,seer_session,discovery,cold,0,echo_rtt,0.140,ok
367e50cb992fba8a2eea5de6d39455c76d82d87b,seer_session,discovery,cold,0,echo_rtt,0.043,ok
367e50cb992fba8a2eea5de6d39455c76d82d87b,seer_session,discovery,cold,0,echo_rtt,0.039,ok
367e50cb992fba8a2eea5de6d39455c76d82d87b,seer_session,discovery,cold,0,echo_rtt,0.038,ok
367e50cb992fba8a2eea5de6d39455c76d82d87b,seer_session,discovery,cold,0,echo_rtt,0.037,ok
367e50cb992fba8a2eea5de6d39455c76d82d87b,seer_session,discovery,cold,0,echo_rtt,0.036,ok
367e50cb992fba8a2eea5de6d39455c76d82d87b,seer_session,discovery,cold,0,echo_rtt,0.036,ok
367e50cb992fba8a2eea5de6d39455c76d82d87b,seer_session,discovery,cold,0,echo_rtt,0.039,ok
367e50cb992fba8a2eea5de6d39455c76d82d87b,seer_session,discovery,cold,0,echo_rtt,0.050,ok
367e50cb992fba8a2eea5de6d39455c76d82d87b,seer_session,discovery,cold,0,echo_rtt,0.036,ok
367e50cb992fba8a2eea5de6d39455c76d82d87b,seer_session,discovery,cold,0,echo_rtt,0.036,ok
367e50cb992fba8a2eea5de6d39455c76d82d87b,seer_session,discovery,cold,0,echo_rtt,0.035,ok
367e50cb992fba8a2eea5de6d39455c76d82d87b,seer_session,discovery,cold,0,echo_rtt,0.037,ok
367e50cb992fba8a2eea5de6d39455c76d82d87b,seer_session,discovery,cold,0,echo_rtt,0.038,ok
367e50cb992fba8a2eea5de6d39455c76d82d87b,seer_session,discovery,cold,0,echo_rtt,0.037,ok
367e50cb992fba8a2eea5de6d39455c76d82d87b,seer_session,discovery,cold,0,echo_rtt,0.036,ok
367e50cb992fba8a2eea5de6d39455c76d82d87b,seer_session,discovery,cold,0,echo_rtt,0.037,ok
367e50cb992fba8a2eea5de6d39455c76d82d87b,seer_session,discovery,cold,0,echo_rtt,0.035,ok
367e50cb992fba8a2eea5de6d39455c76d82d87b,seer_session,discovery,cold,0,echo_rtt,0.036,ok
367e50cb992fba8a2eea5de6d39455c76d82d87b,seer_session,discovery,cold,0,echo_rtt,0.060,ok
367e50cb992fba8a2eea5de6d39455c76d82d87b,seer_session,discovery,cold,0,process_spawn,0.622,ok
367e50cb992fba8a2eea5de6d39455c76d82d87b,seer_session,discovery,cold,0,seer_dial_session,196.745,ok
367e50cb992fba8a2eea5de6d39455c76d82d87b,seer_session,discovery,cold,0,stream_open,83.838,ok
367e50cb992fba8a2eea5de6d39455c76d82d87b,seer_session,discovery,cold,0,echo_rtt,0.145,ok
367e50cb992fba8a2eea5de6d39455c76d82d87b,seer_session,discovery,cold,0,echo_rtt,0.063,ok
367e50cb992fba8a2eea5de6d39455c76d82d87b,seer_session,discovery,cold,0,echo_rtt,0.050,ok
367e50cb992fba8a2eea5de6d39455c76d82d87b,seer_session,discovery,cold,0,echo_rtt,0.034,ok
367e50cb992fba8a2eea5de6d39455c76d82d87b,seer_session,discovery,cold,0,echo_rtt,0.045,ok
367e50cb992fba8a2eea5de6d39455c76d82d87b,seer_session,discovery,cold,0,echo_rtt,0.041,ok
367e50cb992fba8a2eea5de6d39455c76d82d87b,seer_session,discovery,cold,0,echo_rtt,0.040,ok
367e50cb992fba8a2eea5de6d39455c76d82d87b,seer_session,discovery,cold,0,echo_rtt,0.039,ok
367e50cb992fba8a2eea5de6d39455c76d82d87b,seer_session,discovery,cold,0,echo_rtt,0.038,ok
367e50cb992fba8a2eea5de6d39455c76d82d87b,seer_session,discovery,cold,0,echo_rtt,0.041,ok
367e50cb992fba8a2eea5de6d39455c76d82d87b,seer_session,discovery,cold,0,echo_rtt,0.040,ok
367e50cb992fba8a2eea5de6d39455c76d82d87b,seer_session,discovery,cold,0,echo_rtt,0.039,ok
367e50cb992fba8a2eea5de6d39455c76d82d87b,seer_session,discovery,cold,0,echo_rtt,0.038,ok
367e50cb992fba8a2eea5de6d39455c76d82d87b,seer_session,discovery,cold,0,echo_rtt,0.039,ok
367e50cb992fba8a2eea5de6d39455c76d82d87b,seer_session,discovery,cold,0,echo_rtt,0.040,ok
367e50cb992fba8a2eea5de6d39455c76d82d87b,seer_session,discovery,cold,0,echo_rtt,0.039,ok
367e50cb992fba8a2eea5de6d39455c76d82d87b,seer_session,discovery,cold,0,echo_rtt,0.039,ok
367e50cb992fba8a2eea5de6d39455c76d82d87b,seer_session,discovery,cold,0,echo_rtt,0.039,ok
367e50cb992fba8a2eea5de6d39455c76d82d87b,seer_session,discovery,cold,0,echo_rtt,0.039,ok
367e50cb992fba8a2eea5de6d39455c76d82d87b,seer_session,discovery,cold,0,echo_rtt,0.039,ok
367e50cb992fba8a2eea5de6d39455c76d82d87b,seer_session,discovery,cold,0,process_spawn,0.629,ok
367e50cb992fba8a2eea5de6d39455c76d82d87b,seer_session,discovery,cold,0,seer_dial_session,203.994,ok
367e50cb992fba8a2eea5de6d39455c76d82d87b,seer_session,discovery,cold,0,stream_open,96.851,ok
367e50cb992fba8a2eea5de6d39455c76d82d87b,seer_session,discovery,cold,0,echo_rtt,0.050,ok
367e50cb992fba8a2eea5de6d39455c76d82d87b,seer_session,discovery,cold,0,echo_rtt,0.039,ok
367e50cb992fba8a2eea5de6d39455c76d82d87b,seer_session,discovery,cold,0,echo_rtt,0.038,ok
367e50cb992fba8a2eea5de6d39455c76d82d87b,seer_session,discovery,cold,0,echo_rtt,0.037,ok
367e50cb992fba8a2eea5de6d39455c76d82d87b,seer_session,discovery,cold,0,echo_rtt,0.036,ok
367e50cb992fba8a2eea5de6d39455c76d82d87b,seer_session,discovery,cold,0,echo_rtt,0.042,ok
367e50cb992fba8a2eea5de6d39455c76d82d87b,seer_session,discovery,cold,0,echo_rtt,0.032,ok
367e50cb992fba8a2eea5de6d39455c76d82d87b,seer_session,discovery,cold,0,echo_rtt,0.041,ok
367e50cb992fba8a2eea5de6d39455c76d82d87b,seer_session,discovery,cold,0,echo_rtt,0.031,ok
367e50cb992fba8a2eea5de6d39455c76d82d87b,seer_session,discovery,cold,0,echo_rtt,0.040,ok
367e50cb992fba8a2eea5de6d39455c76d82d87b,seer_session,discovery,cold,0,echo_rtt,0.032,ok
367e50cb992fba8a2eea5de6d39455c76d82d87b,seer_session,discovery,cold,0,echo_rtt,0.040,ok
367e50cb992fba8a2eea5de6d39455c76d82d87b,seer_session,discovery,cold,0,echo_rtt,0.032,ok
367e50cb992fba8a2eea5de6d39455c76d82d87b,seer_session,discovery,cold,0,echo_rtt,0.040,ok
367e50cb992fba8a2eea5de6d39455c76d82d87b,seer_session,discovery,cold,0,echo_rtt,0.032,ok
367e50cb992fba8a2eea5de6d39455c76d82d87b,seer_session,discovery,cold,0,echo_rtt,0.040,ok
367e50cb992fba8a2eea5de6d39455c76d82d87b,seer_session,discovery,cold,0,echo_rtt,0.037,ok
367e50cb992fba8a2eea5de6d39455c76d82d87b,seer_session,discovery,cold,0,echo_rtt,0.036,ok
367e50cb992fba8a2eea5de6d39455c76d82d87b,seer_session,discovery,cold,0,echo_rtt,0.037,ok
367e50cb992fba8a2eea5de6d39455c76d82d87b,seer_session,discovery,cold,0,echo_rtt,0.039,ok
367e50cb992fba8a2eea5de6d39455c76d82d87b,seer_session,discovery,cold,0,process_spawn,0.718,ok
367e50cb992fba8a2eea5de6d39455c76d82d87b,seer_session,discovery,cold,0,seer_dial_session,196.469,ok
367e50cb992fba8a2eea5de6d39455c76d82d87b,seer_session,discovery,cold,0,stream_open,83.653,ok
367e50cb992fba8a2eea5de6d39455c76d82d87b,seer_session,discovery,cold,0,echo_rtt,0.146,ok
367e50cb992fba8a2eea5de6d39455c76d82d87b,seer_session,discovery,cold,0,echo_rtt,0.053,ok
367e50cb992fba8a2eea5de6d39455c76d82d87b,seer_session,discovery,cold,0,echo_rtt,0.043,ok
367e50cb992fba8a2eea5de6d39455c76d82d87b,seer_session,discovery,cold,0,echo_rtt,0.039,ok
367e50cb992fba8a2eea5de6d39455c76d82d87b,seer_session,discovery,cold,0,echo_rtt,0.038,ok
367e50cb992fba8a2eea5de6d39455c76d82d87b,seer_session,discovery,cold,0,echo_rtt,0.038,ok
367e50cb992fba8a2eea5de6d39455c76d82d87b,seer_session,discovery,cold,0,echo_rtt,0.037,ok
367e50cb992fba8a2eea5de6d39455c76d82d87b,seer_session,discovery,cold,0,echo_rtt,0.036,ok
367e50cb992fba8a2eea5de6d39455c76d82d87b,seer_session,discovery,cold,0,echo_rtt,0.037,ok
367e50cb992fba8a2eea5de6d39455c76d82d87b,seer_session,discovery,cold,0,echo_rtt,0.036,ok
367e50cb992fba8a2eea5de6d39455c76d82d87b,seer_session,discovery,cold,0,echo_rtt,0.037,ok
367e50cb992fba8a2eea5de6d39455c76d82d87b,seer_session,discovery,cold,0,echo_rtt,0.036,ok
367e50cb992fba8a2eea5de6d39455c76d82d87b,seer_session,discovery,cold,0,echo_rtt,0.037,ok
367e50cb992fba8a2eea5de6d39455c76d82d87b,seer_session,discovery,cold,0,echo_rtt,0.037,ok
367e50cb992fba8a2eea5de6d39455c76d82d87b,seer_session,discovery,cold,0,echo_rtt,0.037,ok
367e50cb992fba8a2eea5de6d39455c76d82d87b,seer_session,discovery,cold,0,echo_rtt,0.038,ok
367e50cb992fba8a2eea5de6d39455c76d82d87b,seer_session,discovery,cold,0,echo_rtt,0.039,ok
367e50cb992fba8a2eea5de6d39455c76d82d87b,seer_session,discovery,cold,0,echo_rtt,0.036,ok
367e50cb992fba8a2eea5de6d39455c76d82d87b,seer_session,discovery,cold,0,echo_rtt,0.037,ok
367e50cb992fba8a2eea5de6d39455c76d82d87b,seer_session,discovery,cold,0,echo_rtt,0.037,ok
367e50cb992fba8a2eea5de6d39455c76d82d87b,seer_session,discovery,warm,1,stream_open,0.138,ok
367e50cb992fba8a2eea5de6d39455c76d82d87b,seer_session,discovery,warm,1,echo_rtt,0.035,ok
367e50cb992fba8a2eea5de6d39455c76d82d87b,seer_session,discovery,warm,1,echo_rtt,0.042,ok
367e50cb992fba8a2eea5de6d39455c76d82d87b,seer_session,discovery,warm,1,echo_rtt,0.032,ok
367e50cb992fba8a2eea5de6d39455c76d82d87b,seer_session,discovery,warm,1,echo_rtt,0.042,ok
367e50cb992fba8a2eea5de6d39455c76d82d87b,seer_session,discovery,warm,1,echo_rtt,0.037,ok
367e50cb992fba8a2eea5de6d39455c76d82d87b,seer_session,discovery,warm,1,echo_rtt,0.064,ok
367e50cb992fba8a2eea5de6d39455c76d82d87b,seer_session,discovery,warm,1,echo_rtt,0.037,ok
367e50cb992fba8a2eea5de6d39455c76d82d87b,seer_session,discovery,warm,1,echo_rtt,0.045,ok
367e50cb992fba8a2eea5de6d39455c76d82d87b,seer_session,discovery,warm,1,echo_rtt,0.035,ok
367e50cb992fba8a2eea5de6d39455c76d82d87b,seer_session,discovery,warm,1,echo_rtt,0.045,ok
367e50cb992fba8a2eea5de6d39455c76d82d87b,seer_session,discovery,warm,1,echo_rtt,0.040,ok
367e50cb992fba8a2eea5de6d39455c76d82d87b,seer_session,discovery,warm,1,echo_rtt,0.039,ok
367e50cb992fba8a2eea5de6d39455c76d82d87b,seer_session,discovery,warm,1,echo_rtt,0.041,ok
367e50cb992fba8a2eea5de6d39455c76d82d87b,seer_session,discovery,warm,1,echo_rtt,0.038,ok
367e50cb992fba8a2eea5de6d39455c76d82d87b,seer_session,discovery,warm,1,echo_rtt,0.040,ok
367e50cb992fba8a2eea5de6d39455c76d82d87b,seer_session,discovery,warm,1,echo_rtt,0.038,ok
367e50cb992fba8a2eea5de6d39455c76d82d87b,seer_session,discovery,warm,1,echo_rtt,0.041,ok
367e50cb992fba8a2eea5de6d39455c76d82d87b,seer_session,discovery,warm,1,echo_rtt,0.041,ok
367e50cb992fba8a2eea5de6d39455c76d82d87b,seer_session,discovery,warm,1,echo_rtt,0.040,ok
367e50cb992fba8a2eea5de6d39455c76d82d87b,seer_session,discovery,warm,1,echo_rtt,0.039,ok
367e50cb992fba8a2eea5de6d39455c76d82d87b,seer_session,discovery,warm,2,stream_open,0.131,ok
367e50cb992fba8a2eea5de6d39455c76d82d87b,seer_session,discovery,warm,2,echo_rtt,0.046,ok
367e50cb992fba8a2eea5de6d39455c76d82d87b,seer_session,discovery,warm,2,echo_rtt,0.039,ok
367e50cb992fba8a2eea5de6d39455c76d82d87b,seer_session,discovery,warm,2,echo_rtt,0.044,ok
367e50cb992fba8a2eea5de6d39455c76d82d87b,seer_session,discovery,warm,2,echo_rtt,0.034,ok
367e50cb992fba8a2eea5de6d39455c76d82d87b,seer_session,discovery,warm,2,echo_rtt,0.048,ok
367e50cb992fba8a2eea5de6d39455c76d82d87b,seer_session,discovery,warm,2,echo_rtt,0.035,ok
367e50cb992fba8a2eea5de6d39455c76d82d87b,seer_session,discovery,warm,2,echo_rtt,0.044,ok
367e50cb992fba8a2eea5de6d39455c76d82d87b,seer_session,discovery,warm,2,echo_rtt,0.035,ok
367e50cb992fba8a2eea5de6d39455c76d82d87b,seer_session,discovery,warm,2,echo_rtt,0.058,ok
367e50cb992fba8a2eea5de6d39455c76d82d87b,seer_session,discovery,warm,2,echo_rtt,0.036,ok
367e50cb992fba8a2eea5de6d39455c76d82d87b,seer_session,discovery,warm,2,echo_rtt,0.057,ok
367e50cb992fba8a2eea5de6d39455c76d82d87b,seer_session,discovery,warm,2,echo_rtt,0.037,ok
367e50cb992fba8a2eea5de6d39455c76d82d87b,seer_session,discovery,warm,2,echo_rtt,0.046,ok
367e50cb992fba8a2eea5de6d39455c76d82d87b,seer_session,discovery,warm,2,echo_rtt,0.067,ok
367e50cb992fba8a2eea5de6d39455c76d82d87b,seer_session,discovery,warm,2,echo_rtt,0.138,ok
367e50cb992fba8a2eea5de6d39455c76d82d87b,seer_session,discovery,warm,2,echo_rtt,0.178,ok
367e50cb992fba8a2eea5de6d39455c76d82d87b,seer_session,discovery,warm,2,echo_rtt,0.127,ok
367e50cb992fba8a2eea5de6d39455c76d82d87b,seer_session,discovery,warm,2,echo_rtt,0.046,ok
367e50cb992fba8a2eea5de6d39455c76d82d87b,seer_session,discovery,warm,2,echo_rtt,0.044,ok
367e50cb992fba8a2eea5de6d39455c76d82d87b,seer_session,discovery,warm,2,echo_rtt,0.046,ok
367e50cb992fba8a2eea5de6d39455c76d82d87b,seer_session,discovery,warm,3,stream_open,0.151,ok
367e50cb992fba8a2eea5de6d39455c76d82d87b,seer_session,discovery,warm,3,echo_rtt,0.047,ok
367e50cb992fba8a2eea5de6d39455c76d82d87b,seer_session,discovery,warm,3,echo_rtt,0.050,ok
367e50cb992fba8a2eea5de6d39455c76d82d87b,seer_session,discovery,warm,3,echo_rtt,0.037,ok
367e50cb992fba8a2eea5de6d39455c76d82d87b,seer_session,discovery,warm,3,echo_rtt,0.049,ok
367e50cb992fba8a2eea5de6d39455c76d82d87b,seer_session,discovery,warm,3,echo_rtt,0.037,ok
367e50cb992fba8a2eea5de6d39455c76d82d87b,seer_session,discovery,warm,3,echo_rtt,0.049,ok
367e50cb992fba8a2eea5de6d39455c76d82d87b,seer_session,discovery,warm,3,echo_rtt,0.038,ok
367e50cb992fba8a2eea5de6d39455c76d82d87b,seer_session,discovery,warm,3,echo_rtt,0.059,ok
367e50cb992fba8a2eea5de6d39455c76d82d87b,seer_session,discovery,warm,3,echo_rtt,0.037,ok
367e50cb992fba8a2eea5de6d39455c76d82d87b,seer_session,discovery,warm,3,echo_rtt,0.049,ok
367e50cb992fba8a2eea5de6d39455c76d82d87b,seer_session,discovery,warm,3,echo_rtt,0.037,ok
367e50cb992fba8a2eea5de6d39455c76d82d87b,seer_session,discovery,warm,3,echo_rtt,0.050,ok
367e50cb992fba8a2eea5de6d39455c76d82d87b,seer_session,discovery,warm,3,echo_rtt,0.037,ok
367e50cb992fba8a2eea5de6d39455c76d82d87b,seer_session,discovery,warm,3,echo_rtt,0.048,ok
367e50cb992fba8a2eea5de6d39455c76d82d87b,seer_session,discovery,warm,3,echo_rtt,0.037,ok
367e50cb992fba8a2eea5de6d39455c76d82d87b,seer_session,discovery,warm,3,echo_rtt,0.048,ok
367e50cb992fba8a2eea5de6d39455c76d82d87b,seer_session,discovery,warm,3,echo_rtt,0.035,ok
367e50cb992fba8a2eea5de6d39455c76d82d87b,seer_session,discovery,warm,3,echo_rtt,0.048,ok
367e50cb992fba8a2eea5de6d39455c76d82d87b,seer_session,discovery,warm,3,echo_rtt,0.037,ok
367e50cb992fba8a2eea5de6d39455c76d82d87b,seer_session,discovery,warm,3,echo_rtt,0.050,ok
367e50cb992fba8a2eea5de6d39455c76d82d87b,seer_session,discovery,warm,4,stream_open,0.149,ok
367e50cb992fba8a2eea5de6d39455c76d82d87b,seer_session,discovery,warm,4,echo_rtt,0.042,ok
367e50cb992fba8a2eea5de6d39455c76d82d87b,seer_session,discovery,warm,4,echo_rtt,0.072,ok
367e50cb992fba8a2eea5de6d39455c76d82d87b,seer_session,discovery,warm,4,echo_rtt,0.039,ok
367e50cb992fba8a2eea5de6d39455c76d82d87b,seer_session,discovery,warm,4,echo_rtt,0.049,ok
367e50cb992fba8a2eea5de6d39455c76d82d87b,seer_session,discovery,warm,4,echo_rtt,0.040,ok
367e50cb992fba8a2eea5de6d39455c76d82d87b,seer_session,discovery,warm,4,echo_rtt,0.053,ok
367e50cb992fba8a2eea5de6d39455c76d82d87b,seer_session,discovery,warm,4,echo_rtt,0.038,ok
367e50cb992fba8a2eea5de6d39455c76d82d87b,seer_session,discovery,warm,4,echo_rtt,0.048,ok
367e50cb992fba8a2eea5de6d39455c76d82d87b,seer_session,discovery,warm,4,echo_rtt,0.037,ok
367e50cb992fba8a2eea5de6d39455c76d82d87b,seer_session,discovery,warm,4,echo_rtt,0.050,ok
367e50cb992fba8a2eea5de6d39455c76d82d87b,seer_session,discovery,warm,4,echo_rtt,0.036,ok
367e50cb992fba8a2eea5de6d39455c76d82d87b,seer_session,discovery,warm,4,echo_rtt,0.048,ok
367e50cb992fba8a2eea5de6d39455c76d82d87b,seer_session,discovery,warm,4,echo_rtt,0.035,ok
367e50cb992fba8a2eea5de6d39455c76d82d87b,seer_session,discovery,warm,4,echo_rtt,0.048,ok
367e50cb992fba8a2eea5de6d39455c76d82d87b,seer_session,discovery,warm,4,echo_rtt,0.037,ok
367e50cb992fba8a2eea5de6d39455c76d82d87b,seer_session,discovery,warm,4,echo_rtt,0.053,ok
367e50cb992fba8a2eea5de6d39455c76d82d87b,seer_session,discovery,warm,4,echo_rtt,0.034,ok
367e50cb992fba8a2eea5de6d39455c76d82d87b,seer_session,discovery,warm,4,echo_rtt,0.044,ok
367e50cb992fba8a2eea5de6d39455c76d82d87b,seer_session,discovery,warm,4,echo_rtt,0.033,ok
367e50cb992fba8a2eea5de6d39455c76d82d87b,seer_session,discovery,warm,4,echo_rtt,0.044,ok
367e50cb992fba8a2eea5de6d39455c76d82d87b,seer_session,discovery,warm,5,stream_open,0.147,ok
367e50cb992fba8a2eea5de6d39455c76d82d87b,seer_session,discovery,warm,5,echo_rtt,0.044,ok
367e50cb992fba8a2eea5de6d39455c76d82d87b,seer_session,discovery,warm,5,echo_rtt,0.052,ok
367e50cb992fba8a2eea5de6d39455c76d82d87b,seer_session,discovery,warm,5,echo_rtt,0.036,ok
367e50cb992fba8a2eea5de6d39455c76d82d87b,seer_session,discovery,warm,5,echo_rtt,0.052,ok
367e50cb992fba8a2eea5de6d39455c76d82d87b,seer_session,discovery,warm,5,echo_rtt,0.047,ok
367e50cb992fba8a2eea5de6d39455c76d82d87b,seer_session,discovery,warm,5,echo_rtt,0.052,ok
367e50cb992fba8a2eea5de6d39455c76d82d87b,seer_session,discovery,warm,5,echo_rtt,0.038,ok
367e50cb992fba8a2eea5de6d39455c76d82d87b,seer_session,discovery,warm,5,echo_rtt,0.049,ok
367e50cb992fba8a2eea5de6d39455c76d82d87b,seer_session,discovery,warm,5,echo_rtt,0.037,ok
367e50cb992fba8a2eea5de6d39455c76d82d87b,seer_session,discovery,warm,5,echo_rtt,0.049,ok
367e50cb992fba8a2eea5de6d39455c76d82d87b,seer_session,discovery,warm,5,echo_rtt,0.061,ok
367e50cb992fba8a2eea5de6d39455c76d82d87b,seer_session,discovery,warm,5,echo_rtt,0.050,ok
367e50cb992fba8a2eea5de6d39455c76d82d87b,seer_session,discovery,warm,5,echo_rtt,0.037,ok
367e50cb992fba8a2eea5de6d39455c76d82d87b,seer_session,discovery,warm,5,echo_rtt,0.050,ok
367e50cb992fba8a2eea5de6d39455c76d82d87b,seer_session,discovery,warm,5,echo_rtt,0.039,ok
367e50cb992fba8a2eea5de6d39455c76d82d87b,seer_session,discovery,warm,5,echo_rtt,0.049,ok
367e50cb992fba8a2eea5de6d39455c76d82d87b,seer_session,discovery,warm,5,echo_rtt,0.037,ok
367e50cb992fba8a2eea5de6d39455c76d82d87b,seer_session,discovery,warm,5,echo_rtt,0.048,ok
367e50cb992fba8a2eea5de6d39455c76d82d87b,seer_session,discovery,warm,5,echo_rtt,0.037,ok
367e50cb992fba8a2eea5de6d39455c76d82d87b,seer_session,discovery,warm,5,echo_rtt,0.049,ok
367e50cb992fba8a2eea5de6d39455c76d82d87b,seer_session,discovery,warm,6,stream_open,0.141,ok
367e50cb992fba8a2eea5de6d39455c76d82d87b,seer_session,discovery,warm,6,echo_rtt,0.039,ok
367e50cb992fba8a2eea5de6d39455c76d82d87b,seer_session,discovery,warm,6,echo_rtt,0.046,ok
367e50cb992fba8a2eea5de6d39455c76d82d87b,seer_session,discovery,warm,6,echo_rtt,0.039,ok
367e50cb992fba8a2eea5de6d39455c76d82d87b,seer_session,discovery,warm,6,echo_rtt,0.046,ok
367e50cb992fba8a2eea5de6d39455c76d82d87b,seer_session,discovery,warm,6,echo_rtt,0.040,ok
367e50cb992fba8a2eea5de6d39455c76d82d87b,seer_session,discovery,warm,6,echo_rtt,0.040,ok
367e50cb992fba8a2eea5de6d39455c76d82d87b,seer_session,discovery,warm,6,echo_rtt,0.055,ok
367e50cb992fba8a2eea5de6d39455c76d82d87b,seer_session,discovery,warm,6,echo_rtt,0.067,ok
367e50cb992fba8a2eea5de6d39455c76d82d87b,seer_session,discovery,warm,6,echo_rtt,0.044,ok
367e50cb992fba8a2eea5de6d39455c76d82d87b,seer_session,discovery,warm,6,echo_rtt,0.042,ok
367e50cb992fba8a2eea5de6d39455c76d82d87b,seer_session,discovery,warm,6,echo_rtt,0.040,ok
367e50cb992fba8a2eea5de6d39455c76d82d87b,seer_session,discovery,warm,6,echo_rtt,0.040,ok
367e50cb992fba8a2eea5de6d39455c76d82d87b,seer_session,discovery,warm,6,echo_rtt,0.045,ok
367e50cb992fba8a2eea5de6d39455c76d82d87b,seer_session,discovery,warm,6,echo_rtt,0.042,ok
367e50cb992fba8a2eea5de6d39455c76d82d87b,seer_session,discovery,warm,6,echo_rtt,0.044,ok
367e50cb992fba8a2eea5de6d39455c76d82d87b,seer_session,discovery,warm,6,echo_rtt,0.043,ok
367e50cb992fba8a2eea5de6d39455c76d82d87b,seer_session,discovery,warm,6,echo_rtt,0.043,ok
367e50cb992fba8a2eea5de6d39455c76d82d87b,seer_session,discovery,warm,6,echo_rtt,0.041,ok
367e50cb992fba8a2eea5de6d39455c76d82d87b,seer_session,discovery,warm,6,echo_rtt,0.043,ok
367e50cb992fba8a2eea5de6d39455c76d82d87b,seer_session,discovery,warm,6,echo_rtt,0.042,ok
367e50cb992fba8a2eea5de6d39455c76d82d87b,seer_session,discovery,warm,7,stream_open,0.121,ok
367e50cb992fba8a2eea5de6d39455c76d82d87b,seer_session,discovery,warm,7,echo_rtt,0.040,ok
367e50cb992fba8a2eea5de6d39455c76d82d87b,seer_session,discovery,warm,7,echo_rtt,0.049,ok
367e50cb992fba8a2eea5de6d39455c76d82d87b,seer_session,discovery,warm,7,echo_rtt,0.056,ok
367e50cb992fba8a2eea5de6d39455c76d82d87b,seer_session,discovery,warm,7,echo_rtt,0.058,ok
367e50cb992fba8a2eea5de6d39455c76d82d87b,seer_session,discovery,warm,7,echo_rtt,0.038,ok
367e50cb992fba8a2eea5de6d39455c76d82d87b,seer_session,discovery,warm,7,echo_rtt,0.046,ok
367e50cb992fba8a2eea5de6d39455c76d82d87b,seer_session,discovery,warm,7,echo_rtt,0.036,ok
367e50cb992fba8a2eea5de6d39455c76d82d87b,seer_session,discovery,warm,7,echo_rtt,0.046,ok
367e50cb992fba8a2eea5de6d39455c76d82d87b,seer_session,discovery,warm,7,echo_rtt,0.036,ok
367e50cb992fba8a2eea5de6d39455c76d82d87b,seer_session,discovery,warm,7,echo_rtt,0.045,ok
367e50cb992fba8a2eea5de6d39455c76d82d87b,seer_session,discovery,warm,7,echo_rtt,0.035,ok
367e50cb992fba8a2eea5de6d39455c76d82d87b,seer_session,discovery,warm,7,echo_rtt,0.045,ok
367e50cb992fba8a2eea5de6d39455c76d82d87b,seer_session,discovery,warm,7,echo_rtt,0.039,ok
367e50cb992fba8a2eea5de6d39455c76d82d87b,seer_session,discovery,warm,7,echo_rtt,0.061,ok
367e50cb992fba8a2eea5de6d39455c76d82d87b,seer_session,discovery,warm,7,echo_rtt,0.040,ok
367e50cb992fba8a2eea5de6d39455c76d82d87b,seer_session,discovery,warm,7,echo_rtt,0.048,ok
367e50cb992fba8a2eea5de6d39455c76d82d87b,seer_session,discovery,warm,7,echo_rtt,0.035,ok
367e50cb992fba8a2eea5de6d39455c76d82d87b,seer_session,discovery,warm,7,echo_rtt,0.045,ok
367e50cb992fba8a2eea5de6d39455c76d82d87b,seer_session,discovery,warm,7,echo_rtt,0.034,ok
367e50cb992fba8a2eea5de6d39455c76d82d87b,seer_session,discovery,warm,7,echo_rtt,0.045,ok
367e50cb992fba8a2eea5de6d39455c76d82d87b,seer_session,discovery,warm,8,stream_open,0.112,ok
367e50cb992fba8a2eea5de6d39455c76d82d87b,seer_session,discovery,warm,8,echo_rtt,0.036,ok
367e50cb992fba8a2eea5de6d39455c76d82d87b,seer_session,discovery,warm,8,echo_rtt,0.041,ok
367e50cb992fba8a2eea5de6d39455c76d82d87b,seer_session,discovery,warm,8,echo_rtt,0.036,ok
367e50cb992fba8a2eea5de6d39455c76d82d87b,seer_session,discovery,warm,8,echo_rtt,0.040,ok
367e50cb992fba8a2eea5de6d39455c76d82d87b,seer_session,discovery,warm,8,echo_rtt,0.031,ok
367e50cb992fba8a2eea5de6d39455c76d82d87b,seer_session,discovery,warm,8,echo_rtt,0.039,ok
367e50cb992fba8a2eea5de6d39455c76d82d87b,seer_session,discovery,warm,8,echo_rtt,0.031,ok
367e50cb992fba8a2eea5de6d39455c76d82d87b,seer_session,discovery,warm,8,echo_rtt,0.039,ok
367e50cb992fba8a2eea5de6d39455c76d82d87b,seer_session,discovery,warm,8,echo_rtt,0.030,ok
367e50cb992fba8a2eea5de6d39455c76d82d87b,seer_session,discovery,warm,8,echo_rtt,0.040,ok
367e50cb992fba8a2eea5de6d39455c76d82d87b,seer_session,discovery,warm,8,echo_rtt,0.031,ok
367e50cb992fba8a2eea5de6d39455c76d82d87b,seer_session,discovery,warm,8,echo_rtt,0.041,ok
367e50cb992fba8a2eea5de6d39455c76d82d87b,seer_session,discovery,warm,8,echo_rtt,0.031,ok
367e50cb992fba8a2eea5de6d39455c76d82d87b,seer_session,discovery,warm,8,echo_rtt,0.039,ok
367e50cb992fba8a2eea5de6d39455c76d82d87b,seer_session,discovery,warm,8,echo_rtt,0.031,ok
367e50cb992fba8a2eea5de6d39455c76d82d87b,seer_session,discovery,warm,8,echo_rtt,0.053,ok
367e50cb992fba8a2eea5de6d39455c76d82d87b,seer_session,discovery,warm,8,echo_rtt,0.036,ok
367e50cb992fba8a2eea5de6d39455c76d82d87b,seer_session,discovery,warm,8,echo_rtt,0.059,ok
367e50cb992fba8a2eea5de6d39455c76d82d87b,seer_session,discovery,warm,8,echo_rtt,0.037,ok
367e50cb992fba8a2eea5de6d39455c76d82d87b,seer_session,discovery,warm,8,echo_rtt,0.049,ok
367e50cb992fba8a2eea5de6d39455c76d82d87b,seer_session,discovery,warm,9,stream_open,0.124,ok
367e50cb992fba8a2eea5de6d39455c76d82d87b,seer_session,discovery,warm,9,echo_rtt,0.038,ok
367e50cb992fba8a2eea5de6d39455c76d82d87b,seer_session,discovery,warm,9,echo_rtt,0.049,ok
367e50cb992fba8a2eea5de6d39455c76d82d87b,seer_session,discovery,warm,9,echo_rtt,0.037,ok
367e50cb992fba8a2eea5de6d39455c76d82d87b,seer_session,discovery,warm,9,echo_rtt,0.048,ok
367e50cb992fba8a2eea5de6d39455c76d82d87b,seer_session,discovery,warm,9,echo_rtt,0.038,ok
367e50cb992fba8a2eea5de6d39455c76d82d87b,seer_session,discovery,warm,9,echo_rtt,0.047,ok
367e50cb992fba8a2eea5de6d39455c76d82d87b,seer_session,discovery,warm,9,echo_rtt,0.038,ok
367e50cb992fba8a2eea5de6d39455c76d82d87b,seer_session,discovery,warm,9,echo_rtt,0.048,ok
367e50cb992fba8a2eea5de6d39455c76d82d87b,seer_session,discovery,warm,9,echo_rtt,0.036,ok
367e50cb992fba8a2eea5de6d39455c76d82d87b,seer_session,discovery,warm,9,echo_rtt,0.048,ok
367e50cb992fba8a2eea5de6d39455c76d82d87b,seer_session,discovery,warm,9,echo_rtt,0.036,ok
367e50cb992fba8a2eea5de6d39455c76d82d87b,seer_session,discovery,warm,9,echo_rtt,0.048,ok
367e50cb992fba8a2eea5de6d39455c76d82d87b,seer_session,discovery,warm,9,echo_rtt,0.036,ok
367e50cb992fba8a2eea5de6d39455c76d82d87b,seer_session,discovery,warm,9,echo_rtt,0.046,ok
367e50cb992fba8a2eea5de6d39455c76d82d87b,seer_session,discovery,warm,9,echo_rtt,0.039,ok
367e50cb992fba8a2eea5de6d39455c76d82d87b,seer_session,discovery,warm,9,echo_rtt,0.040,ok
367e50cb992fba8a2eea5de6d39455c76d82d87b,seer_session,discovery,warm,9,echo_rtt,0.030,ok
367e50cb992fba8a2eea5de6d39455c76d82d87b,seer_session,discovery,warm,9,echo_rtt,0.040,ok
367e50cb992fba8a2eea5de6d39455c76d82d87b,seer_session,discovery,warm,9,echo_rtt,0.036,ok
367e50cb992fba8a2eea5de6d39455c76d82d87b,seer_session,discovery,warm,9,echo_rtt,0.040,ok
367e50cb992fba8a2eea5de6d39455c76d82d87b,seer_session,discovery,warm,10,stream_open,0.140,ok
367e50cb992fba8a2eea5de6d39455c76d82d87b,seer_session,discovery,warm,10,echo_rtt,0.036,ok
367e50cb992fba8a2eea5de6d39455c76d82d87b,seer_session,discovery,warm,10,echo_rtt,0.045,ok
367e50cb992fba8a2eea5de6d39455c76d82d87b,seer_session,discovery,warm,10,echo_rtt,0.034,ok
367e50cb992fba8a2eea5de6d39455c76d82d87b,seer_session,discovery,warm,10,echo_rtt,0.044,ok
367e50cb992fba8a2eea5de6d39455c76d82d87b,seer_session,discovery,warm,10,echo_rtt,0.052,ok
367e50cb992fba8a2eea5de6d39455c76d82d87b,seer_session,discovery,warm,10,echo_rtt,0.066,ok
367e50cb992fba8a2eea5de6d39455c76d82d87b,seer_session,discovery,warm,10,echo_rtt,0.040,ok
367e50cb992fba8a2eea5de6d39455c76d82d87b,seer_session,discovery,warm,10,echo_rtt,0.046,ok
367e50cb992fba8a2eea5de6d39455c76d82d87b,seer_session,discovery,warm,10,echo_rtt,0.034,ok
367e50cb992fba8a2eea5de6d39455c76d82d87b,seer_session,discovery,warm,10,echo_rtt,0.045,ok
367e50cb992fba8a2eea5de6d39455c76d82d87b,seer_session,discovery,warm,10,echo_rtt,0.034,ok
367e50cb992fba8a2eea5de6d39455c76d82d87b,seer_session,discovery,warm,10,echo_rtt,0.044,ok
367e50cb992fba8a2eea5de6d39455c76d82d87b,seer_session,discovery,warm,10,echo_rtt,0.034,ok
367e50cb992fba8a2eea5de6d39455c76d82d87b,seer_session,discovery,warm,10,echo_rtt,0.052,ok
367e50cb992fba8a2eea5de6d39455c76d82d87b,seer_session,discovery,warm,10,echo_rtt,0.033,ok
367e50cb992fba8a2eea5de6d39455c76d82d87b,seer_session,discovery,warm,10,echo_rtt,0.046,ok
367e50cb992fba8a2eea5de6d39455c76d82d87b,seer_session,discovery,warm,10,echo_rtt,0.034,ok
367e50cb992fba8a2eea5de6d39455c76d82d87b,seer_session,discovery,warm,10,echo_rtt,0.058,ok
367e50cb992fba8a2eea5de6d39455c76d82d87b,seer_session,discovery,warm,10,echo_rtt,0.036,ok
367e50cb992fba8a2eea5de6d39455c76d82d87b,seer_session,discovery,warm,10,echo_rtt,0.044,ok
367e50cb992fba8a2eea5de6d39455c76d82d87b,seer_session,discovery,warm,11,stream_open,0.145,ok
367e50cb992fba8a2eea5de6d39455c76d82d87b,seer_session,discovery,warm,11,echo_rtt,0.046,ok
367e50cb992fba8a2eea5de6d39455c76d82d87b,seer_session,discovery,warm,11,echo_rtt,0.054,ok
367e50cb992fba8a2eea5de6d39455c76d82d87b,seer_session,discovery,warm,11,echo_rtt,0.038,ok
367e50cb992fba8a2eea5de6d39455c76d82d87b,seer_session,discovery,warm,11,echo_rtt,0.057,ok
367e50cb992fba8a2eea5de6d39455c76d82d87b,seer_session,discovery,warm,11,echo_rtt,0.035,ok
367e50cb992fba8a2eea5de6d39455c76d82d87b,seer_session,discovery,warm,11,echo_rtt,0.045,ok
367e50cb992fba8a2eea5de6d39455c76d82d87b,seer_session,discovery,warm,11,echo_rtt,0.034,ok
367e50cb992fba8a2eea5de6d39455c76d82d87b,seer_session,discovery,warm,11,echo_rtt,0.044,ok
367e50cb992fba8a2eea5de6d39455c76d82d87b,seer_session,discovery,warm,11,echo_rtt,0.033,ok
367e50cb992fba8a2eea5de6d39455c76d82d87b,seer_session,discovery,warm,11,echo_rtt,0.053,ok
367e50cb992fba8a2eea5de6d39455c76d82d87b,seer_session,discovery,warm,11,echo_rtt,0.031,ok
367e50cb992fba8a2eea5de6d39455c76d82d87b,seer_session,discovery,warm,11,echo_rtt,0.040,ok
367e50cb992fba8a2eea5de6d39455c76d82d87b,seer_session,discovery,warm,11,echo_rtt,0.030,ok
367e50cb992fba8a2eea5de6d39455c76d82d87b,seer_session,discovery,warm,11,echo_rtt,0.045,ok
367e50cb992fba8a2eea5de6d39455c76d82d87b,seer_session,discovery,warm,11,echo_rtt,0.033,ok
367e50cb992fba8a2eea5de6d39455c76d82d87b,seer_session,discovery,warm,11,echo_rtt,0.044,ok
367e50cb992fba8a2eea5de6d39455c76d82d87b,seer_session,discovery,warm,11,echo_rtt,0.034,ok
367e50cb992fba8a2eea5de6d39455c76d82d87b,seer_session,discovery,warm,11,echo_rtt,0.044,ok
367e50cb992fba8a2eea5de6d39455c76d82d87b,seer_session,discovery,warm,11,echo_rtt,0.034,ok
367e50cb992fba8a2eea5de6d39455c76d82d87b,seer_session,discovery,warm,11,echo_rtt,0.045,ok
367e50cb992fba8a2eea5de6d39455c76d82d87b,seer_session,discovery,warm,12,stream_open,0.132,ok
367e50cb992fba8a2eea5de6d39455c76d82d87b,seer_session,discovery,warm,12,echo_rtt,0.044,ok
367e50cb992fba8a2eea5de6d39455c76d82d87b,seer_session,discovery,warm,12,echo_rtt,0.050,ok
367e50cb992fba8a2eea5de6d39455c76d82d87b,seer_session,discovery,warm,12,echo_rtt,0.037,ok
367e50cb992fba8a2eea5de6d39455c76d82d87b,seer_session,discovery,warm,12,echo_rtt,0.049,ok
367e50cb992fba8a2eea5de6d39455c76d82d87b,seer_session,discovery,warm,12,echo_rtt,0.038,ok
367e50cb992fba8a2eea5de6d39455c76d82d87b,seer_session,discovery,warm,12,echo_rtt,0.048,ok
367e50cb992fba8a2eea5de6d39455c76d82d87b,seer_session,discovery,warm,12,echo_rtt,0.037,ok
367e50cb992fba8a2eea5de6d39455c76d82d87b,seer_session,discovery,warm,12,echo_rtt,0.046,ok
367e50cb992fba8a2eea5de6d39455c76d82d87b,seer_session,discovery,warm,12,echo_rtt,0.037,ok
367e50cb992fba8a2eea5de6d39455c76d82d87b,seer_session,discovery,warm,12,echo_rtt,0.046,ok
367e50cb992fba8a2eea5de6d39455c76d82d87b,seer_session,discovery,warm,12,echo_rtt,0.042,ok
367e50cb992fba8a2eea5de6d39455c76d82d87b,seer_session,discovery,warm,12,echo_rtt,0.042,ok
367e50cb992fba8a2eea5de6d39455c76d82d87b,seer_session,discovery,warm,12,echo_rtt,0.042,ok
367e50cb992fba8a2eea5de6d39455c76d82d87b,seer_session,discovery,warm,12,echo_rtt,0.040,ok
367e50cb992fba8a2eea5de6d39455c76d82d87b,seer_session,discovery,warm,12,echo_rtt,0.043,ok
367e50cb992fba8a2eea5de6d39455c76d82d87b,seer_session,discovery,warm,12,echo_rtt,0.040,ok
367e50cb992fba8a2eea5de6d39455c76d82d87b,seer_session,discovery,warm,12,echo_rtt,0.042,ok
367e50cb992fba8a2eea5de6d39455c76d82d87b,seer_session,discovery,warm,12,echo_rtt,0.041,ok
367e50cb992fba8a2eea5de6d39455c76d82d87b,seer_session,discovery,warm,12,echo_rtt,0.043,ok
367e50cb992fba8a2eea5de6d39455c76d82d87b,seer_session,discovery,warm,12,echo_rtt,0.040,ok
367e50cb992fba8a2eea5de6d39455c76d82d87b,seer_session,discovery,warm,13,stream_open,0.136,ok
367e50cb992fba8a2eea5de6d39455c76d82d87b,seer_session,discovery,warm,13,echo_rtt,0.050,ok
367e50cb992fba8a2eea5de6d39455c76d82d87b,seer_session,discovery,warm,13,echo_rtt,0.034,ok
367e50cb992fba8a2eea5de6d39455c76d82d87b,seer_session,discovery,warm,13,echo_rtt,0.046,ok
367e50cb992fba8a2eea5de6d39455c76d82d87b,seer_session,discovery,warm,13,echo_rtt,0.038,ok
367e50cb992fba8a2eea5de6d39455c76d82d87b,seer_session,discovery,warm,13,echo_rtt,0.047,ok
367e50cb992fba8a2eea5de6d39455c76d82d87b,seer_session,discovery,warm,13,echo_rtt,0.034,ok
367e50cb992fba8a2eea5de6d39455c76d82d87b,seer_session,discovery,warm,13,echo_rtt,0.044,ok
367e50cb992fba8a2eea5de6d39455c76d82d87b,seer_session,discovery,warm,13,echo_rtt,0.035,ok
367e50cb992fba8a2eea5de6d39455c76d82d87b,seer_session,discovery,warm,13,echo_rtt,0.044,ok
367e50cb992fba8a2eea5de6d39455c76d82d87b,seer_session,discovery,warm,13,echo_rtt,0.034,ok
367e50cb992fba8a2eea5de6d39455c76d82d87b,seer_session,discovery,warm,13,echo_rtt,0.044,ok
367e50cb992fba8a2eea5de6d39455c76d82d87b,seer_session,discovery,warm,13,echo_rtt,0.034,ok
367e50cb992fba8a2eea5de6d39455c76d82d87b,seer_session,discovery,warm,13,echo_rtt,0.044,ok
367e50cb992fba8a2eea5de6d39455c76d82d87b,seer_session,discovery,warm,13,echo_rtt,0.034,ok
367e50cb992fba8a2eea5de6d39455c76d82d87b,seer_session,discovery,warm,13,echo_rtt,0.044,ok
367e50cb992fba8a2eea5de6d39455c76d82d87b,seer_session,discovery,warm,13,echo_rtt,0.037,ok
367e50cb992fba8a2eea5de6d39455c76d82d87b,seer_session,discovery,warm,13,echo_rtt,0.049,ok
367e50cb992fba8a2eea5de6d39455c76d82d87b,seer_session,discovery,warm,13,echo_rtt,0.037,ok
367e50cb992fba8a2eea5de6d39455c76d82d87b,seer_session,discovery,warm,13,echo_rtt,0.049,ok
367e50cb992fba8a2eea5de6d39455c76d82d87b,seer_session,discovery,warm,13,echo_rtt,0.037,ok
367e50cb992fba8a2eea5de6d39455c76d82d87b,seer_session,discovery,warm,14,stream_open,0.127,ok
367e50cb992fba8a2eea5de6d39455c76d82d87b,seer_session,discovery,warm,14,echo_rtt,0.061,ok
367e50cb992fba8a2eea5de6d39455c76d82d87b,seer_session,discovery,warm,14,echo_rtt,0.037,ok
367e50cb992fba8a2eea5de6d39455c76d82d87b,seer_session,discovery,warm,14,echo_rtt,0.050,ok
367e50cb992fba8a2eea5de6d39455c76d82d87b,seer_session,discovery,warm,14,echo_rtt,0.042,ok
367e50cb992fba8a2eea5de6d39455c76d82d87b,seer_session,discovery,warm,14,echo_rtt,0.051,ok
367e50cb992fba8a2eea5de6d39455c76d82d87b,seer_session,discovery,warm,14,echo_rtt,0.037,ok
367e50cb992fba8a2eea5de6d39455c76d82d87b,seer_session,discovery,warm,14,echo_rtt,0.048,ok
367e50cb992fba8a2eea5de6d39455c76d82d87b,seer_session,discovery,warm,14,echo_rtt,0.037,ok
367e50cb992fba8a2eea5de6d39455c76d82d87b,seer_session,discovery,warm,14,echo_rtt,0.047,ok
367e50cb992fba8a2eea5de6d39455c76d82d87b,seer_session,discovery,warm,14,echo_rtt,0.035,ok
367e50cb992fba8a2eea5de6d39455c76d82d87b,seer_session,discovery,warm,14,echo_rtt,0.048,ok
367e50cb992fba8a2eea5de6d39455c76d82d87b,seer_session,discovery,warm,14,echo_rtt,0.036,ok
367e50cb992fba8a2eea5de6d39455c76d82d87b,seer_session,discovery,warm,14,echo_rtt,0.050,ok
367e50cb992fba8a2eea5de6d39455c76d82d87b,seer_session,discovery,warm,14,echo_rtt,0.036,ok
367e50cb992fba8a2eea5de6d39455c76d82d87b,seer_session,discovery,warm,14,echo_rtt,0.048,ok
367e50cb992fba8a2eea5de6d39455c76d82d87b,seer_session,discovery,warm,14,echo_rtt,0.037,ok
367e50cb992fba8a2eea5de6d39455c76d82d87b,seer_session,discovery,warm,14,echo_rtt,0.053,ok
367e50cb992fba8a2eea5de6d39455c76d82d87b,seer_session,discovery,warm,14,echo_rtt,0.041,ok
367e50cb992fba8a2eea5de6d39455c76d82d87b,seer_session,discovery,warm,14,echo_rtt,0.049,ok
367e50cb992fba8a2eea5de6d39455c76d82d87b,seer_session,discovery,warm,14,echo_rtt,0.038,ok
367e50cb992fba8a2eea5de6d39455c76d82d87b,seer_session,discovery,warm,15,stream_open,0.139,ok
367e50cb992fba8a2eea5de6d39455c76d82d87b,seer_session,discovery,warm,15,echo_rtt,0.052,ok
367e50cb992fba8a2eea5de6d39455c76d82d87b,seer_session,discovery,warm,15,echo_rtt,0.043,ok
367e50cb992fba8a2eea5de6d39455c76d82d87b,seer_session,discovery,warm,15,echo_rtt,0.043,ok
367e50cb992fba8a2eea5de6d39455c76d82d87b,seer_session,discovery,warm,15,echo_rtt,0.054,ok
367e50cb992fba8a2eea5de6d39455c76d82d87b,seer_session,discovery,warm,15,echo_rtt,0.043,ok
367e50cb992fba8a2eea5de6d39455c76d82d87b,seer_session,discovery,warm,15,echo_rtt,0.043,ok
367e50cb992fba8a2eea5de6d39455c76d82d87b,seer_session,discovery,warm,15,echo_rtt,0.045,ok
367e50cb992fba8a2eea5de6d39455c76d82d87b,seer_session,discovery,warm,15,echo_rtt,0.043,ok
367e50cb992fba8a2eea5de6d39455c76d82d87b,seer_session,discovery,warm,15,echo_rtt,0.043,ok
367e50cb992fba8a2eea5de6d39455c76d82d87b,seer_session,discovery,warm,15,echo_rtt,0.042,ok
367e50cb992fba8a2eea5de6d39455c76d82d87b,seer_session,discovery,warm,15,echo_rtt,0.043,ok
367e50cb992fba8a2eea5de6d39455c76d82d87b,seer_session,discovery,warm,15,echo_rtt,0.042,ok
367e50cb992fba8a2eea5de6d39455c76d82d87b,seer_session,discovery,warm,15,echo_rtt,0.041,ok
367e50cb992fba8a2eea5de6d39455c76d82d87b,seer_session,discovery,warm,15,echo_rtt,0.041,ok
367e50cb992fba8a2eea5de6d39455c76d82d87b,seer_session,discovery,warm,15,echo_rtt,0.038,ok
367e50cb992fba8a2eea5de6d39455c76d82d87b,seer_session,discovery,warm,15,echo_rtt,0.039,ok
367e50cb992fba8a2eea5de6d39455c76d82d87b,seer_session,discovery,warm,15,echo_rtt,0.037,ok
367e50cb992fba8a2eea5de6d39455c76d82d87b,seer_session,discovery,warm,15,echo_rtt,0.044,ok
367e50cb992fba8a2eea5de6d39455c76d82d87b,seer_session,discovery,warm,15,echo_rtt,0.044,ok
367e50cb992fba8a2eea5de6d39455c76d82d87b,seer_session,discovery,warm,15,echo_rtt,0.049,ok
367e50cb992fba8a2eea5de6d39455c76d82d87b,seer_session,discovery,warm,16,stream_open,0.113,ok
367e50cb992fba8a2eea5de6d39455c76d82d87b,seer_session,discovery,warm,16,echo_rtt,0.089,ok
367e50cb992fba8a2eea5de6d39455c76d82d87b,seer_session,discovery,warm,16,echo_rtt,0.049,ok
367e50cb992fba8a2eea5de6d39455c76d82d87b,seer_session,discovery,warm,16,echo_rtt,0.043,ok
367e50cb992fba8a2eea5de6d39455c76d82d87b,seer_session,discovery,warm,16,echo_rtt,0.043,ok
367e50cb992fba8a2eea5de6d39455c76d82d87b,seer_session,discovery,warm,16,echo_rtt,0.042,ok
367e50cb992fba8a2eea5de6d39455c76d82d87b,seer_session,discovery,warm,16,echo_rtt,0.042,ok
367e50cb992fba8a2eea5de6d39455c76d82d87b,seer_session,discovery,warm,16,echo_rtt,0.043,ok
367e50cb992fba8a2eea5de6d39455c76d82d87b,seer_session,discovery,warm,16,echo_rtt,0.043,ok
367e50cb992fba8a2eea5de6d39455c76d82d87b,seer_session,discovery,warm,16,echo_rtt,0.042,ok
367e50cb992fba8a2eea5de6d39455c76d82d87b,seer_session,discovery,warm,16,echo_rtt,0.042,ok
367e50cb992fba8a2eea5de6d39455c76d82d87b,seer_session,discovery,warm,16,echo_rtt,0.042,ok
367e50cb992fba8a2eea5de6d39455c76d82d87b,seer_session,discovery,warm,16,echo_rtt,0.043,ok
367e50cb992fba8a2eea5de6d39455c76d82d87b,seer_session,discovery,warm,16,echo_rtt,0.044,ok
367e50cb992fba8a2eea5de6d39455c76d82d87b,seer_session,discovery,warm,16,echo_rtt,0.044,ok
367e50cb992fba8a2eea5de6d39455c76d82d87b,seer_session,discovery,warm,16,echo_rtt,0.042,ok
367e50cb992fba8a2eea5de6d39455c76d82d87b,seer_session,discovery,warm,16,echo_rtt,0.044,ok
367e50cb992fba8a2eea5de6d39455c76d82d87b,seer_session,discovery,warm,16,echo_rtt,0.041,ok
367e50cb992fba8a2eea5de6d39455c76d82d87b,seer_session,discovery,warm,16,echo_rtt,0.044,ok
367e50cb992fba8a2eea5de6d39455c76d82d87b,seer_session,discovery,warm,16,echo_rtt,0.044,ok
367e50cb992fba8a2eea5de6d39455c76d82d87b,seer_session,discovery,warm,16,echo_rtt,0.043,ok
367e50cb992fba8a2eea5de6d39455c76d82d87b,seer_session,discovery,warm,17,stream_open,0.119,ok
367e50cb992fba8a2eea5de6d39455c76d82d87b,seer_session,discovery,warm,17,echo_rtt,0.054,ok
367e50cb992fba8a2eea5de6d39455c76d82d87b,seer_session,discovery,warm,17,echo_rtt,0.045,ok
367e50cb992fba8a2eea5de6d39455c76d82d87b,seer_session,discovery,warm,17,echo_rtt,0.042,ok
367e50cb992fba8a2eea5de6d39455c76d82d87b,seer_session,discovery,warm,17,echo_rtt,0.039,ok
367e50cb992fba8a2eea5de6d39455c76d82d87b,seer_session,discovery,warm,17,echo_rtt,0.039,ok
367e50cb992fba8a2eea5de6d39455c76d82d87b,seer_session,discovery,warm,17,echo_rtt,0.038,ok
367e50cb992fba8a2eea5de6d39455c76d82d87b,seer_session,discovery,warm,17,echo_rtt,0.040,ok
367e50cb992fba8a2eea5de6d39455c76d82d87b,seer_session,discovery,warm,17,echo_rtt,0.038,ok
367e50cb992fba8a2eea5de6d39455c76d82d87b,seer_session,discovery,warm,17,echo_rtt,0.038,ok
367e50cb992fba8a2eea5de6d39455c76d82d87b,seer_session,discovery,warm,17,echo_rtt,0.038,ok
367e50cb992fba8a2eea5de6d39455c76d82d87b,seer_session,discovery,warm,17,echo_rtt,0.039,ok
367e50cb992fba8a2eea5de6d39455c76d82d87b,seer_session,discovery,warm,17,echo_rtt,0.038,ok
367e50cb992fba8a2eea5de6d39455c76d82d87b,seer_session,discovery,warm,17,echo_rtt,0.043,ok
367e50cb992fba8a2eea5de6d39455c76d82d87b,seer_session,discovery,warm,17,echo_rtt,0.047,ok
367e50cb992fba8a2eea5de6d39455c76d82d87b,seer_session,discovery,warm,17,echo_rtt,0.051,ok
367e50cb992fba8a2eea5de6d39455c76d82d87b,seer_session,discovery,warm,17,echo_rtt,0.045,ok
367e50cb992fba8a2eea5de6d39455c76d82d87b,seer_session,discovery,warm,17,echo_rtt,0.043,ok
367e50cb992fba8a2eea5de6d39455c76d82d87b,seer_session,discovery,warm,17,echo_rtt,0.042,ok
367e50cb992fba8a2eea5de6d39455c76d82d87b,seer_session,discovery,warm,17,echo_rtt,0.043,ok
367e50cb992fba8a2eea5de6d39455c76d82d87b,seer_session,discovery,warm,17,echo_rtt,0.043,ok
367e50cb992fba8a2eea5de6d39455c76d82d87b,seer_session,discovery,warm,18,stream_open,0.103,ok
367e50cb992fba8a2eea5de6d39455c76d82d87b,seer_session,discovery,warm,18,echo_rtt,0.044,ok
367e50cb992fba8a2eea5de6d39455c76d82d87b,seer_session,discovery,warm,18,echo_rtt,0.041,ok
367e50cb992fba8a2eea5de6d39455c76d82d87b,seer_session,discovery,warm,18,echo_rtt,0.046,ok
367e50cb992fba8a2eea5de6d39455c76d82d87b,seer_session,discovery,warm,18,echo_rtt,0.040,ok
367e50cb992fba8a2eea5de6d39455c76d82d87b,seer_session,discovery,warm,18,echo_rtt,0.040,ok
367e50cb992fba8a2eea5de6d39455c76d82d87b,seer_session,discovery,warm,18,echo_rtt,0.040,ok
367e50cb992fba8a2eea5de6d39455c76d82d87b,seer_session,discovery,warm,18,echo_rtt,0.039,ok
367e50cb992fba8a2eea5de6d39455c76d82d87b,seer_session,discovery,warm,18,echo_rtt,0.040,ok
367e50cb992fba8a2eea5de6d39455c76d82d87b,seer_session,discovery,warm,18,echo_rtt,0.039,ok
367e50cb992fba8a2eea5de6d39455c76d82d87b,seer_session,discovery,warm,18,echo_rtt,0.039,ok
367e50cb992fba8a2eea5de6d39455c76d82d87b,seer_session,discovery,warm,18,echo_rtt,0.039,ok
367e50cb992fba8a2eea5de6d39455c76d82d87b,seer_session,discovery,warm,18,echo_rtt,0.039,ok
367e50cb992fba8a2eea5de6d39455c76d82d87b,seer_session,discovery,warm,18,echo_rtt,0.044,ok
367e50cb992fba8a2eea5de6d39455c76d82d87b,seer_session,discovery,warm,18,echo_rtt,0.040,ok
367e50cb992fba8a2eea5de6d39455c76d82d87b,seer_session,discovery,warm,18,echo_rtt,0.044,ok
367e50cb992fba8a2eea5de6d39455c76d82d87b,seer_session,discovery,warm,18,echo_rtt,0.042,ok
367e50cb992fba8a2eea5de6d39455c76d82d87b,seer_session,discovery,warm,18,echo_rtt,0.040,ok
367e50cb992fba8a2eea5de6d39455c76d82d87b,seer_session,discovery,warm,18,echo_rtt,0.042,ok
367e50cb992fba8a2eea5de6d39455c76d82d87b,seer_session,discovery,warm,18,echo_rtt,0.041,ok
367e50cb992fba8a2eea5de6d39455c76d82d87b,seer_session,discovery,warm,18,echo_rtt,0.048,ok
367e50cb992fba8a2eea5de6d39455c76d82d87b,seer_session,discovery,warm,19,stream_open,0.135,ok
367e50cb992fba8a2eea5de6d39455c76d82d87b,seer_session,discovery,warm,19,echo_rtt,0.038,ok
367e50cb992fba8a2eea5de6d39455c76d82d87b,seer_session,discovery,warm,19,echo_rtt,0.047,ok
367e50cb992fba8a2eea5de6d39455c76d82d87b,seer_session,discovery,warm,19,echo_rtt,0.043,ok
367e50cb992fba8a2eea5de6d39455c76d82d87b,seer_session,discovery,warm,19,echo_rtt,0.047,ok
367e50cb992fba8a2eea5de6d39455c76d82d87b,seer_session,discovery,warm,19,echo_rtt,0.034,ok
367e50cb992fba8a2eea5de6d39455c76d82d87b,seer_session,discovery,warm,19,echo_rtt,0.045,ok
367e50cb992fba8a2eea5de6d39455c76d82d87b,seer_session,discovery,warm,19,echo_rtt,0.044,ok
367e50cb992fba8a2eea5de6d39455c76d82d87b,seer_session,discovery,warm,19,echo_rtt,0.057,ok
367e50cb992fba8a2eea5de6d39455c76d82d87b,seer_session,discovery,warm,19,echo_rtt,0.038,ok
367e50cb992fba8a2eea5de6d39455c76d82d87b,seer_session,discovery,warm,19,echo_rtt,0.049,ok
367e50cb992fba8a2eea5de6d39455c76d82d87b,seer_session,discovery,warm,19,echo_rtt,0.036,ok
367e50cb992fba8a2eea5de6d39455c76d82d87b,seer_session,discovery,warm,19,echo_rtt,0.049,ok
367e50cb992fba8a2eea5de6d39455c76d82d87b,seer_session,discovery,warm,19,echo_rtt,0.038,ok
367e50cb992fba8a2eea5de6d39455c76d82d87b,seer_session,discovery,warm,19,echo_rtt,0.045,ok
367e50cb992fba8a2eea5de6d39455c76d82d87b,seer_session,discovery,warm,19,echo_rtt,0.034,ok
367e50cb992fba8a2eea5de6d39455c76d82d87b,seer_session,discovery,warm,19,echo_rtt,0.044,ok
367e50cb992fba8a2eea5de6d39455c76d82d87b,seer_session,discovery,warm,19,echo_rtt,0.034,ok
367e50cb992fba8a2eea5de6d39455c76d82d87b,seer_session,discovery,warm,19,echo_rtt,0.044,ok
367e50cb992fba8a2eea5de6d39455c76d82d87b,seer_session,discovery,warm,19,echo_rtt,0.038,ok
367e50cb992fba8a2eea5de6d39455c76d82d87b,seer_session,discovery,warm,19,echo_rtt,0.045,ok
367e50cb992fba8a2eea5de6d39455c76d82d87b,seer_session,discovery,warm,20,stream_open,0.135,ok
367e50cb992fba8a2eea5de6d39455c76d82d87b,seer_session,discovery,warm,20,echo_rtt,0.041,ok
367e50cb992fba8a2eea5de6d39455c76d82d87b,seer_session,discovery,warm,20,echo_rtt,0.053,ok
367e50cb992fba8a2eea5de6d39455c76d82d87b,seer_session,discovery,warm,20,echo_rtt,0.042,ok
367e50cb992fba8a2eea5de6d39455c76d82d87b,seer_session,discovery,warm,20,echo_rtt,0.045,ok
367e50cb992fba8a2eea5de6d39455c76d82d87b,seer_session,discovery,warm,20,echo_rtt,0.033,ok
367e50cb992fba8a2eea5de6d39455c76d82d87b,seer_session,discovery,warm,20,echo_rtt,0.045,ok
367e50cb992fba8a2eea5de6d39455c76d82d87b,seer_session,discovery,warm,20,echo_rtt,0.076,ok
367e50cb992fba8a2eea5de6d39455c76d82d87b,seer_session,discovery,warm,20,echo_rtt,0.043,ok
367e50cb992fba8a2eea5de6d39455c76d82d87b,seer_session,discovery,warm,20,echo_rtt,0.033,ok
367e50cb992fba8a2eea5de6d39455c76d82d87b,seer_session,discovery,warm,20,echo_rtt,0.044,ok
367e50cb992fba8a2eea5de6d39455c76d82d87b,seer_session,discovery,warm,20,echo_rtt,0.034,ok
367e50cb992fba8a2eea5de6d39455c76d82d87b,seer_session,discovery,warm,20,echo_rtt,0.044,ok
367e50cb992fba8a2eea5de6d39455c76d82d87b,seer_session,discovery,warm,20,echo_rtt,0.036,ok
367e50cb992fba8a2eea5de6d39455c76d82d87b,seer_session,discovery,warm,20,echo_rtt,0.047,ok
367e50cb992fba8a2eea5de6d39455c76d82d87b,seer_session,discovery,warm,20,echo_rtt,0.035,ok
367e50cb992fba8a2eea5de6d39455c76d82d87b,seer_session,discovery,warm,20,echo_rtt,0.044,ok
367e50cb992fba8a2eea5de6d39455c76d82d87b,seer_session,discovery,warm,20,echo_rtt,0.034,ok
367e50cb992fba8a2eea5de6d39455c76d82d87b,seer_session,discovery,warm,20,echo_rtt,0.044,ok
367e50cb992fba8a2eea5de6d39455c76d82d87b,seer_session,discovery,warm,20,echo_rtt,0.033,ok
367e50cb992fba8a2eea5de6d39455c76d82d87b,seer_session,discovery,warm,20,echo_rtt,0.043,ok
