rev,repeat,workload,cols,rows,seq,t_ms,bytes,frame_cols,frame_rows,changed_cells,changed_rows,row_diff_bytes,cell_diff_bytes,shift,scroll_cells,scroll_diff_bytes
fc1a1cd2d37a9100a80a496108f693ecebc59e14-dirty,1,typing,80,24,1,2,4776,80,24,1,1,846,358,0,1,358
fc1a1cd2d37a9100a80a496108f693ecebc59e14-dirty,1,typing,80,24,2,102,4935,80,24,1,1,1005,358,0,1,358
fc1a1cd2d37a9100a80a496108f693ecebc59e14-dirty,1,typing,80,24,3,203,5094,80,24,1,1,1164,358,0,1,358
fc1a1cd2d37a9100a80a496108f693ecebc59e14-dirty,1,typing,80,24,4,303,5253,80,24,1,1,1323,358,0,1,358
fc1a1cd2d37a9100a80a496108f693ecebc59e14-dirty,1,typing,80,24,5,403,5253,80,24,0,0,198,198,0,0,198
fc1a1cd2d37a9100a80a496108f693ecebc59e14-dirty,1,typing,80,24,6,504,5571,80,24,1,1,1641,358,0,1,358
fc1a1cd2d37a9100a80a496108f693ecebc59e14-dirty,1,typing,80,24,7,604,5730,80,24,1,1,1800,358,0,1,358
fc1a1cd2d37a9100a80a496108f693ecebc59e14-dirty,1,typing,80,24,8,705,5890,80,24,1,1,1960,359,0,1,359
fc1a1cd2d37a9100a80a496108f693ecebc59e14-dirty,1,typing,80,24,9,800,5890,80,24,1,1,1960,360,0,1,360
fc1a1cd2d37a9100a80a496108f693ecebc59e14-dirty,1,typing,80,24,10,901,6049,80,24,1,1,2119,360,0,1,360
fc1a1cd2d37a9100a80a496108f693ecebc59e14-dirty,1,typing,80,24,11,1001,6049,80,24,0,0,199,199,0,0,199
fc1a1cd2d37a9100a80a496108f693ecebc59e14-dirty,1,typing,80,24,12,1101,6367,80,24,1,1,2437,360,0,1,360
fc1a1cd2d37a9100a80a496108f693ecebc59e14-dirty,1,typing,80,24,13,1202,6526,80,24,1,1,2596,360,0,1,360
fc1a1cd2d37a9100a80a496108f693ecebc59e14-dirty,1,typing,80,24,14,1303,6685,80,24,1,1,2755,360,0,1,360
fc1a1cd2d37a9100a80a496108f693ecebc59e14-dirty,1,typing,80,24,15,1403,6844,80,24,1,1,2914,360,0,1,360
fc1a1cd2d37a9100a80a496108f693ecebc59e14-dirty,1,typing,80,24,16,1503,7003,80,24,1,1,3073,360,0,1,360
fc1a1cd2d37a9100a80a496108f693ecebc59e14-dirty,1,typing,80,24,17,1604,8751,80,24,11,2,2291,1969,0,11,1969
fc1a1cd2d37a9100a80a496108f693ecebc59e14-dirty,1,typing,80,24,18,1704,9069,80,24,1,1,846,358,0,1,358
fc1a1cd2d37a9100a80a496108f693ecebc59e14-dirty,1,typing,80,24,19,1805,9228,80,24,1,1,1005,358,0,1,358
fc1a1cd2d37a9100a80a496108f693ecebc59e14-dirty,1,typing,80,24,20,1905,9387,80,24,1,1,1164,358,0,1,358
fc1a1cd2d37a9100a80a496108f693ecebc59e14-dirty,1,typing,80,24,21,2000,13362,80,24,25,2,4517,4236,0,25,4236
fc1a1cd2d37a9100a80a496108f693ecebc59e14-dirty,1,typing,80,24,22,2101,13680,80,24,1,1,846,358,0,1,358
fc1a1cd2d37a9100a80a496108f693ecebc59e14-dirty,1,typing,80,24,23,2201,13839,80,24,1,1,1005,358,0,1,358
fc1a1cd2d37a9100a80a496108f693ecebc59e14-dirty,1,typing,80,24,24,2302,13998,80,24,1,1,1164,358,0,1,358
fc1a1cd2d37a9100a80a496108f693ecebc59e14-dirty,1,typing,80,24,25,2402,14157,80,24,1,1,1323,358,0,1,358
fc1a1cd2d37a9100a80a496108f693ecebc59e14-dirty,1,typing,80,24,26,2503,14316,80,24,1,1,1482,358,0,1,358
fc1a1cd2d37a9100a80a496108f693ecebc59e14-dirty,1,typing,80,24,27,2603,14475,80,24,1,1,1641,358,0,1,358
fc1a1cd2d37a9100a80a496108f693ecebc59e14-dirty,1,typing,80,24,28,2703,14475,80,24,0,0,198,198,0,0,198
fc1a1cd2d37a9100a80a496108f693ecebc59e14-dirty,1,typing,80,24,29,2804,14794,80,24,1,1,1960,359,0,1,359
fc1a1cd2d37a9100a80a496108f693ecebc59e14-dirty,1,typing,80,24,30,2904,14953,80,24,1,1,2119,360,0,1,360
fc1a1cd2d37a9100a80a496108f693ecebc59e14-dirty,1,typing,80,24,31,3004,15112,80,24,1,1,2278,360,0,1,360
fc1a1cd2d37a9100a80a496108f693ecebc59e14-dirty,1,typing,80,24,32,3105,15271,80,24,1,1,2437,360,0,1,360
fc1a1cd2d37a9100a80a496108f693ecebc59e14-dirty,1,typing,80,24,33,3205,15271,80,24,0,0,199,199,0,0,199
fc1a1cd2d37a9100a80a496108f693ecebc59e14-dirty,1,typing,80,24,34,3301,15589,80,24,1,1,2755,360,0,1,360
fc1a1cd2d37a9100a80a496108f693ecebc59e14-dirty,1,typing,80,24,35,3401,15748,80,24,1,1,2914,360,0,1,360
fc1a1cd2d37a9100a80a496108f693ecebc59e14-dirty,1,typing,80,24,36,3501,15907,80,24,1,1,3073,360,0,1,360
fc1a1cd2d37a9100a80a496108f693ecebc59e14-dirty,1,typing,80,24,37,3602,15907,80,24,0,0,199,199,0,0,199
fc1a1cd2d37a9100a80a496108f693ecebc59e14-dirty,1,typing,80,24,38,3702,16225,80,24,1,1,3391,360,0,1,360
fc1a1cd2d37a9100a80a496108f693ecebc59e14-dirty,1,typing,80,24,39,3803,16384,80,24,1,1,3550,360,0,1,360
fc1a1cd2d37a9100a80a496108f693ecebc59e14-dirty,1,typing,80,24,40,3903,16543,80,24,1,1,3709,360,0,1,360
fc1a1cd2d37a9100a80a496108f693ecebc59e14-dirty,1,typing,80,24,41,4004,16702,80,24,1,1,3868,360,0,1,360
fc1a1cd2d37a9100a80a496108f693ecebc59e14-dirty,1,typing,80,24,42,4104,16702,80,24,1,1,3868,360,0,1,360
fc1a1cd2d37a9100a80a496108f693ecebc59e14-dirty,1,typing,80,24,43,4204,16862,80,24,1,1,4028,361,0,1,361
fc1a1cd2d37a9100a80a496108f693ecebc59e14-dirty,1,typing,80,24,44,4305,17021,80,24,1,1,4187,360,0,1,360
fc1a1cd2d37a9100a80a496108f693ecebc59e14-dirty,1,typing,80,24,45,4405,17180,80,24,1,1,4346,360,0,1,360
fc1a1cd2d37a9100a80a496108f693ecebc59e14-dirty,1,typing,80,24,46,4501,19246,80,24,12,2,2609,2132,0,12,2132
fc1a1cd2d37a9100a80a496108f693ecebc59e14-dirty,1,typing,80,24,47,4601,19564,80,24,1,1,846,358,0,1,358
fc1a1cd2d37a9100a80a496108f693ecebc59e14-dirty,1,typing,80,24,48,4701,19723,80,24,1,1,1005,358,0,1,358
fc1a1cd2d37a9100a80a496108f693ecebc59e14-dirty,1,typing,80,24,49,4802,19882,80,24,1,1,1164,358,0,1,358
fc1a1cd2d37a9100a80a496108f693ecebc59e14-dirty,1,typing,80,24,50,4944,20041,80,24,1,1,1323,358,0,1,358
fc1a1cd2d37a9100a80a496108f693ecebc59e14-dirty,1,typing,80,24,51,5003,20200,80,24,1,1,528,358,0,1,358
fc1a1cd2d37a9100a80a496108f693ecebc59e14-dirty,1,typing,80,24,52,5145,20518,80,24,1,1,846,358,0,1,358
fc1a1cd2d37a9100a80a496108f693ecebc59e14-dirty,1,typing,80,24,53,5204,20677,80,24,1,1,1005,358,0,1,358
fc1a1cd2d37a9100a80a496108f693ecebc59e14-dirty,1,typing,80,24,54,5304,20836,80,24,1,1,1164,358,0,1,358
fc1a1cd2d37a9100a80a496108f693ecebc59e14-dirty,1,typing,80,24,55,5404,20995,80,24,1,1,1323,358,0,1,358
fc1a1cd2d37a9100a80a496108f693ecebc59e14-dirty,1,typing,80,24,56,5505,20995,80,24,0,0,198,198,0,0,198
fc1a1cd2d37a9100a80a496108f693ecebc59e14-dirty,1,typing,80,24,57,5605,21313,80,24,1,1,1641,358,0,1,358
fc1a1cd2d37a9100a80a496108f693ecebc59e14-dirty,1,typing,80,24,58,5706,21472,80,24,1,1,1800,358,0,1,358
fc1a1cd2d37a9100a80a496108f693ecebc59e14-dirty,1,typing,80,24,59,5801,21632,80,24,1,1,1960,359,0,1,359
fc1a1cd2d37a9100a80a496108f693ecebc59e14-dirty,1,typing,80,24,60,5902,21632,80,24,0,0,199,199,0,0,199
fc1a1cd2d37a9100a80a496108f693ecebc59e14-dirty,1,typing,80,24,61,6002,21950,80,24,1,1,2278,360,0,1,360
fc1a1cd2d37a9100a80a496108f693ecebc59e14-dirty,1,typing,80,24,62,6102,22109,80,24,1,1,2437,360,0,1,360
fc1a1cd2d37a9100a80a496108f693ecebc59e14-dirty,1,typing,80,24,63,6203,22268,80,24,1,1,2596,360,0,1,360
fc1a1cd2d37a9100a80a496108f693ecebc59e14-dirty,1,typing,80,24,64,6303,22427,80,24,1,1,2755,360,0,1,360
fc1a1cd2d37a9100a80a496108f693ecebc59e14-dirty,1,typing,80,24,65,6404,22586,80,24,1,1,2914,360,0,1,360
fc1a1cd2d37a9100a80a496108f693ecebc59e14-dirty,1,typing,80,24,66,6504,22586,80,24,0,0,199,199,0,0,199
fc1a1cd2d37a9100a80a496108f693ecebc59e14-dirty,1,typing,80,24,67,6604,22904,80,24,1,1,3232,360,0,1,360
fc1a1cd2d37a9100a80a496108f693ecebc59e14-dirty,1,typing,80,24,68,6705,23063,80,24,1,1,3391,360,0,1,360
fc1a1cd2d37a9100a80a496108f693ecebc59e14-dirty,1,typing,80,24,69,6805,23222,80,24,1,1,3550,360,0,1,360
fc1a1cd2d37a9100a80a496108f693ecebc59e14-dirty,1,typing,80,24,70,6901,23381,80,24,1,1,3709,360,0,1,360
fc1a1cd2d37a9100a80a496108f693ecebc59e14-dirty,1,typing,80,24,71,7001,23540,80,24,1,1,3868,360,0,1,360
fc1a1cd2d37a9100a80a496108f693ecebc59e14-dirty,1,typing,80,24,72,7102,23540,80,24,0,0,199,199,0,0,199
fc1a1cd2d37a9100a80a496108f693ecebc59e14-dirty,1,typing,80,24,73,7202,23858,80,24,1,1,4186,360,0,1,360
fc1a1cd2d37a9100a80a496108f693ecebc59e14-dirty,1,typing,80,24,74,7303,24017,80,24,1,1,4345,360,0,1,360
fc1a1cd2d37a9100a80a496108f693ecebc59e14-dirty,1,typing,80,24,75,7403,24176,80,24,1,1,4504,360,0,1,360
fc1a1cd2d37a9100a80a496108f693ecebc59e14-dirty,1,typing,80,24,76,7503,24176,80,24,0,0,199,199,0,0,199
fc1a1cd2d37a9100a80a496108f693ecebc59e14-dirty,1,typing,80,24,77,7604,24494,80,24,1,1,4822,360,0,1,360
fc1a1cd2d37a9100a80a496108f693ecebc59e14-dirty,1,typing,80,24,78,7704,24653,80,24,1,1,4981,360,0,1,360
fc1a1cd2d37a9100a80a496108f693ecebc59e14-dirty,1,typing,80,24,79,7805,24812,80,24,1,1,5140,360,0,1,360
fc1a1cd2d37a9100a80a496108f693ecebc59e14-dirty,1,typing,80,24,80,7905,24971,80,24,1,1,5299,360,0,1,360
fc1a1cd2d37a9100a80a496108f693ecebc59e14-dirty,1,typing,80,24,81,8006,25130,80,24,1,1,5458,360,0,1,360
fc1a1cd2d37a9100a80a496108f693ecebc59e14-dirty,1,typing,80,24,82,8106,25130,80,24,0,0,199,199,0,0,199
fc1a1cd2d37a9100a80a496108f693ecebc59e14-dirty,1,typing,80,24,83,8202,25448,80,24,1,1,5776,360,0,1,360
fc1a1cd2d37a9100a80a496108f693ecebc59e14-dirty,1,typing,80,24,84,8302,25607,80,24,1,1,5935,360,0,1,360
fc1a1cd2d37a9100a80a496108f693ecebc59e14-dirty,1,typing,80,24,85,8403,25766,80,24,1,1,6094,360,0,1,360
fc1a1cd2d37a9100a80a496108f693ecebc59e14-dirty,1,typing,80,24,86,8503,25925,80,24,1,1,6253,360,0,1,360
fc1a1cd2d37a9100a80a496108f693ecebc59e14-dirty,1,typing,80,24,87,8603,25925,80,24,0,0,199,199,0,0,199
fc1a1cd2d37a9100a80a496108f693ecebc59e14-dirty,1,typing,80,24,88,8704,32273,80,24,1,1,12601,360,0,1,360
fc1a1cd2d37a9100a80a496108f693ecebc59e14-dirty,1,typing,80,24,89,8846,32273,80,24,1,1,12601,360,0,1,360
fc1a1cd2d37a9100a80a496108f693ecebc59e14-dirty,1,typing,80,24,90,8905,32273,80,24,1,1,12601,360,0,1,360
fc1a1cd2d37a9100a80a496108f693ecebc59e14-dirty,1,typing,80,24,91,9005,32273,80,24,0,0,199,199,0,0,199
fc1a1cd2d37a9100a80a496108f693ecebc59e14-dirty,1,typing,80,24,92,9106,32273,80,24,1,1,12601,360,0,1,360
fc1a1cd2d37a9100a80a496108f693ecebc59e14-dirty,1,typing,80,24,93,9206,32273,80,24,1,1,12601,360,0,1,360
fc1a1cd2d37a9100a80a496108f693ecebc59e14-dirty,1,typing,80,24,94,9302,32273,80,24,1,1,12601,360,0,1,360
fc1a1cd2d37a9100a80a496108f693ecebc59e14-dirty,1,typing,80,24,95,9402,32273,80,24,1,1,12601,360,0,1,360
fc1a1cd2d37a9100a80a496108f693ecebc59e14-dirty,1,typing,80,24,96,9502,32273,80,24,0,0,199,199,0,0,199
fc1a1cd2d37a9100a80a496108f693ecebc59e14-dirty,1,typing,80,24,97,9603,32273,80,24,1,1,12601,360,0,1,360
fc1a1cd2d37a9100a80a496108f693ecebc59e14-dirty,1,typing,80,24,98,9703,32273,80,24,1,1,12601,360,0,1,360
fc1a1cd2d37a9100a80a496108f693ecebc59e14-dirty,1,typing,80,24,99,9804,32273,80,24,1,1,12601,360,0,1,360
fc1a1cd2d37a9100a80a496108f693ecebc59e14-dirty,1,typing,80,24,100,9904,44662,80,24,36,2,12932,6020,0,36,6020
fc1a1cd2d37a9100a80a496108f693ecebc59e14-dirty,1,typing,80,24,101,10046,44980,80,24,1,1,846,358,0,1,358
fc1a1cd2d37a9100a80a496108f693ecebc59e14-dirty,1,typing,80,24,102,10105,45139,80,24,1,1,1005,358,0,1,358
fc1a1cd2d37a9100a80a496108f693ecebc59e14-dirty,1,typing,80,24,103,10206,45139,80,24,0,0,198,198,0,0,198
fc1a1cd2d37a9100a80a496108f693ecebc59e14-dirty,1,typing,80,24,104,10306,45457,80,24,1,1,1323,358,0,1,358
fc1a1cd2d37a9100a80a496108f693ecebc59e14-dirty,1,typing,80,24,105,10402,45616,80,24,1,1,1482,358,0,1,358
fc1a1cd2d37a9100a80a496108f693ecebc59e14-dirty,1,typing,80,24,106,10502,45775,80,24,1,1,1641,358,0,1,358
fc1a1cd2d37a9100a80a496108f693ecebc59e14-dirty,1,typing,80,24,107,10603,45934,80,24,1,1,1800,358,0,1,358
fc1a1cd2d37a9100a80a496108f693ecebc59e14-dirty,1,typing,80,24,108,10703,46094,80,24,1,1,530,360,0,1,360
fc1a1cd2d37a9100a80a496108f693ecebc59e14-dirty,1,typing,80,24,109,10804,46412,80,24,1,1,848,360,0,1,360
fc1a1cd2d37a9100a80a496108f693ecebc59e14-dirty,1,typing,80,24,110,10904,46571,80,24,1,1,1007,360,0,1,360
fc1a1cd2d37a9100a80a496108f693ecebc59e14-dirty,1,typing,80,24,111,11005,46571,80,24,0,0,199,199,0,0,199
fc1a1cd2d37a9100a80a496108f693ecebc59e14-dirty,1,typing,80,24,112,11105,46889,80,24,1,1,1325,360,0,1,360
fc1a1cd2d37a9100a80a496108f693ecebc59e14-dirty,1,typing,80,24,113,11206,50864,80,24,25,2,4520,4262,0,25,4262
fc1a1cd2d37a9100a80a496108f693ecebc59e14-dirty,1,typing,80,24,114,11307,51182,80,24,1,1,848,360,0,1,360
fc1a1cd2d37a9100a80a496108f693ecebc59e14-dirty,1,typing,80,24,115,11407,51341,80,24,1,1,1007,360,0,1,360
fc1a1cd2d37a9100a80a496108f693ecebc59e14-dirty,1,typing,80,24,116,11503,51500,80,24,1,1,1166,360,0,1,360
fc1a1cd2d37a9100a80a496108f693ecebc59e14-dirty,1,typing,80,24,117,11603,51659,80,24,1,1,1325,360,0,1,360
fc1a1cd2d37a9100a80a496108f693ecebc59e14-dirty,1,typing,80,24,118,11704,51659,80,24,0,0,199,199,0,0,199
fc1a1cd2d37a9100a80a496108f693ecebc59e14-dirty,1,typing,80,24,119,11804,51977,80,24,1,1,1643,360,0,1,360
fc1a1cd2d37a9100a80a496108f693ecebc59e14-dirty,1,typing,80,24,120,11905,52136,80,24,1,1,1802,360,0,1,360
fc1a1cd2d37a9100a80a496108f693ecebc59e14-dirty,1,typing,80,24,121,12005,52296,80,24,1,1,1962,361,0,1,361
fc1a1cd2d37a9100a80a496108f693ecebc59e14-dirty,1,typing,80,24,122,12106,52455,80,24,1,1,2121,362,0,1,362
fc1a1cd2d37a9100a80a496108f693ecebc59e14-dirty,1,typing,80,24,123,12206,52455,80,24,0,0,200,200,0,0,200
fc1a1cd2d37a9100a80a496108f693ecebc59e14-dirty,1,typing,80,24,124,12307,52773,80,24,1,1,2439,362,0,1,362
fc1a1cd2d37a9100a80a496108f693ecebc59e14-dirty,1,typing,80,24,125,12402,52932,80,24,1,1,2598,362,0,1,362
fc1a1cd2d37a9100a80a496108f693ecebc59e14-dirty,1,typing,80,24,126,12503,53091,80,24,1,1,2757,362,0,1,362
fc1a1cd2d37a9100a80a496108f693ecebc59e14-dirty,1,typing,80,24,127,12604,53250,80,24,1,1,2916,362,0,1,362
fc1a1cd2d37a9100a80a496108f693ecebc59e14-dirty,1,typing,80,24,128,12704,53250,80,24,0,0,200,200,0,0,200
fc1a1cd2d37a9100a80a496108f693ecebc59e14-dirty,1,typing,80,24,129,12805,53568,80,24,1,1,3234,362,0,1,362
fc1a1cd2d37a9100a80a496108f693ecebc59e14-dirty,1,typing,80,24,130,12905,53727,80,24,1,1,3393,362,0,1,362
fc1a1cd2d37a9100a80a496108f693ecebc59e14-dirty,1,typing,80,24,131,13006,53886,80,24,1,1,3552,362,0,1,362
fc1a1cd2d37a9100a80a496108f693ecebc59e14-dirty,1,typing,80,24,132,13106,53886,80,24,0,0,200,200,0,0,200
fc1a1cd2d37a9100a80a496108f693ecebc59e14-dirty,1,typing,80,24,133,13203,54204,80,24,1,1,3870,362,0,1,362
fc1a1cd2d37a9100a80a496108f693ecebc59e14-dirty,1,typing,80,24,134,13303,54363,80,24,1,1,4029,362,0,1,362
fc1a1cd2d37a9100a80a496108f693ecebc59e14-dirty,1,typing,80,24,135,13404,54522,80,24,1,1,4188,362,0,1,362
fc1a1cd2d37a9100a80a496108f693ecebc59e14-dirty,1,typing,80,24,136,13504,54681,80,24,1,1,4347,362,0,1,362
fc1a1cd2d37a9100a80a496108f693ecebc59e14-dirty,1,typing,80,24,137,13605,54840,80,24,1,1,4506,362,0,1,362
fc1a1cd2d37a9100a80a496108f693ecebc59e14-dirty,1,typing,80,24,138,13705,54840,80,24,0,0,200,200,0,0,200
fc1a1cd2d37a9100a80a496108f693ecebc59e14-dirty,1,typing,80,24,139,13806,55158,80,24,1,1,4824,362,0,1,362
fc1a1cd2d37a9100a80a496108f693ecebc59e14-dirty,1,typing,80,24,140,13906,55317,80,24,1,1,4983,362,0,1,362
fc1a1cd2d37a9100a80a496108f693ecebc59e14-dirty,1,typing,80,24,141,14007,55476,80,24,1,1,5142,362,0,1,362
fc1a1cd2d37a9100a80a496108f693ecebc59e14-dirty,1,typing,80,24,142,14102,55635,80,24,1,1,5301,362,0,1,362
fc1a1cd2d37a9100a80a496108f693ecebc59e14-dirty,1,typing,80,24,143,14203,55794,80,24,1,1,5460,362,0,1,362
fc1a1cd2d37a9100a80a496108f693ecebc59e14-dirty,1,typing,80,24,144,14304,59927,80,24,22,2,4679,3775,0,22,3775
fc1a1cd2d37a9100a80a496108f693ecebc59e14-dirty,1,typing,80,24,145,14404,60245,80,24,1,1,848,360,0,1,360
fc1a1cd2d37a9100a80a496108f693ecebc59e14-dirty,1,typing,80,24,146,14505,60404,80,24,1,1,1007,360,0,1,360
fc1a1cd2d37a9100a80a496108f693ecebc59e14-dirty,1,typing,80,24,147,14605,60563,80,24,1,1,1166,360,0,1,360
fc1a1cd2d37a9100a80a496108f693ecebc59e14-dirty,1,typing,80,24,148,14706,60563,80,24,0,0,199,199,0,0,199
fc1a1cd2d37a9100a80a496108f693ecebc59e14-dirty,1,typing,80,24,149,14806,60881,80,24,1,1,1484,360,0,1,360
fc1a1cd2d37a9100a80a496108f693ecebc59e14-dirty,1,typing,80,24,150,14907,60881,80,24,0,0,199,199,0,0,199
fc1a1cd2d37a9100a80a496108f693ecebc59e14-dirty,1,typing,80,24,151,15003,61199,80,24,1,1,1802,360,0,1,360
fc1a1cd2d37a9100a80a496108f693ecebc59e14-dirty,1,typing,80,24,152,15103,61359,80,24,1,1,1962,361,0,1,361
fc1a1cd2d37a9100a80a496108f693ecebc59e14-dirty,1,typing,80,24,153,15204,61359,80,24,0,0,200,200,0,0,200
fc1a1cd2d37a9100a80a496108f693ecebc59e14-dirty,1,typing,80,24,154,15304,61677,80,24,1,1,2280,362,0,1,362
fc1a1cd2d37a9100a80a496108f693ecebc59e14-dirty,1,typing,80,24,155,15405,61677,80,24,0,0,200,200,0,0,200
fc1a1cd2d37a9100a80a496108f693ecebc59e14-dirty,1,typing,80,24,156,15505,61995,80,24,1,1,2598,362,0,1,362
fc1a1cd2d37a9100a80a496108f693ecebc59e14-dirty,1,typing,80,24,157,15606,61995,80,24,0,0,200,200,0,0,200
fc1a1cd2d37a9100a80a496108f693ecebc59e14-dirty,1,typing,80,24,158,15707,62313,80,24,1,1,2916,362,0,1,362
fc1a1cd2d37a9100a80a496108f693ecebc59e14-dirty,1,typing,80,24,159,15807,62472,80,24,1,1,3075,362,0,1,362
fc1a1cd2d37a9100a80a496108f693ecebc59e14-dirty,1,typing,80,24,160,15903,62472,80,24,0,0,200,200,0,0,200
fc1a1cd2d37a9100a80a496108f693ecebc59e14-dirty,1,typing,80,24,161,16003,62790,80,24,1,1,3393,362,0,1,362
fc1a1cd2d37a9100a80a496108f693ecebc59e14-dirty,1,typing,80,24,162,16104,62949,80,24,1,1,3552,362,0,1,362
fc1a1cd2d37a9100a80a496108f693ecebc59e14-dirty,1,typing,80,24,163,16204,62949,80,24,0,0,200,200,0,0,200
fc1a1cd2d37a9100a80a496108f693ecebc59e14-dirty,1,typing,80,24,164,16305,63267,80,24,1,1,3870,362,0,1,362
fc1a1cd2d37a9100a80a496108f693ecebc59e14-dirty,1,typing,80,24,165,16406,63426,80,24,1,1,4029,362,0,1,362
fc1a1cd2d37a9100a80a496108f693ecebc59e14-dirty,1,typing,80,24,166,16506,63585,80,24,1,1,4188,362,0,1,362
fc1a1cd2d37a9100a80a496108f693ecebc59e14-dirty,1,typing,80,24,167,16607,63744,80,24,1,1,4347,362,0,1,362
fc1a1cd2d37a9100a80a496108f693ecebc59e14-dirty,1,typing,80,24,168,16707,63744,80,24,0,0,200,200,0,0,200
fc1a1cd2d37a9100a80a496108f693ecebc59e14-dirty,1,typing,80,24,169,16803,64063,80,24,1,1,4666,363,0,1,363
fc1a1cd2d37a9100a80a496108f693ecebc59e14-dirty,1,typing,80,24,170,16903,64222,80,24,1,1,4825,362,0,1,362
fc1a1cd2d37a9100a80a496108f693ecebc59e14-dirty,1,typing,80,24,171,17004,64381,80,24,1,1,4984,362,0,1,362
fc1a1cd2d37a9100a80a496108f693ecebc59e14-dirty,1,typing,80,24,172,17105,64540,80,24,1,1,5143,362,0,1,362
fc1a1cd2d37a9100a80a496108f693ecebc59e14-dirty,1,typing,80,24,173,17205,64699,80,24,1,1,5302,362,0,1,362
fc1a1cd2d37a9100a80a496108f693ecebc59e14-dirty,1,typing,80,24,174,17306,64699,80,24,0,0,200,200,0,0,200
fc1a1cd2d37a9100a80a496108f693ecebc59e14-dirty,1,typing,80,24,175,17406,65017,80,24,1,1,5620,362,0,1,362
fc1a1cd2d37a9100a80a496108f693ecebc59e14-dirty,1,typing,80,24,176,17507,65176,80,24,1,1,5779,362,0,1,362
fc1a1cd2d37a9100a80a496108f693ecebc59e14-dirty,1,typing,80,24,177,17607,65336,80,24,1,1,5939,363,0,1,363
fc1a1cd2d37a9100a80a496108f693ecebc59e14-dirty,1,typing,80,24,178,17703,65495,80,24,1,1,6098,362,0,1,362
fc1a1cd2d37a9100a80a496108f693ecebc59e14-dirty,1,typing,80,24,179,17804,65495,80,24,0,0,200,200,0,0,200
fc1a1cd2d37a9100a80a496108f693ecebc59e14-dirty,1,typing,80,24,180,17904,65813,80,24,1,1,6416,362,0,1,362
fc1a1cd2d37a9100a80a496108f693ecebc59e14-dirty,1,typing,80,24,181,18005,72002,80,24,1,1,12605,362,0,1,362
fc1a1cd2d37a9100a80a496108f693ecebc59e14-dirty,1,typing,80,24,182,18106,72002,80,24,1,1,12605,362,0,1,362
fc1a1cd2d37a9100a80a496108f693ecebc59e14-dirty,1,typing,80,24,183,18206,72002,80,24,1,1,12605,362,0,1,362
fc1a1cd2d37a9100a80a496108f693ecebc59e14-dirty,1,typing,80,24,184,18307,75022,80,24,16,4,3914,2790,0,16,2790
fc1a1cd2d37a9100a80a496108f693ecebc59e14-dirty,1,typing,80,24,185,18408,75340,80,24,1,1,848,360,0,1,360
fc1a1cd2d37a9100a80a496108f693ecebc59e14-dirty,1,typing,80,24,186,18545,75499,80,24,1,1,1007,360,0,1,360
fc1a1cd2d37a9100a80a496108f693ecebc59e14-dirty,1,typing,80,24,187,18645,75658,80,24,1,1,1166,360,0,1,360
fc1a1cd2d37a9100a80a496108f693ecebc59e14-dirty,1,typing,80,24,188,18705,75817,80,24,1,1,1325,360,0,1,360
fc1a1cd2d37a9100a80a496108f693ecebc59e14-dirty,1,typing,80,24,189,18806,75976,80,24,1,1,1484,360,0,1,360
fc1a1cd2d37a9100a80a496108f693ecebc59e14-dirty,1,typing,80,24,190,18906,76135,80,24,1,1,1643,360,0,1,360
fc1a1cd2d37a9100a80a496108f693ecebc59e14-dirty,1,typing,80,24,191,19007,76135,80,24,0,0,199,199,0,0,199
fc1a1cd2d37a9100a80a496108f693ecebc59e14-dirty,1,typing,80,24,192,19107,76454,80,24,1,1,1962,361,0,1,361
fc1a1cd2d37a9100a80a496108f693ecebc59e14-dirty,1,typing,80,24,193,19208,76613,80,24,1,1,2121,362,0,1,362
fc1a1cd2d37a9100a80a496108f693ecebc59e14-dirty,1,typing,80,24,194,19304,76772,80,24,1,1,2280,362,0,1,362
fc1a1cd2d37a9100a80a496108f693ecebc59e14-dirty,1,typing,80,24,195,19404,76932,80,24,1,1,2440,363,0,1,363
fc1a1cd2d37a9100a80a496108f693ecebc59e14-dirty,1,typing,80,24,196,19505,77091,80,24,1,1,2599,362,0,1,362
fc1a1cd2d37a9100a80a496108f693ecebc59e14-dirty,1,typing,80,24,197,19606,77250,80,24,1,1,2758,362,0,1,362
fc1a1cd2d37a9100a80a496108f693ecebc59e14-dirty,1,typing,80,24,198,19706,77250,80,24,0,0,200,200,0,0,200
fc1a1cd2d37a9100a80a496108f693ecebc59e14-dirty,1,typing,80,24,199,19807,77568,80,24,1,1,3076,362,0,1,362
fc1a1cd2d37a9100a80a496108f693ecebc59e14-dirty,1,typing,80,24,200,19908,77727,80,24,1,1,3235,362,0,1,362
fc1a1cd2d37a9100a80a496108f693ecebc59e14-dirty,1,typing,80,24,201,20003,77886,80,24,1,1,3394,362,0,1,362
fc1a1cd2d37a9100a80a496108f693ecebc59e14-dirty,1,typing,80,24,202,20104,78045,80,24,1,1,3553,362,0,1,362
fc1a1cd2d37a9100a80a496108f693ecebc59e14-dirty,1,typing,80,24,203,20205,78204,80,24,1,1,3712,362,0,1,362
fc1a1cd2d37a9100a80a496108f693ecebc59e14-dirty,1,typing,80,24,204,20305,78204,80,24,0,0,200,200,0,0,200
fc1a1cd2d37a9100a80a496108f693ecebc59e14-dirty,1,typing,80,24,205,20447,78522,80,24,1,1,4030,362,0,1,362
fc1a1cd2d37a9100a80a496108f693ecebc59e14-dirty,1,typing,80,24,206,20507,78681,80,24,1,1,4189,362,0,1,362
fc1a1cd2d37a9100a80a496108f693ecebc59e14-dirty,1,typing,80,24,207,20607,78840,80,24,1,1,4348,362,0,1,362
fc1a1cd2d37a9100a80a496108f693ecebc59e14-dirty,1,typing,80,24,208,20708,78999,80,24,1,1,4507,362,0,1,362
fc1a1cd2d37a9100a80a496108f693ecebc59e14-dirty,1,typing,80,24,209,20804,78999,80,24,0,0,200,200,0,0,200
fc1a1cd2d37a9100a80a496108f693ecebc59e14-dirty,1,typing,80,24,210,20905,79317,80,24,1,1,4825,362,0,1,362
fc1a1cd2d37a9100a80a496108f693ecebc59e14-dirty,1,typing,80,24,211,21005,79476,80,24,1,1,4984,362,0,1,362
fc1a1cd2d37a9100a80a496108f693ecebc59e14-dirty,1,typing,80,24,212,21106,79635,80,24,1,1,5143,362,0,1,362
fc1a1cd2d37a9100a80a496108f693ecebc59e14-dirty,1,typing,80,24,213,21207,79635,80,24,1,1,5143,362,0,1,362
fc1a1cd2d37a9100a80a496108f693ecebc59e14-dirty,1,typing,80,24,214,21308,79794,80,24,1,1,5302,362,0,1,362
fc1a1cd2d37a9100a80a496108f693ecebc59e14-dirty,1,typing,80,24,215,21408,79794,80,24,0,0,200,200,0,0,200
fc1a1cd2d37a9100a80a496108f693ecebc59e14-dirty,1,typing,80,24,216,21545,80112,80,24,1,1,5620,362,0,1,362
fc1a1cd2d37a9100a80a496108f693ecebc59e14-dirty,1,typing,80,24,217,21605,80271,80,24,1,1,5779,362,0,1,362
fc1a1cd2d37a9100a80a496108f693ecebc59e14-dirty,1,typing,80,24,218,21705,80430,80,24,1,1,5938,362,0,1,362
fc1a1cd2d37a9100a80a496108f693ecebc59e14-dirty,1,typing,80,24,219,21806,80589,80,24,1,1,6097,362,0,1,362
fc1a1cd2d37a9100a80a496108f693ecebc59e14-dirty,1,typing,80,24,220,21907,80748,80,24,1,1,6256,362,0,1,362
fc1a1cd2d37a9100a80a496108f693ecebc59e14-dirty,1,typing,80,24,221,22007,83768,80,24,20,5,4088,3438,0,20,3438
fc1a1cd2d37a9100a80a496108f693ecebc59e14-dirty,1,typing,80,24,222,22108,84086,80,24,1,1,848,360,0,1,360
fc1a1cd2d37a9100a80a496108f693ecebc59e14-dirty,1,typing,80,24,223,22204,84245,80,24,1,1,1007,360,0,1,360
fc1a1cd2d37a9100a80a496108f693ecebc59e14-dirty,1,typing,80,24,224,22305,84404,80,24,1,1,1166,360,0,1,360
fc1a1cd2d37a9100a80a496108f693ecebc59e14-dirty,1,typing,80,24,225,22405,84563,80,24,1,1,1325,360,0,1,360
fc1a1cd2d37a9100a80a496108f693ecebc59e14-dirty,1,typing,80,24,226,22506,84563,80,24,0,0,199,199,0,0,199
fc1a1cd2d37a9100a80a496108f693ecebc59e14-dirty,1,typing,80,24,227,22607,84881,80,24,1,1,1643,360,0,1,360
fc1a1cd2d37a9100a80a496108f693ecebc59e14-dirty,1,typing,80,24,228,22707,84881,80,24,0,0,199,199,0,0,199
fc1a1cd2d37a9100a80a496108f693ecebc59e14-dirty,1,typing,80,24,229,22808,85200,80,24,1,1,1962,361,0,1,361
fc1a1cd2d37a9100a80a496108f693ecebc59e14-dirty,1,typing,80,24,230,22904,85359,80,24,1,1,2121,362,0,1,362
fc1a1cd2d37a9100a80a496108f693ecebc59e14-dirty,1,typing,80,24,231,23005,85518,80,24,1,1,2280,362,0,1,362
fc1a1cd2d37a9100a80a496108f693ecebc59e14-dirty,1,typing,80,24,232,23105,85677,80,24,1,1,2439,362,0,1,362
fc1a1cd2d37a9100a80a496108f693ecebc59e14-dirty,1,typing,80,24,233,23206,85836,80,24,1,1,2598,362,0,1,362
fc1a1cd2d37a9100a80a496108f693ecebc59e14-dirty,1,typing,80,24,234,23307,85995,80,24,1,1,2757,362,0,1,362
fc1a1cd2d37a9100a80a496108f693ecebc59e14-dirty,1,typing,80,24,235,23407,86154,80,24,1,1,2916,362,0,1,362
fc1a1cd2d37a9100a80a496108f693ecebc59e14-dirty,1,typing,80,24,236,23508,86313,80,24,1,1,3075,362,0,1,362
fc1a1cd2d37a9100a80a496108f693ecebc59e14-dirty,1,typing,80,24,237,23609,86313,80,24,0,0,200,200,0,0,200
fc1a1cd2d37a9100a80a496108f693ecebc59e14-dirty,1,typing,80,24,238,23704,86631,80,24,1,1,3393,362,0,1,362
fc1a1cd2d37a9100a80a496108f693ecebc59e14-dirty,1,typing,80,24,239,23805,86790,80,24,1,1,3552,362,0,1,362
fc1a1cd2d37a9100a80a496108f693ecebc59e14-dirty,1,typing,80,24,240,23906,86949,80,24,1,1,3711,362,0,1,362
fc1a1cd2d37a9100a80a496108f693ecebc59e14-dirty,1,typing,80,24,241,24007,87108,80,24,1,1,3870,362,0,1,362
fc1a1cd2d37a9100a80a496108f693ecebc59e14-dirty,1,typing,80,24,242,24107,87267,80,24,1,1,4029,362,0,1,362
fc1a1cd2d37a9100a80a496108f693ecebc59e14-dirty,1,typing,80,24,243,24208,87426,80,24,1,1,4188,362,0,1,362
fc1a1cd2d37a9100a80a496108f693ecebc59e14-dirty,1,typing,80,24,244,24309,87426,80,24,0,0,200,200,0,0,200
fc1a1cd2d37a9100a80a496108f693ecebc59e14-dirty,1,typing,80,24,245,24404,87744,80,24,1,1,4506,362,0,1,362
fc1a1cd2d37a9100a80a496108f693ecebc59e14-dirty,1,typing,80,24,246,24547,87903,80,24,1,1,4665,362,0,1,362
fc1a1cd2d37a9100a80a496108f693ecebc59e14-dirty,1,typing,80,24,247,24606,88062,80,24,1,1,4824,362,0,1,362
fc1a1cd2d37a9100a80a496108f693ecebc59e14-dirty,1,typing,80,24,248,24707,88221,80,24,1,1,4983,362,0,1,362
fc1a1cd2d37a9100a80a496108f693ecebc59e14-dirty,1,typing,80,24,249,24808,88221,80,24,0,0,200,200,0,0,200
fc1a1cd2d37a9100a80a496108f693ecebc59e14-dirty,1,typing,80,24,250,24908,88539,80,24,1,1,5301,362,0,1,362
fc1a1cd2d37a9100a80a496108f693ecebc59e14-dirty,1,typing,80,24,251,25009,88698,80,24,1,1,5460,362,0,1,362
fc1a1cd2d37a9100a80a496108f693ecebc59e14-dirty,1,typing,80,24,252,25104,88698,80,24,0,0,200,200,0,0,200
fc1a1cd2d37a9100a80a496108f693ecebc59e14-dirty,1,typing,80,24,253,25205,89016,80,24,1,1,5778,362,0,1,362
fc1a1cd2d37a9100a80a496108f693ecebc59e14-dirty,1,typing,80,24,254,25306,89175,80,24,1,1,5937,362,0,1,362
fc1a1cd2d37a9100a80a496108f693ecebc59e14-dirty,1,typing,80,24,255,25407,89334,80,24,1,1,6096,362,0,1,362
fc1a1cd2d37a9100a80a496108f693ecebc59e14-dirty,1,typing,80,24,256,25507,89493,80,24,1,1,6255,362,0,1,362
fc1a1cd2d37a9100a80a496108f693ecebc59e14-dirty,1,typing,80,24,257,25608,89493,80,24,0,0,200,200,0,0,200
fc1a1cd2d37a9100a80a496108f693ecebc59e14-dirty,1,typing,80,24,258,25751,95841,80,24,1,1,12603,362,0,1,362
fc1a1cd2d37a9100a80a496108f693ecebc59e14-dirty,1,typing,80,24,259,25846,95841,80,24,1,1,12603,362,0,1,362
fc1a1cd2d37a9100a80a496108f693ecebc59e14-dirty,1,typing,80,24,260,25905,95841,80,24,1,1,12603,362,0,1,362
fc1a1cd2d37a9100a80a496108f693ecebc59e14-dirty,1,typing,80,24,261,26006,95841,80,24,1,1,12603,362,0,1,362
fc1a1cd2d37a9100a80a496108f693ecebc59e14-dirty,1,typing,80,24,262,26107,95841,80,24,0,0,200,200,0,0,200
fc1a1cd2d37a9100a80a496108f693ecebc59e14-dirty,1,typing,80,24,263,26208,95841,80,24,1,1,12603,362,0,1,362
fc1a1cd2d37a9100a80a496108f693ecebc59e14-dirty,1,typing,80,24,264,26350,95841,80,24,0,0,200,200,0,0,200
fc1a1cd2d37a9100a80a496108f693ecebc59e14-dirty,1,typing,80,24,265,26409,95841,80,24,1,1,12603,362,0,1,362
fc1a1cd2d37a9100a80a496108f693ecebc59e14-dirty,1,typing,80,24,266,26505,95841,80,24,1,1,12603,362,0,1,362
fc1a1cd2d37a9100a80a496108f693ecebc59e14-dirty,1,typing,80,24,267,26605,95841,80,24,1,1,12603,362,0,1,362
fc1a1cd2d37a9100a80a496108f693ecebc59e14-dirty,1,typing,80,24,268,26706,95841,80,24,1,1,12603,362,0,1,362
fc1a1cd2d37a9100a80a496108f693ecebc59e14-dirty,1,typing,80,24,269,26807,95841,80,24,1,1,12603,362,0,1,362
fc1a1cd2d37a9100a80a496108f693ecebc59e14-dirty,1,typing,80,24,270,26907,95841,80,24,1,1,12603,362,0,1,362
fc1a1cd2d37a9100a80a496108f693ecebc59e14-dirty,1,typing,80,24,271,27008,95841,80,24,0,0,200,200,0,0,200
fc1a1cd2d37a9100a80a496108f693ecebc59e14-dirty,1,typing,80,24,272,27109,95841,80,24,1,1,12603,362,0,1,362
fc1a1cd2d37a9100a80a496108f693ecebc59e14-dirty,1,typing,80,24,273,27205,95841,80,24,1,1,12603,362,0,1,362
fc1a1cd2d37a9100a80a496108f693ecebc59e14-dirty,1,typing,80,24,274,27305,95841,80,24,1,1,12603,362,0,1,362
fc1a1cd2d37a9100a80a496108f693ecebc59e14-dirty,1,typing,80,24,275,27406,95841,80,24,1,1,12603,362,0,1,362
fc1a1cd2d37a9100a80a496108f693ecebc59e14-dirty,1,typing,80,24,276,27507,95841,80,24,1,1,12603,362,0,1,362
fc1a1cd2d37a9100a80a496108f693ecebc59e14-dirty,1,typing,80,24,277,27608,95841,80,24,0,0,200,200,0,0,200
fc1a1cd2d37a9100a80a496108f693ecebc59e14-dirty,1,typing,80,24,278,27708,95841,80,24,1,1,12603,362,0,1,362
fc1a1cd2d37a9100a80a496108f693ecebc59e14-dirty,1,typing,80,24,279,27809,95841,80,24,1,1,12603,362,0,1,362
fc1a1cd2d37a9100a80a496108f693ecebc59e14-dirty,1,typing,80,24,280,27905,95841,80,24,0,0,200,200,0,0,200
fc1a1cd2d37a9100a80a496108f693ecebc59e14-dirty,1,typing,80,24,281,28006,95841,80,24,1,1,12603,362,0,1,362
fc1a1cd2d37a9100a80a496108f693ecebc59e14-dirty,1,typing,80,24,282,28106,95841,80,24,0,0,200,200,0,0,200
fc1a1cd2d37a9100a80a496108f693ecebc59e14-dirty,1,typing,80,24,283,28207,95841,80,24,1,1,12603,362,0,1,362
fc1a1cd2d37a9100a80a496108f693ecebc59e14-dirty,1,typing,80,24,284,28308,95841,80,24,1,1,12603,362,0,1,362
fc1a1cd2d37a9100a80a496108f693ecebc59e14-dirty,1,typing,80,24,285,28409,95841,80,24,1,1,12603,362,0,1,362
fc1a1cd2d37a9100a80a496108f693ecebc59e14-dirty,1,typing,80,24,286,28551,95841,80,24,1,1,12603,362,0,1,362
fc1a1cd2d37a9100a80a496108f693ecebc59e14-dirty,1,typing,80,24,287,28605,95841,80,24,1,1,12603,362,0,1,362
fc1a1cd2d37a9100a80a496108f693ecebc59e14-dirty,1,typing,80,24,288,28706,95841,80,24,0,0,200,200,0,0,200
fc1a1cd2d37a9100a80a496108f693ecebc59e14-dirty,1,typing,80,24,289,28806,95841,80,24,1,1,12603,362,0,1,362
fc1a1cd2d37a9100a80a496108f693ecebc59e14-dirty,1,typing,80,24,290,28949,95841,80,24,1,1,12603,362,0,1,362
fc1a1cd2d37a9100a80a496108f693ecebc59e14-dirty,1,typing,80,24,291,29049,95841,80,24,1,1,12603,362,0,1,362
fc1a1cd2d37a9100a80a496108f693ecebc59e14-dirty,1,typing,80,24,292,29109,95841,80,24,1,1,12603,362,0,1,362
fc1a1cd2d37a9100a80a496108f693ecebc59e14-dirty,1,typing,80,24,293,29206,95841,80,24,1,1,12603,362,0,1,362
fc1a1cd2d37a9100a80a496108f693ecebc59e14-dirty,1,typing,80,24,294,29306,95841,80,24,1,1,12603,362,0,1,362
fc1a1cd2d37a9100a80a496108f693ecebc59e14-dirty,1,typing,80,24,295,29449,103937,80,24,676,24,104000,109928,2,160,26269
fc1a1cd2d37a9100a80a496108f693ecebc59e14-dirty,1,typing,80,24,296,29509,104255,80,24,1,1,848,360,0,1,360
fc1a1cd2d37a9100a80a496108f693ecebc59e14-dirty,1,typing,80,24,297,29605,104414,80,24,1,1,1007,360,0,1,360
fc1a1cd2d37a9100a80a496108f693ecebc59e14-dirty,1,typing,80,24,298,29705,104573,80,24,1,1,1166,360,0,1,360
fc1a1cd2d37a9100a80a496108f693ecebc59e14-dirty,1,typing,80,24,299,29848,104732,80,24,1,1,1325,360,0,1,360
fc1a1cd2d37a9100a80a496108f693ecebc59e14-dirty,1,typing,80,24,300,29948,104732,80,24,0,0,199,199,0,0,199
fc1a1cd2d37a9100a80a496108f693ecebc59e14-dirty,1,typing,80,24,301,30008,105050,80,24,1,1,1643,360,0,1,360
fc1a1cd2d37a9100a80a496108f693ecebc59e14-dirty,1,typing,80,24,302,30109,105209,80,24,1,1,1802,360,0,1,360
fc1a1cd2d37a9100a80a496108f693ecebc59e14-dirty,1,typing,80,24,303,30210,105369,80,24,1,1,1962,361,0,1,361
fc1a1cd2d37a9100a80a496108f693ecebc59e14-dirty,1,typing,80,24,304,30305,105369,80,24,0,0,200,200,0,0,200
fc1a1cd2d37a9100a80a496108f693ecebc59e14-dirty,1,typing,80,24,305,30406,105687,80,24,1,1,2280,362,0,1,362
fc1a1cd2d37a9100a80a496108f693ecebc59e14-dirty,1,typing,80,24,306,30548,105846,80,24,1,1,2439,362,0,1,362
fc1a1cd2d37a9100a80a496108f693ecebc59e14-dirty,1,typing,80,24,307,30607,106005,80,24,1,1,2598,362,0,1,362
fc1a1cd2d37a9100a80a496108f693ecebc59e14-dirty,1,typing,80,24,308,30708,102665,80,24,701,24,102728,113994,2,160,26269
fc1a1cd2d37a9100a80a496108f693ecebc59e14-dirty,2,typing,80,24,1,5,102983,80,24,1,1,848,360,0,1,360
fc1a1cd2d37a9100a80a496108f693ecebc59e14-dirty,2,typing,80,24,2,106,103142,80,24,1,1,1007,360,0,1,360
fc1a1cd2d37a9100a80a496108f693ecebc59e14-dirty,2,typing,80,24,3,202,103301,80,24,1,1,1166,360,0,1,360
fc1a1cd2d37a9100a80a496108f693ecebc59e14-dirty,2,typing,80,24,4,303,103460,80,24,1,1,1325,360,0,1,360
fc1a1cd2d37a9100a80a496108f693ecebc59e14-dirty,2,typing,80,24,5,403,103460,80,24,0,0,199,199,0,0,199
fc1a1cd2d37a9100a80a496108f693ecebc59e14-dirty,2,typing,80,24,6,504,103778,80,24,1,1,1643,360,0,1,360
fc1a1cd2d37a9100a80a496108f693ecebc59e14-dirty,2,typing,80,24,7,646,103937,80,24,1,1,1802,360,0,1,360
fc1a1cd2d37a9100a80a496108f693ecebc59e14-dirty,2,typing,80,24,8,747,104097,80,24,1,1,1962,361,0,1,361
fc1a1cd2d37a9100a80a496108f693ecebc59e14-dirty,2,typing,80,24,9,848,104097,80,24,1,1,1962,362,0,1,362
fc1a1cd2d37a9100a80a496108f693ecebc59e14-dirty,2,typing,80,24,10,903,104256,80,24,1,1,2121,362,0,1,362
fc1a1cd2d37a9100a80a496108f693ecebc59e14-dirty,2,typing,80,24,11,1044,104256,80,24,0,0,200,200,0,0,200
fc1a1cd2d37a9100a80a496108f693ecebc59e14-dirty,2,typing,80,24,12,1146,104574,80,24,1,1,2439,362,0,1,362
fc1a1cd2d37a9100a80a496108f693ecebc59e14-dirty,2,typing,80,24,13,1246,104733,80,24,1,1,2598,362,0,1,362
fc1a1cd2d37a9100a80a496108f693ecebc59e14-dirty,2,typing,80,24,14,1347,104892,80,24,1,1,2757,362,0,1,362
fc1a1cd2d37a9100a80a496108f693ecebc59e14-dirty,2,typing,80,24,15,1406,105051,80,24,1,1,2916,362,0,1,362
fc1a1cd2d37a9100a80a496108f693ecebc59e14-dirty,2,typing,80,24,16,1502,105210,80,24,1,1,3075,362,0,1,362
fc1a1cd2d37a9100a80a496108f693ecebc59e14-dirty,2,typing,80,24,17,1603,101074,80,24,683,24,101137,111049,2,160,26269
fc1a1cd2d37a9100a80a496108f693ecebc59e14-dirty,2,typing,80,24,18,1704,101392,80,24,1,1,848,360,0,1,360
fc1a1cd2d37a9100a80a496108f693ecebc59e14-dirty,2,typing,80,24,19,1845,101551,80,24,1,1,1007,360,0,1,360
fc1a1cd2d37a9100a80a496108f693ecebc59e14-dirty,2,typing,80,24,20,1905,101710,80,24,1,1,1166,360,0,1,360
fc1a1cd2d37a9100a80a496108f693ecebc59e14-dirty,2,typing,80,24,21,2006,92500,80,24,648,24,92563,105375,2,160,26269
fc1a1cd2d37a9100a80a496108f693ecebc59e14-dirty,2,typing,80,24,22,2102,92818,80,24,1,1,848,360,0,1,360
fc1a1cd2d37a9100a80a496108f693ecebc59e14-dirty,2,typing,80,24,23,2203,92977,80,24,1,1,1007,360,0,1,360
fc1a1cd2d37a9100a80a496108f693ecebc59e14-dirty,2,typing,80,24,24,2344,93136,80,24,1,1,1166,360,0,1,360
fc1a1cd2d37a9100a80a496108f693ecebc59e14-dirty,2,typing,80,24,25,2404,93295,80,24,1,1,1325,360,0,1,360
fc1a1cd2d37a9100a80a496108f693ecebc59e14-dirty,2,typing,80,24,26,2505,93454,80,24,1,1,1484,360,0,1,360
fc1a1cd2d37a9100a80a496108f693ecebc59e14-dirty,2,typing,80,24,27,2606,93613,80,24,1,1,1643,360,0,1,360
fc1a1cd2d37a9100a80a496108f693ecebc59e14-dirty,2,typing,80,24,28,2706,93613,80,24,0,0,199,199,0,0,199
fc1a1cd2d37a9100a80a496108f693ecebc59e14-dirty,2,typing,80,24,29,2802,93932,80,24,1,1,1962,361,0,1,361
fc1a1cd2d37a9100a80a496108f693ecebc59e14-dirty,2,typing,80,24,30,2903,94091,80,24,1,1,2121,362,0,1,362
fc1a1cd2d37a9100a80a496108f693ecebc59e14-dirty,2,typing,80,24,31,3004,94250,80,24,1,1,2280,362,0,1,362
fc1a1cd2d37a9100a80a496108f693ecebc59e14-dirty,2,typing,80,24,32,3147,94409,80,24,1,1,2439,362,0,1,362
fc1a1cd2d37a9100a80a496108f693ecebc59e14-dirty,2,typing,80,24,33,3206,94409,80,24,0,0,200,200,0,0,200
fc1a1cd2d37a9100a80a496108f693ecebc59e14-dirty,2,typing,80,24,34,3307,94727,80,24,1,1,2757,362,0,1,362
fc1a1cd2d37a9100a80a496108f693ecebc59e14-dirty,2,typing,80,24,35,3402,94886,80,24,1,1,2916,362,0,1,362
fc1a1cd2d37a9100a80a496108f693ecebc59e14-dirty,2,typing,80,24,36,3503,95045,80,24,1,1,3075,362,0,1,362
fc1a1cd2d37a9100a80a496108f693ecebc59e14-dirty,2,typing,80,24,37,3604,95045,80,24,0,0,200,200,0,0,200
fc1a1cd2d37a9100a80a496108f693ecebc59e14-dirty,2,typing,80,24,38,3747,95363,80,24,1,1,3393,362,0,1,362
fc1a1cd2d37a9100a80a496108f693ecebc59e14-dirty,2,typing,80,24,39,3806,95522,80,24,1,1,3552,362,0,1,362
fc1a1cd2d37a9100a80a496108f693ecebc59e14-dirty,2,typing,80,24,40,3906,95681,80,24,1,1,3711,362,0,1,362
fc1a1cd2d37a9100a80a496108f693ecebc59e14-dirty,2,typing,80,24,41,4002,95840,80,24,1,1,3870,362,0,1,362
fc1a1cd2d37a9100a80a496108f693ecebc59e14-dirty,2,typing,80,24,42,4103,95840,80,24,1,1,3870,362,0,1,362
fc1a1cd2d37a9100a80a496108f693ecebc59e14-dirty,2,typing,80,24,43,4246,96000,80,24,1,1,4030,363,0,1,363
fc1a1cd2d37a9100a80a496108f693ecebc59e14-dirty,2,typing,80,24,44,4305,96159,80,24,1,1,4189,362,0,1,362
fc1a1cd2d37a9100a80a496108f693ecebc59e14-dirty,2,typing,80,24,45,4405,96318,80,24,1,1,4348,362,0,1,362
fc1a1cd2d37a9100a80a496108f693ecebc59e14-dirty,2,typing,80,24,46,4547,84722,80,24,634,24,84785,103128,2,160,26269
fc1a1cd2d37a9100a80a496108f693ecebc59e14-dirty,2,typing,80,24,47,4606,85040,80,24,1,1,848,360,0,1,360
fc1a1cd2d37a9100a80a496108f693ecebc59e14-dirty,2,typing,80,24,48,4702,85199,80,24,1,1,1007,360,0,1,360
fc1a1cd2d37a9100a80a496108f693ecebc59e14-dirty,2,typing,80,24,49,4803,85358,80,24,1,1,1166,360,0,1,360
fc1a1cd2d37a9100a80a496108f693ecebc59e14-dirty,2,typing,80,24,50,4904,85517,80,24,1,1,1325,360,0,1,360
fc1a1cd2d37a9100a80a496108f693ecebc59e14-dirty,2,typing,80,24,51,5004,84722,80,24,560,24,84785,91070,1,80,13239
fc1a1cd2d37a9100a80a496108f693ecebc59e14-dirty,2,typing,80,24,52,5105,85040,80,24,1,1,848,360,0,1,360
fc1a1cd2d37a9100a80a496108f693ecebc59e14-dirty,2,typing,80,24,53,5206,85199,80,24,1,1,1007,360,0,1,360
fc1a1cd2d37a9100a80a496108f693ecebc59e14-dirty,2,typing,80,24,54,5307,85358,80,24,1,1,1166,360,0,1,360
fc1a1cd2d37a9100a80a496108f693ecebc59e14-dirty,2,typing,80,24,55,5402,85517,80,24,1,1,1325,360,0,1,360
fc1a1cd2d37a9100a80a496108f693ecebc59e14-dirty,2,typing,80,24,56,5503,85517,80,24,0,0,199,199,0,0,199
fc1a1cd2d37a9100a80a496108f693ecebc59e14-dirty,2,typing,80,24,57,5604,85835,80,24,1,1,1643,360,0,1,360
fc1a1cd2d37a9100a80a496108f693ecebc59e14-dirty,2,typing,80,24,58,5745,85994,80,24,1,1,1802,360,0,1,360
fc1a1cd2d37a9100a80a496108f693ecebc59e14-dirty,2,typing,80,24,59,5805,86154,80,24,1,1,1962,361,0,1,361
fc1a1cd2d37a9100a80a496108f693ecebc59e14-dirty,2,typing,80,24,60,5906,86154,80,24,0,0,200,200,0,0,200
fc1a1cd2d37a9100a80a496108f693ecebc59e14-dirty,2,typing,80,24,61,6047,86472,80,24,1,1,2280,362,0,1,362
fc1a1cd2d37a9100a80a496108f693ecebc59e14-dirty,2,typing,80,24,62,6102,86631,80,24,1,1,2439,362,0,1,362
fc1a1cd2d37a9100a80a496108f693ecebc59e14-dirty,2,typing,80,24,63,6203,86790,80,24,1,1,2598,362,0,1,362
fc1a1cd2d37a9100a80a496108f693ecebc59e14-dirty,2,typing,80,24,64,6303,86949,80,24,1,1,2757,362,0,1,362
fc1a1cd2d37a9100a80a496108f693ecebc59e14-dirty,2,typing,80,24,65,6404,87108,80,24,1,1,2916,362,0,1,362
fc1a1cd2d37a9100a80a496108f693ecebc59e14-dirty,2,typing,80,24,66,6505,87108,80,24,0,0,200,200,0,0,200
fc1a1cd2d37a9100a80a496108f693ecebc59e14-dirty,2,typing,80,24,67,6605,87426,80,24,1,1,3234,362,0,1,362
fc1a1cd2d37a9100a80a496108f693ecebc59e14-dirty,2,typing,80,24,68,6706,87585,80,24,1,1,3393,362,0,1,362
fc1a1cd2d37a9100a80a496108f693ecebc59e14-dirty,2,typing,80,24,69,6807,87744,80,24,1,1,3552,362,0,1,362
fc1a1cd2d37a9100a80a496108f693ecebc59e14-dirty,2,typing,80,24,70,6902,87903,80,24,1,1,3711,362,0,1,362
fc1a1cd2d37a9100a80a496108f693ecebc59e14-dirty,2,typing,80,24,71,7003,88062,80,24,1,1,3870,362,0,1,362
fc1a1cd2d37a9100a80a496108f693ecebc59e14-dirty,2,typing,80,24,72,7104,88062,80,24,0,0,200,200,0,0,200
fc1a1cd2d37a9100a80a496108f693ecebc59e14-dirty,2,typing,80,24,73,7204,88380,80,24,1,1,4188,362,0,1,362
fc1a1cd2d37a9100a80a496108f693ecebc59e14-dirty,2,typing,80,24,74,7305,88539,80,24,1,1,4347,362,0,1,362
fc1a1cd2d37a9100a80a496108f693ecebc59e14-dirty,2,typing,80,24,75,7447,88698,80,24,1,1,4506,362,0,1,362
fc1a1cd2d37a9100a80a496108f693ecebc59e14-dirty,2,typing,80,24,76,7507,88698,80,24,0,0,200,200,0,0,200
fc1a1cd2d37a9100a80a496108f693ecebc59e14-dirty,2,typing,80,24,77,7602,89016,80,24,1,1,4824,362,0,1,362
fc1a1cd2d37a9100a80a496108f693ecebc59e14-dirty,2,typing,80,24,78,7703,89175,80,24,1,1,4983,362,0,1,362
fc1a1cd2d37a9100a80a496108f693ecebc59e14-dirty,2,typing,80,24,79,7804,89334,80,24,1,1,5142,362,0,1,362
fc1a1cd2d37a9100a80a496108f693ecebc59e14-dirty,2,typing,80,24,80,7905,89493,80,24,1,1,5301,362,0,1,362
fc1a1cd2d37a9100a80a496108f693ecebc59e14-dirty,2,typing,80,24,81,8005,89652,80,24,1,1,5460,362,0,1,362
fc1a1cd2d37a9100a80a496108f693ecebc59e14-dirty,2,typing,80,24,82,8106,89652,80,24,0,0,200,200,0,0,200
fc1a1cd2d37a9100a80a496108f693ecebc59e14-dirty,2,typing,80,24,83,8207,89970,80,24,1,1,5778,362,0,1,362
fc1a1cd2d37a9100a80a496108f693ecebc59e14-dirty,2,typing,80,24,84,8302,90129,80,24,1,1,5937,362,0,1,362
fc1a1cd2d37a9100a80a496108f693ecebc59e14-dirty,2,typing,80,24,85,8403,90288,80,24,1,1,6096,362,0,1,362
fc1a1cd2d37a9100a80a496108f693ecebc59e14-dirty,2,typing,80,24,86,8504,90447,80,24,1,1,6255,362,0,1,362
fc1a1cd2d37a9100a80a496108f693ecebc59e14-dirty,2,typing,80,24,87,8604,90447,80,24,0,0,200,200,0,0,200
fc1a1cd2d37a9100a80a496108f693ecebc59e14-dirty,2,typing,80,24,88,8746,96795,80,24,1,1,12603,362,0,1,362
fc1a1cd2d37a9100a80a496108f693ecebc59e14-dirty,2,typing,80,24,89,8848,96795,80,24,1,1,12603,362,0,1,362
fc1a1cd2d37a9100a80a496108f693ecebc59e14-dirty,2,typing,80,24,90,8947,96795,80,24,1,1,12603,362,0,1,362
fc1a1cd2d37a9100a80a496108f693ecebc59e14-dirty,2,typing,80,24,91,9048,96795,80,24,0,0,200,200,0,0,200
fc1a1cd2d37a9100a80a496108f693ecebc59e14-dirty,2,typing,80,24,92,9144,96795,80,24,1,1,12603,362,0,1,362
fc1a1cd2d37a9100a80a496108f693ecebc59e14-dirty,2,typing,80,24,93,9246,96795,80,24,1,1,12603,362,0,1,362
fc1a1cd2d37a9100a80a496108f693ecebc59e14-dirty,2,typing,80,24,94,9304,96795,80,24,1,1,12603,362,0,1,362
fc1a1cd2d37a9100a80a496108f693ecebc59e14-dirty,2,typing,80,24,95,9405,96795,80,24,1,1,12603,362,0,1,362
fc1a1cd2d37a9100a80a496108f693ecebc59e14-dirty,2,typing,80,24,96,9506,96795,80,24,0,0,200,200,0,0,200
fc1a1cd2d37a9100a80a496108f693ecebc59e14-dirty,2,typing,80,24,97,9648,96795,80,24,1,1,12603,362,0,1,362
fc1a1cd2d37a9100a80a496108f693ecebc59e14-dirty,2,typing,80,24,98,9707,96795,80,24,1,1,12603,362,0,1,362
fc1a1cd2d37a9100a80a496108f693ecebc59e14-dirty,2,typing,80,24,99,9803,96795,80,24,1,1,12603,362,0,1,362
fc1a1cd2d37a9100a80a496108f693ecebc59e14-dirty,2,typing,80,24,100,9904,100280,80,24,665,24,100343,108227,2,160,26269
fc1a1cd2d37a9100a80a496108f693ecebc59e14-dirty,2,typing,80,24,101,10045,100598,80,24,1,1,848,360,0,1,360
fc1a1cd2d37a9100a80a496108f693ecebc59e14-dirty,2,typing,80,24,102,10147,100757,80,24,1,1,1007,360,0,1,360
fc1a1cd2d37a9100a80a496108f693ecebc59e14-dirty,2,typing,80,24,103,10206,100757,80,24,0,0,199,199,0,0,199
fc1a1cd2d37a9100a80a496108f693ecebc59e14-dirty,2,typing,80,24,104,10348,101075,80,24,1,1,1325,360,0,1,360
fc1a1cd2d37a9100a80a496108f693ecebc59e14-dirty,2,typing,80,24,105,10448,101234,80,24,1,1,1484,360,0,1,360
fc1a1cd2d37a9100a80a496108f693ecebc59e14-dirty,2,typing,80,24,106,10544,101393,80,24,1,1,1643,360,0,1,360
fc1a1cd2d37a9100a80a496108f693ecebc59e14-dirty,2,typing,80,24,107,10645,101552,80,24,1,1,1802,360,0,1,360
fc1a1cd2d37a9100a80a496108f693ecebc59e14-dirty,2,typing,80,24,108,10705,97736,80,24,599,24,97799,97446,1,80,13239
fc1a1cd2d37a9100a80a496108f693ecebc59e14-dirty,2,typing,80,24,109,10805,98054,80,24,1,1,848,360,0,1,360
fc1a1cd2d37a9100a80a496108f693ecebc59e14-dirty,2,typing,80,24,110,10906,98213,80,24,1,1,1007,360,0,1,360
fc1a1cd2d37a9100a80a496108f693ecebc59e14-dirty,2,typing,80,24,111,11007,98213,80,24,0,0,199,199,0,0,199
fc1a1cd2d37a9100a80a496108f693ecebc59e14-dirty,2,typing,80,24,112,11108,98531,80,24,1,1,1325,360,0,1,360
fc1a1cd2d37a9100a80a496108f693ecebc59e14-dirty,2,typing,80,24,113,11203,89319,80,24,647,24,89382,105202,2,160,26269
fc1a1cd2d37a9100a80a496108f693ecebc59e14-dirty,2,typing,80,24,114,11304,89637,80,24,1,1,848,360,0,1,360
fc1a1cd2d37a9100a80a496108f693ecebc59e14-dirty,2,typing,80,24,115,11446,89796,80,24,1,1,1007,360,0,1,360
fc1a1cd2d37a9100a80a496108f693ecebc59e14-dirty,2,typing,80,24,116,11505,89955,80,24,1,1,1166,360,0,1,360
fc1a1cd2d37a9100a80a496108f693ecebc59e14-dirty,2,typing,80,24,117,11606,90114,80,24,1,1,1325,360,0,1,360
fc1a1cd2d37a9100a80a496108f693ecebc59e14-dirty,2,typing,80,24,118,11707,90114,80,24,0,0,199,199,0,0,199
fc1a1cd2d37a9100a80a496108f693ecebc59e14-dirty,2,typing,80,24,119,11849,90432,80,24,1,1,1643,360,0,1,360
fc1a1cd2d37a9100a80a496108f693ecebc59e14-dirty,2,typing,80,24,120,11944,90591,80,24,1,1,1802,360,0,1,360
fc1a1cd2d37a9100a80a496108f693ecebc59e14-dirty,2,typing,80,24,121,12004,90751,80,24,1,1,1962,361,0,1,361
fc1a1cd2d37a9100a80a496108f693ecebc59e14-dirty,2,typing,80,24,122,12146,90910,80,24,1,1,2121,362,0,1,362
fc1a1cd2d37a9100a80a496108f693ecebc59e14-dirty,2,typing,80,24,123,12205,90910,80,24,0,0,200,200,0,0,200
fc1a1cd2d37a9100a80a496108f693ecebc59e14-dirty,2,typing,80,24,124,12306,91228,80,24,1,1,2439,362,0,1,362
fc1a1cd2d37a9100a80a496108f693ecebc59e14-dirty,2,typing,80,24,125,12407,91387,80,24,1,1,2598,362,0,1,362
fc1a1cd2d37a9100a80a496108f693ecebc59e14-dirty,2,typing,80,24,126,12507,91546,80,24,1,1,2757,362,0,1,362
fc1a1cd2d37a9100a80a496108f693ecebc59e14-dirty,2,typing,80,24,127,12603,91705,80,24,1,1,2916,362,0,1,362
fc1a1cd2d37a9100a80a496108f693ecebc59e14-dirty,2,typing,80,24,128,12704,91705,80,24,0,0,200,200,0,0,200
fc1a1cd2d37a9100a80a496108f693ecebc59e14-dirty,2,typing,80,24,129,12805,92023,80,24,1,1,3234,362,0,1,362
fc1a1cd2d37a9100a80a496108f693ecebc59e14-dirty,2,typing,80,24,130,12905,92182,80,24,1,1,3393,362,0,1,362
fc1a1cd2d37a9100a80a496108f693ecebc59e14-dirty,2,typing,80,24,131,13006,92341,80,24,1,1,3552,362,0,1,362
fc1a1cd2d37a9100a80a496108f693ecebc59e14-dirty,2,typing,80,24,132,13107,92341,80,24,0,0,200,200,0,0,200
fc1a1cd2d37a9100a80a496108f693ecebc59e14-dirty,2,typing,80,24,133,13207,92659,80,24,1,1,3870,362,0,1,362
fc1a1cd2d37a9100a80a496108f693ecebc59e14-dirty,2,typing,80,24,134,13303,92818,80,24,1,1,4029,362,0,1,362
fc1a1cd2d37a9100a80a496108f693ecebc59e14-dirty,2,typing,80,24,135,13404,92977,80,24,1,1,4188,362,0,1,362
fc1a1cd2d37a9100a80a496108f693ecebc59e14-dirty,2,typing,80,24,136,13504,93136,80,24,1,1,4347,362,0,1,362
fc1a1cd2d37a9100a80a496108f693ecebc59e14-dirty,2,typing,80,24,137,13605,93295,80,24,1,1,4506,362,0,1,362
fc1a1cd2d37a9100a80a496108f693ecebc59e14-dirty,2,typing,80,24,138,13706,93295,80,24,0,0,200,200,0,0,200
fc1a1cd2d37a9100a80a496108f693ecebc59e14-dirty,2,typing,80,24,139,13807,93613,80,24,1,1,4824,362,0,1,362
fc1a1cd2d37a9100a80a496108f693ecebc59e14-dirty,2,typing,80,24,140,13908,93772,80,24,1,1,4983,362,0,1,362
fc1a1cd2d37a9100a80a496108f693ecebc59e14-dirty,2,typing,80,24,141,14003,93931,80,24,1,1,5142,362,0,1,362
fc1a1cd2d37a9100a80a496108f693ecebc59e14-dirty,2,typing,80,24,142,14146,94090,80,24,1,1,5301,362,0,1,362
fc1a1cd2d37a9100a80a496108f693ecebc59e14-dirty,2,typing,80,24,143,14205,94249,80,24,1,1,5460,362,0,1,362
fc1a1cd2d37a9100a80a496108f693ecebc59e14-dirty,2,typing,80,24,144,14347,96474,80,24,686,24,96537,111514,2,160,26269
fc1a1cd2d37a9100a80a496108f693ecebc59e14-dirty,2,typing,80,24,145,14447,96792,80,24,1,1,848,360,0,1,360
fc1a1cd2d37a9100a80a496108f693ecebc59e14-dirty,2,typing,80,24,146,14549,96951,80,24,1,1,1007,360,0,1,360
fc1a1cd2d37a9100a80a496108f693ecebc59e14-dirty,2,typing,80,24,147,14648,97110,80,24,1,1,1166,360,0,1,360
fc1a1cd2d37a9100a80a496108f693ecebc59e14-dirty,2,typing,80,24,148,14703,97110,80,24,0,0,199,199,0,0,199
fc1a1cd2d37a9100a80a496108f693ecebc59e14-dirty,2,typing,80,24,149,14804,97428,80,24,1,1,1484,360,0,1,360
fc1a1cd2d37a9100a80a496108f693ecebc59e14-dirty,2,typing,80,24,150,14905,97428,80,24,0,0,199,199,0,0,199
fc1a1cd2d37a9100a80a496108f693ecebc59e14-dirty,2,typing,80,24,151,15006,97746,80,24,1,1,1802,360,0,1,360
fc1a1cd2d37a9100a80a496108f693ecebc59e14-dirty,2,typing,80,24,152,15106,97906,80,24,1,1,1962,361,0,1,361
fc1a1cd2d37a9100a80a496108f693ecebc59e14-dirty,2,typing,80,24,153,15207,97906,80,24,0,0,200,200,0,0,200
fc1a1cd2d37a9100a80a496108f693ecebc59e14-dirty,2,typing,80,24,154,15308,98224,80,24,1,1,2280,362,0,1,362
fc1a1cd2d37a9100a80a496108f693ecebc59e14-dirty,2,typing,80,24,155,15404,98224,80,24,0,0,200,200,0,0,200
fc1a1cd2d37a9100a80a496108f693ecebc59e14-dirty,2,typing,80,24,156,15546,98542,80,24,1,1,2598,362,0,1,362
fc1a1cd2d37a9100a80a496108f693ecebc59e14-dirty,2,typing,80,24,157,15647,98542,80,24,0,0,200,200,0,0,200
fc1a1cd2d37a9100a80a496108f693ecebc59e14-dirty,2,typing,80,24,158,15748,98860,80,24,1,1,2916,362,0,1,362
fc1a1cd2d37a9100a80a496108f693ecebc59e14-dirty,2,typing,80,24,159,15806,99019,80,24,1,1,3075,362,0,1,362
fc1a1cd2d37a9100a80a496108f693ecebc59e14-dirty,2,typing,80,24,160,15907,99019,80,24,0,0,200,200,0,0,200
fc1a1cd2d37a9100a80a496108f693ecebc59e14-dirty,2,typing,80,24,161,16050,99337,80,24,1,1,3393,362,0,1,362
fc1a1cd2d37a9100a80a496108f693ecebc59e14-dirty,2,typing,80,24,162,16145,99496,80,24,1,1,3552,362,0,1,362
fc1a1cd2d37a9100a80a496108f693ecebc59e14-dirty,2,typing,80,24,163,16245,99496,80,24,0,0,200,200,0,0,200
fc1a1cd2d37a9100a80a496108f693ecebc59e14-dirty,2,typing,80,24,164,16346,99814,80,24,1,1,3870,362,0,1,362
fc1a1cd2d37a9100a80a496108f693ecebc59e14-dirty,2,typing,80,24,165,16406,99973,80,24,1,1,4029,362,0,1,362
fc1a1cd2d37a9100a80a496108f693ecebc59e14-dirty,2,typing,80,24,166,16507,100132,80,24,1,1,4188,362,0,1,362
fc1a1cd2d37a9100a80a496108f693ecebc59e14-dirty,2,typing,80,24,167,16607,100291,80,24,1,1,4347,362,0,1,362
fc1a1cd2d37a9100a80a496108f693ecebc59e14-dirty,2,typing,80,24,168,16708,100291,80,24,0,0,200,200,0,0,200
fc1a1cd2d37a9100a80a496108f693ecebc59e14-dirty,2,typing,80,24,169,16804,100610,80,24,1,1,4666,363,0,1,363
fc1a1cd2d37a9100a80a496108f693ecebc59e14-dirty,2,typing,80,24,170,16905,100769,80,24,1,1,4825,362,0,1,362
fc1a1cd2d37a9100a80a496108f693ecebc59e14-dirty,2,typing,80,24,171,17048,100928,80,24,1,1,4984,362,0,1,362
fc1a1cd2d37a9100a80a496108f693ecebc59e14-dirty,2,typing,80,24,172,17106,101087,80,24,1,1,5143,362,0,1,362
fc1a1cd2d37a9100a80a496108f693ecebc59e14-dirty,2,typing,80,24,173,17249,101246,80,24,1,1,5302,362,0,1,362
fc1a1cd2d37a9100a80a496108f693ecebc59e14-dirty,2,typing,80,24,174,17308,101246,80,24,0,0,200,200,0,0,200
fc1a1cd2d37a9100a80a496108f693ecebc59e14-dirty,2,typing,80,24,175,17403,101564,80,24,1,1,5620,362,0,1,362
fc1a1cd2d37a9100a80a496108f693ecebc59e14-dirty,2,typing,80,24,176,17504,101723,80,24,1,1,5779,362,0,1,362
fc1a1cd2d37a9100a80a496108f693ecebc59e14-dirty,2,typing,80,24,177,17605,101883,80,24,1,1,5939,363,0,1,363
fc1a1cd2d37a9100a80a496108f693ecebc59e14-dirty,2,typing,80,24,178,17706,102042,80,24,1,1,6098,362,0,1,362
fc1a1cd2d37a9100a80a496108f693ecebc59e14-dirty,2,typing,80,24,179,17847,102042,80,24,0,0,200,200,0,0,200
fc1a1cd2d37a9100a80a496108f693ecebc59e14-dirty,2,typing,80,24,180,17948,102360,80,24,1,1,6416,362,0,1,362
fc1a1cd2d37a9100a80a496108f693ecebc59e14-dirty,2,typing,80,24,181,18008,108549,80,24,1,1,12605,362,0,1,362
fc1a1cd2d37a9100a80a496108f693ecebc59e14-dirty,2,typing,80,24,182,18104,108549,80,24,1,1,12605,362,0,1,362
fc1a1cd2d37a9100a80a496108f693ecebc59e14-dirty,2,typing,80,24,183,18245,108549,80,24,1,1,12605,362,0,1,362
fc1a1cd2d37a9100a80a496108f693ecebc59e14-dirty,2,typing,80,24,184,18346,103618,80,24,691,24,103681,112303,4,320,52329
fc1a1cd2d37a9100a80a496108f693ecebc59e14-dirty,2,typing,80,24,185,18406,103936,80,24,1,1,848,360,0,1,360
fc1a1cd2d37a9100a80a496108f693ecebc59e14-dirty,2,typing,80,24,186,18548,104095,80,24,1,1,1007,360,0,1,360
fc1a1cd2d37a9100a80a496108f693ecebc59e14-dirty,2,typing,80,24,187,18649,104254,80,24,1,1,1166,360,0,1,360
fc1a1cd2d37a9100a80a496108f693ecebc59e14-dirty,2,typing,80,24,188,18749,104413,80,24,1,1,1325,360,0,1,360
fc1a1cd2d37a9100a80a496108f693ecebc59e14-dirty,2,typing,80,24,189,18846,104572,80,24,1,1,1484,360,0,1,360
fc1a1cd2d37a9100a80a496108f693ecebc59e14-dirty,2,typing,80,24,190,18947,104731,80,24,1,1,1643,360,0,1,360
fc1a1cd2d37a9100a80a496108f693ecebc59e14-dirty,2,typing,80,24,191,19006,104731,80,24,0,0,199,199,0,0,199
fc1a1cd2d37a9100a80a496108f693ecebc59e14-dirty,2,typing,80,24,192,19107,105050,80,24,1,1,1962,361,0,1,361
fc1a1cd2d37a9100a80a496108f693ecebc59e14-dirty,2,typing,80,24,193,19249,105209,80,24,1,1,2121,362,0,1,362
fc1a1cd2d37a9100a80a496108f693ecebc59e14-dirty,2,typing,80,24,194,19350,105368,80,24,1,1,2280,362,0,1,362
fc1a1cd2d37a9100a80a496108f693ecebc59e14-dirty,2,typing,80,24,195,19446,105528,80,24,1,1,2440,363,0,1,363
fc1a1cd2d37a9100a80a496108f693ecebc59e14-dirty,2,typing,80,24,196,19505,105687,80,24,1,1,2599,362,0,1,362
fc1a1cd2d37a9100a80a496108f693ecebc59e14-dirty,2,typing,80,24,197,19605,105846,80,24,1,1,2758,362,0,1,362
fc1a1cd2d37a9100a80a496108f693ecebc59e14-dirty,2,typing,80,24,198,19706,105846,80,24,0,0,200,200,0,0,200
fc1a1cd2d37a9100a80a496108f693ecebc59e14-dirty,2,typing,80,24,199,19807,106164,80,24,1,1,3076,362,0,1,362
fc1a1cd2d37a9100a80a496108f693ecebc59e14-dirty,2,typing,80,24,200,19908,106323,80,24,1,1,3235,362,0,1,362
fc1a1cd2d37a9100a80a496108f693ecebc59e14-dirty,2,typing,80,24,201,20049,106482,80,24,1,1,3394,362,0,1,362
fc1a1cd2d37a9100a80a496108f693ecebc59e14-dirty,2,typing,80,24,202,20145,106641,80,24,1,1,3553,362,0,1,362
fc1a1cd2d37a9100a80a496108f693ecebc59e14-dirty,2,typing,80,24,203,20246,106800,80,24,1,1,3712,362,0,1,362
fc1a1cd2d37a9100a80a496108f693ecebc59e14-dirty,2,typing,80,24,204,20306,106800,80,24,0,0,200,200,0,0,200
fc1a1cd2d37a9100a80a496108f693ecebc59e14-dirty,2,typing,80,24,205,20448,107118,80,24,1,1,4030,362,0,1,362
fc1a1cd2d37a9100a80a496108f693ecebc59e14-dirty,2,typing,80,24,206,20507,107277,80,24,1,1,4189,362,0,1,362
fc1a1cd2d37a9100a80a496108f693ecebc59e14-dirty,2,typing,80,24,207,20650,107436,80,24,1,1,4348,362,0,1,362
fc1a1cd2d37a9100a80a496108f693ecebc59e14-dirty,2,typing,80,24,208,20746,107595,80,24,1,1,4507,362,0,1,362
fc1a1cd2d37a9100a80a496108f693ecebc59e14-dirty,2,typing,80,24,209,20845,107595,80,24,0,0,200,200,0,0,200
fc1a1cd2d37a9100a80a496108f693ecebc59e14-dirty,2,typing,80,24,210,20906,107913,80,24,1,1,4825,362,0,1,362
fc1a1cd2d37a9100a80a496108f693ecebc59e14-dirty,2,typing,80,24,211,21048,108072,80,24,1,1,4984,362,0,1,362
fc1a1cd2d37a9100a80a496108f693ecebc59e14-dirty,2,typing,80,24,212,21107,108231,80,24,1,1,5143,362,0,1,362
fc1a1cd2d37a9100a80a496108f693ecebc59e14-dirty,2,typing,80,24,213,21249,108231,80,24,1,1,5143,362,0,1,362
fc1a1cd2d37a9100a80a496108f693ecebc59e14-dirty,2,typing,80,24,214,21309,108390,80,24,1,1,5302,362,0,1,362
fc1a1cd2d37a9100a80a496108f693ecebc59e14-dirty,2,typing,80,24,215,21404,108390,80,24,0,0,200,200,0,0,200
fc1a1cd2d37a9100a80a496108f693ecebc59e14-dirty,2,typing,80,24,216,21505,108708,80,24,1,1,5620,362,0,1,362
fc1a1cd2d37a9100a80a496108f693ecebc59e14-dirty,2,typing,80,24,217,21606,108867,80,24,1,1,5779,362,0,1,362
fc1a1cd2d37a9100a80a496108f693ecebc59e14-dirty,2,typing,80,24,218,21748,109026,80,24,1,1,5938,362,0,1,362
fc1a1cd2d37a9100a80a496108f693ecebc59e14-dirty,2,typing,80,24,219,21807,109185,80,24,1,1,6097,362,0,1,362
fc1a1cd2d37a9100a80a496108f693ecebc59e14-dirty,2,typing,80,24,220,21908,109344,80,24,1,1,6256,362,0,1,362
fc1a1cd2d37a9100a80a496108f693ecebc59e14-dirty,2,typing,80,24,221,22009,83768,80,24,613,24,83831,99625,5,400,65359
fc1a1cd2d37a9100a80a496108f693ecebc59e14-dirty,2,typing,80,24,222,22146,84086,80,24,1,1,848,360,0,1,360
fc1a1cd2d37a9100a80a496108f693ecebc59e14-dirty,2,typing,80,24,223,22205,84245,80,24,1,1,1007,360,0,1,360
fc1a1cd2d37a9100a80a496108f693ecebc59e14-dirty,2,typing,80,24,224,22305,84404,80,24,1,1,1166,360,0,1,360
fc1a1cd2d37a9100a80a496108f693ecebc59e14-dirty,2,typing,80,24,225,22406,84563,80,24,1,1,1325,360,0,1,360
fc1a1cd2d37a9100a80a496108f693ecebc59e14-dirty,2,typing,80,24,226,22507,84563,80,24,0,0,199,199,0,0,199
fc1a1cd2d37a9100a80a496108f693ecebc59e14-dirty,2,typing,80,24,227,22607,84881,80,24,1,1,1643,360,0,1,360
fc1a1cd2d37a9100a80a496108f693ecebc59e14-dirty,2,typing,80,24,228,22708,84881,80,24,0,0,199,199,0,0,199
fc1a1cd2d37a9100a80a496108f693ecebc59e14-dirty,2,typing,80,24,229,22804,85200,80,24,1,1,1962,361,0,1,361
fc1a1cd2d37a9100a80a496108f693ecebc59e14-dirty,2,typing,80,24,230,22905,85359,80,24,1,1,2121,362,0,1,362
fc1a1cd2d37a9100a80a496108f693ecebc59e14-dirty,2,typing,80,24,231,23006,85518,80,24,1,1,2280,362,0,1,362
fc1a1cd2d37a9100a80a496108f693ecebc59e14-dirty,2,typing,80,24,232,23107,85677,80,24,1,1,2439,362,0,1,362
fc1a1cd2d37a9100a80a496108f693ecebc59e14-dirty,2,typing,80,24,233,23207,85836,80,24,1,1,2598,362,0,1,362
fc1a1cd2d37a9100a80a496108f693ecebc59e14-dirty,2,typing,80,24,234,23308,85995,80,24,1,1,2757,362,0,1,362
fc1a1cd2d37a9100a80a496108f693ecebc59e14-dirty,2,typing,80,24,235,23451,86154,80,24,1,1,2916,362,0,1,362
fc1a1cd2d37a9100a80a496108f693ecebc59e14-dirty,2,typing,80,24,236,23504,86313,80,24,1,1,3075,362,0,1,362
fc1a1cd2d37a9100a80a496108f693ecebc59e14-dirty,2,typing,80,24,237,23605,86313,80,24,0,0,200,200,0,0,200
fc1a1cd2d37a9100a80a496108f693ecebc59e14-dirty,2,typing,80,24,238,23706,86631,80,24,1,1,3393,362,0,1,362
fc1a1cd2d37a9100a80a496108f693ecebc59e14-dirty,2,typing,80,24,239,23806,86790,80,24,1,1,3552,362,0,1,362
fc1a1cd2d37a9100a80a496108f693ecebc59e14-dirty,2,typing,80,24,240,23907,86949,80,24,1,1,3711,362,0,1,362
fc1a1cd2d37a9100a80a496108f693ecebc59e14-dirty,2,typing,80,24,241,24008,87108,80,24,1,1,3870,362,0,1,362
fc1a1cd2d37a9100a80a496108f693ecebc59e14-dirty,2,typing,80,24,242,24109,87267,80,24,1,1,4029,362,0,1,362
fc1a1cd2d37a9100a80a496108f693ecebc59e14-dirty,2,typing,80,24,243,24204,87426,80,24,1,1,4188,362,0,1,362
fc1a1cd2d37a9100a80a496108f693ecebc59e14-dirty,2,typing,80,24,244,24305,87426,80,24,0,0,200,200,0,0,200
fc1a1cd2d37a9100a80a496108f693ecebc59e14-dirty,2,typing,80,24,245,24405,87744,80,24,1,1,4506,362,0,1,362
fc1a1cd2d37a9100a80a496108f693ecebc59e14-dirty,2,typing,80,24,246,24506,87903,80,24,1,1,4665,362,0,1,362
fc1a1cd2d37a9100a80a496108f693ecebc59e14-dirty,2,typing,80,24,247,24607,88062,80,24,1,1,4824,362,0,1,362
fc1a1cd2d37a9100a80a496108f693ecebc59e14-dirty,2,typing,80,24,248,24708,88221,80,24,1,1,4983,362,0,1,362
fc1a1cd2d37a9100a80a496108f693ecebc59e14-dirty,2,typing,80,24,249,24808,88221,80,24,0,0,200,200,0,0,200
fc1a1cd2d37a9100a80a496108f693ecebc59e14-dirty,2,typing,80,24,250,24904,88539,80,24,1,1,5301,362,0,1,362
fc1a1cd2d37a9100a80a496108f693ecebc59e14-dirty,2,typing,80,24,251,25005,88698,80,24,1,1,5460,362,0,1,362
fc1a1cd2d37a9100a80a496108f693ecebc59e14-dirty,2,typing,80,24,252,25106,88698,80,24,0,0,200,200,0,0,200
fc1a1cd2d37a9100a80a496108f693ecebc59e14-dirty,2,typing,80,24,253,25207,89016,80,24,1,1,5778,362,0,1,362
fc1a1cd2d37a9100a80a496108f693ecebc59e14-dirty,2,typing,80,24,254,25308,89175,80,24,1,1,5937,362,0,1,362
fc1a1cd2d37a9100a80a496108f693ecebc59e14-dirty,2,typing,80,24,255,25409,89334,80,24,1,1,6096,362,0,1,362
fc1a1cd2d37a9100a80a496108f693ecebc59e14-dirty,2,typing,80,24,256,25504,89493,80,24,1,1,6255,362,0,1,362
fc1a1cd2d37a9100a80a496108f693ecebc59e14-dirty,2,typing,80,24,257,25605,89493,80,24,0,0,200,200,0,0,200
fc1a1cd2d37a9100a80a496108f693ecebc59e14-dirty,2,typing,80,24,258,25747,95841,80,24,1,1,12603,362,0,1,362
fc1a1cd2d37a9100a80a496108f693ecebc59e14-dirty,2,typing,80,24,259,25806,95841,80,24,1,1,12603,362,0,1,362
fc1a1cd2d37a9100a80a496108f693ecebc59e14-dirty,2,typing,80,24,260,25908,95841,80,24,1,1,12603,362,0,1,362
fc1a1cd2d37a9100a80a496108f693ecebc59e14-dirty,2,typing,80,24,261,26008,95841,80,24,1,1,12603,362,0,1,362
fc1a1cd2d37a9100a80a496108f693ecebc59e14-dirty,2,typing,80,24,262,26109,95841,80,24,0,0,200,200,0,0,200
fc1a1cd2d37a9100a80a496108f693ecebc59e14-dirty,2,typing,80,24,263,26205,95841,80,24,1,1,12603,362,0,1,362
fc1a1cd2d37a9100a80a496108f693ecebc59e14-dirty,2,typing,80,24,264,26305,95841,80,24,0,0,200,200,0,0,200
fc1a1cd2d37a9100a80a496108f693ecebc59e14-dirty,2,typing,80,24,265,26406,95841,80,24,1,1,12603,362,0,1,362
fc1a1cd2d37a9100a80a496108f693ecebc59e14-dirty,2,typing,80,24,266,26507,95841,80,24,1,1,12603,362,0,1,362
fc1a1cd2d37a9100a80a496108f693ecebc59e14-dirty,2,typing,80,24,267,26648,95841,80,24,1,1,12603,362,0,1,362
fc1a1cd2d37a9100a80a496108f693ecebc59e14-dirty,2,typing,80,24,268,26749,95841,80,24,1,1,12603,362,0,1,362
fc1a1cd2d37a9100a80a496108f693ecebc59e14-dirty,2,typing,80,24,269,26850,95841,80,24,1,1,12603,362,0,1,362
fc1a1cd2d37a9100a80a496108f693ecebc59e14-dirty,2,typing,80,24,270,26904,95841,80,24,1,1,12603,362,0,1,362
fc1a1cd2d37a9100a80a496108f693ecebc59e14-dirty,2,typing,80,24,271,27005,95841,80,24,0,0,200,200,0,0,200
fc1a1cd2d37a9100a80a496108f693ecebc59e14-dirty,2,typing,80,24,272,27106,95841,80,24,1,1,12603,362,0,1,362
fc1a1cd2d37a9100a80a496108f693ecebc59e14-dirty,2,typing,80,24,273,27207,95841,80,24,1,1,12603,362,0,1,362
fc1a1cd2d37a9100a80a496108f693ecebc59e14-dirty,2,typing,80,24,274,27307,95841,80,24,1,1,12603,362,0,1,362
fc1a1cd2d37a9100a80a496108f693ecebc59e14-dirty,2,typing,80,24,275,27408,95841,80,24,1,1,12603,362,0,1,362
fc1a1cd2d37a9100a80a496108f693ecebc59e14-dirty,2,typing,80,24,276,27509,95841,80,24,1,1,12603,362,0,1,362
fc1a1cd2d37a9100a80a496108f693ecebc59e14-dirty,2,typing,80,24,277,27605,95841,80,24,0,0,200,200,0,0,200
fc1a1cd2d37a9100a80a496108f693ecebc59e14-dirty,2,typing,80,24,278,27705,95841,80,24,1,1,12603,362,0,1,362
fc1a1cd2d37a9100a80a496108f693ecebc59e14-dirty,2,typing,80,24,279,27806,95841,80,24,1,1,12603,362,0,1,362
fc1a1cd2d37a9100a80a496108f693ecebc59e14-dirty,2,typing,80,24,280,27949,95841,80,24,0,0,200,200,0,0,200
fc1a1cd2d37a9100a80a496108f693ecebc59e14-dirty,2,typing,80,24,281,28007,95841,80,24,1,1,12603,362,0,1,362
fc1a1cd2d37a9100a80a496108f693ecebc59e14-dirty,2,typing,80,24,282,28108,95841,80,24,0,0,200,200,0,0,200
fc1a1cd2d37a9100a80a496108f693ecebc59e14-dirty,2,typing,80,24,283,28209,95841,80,24,1,1,12603,362,0,1,362
fc1a1cd2d37a9100a80a496108f693ecebc59e14-dirty,2,typing,80,24,284,28309,95841,80,24,1,1,12603,362,0,1,362
fc1a1cd2d37a9100a80a496108f693ecebc59e14-dirty,2,typing,80,24,285,28405,95841,80,24,1,1,12603,362,0,1,362
fc1a1cd2d37a9100a80a496108f693ecebc59e14-dirty,2,typing,80,24,286,28506,95841,80,24,1,1,12603,362,0,1,362
fc1a1cd2d37a9100a80a496108f693ecebc59e14-dirty,2,typing,80,24,287,28607,95841,80,24,1,1,12603,362,0,1,362
fc1a1cd2d37a9100a80a496108f693ecebc59e14-dirty,2,typing,80,24,288,28707,95841,80,24,0,0,200,200,0,0,200
fc1a1cd2d37a9100a80a496108f693ecebc59e14-dirty,2,typing,80,24,289,28808,95841,80,24,1,1,12603,362,0,1,362
fc1a1cd2d37a9100a80a496108f693ecebc59e14-dirty,2,typing,80,24,290,28909,95841,80,24,1,1,12603,362,0,1,362
fc1a1cd2d37a9100a80a496108f693ecebc59e14-dirty,2,typing,80,24,291,29009,95841,80,24,1,1,12603,362,0,1,362
fc1a1cd2d37a9100a80a496108f693ecebc59e14-dirty,2,typing,80,24,292,29105,95841,80,24,1,1,12603,362,0,1,362
fc1a1cd2d37a9100a80a496108f693ecebc59e14-dirty,2,typing,80,24,293,29206,95841,80,24,1,1,12603,362,0,1,362
fc1a1cd2d37a9100a80a496108f693ecebc59e14-dirty,2,typing,80,24,294,29306,95841,80,24,1,1,12603,362,0,1,362
fc1a1cd2d37a9100a80a496108f693ecebc59e14-dirty,2,typing,80,24,295,29407,103937,80,24,676,24,104000,109928,2,160,26269
fc1a1cd2d37a9100a80a496108f693ecebc59e14-dirty,2,typing,80,24,296,29508,104255,80,24,1,1,848,360,0,1,360
fc1a1cd2d37a9100a80a496108f693ecebc59e14-dirty,2,typing,80,24,297,29609,104414,80,24,1,1,1007,360,0,1,360
fc1a1cd2d37a9100a80a496108f693ecebc59e14-dirty,2,typing,80,24,298,29709,104573,80,24,1,1,1166,360,0,1,360
fc1a1cd2d37a9100a80a496108f693ecebc59e14-dirty,2,typing,80,24,299,29805,104732,80,24,1,1,1325,360,0,1,360
fc1a1cd2d37a9100a80a496108f693ecebc59e14-dirty,2,typing,80,24,300,29906,104732,80,24,0,0,199,199,0,0,199
fc1a1cd2d37a9100a80a496108f693ecebc59e14-dirty,2,typing,80,24,301,30007,105050,80,24,1,1,1643,360,0,1,360
fc1a1cd2d37a9100a80a496108f693ecebc59e14-dirty,2,typing,80,24,302,30149,105209,80,24,1,1,1802,360,0,1,360
fc1a1cd2d37a9100a80a496108f693ecebc59e14-dirty,2,typing,80,24,303,30208,105369,80,24,1,1,1962,361,0,1,361
fc1a1cd2d37a9100a80a496108f693ecebc59e14-dirty,2,typing,80,24,304,30351,105369,80,24,0,0,200,200,0,0,200
fc1a1cd2d37a9100a80a496108f693ecebc59e14-dirty,2,typing,80,24,305,30410,105687,80,24,1,1,2280,362,0,1,362
fc1a1cd2d37a9100a80a496108f693ecebc59e14-dirty,2,typing,80,24,306,30505,105846,80,24,1,1,2439,362,0,1,362
fc1a1cd2d37a9100a80a496108f693ecebc59e14-dirty,2,typing,80,24,307,30606,106005,80,24,1,1,2598,362,0,1,362
fc1a1cd2d37a9100a80a496108f693ecebc59e14-dirty,2,typing,80,24,308,30707,102665,80,24,701,24,102728,113994,2,160,26269
fc1a1cd2d37a9100a80a496108f693ecebc59e14-dirty,3,typing,80,24,1,45,102983,80,24,1,1,848,360,0,1,360
fc1a1cd2d37a9100a80a496108f693ecebc59e14-dirty,3,typing,80,24,2,105,103142,80,24,1,1,1007,360,0,1,360
fc1a1cd2d37a9100a80a496108f693ecebc59e14-dirty,3,typing,80,24,3,206,103301,80,24,1,1,1166,360,0,1,360
fc1a1cd2d37a9100a80a496108f693ecebc59e14-dirty,3,typing,80,24,4,344,103460,80,24,1,1,1325,360,0,1,360
fc1a1cd2d37a9100a80a496108f693ecebc59e14-dirty,3,typing,80,24,5,403,103460,80,24,0,0,199,199,0,0,199
fc1a1cd2d37a9100a80a496108f693ecebc59e14-dirty,3,typing,80,24,6,504,103778,80,24,1,1,1643,360,0,1,360
fc1a1cd2d37a9100a80a496108f693ecebc59e14-dirty,3,typing,80,24,7,604,103937,80,24,1,1,1802,360,0,1,360
fc1a1cd2d37a9100a80a496108f693ecebc59e14-dirty,3,typing,80,24,8,705,104097,80,24,1,1,1962,361,0,1,361
fc1a1cd2d37a9100a80a496108f693ecebc59e14-dirty,3,typing,80,24,9,846,104097,80,24,1,1,1962,362,0,1,362
fc1a1cd2d37a9100a80a496108f693ecebc59e14-dirty,3,typing,80,24,10,948,104256,80,24,1,1,2121,362,0,1,362
fc1a1cd2d37a9100a80a496108f693ecebc59e14-dirty,3,typing,80,24,11,1002,104256,80,24,0,0,200,200,0,0,200
fc1a1cd2d37a9100a80a496108f693ecebc59e14-dirty,3,typing,80,24,12,1103,104574,80,24,1,1,2439,362,0,1,362
fc1a1cd2d37a9100a80a496108f693ecebc59e14-dirty,3,typing,80,24,13,1204,104733,80,24,1,1,2598,362,0,1,362
fc1a1cd2d37a9100a80a496108f693ecebc59e14-dirty,3,typing,80,24,14,1305,104892,80,24,1,1,2757,362,0,1,362
fc1a1cd2d37a9100a80a496108f693ecebc59e14-dirty,3,typing,80,24,15,1405,105051,80,24,1,1,2916,362,0,1,362
fc1a1cd2d37a9100a80a496108f693ecebc59e14-dirty,3,typing,80,24,16,1508,105210,80,24,1,1,3075,362,0,1,362
fc1a1cd2d37a9100a80a496108f693ecebc59e14-dirty,3,typing,80,24,17,1644,101074,80,24,683,24,101137,111049,2,160,26269
fc1a1cd2d37a9100a80a496108f693ecebc59e14-dirty,3,typing,80,24,18,1744,101392,80,24,1,1,848,360,0,1,360
fc1a1cd2d37a9100a80a496108f693ecebc59e14-dirty,3,typing,80,24,19,1844,101551,80,24,1,1,1007,360,0,1,360
fc1a1cd2d37a9100a80a496108f693ecebc59e14-dirty,3,typing,80,24,20,1904,101710,80,24,1,1,1166,360,0,1,360
fc1a1cd2d37a9100a80a496108f693ecebc59e14-dirty,3,typing,80,24,21,2046,92500,80,24,648,24,92563,105375,2,160,26269
fc1a1cd2d37a9100a80a496108f693ecebc59e14-dirty,3,typing,80,24,22,2105,92818,80,24,1,1,848,360,0,1,360
fc1a1cd2d37a9100a80a496108f693ecebc59e14-dirty,3,typing,80,24,23,2206,92977,80,24,1,1,1007,360,0,1,360
fc1a1cd2d37a9100a80a496108f693ecebc59e14-dirty,3,typing,80,24,24,2302,93136,80,24,1,1,1166,360,0,1,360
fc1a1cd2d37a9100a80a496108f693ecebc59e14-dirty,3,typing,80,24,25,2402,93295,80,24,1,1,1325,360,0,1,360
fc1a1cd2d37a9100a80a496108f693ecebc59e14-dirty,3,typing,80,24,26,2504,93454,80,24,1,1,1484,360,0,1,360
fc1a1cd2d37a9100a80a496108f693ecebc59e14-dirty,3,typing,80,24,27,2604,93613,80,24,1,1,1643,360,0,1,360
fc1a1cd2d37a9100a80a496108f693ecebc59e14-dirty,3,typing,80,24,28,2705,93613,80,24,0,0,199,199,0,0,199
fc1a1cd2d37a9100a80a496108f693ecebc59e14-dirty,3,typing,80,24,29,2806,93932,80,24,1,1,1962,361,0,1,361
fc1a1cd2d37a9100a80a496108f693ecebc59e14-dirty,3,typing,80,24,30,2906,94091,80,24,1,1,2121,362,0,1,362
fc1a1cd2d37a9100a80a496108f693ecebc59e14-dirty,3,typing,80,24,31,3002,94250,80,24,1,1,2280,362,0,1,362
fc1a1cd2d37a9100a80a496108f693ecebc59e14-dirty,3,typing,80,24,32,3144,94409,80,24,1,1,2439,362,0,1,362
fc1a1cd2d37a9100a80a496108f693ecebc59e14-dirty,3,typing,80,24,33,3204,94409,80,24,0,0,200,200,0,0,200
fc1a1cd2d37a9100a80a496108f693ecebc59e14-dirty,3,typing,80,24,34,3305,94727,80,24,1,1,2757,362,0,1,362
fc1a1cd2d37a9100a80a496108f693ecebc59e14-dirty,3,typing,80,24,35,3405,94886,80,24,1,1,2916,362,0,1,362
fc1a1cd2d37a9100a80a496108f693ecebc59e14-dirty,3,typing,80,24,36,3548,95045,80,24,1,1,3075,362,0,1,362
fc1a1cd2d37a9100a80a496108f693ecebc59e14-dirty,3,typing,80,24,37,3602,95045,80,24,0,0,200,200,0,0,200
fc1a1cd2d37a9100a80a496108f693ecebc59e14-dirty,3,typing,80,24,38,3745,95363,80,24,1,1,3393,362,0,1,362
fc1a1cd2d37a9100a80a496108f693ecebc59e14-dirty,3,typing,80,24,39,3804,95522,80,24,1,1,3552,362,0,1,362
fc1a1cd2d37a9100a80a496108f693ecebc59e14-dirty,3,typing,80,24,40,3904,95681,80,24,1,1,3711,362,0,1,362
fc1a1cd2d37a9100a80a496108f693ecebc59e14-dirty,3,typing,80,24,41,4005,95840,80,24,1,1,3870,362,0,1,362
fc1a1cd2d37a9100a80a496108f693ecebc59e14-dirty,3,typing,80,24,42,4106,95840,80,24,1,1,3870,362,0,1,362
fc1a1cd2d37a9100a80a496108f693ecebc59e14-dirty,3,typing,80,24,43,4207,96000,80,24,1,1,4030,363,0,1,363
fc1a1cd2d37a9100a80a496108f693ecebc59e14-dirty,3,typing,80,24,44,4303,96159,80,24,1,1,4189,362,0,1,362
fc1a1cd2d37a9100a80a496108f693ecebc59e14-dirty,3,typing,80,24,45,4404,96318,80,24,1,1,4348,362,0,1,362
fc1a1cd2d37a9100a80a496108f693ecebc59e14-dirty,3,typing,80,24,46,4504,84722,80,24,634,24,84785,103128,2,160,26269
fc1a1cd2d37a9100a80a496108f693ecebc59e14-dirty,3,typing,80,24,47,4605,85040,80,24,1,1,848,360,0,1,360
fc1a1cd2d37a9100a80a496108f693ecebc59e14-dirty,3,typing,80,24,48,4706,85199,80,24,1,1,1007,360,0,1,360
fc1a1cd2d37a9100a80a496108f693ecebc59e14-dirty,3,typing,80,24,49,4806,85358,80,24,1,1,1166,360,0,1,360
fc1a1cd2d37a9100a80a496108f693ecebc59e14-dirty,3,typing,80,24,50,4902,85517,80,24,1,1,1325,360,0,1,360
fc1a1cd2d37a9100a80a496108f693ecebc59e14-dirty,3,typing,80,24,51,5003,84722,80,24,560,24,84785,91070,1,80,13239
fc1a1cd2d37a9100a80a496108f693ecebc59e14-dirty,3,typing,80,24,52,5145,85040,80,24,1,1,848,360,0,1,360
fc1a1cd2d37a9100a80a496108f693ecebc59e14-dirty,3,typing,80,24,53,5204,85199,80,24,1,1,1007,360,0,1,360
fc1a1cd2d37a9100a80a496108f693ecebc59e14-dirty,3,typing,80,24,54,5305,85358,80,24,1,1,1166,360,0,1,360
fc1a1cd2d37a9100a80a496108f693ecebc59e14-dirty,3,typing,80,24,55,5405,85517,80,24,1,1,1325,360,0,1,360
fc1a1cd2d37a9100a80a496108f693ecebc59e14-dirty,3,typing,80,24,56,5547,85517,80,24,0,0,199,199,0,0,199
fc1a1cd2d37a9100a80a496108f693ecebc59e14-dirty,3,typing,80,24,57,5607,85835,80,24,1,1,1643,360,0,1,360
fc1a1cd2d37a9100a80a496108f693ecebc59e14-dirty,3,typing,80,24,58,5702,85994,80,24,1,1,1802,360,0,1,360
fc1a1cd2d37a9100a80a496108f693ecebc59e14-dirty,3,typing,80,24,59,5803,86154,80,24,1,1,1962,361,0,1,361
fc1a1cd2d37a9100a80a496108f693ecebc59e14-dirty,3,typing,80,24,60,5904,86154,80,24,0,0,200,200,0,0,200
fc1a1cd2d37a9100a80a496108f693ecebc59e14-dirty,3,typing,80,24,61,6004,86472,80,24,1,1,2280,362,0,1,362
fc1a1cd2d37a9100a80a496108f693ecebc59e14-dirty,3,typing,80,24,62,6105,86631,80,24,1,1,2439,362,0,1,362
fc1a1cd2d37a9100a80a496108f693ecebc59e14-dirty,3,typing,80,24,63,6206,86790,80,24,1,1,2598,362,0,1,362
fc1a1cd2d37a9100a80a496108f693ecebc59e14-dirty,3,typing,80,24,64,6348,86949,80,24,1,1,2757,362,0,1,362
fc1a1cd2d37a9100a80a496108f693ecebc59e14-dirty,3,typing,80,24,65,6402,87108,80,24,1,1,2916,362,0,1,362
fc1a1cd2d37a9100a80a496108f693ecebc59e14-dirty,3,typing,80,24,66,6504,87108,80,24,0,0,200,200,0,0,200
fc1a1cd2d37a9100a80a496108f693ecebc59e14-dirty,3,typing,80,24,67,6604,87426,80,24,1,1,3234,362,0,1,362
fc1a1cd2d37a9100a80a496108f693ecebc59e14-dirty,3,typing,80,24,68,6705,87585,80,24,1,1,3393,362,0,1,362
fc1a1cd2d37a9100a80a496108f693ecebc59e14-dirty,3,typing,80,24,69,6806,87744,80,24,1,1,3552,362,0,1,362
fc1a1cd2d37a9100a80a496108f693ecebc59e14-dirty,3,typing,80,24,70,6906,87903,80,24,1,1,3711,362,0,1,362
fc1a1cd2d37a9100a80a496108f693ecebc59e14-dirty,3,typing,80,24,71,7007,88062,80,24,1,1,3870,362,0,1,362
fc1a1cd2d37a9100a80a496108f693ecebc59e14-dirty,3,typing,80,24,72,7103,88062,80,24,0,0,200,200,0,0,200
fc1a1cd2d37a9100a80a496108f693ecebc59e14-dirty,3,typing,80,24,73,7203,88380,80,24,1,1,4188,362,0,1,362
fc1a1cd2d37a9100a80a496108f693ecebc59e14-dirty,3,typing,80,24,74,7304,88539,80,24,1,1,4347,362,0,1,362
fc1a1cd2d37a9100a80a496108f693ecebc59e14-dirty,3,typing,80,24,75,7405,88698,80,24,1,1,4506,362,0,1,362
fc1a1cd2d37a9100a80a496108f693ecebc59e14-dirty,3,typing,80,24,76,7506,88698,80,24,0,0,200,200,0,0,200
fc1a1cd2d37a9100a80a496108f693ecebc59e14-dirty,3,typing,80,24,77,7606,89016,80,24,1,1,4824,362,0,1,362
fc1a1cd2d37a9100a80a496108f693ecebc59e14-dirty,3,typing,80,24,78,7707,89175,80,24,1,1,4983,362,0,1,362
fc1a1cd2d37a9100a80a496108f693ecebc59e14-dirty,3,typing,80,24,79,7802,89334,80,24,1,1,5142,362,0,1,362
fc1a1cd2d37a9100a80a496108f693ecebc59e14-dirty,3,typing,80,24,80,7903,89493,80,24,1,1,5301,362,0,1,362
fc1a1cd2d37a9100a80a496108f693ecebc59e14-dirty,3,typing,80,24,81,8004,89652,80,24,1,1,5460,362,0,1,362
fc1a1cd2d37a9100a80a496108f693ecebc59e14-dirty,3,typing,80,24,82,8104,89652,80,24,0,0,200,200,0,0,200
fc1a1cd2d37a9100a80a496108f693ecebc59e14-dirty,3,typing,80,24,83,8205,89970,80,24,1,1,5778,362,0,1,362
fc1a1cd2d37a9100a80a496108f693ecebc59e14-dirty,3,typing,80,24,84,8306,90129,80,24,1,1,5937,362,0,1,362
fc1a1cd2d37a9100a80a496108f693ecebc59e14-dirty,3,typing,80,24,85,8407,90288,80,24,1,1,6096,362,0,1,362
fc1a1cd2d37a9100a80a496108f693ecebc59e14-dirty,3,typing,80,24,86,8502,90447,80,24,1,1,6255,362,0,1,362
fc1a1cd2d37a9100a80a496108f693ecebc59e14-dirty,3,typing,80,24,87,8603,90447,80,24,0,0,200,200,0,0,200
fc1a1cd2d37a9100a80a496108f693ecebc59e14-dirty,3,typing,80,24,88,8704,96795,80,24,1,1,12603,362,0,1,362
fc1a1cd2d37a9100a80a496108f693ecebc59e14-dirty,3,typing,80,24,89,8805,96795,80,24,1,1,12603,362,0,1,362
fc1a1cd2d37a9100a80a496108f693ecebc59e14-dirty,3,typing,80,24,90,8905,96795,80,24,1,1,12603,362,0,1,362
fc1a1cd2d37a9100a80a496108f693ecebc59e14-dirty,3,typing,80,24,91,9006,96795,80,24,0,0,200,200,0,0,200
fc1a1cd2d37a9100a80a496108f693ecebc59e14-dirty,3,typing,80,24,92,9107,96795,80,24,1,1,12603,362,0,1,362
fc1a1cd2d37a9100a80a496108f693ecebc59e14-dirty,3,typing,80,24,93,9207,96795,80,24,1,1,12603,362,0,1,362
fc1a1cd2d37a9100a80a496108f693ecebc59e14-dirty,3,typing,80,24,94,9303,96795,80,24,1,1,12603,362,0,1,362
fc1a1cd2d37a9100a80a496108f693ecebc59e14-dirty,3,typing,80,24,95,9404,96795,80,24,1,1,12603,362,0,1,362
fc1a1cd2d37a9100a80a496108f693ecebc59e14-dirty,3,typing,80,24,96,9506,96795,80,24,0,0,200,200,0,0,200
fc1a1cd2d37a9100a80a496108f693ecebc59e14-dirty,3,typing,80,24,97,9607,96795,80,24,1,1,12603,362,0,1,362
fc1a1cd2d37a9100a80a496108f693ecebc59e14-dirty,3,typing,80,24,98,9707,96795,80,24,1,1,12603,362,0,1,362
fc1a1cd2d37a9100a80a496108f693ecebc59e14-dirty,3,typing,80,24,99,9803,96795,80,24,1,1,12603,362,0,1,362
fc1a1cd2d37a9100a80a496108f693ecebc59e14-dirty,3,typing,80,24,100,9904,100280,80,24,665,24,100343,108227,2,160,26269
fc1a1cd2d37a9100a80a496108f693ecebc59e14-dirty,3,typing,80,24,101,10045,100598,80,24,1,1,848,360,0,1,360
fc1a1cd2d37a9100a80a496108f693ecebc59e14-dirty,3,typing,80,24,102,10146,100757,80,24,1,1,1007,360,0,1,360
fc1a1cd2d37a9100a80a496108f693ecebc59e14-dirty,3,typing,80,24,103,10248,100757,80,24,0,0,199,199,0,0,199
fc1a1cd2d37a9100a80a496108f693ecebc59e14-dirty,3,typing,80,24,104,10307,101075,80,24,1,1,1325,360,0,1,360
fc1a1cd2d37a9100a80a496108f693ecebc59e14-dirty,3,typing,80,24,105,10408,101234,80,24,1,1,1484,360,0,1,360
fc1a1cd2d37a9100a80a496108f693ecebc59e14-dirty,3,typing,80,24,106,10503,101393,80,24,1,1,1643,360,0,1,360
fc1a1cd2d37a9100a80a496108f693ecebc59e14-dirty,3,typing,80,24,107,10605,101552,80,24,1,1,1802,360,0,1,360
fc1a1cd2d37a9100a80a496108f693ecebc59e14-dirty,3,typing,80,24,108,10705,97736,80,24,599,24,97799,97446,1,80,13239
fc1a1cd2d37a9100a80a496108f693ecebc59e14-dirty,3,typing,80,24,109,10806,98054,80,24,1,1,848,360,0,1,360
fc1a1cd2d37a9100a80a496108f693ecebc59e14-dirty,3,typing,80,24,110,10907,98213,80,24,1,1,1007,360,0,1,360
fc1a1cd2d37a9100a80a496108f693ecebc59e14-dirty,3,typing,80,24,111,11007,98213,80,24,0,0,199,199,0,0,199
fc1a1cd2d37a9100a80a496108f693ecebc59e14-dirty,3,typing,80,24,112,11144,98531,80,24,1,1,1325,360,0,1,360
fc1a1cd2d37a9100a80a496108f693ecebc59e14-dirty,3,typing,80,24,113,11204,89319,80,24,647,24,89382,105202,2,160,26269
fc1a1cd2d37a9100a80a496108f693ecebc59e14-dirty,3,typing,80,24,114,11304,89637,80,24,1,1,848,360,0,1,360
fc1a1cd2d37a9100a80a496108f693ecebc59e14-dirty,3,typing,80,24,115,11405,89796,80,24,1,1,1007,360,0,1,360
fc1a1cd2d37a9100a80a496108f693ecebc59e14-dirty,3,typing,80,24,116,11506,89955,80,24,1,1,1166,360,0,1,360
fc1a1cd2d37a9100a80a496108f693ecebc59e14-dirty,3,typing,80,24,117,11607,90114,80,24,1,1,1325,360,0,1,360
fc1a1cd2d37a9100a80a496108f693ecebc59e14-dirty,3,typing,80,24,118,11749,90114,80,24,0,0,199,199,0,0,199
fc1a1cd2d37a9100a80a496108f693ecebc59e14-dirty,3,typing,80,24,119,11844,90432,80,24,1,1,1643,360,0,1,360
fc1a1cd2d37a9100a80a496108f693ecebc59e14-dirty,3,typing,80,24,120,11944,90591,80,24,1,1,1802,360,0,1,360
fc1a1cd2d37a9100a80a496108f693ecebc59e14-dirty,3,typing,80,24,121,12046,90751,80,24,1,1,1962,361,0,1,361
fc1a1cd2d37a9100a80a496108f693ecebc59e14-dirty,3,typing,80,24,122,12146,90910,80,24,1,1,2121,362,0,1,362
fc1a1cd2d37a9100a80a496108f693ecebc59e14-dirty,3,typing,80,24,123,12206,90910,80,24,0,0,200,200,0,0,200
fc1a1cd2d37a9100a80a496108f693ecebc59e14-dirty,3,typing,80,24,124,12307,91228,80,24,1,1,2439,362,0,1,362
fc1a1cd2d37a9100a80a496108f693ecebc59e14-dirty,3,typing,80,24,125,12449,91387,80,24,1,1,2598,362,0,1,362
fc1a1cd2d37a9100a80a496108f693ecebc59e14-dirty,3,typing,80,24,126,12503,91546,80,24,1,1,2757,362,0,1,362
fc1a1cd2d37a9100a80a496108f693ecebc59e14-dirty,3,typing,80,24,127,12604,91705,80,24,1,1,2916,362,0,1,362
fc1a1cd2d37a9100a80a496108f693ecebc59e14-dirty,3,typing,80,24,128,12705,91705,80,24,0,0,200,200,0,0,200
fc1a1cd2d37a9100a80a496108f693ecebc59e14-dirty,3,typing,80,24,129,12805,92023,80,24,1,1,3234,362,0,1,362
fc1a1cd2d37a9100a80a496108f693ecebc59e14-dirty,3,typing,80,24,130,12906,92182,80,24,1,1,3393,362,0,1,362
fc1a1cd2d37a9100a80a496108f693ecebc59e14-dirty,3,typing,80,24,131,13007,92341,80,24,1,1,3552,362,0,1,362
fc1a1cd2d37a9100a80a496108f693ecebc59e14-dirty,3,typing,80,24,132,13148,92341,80,24,0,0,200,200,0,0,200
fc1a1cd2d37a9100a80a496108f693ecebc59e14-dirty,3,typing,80,24,133,13203,92659,80,24,1,1,3870,362,0,1,362
fc1a1cd2d37a9100a80a496108f693ecebc59e14-dirty,3,typing,80,24,134,13304,92818,80,24,1,1,4029,362,0,1,362
fc1a1cd2d37a9100a80a496108f693ecebc59e14-dirty,3,typing,80,24,135,13405,92977,80,24,1,1,4188,362,0,1,362
fc1a1cd2d37a9100a80a496108f693ecebc59e14-dirty,3,typing,80,24,136,13505,93136,80,24,1,1,4347,362,0,1,362
fc1a1cd2d37a9100a80a496108f693ecebc59e14-dirty,3,typing,80,24,137,13606,93295,80,24,1,1,4506,362,0,1,362
fc1a1cd2d37a9100a80a496108f693ecebc59e14-dirty,3,typing,80,24,138,13707,93295,80,24,0,0,200,200,0,0,200
fc1a1cd2d37a9100a80a496108f693ecebc59e14-dirty,3,typing,80,24,139,13808,93613,80,24,1,1,4824,362,0,1,362
fc1a1cd2d37a9100a80a496108f693ecebc59e14-dirty,3,typing,80,24,140,13903,93772,80,24,1,1,4983,362,0,1,362
fc1a1cd2d37a9100a80a496108f693ecebc59e14-dirty,3,typing,80,24,141,14004,93931,80,24,1,1,5142,362,0,1,362
fc1a1cd2d37a9100a80a496108f693ecebc59e14-dirty,3,typing,80,24,142,14146,94090,80,24,1,1,5301,362,0,1,362
fc1a1cd2d37a9100a80a496108f693ecebc59e14-dirty,3,typing,80,24,143,14205,94249,80,24,1,1,5460,362,0,1,362
fc1a1cd2d37a9100a80a496108f693ecebc59e14-dirty,3,typing,80,24,144,14347,96474,80,24,686,24,96537,111514,2,160,26269
fc1a1cd2d37a9100a80a496108f693ecebc59e14-dirty,3,typing,80,24,145,14407,96792,80,24,1,1,848,360,0,1,360
fc1a1cd2d37a9100a80a496108f693ecebc59e14-dirty,3,typing,80,24,146,14508,96951,80,24,1,1,1007,360,0,1,360
fc1a1cd2d37a9100a80a496108f693ecebc59e14-dirty,3,typing,80,24,147,14603,97110,80,24,1,1,1166,360,0,1,360
fc1a1cd2d37a9100a80a496108f693ecebc59e14-dirty,3,typing,80,24,148,14704,97110,80,24,0,0,199,199,0,0,199
fc1a1cd2d37a9100a80a496108f693ecebc59e14-dirty,3,typing,80,24,149,14805,97428,80,24,1,1,1484,360,0,1,360
fc1a1cd2d37a9100a80a496108f693ecebc59e14-dirty,3,typing,80,24,150,14905,97428,80,24,0,0,199,199,0,0,199
fc1a1cd2d37a9100a80a496108f693ecebc59e14-dirty,3,typing,80,24,151,15006,97746,80,24,1,1,1802,360,0,1,360
fc1a1cd2d37a9100a80a496108f693ecebc59e14-dirty,3,typing,80,24,152,15149,97906,80,24,1,1,1962,361,0,1,361
fc1a1cd2d37a9100a80a496108f693ecebc59e14-dirty,3,typing,80,24,153,15208,97906,80,24,0,0,200,200,0,0,200
fc1a1cd2d37a9100a80a496108f693ecebc59e14-dirty,3,typing,80,24,154,15303,98224,80,24,1,1,2280,362,0,1,362
fc1a1cd2d37a9100a80a496108f693ecebc59e14-dirty,3,typing,80,24,155,15404,98224,80,24,0,0,200,200,0,0,200
fc1a1cd2d37a9100a80a496108f693ecebc59e14-dirty,3,typing,80,24,156,15546,98542,80,24,1,1,2598,362,0,1,362
fc1a1cd2d37a9100a80a496108f693ecebc59e14-dirty,3,typing,80,24,157,15648,98542,80,24,0,0,200,200,0,0,200
fc1a1cd2d37a9100a80a496108f693ecebc59e14-dirty,3,typing,80,24,158,15707,98860,80,24,1,1,2916,362,0,1,362
fc1a1cd2d37a9100a80a496108f693ecebc59e14-dirty,3,typing,80,24,159,15808,99019,80,24,1,1,3075,362,0,1,362
fc1a1cd2d37a9100a80a496108f693ecebc59e14-dirty,3,typing,80,24,160,15950,99019,80,24,0,0,200,200,0,0,200
fc1a1cd2d37a9100a80a496108f693ecebc59e14-dirty,3,typing,80,24,161,16004,99337,80,24,1,1,3393,362,0,1,362
fc1a1cd2d37a9100a80a496108f693ecebc59e14-dirty,3,typing,80,24,162,16105,99496,80,24,1,1,3552,362,0,1,362
fc1a1cd2d37a9100a80a496108f693ecebc59e14-dirty,3,typing,80,24,163,16246,99496,80,24,0,0,200,200,0,0,200
fc1a1cd2d37a9100a80a496108f693ecebc59e14-dirty,3,typing,80,24,164,16306,99814,80,24,1,1,3870,362,0,1,362
fc1a1cd2d37a9100a80a496108f693ecebc59e14-dirty,3,typing,80,24,165,16407,99973,80,24,1,1,4029,362,0,1,362
fc1a1cd2d37a9100a80a496108f693ecebc59e14-dirty,3,typing,80,24,166,16508,100132,80,24,1,1,4188,362,0,1,362
fc1a1cd2d37a9100a80a496108f693ecebc59e14-dirty,3,typing,80,24,167,16603,100291,80,24,1,1,4347,362,0,1,362
fc1a1cd2d37a9100a80a496108f693ecebc59e14-dirty,3,typing,80,24,168,16704,100291,80,24,0,0,200,200,0,0,200
fc1a1cd2d37a9100a80a496108f693ecebc59e14-dirty,3,typing,80,24,169,16846,100610,80,24,1,1,4666,363,0,1,363
fc1a1cd2d37a9100a80a496108f693ecebc59e14-dirty,3,typing,80,24,170,16947,100769,80,24,1,1,4825,362,0,1,362
fc1a1cd2d37a9100a80a496108f693ecebc59e14-dirty,3,typing,80,24,171,17048,100928,80,24,1,1,4984,362,0,1,362
fc1a1cd2d37a9100a80a496108f693ecebc59e14-dirty,3,typing,80,24,172,17107,101087,80,24,1,1,5143,362,0,1,362
fc1a1cd2d37a9100a80a496108f693ecebc59e14-dirty,3,typing,80,24,173,17249,101246,80,24,1,1,5302,362,0,1,362
fc1a1cd2d37a9100a80a496108f693ecebc59e14-dirty,3,typing,80,24,174,17304,101246,80,24,0,0,200,200,0,0,200
fc1a1cd2d37a9100a80a496108f693ecebc59e14-dirty,3,typing,80,24,175,17404,101564,80,24,1,1,5620,362,0,1,362
fc1a1cd2d37a9100a80a496108f693ecebc59e14-dirty,3,typing,80,24,176,17547,101723,80,24,1,1,5779,362,0,1,362
fc1a1cd2d37a9100a80a496108f693ecebc59e14-dirty,3,typing,80,24,177,17606,101883,80,24,1,1,5939,363,0,1,363
fc1a1cd2d37a9100a80a496108f693ecebc59e14-dirty,3,typing,80,24,178,17748,102042,80,24,1,1,6098,362,0,1,362
fc1a1cd2d37a9100a80a496108f693ecebc59e14-dirty,3,typing,80,24,179,17849,102042,80,24,0,0,200,200,0,0,200
fc1a1cd2d37a9100a80a496108f693ecebc59e14-dirty,3,typing,80,24,180,17908,102360,80,24,1,1,6416,362,0,1,362
fc1a1cd2d37a9100a80a496108f693ecebc59e14-dirty,3,typing,80,24,181,18045,108549,80,24,1,1,12605,362,0,1,362
fc1a1cd2d37a9100a80a496108f693ecebc59e14-dirty,3,typing,80,24,182,18105,108549,80,24,1,1,12605,362,0,1,362
fc1a1cd2d37a9100a80a496108f693ecebc59e14-dirty,3,typing,80,24,183,18205,108549,80,24,1,1,12605,362,0,1,362
fc1a1cd2d37a9100a80a496108f693ecebc59e14-dirty,3,typing,80,24,184,18306,103618,80,24,691,24,103681,112303,4,320,52329
fc1a1cd2d37a9100a80a496108f693ecebc59e14-dirty,3,typing,80,24,185,18407,103936,80,24,1,1,848,360,0,1,360
fc1a1cd2d37a9100a80a496108f693ecebc59e14-dirty,3,typing,80,24,186,18549,104095,80,24,1,1,1007,360,0,1,360
fc1a1cd2d37a9100a80a496108f693ecebc59e14-dirty,3,typing,80,24,187,18609,104254,80,24,1,1,1166,360,0,1,360
fc1a1cd2d37a9100a80a496108f693ecebc59e14-dirty,3,typing,80,24,188,18704,104413,80,24,1,1,1325,360,0,1,360
fc1a1cd2d37a9100a80a496108f693ecebc59e14-dirty,3,typing,80,24,189,18847,104572,80,24,1,1,1484,360,0,1,360
fc1a1cd2d37a9100a80a496108f693ecebc59e14-dirty,3,typing,80,24,190,18906,104731,80,24,1,1,1643,360,0,1,360
fc1a1cd2d37a9100a80a496108f693ecebc59e14-dirty,3,typing,80,24,191,19048,104731,80,24,0,0,199,199,0,0,199
fc1a1cd2d37a9100a80a496108f693ecebc59e14-dirty,3,typing,80,24,192,19149,105050,80,24,1,1,1962,361,0,1,361
fc1a1cd2d37a9100a80a496108f693ecebc59e14-dirty,3,typing,80,24,193,19250,105209,80,24,1,1,2121,362,0,1,362
fc1a1cd2d37a9100a80a496108f693ecebc59e14-dirty,3,typing,80,24,194,19304,105368,80,24,1,1,2280,362,0,1,362
fc1a1cd2d37a9100a80a496108f693ecebc59e14-dirty,3,typing,80,24,195,19445,105528,80,24,1,1,2440,363,0,1,363
fc1a1cd2d37a9100a80a496108f693ecebc59e14-dirty,3,typing,80,24,196,19505,105687,80,24,1,1,2599,362,0,1,362
fc1a1cd2d37a9100a80a496108f693ecebc59e14-dirty,3,typing,80,24,197,19648,105846,80,24,1,1,2758,362,0,1,362
fc1a1cd2d37a9100a80a496108f693ecebc59e14-dirty,3,typing,80,24,198,19707,105846,80,24,0,0,200,200,0,0,200
fc1a1cd2d37a9100a80a496108f693ecebc59e14-dirty,3,typing,80,24,199,19848,106164,80,24,1,1,3076,362,0,1,362
fc1a1cd2d37a9100a80a496108f693ecebc59e14-dirty,3,typing,80,24,200,19950,106323,80,24,1,1,3235,362,0,1,362
fc1a1cd2d37a9100a80a496108f693ecebc59e14-dirty,3,typing,80,24,201,20046,106482,80,24,1,1,3394,362,0,1,362
fc1a1cd2d37a9100a80a496108f693ecebc59e14-dirty,3,typing,80,24,202,20105,106641,80,24,1,1,3553,362,0,1,362
fc1a1cd2d37a9100a80a496108f693ecebc59e14-dirty,3,typing,80,24,203,20247,106800,80,24,1,1,3712,362,0,1,362
fc1a1cd2d37a9100a80a496108f693ecebc59e14-dirty,3,typing,80,24,204,20347,106800,80,24,0,0,200,200,0,0,200
fc1a1cd2d37a9100a80a496108f693ecebc59e14-dirty,3,typing,80,24,205,20447,107118,80,24,1,1,4030,362,0,1,362
fc1a1cd2d37a9100a80a496108f693ecebc59e14-dirty,3,typing,80,24,206,20507,107277,80,24,1,1,4189,362,0,1,362
fc1a1cd2d37a9100a80a496108f693ecebc59e14-dirty,3,typing,80,24,207,20650,107436,80,24,1,1,4348,362,0,1,362
fc1a1cd2d37a9100a80a496108f693ecebc59e14-dirty,3,typing,80,24,208,20746,107595,80,24,1,1,4507,362,0,1,362
fc1a1cd2d37a9100a80a496108f693ecebc59e14-dirty,3,typing,80,24,209,20805,107595,80,24,0,0,200,200,0,0,200
fc1a1cd2d37a9100a80a496108f693ecebc59e14-dirty,3,typing,80,24,210,20947,107913,80,24,1,1,4825,362,0,1,362
fc1a1cd2d37a9100a80a496108f693ecebc59e14-dirty,3,typing,80,24,211,21006,108072,80,24,1,1,4984,362,0,1,362
fc1a1cd2d37a9100a80a496108f693ecebc59e14-dirty,3,typing,80,24,212,21107,108231,80,24,1,1,5143,362,0,1,362
fc1a1cd2d37a9100a80a496108f693ecebc59e14-dirty,3,typing,80,24,213,21248,108231,80,24,1,1,5143,362,0,1,362
fc1a1cd2d37a9100a80a496108f693ecebc59e14-dirty,3,typing,80,24,214,21308,108390,80,24,1,1,5302,362,0,1,362
fc1a1cd2d37a9100a80a496108f693ecebc59e14-dirty,3,typing,80,24,215,21404,108390,80,24,0,0,200,200,0,0,200
fc1a1cd2d37a9100a80a496108f693ecebc59e14-dirty,3,typing,80,24,216,21547,108708,80,24,1,1,5620,362,0,1,362
fc1a1cd2d37a9100a80a496108f693ecebc59e14-dirty,3,typing,80,24,217,21606,108867,80,24,1,1,5779,362,0,1,362
fc1a1cd2d37a9100a80a496108f693ecebc59e14-dirty,3,typing,80,24,218,21748,109026,80,24,1,1,5938,362,0,1,362
fc1a1cd2d37a9100a80a496108f693ecebc59e14-dirty,3,typing,80,24,219,21807,109185,80,24,1,1,6097,362,0,1,362
fc1a1cd2d37a9100a80a496108f693ecebc59e14-dirty,3,typing,80,24,220,21949,109344,80,24,1,1,6256,362,0,1,362
fc1a1cd2d37a9100a80a496108f693ecebc59e14-dirty,3,typing,80,24,221,22008,83768,80,24,613,24,83831,99625,5,400,65359
fc1a1cd2d37a9100a80a496108f693ecebc59e14-dirty,3,typing,80,24,222,22104,84086,80,24,1,1,848,360,0,1,360
fc1a1cd2d37a9100a80a496108f693ecebc59e14-dirty,3,typing,80,24,223,22205,84245,80,24,1,1,1007,360,0,1,360
fc1a1cd2d37a9100a80a496108f693ecebc59e14-dirty,3,typing,80,24,224,22306,84404,80,24,1,1,1166,360,0,1,360
fc1a1cd2d37a9100a80a496108f693ecebc59e14-dirty,3,typing,80,24,225,22407,84563,80,24,1,1,1325,360,0,1,360
fc1a1cd2d37a9100a80a496108f693ecebc59e14-dirty,3,typing,80,24,226,22507,84563,80,24,0,0,199,199,0,0,199
fc1a1cd2d37a9100a80a496108f693ecebc59e14-dirty,3,typing,80,24,227,22608,84881,80,24,1,1,1643,360,0,1,360
fc1a1cd2d37a9100a80a496108f693ecebc59e14-dirty,3,typing,80,24,228,22708,84881,80,24,0,0,199,199,0,0,199
fc1a1cd2d37a9100a80a496108f693ecebc59e14-dirty,3,typing,80,24,229,22845,85200,80,24,1,1,1962,361,0,1,361
fc1a1cd2d37a9100a80a496108f693ecebc59e14-dirty,3,typing,80,24,230,22905,85359,80,24,1,1,2121,362,0,1,362
fc1a1cd2d37a9100a80a496108f693ecebc59e14-dirty,3,typing,80,24,231,23006,85518,80,24,1,1,2280,362,0,1,362
fc1a1cd2d37a9100a80a496108f693ecebc59e14-dirty,3,typing,80,24,232,23106,85677,80,24,1,1,2439,362,0,1,362
fc1a1cd2d37a9100a80a496108f693ecebc59e14-dirty,3,typing,80,24,233,23207,85836,80,24,1,1,2598,362,0,1,362
fc1a1cd2d37a9100a80a496108f693ecebc59e14-dirty,3,typing,80,24,234,23308,85995,80,24,1,1,2757,362,0,1,362
fc1a1cd2d37a9100a80a496108f693ecebc59e14-dirty,3,typing,80,24,235,23408,86154,80,24,1,1,2916,362,0,1,362
fc1a1cd2d37a9100a80a496108f693ecebc59e14-dirty,3,typing,80,24,236,23504,86313,80,24,1,1,3075,362,0,1,362
fc1a1cd2d37a9100a80a496108f693ecebc59e14-dirty,3,typing,80,24,237,23605,86313,80,24,0,0,200,200,0,0,200
fc1a1cd2d37a9100a80a496108f693ecebc59e14-dirty,3,typing,80,24,238,23705,86631,80,24,1,1,3393,362,0,1,362
fc1a1cd2d37a9100a80a496108f693ecebc59e14-dirty,3,typing,80,24,239,23806,86790,80,24,1,1,3552,362,0,1,362
fc1a1cd2d37a9100a80a496108f693ecebc59e14-dirty,3,typing,80,24,240,23907,86949,80,24,1,1,3711,362,0,1,362
fc1a1cd2d37a9100a80a496108f693ecebc59e14-dirty,3,typing,80,24,241,24007,87108,80,24,1,1,3870,362,0,1,362
fc1a1cd2d37a9100a80a496108f693ecebc59e14-dirty,3,typing,80,24,242,24108,87267,80,24,1,1,4029,362,0,1,362
fc1a1cd2d37a9100a80a496108f693ecebc59e14-dirty,3,typing,80,24,243,24209,87426,80,24,1,1,4188,362,0,1,362
fc1a1cd2d37a9100a80a496108f693ecebc59e14-dirty,3,typing,80,24,244,24304,87426,80,24,0,0,200,200,0,0,200
fc1a1cd2d37a9100a80a496108f693ecebc59e14-dirty,3,typing,80,24,245,24405,87744,80,24,1,1,4506,362,0,1,362
fc1a1cd2d37a9100a80a496108f693ecebc59e14-dirty,3,typing,80,24,246,24506,87903,80,24,1,1,4665,362,0,1,362
fc1a1cd2d37a9100a80a496108f693ecebc59e14-dirty,3,typing,80,24,247,24607,88062,80,24,1,1,4824,362,0,1,362
fc1a1cd2d37a9100a80a496108f693ecebc59e14-dirty,3,typing,80,24,248,24707,88221,80,24,1,1,4983,362,0,1,362
fc1a1cd2d37a9100a80a496108f693ecebc59e14-dirty,3,typing,80,24,249,24808,88221,80,24,0,0,200,200,0,0,200
fc1a1cd2d37a9100a80a496108f693ecebc59e14-dirty,3,typing,80,24,250,24909,88539,80,24,1,1,5301,362,0,1,362
fc1a1cd2d37a9100a80a496108f693ecebc59e14-dirty,3,typing,80,24,251,25004,88698,80,24,1,1,5460,362,0,1,362
fc1a1cd2d37a9100a80a496108f693ecebc59e14-dirty,3,typing,80,24,252,25105,88698,80,24,0,0,200,200,0,0,200
fc1a1cd2d37a9100a80a496108f693ecebc59e14-dirty,3,typing,80,24,253,25206,89016,80,24,1,1,5778,362,0,1,362
fc1a1cd2d37a9100a80a496108f693ecebc59e14-dirty,3,typing,80,24,254,25306,89175,80,24,1,1,5937,362,0,1,362
fc1a1cd2d37a9100a80a496108f693ecebc59e14-dirty,3,typing,80,24,255,25407,89334,80,24,1,1,6096,362,0,1,362
fc1a1cd2d37a9100a80a496108f693ecebc59e14-dirty,3,typing,80,24,256,25508,89493,80,24,1,1,6255,362,0,1,362
fc1a1cd2d37a9100a80a496108f693ecebc59e14-dirty,3,typing,80,24,257,25609,89493,80,24,0,0,200,200,0,0,200
fc1a1cd2d37a9100a80a496108f693ecebc59e14-dirty,3,typing,80,24,258,25746,95841,80,24,1,1,12603,362,0,1,362
fc1a1cd2d37a9100a80a496108f693ecebc59e14-dirty,3,typing,80,24,259,25805,95841,80,24,1,1,12603,362,0,1,362
fc1a1cd2d37a9100a80a496108f693ecebc59e14-dirty,3,typing,80,24,260,25906,95841,80,24,1,1,12603,362,0,1,362
fc1a1cd2d37a9100a80a496108f693ecebc59e14-dirty,3,typing,80,24,261,26007,95841,80,24,1,1,12603,362,0,1,362
fc1a1cd2d37a9100a80a496108f693ecebc59e14-dirty,3,typing,80,24,262,26107,95841,80,24,0,0,200,200,0,0,200
fc1a1cd2d37a9100a80a496108f693ecebc59e14-dirty,3,typing,80,24,263,26208,95841,80,24,1,1,12603,362,0,1,362
fc1a1cd2d37a9100a80a496108f693ecebc59e14-dirty,3,typing,80,24,264,26350,95841,80,24,0,0,200,200,0,0,200
fc1a1cd2d37a9100a80a496108f693ecebc59e14-dirty,3,typing,80,24,265,26446,95841,80,24,1,1,12603,362,0,1,362
fc1a1cd2d37a9100a80a496108f693ecebc59e14-dirty,3,typing,80,24,266,26505,95841,80,24,1,1,12603,362,0,1,362
fc1a1cd2d37a9100a80a496108f693ecebc59e14-dirty,3,typing,80,24,267,26606,95841,80,24,1,1,12603,362,0,1,362
fc1a1cd2d37a9100a80a496108f693ecebc59e14-dirty,3,typing,80,24,268,26747,95841,80,24,1,1,12603,362,0,1,362
fc1a1cd2d37a9100a80a496108f693ecebc59e14-dirty,3,typing,80,24,269,26849,95841,80,24,1,1,12603,362,0,1,362
fc1a1cd2d37a9100a80a496108f693ecebc59e14-dirty,3,typing,80,24,270,26908,95841,80,24,1,1,12603,362,0,1,362
fc1a1cd2d37a9100a80a496108f693ecebc59e14-dirty,3,typing,80,24,271,27009,95841,80,24,0,0,200,200,0,0,200
fc1a1cd2d37a9100a80a496108f693ecebc59e14-dirty,3,typing,80,24,272,27105,95841,80,24,1,1,12603,362,0,1,362
fc1a1cd2d37a9100a80a496108f693ecebc59e14-dirty,3,typing,80,24,273,27205,95841,80,24,1,1,12603,362,0,1,362
fc1a1cd2d37a9100a80a496108f693ecebc59e14-dirty,3,typing,80,24,274,27306,95841,80,24,1,1,12603,362,0,1,362
fc1a1cd2d37a9100a80a496108f693ecebc59e14-dirty,3,typing,80,24,275,27407,95841,80,24,1,1,12603,362,0,1,362
fc1a1cd2d37a9100a80a496108f693ecebc59e14-dirty,3,typing,80,24,276,27507,95841,80,24,1,1,12603,362,0,1,362
fc1a1cd2d37a9100a80a496108f693ecebc59e14-dirty,3,typing,80,24,277,27608,95841,80,24,0,0,200,200,0,0,200
fc1a1cd2d37a9100a80a496108f693ecebc59e14-dirty,3,typing,80,24,278,27749,95841,80,24,1,1,12603,362,0,1,362
fc1a1cd2d37a9100a80a496108f693ecebc59e14-dirty,3,typing,80,24,279,27809,95841,80,24,1,1,12603,362,0,1,362
fc1a1cd2d37a9100a80a496108f693ecebc59e14-dirty,3,typing,80,24,280,27905,95841,80,24,0,0,200,200,0,0,200
fc1a1cd2d37a9100a80a496108f693ecebc59e14-dirty,3,typing,80,24,281,28048,95841,80,24,1,1,12603,362,0,1,362
fc1a1cd2d37a9100a80a496108f693ecebc59e14-dirty,3,typing,80,24,282,28107,95841,80,24,0,0,200,200,0,0,200
fc1a1cd2d37a9100a80a496108f693ecebc59e14-dirty,3,typing,80,24,283,28207,95841,80,24,1,1,12603,362,0,1,362
fc1a1cd2d37a9100a80a496108f693ecebc59e14-dirty,3,typing,80,24,284,28308,95841,80,24,1,1,12603,362,0,1,362
fc1a1cd2d37a9100a80a496108f693ecebc59e14-dirty,3,typing,80,24,285,28450,95841,80,24,1,1,12603,362,0,1,362
fc1a1cd2d37a9100a80a496108f693ecebc59e14-dirty,3,typing,80,24,286,28509,95841,80,24,1,1,12603,362,0,1,362
fc1a1cd2d37a9100a80a496108f693ecebc59e14-dirty,3,typing,80,24,287,28647,95841,80,24,1,1,12603,362,0,1,362
fc1a1cd2d37a9100a80a496108f693ecebc59e14-dirty,3,typing,80,24,288,28706,95841,80,24,0,0,200,200,0,0,200
fc1a1cd2d37a9100a80a496108f693ecebc59e14-dirty,3,typing,80,24,289,28807,95841,80,24,1,1,12603,362,0,1,362
fc1a1cd2d37a9100a80a496108f693ecebc59e14-dirty,3,typing,80,24,290,28907,95841,80,24,1,1,12603,362,0,1,362
fc1a1cd2d37a9100a80a496108f693ecebc59e14-dirty,3,typing,80,24,291,29008,95841,80,24,1,1,12603,362,0,1,362
fc1a1cd2d37a9100a80a496108f693ecebc59e14-dirty,3,typing,80,24,292,29109,95841,80,24,1,1,12603,362,0,1,362
fc1a1cd2d37a9100a80a496108f693ecebc59e14-dirty,3,typing,80,24,293,29209,95841,80,24,1,1,12603,362,0,1,362
fc1a1cd2d37a9100a80a496108f693ecebc59e14-dirty,3,typing,80,24,294,29305,95841,80,24,1,1,12603,362,0,1,362
fc1a1cd2d37a9100a80a496108f693ecebc59e14-dirty,3,typing,80,24,295,29406,103937,80,24,676,24,104000,109928,2,160,26269
fc1a1cd2d37a9100a80a496108f693ecebc59e14-dirty,3,typing,80,24,296,29507,104255,80,24,1,1,848,360,0,1,360
fc1a1cd2d37a9100a80a496108f693ecebc59e14-dirty,3,typing,80,24,297,29608,104414,80,24,1,1,1007,360,0,1,360
fc1a1cd2d37a9100a80a496108f693ecebc59e14-dirty,3,typing,80,24,298,29708,104573,80,24,1,1,1166,360,0,1,360
fc1a1cd2d37a9100a80a496108f693ecebc59e14-dirty,3,typing,80,24,299,29809,104732,80,24,1,1,1325,360,0,1,360
fc1a1cd2d37a9100a80a496108f693ecebc59e14-dirty,3,typing,80,24,300,29910,104732,80,24,0,0,199,199,0,0,199
fc1a1cd2d37a9100a80a496108f693ecebc59e14-dirty,3,typing,80,24,301,30047,105050,80,24,1,1,1643,360,0,1,360
fc1a1cd2d37a9100a80a496108f693ecebc59e14-dirty,3,typing,80,24,302,30106,105209,80,24,1,1,1802,360,0,1,360
fc1a1cd2d37a9100a80a496108f693ecebc59e14-dirty,3,typing,80,24,303,30248,105369,80,24,1,1,1962,361,0,1,361
fc1a1cd2d37a9100a80a496108f693ecebc59e14-dirty,3,typing,80,24,304,30308,105369,80,24,0,0,200,200,0,0,200
fc1a1cd2d37a9100a80a496108f693ecebc59e14-dirty,3,typing,80,24,305,30409,105687,80,24,1,1,2280,362,0,1,362
fc1a1cd2d37a9100a80a496108f693ecebc59e14-dirty,3,typing,80,24,306,30509,105846,80,24,1,1,2439,362,0,1,362
fc1a1cd2d37a9100a80a496108f693ecebc59e14-dirty,3,typing,80,24,307,30646,106005,80,24,1,1,2598,362,0,1,362
fc1a1cd2d37a9100a80a496108f693ecebc59e14-dirty,3,typing,80,24,308,30706,102665,80,24,701,24,102728,113994,2,160,26269
fc1a1cd2d37a9100a80a496108f693ecebc59e14-dirty,1,editor,80,24,1,46,102983,80,24,1,1,848,360,0,1,360
fc1a1cd2d37a9100a80a496108f693ecebc59e14-dirty,1,editor,80,24,2,105,103142,80,24,1,1,1007,360,0,1,360
fc1a1cd2d37a9100a80a496108f693ecebc59e14-dirty,1,editor,80,24,3,206,103301,80,24,1,1,1166,360,0,1,360
fc1a1cd2d37a9100a80a496108f693ecebc59e14-dirty,1,editor,80,24,4,343,103301,80,24,0,0,199,199,0,0,199
fc1a1cd2d37a9100a80a496108f693ecebc59e14-dirty,1,editor,80,24,5,402,103619,80,24,1,1,1484,360,0,1,360
fc1a1cd2d37a9100a80a496108f693ecebc59e14-dirty,1,editor,80,24,6,503,103778,80,24,1,1,1643,360,0,1,360
fc1a1cd2d37a9100a80a496108f693ecebc59e14-dirty,1,editor,80,24,7,645,103778,80,24,0,0,199,199,0,0,199
fc1a1cd2d37a9100a80a496108f693ecebc59e14-dirty,1,editor,80,24,8,746,104097,80,24,1,1,1962,361,0,1,361
fc1a1cd2d37a9100a80a496108f693ecebc59e14-dirty,1,editor,80,24,9,805,104256,80,24,1,1,2121,362,0,1,362
fc1a1cd2d37a9100a80a496108f693ecebc59e14-dirty,1,editor,80,24,10,947,104256,80,24,0,0,200,200,0,0,200
fc1a1cd2d37a9100a80a496108f693ecebc59e14-dirty,1,editor,80,24,11,1002,104574,80,24,1,1,2439,362,0,1,362
fc1a1cd2d37a9100a80a496108f693ecebc59e14-dirty,1,editor,80,24,12,1144,104733,80,24,1,1,2598,362,0,1,362
fc1a1cd2d37a9100a80a496108f693ecebc59e14-dirty,1,editor,80,24,13,1245,104892,80,24,1,1,2757,362,0,1,362
fc1a1cd2d37a9100a80a496108f693ecebc59e14-dirty,1,editor,80,24,14,1346,105051,80,24,1,1,2916,362,0,1,362
fc1a1cd2d37a9100a80a496108f693ecebc59e14-dirty,1,editor,80,24,15,1405,105051,80,24,0,0,200,200,0,0,200
fc1a1cd2d37a9100a80a496108f693ecebc59e14-dirty,1,editor,80,24,16,1547,105369,80,24,1,1,3234,362,0,1,362
fc1a1cd2d37a9100a80a496108f693ecebc59e14-dirty,1,editor,80,24,17,1606,105528,80,24,1,1,3393,362,0,1,362
fc1a1cd2d37a9100a80a496108f693ecebc59e14-dirty,1,editor,80,24,18,1744,105687,80,24,1,1,3552,362,0,1,362
fc1a1cd2d37a9100a80a496108f693ecebc59e14-dirty,1,editor,80,24,19,1843,105846,80,24,1,1,3711,362,0,1,362
fc1a1cd2d37a9100a80a496108f693ecebc59e14-dirty,1,editor,80,24,20,1945,106005,80,24,1,1,3870,362,0,1,362
fc1a1cd2d37a9100a80a496108f693ecebc59e14-dirty,1,editor,80,24,21,2004,106164,80,24,1,1,4029,362,0,1,362
fc1a1cd2d37a9100a80a496108f693ecebc59e14-dirty,1,editor,80,24,22,2147,106323,80,24,1,1,4188,362,0,1,362
fc1a1cd2d37a9100a80a496108f693ecebc59e14-dirty,1,editor,80,24,23,2246,106482,80,24,1,1,4347,362,0,1,362
fc1a1cd2d37a9100a80a496108f693ecebc59e14-dirty,1,editor,80,24,24,2306,106641,80,24,1,1,4506,362,0,1,362
fc1a1cd2d37a9100a80a496108f693ecebc59e14-dirty,1,editor,80,24,25,2402,106800,80,24,1,1,4665,362,0,1,362
fc1a1cd2d37a9100a80a496108f693ecebc59e14-dirty,1,editor,80,24,26,2509,102823,80,24,637,24,102886,103568,1,80,13239
fc1a1cd2d37a9100a80a496108f693ecebc59e14-dirty,1,editor,80,24,27,2510,189072,80,24,1241,24,189135,202151,2,1223,199287
fc1a1cd2d37a9100a80a496108f693ecebc59e14-dirty,1,editor,80,24,28,2515,189072,80,24,0,0,197,197,0,0,197
fc1a1cd2d37a9100a80a496108f693ecebc59e14-dirty,1,editor,80,24,29,4603,189072,80,24,1,1,5778,359,0,1,359
fc1a1cd2d37a9100a80a496108f693ecebc59e14-dirty,1,editor,80,24,30,4704,189389,80,24,4,1,6095,848,0,4,848
fc1a1cd2d37a9100a80a496108f693ecebc59e14-dirty,1,editor,80,24,31,4805,189072,80,24,4,1,5778,848,0,4,848
fc1a1cd2d37a9100a80a496108f693ecebc59e14-dirty,1,editor,80,24,32,4907,189072,80,24,1,1,5778,359,0,1,359
fc1a1cd2d37a9100a80a496108f693ecebc59e14-dirty,1,editor,80,24,33,5008,189072,80,24,1,1,5778,359,0,1,359
fc1a1cd2d37a9100a80a496108f693ecebc59e14-dirty,1,editor,80,24,34,5144,189072,80,24,1,1,5778,359,0,1,359
fc1a1cd2d37a9100a80a496108f693ecebc59e14-dirty,1,editor,80,24,35,5246,189072,80,24,1,1,5778,359,0,1,359
fc1a1cd2d37a9100a80a496108f693ecebc59e14-dirty,1,editor,80,24,36,5306,189072,80,24,1,1,5778,359,0,1,359
fc1a1cd2d37a9100a80a496108f693ecebc59e14-dirty,1,editor,80,24,37,5449,189232,80,24,4,1,5938,849,0,4,849
fc1a1cd2d37a9100a80a496108f693ecebc59e14-dirty,1,editor,80,24,38,5545,189073,80,24,1,1,5779,360,0,1,360
fc1a1cd2d37a9100a80a496108f693ecebc59e14-dirty,1,editor,80,24,39,5646,189232,80,24,1,1,5938,360,0,1,360
fc1a1cd2d37a9100a80a496108f693ecebc59e14-dirty,1,editor,80,24,40,5705,189232,80,24,1,1,5938,360,0,1,360
fc1a1cd2d37a9100a80a496108f693ecebc59e14-dirty,1,editor,80,24,41,5847,189232,80,24,1,1,5938,360,0,1,360
fc1a1cd2d37a9100a80a496108f693ecebc59e14-dirty,1,editor,80,24,42,5950,189232,80,24,1,1,5938,360,0,1,360
fc1a1cd2d37a9100a80a496108f693ecebc59e14-dirty,1,editor,80,24,43,6046,189232,80,24,1,1,5938,360,0,1,360
fc1a1cd2d37a9100a80a496108f693ecebc59e14-dirty,1,editor,80,24,44,6105,193183,80,24,1515,24,193246,246440,1,192,31474
fc1a1cd2d37a9100a80a496108f693ecebc59e14-dirty,1,editor,80,24,45,6248,205096,80,24,1021,23,203077,165976,2,216,35394
fc1a1cd2d37a9100a80a496108f693ecebc59e14-dirty,1,editor,80,24,46,6308,205096,80,24,1,1,1643,360,0,1,360
fc1a1cd2d37a9100a80a496108f693ecebc59e14-dirty,1,editor,80,24,47,6444,217327,80,24,1452,24,217390,236154,1,130,21386
fc1a1cd2d37a9100a80a496108f693ecebc59e14-dirty,1,editor,80,24,48,6505,217327,80,24,1397,24,217390,227183,1,130,21386
fc1a1cd2d37a9100a80a496108f693ecebc59e14-dirty,1,editor,80,24,49,6606,224788,80,24,1370,24,224851,222778,1,132,21712
fc1a1cd2d37a9100a80a496108f693ecebc59e14-dirty,1,editor,80,24,50,6708,224947,80,24,1353,24,225010,220006,1,144,23668
fc1a1cd2d37a9100a80a496108f693ecebc59e14-dirty,1,editor,80,24,51,6804,213193,80,24,1356,24,213256,220476,1,88,14540
fc1a1cd2d37a9100a80a496108f693ecebc59e14-dirty,1,editor,80,24,52,6946,206686,80,24,1342,24,206749,218161,1,121,19915
fc1a1cd2d37a9100a80a496108f693ecebc59e14-dirty,1,editor,80,24,53,7047,194614,80,24,1334,24,194677,216818,1,87,14378
fc1a1cd2d37a9100a80a496108f693ecebc59e14-dirty,1,editor,80,24,54,7107,182700,80,24,1293,24,182763,210103,1,86,14216
fc1a1cd2d37a9100a80a496108f693ecebc59e14-dirty,1,editor,80,24,55,7249,182383,80,24,1312,24,182446,213160,1,146,23987
fc1a1cd2d37a9100a80a496108f693ecebc59e14-dirty,1,editor,80,24,56,7304,183178,80,24,901,23,181160,146667,2,219,35880
fc1a1cd2d37a9100a80a496108f693ecebc59e14-dirty,1,editor,80,24,57,7405,183178,80,24,2,1,1643,523,0,2,523
fc1a1cd2d37a9100a80a496108f693ecebc59e14-dirty,1,editor,80,24,58,7547,174291,80,24,901,23,172273,146636,2,180,29531
fc1a1cd2d37a9100a80a496108f693ecebc59e14-dirty,1,editor,80,24,59,7606,90581,80,24,1050,24,90644,170639,1,942,153146
fc1a1cd2d37a9100a80a496108f693ecebc59e14-dirty,1,editor,80,24,60,7706,90899,80,24,4,1,2437,849,0,4,849
fc1a1cd2d37a9100a80a496108f693ecebc59e14-dirty,1,editor,80,24,61,7802,90581,80,24,4,1,2119,849,0,4,849
fc1a1cd2d37a9100a80a496108f693ecebc59e14-dirty,1,editor,80,24,62,7903,90899,80,24,4,1,2437,849,0,4,849
fc1a1cd2d37a9100a80a496108f693ecebc59e14-dirty,1,editor,80,24,63,8003,90581,80,24,4,1,2119,849,0,4,849
fc1a1cd2d37a9100a80a496108f693ecebc59e14-dirty,1,editor,80,24,64,8104,90581,80,24,1,1,2119,360,0,1,360
fc1a1cd2d37a9100a80a496108f693ecebc59e14-dirty,1,editor,80,24,65,8205,90899,80,24,4,1,2437,849,0,4,849
fc1a1cd2d37a9100a80a496108f693ecebc59e14-dirty,1,editor,80,24,66,8306,90422,80,24,5,1,1960,1012,0,5,1012
fc1a1cd2d37a9100a80a496108f693ecebc59e14-dirty,1,editor,80,24,67,8406,90422,80,24,1,1,1960,360,0,1,360
fc1a1cd2d37a9100a80a496108f693ecebc59e14-dirty,1,editor,80,24,68,8507,90422,80,24,1,1,1960,360,0,1,360
fc1a1cd2d37a9100a80a496108f693ecebc59e14-dirty,1,editor,80,24,69,8602,90263,80,24,1,1,1801,360,0,1,360
fc1a1cd2d37a9100a80a496108f693ecebc59e14-dirty,1,editor,80,24,70,8703,90581,80,24,1,1,2119,360,0,1,360
fc1a1cd2d37a9100a80a496108f693ecebc59e14-dirty,1,editor,80,24,71,8805,184936,80,24,1178,24,184999,191909,1,1127,183720
fc1a1cd2d37a9100a80a496108f693ecebc59e14-dirty,1,editor,80,24,72,8948,185254,80,24,1,1,1960,359,0,1,359
fc1a1cd2d37a9100a80a496108f693ecebc59e14-dirty,1,editor,80,24,73,9049,185413,80,24,1,1,2119,359,0,1,359
fc1a1cd2d37a9100a80a496108f693ecebc59e14-dirty,1,editor,80,24,74,9109,217327,80,24,1504,24,217390,244602,5,502,81964
fc1a1cd2d37a9100a80a496108f693ecebc59e14-dirty,1,editor,80,24,75,9206,214137,80,24,1391,24,214200,226177,1,86,14204
fc1a1cd2d37a9100a80a496108f693ecebc59e14-dirty,1,editor,80,24,76,9347,214296,80,24,2,2,3397,522,0,2,522
fc1a1cd2d37a9100a80a496108f693ecebc59e14-dirty,1,editor,80,24,77,9449,214296,80,24,1,1,3064,360,0,1,360
fc1a1cd2d37a9100a80a496108f693ecebc59e14-dirty,1,editor,80,24,78,9508,214614,80,24,2,2,3715,522,0,2,522
fc1a1cd2d37a9100a80a496108f693ecebc59e14-dirty,1,editor,80,24,79,9604,214773,80,24,2,2,3874,522,0,2,522
fc1a1cd2d37a9100a80a496108f693ecebc59e14-dirty,1,editor,80,24,80,9706,214932,80,24,2,2,4033,522,0,2,522
fc1a1cd2d37a9100a80a496108f693ecebc59e14-dirty,1,editor,80,24,81,9807,214932,80,24,1,1,3064,360,0,1,360
fc1a1cd2d37a9100a80a496108f693ecebc59e14-dirty,1,editor,80,24,82,9908,215250,80,24,2,2,4351,522,0,2,522
fc1a1cd2d37a9100a80a496108f693ecebc59e14-dirty,1,editor,80,24,83,10045,215409,80,24,2,2,4510,522,0,2,522
fc1a1cd2d37a9100a80a496108f693ecebc59e14-dirty,1,editor,80,24,84,10105,215727,80,24,3,2,4828,685,0,3,685
fc1a1cd2d37a9100a80a496108f693ecebc59e14-dirty,1,editor,80,24,85,10208,215728,80,24,2,2,4829,523,0,2,523
fc1a1cd2d37a9100a80a496108f693ecebc59e14-dirty,1,editor,80,24,86,10308,215887,80,24,1,1,3224,361,0,1,361
fc1a1cd2d37a9100a80a496108f693ecebc59e14-dirty,1,editor,80,24,87,10446,216205,80,24,2,2,5306,524,0,2,524
fc1a1cd2d37a9100a80a496108f693ecebc59e14-dirty,1,editor,80,24,88,10505,216364,80,24,2,2,5465,524,0,2,524
fc1a1cd2d37a9100a80a496108f693ecebc59e14-dirty,1,editor,80,24,89,10648,216523,80,24,2,2,5624,524,0,2,524
fc1a1cd2d37a9100a80a496108f693ecebc59e14-dirty,1,editor,80,24,90,10708,216682,80,24,2,2,5783,524,0,2,524
fc1a1cd2d37a9100a80a496108f693ecebc59e14-dirty,1,editor,80,24,91,10850,216841,80,24,2,2,5942,524,0,2,524
fc1a1cd2d37a9100a80a496108f693ecebc59e14-dirty,1,editor,80,24,92,10946,216841,80,24,1,1,3224,361,0,1,361
fc1a1cd2d37a9100a80a496108f693ecebc59e14-dirty,1,editor,80,24,93,11048,217159,80,24,2,2,6260,524,0,2,524
fc1a1cd2d37a9100a80a496108f693ecebc59e14-dirty,1,editor,80,24,94,11148,217318,80,24,3,2,6419,687,0,3,687
fc1a1cd2d37a9100a80a496108f693ecebc59e14-dirty,1,editor,80,24,95,11210,217477,80,24,2,2,6578,524,0,2,524
fc1a1cd2d37a9100a80a496108f693ecebc59e14-dirty,1,editor,80,24,96,11305,217477,80,24,2,2,6578,524,0,2,524
fc1a1cd2d37a9100a80a496108f693ecebc59e14-dirty,1,editor,80,24,97,11406,217636,80,24,1,1,3224,361,0,1,361
fc1a1cd2d37a9100a80a496108f693ecebc59e14-dirty,1,editor,80,24,98,11507,217954,80,24,2,2,7055,524,0,2,524
fc1a1cd2d37a9100a80a496108f693ecebc59e14-dirty,1,editor,80,24,99,11650,218113,80,24,2,2,7214,524,0,2,524
fc1a1cd2d37a9100a80a496108f693ecebc59e14-dirty,1,editor,80,24,100,11745,218272,80,24,2,2,7373,524,0,2,524
fc1a1cd2d37a9100a80a496108f693ecebc59e14-dirty,1,editor,80,24,101,11846,218272,80,24,1,1,3224,361,0,1,361
fc1a1cd2d37a9100a80a496108f693ecebc59e14-dirty,1,editor,80,24,102,11948,218590,80,24,2,2,7691,524,0,2,524
fc1a1cd2d37a9100a80a496108f693ecebc59e14-dirty,1,editor,80,24,103,12008,218749,80,24,2,2,7850,524,0,2,524
fc1a1cd2d37a9100a80a496108f693ecebc59e14-dirty,1,editor,80,24,104,12147,218908,80,24,3,2,8009,687,0,3,687
fc1a1cd2d37a9100a80a496108f693ecebc59e14-dirty,1,editor,80,24,105,12206,219067,80,24,2,2,8168,524,0,2,524
fc1a1cd2d37a9100a80a496108f693ecebc59e14-dirty,1,editor,80,24,106,12349,219226,80,24,2,2,8327,524,0,2,524
fc1a1cd2d37a9100a80a496108f693ecebc59e14-dirty,1,editor,80,24,107,12408,219226,80,24,2,2,8327,524,0,2,524
fc1a1cd2d37a9100a80a496108f693ecebc59e14-dirty,1,editor,80,24,108,12546,219385,80,24,1,1,3224,361,0,1,361
fc1a1cd2d37a9100a80a496108f693ecebc59e14-dirty,1,editor,80,24,109,12606,219703,80,24,2,2,8804,524,0,2,524
fc1a1cd2d37a9100a80a496108f693ecebc59e14-dirty,1,editor,80,24,110,12748,219862,80,24,2,2,8963,524,0,2,524
fc1a1cd2d37a9100a80a496108f693ecebc59e14-dirty,1,editor,80,24,111,12808,219862,80,24,1,1,3224,361,0,1,361
fc1a1cd2d37a9100a80a496108f693ecebc59e14-dirty,1,editor,80,24,112,12951,220180,80,24,2,2,9281,524,0,2,524
fc1a1cd2d37a9100a80a496108f693ecebc59e14-dirty,1,editor,80,24,113,13047,220339,80,24,2,2,9440,524,0,2,524
fc1a1cd2d37a9100a80a496108f693ecebc59e14-dirty,1,editor,80,24,114,13107,226528,80,24,3,2,15629,687,0,3,687
fc1a1cd2d37a9100a80a496108f693ecebc59e14-dirty,1,editor,80,24,115,13249,226528,80,24,1,1,3224,361,0,1,361
fc1a1cd2d37a9100a80a496108f693ecebc59e14-dirty,1,editor,80,24,116,13310,226528,80,24,2,2,15629,524,0,2,524
fc1a1cd2d37a9100a80a496108f693ecebc59e14-dirty,1,editor,80,24,117,13406,226528,80,24,2,2,15629,524,0,2,524
fc1a1cd2d37a9100a80a496108f693ecebc59e14-dirty,1,editor,80,24,118,13507,226369,80,24,2,2,15470,524,0,2,524
fc1a1cd2d37a9100a80a496108f693ecebc59e14-dirty,1,editor,80,24,119,13649,226528,80,24,2,2,15629,524,0,2,524
fc1a1cd2d37a9100a80a496108f693ecebc59e14-dirty,1,editor,80,24,120,13751,226528,80,24,2,2,15629,524,0,2,524
fc1a1cd2d37a9100a80a496108f693ecebc59e14-dirty,1,editor,80,24,121,13806,226528,80,24,2,2,15629,524,0,2,524
fc1a1cd2d37a9100a80a496108f693ecebc59e14-dirty,1,editor,80,24,122,13974,224153,80,24,21,1,849,3611,0,21,3611
fc1a1cd2d37a9100a80a496108f693ecebc59e14-dirty,1,editor,80,24,123,14009,226528,80,24,21,1,3224,3599,0,21,3599
fc1a1cd2d37a9100a80a496108f693ecebc59e14-dirty,1,editor,80,24,124,14110,226528,80,24,3,2,15629,687,0,3,687
fc1a1cd2d37a9100a80a496108f693ecebc59e14-dirty,1,editor,80,24,125,14206,226528,80,24,3,2,15629,687,0,3,687
fc1a1cd2d37a9100a80a496108f693ecebc59e14-dirty,1,editor,80,24,126,14349,226528,80,24,3,2,15629,687,0,3,687
fc1a1cd2d37a9100a80a496108f693ecebc59e14-dirty,1,editor,80,24,127,14409,226528,80,24,4,2,15629,850,0,4,850
fc1a1cd2d37a9100a80a496108f693ecebc59e14-dirty,1,editor,80,24,128,14510,226528,80,24,3,2,15629,687,0,3,687
fc1a1cd2d37a9100a80a496108f693ecebc59e14-dirty,1,editor,80,24,129,14606,226528,80,24,3,2,15629,687,0,3,687
fc1a1cd2d37a9100a80a496108f693ecebc59e14-dirty,1,editor,80,24,130,14748,226528,80,24,3,2,15629,687,0,3,687
fc1a1cd2d37a9100a80a496108f693ecebc59e14-dirty,1,editor,80,24,131,14808,226528,80,24,3,2,15629,687,0,3,687
fc1a1cd2d37a9100a80a496108f693ecebc59e14-dirty,1,editor,80,24,132,14951,226369,80,24,3,2,15470,687,0,3,687
fc1a1cd2d37a9100a80a496108f693ecebc59e14-dirty,1,editor,80,24,133,15006,226528,80,24,3,2,15629,687,0,3,687
fc1a1cd2d37a9100a80a496108f693ecebc59e14-dirty,1,editor,80,24,134,15107,226528,80,24,3,2,15629,687,0,3,687
fc1a1cd2d37a9100a80a496108f693ecebc59e14-dirty,1,editor,80,24,135,15250,226528,80,24,3,2,15629,687,0,3,687
fc1a1cd2d37a9100a80a496108f693ecebc59e14-dirty,1,editor,80,24,136,15350,226528,80,24,3,2,15629,687,0,3,687
fc1a1cd2d37a9100a80a496108f693ecebc59e14-dirty,1,editor,80,24,137,15447,226528,80,24,4,2,15629,850,0,4,850
fc1a1cd2d37a9100a80a496108f693ecebc59e14-dirty,1,editor,80,24,138,15548,226528,80,24,3,2,15629,687,0,3,687
fc1a1cd2d37a9100a80a496108f693ecebc59e14-dirty,1,editor,80,24,139,15608,226528,80,24,3,2,15629,687,0,3,687
fc1a1cd2d37a9100a80a496108f693ecebc59e14-dirty,1,editor,80,24,140,15709,226528,80,24,3,2,15629,687,0,3,687
fc1a1cd2d37a9100a80a496108f693ecebc59e14-dirty,1,editor,80,24,141,15806,226528,80,24,3,2,15629,687,0,3,687
fc1a1cd2d37a9100a80a496108f693ecebc59e14-dirty,1,editor,80,24,142,15907,226528,80,24,3,2,15629,687,0,3,687
fc1a1cd2d37a9100a80a496108f693ecebc59e14-dirty,1,editor,80,24,143,16008,226369,80,24,3,2,15470,687,0,3,687
fc1a1cd2d37a9100a80a496108f693ecebc59e14-dirty,1,editor,80,24,144,16109,226528,80,24,3,2,15629,687,0,3,687
fc1a1cd2d37a9100a80a496108f693ecebc59e14-dirty,1,editor,80,24,145,16205,226528,80,24,3,2,15629,687,0,3,687
fc1a1cd2d37a9100a80a496108f693ecebc59e14-dirty,1,editor,80,24,146,16348,226528,80,24,3,2,15629,687,0,3,687
fc1a1cd2d37a9100a80a496108f693ecebc59e14-dirty,1,editor,80,24,147,16448,226528,80,24,4,2,15629,850,0,4,850
fc1a1cd2d37a9100a80a496108f693ecebc59e14-dirty,1,editor,80,24,148,16549,226528,80,24,3,2,15629,687,0,3,687
fc1a1cd2d37a9100a80a496108f693ecebc59e14-dirty,1,editor,80,24,149,16610,226528,80,24,3,2,15629,687,0,3,687
fc1a1cd2d37a9100a80a496108f693ecebc59e14-dirty,1,editor,80,24,150,16706,226528,80,24,3,2,15629,687,0,3,687
fc1a1cd2d37a9100a80a496108f693ecebc59e14-dirty,1,editor,80,24,151,16874,224153,80,24,21,1,849,3611,0,21,3611
fc1a1cd2d37a9100a80a496108f693ecebc59e14-dirty,1,editor,80,24,152,16909,235906,80,24,60,2,25007,9970,0,60,9970
fc1a1cd2d37a9100a80a496108f693ecebc59e14-dirty,1,editor,80,24,153,17010,235905,80,24,86,2,25006,14200,0,86,14200
fc1a1cd2d37a9100a80a496108f693ecebc59e14-dirty,1,editor,80,24,154,17106,235905,80,24,1,1,12601,360,0,1,360
fc1a1cd2d37a9100a80a496108f693ecebc59e14-dirty,1,editor,80,24,155,17208,224947,80,24,1382,24,225010,224725,1,150,24640
fc1a1cd2d37a9100a80a496108f693ecebc59e14-dirty,1,editor,80,24,156,17309,213193,80,24,1356,24,213256,220476,1,88,14540
fc1a1cd2d37a9100a80a496108f693ecebc59e14-dirty,1,editor,80,24,157,17410,206686,80,24,1342,24,206749,218161,1,121,19915
fc1a1cd2d37a9100a80a496108f693ecebc59e14-dirty,1,editor,80,24,158,17506,194614,80,24,1334,24,194677,216818,1,87,14378
fc1a1cd2d37a9100a80a496108f693ecebc59e14-dirty,1,editor,80,24,159,17648,182700,80,24,1293,24,182763,210103,1,86,14216
fc1a1cd2d37a9100a80a496108f693ecebc59e14-dirty,1,editor,80,24,160,17708,182383,80,24,1312,24,182446,213160,1,146,23987
fc1a1cd2d37a9100a80a496108f693ecebc59e14-dirty,1,editor,80,24,161,17851,183178,80,24,901,23,181160,146667,2,219,35880
fc1a1cd2d37a9100a80a496108f693ecebc59e14-dirty,1,editor,80,24,162,17905,183178,80,24,2,1,1643,523,0,2,523
fc1a1cd2d37a9100a80a496108f693ecebc59e14-dirty,1,editor,80,24,163,18048,174291,80,24,901,23,172273,146636,2,180,29531
fc1a1cd2d37a9100a80a496108f693ecebc59e14-dirty,1,editor,80,24,164,18148,174291,80,24,1,1,1643,360,0,1,360
fc1a1cd2d37a9100a80a496108f693ecebc59e14-dirty,1,editor,80,24,165,18249,164923,80,24,870,23,162905,141613,2,195,31973
fc1a1cd2d37a9100a80a496108f693ecebc59e14-dirty,1,editor,80,24,166,18350,165082,80,24,1,1,1643,360,0,1,360
fc1a1cd2d37a9100a80a496108f693ecebc59e14-dirty,1,editor,80,24,167,18445,153646,80,24,829,23,151628,134917,2,180,29526
fc1a1cd2d37a9100a80a496108f693ecebc59e14-dirty,1,editor,80,24,168,18506,153646,80,24,1,1,1643,360,0,1,360
fc1a1cd2d37a9100a80a496108f693ecebc59e14-dirty,1,editor,80,24,169,18647,155077,80,24,891,24,155140,144906,2,185,30338
fc1a1cd2d37a9100a80a496108f693ecebc59e14-dirty,1,editor,80,24,170,18707,155077,80,24,1,1,1643,360,0,1,360
fc1a1cd2d37a9100a80a496108f693ecebc59e14-dirty,1,editor,80,24,171,18808,144754,80,24,877,24,144817,142662,2,167,27408
fc1a1cd2d37a9100a80a496108f693ecebc59e14-dirty,1,editor,80,24,172,18950,144754,80,24,2,1,1643,523,0,2,523
fc1a1cd2d37a9100a80a496108f693ecebc59e14-dirty,1,editor,80,24,173,19005,132841,80,24,754,24,132904,122686,1,87,14378
fc1a1cd2d37a9100a80a496108f693ecebc59e14-dirty,1,editor,80,24,174,19147,133159,80,24,1,1,1961,360,0,1,360
fc1a1cd2d37a9100a80a496108f693ecebc59e14-dirty,1,editor,80,24,175,19247,136657,80,24,22,2,5951,3778,0,22,3778
fc1a1cd2d37a9100a80a496108f693ecebc59e14-dirty,1,editor,80,24,176,19308,136975,80,24,1,1,1961,360,0,1,360
fc1a1cd2d37a9100a80a496108f693ecebc59e14-dirty,1,editor,80,24,177,19409,144754,80,24,53,2,14048,8830,0,53,8830
fc1a1cd2d37a9100a80a496108f693ecebc59e14-dirty,1,editor,80,24,178,19505,145072,80,24,1,1,1961,360,0,1,360
fc1a1cd2d37a9100a80a496108f693ecebc59e14-dirty,1,editor,80,24,179,19605,132682,80,24,57,2,1976,9481,0,57,9481
fc1a1cd2d37a9100a80a496108f693ecebc59e14-dirty,1,editor,80,24,180,19706,134262,80,24,13,1,3223,2294,0,13,2294
fc1a1cd2d37a9100a80a496108f693ecebc59e14-dirty,1,editor,80,24,181,19807,134421,80,24,2,2,3715,522,0,2,522
fc1a1cd2d37a9100a80a496108f693ecebc59e14-dirty,1,editor,80,24,182,19908,134580,80,24,2,2,3874,522,0,2,522
fc1a1cd2d37a9100a80a496108f693ecebc59e14-dirty,1,editor,80,24,183,20009,134739,80,24,2,2,4033,522,0,2,522
fc1a1cd2d37a9100a80a496108f693ecebc59e14-dirty,1,editor,80,24,184,20105,134739,80,24,1,1,3223,360,0,1,360
fc1a1cd2d37a9100a80a496108f693ecebc59e14-dirty,1,editor,80,24,185,20206,135057,80,24,2,2,4351,522,0,2,522
fc1a1cd2d37a9100a80a496108f693ecebc59e14-dirty,1,editor,80,24,186,20307,135216,80,24,2,2,4510,522,0,2,522
fc1a1cd2d37a9100a80a496108f693ecebc59e14-dirty,1,editor,80,24,187,20408,135375,80,24,2,2,4669,522,0,2,522
fc1a1cd2d37a9100a80a496108f693ecebc59e14-dirty,1,editor,80,24,188,20508,135534,80,24,2,1,3382,523,0,2,523
fc1a1cd2d37a9100a80a496108f693ecebc59e14-dirty,1,editor,80,24,189,20604,135694,80,24,2,2,4988,523,0,2,523
fc1a1cd2d37a9100a80a496108f693ecebc59e14-dirty,1,editor,80,24,190,20705,136012,80,24,2,2,5306,524,0,2,524
fc1a1cd2d37a9100a80a496108f693ecebc59e14-dirty,1,editor,80,24,191,20847,136012,80,24,1,1,3383,361,0,1,361
fc1a1cd2d37a9100a80a496108f693ecebc59e14-dirty,1,editor,80,24,192,20947,136330,80,24,2,2,5624,524,0,2,524
fc1a1cd2d37a9100a80a496108f693ecebc59e14-dirty,1,editor,80,24,193,21008,136489,80,24,2,2,5783,524,0,2,524
fc1a1cd2d37a9100a80a496108f693ecebc59e14-dirty,1,editor,80,24,194,21109,136648,80,24,2,2,5942,524,0,2,524
fc1a1cd2d37a9100a80a496108f693ecebc59e14-dirty,1,editor,80,24,195,21205,136807,80,24,2,2,6101,524,0,2,524
fc1a1cd2d37a9100a80a496108f693ecebc59e14-dirty,1,editor,80,24,196,21307,136807,80,24,1,1,3383,361,0,1,361
fc1a1cd2d37a9100a80a496108f693ecebc59e14-dirty,1,editor,80,24,197,21408,137125,80,24,2,2,6419,524,0,2,524
fc1a1cd2d37a9100a80a496108f693ecebc59e14-dirty,1,editor,80,24,198,21509,137284,80,24,3,2,6578,687,0,3,687
fc1a1cd2d37a9100a80a496108f693ecebc59e14-dirty,1,editor,80,24,199,21646,137443,80,24,2,2,6737,524,0,2,524
fc1a1cd2d37a9100a80a496108f693ecebc59e14-dirty,1,editor,80,24,200,21747,137443,80,24,2,2,6737,524,0,2,524
fc1a1cd2d37a9100a80a496108f693ecebc59e14-dirty,1,editor,80,24,201,21831,135068,80,24,21,1,849,3611,0,21,3611
fc1a1cd2d37a9100a80a496108f693ecebc59e14-dirty,1,editor,80,24,202,21907,123948,80,24,739,24,124011,120208,1,82,13564
fc1a1cd2d37a9100a80a496108f693ecebc59e14-dirty,1,editor,80,24,203,22008,123791,80,24,775,24,123854,126019,1,136,22358
fc1a1cd2d37a9100a80a496108f693ecebc59e14-dirty,1,editor,80,24,204,22149,114263,80,24,813,24,114326,132193,1,102,16820
fc1a1cd2d37a9100a80a496108f693ecebc59e14-dirty,1,editor,80,24,205,22204,107597,80,24,809,24,107660,131554,1,111,18291
fc1a1cd2d37a9100a80a496108f693ecebc59e14-dirty,1,editor,80,24,206,22346,107597,80,24,793,24,107660,128970,1,125,20572
fc1a1cd2d37a9100a80a496108f693ecebc59e14-dirty,1,editor,80,24,207,22406,119351,80,24,732,24,119414,119064,1,125,20572
fc1a1cd2d37a9100a80a496108f693ecebc59e14-dirty,1,editor,80,24,208,22507,117284,80,24,724,24,117347,117786,1,105,17312
fc1a1cd2d37a9100a80a496108f693ecebc59e14-dirty,1,editor,80,24,209,22607,120783,80,24,710,24,120846,115533,1,106,17477
fc1a1cd2d37a9100a80a496108f693ecebc59e14-dirty,1,editor,80,24,210,22708,124440,80,24,733,24,124503,119264,1,105,17312
fc1a1cd2d37a9100a80a496108f693ecebc59e14-dirty,1,editor,80,24,211,22809,115866,80,24,671,24,115929,109178,1,105,17312
fc1a1cd2d37a9100a80a496108f693ecebc59e14-dirty,1,editor,80,24,212,22905,108246,80,24,624,24,108309,101544,1,109,17964
fc1a1cd2d37a9100a80a496108f693ecebc59e14-dirty,1,editor,80,24,213,23005,109518,80,24,589,24,109581,95877,1,106,17475
fc1a1cd2d37a9100a80a496108f693ecebc59e14-dirty,1,editor,80,24,214,23106,108878,80,24,595,24,108941,96842,1,95,15683
fc1a1cd2d37a9100a80a496108f693ecebc59e14-dirty,1,editor,80,24,215,23207,106014,80,24,587,24,106077,95535,1,88,14541
fc1a1cd2d37a9100a80a496108f693ecebc59e14-dirty,1,editor,80,24,216,23348,101561,80,24,560,24,101624,91112,1,87,14378
fc1a1cd2d37a9100a80a496108f693ecebc59e14-dirty,1,editor,80,24,217,23449,101560,80,24,533,24,101623,86694,1,86,14216
fc1a1cd2d37a9100a80a496108f693ecebc59e14-dirty,1,editor,80,24,218,23550,111249,80,24,581,24,111312,94495,1,145,23825
fc1a1cd2d37a9100a80a496108f693ecebc59e14-dirty,1,editor,80,24,219,23605,116814,80,24,627,24,116877,101965,1,121,19917
fc1a1cd2d37a9100a80a496108f693ecebc59e14-dirty,1,editor,80,24,220,23705,113955,80,24,682,24,114018,110953,2,231,37843
fc1a1cd2d37a9100a80a496108f693ecebc59e14-dirty,1,editor,80,24,221,23806,115068,80,24,668,24,115131,108713,1,93,15353
fc1a1cd2d37a9100a80a496108f693ecebc59e14-dirty,1,editor,80,24,222,23907,114114,80,24,664,24,114177,108059,1,102,16823
fc1a1cd2d37a9100a80a496108f693ecebc59e14-dirty,1,editor,80,24,223,24008,110933,80,24,652,24,110996,106132,1,88,14541
fc1a1cd2d37a9100a80a496108f693ecebc59e14-dirty,1,editor,80,24,224,24149,111092,80,24,636,24,111155,103527,1,87,14378
fc1a1cd2d37a9100a80a496108f693ecebc59e14-dirty,1,editor,80,24,225,24246,99178,80,24,591,24,99241,96228,1,86,14216
fc1a1cd2d37a9100a80a496108f693ecebc59e14-dirty,1,editor,80,24,226,24347,108231,80,24,585,24,108294,95275,1,129,21217
fc1a1cd2d37a9100a80a496108f693ecebc59e14-dirty,1,editor,80,24,227,24447,108231,80,24,590,24,108294,96108,1,116,19102
fc1a1cd2d37a9100a80a496108f693ecebc59e14-dirty,1,editor,80,24,228,24547,98703,80,24,582,24,98766,94835,1,103,16986
fc1a1cd2d37a9100a80a496108f693ecebc59e14-dirty,1,editor,80,24,229,24607,89811,80,24,586,24,89874,95490,1,107,17638
fc1a1cd2d37a9100a80a496108f693ecebc59e14-dirty,1,editor,80,24,230,24708,89811,80,24,568,24,89874,92522,1,109,17964
fc1a1cd2d37a9100a80a496108f693ecebc59e14-dirty,1,editor,80,24,231,24808,89174,80,24,551,24,89237,89708,1,105,17312
fc1a1cd2d37a9100a80a496108f693ecebc59e14-dirty,1,editor,80,24,232,24909,87900,80,24,8,1,529,1500,0,8,1500
fc1a1cd2d37a9100a80a496108f693ecebc59e14-dirty,1,editor,80,24,233,25004,88059,80,24,1,1,688,359,0,1,359
fc1a1cd2d37a9100a80a496108f693ecebc59e14-dirty,1,editor,80,24,234,25105,88218,80,24,1,1,847,359,0,1,359
fc1a1cd2d37a9100a80a496108f693ecebc59e14-dirty,1,editor,80,24,235,25248,102982,80,24,684,24,103045,111215,0,684,111215
fc1a1cd2d37a9100a80a496108f693ecebc59e14-dirty,2,editor,80,24,1,44,103300,80,24,1,1,848,360,0,1,360
fc1a1cd2d37a9100a80a496108f693ecebc59e14-dirty,2,editor,80,24,2,103,103459,80,24,1,1,1007,360,0,1,360
fc1a1cd2d37a9100a80a496108f693ecebc59e14-dirty,2,editor,80,24,3,246,103618,80,24,1,1,1166,360,0,1,360
fc1a1cd2d37a9100a80a496108f693ecebc59e14-dirty,2,editor,80,24,4,345,103618,80,24,0,0,199,199,0,0,199
fc1a1cd2d37a9100a80a496108f693ecebc59e14-dirty,2,editor,80,24,5,447,103936,80,24,1,1,1484,360,0,1,360
fc1a1cd2d37a9100a80a496108f693ecebc59e14-dirty,2,editor,80,24,6,506,104095,80,24,1,1,1643,360,0,1,360
fc1a1cd2d37a9100a80a496108f693ecebc59e14-dirty,2,editor,80,24,7,642,104095,80,24,0,0,199,199,0,0,199
fc1a1cd2d37a9100a80a496108f693ecebc59e14-dirty,2,editor,80,24,8,702,104414,80,24,1,1,1962,361,0,1,361
fc1a1cd2d37a9100a80a496108f693ecebc59e14-dirty,2,editor,80,24,9,844,104573,80,24,1,1,2121,362,0,1,362
fc1a1cd2d37a9100a80a496108f693ecebc59e14-dirty,2,editor,80,24,10,944,104573,80,24,0,0,200,200,0,0,200
fc1a1cd2d37a9100a80a496108f693ecebc59e14-dirty,2,editor,80,24,11,1045,104891,80,24,1,1,2439,362,0,1,362
fc1a1cd2d37a9100a80a496108f693ecebc59e14-dirty,2,editor,80,24,12,1146,105050,80,24,1,1,2598,362,0,1,362
fc1a1cd2d37a9100a80a496108f693ecebc59e14-dirty,2,editor,80,24,13,1205,105209,80,24,1,1,2757,362,0,1,362
fc1a1cd2d37a9100a80a496108f693ecebc59e14-dirty,2,editor,80,24,14,1306,105368,80,24,1,1,2916,362,0,1,362
fc1a1cd2d37a9100a80a496108f693ecebc59e14-dirty,2,editor,80,24,15,1402,105368,80,24,0,0,200,200,0,0,200
fc1a1cd2d37a9100a80a496108f693ecebc59e14-dirty,2,editor,80,24,16,1502,105686,80,24,1,1,3234,362,0,1,362
fc1a1cd2d37a9100a80a496108f693ecebc59e14-dirty,2,editor,80,24,17,1644,105845,80,24,1,1,3393,362,0,1,362
fc1a1cd2d37a9100a80a496108f693ecebc59e14-dirty,2,editor,80,24,18,1703,106004,80,24,1,1,3552,362,0,1,362
fc1a1cd2d37a9100a80a496108f693ecebc59e14-dirty,2,editor,80,24,19,1846,106163,80,24,1,1,3711,362,0,1,362
fc1a1cd2d37a9100a80a496108f693ecebc59e14-dirty,2,editor,80,24,20,1946,106322,80,24,1,1,3870,362,0,1,362
fc1a1cd2d37a9100a80a496108f693ecebc59e14-dirty,2,editor,80,24,21,2005,106481,80,24,1,1,4029,362,0,1,362
fc1a1cd2d37a9100a80a496108f693ecebc59e14-dirty,2,editor,80,24,22,2148,106640,80,24,1,1,4188,362,0,1,362
fc1a1cd2d37a9100a80a496108f693ecebc59e14-dirty,2,editor,80,24,23,2243,106799,80,24,1,1,4347,362,0,1,362
fc1a1cd2d37a9100a80a496108f693ecebc59e14-dirty,2,editor,80,24,24,2344,106958,80,24,1,1,4506,362,0,1,362
fc1a1cd2d37a9100a80a496108f693ecebc59e14-dirty,2,editor,80,24,25,2403,107117,80,24,1,1,4665,362,0,1,362
fc1a1cd2d37a9100a80a496108f693ecebc59e14-dirty,2,editor,80,24,26,2502,4298,80,24,445,24,4361,72369,0,445,72369
fc1a1cd2d37a9100a80a496108f693ecebc59e14-dirty,2,editor,80,24,27,2516,189072,80,24,1038,23,188962,169245,0,1038,169245
fc1a1cd2d37a9100a80a496108f693ecebc59e14-dirty,2,editor,80,24,28,2518,189072,80,24,0,0,197,197,0,0,197
fc1a1cd2d37a9100a80a496108f693ecebc59e14-dirty,2,editor,80,24,29,4603,189072,80,24,1,1,5778,359,0,1,359
fc1a1cd2d37a9100a80a496108f693ecebc59e14-dirty,2,editor,80,24,30,4704,189389,80,24,4,1,6095,848,0,4,848
fc1a1cd2d37a9100a80a496108f693ecebc59e14-dirty,2,editor,80,24,31,4846,189072,80,24,4,1,5778,848,0,4,848
fc1a1cd2d37a9100a80a496108f693ecebc59e14-dirty,2,editor,80,24,32,4947,189072,80,24,1,1,5778,359,0,1,359
fc1a1cd2d37a9100a80a496108f693ecebc59e14-dirty,2,editor,80,24,33,5008,189072,80,24,1,1,5778,359,0,1,359
fc1a1cd2d37a9100a80a496108f693ecebc59e14-dirty,2,editor,80,24,34,5145,189072,80,24,1,1,5778,359,0,1,359
fc1a1cd2d37a9100a80a496108f693ecebc59e14-dirty,2,editor,80,24,35,5246,189072,80,24,1,1,5778,359,0,1,359
fc1a1cd2d37a9100a80a496108f693ecebc59e14-dirty,2,editor,80,24,36,5306,189072,80,24,1,1,5778,359,0,1,359
fc1a1cd2d37a9100a80a496108f693ecebc59e14-dirty,2,editor,80,24,37,5407,189232,80,24,4,1,5938,849,0,4,849
fc1a1cd2d37a9100a80a496108f693ecebc59e14-dirty,2,editor,80,24,38,5508,189073,80,24,1,1,5779,360,0,1,360
fc1a1cd2d37a9100a80a496108f693ecebc59e14-dirty,2,editor,80,24,39,5645,189232,80,24,1,1,5938,360,0,1,360
fc1a1cd2d37a9100a80a496108f693ecebc59e14-dirty,2,editor,80,24,40,5747,189232,80,24,1,1,5938,360,0,1,360
fc1a1cd2d37a9100a80a496108f693ecebc59e14-dirty,2,editor,80,24,41,5806,189232,80,24,1,1,5938,360,0,1,360
fc1a1cd2d37a9100a80a496108f693ecebc59e14-dirty,2,editor,80,24,42,5948,189232,80,24,1,1,5938,360,0,1,360
fc1a1cd2d37a9100a80a496108f693ecebc59e14-dirty,2,editor,80,24,43,6004,189232,80,24,1,1,5938,360,0,1,360
fc1a1cd2d37a9100a80a496108f693ecebc59e14-dirty,2,editor,80,24,44,6105,193183,80,24,1515,24,193246,246440,1,192,31474
fc1a1cd2d37a9100a80a496108f693ecebc59e14-dirty,2,editor,80,24,45,6248,205096,80,24,1021,23,203077,165976,2,216,35394
fc1a1cd2d37a9100a80a496108f693ecebc59e14-dirty,2,editor,80,24,46,6307,205096,80,24,1,1,1643,360,0,1,360
fc1a1cd2d37a9100a80a496108f693ecebc59e14-dirty,2,editor,80,24,47,6449,217327,80,24,1452,24,217390,236154,1,130,21386
fc1a1cd2d37a9100a80a496108f693ecebc59e14-dirty,2,editor,80,24,48,6505,217327,80,24,1397,24,217390,227183,1,130,21386
fc1a1cd2d37a9100a80a496108f693ecebc59e14-dirty,2,editor,80,24,49,6606,224788,80,24,1370,24,224851,222778,1,132,21712
fc1a1cd2d37a9100a80a496108f693ecebc59e14-dirty,2,editor,80,24,50,6749,224947,80,24,1353,24,225010,220006,1,144,23668
fc1a1cd2d37a9100a80a496108f693ecebc59e14-dirty,2,editor,80,24,51,6808,213193,80,24,1356,24,213256,220476,1,88,14540
fc1a1cd2d37a9100a80a496108f693ecebc59e14-dirty,2,editor,80,24,52,6904,206686,80,24,1342,24,206749,218161,1,121,19915
fc1a1cd2d37a9100a80a496108f693ecebc59e14-dirty,2,editor,80,24,53,7005,194614,80,24,1334,24,194677,216818,1,87,14378
fc1a1cd2d37a9100a80a496108f693ecebc59e14-dirty,2,editor,80,24,54,7148,182700,80,24,1293,24,182763,210103,1,86,14216
fc1a1cd2d37a9100a80a496108f693ecebc59e14-dirty,2,editor,80,24,55,7248,182383,80,24,1312,24,182446,213160,1,146,23987
fc1a1cd2d37a9100a80a496108f693ecebc59e14-dirty,2,editor,80,24,56,7304,183178,80,24,901,23,181160,146667,2,219,35880
fc1a1cd2d37a9100a80a496108f693ecebc59e14-dirty,2,editor,80,24,57,7405,183178,80,24,2,1,1643,523,0,2,523
fc1a1cd2d37a9100a80a496108f693ecebc59e14-dirty,2,editor,80,24,58,7546,174291,80,24,901,23,172273,146636,2,180,29531
fc1a1cd2d37a9100a80a496108f693ecebc59e14-dirty,2,editor,80,24,59,7605,90581,80,24,1050,24,90644,170639,1,942,153146
fc1a1cd2d37a9100a80a496108f693ecebc59e14-dirty,2,editor,80,24,60,7706,90899,80,24,4,1,2437,849,0,4,849
fc1a1cd2d37a9100a80a496108f693ecebc59e14-dirty,2,editor,80,24,61,7806,90581,80,24,4,1,2119,849,0,4,849
fc1a1cd2d37a9100a80a496108f693ecebc59e14-dirty,2,editor,80,24,62,7902,90899,80,24,4,1,2437,849,0,4,849
fc1a1cd2d37a9100a80a496108f693ecebc59e14-dirty,2,editor,80,24,63,8003,90581,80,24,4,1,2119,849,0,4,849
fc1a1cd2d37a9100a80a496108f693ecebc59e14-dirty,2,editor,80,24,64,8103,90581,80,24,1,1,2119,360,0,1,360
fc1a1cd2d37a9100a80a496108f693ecebc59e14-dirty,2,editor,80,24,65,8204,90899,80,24,4,1,2437,849,0,4,849
fc1a1cd2d37a9100a80a496108f693ecebc59e14-dirty,2,editor,80,24,66,8304,90422,80,24,5,1,1960,1012,0,5,1012
fc1a1cd2d37a9100a80a496108f693ecebc59e14-dirty,2,editor,80,24,67,8446,90422,80,24,1,1,1960,360,0,1,360
fc1a1cd2d37a9100a80a496108f693ecebc59e14-dirty,2,editor,80,24,68,8505,90422,80,24,1,1,1960,360,0,1,360
fc1a1cd2d37a9100a80a496108f693ecebc59e14-dirty,2,editor,80,24,69,8606,90263,80,24,1,1,1801,360,0,1,360
fc1a1cd2d37a9100a80a496108f693ecebc59e14-dirty,2,editor,80,24,70,8707,90581,80,24,1,1,2119,360,0,1,360
fc1a1cd2d37a9100a80a496108f693ecebc59e14-dirty,2,editor,80,24,71,8804,184936,80,24,1178,24,184999,191909,1,1127,183720
fc1a1cd2d37a9100a80a496108f693ecebc59e14-dirty,2,editor,80,24,72,8946,185254,80,24,1,1,1960,359,0,1,359
fc1a1cd2d37a9100a80a496108f693ecebc59e14-dirty,2,editor,80,24,73,9048,185413,80,24,1,1,2119,359,0,1,359
fc1a1cd2d37a9100a80a496108f693ecebc59e14-dirty,2,editor,80,24,74,9149,217327,80,24,1504,24,217390,244602,5,502,81964
fc1a1cd2d37a9100a80a496108f693ecebc59e14-dirty,2,editor,80,24,75,9250,214137,80,24,1391,24,214200,226177,1,86,14204
fc1a1cd2d37a9100a80a496108f693ecebc59e14-dirty,2,editor,80,24,76,9305,214296,80,24,2,2,3397,522,0,2,522
fc1a1cd2d37a9100a80a496108f693ecebc59e14-dirty,2,editor,80,24,77,9447,214296,80,24,1,1,3064,360,0,1,360
fc1a1cd2d37a9100a80a496108f693ecebc59e14-dirty,2,editor,80,24,78,9507,214614,80,24,2,2,3715,522,0,2,522
fc1a1cd2d37a9100a80a496108f693ecebc59e14-dirty,2,editor,80,24,79,9650,214773,80,24,2,2,3874,522,0,2,522
fc1a1cd2d37a9100a80a496108f693ecebc59e14-dirty,2,editor,80,24,80,9704,214932,80,24,2,2,4033,522,0,2,522
fc1a1cd2d37a9100a80a496108f693ecebc59e14-dirty,2,editor,80,24,81,9846,214932,80,24,1,1,3064,360,0,1,360
fc1a1cd2d37a9100a80a496108f693ecebc59e14-dirty,2,editor,80,24,82,9907,215250,80,24,2,2,4351,522,0,2,522
fc1a1cd2d37a9100a80a496108f693ecebc59e14-dirty,2,editor,80,24,83,10008,215409,80,24,2,2,4510,522,0,2,522
fc1a1cd2d37a9100a80a496108f693ecebc59e14-dirty,2,editor,80,24,84,10104,215727,80,24,3,2,4828,685,0,3,685
fc1a1cd2d37a9100a80a496108f693ecebc59e14-dirty,2,editor,80,24,85,10205,215728,80,24,2,2,4829,523,0,2,523
fc1a1cd2d37a9100a80a496108f693ecebc59e14-dirty,2,editor,80,24,86,10347,215887,80,24,1,1,3224,361,0,1,361
fc1a1cd2d37a9100a80a496108f693ecebc59e14-dirty,2,editor,80,24,87,10449,216205,80,24,2,2,5306,524,0,2,524
fc1a1cd2d37a9100a80a496108f693ecebc59e14-dirty,2,editor,80,24,88,10549,216364,80,24,2,2,5465,524,0,2,524
fc1a1cd2d37a9100a80a496108f693ecebc59e14-dirty,2,editor,80,24,89,10645,216523,80,24,2,2,5624,524,0,2,524
fc1a1cd2d37a9100a80a496108f693ecebc59e14-dirty,2,editor,80,24,90,10746,216682,80,24,2,2,5783,524,0,2,524
fc1a1cd2d37a9100a80a496108f693ecebc59e14-dirty,2,editor,80,24,91,10807,216841,80,24,2,2,5942,524,0,2,524
fc1a1cd2d37a9100a80a496108f693ecebc59e14-dirty,2,editor,80,24,92,10950,216841,80,24,1,1,3224,361,0,1,361
fc1a1cd2d37a9100a80a496108f693ecebc59e14-dirty,2,editor,80,24,93,11004,217159,80,24,2,2,6260,524,0,2,524
fc1a1cd2d37a9100a80a496108f693ecebc59e14-dirty,2,editor,80,24,94,11106,217318,80,24,3,2,6419,687,0,3,687
fc1a1cd2d37a9100a80a496108f693ecebc59e14-dirty,2,editor,80,24,95,11207,217477,80,24,2,2,6578,524,0,2,524
fc1a1cd2d37a9100a80a496108f693ecebc59e14-dirty,2,editor,80,24,96,11308,217477,80,24,2,2,6578,524,0,2,524
fc1a1cd2d37a9100a80a496108f693ecebc59e14-dirty,2,editor,80,24,97,11445,217636,80,24,1,1,3224,361,0,1,361
fc1a1cd2d37a9100a80a496108f693ecebc59e14-dirty,2,editor,80,24,98,11506,217954,80,24,2,2,7055,524,0,2,524
fc1a1cd2d37a9100a80a496108f693ecebc59e14-dirty,2,editor,80,24,99,11649,218113,80,24,2,2,7214,524,0,2,524
fc1a1cd2d37a9100a80a496108f693ecebc59e14-dirty,2,editor,80,24,100,11708,218272,80,24,2,2,7373,524,0,2,524
fc1a1cd2d37a9100a80a496108f693ecebc59e14-dirty,2,editor,80,24,101,11804,218272,80,24,1,1,3224,361,0,1,361
fc1a1cd2d37a9100a80a496108f693ecebc59e14-dirty,2,editor,80,24,102,11947,218590,80,24,2,2,7691,524,0,2,524
fc1a1cd2d37a9100a80a496108f693ecebc59e14-dirty,2,editor,80,24,103,12007,218749,80,24,2,2,7850,524,0,2,524
fc1a1cd2d37a9100a80a496108f693ecebc59e14-dirty,2,editor,80,24,104,12108,218908,80,24,3,2,8009,687,0,3,687
fc1a1cd2d37a9100a80a496108f693ecebc59e14-dirty,2,editor,80,24,105,12251,219067,80,24,2,2,8168,524,0,2,524
fc1a1cd2d37a9100a80a496108f693ecebc59e14-dirty,2,editor,80,24,106,12305,219226,80,24,2,2,8327,524,0,2,524
fc1a1cd2d37a9100a80a496108f693ecebc59e14-dirty,2,editor,80,24,107,12406,219226,80,24,2,2,8327,524,0,2,524
fc1a1cd2d37a9100a80a496108f693ecebc59e14-dirty,2,editor,80,24,108,12507,219385,80,24,1,1,3224,361,0,1,361
fc1a1cd2d37a9100a80a496108f693ecebc59e14-dirty,2,editor,80,24,109,12649,219703,80,24,2,2,8804,524,0,2,524
fc1a1cd2d37a9100a80a496108f693ecebc59e14-dirty,2,editor,80,24,110,12705,219862,80,24,2,2,8963,524,0,2,524
fc1a1cd2d37a9100a80a496108f693ecebc59e14-dirty,2,editor,80,24,111,12806,219862,80,24,1,1,3224,361,0,1,361
fc1a1cd2d37a9100a80a496108f693ecebc59e14-dirty,2,editor,80,24,112,12907,220180,80,24,2,2,9281,524,0,2,524
fc1a1cd2d37a9100a80a496108f693ecebc59e14-dirty,2,editor,80,24,113,13008,220339,80,24,2,2,9440,524,0,2,524
fc1a1cd2d37a9100a80a496108f693ecebc59e14-dirty,2,editor,80,24,114,13105,226528,80,24,3,2,15629,687,0,3,687
fc1a1cd2d37a9100a80a496108f693ecebc59e14-dirty,2,editor,80,24,115,13247,226528,80,24,1,1,3224,361,0,1,361
fc1a1cd2d37a9100a80a496108f693ecebc59e14-dirty,2,editor,80,24,116,13307,226528,80,24,2,2,15629,524,0,2,524
fc1a1cd2d37a9100a80a496108f693ecebc59e14-dirty,2,editor,80,24,117,13408,226528,80,24,2,2,15629,524,0,2,524
fc1a1cd2d37a9100a80a496108f693ecebc59e14-dirty,2,editor,80,24,118,13505,226369,80,24,2,2,15470,524,0,2,524
fc1a1cd2d37a9100a80a496108f693ecebc59e14-dirty,2,editor,80,24,119,13646,226528,80,24,2,2,15629,524,0,2,524
fc1a1cd2d37a9100a80a496108f693ecebc59e14-dirty,2,editor,80,24,120,13748,226528,80,24,2,2,15629,524,0,2,524
fc1a1cd2d37a9100a80a496108f693ecebc59e14-dirty,2,editor,80,24,121,13808,226528,80,24,2,2,15629,524,0,2,524
fc1a1cd2d37a9100a80a496108f693ecebc59e14-dirty,2,editor,80,24,122,13934,224153,80,24,21,1,849,3611,0,21,3611
fc1a1cd2d37a9100a80a496108f693ecebc59e14-dirty,2,editor,80,24,123,14005,226528,80,24,21,1,3224,3599,0,21,3599
fc1a1cd2d37a9100a80a496108f693ecebc59e14-dirty,2,editor,80,24,124,14107,226528,80,24,3,2,15629,687,0,3,687
fc1a1cd2d37a9100a80a496108f693ecebc59e14-dirty,2,editor,80,24,125,14249,226528,80,24,3,2,15629,687,0,3,687
fc1a1cd2d37a9100a80a496108f693ecebc59e14-dirty,2,editor,80,24,126,14309,226528,80,24,3,2,15629,687,0,3,687
fc1a1cd2d37a9100a80a496108f693ecebc59e14-dirty,2,editor,80,24,127,14405,226528,80,24,4,2,15629,850,0,4,850
fc1a1cd2d37a9100a80a496108f693ecebc59e14-dirty,2,editor,80,24,128,14506,226528,80,24,3,2,15629,687,0,3,687
fc1a1cd2d37a9100a80a496108f693ecebc59e14-dirty,2,editor,80,24,129,14608,226528,80,24,3,2,15629,687,0,3,687
fc1a1cd2d37a9100a80a496108f693ecebc59e14-dirty,2,editor,80,24,130,14709,226528,80,24,3,2,15629,687,0,3,687
fc1a1cd2d37a9100a80a496108f693ecebc59e14-dirty,2,editor,80,24,131,14805,226528,80,24,3,2,15629,687,0,3,687
fc1a1cd2d37a9100a80a496108f693ecebc59e14-dirty,2,editor,80,24,132,14906,226369,80,24,3,2,15470,687,0,3,687
fc1a1cd2d37a9100a80a496108f693ecebc59e14-dirty,2,editor,80,24,133,15007,226528,80,24,3,2,15629,687,0,3,687
fc1a1cd2d37a9100a80a496108f693ecebc59e14-dirty,2,editor,80,24,134,15109,226528,80,24,3,2,15629,687,0,3,687
fc1a1cd2d37a9100a80a496108f693ecebc59e14-dirty,2,editor,80,24,135,15205,226528,80,24,3,2,15629,687,0,3,687
fc1a1cd2d37a9100a80a496108f693ecebc59e14-dirty,2,editor,80,24,136,15306,226528,80,24,3,2,15629,687,0,3,687
fc1a1cd2d37a9100a80a496108f693ecebc59e14-dirty,2,editor,80,24,137,15407,226528,80,24,4,2,15629,850,0,4,850
fc1a1cd2d37a9100a80a496108f693ecebc59e14-dirty,2,editor,80,24,138,15509,226528,80,24,3,2,15629,687,0,3,687
fc1a1cd2d37a9100a80a496108f693ecebc59e14-dirty,2,editor,80,24,139,15605,226528,80,24,3,2,15629,687,0,3,687
fc1a1cd2d37a9100a80a496108f693ecebc59e14-dirty,2,editor,80,24,140,15706,226528,80,24,3,2,15629,687,0,3,687
fc1a1cd2d37a9100a80a496108f693ecebc59e14-dirty,2,editor,80,24,141,15807,226528,80,24,3,2,15629,687,0,3,687
fc1a1cd2d37a9100a80a496108f693ecebc59e14-dirty,2,editor,80,24,142,15908,226528,80,24,3,2,15629,687,0,3,687
fc1a1cd2d37a9100a80a496108f693ecebc59e14-dirty,2,editor,80,24,143,16010,226369,80,24,3,2,15470,687,0,3,687
fc1a1cd2d37a9100a80a496108f693ecebc59e14-dirty,2,editor,80,24,144,16106,226528,80,24,3,2,15629,687,0,3,687
fc1a1cd2d37a9100a80a496108f693ecebc59e14-dirty,2,editor,80,24,145,16248,226528,80,24,3,2,15629,687,0,3,687
fc1a1cd2d37a9100a80a496108f693ecebc59e14-dirty,2,editor,80,24,146,16349,226528,80,24,3,2,15629,687,0,3,687
fc1a1cd2d37a9100a80a496108f693ecebc59e14-dirty,2,editor,80,24,147,16405,226528,80,24,4,2,15629,850,0,4,850
fc1a1cd2d37a9100a80a496108f693ecebc59e14-dirty,2,editor,80,24,148,16547,226528,80,24,3,2,15629,687,0,3,687
fc1a1cd2d37a9100a80a496108f693ecebc59e14-dirty,2,editor,80,24,149,16608,226528,80,24,3,2,15629,687,0,3,687
fc1a1cd2d37a9100a80a496108f693ecebc59e14-dirty,2,editor,80,24,150,16709,226528,80,24,3,2,15629,687,0,3,687
fc1a1cd2d37a9100a80a496108f693ecebc59e14-dirty,2,editor,80,24,151,16830,224153,80,24,21,1,849,3611,0,21,3611
fc1a1cd2d37a9100a80a496108f693ecebc59e14-dirty,2,editor,80,24,152,16948,235906,80,24,60,2,25007,9970,0,60,9970
fc1a1cd2d37a9100a80a496108f693ecebc59e14-dirty,2,editor,80,24,153,17048,235905,80,24,86,2,25006,14200,0,86,14200
fc1a1cd2d37a9100a80a496108f693ecebc59e14-dirty,2,editor,80,24,154,17149,235905,80,24,1,1,12601,360,0,1,360
fc1a1cd2d37a9100a80a496108f693ecebc59e14-dirty,2,editor,80,24,155,17205,235906,80,24,1,1,12602,361,0,1,361
fc1a1cd2d37a9100a80a496108f693ecebc59e14-dirty,2,editor,80,24,156,17211,224947,80,24,1383,24,225010,224888,1,150,24640
fc1a1cd2d37a9100a80a496108f693ecebc59e14-dirty,2,editor,80,24,157,17307,213193,80,24,1356,24,213256,220476,1,88,14540
fc1a1cd2d37a9100a80a496108f693ecebc59e14-dirty,2,editor,80,24,158,17450,206686,80,24,1342,24,206749,218161,1,121,19915
fc1a1cd2d37a9100a80a496108f693ecebc59e14-dirty,2,editor,80,24,159,17546,194614,80,24,1334,24,194677,216818,1,87,14378
fc1a1cd2d37a9100a80a496108f693ecebc59e14-dirty,2,editor,80,24,160,17606,182700,80,24,1293,24,182763,210103,1,86,14216
fc1a1cd2d37a9100a80a496108f693ecebc59e14-dirty,2,editor,80,24,161,17707,182383,80,24,1312,24,182446,213160,1,146,23987
fc1a1cd2d37a9100a80a496108f693ecebc59e14-dirty,2,editor,80,24,162,17850,183178,80,24,901,23,181160,146667,2,219,35880
fc1a1cd2d37a9100a80a496108f693ecebc59e14-dirty,2,editor,80,24,163,17909,183178,80,24,2,1,1643,523,0,2,523
fc1a1cd2d37a9100a80a496108f693ecebc59e14-dirty,2,editor,80,24,164,18005,174291,80,24,901,23,172273,146636,2,180,29531
fc1a1cd2d37a9100a80a496108f693ecebc59e14-dirty,2,editor,80,24,165,18106,174291,80,24,1,1,1643,360,0,1,360
fc1a1cd2d37a9100a80a496108f693ecebc59e14-dirty,2,editor,80,24,166,18207,164923,80,24,870,23,162905,141613,2,195,31973
fc1a1cd2d37a9100a80a496108f693ecebc59e14-dirty,2,editor,80,24,167,18349,165082,80,24,1,1,1643,360,0,1,360
fc1a1cd2d37a9100a80a496108f693ecebc59e14-dirty,2,editor,80,24,168,18410,165401,80,24,1,1,1962,361,0,1,361
fc1a1cd2d37a9100a80a496108f693ecebc59e14-dirty,2,editor,80,24,169,18411,153646,80,24,830,23,151628,135080,2,181,29689
fc1a1cd2d37a9100a80a496108f693ecebc59e14-dirty,2,editor,80,24,170,18506,153646,80,24,1,1,1643,360,0,1,360
fc1a1cd2d37a9100a80a496108f693ecebc59e14-dirty,2,editor,80,24,171,18647,155077,80,24,891,24,155140,144906,2,185,30338
fc1a1cd2d37a9100a80a496108f693ecebc59e14-dirty,2,editor,80,24,172,18748,155077,80,24,1,1,1643,360,0,1,360
fc1a1cd2d37a9100a80a496108f693ecebc59e14-dirty,2,editor,80,24,173,18849,144754,80,24,877,24,144817,142662,2,167,27408
fc1a1cd2d37a9100a80a496108f693ecebc59e14-dirty,2,editor,80,24,174,18945,144754,80,24,2,1,1643,523,0,2,523
fc1a1cd2d37a9100a80a496108f693ecebc59e14-dirty,2,editor,80,24,175,19045,132841,80,24,754,24,132904,122686,1,87,14378
fc1a1cd2d37a9100a80a496108f693ecebc59e14-dirty,2,editor,80,24,176,19147,133159,80,24,1,1,1961,360,0,1,360
fc1a1cd2d37a9100a80a496108f693ecebc59e14-dirty,2,editor,80,24,177,19248,136657,80,24,22,2,5951,3778,0,22,3778
fc1a1cd2d37a9100a80a496108f693ecebc59e14-dirty,2,editor,80,24,178,19348,136975,80,24,1,1,1961,360,0,1,360
fc1a1cd2d37a9100a80a496108f693ecebc59e14-dirty,2,editor,80,24,179,19446,144754,80,24,53,2,14048,8830,0,53,8830
fc1a1cd2d37a9100a80a496108f693ecebc59e14-dirty,2,editor,80,24,180,19547,145072,80,24,1,1,1961,360,0,1,360
fc1a1cd2d37a9100a80a496108f693ecebc59e14-dirty,2,editor,80,24,181,19647,132682,80,24,57,2,1976,9481,0,57,9481
fc1a1cd2d37a9100a80a496108f693ecebc59e14-dirty,2,editor,80,24,182,19748,134262,80,24,13,1,3223,2294,0,13,2294
fc1a1cd2d37a9100a80a496108f693ecebc59e14-dirty,2,editor,80,24,183,19851,134421,80,24,2,2,3715,522,0,2,522
fc1a1cd2d37a9100a80a496108f693ecebc59e14-dirty,2,editor,80,24,184,19905,134580,80,24,2,2,3874,522,0,2,522
fc1a1cd2d37a9100a80a496108f693ecebc59e14-dirty,2,editor,80,24,185,20047,134739,80,24,2,2,4033,522,0,2,522
fc1a1cd2d37a9100a80a496108f693ecebc59e14-dirty,2,editor,80,24,186,20147,134739,80,24,1,1,3223,360,0,1,360
fc1a1cd2d37a9100a80a496108f693ecebc59e14-dirty,2,editor,80,24,187,20207,135057,80,24,2,2,4351,522,0,2,522
fc1a1cd2d37a9100a80a496108f693ecebc59e14-dirty,2,editor,80,24,188,20308,135216,80,24,2,2,4510,522,0,2,522
fc1a1cd2d37a9100a80a496108f693ecebc59e14-dirty,2,editor,80,24,189,20445,135375,80,24,2,2,4669,522,0,2,522
fc1a1cd2d37a9100a80a496108f693ecebc59e14-dirty,2,editor,80,24,190,20546,135534,80,24,2,1,3382,523,0,2,523
fc1a1cd2d37a9100a80a496108f693ecebc59e14-dirty,2,editor,80,24,191,20646,135694,80,24,2,2,4988,523,0,2,523
fc1a1cd2d37a9100a80a496108f693ecebc59e14-dirty,2,editor,80,24,192,20747,136012,80,24,2,2,5306,524,0,2,524
fc1a1cd2d37a9100a80a496108f693ecebc59e14-dirty,2,editor,80,24,193,20849,136012,80,24,1,1,3383,361,0,1,361
fc1a1cd2d37a9100a80a496108f693ecebc59e14-dirty,2,editor,80,24,194,20908,136330,80,24,2,2,5624,524,0,2,524
fc1a1cd2d37a9100a80a496108f693ecebc59e14-dirty,2,editor,80,24,195,21045,136489,80,24,2,2,5783,524,0,2,524
fc1a1cd2d37a9100a80a496108f693ecebc59e14-dirty,2,editor,80,24,196,21145,136648,80,24,2,2,5942,524,0,2,524
fc1a1cd2d37a9100a80a496108f693ecebc59e14-dirty,2,editor,80,24,197,21206,136807,80,24,2,2,6101,524,0,2,524
fc1a1cd2d37a9100a80a496108f693ecebc59e14-dirty,2,editor,80,24,198,21307,136807,80,24,1,1,3383,361,0,1,361
fc1a1cd2d37a9100a80a496108f693ecebc59e14-dirty,2,editor,80,24,199,21408,137125,80,24,2,2,6419,524,0,2,524
fc1a1cd2d37a9100a80a496108f693ecebc59e14-dirty,2,editor,80,24,200,21509,137284,80,24,3,2,6578,687,0,3,687
fc1a1cd2d37a9100a80a496108f693ecebc59e14-dirty,2,editor,80,24,201,21646,137443,80,24,2,2,6737,524,0,2,524
fc1a1cd2d37a9100a80a496108f693ecebc59e14-dirty,2,editor,80,24,202,21706,137443,80,24,2,2,6737,524,0,2,524
fc1a1cd2d37a9100a80a496108f693ecebc59e14-dirty,2,editor,80,24,203,21832,135068,80,24,21,1,849,3611,0,21,3611
fc1a1cd2d37a9100a80a496108f693ecebc59e14-dirty,2,editor,80,24,204,21907,123948,80,24,739,24,124011,120208,1,82,13564
fc1a1cd2d37a9100a80a496108f693ecebc59e14-dirty,2,editor,80,24,205,22008,123791,80,24,775,24,123854,126019,1,136,22358
fc1a1cd2d37a9100a80a496108f693ecebc59e14-dirty,2,editor,80,24,206,22144,114263,80,24,813,24,114326,132193,1,102,16820
fc1a1cd2d37a9100a80a496108f693ecebc59e14-dirty,2,editor,80,24,207,22205,107597,80,24,809,24,107660,131554,1,111,18291
fc1a1cd2d37a9100a80a496108f693ecebc59e14-dirty,2,editor,80,24,208,22347,107597,80,24,793,24,107660,128970,1,125,20572
fc1a1cd2d37a9100a80a496108f693ecebc59e14-dirty,2,editor,80,24,209,22407,119351,80,24,732,24,119414,119064,1,125,20572
fc1a1cd2d37a9100a80a496108f693ecebc59e14-dirty,2,editor,80,24,210,22507,117284,80,24,724,24,117347,117786,1,105,17312
fc1a1cd2d37a9100a80a496108f693ecebc59e14-dirty,2,editor,80,24,211,22649,120783,80,24,710,24,120846,115533,1,106,17477
fc1a1cd2d37a9100a80a496108f693ecebc59e14-dirty,2,editor,80,24,212,22709,121102,80,24,1,1,2122,362,0,1,362
fc1a1cd2d37a9100a80a496108f693ecebc59e14-dirty,2,editor,80,24,213,22710,124440,80,24,734,24,124503,119427,1,106,17475
fc1a1cd2d37a9100a80a496108f693ecebc59e14-dirty,2,editor,80,24,214,22806,115866,80,24,671,24,115929,109178,1,105,17312
fc1a1cd2d37a9100a80a496108f693ecebc59e14-dirty,2,editor,80,24,215,22906,108246,80,24,624,24,108309,101544,1,109,17964
fc1a1cd2d37a9100a80a496108f693ecebc59e14-dirty,2,editor,80,24,216,23048,109518,80,24,589,24,109581,95877,1,106,17475
fc1a1cd2d37a9100a80a496108f693ecebc59e14-dirty,2,editor,80,24,217,23107,108878,80,24,595,24,108941,96842,1,95,15683
fc1a1cd2d37a9100a80a496108f693ecebc59e14-dirty,2,editor,80,24,218,23208,106014,80,24,587,24,106077,95535,1,88,14541
fc1a1cd2d37a9100a80a496108f693ecebc59e14-dirty,2,editor,80,24,219,23308,101561,80,24,560,24,101624,91112,1,87,14378
fc1a1cd2d37a9100a80a496108f693ecebc59e14-dirty,2,editor,80,24,220,23404,101560,80,24,533,24,101623,86694,1,86,14216
fc1a1cd2d37a9100a80a496108f693ecebc59e14-dirty,2,editor,80,24,221,23546,111249,80,24,581,24,111312,94495,1,145,23825
fc1a1cd2d37a9100a80a496108f693ecebc59e14-dirty,2,editor,80,24,222,23647,116814,80,24,627,24,116877,101965,1,121,19917
fc1a1cd2d37a9100a80a496108f693ecebc59e14-dirty,2,editor,80,24,223,23707,113955,80,24,682,24,114018,110953,2,231,37843
fc1a1cd2d37a9100a80a496108f693ecebc59e14-dirty,2,editor,80,24,224,23807,115068,80,24,668,24,115131,108713,1,93,15353
fc1a1cd2d37a9100a80a496108f693ecebc59e14-dirty,2,editor,80,24,225,23908,114114,80,24,664,24,114177,108059,1,102,16823
fc1a1cd2d37a9100a80a496108f693ecebc59e14-dirty,2,editor,80,24,226,24049,110933,80,24,652,24,110996,106132,1,88,14541
fc1a1cd2d37a9100a80a496108f693ecebc59e14-dirty,2,editor,80,24,227,24146,111092,80,24,636,24,111155,103527,1,87,14378
fc1a1cd2d37a9100a80a496108f693ecebc59e14-dirty,2,editor,80,24,228,24247,99178,80,24,591,24,99241,96228,1,86,14216
fc1a1cd2d37a9100a80a496108f693ecebc59e14-dirty,2,editor,80,24,229,24306,108231,80,24,585,24,108294,95275,1,129,21217
fc1a1cd2d37a9100a80a496108f693ecebc59e14-dirty,2,editor,80,24,230,24447,108231,80,24,590,24,108294,96108,1,116,19102
fc1a1cd2d37a9100a80a496108f693ecebc59e14-dirty,2,editor,80,24,231,24548,98703,80,24,582,24,98766,94835,1,103,16986
fc1a1cd2d37a9100a80a496108f693ecebc59e14-dirty,2,editor,80,24,232,24608,89811,80,24,586,24,89874,95490,1,107,17638
fc1a1cd2d37a9100a80a496108f693ecebc59e14-dirty,2,editor,80,24,233,24708,89811,80,24,568,24,89874,92522,1,109,17964
fc1a1cd2d37a9100a80a496108f693ecebc59e14-dirty,2,editor,80,24,234,24804,89174,80,24,551,24,89237,89708,1,105,17312
fc1a1cd2d37a9100a80a496108f693ecebc59e14-dirty,2,editor,80,24,235,24946,87900,80,24,8,1,529,1500,0,8,1500
fc1a1cd2d37a9100a80a496108f693ecebc59e14-dirty,2,editor,80,24,236,25005,88059,80,24,1,1,688,359,0,1,359
fc1a1cd2d37a9100a80a496108f693ecebc59e14-dirty,2,editor,80,24,237,25106,88218,80,24,1,1,847,359,0,1,359
fc1a1cd2d37a9100a80a496108f693ecebc59e14-dirty,2,editor,80,24,238,25207,105367,80,24,694,24,105430,112833,0,694,112833
fc1a1cd2d37a9100a80a496108f693ecebc59e14-dirty,3,editor,80,24,1,46,105685,80,24,1,1,848,360,0,1,360
fc1a1cd2d37a9100a80a496108f693ecebc59e14-dirty,3,editor,80,24,2,105,105844,80,24,1,1,1007,360,0,1,360
fc1a1cd2d37a9100a80a496108f693ecebc59e14-dirty,3,editor,80,24,3,206,106003,80,24,1,1,1166,360,0,1,360
fc1a1cd2d37a9100a80a496108f693ecebc59e14-dirty,3,editor,80,24,4,347,106003,80,24,0,0,199,199,0,0,199
fc1a1cd2d37a9100a80a496108f693ecebc59e14-dirty,3,editor,80,24,5,443,106321,80,24,1,1,1484,360,0,1,360
fc1a1cd2d37a9100a80a496108f693ecebc59e14-dirty,3,editor,80,24,6,543,106480,80,24,1,1,1643,360,0,1,360
fc1a1cd2d37a9100a80a496108f693ecebc59e14-dirty,3,editor,80,24,7,603,106480,80,24,0,0,199,199,0,0,199
fc1a1cd2d37a9100a80a496108f693ecebc59e14-dirty,3,editor,80,24,8,704,106799,80,24,1,1,1962,361,0,1,361
fc1a1cd2d37a9100a80a496108f693ecebc59e14-dirty,3,editor,80,24,9,804,106958,80,24,1,1,2121,362,0,1,362
fc1a1cd2d37a9100a80a496108f693ecebc59e14-dirty,3,editor,80,24,10,905,106958,80,24,0,0,200,200,0,0,200
fc1a1cd2d37a9100a80a496108f693ecebc59e14-dirty,3,editor,80,24,11,1006,107276,80,24,1,1,2439,362,0,1,362
fc1a1cd2d37a9100a80a496108f693ecebc59e14-dirty,3,editor,80,24,12,1147,107435,80,24,1,1,2598,362,0,1,362
fc1a1cd2d37a9100a80a496108f693ecebc59e14-dirty,3,editor,80,24,13,1248,107594,80,24,1,1,2757,362,0,1,362
fc1a1cd2d37a9100a80a496108f693ecebc59e14-dirty,3,editor,80,24,14,1302,107753,80,24,1,1,2916,362,0,1,362
fc1a1cd2d37a9100a80a496108f693ecebc59e14-dirty,3,editor,80,24,15,1444,107753,80,24,0,0,200,200,0,0,200
fc1a1cd2d37a9100a80a496108f693ecebc59e14-dirty,3,editor,80,24,16,1545,108071,80,24,1,1,3234,362,0,1,362
fc1a1cd2d37a9100a80a496108f693ecebc59e14-dirty,3,editor,80,24,17,1608,108230,80,24,1,1,3393,362,0,1,362
fc1a1cd2d37a9100a80a496108f693ecebc59e14-dirty,3,editor,80,24,18,1748,108389,80,24,1,1,3552,362,0,1,362
fc1a1cd2d37a9100a80a496108f693ecebc59e14-dirty,3,editor,80,24,19,1849,108548,80,24,1,1,3711,362,0,1,362
fc1a1cd2d37a9100a80a496108f693ecebc59e14-dirty,3,editor,80,24,20,1903,108707,80,24,1,1,3870,362,0,1,362
fc1a1cd2d37a9100a80a496108f693ecebc59e14-dirty,3,editor,80,24,21,2003,108866,80,24,1,1,4029,362,0,1,362
fc1a1cd2d37a9100a80a496108f693ecebc59e14-dirty,3,editor,80,24,22,2145,109025,80,24,1,1,4188,362,0,1,362
fc1a1cd2d37a9100a80a496108f693ecebc59e14-dirty,3,editor,80,24,23,2205,109184,80,24,1,1,4347,362,0,1,362
fc1a1cd2d37a9100a80a496108f693ecebc59e14-dirty,3,editor,80,24,24,2346,109343,80,24,1,1,4506,362,0,1,362
fc1a1cd2d37a9100a80a496108f693ecebc59e14-dirty,3,editor,80,24,25,2447,109502,80,24,1,1,4665,362,0,1,362
fc1a1cd2d37a9100a80a496108f693ecebc59e14-dirty,3,editor,80,24,26,2514,189072,80,24,1213,24,189135,197617,0,1213,197617
fc1a1cd2d37a9100a80a496108f693ecebc59e14-dirty,3,editor,80,24,27,2516,189072,80,24,0,0,197,197,0,0,197
fc1a1cd2d37a9100a80a496108f693ecebc59e14-dirty,3,editor,80,24,28,4607,189072,80,24,1,1,5778,359,0,1,359
fc1a1cd2d37a9100a80a496108f693ecebc59e14-dirty,3,editor,80,24,29,4749,189389,80,24,4,1,6095,848,0,4,848
fc1a1cd2d37a9100a80a496108f693ecebc59e14-dirty,3,editor,80,24,30,4804,189708,80,24,1,1,6414,360,0,1,360
fc1a1cd2d37a9100a80a496108f693ecebc59e14-dirty,3,editor,80,24,31,4850,189072,80,24,5,1,5778,1011,0,5,1011
fc1a1cd2d37a9100a80a496108f693ecebc59e14-dirty,3,editor,80,24,32,4905,189072,80,24,1,1,5778,359,0,1,359
fc1a1cd2d37a9100a80a496108f693ecebc59e14-dirty,3,editor,80,24,33,5006,189072,80,24,1,1,5778,359,0,1,359
fc1a1cd2d37a9100a80a496108f693ecebc59e14-dirty,3,editor,80,24,34,5149,189072,80,24,1,1,5778,359,0,1,359
fc1a1cd2d37a9100a80a496108f693ecebc59e14-dirty,3,editor,80,24,35,5249,189072,80,24,1,1,5778,359,0,1,359
fc1a1cd2d37a9100a80a496108f693ecebc59e14-dirty,3,editor,80,24,36,5345,189072,80,24,1,1,5778,359,0,1,359
fc1a1cd2d37a9100a80a496108f693ecebc59e14-dirty,3,editor,80,24,37,5447,189232,80,24,4,1,5938,849,0,4,849
fc1a1cd2d37a9100a80a496108f693ecebc59e14-dirty,3,editor,80,24,38,5507,189073,80,24,1,1,5779,360,0,1,360
fc1a1cd2d37a9100a80a496108f693ecebc59e14-dirty,3,editor,80,24,39,5608,189232,80,24,1,1,5938,360,0,1,360
fc1a1cd2d37a9100a80a496108f693ecebc59e14-dirty,3,editor,80,24,40,5745,189232,80,24,1,1,5938,360,0,1,360
fc1a1cd2d37a9100a80a496108f693ecebc59e14-dirty,3,editor,80,24,41,5848,189232,80,24,1,1,5938,360,0,1,360
fc1a1cd2d37a9100a80a496108f693ecebc59e14-dirty,3,editor,80,24,42,5948,189232,80,24,1,1,5938,360,0,1,360
fc1a1cd2d37a9100a80a496108f693ecebc59e14-dirty,3,editor,80,24,43,6007,189232,80,24,1,1,5938,360,0,1,360
fc1a1cd2d37a9100a80a496108f693ecebc59e14-dirty,3,editor,80,24,44,6150,193183,80,24,1515,24,193246,246440,1,192,31474
fc1a1cd2d37a9100a80a496108f693ecebc59e14-dirty,3,editor,80,24,45,6246,205096,80,24,1021,23,203077,165976,2,216,35394
fc1a1cd2d37a9100a80a496108f693ecebc59e14-dirty,3,editor,80,24,46,6306,205096,80,24,1,1,1643,360,0,1,360
fc1a1cd2d37a9100a80a496108f693ecebc59e14-dirty,3,editor,80,24,47,6407,217327,80,24,1452,24,217390,236154,1,130,21386
fc1a1cd2d37a9100a80a496108f693ecebc59e14-dirty,3,editor,80,24,48,6508,217327,80,24,1397,24,217390,227183,1,130,21386
fc1a1cd2d37a9100a80a496108f693ecebc59e14-dirty,3,editor,80,24,49,6604,224788,80,24,1370,24,224851,222778,1,132,21712
fc1a1cd2d37a9100a80a496108f693ecebc59e14-dirty,3,editor,80,24,50,6747,224947,80,24,1353,24,225010,220006,1,144,23668
fc1a1cd2d37a9100a80a496108f693ecebc59e14-dirty,3,editor,80,24,51,6849,213193,80,24,1356,24,213256,220476,1,88,14540
fc1a1cd2d37a9100a80a496108f693ecebc59e14-dirty,3,editor,80,24,52,6949,206686,80,24,1342,24,206749,218161,1,121,19915
fc1a1cd2d37a9100a80a496108f693ecebc59e14-dirty,3,editor,80,24,53,7004,207005,80,24,1,1,1962,361,0,1,361
fc1a1cd2d37a9100a80a496108f693ecebc59e14-dirty,3,editor,80,24,54,7010,194614,80,24,1335,24,194677,216981,1,88,14541
fc1a1cd2d37a9100a80a496108f693ecebc59e14-dirty,3,editor,80,24,55,7147,182700,80,24,1293,24,182763,210103,1,86,14216
fc1a1cd2d37a9100a80a496108f693ecebc59e14-dirty,3,editor,80,24,56,7207,182383,80,24,1312,24,182446,213160,1,146,23987
fc1a1cd2d37a9100a80a496108f693ecebc59e14-dirty,3,editor,80,24,57,7349,183178,80,24,901,23,181160,146667,2,219,35880
fc1a1cd2d37a9100a80a496108f693ecebc59e14-dirty,3,editor,80,24,58,7404,183178,80,24,2,1,1643,523,0,2,523
fc1a1cd2d37a9100a80a496108f693ecebc59e14-dirty,3,editor,80,24,59,7505,174291,80,24,901,23,172273,146636,2,180,29531
fc1a1cd2d37a9100a80a496108f693ecebc59e14-dirty,3,editor,80,24,60,7605,90581,80,24,1050,24,90644,170639,1,942,153146
fc1a1cd2d37a9100a80a496108f693ecebc59e14-dirty,3,editor,80,24,61,7705,90899,80,24,4,1,2437,849,0,4,849
fc1a1cd2d37a9100a80a496108f693ecebc59e14-dirty,3,editor,80,24,62,7806,90581,80,24,4,1,2119,849,0,4,849
fc1a1cd2d37a9100a80a496108f693ecebc59e14-dirty,3,editor,80,24,63,7907,90899,80,24,4,1,2437,849,0,4,849
fc1a1cd2d37a9100a80a496108f693ecebc59e14-dirty,3,editor,80,24,64,8007,90581,80,24,4,1,2119,849,0,4,849
fc1a1cd2d37a9100a80a496108f693ecebc59e14-dirty,3,editor,80,24,65,8103,90581,80,24,1,1,2119,360,0,1,360
fc1a1cd2d37a9100a80a496108f693ecebc59e14-dirty,3,editor,80,24,66,8203,90899,80,24,4,1,2437,849,0,4,849
fc1a1cd2d37a9100a80a496108f693ecebc59e14-dirty,3,editor,80,24,67,8304,90422,80,24,5,1,1960,1012,0,5,1012
fc1a1cd2d37a9100a80a496108f693ecebc59e14-dirty,3,editor,80,24,68,8404,90422,80,24,1,1,1960,360,0,1,360
fc1a1cd2d37a9100a80a496108f693ecebc59e14-dirty,3,editor,80,24,69,8546,90422,80,24,1,1,1960,360,0,1,360
fc1a1cd2d37a9100a80a496108f693ecebc59e14-dirty,3,editor,80,24,70,8606,90263,80,24,1,1,1801,360,0,1,360
fc1a1cd2d37a9100a80a496108f693ecebc59e14-dirty,3,editor,80,24,71,8706,90581,80,24,1,1,2119,360,0,1,360
fc1a1cd2d37a9100a80a496108f693ecebc59e14-dirty,3,editor,80,24,72,8808,184936,80,24,1178,24,184999,191909,1,1127,183720
fc1a1cd2d37a9100a80a496108f693ecebc59e14-dirty,3,editor,80,24,73,8945,185254,80,24,1,1,1960,359,0,1,359
fc1a1cd2d37a9100a80a496108f693ecebc59e14-dirty,3,editor,80,24,74,9005,185413,80,24,1,1,2119,359,0,1,359
fc1a1cd2d37a9100a80a496108f693ecebc59e14-dirty,3,editor,80,24,75,9147,217327,80,24,1504,24,217390,244602,5,502,81964
fc1a1cd2d37a9100a80a496108f693ecebc59e14-dirty,3,editor,80,24,76,9249,214137,80,24,1391,24,214200,226177,1,86,14204
fc1a1cd2d37a9100a80a496108f693ecebc59e14-dirty,3,editor,80,24,77,9351,214296,80,24,2,2,3397,522,0,2,522
fc1a1cd2d37a9100a80a496108f693ecebc59e14-dirty,3,editor,80,24,78,9447,214296,80,24,1,1,3064,360,0,1,360
fc1a1cd2d37a9100a80a496108f693ecebc59e14-dirty,3,editor,80,24,79,9506,214614,80,24,2,2,3715,522,0,2,522
fc1a1cd2d37a9100a80a496108f693ecebc59e14-dirty,3,editor,80,24,80,9648,214773,80,24,2,2,3874,522,0,2,522
fc1a1cd2d37a9100a80a496108f693ecebc59e14-dirty,3,editor,80,24,81,9709,214932,80,24,2,2,4033,522,0,2,522
fc1a1cd2d37a9100a80a496108f693ecebc59e14-dirty,3,editor,80,24,82,9846,214932,80,24,1,1,3064,360,0,1,360
fc1a1cd2d37a9100a80a496108f693ecebc59e14-dirty,3,editor,80,24,83,9947,215250,80,24,2,2,4351,522,0,2,522
fc1a1cd2d37a9100a80a496108f693ecebc59e14-dirty,3,editor,80,24,84,10048,215409,80,24,2,2,4510,522,0,2,522
fc1a1cd2d37a9100a80a496108f693ecebc59e14-dirty,3,editor,80,24,85,10108,215727,80,24,3,2,4828,685,0,3,685
fc1a1cd2d37a9100a80a496108f693ecebc59e14-dirty,3,editor,80,24,86,10251,215728,80,24,2,2,4829,523,0,2,523
fc1a1cd2d37a9100a80a496108f693ecebc59e14-dirty,3,editor,80,24,87,10347,215887,80,24,1,1,3224,361,0,1,361
fc1a1cd2d37a9100a80a496108f693ecebc59e14-dirty,3,editor,80,24,88,10448,216205,80,24,2,2,5306,524,0,2,524
fc1a1cd2d37a9100a80a496108f693ecebc59e14-dirty,3,editor,80,24,89,10549,216364,80,24,2,2,5465,524,0,2,524
fc1a1cd2d37a9100a80a496108f693ecebc59e14-dirty,3,editor,80,24,90,10650,216523,80,24,2,2,5624,524,0,2,524
fc1a1cd2d37a9100a80a496108f693ecebc59e14-dirty,3,editor,80,24,91,10747,216682,80,24,2,2,5783,524,0,2,524
fc1a1cd2d37a9100a80a496108f693ecebc59e14-dirty,3,editor,80,24,92,10806,216841,80,24,2,2,5942,524,0,2,524
fc1a1cd2d37a9100a80a496108f693ecebc59e14-dirty,3,editor,80,24,93,10949,216841,80,24,1,1,3224,361,0,1,361
fc1a1cd2d37a9100a80a496108f693ecebc59e14-dirty,3,editor,80,24,94,11009,217159,80,24,2,2,6260,524,0,2,524
fc1a1cd2d37a9100a80a496108f693ecebc59e14-dirty,3,editor,80,24,95,11105,217318,80,24,3,2,6419,687,0,3,687
fc1a1cd2d37a9100a80a496108f693ecebc59e14-dirty,3,editor,80,24,96,11206,217477,80,24,2,2,6578,524,0,2,524
fc1a1cd2d37a9100a80a496108f693ecebc59e14-dirty,3,editor,80,24,97,11307,217477,80,24,2,2,6578,524,0,2,524
fc1a1cd2d37a9100a80a496108f693ecebc59e14-dirty,3,editor,80,24,98,11449,217636,80,24,1,1,3224,361,0,1,361
fc1a1cd2d37a9100a80a496108f693ecebc59e14-dirty,3,editor,80,24,99,11510,217954,80,24,2,2,7055,524,0,2,524
fc1a1cd2d37a9100a80a496108f693ecebc59e14-dirty,3,editor,80,24,100,11646,218113,80,24,2,2,7214,524,0,2,524
fc1a1cd2d37a9100a80a496108f693ecebc59e14-dirty,3,editor,80,24,101,11749,218272,80,24,2,2,7373,524,0,2,524
fc1a1cd2d37a9100a80a496108f693ecebc59e14-dirty,3,editor,80,24,102,11850,218272,80,24,1,1,3224,361,0,1,361
fc1a1cd2d37a9100a80a496108f693ecebc59e14-dirty,3,editor,80,24,103,11909,218590,80,24,2,2,7691,524,0,2,524
fc1a1cd2d37a9100a80a496108f693ecebc59e14-dirty,3,editor,80,24,104,12046,218749,80,24,2,2,7850,524,0,2,524
fc1a1cd2d37a9100a80a496108f693ecebc59e14-dirty,3,editor,80,24,105,12107,218908,80,24,3,2,8009,687,0,3,687
fc1a1cd2d37a9100a80a496108f693ecebc59e14-dirty,3,editor,80,24,106,12208,219067,80,24,2,2,8168,524,0,2,524
fc1a1cd2d37a9100a80a496108f693ecebc59e14-dirty,3,editor,80,24,107,12309,219226,80,24,2,2,8327,524,0,2,524
fc1a1cd2d37a9100a80a496108f693ecebc59e14-dirty,3,editor,80,24,108,12405,219226,80,24,2,2,8327,524,0,2,524
fc1a1cd2d37a9100a80a496108f693ecebc59e14-dirty,3,editor,80,24,109,12547,219385,80,24,1,1,3224,361,0,1,361
fc1a1cd2d37a9100a80a496108f693ecebc59e14-dirty,3,editor,80,24,110,12608,219703,80,24,2,2,8804,524,0,2,524
fc1a1cd2d37a9100a80a496108f693ecebc59e14-dirty,3,editor,80,24,111,12709,219862,80,24,2,2,8963,524,0,2,524
fc1a1cd2d37a9100a80a496108f693ecebc59e14-dirty,3,editor,80,24,112,12851,219862,80,24,1,1,3224,361,0,1,361
fc1a1cd2d37a9100a80a496108f693ecebc59e14-dirty,3,editor,80,24,113,12906,220180,80,24,2,2,9281,524,0,2,524
fc1a1cd2d37a9100a80a496108f693ecebc59e14-dirty,3,editor,80,24,114,13007,220339,80,24,2,2,9440,524,0,2,524
fc1a1cd2d37a9100a80a496108f693ecebc59e14-dirty,3,editor,80,24,115,13108,226528,80,24,3,2,15629,687,0,3,687
fc1a1cd2d37a9100a80a496108f693ecebc59e14-dirty,3,editor,80,24,116,13210,226528,80,24,1,1,3224,361,0,1,361
fc1a1cd2d37a9100a80a496108f693ecebc59e14-dirty,3,editor,80,24,117,13306,226528,80,24,2,2,15629,524,0,2,524
fc1a1cd2d37a9100a80a496108f693ecebc59e14-dirty,3,editor,80,24,118,13407,226528,80,24,2,2,15629,524,0,2,524
fc1a1cd2d37a9100a80a496108f693ecebc59e14-dirty,3,editor,80,24,119,13549,226369,80,24,2,2,15470,524,0,2,524
fc1a1cd2d37a9100a80a496108f693ecebc59e14-dirty,3,editor,80,24,120,13609,226528,80,24,2,2,15629,524,0,2,524
fc1a1cd2d37a9100a80a496108f693ecebc59e14-dirty,3,editor,80,24,121,13706,226528,80,24,2,2,15629,524,0,2,524
fc1a1cd2d37a9100a80a496108f693ecebc59e14-dirty,3,editor,80,24,122,13847,226528,80,24,2,2,15629,524,0,2,524
fc1a1cd2d37a9100a80a496108f693ecebc59e14-dirty,3,editor,80,24,123,13933,224153,80,24,21,1,849,3611,0,21,3611
fc1a1cd2d37a9100a80a496108f693ecebc59e14-dirty,3,editor,80,24,124,14009,226528,80,24,21,1,3224,3599,0,21,3599
fc1a1cd2d37a9100a80a496108f693ecebc59e14-dirty,3,editor,80,24,125,14105,226528,80,24,3,2,15629,687,0,3,687
fc1a1cd2d37a9100a80a496108f693ecebc59e14-dirty,3,editor,80,24,126,14207,226528,80,24,3,2,15629,687,0,3,687
fc1a1cd2d37a9100a80a496108f693ecebc59e14-dirty,3,editor,80,24,127,14308,226528,80,24,3,2,15629,687,0,3,687
fc1a1cd2d37a9100a80a496108f693ecebc59e14-dirty,3,editor,80,24,128,14450,226528,80,24,4,2,15629,850,0,4,850
fc1a1cd2d37a9100a80a496108f693ecebc59e14-dirty,3,editor,80,24,129,14551,226528,80,24,3,2,15629,687,0,3,687
fc1a1cd2d37a9100a80a496108f693ecebc59e14-dirty,3,editor,80,24,130,14606,226528,80,24,3,2,15629,687,0,3,687
fc1a1cd2d37a9100a80a496108f693ecebc59e14-dirty,3,editor,80,24,131,14748,226528,80,24,3,2,15629,687,0,3,687
fc1a1cd2d37a9100a80a496108f693ecebc59e14-dirty,3,editor,80,24,132,14850,226528,80,24,3,2,15629,687,0,3,687
fc1a1cd2d37a9100a80a496108f693ecebc59e14-dirty,3,editor,80,24,133,14905,226369,80,24,3,2,15470,687,0,3,687
fc1a1cd2d37a9100a80a496108f693ecebc59e14-dirty,3,editor,80,24,134,15006,226528,80,24,3,2,15629,687,0,3,687
fc1a1cd2d37a9100a80a496108f693ecebc59e14-dirty,3,editor,80,24,135,15108,226528,80,24,3,2,15629,687,0,3,687
fc1a1cd2d37a9100a80a496108f693ecebc59e14-dirty,3,editor,80,24,136,15209,226528,80,24,3,2,15629,687,0,3,687
fc1a1cd2d37a9100a80a496108f693ecebc59e14-dirty,3,editor,80,24,137,15310,226528,80,24,3,2,15629,687,0,3,687
fc1a1cd2d37a9100a80a496108f693ecebc59e14-dirty,3,editor,80,24,138,15406,226528,80,24,4,2,15629,850,0,4,850
fc1a1cd2d37a9100a80a496108f693ecebc59e14-dirty,3,editor,80,24,139,15507,226528,80,24,3,2,15629,687,0,3,687
fc1a1cd2d37a9100a80a496108f693ecebc59e14-dirty,3,editor,80,24,140,15608,226528,80,24,3,2,15629,687,0,3,687
fc1a1cd2d37a9100a80a496108f693ecebc59e14-dirty,3,editor,80,24,141,15710,226528,80,24,3,2,15629,687,0,3,687
fc1a1cd2d37a9100a80a496108f693ecebc59e14-dirty,3,editor,80,24,142,15806,226528,80,24,3,2,15629,687,0,3,687
fc1a1cd2d37a9100a80a496108f693ecebc59e14-dirty,3,editor,80,24,143,15907,226528,80,24,3,2,15629,687,0,3,687
fc1a1cd2d37a9100a80a496108f693ecebc59e14-dirty,3,editor,80,24,144,16009,226369,80,24,3,2,15470,687,0,3,687
fc1a1cd2d37a9100a80a496108f693ecebc59e14-dirty,3,editor,80,24,145,16110,226528,80,24,3,2,15629,687,0,3,687
fc1a1cd2d37a9100a80a496108f693ecebc59e14-dirty,3,editor,80,24,146,16248,226528,80,24,3,2,15629,687,0,3,687
fc1a1cd2d37a9100a80a496108f693ecebc59e14-dirty,3,editor,80,24,147,16308,226528,80,24,3,2,15629,687,0,3,687
fc1a1cd2d37a9100a80a496108f693ecebc59e14-dirty,3,editor,80,24,148,16450,226528,80,24,4,2,15629,850,0,4,850
fc1a1cd2d37a9100a80a496108f693ecebc59e14-dirty,3,editor,80,24,149,16551,226528,80,24,3,2,15629,687,0,3,687
fc1a1cd2d37a9100a80a496108f693ecebc59e14-dirty,3,editor,80,24,150,16606,226528,80,24,3,2,15629,687,0,3,687
fc1a1cd2d37a9100a80a496108f693ecebc59e14-dirty,3,editor,80,24,151,16708,226528,80,24,3,2,15629,687,0,3,687
fc1a1cd2d37a9100a80a496108f693ecebc59e14-dirty,3,editor,80,24,152,16835,224153,80,24,21,1,849,3611,0,21,3611
fc1a1cd2d37a9100a80a496108f693ecebc59e14-dirty,3,editor,80,24,153,16906,235906,80,24,60,2,25007,9970,0,60,9970
fc1a1cd2d37a9100a80a496108f693ecebc59e14-dirty,3,editor,80,24,154,17007,235905,80,24,86,2,25006,14200,0,86,14200
fc1a1cd2d37a9100a80a496108f693ecebc59e14-dirty,3,editor,80,24,155,17108,235905,80,24,1,1,12601,360,0,1,360
fc1a1cd2d37a9100a80a496108f693ecebc59e14-dirty,3,editor,80,24,156,17209,224947,80,24,1382,24,225010,224725,1,150,24640
fc1a1cd2d37a9100a80a496108f693ecebc59e14-dirty,3,editor,80,24,157,17306,213193,80,24,1356,24,213256,220476,1,88,14540
fc1a1cd2d37a9100a80a496108f693ecebc59e14-dirty,3,editor,80,24,158,17406,206686,80,24,1342,24,206749,218161,1,121,19915
fc1a1cd2d37a9100a80a496108f693ecebc59e14-dirty,3,editor,80,24,159,17508,194614,80,24,1334,24,194677,216818,1,87,14378
fc1a1cd2d37a9100a80a496108f693ecebc59e14-dirty,3,editor,80,24,160,17608,182700,80,24,1293,24,182763,210103,1,86,14216
fc1a1cd2d37a9100a80a496108f693ecebc59e14-dirty,3,editor,80,24,161,17709,182383,80,24,1312,24,182446,213160,1,146,23987
fc1a1cd2d37a9100a80a496108f693ecebc59e14-dirty,3,editor,80,24,162,17847,183178,80,24,901,23,181160,146667,2,219,35880
fc1a1cd2d37a9100a80a496108f693ecebc59e14-dirty,3,editor,80,24,163,17948,183178,80,24,2,1,1643,523,0,2,523
fc1a1cd2d37a9100a80a496108f693ecebc59e14-dirty,3,editor,80,24,164,18050,174291,80,24,901,23,172273,146636,2,180,29531
fc1a1cd2d37a9100a80a496108f693ecebc59e14-dirty,3,editor,80,24,165,18150,174291,80,24,1,1,1643,360,0,1,360
fc1a1cd2d37a9100a80a496108f693ecebc59e14-dirty,3,editor,80,24,166,18252,164923,80,24,870,23,162905,141613,2,195,31973
fc1a1cd2d37a9100a80a496108f693ecebc59e14-dirty,3,editor,80,24,167,18306,165082,80,24,1,1,1643,360,0,1,360
fc1a1cd2d37a9100a80a496108f693ecebc59e14-dirty,3,editor,80,24,168,18406,153646,80,24,829,23,151628,134917,2,180,29526
fc1a1cd2d37a9100a80a496108f693ecebc59e14-dirty,3,editor,80,24,169,18508,153646,80,24,1,1,1643,360,0,1,360
fc1a1cd2d37a9100a80a496108f693ecebc59e14-dirty,3,editor,80,24,170,18649,155077,80,24,891,24,155140,144906,2,185,30338
fc1a1cd2d37a9100a80a496108f693ecebc59e14-dirty,3,editor,80,24,171,18751,155077,80,24,1,1,1643,360,0,1,360
fc1a1cd2d37a9100a80a496108f693ecebc59e14-dirty,3,editor,80,24,172,18806,144754,80,24,877,24,144817,142662,2,167,27408
fc1a1cd2d37a9100a80a496108f693ecebc59e14-dirty,3,editor,80,24,173,18906,144754,80,24,2,1,1643,523,0,2,523
fc1a1cd2d37a9100a80a496108f693ecebc59e14-dirty,3,editor,80,24,174,19007,132841,80,24,754,24,132904,122686,1,87,14378
fc1a1cd2d37a9100a80a496108f693ecebc59e14-dirty,3,editor,80,24,175,19148,133159,80,24,1,1,1961,360,0,1,360
fc1a1cd2d37a9100a80a496108f693ecebc59e14-dirty,3,editor,80,24,176,19249,136657,80,24,22,2,5951,3778,0,22,3778
fc1a1cd2d37a9100a80a496108f693ecebc59e14-dirty,3,editor,80,24,177,19346,136975,80,24,1,1,1961,360,0,1,360
fc1a1cd2d37a9100a80a496108f693ecebc59e14-dirty,3,editor,80,24,178,19446,144754,80,24,53,2,14048,8830,0,53,8830
fc1a1cd2d37a9100a80a496108f693ecebc59e14-dirty,3,editor,80,24,179,19507,145072,80,24,1,1,1961,360,0,1,360
fc1a1cd2d37a9100a80a496108f693ecebc59e14-dirty,3,editor,80,24,180,19648,132682,80,24,57,2,1976,9481,0,57,9481
fc1a1cd2d37a9100a80a496108f693ecebc59e14-dirty,3,editor,80,24,181,19749,134262,80,24,13,1,3223,2294,0,13,2294
fc1a1cd2d37a9100a80a496108f693ecebc59e14-dirty,3,editor,80,24,182,19850,134421,80,24,2,2,3715,522,0,2,522
fc1a1cd2d37a9100a80a496108f693ecebc59e14-dirty,3,editor,80,24,183,19905,134580,80,24,2,2,3874,522,0,2,522
fc1a1cd2d37a9100a80a496108f693ecebc59e14-dirty,3,editor,80,24,184,20048,134739,80,24,2,2,4033,522,0,2,522
fc1a1cd2d37a9100a80a496108f693ecebc59e14-dirty,3,editor,80,24,185,20107,134739,80,24,1,1,3223,360,0,1,360
fc1a1cd2d37a9100a80a496108f693ecebc59e14-dirty,3,editor,80,24,186,20208,135057,80,24,2,2,4351,522,0,2,522
fc1a1cd2d37a9100a80a496108f693ecebc59e14-dirty,3,editor,80,24,187,20309,135216,80,24,2,2,4510,522,0,2,522
fc1a1cd2d37a9100a80a496108f693ecebc59e14-dirty,3,editor,80,24,188,20405,135375,80,24,2,2,4669,522,0,2,522
fc1a1cd2d37a9100a80a496108f693ecebc59e14-dirty,3,editor,80,24,189,20546,135534,80,24,2,1,3382,523,0,2,523
fc1a1cd2d37a9100a80a496108f693ecebc59e14-dirty,3,editor,80,24,190,20607,135694,80,24,2,2,4988,523,0,2,523
fc1a1cd2d37a9100a80a496108f693ecebc59e14-dirty,3,editor,80,24,191,20708,136012,80,24,2,2,5306,524,0,2,524
fc1a1cd2d37a9100a80a496108f693ecebc59e14-dirty,3,editor,80,24,192,20809,136012,80,24,1,1,3383,361,0,1,361
fc1a1cd2d37a9100a80a496108f693ecebc59e14-dirty,3,editor,80,24,193,20946,136330,80,24,2,2,5624,524,0,2,524
fc1a1cd2d37a9100a80a496108f693ecebc59e14-dirty,3,editor,80,24,194,21006,136489,80,24,2,2,5783,524,0,2,524
fc1a1cd2d37a9100a80a496108f693ecebc59e14-dirty,3,editor,80,24,195,21107,136648,80,24,2,2,5942,524,0,2,524
fc1a1cd2d37a9100a80a496108f693ecebc59e14-dirty,3,editor,80,24,196,21249,136807,80,24,2,2,6101,524,0,2,524
fc1a1cd2d37a9100a80a496108f693ecebc59e14-dirty,3,editor,80,24,197,21349,136807,80,24,1,1,3383,361,0,1,361
fc1a1cd2d37a9100a80a496108f693ecebc59e14-dirty,3,editor,80,24,198,21410,137125,80,24,2,2,6419,524,0,2,524
fc1a1cd2d37a9100a80a496108f693ecebc59e14-dirty,3,editor,80,24,199,21505,137284,80,24,3,2,6578,687,0,3,687
fc1a1cd2d37a9100a80a496108f693ecebc59e14-dirty,3,editor,80,24,200,21606,137443,80,24,2,2,6737,524,0,2,524
fc1a1cd2d37a9100a80a496108f693ecebc59e14-dirty,3,editor,80,24,201,21749,137443,80,24,2,2,6737,524,0,2,524
fc1a1cd2d37a9100a80a496108f693ecebc59e14-dirty,3,editor,80,24,202,21873,135068,80,24,21,1,849,3611,0,21,3611
fc1a1cd2d37a9100a80a496108f693ecebc59e14-dirty,3,editor,80,24,203,21950,123948,80,24,739,24,124011,120208,1,82,13564
fc1a1cd2d37a9100a80a496108f693ecebc59e14-dirty,3,editor,80,24,204,22005,123791,80,24,775,24,123854,126019,1,136,22358
fc1a1cd2d37a9100a80a496108f693ecebc59e14-dirty,3,editor,80,24,205,22147,114263,80,24,813,24,114326,132193,1,102,16820
fc1a1cd2d37a9100a80a496108f693ecebc59e14-dirty,3,editor,80,24,206,22248,107597,80,24,809,24,107660,131554,1,111,18291
fc1a1cd2d37a9100a80a496108f693ecebc59e14-dirty,3,editor,80,24,207,22307,107597,80,24,793,24,107660,128970,1,125,20572
fc1a1cd2d37a9100a80a496108f693ecebc59e14-dirty,3,editor,80,24,208,22408,119351,80,24,732,24,119414,119064,1,125,20572
fc1a1cd2d37a9100a80a496108f693ecebc59e14-dirty,3,editor,80,24,209,22509,117284,80,24,724,24,117347,117786,1,105,17312
fc1a1cd2d37a9100a80a496108f693ecebc59e14-dirty,3,editor,80,24,210,22651,120783,80,24,710,24,120846,115533,1,106,17477
fc1a1cd2d37a9100a80a496108f693ecebc59e14-dirty,3,editor,80,24,211,22747,124440,80,24,733,24,124503,119264,1,105,17312
fc1a1cd2d37a9100a80a496108f693ecebc59e14-dirty,3,editor,80,24,212,22847,115866,80,24,671,24,115929,109178,1,105,17312
fc1a1cd2d37a9100a80a496108f693ecebc59e14-dirty,3,editor,80,24,213,22907,108246,80,24,624,24,108309,101544,1,109,17964
fc1a1cd2d37a9100a80a496108f693ecebc59e14-dirty,3,editor,80,24,214,23008,109518,80,24,589,24,109581,95877,1,106,17475
fc1a1cd2d37a9100a80a496108f693ecebc59e14-dirty,3,editor,80,24,215,23150,108878,80,24,595,24,108941,96842,1,95,15683
fc1a1cd2d37a9100a80a496108f693ecebc59e14-dirty,3,editor,80,24,216,23251,106014,80,24,587,24,106077,95535,1,88,14541
fc1a1cd2d37a9100a80a496108f693ecebc59e14-dirty,3,editor,80,24,217,23305,101561,80,24,560,24,101624,91112,1,87,14378
fc1a1cd2d37a9100a80a496108f693ecebc59e14-dirty,3,editor,80,24,218,23405,101560,80,24,533,24,101623,86694,1,86,14216
fc1a1cd2d37a9100a80a496108f693ecebc59e14-dirty,3,editor,80,24,219,23506,111249,80,24,581,24,111312,94495,1,145,23825
fc1a1cd2d37a9100a80a496108f693ecebc59e14-dirty,3,editor,80,24,220,23607,116814,80,24,627,24,116877,101965,1,121,19917
fc1a1cd2d37a9100a80a496108f693ecebc59e14-dirty,3,editor,80,24,221,23708,113955,80,24,682,24,114018,110953,2,231,37843
fc1a1cd2d37a9100a80a496108f693ecebc59e14-dirty,3,editor,80,24,222,23850,115068,80,24,668,24,115131,108713,1,93,15353
fc1a1cd2d37a9100a80a496108f693ecebc59e14-dirty,3,editor,80,24,223,23909,114114,80,24,664,24,114177,108059,1,102,16823
fc1a1cd2d37a9100a80a496108f693ecebc59e14-dirty,3,editor,80,24,224,24046,110933,80,24,652,24,110996,106132,1,88,14541
fc1a1cd2d37a9100a80a496108f693ecebc59e14-dirty,3,editor,80,24,225,24107,111092,80,24,636,24,111155,103527,1,87,14378
fc1a1cd2d37a9100a80a496108f693ecebc59e14-dirty,3,editor,80,24,226,24248,99178,80,24,591,24,99241,96228,1,86,14216
fc1a1cd2d37a9100a80a496108f693ecebc59e14-dirty,3,editor,80,24,227,24308,108231,80,24,585,24,108294,95275,1,129,21217
fc1a1cd2d37a9100a80a496108f693ecebc59e14-dirty,3,editor,80,24,228,24409,108231,80,24,590,24,108294,96108,1,116,19102
fc1a1cd2d37a9100a80a496108f693ecebc59e14-dirty,3,editor,80,24,229,24509,98703,80,24,582,24,98766,94835,1,103,16986
fc1a1cd2d37a9100a80a496108f693ecebc59e14-dirty,3,editor,80,24,230,24605,89811,80,24,586,24,89874,95490,1,107,17638
fc1a1cd2d37a9100a80a496108f693ecebc59e14-dirty,3,editor,80,24,231,24706,89811,80,24,568,24,89874,92522,1,109,17964
fc1a1cd2d37a9100a80a496108f693ecebc59e14-dirty,3,editor,80,24,232,24807,89174,80,24,551,24,89237,89708,1,105,17312
fc1a1cd2d37a9100a80a496108f693ecebc59e14-dirty,3,editor,80,24,233,24908,87900,80,24,8,1,529,1500,0,8,1500
fc1a1cd2d37a9100a80a496108f693ecebc59e14-dirty,3,editor,80,24,234,25008,88059,80,24,1,1,688,359,0,1,359
fc1a1cd2d37a9100a80a496108f693ecebc59e14-dirty,3,editor,80,24,235,25109,88218,80,24,1,1,847,359,0,1,359
fc1a1cd2d37a9100a80a496108f693ecebc59e14-dirty,3,editor,80,24,236,25251,108706,80,24,745,24,108769,121115,0,745,121115
fc1a1cd2d37a9100a80a496108f693ecebc59e14-dirty,1,pager,80,24,1,43,109024,80,24,1,1,848,360,0,1,360
fc1a1cd2d37a9100a80a496108f693ecebc59e14-dirty,1,pager,80,24,2,44,109183,80,24,1,1,1007,360,0,1,360
fc1a1cd2d37a9100a80a496108f693ecebc59e14-dirty,1,pager,80,24,3,124,109342,80,24,1,1,1166,360,0,1,360
fc1a1cd2d37a9100a80a496108f693ecebc59e14-dirty,1,pager,80,24,4,165,109342,80,24,1,1,1166,360,0,1,360
fc1a1cd2d37a9100a80a496108f693ecebc59e14-dirty,1,pager,80,24,5,205,109342,80,24,0,0,199,199,0,0,199
fc1a1cd2d37a9100a80a496108f693ecebc59e14-dirty,1,pager,80,24,6,206,109660,80,24,1,1,1484,360,0,1,360
fc1a1cd2d37a9100a80a496108f693ecebc59e14-dirty,1,pager,80,24,7,246,109819,80,24,1,1,1643,360,0,1,360
fc1a1cd2d37a9100a80a496108f693ecebc59e14-dirty,1,pager,80,24,8,322,109979,80,24,1,1,1803,361,0,1,361
fc1a1cd2d37a9100a80a496108f693ecebc59e14-dirty,1,pager,80,24,9,323,110138,80,24,1,1,1962,362,0,1,362
fc1a1cd2d37a9100a80a496108f693ecebc59e14-dirty,1,pager,80,24,10,362,110297,80,24,1,1,2121,362,0,1,362
fc1a1cd2d37a9100a80a496108f693ecebc59e14-dirty,1,pager,80,24,11,444,110456,80,24,1,1,2280,362,0,1,362
fc1a1cd2d37a9100a80a496108f693ecebc59e14-dirty,1,pager,80,24,12,444,110615,80,24,1,1,2439,362,0,1,362
fc1a1cd2d37a9100a80a496108f693ecebc59e14-dirty,1,pager,80,24,13,525,110774,80,24,1,1,2598,362,0,1,362
fc1a1cd2d37a9100a80a496108f693ecebc59e14-dirty,1,pager,80,24,14,526,110933,80,24,1,1,2757,362,0,1,362
fc1a1cd2d37a9100a80a496108f693ecebc59e14-dirty,1,pager,80,24,15,565,111092,80,24,1,1,2916,362,0,1,362
fc1a1cd2d37a9100a80a496108f693ecebc59e14-dirty,1,pager,80,24,16,648,200941,80,24,1183,24,201004,192325,0,1183,192325
fc1a1cd2d37a9100a80a496108f693ecebc59e14-dirty,1,pager,80,24,17,1647,192069,80,24,1516,24,192132,246603,1,113,18607
fc1a1cd2d37a9100a80a496108f693ecebc59e14-dirty,1,pager,80,24,18,1725,192069,80,24,1472,23,191799,239465,1,135,22200
fc1a1cd2d37a9100a80a496108f693ecebc59e14-dirty,1,pager,80,24,19,1727,203982,80,24,1446,23,203712,235248,1,125,20570
fc1a1cd2d37a9100a80a496108f693ecebc59e14-dirty,1,pager,80,24,20,1806,216213,80,24,1450,23,215943,235828,1,125,20570
fc1a1cd2d37a9100a80a496108f693ecebc59e14-dirty,1,pager,80,24,21,1808,216213,80,24,1396,23,215943,227020,1,125,20570
fc1a1cd2d37a9100a80a496108f693ecebc59e14-dirty,1,pager,80,24,22,1884,223833,80,24,1369,23,223563,222615,1,127,20896
fc1a1cd2d37a9100a80a496108f693ecebc59e14-dirty,1,pager,80,24,23,1886,223833,80,24,1352,23,223563,219843,1,143,23504
fc1a1cd2d37a9100a80a496108f693ecebc59e14-dirty,1,pager,80,24,24,1925,212079,80,24,1355,23,211809,220313,1,83,13724
fc1a1cd2d37a9100a80a496108f693ecebc59e14-dirty,1,pager,80,24,25,1966,205572,80,24,1341,23,205302,217998,1,116,19099
fc1a1cd2d37a9100a80a496108f693ecebc59e14-dirty,1,pager,80,24,26,2047,193500,80,24,1333,23,193230,216655,1,81,13400
fc1a1cd2d37a9100a80a496108f693ecebc59e14-dirty,1,pager,80,24,27,2049,181269,80,24,1289,23,180999,209451,1,81,13400
fc1a1cd2d37a9100a80a496108f693ecebc59e14-dirty,1,pager,80,24,28,2083,181269,80,24,1308,23,180999,212508,1,144,23661
fc1a1cd2d37a9100a80a496108f693ecebc59e14-dirty,1,pager,80,24,29,2165,181269,80,24,1313,23,180999,213300,1,136,22360
fc1a1cd2d37a9100a80a496108f693ecebc59e14-dirty,1,pager,80,24,30,2166,182064,80,24,1292,23,181794,209882,1,95,15680
fc1a1cd2d37a9100a80a496108f693ecebc59e14-dirty,1,pager,80,24,31,2246,172222,80,24,1234,23,171952,200453,1,95,15685
fc1a1cd2d37a9100a80a496108f693ecebc59e14-dirty,1,pager,80,24,32,2248,173177,80,24,1175,23,172907,190874,1,96,15845
fc1a1cd2d37a9100a80a496108f693ecebc59e14-dirty,1,pager,80,24,33,2323,165717,80,24,1127,23,165447,183130,1,110,18127
fc1a1cd2d37a9100a80a496108f693ecebc59e14-dirty,1,pager,80,24,34,2324,163968,80,24,1081,23,163698,175711,1,82,13562
fc1a1cd2d37a9100a80a496108f693ecebc59e14-dirty,1,pager,80,24,35,2364,154122,80,24,1019,23,153852,165654,1,95,15680
fc1a1cd2d37a9100a80a496108f693ecebc59e14-dirty,1,pager,80,24,36,2404,152532,80,24,958,23,152262,155741,1,82,13562
fc1a1cd2d37a9100a80a496108f693ecebc59e14-dirty,1,pager,80,24,37,2486,143640,80,24,901,23,143370,146467,1,100,16492
fc1a1cd2d37a9100a80a496108f693ecebc59e14-dirty,1,pager,80,24,38,2487,153963,80,24,877,23,153693,142601,1,128,21059
fc1a1cd2d37a9100a80a496108f693ecebc59e14-dirty,1,pager,80,24,39,2527,142050,80,24,849,23,141780,138084,1,82,13562
fc1a1cd2d37a9100a80a496108f693ecebc59e14-dirty,1,pager,80,24,40,2567,143640,80,24,794,23,143370,129201,1,101,16658
fc1a1cd2d37a9100a80a496108f693ecebc59e14-dirty,1,pager,80,24,41,2644,131727,80,24,753,23,131457,122523,1,82,13562
fc1a1cd2d37a9100a80a496108f693ecebc59e14-dirty,1,pager,80,24,42,2645,123630,80,24,725,23,123360,117935,1,101,16655
fc1a1cd2d37a9100a80a496108f693ecebc59e14-dirty,1,pager,80,24,43,2684,123630,80,24,771,23,123360,125378,1,135,22196
fc1a1cd2d37a9100a80a496108f693ecebc59e14-dirty,1,pager,80,24,44,2765,111558,80,24,820,23,111288,133346,1,81,13400
fc1a1cd2d37a9100a80a496108f693ecebc59e14-dirty,1,pager,80,24,45,2766,99327,80,24,786,23,99057,127821,1,81,13400
fc1a1cd2d37a9100a80a496108f693ecebc59e14-dirty,1,pager,80,24,46,2805,99327,80,24,781,23,99057,127022,1,128,21053
fc1a1cd2d37a9100a80a496108f693ecebc59e14-dirty,1,pager,80,24,47,2846,101712,80,24,764,23,101442,124281,1,96,15840
fc1a1cd2d37a9100a80a496108f693ecebc59e14-dirty,1,pager,80,24,48,2927,101394,80,24,760,23,101124,123651,1,105,17311
fc1a1cd2d37a9100a80a496108f693ecebc59e14-dirty,1,pager,80,24,49,2928,113466,80,24,761,23,113196,123841,1,119,19592
fc1a1cd2d37a9100a80a496108f693ecebc59e14-dirty,1,pager,80,24,50,3003,125697,80,24,763,23,125427,124149,1,119,19592
fc1a1cd2d37a9100a80a496108f693ecebc59e14-dirty,1,pager,80,24,51,3004,117123,80,24,726,23,116853,118138,1,99,16332
fc1a1cd2d37a9100a80a496108f693ecebc59e14-dirty,1,pager,80,24,52,3043,108550,80,24,681,23,108280,110832,1,100,16497
fc1a1cd2d37a9100a80a496108f693ecebc59e14-dirty,1,pager,80,24,53,3084,109663,80,24,648,23,109393,105491,1,99,16332
fc1a1cd2d37a9100a80a496108f693ecebc59e14-dirty,1,pager,80,24,54,3125,110931,80,24,634,23,110661,103204,1,99,16332
fc1a1cd2d37a9100a80a496108f693ecebc59e14-dirty,1,pager,80,24,55,3165,112679,80,24,637,23,112409,103689,1,103,16984
fc1a1cd2d37a9100a80a496108f693ecebc59e14-dirty,1,pager,80,24,56,3246,111724,80,24,629,23,111454,102360,1,100,16495
fc1a1cd2d37a9100a80a496108f693ecebc59e14-dirty,1,pager,80,24,57,3247,113155,80,24,621,23,112885,101030,1,89,14703
fc1a1cd2d37a9100a80a496108f693ecebc59e14-dirty,1,pager,80,24,58,3287,111088,80,24,616,23,110818,100228,1,82,13562
fc1a1cd2d37a9100a80a496108f693ecebc59e14-dirty,1,pager,80,24,59,3363,110929,80,24,603,23,110659,98077,1,81,13400
fc1a1cd2d37a9100a80a496108f693ecebc59e14-dirty,1,pager,80,24,60,3364,107590,80,24,585,23,107320,95119,1,81,13400
fc1a1cd2d37a9100a80a496108f693ecebc59e14-dirty,1,pager,80,24,61,3404,107590,80,24,595,23,107320,96766,1,142,23335
fc1a1cd2d37a9100a80a496108f693ecebc59e14-dirty,1,pager,80,24,62,3485,113155,80,24,611,23,112885,99379,1,115,18937
fc1a1cd2d37a9100a80a496108f693ecebc59e14-dirty,1,pager,80,24,63,3486,121891,80,24,665,23,121621,108200,1,152,24974
fc1a1cd2d37a9100a80a496108f693ecebc59e14-dirty,1,pager,80,24,64,3566,122050,80,24,718,23,121780,116831,1,83,13724
fc1a1cd2d37a9100a80a496108f693ecebc59e14-dirty,1,pager,80,24,65,3568,119347,80,24,707,23,119077,115033,1,87,14373
fc1a1cd2d37a9100a80a496108f693ecebc59e14-dirty,1,pager,80,24,66,3607,109660,80,24,672,23,109390,109360,1,96,15843
fc1a1cd2d37a9100a80a496108f693ecebc59e14-dirty,1,pager,80,24,67,3683,109819,80,24,633,23,109549,103058,1,82,13562
fc1a1cd2d37a9100a80a496108f693ecebc59e14-dirty,1,pager,80,24,68,3684,109978,80,24,634,23,109708,103201,1,81,13400
fc1a1cd2d37a9100a80a496108f693ecebc59e14-dirty,1,pager,80,24,69,3723,97747,80,24,587,23,97477,95576,1,81,13400
fc1a1cd2d37a9100a80a496108f693ecebc59e14-dirty,1,pager,80,24,70,3804,107116,80,24,581,23,106846,94622,1,121,19912
fc1a1cd2d37a9100a80a496108f693ecebc59e14-dirty,1,pager,80,24,71,3806,106957,80,24,589,23,106687,95944,1,110,18122
fc1a1cd2d37a9100a80a496108f693ecebc59e14-dirty,1,pager,80,24,72,3885,97429,80,24,581,23,97159,94671,1,97,16006
fc1a1cd2d37a9100a80a496108f693ecebc59e14-dirty,1,pager,80,24,73,3886,88537,80,24,585,23,88267,95326,1,101,16658
fc1a1cd2d37a9100a80a496108f693ecebc59e14-dirty,1,pager,80,24,74,3926,88537,80,24,566,23,88267,92195,1,103,16984
fc1a1cd2d37a9100a80a496108f693ecebc59e14-dirty,1,pager,80,24,75,3966,87900,80,24,550,23,87630,89544,1,99,16332
fc1a1cd2d37a9100a80a496108f693ecebc59e14-dirty,1,pager,80,24,76,4007,87264,80,24,533,23,86994,86721,1,99,16332
fc1a1cd2d37a9100a80a496108f693ecebc59e14-dirty,1,pager,80,24,77,4042,86151,80,24,551,23,85881,89581,1,94,15514
fc1a1cd2d37a9100a80a496108f693ecebc59e14-dirty,1,pager,80,24,78,4082,84564,80,24,552,23,84294,89754,1,99,16335
fc1a1cd2d37a9100a80a496108f693ecebc59e14-dirty,1,pager,80,24,79,4123,82179,80,24,553,23,81909,89916,1,87,14373
fc1a1cd2d37a9100a80a496108f693ecebc59e14-dirty,1,pager,80,24,80,4163,86154,80,24,567,23,85884,92201,1,114,18777
fc1a1cd2d37a9100a80a496108f693ecebc59e14-dirty,1,pager,80,24,81,4203,86154,80,24,592,23,85884,96282,1,82,13562
fc1a1cd2d37a9100a80a496108f693ecebc59e14-dirty,1,pager,80,24,82,4244,86154,80,24,592,23,85884,96283,1,81,13400
fc1a1cd2d37a9100a80a496108f693ecebc59e14-dirty,1,pager,80,24,83,4325,86154,80,24,592,23,85884,96243,1,81,13400
fc1a1cd2d37a9100a80a496108f693ecebc59e14-dirty,1,pager,80,24,84,4325,86154,80,24,602,23,85884,97896,1,152,24965
fc1a1cd2d37a9100a80a496108f693ecebc59e14-dirty,1,pager,80,24,85,4365,81384,80,24,611,23,81114,99397,1,86,14210
fc1a1cd2d37a9100a80a496108f693ecebc59e14-dirty,1,pager,80,24,86,4405,73920,80,24,568,23,73650,92448,1,108,17796
fc1a1cd2d37a9100a80a496108f693ecebc59e14-dirty,1,pager,80,24,87,4446,85677,80,24,567,23,85407,92354,1,152,24974
fc1a1cd2d37a9100a80a496108f693ecebc59e14-dirty,1,pager,80,24,88,4526,84882,80,24,633,23,84612,103117,1,84,13886
fc1a1cd2d37a9100a80a496108f693ecebc59e14-dirty,1,pager,80,24,89,4527,85995,80,24,639,23,85725,104102,1,100,16492
fc1a1cd2d37a9100a80a496108f693ecebc59e14-dirty,1,pager,80,24,90,4602,97911,80,24,667,23,97641,108661,1,122,20084
fc1a1cd2d37a9100a80a496108f693ecebc59e14-dirty,1,pager,80,24,91,4603,99183,80,24,709,23,98913,115485,1,87,14373
fc1a1cd2d37a9100a80a496108f693ecebc59e14-dirty,1,pager,80,24,92,4683,111417,80,24,752,23,111147,122473,1,122,20084
fc1a1cd2d37a9100a80a496108f693ecebc59e14-dirty,1,pager,80,24,93,4684,99504,80,24,753,23,99234,122647,1,82,13562
fc1a1cd2d37a9100a80a496108f693ecebc59e14-dirty,1,pager,80,24,94,4764,94416,80,24,716,23,94146,116628,1,81,13400
fc1a1cd2d37a9100a80a496108f693ecebc59e14-dirty,1,pager,80,24,95,4765,91713,80,24,688,23,91443,112095,1,81,13400
fc1a1cd2d37a9100a80a496108f693ecebc59e14-dirty,1,pager,80,24,96,4845,100605,80,24,731,23,100335,119101,1,130,21379
fc1a1cd2d37a9100a80a496108f693ecebc59e14-dirty,1,pager,80,24,97,4847,101718,80,24,773,23,101448,125875,1,108,17796
fc1a1cd2d37a9100a80a496108f693ecebc59e14-dirty,1,pager,80,24,98,4886,110931,80,24,838,23,110661,136401,1,150,24648
fc1a1cd2d37a9100a80a496108f693ecebc59e14-dirty,1,pager,80,24,99,4927,109341,80,24,905,23,109071,147290,1,87,14373
fc1a1cd2d37a9100a80a496108f693ecebc59e14-dirty,1,pager,80,24,100,5003,112683,80,24,922,23,112413,150013,1,117,19269
fc1a1cd2d37a9100a80a496108f693ecebc59e14-dirty,1,pager,80,24,101,5004,109977,80,24,938,23,109707,152566,1,82,13562
fc1a1cd2d37a9100a80a496108f693ecebc59e14-dirty,1,pager,80,24,102,5044,108705,80,24,919,23,108435,149470,1,81,13400
fc1a1cd2d37a9100a80a496108f693ecebc59e14-dirty,1,pager,80,24,103,5124,102981,80,24,884,23,102711,143761,1,81,13400
fc1a1cd2d37a9100a80a496108f693ecebc59e14-dirty,1,pager,80,24,104,5126,114894,80,24,905,23,114624,147168,1,135,22194
fc1a1cd2d37a9100a80a496108f693ecebc59e14-dirty,1,pager,80,24,105,5206,117120,80,24,957,23,116850,155595,1,93,15351
fc1a1cd2d37a9100a80a496108f693ecebc59e14-dirty,1,pager,80,24,106,5207,129351,80,24,1003,23,129081,163047,1,123,20244
fc1a1cd2d37a9100a80a496108f693ecebc59e14-dirty,1,pager,80,24,107,5287,129351,80,24,974,23,129081,158397,1,121,19919
fc1a1cd2d37a9100a80a496108f693ecebc59e14-dirty,1,pager,80,24,108,5288,128556,80,24,942,23,128286,153261,1,82,13562
fc1a1cd2d37a9100a80a496108f693ecebc59e14-dirty,1,pager,80,24,109,5323,123945,80,24,912,23,123675,148361,1,81,13400
fc1a1cd2d37a9100a80a496108f693ecebc59e14-dirty,1,pager,80,24,110,5363,111711,80,24,840,23,111441,136649,1,81,13400
fc1a1cd2d37a9100a80a496108f693ecebc59e14-dirty,1,pager,80,24,111,5445,123306,80,24,824,23,123036,134042,1,139,22846
fc1a1cd2d37a9100a80a496108f693ecebc59e14-dirty,1,pager,80,24,112,5446,131880,80,24,861,23,131610,140024,1,121,19915
fc1a1cd2d37a9100a80a496108f693ecebc59e14-dirty,1,pager,80,24,113,5526,124416,80,24,858,23,124146,139536,1,108,17796
fc1a1cd2d37a9100a80a496108f693ecebc59e14-dirty,1,pager,80,24,114,5527,135219,80,24,887,23,134949,144273,1,152,24974
fc1a1cd2d37a9100a80a496108f693ecebc59e14-dirty,1,pager,80,24,115,5607,123621,80,24,918,23,123351,149364,1,84,13886
fc1a1cd2d37a9100a80a496108f693ecebc59e14-dirty,1,pager,80,24,116,5608,124734,80,24,886,23,124464,144183,1,87,14373
fc1a1cd2d37a9100a80a496108f693ecebc59e14-dirty,1,pager,80,24,117,5643,136809,80,24,928,23,136539,150976,1,122,20084
fc1a1cd2d37a9100a80a496108f693ecebc59e14-dirty,1,pager,80,24,118,5684,137127,80,24,969,23,136857,157604,1,82,13562
fc1a1cd2d37a9100a80a496108f693ecebc59e14-dirty,1,pager,80,24,119,5724,125055,80,24,921,23,124785,149790,1,81,13400
fc1a1cd2d37a9100a80a496108f693ecebc59e14-dirty,1,pager,80,24,120,5765,120285,80,24,872,23,120015,141817,1,81,13400
fc1a1cd2d37a9100a80a496108f693ecebc59e14-dirty,1,pager,80,24,121,5846,120282,80,24,862,23,120012,140210,1,141,23172
fc1a1cd2d37a9100a80a496108f693ecebc59e14-dirty,1,pager,80,24,122,5847,122985,80,24,850,23,122715,138321,1,101,16655
fc1a1cd2d37a9100a80a496108f693ecebc59e14-dirty,1,pager,80,24,123,5927,118530,80,24,832,23,118260,135422,1,87,14377
fc1a1cd2d37a9100a80a496108f693ecebc59e14-dirty,1,pager,80,24,124,5928,119643,80,24,797,23,119373,129697,1,87,14377
fc1a1cd2d37a9100a80a496108f693ecebc59e14-dirty,1,pager,80,24,125,5968,119484,80,24,1,1,370,359,0,1,359
fc1a1cd2d37a9100a80a496108f693ecebc59e14-dirty,1,pager,80,24,126,5969,120915,80,24,798,24,120978,129802,1,86,14215
fc1a1cd2d37a9100a80a496108f693ecebc59e14-dirty,1,pager,80,24,127,6044,122346,80,24,798,23,122076,129763,1,87,14377
fc1a1cd2d37a9100a80a496108f693ecebc59e14-dirty,1,pager,80,24,128,6045,111546,80,24,746,23,111276,121277,1,87,14377
fc1a1cd2d37a9100a80a496108f693ecebc59e14-dirty,1,pager,80,24,129,6085,110751,80,24,701,23,110481,113928,1,88,14539
fc1a1cd2d37a9100a80a496108f693ecebc59e14-dirty,1,pager,80,24,130,6125,99951,80,24,656,23,99681,106635,1,88,14539
fc1a1cd2d37a9100a80a496108f693ecebc59e14-dirty,1,pager,80,24,131,6166,89310,80,24,615,23,89040,99952,1,88,14539
fc1a1cd2d37a9100a80a496108f693ecebc59e14-dirty,1,pager,80,24,132,6206,90582,80,24,576,23,90312,93595,1,88,14539
fc1a1cd2d37a9100a80a496108f693ecebc59e14-dirty,1,pager,80,24,133,6246,92013,80,24,576,23,91743,93596,1,88,14539
fc1a1cd2d37a9100a80a496108f693ecebc59e14-dirty,1,pager,80,24,134,6287,93603,80,24,577,23,93333,93759,1,88,14539
fc1a1cd2d37a9100a80a496108f693ecebc59e14-dirty,1,pager,80,24,135,6327,82962,80,24,520,23,82692,84474,1,88,14539
fc1a1cd2d37a9100a80a496108f693ecebc59e14-dirty,1,pager,80,24,136,6362,72321,80,24,463,23,72051,75191,1,88,14539
fc1a1cd2d37a9100a80a496108f693ecebc59e14-dirty,1,pager,80,24,137,6403,69141,80,24,424,23,68871,68859,1,88,14539
fc1a1cd2d37a9100a80a496108f693ecebc59e14-dirty,1,pager,80,24,138,6443,58338,80,24,353,23,58068,57358,1,88,14539
fc1a1cd2d37a9100a80a496108f693ecebc59e14-dirty,1,pager,80,24,139,6483,59292,80,24,281,23,59022,45699,1,88,14539
fc1a1cd2d37a9100a80a496108f693ecebc59e14-dirty,1,pager,80,24,140,6523,61518,80,24,293,23,61248,47670,1,101,16659
fc1a1cd2d37a9100a80a496108f693ecebc59e14-dirty,1,pager,80,24,141,6564,49761,80,24,271,23,49491,44124,1,83,13724
fc1a1cd2d37a9100a80a496108f693ecebc59e14-dirty,1,pager,80,24,142,6604,53736,80,24,254,23,53466,41383,1,106,17469
fc1a1cd2d37a9100a80a496108f693ecebc59e14-dirty,1,pager,80,24,143,6644,53736,80,24,278,23,53466,45290,1,81,13400
fc1a1cd2d37a9100a80a496108f693ecebc59e14-dirty,1,pager,80,24,144,6685,53736,80,24,278,23,53466,45289,1,81,13400
fc1a1cd2d37a9100a80a496108f693ecebc59e14-dirty,1,pager,80,24,145,6725,53736,80,24,281,23,53466,45837,1,144,23661
fc1a1cd2d37a9100a80a496108f693ecebc59e14-dirty,1,pager,80,24,146,6765,61838,80,24,299,23,61568,48833,1,152,24973
fc1a1cd2d37a9100a80a496108f693ecebc59e14-dirty,1,pager,80,24,147,6846,61362,80,24,353,23,61092,57651,1,85,14049
fc1a1cd2d37a9100a80a496108f693ecebc59e14-dirty,1,pager,80,24,148,6847,63588,80,24,377,23,63318,61557,1,102,16821
fc1a1cd2d37a9100a80a496108f693ecebc59e14-dirty,1,pager,80,24,149,6886,62475,80,24,397,23,62205,64814,1,82,13562
fc1a1cd2d37a9100a80a496108f693ecebc59e14-dirty,1,pager,80,24,150,6926,61998,80,24,400,23,61728,65299,1,86,14210
fc1a1cd2d37a9100a80a496108f693ecebc59e14-dirty,1,pager,80,24,151,6967,60726,80,24,403,23,60456,65784,1,81,13400
fc1a1cd2d37a9100a80a496108f693ecebc59e14-dirty,1,pager,80,24,152,7002,59136,80,24,395,23,58866,64487,1,81,13400
fc1a1cd2d37a9100a80a496108f693ecebc59e14-dirty,1,pager,80,24,153,7043,69936,80,24,443,23,69666,72283,1,130,21379
fc1a1cd2d37a9100a80a496108f693ecebc59e14-dirty,1,pager,80,24,154,7083,80577,80,24,518,23,80307,84480,1,151,24804
fc1a1cd2d37a9100a80a496108f693ecebc59e14-dirty,1,pager,80,24,155,7124,82008,80,24,587,23,81738,95697,1,98,16164
fc1a1cd2d37a9100a80a496108f693ecebc59e14-dirty,1,pager,80,24,156,7164,80577,80,24,603,23,80307,98274,1,81,13400
fc1a1cd2d37a9100a80a496108f693ecebc59e14-dirty,1,pager,80,24,157,7204,78987,80,24,602,23,78717,98112,1,81,13400
fc1a1cd2d37a9100a80a496108f693ecebc59e14-dirty,1,pager,80,24,158,7245,89628,80,24,643,23,89358,104725,1,123,20238
fc1a1cd2d37a9100a80a496108f693ecebc59e14-dirty,1,pager,80,24,159,7326,100269,80,24,690,23,99999,112303,1,127,20892
fc1a1cd2d37a9100a80a496108f693ecebc59e14-dirty,1,pager,80,24,160,7327,98838,80,24,735,23,98568,119559,1,81,13400
fc1a1cd2d37a9100a80a496108f693ecebc59e14-dirty,1,pager,80,24,161,7406,97407,80,24,734,23,97137,119372,1,81,13400
fc1a1cd2d37a9100a80a496108f693ecebc59e14-dirty,1,pager,80,24,162,7408,108048,80,24,777,23,107778,126355,1,126,20727
fc1a1cd2d37a9100a80a496108f693ecebc59e14-dirty,1,pager,80,24,163,7447,109002,80,24,802,23,108732,130440,1,108,17797
fc1a1cd2d37a9100a80a496108f693ecebc59e14-dirty,1,pager,80,24,164,7523,113136,80,24,811,23,112866,131922,1,107,17637
fc1a1cd2d37a9100a80a496108f693ecebc59e14-dirty,1,pager,80,24,165,7524,114090,80,24,795,23,113820,129344,1,111,18289
fc1a1cd2d37a9100a80a496108f693ecebc59e14-dirty,1,pager,80,24,166,7605,126162,80,24,812,23,125892,132098,1,146,23994
fc1a1cd2d37a9100a80a496108f693ecebc59e14-dirty,1,pager,80,24,167,7606,126321,80,24,877,23,126051,142616,1,81,13400
fc1a1cd2d37a9100a80a496108f693ecebc59e14-dirty,1,pager,80,24,168,7645,114090,80,24,814,23,113820,132348,1,81,13400
fc1a1cd2d37a9100a80a496108f693ecebc59e14-dirty,1,pager,80,24,169,7686,114085,80,24,809,23,113815,131587,1,153,25127
fc1a1cd2d37a9100a80a496108f693ecebc59e14-dirty,1,pager,80,24,170,7768,113448,80,24,807,23,113178,131333,1,82,13562
fc1a1cd2d37a9100a80a496108f693ecebc59e14-dirty,1,pager,80,24,171,7769,115833,80,24,816,23,115563,132784,1,115,18937
fc1a1cd2d37a9100a80a496108f693ecebc59e14-dirty,1,pager,80,24,172,7803,117582,80,24,825,23,117312,134223,1,92,15191
fc1a1cd2d37a9100a80a496108f693ecebc59e14-dirty,1,pager,80,24,173,7844,116946,80,24,832,23,116676,135324,1,82,13562
fc1a1cd2d37a9100a80a496108f693ecebc59e14-dirty,1,pager,80,24,174,7925,129018,80,24,894,23,128748,145436,1,149,24479
fc1a1cd2d37a9100a80a496108f693ecebc59e14-dirty,1,pager,80,24,175,7927,129972,80,24,965,23,129702,156956,1,85,14048
fc1a1cd2d37a9100a80a496108f693ecebc59e14-dirty,1,pager,80,24,176,7966,118059,80,24,921,23,117789,149790,1,82,13562
fc1a1cd2d37a9100a80a496108f693ecebc59e14-dirty,1,pager,80,24,177,8047,107259,80,24,850,23,106989,138267,1,87,14373
fc1a1cd2d37a9100a80a496108f693ecebc59e14-dirty,1,pager,80,24,178,8048,107100,80,24,799,23,106830,130019,1,98,16169
fc1a1cd2d37a9100a80a496108f693ecebc59e14-dirty,1,pager,80,24,179,8123,119172,80,24,812,23,118902,132119,1,120,19753
fc1a1cd2d37a9100a80a496108f693ecebc59e14-dirty,1,pager,80,24,180,8125,131403,80,24,851,23,131133,138406,1,118,19426
fc1a1cd2d37a9100a80a496108f693ecebc59e14-dirty,1,pager,80,24,181,8205,131403,80,24,853,23,131133,138778,1,119,19592
fc1a1cd2d37a9100a80a496108f693ecebc59e14-dirty,1,pager,80,24,182,8206,119809,80,24,841,23,119539,136806,1,84,13889
fc1a1cd2d37a9100a80a496108f693ecebc59e14-dirty,1,pager,80,24,183,8286,121081,80,24,801,23,120811,130266,1,87,14377
fc1a1cd2d37a9100a80a496108f693ecebc59e14-dirty,1,pager,80,24,184,8287,121718,80,24,807,23,121448,131210,1,84,13889
fc1a1cd2d37a9100a80a496108f693ecebc59e14-dirty,1,pager,80,24,185,8367,109964,80,24,766,23,109694,124549,1,83,13724
fc1a1cd2d37a9100a80a496108f693ecebc59e14-dirty,1,pager,80,24,186,8368,106307,80,24,724,23,106037,117745,1,86,14213
fc1a1cd2d37a9100a80a496108f693ecebc59e14-dirty,1,pager,80,24,187,8408,103128,80,24,705,23,102858,114613,1,89,14704
fc1a1cd2d37a9100a80a496108f693ecebc59e14-dirty,1,pager,80,24,188,8483,102496,80,24,729,23,102226,118465,1,110,18130
fc1a1cd2d37a9100a80a496108f693ecebc59e14-dirty,1,pager,80,24,189,8484,95195,80,24,717,23,94925,116546,1,112,18453
fc1a1cd2d37a9100a80a496108f693ecebc59e14-dirty,1,pager,80,24,190,8564,99330,80,24,675,23,99060,109762,1,108,17801
fc1a1cd2d37a9100a80a496108f693ecebc59e14-dirty,1,pager,80,24,191,8565,99649,80,24,702,23,99379,114145,1,82,13563
fc1a1cd2d37a9100a80a496108f693ecebc59e14-dirty,1,pager,80,24,192,8604,89804,80,24,643,23,89534,104580,1,95,15682
fc1a1cd2d37a9100a80a496108f693ecebc59e14-dirty,1,pager,80,24,193,8645,89804,80,24,585,23,89534,95168,1,82,13562
fc1a1cd2d37a9100a80a496108f693ecebc59e14-dirty,1,pager,80,24,194,8685,85193,80,24,556,23,84923,90432,1,87,14373
fc1a1cd2d37a9100a80a496108f693ecebc59e14-dirty,1,pager,80,24,195,8766,95357,80,24,581,23,95087,94498,1,134,22037
fc1a1cd2d37a9100a80a496108f693ecebc59e14-dirty,1,pager,80,24,196,8767,95357,80,24,623,23,95087,101349,1,82,13562
fc1a1cd2d37a9100a80a496108f693ecebc59e14-dirty,1,pager,80,24,197,8806,83285,80,24,557,23,83015,90655,1,81,13400
fc1a1cd2d37a9100a80a496108f693ecebc59e14-dirty,1,pager,80,24,198,8847,82331,80,24,486,23,82061,79157,1,81,13400
fc1a1cd2d37a9100a80a496108f693ecebc59e14-dirty,1,pager,80,24,199,8928,94244,80,24,532,23,93974,86653,1,132,21705
fc1a1cd2d37a9100a80a496108f693ecebc59e14-dirty,1,pager,80,24,200,8929,94880,80,24,578,23,94610,94141,1,91,15025
fc1a1cd2d37a9100a80a496108f693ecebc59e14-dirty,1,pager,80,24,201,8963,104249,80,24,618,23,103979,100647,1,137,22526
fc1a1cd2d37a9100a80a496108f693ecebc59e14-dirty,1,pager,80,24,202,9044,104249,80,24,647,23,103979,105376,1,149,24482
fc1a1cd2d37a9100a80a496108f693ecebc59e14-dirty,1,pager,80,24,203,9045,93608,80,24,683,23,93338,111256,1,90,14858
fc1a1cd2d37a9100a80a496108f693ecebc59e14-dirty,1,pager,80,24,204,9084,93608,80,24,688,23,93338,112083,1,122,20082
fc1a1cd2d37a9100a80a496108f693ecebc59e14-dirty,1,pager,80,24,205,9125,93289,80,24,692,23,93019,112759,1,82,13562
fc1a1cd2d37a9100a80a496108f693ecebc59e14-dirty,1,pager,80,24,206,9165,92017,80,24,687,23,91747,111935,1,81,13400
fc1a1cd2d37a9100a80a496108f693ecebc59e14-dirty,1,pager,80,24,207,9206,91380,80,24,681,23,91110,110958,1,81,13400
fc1a1cd2d37a9100a80a496108f693ecebc59e14-dirty,1,pager,80,24,208,9287,103134,80,24,711,23,102864,115790,1,115,18934
fc1a1cd2d37a9100a80a496108f693ecebc59e14-dirty,1,pager,80,24,209,9288,107268,80,24,743,23,106998,120950,1,109,17959
fc1a1cd2d37a9100a80a496108f693ecebc59e14-dirty,1,pager,80,24,210,9328,110288,80,24,762,23,110018,124054,1,108,17799
fc1a1cd2d37a9100a80a496108f693ecebc59e14-dirty,1,pager,80,24,211,9404,110284,80,24,742,23,110014,120823,1,110,18125
fc1a1cd2d37a9100a80a496108f693ecebc59e14-dirty,1,pager,80,24,212,9405,109965,80,24,723,23,109695,117705,1,109,17962
fc1a1cd2d37a9100a80a496108f693ecebc59e14-dirty,1,pager,80,24,213,9444,107420,80,24,725,23,107150,118002,1,89,14702
fc1a1cd2d37a9100a80a496108f693ecebc59e14-dirty,1,pager,80,24,214,9485,107578,80,24,707,23,107308,115032,1,83,13724
fc1a1cd2d37a9100a80a496108f693ecebc59e14-dirty,1,pager,80,24,215,9566,108213,80,24,709,23,107943,115307,1,97,16003
fc1a1cd2d37a9100a80a496108f693ecebc59e14-dirty,1,pager,80,24,216,9567,111870,80,24,722,23,111600,117360,1,105,17310
fc1a1cd2d37a9100a80a496108f693ecebc59e14-dirty,1,pager,80,24,217,9647,114096,80,24,731,23,113826,118788,1,103,16984
fc1a1cd2d37a9100a80a496108f693ecebc59e14-dirty,1,pager,80,24,218,9648,106635,80,24,693,23,106365,112613,1,108,17799
fc1a1cd2d37a9100a80a496108f693ecebc59e14-dirty,1,pager,80,24,219,9728,109974,80,24,657,23,109704,106800,1,102,16821
fc1a1cd2d37a9100a80a496108f693ecebc59e14-dirty,1,pager,80,24,220,9729,113790,80,24,669,23,113520,108759,1,105,17310
fc1a1cd2d37a9100a80a496108f693ecebc59e14-dirty,1,pager,80,24,221,9804,118083,80,24,679,23,117813,110356,1,107,17636
fc1a1cd2d37a9100a80a496108f693ecebc59e14-dirty,1,pager,80,24,222,9806,109986,80,24,632,23,109716,102719,1,107,17636
fc1a1cd2d37a9100a80a496108f693ecebc59e14-dirty,1,pager,80,24,223,9886,112371,80,24,591,23,112101,96066,1,108,17799
fc1a1cd2d37a9100a80a496108f693ecebc59e14-dirty,1,pager,80,24,224,9887,100458,80,24,559,23,100188,90900,1,82,13562
fc1a1cd2d37a9100a80a496108f693ecebc59e14-dirty,1,pager,80,24,225,9926,88386,80,24,501,23,88116,81492,1,81,13400
fc1a1cd2d37a9100a80a496108f693ecebc59e14-dirty,1,pager,80,24,226,9966,86796,80,24,426,23,86526,69326,1,81,13400
fc1a1cd2d37a9100a80a496108f693ecebc59e14-dirty,1,pager,80,24,227,10006,86796,80,24,423,23,86526,68878,1,127,20890
fc1a1cd2d37a9100a80a496108f693ecebc59e14-dirty,1,pager,80,24,228,10088,98709,80,24,455,23,98439,74113,1,147,24154
fc1a1cd2d37a9100a80a496108f693ecebc59e14-dirty,1,pager,80,24,229,10089,101412,80,24,525,23,101142,85489,1,98,16162
fc1a1cd2d37a9100a80a496108f693ecebc59e14-dirty,1,pager,80,24,230,10128,101571,80,24,542,23,101301,88237,1,81,13400
fc1a1cd2d37a9100a80a496108f693ecebc59e14-dirty,1,pager,80,24,231,10168,89340,80,24,508,23,89070,82720,1,81,13400
fc1a1cd2d37a9100a80a496108f693ecebc59e14-dirty,1,pager,80,24,232,10244,96483,80,24,541,23,96213,88118,1,150,24639
fc1a1cd2d37a9100a80a496108f693ecebc59e14-dirty,1,pager,80,24,233,10245,93780,80,24,580,23,93510,94488,1,91,15021
fc1a1cd2d37a9100a80a496108f693ecebc59e14-dirty,1,pager,80,24,234,10325,95052,80,24,604,23,94782,98392,1,113,18611
fc1a1cd2d37a9100a80a496108f693ecebc59e14-dirty,1,pager,80,24,235,10326,96006,80,24,622,23,95736,101333,1,112,18448
fc1a1cd2d37a9100a80a496108f693ecebc59e14-dirty,1,pager,80,24,236,10366,98868,80,24,625,23,98598,101837,1,106,17470
fc1a1cd2d37a9100a80a496108f693ecebc59e14-dirty,1,pager,80,24,237,10407,110622,80,24,654,23,110352,106544,1,119,19589
fc1a1cd2d37a9100a80a496108f693ecebc59e14-dirty,1,pager,80,24,238,10447,119832,80,24,685,23,119562,111611,1,121,19918
fc1a1cd2d37a9100a80a496108f693ecebc59e14-dirty,1,pager,80,24,239,10528,117925,80,24,697,23,117655,113598,1,93,15356
fc1a1cd2d37a9100a80a496108f693ecebc59e14-dirty,1,pager,80,24,240,10529,117449,80,24,701,23,117179,114218,1,101,16660
fc1a1cd2d37a9100a80a496108f693ecebc59e14-dirty,1,pager,80,24,241,10564,116337,80,24,706,23,116067,114977,1,106,17475
fc1a1cd2d37a9100a80a496108f693ecebc59e14-dirty,1,pager,80,24,242,10645,124914,80,24,745,23,124644,121281,1,137,22529
fc1a1cd2d37a9100a80a496108f693ecebc59e14-dirty,1,pager,80,24,243,10646,122370,80,24,790,23,122100,128607,1,87,14373
fc1a1cd2d37a9100a80a496108f693ecebc59e14-dirty,1,pager,80,24,244,10727,119826,80,24,792,23,119556,128938,1,91,15028
fc1a1cd2d37a9100a80a496108f693ecebc59e14-dirty,1,pager,80,24,245,10728,116647,80,24,797,23,116377,129686,1,86,14215
fc1a1cd2d37a9100a80a496108f693ecebc59e14-dirty,1,pager,80,24,246,10767,113150,80,24,790,23,112880,128486,1,86,14215
fc1a1cd2d37a9100a80a496108f693ecebc59e14-dirty,1,pager,80,24,247,10848,113787,80,24,763,23,113517,124079,1,86,14215
fc1a1cd2d37a9100a80a496108f693ecebc59e14-dirty,1,pager,80,24,248,10849,118399,80,24,791,23,118129,128617,1,111,18290
fc1a1cd2d37a9100a80a496108f693ecebc59e14-dirty,1,pager,80,24,249,10889,122693,80,24,805,23,122423,130872,1,108,17801
fc1a1cd2d37a9100a80a496108f693ecebc59e14-dirty,1,pager,80,24,250,10924,114279,80,24,771,23,114009,125347,1,105,17312
fc1a1cd2d37a9100a80a496108f693ecebc59e14-dirty,1,pager,80,24,251,11005,102525,80,24,723,23,102255,117557,1,83,13724
fc1a1cd2d37a9100a80a496108f693ecebc59e14-dirty,1,pager,80,24,252,11006,99981,80,24,654,23,99711,106349,1,82,13562
fc1a1cd2d37a9100a80a496108f693ecebc59e14-dirty,1,pager,80,24,253,11045,99981,80,24,638,23,99711,103748,1,81,13400
fc1a1cd2d37a9100a80a496108f693ecebc59e14-dirty,1,pager,80,24,254,11086,101889,80,24,649,23,101619,105511,1,92,15185
fc1a1cd2d37a9100a80a496108f693ecebc59e14-dirty,1,pager,80,24,255,11126,95382,80,24,607,23,95112,98686,1,116,19097
fc1a1cd2d37a9100a80a496108f693ecebc59e14-dirty,1,pager,80,24,256,11167,95382,80,24,565,23,95112,91859,1,91,15022
fc1a1cd2d37a9100a80a496108f693ecebc59e14-dirty,1,pager,80,24,257,11247,94110,80,24,549,23,93840,89284,1,109,17956
fc1a1cd2d37a9100a80a496108f693ecebc59e14-dirty,1,pager,80,24,258,11248,100776,80,24,552,23,100506,89792,1,123,20238
fc1a1cd2d37a9100a80a496108f693ecebc59e14-dirty,1,pager,80,24,259,11328,96165,80,24,566,23,95895,92091,1,81,13400
fc1a1cd2d37a9100a80a496108f693ecebc59e14-dirty,1,pager,80,24,260,11329,85524,80,24,536,23,85254,87236,1,89,14696
fc1a1cd2d37a9100a80a496108f693ecebc59e14-dirty,1,pager,80,24,261,11368,76155,80,24,506,23,75885,82359,1,96,15838
fc1a1cd2d37a9100a80a496108f693ecebc59e14-dirty,1,pager,80,24,262,11404,76313,80,24,483,23,76043,78628,1,93,15348
fc1a1cd2d37a9100a80a496108f693ecebc59e14-dirty,1,pager,80,24,263,11444,75676,80,24,475,23,75406,77325,1,95,15674
fc1a1cd2d37a9100a80a496108f693ecebc59e14-dirty,1,pager,80,24,264,11484,73290,80,24,463,23,73020,75361,1,87,14372
fc1a1cd2d37a9100a80a496108f693ecebc59e14-dirty,1,pager,80,24,265,11525,62328,80,24,411,23,62058,66933,1,88,14534
fc1a1cd2d37a9100a80a496108f693ecebc59e14-dirty,1,pager,80,24,266,11565,62646,80,24,359,23,62376,58513,1,90,14859
fc1a1cd2d37a9100a80a496108f693ecebc59e14-dirty,1,pager,80,24,267,11605,62964,80,24,355,23,62694,57862,1,93,15348
fc1a1cd2d37a9100a80a496108f693ecebc59e14-dirty,1,pager,80,24,268,11645,64235,80,24,349,23,63965,56868,1,94,15511
fc1a1cd2d37a9100a80a496108f693ecebc59e14-dirty,1,pager,80,24,269,11686,65347,80,24,355,23,65077,57817,1,92,15185
fc1a1cd2d37a9100a80a496108f693ecebc59e14-dirty,1,pager,80,24,270,11726,66936,80,24,367,23,66666,59747,1,96,15837
fc1a1cd2d37a9100a80a496108f693ecebc59e14-dirty,1,pager,80,24,271,11766,62165,80,24,353,23,61895,57453,1,81,13400
fc1a1cd2d37a9100a80a496108f693ecebc59e14-dirty,1,pager,80,24,272,11807,70102,80,24,377,23,69832,61329,1,119,19587
fc1a1cd2d37a9100a80a496108f693ecebc59e14-dirty,1,pager,80,24,273,11847,70578,80,24,391,23,70308,63615,1,106,17468
fc1a1cd2d37a9100a80a496108f693ecebc59e14-dirty,1,pager,80,24,274,11888,73599,80,24,384,23,73329,62484,1,102,16816
fc1a1cd2d37a9100a80a496108f693ecebc59e14-dirty,1,pager,80,24,275,11964,77892,80,24,403,23,77622,65568,1,107,17631
fc1a1cd2d37a9100a80a496108f693ecebc59e14-dirty,1,pager,80,24,276,11965,82662,80,24,422,23,82392,68656,1,112,18446
fc1a1cd2d37a9100a80a496108f693ecebc59e14-dirty,1,pager,80,24,277,12004,80754,80,24,442,23,80484,71918,1,81,13400
fc1a1cd2d37a9100a80a496108f693ecebc59e14-dirty,1,pager,80,24,278,12044,87262,80,24,485,23,86992,78943,1,151,24803
fc1a1cd2d37a9100a80a496108f693ecebc59e14-dirty,1,pager,80,24,279,12085,86150,80,24,528,23,85880,85966,1,84,13887
fc1a1cd2d37a9100a80a496108f693ecebc59e14-dirty,1,pager,80,24,280,12125,93772,80,24,560,23,93502,91188,1,133,21870
fc1a1cd2d37a9100a80a496108f693ecebc59e14-dirty,1,pager,80,24,281,12165,81541,80,24,580,23,81271,94469,1,81,13400
fc1a1cd2d37a9100a80a496108f693ecebc59e14-dirty,1,pager,80,24,282,12206,86470,80,24,564,23,86200,91895,1,107,17631
fc1a1cd2d37a9100a80a496108f693ecebc59e14-dirty,1,pager,80,24,283,12246,97111,80,24,613,23,96841,99878,1,133,21871
fc1a1cd2d37a9100a80a496108f693ecebc59e14-dirty,1,pager,80,24,284,12328,106480,80,24,646,23,106210,105265,1,118,19426
fc1a1cd2d37a9100a80a496108f693ecebc59e14-dirty,1,pager,80,24,285,12329,108070,80,24,668,23,107800,108832,1,105,17306
fc1a1cd2d37a9100a80a496108f693ecebc59e14-dirty,1,pager,80,24,286,12409,117757,80,24,693,23,117487,112890,1,116,19100
fc1a1cd2d37a9100a80a496108f693ecebc59e14-dirty,1,pager,80,24,287,12410,128718,80,24,739,23,128448,120382,1,135,22202
fc1a1cd2d37a9100a80a496108f693ecebc59e14-dirty,1,pager,80,24,288,12485,127764,80,24,789,23,127494,128517,1,82,13562
fc1a1cd2d37a9100a80a496108f693ecebc59e14-dirty,1,pager,80,24,289,12487,138248,80,24,855,23,137978,139263,1,154,25295
fc1a1cd2d37a9100a80a496108f693ecebc59e14-dirty,1,pager,80,24,290,12526,136340,80,24,920,23,136070,149833,1,81,13400
fc1a1cd2d37a9100a80a496108f693ecebc59e14-dirty,1,pager,80,24,291,12608,146345,80,24,988,23,146075,160844,1,152,24968
fc1a1cd2d37a9100a80a496108f693ecebc59e14-dirty,1,pager,80,24,292,12609,144755,80,24,1052,23,144485,171212,1,83,13724
fc1a1cd2d37a9100a80a496108f693ecebc59e14-dirty,1,pager,80,24,293,12649,154442,80,24,1085,23,154172,176549,1,124,20404
fc1a1cd2d37a9100a80a496108f693ecebc59e14-dirty,1,pager,80,24,294,12725,160484,80,24,1115,23,160214,181405,1,119,19588
fc1a1cd2d37a9100a80a496108f693ecebc59e14-dirty,1,pager,80,24,295,12727,160484,80,24,1147,23,160214,186635,1,154,25293
fc1a1cd2d37a9100a80a496108f693ecebc59e14-dirty,1,pager,80,24,296,12767,157622,80,24,1197,23,157352,194744,1,90,14858
fc1a1cd2d37a9100a80a496108f693ecebc59e14-dirty,1,pager,80,24,297,12848,154283,80,24,1188,23,154013,193237,1,81,13400
fc1a1cd2d37a9100a80a496108f693ecebc59e14-dirty,1,pager,80,24,298,12850,149672,80,24,1167,23,149402,189798,1,81,13400
fc1a1cd2d37a9100a80a496108f693ecebc59e14-dirty,1,pager,80,24,299,12930,156974,80,24,1196,23,156704,194502,1,130,21378
fc1a1cd2d37a9100a80a496108f693ecebc59e14-dirty,1,pager,80,24,300,12931,162539,80,24,1217,23,162269,197898,1,116,19099
fc1a1cd2d37a9100a80a496108f693ecebc59e14-dirty,1,pager,80,24,301,12965,155713,80,24,1183,23,155443,192374,1,114,18777
fc1a1cd2d37a9100a80a496108f693ecebc59e14-dirty,1,pager,80,24,302,13047,158097,80,24,1145,23,157827,186185,1,100,16495
fc1a1cd2d37a9100a80a496108f693ecebc59e14-dirty,1,pager,80,24,303,13049,146023,80,24,1112,23,145753,180789,1,81,13400
fc1a1cd2d37a9100a80a496108f693ecebc59e14-dirty,1,pager,80,24,304,13088,146023,80,24,1060,23,145753,172302,1,81,13400
fc1a1cd2d37a9100a80a496108f693ecebc59e14-dirty,1,pager,80,24,305,13129,153325,80,24,1090,23,153055,177144,1,137,22520
fc1a1cd2d37a9100a80a496108f693ecebc59e14-dirty,1,pager,80,24,306,13169,146977,80,24,1091,23,146707,177319,1,114,18774
fc1a1cd2d37a9100a80a496108f693ecebc59e14-dirty,1,pager,80,24,307,13245,146977,80,24,1094,23,146707,177812,1,135,22197
fc1a1cd2d37a9100a80a496108f693ecebc59e14-dirty,1,pager,80,24,308,13247,155392,80,24,1106,23,155122,179740,1,128,21056
fc1a1cd2d37a9100a80a496108f693ecebc59e14-dirty,1,pager,80,24,309,13287,155392,80,24,1115,23,155122,181170,1,129,21219
fc1a1cd2d37a9100a80a496108f693ecebc59e14-dirty,1,pager,80,24,310,13327,155390,80,24,1110,23,155120,180403,1,134,22034
fc1a1cd2d37a9100a80a496108f693ecebc59e14-dirty,1,pager,80,24,311,13368,155072,80,24,1108,23,154802,180129,1,81,13400
fc1a1cd2d37a9100a80a496108f693ecebc59e14-dirty,1,pager,80,24,312,13409,147450,80,24,1061,23,147180,172490,1,107,17633
fc1a1cd2d37a9100a80a496108f693ecebc59e14-dirty,1,pager,80,24,313,13450,151107,80,24,1015,23,150837,165015,1,106,17473
fc1a1cd2d37a9100a80a496108f693ecebc59e14-dirty,1,pager,80,24,314,13526,139194,80,24,969,23,138924,157555,1,82,13562
fc1a1cd2d37a9100a80a496108f693ecebc59e14-dirty,1,pager,80,24,315,13527,138717,80,24,896,23,138447,145704,1,81,13400
fc1a1cd2d37a9100a80a496108f693ecebc59e14-dirty,1,pager,80,24,316,13567,138717,80,24,889,23,138447,144591,1,120,19751
fc1a1cd2d37a9100a80a496108f693ecebc59e14-dirty,1,pager,80,24,317,13648,132834,80,24,883,23,132564,143657,1,81,13400
fc1a1cd2d37a9100a80a496108f693ecebc59e14-dirty,1,pager,80,24,318,13649,120603,80,24,813,23,120333,132266,1,81,13400
fc1a1cd2d37a9100a80a496108f693ecebc59e14-dirty,1,pager,80,24,319,13729,123624,80,24,763,23,123354,124135,1,107,17630
fc1a1cd2d37a9100a80a496108f693ecebc59e14-dirty,1,pager,80,24,320,13730,135696,80,24,802,23,135426,130450,1,130,21381
fc1a1cd2d37a9100a80a496108f693ecebc59e14-dirty,1,pager,80,24,321,13765,135855,80,24,851,23,135585,138381,1,81,13400
fc1a1cd2d37a9100a80a496108f693ecebc59e14-dirty,1,pager,80,24,322,13805,123624,80,24,802,23,123354,130408,1,81,13400
fc1a1cd2d37a9100a80a496108f693ecebc59e14-dirty,1,pager,80,24,323,13887,130290,80,24,822,23,130020,133670,1,153,25128
fc1a1cd2d37a9100a80a496108f693ecebc59e14-dirty,1,pager,80,24,324,13888,124884,80,24,858,23,124614,139519,1,81,13400
fc1a1cd2d37a9100a80a496108f693ecebc59e14-dirty,1,pager,80,24,325,13968,134094,80,24,869,23,133824,141311,1,124,20401
fc1a1cd2d37a9100a80a496108f693ecebc59e14-dirty,1,pager,80,24,326,13969,146166,80,24,897,23,145896,145862,1,123,20241
fc1a1cd2d37a9100a80a496108f693ecebc59e14-dirty,1,pager,80,24,327,14009,147438,80,24,938,23,147168,152516,1,88,14539
fc1a1cd2d37a9100a80a496108f693ecebc59e14-dirty,1,pager,80,24,328,14085,135684,80,24,890,23,135414,144753,1,83,13724
fc1a1cd2d37a9100a80a496108f693ecebc59e14-dirty,1,pager,80,24,329,14087,142032,80,24,883,23,141762,143635,1,133,21870
fc1a1cd2d37a9100a80a496108f693ecebc59e14-dirty,1,pager,80,24,330,14166,142034,80,24,899,23,141764,146254,1,143,23503
fc1a1cd2d37a9100a80a496108f693ecebc59e14-dirty,1,pager,80,24,331,14168,130916,80,24,914,23,130646,148742,1,87,14372
fc1a1cd2d37a9100a80a496108f693ecebc59e14-dirty,1,pager,80,24,332,14207,120116,80,24,879,23,119846,143048,1,88,14535
fc1a1cd2d37a9100a80a496108f693ecebc59e14-dirty,1,pager,80,24,333,14247,109952,80,24,844,23,109682,137342,1,94,15517
fc1a1cd2d37a9100a80a496108f693ecebc59e14-dirty,1,pager,80,24,334,14288,112179,80,24,809,23,111909,131643,1,95,15682
fc1a1cd2d37a9100a80a496108f693ecebc59e14-dirty,1,pager,80,24,335,14329,119799,80,24,836,23,119529,136074,1,134,22039
fc1a1cd2d37a9100a80a496108f693ecebc59e14-dirty,1,pager,80,24,336,14405,116460,80,24,863,23,116190,140433,1,83,13724
fc1a1cd2d37a9100a80a496108f693ecebc59e14-dirty,1,pager,80,24,337,14406,116460,80,24,840,23,116190,136637,1,82,13562
fc1a1cd2d37a9100a80a496108f693ecebc59e14-dirty,1,pager,80,24,338,14486,116619,80,24,841,23,116349,136756,1,81,13400
fc1a1cd2d37a9100a80a496108f693ecebc59e14-dirty,1,pager,80,24,339,14487,104388,80,24,803,23,104118,130558,1,81,13400
fc1a1cd2d37a9100a80a496108f693ecebc59e14-dirty,1,pager,80,24,340,14527,116462,80,24,812,23,116192,132023,1,129,21218
fc1a1cd2d37a9100a80a496108f693ecebc59e14-dirty,1,pager,80,24,341,14608,128693,80,24,863,23,128423,140319,1,124,20404
fc1a1cd2d37a9100a80a496108f693ecebc59e14-dirty,1,pager,80,24,342,14609,127421,80,24,878,23,127151,142744,1,99,16329
fc1a1cd2d37a9100a80a496108f693ecebc59e14-dirty,1,pager,80,24,343,14689,127421,80,24,892,23,127151,145010,1,139,22852
fc1a1cd2d37a9100a80a496108f693ecebc59e14-dirty,1,pager,80,24,344,14690,127898,80,24,904,23,127628,146951,1,84,13886
fc1a1cd2d37a9100a80a496108f693ecebc59e14-dirty,1,pager,80,24,345,14730,129329,80,24,914,23,129059,148567,1,88,14539
fc1a1cd2d37a9100a80a496108f693ecebc59e14-dirty,1,pager,80,24,346,14765,120120,80,24,864,23,119850,140480,1,100,16497
fc1a1cd2d37a9100a80a496108f693ecebc59e14-dirty,1,pager,80,24,347,14846,120438,80,24,811,23,120168,131904,1,82,13562
fc1a1cd2d37a9100a80a496108f693ecebc59e14-dirty,1,pager,80,24,348,14848,108525,80,24,769,23,108255,125056,1,82,13562
fc1a1cd2d37a9100a80a496108f693ecebc59e14-dirty,1,pager,80,24,349,14887,108525,80,24,784,23,108255,127497,1,144,23664
fc1a1cd2d37a9100a80a496108f693ecebc59e14-dirty,1,pager,80,24,350,14968,108684,80,24,806,23,108414,131121,1,88,14535
fc1a1cd2d37a9100a80a496108f693ecebc59e14-dirty,1,pager,80,24,351,14969,110592,80,24,816,23,110322,132756,1,96,15843
fc1a1cd2d37a9100a80a496108f693ecebc59e14-dirty,1,pager,80,24,352,15008,98679,80,24,780,23,98409,126942,1,82,13562
fc1a1cd2d37a9100a80a496108f693ecebc59e14-dirty,1,pager,80,24,353,15049,86605,80,24,713,23,86335,116043,1,81,13400
fc1a1cd2d37a9100a80a496108f693ecebc59e14-dirty,1,pager,80,24,354,15089,97723,80,24,699,23,97453,113775,1,132,21705
fc1a1cd2d37a9100a80a496108f693ecebc59e14-dirty,1,pager,80,24,355,15165,108523,80,24,716,23,108253,116523,1,129,21216
fc1a1cd2d37a9100a80a496108f693ecebc59e14-dirty,1,pager,80,24,356,15166,118687,80,24,725,23,118417,117950,1,124,20401
fc1a1cd2d37a9100a80a496108f693ecebc59e14-dirty,1,pager,80,24,357,15247,128691,80,24,748,23,128421,121657,1,143,23498
fc1a1cd2d37a9100a80a496108f693ecebc59e14-dirty,1,pager,80,24,358,15248,128691,80,24,730,23,128421,118765,1,132,21705
fc1a1cd2d37a9100a80a496108f693ecebc59e14-dirty,1,pager,80,24,359,15288,133302,80,24,703,23,133032,114398,1,115,18934
fc1a1cd2d37a9100a80a496108f693ecebc59e14-dirty,1,pager,80,24,360,15329,145215,80,24,773,23,144945,125786,1,150,24642
fc1a1cd2d37a9100a80a496108f693ecebc59e14-dirty,1,pager,80,24,361,15369,146169,80,24,843,23,145899,137190,1,88,14534
fc1a1cd2d37a9100a80a496108f693ecebc59e14-dirty,1,pager,80,24,362,15410,146487,80,24,850,23,146217,138262,1,82,13562
fc1a1cd2d37a9100a80a496108f693ecebc59e14-dirty,1,pager,80,24,363,15486,139024,80,24,831,23,138754,135149,1,110,18120
fc1a1cd2d37a9100a80a496108f693ecebc59e14-dirty,1,pager,80,24,364,15488,129019,80,24,808,23,128749,131435,1,95,15674
fc1a1cd2d37a9100a80a496108f693ecebc59e14-dirty,1,pager,80,24,365,15567,138070,80,24,839,23,137800,136509,1,150,24641
fc1a1cd2d37a9100a80a496108f693ecebc59e14-dirty,1,pager,80,24,366,15569,127747,80,24,850,23,127477,138358,1,92,15184
fc1a1cd2d37a9100a80a496108f693ecebc59e14-dirty,1,pager,80,24,367,15649,139342,80,24,860,23,139072,139994,1,149,24478
fc1a1cd2d37a9100a80a496108f693ecebc59e14-dirty,1,pager,80,24,368,15650,138229,80,24,919,23,137959,149593,1,82,13562
fc1a1cd2d37a9100a80a496108f693ecebc59e14-dirty,1,pager,80,24,369,15725,136956,80,24,907,23,136686,147627,1,91,15022
fc1a1cd2d37a9100a80a496108f693ecebc59e14-dirty,1,pager,80,24,370,15727,140772,80,24,905,23,140502,147280,1,106,17467
fc1a1cd2d37a9100a80a496108f693ecebc59e14-dirty,1,pager,80,24,371,15766,143793,80,24,920,23,143523,149693,1,102,16815
fc1a1cd2d37a9100a80a496108f693ecebc59e14-dirty,1,pager,80,24,372,15848,131562,80,24,879,23,131292,143041,1,81,13400
fc1a1cd2d37a9100a80a496108f693ecebc59e14-dirty,1,pager,80,24,373,15849,142362,80,24,858,23,142092,139606,1,123,20238
fc1a1cd2d37a9100a80a496108f693ecebc59e14-dirty,1,pager,80,24,374,15929,143952,80,24,871,23,143682,141678,1,106,17467
fc1a1cd2d37a9100a80a496108f693ecebc59e14-dirty,1,pager,80,24,375,15931,143634,80,24,881,23,143364,143310,1,81,13400
fc1a1cd2d37a9100a80a496108f693ecebc59e14-dirty,1,pager,80,24,376,15970,145224,80,24,889,23,144954,144579,1,90,14859
fc1a1cd2d37a9100a80a496108f693ecebc59e14-dirty,1,pager,80,24,377,16006,132993,80,24,847,23,132723,137756,1,81,13400
fc1a1cd2d37a9100a80a496108f693ecebc59e14-dirty,1,pager,80,24,378,16046,126327,80,24,854,23,126057,138842,1,114,18771
fc1a1cd2d37a9100a80a496108f693ecebc59e14-dirty,1,pager,80,24,379,16086,114096,80,24,862,23,113826,140089,1,81,13400
fc1a1cd2d37a9100a80a496108f693ecebc59e14-dirty,1,pager,80,24,380,16167,105204,80,24,839,23,104934,136300,1,98,16163
fc1a1cd2d37a9100a80a496108f693ecebc59e14-dirty,1,pager,80,24,381,16169,98220,80,24,837,23,97950,135931,1,112,18447
fc1a1cd2d37a9100a80a496108f693ecebc59e14-dirty,1,pager,80,24,382,16248,95994,80,24,840,23,95724,136432,1,98,16165
fc1a1cd2d37a9100a80a496108f693ecebc59e14-dirty,1,pager,80,24,383,16249,87897,80,24,792,23,87627,128665,1,105,17306
fc1a1cd2d37a9100a80a496108f693ecebc59e14-dirty,1,pager,80,24,384,16289,89964,80,24,744,23,89694,120899,1,100,16491
fc1a1cd2d37a9100a80a496108f693ecebc59e14-dirty,1,pager,80,24,385,16329,89805,80,24,756,23,89535,122842,1,81,13400
fc1a1cd2d37a9100a80a496108f693ecebc59e14-dirty,1,pager,80,24,386,16369,85035,80,24,727,23,84765,118109,1,81,13400
fc1a1cd2d37a9100a80a496108f693ecebc59e14-dirty,1,pager,80,24,387,16405,85194,80,24,711,23,84924,115497,1,93,15348
fc1a1cd2d37a9100a80a496108f693ecebc59e14-dirty,1,pager,80,24,388,16485,85194,80,24,678,23,84924,110164,1,115,18937
fc1a1cd2d37a9100a80a496108f693ecebc59e14-dirty,1,pager,80,24,389,16486,95517,80,24,648,23,95247,105343,1,120,19755
fc1a1cd2d37a9100a80a496108f693ecebc59e14-dirty,1,pager,80,24,390,16566,86784,80,24,614,23,86514,99873,1,98,16169
fc1a1cd2d37a9100a80a496108f693ecebc59e14-dirty,1,pager,80,24,391,16567,92032,80,24,582,23,91762,94699,1,116,19105
fc1a1cd2d37a9100a80a496108f693ecebc59e14-dirty,1,pager,80,24,392,16607,93146,80,24,605,23,92876,98434,1,100,16497
fc1a1cd2d37a9100a80a496108f693ecebc59e14-dirty,1,pager,80,24,393,16647,89489,80,24,608,23,89219,98922,1,83,13724
fc1a1cd2d37a9100a80a496108f693ecebc59e14-dirty,1,pager,80,24,394,16687,98381,80,24,629,23,98111,102328,1,119,19592
fc1a1cd2d37a9100a80a496108f693ecebc59e14-dirty,1,pager,80,24,395,16768,98381,80,24,645,23,98111,104934,1,81,13400
fc1a1cd2d37a9100a80a496108f693ecebc59e14-dirty,1,pager,80,24,396,16769,87263,80,24,607,23,86993,98765,1,86,14213
fc1a1cd2d37a9100a80a496108f693ecebc59e14-dirty,1,pager,80,24,397,16809,95519,80,24,634,23,95249,103172,1,136,22365
fc1a1cd2d37a9100a80a496108f693ecebc59e14-dirty,1,pager,80,24,398,16849,99336,80,24,663,23,99066,107914,1,105,17312
fc1a1cd2d37a9100a80a496108f693ecebc59e14-dirty,1,pager,80,24,399,16890,99019,80,24,678,23,98749,110377,1,89,14704
fc1a1cd2d37a9100a80a496108f693ecebc59e14-dirty,1,pager,80,24,400,16966,102518,80,24,687,23,102248,111850,1,101,16660
fc1a1cd2d37a9100a80a496108f693ecebc59e14-dirty,1,pager,80,24,401,16967,97271,80,24,674,23,97001,109733,1,82,13562
fc1a1cd2d37a9100a80a496108f693ecebc59e14-dirty,1,pager,80,24,402,17046,97589,80,24,642,23,97319,104514,1,82,13562
fc1a1cd2d37a9100a80a496108f693ecebc59e14-dirty,1,pager,80,24,403,17047,94250,80,24,625,23,93980,101731,1,81,13400
fc1a1cd2d37a9100a80a496108f693ecebc59e14-dirty,1,pager,80,24,404,17087,101234,80,24,630,23,100964,102544,1,119,19589
fc1a1cd2d37a9100a80a496108f693ecebc59e14-dirty,1,pager,80,24,405,17168,101870,80,24,639,23,101600,104008,1,100,16495
fc1a1cd2d37a9100a80a496108f693ecebc59e14-dirty,1,pager,80,24,406,17169,103302,80,24,650,23,103032,105809,1,114,18779
fc1a1cd2d37a9100a80a496108f693ecebc59e14-dirty,1,pager,80,24,407,17248,100440,80,24,660,23,100170,107429,1,82,13562
fc1a1cd2d37a9100a80a496108f693ecebc59e14-dirty,1,pager,80,24,408,17250,112512,80,24,685,23,112242,111491,1,126,20733
fc1a1cd2d37a9100a80a496108f693ecebc59e14-dirty,1,pager,80,24,409,17289,118077,80,24,718,23,117807,116867,1,114,18777
fc1a1cd2d37a9100a80a496108f693ecebc59e14-dirty,1,pager,80,24,410,17365,116010,80,24,739,23,115740,120250,1,82,13562
fc1a1cd2d37a9100a80a496108f693ecebc59e14-dirty,1,pager,80,24,411,17366,103779,80,24,700,23,103509,113887,1,81,13400
fc1a1cd2d37a9100a80a496108f693ecebc59e14-dirty,1,pager,80,24,412,17406,93456,80,24,667,23,93186,108526,1,92,15187
fc1a1cd2d37a9100a80a496108f693ecebc59e14-dirty,1,pager,80,24,413,17486,102189,80,24,667,23,101919,108539,1,117,19263
fc1a1cd2d37a9100a80a496108f693ecebc59e14-dirty,1,pager,80,24,414,17487,101870,80,24,668,23,101600,108716,1,110,18125
fc1a1cd2d37a9100a80a496108f693ecebc59e14-dirty,1,pager,80,24,415,17527,111238,80,24,676,23,110968,110052,1,126,20733
fc1a1cd2d37a9100a80a496108f693ecebc59e14-dirty,1,pager,80,24,416,17608,116008,80,24,698,23,115738,113660,1,113,18614
fc1a1cd2d37a9100a80a496108f693ecebc59e14-dirty,1,pager,80,24,417,17609,105845,80,24,694,23,105575,113008,1,92,15193
fc1a1cd2d37a9100a80a496108f693ecebc59e14-dirty,1,pager,80,24,418,17649,118076,80,24,699,23,117806,113823,1,119,19594
fc1a1cd2d37a9100a80a496108f693ecebc59e14-dirty,1,pager,80,24,419,17730,119826,80,24,735,23,119556,119662,1,100,16497
fc1a1cd2d37a9100a80a496108f693ecebc59e14-dirty,1,pager,80,24,420,17731,119826,80,24,732,23,119556,119200,1,132,21713
fc1a1cd2d37a9100a80a496108f693ecebc59e14-dirty,1,pager,80,24,421,17766,117600,80,24,726,23,117330,118232,1,91,15030
fc1a1cd2d37a9100a80a496108f693ecebc59e14-dirty,1,pager,80,24,422,17847,116646,80,24,713,23,116376,116104,1,83,13726
fc1a1cd2d37a9100a80a496108f693ecebc59e14-dirty,1,pager,80,24,423,17848,114897,80,24,705,23,114627,114785,1,92,15193
fc1a1cd2d37a9100a80a496108f693ecebc59e14-dirty,1,pager,80,24,424,17887,117123,80,24,698,23,116853,113663,1,95,15680
fc1a1cd2d37a9100a80a496108f693ecebc59e14-dirty,1,pager,80,24,425,17969,117760,80,24,710,23,117490,115610,1,86,14215
fc1a1cd2d37a9100a80a496108f693ecebc59e14-dirty,1,pager,80,24,426,17970,123485,80,24,743,23,123215,120953,1,116,19105
fc1a1cd2d37a9100a80a496108f693ecebc59e14-dirty,1,pager,80,24,427,18050,114594,80,24,740,23,114324,120468,1,100,16497
fc1a1cd2d37a9100a80a496108f693ecebc59e14-dirty,1,pager,80,24,428,18051,111414,80,24,720,23,111144,117210,1,82,13562
fc1a1cd2d37a9100a80a496108f693ecebc59e14-dirty,1,pager,80,24,429,18085,106166,80,24,686,23,105896,111661,1,82,13562
fc1a1cd2d37a9100a80a496108f693ecebc59e14-dirty,1,pager,80,24,430,18126,105848,80,24,653,23,105578,106282,1,81,13400
fc1a1cd2d37a9100a80a496108f693ecebc59e14-dirty,1,pager,80,24,431,18207,105848,80,24,663,23,105578,107911,1,136,22360
fc1a1cd2d37a9100a80a496108f693ecebc59e14-dirty,1,pager,80,24,432,18208,112514,80,24,689,23,112244,112140,1,136,22360
fc1a1cd2d37a9100a80a496108f693ecebc59e14-dirty,1,pager,80,24,433,18288,124427,80,24,711,23,124157,115705,1,134,22034
fc1a1cd2d37a9100a80a496108f693ecebc59e14-dirty,1,pager,80,24,434,18289,126335,80,24,764,23,126065,124291,1,92,15187
fc1a1cd2d37a9100a80a496108f693ecebc59e14-dirty,1,pager,80,24,435,18369,136658,80,24,812,23,136388,132114,1,139,22849
fc1a1cd2d37a9100a80a496108f693ecebc59e14-dirty,1,pager,80,24,436,18370,129674,80,24,836,23,129404,136054,1,110,18125
fc1a1cd2d37a9100a80a496108f693ecebc59e14-dirty,1,pager,80,24,437,18410,129674,80,24,805,23,129404,131031,1,110,18125
fc1a1cd2d37a9100a80a496108f693ecebc59e14-dirty,1,pager,80,24,438,18486,119351,80,24,793,23,119081,129101,1,90,14865
fc1a1cd2d37a9100a80a496108f693ecebc59e14-dirty,1,pager,80,24,439,18487,115854,80,24,764,23,115584,124381,1,90,14867
fc1a1cd2d37a9100a80a496108f693ecebc59e14-dirty,1,pager,80,24,440,18568,119511,80,24,764,23,119241,124382,1,118,19431
fc1a1cd2d37a9100a80a496108f693ecebc59e14-dirty,1,pager,80,24,441,18569,119511,80,24,783,23,119241,127502,1,144,23669
fc1a1cd2d37a9100a80a496108f693ecebc59e14-dirty,1,pager,80,24,442,18649,118556,80,24,817,23,118286,133073,1,94,15510
fc1a1cd2d37a9100a80a496108f693ecebc59e14-dirty,1,pager,80,24,443,18651,106643,80,24,775,23,106373,126272,1,82,13562
fc1a1cd2d37a9100a80a496108f693ecebc59e14-dirty,1,pager,80,24,444,18730,107120,80,24,738,23,106850,120234,1,92,15193
fc1a1cd2d37a9100a80a496108f693ecebc59e14-dirty,1,pager,80,24,445,18731,106960,80,24,738,23,106690,120185,1,82,13562
fc1a1cd2d37a9100a80a496108f693ecebc59e14-dirty,1,pager,80,24,446,18806,117441,80,24,790,23,117171,128614,1,144,23667
fc1a1cd2d37a9100a80a496108f693ecebc59e14-dirty,1,pager,80,24,447,18807,118236,80,24,841,23,117966,136887,1,100,16495
fc1a1cd2d37a9100a80a496108f693ecebc59e14-dirty,1,pager,80,24,448,18887,119985,80,24,847,23,119715,137820,1,96,15845
fc1a1cd2d37a9100a80a496108f693ecebc59e14-dirty,1,pager,80,24,449,18889,120144,80,24,848,23,119874,137955,1,116,19105
fc1a1cd2d37a9100a80a496108f693ecebc59e14-dirty,1,pager,80,24,450,18969,120144,80,24,848,23,119874,137982,1,100,16497
fc1a1cd2d37a9100a80a496108f693ecebc59e14-dirty,1,pager,80,24,451,18970,120303,80,24,849,23,120033,138134,1,83,13724
fc1a1cd2d37a9100a80a496108f693ecebc59e14-dirty,1,pager,80,24,452,19050,120303,80,24,850,23,120033,138284,1,82,13562
fc1a1cd2d37a9100a80a496108f693ecebc59e14-dirty,1,pager,80,24,453,19051,120303,80,24,850,23,120033,138251,1,81,13400
fc1a1cd2d37a9100a80a496108f693ecebc59e14-dirty,1,pager,80,24,454,19126,120303,80,24,835,23,120033,135799,1,121,19915
fc1a1cd2d37a9100a80a496108f693ecebc59e14-dirty,1,pager,80,24,455,19127,120303,80,24,826,23,120033,134314,1,128,21059
fc1a1cd2d37a9100a80a496108f693ecebc59e14-dirty,1,pager,80,24,456,19207,108390,80,24,818,23,108120,133051,1,82,13562
fc1a1cd2d37a9100a80a496108f693ecebc59e14-dirty,1,pager,80,24,457,19208,106482,80,24,765,23,106212,124459,1,81,13400
fc1a1cd2d37a9100a80a496108f693ecebc59e14-dirty,1,pager,80,24,458,19288,106482,80,24,756,23,106212,123040,1,131,21545
fc1a1cd2d37a9100a80a496108f693ecebc59e14-dirty,1,pager,80,24,459,19289,101553,80,24,741,23,101283,120597,1,84,13886
fc1a1cd2d37a9100a80a496108f693ecebc59e14-dirty,1,pager,80,24,460,19369,108537,80,24,784,23,108267,127548,1,135,22198
fc1a1cd2d37a9100a80a496108f693ecebc59e14-dirty,1,pager,80,24,461,19370,118860,80,24,808,23,118590,131470,1,132,21708
fc1a1cd2d37a9100a80a496108f693ecebc59e14-dirty,1,pager,80,24,462,19410,129341,80,24,842,23,129071,136991,1,120,19752
fc1a1cd2d37a9100a80a496108f693ecebc59e14-dirty,1,pager,80,24,463,19451,135847,80,24,850,23,135577,138288,1,122,20077
fc1a1cd2d37a9100a80a496108f693ecebc59e14-dirty,1,pager,80,24,464,19527,126796,80,24,830,23,126526,135063,1,100,16495
fc1a1cd2d37a9100a80a496108f693ecebc59e14-dirty,1,pager,80,24,465,19528,125206,80,24,775,23,124936,126177,1,82,13562
fc1a1cd2d37a9100a80a496108f693ecebc59e14-dirty,1,pager,80,24,466,19567,124888,80,24,762,23,124618,124080,1,81,13400
fc1a1cd2d37a9100a80a496108f693ecebc59e14-dirty,1,pager,80,24,467,19649,135051,80,24,819,23,134781,133339,1,150,24642
fc1a1cd2d37a9100a80a496108f693ecebc59e14-dirty,1,pager,80,24,468,19650,136005,80,24,881,23,135735,143397,1,89,14696
fc1a1cd2d37a9100a80a496108f693ecebc59e14-dirty,1,pager,80,24,469,19730,136005,80,24,878,23,135735,142915,1,133,21874
fc1a1cd2d37a9100a80a496108f693ecebc59e14-dirty,1,pager,80,24,470,19732,136324,80,24,866,23,136054,141023,1,106,17475
fc1a1cd2d37a9100a80a496108f693ecebc59e14-dirty,1,pager,80,24,471,19771,137755,80,24,877,23,137485,142788,1,109,17964
fc1a1cd2d37a9100a80a496108f693ecebc59e14-dirty,1,pager,80,24,472,19807,137757,80,24,873,23,137487,142126,1,115,18944
fc1a1cd2d37a9100a80a496108f693ecebc59e14-dirty,1,pager,80,24,473,19847,134895,80,24,875,23,134625,142436,1,84,13889
fc1a1cd2d37a9100a80a496108f693ecebc59e14-dirty,1,pager,80,24,474,19888,134736,80,24,858,23,134466,139633,1,82,13562
fc1a1cd2d37a9100a80a496108f693ecebc59e14-dirty,1,pager,80,24,475,19929,139824,80,24,885,23,139554,143990,1,111,18288
fc1a1cd2d37a9100a80a496108f693ecebc59e14-dirty,1,pager,80,24,476,19970,143163,80,24,914,23,142893,148675,1,99,16332
fc1a1cd2d37a9100a80a496108f693ecebc59e14-dirty,1,pager,80,24,477,20010,143163,80,24,932,23,142893,151610,1,135,22202
fc1a1cd2d37a9100a80a496108f693ecebc59e14-dirty,1,pager,80,24,478,20051,143163,80,24,927,23,142893,150831,1,140,23017
fc1a1cd2d37a9100a80a496108f693ecebc59e14-dirty,1,pager,80,24,479,20087,155076,80,24,923,23,154806,150229,1,140,23017
fc1a1cd2d37a9100a80a496108f693ecebc59e14-dirty,1,pager,80,24,480,20168,167307,80,24,971,23,167037,157986,1,142,23343
fc1a1cd2d37a9100a80a496108f693ecebc59e14-dirty,1,pager,80,24,481,20170,167307,80,24,970,23,167037,157804,1,140,23017
fc1a1cd2d37a9100a80a496108f693ecebc59e14-dirty,1,pager,80,24,482,20250,172714,80,24,971,23,172444,157956,1,113,18616
fc1a1cd2d37a9100a80a496108f693ecebc59e14-dirty,1,pager,80,24,483,20251,164618,80,24,953,23,164348,155021,1,106,17475
fc1a1cd2d37a9100a80a496108f693ecebc59e14-dirty,1,pager,80,24,484,20291,153819,80,24,924,23,153549,150319,1,89,14704
fc1a1cd2d37a9100a80a496108f693ecebc59e14-dirty,1,pager,80,24,485,20331,141907,80,24,885,23,141637,143981,1,82,13563
fc1a1cd2d37a9100a80a496108f693ecebc59e14-dirty,1,pager,80,24,486,20407,129994,80,24,845,23,129724,137471,1,82,13562
fc1a1cd2d37a9100a80a496108f693ecebc59e14-dirty,1,pager,80,24,487,20409,127132,80,24,805,23,126862,130993,1,82,13562
fc1a1cd2d37a9100a80a496108f693ecebc59e14-dirty,1,pager,80,24,488,20489,126814,80,24,786,23,126544,127888,1,81,13400
fc1a1cd2d37a9100a80a496108f693ecebc59e14-dirty,1,pager,80,24,489,20490,139045,80,24,832,23,138775,135352,1,128,21055
fc1a1cd2d37a9100a80a496108f693ecebc59e14-dirty,1,pager,80,24,490,20529,132856,80,24,808,23,132586,131450,1,119,19592
fc1a1cd2d37a9100a80a496108f693ecebc59e14-dirty,1,pager,80,24,491,20611,131902,80,24,773,23,131632,125780,1,82,13562
fc1a1cd2d37a9100a80a496108f693ecebc59e14-dirty,1,pager,80,24,492,20612,119671,80,24,714,23,119401,116188,1,81,13400
fc1a1cd2d37a9100a80a496108f693ecebc59e14-dirty,1,pager,80,24,493,20687,128244,80,24,699,23,127974,113744,1,119,19589
fc1a1cd2d37a9100a80a496108f693ecebc59e14-dirty,1,pager,80,24,494,20688,127130,80,24,705,23,126860,114699,1,96,15843
fc1a1cd2d37a9100a80a496108f693ecebc59e14-dirty,1,pager,80,24,495,20768,122517,80,24,688,23,122247,111907,1,88,14541
fc1a1cd2d37a9100a80a496108f693ecebc59e14-dirty,1,pager,80,24,496,20769,124584,80,24,665,23,124314,108162,1,96,15845
fc1a1cd2d37a9100a80a496108f693ecebc59e14-dirty,1,pager,80,24,497,20849,126811,80,24,661,22,123822,107490,1,96,15845
fc1a1cd2d37a9100a80a496108f693ecebc59e14-dirty,1,pager,80,24,498,20850,133636,80,24,677,22,130647,110121,1,128,21061
fc1a1cd2d37a9100a80a496108f693ecebc59e14-dirty,1,pager,80,24,499,20890,132364,80,24,697,22,129375,113409,1,91,15028
fc1a1cd2d37a9100a80a496108f693ecebc59e14-dirty,1,pager,80,24,500,20971,132364,80,24,683,22,129375,111183,1,122,20083
fc1a1cd2d37a9100a80a496108f693ecebc59e14-dirty,1,pager,80,24,501,20973,120451,80,24,679,22,117462,110575,1,82,13562
fc1a1cd2d37a9100a80a496108f693ecebc59e14-dirty,1,pager,80,24,502,21047,109492,80,24,642,22,106503,104539,1,88,14539
fc1a1cd2d37a9100a80a496108f693ecebc59e14-dirty,1,pager,80,24,503,21048,97579,80,24,601,22,94590,97857,1,82,13562
fc1a1cd2d37a9100a80a496108f693ecebc59e14-dirty,1,pager,80,24,504,21087,85348,80,24,553,22,82359,90042,1,81,13400
fc1a1cd2d37a9100a80a496108f693ecebc59e14-dirty,1,pager,80,24,505,21128,91854,80,24,548,22,88865,89269,1,124,20404
fc1a1cd2d37a9100a80a496108f693ecebc59e14-dirty,1,pager,80,24,506,21168,99950,80,24,563,22,96961,91704,1,124,20407
fc1a1cd2d37a9100a80a496108f693ecebc59e14-dirty,1,pager,80,24,507,21249,110749,80,24,577,22,107760,93974,1,116,19103
fc1a1cd2d37a9100a80a496108f693ecebc59e14-dirty,1,pager,80,24,508,21251,122661,80,24,630,22,119672,102608,1,140,23015
fc1a1cd2d37a9100a80a496108f693ecebc59e14-dirty,1,pager,80,24,509,21290,134574,80,24,695,22,131585,113191,1,148,24319
fc1a1cd2d37a9100a80a496108f693ecebc59e14-dirty,1,pager,80,24,510,21367,134574,80,24,761,22,131586,123950,1,82,13562
fc1a1cd2d37a9100a80a496108f693ecebc59e14-dirty,1,pager,80,24,511,21368,134574,80,24,761,22,131586,123905,1,81,13400
fc1a1cd2d37a9100a80a496108f693ecebc59e14-dirty,1,pager,80,24,512,21448,134574,80,24,768,22,131586,125044,1,135,22197
fc1a1cd2d37a9100a80a496108f693ecebc59e14-dirty,1,pager,80,24,513,21450,140763,80,24,778,22,137775,126676,1,119,19592
fc1a1cd2d37a9100a80a496108f693ecebc59e14-dirty,1,pager,80,24,514,21489,152676,80,24,783,22,149688,127491,1,126,20733
fc1a1cd2d37a9100a80a496108f693ecebc59e14-dirty,1,pager,80,24,515,21570,154107,80,24,827,22,151119,134656,1,88,14539
fc1a1cd2d37a9100a80a496108f693ecebc59e14-dirty,1,pager,80,24,516,21572,142672,80,24,797,22,139684,129799,1,85,14052
fc1a1cd2d37a9100a80a496108f693ecebc59e14-dirty,1,pager,80,24,517,21611,140924,80,24,766,22,137936,124787,1,88,14541
fc1a1cd2d37a9100a80a496108f693ecebc59e14-dirty,1,pager,80,24,518,21647,145694,80,24,789,22,142706,128509,1,117,19268
fc1a1cd2d37a9100a80a496108f693ecebc59e14-dirty,1,pager,80,24,519,21688,147284,80,24,812,22,144296,132224,1,105,17312
fc1a1cd2d37a9100a80a496108f693ecebc59e14-dirty,1,pager,80,24,520,21729,149192,80,24,838,23,148922,136423,1,107,17638
fc1a1cd2d37a9100a80a496108f693ecebc59e14-dirty,1,pager,80,24,521,21769,149192,80,24,847,23,148922,137874,1,135,22202
fc1a1cd2d37a9100a80a496108f693ecebc59e14-dirty,1,pager,80,24,522,21851,159356,80,24,848,23,159086,138022,1,125,20572
fc1a1cd2d37a9100a80a496108f693ecebc59e14-dirty,1,pager,80,24,523,21852,147443,80,24,849,23,147173,138162,1,82,13562
fc1a1cd2d37a9100a80a496108f693ecebc59e14-dirty,1,pager,80,24,524,21927,147443,80,24,809,23,147173,131682,1,82,13562
fc1a1cd2d37a9100a80a496108f693ecebc59e14-dirty,1,pager,80,24,525,21929,146171,80,24,803,23,145901,130658,1,81,13400
fc1a1cd2d37a9100a80a496108f693ecebc59e14-dirty,1,pager,80,24,526,22009,158084,80,24,835,23,157814,135824,1,121,19914
fc1a1cd2d37a9100a80a496108f693ecebc59e14-dirty,1,pager,80,24,527,22011,163331,80,24,878,23,163061,142785,1,110,18125
fc1a1cd2d37a9100a80a496108f693ecebc59e14-dirty,1,pager,80,24,528,22050,153644,80,24,866,23,153374,140831,1,95,15680
fc1a1cd2d37a9100a80a496108f693ecebc59e14-dirty,1,pager,80,24,529,22090,153644,80,24,859,23,153374,139733,1,118,19431
fc1a1cd2d37a9100a80a496108f693ecebc59e14-dirty,1,pager,80,24,530,22167,153644,80,24,868,23,153374,141233,1,128,21061
fc1a1cd2d37a9100a80a496108f693ecebc59e14-dirty,1,pager,80,24,531,22168,141731,80,24,854,23,141461,138975,1,82,13562
fc1a1cd2d37a9100a80a496108f693ecebc59e14-dirty,1,pager,80,24,532,22207,129818,80,24,789,23,129548,128409,1,82,13562
fc1a1cd2d37a9100a80a496108f693ecebc59e14-dirty,1,pager,80,24,533,22248,129500,80,24,722,23,129230,117532,1,81,13400
fc1a1cd2d37a9100a80a496108f693ecebc59e14-dirty,1,pager,80,24,534,22289,141731,80,24,789,23,141461,128395,1,149,24479
fc1a1cd2d37a9100a80a496108f693ecebc59e14-dirty,1,pager,80,24,535,22370,132044,80,24,807,23,131774,131328,1,96,15836
fc1a1cd2d37a9100a80a496108f693ecebc59e14-dirty,1,pager,80,24,536,22371,132044,80,24,801,23,131774,130355,1,121,19918
fc1a1cd2d37a9100a80a496108f693ecebc59e14-dirty,1,pager,80,24,537,22411,125220,80,24,795,23,124950,129417,1,112,18453
fc1a1cd2d37a9100a80a496108f693ecebc59e14-dirty,1,pager,80,24,538,22487,124107,80,24,782,23,123837,127343,1,82,13562
fc1a1cd2d37a9100a80a496108f693ecebc59e14-dirty,1,pager,80,24,539,22488,126332,80,24,790,23,126062,128615,1,97,16006
fc1a1cd2d37a9100a80a496108f693ecebc59e14-dirty,1,pager,80,24,540,22568,137290,80,24,838,23,137020,136399,1,131,21550
fc1a1cd2d37a9100a80a496108f693ecebc59e14-dirty,1,pager,80,24,541,22570,143478,80,24,840,23,143208,136731,1,134,22039
fc1a1cd2d37a9100a80a496108f693ecebc59e14-dirty,1,pager,80,24,542,22650,141729,80,24,845,23,141459,137542,1,96,15845
fc1a1cd2d37a9100a80a496108f693ecebc59e14-dirty,1,pager,80,24,543,22651,139662,80,24,834,23,139392,135727,1,95,15682
fc1a1cd2d37a9100a80a496108f693ecebc59e14-dirty,1,pager,80,24,544,22731,130135,80,24,783,23,129865,127421,1,97,16008
fc1a1cd2d37a9100a80a496108f693ecebc59e14-dirty,1,pager,80,24,545,22732,120767,80,24,737,23,120497,119972,1,98,16171
fc1a1cd2d37a9100a80a496108f693ecebc59e14-dirty,1,pager,80,24,546,22772,123948,80,24,702,23,123678,114312,1,103,16986
fc1a1cd2d37a9100a80a496108f693ecebc59e14-dirty,1,pager,80,24,547,22848,128719,80,24,712,23,128449,115878,1,111,18290
fc1a1cd2d37a9100a80a496108f693ecebc59e14-dirty,1,pager,80,24,548,22849,129037,80,24,742,23,128767,120697,1,82,13562
fc1a1cd2d37a9100a80a496108f693ecebc59e14-dirty,1,pager,80,24,549,22929,117124,80,24,704,23,116854,114498,1,82,13562
fc1a1cd2d37a9100a80a496108f693ecebc59e14-dirty,1,pager,80,24,550,22930,111877,80,24,661,23,111607,107500,1,81,13400
fc1a1cd2d37a9100a80a496108f693ecebc59e14-dirty,1,pager,80,24,551,23010,121564,80,24,698,23,121294,113526,1,149,24479
fc1a1cd2d37a9100a80a496108f693ecebc59e14-dirty,1,pager,80,24,552,23011,109651,80,24,726,23,109381,118111,1,82,13562
fc1a1cd2d37a9100a80a496108f693ecebc59e14-dirty,1,pager,80,24,553,23051,109651,80,24,717,23,109381,116635,1,119,19592
fc1a1cd2d37a9100a80a496108f693ecebc59e14-dirty,1,pager,80,24,554,23091,113468,80,24,705,23,113198,114687,1,99,16334
fc1a1cd2d37a9100a80a496108f693ecebc59e14-dirty,1,pager,80,24,555,23167,114900,80,24,724,23,114630,117746,1,92,15193
fc1a1cd2d37a9100a80a496108f693ecebc59e14-dirty,1,pager,80,24,556,23168,116332,80,24,736,23,116062,119689,1,87,14378
fc1a1cd2d37a9100a80a496108f693ecebc59e14-dirty,1,pager,80,24,557,23208,106169,80,24,683,23,105899,111119,1,94,15519
fc1a1cd2d37a9100a80a496108f693ecebc59e14-dirty,1,pager,80,24,558,23289,104103,80,24,626,23,103833,101904,1,83,13726
fc1a1cd2d37a9100a80a496108f693ecebc59e14-dirty,1,pager,80,24,559,23290,94576,80,24,593,23,94306,96574,1,97,16008
fc1a1cd2d37a9100a80a496108f693ecebc59e14-dirty,1,pager,80,24,560,23329,90919,80,24,570,23,90649,92853,1,90,14867
fc1a1cd2d37a9100a80a496108f693ecebc59e14-dirty,1,pager,80,24,561,23370,91556,80,24,548,23,91286,89269,1,86,14215
fc1a1cd2d37a9100a80a496108f693ecebc59e14-dirty,1,pager,80,24,562,23410,93624,80,24,561,23,93354,91404,1,112,18453
fc1a1cd2d37a9100a80a496108f693ecebc59e14-dirty,1,pager,80,24,563,23491,81871,80,24,540,23,81601,88036,1,83,13726
fc1a1cd2d37a9100a80a496108f693ecebc59e14-dirty,1,pager,80,24,564,23491,70595,80,24,506,23,70325,82465,1,86,14215
fc1a1cd2d37a9100a80a496108f693ecebc59e14-dirty,1,pager,80,24,565,23531,68528,80,24,471,23,68258,76733,1,83,13726
fc1a1cd2d37a9100a80a496108f693ecebc59e14-dirty,1,pager,80,24,566,23566,67573,80,24,462,23,67303,75241,1,87,14377
fc1a1cd2d37a9100a80a496108f693ecebc59e14-dirty,1,pager,80,24,567,23607,68845,80,24,483,23,68575,78631,1,105,17312
fc1a1cd2d37a9100a80a496108f693ecebc59e14-dirty,1,pager,80,24,568,23647,66778,80,24,502,23,66508,81712,1,85,14052
fc1a1cd2d37a9100a80a496108f693ecebc59e14-dirty,1,pager,80,24,569,23687,63597,80,24,497,23,63327,80893,1,82,13562
fc1a1cd2d37a9100a80a496108f693ecebc59e14-dirty,1,pager,80,24,570,23728,58826,80,24,487,23,58556,79258,1,82,13562
fc1a1cd2d37a9100a80a496108f693ecebc59e14-dirty,1,pager,80,24,571,23768,58508,80,24,457,23,58238,74384,1,81,13400
fc1a1cd2d37a9100a80a496108f693ecebc59e14-dirty,1,pager,80,24,572,23809,70421,80,24,498,23,70151,81050,1,124,20404
fc1a1cd2d37a9100a80a496108f693ecebc59e14-dirty,1,pager,80,24,573,23849,82652,80,24,552,23,82382,89834,1,130,21385
fc1a1cd2d37a9100a80a496108f693ecebc59e14-dirty,1,pager,80,24,574,23930,82652,80,24,535,23,82382,87124,1,129,21224
fc1a1cd2d37a9100a80a496108f693ecebc59e14-dirty,1,pager,80,24,575,23931,94565,80,24,511,23,94295,83258,1,132,21713
fc1a1cd2d37a9100a80a496108f693ecebc59e14-dirty,1,pager,80,24,576,24011,94565,80,24,533,23,94295,86853,1,145,23832
fc1a1cd2d37a9100a80a496108f693ecebc59e14-dirty,1,pager,80,24,577,24012,90589,80,24,562,23,90319,91612,1,81,13400
fc1a1cd2d37a9100a80a496108f693ecebc59e14-dirty,1,pager,80,24,578,24051,89157,80,24,543,23,88887,88527,1,82,13562
fc1a1cd2d37a9100a80a496108f693ecebc59e14-dirty,1,pager,80,24,579,24087,88043,80,24,532,23,87773,86739,1,82,13562
fc1a1cd2d37a9100a80a496108f693ecebc59e14-dirty,1,pager,80,24,580,24127,86134,80,24,519,23,85864,84608,1,81,13400
fc1a1cd2d37a9100a80a496108f693ecebc59e14-dirty,1,pager,80,24,581,24167,85656,80,24,505,23,85386,82316,1,81,13400
fc1a1cd2d37a9100a80a496108f693ecebc59e14-dirty,1,pager,80,24,582,24208,95183,80,24,548,23,94913,89327,1,139,22846
fc1a1cd2d37a9100a80a496108f693ecebc59e14-dirty,1,pager,80,24,583,24248,97408,80,24,594,23,97138,96828,1,104,17140
fc1a1cd2d37a9100a80a496108f693ecebc59e14-dirty,1,pager,80,24,584,24329,100269,80,24,608,23,99999,99109,1,102,16815
fc1a1cd2d37a9100a80a496108f693ecebc59e14-dirty,1,pager,80,24,585,24330,99314,80,24,610,23,99044,99411,1,107,17632
fc1a1cd2d37a9100a80a496108f693ecebc59e14-dirty,1,pager,80,24,586,24410,98995,80,24,604,23,98725,98404,1,81,13400
fc1a1cd2d37a9100a80a496108f693ecebc59e14-dirty,1,pager,80,24,587,24411,98040,80,24,600,23,97770,97705,1,81,13400
fc1a1cd2d37a9100a80a496108f693ecebc59e14-dirty,1,pager,80,24,588,24451,101219,80,24,613,23,100949,99777,1,100,16489
fc1a1cd2d37a9100a80a496108f693ecebc59e14-dirty,1,pager,80,24,589,24527,104240,80,24,636,23,103970,103462,1,104,17144
fc1a1cd2d37a9100a80a496108f693ecebc59e14-dirty,1,pager,80,24,590,24528,112495,80,24,658,23,112225,107004,1,125,20570
fc1a1cd2d37a9100a80a496108f693ecebc59e14-dirty,1,pager,80,24,591,24608,112017,80,24,679,23,111747,110446,1,82,13562
fc1a1cd2d37a9100a80a496108f693ecebc59e14-dirty,1,pager,80,24,592,24609,111858,80,24,676,23,111588,109959,1,81,13400
fc1a1cd2d37a9100a80a496108f693ecebc59e14-dirty,1,pager,80,24,593,24649,111540,80,24,675,23,111270,109797,1,81,13400
fc1a1cd2d37a9100a80a496108f693ecebc59e14-dirty,1,pager,80,24,594,24690,123771,80,24,710,23,123501,115494,1,116,19097
fc1a1cd2d37a9100a80a496108f693ecebc59e14-dirty,1,pager,80,24,595,24771,117423,80,24,702,23,117153,114169,1,113,18611
fc1a1cd2d37a9100a80a496108f693ecebc59e14-dirty,1,pager,80,24,596,24772,117423,80,24,687,23,117153,111718,1,115,18940
fc1a1cd2d37a9100a80a496108f693ecebc59e14-dirty,1,pager,80,24,597,24852,117423,80,24,688,23,117153,111908,1,132,21713
fc1a1cd2d37a9100a80a496108f693ecebc59e14-dirty,1,pager,80,24,598,24853,105510,80,24,695,23,105240,113062,1,82,13562
fc1a1cd2d37a9100a80a496108f693ecebc59e14-dirty,1,pager,80,24,599,24887,93597,80,24,636,23,93327,103477,1,82,13562
fc1a1cd2d37a9100a80a496108f693ecebc59e14-dirty,1,pager,80,24,600,24927,93597,80,24,573,23,93327,93271,1,81,13400
fc1a1cd2d37a9100a80a496108f693ecebc59e14-dirty,1,pager,80,24,601,24968,93279,80,24,572,23,93009,93091,1,81,13400
fc1a1cd2d37a9100a80a496108f693ecebc59e14-dirty,1,pager,80,24,602,25008,105192,80,24,619,23,104922,100718,1,129,21216
fc1a1cd2d37a9100a80a496108f693ecebc59e14-dirty,1,pager,80,24,603,25049,117264,80,24,671,23,116994,109142,1,124,20404
fc1a1cd2d37a9100a80a496108f693ecebc59e14-dirty,1,pager,80,24,604,25090,129501,80,24,737,23,129231,119858,1,144,23673
fc1a1cd2d37a9100a80a496108f693ecebc59e14-dirty,1,pager,80,24,605,25131,118701,80,24,744,23,118431,121060,1,87,14373
fc1a1cd2d37a9100a80a496108f693ecebc59e14-dirty,1,pager,80,24,606,25171,118701,80,24,709,23,118431,115421,1,105,17310
fc1a1cd2d37a9100a80a496108f693ecebc59e14-dirty,1,pager,80,24,607,25252,115203,80,24,710,23,114933,115579,1,82,13562
fc1a1cd2d37a9100a80a496108f693ecebc59e14-dirty,1,pager,80,24,608,25253,111228,80,24,681,23,110958,110856,1,81,13400
fc1a1cd2d37a9100a80a496108f693ecebc59e14-dirty,1,pager,80,24,609,25328,111069,80,24,655,23,110799,106611,1,81,13400
fc1a1cd2d37a9100a80a496108f693ecebc59e14-dirty,1,pager,80,24,610,25329,123300,80,24,713,23,123030,116006,1,139,22846
fc1a1cd2d37a9100a80a496108f693ecebc59e14-dirty,1,pager,80,24,611,25369,125685,80,24,755,23,125415,122820,1,118,19425
fc1a1cd2d37a9100a80a496108f693ecebc59e14-dirty,1,pager,80,24,612,25410,133470,80,24,786,23,133200,127911,1,134,22043
fc1a1cd2d37a9100a80a496108f693ecebc59e14-dirty,1,pager,80,24,613,25451,121398,80,24,793,23,121128,129099,1,81,13400
fc1a1cd2d37a9100a80a496108f693ecebc59e14-dirty,1,pager,80,24,614,25531,121080,80,24,749,23,120810,121973,1,81,13400
fc1a1cd2d37a9100a80a496108f693ecebc59e14-dirty,1,pager,80,24,615,25533,133152,80,24,794,23,132882,129254,1,127,20890
fc1a1cd2d37a9100a80a496108f693ecebc59e14-dirty,1,pager,80,24,616,25572,145383,80,24,841,23,145113,136854,1,121,19915
fc1a1cd2d37a9100a80a496108f693ecebc59e14-dirty,1,pager,80,24,617,25608,136968,80,24,845,23,136698,137479,1,105,17310
fc1a1cd2d37a9100a80a496108f693ecebc59e14-dirty,1,pager,80,24,618,25689,99019,80,24,823,24,99082,133768,0,823,133768
fc1a1cd2d37a9100a80a496108f693ecebc59e14-dirty,2,pager,80,24,1,46,99337,80,24,1,1,848,360,0,1,360
fc1a1cd2d37a9100a80a496108f693ecebc59e14-dirty,2,pager,80,24,2,86,99496,80,24,1,1,1007,360,0,1,360
fc1a1cd2d37a9100a80a496108f693ecebc59e14-dirty,2,pager,80,24,3,122,99655,80,24,1,1,1166,360,0,1,360
fc1a1cd2d37a9100a80a496108f693ecebc59e14-dirty,2,pager,80,24,4,162,99655,80,24,1,1,1166,360,0,1,360
fc1a1cd2d37a9100a80a496108f693ecebc59e14-dirty,2,pager,80,24,5,163,99655,80,24,0,0,199,199,0,0,199
fc1a1cd2d37a9100a80a496108f693ecebc59e14-dirty,2,pager,80,24,6,243,99973,80,24,1,1,1484,360,0,1,360
fc1a1cd2d37a9100a80a496108f693ecebc59e14-dirty,2,pager,80,24,7,244,100132,80,24,1,1,1643,360,0,1,360
fc1a1cd2d37a9100a80a496108f693ecebc59e14-dirty,2,pager,80,24,8,284,100292,80,24,1,1,1803,361,0,1,361
fc1a1cd2d37a9100a80a496108f693ecebc59e14-dirty,2,pager,80,24,9,324,100451,80,24,1,1,1962,362,0,1,362
fc1a1cd2d37a9100a80a496108f693ecebc59e14-dirty,2,pager,80,24,10,365,100610,80,24,1,1,2121,362,0,1,362
fc1a1cd2d37a9100a80a496108f693ecebc59e14-dirty,2,pager,80,24,11,446,100769,80,24,1,1,2280,362,0,1,362
fc1a1cd2d37a9100a80a496108f693ecebc59e14-dirty,2,pager,80,24,12,447,100928,80,24,1,1,2439,362,0,1,362
fc1a1cd2d37a9100a80a496108f693ecebc59e14-dirty,2,pager,80,24,13,522,101087,80,24,1,1,2598,362,0,1,362
fc1a1cd2d37a9100a80a496108f693ecebc59e14-dirty,2,pager,80,24,14,523,101246,80,24,1,1,2757,362,0,1,362
fc1a1cd2d37a9100a80a496108f693ecebc59e14-dirty,2,pager,80,24,15,563,101405,80,24,1,1,2916,362,0,1,362
fc1a1cd2d37a9100a80a496108f693ecebc59e14-dirty,2,pager,80,24,16,605,200941,80,24,1199,24,201004,194926,0,1199,194926
fc1a1cd2d37a9100a80a496108f693ecebc59e14-dirty,2,pager,80,24,17,1644,192069,80,24,1516,24,192132,246603,1,113,18607
fc1a1cd2d37a9100a80a496108f693ecebc59e14-dirty,2,pager,80,24,18,1685,192069,80,24,1472,23,191799,239465,1,135,22200
fc1a1cd2d37a9100a80a496108f693ecebc59e14-dirty,2,pager,80,24,19,1726,203982,80,24,1446,23,203712,235248,1,125,20570
fc1a1cd2d37a9100a80a496108f693ecebc59e14-dirty,2,pager,80,24,20,1767,216213,80,24,1450,23,215943,235828,1,125,20570
fc1a1cd2d37a9100a80a496108f693ecebc59e14-dirty,2,pager,80,24,21,1844,216213,80,24,1396,23,215943,227020,1,125,20570
fc1a1cd2d37a9100a80a496108f693ecebc59e14-dirty,2,pager,80,24,22,1846,223833,80,24,1369,23,223563,222615,1,127,20896
fc1a1cd2d37a9100a80a496108f693ecebc59e14-dirty,2,pager,80,24,23,1885,223833,80,24,1352,23,223563,219843,1,143,23504
fc1a1cd2d37a9100a80a496108f693ecebc59e14-dirty,2,pager,80,24,24,1926,212079,80,24,1355,23,211809,220313,1,83,13724
fc1a1cd2d37a9100a80a496108f693ecebc59e14-dirty,2,pager,80,24,25,1967,205572,80,24,1341,23,205302,217998,1,116,19099
fc1a1cd2d37a9100a80a496108f693ecebc59e14-dirty,2,pager,80,24,26,2008,193500,80,24,1333,23,193230,216655,1,81,13400
fc1a1cd2d37a9100a80a496108f693ecebc59e14-dirty,2,pager,80,24,27,2084,181269,80,24,1289,23,180999,209451,1,81,13400
fc1a1cd2d37a9100a80a496108f693ecebc59e14-dirty,2,pager,80,24,28,2086,181269,80,24,1308,23,180999,212508,1,144,23661
fc1a1cd2d37a9100a80a496108f693ecebc59e14-dirty,2,pager,80,24,29,2166,181269,80,24,1313,23,180999,213300,1,136,22360
fc1a1cd2d37a9100a80a496108f693ecebc59e14-dirty,2,pager,80,24,30,2167,182064,80,24,1292,23,181794,209882,1,95,15680
fc1a1cd2d37a9100a80a496108f693ecebc59e14-dirty,2,pager,80,24,31,2248,172222,80,24,1234,23,171952,200453,1,95,15685
fc1a1cd2d37a9100a80a496108f693ecebc59e14-dirty,2,pager,80,24,32,2249,173177,80,24,1175,23,172907,190874,1,96,15845
fc1a1cd2d37a9100a80a496108f693ecebc59e14-dirty,2,pager,80,24,33,2324,165717,80,24,1127,23,165447,183130,1,110,18127
fc1a1cd2d37a9100a80a496108f693ecebc59e14-dirty,2,pager,80,24,34,2326,163968,80,24,1081,23,163698,175711,1,82,13562
fc1a1cd2d37a9100a80a496108f693ecebc59e14-dirty,2,pager,80,24,35,2405,154122,80,24,1019,23,153852,165654,1,95,15680
fc1a1cd2d37a9100a80a496108f693ecebc59e14-dirty,2,pager,80,24,36,2407,152532,80,24,958,23,152262,155741,1,82,13562
fc1a1cd2d37a9100a80a496108f693ecebc59e14-dirty,2,pager,80,24,37,2487,143640,80,24,901,23,143370,146467,1,100,16492
fc1a1cd2d37a9100a80a496108f693ecebc59e14-dirty,2,pager,80,24,38,2488,153963,80,24,877,23,153693,142601,1,128,21059
fc1a1cd2d37a9100a80a496108f693ecebc59e14-dirty,2,pager,80,24,39,2563,142050,80,24,849,23,141780,138084,1,82,13562
fc1a1cd2d37a9100a80a496108f693ecebc59e14-dirty,2,pager,80,24,40,2565,143640,80,24,794,23,143370,129201,1,101,16658
fc1a1cd2d37a9100a80a496108f693ecebc59e14-dirty,2,pager,80,24,41,2604,131727,80,24,753,23,131457,122523,1,82,13562
fc1a1cd2d37a9100a80a496108f693ecebc59e14-dirty,2,pager,80,24,42,2685,123630,80,24,725,23,123360,117935,1,101,16655
fc1a1cd2d37a9100a80a496108f693ecebc59e14-dirty,2,pager,80,24,43,2686,123630,80,24,771,23,123360,125378,1,135,22196
fc1a1cd2d37a9100a80a496108f693ecebc59e14-dirty,2,pager,80,24,44,2725,111558,80,24,820,23,111288,133346,1,81,13400
fc1a1cd2d37a9100a80a496108f693ecebc59e14-dirty,2,pager,80,24,45,2766,99327,80,24,786,23,99057,127821,1,81,13400
fc1a1cd2d37a9100a80a496108f693ecebc59e14-dirty,2,pager,80,24,46,2847,99327,80,24,781,23,99057,127022,1,128,21053
fc1a1cd2d37a9100a80a496108f693ecebc59e14-dirty,2,pager,80,24,47,2848,101712,80,24,764,23,101442,124281,1,96,15840
fc1a1cd2d37a9100a80a496108f693ecebc59e14-dirty,2,pager,80,24,48,2922,101394,80,24,760,23,101124,123651,1,105,17311
fc1a1cd2d37a9100a80a496108f693ecebc59e14-dirty,2,pager,80,24,49,2924,113466,80,24,761,23,113196,123841,1,119,19592
fc1a1cd2d37a9100a80a496108f693ecebc59e14-dirty,2,pager,80,24,50,3004,125697,80,24,763,23,125427,124149,1,119,19592
fc1a1cd2d37a9100a80a496108f693ecebc59e14-dirty,2,pager,80,24,51,3005,117123,80,24,726,23,116853,118138,1,99,16332
fc1a1cd2d37a9100a80a496108f693ecebc59e14-dirty,2,pager,80,24,52,3085,108550,80,24,681,23,108280,110832,1,100,16497
fc1a1cd2d37a9100a80a496108f693ecebc59e14-dirty,2,pager,80,24,53,3086,109663,80,24,648,23,109393,105491,1,99,16332
fc1a1cd2d37a9100a80a496108f693ecebc59e14-dirty,2,pager,80,24,54,3125,110931,80,24,634,23,110661,103204,1,99,16332
fc1a1cd2d37a9100a80a496108f693ecebc59e14-dirty,2,pager,80,24,55,3206,112679,80,24,637,23,112409,103689,1,103,16984
fc1a1cd2d37a9100a80a496108f693ecebc59e14-dirty,2,pager,80,24,56,3207,111724,80,24,629,23,111454,102360,1,100,16495
fc1a1cd2d37a9100a80a496108f693ecebc59e14-dirty,2,pager,80,24,57,3247,113155,80,24,621,23,112885,101030,1,89,14703
fc1a1cd2d37a9100a80a496108f693ecebc59e14-dirty,2,pager,80,24,58,3283,111088,80,24,616,23,110818,100228,1,82,13562
fc1a1cd2d37a9100a80a496108f693ecebc59e14-dirty,2,pager,80,24,59,3364,110929,80,24,603,23,110659,98077,1,81,13400
fc1a1cd2d37a9100a80a496108f693ecebc59e14-dirty,2,pager,80,24,60,3365,107590,80,24,585,23,107320,95119,1,81,13400
fc1a1cd2d37a9100a80a496108f693ecebc59e14-dirty,2,pager,80,24,61,3404,107590,80,24,595,23,107320,96766,1,142,23335
fc1a1cd2d37a9100a80a496108f693ecebc59e14-dirty,2,pager,80,24,62,3445,113155,80,24,611,23,112885,99379,1,115,18937
fc1a1cd2d37a9100a80a496108f693ecebc59e14-dirty,2,pager,80,24,63,3485,121891,80,24,665,23,121621,108200,1,152,24974
fc1a1cd2d37a9100a80a496108f693ecebc59e14-dirty,2,pager,80,24,64,3567,122050,80,24,718,23,121780,116831,1,83,13724
fc1a1cd2d37a9100a80a496108f693ecebc59e14-dirty,2,pager,80,24,65,3568,119347,80,24,707,23,119077,115033,1,87,14373
fc1a1cd2d37a9100a80a496108f693ecebc59e14-dirty,2,pager,80,24,66,3607,109660,80,24,672,23,109390,109360,1,96,15843
fc1a1cd2d37a9100a80a496108f693ecebc59e14-dirty,2,pager,80,24,67,3643,109819,80,24,633,23,109549,103058,1,82,13562
fc1a1cd2d37a9100a80a496108f693ecebc59e14-dirty,2,pager,80,24,68,3683,109978,80,24,634,23,109708,103201,1,81,13400
fc1a1cd2d37a9100a80a496108f693ecebc59e14-dirty,2,pager,80,24,69,3764,97747,80,24,587,23,97477,95576,1,81,13400
fc1a1cd2d37a9100a80a496108f693ecebc59e14-dirty,2,pager,80,24,70,3765,107116,80,24,581,23,106846,94622,1,121,19912
fc1a1cd2d37a9100a80a496108f693ecebc59e14-dirty,2,pager,80,24,71,3805,106957,80,24,589,23,106687,95944,1,110,18122
fc1a1cd2d37a9100a80a496108f693ecebc59e14-dirty,2,pager,80,24,72,3886,97429,80,24,581,23,97159,94671,1,97,16006
fc1a1cd2d37a9100a80a496108f693ecebc59e14-dirty,2,pager,80,24,73,3887,88537,80,24,585,23,88267,95326,1,101,16658
fc1a1cd2d37a9100a80a496108f693ecebc59e14-dirty,2,pager,80,24,74,3926,88537,80,24,566,23,88267,92195,1,103,16984
fc1a1cd2d37a9100a80a496108f693ecebc59e14-dirty,2,pager,80,24,75,3966,87900,80,24,550,23,87630,89544,1,99,16332
fc1a1cd2d37a9100a80a496108f693ecebc59e14-dirty,2,pager,80,24,76,4002,87264,80,24,533,23,86994,86721,1,99,16332
fc1a1cd2d37a9100a80a496108f693ecebc59e14-dirty,2,pager,80,24,77,4042,86151,80,24,551,23,85881,89581,1,94,15514
fc1a1cd2d37a9100a80a496108f693ecebc59e14-dirty,2,pager,80,24,78,4083,84564,80,24,552,23,84294,89754,1,99,16335
fc1a1cd2d37a9100a80a496108f693ecebc59e14-dirty,2,pager,80,24,79,4123,82179,80,24,553,23,81909,89916,1,87,14373
fc1a1cd2d37a9100a80a496108f693ecebc59e14-dirty,2,pager,80,24,80,4163,86154,80,24,567,23,85884,92201,1,114,18777
fc1a1cd2d37a9100a80a496108f693ecebc59e14-dirty,2,pager,80,24,81,4204,86154,80,24,592,23,85884,96282,1,82,13562
fc1a1cd2d37a9100a80a496108f693ecebc59e14-dirty,2,pager,80,24,82,4244,86154,80,24,592,23,85884,96283,1,81,13400
fc1a1cd2d37a9100a80a496108f693ecebc59e14-dirty,2,pager,80,24,83,4285,86154,80,24,592,23,85884,96243,1,81,13400
fc1a1cd2d37a9100a80a496108f693ecebc59e14-dirty,2,pager,80,24,84,4325,86154,80,24,602,23,85884,97896,1,152,24965
fc1a1cd2d37a9100a80a496108f693ecebc59e14-dirty,2,pager,80,24,85,4406,81384,80,24,611,23,81114,99397,1,86,14210
fc1a1cd2d37a9100a80a496108f693ecebc59e14-dirty,2,pager,80,24,86,4407,73920,80,24,568,23,73650,92448,1,108,17796
fc1a1cd2d37a9100a80a496108f693ecebc59e14-dirty,2,pager,80,24,87,4446,85677,80,24,567,23,85407,92354,1,152,24974
fc1a1cd2d37a9100a80a496108f693ecebc59e14-dirty,2,pager,80,24,88,4486,84882,80,24,633,23,84612,103117,1,84,13886
fc1a1cd2d37a9100a80a496108f693ecebc59e14-dirty,2,pager,80,24,89,4562,85995,80,24,639,23,85725,104102,1,100,16492
fc1a1cd2d37a9100a80a496108f693ecebc59e14-dirty,2,pager,80,24,90,4563,97911,80,24,667,23,97641,108661,1,122,20084
fc1a1cd2d37a9100a80a496108f693ecebc59e14-dirty,2,pager,80,24,91,4604,99183,80,24,709,23,98913,115485,1,87,14373
fc1a1cd2d37a9100a80a496108f693ecebc59e14-dirty,2,pager,80,24,92,4686,111417,80,24,752,23,111147,122473,1,122,20084
fc1a1cd2d37a9100a80a496108f693ecebc59e14-dirty,2,pager,80,24,93,4687,99504,80,24,753,23,99234,122647,1,82,13562
fc1a1cd2d37a9100a80a496108f693ecebc59e14-dirty,2,pager,80,24,94,4726,94416,80,24,716,23,94146,116628,1,81,13400
fc1a1cd2d37a9100a80a496108f693ecebc59e14-dirty,2,pager,80,24,95,4766,91713,80,24,688,23,91443,112095,1,81,13400
fc1a1cd2d37a9100a80a496108f693ecebc59e14-dirty,2,pager,80,24,96,4842,100605,80,24,731,23,100335,119101,1,130,21379
fc1a1cd2d37a9100a80a496108f693ecebc59e14-dirty,2,pager,80,24,97,4843,101718,80,24,773,23,101448,125875,1,108,17796
fc1a1cd2d37a9100a80a496108f693ecebc59e14-dirty,2,pager,80,24,98,4883,110931,80,24,838,23,110661,136401,1,150,24648
fc1a1cd2d37a9100a80a496108f693ecebc59e14-dirty,2,pager,80,24,99,4924,109341,80,24,905,23,109071,147290,1,87,14373
fc1a1cd2d37a9100a80a496108f693ecebc59e14-dirty,2,pager,80,24,100,5005,112683,80,24,922,23,112413,150013,1,117,19269
fc1a1cd2d37a9100a80a496108f693ecebc59e14-dirty,2,pager,80,24,101,5006,109977,80,24,938,23,109707,152566,1,82,13562
fc1a1cd2d37a9100a80a496108f693ecebc59e14-dirty,2,pager,80,24,102,5046,108705,80,24,919,23,108435,149470,1,81,13400
fc1a1cd2d37a9100a80a496108f693ecebc59e14-dirty,2,pager,80,24,103,5086,102981,80,24,884,23,102711,143761,1,81,13400
fc1a1cd2d37a9100a80a496108f693ecebc59e14-dirty,2,pager,80,24,104,5127,114894,80,24,905,23,114624,147168,1,135,22194
fc1a1cd2d37a9100a80a496108f693ecebc59e14-dirty,2,pager,80,24,105,5203,117120,80,24,957,23,116850,155595,1,93,15351
fc1a1cd2d37a9100a80a496108f693ecebc59e14-dirty,2,pager,80,24,106,5204,129351,80,24,1003,23,129081,163047,1,123,20244
fc1a1cd2d37a9100a80a496108f693ecebc59e14-dirty,2,pager,80,24,107,5284,129351,80,24,974,23,129081,158397,1,121,19919
fc1a1cd2d37a9100a80a496108f693ecebc59e14-dirty,2,pager,80,24,108,5286,128556,80,24,942,23,128286,153261,1,82,13562
fc1a1cd2d37a9100a80a496108f693ecebc59e14-dirty,2,pager,80,24,109,5365,123945,80,24,912,23,123675,148361,1,81,13400
fc1a1cd2d37a9100a80a496108f693ecebc59e14-dirty,2,pager,80,24,110,5366,111711,80,24,840,23,111441,136649,1,81,13400
fc1a1cd2d37a9100a80a496108f693ecebc59e14-dirty,2,pager,80,24,111,5447,123306,80,24,824,23,123036,134042,1,139,22846
fc1a1cd2d37a9100a80a496108f693ecebc59e14-dirty,2,pager,80,24,112,5448,131880,80,24,861,23,131610,140024,1,121,19915
fc1a1cd2d37a9100a80a496108f693ecebc59e14-dirty,2,pager,80,24,113,5487,124416,80,24,858,23,124146,139536,1,108,17796
fc1a1cd2d37a9100a80a496108f693ecebc59e14-dirty,2,pager,80,24,114,5528,124257,80,24,1,1,370,359,0,1,359
fc1a1cd2d37a9100a80a496108f693ecebc59e14-dirty,2,pager,80,24,115,5529,135219,80,24,888,24,135282,144435,1,151,24812
fc1a1cd2d37a9100a80a496108f693ecebc59e14-dirty,2,pager,80,24,116,5564,123621,80,24,918,23,123351,149364,1,84,13886
fc1a1cd2d37a9100a80a496108f693ecebc59e14-dirty,2,pager,80,24,117,5605,124734,80,24,886,23,124464,144183,1,87,14373
fc1a1cd2d37a9100a80a496108f693ecebc59e14-dirty,2,pager,80,24,118,5645,136809,80,24,928,23,136539,150976,1,122,20084
fc1a1cd2d37a9100a80a496108f693ecebc59e14-dirty,2,pager,80,24,119,5727,137127,80,24,969,23,136857,157604,1,82,13562
fc1a1cd2d37a9100a80a496108f693ecebc59e14-dirty,2,pager,80,24,120,5728,125055,80,24,921,23,124785,149790,1,81,13400
fc1a1cd2d37a9100a80a496108f693ecebc59e14-dirty,2,pager,80,24,121,5767,120285,80,24,872,23,120015,141817,1,81,13400
fc1a1cd2d37a9100a80a496108f693ecebc59e14-dirty,2,pager,80,24,122,5808,120282,80,24,862,23,120012,140210,1,141,23172
fc1a1cd2d37a9100a80a496108f693ecebc59e14-dirty,2,pager,80,24,123,5884,122985,80,24,850,23,122715,138321,1,101,16655
fc1a1cd2d37a9100a80a496108f693ecebc59e14-dirty,2,pager,80,24,124,5885,118530,80,24,832,23,118260,135422,1,87,14377
fc1a1cd2d37a9100a80a496108f693ecebc59e14-dirty,2,pager,80,24,125,5965,119643,80,24,797,23,119373,129697,1,87,14377
fc1a1cd2d37a9100a80a496108f693ecebc59e14-dirty,2,pager,80,24,126,5966,120915,80,24,797,23,120645,129640,1,87,14377
fc1a1cd2d37a9100a80a496108f693ecebc59e14-dirty,2,pager,80,24,127,6046,122346,80,24,798,23,122076,129763,1,87,14377
fc1a1cd2d37a9100a80a496108f693ecebc59e14-dirty,2,pager,80,24,128,6047,111546,80,24,746,23,111276,121277,1,87,14377
fc1a1cd2d37a9100a80a496108f693ecebc59e14-dirty,2,pager,80,24,129,6127,110751,80,24,701,23,110481,113928,1,88,14539
fc1a1cd2d37a9100a80a496108f693ecebc59e14-dirty,2,pager,80,24,130,6128,99951,80,24,656,23,99681,106635,1,88,14539
fc1a1cd2d37a9100a80a496108f693ecebc59e14-dirty,2,pager,80,24,131,6167,89310,80,24,615,23,89040,99952,1,88,14539
fc1a1cd2d37a9100a80a496108f693ecebc59e14-dirty,2,pager,80,24,132,6243,90582,80,24,576,23,90312,93595,1,88,14539
fc1a1cd2d37a9100a80a496108f693ecebc59e14-dirty,2,pager,80,24,133,6244,92013,80,24,576,23,91743,93596,1,88,14539
fc1a1cd2d37a9100a80a496108f693ecebc59e14-dirty,2,pager,80,24,134,6324,93603,80,24,577,23,93333,93759,1,88,14539
fc1a1cd2d37a9100a80a496108f693ecebc59e14-dirty,2,pager,80,24,135,6325,82962,80,24,520,23,82692,84474,1,88,14539
fc1a1cd2d37a9100a80a496108f693ecebc59e14-dirty,2,pager,80,24,136,6364,72321,80,24,463,23,72051,75191,1,88,14539
fc1a1cd2d37a9100a80a496108f693ecebc59e14-dirty,2,pager,80,24,137,6404,69141,80,24,424,23,68871,68859,1,88,14539
fc1a1cd2d37a9100a80a496108f693ecebc59e14-dirty,2,pager,80,24,138,6445,58338,80,24,353,23,58068,57358,1,88,14539
fc1a1cd2d37a9100a80a496108f693ecebc59e14-dirty,2,pager,80,24,139,6525,59292,80,24,281,23,59022,45699,1,88,14539
fc1a1cd2d37a9100a80a496108f693ecebc59e14-dirty,2,pager,80,24,140,6526,61518,80,24,293,23,61248,47670,1,101,16659
fc1a1cd2d37a9100a80a496108f693ecebc59e14-dirty,2,pager,80,24,141,6565,49761,80,24,271,23,49491,44124,1,83,13724
fc1a1cd2d37a9100a80a496108f693ecebc59e14-dirty,2,pager,80,24,142,6606,53736,80,24,254,23,53466,41383,1,106,17469
fc1a1cd2d37a9100a80a496108f693ecebc59e14-dirty,2,pager,80,24,143,6646,53736,80,24,278,23,53466,45290,1,81,13400
fc1a1cd2d37a9100a80a496108f693ecebc59e14-dirty,2,pager,80,24,144,6686,53736,80,24,278,23,53466,45289,1,81,13400
fc1a1cd2d37a9100a80a496108f693ecebc59e14-dirty,2,pager,80,24,145,6727,53736,80,24,281,23,53466,45837,1,144,23661
fc1a1cd2d37a9100a80a496108f693ecebc59e14-dirty,2,pager,80,24,146,6767,61838,80,24,299,23,61568,48833,1,152,24973
fc1a1cd2d37a9100a80a496108f693ecebc59e14-dirty,2,pager,80,24,147,6802,61362,80,24,353,23,61092,57651,1,85,14049
fc1a1cd2d37a9100a80a496108f693ecebc59e14-dirty,2,pager,80,24,148,6843,63588,80,24,377,23,63318,61557,1,102,16821
fc1a1cd2d37a9100a80a496108f693ecebc59e14-dirty,2,pager,80,24,149,6883,62475,80,24,397,23,62205,64814,1,82,13562
fc1a1cd2d37a9100a80a496108f693ecebc59e14-dirty,2,pager,80,24,150,6923,61998,80,24,400,23,61728,65299,1,86,14210
fc1a1cd2d37a9100a80a496108f693ecebc59e14-dirty,2,pager,80,24,151,6964,60726,80,24,403,23,60456,65784,1,81,13400
fc1a1cd2d37a9100a80a496108f693ecebc59e14-dirty,2,pager,80,24,152,7004,59136,80,24,395,23,58866,64487,1,81,13400
fc1a1cd2d37a9100a80a496108f693ecebc59e14-dirty,2,pager,80,24,153,7044,69936,80,24,443,23,69666,72283,1,130,21379
fc1a1cd2d37a9100a80a496108f693ecebc59e14-dirty,2,pager,80,24,154,7085,80577,80,24,518,23,80307,84480,1,151,24804
fc1a1cd2d37a9100a80a496108f693ecebc59e14-dirty,2,pager,80,24,155,7125,82008,80,24,587,23,81738,95697,1,98,16164
fc1a1cd2d37a9100a80a496108f693ecebc59e14-dirty,2,pager,80,24,156,7166,80577,80,24,603,23,80307,98274,1,81,13400
fc1a1cd2d37a9100a80a496108f693ecebc59e14-dirty,2,pager,80,24,157,7206,78987,80,24,602,23,78717,98112,1,81,13400
fc1a1cd2d37a9100a80a496108f693ecebc59e14-dirty,2,pager,80,24,158,7246,89628,80,24,643,23,89358,104725,1,123,20238
fc1a1cd2d37a9100a80a496108f693ecebc59e14-dirty,2,pager,80,24,159,7287,100269,80,24,690,23,99999,112303,1,127,20892
fc1a1cd2d37a9100a80a496108f693ecebc59e14-dirty,2,pager,80,24,160,7327,98838,80,24,735,23,98568,119559,1,81,13400
fc1a1cd2d37a9100a80a496108f693ecebc59e14-dirty,2,pager,80,24,161,7368,97407,80,24,734,23,97137,119372,1,81,13400
fc1a1cd2d37a9100a80a496108f693ecebc59e14-dirty,2,pager,80,24,162,7403,108048,80,24,777,23,107778,126355,1,126,20727
fc1a1cd2d37a9100a80a496108f693ecebc59e14-dirty,2,pager,80,24,163,7486,109002,80,24,802,23,108732,130440,1,108,17797
fc1a1cd2d37a9100a80a496108f693ecebc59e14-dirty,2,pager,80,24,164,7487,113136,80,24,811,23,112866,131922,1,107,17637
fc1a1cd2d37a9100a80a496108f693ecebc59e14-dirty,2,pager,80,24,165,7526,114090,80,24,795,23,113820,129344,1,111,18289
fc1a1cd2d37a9100a80a496108f693ecebc59e14-dirty,2,pager,80,24,166,7567,126162,80,24,812,23,125892,132098,1,146,23994
fc1a1cd2d37a9100a80a496108f693ecebc59e14-dirty,2,pager,80,24,167,7644,126321,80,24,877,23,126051,142616,1,81,13400
fc1a1cd2d37a9100a80a496108f693ecebc59e14-dirty,2,pager,80,24,168,7645,114090,80,24,814,23,113820,132348,1,81,13400
fc1a1cd2d37a9100a80a496108f693ecebc59e14-dirty,2,pager,80,24,169,7684,114085,80,24,809,23,113815,131587,1,153,25127
fc1a1cd2d37a9100a80a496108f693ecebc59e14-dirty,2,pager,80,24,170,7725,113448,80,24,807,23,113178,131333,1,82,13562
fc1a1cd2d37a9100a80a496108f693ecebc59e14-dirty,2,pager,80,24,171,7806,115833,80,24,816,23,115563,132784,1,115,18937
fc1a1cd2d37a9100a80a496108f693ecebc59e14-dirty,2,pager,80,24,172,7807,117582,80,24,825,23,117312,134223,1,92,15191
fc1a1cd2d37a9100a80a496108f693ecebc59e14-dirty,2,pager,80,24,173,7887,116946,80,24,832,23,116676,135324,1,82,13562
fc1a1cd2d37a9100a80a496108f693ecebc59e14-dirty,2,pager,80,24,174,7888,129018,80,24,894,23,128748,145436,1,149,24479
fc1a1cd2d37a9100a80a496108f693ecebc59e14-dirty,2,pager,80,24,175,7928,129972,80,24,965,23,129702,156956,1,85,14048
fc1a1cd2d37a9100a80a496108f693ecebc59e14-dirty,2,pager,80,24,176,7968,118059,80,24,921,23,117789,149790,1,82,13562
fc1a1cd2d37a9100a80a496108f693ecebc59e14-dirty,2,pager,80,24,177,8004,107259,80,24,850,23,106989,138267,1,87,14373
fc1a1cd2d37a9100a80a496108f693ecebc59e14-dirty,2,pager,80,24,178,8044,107100,80,24,799,23,106830,130019,1,98,16169
fc1a1cd2d37a9100a80a496108f693ecebc59e14-dirty,2,pager,80,24,179,8085,119172,80,24,812,23,118902,132119,1,120,19753
fc1a1cd2d37a9100a80a496108f693ecebc59e14-dirty,2,pager,80,24,180,8167,131403,80,24,851,23,131133,138406,1,118,19426
fc1a1cd2d37a9100a80a496108f693ecebc59e14-dirty,2,pager,80,24,181,8168,131403,80,24,853,23,131133,138778,1,119,19592
fc1a1cd2d37a9100a80a496108f693ecebc59e14-dirty,2,pager,80,24,182,8207,119809,80,24,841,23,119539,136806,1,84,13889
fc1a1cd2d37a9100a80a496108f693ecebc59e14-dirty,2,pager,80,24,183,8288,121081,80,24,801,23,120811,130266,1,87,14377
fc1a1cd2d37a9100a80a496108f693ecebc59e14-dirty,2,pager,80,24,184,8289,121718,80,24,807,23,121448,131210,1,84,13889
fc1a1cd2d37a9100a80a496108f693ecebc59e14-dirty,2,pager,80,24,185,8364,109964,80,24,766,23,109694,124549,1,83,13724
fc1a1cd2d37a9100a80a496108f693ecebc59e14-dirty,2,pager,80,24,186,8365,106307,80,24,724,23,106037,117745,1,86,14213
fc1a1cd2d37a9100a80a496108f693ecebc59e14-dirty,2,pager,80,24,187,8446,103128,80,24,705,23,102858,114613,1,89,14704
fc1a1cd2d37a9100a80a496108f693ecebc59e14-dirty,2,pager,80,24,188,8447,102496,80,24,729,23,102226,118465,1,110,18130
fc1a1cd2d37a9100a80a496108f693ecebc59e14-dirty,2,pager,80,24,189,8526,95195,80,24,717,23,94925,116546,1,112,18453
fc1a1cd2d37a9100a80a496108f693ecebc59e14-dirty,2,pager,80,24,190,8528,99330,80,24,675,23,99060,109762,1,108,17801
fc1a1cd2d37a9100a80a496108f693ecebc59e14-dirty,2,pager,80,24,191,8607,99649,80,24,702,23,99379,114145,1,82,13563
fc1a1cd2d37a9100a80a496108f693ecebc59e14-dirty,2,pager,80,24,192,8608,89804,80,24,643,23,89534,104580,1,95,15682
fc1a1cd2d37a9100a80a496108f693ecebc59e14-dirty,2,pager,80,24,193,8648,89804,80,24,585,23,89534,95168,1,82,13562
fc1a1cd2d37a9100a80a496108f693ecebc59e14-dirty,2,pager,80,24,194,8688,85193,80,24,556,23,84923,90432,1,87,14373
fc1a1cd2d37a9100a80a496108f693ecebc59e14-dirty,2,pager,80,24,195,8724,95357,80,24,581,23,95087,94498,1,134,22037
fc1a1cd2d37a9100a80a496108f693ecebc59e14-dirty,2,pager,80,24,196,8805,95357,80,24,623,23,95087,101349,1,82,13562
fc1a1cd2d37a9100a80a496108f693ecebc59e14-dirty,2,pager,80,24,197,8806,83285,80,24,557,23,83015,90655,1,81,13400
fc1a1cd2d37a9100a80a496108f693ecebc59e14-dirty,2,pager,80,24,198,8845,82331,80,24,486,23,82061,79157,1,81,13400
fc1a1cd2d37a9100a80a496108f693ecebc59e14-dirty,2,pager,80,24,199,8885,94244,80,24,532,23,93974,86653,1,132,21705
fc1a1cd2d37a9100a80a496108f693ecebc59e14-dirty,2,pager,80,24,200,8966,94880,80,24,578,23,94610,94141,1,91,15025
fc1a1cd2d37a9100a80a496108f693ecebc59e14-dirty,2,pager,80,24,201,8967,104249,80,24,618,23,103979,100647,1,137,22526
fc1a1cd2d37a9100a80a496108f693ecebc59e14-dirty,2,pager,80,24,202,9047,104249,80,24,647,23,103979,105376,1,149,24482
fc1a1cd2d37a9100a80a496108f693ecebc59e14-dirty,2,pager,80,24,203,9048,93608,80,24,683,23,93338,111256,1,90,14858
fc1a1cd2d37a9100a80a496108f693ecebc59e14-dirty,2,pager,80,24,204,9087,93608,80,24,688,23,93338,112083,1,122,20082
fc1a1cd2d37a9100a80a496108f693ecebc59e14-dirty,2,pager,80,24,205,9168,93289,80,24,692,23,93019,112759,1,82,13562
fc1a1cd2d37a9100a80a496108f693ecebc59e14-dirty,2,pager,80,24,206,9169,92017,80,24,687,23,91747,111935,1,81,13400
fc1a1cd2d37a9100a80a496108f693ecebc59e14-dirty,2,pager,80,24,207,9204,91380,80,24,681,23,91110,110958,1,81,13400
fc1a1cd2d37a9100a80a496108f693ecebc59e14-dirty,2,pager,80,24,208,9285,103134,80,24,711,23,102864,115790,1,115,18934
fc1a1cd2d37a9100a80a496108f693ecebc59e14-dirty,2,pager,80,24,209,9286,107268,80,24,743,23,106998,120950,1,109,17959
fc1a1cd2d37a9100a80a496108f693ecebc59e14-dirty,2,pager,80,24,210,9326,110288,80,24,762,23,110018,124054,1,108,17799
fc1a1cd2d37a9100a80a496108f693ecebc59e14-dirty,2,pager,80,24,211,9366,110284,80,24,742,23,110014,120823,1,110,18125
fc1a1cd2d37a9100a80a496108f693ecebc59e14-dirty,2,pager,80,24,212,9448,109965,80,24,723,23,109695,117705,1,109,17962
fc1a1cd2d37a9100a80a496108f693ecebc59e14-dirty,2,pager,80,24,213,9449,107420,80,24,725,23,107150,118002,1,89,14702
fc1a1cd2d37a9100a80a496108f693ecebc59e14-dirty,2,pager,80,24,214,9529,107578,80,24,707,23,107308,115032,1,83,13724
fc1a1cd2d37a9100a80a496108f693ecebc59e14-dirty,2,pager,80,24,215,9530,108213,80,24,709,23,107943,115307,1,97,16003
fc1a1cd2d37a9100a80a496108f693ecebc59e14-dirty,2,pager,80,24,216,9605,111870,80,24,722,23,111600,117360,1,105,17310
fc1a1cd2d37a9100a80a496108f693ecebc59e14-dirty,2,pager,80,24,217,9606,114096,80,24,731,23,113826,118788,1,103,16984
fc1a1cd2d37a9100a80a496108f693ecebc59e14-dirty,2,pager,80,24,218,9645,106635,80,24,693,23,106365,112613,1,108,17799
fc1a1cd2d37a9100a80a496108f693ecebc59e14-dirty,2,pager,80,24,219,9686,109974,80,24,657,23,109704,106800,1,102,16821
fc1a1cd2d37a9100a80a496108f693ecebc59e14-dirty,2,pager,80,24,220,9727,113790,80,24,669,23,113520,108759,1,105,17310
fc1a1cd2d37a9100a80a496108f693ecebc59e14-dirty,2,pager,80,24,221,9808,118083,80,24,679,23,117813,110356,1,107,17636
fc1a1cd2d37a9100a80a496108f693ecebc59e14-dirty,2,pager,80,24,222,9809,109986,80,24,632,23,109716,102719,1,107,17636
fc1a1cd2d37a9100a80a496108f693ecebc59e14-dirty,2,pager,80,24,223,9848,112371,80,24,591,23,112101,96066,1,108,17799
fc1a1cd2d37a9100a80a496108f693ecebc59e14-dirty,2,pager,80,24,224,9924,100458,80,24,559,23,100188,90900,1,82,13562
fc1a1cd2d37a9100a80a496108f693ecebc59e14-dirty,2,pager,80,24,225,9925,88386,80,24,501,23,88116,81492,1,81,13400
fc1a1cd2d37a9100a80a496108f693ecebc59e14-dirty,2,pager,80,24,226,10005,86796,80,24,426,23,86526,69326,1,81,13400
fc1a1cd2d37a9100a80a496108f693ecebc59e14-dirty,2,pager,80,24,227,10006,86796,80,24,423,23,86526,68878,1,127,20890
fc1a1cd2d37a9100a80a496108f693ecebc59e14-dirty,2,pager,80,24,228,10045,98709,80,24,455,23,98439,74113,1,147,24154
fc1a1cd2d37a9100a80a496108f693ecebc59e14-dirty,2,pager,80,24,229,10126,101412,80,24,525,23,101142,85489,1,98,16162
fc1a1cd2d37a9100a80a496108f693ecebc59e14-dirty,2,pager,80,24,230,10128,101571,80,24,542,23,101301,88237,1,81,13400
fc1a1cd2d37a9100a80a496108f693ecebc59e14-dirty,2,pager,80,24,231,10166,89340,80,24,508,23,89070,82720,1,81,13400
fc1a1cd2d37a9100a80a496108f693ecebc59e14-dirty,2,pager,80,24,232,10207,96483,80,24,541,23,96213,88118,1,150,24639
fc1a1cd2d37a9100a80a496108f693ecebc59e14-dirty,2,pager,80,24,233,10247,93780,80,24,580,23,93510,94488,1,91,15021
fc1a1cd2d37a9100a80a496108f693ecebc59e14-dirty,2,pager,80,24,234,10288,95052,80,24,604,23,94782,98392,1,113,18611
fc1a1cd2d37a9100a80a496108f693ecebc59e14-dirty,2,pager,80,24,235,10328,96006,80,24,622,23,95736,101333,1,112,18448
fc1a1cd2d37a9100a80a496108f693ecebc59e14-dirty,2,pager,80,24,236,10364,98868,80,24,625,23,98598,101837,1,106,17470
fc1a1cd2d37a9100a80a496108f693ecebc59e14-dirty,2,pager,80,24,237,10405,110622,80,24,654,23,110352,106544,1,119,19589
fc1a1cd2d37a9100a80a496108f693ecebc59e14-dirty,2,pager,80,24,238,10486,119832,80,24,685,23,119562,111611,1,121,19918
fc1a1cd2d37a9100a80a496108f693ecebc59e14-dirty,2,pager,80,24,239,10487,117925,80,24,697,23,117655,113598,1,93,15356
fc1a1cd2d37a9100a80a496108f693ecebc59e14-dirty,2,pager,80,24,240,10527,117449,80,24,701,23,117179,114218,1,101,16660
fc1a1cd2d37a9100a80a496108f693ecebc59e14-dirty,2,pager,80,24,241,10567,116337,80,24,706,23,116067,114977,1,106,17475
fc1a1cd2d37a9100a80a496108f693ecebc59e14-dirty,2,pager,80,24,242,10649,124914,80,24,745,23,124644,121281,1,137,22529
fc1a1cd2d37a9100a80a496108f693ecebc59e14-dirty,2,pager,80,24,243,10650,122370,80,24,790,23,122100,128607,1,87,14373
fc1a1cd2d37a9100a80a496108f693ecebc59e14-dirty,2,pager,80,24,244,10689,119826,80,24,792,23,119556,128938,1,91,15028
fc1a1cd2d37a9100a80a496108f693ecebc59e14-dirty,2,pager,80,24,245,10725,116647,80,24,797,23,116377,129686,1,86,14215
fc1a1cd2d37a9100a80a496108f693ecebc59e14-dirty,2,pager,80,24,246,10806,113150,80,24,790,23,112880,128486,1,86,14215
fc1a1cd2d37a9100a80a496108f693ecebc59e14-dirty,2,pager,80,24,247,10807,113787,80,24,763,23,113517,124079,1,86,14215
fc1a1cd2d37a9100a80a496108f693ecebc59e14-dirty,2,pager,80,24,248,10887,118399,80,24,791,23,118129,128617,1,111,18290
fc1a1cd2d37a9100a80a496108f693ecebc59e14-dirty,2,pager,80,24,249,10888,122693,80,24,805,23,122423,130872,1,108,17801
fc1a1cd2d37a9100a80a496108f693ecebc59e14-dirty,2,pager,80,24,250,10928,114279,80,24,771,23,114009,125347,1,105,17312
fc1a1cd2d37a9100a80a496108f693ecebc59e14-dirty,2,pager,80,24,251,11009,102525,80,24,723,23,102255,117557,1,83,13724
fc1a1cd2d37a9100a80a496108f693ecebc59e14-dirty,2,pager,80,24,252,11010,99981,80,24,654,23,99711,106349,1,82,13562
fc1a1cd2d37a9100a80a496108f693ecebc59e14-dirty,2,pager,80,24,253,11049,99981,80,24,638,23,99711,103748,1,81,13400
fc1a1cd2d37a9100a80a496108f693ecebc59e14-dirty,2,pager,80,24,254,11085,101889,80,24,649,23,101619,105511,1,92,15185
fc1a1cd2d37a9100a80a496108f693ecebc59e14-dirty,2,pager,80,24,255,11165,95382,80,24,607,23,95112,98686,1,116,19097
fc1a1cd2d37a9100a80a496108f693ecebc59e14-dirty,2,pager,80,24,256,11166,95382,80,24,565,23,95112,91859,1,91,15022
fc1a1cd2d37a9100a80a496108f693ecebc59e14-dirty,2,pager,80,24,257,11246,94110,80,24,549,23,93840,89284,1,109,17956
fc1a1cd2d37a9100a80a496108f693ecebc59e14-dirty,2,pager,80,24,258,11247,100776,80,24,552,23,100506,89792,1,123,20238
fc1a1cd2d37a9100a80a496108f693ecebc59e14-dirty,2,pager,80,24,259,11327,96165,80,24,566,23,95895,92091,1,81,13400
fc1a1cd2d37a9100a80a496108f693ecebc59e14-dirty,2,pager,80,24,260,11328,85524,80,24,536,23,85254,87236,1,89,14696
fc1a1cd2d37a9100a80a496108f693ecebc59e14-dirty,2,pager,80,24,261,11367,76155,80,24,506,23,75885,82359,1,96,15838
fc1a1cd2d37a9100a80a496108f693ecebc59e14-dirty,2,pager,80,24,262,11449,76313,80,24,483,23,76043,78628,1,93,15348
fc1a1cd2d37a9100a80a496108f693ecebc59e14-dirty,2,pager,80,24,263,11489,75676,80,24,475,23,75406,77325,1,95,15674
fc1a1cd2d37a9100a80a496108f693ecebc59e14-dirty,2,pager,80,24,264,11490,73290,80,24,463,23,73020,75361,1,87,14372
fc1a1cd2d37a9100a80a496108f693ecebc59e14-dirty,2,pager,80,24,265,11529,62328,80,24,411,23,62058,66933,1,88,14534
fc1a1cd2d37a9100a80a496108f693ecebc59e14-dirty,2,pager,80,24,266,11605,62646,80,24,359,23,62376,58513,1,90,14859
fc1a1cd2d37a9100a80a496108f693ecebc59e14-dirty,2,pager,80,24,267,11605,62964,80,24,355,23,62694,57862,1,93,15348
fc1a1cd2d37a9100a80a496108f693ecebc59e14-dirty,2,pager,80,24,268,11645,64235,80,24,349,23,63965,56868,1,94,15511
fc1a1cd2d37a9100a80a496108f693ecebc59e14-dirty,2,pager,80,24,269,11726,65347,80,24,355,23,65077,57817,1,92,15185
fc1a1cd2d37a9100a80a496108f693ecebc59e14-dirty,2,pager,80,24,270,11726,66936,80,24,367,23,66666,59747,1,96,15837
fc1a1cd2d37a9100a80a496108f693ecebc59e14-dirty,2,pager,80,24,271,11766,62165,80,24,353,23,61895,57453,1,81,13400
fc1a1cd2d37a9100a80a496108f693ecebc59e14-dirty,2,pager,80,24,272,11806,70102,80,24,377,23,69832,61329,1,119,19587
fc1a1cd2d37a9100a80a496108f693ecebc59e14-dirty,2,pager,80,24,273,11847,70578,80,24,391,23,70308,63615,1,106,17468
fc1a1cd2d37a9100a80a496108f693ecebc59e14-dirty,2,pager,80,24,274,11887,73599,80,24,384,23,73329,62484,1,102,16816
fc1a1cd2d37a9100a80a496108f693ecebc59e14-dirty,2,pager,80,24,275,11928,77892,80,24,403,23,77622,65568,1,107,17631
fc1a1cd2d37a9100a80a496108f693ecebc59e14-dirty,2,pager,80,24,276,11968,82662,80,24,422,23,82392,68656,1,112,18446
fc1a1cd2d37a9100a80a496108f693ecebc59e14-dirty,2,pager,80,24,277,12008,80754,80,24,442,23,80484,71918,1,81,13400
fc1a1cd2d37a9100a80a496108f693ecebc59e14-dirty,2,pager,80,24,278,12049,87262,80,24,485,23,86992,78943,1,151,24803
fc1a1cd2d37a9100a80a496108f693ecebc59e14-dirty,2,pager,80,24,279,12090,86150,80,24,528,23,85880,85966,1,84,13887
fc1a1cd2d37a9100a80a496108f693ecebc59e14-dirty,2,pager,80,24,280,12125,93772,80,24,560,23,93502,91188,1,133,21870
fc1a1cd2d37a9100a80a496108f693ecebc59e14-dirty,2,pager,80,24,281,12165,81541,80,24,580,23,81271,94469,1,81,13400
fc1a1cd2d37a9100a80a496108f693ecebc59e14-dirty,2,pager,80,24,282,12206,86470,80,24,564,23,86200,91895,1,107,17631
fc1a1cd2d37a9100a80a496108f693ecebc59e14-dirty,2,pager,80,24,283,12287,97111,80,24,613,23,96841,99878,1,133,21871
fc1a1cd2d37a9100a80a496108f693ecebc59e14-dirty,2,pager,80,24,284,12288,106480,80,24,646,23,106210,105265,1,118,19426
fc1a1cd2d37a9100a80a496108f693ecebc59e14-dirty,2,pager,80,24,285,12327,108070,80,24,668,23,107800,108832,1,105,17306
fc1a1cd2d37a9100a80a496108f693ecebc59e14-dirty,2,pager,80,24,286,12409,117757,80,24,693,23,117487,112890,1,116,19100
fc1a1cd2d37a9100a80a496108f693ecebc59e14-dirty,2,pager,80,24,287,12410,128718,80,24,739,23,128448,120382,1,135,22202
fc1a1cd2d37a9100a80a496108f693ecebc59e14-dirty,2,pager,80,24,288,12490,127764,80,24,789,23,127494,128517,1,82,13562
fc1a1cd2d37a9100a80a496108f693ecebc59e14-dirty,2,pager,80,24,289,12491,138248,80,24,855,23,137978,139263,1,154,25295
fc1a1cd2d37a9100a80a496108f693ecebc59e14-dirty,2,pager,80,24,290,12526,136340,80,24,920,23,136070,149833,1,81,13400
fc1a1cd2d37a9100a80a496108f693ecebc59e14-dirty,2,pager,80,24,291,12607,146345,80,24,988,23,146075,160844,1,152,24968
fc1a1cd2d37a9100a80a496108f693ecebc59e14-dirty,2,pager,80,24,292,12609,144755,80,24,1052,23,144485,171212,1,83,13724
fc1a1cd2d37a9100a80a496108f693ecebc59e14-dirty,2,pager,80,24,293,12648,154442,80,24,1085,23,154172,176549,1,124,20404
fc1a1cd2d37a9100a80a496108f693ecebc59e14-dirty,2,pager,80,24,294,12729,160484,80,24,1115,23,160214,181405,1,119,19588
fc1a1cd2d37a9100a80a496108f693ecebc59e14-dirty,2,pager,80,24,295,12731,160484,80,24,1147,23,160214,186635,1,154,25293
fc1a1cd2d37a9100a80a496108f693ecebc59e14-dirty,2,pager,80,24,296,12806,157622,80,24,1197,23,157352,194744,1,90,14858
fc1a1cd2d37a9100a80a496108f693ecebc59e14-dirty,2,pager,80,24,297,12808,154283,80,24,1188,23,154013,193237,1,81,13400
fc1a1cd2d37a9100a80a496108f693ecebc59e14-dirty,2,pager,80,24,298,12847,149672,80,24,1167,23,149402,189798,1,81,13400
fc1a1cd2d37a9100a80a496108f693ecebc59e14-dirty,2,pager,80,24,299,12928,156974,80,24,1196,23,156704,194502,1,130,21378
fc1a1cd2d37a9100a80a496108f693ecebc59e14-dirty,2,pager,80,24,300,12930,162539,80,24,1217,23,162269,197898,1,116,19099
fc1a1cd2d37a9100a80a496108f693ecebc59e14-dirty,2,pager,80,24,301,13010,155713,80,24,1183,23,155443,192374,1,114,18777
fc1a1cd2d37a9100a80a496108f693ecebc59e14-dirty,2,pager,80,24,302,13012,158097,80,24,1145,23,157827,186185,1,100,16495
fc1a1cd2d37a9100a80a496108f693ecebc59e14-dirty,2,pager,80,24,303,13086,146023,80,24,1112,23,145753,180789,1,81,13400
fc1a1cd2d37a9100a80a496108f693ecebc59e14-dirty,2,pager,80,24,304,13088,146023,80,24,1060,23,145753,172302,1,81,13400
fc1a1cd2d37a9100a80a496108f693ecebc59e14-dirty,2,pager,80,24,305,13168,153325,80,24,1090,23,153055,177144,1,137,22520
fc1a1cd2d37a9100a80a496108f693ecebc59e14-dirty,2,pager,80,24,306,13170,146977,80,24,1091,23,146707,177319,1,114,18774
fc1a1cd2d37a9100a80a496108f693ecebc59e14-dirty,2,pager,80,24,307,13209,146977,80,24,1094,23,146707,177812,1,135,22197
fc1a1cd2d37a9100a80a496108f693ecebc59e14-dirty,2,pager,80,24,308,13290,155392,80,24,1106,23,155122,179740,1,128,21056
fc1a1cd2d37a9100a80a496108f693ecebc59e14-dirty,2,pager,80,24,309,13292,155392,80,24,1115,23,155122,181170,1,129,21219
fc1a1cd2d37a9100a80a496108f693ecebc59e14-dirty,2,pager,80,24,310,13326,155390,80,24,1110,23,155120,180403,1,134,22034
fc1a1cd2d37a9100a80a496108f693ecebc59e14-dirty,2,pager,80,24,311,13367,155072,80,24,1108,23,154802,180129,1,81,13400
fc1a1cd2d37a9100a80a496108f693ecebc59e14-dirty,2,pager,80,24,312,13408,147450,80,24,1061,23,147180,172490,1,107,17633
fc1a1cd2d37a9100a80a496108f693ecebc59e14-dirty,2,pager,80,24,313,13449,151107,80,24,1015,23,150837,165015,1,106,17473
fc1a1cd2d37a9100a80a496108f693ecebc59e14-dirty,2,pager,80,24,314,13530,139194,80,24,969,23,138924,157555,1,82,13562
fc1a1cd2d37a9100a80a496108f693ecebc59e14-dirty,2,pager,80,24,315,13532,138717,80,24,896,23,138447,145704,1,81,13400
fc1a1cd2d37a9100a80a496108f693ecebc59e14-dirty,2,pager,80,24,316,13606,138717,80,24,889,23,138447,144591,1,120,19751
fc1a1cd2d37a9100a80a496108f693ecebc59e14-dirty,2,pager,80,24,317,13608,132834,80,24,883,23,132564,143657,1,81,13400
fc1a1cd2d37a9100a80a496108f693ecebc59e14-dirty,2,pager,80,24,318,13647,120603,80,24,813,23,120333,132266,1,81,13400
fc1a1cd2d37a9100a80a496108f693ecebc59e14-dirty,2,pager,80,24,319,13728,123624,80,24,763,23,123354,124135,1,107,17630
fc1a1cd2d37a9100a80a496108f693ecebc59e14-dirty,2,pager,80,24,320,13729,135696,80,24,802,23,135426,130450,1,130,21381
fc1a1cd2d37a9100a80a496108f693ecebc59e14-dirty,2,pager,80,24,321,13769,135855,80,24,851,23,135585,138381,1,81,13400
fc1a1cd2d37a9100a80a496108f693ecebc59e14-dirty,2,pager,80,24,322,13810,123624,80,24,802,23,123354,130408,1,81,13400
fc1a1cd2d37a9100a80a496108f693ecebc59e14-dirty,2,pager,80,24,323,13850,130290,80,24,822,23,130020,133670,1,153,25128
fc1a1cd2d37a9100a80a496108f693ecebc59e14-dirty,2,pager,80,24,324,13886,124884,80,24,858,23,124614,139519,1,81,13400
fc1a1cd2d37a9100a80a496108f693ecebc59e14-dirty,2,pager,80,24,325,13927,134094,80,24,869,23,133824,141311,1,124,20401
fc1a1cd2d37a9100a80a496108f693ecebc59e14-dirty,2,pager,80,24,326,13967,146166,80,24,897,23,145896,145862,1,123,20241
fc1a1cd2d37a9100a80a496108f693ecebc59e14-dirty,2,pager,80,24,327,14008,147438,80,24,938,23,147168,152516,1,88,14539
fc1a1cd2d37a9100a80a496108f693ecebc59e14-dirty,2,pager,80,24,328,14049,135684,80,24,890,23,135414,144753,1,83,13724
fc1a1cd2d37a9100a80a496108f693ecebc59e14-dirty,2,pager,80,24,329,14089,142032,80,24,883,23,141762,143635,1,133,21870
fc1a1cd2d37a9100a80a496108f693ecebc59e14-dirty,2,pager,80,24,330,14171,142034,80,24,899,23,141764,146254,1,143,23503
fc1a1cd2d37a9100a80a496108f693ecebc59e14-dirty,2,pager,80,24,331,14172,130916,80,24,914,23,130646,148742,1,87,14372
fc1a1cd2d37a9100a80a496108f693ecebc59e14-dirty,2,pager,80,24,332,14247,120116,80,24,879,23,119846,143048,1,88,14535
fc1a1cd2d37a9100a80a496108f693ecebc59e14-dirty,2,pager,80,24,333,14248,109952,80,24,844,23,109682,137342,1,94,15517
fc1a1cd2d37a9100a80a496108f693ecebc59e14-dirty,2,pager,80,24,334,14287,112179,80,24,809,23,111909,131643,1,95,15682
fc1a1cd2d37a9100a80a496108f693ecebc59e14-dirty,2,pager,80,24,335,14328,119799,80,24,836,23,119529,136074,1,134,22039
fc1a1cd2d37a9100a80a496108f693ecebc59e14-dirty,2,pager,80,24,336,14368,116460,80,24,863,23,116190,140433,1,83,13724
fc1a1cd2d37a9100a80a496108f693ecebc59e14-dirty,2,pager,80,24,337,14449,116460,80,24,840,23,116190,136637,1,82,13562
fc1a1cd2d37a9100a80a496108f693ecebc59e14-dirty,2,pager,80,24,338,14450,116619,80,24,841,23,116349,136756,1,81,13400
fc1a1cd2d37a9100a80a496108f693ecebc59e14-dirty,2,pager,80,24,339,14490,104388,80,24,803,23,104118,130558,1,81,13400
fc1a1cd2d37a9100a80a496108f693ecebc59e14-dirty,2,pager,80,24,340,14566,116462,80,24,812,23,116192,132023,1,129,21218
fc1a1cd2d37a9100a80a496108f693ecebc59e14-dirty,2,pager,80,24,341,14567,128693,80,24,863,23,128423,140319,1,124,20404
fc1a1cd2d37a9100a80a496108f693ecebc59e14-dirty,2,pager,80,24,342,14647,127421,80,24,878,23,127151,142744,1,99,16329
fc1a1cd2d37a9100a80a496108f693ecebc59e14-dirty,2,pager,80,24,343,14648,127421,80,24,892,23,127151,145010,1,139,22852
fc1a1cd2d37a9100a80a496108f693ecebc59e14-dirty,2,pager,80,24,344,14728,127898,80,24,904,23,127628,146951,1,84,13886
fc1a1cd2d37a9100a80a496108f693ecebc59e14-dirty,2,pager,80,24,345,14729,129329,80,24,914,23,129059,148567,1,88,14539
fc1a1cd2d37a9100a80a496108f693ecebc59e14-dirty,2,pager,80,24,346,14769,120120,80,24,864,23,119850,140480,1,100,16497
fc1a1cd2d37a9100a80a496108f693ecebc59e14-dirty,2,pager,80,24,347,14850,120438,80,24,811,23,120168,131904,1,82,13562
fc1a1cd2d37a9100a80a496108f693ecebc59e14-dirty,2,pager,80,24,348,14851,108525,80,24,769,23,108255,125056,1,82,13562
fc1a1cd2d37a9100a80a496108f693ecebc59e14-dirty,2,pager,80,24,349,14891,108525,80,24,784,23,108255,127497,1,144,23664
fc1a1cd2d37a9100a80a496108f693ecebc59e14-dirty,2,pager,80,24,350,14926,108684,80,24,806,23,108414,131121,1,88,14535
fc1a1cd2d37a9100a80a496108f693ecebc59e14-dirty,2,pager,80,24,351,14967,110592,80,24,816,23,110322,132756,1,96,15843
fc1a1cd2d37a9100a80a496108f693ecebc59e14-dirty,2,pager,80,24,352,15007,98679,80,24,780,23,98409,126942,1,82,13562
fc1a1cd2d37a9100a80a496108f693ecebc59e14-dirty,2,pager,80,24,353,15048,86605,80,24,713,23,86335,116043,1,81,13400
fc1a1cd2d37a9100a80a496108f693ecebc59e14-dirty,2,pager,80,24,354,15088,97723,80,24,699,23,97453,113775,1,132,21705
fc1a1cd2d37a9100a80a496108f693ecebc59e14-dirty,2,pager,80,24,355,15169,108523,80,24,716,23,108253,116523,1,129,21216
fc1a1cd2d37a9100a80a496108f693ecebc59e14-dirty,2,pager,80,24,356,15170,118687,80,24,725,23,118417,117950,1,124,20401
fc1a1cd2d37a9100a80a496108f693ecebc59e14-dirty,2,pager,80,24,357,15210,128691,80,24,748,23,128421,121657,1,143,23498
fc1a1cd2d37a9100a80a496108f693ecebc59e14-dirty,2,pager,80,24,358,15291,128691,80,24,730,23,128421,118765,1,132,21705
fc1a1cd2d37a9100a80a496108f693ecebc59e14-dirty,2,pager,80,24,359,15292,133302,80,24,703,23,133032,114398,1,115,18934
fc1a1cd2d37a9100a80a496108f693ecebc59e14-dirty,2,pager,80,24,360,15327,145215,80,24,773,23,144945,125786,1,150,24642
fc1a1cd2d37a9100a80a496108f693ecebc59e14-dirty,2,pager,80,24,361,15408,146169,80,24,843,23,145899,137190,1,88,14534
fc1a1cd2d37a9100a80a496108f693ecebc59e14-dirty,2,pager,80,24,362,15410,146487,80,24,850,23,146217,138262,1,82,13562
fc1a1cd2d37a9100a80a496108f693ecebc59e14-dirty,2,pager,80,24,363,15490,139024,80,24,831,23,138754,135149,1,110,18120
fc1a1cd2d37a9100a80a496108f693ecebc59e14-dirty,2,pager,80,24,364,15491,129019,80,24,808,23,128749,131435,1,95,15674
fc1a1cd2d37a9100a80a496108f693ecebc59e14-dirty,2,pager,80,24,365,15571,138070,80,24,839,23,137800,136509,1,150,24641
fc1a1cd2d37a9100a80a496108f693ecebc59e14-dirty,2,pager,80,24,366,15572,127747,80,24,850,23,127477,138358,1,92,15184
fc1a1cd2d37a9100a80a496108f693ecebc59e14-dirty,2,pager,80,24,367,15607,139342,80,24,860,23,139072,139994,1,149,24478
fc1a1cd2d37a9100a80a496108f693ecebc59e14-dirty,2,pager,80,24,368,15688,138229,80,24,919,23,137959,149593,1,82,13562
fc1a1cd2d37a9100a80a496108f693ecebc59e14-dirty,2,pager,80,24,369,15689,136956,80,24,907,23,136686,147627,1,91,15022
fc1a1cd2d37a9100a80a496108f693ecebc59e14-dirty,2,pager,80,24,370,15729,140772,80,24,905,23,140502,147280,1,106,17467
fc1a1cd2d37a9100a80a496108f693ecebc59e14-dirty,2,pager,80,24,371,15770,143793,80,24,920,23,143523,149693,1,102,16815
fc1a1cd2d37a9100a80a496108f693ecebc59e14-dirty,2,pager,80,24,372,15851,131562,80,24,879,23,131292,143041,1,81,13400
fc1a1cd2d37a9100a80a496108f693ecebc59e14-dirty,2,pager,80,24,373,15852,142362,80,24,858,23,142092,139606,1,123,20238
fc1a1cd2d37a9100a80a496108f693ecebc59e14-dirty,2,pager,80,24,374,15887,143952,80,24,871,23,143682,141678,1,106,17467
fc1a1cd2d37a9100a80a496108f693ecebc59e14-dirty,2,pager,80,24,375,15927,143634,80,24,881,23,143364,143310,1,81,13400
fc1a1cd2d37a9100a80a496108f693ecebc59e14-dirty,2,pager,80,24,376,15968,145224,80,24,889,23,144954,144579,1,90,14859
fc1a1cd2d37a9100a80a496108f693ecebc59e14-dirty,2,pager,80,24,377,16049,132993,80,24,847,23,132723,137756,1,81,13400
fc1a1cd2d37a9100a80a496108f693ecebc59e14-dirty,2,pager,80,24,378,16051,126327,80,24,854,23,126057,138842,1,114,18771
fc1a1cd2d37a9100a80a496108f693ecebc59e14-dirty,2,pager,80,24,379,16090,114096,80,24,862,23,113826,140089,1,81,13400
fc1a1cd2d37a9100a80a496108f693ecebc59e14-dirty,2,pager,80,24,380,16171,105204,80,24,839,23,104934,136300,1,98,16163
fc1a1cd2d37a9100a80a496108f693ecebc59e14-dirty,2,pager,80,24,381,16172,98220,80,24,837,23,97950,135931,1,112,18447
fc1a1cd2d37a9100a80a496108f693ecebc59e14-dirty,2,pager,80,24,382,16206,95994,80,24,840,23,95724,136432,1,98,16165
fc1a1cd2d37a9100a80a496108f693ecebc59e14-dirty,2,pager,80,24,383,16246,87897,80,24,792,23,87627,128665,1,105,17306
fc1a1cd2d37a9100a80a496108f693ecebc59e14-dirty,2,pager,80,24,384,16287,89964,80,24,744,23,89694,120899,1,100,16491
fc1a1cd2d37a9100a80a496108f693ecebc59e14-dirty,2,pager,80,24,385,16327,89805,80,24,756,23,89535,122842,1,81,13400
fc1a1cd2d37a9100a80a496108f693ecebc59e14-dirty,2,pager,80,24,386,16408,85035,80,24,727,23,84765,118109,1,81,13400
fc1a1cd2d37a9100a80a496108f693ecebc59e14-dirty,2,pager,80,24,387,16409,85194,80,24,711,23,84924,115497,1,93,15348
fc1a1cd2d37a9100a80a496108f693ecebc59e14-dirty,2,pager,80,24,388,16448,85194,80,24,678,23,84924,110164,1,115,18937
fc1a1cd2d37a9100a80a496108f693ecebc59e14-dirty,2,pager,80,24,389,16529,95517,80,24,648,23,95247,105343,1,120,19755
fc1a1cd2d37a9100a80a496108f693ecebc59e14-dirty,2,pager,80,24,390,16530,86784,80,24,614,23,86514,99873,1,98,16169
fc1a1cd2d37a9100a80a496108f693ecebc59e14-dirty,2,pager,80,24,391,16570,92032,80,24,582,23,91762,94699,1,116,19105
fc1a1cd2d37a9100a80a496108f693ecebc59e14-dirty,2,pager,80,24,392,16650,93146,80,24,605,23,92876,98434,1,100,16497
fc1a1cd2d37a9100a80a496108f693ecebc59e14-dirty,2,pager,80,24,393,16651,89489,80,24,608,23,89219,98922,1,83,13724
fc1a1cd2d37a9100a80a496108f693ecebc59e14-dirty,2,pager,80,24,394,16726,98381,80,24,629,23,98111,102328,1,119,19592
fc1a1cd2d37a9100a80a496108f693ecebc59e14-dirty,2,pager,80,24,395,16727,98381,80,24,645,23,98111,104934,1,81,13400
fc1a1cd2d37a9100a80a496108f693ecebc59e14-dirty,2,pager,80,24,396,16766,87263,80,24,607,23,86993,98765,1,86,14213
fc1a1cd2d37a9100a80a496108f693ecebc59e14-dirty,2,pager,80,24,397,16807,95519,80,24,634,23,95249,103172,1,136,22365
fc1a1cd2d37a9100a80a496108f693ecebc59e14-dirty,2,pager,80,24,398,16847,99336,80,24,663,23,99066,107914,1,105,17312
fc1a1cd2d37a9100a80a496108f693ecebc59e14-dirty,2,pager,80,24,399,16928,99019,80,24,678,23,98749,110377,1,89,14704
fc1a1cd2d37a9100a80a496108f693ecebc59e14-dirty,2,pager,80,24,400,16929,102518,80,24,687,23,102248,111850,1,101,16660
fc1a1cd2d37a9100a80a496108f693ecebc59e14-dirty,2,pager,80,24,401,16968,97271,80,24,674,23,97001,109733,1,82,13562
fc1a1cd2d37a9100a80a496108f693ecebc59e14-dirty,2,pager,80,24,402,17009,97589,80,24,642,23,97319,104514,1,82,13562
fc1a1cd2d37a9100a80a496108f693ecebc59e14-dirty,2,pager,80,24,403,17049,94250,80,24,625,23,93980,101731,1,81,13400
fc1a1cd2d37a9100a80a496108f693ecebc59e14-dirty,2,pager,80,24,404,17130,101234,80,24,630,23,100964,102544,1,119,19589
fc1a1cd2d37a9100a80a496108f693ecebc59e14-dirty,2,pager,80,24,405,17131,101870,80,24,639,23,101600,104008,1,100,16495
fc1a1cd2d37a9100a80a496108f693ecebc59e14-dirty,2,pager,80,24,406,17211,103302,80,24,650,23,103032,105809,1,114,18779
fc1a1cd2d37a9100a80a496108f693ecebc59e14-dirty,2,pager,80,24,407,17212,100440,80,24,660,23,100170,107429,1,82,13562
fc1a1cd2d37a9100a80a496108f693ecebc59e14-dirty,2,pager,80,24,408,17287,112512,80,24,685,23,112242,111491,1,126,20733
fc1a1cd2d37a9100a80a496108f693ecebc59e14-dirty,2,pager,80,24,409,17288,118077,80,24,718,23,117807,116867,1,114,18777
fc1a1cd2d37a9100a80a496108f693ecebc59e14-dirty,2,pager,80,24,410,17328,116010,80,24,739,23,115740,120250,1,82,13562
fc1a1cd2d37a9100a80a496108f693ecebc59e14-dirty,2,pager,80,24,411,17408,103779,80,24,700,23,103509,113887,1,81,13400
fc1a1cd2d37a9100a80a496108f693ecebc59e14-dirty,2,pager,80,24,412,17409,93456,80,24,667,23,93186,108526,1,92,15187
fc1a1cd2d37a9100a80a496108f693ecebc59e14-dirty,2,pager,80,24,413,17449,102189,80,24,667,23,101919,108539,1,117,19263
fc1a1cd2d37a9100a80a496108f693ecebc59e14-dirty,2,pager,80,24,414,17490,101870,80,24,668,23,101600,108716,1,110,18125
fc1a1cd2d37a9100a80a496108f693ecebc59e14-dirty,2,pager,80,24,415,17571,111238,80,24,676,23,110968,110052,1,126,20733
fc1a1cd2d37a9100a80a496108f693ecebc59e14-dirty,2,pager,80,24,416,17572,116008,80,24,698,23,115738,113660,1,113,18614
fc1a1cd2d37a9100a80a496108f693ecebc59e14-dirty,2,pager,80,24,417,17647,105845,80,24,694,23,105575,113008,1,92,15193
fc1a1cd2d37a9100a80a496108f693ecebc59e14-dirty,2,pager,80,24,418,17648,118076,80,24,699,23,117806,113823,1,119,19594
fc1a1cd2d37a9100a80a496108f693ecebc59e14-dirty,2,pager,80,24,419,17687,119826,80,24,735,23,119556,119662,1,100,16497
fc1a1cd2d37a9100a80a496108f693ecebc59e14-dirty,2,pager,80,24,420,17728,119826,80,24,732,23,119556,119200,1,132,21713
fc1a1cd2d37a9100a80a496108f693ecebc59e14-dirty,2,pager,80,24,421,17809,117600,80,24,726,23,117330,118232,1,91,15030
fc1a1cd2d37a9100a80a496108f693ecebc59e14-dirty,2,pager,80,24,422,17810,116646,80,24,713,23,116376,116104,1,83,13726
fc1a1cd2d37a9100a80a496108f693ecebc59e14-dirty,2,pager,80,24,423,17850,114897,80,24,705,23,114627,114785,1,92,15193
fc1a1cd2d37a9100a80a496108f693ecebc59e14-dirty,2,pager,80,24,424,17931,117123,80,24,698,23,116853,113663,1,95,15680
fc1a1cd2d37a9100a80a496108f693ecebc59e14-dirty,2,pager,80,24,425,17932,117760,80,24,710,23,117490,115610,1,86,14215
fc1a1cd2d37a9100a80a496108f693ecebc59e14-dirty,2,pager,80,24,426,17972,123485,80,24,743,23,123215,120953,1,116,19105
fc1a1cd2d37a9100a80a496108f693ecebc59e14-dirty,2,pager,80,24,427,18007,114594,80,24,740,23,114324,120468,1,100,16497
fc1a1cd2d37a9100a80a496108f693ecebc59e14-dirty,2,pager,80,24,428,18048,111414,80,24,720,23,111144,117210,1,82,13562
fc1a1cd2d37a9100a80a496108f693ecebc59e14-dirty,2,pager,80,24,429,18129,106166,80,24,686,23,105896,111661,1,82,13562
fc1a1cd2d37a9100a80a496108f693ecebc59e14-dirty,2,pager,80,24,430,18130,105848,80,24,653,23,105578,106282,1,81,13400
fc1a1cd2d37a9100a80a496108f693ecebc59e14-dirty,2,pager,80,24,431,18209,105848,80,24,663,23,105578,107911,1,136,22360
fc1a1cd2d37a9100a80a496108f693ecebc59e14-dirty,2,pager,80,24,432,18210,112514,80,24,689,23,112244,112140,1,136,22360
fc1a1cd2d37a9100a80a496108f693ecebc59e14-dirty,2,pager,80,24,433,18252,124427,80,24,711,23,124157,115705,1,134,22034
fc1a1cd2d37a9100a80a496108f693ecebc59e14-dirty,2,pager,80,24,434,18291,126335,80,24,764,23,126065,124291,1,92,15187
fc1a1cd2d37a9100a80a496108f693ecebc59e14-dirty,2,pager,80,24,435,18332,136658,80,24,812,23,136388,132114,1,139,22849
fc1a1cd2d37a9100a80a496108f693ecebc59e14-dirty,2,pager,80,24,436,18408,129674,80,24,836,23,129404,136054,1,110,18125
fc1a1cd2d37a9100a80a496108f693ecebc59e14-dirty,2,pager,80,24,437,18409,129674,80,24,805,23,129404,131031,1,110,18125
fc1a1cd2d37a9100a80a496108f693ecebc59e14-dirty,2,pager,80,24,438,18449,119351,80,24,793,23,119081,129101,1,90,14865
fc1a1cd2d37a9100a80a496108f693ecebc59e14-dirty,2,pager,80,24,439,18489,115854,80,24,764,23,115584,124381,1,90,14867
fc1a1cd2d37a9100a80a496108f693ecebc59e14-dirty,2,pager,80,24,440,18530,119511,80,24,764,23,119241,124382,1,118,19431
fc1a1cd2d37a9100a80a496108f693ecebc59e14-dirty,2,pager,80,24,441,18611,119511,80,24,783,23,119241,127502,1,144,23669
fc1a1cd2d37a9100a80a496108f693ecebc59e14-dirty,2,pager,80,24,442,18612,118556,80,24,817,23,118286,133073,1,94,15510
fc1a1cd2d37a9100a80a496108f693ecebc59e14-dirty,2,pager,80,24,443,18687,106643,80,24,775,23,106373,126272,1,82,13562
fc1a1cd2d37a9100a80a496108f693ecebc59e14-dirty,2,pager,80,24,444,18688,107120,80,24,738,23,106850,120234,1,92,15193
fc1a1cd2d37a9100a80a496108f693ecebc59e14-dirty,2,pager,80,24,445,18727,106960,80,24,738,23,106690,120185,1,82,13562
fc1a1cd2d37a9100a80a496108f693ecebc59e14-dirty,2,pager,80,24,446,18809,117441,80,24,790,23,117171,128614,1,144,23667
fc1a1cd2d37a9100a80a496108f693ecebc59e14-dirty,2,pager,80,24,447,18810,118236,80,24,841,23,117966,136887,1,100,16495
fc1a1cd2d37a9100a80a496108f693ecebc59e14-dirty,2,pager,80,24,448,18890,119985,80,24,847,23,119715,137820,1,96,15845
fc1a1cd2d37a9100a80a496108f693ecebc59e14-dirty,2,pager,80,24,449,18891,120144,80,24,848,23,119874,137955,1,116,19105
fc1a1cd2d37a9100a80a496108f693ecebc59e14-dirty,2,pager,80,24,450,18971,120144,80,24,848,23,119874,137982,1,100,16497
fc1a1cd2d37a9100a80a496108f693ecebc59e14-dirty,2,pager,80,24,451,18972,120303,80,24,849,23,120033,138134,1,83,13724
fc1a1cd2d37a9100a80a496108f693ecebc59e14-dirty,2,pager,80,24,452,19047,120303,80,24,850,23,120033,138284,1,82,13562
fc1a1cd2d37a9100a80a496108f693ecebc59e14-dirty,2,pager,80,24,453,19048,120303,80,24,850,23,120033,138251,1,81,13400
fc1a1cd2d37a9100a80a496108f693ecebc59e14-dirty,2,pager,80,24,454,19128,120303,80,24,835,23,120033,135799,1,121,19915
fc1a1cd2d37a9100a80a496108f693ecebc59e14-dirty,2,pager,80,24,455,19129,120303,80,24,826,23,120033,134314,1,128,21059
fc1a1cd2d37a9100a80a496108f693ecebc59e14-dirty,2,pager,80,24,456,19209,108390,80,24,818,23,108120,133051,1,82,13562
fc1a1cd2d37a9100a80a496108f693ecebc59e14-dirty,2,pager,80,24,457,19210,106482,80,24,765,23,106212,124459,1,81,13400
fc1a1cd2d37a9100a80a496108f693ecebc59e14-dirty,2,pager,80,24,458,19290,106482,80,24,756,23,106212,123040,1,131,21545
fc1a1cd2d37a9100a80a496108f693ecebc59e14-dirty,2,pager,80,24,459,19291,101553,80,24,741,23,101283,120597,1,84,13886
fc1a1cd2d37a9100a80a496108f693ecebc59e14-dirty,2,pager,80,24,460,19371,108537,80,24,784,23,108267,127548,1,135,22198
fc1a1cd2d37a9100a80a496108f693ecebc59e14-dirty,2,pager,80,24,461,19372,118860,80,24,808,23,118590,131470,1,132,21708
fc1a1cd2d37a9100a80a496108f693ecebc59e14-dirty,2,pager,80,24,462,19448,129341,80,24,842,23,129071,136991,1,120,19752
fc1a1cd2d37a9100a80a496108f693ecebc59e14-dirty,2,pager,80,24,463,19450,135847,80,24,850,23,135577,138288,1,122,20077
fc1a1cd2d37a9100a80a496108f693ecebc59e14-dirty,2,pager,80,24,464,19529,126796,80,24,830,23,126526,135063,1,100,16495
fc1a1cd2d37a9100a80a496108f693ecebc59e14-dirty,2,pager,80,24,465,19530,125206,80,24,775,23,124936,126177,1,82,13562
fc1a1cd2d37a9100a80a496108f693ecebc59e14-dirty,2,pager,80,24,466,19610,124888,80,24,762,23,124618,124080,1,81,13400
fc1a1cd2d37a9100a80a496108f693ecebc59e14-dirty,2,pager,80,24,467,19611,135051,80,24,819,23,134781,133339,1,150,24642
fc1a1cd2d37a9100a80a496108f693ecebc59e14-dirty,2,pager,80,24,468,19651,136005,80,24,881,23,135735,143397,1,89,14696
fc1a1cd2d37a9100a80a496108f693ecebc59e14-dirty,2,pager,80,24,469,19728,136005,80,24,878,23,135735,142915,1,133,21874
fc1a1cd2d37a9100a80a496108f693ecebc59e14-dirty,2,pager,80,24,470,19729,136324,80,24,866,23,136054,141023,1,106,17475
fc1a1cd2d37a9100a80a496108f693ecebc59e14-dirty,2,pager,80,24,471,19809,137755,80,24,877,23,137485,142788,1,109,17964
fc1a1cd2d37a9100a80a496108f693ecebc59e14-dirty,2,pager,80,24,472,19810,137757,80,24,873,23,137487,142126,1,115,18944
fc1a1cd2d37a9100a80a496108f693ecebc59e14-dirty,2,pager,80,24,473,19850,134895,80,24,875,23,134625,142436,1,84,13889
fc1a1cd2d37a9100a80a496108f693ecebc59e14-dirty,2,pager,80,24,474,19931,134736,80,24,858,23,134466,139633,1,82,13562
fc1a1cd2d37a9100a80a496108f693ecebc59e14-dirty,2,pager,80,24,475,19933,139824,80,24,885,23,139554,143990,1,111,18288
fc1a1cd2d37a9100a80a496108f693ecebc59e14-dirty,2,pager,80,24,476,20008,143163,80,24,914,23,142893,148675,1,99,16332
fc1a1cd2d37a9100a80a496108f693ecebc59e14-dirty,2,pager,80,24,477,20009,143163,80,24,932,23,142893,151610,1,135,22202
fc1a1cd2d37a9100a80a496108f693ecebc59e14-dirty,2,pager,80,24,478,20049,143163,80,24,927,23,142893,150831,1,140,23017
fc1a1cd2d37a9100a80a496108f693ecebc59e14-dirty,2,pager,80,24,479,20130,155076,80,24,923,23,154806,150229,1,140,23017
fc1a1cd2d37a9100a80a496108f693ecebc59e14-dirty,2,pager,80,24,480,20132,167307,80,24,971,23,167037,157986,1,142,23343
fc1a1cd2d37a9100a80a496108f693ecebc59e14-dirty,2,pager,80,24,481,20172,167307,80,24,970,23,167037,157804,1,140,23017
fc1a1cd2d37a9100a80a496108f693ecebc59e14-dirty,2,pager,80,24,482,20248,172714,80,24,971,23,172444,157956,1,113,18616
fc1a1cd2d37a9100a80a496108f693ecebc59e14-dirty,2,pager,80,24,483,20250,164618,80,24,953,23,164348,155021,1,106,17475
fc1a1cd2d37a9100a80a496108f693ecebc59e14-dirty,2,pager,80,24,484,20289,153819,80,24,924,23,153549,150319,1,89,14704
fc1a1cd2d37a9100a80a496108f693ecebc59e14-dirty,2,pager,80,24,485,20369,141907,80,24,885,23,141637,143981,1,82,13563
fc1a1cd2d37a9100a80a496108f693ecebc59e14-dirty,2,pager,80,24,486,20371,129994,80,24,845,23,129724,137471,1,82,13562
fc1a1cd2d37a9100a80a496108f693ecebc59e14-dirty,2,pager,80,24,487,20410,127132,80,24,805,23,126862,130993,1,82,13562
fc1a1cd2d37a9100a80a496108f693ecebc59e14-dirty,2,pager,80,24,488,20452,126814,80,24,786,23,126544,127888,1,81,13400
fc1a1cd2d37a9100a80a496108f693ecebc59e14-dirty,2,pager,80,24,489,20528,139045,80,24,832,23,138775,135352,1,128,21055
fc1a1cd2d37a9100a80a496108f693ecebc59e14-dirty,2,pager,80,24,490,20529,132856,80,24,808,23,132586,131450,1,119,19592
fc1a1cd2d37a9100a80a496108f693ecebc59e14-dirty,2,pager,80,24,491,20609,131902,80,24,773,23,131632,125780,1,82,13562
fc1a1cd2d37a9100a80a496108f693ecebc59e14-dirty,2,pager,80,24,492,20610,119671,80,24,714,23,119401,116188,1,81,13400
fc1a1cd2d37a9100a80a496108f693ecebc59e14-dirty,2,pager,80,24,493,20690,128244,80,24,699,23,127974,113744,1,119,19589
fc1a1cd2d37a9100a80a496108f693ecebc59e14-dirty,2,pager,80,24,494,20691,127130,80,24,705,23,126860,114699,1,96,15843
fc1a1cd2d37a9100a80a496108f693ecebc59e14-dirty,2,pager,80,24,495,20771,122517,80,24,688,23,122247,111907,1,88,14541
fc1a1cd2d37a9100a80a496108f693ecebc59e14-dirty,2,pager,80,24,496,20772,124584,80,24,665,23,124314,108162,1,96,15845
fc1a1cd2d37a9100a80a496108f693ecebc59e14-dirty,2,pager,80,24,497,20852,126811,80,24,661,22,123822,107490,1,96,15845
fc1a1cd2d37a9100a80a496108f693ecebc59e14-dirty,2,pager,80,24,498,20853,133636,80,24,677,22,130647,110121,1,128,21061
fc1a1cd2d37a9100a80a496108f693ecebc59e14-dirty,2,pager,80,24,499,20928,132364,80,24,697,22,129375,113409,1,91,15028
fc1a1cd2d37a9100a80a496108f693ecebc59e14-dirty,2,pager,80,24,500,20929,132364,80,24,683,22,129375,111183,1,122,20083
fc1a1cd2d37a9100a80a496108f693ecebc59e14-dirty,2,pager,80,24,501,21010,120451,80,24,679,22,117462,110575,1,82,13562
fc1a1cd2d37a9100a80a496108f693ecebc59e14-dirty,2,pager,80,24,502,21011,109492,80,24,642,22,106503,104539,1,88,14539
fc1a1cd2d37a9100a80a496108f693ecebc59e14-dirty,2,pager,80,24,503,21050,97579,80,24,601,22,94590,97857,1,82,13562
fc1a1cd2d37a9100a80a496108f693ecebc59e14-dirty,2,pager,80,24,504,21090,85348,80,24,553,22,82359,90042,1,81,13400
fc1a1cd2d37a9100a80a496108f693ecebc59e14-dirty,2,pager,80,24,505,21171,91854,80,24,548,22,88865,89269,1,124,20404
fc1a1cd2d37a9100a80a496108f693ecebc59e14-dirty,2,pager,80,24,506,21173,99950,80,24,563,22,96961,91704,1,124,20407
fc1a1cd2d37a9100a80a496108f693ecebc59e14-dirty,2,pager,80,24,507,21247,110749,80,24,577,22,107760,93974,1,116,19103
fc1a1cd2d37a9100a80a496108f693ecebc59e14-dirty,2,pager,80,24,508,21249,122661,80,24,630,22,119672,102608,1,140,23015
fc1a1cd2d37a9100a80a496108f693ecebc59e14-dirty,2,pager,80,24,509,21329,134574,80,24,695,22,131585,113191,1,148,24319
fc1a1cd2d37a9100a80a496108f693ecebc59e14-dirty,2,pager,80,24,510,21330,134574,80,24,761,22,131586,123950,1,82,13562
fc1a1cd2d37a9100a80a496108f693ecebc59e14-dirty,2,pager,80,24,511,21370,134574,80,24,761,22,131586,123905,1,81,13400
fc1a1cd2d37a9100a80a496108f693ecebc59e14-dirty,2,pager,80,24,512,21411,134574,80,24,768,22,131586,125044,1,135,22197
fc1a1cd2d37a9100a80a496108f693ecebc59e14-dirty,2,pager,80,24,513,21451,140763,80,24,778,22,137775,126676,1,119,19592
fc1a1cd2d37a9100a80a496108f693ecebc59e14-dirty,2,pager,80,24,514,21492,152676,80,24,783,22,149688,127491,1,126,20733
fc1a1cd2d37a9100a80a496108f693ecebc59e14-dirty,2,pager,80,24,515,21568,154107,80,24,827,22,151119,134656,1,88,14539
fc1a1cd2d37a9100a80a496108f693ecebc59e14-dirty,2,pager,80,24,516,21570,142672,80,24,797,22,139684,129799,1,85,14052
fc1a1cd2d37a9100a80a496108f693ecebc59e14-dirty,2,pager,80,24,517,21609,140924,80,24,766,22,137936,124787,1,88,14541
fc1a1cd2d37a9100a80a496108f693ecebc59e14-dirty,2,pager,80,24,518,21650,145694,80,24,789,22,142706,128509,1,117,19268
fc1a1cd2d37a9100a80a496108f693ecebc59e14-dirty,2,pager,80,24,519,21691,147284,80,24,812,22,144296,132224,1,105,17312
fc1a1cd2d37a9100a80a496108f693ecebc59e14-dirty,2,pager,80,24,520,21731,149192,80,24,838,23,148922,136423,1,107,17638
fc1a1cd2d37a9100a80a496108f693ecebc59e14-dirty,2,pager,80,24,521,21772,149192,80,24,847,23,148922,137874,1,135,22202
fc1a1cd2d37a9100a80a496108f693ecebc59e14-dirty,2,pager,80,24,522,21813,159356,80,24,848,23,159086,138022,1,125,20572
fc1a1cd2d37a9100a80a496108f693ecebc59e14-dirty,2,pager,80,24,523,21889,147443,80,24,849,23,147173,138162,1,82,13562
fc1a1cd2d37a9100a80a496108f693ecebc59e14-dirty,2,pager,80,24,524,21891,147443,80,24,809,23,147173,131682,1,82,13562
fc1a1cd2d37a9100a80a496108f693ecebc59e14-dirty,2,pager,80,24,525,21930,146171,80,24,803,23,145901,130658,1,81,13400
fc1a1cd2d37a9100a80a496108f693ecebc59e14-dirty,2,pager,80,24,526,22011,158084,80,24,835,23,157814,135824,1,121,19914
fc1a1cd2d37a9100a80a496108f693ecebc59e14-dirty,2,pager,80,24,527,22013,163331,80,24,878,23,163061,142785,1,110,18125
fc1a1cd2d37a9100a80a496108f693ecebc59e14-dirty,2,pager,80,24,528,22052,153644,80,24,866,23,153374,140831,1,95,15680
fc1a1cd2d37a9100a80a496108f693ecebc59e14-dirty,2,pager,80,24,529,22128,153644,80,24,859,23,153374,139733,1,118,19431
fc1a1cd2d37a9100a80a496108f693ecebc59e14-dirty,2,pager,80,24,530,22130,153644,80,24,868,23,153374,141233,1,128,21061
fc1a1cd2d37a9100a80a496108f693ecebc59e14-dirty,2,pager,80,24,531,22170,141731,80,24,854,23,141461,138975,1,82,13562
fc1a1cd2d37a9100a80a496108f693ecebc59e14-dirty,2,pager,80,24,532,22210,129818,80,24,789,23,129548,128409,1,82,13562
fc1a1cd2d37a9100a80a496108f693ecebc59e14-dirty,2,pager,80,24,533,22251,129500,80,24,722,23,129230,117532,1,81,13400
fc1a1cd2d37a9100a80a496108f693ecebc59e14-dirty,2,pager,80,24,534,22292,141731,80,24,789,23,141461,128395,1,149,24479
fc1a1cd2d37a9100a80a496108f693ecebc59e14-dirty,2,pager,80,24,535,22332,132044,80,24,807,23,131774,131328,1,96,15836
fc1a1cd2d37a9100a80a496108f693ecebc59e14-dirty,2,pager,80,24,536,22373,132044,80,24,801,23,131774,130355,1,121,19918
fc1a1cd2d37a9100a80a496108f693ecebc59e14-dirty,2,pager,80,24,537,22408,125220,80,24,795,23,124950,129417,1,112,18453
fc1a1cd2d37a9100a80a496108f693ecebc59e14-dirty,2,pager,80,24,538,22449,124107,80,24,782,23,123837,127343,1,82,13562
fc1a1cd2d37a9100a80a496108f693ecebc59e14-dirty,2,pager,80,24,539,22489,126332,80,24,790,23,126062,128615,1,97,16006
fc1a1cd2d37a9100a80a496108f693ecebc59e14-dirty,2,pager,80,24,540,22571,137290,80,24,838,23,137020,136399,1,131,21550
fc1a1cd2d37a9100a80a496108f693ecebc59e14-dirty,2,pager,80,24,541,22572,143478,80,24,840,23,143208,136731,1,134,22039
fc1a1cd2d37a9100a80a496108f693ecebc59e14-dirty,2,pager,80,24,542,22653,141729,80,24,845,23,141459,137542,1,96,15845
fc1a1cd2d37a9100a80a496108f693ecebc59e14-dirty,2,pager,80,24,543,22654,139662,80,24,834,23,139392,135727,1,95,15682
fc1a1cd2d37a9100a80a496108f693ecebc59e14-dirty,2,pager,80,24,544,22729,130135,80,24,783,23,129865,127421,1,97,16008
fc1a1cd2d37a9100a80a496108f693ecebc59e14-dirty,2,pager,80,24,545,22730,120767,80,24,737,23,120497,119972,1,98,16171
fc1a1cd2d37a9100a80a496108f693ecebc59e14-dirty,2,pager,80,24,546,22810,123948,80,24,702,23,123678,114312,1,103,16986
fc1a1cd2d37a9100a80a496108f693ecebc59e14-dirty,2,pager,80,24,547,22811,128719,80,24,712,23,128449,115878,1,111,18290
fc1a1cd2d37a9100a80a496108f693ecebc59e14-dirty,2,pager,80,24,548,22891,129037,80,24,742,23,128767,120697,1,82,13562
fc1a1cd2d37a9100a80a496108f693ecebc59e14-dirty,2,pager,80,24,549,22892,117124,80,24,704,23,116854,114498,1,82,13562
fc1a1cd2d37a9100a80a496108f693ecebc59e14-dirty,2,pager,80,24,550,22932,111877,80,24,661,23,111607,107500,1,81,13400
fc1a1cd2d37a9100a80a496108f693ecebc59e14-dirty,2,pager,80,24,551,23008,121564,80,24,698,23,121294,113526,1,149,24479
fc1a1cd2d37a9100a80a496108f693ecebc59e14-dirty,2,pager,80,24,552,23009,109651,80,24,726,23,109381,118111,1,82,13562
fc1a1cd2d37a9100a80a496108f693ecebc59e14-dirty,2,pager,80,24,553,23048,109651,80,24,717,23,109381,116635,1,119,19592
fc1a1cd2d37a9100a80a496108f693ecebc59e14-dirty,2,pager,80,24,554,23089,113468,80,24,705,23,113198,114687,1,99,16334
fc1a1cd2d37a9100a80a496108f693ecebc59e14-dirty,2,pager,80,24,555,23130,114900,80,24,724,23,114630,117746,1,92,15193
fc1a1cd2d37a9100a80a496108f693ecebc59e14-dirty,2,pager,80,24,556,23170,116332,80,24,736,23,116062,119689,1,87,14378
fc1a1cd2d37a9100a80a496108f693ecebc59e14-dirty,2,pager,80,24,557,23251,106169,80,24,683,23,105899,111119,1,94,15519
fc1a1cd2d37a9100a80a496108f693ecebc59e14-dirty,2,pager,80,24,558,23252,104103,80,24,626,23,103833,101904,1,83,13726
fc1a1cd2d37a9100a80a496108f693ecebc59e14-dirty,2,pager,80,24,559,23291,94576,80,24,593,23,94306,96574,1,97,16008
fc1a1cd2d37a9100a80a496108f693ecebc59e14-dirty,2,pager,80,24,560,23372,90919,80,24,570,23,90649,92853,1,90,14867
fc1a1cd2d37a9100a80a496108f693ecebc59e14-dirty,2,pager,80,24,561,23373,91556,80,24,548,23,91286,89269,1,86,14215
fc1a1cd2d37a9100a80a496108f693ecebc59e14-dirty,2,pager,80,24,562,23448,93624,80,24,561,23,93354,91404,1,112,18453
fc1a1cd2d37a9100a80a496108f693ecebc59e14-dirty,2,pager,80,24,563,23449,81871,80,24,540,23,81601,88036,1,83,13726
fc1a1cd2d37a9100a80a496108f693ecebc59e14-dirty,2,pager,80,24,564,23488,70595,80,24,506,23,70325,82465,1,86,14215
fc1a1cd2d37a9100a80a496108f693ecebc59e14-dirty,2,pager,80,24,565,23528,68528,80,24,471,23,68258,76733,1,83,13726
fc1a1cd2d37a9100a80a496108f693ecebc59e14-dirty,2,pager,80,24,566,23569,67573,80,24,462,23,67303,75241,1,87,14377
fc1a1cd2d37a9100a80a496108f693ecebc59e14-dirty,2,pager,80,24,567,23609,68845,80,24,483,23,68575,78631,1,105,17312
fc1a1cd2d37a9100a80a496108f693ecebc59e14-dirty,2,pager,80,24,568,23649,66778,80,24,502,23,66508,81712,1,85,14052
fc1a1cd2d37a9100a80a496108f693ecebc59e14-dirty,2,pager,80,24,569,23690,63597,80,24,497,23,63327,80893,1,82,13562
fc1a1cd2d37a9100a80a496108f693ecebc59e14-dirty,2,pager,80,24,570,23730,58826,80,24,487,23,58556,79258,1,82,13562
fc1a1cd2d37a9100a80a496108f693ecebc59e14-dirty,2,pager,80,24,571,23770,58508,80,24,457,23,58238,74384,1,81,13400
fc1a1cd2d37a9100a80a496108f693ecebc59e14-dirty,2,pager,80,24,572,23811,70421,80,24,498,23,70151,81050,1,124,20404
fc1a1cd2d37a9100a80a496108f693ecebc59e14-dirty,2,pager,80,24,573,23892,82652,80,24,552,23,82382,89834,1,130,21385
fc1a1cd2d37a9100a80a496108f693ecebc59e14-dirty,2,pager,80,24,574,23892,82652,80,24,535,23,82382,87124,1,129,21224
fc1a1cd2d37a9100a80a496108f693ecebc59e14-dirty,2,pager,80,24,575,23932,94565,80,24,511,23,94295,83258,1,132,21713
fc1a1cd2d37a9100a80a496108f693ecebc59e14-dirty,2,pager,80,24,576,23967,94565,80,24,533,23,94295,86853,1,145,23832
fc1a1cd2d37a9100a80a496108f693ecebc59e14-dirty,2,pager,80,24,577,24008,90589,80,24,562,23,90319,91612,1,81,13400
fc1a1cd2d37a9100a80a496108f693ecebc59e14-dirty,2,pager,80,24,578,24048,89157,80,24,543,23,88887,88527,1,82,13562
fc1a1cd2d37a9100a80a496108f693ecebc59e14-dirty,2,pager,80,24,579,24089,88043,80,24,532,23,87773,86739,1,82,13562
fc1a1cd2d37a9100a80a496108f693ecebc59e14-dirty,2,pager,80,24,580,24129,86134,80,24,519,23,85864,84608,1,81,13400
fc1a1cd2d37a9100a80a496108f693ecebc59e14-dirty,2,pager,80,24,581,24210,85656,80,24,505,23,85386,82316,1,81,13400
fc1a1cd2d37a9100a80a496108f693ecebc59e14-dirty,2,pager,80,24,582,24211,95183,80,24,548,23,94913,89327,1,139,22846
fc1a1cd2d37a9100a80a496108f693ecebc59e14-dirty,2,pager,80,24,583,24250,97408,80,24,594,23,97138,96828,1,104,17140
fc1a1cd2d37a9100a80a496108f693ecebc59e14-dirty,2,pager,80,24,584,24291,100269,80,24,608,23,99999,99109,1,102,16815
fc1a1cd2d37a9100a80a496108f693ecebc59e14-dirty,2,pager,80,24,585,24331,99314,80,24,610,23,99044,99411,1,107,17632
fc1a1cd2d37a9100a80a496108f693ecebc59e14-dirty,2,pager,80,24,586,24412,98995,80,24,604,23,98725,98404,1,81,13400
fc1a1cd2d37a9100a80a496108f693ecebc59e14-dirty,2,pager,80,24,587,24413,98040,80,24,600,23,97770,97705,1,81,13400
fc1a1cd2d37a9100a80a496108f693ecebc59e14-dirty,2,pager,80,24,588,24488,101219,80,24,613,23,100949,99777,1,100,16489
fc1a1cd2d37a9100a80a496108f693ecebc59e14-dirty,2,pager,80,24,589,24489,104240,80,24,636,23,103970,103462,1,104,17144
fc1a1cd2d37a9100a80a496108f693ecebc59e14-dirty,2,pager,80,24,590,24529,112495,80,24,658,23,112225,107004,1,125,20570
fc1a1cd2d37a9100a80a496108f693ecebc59e14-dirty,2,pager,80,24,591,24570,112017,80,24,679,23,111747,110446,1,82,13562
fc1a1cd2d37a9100a80a496108f693ecebc59e14-dirty,2,pager,80,24,592,24611,111858,80,24,676,23,111588,109959,1,81,13400
fc1a1cd2d37a9100a80a496108f693ecebc59e14-dirty,2,pager,80,24,593,24692,111540,80,24,675,23,111270,109797,1,81,13400
fc1a1cd2d37a9100a80a496108f693ecebc59e14-dirty,2,pager,80,24,594,24693,123771,80,24,710,23,123501,115494,1,116,19097
fc1a1cd2d37a9100a80a496108f693ecebc59e14-dirty,2,pager,80,24,595,24732,117423,80,24,702,23,117153,114169,1,113,18611
fc1a1cd2d37a9100a80a496108f693ecebc59e14-dirty,2,pager,80,24,596,24808,117423,80,24,687,23,117153,111718,1,115,18940
fc1a1cd2d37a9100a80a496108f693ecebc59e14-dirty,2,pager,80,24,597,24810,117423,80,24,688,23,117153,111908,1,132,21713
fc1a1cd2d37a9100a80a496108f693ecebc59e14-dirty,2,pager,80,24,598,24889,105510,80,24,695,23,105240,113062,1,82,13562
fc1a1cd2d37a9100a80a496108f693ecebc59e14-dirty,2,pager,80,24,599,24890,93597,80,24,636,23,93327,103477,1,82,13562
fc1a1cd2d37a9100a80a496108f693ecebc59e14-dirty,2,pager,80,24,600,24929,93597,80,24,573,23,93327,93271,1,81,13400
fc1a1cd2d37a9100a80a496108f693ecebc59e14-dirty,2,pager,80,24,601,24970,93279,80,24,572,23,93009,93091,1,81,13400
fc1a1cd2d37a9100a80a496108f693ecebc59e14-dirty,2,pager,80,24,602,25051,105192,80,24,619,23,104922,100718,1,129,21216
fc1a1cd2d37a9100a80a496108f693ecebc59e14-dirty,2,pager,80,24,603,25052,117264,80,24,671,23,116994,109142,1,124,20404
fc1a1cd2d37a9100a80a496108f693ecebc59e14-dirty,2,pager,80,24,604,25092,129501,80,24,737,23,129231,119858,1,144,23673
fc1a1cd2d37a9100a80a496108f693ecebc59e14-dirty,2,pager,80,24,605,25132,118701,80,24,744,23,118431,121060,1,87,14373
fc1a1cd2d37a9100a80a496108f693ecebc59e14-dirty,2,pager,80,24,606,25173,118701,80,24,709,23,118431,115421,1,105,17310
fc1a1cd2d37a9100a80a496108f693ecebc59e14-dirty,2,pager,80,24,607,25249,115203,80,24,710,23,114933,115579,1,82,13562
fc1a1cd2d37a9100a80a496108f693ecebc59e14-dirty,2,pager,80,24,608,25250,111228,80,24,681,23,110958,110856,1,81,13400
fc1a1cd2d37a9100a80a496108f693ecebc59e14-dirty,2,pager,80,24,609,25330,111069,80,24,655,23,110799,106611,1,81,13400
fc1a1cd2d37a9100a80a496108f693ecebc59e14-dirty,2,pager,80,24,610,25331,123300,80,24,713,23,123030,116006,1,139,22846
fc1a1cd2d37a9100a80a496108f693ecebc59e14-dirty,2,pager,80,24,611,25371,125685,80,24,755,23,125415,122820,1,118,19425
fc1a1cd2d37a9100a80a496108f693ecebc59e14-dirty,2,pager,80,24,612,25453,133470,80,24,786,23,133200,127911,1,134,22043
fc1a1cd2d37a9100a80a496108f693ecebc59e14-dirty,2,pager,80,24,613,25454,121398,80,24,793,23,121128,129099,1,81,13400
fc1a1cd2d37a9100a80a496108f693ecebc59e14-dirty,2,pager,80,24,614,25529,121080,80,24,749,23,120810,121973,1,81,13400
fc1a1cd2d37a9100a80a496108f693ecebc59e14-dirty,2,pager,80,24,615,25530,133152,80,24,794,23,132882,129254,1,127,20890
fc1a1cd2d37a9100a80a496108f693ecebc59e14-dirty,2,pager,80,24,616,25612,145383,80,24,841,23,145113,136854,1,121,19915
fc1a1cd2d37a9100a80a496108f693ecebc59e14-dirty,2,pager,80,24,617,25613,136968,80,24,845,23,136698,137479,1,105,17310
fc1a1cd2d37a9100a80a496108f693ecebc59e14-dirty,2,pager,80,24,618,25651,89332,80,24,828,24,89395,134596,0,828,134596
fc1a1cd2d37a9100a80a496108f693ecebc59e14-dirty,3,pager,80,24,1,3,89650,80,24,1,1,848,360,0,1,360
fc1a1cd2d37a9100a80a496108f693ecebc59e14-dirty,3,pager,80,24,2,44,89809,80,24,1,1,1007,360,0,1,360
fc1a1cd2d37a9100a80a496108f693ecebc59e14-dirty,3,pager,80,24,3,84,89968,80,24,1,1,1166,360,0,1,360
fc1a1cd2d37a9100a80a496108f693ecebc59e14-dirty,3,pager,80,24,4,125,89968,80,24,1,1,1166,360,0,1,360
fc1a1cd2d37a9100a80a496108f693ecebc59e14-dirty,3,pager,80,24,5,165,89968,80,24,0,0,199,199,0,0,199
fc1a1cd2d37a9100a80a496108f693ecebc59e14-dirty,3,pager,80,24,6,206,90286,80,24,1,1,1484,360,0,1,360
fc1a1cd2d37a9100a80a496108f693ecebc59e14-dirty,3,pager,80,24,7,241,90445,80,24,1,1,1643,360,0,1,360
fc1a1cd2d37a9100a80a496108f693ecebc59e14-dirty,3,pager,80,24,8,282,90605,80,24,1,1,1803,361,0,1,361
fc1a1cd2d37a9100a80a496108f693ecebc59e14-dirty,3,pager,80,24,9,323,90764,80,24,1,1,1962,362,0,1,362
fc1a1cd2d37a9100a80a496108f693ecebc59e14-dirty,3,pager,80,24,10,404,90923,80,24,1,1,2121,362,0,1,362
fc1a1cd2d37a9100a80a496108f693ecebc59e14-dirty,3,pager,80,24,11,404,91082,80,24,1,1,2280,362,0,1,362
fc1a1cd2d37a9100a80a496108f693ecebc59e14-dirty,3,pager,80,24,12,444,91241,80,24,1,1,2439,362,0,1,362
fc1a1cd2d37a9100a80a496108f693ecebc59e14-dirty,3,pager,80,24,13,525,91400,80,24,1,1,2598,362,0,1,362
fc1a1cd2d37a9100a80a496108f693ecebc59e14-dirty,3,pager,80,24,14,526,91559,80,24,1,1,2757,362,0,1,362
fc1a1cd2d37a9100a80a496108f693ecebc59e14-dirty,3,pager,80,24,15,566,91718,80,24,1,1,2916,362,0,1,362
fc1a1cd2d37a9100a80a496108f693ecebc59e14-dirty,3,pager,80,24,16,601,90286,80,24,497,20,75979,80842,1,80,13239
fc1a1cd2d37a9100a80a496108f693ecebc59e14-dirty,3,pager,80,24,17,608,200941,80,24,1227,24,201004,199462,0,1227,199462
fc1a1cd2d37a9100a80a496108f693ecebc59e14-dirty,3,pager,80,24,18,1647,192069,80,24,1516,24,192132,246603,1,113,18607
fc1a1cd2d37a9100a80a496108f693ecebc59e14-dirty,3,pager,80,24,19,1683,192069,80,24,1472,23,191799,239465,1,135,22200
fc1a1cd2d37a9100a80a496108f693ecebc59e14-dirty,3,pager,80,24,20,1765,203982,80,24,1446,23,203712,235248,1,125,20570
fc1a1cd2d37a9100a80a496108f693ecebc59e14-dirty,3,pager,80,24,21,1767,216213,80,24,1450,23,215943,235828,1,125,20570
fc1a1cd2d37a9100a80a496108f693ecebc59e14-dirty,3,pager,80,24,22,1806,216213,80,24,1396,23,215943,227020,1,125,20570
fc1a1cd2d37a9100a80a496108f693ecebc59e14-dirty,3,pager,80,24,23,1847,223833,80,24,1369,23,223563,222615,1,127,20896
fc1a1cd2d37a9100a80a496108f693ecebc59e14-dirty,3,pager,80,24,24,1925,223833,80,24,1352,23,223563,219843,1,143,23504
fc1a1cd2d37a9100a80a496108f693ecebc59e14-dirty,3,pager,80,24,25,1927,212079,80,24,1355,23,211809,220313,1,83,13724
fc1a1cd2d37a9100a80a496108f693ecebc59e14-dirty,3,pager,80,24,26,1965,205572,80,24,1341,23,205302,217998,1,116,19099
fc1a1cd2d37a9100a80a496108f693ecebc59e14-dirty,3,pager,80,24,27,2047,193500,80,24,1333,23,193230,216655,1,81,13400
fc1a1cd2d37a9100a80a496108f693ecebc59e14-dirty,3,pager,80,24,28,2049,181269,80,24,1289,23,180999,209451,1,81,13400
fc1a1cd2d37a9100a80a496108f693ecebc59e14-dirty,3,pager,80,24,29,2088,181269,80,24,1308,23,180999,212508,1,144,23661
fc1a1cd2d37a9100a80a496108f693ecebc59e14-dirty,3,pager,80,24,30,2124,181269,80,24,1313,23,180999,213300,1,136,22360
fc1a1cd2d37a9100a80a496108f693ecebc59e14-dirty,3,pager,80,24,31,2205,182064,80,24,1292,23,181794,209882,1,95,15680
fc1a1cd2d37a9100a80a496108f693ecebc59e14-dirty,3,pager,80,24,32,2207,172222,80,24,1234,23,171952,200453,1,95,15685
fc1a1cd2d37a9100a80a496108f693ecebc59e14-dirty,3,pager,80,24,33,2287,173177,80,24,1175,23,172907,190874,1,96,15845
fc1a1cd2d37a9100a80a496108f693ecebc59e14-dirty,3,pager,80,24,34,2289,165717,80,24,1127,23,165447,183130,1,110,18127
fc1a1cd2d37a9100a80a496108f693ecebc59e14-dirty,3,pager,80,24,35,2328,163968,80,24,1081,23,163698,175711,1,82,13562
fc1a1cd2d37a9100a80a496108f693ecebc59e14-dirty,3,pager,80,24,36,2363,154122,80,24,1019,23,153852,165654,1,95,15680
fc1a1cd2d37a9100a80a496108f693ecebc59e14-dirty,3,pager,80,24,37,2404,152532,80,24,958,23,152262,155741,1,82,13562
fc1a1cd2d37a9100a80a496108f693ecebc59e14-dirty,3,pager,80,24,38,2485,143640,80,24,901,23,143370,146467,1,100,16492
fc1a1cd2d37a9100a80a496108f693ecebc59e14-dirty,3,pager,80,24,39,2487,153963,80,24,877,23,153693,142601,1,128,21059
fc1a1cd2d37a9100a80a496108f693ecebc59e14-dirty,3,pager,80,24,40,2567,142050,80,24,849,23,141780,138084,1,82,13562
fc1a1cd2d37a9100a80a496108f693ecebc59e14-dirty,3,pager,80,24,41,2568,143640,80,24,794,23,143370,129201,1,101,16658
fc1a1cd2d37a9100a80a496108f693ecebc59e14-dirty,3,pager,80,24,42,2603,131727,80,24,753,23,131457,122523,1,82,13562
fc1a1cd2d37a9100a80a496108f693ecebc59e14-dirty,3,pager,80,24,43,2684,123630,80,24,725,23,123360,117935,1,101,16655
fc1a1cd2d37a9100a80a496108f693ecebc59e14-dirty,3,pager,80,24,44,2685,123630,80,24,771,23,123360,125378,1,135,22196
fc1a1cd2d37a9100a80a496108f693ecebc59e14-dirty,3,pager,80,24,45,2724,111558,80,24,820,23,111288,133346,1,81,13400
fc1a1cd2d37a9100a80a496108f693ecebc59e14-dirty,3,pager,80,24,46,2805,99327,80,24,786,23,99057,127821,1,81,13400
fc1a1cd2d37a9100a80a496108f693ecebc59e14-dirty,3,pager,80,24,47,2806,99327,80,24,781,23,99057,127022,1,128,21053
fc1a1cd2d37a9100a80a496108f693ecebc59e14-dirty,3,pager,80,24,48,2886,101712,80,24,764,23,101442,124281,1,96,15840
fc1a1cd2d37a9100a80a496108f693ecebc59e14-dirty,3,pager,80,24,49,2887,101394,80,24,760,23,101124,123651,1,105,17311
fc1a1cd2d37a9100a80a496108f693ecebc59e14-dirty,3,pager,80,24,50,2927,113466,80,24,761,23,113196,123841,1,119,19592
fc1a1cd2d37a9100a80a496108f693ecebc59e14-dirty,3,pager,80,24,51,2962,125697,80,24,763,23,125427,124149,1,119,19592
fc1a1cd2d37a9100a80a496108f693ecebc59e14-dirty,3,pager,80,24,52,3044,117123,80,24,726,23,116853,118138,1,99,16332
fc1a1cd2d37a9100a80a496108f693ecebc59e14-dirty,3,pager,80,24,53,3045,108550,80,24,681,23,108280,110832,1,100,16497
fc1a1cd2d37a9100a80a496108f693ecebc59e14-dirty,3,pager,80,24,54,3125,109663,80,24,648,23,109393,105491,1,99,16332
fc1a1cd2d37a9100a80a496108f693ecebc59e14-dirty,3,pager,80,24,55,3126,110931,80,24,634,23,110661,103204,1,99,16332
fc1a1cd2d37a9100a80a496108f693ecebc59e14-dirty,3,pager,80,24,56,3165,112679,80,24,637,23,112409,103689,1,103,16984
fc1a1cd2d37a9100a80a496108f693ecebc59e14-dirty,3,pager,80,24,57,3206,111724,80,24,629,23,111454,102360,1,100,16495
fc1a1cd2d37a9100a80a496108f693ecebc59e14-dirty,3,pager,80,24,58,3242,111565,80,24,1,1,370,359,0,1,359
fc1a1cd2d37a9100a80a496108f693ecebc59e14-dirty,3,pager,80,24,59,3283,113155,80,24,622,24,113218,101192,1,88,14541
fc1a1cd2d37a9100a80a496108f693ecebc59e14-dirty,3,pager,80,24,60,3284,111088,80,24,616,23,110818,100228,1,82,13562
fc1a1cd2d37a9100a80a496108f693ecebc59e14-dirty,3,pager,80,24,61,3324,110929,80,24,603,23,110659,98077,1,81,13400
fc1a1cd2d37a9100a80a496108f693ecebc59e14-dirty,3,pager,80,24,62,3405,107590,80,24,585,23,107320,95119,1,81,13400
fc1a1cd2d37a9100a80a496108f693ecebc59e14-dirty,3,pager,80,24,63,3406,107590,80,24,595,23,107320,96766,1,142,23335
fc1a1cd2d37a9100a80a496108f693ecebc59e14-dirty,3,pager,80,24,64,3486,113155,80,24,611,23,112885,99379,1,115,18937
fc1a1cd2d37a9100a80a496108f693ecebc59e14-dirty,3,pager,80,24,65,3487,121891,80,24,665,23,121621,108200,1,152,24974
fc1a1cd2d37a9100a80a496108f693ecebc59e14-dirty,3,pager,80,24,66,3527,122050,80,24,718,23,121780,116831,1,83,13724
fc1a1cd2d37a9100a80a496108f693ecebc59e14-dirty,3,pager,80,24,67,3567,119347,80,24,707,23,119077,115033,1,87,14373
fc1a1cd2d37a9100a80a496108f693ecebc59e14-dirty,3,pager,80,24,68,3603,109660,80,24,672,23,109390,109360,1,96,15843
fc1a1cd2d37a9100a80a496108f693ecebc59e14-dirty,3,pager,80,24,69,3643,109819,80,24,633,23,109549,103058,1,82,13562
fc1a1cd2d37a9100a80a496108f693ecebc59e14-dirty,3,pager,80,24,70,3724,109978,80,24,634,23,109708,103201,1,81,13400
fc1a1cd2d37a9100a80a496108f693ecebc59e14-dirty,3,pager,80,24,71,3726,97747,80,24,587,23,97477,95576,1,81,13400
fc1a1cd2d37a9100a80a496108f693ecebc59e14-dirty,3,pager,80,24,72,3765,107116,80,24,581,23,106846,94622,1,121,19912
fc1a1cd2d37a9100a80a496108f693ecebc59e14-dirty,3,pager,80,24,73,3846,106957,80,24,589,23,106687,95944,1,110,18122
fc1a1cd2d37a9100a80a496108f693ecebc59e14-dirty,3,pager,80,24,74,3847,97429,80,24,581,23,97159,94671,1,97,16006
fc1a1cd2d37a9100a80a496108f693ecebc59e14-dirty,3,pager,80,24,75,3886,88537,80,24,585,23,88267,95326,1,101,16658
fc1a1cd2d37a9100a80a496108f693ecebc59e14-dirty,3,pager,80,24,76,3927,88537,80,24,566,23,88267,92195,1,103,16984
fc1a1cd2d37a9100a80a496108f693ecebc59e14-dirty,3,pager,80,24,77,3962,87900,80,24,550,23,87630,89544,1,99,16332
fc1a1cd2d37a9100a80a496108f693ecebc59e14-dirty,3,pager,80,24,78,4002,87264,80,24,533,23,86994,86721,1,99,16332
fc1a1cd2d37a9100a80a496108f693ecebc59e14-dirty,3,pager,80,24,79,4083,86151,80,24,551,23,85881,89581,1,94,15514
fc1a1cd2d37a9100a80a496108f693ecebc59e14-dirty,3,pager,80,24,80,4084,84564,80,24,552,23,84294,89754,1,99,16335
fc1a1cd2d37a9100a80a496108f693ecebc59e14-dirty,3,pager,80,24,81,4124,82179,80,24,553,23,81909,89916,1,87,14373
fc1a1cd2d37a9100a80a496108f693ecebc59e14-dirty,3,pager,80,24,82,4164,86154,80,24,567,23,85884,92201,1,114,18777
fc1a1cd2d37a9100a80a496108f693ecebc59e14-dirty,3,pager,80,24,83,4204,86154,80,24,592,23,85884,96282,1,82,13562
fc1a1cd2d37a9100a80a496108f693ecebc59e14-dirty,3,pager,80,24,84,4245,86154,80,24,592,23,85884,96283,1,81,13400
fc1a1cd2d37a9100a80a496108f693ecebc59e14-dirty,3,pager,80,24,85,4285,86154,80,24,592,23,85884,96243,1,81,13400
fc1a1cd2d37a9100a80a496108f693ecebc59e14-dirty,3,pager,80,24,86,4326,86154,80,24,602,23,85884,97896,1,152,24965
fc1a1cd2d37a9100a80a496108f693ecebc59e14-dirty,3,pager,80,24,87,4366,81384,80,24,611,23,81114,99397,1,86,14210
fc1a1cd2d37a9100a80a496108f693ecebc59e14-dirty,3,pager,80,24,88,4406,73920,80,24,568,23,73650,92448,1,108,17796
fc1a1cd2d37a9100a80a496108f693ecebc59e14-dirty,3,pager,80,24,89,4447,85677,80,24,567,23,85407,92354,1,152,24974
fc1a1cd2d37a9100a80a496108f693ecebc59e14-dirty,3,pager,80,24,90,4482,84882,80,24,633,23,84612,103117,1,84,13886
fc1a1cd2d37a9100a80a496108f693ecebc59e14-dirty,3,pager,80,24,91,4563,85995,80,24,639,23,85725,104102,1,100,16492
fc1a1cd2d37a9100a80a496108f693ecebc59e14-dirty,3,pager,80,24,92,4564,97911,80,24,667,23,97641,108661,1,122,20084
fc1a1cd2d37a9100a80a496108f693ecebc59e14-dirty,3,pager,80,24,93,4603,99183,80,24,709,23,98913,115485,1,87,14373
fc1a1cd2d37a9100a80a496108f693ecebc59e14-dirty,3,pager,80,24,94,4684,111417,80,24,752,23,111147,122473,1,122,20084
fc1a1cd2d37a9100a80a496108f693ecebc59e14-dirty,3,pager,80,24,95,4685,99504,80,24,753,23,99234,122647,1,82,13562
fc1a1cd2d37a9100a80a496108f693ecebc59e14-dirty,3,pager,80,24,96,4725,94416,80,24,716,23,94146,116628,1,81,13400
fc1a1cd2d37a9100a80a496108f693ecebc59e14-dirty,3,pager,80,24,97,4765,91713,80,24,688,23,91443,112095,1,81,13400
fc1a1cd2d37a9100a80a496108f693ecebc59e14-dirty,3,pager,80,24,98,4806,100605,80,24,731,23,100335,119101,1,130,21379
fc1a1cd2d37a9100a80a496108f693ecebc59e14-dirty,3,pager,80,24,99,4887,101718,80,24,773,23,101448,125875,1,108,17796
fc1a1cd2d37a9100a80a496108f693ecebc59e14-dirty,3,pager,80,24,100,4888,110931,80,24,838,23,110661,136401,1,150,24648
fc1a1cd2d37a9100a80a496108f693ecebc59e14-dirty,3,pager,80,24,101,4927,109341,80,24,905,23,109071,147290,1,87,14373
fc1a1cd2d37a9100a80a496108f693ecebc59e14-dirty,3,pager,80,24,102,4963,112683,80,24,922,23,112413,150013,1,117,19269
fc1a1cd2d37a9100a80a496108f693ecebc59e14-dirty,3,pager,80,24,103,5004,109977,80,24,938,23,109707,152566,1,82,13562
fc1a1cd2d37a9100a80a496108f693ecebc59e14-dirty,3,pager,80,24,104,5044,108705,80,24,919,23,108435,149470,1,81,13400
fc1a1cd2d37a9100a80a496108f693ecebc59e14-dirty,3,pager,80,24,105,5125,102981,80,24,884,23,102711,143761,1,81,13400
fc1a1cd2d37a9100a80a496108f693ecebc59e14-dirty,3,pager,80,24,106,5126,114894,80,24,905,23,114624,147168,1,135,22194
fc1a1cd2d37a9100a80a496108f693ecebc59e14-dirty,3,pager,80,24,107,5207,117120,80,24,957,23,116850,155595,1,93,15351
fc1a1cd2d37a9100a80a496108f693ecebc59e14-dirty,3,pager,80,24,108,5208,129351,80,24,1003,23,129081,163047,1,123,20244
fc1a1cd2d37a9100a80a496108f693ecebc59e14-dirty,3,pager,80,24,109,5247,129351,80,24,974,23,129081,158397,1,121,19919
fc1a1cd2d37a9100a80a496108f693ecebc59e14-dirty,3,pager,80,24,110,5283,128556,80,24,942,23,128286,153261,1,82,13562
fc1a1cd2d37a9100a80a496108f693ecebc59e14-dirty,3,pager,80,24,111,5324,123945,80,24,912,23,123675,148361,1,81,13400
fc1a1cd2d37a9100a80a496108f693ecebc59e14-dirty,3,pager,80,24,112,5364,111711,80,24,840,23,111441,136649,1,81,13400
fc1a1cd2d37a9100a80a496108f693ecebc59e14-dirty,3,pager,80,24,113,5445,123306,80,24,824,23,123036,134042,1,139,22846
fc1a1cd2d37a9100a80a496108f693ecebc59e14-dirty,3,pager,80,24,114,5446,131880,80,24,861,23,131610,140024,1,121,19915
fc1a1cd2d37a9100a80a496108f693ecebc59e14-dirty,3,pager,80,24,115,5486,124416,80,24,858,23,124146,139536,1,108,17796
fc1a1cd2d37a9100a80a496108f693ecebc59e14-dirty,3,pager,80,24,116,5567,135219,80,24,887,23,134949,144273,1,152,24974
fc1a1cd2d37a9100a80a496108f693ecebc59e14-dirty,3,pager,80,24,117,5569,123621,80,24,918,23,123351,149364,1,84,13886
fc1a1cd2d37a9100a80a496108f693ecebc59e14-dirty,3,pager,80,24,118,5644,124734,80,24,886,23,124464,144183,1,87,14373
fc1a1cd2d37a9100a80a496108f693ecebc59e14-dirty,3,pager,80,24,119,5645,136809,80,24,928,23,136539,150976,1,122,20084
fc1a1cd2d37a9100a80a496108f693ecebc59e14-dirty,3,pager,80,24,120,5685,137127,80,24,969,23,136857,157604,1,82,13562
fc1a1cd2d37a9100a80a496108f693ecebc59e14-dirty,3,pager,80,24,121,5766,125055,80,24,921,23,124785,149790,1,81,13400
fc1a1cd2d37a9100a80a496108f693ecebc59e14-dirty,3,pager,80,24,122,5767,120285,80,24,872,23,120015,141817,1,81,13400
fc1a1cd2d37a9100a80a496108f693ecebc59e14-dirty,3,pager,80,24,123,5847,120282,80,24,862,23,120012,140210,1,141,23172
fc1a1cd2d37a9100a80a496108f693ecebc59e14-dirty,3,pager,80,24,124,5848,122985,80,24,850,23,122715,138321,1,101,16655
fc1a1cd2d37a9100a80a496108f693ecebc59e14-dirty,3,pager,80,24,125,5888,118530,80,24,832,23,118260,135422,1,87,14377
fc1a1cd2d37a9100a80a496108f693ecebc59e14-dirty,3,pager,80,24,126,5964,119643,80,24,797,23,119373,129697,1,87,14377
fc1a1cd2d37a9100a80a496108f693ecebc59e14-dirty,3,pager,80,24,127,5965,120915,80,24,797,23,120645,129640,1,87,14377
fc1a1cd2d37a9100a80a496108f693ecebc59e14-dirty,3,pager,80,24,128,6045,122346,80,24,798,23,122076,129763,1,87,14377
fc1a1cd2d37a9100a80a496108f693ecebc59e14-dirty,3,pager,80,24,129,6046,111546,80,24,746,23,111276,121277,1,87,14377
fc1a1cd2d37a9100a80a496108f693ecebc59e14-dirty,3,pager,80,24,130,6085,110751,80,24,701,23,110481,113928,1,88,14539
fc1a1cd2d37a9100a80a496108f693ecebc59e14-dirty,3,pager,80,24,131,6166,99951,80,24,656,23,99681,106635,1,88,14539
fc1a1cd2d37a9100a80a496108f693ecebc59e14-dirty,3,pager,80,24,132,6167,89310,80,24,615,23,89040,99952,1,88,14539
fc1a1cd2d37a9100a80a496108f693ecebc59e14-dirty,3,pager,80,24,133,6247,90582,80,24,576,23,90312,93595,1,88,14539
fc1a1cd2d37a9100a80a496108f693ecebc59e14-dirty,3,pager,80,24,134,6248,92013,80,24,576,23,91743,93596,1,88,14539
fc1a1cd2d37a9100a80a496108f693ecebc59e14-dirty,3,pager,80,24,135,6323,93603,80,24,577,23,93333,93759,1,88,14539
fc1a1cd2d37a9100a80a496108f693ecebc59e14-dirty,3,pager,80,24,136,6324,82962,80,24,520,23,82692,84474,1,88,14539
fc1a1cd2d37a9100a80a496108f693ecebc59e14-dirty,3,pager,80,24,137,6363,72321,80,24,463,23,72051,75191,1,88,14539
fc1a1cd2d37a9100a80a496108f693ecebc59e14-dirty,3,pager,80,24,138,6403,69141,80,24,424,23,68871,68859,1,88,14539
fc1a1cd2d37a9100a80a496108f693ecebc59e14-dirty,3,pager,80,24,139,6444,58338,80,24,353,23,58068,57358,1,88,14539
fc1a1cd2d37a9100a80a496108f693ecebc59e14-dirty,3,pager,80,24,140,6484,59292,80,24,281,23,59022,45699,1,88,14539
fc1a1cd2d37a9100a80a496108f693ecebc59e14-dirty,3,pager,80,24,141,6524,61518,80,24,293,23,61248,47670,1,101,16659
fc1a1cd2d37a9100a80a496108f693ecebc59e14-dirty,3,pager,80,24,142,6565,49761,80,24,271,23,49491,44124,1,83,13724
fc1a1cd2d37a9100a80a496108f693ecebc59e14-dirty,3,pager,80,24,143,6605,53736,80,24,254,23,53466,41383,1,106,17469
fc1a1cd2d37a9100a80a496108f693ecebc59e14-dirty,3,pager,80,24,144,6645,53736,80,24,278,23,53466,45290,1,81,13400
fc1a1cd2d37a9100a80a496108f693ecebc59e14-dirty,3,pager,80,24,145,6686,53736,80,24,278,23,53466,45289,1,81,13400
fc1a1cd2d37a9100a80a496108f693ecebc59e14-dirty,3,pager,80,24,146,6726,53736,80,24,281,23,53466,45837,1,144,23661
fc1a1cd2d37a9100a80a496108f693ecebc59e14-dirty,3,pager,80,24,147,6807,61838,80,24,299,23,61568,48833,1,152,24973
fc1a1cd2d37a9100a80a496108f693ecebc59e14-dirty,3,pager,80,24,148,6807,61362,80,24,353,23,61092,57651,1,85,14049
fc1a1cd2d37a9100a80a496108f693ecebc59e14-dirty,3,pager,80,24,149,6847,63588,80,24,377,23,63318,61557,1,102,16821
fc1a1cd2d37a9100a80a496108f693ecebc59e14-dirty,3,pager,80,24,150,6882,62475,80,24,397,23,62205,64814,1,82,13562
fc1a1cd2d37a9100a80a496108f693ecebc59e14-dirty,3,pager,80,24,151,6923,61998,80,24,400,23,61728,65299,1,86,14210
fc1a1cd2d37a9100a80a496108f693ecebc59e14-dirty,3,pager,80,24,152,6963,60726,80,24,403,23,60456,65784,1,81,13400
fc1a1cd2d37a9100a80a496108f693ecebc59e14-dirty,3,pager,80,24,153,7003,59136,80,24,395,23,58866,64487,1,81,13400
fc1a1cd2d37a9100a80a496108f693ecebc59e14-dirty,3,pager,80,24,154,7044,69936,80,24,443,23,69666,72283,1,130,21379
fc1a1cd2d37a9100a80a496108f693ecebc59e14-dirty,3,pager,80,24,155,7084,80577,80,24,518,23,80307,84480,1,151,24804
fc1a1cd2d37a9100a80a496108f693ecebc59e14-dirty,3,pager,80,24,156,7125,82008,80,24,587,23,81738,95697,1,98,16164
fc1a1cd2d37a9100a80a496108f693ecebc59e14-dirty,3,pager,80,24,157,7165,80577,80,24,603,23,80307,98274,1,81,13400
fc1a1cd2d37a9100a80a496108f693ecebc59e14-dirty,3,pager,80,24,158,7205,78987,80,24,602,23,78717,98112,1,81,13400
fc1a1cd2d37a9100a80a496108f693ecebc59e14-dirty,3,pager,80,24,159,7246,89628,80,24,643,23,89358,104725,1,123,20238
fc1a1cd2d37a9100a80a496108f693ecebc59e14-dirty,3,pager,80,24,160,7286,100269,80,24,690,23,99999,112303,1,127,20892
fc1a1cd2d37a9100a80a496108f693ecebc59e14-dirty,3,pager,80,24,161,7367,98838,80,24,735,23,98568,119559,1,81,13400
fc1a1cd2d37a9100a80a496108f693ecebc59e14-dirty,3,pager,80,24,162,7368,97407,80,24,734,23,97137,119372,1,81,13400
fc1a1cd2d37a9100a80a496108f693ecebc59e14-dirty,3,pager,80,24,163,7408,108048,80,24,777,23,107778,126355,1,126,20727
fc1a1cd2d37a9100a80a496108f693ecebc59e14-dirty,3,pager,80,24,164,7443,109002,80,24,802,23,108732,130440,1,108,17797
fc1a1cd2d37a9100a80a496108f693ecebc59e14-dirty,3,pager,80,24,165,7524,113136,80,24,811,23,112866,131922,1,107,17637
fc1a1cd2d37a9100a80a496108f693ecebc59e14-dirty,3,pager,80,24,166,7525,114090,80,24,795,23,113820,129344,1,111,18289
fc1a1cd2d37a9100a80a496108f693ecebc59e14-dirty,3,pager,80,24,167,7565,126162,80,24,812,23,125892,132098,1,146,23994
fc1a1cd2d37a9100a80a496108f693ecebc59e14-dirty,3,pager,80,24,168,7606,126321,80,24,877,23,126051,142616,1,81,13400
fc1a1cd2d37a9100a80a496108f693ecebc59e14-dirty,3,pager,80,24,169,7646,114090,80,24,814,23,113820,132348,1,81,13400
fc1a1cd2d37a9100a80a496108f693ecebc59e14-dirty,3,pager,80,24,170,7687,114085,80,24,809,23,113815,131587,1,153,25127
fc1a1cd2d37a9100a80a496108f693ecebc59e14-dirty,3,pager,80,24,171,7728,113448,80,24,807,23,113178,131333,1,82,13562
fc1a1cd2d37a9100a80a496108f693ecebc59e14-dirty,3,pager,80,24,172,7763,115833,80,24,816,23,115563,132784,1,115,18937
fc1a1cd2d37a9100a80a496108f693ecebc59e14-dirty,3,pager,80,24,173,7804,117582,80,24,825,23,117312,134223,1,92,15191
fc1a1cd2d37a9100a80a496108f693ecebc59e14-dirty,3,pager,80,24,174,7844,116946,80,24,832,23,116676,135324,1,82,13562
fc1a1cd2d37a9100a80a496108f693ecebc59e14-dirty,3,pager,80,24,175,7885,129018,80,24,894,23,128748,145436,1,149,24479
fc1a1cd2d37a9100a80a496108f693ecebc59e14-dirty,3,pager,80,24,176,7926,129972,80,24,965,23,129702,156956,1,85,14048
fc1a1cd2d37a9100a80a496108f693ecebc59e14-dirty,3,pager,80,24,177,8007,118059,80,24,921,23,117789,149790,1,82,13562
fc1a1cd2d37a9100a80a496108f693ecebc59e14-dirty,3,pager,80,24,178,8008,107259,80,24,850,23,106989,138267,1,87,14373
fc1a1cd2d37a9100a80a496108f693ecebc59e14-dirty,3,pager,80,24,179,8088,107100,80,24,799,23,106830,130019,1,98,16169
fc1a1cd2d37a9100a80a496108f693ecebc59e14-dirty,3,pager,80,24,180,8089,119172,80,24,812,23,118902,132119,1,120,19753
fc1a1cd2d37a9100a80a496108f693ecebc59e14-dirty,3,pager,80,24,181,8124,131403,80,24,851,23,131133,138406,1,118,19426
fc1a1cd2d37a9100a80a496108f693ecebc59e14-dirty,3,pager,80,24,182,8205,131403,80,24,853,23,131133,138778,1,119,19592
fc1a1cd2d37a9100a80a496108f693ecebc59e14-dirty,3,pager,80,24,183,8206,119809,80,24,841,23,119539,136806,1,84,13889
fc1a1cd2d37a9100a80a496108f693ecebc59e14-dirty,3,pager,80,24,184,8246,121081,80,24,801,23,120811,130266,1,87,14377
fc1a1cd2d37a9100a80a496108f693ecebc59e14-dirty,3,pager,80,24,185,8327,121718,80,24,807,23,121448,131210,1,84,13889
fc1a1cd2d37a9100a80a496108f693ecebc59e14-dirty,3,pager,80,24,186,8328,109964,80,24,766,23,109694,124549,1,83,13724
fc1a1cd2d37a9100a80a496108f693ecebc59e14-dirty,3,pager,80,24,187,8408,106307,80,24,724,23,106037,117745,1,86,14213
fc1a1cd2d37a9100a80a496108f693ecebc59e14-dirty,3,pager,80,24,188,8409,103128,80,24,705,23,102858,114613,1,89,14704
fc1a1cd2d37a9100a80a496108f693ecebc59e14-dirty,3,pager,80,24,189,8484,102496,80,24,729,23,102226,118465,1,110,18130
fc1a1cd2d37a9100a80a496108f693ecebc59e14-dirty,3,pager,80,24,190,8485,95195,80,24,717,23,94925,116546,1,112,18453
fc1a1cd2d37a9100a80a496108f693ecebc59e14-dirty,3,pager,80,24,191,8565,99330,80,24,675,23,99060,109762,1,108,17801
fc1a1cd2d37a9100a80a496108f693ecebc59e14-dirty,3,pager,80,24,192,8566,99649,80,24,702,23,99379,114145,1,82,13563
fc1a1cd2d37a9100a80a496108f693ecebc59e14-dirty,3,pager,80,24,193,8605,89804,80,24,643,23,89534,104580,1,95,15682
fc1a1cd2d37a9100a80a496108f693ecebc59e14-dirty,3,pager,80,24,194,8645,89804,80,24,585,23,89534,95168,1,82,13562
fc1a1cd2d37a9100a80a496108f693ecebc59e14-dirty,3,pager,80,24,195,8726,85193,80,24,556,23,84923,90432,1,87,14373
fc1a1cd2d37a9100a80a496108f693ecebc59e14-dirty,3,pager,80,24,196,8727,95357,80,24,581,23,95087,94498,1,134,22037
fc1a1cd2d37a9100a80a496108f693ecebc59e14-dirty,3,pager,80,24,197,8807,95357,80,24,623,23,95087,101349,1,82,13562
fc1a1cd2d37a9100a80a496108f693ecebc59e14-dirty,3,pager,80,24,198,8808,83285,80,24,557,23,83015,90655,1,81,13400
fc1a1cd2d37a9100a80a496108f693ecebc59e14-dirty,3,pager,80,24,199,8847,82331,80,24,486,23,82061,79157,1,81,13400
fc1a1cd2d37a9100a80a496108f693ecebc59e14-dirty,3,pager,80,24,200,8923,94244,80,24,532,23,93974,86653,1,132,21705
fc1a1cd2d37a9100a80a496108f693ecebc59e14-dirty,3,pager,80,24,201,8924,94880,80,24,578,23,94610,94141,1,91,15025
fc1a1cd2d37a9100a80a496108f693ecebc59e14-dirty,3,pager,80,24,202,9004,104249,80,24,618,23,103979,100647,1,137,22526
fc1a1cd2d37a9100a80a496108f693ecebc59e14-dirty,3,pager,80,24,203,9005,104249,80,24,647,23,103979,105376,1,149,24482
fc1a1cd2d37a9100a80a496108f693ecebc59e14-dirty,3,pager,80,24,204,9044,93608,80,24,683,23,93338,111256,1,90,14858
fc1a1cd2d37a9100a80a496108f693ecebc59e14-dirty,3,pager,80,24,205,9125,93608,80,24,688,23,93338,112083,1,122,20082
fc1a1cd2d37a9100a80a496108f693ecebc59e14-dirty,3,pager,80,24,206,9126,93289,80,24,692,23,93019,112759,1,82,13562
fc1a1cd2d37a9100a80a496108f693ecebc59e14-dirty,3,pager,80,24,207,9206,92017,80,24,687,23,91747,111935,1,81,13400
fc1a1cd2d37a9100a80a496108f693ecebc59e14-dirty,3,pager,80,24,208,9207,91380,80,24,681,23,91110,110958,1,81,13400
fc1a1cd2d37a9100a80a496108f693ecebc59e14-dirty,3,pager,80,24,209,9287,103134,80,24,711,23,102864,115790,1,115,18934
fc1a1cd2d37a9100a80a496108f693ecebc59e14-dirty,3,pager,80,24,210,9288,107268,80,24,743,23,106998,120950,1,109,17959
fc1a1cd2d37a9100a80a496108f693ecebc59e14-dirty,3,pager,80,24,211,9364,110288,80,24,762,23,110018,124054,1,108,17799
fc1a1cd2d37a9100a80a496108f693ecebc59e14-dirty,3,pager,80,24,212,9365,110284,80,24,742,23,110014,120823,1,110,18125
fc1a1cd2d37a9100a80a496108f693ecebc59e14-dirty,3,pager,80,24,213,9445,109965,80,24,723,23,109695,117705,1,109,17962
fc1a1cd2d37a9100a80a496108f693ecebc59e14-dirty,3,pager,80,24,214,9446,107420,80,24,725,23,107150,118002,1,89,14702
fc1a1cd2d37a9100a80a496108f693ecebc59e14-dirty,3,pager,80,24,215,9526,107578,80,24,707,23,107308,115032,1,83,13724
fc1a1cd2d37a9100a80a496108f693ecebc59e14-dirty,3,pager,80,24,216,9527,108213,80,24,709,23,107943,115307,1,97,16003
fc1a1cd2d37a9100a80a496108f693ecebc59e14-dirty,3,pager,80,24,217,9566,111870,80,24,722,23,111600,117360,1,105,17310
fc1a1cd2d37a9100a80a496108f693ecebc59e14-dirty,3,pager,80,24,218,9607,114096,80,24,731,23,113826,118788,1,103,16984
fc1a1cd2d37a9100a80a496108f693ecebc59e14-dirty,3,pager,80,24,219,9647,106635,80,24,693,23,106365,112613,1,108,17799
fc1a1cd2d37a9100a80a496108f693ecebc59e14-dirty,3,pager,80,24,220,9728,109974,80,24,657,23,109704,106800,1,102,16821
fc1a1cd2d37a9100a80a496108f693ecebc59e14-dirty,3,pager,80,24,221,9730,113790,80,24,669,23,113520,108759,1,105,17310
fc1a1cd2d37a9100a80a496108f693ecebc59e14-dirty,3,pager,80,24,222,9764,118083,80,24,679,23,117813,110356,1,107,17636
fc1a1cd2d37a9100a80a496108f693ecebc59e14-dirty,3,pager,80,24,223,9805,109986,80,24,632,23,109716,102719,1,107,17636
fc1a1cd2d37a9100a80a496108f693ecebc59e14-dirty,3,pager,80,24,224,9886,112371,80,24,591,23,112101,96066,1,108,17799
fc1a1cd2d37a9100a80a496108f693ecebc59e14-dirty,3,pager,80,24,225,9887,100458,80,24,559,23,100188,90900,1,82,13562
fc1a1cd2d37a9100a80a496108f693ecebc59e14-dirty,3,pager,80,24,226,9926,88386,80,24,501,23,88116,81492,1,81,13400
fc1a1cd2d37a9100a80a496108f693ecebc59e14-dirty,3,pager,80,24,227,9966,86796,80,24,426,23,86526,69326,1,81,13400
fc1a1cd2d37a9100a80a496108f693ecebc59e14-dirty,3,pager,80,24,228,10047,86796,80,24,423,23,86526,68878,1,127,20890
fc1a1cd2d37a9100a80a496108f693ecebc59e14-dirty,3,pager,80,24,229,10048,98709,80,24,455,23,98439,74113,1,147,24154
fc1a1cd2d37a9100a80a496108f693ecebc59e14-dirty,3,pager,80,24,230,10088,101412,80,24,525,23,101142,85489,1,98,16162
fc1a1cd2d37a9100a80a496108f693ecebc59e14-dirty,3,pager,80,24,231,10128,101571,80,24,542,23,101301,88237,1,81,13400
fc1a1cd2d37a9100a80a496108f693ecebc59e14-dirty,3,pager,80,24,232,10168,89340,80,24,508,23,89070,82720,1,81,13400
fc1a1cd2d37a9100a80a496108f693ecebc59e14-dirty,3,pager,80,24,233,10244,96483,80,24,541,23,96213,88118,1,150,24639
fc1a1cd2d37a9100a80a496108f693ecebc59e14-dirty,3,pager,80,24,234,10245,93780,80,24,580,23,93510,94488,1,91,15021
fc1a1cd2d37a9100a80a496108f693ecebc59e14-dirty,3,pager,80,24,235,10325,95052,80,24,604,23,94782,98392,1,113,18611
fc1a1cd2d37a9100a80a496108f693ecebc59e14-dirty,3,pager,80,24,236,10326,96006,80,24,622,23,95736,101333,1,112,18448
fc1a1cd2d37a9100a80a496108f693ecebc59e14-dirty,3,pager,80,24,237,10366,98868,80,24,625,23,98598,101837,1,106,17470
fc1a1cd2d37a9100a80a496108f693ecebc59e14-dirty,3,pager,80,24,238,10406,110622,80,24,654,23,110352,106544,1,119,19589
fc1a1cd2d37a9100a80a496108f693ecebc59e14-dirty,3,pager,80,24,239,10488,119832,80,24,685,23,119562,111611,1,121,19918
fc1a1cd2d37a9100a80a496108f693ecebc59e14-dirty,3,pager,80,24,240,10489,117925,80,24,697,23,117655,113598,1,93,15356
fc1a1cd2d37a9100a80a496108f693ecebc59e14-dirty,3,pager,80,24,241,10569,117449,80,24,701,23,117179,114218,1,101,16660
fc1a1cd2d37a9100a80a496108f693ecebc59e14-dirty,3,pager,80,24,242,10570,116337,80,24,706,23,116067,114977,1,106,17475
fc1a1cd2d37a9100a80a496108f693ecebc59e14-dirty,3,pager,80,24,243,10604,124914,80,24,745,23,124644,121281,1,137,22529
fc1a1cd2d37a9100a80a496108f693ecebc59e14-dirty,3,pager,80,24,244,10686,122370,80,24,790,23,122100,128607,1,87,14373
fc1a1cd2d37a9100a80a496108f693ecebc59e14-dirty,3,pager,80,24,245,10687,119826,80,24,792,23,119556,128938,1,91,15028
fc1a1cd2d37a9100a80a496108f693ecebc59e14-dirty,3,pager,80,24,246,10726,116647,80,24,797,23,116377,129686,1,86,14215
fc1a1cd2d37a9100a80a496108f693ecebc59e14-dirty,3,pager,80,24,247,10807,113150,80,24,790,23,112880,128486,1,86,14215
fc1a1cd2d37a9100a80a496108f693ecebc59e14-dirty,3,pager,80,24,248,10808,113787,80,24,763,23,113517,124079,1,86,14215
fc1a1cd2d37a9100a80a496108f693ecebc59e14-dirty,3,pager,80,24,249,10889,118399,80,24,791,23,118129,128617,1,111,18290
fc1a1cd2d37a9100a80a496108f693ecebc59e14-dirty,3,pager,80,24,250,10890,122693,80,24,805,23,122423,130872,1,108,17801
fc1a1cd2d37a9100a80a496108f693ecebc59e14-dirty,3,pager,80,24,251,10924,114279,80,24,771,23,114009,125347,1,105,17312
fc1a1cd2d37a9100a80a496108f693ecebc59e14-dirty,3,pager,80,24,252,11005,102525,80,24,723,23,102255,117557,1,83,13724
fc1a1cd2d37a9100a80a496108f693ecebc59e14-dirty,3,pager,80,24,253,11006,99981,80,24,654,23,99711,106349,1,82,13562
fc1a1cd2d37a9100a80a496108f693ecebc59e14-dirty,3,pager,80,24,254,11045,99981,80,24,638,23,99711,103748,1,81,13400
fc1a1cd2d37a9100a80a496108f693ecebc59e14-dirty,3,pager,80,24,255,11086,101889,80,24,649,23,101619,105511,1,92,15185
fc1a1cd2d37a9100a80a496108f693ecebc59e14-dirty,3,pager,80,24,256,11126,95382,80,24,607,23,95112,98686,1,116,19097
fc1a1cd2d37a9100a80a496108f693ecebc59e14-dirty,3,pager,80,24,257,11166,95382,80,24,565,23,95112,91859,1,91,15022
fc1a1cd2d37a9100a80a496108f693ecebc59e14-dirty,3,pager,80,24,258,11207,94110,80,24,549,23,93840,89284,1,109,17956
fc1a1cd2d37a9100a80a496108f693ecebc59e14-dirty,3,pager,80,24,259,11247,100776,80,24,552,23,100506,89792,1,123,20238
fc1a1cd2d37a9100a80a496108f693ecebc59e14-dirty,3,pager,80,24,260,11288,96165,80,24,566,23,95895,92091,1,81,13400
fc1a1cd2d37a9100a80a496108f693ecebc59e14-dirty,3,pager,80,24,261,11328,85524,80,24,536,23,85254,87236,1,89,14696
fc1a1cd2d37a9100a80a496108f693ecebc59e14-dirty,3,pager,80,24,262,11404,76155,80,24,506,23,75885,82359,1,96,15838
fc1a1cd2d37a9100a80a496108f693ecebc59e14-dirty,3,pager,80,24,263,11404,76313,80,24,483,23,76043,78628,1,93,15348
fc1a1cd2d37a9100a80a496108f693ecebc59e14-dirty,3,pager,80,24,264,11444,75676,80,24,475,23,75406,77325,1,95,15674
fc1a1cd2d37a9100a80a496108f693ecebc59e14-dirty,3,pager,80,24,265,11484,73290,80,24,463,23,73020,75361,1,87,14372
fc1a1cd2d37a9100a80a496108f693ecebc59e14-dirty,3,pager,80,24,266,11524,62328,80,24,411,23,62058,66933,1,88,14534
fc1a1cd2d37a9100a80a496108f693ecebc59e14-dirty,3,pager,80,24,267,11565,62646,80,24,359,23,62376,58513,1,90,14859
fc1a1cd2d37a9100a80a496108f693ecebc59e14-dirty,3,pager,80,24,268,11605,62964,80,24,355,23,62694,57862,1,93,15348
fc1a1cd2d37a9100a80a496108f693ecebc59e14-dirty,3,pager,80,24,269,11645,64235,80,24,349,23,63965,56868,1,94,15511
fc1a1cd2d37a9100a80a496108f693ecebc59e14-dirty,3,pager,80,24,270,11686,65347,80,24,355,23,65077,57817,1,92,15185
fc1a1cd2d37a9100a80a496108f693ecebc59e14-dirty,3,pager,80,24,271,11726,66936,80,24,367,23,66666,59747,1,96,15837
fc1a1cd2d37a9100a80a496108f693ecebc59e14-dirty,3,pager,80,24,272,11766,62165,80,24,353,23,61895,57453,1,81,13400
fc1a1cd2d37a9100a80a496108f693ecebc59e14-dirty,3,pager,80,24,273,11807,70102,80,24,377,23,69832,61329,1,119,19587
fc1a1cd2d37a9100a80a496108f693ecebc59e14-dirty,3,pager,80,24,274,11847,70578,80,24,391,23,70308,63615,1,106,17468
fc1a1cd2d37a9100a80a496108f693ecebc59e14-dirty,3,pager,80,24,275,11887,73599,80,24,384,23,73329,62484,1,102,16816
fc1a1cd2d37a9100a80a496108f693ecebc59e14-dirty,3,pager,80,24,276,11928,77892,80,24,403,23,77622,65568,1,107,17631
fc1a1cd2d37a9100a80a496108f693ecebc59e14-dirty,3,pager,80,24,277,12004,82662,80,24,422,23,82392,68656,1,112,18446
fc1a1cd2d37a9100a80a496108f693ecebc59e14-dirty,3,pager,80,24,278,12004,80754,80,24,442,23,80484,71918,1,81,13400
fc1a1cd2d37a9100a80a496108f693ecebc59e14-dirty,3,pager,80,24,279,12044,87262,80,24,485,23,86992,78943,1,151,24803
fc1a1cd2d37a9100a80a496108f693ecebc59e14-dirty,3,pager,80,24,280,12125,86150,80,24,528,23,85880,85966,1,84,13887
fc1a1cd2d37a9100a80a496108f693ecebc59e14-dirty,3,pager,80,24,281,12126,93772,80,24,560,23,93502,91188,1,133,21870
fc1a1cd2d37a9100a80a496108f693ecebc59e14-dirty,3,pager,80,24,282,12165,81541,80,24,580,23,81271,94469,1,81,13400
fc1a1cd2d37a9100a80a496108f693ecebc59e14-dirty,3,pager,80,24,283,12246,86470,80,24,564,23,86200,91895,1,107,17631
fc1a1cd2d37a9100a80a496108f693ecebc59e14-dirty,3,pager,80,24,284,12247,97111,80,24,613,23,96841,99878,1,133,21871
fc1a1cd2d37a9100a80a496108f693ecebc59e14-dirty,3,pager,80,24,285,12287,106480,80,24,646,23,106210,105265,1,118,19426
fc1a1cd2d37a9100a80a496108f693ecebc59e14-dirty,3,pager,80,24,286,12327,108070,80,24,668,23,107800,108832,1,105,17306
fc1a1cd2d37a9100a80a496108f693ecebc59e14-dirty,3,pager,80,24,287,12368,117757,80,24,693,23,117487,112890,1,116,19100
fc1a1cd2d37a9100a80a496108f693ecebc59e14-dirty,3,pager,80,24,288,12409,128718,80,24,739,23,128448,120382,1,135,22202
fc1a1cd2d37a9100a80a496108f693ecebc59e14-dirty,3,pager,80,24,289,12449,127764,80,24,789,23,127494,128517,1,82,13562
fc1a1cd2d37a9100a80a496108f693ecebc59e14-dirty,3,pager,80,24,290,12485,138248,80,24,855,23,137978,139263,1,154,25295
fc1a1cd2d37a9100a80a496108f693ecebc59e14-dirty,3,pager,80,24,291,12526,136340,80,24,920,23,136070,149833,1,81,13400
fc1a1cd2d37a9100a80a496108f693ecebc59e14-dirty,3,pager,80,24,292,12607,146345,80,24,988,23,146075,160844,1,152,24968
fc1a1cd2d37a9100a80a496108f693ecebc59e14-dirty,3,pager,80,24,293,12609,144755,80,24,1052,23,144485,171212,1,83,13724
fc1a1cd2d37a9100a80a496108f693ecebc59e14-dirty,3,pager,80,24,294,12648,154442,80,24,1085,23,154172,176549,1,124,20404
fc1a1cd2d37a9100a80a496108f693ecebc59e14-dirty,3,pager,80,24,295,12730,160484,80,24,1115,23,160214,181405,1,119,19588
fc1a1cd2d37a9100a80a496108f693ecebc59e14-dirty,3,pager,80,24,296,12732,160484,80,24,1147,23,160214,186635,1,154,25293
fc1a1cd2d37a9100a80a496108f693ecebc59e14-dirty,3,pager,80,24,297,12765,157622,80,24,1197,23,157352,194744,1,90,14858
fc1a1cd2d37a9100a80a496108f693ecebc59e14-dirty,3,pager,80,24,298,12847,154283,80,24,1188,23,154013,193237,1,81,13400
fc1a1cd2d37a9100a80a496108f693ecebc59e14-dirty,3,pager,80,24,299,12848,149672,80,24,1167,23,149402,189798,1,81,13400
fc1a1cd2d37a9100a80a496108f693ecebc59e14-dirty,3,pager,80,24,300,12888,156974,80,24,1196,23,156704,194502,1,130,21378
fc1a1cd2d37a9100a80a496108f693ecebc59e14-dirty,3,pager,80,24,301,12928,162539,80,24,1217,23,162269,197898,1,116,19099
fc1a1cd2d37a9100a80a496108f693ecebc59e14-dirty,3,pager,80,24,302,13010,155713,80,24,1183,23,155443,192374,1,114,18777
fc1a1cd2d37a9100a80a496108f693ecebc59e14-dirty,3,pager,80,24,303,13012,158097,80,24,1145,23,157827,186185,1,100,16495
fc1a1cd2d37a9100a80a496108f693ecebc59e14-dirty,3,pager,80,24,304,13046,146023,80,24,1112,23,145753,180789,1,81,13400
fc1a1cd2d37a9100a80a496108f693ecebc59e14-dirty,3,pager,80,24,305,13086,146023,80,24,1060,23,145753,172302,1,81,13400
fc1a1cd2d37a9100a80a496108f693ecebc59e14-dirty,3,pager,80,24,306,13167,153325,80,24,1090,23,153055,177144,1,137,22520
fc1a1cd2d37a9100a80a496108f693ecebc59e14-dirty,3,pager,80,24,307,13169,146977,80,24,1091,23,146707,177319,1,114,18774
fc1a1cd2d37a9100a80a496108f693ecebc59e14-dirty,3,pager,80,24,308,13209,146977,80,24,1094,23,146707,177812,1,135,22197
fc1a1cd2d37a9100a80a496108f693ecebc59e14-dirty,3,pager,80,24,309,13250,155392,80,24,1106,23,155122,179740,1,128,21056
fc1a1cd2d37a9100a80a496108f693ecebc59e14-dirty,3,pager,80,24,310,13325,155392,80,24,1115,23,155122,181170,1,129,21219
fc1a1cd2d37a9100a80a496108f693ecebc59e14-dirty,3,pager,80,24,311,13327,155390,80,24,1110,23,155120,180403,1,134,22034
fc1a1cd2d37a9100a80a496108f693ecebc59e14-dirty,3,pager,80,24,312,13408,155072,80,24,1108,23,154802,180129,1,81,13400
fc1a1cd2d37a9100a80a496108f693ecebc59e14-dirty,3,pager,80,24,313,13409,147450,80,24,1061,23,147180,172490,1,107,17633
fc1a1cd2d37a9100a80a496108f693ecebc59e14-dirty,3,pager,80,24,314,13448,151107,80,24,1015,23,150837,165015,1,106,17473
fc1a1cd2d37a9100a80a496108f693ecebc59e14-dirty,3,pager,80,24,315,13489,139194,80,24,969,23,138924,157555,1,82,13562
fc1a1cd2d37a9100a80a496108f693ecebc59e14-dirty,3,pager,80,24,316,13529,138717,80,24,896,23,138447,145704,1,81,13400
fc1a1cd2d37a9100a80a496108f693ecebc59e14-dirty,3,pager,80,24,317,13606,138717,80,24,889,23,138447,144591,1,120,19751
fc1a1cd2d37a9100a80a496108f693ecebc59e14-dirty,3,pager,80,24,318,13607,132834,80,24,883,23,132564,143657,1,81,13400
fc1a1cd2d37a9100a80a496108f693ecebc59e14-dirty,3,pager,80,24,319,13646,120603,80,24,813,23,120333,132266,1,81,13400
fc1a1cd2d37a9100a80a496108f693ecebc59e14-dirty,3,pager,80,24,320,13728,123624,80,24,763,23,123354,124135,1,107,17630
fc1a1cd2d37a9100a80a496108f693ecebc59e14-dirty,3,pager,80,24,321,13729,135696,80,24,802,23,135426,130450,1,130,21381
fc1a1cd2d37a9100a80a496108f693ecebc59e14-dirty,3,pager,80,24,322,13769,135855,80,24,851,23,135585,138381,1,81,13400
fc1a1cd2d37a9100a80a496108f693ecebc59e14-dirty,3,pager,80,24,323,13850,123624,80,24,802,23,123354,130408,1,81,13400
fc1a1cd2d37a9100a80a496108f693ecebc59e14-dirty,3,pager,80,24,324,13851,130290,80,24,822,23,130020,133670,1,153,25128
fc1a1cd2d37a9100a80a496108f693ecebc59e14-dirty,3,pager,80,24,325,13926,124884,80,24,858,23,124614,139519,1,81,13400
fc1a1cd2d37a9100a80a496108f693ecebc59e14-dirty,3,pager,80,24,326,13927,134094,80,24,869,23,133824,141311,1,124,20401
fc1a1cd2d37a9100a80a496108f693ecebc59e14-dirty,3,pager,80,24,327,14008,146166,80,24,897,23,145896,145862,1,123,20241
fc1a1cd2d37a9100a80a496108f693ecebc59e14-dirty,3,pager,80,24,328,14009,147438,80,24,938,23,147168,152516,1,88,14539
fc1a1cd2d37a9100a80a496108f693ecebc59e14-dirty,3,pager,80,24,329,14089,135684,80,24,890,23,135414,144753,1,83,13724
fc1a1cd2d37a9100a80a496108f693ecebc59e14-dirty,3,pager,80,24,330,14091,142032,80,24,883,23,141762,143635,1,133,21870
fc1a1cd2d37a9100a80a496108f693ecebc59e14-dirty,3,pager,80,24,331,14130,142034,80,24,899,23,141764,146254,1,143,23503
fc1a1cd2d37a9100a80a496108f693ecebc59e14-dirty,3,pager,80,24,332,14206,130916,80,24,914,23,130646,148742,1,87,14372
fc1a1cd2d37a9100a80a496108f693ecebc59e14-dirty,3,pager,80,24,333,14207,120116,80,24,879,23,119846,143048,1,88,14535
fc1a1cd2d37a9100a80a496108f693ecebc59e14-dirty,3,pager,80,24,334,14287,109952,80,24,844,23,109682,137342,1,94,15517
fc1a1cd2d37a9100a80a496108f693ecebc59e14-dirty,3,pager,80,24,335,14288,112179,80,24,809,23,111909,131643,1,95,15682
fc1a1cd2d37a9100a80a496108f693ecebc59e14-dirty,3,pager,80,24,336,14328,119799,80,24,836,23,119529,136074,1,134,22039
fc1a1cd2d37a9100a80a496108f693ecebc59e14-dirty,3,pager,80,24,337,14368,116460,80,24,863,23,116190,140433,1,83,13724
fc1a1cd2d37a9100a80a496108f693ecebc59e14-dirty,3,pager,80,24,338,14449,116460,80,24,840,23,116190,136637,1,82,13562
fc1a1cd2d37a9100a80a496108f693ecebc59e14-dirty,3,pager,80,24,339,14450,116619,80,24,841,23,116349,136756,1,81,13400
fc1a1cd2d37a9100a80a496108f693ecebc59e14-dirty,3,pager,80,24,340,14485,104388,80,24,803,23,104118,130558,1,81,13400
fc1a1cd2d37a9100a80a496108f693ecebc59e14-dirty,3,pager,80,24,341,14525,116462,80,24,812,23,116192,132023,1,129,21218
fc1a1cd2d37a9100a80a496108f693ecebc59e14-dirty,3,pager,80,24,342,14566,128693,80,24,863,23,128423,140319,1,124,20404
fc1a1cd2d37a9100a80a496108f693ecebc59e14-dirty,3,pager,80,24,343,14647,127421,80,24,878,23,127151,142744,1,99,16329
fc1a1cd2d37a9100a80a496108f693ecebc59e14-dirty,3,pager,80,24,344,14648,127421,80,24,892,23,127151,145010,1,139,22852
fc1a1cd2d37a9100a80a496108f693ecebc59e14-dirty,3,pager,80,24,345,14688,127898,80,24,904,23,127628,146951,1,84,13886
fc1a1cd2d37a9100a80a496108f693ecebc59e14-dirty,3,pager,80,24,346,14729,129329,80,24,914,23,129059,148567,1,88,14539
fc1a1cd2d37a9100a80a496108f693ecebc59e14-dirty,3,pager,80,24,347,14769,120120,80,24,864,23,119850,140480,1,100,16497
fc1a1cd2d37a9100a80a496108f693ecebc59e14-dirty,3,pager,80,24,348,14805,120438,80,24,811,23,120168,131904,1,82,13562
fc1a1cd2d37a9100a80a496108f693ecebc59e14-dirty,3,pager,80,24,349,14845,108525,80,24,769,23,108255,125056,1,82,13562
fc1a1cd2d37a9100a80a496108f693ecebc59e14-dirty,3,pager,80,24,350,14926,108525,80,24,784,23,108255,127497,1,144,23664
fc1a1cd2d37a9100a80a496108f693ecebc59e14-dirty,3,pager,80,24,351,14928,108684,80,24,806,23,108414,131121,1,88,14535
fc1a1cd2d37a9100a80a496108f693ecebc59e14-dirty,3,pager,80,24,352,14967,110592,80,24,816,23,110322,132756,1,96,15843
fc1a1cd2d37a9100a80a496108f693ecebc59e14-dirty,3,pager,80,24,353,15048,98679,80,24,780,23,98409,126942,1,82,13562
fc1a1cd2d37a9100a80a496108f693ecebc59e14-dirty,3,pager,80,24,354,15049,86605,80,24,713,23,86335,116043,1,81,13400
fc1a1cd2d37a9100a80a496108f693ecebc59e14-dirty,3,pager,80,24,355,15088,97723,80,24,699,23,97453,113775,1,132,21705
fc1a1cd2d37a9100a80a496108f693ecebc59e14-dirty,3,pager,80,24,356,15169,108523,80,24,716,23,108253,116523,1,129,21216
fc1a1cd2d37a9100a80a496108f693ecebc59e14-dirty,3,pager,80,24,357,15171,118687,80,24,725,23,118417,117950,1,124,20401
fc1a1cd2d37a9100a80a496108f693ecebc59e14-dirty,3,pager,80,24,358,15205,128691,80,24,748,23,128421,121657,1,143,23498
fc1a1cd2d37a9100a80a496108f693ecebc59e14-dirty,3,pager,80,24,359,15247,128691,80,24,730,23,128421,118765,1,132,21705
fc1a1cd2d37a9100a80a496108f693ecebc59e14-dirty,3,pager,80,24,360,15287,133302,80,24,703,23,133032,114398,1,115,18934
fc1a1cd2d37a9100a80a496108f693ecebc59e14-dirty,3,pager,80,24,361,15369,145215,80,24,773,23,144945,125786,1,150,24642
fc1a1cd2d37a9100a80a496108f693ecebc59e14-dirty,3,pager,80,24,362,15370,146169,80,24,843,23,145899,137190,1,88,14534
fc1a1cd2d37a9100a80a496108f693ecebc59e14-dirty,3,pager,80,24,363,15446,146487,80,24,850,23,146217,138262,1,82,13562
fc1a1cd2d37a9100a80a496108f693ecebc59e14-dirty,3,pager,80,24,364,15447,139024,80,24,831,23,138754,135149,1,110,18120
fc1a1cd2d37a9100a80a496108f693ecebc59e14-dirty,3,pager,80,24,365,15526,129019,80,24,808,23,128749,131435,1,95,15674
fc1a1cd2d37a9100a80a496108f693ecebc59e14-dirty,3,pager,80,24,366,15528,138070,80,24,839,23,137800,136509,1,150,24641
fc1a1cd2d37a9100a80a496108f693ecebc59e14-dirty,3,pager,80,24,367,15567,127747,80,24,850,23,127477,138358,1,92,15184
fc1a1cd2d37a9100a80a496108f693ecebc59e14-dirty,3,pager,80,24,368,15608,139342,80,24,860,23,139072,139994,1,149,24478
fc1a1cd2d37a9100a80a496108f693ecebc59e14-dirty,3,pager,80,24,369,15649,138229,80,24,919,23,137959,149593,1,82,13562
fc1a1cd2d37a9100a80a496108f693ecebc59e14-dirty,3,pager,80,24,370,15690,136956,80,24,907,23,136686,147627,1,91,15022
fc1a1cd2d37a9100a80a496108f693ecebc59e14-dirty,3,pager,80,24,371,15730,140772,80,24,905,23,140502,147280,1,106,17467
fc1a1cd2d37a9100a80a496108f693ecebc59e14-dirty,3,pager,80,24,372,15766,143793,80,24,920,23,143523,149693,1,102,16815
fc1a1cd2d37a9100a80a496108f693ecebc59e14-dirty,3,pager,80,24,373,15847,131562,80,24,879,23,131292,143041,1,81,13400
fc1a1cd2d37a9100a80a496108f693ecebc59e14-dirty,3,pager,80,24,374,15849,142362,80,24,858,23,142092,139606,1,123,20238
fc1a1cd2d37a9100a80a496108f693ecebc59e14-dirty,3,pager,80,24,375,15888,143952,80,24,871,23,143682,141678,1,106,17467
fc1a1cd2d37a9100a80a496108f693ecebc59e14-dirty,3,pager,80,24,376,15929,143634,80,24,881,23,143364,143310,1,81,13400
fc1a1cd2d37a9100a80a496108f693ecebc59e14-dirty,3,pager,80,24,377,15970,145224,80,24,889,23,144954,144579,1,90,14859
fc1a1cd2d37a9100a80a496108f693ecebc59e14-dirty,3,pager,80,24,378,16046,132993,80,24,847,23,132723,137756,1,81,13400
fc1a1cd2d37a9100a80a496108f693ecebc59e14-dirty,3,pager,80,24,379,16047,126327,80,24,854,23,126057,138842,1,114,18771
fc1a1cd2d37a9100a80a496108f693ecebc59e14-dirty,3,pager,80,24,380,16127,114096,80,24,862,23,113826,140089,1,81,13400
fc1a1cd2d37a9100a80a496108f693ecebc59e14-dirty,3,pager,80,24,381,16128,105204,80,24,839,23,104934,136300,1,98,16163
fc1a1cd2d37a9100a80a496108f693ecebc59e14-dirty,3,pager,80,24,382,16167,98220,80,24,837,23,97950,135931,1,112,18447
fc1a1cd2d37a9100a80a496108f693ecebc59e14-dirty,3,pager,80,24,383,16248,95994,80,24,840,23,95724,136432,1,98,16165
fc1a1cd2d37a9100a80a496108f693ecebc59e14-dirty,3,pager,80,24,384,16249,87897,80,24,792,23,87627,128665,1,105,17306
fc1a1cd2d37a9100a80a496108f693ecebc59e14-dirty,3,pager,80,24,385,16288,89964,80,24,744,23,89694,120899,1,100,16491
fc1a1cd2d37a9100a80a496108f693ecebc59e14-dirty,3,pager,80,24,386,16329,89805,80,24,756,23,89535,122842,1,81,13400
fc1a1cd2d37a9100a80a496108f693ecebc59e14-dirty,3,pager,80,24,387,16369,85035,80,24,727,23,84765,118109,1,81,13400
fc1a1cd2d37a9100a80a496108f693ecebc59e14-dirty,3,pager,80,24,388,16409,85194,80,24,711,23,84924,115497,1,93,15348
fc1a1cd2d37a9100a80a496108f693ecebc59e14-dirty,3,pager,80,24,389,16445,85194,80,24,678,23,84924,110164,1,115,18937
fc1a1cd2d37a9100a80a496108f693ecebc59e14-dirty,3,pager,80,24,390,16485,95517,80,24,648,23,95247,105343,1,120,19755
fc1a1cd2d37a9100a80a496108f693ecebc59e14-dirty,3,pager,80,24,391,16526,86784,80,24,614,23,86514,99873,1,98,16169
fc1a1cd2d37a9100a80a496108f693ecebc59e14-dirty,3,pager,80,24,392,16566,92032,80,24,582,23,91762,94699,1,116,19105
fc1a1cd2d37a9100a80a496108f693ecebc59e14-dirty,3,pager,80,24,393,16647,93146,80,24,605,23,92876,98434,1,100,16497
fc1a1cd2d37a9100a80a496108f693ecebc59e14-dirty,3,pager,80,24,394,16648,89489,80,24,608,23,89219,98922,1,83,13724
fc1a1cd2d37a9100a80a496108f693ecebc59e14-dirty,3,pager,80,24,395,16687,98381,80,24,629,23,98111,102328,1,119,19592
fc1a1cd2d37a9100a80a496108f693ecebc59e14-dirty,3,pager,80,24,396,16768,98381,80,24,645,23,98111,104934,1,81,13400
fc1a1cd2d37a9100a80a496108f693ecebc59e14-dirty,3,pager,80,24,397,16769,87263,80,24,607,23,86993,98765,1,86,14213
fc1a1cd2d37a9100a80a496108f693ecebc59e14-dirty,3,pager,80,24,398,16809,95519,80,24,634,23,95249,103172,1,136,22365
fc1a1cd2d37a9100a80a496108f693ecebc59e14-dirty,3,pager,80,24,399,16849,99336,80,24,663,23,99066,107914,1,105,17312
fc1a1cd2d37a9100a80a496108f693ecebc59e14-dirty,3,pager,80,24,400,16926,99019,80,24,678,23,98749,110377,1,89,14704
fc1a1cd2d37a9100a80a496108f693ecebc59e14-dirty,3,pager,80,24,401,16927,102518,80,24,687,23,102248,111850,1,101,16660
fc1a1cd2d37a9100a80a496108f693ecebc59e14-dirty,3,pager,80,24,402,16966,97271,80,24,674,23,97001,109733,1,82,13562
fc1a1cd2d37a9100a80a496108f693ecebc59e14-dirty,3,pager,80,24,403,17007,97589,80,24,642,23,97319,104514,1,82,13562
fc1a1cd2d37a9100a80a496108f693ecebc59e14-dirty,3,pager,80,24,404,17047,94250,80,24,625,23,93980,101731,1,81,13400
fc1a1cd2d37a9100a80a496108f693ecebc59e14-dirty,3,pager,80,24,405,17128,101234,80,24,630,23,100964,102544,1,119,19589
fc1a1cd2d37a9100a80a496108f693ecebc59e14-dirty,3,pager,80,24,406,17129,101870,80,24,639,23,101600,104008,1,100,16495
fc1a1cd2d37a9100a80a496108f693ecebc59e14-dirty,3,pager,80,24,407,17169,103302,80,24,650,23,103032,105809,1,114,18779
fc1a1cd2d37a9100a80a496108f693ecebc59e14-dirty,3,pager,80,24,408,17209,100440,80,24,660,23,100170,107429,1,82,13562
fc1a1cd2d37a9100a80a496108f693ecebc59e14-dirty,3,pager,80,24,409,17249,112512,80,24,685,23,112242,111491,1,126,20733
fc1a1cd2d37a9100a80a496108f693ecebc59e14-dirty,3,pager,80,24,410,17290,118077,80,24,718,23,117807,116867,1,114,18777
fc1a1cd2d37a9100a80a496108f693ecebc59e14-dirty,3,pager,80,24,411,17326,116010,80,24,739,23,115740,120250,1,82,13562
fc1a1cd2d37a9100a80a496108f693ecebc59e14-dirty,3,pager,80,24,412,17366,103779,80,24,700,23,103509,113887,1,81,13400
fc1a1cd2d37a9100a80a496108f693ecebc59e14-dirty,3,pager,80,24,413,17406,93456,80,24,667,23,93186,108526,1,92,15187
fc1a1cd2d37a9100a80a496108f693ecebc59e14-dirty,3,pager,80,24,414,17487,102189,80,24,667,23,101919,108539,1,117,19263
fc1a1cd2d37a9100a80a496108f693ecebc59e14-dirty,3,pager,80,24,415,17488,101870,80,24,668,23,101600,108716,1,110,18125
fc1a1cd2d37a9100a80a496108f693ecebc59e14-dirty,3,pager,80,24,416,17569,111238,80,24,676,23,110968,110052,1,126,20733
fc1a1cd2d37a9100a80a496108f693ecebc59e14-dirty,3,pager,80,24,417,17570,116008,80,24,698,23,115738,113660,1,113,18614
fc1a1cd2d37a9100a80a496108f693ecebc59e14-dirty,3,pager,80,24,418,17650,105845,80,24,694,23,105575,113008,1,92,15193
fc1a1cd2d37a9100a80a496108f693ecebc59e14-dirty,3,pager,80,24,419,17651,118076,80,24,699,23,117806,113823,1,119,19594
fc1a1cd2d37a9100a80a496108f693ecebc59e14-dirty,3,pager,80,24,420,17686,119826,80,24,735,23,119556,119662,1,100,16497
fc1a1cd2d37a9100a80a496108f693ecebc59e14-dirty,3,pager,80,24,421,17727,119826,80,24,732,23,119556,119200,1,132,21713
fc1a1cd2d37a9100a80a496108f693ecebc59e14-dirty,3,pager,80,24,422,17808,117600,80,24,726,23,117330,118232,1,91,15030
fc1a1cd2d37a9100a80a496108f693ecebc59e14-dirty,3,pager,80,24,423,17809,116646,80,24,713,23,116376,116104,1,83,13726
fc1a1cd2d37a9100a80a496108f693ecebc59e14-dirty,3,pager,80,24,424,17889,114897,80,24,705,23,114627,114785,1,92,15193
fc1a1cd2d37a9100a80a496108f693ecebc59e14-dirty,3,pager,80,24,425,17890,117123,80,24,698,23,116853,113663,1,95,15680
fc1a1cd2d37a9100a80a496108f693ecebc59e14-dirty,3,pager,80,24,426,17930,117760,80,24,710,23,117490,115610,1,86,14215
fc1a1cd2d37a9100a80a496108f693ecebc59e14-dirty,3,pager,80,24,427,17970,123485,80,24,743,23,123215,120953,1,116,19105
fc1a1cd2d37a9100a80a496108f693ecebc59e14-dirty,3,pager,80,24,428,18006,114594,80,24,740,23,114324,120468,1,100,16497
fc1a1cd2d37a9100a80a496108f693ecebc59e14-dirty,3,pager,80,24,429,18047,111414,80,24,720,23,111144,117210,1,82,13562
fc1a1cd2d37a9100a80a496108f693ecebc59e14-dirty,3,pager,80,24,430,18127,106166,80,24,686,23,105896,111661,1,82,13562
fc1a1cd2d37a9100a80a496108f693ecebc59e14-dirty,3,pager,80,24,431,18128,105848,80,24,653,23,105578,106282,1,81,13400
fc1a1cd2d37a9100a80a496108f693ecebc59e14-dirty,3,pager,80,24,432,18208,105848,80,24,663,23,105578,107911,1,136,22360
fc1a1cd2d37a9100a80a496108f693ecebc59e14-dirty,3,pager,80,24,433,18210,112514,80,24,689,23,112244,112140,1,136,22360
fc1a1cd2d37a9100a80a496108f693ecebc59e14-dirty,3,pager,80,24,434,18249,124427,80,24,711,23,124157,115705,1,134,22034
fc1a1cd2d37a9100a80a496108f693ecebc59e14-dirty,3,pager,80,24,435,18330,126335,80,24,764,23,126065,124291,1,92,15187
fc1a1cd2d37a9100a80a496108f693ecebc59e14-dirty,3,pager,80,24,436,18331,136658,80,24,812,23,136388,132114,1,139,22849
fc1a1cd2d37a9100a80a496108f693ecebc59e14-dirty,3,pager,80,24,437,18366,129674,80,24,836,23,129404,136054,1,110,18125
fc1a1cd2d37a9100a80a496108f693ecebc59e14-dirty,3,pager,80,24,438,18407,129674,80,24,805,23,129404,131031,1,110,18125
fc1a1cd2d37a9100a80a496108f693ecebc59e14-dirty,3,pager,80,24,439,18447,119351,80,24,793,23,119081,129101,1,90,14865
fc1a1cd2d37a9100a80a496108f693ecebc59e14-dirty,3,pager,80,24,440,18529,115854,80,24,764,23,115584,124381,1,90,14867
fc1a1cd2d37a9100a80a496108f693ecebc59e14-dirty,3,pager,80,24,441,18530,119511,80,24,764,23,119241,124382,1,118,19431
fc1a1cd2d37a9100a80a496108f693ecebc59e14-dirty,3,pager,80,24,442,18610,119511,80,24,783,23,119241,127502,1,144,23669
fc1a1cd2d37a9100a80a496108f693ecebc59e14-dirty,3,pager,80,24,443,18611,118556,80,24,817,23,118286,133073,1,94,15510
fc1a1cd2d37a9100a80a496108f693ecebc59e14-dirty,3,pager,80,24,444,18650,106643,80,24,775,23,106373,126272,1,82,13562
fc1a1cd2d37a9100a80a496108f693ecebc59e14-dirty,3,pager,80,24,445,18726,107120,80,24,738,23,106850,120234,1,92,15193
fc1a1cd2d37a9100a80a496108f693ecebc59e14-dirty,3,pager,80,24,446,18727,106960,80,24,738,23,106690,120185,1,82,13562
fc1a1cd2d37a9100a80a496108f693ecebc59e14-dirty,3,pager,80,24,447,18808,117441,80,24,790,23,117171,128614,1,144,23667
fc1a1cd2d37a9100a80a496108f693ecebc59e14-dirty,3,pager,80,24,448,18809,118236,80,24,841,23,117966,136887,1,100,16495
fc1a1cd2d37a9100a80a496108f693ecebc59e14-dirty,3,pager,80,24,449,18889,119985,80,24,847,23,119715,137820,1,96,15845
fc1a1cd2d37a9100a80a496108f693ecebc59e14-dirty,3,pager,80,24,450,18890,120144,80,24,848,23,119874,137955,1,116,19105
fc1a1cd2d37a9100a80a496108f693ecebc59e14-dirty,3,pager,80,24,451,18970,120144,80,24,848,23,119874,137982,1,100,16497
fc1a1cd2d37a9100a80a496108f693ecebc59e14-dirty,3,pager,80,24,452,18971,120303,80,24,849,23,120033,138134,1,83,13724
fc1a1cd2d37a9100a80a496108f693ecebc59e14-dirty,3,pager,80,24,453,19046,120303,80,24,850,23,120033,138284,1,82,13562
fc1a1cd2d37a9100a80a496108f693ecebc59e14-dirty,3,pager,80,24,454,19047,120303,80,24,850,23,120033,138251,1,81,13400
fc1a1cd2d37a9100a80a496108f693ecebc59e14-dirty,3,pager,80,24,455,19087,120303,80,24,835,23,120033,135799,1,121,19915
fc1a1cd2d37a9100a80a496108f693ecebc59e14-dirty,3,pager,80,24,456,19168,120303,80,24,826,23,120033,134314,1,128,21059
fc1a1cd2d37a9100a80a496108f693ecebc59e14-dirty,3,pager,80,24,457,19169,108390,80,24,818,23,108120,133051,1,82,13562
fc1a1cd2d37a9100a80a496108f693ecebc59e14-dirty,3,pager,80,24,458,19249,106482,80,24,765,23,106212,124459,1,81,13400
fc1a1cd2d37a9100a80a496108f693ecebc59e14-dirty,3,pager,80,24,459,19250,106482,80,24,756,23,106212,123040,1,131,21545
fc1a1cd2d37a9100a80a496108f693ecebc59e14-dirty,3,pager,80,24,460,19330,101553,80,24,741,23,101283,120597,1,84,13886
fc1a1cd2d37a9100a80a496108f693ecebc59e14-dirty,3,pager,80,24,461,19331,108537,80,24,784,23,108267,127548,1,135,22198
fc1a1cd2d37a9100a80a496108f693ecebc59e14-dirty,3,pager,80,24,462,19371,118860,80,24,808,23,118590,131470,1,132,21708
fc1a1cd2d37a9100a80a496108f693ecebc59e14-dirty,3,pager,80,24,463,19406,129341,80,24,842,23,129071,136991,1,120,19752
fc1a1cd2d37a9100a80a496108f693ecebc59e14-dirty,3,pager,80,24,464,19447,135847,80,24,850,23,135577,138288,1,122,20077
fc1a1cd2d37a9100a80a496108f693ecebc59e14-dirty,3,pager,80,24,465,19528,126796,80,24,830,23,126526,135063,1,100,16495
fc1a1cd2d37a9100a80a496108f693ecebc59e14-dirty,3,pager,80,24,466,19530,125206,80,24,775,23,124936,126177,1,82,13562
fc1a1cd2d37a9100a80a496108f693ecebc59e14-dirty,3,pager,80,24,467,19609,124888,80,24,762,23,124618,124080,1,81,13400
fc1a1cd2d37a9100a80a496108f693ecebc59e14-dirty,3,pager,80,24,468,19610,135051,80,24,819,23,134781,133339,1,150,24642
fc1a1cd2d37a9100a80a496108f693ecebc59e14-dirty,3,pager,80,24,469,19650,136005,80,24,881,23,135735,143397,1,89,14696
fc1a1cd2d37a9100a80a496108f693ecebc59e14-dirty,3,pager,80,24,470,19691,136005,80,24,878,23,135735,142915,1,133,21874
fc1a1cd2d37a9100a80a496108f693ecebc59e14-dirty,3,pager,80,24,471,19767,136324,80,24,866,23,136054,141023,1,106,17475
fc1a1cd2d37a9100a80a496108f693ecebc59e14-dirty,3,pager,80,24,472,19769,137755,80,24,877,23,137485,142788,1,109,17964
fc1a1cd2d37a9100a80a496108f693ecebc59e14-dirty,3,pager,80,24,473,19849,137757,80,24,873,23,137487,142126,1,115,18944
fc1a1cd2d37a9100a80a496108f693ecebc59e14-dirty,3,pager,80,24,474,19850,134895,80,24,875,23,134625,142436,1,84,13889
fc1a1cd2d37a9100a80a496108f693ecebc59e14-dirty,3,pager,80,24,475,19930,134736,80,24,858,23,134466,139633,1,82,13562
fc1a1cd2d37a9100a80a496108f693ecebc59e14-dirty,3,pager,80,24,476,19932,139824,80,24,885,23,139554,143990,1,111,18288
fc1a1cd2d37a9100a80a496108f693ecebc59e14-dirty,3,pager,80,24,477,20007,143163,80,24,914,23,142893,148675,1,99,16332
fc1a1cd2d37a9100a80a496108f693ecebc59e14-dirty,3,pager,80,24,478,20008,143163,80,24,932,23,142893,151610,1,135,22202
fc1a1cd2d37a9100a80a496108f693ecebc59e14-dirty,3,pager,80,24,479,20088,143163,80,24,927,23,142893,150831,1,140,23017
fc1a1cd2d37a9100a80a496108f693ecebc59e14-dirty,3,pager,80,24,480,20090,155076,80,24,923,23,154806,150229,1,140,23017
fc1a1cd2d37a9100a80a496108f693ecebc59e14-dirty,3,pager,80,24,481,20129,167307,80,24,971,23,167037,157986,1,142,23343
fc1a1cd2d37a9100a80a496108f693ecebc59e14-dirty,3,pager,80,24,482,20211,167307,80,24,970,23,167037,157804,1,140,23017
fc1a1cd2d37a9100a80a496108f693ecebc59e14-dirty,3,pager,80,24,483,20213,172714,80,24,971,23,172444,157956,1,113,18616
fc1a1cd2d37a9100a80a496108f693ecebc59e14-dirty,3,pager,80,24,484,20252,164618,80,24,953,23,164348,155021,1,106,17475
fc1a1cd2d37a9100a80a496108f693ecebc59e14-dirty,3,pager,80,24,485,20287,153819,80,24,924,23,153549,150319,1,89,14704
fc1a1cd2d37a9100a80a496108f693ecebc59e14-dirty,3,pager,80,24,486,20328,141907,80,24,885,23,141637,143981,1,82,13563
fc1a1cd2d37a9100a80a496108f693ecebc59e14-dirty,3,pager,80,24,487,20368,129994,80,24,845,23,129724,137471,1,82,13562
fc1a1cd2d37a9100a80a496108f693ecebc59e14-dirty,3,pager,80,24,488,20409,127132,80,24,805,23,126862,130993,1,82,13562
fc1a1cd2d37a9100a80a496108f693ecebc59e14-dirty,3,pager,80,24,489,20450,126814,80,24,786,23,126544,127888,1,81,13400
fc1a1cd2d37a9100a80a496108f693ecebc59e14-dirty,3,pager,80,24,490,20531,139045,80,24,832,23,138775,135352,1,128,21055
fc1a1cd2d37a9100a80a496108f693ecebc59e14-dirty,3,pager,80,24,491,20533,132856,80,24,808,23,132586,131450,1,119,19592
fc1a1cd2d37a9100a80a496108f693ecebc59e14-dirty,3,pager,80,24,492,20607,131902,80,24,773,23,131632,125780,1,82,13562
fc1a1cd2d37a9100a80a496108f693ecebc59e14-dirty,3,pager,80,24,493,20609,119671,80,24,714,23,119401,116188,1,81,13400
fc1a1cd2d37a9100a80a496108f693ecebc59e14-dirty,3,pager,80,24,494,20648,128244,80,24,699,23,127974,113744,1,119,19589
fc1a1cd2d37a9100a80a496108f693ecebc59e14-dirty,3,pager,80,24,495,20729,127130,80,24,705,23,126860,114699,1,96,15843
fc1a1cd2d37a9100a80a496108f693ecebc59e14-dirty,3,pager,80,24,496,20730,122517,80,24,688,23,122247,111907,1,88,14541
fc1a1cd2d37a9100a80a496108f693ecebc59e14-dirty,3,pager,80,24,497,20770,124584,80,24,665,23,124314,108162,1,96,15845
fc1a1cd2d37a9100a80a496108f693ecebc59e14-dirty,3,pager,80,24,498,20851,126811,80,24,661,22,123822,107490,1,96,15845
fc1a1cd2d37a9100a80a496108f693ecebc59e14-dirty,3,pager,80,24,499,20852,133636,80,24,677,22,130647,110121,1,128,21061
fc1a1cd2d37a9100a80a496108f693ecebc59e14-dirty,3,pager,80,24,500,20887,132364,80,24,697,22,129375,113409,1,91,15028
fc1a1cd2d37a9100a80a496108f693ecebc59e14-dirty,3,pager,80,24,501,20968,132364,80,24,683,22,129375,111183,1,122,20083
fc1a1cd2d37a9100a80a496108f693ecebc59e14-dirty,3,pager,80,24,502,20969,120451,80,24,679,22,117462,110575,1,82,13562
fc1a1cd2d37a9100a80a496108f693ecebc59e14-dirty,3,pager,80,24,503,21008,109492,80,24,642,22,106503,104539,1,88,14539
fc1a1cd2d37a9100a80a496108f693ecebc59e14-dirty,3,pager,80,24,504,21089,97579,80,24,601,22,94590,97857,1,82,13562
fc1a1cd2d37a9100a80a496108f693ecebc59e14-dirty,3,pager,80,24,505,21090,85348,80,24,553,22,82359,90042,1,81,13400
fc1a1cd2d37a9100a80a496108f693ecebc59e14-dirty,3,pager,80,24,506,21129,91854,80,24,548,22,88865,89269,1,124,20404
fc1a1cd2d37a9100a80a496108f693ecebc59e14-dirty,3,pager,80,24,507,21210,99950,80,24,563,22,96961,91704,1,124,20407
fc1a1cd2d37a9100a80a496108f693ecebc59e14-dirty,3,pager,80,24,508,21212,110749,80,24,577,22,107760,93974,1,116,19103
fc1a1cd2d37a9100a80a496108f693ecebc59e14-dirty,3,pager,80,24,509,21288,122661,80,24,630,22,119672,102608,1,140,23015
fc1a1cd2d37a9100a80a496108f693ecebc59e14-dirty,3,pager,80,24,510,21289,134574,80,24,695,22,131585,113191,1,148,24319
fc1a1cd2d37a9100a80a496108f693ecebc59e14-dirty,3,pager,80,24,511,21369,134574,80,24,761,22,131586,123950,1,82,13562
fc1a1cd2d37a9100a80a496108f693ecebc59e14-dirty,3,pager,80,24,512,21370,134574,80,24,761,22,131586,123905,1,81,13400
fc1a1cd2d37a9100a80a496108f693ecebc59e14-dirty,3,pager,80,24,513,21410,134574,80,24,768,22,131586,125044,1,135,22197
fc1a1cd2d37a9100a80a496108f693ecebc59e14-dirty,3,pager,80,24,514,21451,140763,80,24,778,22,137775,126676,1,119,19592
fc1a1cd2d37a9100a80a496108f693ecebc59e14-dirty,3,pager,80,24,515,21527,152676,80,24,783,22,149688,127491,1,126,20733
fc1a1cd2d37a9100a80a496108f693ecebc59e14-dirty,3,pager,80,24,516,21529,154107,80,24,827,22,151119,134656,1,88,14539
fc1a1cd2d37a9100a80a496108f693ecebc59e14-dirty,3,pager,80,24,517,21609,142672,80,24,797,22,139684,129799,1,85,14052
fc1a1cd2d37a9100a80a496108f693ecebc59e14-dirty,3,pager,80,24,518,21610,140924,80,24,766,22,137936,124787,1,88,14541
fc1a1cd2d37a9100a80a496108f693ecebc59e14-dirty,3,pager,80,24,519,21649,145694,80,24,789,22,142706,128509,1,117,19268
fc1a1cd2d37a9100a80a496108f693ecebc59e14-dirty,3,pager,80,24,520,21731,147284,80,24,812,22,144296,132224,1,105,17312
fc1a1cd2d37a9100a80a496108f693ecebc59e14-dirty,3,pager,80,24,521,21732,149192,80,24,838,23,148922,136423,1,107,17638
fc1a1cd2d37a9100a80a496108f693ecebc59e14-dirty,3,pager,80,24,522,21807,149192,80,24,847,23,148922,137874,1,135,22202
fc1a1cd2d37a9100a80a496108f693ecebc59e14-dirty,3,pager,80,24,523,21809,159356,80,24,848,23,159086,138022,1,125,20572
fc1a1cd2d37a9100a80a496108f693ecebc59e14-dirty,3,pager,80,24,524,21848,147443,80,24,849,23,147173,138162,1,82,13562
fc1a1cd2d37a9100a80a496108f693ecebc59e14-dirty,3,pager,80,24,525,21930,147443,80,24,809,23,147173,131682,1,82,13562
fc1a1cd2d37a9100a80a496108f693ecebc59e14-dirty,3,pager,80,24,526,21931,146171,80,24,803,23,145901,130658,1,81,13400
fc1a1cd2d37a9100a80a496108f693ecebc59e14-dirty,3,pager,80,24,527,21971,158084,80,24,835,23,157814,135824,1,121,19914
fc1a1cd2d37a9100a80a496108f693ecebc59e14-dirty,3,pager,80,24,528,22011,163331,80,24,878,23,163061,142785,1,110,18125
fc1a1cd2d37a9100a80a496108f693ecebc59e14-dirty,3,pager,80,24,529,22052,153644,80,24,866,23,153374,140831,1,95,15680
fc1a1cd2d37a9100a80a496108f693ecebc59e14-dirty,3,pager,80,24,530,22128,153644,80,24,859,23,153374,139733,1,118,19431
fc1a1cd2d37a9100a80a496108f693ecebc59e14-dirty,3,pager,80,24,531,22130,153644,80,24,868,23,153374,141233,1,128,21061
fc1a1cd2d37a9100a80a496108f693ecebc59e14-dirty,3,pager,80,24,532,22169,141731,80,24,854,23,141461,138975,1,82,13562
fc1a1cd2d37a9100a80a496108f693ecebc59e14-dirty,3,pager,80,24,533,22251,129818,80,24,789,23,129548,128409,1,82,13562
fc1a1cd2d37a9100a80a496108f693ecebc59e14-dirty,3,pager,80,24,534,22252,129500,80,24,722,23,129230,117532,1,81,13400
fc1a1cd2d37a9100a80a496108f693ecebc59e14-dirty,3,pager,80,24,535,22291,141731,80,24,789,23,141461,128395,1,149,24479
fc1a1cd2d37a9100a80a496108f693ecebc59e14-dirty,3,pager,80,24,536,22332,132044,80,24,807,23,131774,131328,1,96,15836
fc1a1cd2d37a9100a80a496108f693ecebc59e14-dirty,3,pager,80,24,537,22408,132044,80,24,801,23,131774,130355,1,121,19918
fc1a1cd2d37a9100a80a496108f693ecebc59e14-dirty,3,pager,80,24,538,22409,125220,80,24,795,23,124950,129417,1,112,18453
fc1a1cd2d37a9100a80a496108f693ecebc59e14-dirty,3,pager,80,24,539,22490,124107,80,24,782,23,123837,127343,1,82,13562
fc1a1cd2d37a9100a80a496108f693ecebc59e14-dirty,3,pager,80,24,540,22491,126332,80,24,790,23,126062,128615,1,97,16006
fc1a1cd2d37a9100a80a496108f693ecebc59e14-dirty,3,pager,80,24,541,22571,137290,80,24,838,23,137020,136399,1,131,21550
fc1a1cd2d37a9100a80a496108f693ecebc59e14-dirty,3,pager,80,24,542,22572,143478,80,24,840,23,143208,136731,1,134,22039
fc1a1cd2d37a9100a80a496108f693ecebc59e14-dirty,3,pager,80,24,543,22612,141729,80,24,845,23,141459,137542,1,96,15845
fc1a1cd2d37a9100a80a496108f693ecebc59e14-dirty,3,pager,80,24,544,22647,139662,80,24,834,23,139392,135727,1,95,15682
fc1a1cd2d37a9100a80a496108f693ecebc59e14-dirty,3,pager,80,24,545,22728,130135,80,24,783,23,129865,127421,1,97,16008
fc1a1cd2d37a9100a80a496108f693ecebc59e14-dirty,3,pager,80,24,546,22729,120767,80,24,737,23,120497,119972,1,98,16171
fc1a1cd2d37a9100a80a496108f693ecebc59e14-dirty,3,pager,80,24,547,22769,123948,80,24,702,23,123678,114312,1,103,16986
fc1a1cd2d37a9100a80a496108f693ecebc59e14-dirty,3,pager,80,24,548,22850,128719,80,24,712,23,128449,115878,1,111,18290
fc1a1cd2d37a9100a80a496108f693ecebc59e14-dirty,3,pager,80,24,549,22851,129037,80,24,742,23,128767,120697,1,82,13562
fc1a1cd2d37a9100a80a496108f693ecebc59e14-dirty,3,pager,80,24,550,22891,117124,80,24,704,23,116854,114498,1,82,13562
fc1a1cd2d37a9100a80a496108f693ecebc59e14-dirty,3,pager,80,24,551,22967,111877,80,24,661,23,111607,107500,1,81,13400
fc1a1cd2d37a9100a80a496108f693ecebc59e14-dirty,3,pager,80,24,552,22968,121564,80,24,698,23,121294,113526,1,149,24479
fc1a1cd2d37a9100a80a496108f693ecebc59e14-dirty,3,pager,80,24,553,23048,109651,80,24,726,23,109381,118111,1,82,13562
fc1a1cd2d37a9100a80a496108f693ecebc59e14-dirty,3,pager,80,24,554,23049,109651,80,24,717,23,109381,116635,1,119,19592
fc1a1cd2d37a9100a80a496108f693ecebc59e14-dirty,3,pager,80,24,555,23089,113468,80,24,705,23,113198,114687,1,99,16334
fc1a1cd2d37a9100a80a496108f693ecebc59e14-dirty,3,pager,80,24,556,23170,114900,80,24,724,23,114630,117746,1,92,15193
fc1a1cd2d37a9100a80a496108f693ecebc59e14-dirty,3,pager,80,24,557,23171,116332,80,24,736,23,116062,119689,1,87,14378
fc1a1cd2d37a9100a80a496108f693ecebc59e14-dirty,3,pager,80,24,558,23251,106169,80,24,683,23,105899,111119,1,94,15519
fc1a1cd2d37a9100a80a496108f693ecebc59e14-dirty,3,pager,80,24,559,23252,104103,80,24,626,23,103833,101904,1,83,13726
fc1a1cd2d37a9100a80a496108f693ecebc59e14-dirty,3,pager,80,24,560,23291,94576,80,24,593,23,94306,96574,1,97,16008
fc1a1cd2d37a9100a80a496108f693ecebc59e14-dirty,3,pager,80,24,561,23327,90919,80,24,570,23,90649,92853,1,90,14867
fc1a1cd2d37a9100a80a496108f693ecebc59e14-dirty,3,pager,80,24,562,23408,91556,80,24,548,23,91286,89269,1,86,14215
fc1a1cd2d37a9100a80a496108f693ecebc59e14-dirty,3,pager,80,24,563,23409,93624,80,24,561,23,93354,91404,1,112,18453
fc1a1cd2d37a9100a80a496108f693ecebc59e14-dirty,3,pager,80,24,564,23448,81871,80,24,540,23,81601,88036,1,83,13726
fc1a1cd2d37a9100a80a496108f693ecebc59e14-dirty,3,pager,80,24,565,23488,70595,80,24,506,23,70325,82465,1,86,14215
fc1a1cd2d37a9100a80a496108f693ecebc59e14-dirty,3,pager,80,24,566,23528,68528,80,24,471,23,68258,76733,1,83,13726
fc1a1cd2d37a9100a80a496108f693ecebc59e14-dirty,3,pager,80,24,567,23569,67573,80,24,462,23,67303,75241,1,87,14377
fc1a1cd2d37a9100a80a496108f693ecebc59e14-dirty,3,pager,80,24,568,23649,68845,80,24,483,23,68575,78631,1,105,17312
fc1a1cd2d37a9100a80a496108f693ecebc59e14-dirty,3,pager,80,24,569,23650,66778,80,24,502,23,66508,81712,1,85,14052
fc1a1cd2d37a9100a80a496108f693ecebc59e14-dirty,3,pager,80,24,570,23690,63597,80,24,497,23,63327,80893,1,82,13562
fc1a1cd2d37a9100a80a496108f693ecebc59e14-dirty,3,pager,80,24,571,23730,58826,80,24,487,23,58556,79258,1,82,13562
fc1a1cd2d37a9100a80a496108f693ecebc59e14-dirty,3,pager,80,24,572,23770,58508,80,24,457,23,58238,74384,1,81,13400
fc1a1cd2d37a9100a80a496108f693ecebc59e14-dirty,3,pager,80,24,573,23811,70421,80,24,498,23,70151,81050,1,124,20404
fc1a1cd2d37a9100a80a496108f693ecebc59e14-dirty,3,pager,80,24,574,23851,82652,80,24,552,23,82382,89834,1,130,21385
fc1a1cd2d37a9100a80a496108f693ecebc59e14-dirty,3,pager,80,24,575,23887,82652,80,24,535,23,82382,87124,1,129,21224
fc1a1cd2d37a9100a80a496108f693ecebc59e14-dirty,3,pager,80,24,576,23927,94565,80,24,511,23,94295,83258,1,132,21713
fc1a1cd2d37a9100a80a496108f693ecebc59e14-dirty,3,pager,80,24,577,23968,94565,80,24,533,23,94295,86853,1,145,23832
fc1a1cd2d37a9100a80a496108f693ecebc59e14-dirty,3,pager,80,24,578,24048,90589,80,24,562,23,90319,91612,1,81,13400
fc1a1cd2d37a9100a80a496108f693ecebc59e14-dirty,3,pager,80,24,579,24049,89157,80,24,543,23,88887,88527,1,82,13562
fc1a1cd2d37a9100a80a496108f693ecebc59e14-dirty,3,pager,80,24,580,24089,88043,80,24,532,23,87773,86739,1,82,13562
fc1a1cd2d37a9100a80a496108f693ecebc59e14-dirty,3,pager,80,24,581,24129,86134,80,24,519,23,85864,84608,1,81,13400
fc1a1cd2d37a9100a80a496108f693ecebc59e14-dirty,3,pager,80,24,582,24169,85656,80,24,505,23,85386,82316,1,81,13400
fc1a1cd2d37a9100a80a496108f693ecebc59e14-dirty,3,pager,80,24,583,24210,95183,80,24,548,23,94913,89327,1,139,22846
fc1a1cd2d37a9100a80a496108f693ecebc59e14-dirty,3,pager,80,24,584,24250,97408,80,24,594,23,97138,96828,1,104,17140
fc1a1cd2d37a9100a80a496108f693ecebc59e14-dirty,3,pager,80,24,585,24291,100269,80,24,608,23,99999,99109,1,102,16815
fc1a1cd2d37a9100a80a496108f693ecebc59e14-dirty,3,pager,80,24,586,24372,99314,80,24,610,23,99044,99411,1,107,17632
fc1a1cd2d37a9100a80a496108f693ecebc59e14-dirty,3,pager,80,24,587,24373,98995,80,24,604,23,98725,98404,1,81,13400
fc1a1cd2d37a9100a80a496108f693ecebc59e14-dirty,3,pager,80,24,588,24407,98040,80,24,600,23,97770,97705,1,81,13400
fc1a1cd2d37a9100a80a496108f693ecebc59e14-dirty,3,pager,80,24,589,24488,101219,80,24,613,23,100949,99777,1,100,16489
fc1a1cd2d37a9100a80a496108f693ecebc59e14-dirty,3,pager,80,24,590,24489,104240,80,24,636,23,103970,103462,1,104,17144
fc1a1cd2d37a9100a80a496108f693ecebc59e14-dirty,3,pager,80,24,591,24529,112495,80,24,658,23,112225,107004,1,125,20570
fc1a1cd2d37a9100a80a496108f693ecebc59e14-dirty,3,pager,80,24,592,24570,112017,80,24,679,23,111747,110446,1,82,13562
fc1a1cd2d37a9100a80a496108f693ecebc59e14-dirty,3,pager,80,24,593,24610,111858,80,24,676,23,111588,109959,1,81,13400
fc1a1cd2d37a9100a80a496108f693ecebc59e14-dirty,3,pager,80,24,594,24651,111540,80,24,675,23,111270,109797,1,81,13400
fc1a1cd2d37a9100a80a496108f693ecebc59e14-dirty,3,pager,80,24,595,24727,123771,80,24,710,23,123501,115494,1,116,19097
fc1a1cd2d37a9100a80a496108f693ecebc59e14-dirty,3,pager,80,24,596,24728,117423,80,24,702,23,117153,114169,1,113,18611
fc1a1cd2d37a9100a80a496108f693ecebc59e14-dirty,3,pager,80,24,597,24808,117423,80,24,687,23,117153,111718,1,115,18940
fc1a1cd2d37a9100a80a496108f693ecebc59e14-dirty,3,pager,80,24,598,24809,117423,80,24,688,23,117153,111908,1,132,21713
fc1a1cd2d37a9100a80a496108f693ecebc59e14-dirty,3,pager,80,24,599,24849,105510,80,24,695,23,105240,113062,1,82,13562
fc1a1cd2d37a9100a80a496108f693ecebc59e14-dirty,3,pager,80,24,600,24889,93597,80,24,636,23,93327,103477,1,82,13562
fc1a1cd2d37a9100a80a496108f693ecebc59e14-dirty,3,pager,80,24,601,24970,93597,80,24,573,23,93327,93271,1,81,13400
fc1a1cd2d37a9100a80a496108f693ecebc59e14-dirty,3,pager,80,24,602,24971,93279,80,24,572,23,93009,93091,1,81,13400
fc1a1cd2d37a9100a80a496108f693ecebc59e14-dirty,3,pager,80,24,603,25051,105192,80,24,619,23,104922,100718,1,129,21216
fc1a1cd2d37a9100a80a496108f693ecebc59e14-dirty,3,pager,80,24,604,25052,117264,80,24,671,23,116994,109142,1,124,20404
fc1a1cd2d37a9100a80a496108f693ecebc59e14-dirty,3,pager,80,24,605,25092,129501,80,24,737,23,129231,119858,1,144,23673
fc1a1cd2d37a9100a80a496108f693ecebc59e14-dirty,3,pager,80,24,606,25168,118701,80,24,744,23,118431,121060,1,87,14373
fc1a1cd2d37a9100a80a496108f693ecebc59e14-dirty,3,pager,80,24,607,25169,118701,80,24,709,23,118431,115421,1,105,17310
fc1a1cd2d37a9100a80a496108f693ecebc59e14-dirty,3,pager,80,24,608,25208,115203,80,24,710,23,114933,115579,1,82,13562
fc1a1cd2d37a9100a80a496108f693ecebc59e14-dirty,3,pager,80,24,609,25249,111228,80,24,681,23,110958,110856,1,81,13400
fc1a1cd2d37a9100a80a496108f693ecebc59e14-dirty,3,pager,80,24,610,25290,111069,80,24,655,23,110799,106611,1,81,13400
fc1a1cd2d37a9100a80a496108f693ecebc59e14-dirty,3,pager,80,24,611,25371,123300,80,24,713,23,123030,116006,1,139,22846
fc1a1cd2d37a9100a80a496108f693ecebc59e14-dirty,3,pager,80,24,612,25372,125685,80,24,755,23,125415,122820,1,118,19425
fc1a1cd2d37a9100a80a496108f693ecebc59e14-dirty,3,pager,80,24,613,25447,133470,80,24,786,23,133200,127911,1,134,22043
fc1a1cd2d37a9100a80a496108f693ecebc59e14-dirty,3,pager,80,24,614,25449,121398,80,24,793,23,121128,129099,1,81,13400
fc1a1cd2d37a9100a80a496108f693ecebc59e14-dirty,3,pager,80,24,615,25528,121080,80,24,749,23,120810,121973,1,81,13400
fc1a1cd2d37a9100a80a496108f693ecebc59e14-dirty,3,pager,80,24,616,25529,133152,80,24,794,23,132882,129254,1,127,20890
fc1a1cd2d37a9100a80a496108f693ecebc59e14-dirty,3,pager,80,24,617,25570,145383,80,24,841,23,145113,136854,1,121,19915
fc1a1cd2d37a9100a80a496108f693ecebc59e14-dirty,3,pager,80,24,618,25651,136968,80,24,845,23,136698,137479,1,105,17310
fc1a1cd2d37a9100a80a496108f693ecebc59e14-dirty,3,pager,80,24,619,25652,90445,80,24,846,24,90508,137557,0,846,137557
fc1a1cd2d37a9100a80a496108f693ecebc59e14-dirty,1,burst,80,24,1,1,90763,80,24,1,1,848,360,0,1,360
fc1a1cd2d37a9100a80a496108f693ecebc59e14-dirty,1,burst,80,24,2,102,90922,80,24,1,1,1007,360,0,1,360
fc1a1cd2d37a9100a80a496108f693ecebc59e14-dirty,1,burst,80,24,3,202,91081,80,24,1,1,1166,360,0,1,360
fc1a1cd2d37a9100a80a496108f693ecebc59e14-dirty,1,burst,80,24,4,303,91081,80,24,0,0,199,199,0,0,199
fc1a1cd2d37a9100a80a496108f693ecebc59e14-dirty,1,burst,80,24,5,404,91399,80,24,1,1,1484,360,0,1,360
fc1a1cd2d37a9100a80a496108f693ecebc59e14-dirty,1,burst,80,24,6,504,91399,80,24,0,0,199,199,0,0,199
fc1a1cd2d37a9100a80a496108f693ecebc59e14-dirty,1,burst,80,24,7,605,91717,80,24,1,1,1802,360,0,1,360
fc1a1cd2d37a9100a80a496108f693ecebc59e14-dirty,1,burst,80,24,8,706,91877,80,24,1,1,1962,361,0,1,361
fc1a1cd2d37a9100a80a496108f693ecebc59e14-dirty,1,burst,80,24,9,806,91877,80,24,1,1,1962,362,0,1,362
fc1a1cd2d37a9100a80a496108f693ecebc59e14-dirty,1,burst,80,24,10,902,91877,80,24,1,1,1962,362,0,1,362
fc1a1cd2d37a9100a80a496108f693ecebc59e14-dirty,1,burst,80,24,11,1002,91877,80,24,1,1,1962,362,0,1,362
fc1a1cd2d37a9100a80a496108f693ecebc59e14-dirty,1,burst,80,24,12,1144,91877,80,24,1,1,1962,362,0,1,362
fc1a1cd2d37a9100a80a496108f693ecebc59e14-dirty,1,burst,80,24,13,1203,91877,80,24,1,1,1962,362,0,1,362
fc1a1cd2d37a9100a80a496108f693ecebc59e14-dirty,1,burst,80,24,14,1303,18610,80,24,441,24,18673,71744,0,441,71744
fc1a1cd2d37a9100a80a496108f693ecebc59e14-dirty,1,burst,80,24,15,1310,23062,80,24,118,24,23125,19265,0,118,19265
fc1a1cd2d37a9100a80a496108f693ecebc59e14-dirty,1,burst,80,24,16,1316,22267,80,24,116,24,22330,18942,0,116,18942
fc1a1cd2d37a9100a80a496108f693ecebc59e14-dirty,1,burst,80,24,17,1323,22108,80,24,115,23,21997,18778,0,115,18778
fc1a1cd2d37a9100a80a496108f693ecebc59e14-dirty,1,burst,80,24,18,1350,21631,80,24,101,24,21694,16518,0,101,16518
fc1a1cd2d37a9100a80a496108f693ecebc59e14-dirty,1,burst,80,24,19,1350,16861,80,24,74,24,16924,12156,0,74,12156
fc1a1cd2d37a9100a80a496108f693ecebc59e14-dirty,1,burst,80,24,20,1351,21472,80,24,132,24,21535,21532,0,132,21532
fc1a1cd2d37a9100a80a496108f693ecebc59e14-dirty,1,burst,80,24,21,1351,22267,80,24,116,24,22330,18942,0,116,18942
fc1a1cd2d37a9100a80a496108f693ecebc59e14-dirty,1,burst,80,24,22,1357,26719,80,24,116,24,26782,18942,0,116,18942
fc1a1cd2d37a9100a80a496108f693ecebc59e14-dirty,1,burst,80,24,23,1364,25924,80,24,75,24,25987,12318,0,75,12318
fc1a1cd2d37a9100a80a496108f693ecebc59e14-dirty,1,burst,80,24,24,1371,22903,80,24,84,24,22966,13776,0,84,13776
fc1a1cd2d37a9100a80a496108f693ecebc59e14-dirty,1,burst,80,24,25,1379,20677,80,24,144,24,20740,23466,0,144,23466
fc1a1cd2d37a9100a80a496108f693ecebc59e14-dirty,1,burst,80,24,26,1386,25924,80,24,115,23,25813,18778,0,115,18778
fc1a1cd2d37a9100a80a496108f693ecebc59e14-dirty,1,burst,80,24,27,1393,25288,80,24,69,23,25177,11346,0,69,11346
fc1a1cd2d37a9100a80a496108f693ecebc59e14-dirty,1,burst,80,24,28,1400,25924,80,24,92,23,25813,15062,0,92,15062
fc1a1cd2d37a9100a80a496108f693ecebc59e14-dirty,1,burst,80,24,29,1407,25924,80,24,144,24,25987,23466,0,144,23466
fc1a1cd2d37a9100a80a496108f693ecebc59e14-dirty,1,burst,80,24,30,1414,25288,80,24,96,24,25351,15710,0,96,15710
fc1a1cd2d37a9100a80a496108f693ecebc59e14-dirty,1,burst,80,24,31,1421,24493,80,24,98,24,24556,16034,0,98,16034
fc1a1cd2d37a9100a80a496108f693ecebc59e14-dirty,1,burst,80,24,32,1428,21949,80,24,70,23,21838,11507,0,70,11507
fc1a1cd2d37a9100a80a496108f693ecebc59e14-dirty,1,burst,80,24,33,1434,26719,80,24,81,24,26782,13290,0,81,13290
fc1a1cd2d37a9100a80a496108f693ecebc59e14-dirty,1,burst,80,24,34,1441,26719,80,24,96,24,26782,15710,0,96,15710
fc1a1cd2d37a9100a80a496108f693ecebc59e14-dirty,1,burst,80,24,35,1448,25765,80,24,98,24,25828,16034,0,98,16034
fc1a1cd2d37a9100a80a496108f693ecebc59e14-dirty,1,burst,80,24,36,1455,22108,80,24,80,24,22171,13123,0,80,13123
fc1a1cd2d37a9100a80a496108f693ecebc59e14-dirty,1,burst,80,24,37,1462,22108,80,24,85,24,22171,13934,0,85,13934
fc1a1cd2d37a9100a80a496108f693ecebc59e14-dirty,1,burst,80,24,38,1469,24493,80,24,92,23,24382,15062,0,92,15062
fc1a1cd2d37a9100a80a496108f693ecebc59e14-dirty,1,burst,80,24,39,1497,25924,80,24,138,23,25813,22494,0,138,22494
fc1a1cd2d37a9100a80a496108f693ecebc59e14-dirty,1,burst,80,24,40,1497,26560,80,24,121,24,26623,19750,0,121,19750
fc1a1cd2d37a9100a80a496108f693ecebc59e14-dirty,1,burst,80,24,41,1497,25924,80,24,111,24,25987,18130,0,111,18130
fc1a1cd2d37a9100a80a496108f693ecebc59e14-dirty,1,burst,80,24,42,1498,25606,80,24,98,24,25669,16034,0,98,16034
fc1a1cd2d37a9100a80a496108f693ecebc59e14-dirty,1,burst,80,24,43,1524,26878,80,24,96,24,26941,15710,0,96,15710
fc1a1cd2d37a9100a80a496108f693ecebc59e14-dirty,1,burst,80,24,44,1525,25288,80,24,120,24,25351,19588,0,120,19588
fc1a1cd2d37a9100a80a496108f693ecebc59e14-dirty,1,burst,80,24,45,1525,25924,80,24,98,24,25987,16034,0,98,16034
fc1a1cd2d37a9100a80a496108f693ecebc59e14-dirty,1,burst,80,24,46,1526,26878,80,24,75,24,26941,12318,0,75,12318
fc1a1cd2d37a9100a80a496108f693ecebc59e14-dirty,1,burst,80,24,47,1531,20677,80,24,121,24,20740,19750,0,121,19750
fc1a1cd2d37a9100a80a496108f693ecebc59e14-dirty,1,burst,80,24,48,1538,25924,80,24,115,23,25813,18778,0,115,18778
fc1a1cd2d37a9100a80a496108f693ecebc59e14-dirty,1,burst,80,24,49,1566,25924,80,24,113,23,25813,18455,0,113,18455
fc1a1cd2d37a9100a80a496108f693ecebc59e14-dirty,1,burst,80,24,50,1566,25924,80,24,60,23,25813,9892,0,60,9892
fc1a1cd2d37a9100a80a496108f693ecebc59e14-dirty,1,burst,80,24,51,1567,25924,80,24,115,23,25813,18778,0,115,18778
fc1a1cd2d37a9100a80a496108f693ecebc59e14-dirty,1,burst,80,24,52,1567,22267,80,24,92,23,22156,15062,0,92,15062
fc1a1cd2d37a9100a80a496108f693ecebc59e14-dirty,1,burst,80,24,53,1573,23062,80,24,115,23,22951,18778,0,115,18778
fc1a1cd2d37a9100a80a496108f693ecebc59e14-dirty,1,burst,80,24,54,1581,24811,80,24,138,23,24700,22494,0,138,22494
fc1a1cd2d37a9100a80a496108f693ecebc59e14-dirty,1,burst,80,24,55,1588,26878,80,24,98,24,26941,16034,0,98,16034
fc1a1cd2d37a9100a80a496108f693ecebc59e14-dirty,1,burst,80,24,56,1594,25924,80,24,98,24,25987,16034,0,98,16034
fc1a1cd2d37a9100a80a496108f693ecebc59e14-dirty,1,burst,80,24,57,1601,18610,80,24,92,23,18499,15062,0,92,15062
fc1a1cd2d37a9100a80a496108f693ecebc59e14-dirty,1,burst,80,24,58,1608,26719,80,24,79,24,26782,12964,0,79,12964
fc1a1cd2d37a9100a80a496108f693ecebc59e14-dirty,1,burst,80,24,59,1615,25765,80,24,144,24,25828,23466,0,144,23466
fc1a1cd2d37a9100a80a496108f693ecebc59e14-dirty,1,burst,80,24,60,1622,25924,80,24,92,23,25813,15062,0,92,15062
fc1a1cd2d37a9100a80a496108f693ecebc59e14-dirty,1,burst,80,24,61,1629,26560,80,24,121,24,26623,19750,0,121,19750
fc1a1cd2d37a9100a80a496108f693ecebc59e14-dirty,1,burst,80,24,62,1636,25924,80,24,98,24,25987,16034,0,98,16034
fc1a1cd2d37a9100a80a496108f693ecebc59e14-dirty,1,burst,80,24,63,1643,18451,80,24,69,23,18340,11346,0,69,11346
fc1a1cd2d37a9100a80a496108f693ecebc59e14-dirty,1,burst,80,24,64,1650,24334,80,24,159,23,24223,25887,0,159,25887
fc1a1cd2d37a9100a80a496108f693ecebc59e14-dirty,1,burst,80,24,65,1657,29581,80,24,115,23,29470,18778,0,115,18778
fc1a1cd2d37a9100a80a496108f693ecebc59e14-dirty,1,burst,80,24,66,1664,24493,80,24,115,23,24382,18778,0,115,18778
fc1a1cd2d37a9100a80a496108f693ecebc59e14-dirty,1,burst,80,24,67,1671,29581,80,24,115,23,29470,18778,0,115,18778
fc1a1cd2d37a9100a80a496108f693ecebc59e14-dirty,1,burst,80,24,68,1678,29422,80,24,115,23,29311,18778,0,115,18778
fc1a1cd2d37a9100a80a496108f693ecebc59e14-dirty,1,burst,80,24,69,1685,22267,80,24,129,23,22156,21040,0,129,21040
fc1a1cd2d37a9100a80a496108f693ecebc59e14-dirty,1,burst,80,24,70,1692,24175,80,24,92,23,24064,15062,0,92,15062
fc1a1cd2d37a9100a80a496108f693ecebc59e14-dirty,1,burst,80,24,71,1699,25924,80,24,69,23,25813,11346,0,69,11346
fc1a1cd2d37a9100a80a496108f693ecebc59e14-dirty,1,burst,80,24,72,1706,26878,80,24,99,24,26941,16196,0,99,16196
fc1a1cd2d37a9100a80a496108f693ecebc59e14-dirty,1,burst,80,24,73,1713,24334,80,24,99,24,24397,16196,0,99,16196
fc1a1cd2d37a9100a80a496108f693ecebc59e14-dirty,1,burst,80,24,74,1721,27991,80,24,115,23,27880,18778,0,115,18778
fc1a1cd2d37a9100a80a496108f693ecebc59e14-dirty,1,burst,80,24,75,1729,29422,80,24,85,23,29311,13931,0,85,13931
fc1a1cd2d37a9100a80a496108f693ecebc59e14-dirty,1,burst,80,24,76,1736,24652,80,24,108,23,24541,17647,0,108,17647
fc1a1cd2d37a9100a80a496108f693ecebc59e14-dirty,1,burst,80,24,77,1744,29581,80,24,115,23,29470,18778,0,115,18778
fc1a1cd2d37a9100a80a496108f693ecebc59e14-dirty,1,burst,80,24,78,1751,27991,80,24,115,23,27880,18778,0,115,18778
fc1a1cd2d37a9100a80a496108f693ecebc59e14-dirty,1,burst,80,24,79,1758,29104,80,24,82,24,29167,13449,0,82,13449
fc1a1cd2d37a9100a80a496108f693ecebc59e14-dirty,1,burst,80,24,80,1765,25924,80,24,122,24,25987,19912,0,122,19912
fc1a1cd2d37a9100a80a496108f693ecebc59e14-dirty,1,burst,80,24,81,1772,29581,80,24,92,23,29470,15062,0,92,15062
fc1a1cd2d37a9100a80a496108f693ecebc59e14-dirty,1,burst,80,24,82,1779,28945,80,24,122,24,29008,19912,0,122,19912
fc1a1cd2d37a9100a80a496108f693ecebc59e14-dirty,1,burst,80,24,83,1786,29581,80,24,99,24,29644,16196,0,99,16196
fc1a1cd2d37a9100a80a496108f693ecebc59e14-dirty,1,burst,80,24,84,1793,29581,80,24,115,23,29470,18778,0,115,18778
fc1a1cd2d37a9100a80a496108f693ecebc59e14-dirty,1,burst,80,24,85,1800,25924,80,24,115,23,25813,18778,0,115,18778
fc1a1cd2d37a9100a80a496108f693ecebc59e14-dirty,1,burst,80,24,86,1808,29581,80,24,92,23,29470,15062,0,92,15062
fc1a1cd2d37a9100a80a496108f693ecebc59e14-dirty,1,burst,80,24,87,1815,29581,80,24,77,23,29470,12638,0,77,12638
fc1a1cd2d37a9100a80a496108f693ecebc59e14-dirty,1,burst,80,24,88,1823,30694,80,24,99,24,30757,16196,0,99,16196
fc1a1cd2d37a9100a80a496108f693ecebc59e14-dirty,1,burst,80,24,89,1831,29104,80,24,96,24,29167,15710,0,96,15710
fc1a1cd2d37a9100a80a496108f693ecebc59e14-dirty,1,burst,80,24,90,1838,29581,80,24,99,24,29644,16196,0,99,16196
fc1a1cd2d37a9100a80a496108f693ecebc59e14-dirty,1,burst,80,24,91,1845,25924,80,24,92,23,25813,15062,0,92,15062
fc1a1cd2d37a9100a80a496108f693ecebc59e14-dirty,1,burst,80,24,92,1852,24334,80,24,92,23,24223,15062,0,92,15062
fc1a1cd2d37a9100a80a496108f693ecebc59e14-dirty,1,burst,80,24,93,1859,30694,80,24,95,24,30757,15552,0,95,15552
fc1a1cd2d37a9100a80a496108f693ecebc59e14-dirty,1,burst,80,24,94,1866,28627,80,24,122,24,28690,19912,0,122,19912
fc1a1cd2d37a9100a80a496108f693ecebc59e14-dirty,1,burst,80,24,95,1874,28468,80,24,115,23,28357,18778,0,115,18778
fc1a1cd2d37a9100a80a496108f693ecebc59e14-dirty,1,burst,80,24,96,1881,29422,80,24,92,23,29311,15062,0,92,15062
fc1a1cd2d37a9100a80a496108f693ecebc59e14-dirty,1,burst,80,24,97,1888,29581,80,24,69,23,29470,11346,0,69,11346
fc1a1cd2d37a9100a80a496108f693ecebc59e14-dirty,1,burst,80,24,98,1895,29422,80,24,92,23,29311,15062,0,92,15062
fc1a1cd2d37a9100a80a496108f693ecebc59e14-dirty,1,burst,80,24,99,1902,29581,80,24,115,23,29470,18778,0,115,18778
fc1a1cd2d37a9100a80a496108f693ecebc59e14-dirty,1,burst,80,24,100,1910,30694,80,24,99,24,30757,16196,0,99,16196
fc1a1cd2d37a9100a80a496108f693ecebc59e14-dirty,1,burst,80,24,101,1917,24334,80,24,99,24,24397,16196,0,99,16196
fc1a1cd2d37a9100a80a496108f693ecebc59e14-dirty,1,burst,80,24,102,1924,25924,80,24,82,23,25813,13446,0,82,13446
fc1a1cd2d37a9100a80a496108f693ecebc59e14-dirty,1,burst,80,24,103,1931,29422,80,24,69,23,29311,11346,0,69,11346
fc1a1cd2d37a9100a80a496108f693ecebc59e14-dirty,1,burst,80,24,104,1938,29581,80,24,115,23,29470,18778,0,115,18778
fc1a1cd2d37a9100a80a496108f693ecebc59e14-dirty,1,burst,80,24,105,1945,29581,80,24,69,23,29470,11346,0,69,11346
fc1a1cd2d37a9100a80a496108f693ecebc59e14-dirty,1,burst,80,24,106,1952,25924,80,24,115,23,25813,18778,0,115,18778
fc1a1cd2d37a9100a80a496108f693ecebc59e14-dirty,1,burst,80,24,107,1959,29581,80,24,92,23,29470,15062,0,92,15062
fc1a1cd2d37a9100a80a496108f693ecebc59e14-dirty,1,burst,80,24,108,1967,30535,80,24,122,24,30598,19912,0,122,19912
fc1a1cd2d37a9100a80a496108f693ecebc59e14-dirty,1,burst,80,24,109,1974,29422,80,24,145,24,29485,23628,0,145,23628
fc1a1cd2d37a9100a80a496108f693ecebc59e14-dirty,1,burst,80,24,110,1981,30535,80,24,76,24,30598,12480,0,76,12480
fc1a1cd2d37a9100a80a496108f693ecebc59e14-dirty,1,burst,80,24,111,1988,28627,80,24,99,24,28690,16196,0,99,16196
fc1a1cd2d37a9100a80a496108f693ecebc59e14-dirty,1,burst,80,24,112,1995,30694,80,24,122,24,30757,19912,0,122,19912
fc1a1cd2d37a9100a80a496108f693ecebc59e14-dirty,1,burst,80,24,113,2002,25765,80,24,99,24,25828,16196,0,99,16196
fc1a1cd2d37a9100a80a496108f693ecebc59e14-dirty,1,burst,80,24,114,2009,29899,80,24,122,24,29962,19912,0,122,19912
fc1a1cd2d37a9100a80a496108f693ecebc59e14-dirty,1,burst,80,24,115,2016,29422,80,24,99,24,29485,16196,0,99,16196
fc1a1cd2d37a9100a80a496108f693ecebc59e14-dirty,1,burst,80,24,116,2023,29422,80,24,92,23,29311,15062,0,92,15062
fc1a1cd2d37a9100a80a496108f693ecebc59e14-dirty,1,burst,80,24,117,2031,30535,80,24,87,24,30598,14261,0,87,14261
fc1a1cd2d37a9100a80a496108f693ecebc59e14-dirty,1,burst,80,24,118,2041,28786,80,24,108,24,28849,17645,0,108,17645
fc1a1cd2d37a9100a80a496108f693ecebc59e14-dirty,1,burst,80,24,119,2047,30376,80,24,145,24,30439,23628,0,145,23628
fc1a1cd2d37a9100a80a496108f693ecebc59e14-dirty,1,burst,80,24,120,2054,29263,80,24,93,24,29326,15226,0,93,15226
fc1a1cd2d37a9100a80a496108f693ecebc59e14-dirty,1,burst,80,24,121,2061,25924,80,24,115,23,25813,18778,0,115,18778
fc1a1cd2d37a9100a80a496108f693ecebc59e14-dirty,1,burst,80,24,122,2068,29581,80,24,92,23,29470,15062,0,92,15062
fc1a1cd2d37a9100a80a496108f693ecebc59e14-dirty,1,burst,80,24,123,2075,29422,80,24,92,23,29311,15062,0,92,15062
fc1a1cd2d37a9100a80a496108f693ecebc59e14-dirty,1,burst,80,24,124,2082,21313,80,24,138,23,21202,22494,0,138,22494
fc1a1cd2d37a9100a80a496108f693ecebc59e14-dirty,1,burst,80,24,125,2090,26083,80,24,122,24,26146,19912,0,122,19912
fc1a1cd2d37a9100a80a496108f693ecebc59e14-dirty,1,burst,80,24,126,2097,26719,80,24,96,24,26782,15710,0,96,15710
fc1a1cd2d37a9100a80a496108f693ecebc59e14-dirty,1,burst,80,24,127,2126,21631,80,24,99,24,21694,16196,0,99,16196
fc1a1cd2d37a9100a80a496108f693ecebc59e14-dirty,1,burst,80,24,128,2126,25924,80,24,92,23,25813,15062,0,92,15062
fc1a1cd2d37a9100a80a496108f693ecebc59e14-dirty,1,burst,80,24,129,2126,29581,80,24,115,23,29470,18778,0,115,18778
fc1a1cd2d37a9100a80a496108f693ecebc59e14-dirty,1,burst,80,24,130,2127,23062,80,24,122,24,23125,19912,0,122,19912
fc1a1cd2d37a9100a80a496108f693ecebc59e14-dirty,1,burst,80,24,131,2133,28945,80,24,108,24,29008,17650,0,108,17650
fc1a1cd2d37a9100a80a496108f693ecebc59e14-dirty,1,burst,80,24,132,2140,29263,80,24,79,24,29326,12965,0,79,12965
fc1a1cd2d37a9100a80a496108f693ecebc59e14-dirty,1,burst,80,24,133,2148,30694,80,24,99,24,30757,16196,0,99,16196
fc1a1cd2d37a9100a80a496108f693ecebc59e14-dirty,1,burst,80,24,134,2154,29581,80,24,122,24,29644,19912,0,122,19912
fc1a1cd2d37a9100a80a496108f693ecebc59e14-dirty,1,burst,80,24,135,2162,30376,80,24,99,24,30439,16196,0,99,16196
fc1a1cd2d37a9100a80a496108f693ecebc59e14-dirty,1,burst,80,24,136,2169,30376,80,24,96,24,30439,15710,0,96,15710
fc1a1cd2d37a9100a80a496108f693ecebc59e14-dirty,1,burst,80,24,137,2176,30694,80,24,72,24,30757,11832,0,72,11832
fc1a1cd2d37a9100a80a496108f693ecebc59e14-dirty,1,burst,80,24,138,2183,30694,80,24,120,24,30757,19588,0,120,19588
fc1a1cd2d37a9100a80a496108f693ecebc59e14-dirty,1,burst,80,24,139,2190,29581,80,24,122,24,29644,19912,0,122,19912
fc1a1cd2d37a9100a80a496108f693ecebc59e14-dirty,1,burst,80,24,140,2197,25765,80,24,92,23,25654,15062,0,92,15062
fc1a1cd2d37a9100a80a496108f693ecebc59e14-dirty,1,burst,80,24,141,2204,24493,80,24,115,23,24382,18778,0,115,18778
fc1a1cd2d37a9100a80a496108f693ecebc59e14-dirty,1,burst,80,24,142,2212,27991,80,24,92,23,27880,15062,0,92,15062
fc1a1cd2d37a9100a80a496108f693ecebc59e14-dirty,1,burst,80,24,143,2220,26719,80,24,108,24,26782,17650,0,108,17650
fc1a1cd2d37a9100a80a496108f693ecebc59e14-dirty,1,burst,80,24,144,2227,25765,80,24,122,24,25828,19912,0,122,19912
fc1a1cd2d37a9100a80a496108f693ecebc59e14-dirty,1,burst,80,24,145,2235,29581,80,24,113,23,29470,18455,0,113,18455
fc1a1cd2d37a9100a80a496108f693ecebc59e14-dirty,1,burst,80,24,146,2242,25924,80,24,92,23,25813,15062,0,92,15062
fc1a1cd2d37a9100a80a496108f693ecebc59e14-dirty,1,burst,80,24,147,2249,28945,80,24,99,24,29008,16196,0,99,16196
fc1a1cd2d37a9100a80a496108f693ecebc59e14-dirty,1,burst,80,24,148,2256,28945,80,24,145,24,29008,23628,0,145,23628
fc1a1cd2d37a9100a80a496108f693ecebc59e14-dirty,1,burst,80,24,149,2263,29581,80,24,99,24,29644,16196,0,99,16196
fc1a1cd2d37a9100a80a496108f693ecebc59e14-dirty,1,burst,80,24,150,2271,29422,80,24,122,24,29485,19912,0,122,19912
fc1a1cd2d37a9100a80a496108f693ecebc59e14-dirty,1,burst,80,24,151,2278,26878,80,24,99,24,26941,16196,0,99,16196
fc1a1cd2d37a9100a80a496108f693ecebc59e14-dirty,1,burst,80,24,152,2285,26878,80,24,120,24,26941,19588,0,120,19588
fc1a1cd2d37a9100a80a496108f693ecebc59e14-dirty,1,burst,80,24,153,2292,30376,80,24,120,24,30439,19588,0,120,19588
fc1a1cd2d37a9100a80a496108f693ecebc59e14-dirty,1,burst,80,24,154,2299,29581,80,24,99,24,29644,16196,0,99,16196
fc1a1cd2d37a9100a80a496108f693ecebc59e14-dirty,1,burst,80,24,155,2306,29581,80,24,113,23,29470,18455,0,113,18455
fc1a1cd2d37a9100a80a496108f693ecebc59e14-dirty,1,burst,80,24,156,2313,29422,80,24,115,23,29311,18778,0,115,18778
fc1a1cd2d37a9100a80a496108f693ecebc59e14-dirty,1,burst,80,24,157,2321,22267,80,24,92,23,22156,15062,0,92,15062
fc1a1cd2d37a9100a80a496108f693ecebc59e14-dirty,1,burst,80,24,158,2328,28468,80,24,115,23,28357,18778,0,115,18778
fc1a1cd2d37a9100a80a496108f693ecebc59e14-dirty,1,burst,80,24,159,2335,24970,80,24,46,23,24859,7630,0,46,7630
fc1a1cd2d37a9100a80a496108f693ecebc59e14-dirty,1,burst,80,24,160,2342,29581,80,24,115,23,29470,18778,0,115,18778
fc1a1cd2d37a9100a80a496108f693ecebc59e14-dirty,1,burst,80,24,161,2349,28309,80,24,69,23,28198,11346,0,69,11346
fc1a1cd2d37a9100a80a496108f693ecebc59e14-dirty,1,burst,80,24,162,2356,30694,80,24,99,24,30757,16196,0,99,16196
fc1a1cd2d37a9100a80a496108f693ecebc59e14-dirty,1,burst,80,24,163,2363,25924,80,24,164,24,25987,26698,0,164,26698
fc1a1cd2d37a9100a80a496108f693ecebc59e14-dirty,1,burst,80,24,164,2371,28468,80,24,92,23,28357,15062,0,92,15062
fc1a1cd2d37a9100a80a496108f693ecebc59e14-dirty,1,burst,80,24,165,2379,25924,80,24,115,23,25813,18778,0,115,18778
fc1a1cd2d37a9100a80a496108f693ecebc59e14-dirty,1,burst,80,24,166,2387,29581,80,24,115,23,29470,18778,0,115,18778
fc1a1cd2d37a9100a80a496108f693ecebc59e14-dirty,1,burst,80,24,167,2394,29104,80,24,122,24,29167,19912,0,122,19912
fc1a1cd2d37a9100a80a496108f693ecebc59e14-dirty,1,burst,80,24,168,2401,26878,80,24,125,24,26941,20396,0,125,20396
fc1a1cd2d37a9100a80a496108f693ecebc59e14-dirty,1,burst,80,24,169,2408,30694,80,24,117,24,30757,19103,0,117,19103
fc1a1cd2d37a9100a80a496108f693ecebc59e14-dirty,1,burst,80,24,170,2415,25288,80,24,96,24,25351,15710,0,96,15710
fc1a1cd2d37a9100a80a496108f693ecebc59e14-dirty,1,burst,80,24,171,2422,29422,80,24,94,24,29485,15386,0,94,15386
fc1a1cd2d37a9100a80a496108f693ecebc59e14-dirty,1,burst,80,24,172,2430,30535,80,24,99,24,30598,16196,0,99,16196
fc1a1cd2d37a9100a80a496108f693ecebc59e14-dirty,1,burst,80,24,173,2437,27514,80,24,122,24,27577,19912,0,122,19912
fc1a1cd2d37a9100a80a496108f693ecebc59e14-dirty,1,burst,80,24,174,2444,30535,80,24,99,24,30598,16196,0,99,16196
fc1a1cd2d37a9100a80a496108f693ecebc59e14-dirty,1,burst,80,24,175,2451,25924,80,24,99,24,25987,16196,0,99,16196
fc1a1cd2d37a9100a80a496108f693ecebc59e14-dirty,1,burst,80,24,176,2459,29263,80,24,67,23,29152,11022,0,67,11022
fc1a1cd2d37a9100a80a496108f693ecebc59e14-dirty,1,burst,80,24,177,2466,29581,80,24,115,23,29470,18778,0,115,18778
fc1a1cd2d37a9100a80a496108f693ecebc59e14-dirty,1,burst,80,24,178,2473,25924,80,24,115,23,25813,18778,0,115,18778
fc1a1cd2d37a9100a80a496108f693ecebc59e14-dirty,1,burst,80,24,179,2501,22267,80,24,92,23,22156,15062,0,92,15062
fc1a1cd2d37a9100a80a496108f693ecebc59e14-dirty,1,burst,80,24,180,2502,25765,80,24,83,23,25654,13604,0,83,13604
fc1a1cd2d37a9100a80a496108f693ecebc59e14-dirty,1,burst,80,24,181,2502,18292,80,24,87,23,18181,14254,0,87,14254
fc1a1cd2d37a9100a80a496108f693ecebc59e14-dirty,1,burst,80,24,182,2503,26878,80,24,76,24,26941,12480,0,76,12480
fc1a1cd2d37a9100a80a496108f693ecebc59e14-dirty,1,burst,80,24,183,2509,29581,80,24,135,24,29644,22012,0,135,22012
fc1a1cd2d37a9100a80a496108f693ecebc59e14-dirty,1,burst,80,24,184,2516,29581,80,24,69,23,29470,11346,0,69,11346
fc1a1cd2d37a9100a80a496108f693ecebc59e14-dirty,1,burst,80,24,185,2523,29104,80,24,99,24,29167,16196,0,99,16196
fc1a1cd2d37a9100a80a496108f693ecebc59e14-dirty,1,burst,80,24,186,2531,29422,80,24,122,24,29485,19912,0,122,19912
fc1a1cd2d37a9100a80a496108f693ecebc59e14-dirty,1,burst,80,24,187,2538,25447,80,24,115,23,25336,18778,0,115,18778
fc1a1cd2d37a9100a80a496108f693ecebc59e14-dirty,1,burst,80,24,188,2545,29581,80,24,92,23,29470,15062,0,92,15062
fc1a1cd2d37a9100a80a496108f693ecebc59e14-dirty,1,burst,80,24,189,2552,25765,80,24,115,23,25654,18778,0,115,18778
fc1a1cd2d37a9100a80a496108f693ecebc59e14-dirty,1,burst,80,24,190,2559,29422,80,24,92,23,29311,15062,0,92,15062
fc1a1cd2d37a9100a80a496108f693ecebc59e14-dirty,1,burst,80,24,191,2566,29581,80,24,115,23,29470,18778,0,115,18778
fc1a1cd2d37a9100a80a496108f693ecebc59e14-dirty,1,burst,80,24,192,2573,30694,80,24,122,24,30757,19912,0,122,19912
fc1a1cd2d37a9100a80a496108f693ecebc59e14-dirty,1,burst,80,24,193,2580,25288,80,24,96,24,25351,15710,0,96,15710
fc1a1cd2d37a9100a80a496108f693ecebc59e14-dirty,1,burst,80,24,194,2588,28468,80,24,78,24,28531,12803,0,78,12803
fc1a1cd2d37a9100a80a496108f693ecebc59e14-dirty,1,burst,80,24,195,2595,26878,80,24,122,24,26941,19912,0,122,19912
fc1a1cd2d37a9100a80a496108f693ecebc59e14-dirty,1,burst,80,24,196,2603,29581,80,24,76,24,29644,12480,0,76,12480
fc1a1cd2d37a9100a80a496108f693ecebc59e14-dirty,1,burst,80,24,197,2610,29581,80,24,138,23,29470,22494,0,138,22494
fc1a1cd2d37a9100a80a496108f693ecebc59e14-dirty,1,burst,80,24,198,2617,27196,80,24,111,23,27085,18134,0,111,18134
fc1a1cd2d37a9100a80a496108f693ecebc59e14-dirty,1,burst,80,24,199,2625,28786,80,24,88,24,28849,14417,0,88,14417
fc1a1cd2d37a9100a80a496108f693ecebc59e14-dirty,1,burst,80,24,200,2632,29899,80,24,72,24,29962,11832,0,72,11832
fc1a1cd2d37a9100a80a496108f693ecebc59e14-dirty,1,burst,80,24,201,2639,22267,80,24,93,24,22330,15226,0,93,15226
fc1a1cd2d37a9100a80a496108f693ecebc59e14-dirty,1,burst,80,24,202,2647,29899,80,24,145,24,29962,23628,0,145,23628
fc1a1cd2d37a9100a80a496108f693ecebc59e14-dirty,1,burst,80,24,203,2654,30694,80,24,106,24,30757,17325,0,106,17325
fc1a1cd2d37a9100a80a496108f693ecebc59e14-dirty,1,burst,80,24,204,2662,29581,80,24,99,24,29644,16196,0,99,16196
fc1a1cd2d37a9100a80a496108f693ecebc59e14-dirty,1,burst,80,24,205,2669,30535,80,24,122,24,30598,19912,0,122,19912
fc1a1cd2d37a9100a80a496108f693ecebc59e14-dirty,1,burst,80,24,206,2676,29581,80,24,76,24,29644,12480,0,76,12480
fc1a1cd2d37a9100a80a496108f693ecebc59e14-dirty,1,burst,80,24,207,2683,24334,80,24,115,23,24223,18778,0,115,18778
fc1a1cd2d37a9100a80a496108f693ecebc59e14-dirty,1,burst,80,24,208,2690,25288,80,24,76,24,25351,12480,0,76,12480
fc1a1cd2d37a9100a80a496108f693ecebc59e14-dirty,1,burst,80,24,209,2697,29422,80,24,92,24,29485,15062,0,92,15062
fc1a1cd2d37a9100a80a496108f693ecebc59e14-dirty,1,burst,80,24,210,2704,30694,80,24,83,24,30757,13614,0,83,13614
fc1a1cd2d37a9100a80a496108f693ecebc59e14-dirty,1,burst,80,24,211,2712,25924,80,24,84,24,25987,13772,0,84,13772
fc1a1cd2d37a9100a80a496108f693ecebc59e14-dirty,1,burst,80,24,212,2719,29581,80,24,123,23,29470,20070,0,123,20070
fc1a1cd2d37a9100a80a496108f693ecebc59e14-dirty,1,burst,80,24,213,2726,25288,80,24,99,24,25351,16196,0,99,16196
fc1a1cd2d37a9100a80a496108f693ecebc59e14-dirty,1,burst,80,24,214,2733,29422,80,24,99,24,29485,16196,0,99,16196
fc1a1cd2d37a9100a80a496108f693ecebc59e14-dirty,1,burst,80,24,215,2740,29422,80,24,92,23,29311,15062,0,92,15062
fc1a1cd2d37a9100a80a496108f693ecebc59e14-dirty,1,burst,80,24,216,2747,29104,80,24,115,23,28993,18778,0,115,18778
fc1a1cd2d37a9100a80a496108f693ecebc59e14-dirty,1,burst,80,24,217,2754,26878,80,24,122,24,26941,19912,0,122,19912
fc1a1cd2d37a9100a80a496108f693ecebc59e14-dirty,1,burst,80,24,218,2762,27832,80,24,99,24,27895,16196,0,99,16196
fc1a1cd2d37a9100a80a496108f693ecebc59e14-dirty,1,burst,80,24,219,2769,25765,80,24,89,23,25654,14576,0,89,14576
fc1a1cd2d37a9100a80a496108f693ecebc59e14-dirty,1,burst,80,24,220,2776,30694,80,24,99,24,30757,16196,0,99,16196
fc1a1cd2d37a9100a80a496108f693ecebc59e14-dirty,1,burst,80,24,221,2783,27037,80,24,117,24,27100,19107,0,117,19107
fc1a1cd2d37a9100a80a496108f693ecebc59e14-dirty,1,burst,80,24,222,2791,29422,80,24,110,23,29311,17968,0,110,17968
fc1a1cd2d37a9100a80a496108f693ecebc59e14-dirty,1,burst,80,24,223,2798,29740,80,24,99,24,29803,16196,0,99,16196
fc1a1cd2d37a9100a80a496108f693ecebc59e14-dirty,1,burst,80,24,224,2805,29422,80,24,122,24,29485,19912,0,122,19912
fc1a1cd2d37a9100a80a496108f693ecebc59e14-dirty,1,burst,80,24,225,2813,29581,80,24,69,23,29470,11346,0,69,11346
fc1a1cd2d37a9100a80a496108f693ecebc59e14-dirty,1,burst,80,24,226,2820,25765,80,24,115,23,25654,18778,0,115,18778
fc1a1cd2d37a9100a80a496108f693ecebc59e14-dirty,1,burst,80,24,227,2827,29581,80,24,122,23,29470,19909,0,122,19909
fc1a1cd2d37a9100a80a496108f693ecebc59e14-dirty,1,burst,80,24,228,2834,29104,80,24,99,24,29167,16196,0,99,16196
fc1a1cd2d37a9100a80a496108f693ecebc59e14-dirty,1,burst,80,24,229,2842,25924,80,24,76,24,25987,12480,0,76,12480
fc1a1cd2d37a9100a80a496108f693ecebc59e14-dirty,1,burst,80,24,230,2849,30694,80,24,76,24,30757,12480,0,76,12480
fc1a1cd2d37a9100a80a496108f693ecebc59e14-dirty,1,burst,80,24,231,2856,26878,80,24,144,24,26941,23466,0,144,23466
fc1a1cd2d37a9100a80a496108f693ecebc59e14-dirty,1,burst,80,24,232,2863,22267,80,24,99,24,22330,16196,0,99,16196
fc1a1cd2d37a9100a80a496108f693ecebc59e14-dirty,1,burst,80,24,233,2870,21154,80,24,69,23,21043,11346,0,69,11346
fc1a1cd2d37a9100a80a496108f693ecebc59e14-dirty,1,burst,80,24,234,2877,23062,80,24,99,24,23125,16196,0,99,16196
fc1a1cd2d37a9100a80a496108f693ecebc59e14-dirty,1,burst,80,24,235,2884,25765,80,24,122,24,25828,19912,0,122,19912
fc1a1cd2d37a9100a80a496108f693ecebc59e14-dirty,1,burst,80,24,236,2892,29581,80,24,125,23,29470,20394,0,125,20394
fc1a1cd2d37a9100a80a496108f693ecebc59e14-dirty,1,burst,80,24,237,2899,25447,80,24,92,23,25336,15062,0,92,15062
fc1a1cd2d37a9100a80a496108f693ecebc59e14-dirty,1,burst,80,24,238,2906,28945,80,24,92,23,28834,15062,0,92,15062
fc1a1cd2d37a9100a80a496108f693ecebc59e14-dirty,1,burst,80,24,239,2913,29581,80,24,92,23,29470,15062,0,92,15062
fc1a1cd2d37a9100a80a496108f693ecebc59e14-dirty,1,burst,80,24,240,2921,29581,80,24,69,23,29470,11346,0,69,11346
fc1a1cd2d37a9100a80a496108f693ecebc59e14-dirty,1,burst,80,24,241,2928,30694,80,24,122,24,30757,19912,0,122,19912
fc1a1cd2d37a9100a80a496108f693ecebc59e14-dirty,1,burst,80,24,242,2935,27991,80,24,122,24,28054,19912,0,122,19912
fc1a1cd2d37a9100a80a496108f693ecebc59e14-dirty,1,burst,80,24,243,2942,25924,80,24,92,23,25813,15062,0,92,15062
fc1a1cd2d37a9100a80a496108f693ecebc59e14-dirty,1,burst,80,24,244,2949,25924,80,24,115,23,25813,18778,0,115,18778
fc1a1cd2d37a9100a80a496108f693ecebc59e14-dirty,1,burst,80,24,245,2956,29581,80,24,92,23,29470,15062,0,92,15062
fc1a1cd2d37a9100a80a496108f693ecebc59e14-dirty,1,burst,80,24,246,2964,29422,80,24,115,23,29311,18778,0,115,18778
fc1a1cd2d37a9100a80a496108f693ecebc59e14-dirty,1,burst,80,24,247,2971,29581,80,24,115,23,29470,18778,0,115,18778
fc1a1cd2d37a9100a80a496108f693ecebc59e14-dirty,1,burst,80,24,248,2978,28945,80,24,92,23,28834,15062,0,92,15062
fc1a1cd2d37a9100a80a496108f693ecebc59e14-dirty,1,burst,80,24,249,2985,25924,80,24,92,23,25813,15062,0,92,15062
fc1a1cd2d37a9100a80a496108f693ecebc59e14-dirty,1,burst,80,24,250,2992,29899,80,24,99,24,29962,16196,0,99,16196
fc1a1cd2d37a9100a80a496108f693ecebc59e14-dirty,1,burst,80,24,251,2999,26242,80,24,123,24,26305,20077,0,123,20077
fc1a1cd2d37a9100a80a496108f693ecebc59e14-dirty,1,burst,80,24,252,3006,27991,80,24,105,23,27880,17158,0,105,17158
fc1a1cd2d37a9100a80a496108f693ecebc59e14-dirty,1,burst,80,24,253,3014,29581,80,24,92,23,29470,15062,0,92,15062
fc1a1cd2d37a9100a80a496108f693ecebc59e14-dirty,1,burst,80,24,254,3021,29581,80,24,74,23,29470,12154,0,74,12154
fc1a1cd2d37a9100a80a496108f693ecebc59e14-dirty,1,burst,80,24,255,3028,25924,80,24,92,23,25813,15062,0,92,15062
fc1a1cd2d37a9100a80a496108f693ecebc59e14-dirty,1,burst,80,24,256,3035,30694,80,24,145,24,30757,23628,0,145,23628
fc1a1cd2d37a9100a80a496108f693ecebc59e14-dirty,1,burst,80,24,257,3043,29581,80,24,116,24,29644,18942,0,116,18942
fc1a1cd2d37a9100a80a496108f693ecebc59e14-dirty,1,burst,80,24,258,3049,29104,80,24,122,24,29167,19912,0,122,19912
fc1a1cd2d37a9100a80a496108f693ecebc59e14-dirty,1,burst,80,24,259,3056,29422,80,24,76,24,29485,12480,0,76,12480
fc1a1cd2d37a9100a80a496108f693ecebc59e14-dirty,1,burst,80,24,260,3063,27991,80,24,92,23,27880,15062,0,92,15062
fc1a1cd2d37a9100a80a496108f693ecebc59e14-dirty,1,burst,80,24,261,3070,18610,80,24,115,23,18499,18778,0,115,18778
fc1a1cd2d37a9100a80a496108f693ecebc59e14-dirty,1,burst,80,24,262,3075,16861,80,24,52,24,16924,8602,0,52,8602
fc1a1cd2d37a9100a80a496108f693ecebc59e14-dirty,2,burst,80,24,1,2,17179,80,24,1,1,848,360,0,1,360
fc1a1cd2d37a9100a80a496108f693ecebc59e14-dirty,2,burst,80,24,2,102,17338,80,24,1,1,1007,360,0,1,360
fc1a1cd2d37a9100a80a496108f693ecebc59e14-dirty,2,burst,80,24,3,202,17497,80,24,1,1,1166,360,0,1,360
fc1a1cd2d37a9100a80a496108f693ecebc59e14-dirty,2,burst,80,24,4,303,17497,80,24,0,0,199,199,0,0,199
fc1a1cd2d37a9100a80a496108f693ecebc59e14-dirty,2,burst,80,24,5,403,17815,80,24,1,1,1484,360,0,1,360
fc1a1cd2d37a9100a80a496108f693ecebc59e14-dirty,2,burst,80,24,6,504,17815,80,24,0,0,199,199,0,0,199
fc1a1cd2d37a9100a80a496108f693ecebc59e14-dirty,2,burst,80,24,7,604,18133,80,24,1,1,1802,360,0,1,360
fc1a1cd2d37a9100a80a496108f693ecebc59e14-dirty,2,burst,80,24,8,704,18293,80,24,1,1,1962,361,0,1,361
fc1a1cd2d37a9100a80a496108f693ecebc59e14-dirty,2,burst,80,24,9,805,18293,80,24,1,1,1962,362,0,1,362
fc1a1cd2d37a9100a80a496108f693ecebc59e14-dirty,2,burst,80,24,10,900,18293,80,24,1,1,1962,362,0,1,362
fc1a1cd2d37a9100a80a496108f693ecebc59e14-dirty,2,burst,80,24,11,1041,18293,80,24,1,1,1962,362,0,1,362
fc1a1cd2d37a9100a80a496108f693ecebc59e14-dirty,2,burst,80,24,12,1101,18293,80,24,1,1,1962,362,0,1,362
fc1a1cd2d37a9100a80a496108f693ecebc59e14-dirty,2,burst,80,24,13,1202,18293,80,24,1,1,1962,362,0,1,362
fc1a1cd2d37a9100a80a496108f693ecebc59e14-dirty,2,burst,80,24,14,1302,18769,80,24,163,24,18832,26540,0,163,26540
fc1a1cd2d37a9100a80a496108f693ecebc59e14-dirty,2,burst,80,24,15,1309,18610,80,24,105,24,18673,17159,0,105,17159
fc1a1cd2d37a9100a80a496108f693ecebc59e14-dirty,2,burst,80,24,16,1315,21472,80,24,97,24,21535,15872,0,97,15872
fc1a1cd2d37a9100a80a496108f693ecebc59e14-dirty,2,burst,80,24,17,1343,22267,80,24,97,24,22330,15872,0,97,15872
fc1a1cd2d37a9100a80a496108f693ecebc59e14-dirty,2,burst,80,24,18,1343,20995,80,24,79,23,20884,12961,0,79,12961
fc1a1cd2d37a9100a80a496108f693ecebc59e14-dirty,2,burst,80,24,19,1344,22267,80,24,109,23,22156,17809,0,109,17809
fc1a1cd2d37a9100a80a496108f693ecebc59e14-dirty,2,burst,80,24,20,1344,22267,80,24,126,23,22156,20556,0,126,20556
fc1a1cd2d37a9100a80a496108f693ecebc59e14-dirty,2,burst,80,24,21,1372,24652,80,24,117,24,24715,19102,0,117,19102
fc1a1cd2d37a9100a80a496108f693ecebc59e14-dirty,2,burst,80,24,22,1372,21472,80,24,97,24,21535,15872,0,97,15872
fc1a1cd2d37a9100a80a496108f693ecebc59e14-dirty,2,burst,80,24,23,1373,25924,80,24,98,24,25987,16034,0,98,16034
fc1a1cd2d37a9100a80a496108f693ecebc59e14-dirty,2,burst,80,24,24,1373,25765,80,24,115,23,25654,18778,0,115,18778
fc1a1cd2d37a9100a80a496108f693ecebc59e14-dirty,2,burst,80,24,25,1379,25924,80,24,115,23,25813,18778,0,115,18778
fc1a1cd2d37a9100a80a496108f693ecebc59e14-dirty,2,burst,80,24,26,1386,24334,80,24,101,23,24223,16517,0,101,16517
fc1a1cd2d37a9100a80a496108f693ecebc59e14-dirty,2,burst,80,24,27,1393,25765,80,24,72,23,25654,11831,0,72,11831
fc1a1cd2d37a9100a80a496108f693ecebc59e14-dirty,2,burst,80,24,28,1400,25924,80,24,104,23,25813,17001,0,104,17001
fc1a1cd2d37a9100a80a496108f693ecebc59e14-dirty,2,burst,80,24,29,1407,22108,80,24,92,23,21997,15062,0,92,15062
fc1a1cd2d37a9100a80a496108f693ecebc59e14-dirty,2,burst,80,24,30,1414,24493,80,24,138,23,24382,22494,0,138,22494
fc1a1cd2d37a9100a80a496108f693ecebc59e14-dirty,2,burst,80,24,31,1421,23062,80,24,98,24,23125,16034,0,98,16034
fc1a1cd2d37a9100a80a496108f693ecebc59e14-dirty,2,burst,80,24,32,1428,26719,80,24,96,24,26782,15710,0,96,15710
fc1a1cd2d37a9100a80a496108f693ecebc59e14-dirty,2,burst,80,24,33,1435,26719,80,24,98,24,26782,16033,0,98,16033
fc1a1cd2d37a9100a80a496108f693ecebc59e14-dirty,2,burst,80,24,34,1442,25765,80,24,98,24,25828,16034,0,98,16034
fc1a1cd2d37a9100a80a496108f693ecebc59e14-dirty,2,burst,80,24,35,1449,25924,80,24,92,23,25813,15062,0,92,15062
fc1a1cd2d37a9100a80a496108f693ecebc59e14-dirty,2,burst,80,24,36,1456,26719,80,24,98,24,26782,16034,0,98,16034
fc1a1cd2d37a9100a80a496108f693ecebc59e14-dirty,2,burst,80,24,37,1462,20995,80,24,98,24,21058,16034,0,98,16034
fc1a1cd2d37a9100a80a496108f693ecebc59e14-dirty,2,burst,80,24,38,1470,25924,80,24,92,23,25813,15062,0,92,15062
fc1a1cd2d37a9100a80a496108f693ecebc59e14-dirty,2,burst,80,24,39,1477,26719,80,24,124,24,26782,20236,0,124,20236
fc1a1cd2d37a9100a80a496108f693ecebc59e14-dirty,2,burst,80,24,40,1484,20677,80,24,121,24,20740,19750,0,121,19750
fc1a1cd2d37a9100a80a496108f693ecebc59e14-dirty,2,burst,80,24,41,1491,25924,80,24,115,23,25813,18778,0,115,18778
fc1a1cd2d37a9100a80a496108f693ecebc59e14-dirty,2,burst,80,24,42,1498,22903,80,24,107,23,22792,17490,0,107,17490
fc1a1cd2d37a9100a80a496108f693ecebc59e14-dirty,2,burst,80,24,43,1505,26878,80,24,106,24,26941,17322,0,106,17322
fc1a1cd2d37a9100a80a496108f693ecebc59e14-dirty,2,burst,80,24,44,1512,26878,80,24,117,24,26941,19103,0,117,19103
fc1a1cd2d37a9100a80a496108f693ecebc59e14-dirty,2,burst,80,24,45,1519,26719,80,24,72,24,26782,11832,0,72,11832
fc1a1cd2d37a9100a80a496108f693ecebc59e14-dirty,2,burst,80,24,46,1525,25924,80,24,75,24,25987,12318,0,75,12318
fc1a1cd2d37a9100a80a496108f693ecebc59e14-dirty,2,burst,80,24,47,1532,22267,80,24,115,23,22156,18778,0,115,18778
fc1a1cd2d37a9100a80a496108f693ecebc59e14-dirty,2,burst,80,24,48,1539,25924,80,24,92,23,25813,15062,0,92,15062
fc1a1cd2d37a9100a80a496108f693ecebc59e14-dirty,2,burst,80,24,49,1546,25765,80,24,89,23,25654,14579,0,89,14579
fc1a1cd2d37a9100a80a496108f693ecebc59e14-dirty,2,burst,80,24,50,1553,25924,80,24,92,23,25813,15062,0,92,15062
fc1a1cd2d37a9100a80a496108f693ecebc59e14-dirty,2,burst,80,24,51,1560,22426,80,24,93,24,22489,15224,0,93,15224
fc1a1cd2d37a9100a80a496108f693ecebc59e14-dirty,2,burst,80,24,52,1567,26878,80,24,106,24,26941,17326,0,106,17326
fc1a1cd2d37a9100a80a496108f693ecebc59e14-dirty,2,burst,80,24,53,1574,25924,80,24,96,24,25987,15710,0,96,15710
fc1a1cd2d37a9100a80a496108f693ecebc59e14-dirty,2,burst,80,24,54,1581,23062,80,24,120,24,23125,19588,0,120,19588
fc1a1cd2d37a9100a80a496108f693ecebc59e14-dirty,2,burst,80,24,55,1588,25924,80,24,98,24,25987,16034,0,98,16034
fc1a1cd2d37a9100a80a496108f693ecebc59e14-dirty,2,burst,80,24,56,1595,25924,80,24,69,23,25813,11346,0,69,11346
fc1a1cd2d37a9100a80a496108f693ecebc59e14-dirty,2,burst,80,24,57,1602,17656,80,24,121,24,17719,19750,0,121,19750
fc1a1cd2d37a9100a80a496108f693ecebc59e14-dirty,2,burst,80,24,58,1608,22108,80,24,121,24,22171,19750,0,121,19750
fc1a1cd2d37a9100a80a496108f693ecebc59e14-dirty,2,burst,80,24,59,1615,25765,80,24,106,23,25654,17323,0,106,17323
fc1a1cd2d37a9100a80a496108f693ecebc59e14-dirty,2,burst,80,24,60,1622,25765,80,24,92,23,25654,15062,0,92,15062
fc1a1cd2d37a9100a80a496108f693ecebc59e14-dirty,2,burst,80,24,61,1630,21472,80,24,121,24,21535,19750,0,121,19750
fc1a1cd2d37a9100a80a496108f693ecebc59e14-dirty,2,burst,80,24,62,1637,25765,80,24,121,24,25828,19750,0,121,19750
fc1a1cd2d37a9100a80a496108f693ecebc59e14-dirty,2,burst,80,24,63,1644,22267,80,24,92,23,22156,15062,0,92,15062
fc1a1cd2d37a9100a80a496108f693ecebc59e14-dirty,2,burst,80,24,64,1651,25765,80,24,136,23,25654,22171,0,136,22171
fc1a1cd2d37a9100a80a496108f693ecebc59e14-dirty,2,burst,80,24,65,1658,27991,80,24,92,23,27880,15062,0,92,15062
fc1a1cd2d37a9100a80a496108f693ecebc59e14-dirty,2,burst,80,24,66,1679,28786,80,24,69,23,28675,11346,0,69,11346
fc1a1cd2d37a9100a80a496108f693ecebc59e14-dirty,2,burst,80,24,67,1680,25924,80,24,113,23,25813,18455,0,113,18455
fc1a1cd2d37a9100a80a496108f693ecebc59e14-dirty,2,burst,80,24,68,1681,30535,80,24,118,24,30598,19266,0,118,19266
fc1a1cd2d37a9100a80a496108f693ecebc59e14-dirty,2,burst,80,24,69,1708,25924,80,24,122,24,25987,19912,0,122,19912
fc1a1cd2d37a9100a80a496108f693ecebc59e14-dirty,2,burst,80,24,70,1709,26878,80,24,76,24,26941,12480,0,76,12480
fc1a1cd2d37a9100a80a496108f693ecebc59e14-dirty,2,burst,80,24,71,1709,25924,80,24,122,24,25987,19912,0,122,19912
fc1a1cd2d37a9100a80a496108f693ecebc59e14-dirty,2,burst,80,24,72,1710,22267,80,24,92,23,22156,15062,0,92,15062
fc1a1cd2d37a9100a80a496108f693ecebc59e14-dirty,2,burst,80,24,73,1716,25924,80,24,95,24,25987,15548,0,95,15548
fc1a1cd2d37a9100a80a496108f693ecebc59e14-dirty,2,burst,80,24,74,1724,30694,80,24,144,24,30757,23466,0,144,23466
fc1a1cd2d37a9100a80a496108f693ecebc59e14-dirty,2,burst,80,24,75,1731,29581,80,24,122,24,29644,19912,0,122,19912
fc1a1cd2d37a9100a80a496108f693ecebc59e14-dirty,2,burst,80,24,76,1738,29581,80,24,92,23,29470,15062,0,92,15062
fc1a1cd2d37a9100a80a496108f693ecebc59e14-dirty,2,burst,80,24,77,1746,30535,80,24,99,24,30598,16196,0,99,16196
fc1a1cd2d37a9100a80a496108f693ecebc59e14-dirty,2,burst,80,24,78,1753,29581,80,24,99,24,29644,16196,0,99,16196
fc1a1cd2d37a9100a80a496108f693ecebc59e14-dirty,2,burst,80,24,79,1760,29581,80,24,73,23,29470,11992,0,73,11992
fc1a1cd2d37a9100a80a496108f693ecebc59e14-dirty,2,burst,80,24,80,1767,25924,80,24,92,23,25813,15062,0,92,15062
fc1a1cd2d37a9100a80a496108f693ecebc59e14-dirty,2,burst,80,24,81,1774,29422,80,24,69,23,29311,11346,0,69,11346
fc1a1cd2d37a9100a80a496108f693ecebc59e14-dirty,2,burst,80,24,82,1781,30535,80,24,122,24,30598,19912,0,122,19912
fc1a1cd2d37a9100a80a496108f693ecebc59e14-dirty,2,burst,80,24,83,1788,26719,80,24,120,24,26782,19588,0,120,19588
fc1a1cd2d37a9100a80a496108f693ecebc59e14-dirty,2,burst,80,24,84,1795,27991,80,24,114,24,28054,18624,0,114,18624
fc1a1cd2d37a9100a80a496108f693ecebc59e14-dirty,2,burst,80,24,85,1802,30535,80,24,95,24,30598,15550,0,95,15550
fc1a1cd2d37a9100a80a496108f693ecebc59e14-dirty,2,burst,80,24,86,1810,26878,80,24,96,24,26941,15710,0,96,15710
fc1a1cd2d37a9100a80a496108f693ecebc59e14-dirty,2,burst,80,24,87,1817,29581,80,24,99,24,29644,16196,0,99,16196
fc1a1cd2d37a9100a80a496108f693ecebc59e14-dirty,2,burst,80,24,88,1824,29581,80,24,115,23,29470,18778,0,115,18778
fc1a1cd2d37a9100a80a496108f693ecebc59e14-dirty,2,burst,80,24,89,1831,28945,80,24,136,23,28834,22171,0,136,22171
fc1a1cd2d37a9100a80a496108f693ecebc59e14-dirty,2,burst,80,24,90,1838,26878,80,24,120,24,26941,19589,0,120,19589
fc1a1cd2d37a9100a80a496108f693ecebc59e14-dirty,2,burst,80,24,91,1845,29581,80,24,76,24,29644,12480,0,76,12480
fc1a1cd2d37a9100a80a496108f693ecebc59e14-dirty,2,burst,80,24,92,1852,29422,80,24,92,23,29311,15062,0,92,15062
fc1a1cd2d37a9100a80a496108f693ecebc59e14-dirty,2,burst,80,24,93,1859,29740,80,24,122,24,29803,19912,0,122,19912
fc1a1cd2d37a9100a80a496108f693ecebc59e14-dirty,2,burst,80,24,94,1867,26878,80,24,144,24,26941,23466,0,144,23466
fc1a1cd2d37a9100a80a496108f693ecebc59e14-dirty,2,burst,80,24,95,1874,25447,80,24,76,24,25510,12480,0,76,12480
fc1a1cd2d37a9100a80a496108f693ecebc59e14-dirty,2,burst,80,24,96,1881,29581,80,24,92,23,29470,15062,0,92,15062
fc1a1cd2d37a9100a80a496108f693ecebc59e14-dirty,2,burst,80,24,97,1888,25447,80,24,115,23,25336,18778,0,115,18778
fc1a1cd2d37a9100a80a496108f693ecebc59e14-dirty,2,burst,80,24,98,1895,29422,80,24,89,23,29311,14577,0,89,14577
fc1a1cd2d37a9100a80a496108f693ecebc59e14-dirty,2,burst,80,24,99,1902,29581,80,24,115,23,29470,18778,0,115,18778
fc1a1cd2d37a9100a80a496108f693ecebc59e14-dirty,2,burst,80,24,100,1909,25924,80,24,92,23,25813,15062,0,92,15062
fc1a1cd2d37a9100a80a496108f693ecebc59e14-dirty,2,burst,80,24,101,1916,30694,80,24,76,24,30757,12480,0,76,12480
fc1a1cd2d37a9100a80a496108f693ecebc59e14-dirty,2,burst,80,24,102,1923,27673,80,24,120,24,27736,19588,0,120,19588
fc1a1cd2d37a9100a80a496108f693ecebc59e14-dirty,2,burst,80,24,103,1931,29581,80,24,93,23,29470,15224,0,93,15224
fc1a1cd2d37a9100a80a496108f693ecebc59e14-dirty,2,burst,80,24,104,1938,29581,80,24,115,23,29470,18778,0,115,18778
fc1a1cd2d37a9100a80a496108f693ecebc59e14-dirty,2,burst,80,24,105,1945,29581,80,24,59,23,29470,9730,0,59,9730
fc1a1cd2d37a9100a80a496108f693ecebc59e14-dirty,2,burst,80,24,106,1952,24175,80,24,79,23,24064,12966,0,79,12966
fc1a1cd2d37a9100a80a496108f693ecebc59e14-dirty,2,burst,80,24,107,1959,29581,80,24,97,23,29470,15872,0,97,15872
fc1a1cd2d37a9100a80a496108f693ecebc59e14-dirty,2,burst,80,24,108,1966,25765,80,24,92,23,25654,15062,0,92,15062
fc1a1cd2d37a9100a80a496108f693ecebc59e14-dirty,2,burst,80,24,109,1974,30535,80,24,99,24,30598,16196,0,99,16196
fc1a1cd2d37a9100a80a496108f693ecebc59e14-dirty,2,burst,80,24,110,1981,29422,80,24,99,24,29485,16196,0,99,16196
fc1a1cd2d37a9100a80a496108f693ecebc59e14-dirty,2,burst,80,24,111,1988,30694,80,24,122,24,30757,19912,0,122,19912
fc1a1cd2d37a9100a80a496108f693ecebc59e14-dirty,2,burst,80,24,112,1995,29581,80,24,99,24,29644,16196,0,99,16196
fc1a1cd2d37a9100a80a496108f693ecebc59e14-dirty,2,burst,80,24,113,2002,28945,80,24,92,23,28834,15062,0,92,15062
fc1a1cd2d37a9100a80a496108f693ecebc59e14-dirty,2,burst,80,24,114,2009,26878,80,24,145,24,26941,23628,0,145,23628
fc1a1cd2d37a9100a80a496108f693ecebc59e14-dirty,2,burst,80,24,115,2016,28945,80,24,99,24,29008,16196,0,99,16196
fc1a1cd2d37a9100a80a496108f693ecebc59e14-dirty,2,burst,80,24,116,2023,29104,80,24,92,23,28993,15062,0,92,15062
fc1a1cd2d37a9100a80a496108f693ecebc59e14-dirty,2,burst,80,24,117,2030,29581,80,24,115,23,29470,18778,0,115,18778
fc1a1cd2d37a9100a80a496108f693ecebc59e14-dirty,2,burst,80,24,118,2037,28468,80,24,92,23,28357,15062,0,92,15062
fc1a1cd2d37a9100a80a496108f693ecebc59e14-dirty,2,burst,80,24,119,2044,25765,80,24,130,23,25654,21202,0,130,21202
fc1a1cd2d37a9100a80a496108f693ecebc59e14-dirty,2,burst,80,24,120,2051,29104,80,24,69,23,28993,11346,0,69,11346
fc1a1cd2d37a9100a80a496108f693ecebc59e14-dirty,2,burst,80,24,121,2059,28309,80,24,99,24,28372,16196,0,99,16196
fc1a1cd2d37a9100a80a496108f693ecebc59e14-dirty,2,burst,80,24,122,2066,28468,80,24,122,24,28531,19912,0,122,19912
fc1a1cd2d37a9100a80a496108f693ecebc59e14-dirty,2,burst,80,24,123,2073,30694,80,24,76,24,30757,12480,0,76,12480
fc1a1cd2d37a9100a80a496108f693ecebc59e14-dirty,2,burst,80,24,124,2080,26719,80,24,94,24,26782,15387,0,94,15387
fc1a1cd2d37a9100a80a496108f693ecebc59e14-dirty,2,burst,80,24,125,2087,26719,80,24,120,24,26782,19588,0,120,19588
fc1a1cd2d37a9100a80a496108f693ecebc59e14-dirty,2,burst,80,24,126,2094,25924,80,24,99,24,25987,16196,0,99,16196
fc1a1cd2d37a9100a80a496108f693ecebc59e14-dirty,2,burst,80,24,127,2101,22267,80,24,98,23,22156,16031,0,98,16031
fc1a1cd2d37a9100a80a496108f693ecebc59e14-dirty,2,burst,80,24,128,2108,25765,80,24,92,23,25654,15062,0,92,15062
fc1a1cd2d37a9100a80a496108f693ecebc59e14-dirty,2,burst,80,24,129,2116,25924,80,24,115,23,25813,18778,0,115,18778
fc1a1cd2d37a9100a80a496108f693ecebc59e14-dirty,2,burst,80,24,130,2123,29581,80,24,138,23,29470,22494,0,138,22494
fc1a1cd2d37a9100a80a496108f693ecebc59e14-dirty,2,burst,80,24,131,2131,25924,80,24,102,23,25813,16678,0,102,16678
fc1a1cd2d37a9100a80a496108f693ecebc59e14-dirty,2,burst,80,24,132,2138,30535,80,24,99,24,30598,16196,0,99,16196
fc1a1cd2d37a9100a80a496108f693ecebc59e14-dirty,2,burst,80,24,133,2145,29422,80,24,78,24,29485,12803,0,78,12803
fc1a1cd2d37a9100a80a496108f693ecebc59e14-dirty,2,burst,80,24,134,2152,25288,80,24,99,24,25351,16196,0,99,16196
fc1a1cd2d37a9100a80a496108f693ecebc59e14-dirty,2,burst,80,24,135,2159,30694,80,24,72,24,30757,11832,0,72,11832
fc1a1cd2d37a9100a80a496108f693ecebc59e14-dirty,2,burst,80,24,136,2166,26878,80,24,96,24,26941,15710,0,96,15710
fc1a1cd2d37a9100a80a496108f693ecebc59e14-dirty,2,burst,80,24,137,2173,26878,80,24,96,24,26941,15710,0,96,15710
fc1a1cd2d37a9100a80a496108f693ecebc59e14-dirty,2,burst,80,24,138,2180,28627,80,24,122,24,28690,19912,0,122,19912
fc1a1cd2d37a9100a80a496108f693ecebc59e14-dirty,2,burst,80,24,139,2187,25765,80,24,92,23,25654,15062,0,92,15062
fc1a1cd2d37a9100a80a496108f693ecebc59e14-dirty,2,burst,80,24,140,2195,29422,80,24,112,23,29311,18295,0,112,18295
fc1a1cd2d37a9100a80a496108f693ecebc59e14-dirty,2,burst,80,24,141,2202,29422,80,24,92,23,29311,15062,0,92,15062
fc1a1cd2d37a9100a80a496108f693ecebc59e14-dirty,2,burst,80,24,142,2209,25924,80,24,105,23,25813,17163,0,105,17163
fc1a1cd2d37a9100a80a496108f693ecebc59e14-dirty,2,burst,80,24,143,2216,29422,80,24,92,23,29311,15062,0,92,15062
fc1a1cd2d37a9100a80a496108f693ecebc59e14-dirty,2,burst,80,24,144,2224,25765,80,24,122,24,25828,19912,0,122,19912
fc1a1cd2d37a9100a80a496108f693ecebc59e14-dirty,2,burst,80,24,145,2231,30694,80,24,144,24,30757,23466,0,144,23466
fc1a1cd2d37a9100a80a496108f693ecebc59e14-dirty,2,burst,80,24,146,2238,30694,80,24,91,24,30757,14902,0,91,14902
fc1a1cd2d37a9100a80a496108f693ecebc59e14-dirty,2,burst,80,24,147,2245,29422,80,24,76,24,29485,12480,0,76,12480
fc1a1cd2d37a9100a80a496108f693ecebc59e14-dirty,2,burst,80,24,148,2252,25129,80,24,115,23,25018,18778,0,115,18778
fc1a1cd2d37a9100a80a496108f693ecebc59e14-dirty,2,burst,80,24,149,2260,29422,80,24,92,23,29311,15062,0,92,15062
fc1a1cd2d37a9100a80a496108f693ecebc59e14-dirty,2,burst,80,24,150,2267,24334,80,24,115,23,24223,18778,0,115,18778
fc1a1cd2d37a9100a80a496108f693ecebc59e14-dirty,2,burst,80,24,151,2274,29581,80,24,92,23,29470,15062,0,92,15062
fc1a1cd2d37a9100a80a496108f693ecebc59e14-dirty,2,burst,80,24,152,2281,30694,80,24,57,24,30757,9410,0,57,9410
fc1a1cd2d37a9100a80a496108f693ecebc59e14-dirty,2,burst,80,24,153,2288,26719,80,24,96,24,26782,15710,0,96,15710
fc1a1cd2d37a9100a80a496108f693ecebc59e14-dirty,2,burst,80,24,154,2295,25606,80,24,85,24,25669,13938,0,85,13938
fc1a1cd2d37a9100a80a496108f693ecebc59e14-dirty,2,burst,80,24,155,2303,30694,80,24,135,24,30757,22012,0,135,22012
fc1a1cd2d37a9100a80a496108f693ecebc59e14-dirty,2,burst,80,24,156,2310,29422,80,24,99,24,29485,16196,0,99,16196
fc1a1cd2d37a9100a80a496108f693ecebc59e14-dirty,2,burst,80,24,157,2317,29581,80,24,115,23,29470,18778,0,115,18778
fc1a1cd2d37a9100a80a496108f693ecebc59e14-dirty,2,burst,80,24,158,2324,26878,80,24,99,24,26941,16196,0,99,16196
fc1a1cd2d37a9100a80a496108f693ecebc59e14-dirty,2,burst,80,24,159,2331,29581,80,24,99,24,29644,16196,0,99,16196
fc1a1cd2d37a9100a80a496108f693ecebc59e14-dirty,2,burst,80,24,160,2338,29581,80,24,138,23,29470,22494,0,138,22494
fc1a1cd2d37a9100a80a496108f693ecebc59e14-dirty,2,burst,80,24,161,2348,27991,80,24,104,23,27880,17001,0,104,17001
fc1a1cd2d37a9100a80a496108f693ecebc59e14-dirty,2,burst,80,24,162,2354,29581,80,24,115,23,29470,18778,0,115,18778
fc1a1cd2d37a9100a80a496108f693ecebc59e14-dirty,2,burst,80,24,163,2361,25924,80,24,92,23,25813,15062,0,92,15062
fc1a1cd2d37a9100a80a496108f693ecebc59e14-dirty,2,burst,80,24,164,2369,22267,80,24,115,23,22156,18778,0,115,18778
fc1a1cd2d37a9100a80a496108f693ecebc59e14-dirty,2,burst,80,24,165,2377,29581,80,24,161,23,29470,26210,0,161,26210
fc1a1cd2d37a9100a80a496108f693ecebc59e14-dirty,2,burst,80,24,166,2384,30535,80,24,99,24,30598,16196,0,99,16196
fc1a1cd2d37a9100a80a496108f693ecebc59e14-dirty,2,burst,80,24,167,2391,29422,80,24,99,24,29485,16196,0,99,16196
fc1a1cd2d37a9100a80a496108f693ecebc59e14-dirty,2,burst,80,24,168,2398,29422,80,24,115,23,29311,18778,0,115,18778
fc1a1cd2d37a9100a80a496108f693ecebc59e14-dirty,2,burst,80,24,169,2405,25924,80,24,115,23,25813,18778,0,115,18778
fc1a1cd2d37a9100a80a496108f693ecebc59e14-dirty,2,burst,80,24,170,2412,26401,80,24,99,24,26464,16196,0,99,16196
fc1a1cd2d37a9100a80a496108f693ecebc59e14-dirty,2,burst,80,24,171,2420,27991,80,24,122,24,28054,19912,0,122,19912
fc1a1cd2d37a9100a80a496108f693ecebc59e14-dirty,2,burst,80,24,172,2427,29581,80,24,115,23,29470,18778,0,115,18778
fc1a1cd2d37a9100a80a496108f693ecebc59e14-dirty,2,burst,80,24,173,2434,29104,80,24,99,24,29167,16196,0,99,16196
fc1a1cd2d37a9100a80a496108f693ecebc59e14-dirty,2,burst,80,24,174,2441,25765,80,24,89,24,25828,14581,0,89,14581
fc1a1cd2d37a9100a80a496108f693ecebc59e14-dirty,2,burst,80,24,175,2448,25924,80,24,138,23,25813,22494,0,138,22494
fc1a1cd2d37a9100a80a496108f693ecebc59e14-dirty,2,burst,80,24,176,2455,29581,80,24,92,23,29470,15062,0,92,15062
fc1a1cd2d37a9100a80a496108f693ecebc59e14-dirty,2,burst,80,24,177,2484,28627,80,24,121,24,28690,19750,0,121,19750
fc1a1cd2d37a9100a80a496108f693ecebc59e14-dirty,2,burst,80,24,178,2484,21631,80,24,82,24,21694,13450,0,82,13450
fc1a1cd2d37a9100a80a496108f693ecebc59e14-dirty,2,burst,80,24,179,2485,27991,80,24,92,23,27880,15062,0,92,15062
fc1a1cd2d37a9100a80a496108f693ecebc59e14-dirty,2,burst,80,24,180,2485,24334,80,24,138,23,24223,22494,0,138,22494
fc1a1cd2d37a9100a80a496108f693ecebc59e14-dirty,2,burst,80,24,181,2491,22903,80,24,91,24,22966,14904,0,91,14904
fc1a1cd2d37a9100a80a496108f693ecebc59e14-dirty,2,burst,80,24,182,2498,22267,80,24,122,24,22330,19912,0,122,19912
fc1a1cd2d37a9100a80a496108f693ecebc59e14-dirty,2,burst,80,24,183,2505,25606,80,24,92,23,25495,15062,0,92,15062
fc1a1cd2d37a9100a80a496108f693ecebc59e14-dirty,2,burst,80,24,184,2512,25924,80,24,97,23,25813,15870,0,97,15870
fc1a1cd2d37a9100a80a496108f693ecebc59e14-dirty,2,burst,80,24,185,2519,29422,80,24,115,23,29311,18778,0,115,18778
fc1a1cd2d37a9100a80a496108f693ecebc59e14-dirty,2,burst,80,24,186,2526,30694,80,24,122,24,30757,19912,0,122,19912
fc1a1cd2d37a9100a80a496108f693ecebc59e14-dirty,2,burst,80,24,187,2533,29581,80,24,122,24,29644,19912,0,122,19912
fc1a1cd2d37a9100a80a496108f693ecebc59e14-dirty,2,burst,80,24,188,2540,26401,80,24,92,23,26290,15062,0,92,15062
fc1a1cd2d37a9100a80a496108f693ecebc59e14-dirty,2,burst,80,24,189,2548,30535,80,24,122,24,30598,19912,0,122,19912
fc1a1cd2d37a9100a80a496108f693ecebc59e14-dirty,2,burst,80,24,190,2555,29263,80,24,88,24,29326,14419,0,88,14419
fc1a1cd2d37a9100a80a496108f693ecebc59e14-dirty,2,burst,80,24,191,2562,25924,80,24,112,23,25813,18293,0,112,18293
fc1a1cd2d37a9100a80a496108f693ecebc59e14-dirty,2,burst,80,24,192,2569,24811,80,24,92,23,24700,15062,0,92,15062
fc1a1cd2d37a9100a80a496108f693ecebc59e14-dirty,2,burst,80,24,193,2576,29581,80,24,92,23,29470,15062,0,92,15062
fc1a1cd2d37a9100a80a496108f693ecebc59e14-dirty,2,burst,80,24,194,2583,28786,80,24,92,23,28675,15062,0,92,15062
fc1a1cd2d37a9100a80a496108f693ecebc59e14-dirty,2,burst,80,24,195,2590,24334,80,24,138,23,24223,22494,0,138,22494
fc1a1cd2d37a9100a80a496108f693ecebc59e14-dirty,2,burst,80,24,196,2612,24334,80,24,92,23,24223,15062,0,92,15062
fc1a1cd2d37a9100a80a496108f693ecebc59e14-dirty,2,burst,80,24,197,2612,29422,80,24,115,23,29311,18778,0,115,18778
fc1a1cd2d37a9100a80a496108f693ecebc59e14-dirty,2,burst,80,24,198,2613,29104,80,24,122,24,29167,19912,0,122,19912
fc1a1cd2d37a9100a80a496108f693ecebc59e14-dirty,2,burst,80,24,199,2619,29581,80,24,99,24,29644,16196,0,99,16196
fc1a1cd2d37a9100a80a496108f693ecebc59e14-dirty,2,burst,80,24,200,2626,25924,80,24,97,23,25813,15870,0,97,15870
fc1a1cd2d37a9100a80a496108f693ecebc59e14-dirty,2,burst,80,24,201,2633,29581,80,24,77,23,29470,12639,0,77,12639
fc1a1cd2d37a9100a80a496108f693ecebc59e14-dirty,2,burst,80,24,202,2640,29581,80,24,115,23,29470,18778,0,115,18778
fc1a1cd2d37a9100a80a496108f693ecebc59e14-dirty,2,burst,80,24,203,2647,28627,80,24,122,24,28690,19912,0,122,19912
fc1a1cd2d37a9100a80a496108f693ecebc59e14-dirty,2,burst,80,24,204,2654,29581,80,24,80,24,29644,13126,0,80,13126
fc1a1cd2d37a9100a80a496108f693ecebc59e14-dirty,2,burst,80,24,205,2662,29581,80,24,138,23,29470,22494,0,138,22494
fc1a1cd2d37a9100a80a496108f693ecebc59e14-dirty,2,burst,80,24,206,2669,29581,80,24,92,23,29470,15062,0,92,15062
fc1a1cd2d37a9100a80a496108f693ecebc59e14-dirty,2,burst,80,24,207,2675,29581,80,24,106,23,29470,17324,0,106,17324
fc1a1cd2d37a9100a80a496108f693ecebc59e14-dirty,2,burst,80,24,208,2683,26719,80,24,122,24,26782,19912,0,122,19912
fc1a1cd2d37a9100a80a496108f693ecebc59e14-dirty,2,burst,80,24,209,2690,26878,80,24,120,24,26941,19588,0,120,19588
fc1a1cd2d37a9100a80a496108f693ecebc59e14-dirty,2,burst,80,24,210,2698,25924,80,24,139,24,25987,22659,0,139,22659
fc1a1cd2d37a9100a80a496108f693ecebc59e14-dirty,2,burst,80,24,211,2705,28627,80,24,115,23,28516,18778,0,115,18778
fc1a1cd2d37a9100a80a496108f693ecebc59e14-dirty,2,burst,80,24,212,2712,27991,80,24,92,23,27880,15062,0,92,15062
fc1a1cd2d37a9100a80a496108f693ecebc59e14-dirty,2,burst,80,24,213,2719,30694,80,24,99,24,30757,16196,0,99,16196
fc1a1cd2d37a9100a80a496108f693ecebc59e14-dirty,2,burst,80,24,214,2726,25606,80,24,122,24,25669,19912,0,122,19912
fc1a1cd2d37a9100a80a496108f693ecebc59e14-dirty,2,burst,80,24,215,2734,30694,80,24,168,24,30757,27344,0,168,27344
fc1a1cd2d37a9100a80a496108f693ecebc59e14-dirty,2,burst,80,24,216,2741,29581,80,24,99,24,29644,16196,0,99,16196
fc1a1cd2d37a9100a80a496108f693ecebc59e14-dirty,2,burst,80,24,217,2748,25924,80,24,92,23,25813,15062,0,92,15062
fc1a1cd2d37a9100a80a496108f693ecebc59e14-dirty,2,burst,80,24,218,2756,29581,80,24,109,23,29470,17809,0,109,17809
fc1a1cd2d37a9100a80a496108f693ecebc59e14-dirty,2,burst,80,24,219,2763,29581,80,24,98,23,29470,16031,0,98,16031
fc1a1cd2d37a9100a80a496108f693ecebc59e14-dirty,2,burst,80,24,220,2771,25924,80,24,138,23,25813,22494,0,138,22494
fc1a1cd2d37a9100a80a496108f693ecebc59e14-dirty,2,burst,80,24,221,2778,28150,80,24,96,23,28039,15708,0,96,15708
fc1a1cd2d37a9100a80a496108f693ecebc59e14-dirty,2,burst,80,24,222,2787,26242,80,24,115,23,26131,18778,0,115,18778
fc1a1cd2d37a9100a80a496108f693ecebc59e14-dirty,2,burst,80,24,223,2794,28945,80,24,92,23,28834,15062,0,92,15062
fc1a1cd2d37a9100a80a496108f693ecebc59e14-dirty,2,burst,80,24,224,2802,28150,80,24,145,24,28213,23628,0,145,23628
fc1a1cd2d37a9100a80a496108f693ecebc59e14-dirty,2,burst,80,24,225,2809,22108,80,24,122,24,22171,19912,0,122,19912
fc1a1cd2d37a9100a80a496108f693ecebc59e14-dirty,2,burst,80,24,226,2817,29104,80,24,99,24,29167,16196,0,99,16196
fc1a1cd2d37a9100a80a496108f693ecebc59e14-dirty,2,burst,80,24,227,2824,29581,80,24,99,24,29644,16196,0,99,16196
fc1a1cd2d37a9100a80a496108f693ecebc59e14-dirty,2,burst,80,24,228,2831,30376,80,24,122,24,30439,19912,0,122,19912
fc1a1cd2d37a9100a80a496108f693ecebc59e14-dirty,2,burst,80,24,229,2838,29581,80,24,145,24,29644,23628,0,145,23628
fc1a1cd2d37a9100a80a496108f693ecebc59e14-dirty,2,burst,80,24,230,2846,26719,80,24,120,24,26782,19588,0,120,19588
fc1a1cd2d37a9100a80a496108f693ecebc59e14-dirty,2,burst,80,24,231,2853,29581,80,24,120,24,29644,19588,0,120,19588
fc1a1cd2d37a9100a80a496108f693ecebc59e14-dirty,2,burst,80,24,232,2860,28786,80,24,99,24,28849,16196,0,99,16196
fc1a1cd2d37a9100a80a496108f693ecebc59e14-dirty,2,burst,80,24,233,2867,25765,80,24,119,23,25654,19424,0,119,19424
fc1a1cd2d37a9100a80a496108f693ecebc59e14-dirty,2,burst,80,24,234,2874,26878,80,24,122,24,26941,19912,0,122,19912
fc1a1cd2d37a9100a80a496108f693ecebc59e14-dirty,2,burst,80,24,235,2881,18610,80,24,122,24,18673,19912,0,122,19912
fc1a1cd2d37a9100a80a496108f693ecebc59e14-dirty,2,burst,80,24,236,2889,26719,80,24,105,24,26782,17162,0,105,17162
fc1a1cd2d37a9100a80a496108f693ecebc59e14-dirty,2,burst,80,24,237,2920,25765,80,24,122,24,25828,19912,0,122,19912
fc1a1cd2d37a9100a80a496108f693ecebc59e14-dirty,2,burst,80,24,238,2920,30535,80,24,131,24,30598,21367,0,131,21367
fc1a1cd2d37a9100a80a496108f693ecebc59e14-dirty,2,burst,80,24,239,2921,22267,80,24,112,24,22330,18297,0,112,18297
fc1a1cd2d37a9100a80a496108f693ecebc59e14-dirty,2,burst,80,24,240,2921,22108,80,24,115,23,21997,18778,0,115,18778
fc1a1cd2d37a9100a80a496108f693ecebc59e14-dirty,2,burst,80,24,241,2927,25129,80,24,104,23,25018,17006,0,104,17006
fc1a1cd2d37a9100a80a496108f693ecebc59e14-dirty,2,burst,80,24,242,2934,25765,80,24,92,23,25654,15062,0,92,15062
fc1a1cd2d37a9100a80a496108f693ecebc59e14-dirty,2,burst,80,24,243,2942,29422,80,24,128,23,29311,20878,0,128,20878
fc1a1cd2d37a9100a80a496108f693ecebc59e14-dirty,2,burst,80,24,244,2949,29581,80,24,115,23,29470,18778,0,115,18778
fc1a1cd2d37a9100a80a496108f693ecebc59e14-dirty,2,burst,80,24,245,2957,25924,80,24,115,23,25813,18778,0,115,18778
fc1a1cd2d37a9100a80a496108f693ecebc59e14-dirty,2,burst,80,24,246,2964,26878,80,24,122,24,26941,19912,0,122,19912
fc1a1cd2d37a9100a80a496108f693ecebc59e14-dirty,2,burst,80,24,247,2971,30694,80,24,120,24,30757,19588,0,120,19588
fc1a1cd2d37a9100a80a496108f693ecebc59e14-dirty,2,burst,80,24,248,2978,25924,80,24,121,24,25987,19750,0,121,19750
fc1a1cd2d37a9100a80a496108f693ecebc59e14-dirty,2,burst,80,24,249,2986,27991,80,24,115,23,27880,18778,0,115,18778
fc1a1cd2d37a9100a80a496108f693ecebc59e14-dirty,2,burst,80,24,250,2994,25924,80,24,115,23,25813,18778,0,115,18778
fc1a1cd2d37a9100a80a496108f693ecebc59e14-dirty,2,burst,80,24,251,3002,29104,80,24,122,24,29167,19912,0,122,19912
fc1a1cd2d37a9100a80a496108f693ecebc59e14-dirty,2,burst,80,24,252,3009,25765,80,24,143,24,25828,23305,0,143,23305
fc1a1cd2d37a9100a80a496108f693ecebc59e14-dirty,2,burst,80,24,253,3016,28786,80,24,115,23,28675,18778,0,115,18778
fc1a1cd2d37a9100a80a496108f693ecebc59e14-dirty,2,burst,80,24,254,3024,29581,80,24,115,23,29470,18778,0,115,18778
fc1a1cd2d37a9100a80a496108f693ecebc59e14-dirty,2,burst,80,24,255,3031,26878,80,24,122,24,26941,19912,0,122,19912
fc1a1cd2d37a9100a80a496108f693ecebc59e14-dirty,2,burst,80,24,256,3039,30694,80,24,144,24,30757,23466,0,144,23466
fc1a1cd2d37a9100a80a496108f693ecebc59e14-dirty,2,burst,80,24,257,3046,30376,80,24,120,24,30439,19588,0,120,19588
fc1a1cd2d37a9100a80a496108f693ecebc59e14-dirty,2,burst,80,24,258,3053,28786,80,24,107,24,28849,17489,0,107,17489
fc1a1cd2d37a9100a80a496108f693ecebc59e14-dirty,2,burst,80,24,259,3060,24493,80,24,115,23,24382,18778,0,115,18778
fc1a1cd2d37a9100a80a496108f693ecebc59e14-dirty,2,burst,80,24,260,3068,26878,80,24,101,24,26941,16519,0,101,16519
fc1a1cd2d37a9100a80a496108f693ecebc59e14-dirty,2,burst,80,24,261,3074,16861,80,24,124,24,16924,20236,0,124,20236
fc1a1cd2d37a9100a80a496108f693ecebc59e14-dirty,3,burst,80,24,1,2,17179,80,24,1,1,848,360,0,1,360
fc1a1cd2d37a9100a80a496108f693ecebc59e14-dirty,3,burst,80,24,2,103,17338,80,24,1,1,1007,360,0,1,360
fc1a1cd2d37a9100a80a496108f693ecebc59e14-dirty,3,burst,80,24,3,203,17497,80,24,1,1,1166,360,0,1,360
fc1a1cd2d37a9100a80a496108f693ecebc59e14-dirty,3,burst,80,24,4,303,17497,80,24,0,0,199,199,0,0,199
fc1a1cd2d37a9100a80a496108f693ecebc59e14-dirty,3,burst,80,24,5,404,17815,80,24,1,1,1484,360,0,1,360
fc1a1cd2d37a9100a80a496108f693ecebc59e14-dirty,3,burst,80,24,6,504,17815,80,24,0,0,199,199,0,0,199
fc1a1cd2d37a9100a80a496108f693ecebc59e14-dirty,3,burst,80,24,7,605,18133,80,24,1,1,1802,360,0,1,360
fc1a1cd2d37a9100a80a496108f693ecebc59e14-dirty,3,burst,80,24,8,700,18293,80,24,1,1,1962,361,0,1,361
fc1a1cd2d37a9100a80a496108f693ecebc59e14-dirty,3,burst,80,24,9,801,18293,80,24,1,1,1962,362,0,1,362
fc1a1cd2d37a9100a80a496108f693ecebc59e14-dirty,3,burst,80,24,10,901,18293,80,24,1,1,1962,362,0,1,362
fc1a1cd2d37a9100a80a496108f693ecebc59e14-dirty,3,burst,80,24,11,1043,18293,80,24,1,1,1962,362,0,1,362
fc1a1cd2d37a9100a80a496108f693ecebc59e14-dirty,3,burst,80,24,12,1102,18293,80,24,1,1,1962,362,0,1,362
fc1a1cd2d37a9100a80a496108f693ecebc59e14-dirty,3,burst,80,24,13,1202,18293,80,24,1,1,1962,362,0,1,362
fc1a1cd2d37a9100a80a496108f693ecebc59e14-dirty,3,burst,80,24,14,1303,17179,80,24,171,24,17242,27836,0,171,27836
fc1a1cd2d37a9100a80a496108f693ecebc59e14-dirty,3,burst,80,24,15,1310,23062,80,24,95,24,23125,15549,0,95,15549
fc1a1cd2d37a9100a80a496108f693ecebc59e14-dirty,3,burst,80,24,16,1336,22108,80,24,120,24,22171,19588,0,120,19588
fc1a1cd2d37a9100a80a496108f693ecebc59e14-dirty,3,burst,80,24,17,1337,21472,80,24,115,23,21361,18778,0,115,18778
fc1a1cd2d37a9100a80a496108f693ecebc59e14-dirty,3,burst,80,24,18,1337,22267,80,24,69,23,22156,11346,0,69,11346
fc1a1cd2d37a9100a80a496108f693ecebc59e14-dirty,3,burst,80,24,19,1337,21313,80,24,104,24,21376,17002,0,104,17002
fc1a1cd2d37a9100a80a496108f693ecebc59e14-dirty,3,burst,80,24,20,1364,21790,80,24,118,24,21853,19265,0,118,19265
fc1a1cd2d37a9100a80a496108f693ecebc59e14-dirty,3,burst,80,24,21,1364,26878,80,24,96,24,26941,15710,0,96,15710
fc1a1cd2d37a9100a80a496108f693ecebc59e14-dirty,3,burst,80,24,22,1365,24970,80,24,98,24,25033,16034,0,98,16034
fc1a1cd2d37a9100a80a496108f693ecebc59e14-dirty,3,burst,80,24,23,1365,20677,80,24,92,23,20566,15062,0,92,15062
fc1a1cd2d37a9100a80a496108f693ecebc59e14-dirty,3,burst,80,24,24,1371,24334,80,24,78,23,24223,12800,0,78,12800
fc1a1cd2d37a9100a80a496108f693ecebc59e14-dirty,3,burst,80,24,25,1378,25924,80,24,98,23,25813,16031,0,98,16031
fc1a1cd2d37a9100a80a496108f693ecebc59e14-dirty,3,burst,80,24,26,1385,23062,80,24,98,24,23125,16034,0,98,16034
fc1a1cd2d37a9100a80a496108f693ecebc59e14-dirty,3,burst,80,24,27,1392,26719,80,24,94,24,26782,15387,0,94,15387
fc1a1cd2d37a9100a80a496108f693ecebc59e14-dirty,3,burst,80,24,28,1398,23062,80,24,96,24,23125,15710,0,96,15710
fc1a1cd2d37a9100a80a496108f693ecebc59e14-dirty,3,burst,80,24,29,1405,25765,80,24,98,24,25828,16034,0,98,16034
fc1a1cd2d37a9100a80a496108f693ecebc59e14-dirty,3,burst,80,24,30,1412,25129,80,24,120,24,25192,19588,0,120,19588
fc1a1cd2d37a9100a80a496108f693ecebc59e14-dirty,3,burst,80,24,31,1419,22108,80,24,94,24,22171,15386,0,94,15386
fc1a1cd2d37a9100a80a496108f693ecebc59e14-dirty,3,burst,80,24,32,1426,26401,80,24,95,24,26464,15548,0,95,15548
fc1a1cd2d37a9100a80a496108f693ecebc59e14-dirty,3,burst,80,24,33,1433,25765,80,24,95,24,25828,15548,0,95,15548
fc1a1cd2d37a9100a80a496108f693ecebc59e14-dirty,3,burst,80,24,34,1440,25924,80,24,115,23,25813,18778,0,115,18778
fc1a1cd2d37a9100a80a496108f693ecebc59e14-dirty,3,burst,80,24,35,1446,24811,80,24,121,24,24874,19750,0,121,19750
fc1a1cd2d37a9100a80a496108f693ecebc59e14-dirty,3,burst,80,24,36,1453,25924,80,24,75,24,25987,12318,0,75,12318
fc1a1cd2d37a9100a80a496108f693ecebc59e14-dirty,3,burst,80,24,37,1460,25765,80,24,92,23,25654,15062,0,92,15062
fc1a1cd2d37a9100a80a496108f693ecebc59e14-dirty,3,burst,80,24,38,1467,25765,80,24,92,23,25654,15062,0,92,15062
fc1a1cd2d37a9100a80a496108f693ecebc59e14-dirty,3,burst,80,24,39,1474,26878,80,24,98,24,26941,16034,0,98,16034
fc1a1cd2d37a9100a80a496108f693ecebc59e14-dirty,3,burst,80,24,40,1480,23062,80,24,120,24,23125,19588,0,120,19588
fc1a1cd2d37a9100a80a496108f693ecebc59e14-dirty,3,burst,80,24,41,1487,26878,80,24,117,24,26941,19103,0,117,19103
fc1a1cd2d37a9100a80a496108f693ecebc59e14-dirty,3,burst,80,24,42,1494,22108,80,24,95,24,22171,15548,0,95,15548
fc1a1cd2d37a9100a80a496108f693ecebc59e14-dirty,3,burst,80,24,43,1501,26878,80,24,78,24,26941,12804,0,78,12804
fc1a1cd2d37a9100a80a496108f693ecebc59e14-dirty,3,burst,80,24,44,1508,25924,80,24,98,24,25987,16034,0,98,16034
fc1a1cd2d37a9100a80a496108f693ecebc59e14-dirty,3,burst,80,24,45,1515,25924,80,24,96,23,25813,15708,0,96,15708
fc1a1cd2d37a9100a80a496108f693ecebc59e14-dirty,3,burst,80,24,46,1522,26083,80,24,74,24,26146,12154,0,74,12154
fc1a1cd2d37a9100a80a496108f693ecebc59e14-dirty,3,burst,80,24,47,1529,26878,80,24,97,24,26941,15872,0,97,15872
fc1a1cd2d37a9100a80a496108f693ecebc59e14-dirty,3,burst,80,24,48,1536,26719,80,24,96,24,26782,15710,0,96,15710
fc1a1cd2d37a9100a80a496108f693ecebc59e14-dirty,3,burst,80,24,49,1543,23062,80,24,120,24,23125,19588,0,120,19588
fc1a1cd2d37a9100a80a496108f693ecebc59e14-dirty,3,burst,80,24,50,1550,25765,80,24,121,24,25828,19750,0,121,19750
fc1a1cd2d37a9100a80a496108f693ecebc59e14-dirty,3,burst,80,24,51,1557,26878,80,24,75,24,26941,12318,0,75,12318
fc1a1cd2d37a9100a80a496108f693ecebc59e14-dirty,3,burst,80,24,52,1563,26719,80,24,120,24,26782,19588,0,120,19588
fc1a1cd2d37a9100a80a496108f693ecebc59e14-dirty,3,burst,80,24,53,1570,26878,80,24,120,24,26941,19588,0,120,19588
fc1a1cd2d37a9100a80a496108f693ecebc59e14-dirty,3,burst,80,24,54,1577,26878,80,24,96,24,26941,15710,0,96,15710
fc1a1cd2d37a9100a80a496108f693ecebc59e14-dirty,3,burst,80,24,55,1584,24175,80,24,121,24,24238,19750,0,121,19750
fc1a1cd2d37a9100a80a496108f693ecebc59e14-dirty,3,burst,80,24,56,1591,22108,80,24,95,23,21997,15547,0,95,15547
fc1a1cd2d37a9100a80a496108f693ecebc59e14-dirty,3,burst,80,24,57,1597,25924,80,24,81,23,25813,13284,0,81,13284
fc1a1cd2d37a9100a80a496108f693ecebc59e14-dirty,3,burst,80,24,58,1604,26878,80,24,121,24,26941,19750,0,121,19750
fc1a1cd2d37a9100a80a496108f693ecebc59e14-dirty,3,burst,80,24,59,1611,23062,80,24,48,24,23125,7954,0,48,7954
fc1a1cd2d37a9100a80a496108f693ecebc59e14-dirty,3,burst,80,24,60,1618,23539,80,24,98,24,23602,16034,0,98,16034
fc1a1cd2d37a9100a80a496108f693ecebc59e14-dirty,3,burst,80,24,61,1625,25924,80,24,92,23,25813,15062,0,92,15062
fc1a1cd2d37a9100a80a496108f693ecebc59e14-dirty,3,burst,80,24,62,1632,22108,80,24,115,23,21997,18778,0,115,18778
fc1a1cd2d37a9100a80a496108f693ecebc59e14-dirty,3,burst,80,24,63,1639,22267,80,24,92,23,22156,15062,0,92,15062
fc1a1cd2d37a9100a80a496108f693ecebc59e14-dirty,3,burst,80,24,64,1645,25765,80,24,92,23,25654,15062,0,92,15062
fc1a1cd2d37a9100a80a496108f693ecebc59e14-dirty,3,burst,80,24,65,1652,24334,80,24,158,23,24223,25725,0,158,25725
fc1a1cd2d37a9100a80a496108f693ecebc59e14-dirty,3,burst,80,24,66,1659,25765,80,24,115,23,25654,18778,0,115,18778
fc1a1cd2d37a9100a80a496108f693ecebc59e14-dirty,3,burst,80,24,67,1667,27832,80,24,72,23,27721,11831,0,72,11831
fc1a1cd2d37a9100a80a496108f693ecebc59e14-dirty,3,burst,80,24,68,1689,28309,80,24,115,23,28198,18778,0,115,18778
fc1a1cd2d37a9100a80a496108f693ecebc59e14-dirty,3,burst,80,24,69,1690,29422,80,24,82,23,29311,13446,0,82,13446
fc1a1cd2d37a9100a80a496108f693ecebc59e14-dirty,3,burst,80,24,70,1690,25765,80,24,132,23,25654,21522,0,132,21522
fc1a1cd2d37a9100a80a496108f693ecebc59e14-dirty,3,burst,80,24,71,1717,22267,80,24,115,23,22156,18778,0,115,18778
fc1a1cd2d37a9100a80a496108f693ecebc59e14-dirty,3,burst,80,24,72,1718,24334,80,24,115,23,24223,18778,0,115,18778
fc1a1cd2d37a9100a80a496108f693ecebc59e14-dirty,3,burst,80,24,73,1718,26719,80,24,122,24,26782,19912,0,122,19912
fc1a1cd2d37a9100a80a496108f693ecebc59e14-dirty,3,burst,80,24,74,1719,25765,80,24,118,24,25828,19266,0,118,19266
fc1a1cd2d37a9100a80a496108f693ecebc59e14-dirty,3,burst,80,24,75,1724,20995,80,24,98,23,20884,16034,0,98,16034
fc1a1cd2d37a9100a80a496108f693ecebc59e14-dirty,3,burst,80,24,76,1732,29581,80,24,138,23,29470,22494,0,138,22494
fc1a1cd2d37a9100a80a496108f693ecebc59e14-dirty,3,burst,80,24,77,1739,29581,80,24,77,23,29470,12639,0,77,12639
fc1a1cd2d37a9100a80a496108f693ecebc59e14-dirty,3,burst,80,24,78,1746,29581,80,24,115,23,29470,18778,0,115,18778
fc1a1cd2d37a9100a80a496108f693ecebc59e14-dirty,3,burst,80,24,79,1753,27832,80,24,92,23,27721,15062,0,92,15062
fc1a1cd2d37a9100a80a496108f693ecebc59e14-dirty,3,burst,80,24,80,1761,29104,80,24,86,24,29167,14095,0,86,14095
fc1a1cd2d37a9100a80a496108f693ecebc59e14-dirty,3,burst,80,24,81,1768,26878,80,24,144,24,26941,23466,0,144,23466
fc1a1cd2d37a9100a80a496108f693ecebc59e14-dirty,3,burst,80,24,82,1775,26878,80,24,96,24,26941,15710,0,96,15710
fc1a1cd2d37a9100a80a496108f693ecebc59e14-dirty,3,burst,80,24,83,1782,29422,80,24,99,24,29485,16196,0,99,16196
fc1a1cd2d37a9100a80a496108f693ecebc59e14-dirty,3,burst,80,24,84,1789,29581,80,24,115,23,29470,18778,0,115,18778
fc1a1cd2d37a9100a80a496108f693ecebc59e14-dirty,3,burst,80,24,85,1796,27991,80,24,92,23,27880,15062,0,92,15062
fc1a1cd2d37a9100a80a496108f693ecebc59e14-dirty,3,burst,80,24,86,1803,29422,80,24,115,23,29311,18778,0,115,18778
fc1a1cd2d37a9100a80a496108f693ecebc59e14-dirty,3,burst,80,24,87,1810,25924,80,24,115,23,25813,18778,0,115,18778
fc1a1cd2d37a9100a80a496108f693ecebc59e14-dirty,3,burst,80,24,88,1817,29581,80,24,69,23,29470,11346,0,69,11346
fc1a1cd2d37a9100a80a496108f693ecebc59e14-dirty,3,burst,80,24,89,1824,27991,80,24,115,23,27880,18778,0,115,18778
fc1a1cd2d37a9100a80a496108f693ecebc59e14-dirty,3,burst,80,24,90,1831,25606,80,24,99,24,25669,16196,0,99,16196
fc1a1cd2d37a9100a80a496108f693ecebc59e14-dirty,3,burst,80,24,91,1838,29581,80,24,141,24,29644,22982,0,141,22982
fc1a1cd2d37a9100a80a496108f693ecebc59e14-dirty,3,burst,80,24,92,1845,30694,80,24,122,24,30757,19912,0,122,19912
fc1a1cd2d37a9100a80a496108f693ecebc59e14-dirty,3,burst,80,24,93,1852,29581,80,24,99,24,29644,16196,0,99,16196
fc1a1cd2d37a9100a80a496108f693ecebc59e14-dirty,3,burst,80,24,94,1859,30535,80,24,122,24,30598,19912,0,122,19912
fc1a1cd2d37a9100a80a496108f693ecebc59e14-dirty,3,burst,80,24,95,1866,25924,80,24,59,24,25987,9733,0,59,9733
fc1a1cd2d37a9100a80a496108f693ecebc59e14-dirty,3,burst,80,24,96,1874,29581,80,24,115,23,29470,18778,0,115,18778
fc1a1cd2d37a9100a80a496108f693ecebc59e14-dirty,3,burst,80,24,97,1881,27991,80,24,105,23,27880,17163,0,105,17163
fc1a1cd2d37a9100a80a496108f693ecebc59e14-dirty,3,burst,80,24,98,1888,29899,80,24,76,24,29962,12480,0,76,12480
fc1a1cd2d37a9100a80a496108f693ecebc59e14-dirty,3,burst,80,24,99,1895,22267,80,24,99,24,22330,16196,0,99,16196
fc1a1cd2d37a9100a80a496108f693ecebc59e14-dirty,3,burst,80,24,100,1902,29581,80,24,115,23,29470,18778,0,115,18778
fc1a1cd2d37a9100a80a496108f693ecebc59e14-dirty,3,burst,80,24,101,1909,29422,80,24,105,23,29311,17163,0,105,17163
fc1a1cd2d37a9100a80a496108f693ecebc59e14-dirty,3,burst,80,24,102,1916,27991,80,24,92,23,27880,15062,0,92,15062
fc1a1cd2d37a9100a80a496108f693ecebc59e14-dirty,3,burst,80,24,103,1923,25447,80,24,115,23,25336,18778,0,115,18778
fc1a1cd2d37a9100a80a496108f693ecebc59e14-dirty,3,burst,80,24,104,1930,29581,80,24,115,23,29470,18778,0,115,18778
fc1a1cd2d37a9100a80a496108f693ecebc59e14-dirty,3,burst,80,24,105,1937,29581,80,24,69,23,29470,11346,0,69,11346
fc1a1cd2d37a9100a80a496108f693ecebc59e14-dirty,3,burst,80,24,106,1944,30535,80,24,145,24,30598,23628,0,145,23628
fc1a1cd2d37a9100a80a496108f693ecebc59e14-dirty,3,burst,80,24,107,1951,29581,80,24,122,24,29644,19912,0,122,19912
fc1a1cd2d37a9100a80a496108f693ecebc59e14-dirty,3,burst,80,24,108,1958,25924,80,24,69,23,25813,11346,0,69,11346
fc1a1cd2d37a9100a80a496108f693ecebc59e14-dirty,3,burst,80,24,109,1965,30694,80,24,122,24,30757,19912,0,122,19912
fc1a1cd2d37a9100a80a496108f693ecebc59e14-dirty,3,burst,80,24,110,1973,29422,80,24,99,24,29485,16196,0,99,16196
fc1a1cd2d37a9100a80a496108f693ecebc59e14-dirty,3,burst,80,24,111,1980,27991,80,24,92,23,27880,15062,0,92,15062
fc1a1cd2d37a9100a80a496108f693ecebc59e14-dirty,3,burst,80,24,112,1987,30694,80,24,122,24,30757,19912,0,122,19912
fc1a1cd2d37a9100a80a496108f693ecebc59e14-dirty,3,burst,80,24,113,1994,25924,80,24,99,24,25987,16196,0,99,16196
fc1a1cd2d37a9100a80a496108f693ecebc59e14-dirty,3,burst,80,24,114,2001,29581,80,24,103,23,29470,16839,0,103,16839
fc1a1cd2d37a9100a80a496108f693ecebc59e14-dirty,3,burst,80,24,115,2008,27991,80,24,77,23,27880,12638,0,77,12638
fc1a1cd2d37a9100a80a496108f693ecebc59e14-dirty,3,burst,80,24,116,2015,21472,80,24,99,24,21535,16196,0,99,16196
fc1a1cd2d37a9100a80a496108f693ecebc59e14-dirty,3,burst,80,24,117,2022,29581,80,24,132,24,29644,21527,0,132,21527
fc1a1cd2d37a9100a80a496108f693ecebc59e14-dirty,3,burst,80,24,118,2030,30535,80,24,122,24,30598,19912,0,122,19912
fc1a1cd2d37a9100a80a496108f693ecebc59e14-dirty,3,burst,80,24,119,2037,29581,80,24,99,24,29644,16196,0,99,16196
fc1a1cd2d37a9100a80a496108f693ecebc59e14-dirty,3,burst,80,24,120,2044,29422,80,24,73,23,29311,11990,0,73,11990
fc1a1cd2d37a9100a80a496108f693ecebc59e14-dirty,3,burst,80,24,121,2051,26878,80,24,122,24,26941,19912,0,122,19912
fc1a1cd2d37a9100a80a496108f693ecebc59e14-dirty,3,burst,80,24,122,2058,30694,80,24,116,24,30757,18942,0,116,18942
fc1a1cd2d37a9100a80a496108f693ecebc59e14-dirty,3,burst,80,24,123,2065,27991,80,24,122,24,28054,19912,0,122,19912
fc1a1cd2d37a9100a80a496108f693ecebc59e14-dirty,3,burst,80,24,124,2072,29104,80,24,99,24,29167,16196,0,99,16196
fc1a1cd2d37a9100a80a496108f693ecebc59e14-dirty,3,burst,80,24,125,2080,30694,80,24,96,24,30757,15710,0,96,15710
fc1a1cd2d37a9100a80a496108f693ecebc59e14-dirty,3,burst,80,24,126,2087,25765,80,24,145,24,25828,23628,0,145,23628
fc1a1cd2d37a9100a80a496108f693ecebc59e14-dirty,3,burst,80,24,127,2094,23062,80,24,99,24,23125,16196,0,99,16196
fc1a1cd2d37a9100a80a496108f693ecebc59e14-dirty,3,burst,80,24,128,2101,26878,80,24,96,24,26941,15710,0,96,15710
fc1a1cd2d37a9100a80a496108f693ecebc59e14-dirty,3,burst,80,24,129,2108,25924,80,24,59,24,25987,9733,0,59,9733
fc1a1cd2d37a9100a80a496108f693ecebc59e14-dirty,3,burst,80,24,130,2115,25924,80,24,115,23,25813,18778,0,115,18778
fc1a1cd2d37a9100a80a496108f693ecebc59e14-dirty,3,burst,80,24,131,2122,30535,80,24,145,24,30598,23628,0,145,23628
fc1a1cd2d37a9100a80a496108f693ecebc59e14-dirty,3,burst,80,24,132,2129,30694,80,24,94,24,30757,15387,0,94,15387
fc1a1cd2d37a9100a80a496108f693ecebc59e14-dirty,3,burst,80,24,133,2137,29581,80,24,84,24,29644,13772,0,84,13772
fc1a1cd2d37a9100a80a496108f693ecebc59e14-dirty,3,burst,80,24,134,2144,29422,80,24,92,23,29311,15062,0,92,15062
fc1a1cd2d37a9100a80a496108f693ecebc59e14-dirty,3,burst,80,24,135,2151,29422,80,24,115,23,29311,18778,0,115,18778
fc1a1cd2d37a9100a80a496108f693ecebc59e14-dirty,3,burst,80,24,136,2158,27991,80,24,115,23,27880,18778,0,115,18778
fc1a1cd2d37a9100a80a496108f693ecebc59e14-dirty,3,burst,80,24,137,2165,29581,80,24,109,23,29470,17808,0,109,17808
fc1a1cd2d37a9100a80a496108f693ecebc59e14-dirty,3,burst,80,24,138,2172,25765,80,24,92,23,25654,15062,0,92,15062
fc1a1cd2d37a9100a80a496108f693ecebc59e14-dirty,3,burst,80,24,139,2180,29422,80,24,92,23,29311,15062,0,92,15062
fc1a1cd2d37a9100a80a496108f693ecebc59e14-dirty,3,burst,80,24,140,2187,29581,80,24,115,23,29470,18778,0,115,18778
fc1a1cd2d37a9100a80a496108f693ecebc59e14-dirty,3,burst,80,24,141,2194,30694,80,24,145,24,30757,23628,0,145,23628
fc1a1cd2d37a9100a80a496108f693ecebc59e14-dirty,3,burst,80,24,142,2201,29740,80,24,96,24,29803,15710,0,96,15710
fc1a1cd2d37a9100a80a496108f693ecebc59e14-dirty,3,burst,80,24,143,2208,29104,80,24,120,24,29167,19588,0,120,19588
fc1a1cd2d37a9100a80a496108f693ecebc59e14-dirty,3,burst,80,24,144,2216,29581,80,24,99,24,29644,16196,0,99,16196
fc1a1cd2d37a9100a80a496108f693ecebc59e14-dirty,3,burst,80,24,145,2223,28309,80,24,115,23,28198,18778,0,115,18778
fc1a1cd2d37a9100a80a496108f693ecebc59e14-dirty,3,burst,80,24,146,2230,25606,80,24,145,24,25669,23628,0,145,23628
fc1a1cd2d37a9100a80a496108f693ecebc59e14-dirty,3,burst,80,24,147,2237,28945,80,24,120,24,29008,19588,0,120,19588
fc1a1cd2d37a9100a80a496108f693ecebc59e14-dirty,3,burst,80,24,148,2244,29581,80,24,122,24,29644,19912,0,122,19912
fc1a1cd2d37a9100a80a496108f693ecebc59e14-dirty,3,burst,80,24,149,2252,27991,80,24,115,23,27880,18778,0,115,18778
fc1a1cd2d37a9100a80a496108f693ecebc59e14-dirty,3,burst,80,24,150,2259,30694,80,24,99,24,30757,16196,0,99,16196
fc1a1cd2d37a9100a80a496108f693ecebc59e14-dirty,3,burst,80,24,151,2266,30694,80,24,120,24,30757,19588,0,120,19588
fc1a1cd2d37a9100a80a496108f693ecebc59e14-dirty,3,burst,80,24,152,2273,29422,80,24,120,24,29485,19588,0,120,19588
fc1a1cd2d37a9100a80a496108f693ecebc59e14-dirty,3,burst,80,24,153,2281,30535,80,24,100,24,30598,16356,0,100,16356
fc1a1cd2d37a9100a80a496108f693ecebc59e14-dirty,3,burst,80,24,154,2288,26878,80,24,120,24,26941,19588,0,120,19588
fc1a1cd2d37a9100a80a496108f693ecebc59e14-dirty,3,burst,80,24,155,2295,30694,80,24,124,24,30757,20234,0,124,20234
fc1a1cd2d37a9100a80a496108f693ecebc59e14-dirty,3,burst,80,24,156,2302,25924,80,24,99,24,25987,16196,0,99,16196
fc1a1cd2d37a9100a80a496108f693ecebc59e14-dirty,3,burst,80,24,157,2310,29422,80,24,75,23,29311,12315,0,75,12315
fc1a1cd2d37a9100a80a496108f693ecebc59e14-dirty,3,burst,80,24,158,2317,29581,80,24,88,23,29470,14416,0,88,14416
fc1a1cd2d37a9100a80a496108f693ecebc59e14-dirty,3,burst,80,24,159,2324,25765,80,24,115,23,25654,18778,0,115,18778
fc1a1cd2d37a9100a80a496108f693ecebc59e14-dirty,3,burst,80,24,160,2331,29581,80,24,129,23,29470,21036,0,129,21036
fc1a1cd2d37a9100a80a496108f693ecebc59e14-dirty,3,burst,80,24,161,2339,30694,80,24,76,24,30757,12480,0,76,12480
fc1a1cd2d37a9100a80a496108f693ecebc59e14-dirty,3,burst,80,24,162,2346,29581,80,24,122,24,29644,19912,0,122,19912
fc1a1cd2d37a9100a80a496108f693ecebc59e14-dirty,3,burst,80,24,163,2353,29422,80,24,115,23,29311,18778,0,115,18778
fc1a1cd2d37a9100a80a496108f693ecebc59e14-dirty,3,burst,80,24,164,2360,23062,80,24,122,24,23125,19912,0,122,19912
fc1a1cd2d37a9100a80a496108f693ecebc59e14-dirty,3,burst,80,24,165,2368,25924,80,24,126,24,25987,20558,0,126,20558
fc1a1cd2d37a9100a80a496108f693ecebc59e14-dirty,3,burst,80,24,166,2375,29581,80,24,92,23,29470,15062,0,92,15062
fc1a1cd2d37a9100a80a496108f693ecebc59e14-dirty,3,burst,80,24,167,2382,27991,80,24,115,23,27880,18778,0,115,18778
fc1a1cd2d37a9100a80a496108f693ecebc59e14-dirty,3,burst,80,24,168,2389,28627,80,24,100,24,28690,16358,0,100,16358
fc1a1cd2d37a9100a80a496108f693ecebc59e14-dirty,3,burst,80,24,169,2397,30535,80,24,120,24,30598,19588,0,120,19588
fc1a1cd2d37a9100a80a496108f693ecebc59e14-dirty,3,burst,80,24,170,2405,26083,80,24,144,24,26146,23466,0,144,23466
fc1a1cd2d37a9100a80a496108f693ecebc59e14-dirty,3,burst,80,24,171,2411,30694,80,24,98,24,30757,16033,0,98,16033
fc1a1cd2d37a9100a80a496108f693ecebc59e14-dirty,3,burst,80,24,172,2419,29581,80,24,122,24,29644,19912,0,122,19912
fc1a1cd2d37a9100a80a496108f693ecebc59e14-dirty,3,burst,80,24,173,2426,29581,80,24,102,23,29470,16677,0,102,16677
fc1a1cd2d37a9100a80a496108f693ecebc59e14-dirty,3,burst,80,24,174,2433,25924,80,24,128,23,25813,20879,0,128,20879
fc1a1cd2d37a9100a80a496108f693ecebc59e14-dirty,3,burst,80,24,175,2441,25924,80,24,115,23,25813,18778,0,115,18778
fc1a1cd2d37a9100a80a496108f693ecebc59e14-dirty,3,burst,80,24,176,2448,29422,80,24,92,23,29311,15062,0,92,15062
fc1a1cd2d37a9100a80a496108f693ecebc59e14-dirty,3,burst,80,24,177,2455,29422,80,24,92,23,29311,15062,0,92,15062
fc1a1cd2d37a9100a80a496108f693ecebc59e14-dirty,3,burst,80,24,178,2462,29581,80,24,118,24,29644,19266,0,118,19266
fc1a1cd2d37a9100a80a496108f693ecebc59e14-dirty,3,burst,80,24,179,2469,21790,80,24,122,24,21853,19912,0,122,19912
fc1a1cd2d37a9100a80a496108f693ecebc59e14-dirty,3,burst,80,24,180,2476,24334,80,24,92,23,24223,15062,0,92,15062
fc1a1cd2d37a9100a80a496108f693ecebc59e14-dirty,3,burst,80,24,181,2484,25924,80,24,115,23,25813,18778,0,115,18778
fc1a1cd2d37a9100a80a496108f693ecebc59e14-dirty,3,burst,80,24,182,2491,20995,80,24,92,23,20884,15062,0,92,15062
fc1a1cd2d37a9100a80a496108f693ecebc59e14-dirty,3,burst,80,24,183,2498,25924,80,24,115,23,25813,18778,0,115,18778
fc1a1cd2d37a9100a80a496108f693ecebc59e14-dirty,3,burst,80,24,184,2505,30694,80,24,136,24,30757,22173,0,136,22173
fc1a1cd2d37a9100a80a496108f693ecebc59e14-dirty,3,burst,80,24,185,2513,29263,80,24,85,24,29326,13932,0,85,13932
fc1a1cd2d37a9100a80a496108f693ecebc59e14-dirty,3,burst,80,24,186,2520,23857,80,24,120,24,23920,19588,0,120,19588
fc1a1cd2d37a9100a80a496108f693ecebc59e14-dirty,3,burst,80,24,187,2527,28786,80,24,99,24,28849,16196,0,99,16196
fc1a1cd2d37a9100a80a496108f693ecebc59e14-dirty,3,burst,80,24,188,2535,29581,80,24,115,23,29470,18778,0,115,18778
fc1a1cd2d37a9100a80a496108f693ecebc59e14-dirty,3,burst,80,24,189,2542,26878,80,24,145,24,26941,23628,0,145,23628
fc1a1cd2d37a9100a80a496108f693ecebc59e14-dirty,3,burst,80,24,190,2549,27991,80,24,122,24,28054,19912,0,122,19912
fc1a1cd2d37a9100a80a496108f693ecebc59e14-dirty,3,burst,80,24,191,2556,26719,80,24,93,24,26782,15230,0,93,15230
fc1a1cd2d37a9100a80a496108f693ecebc59e14-dirty,3,burst,80,24,192,2563,30694,80,24,72,24,30757,11832,0,72,11832
fc1a1cd2d37a9100a80a496108f693ecebc59e14-dirty,3,burst,80,24,193,2571,27673,80,24,121,24,27736,19751,0,121,19751
fc1a1cd2d37a9100a80a496108f693ecebc59e14-dirty,3,burst,80,24,194,2578,29581,80,24,116,23,29470,18939,0,116,18939
fc1a1cd2d37a9100a80a496108f693ecebc59e14-dirty,3,burst,80,24,195,2585,20677,80,24,115,23,20566,18778,0,115,18778
fc1a1cd2d37a9100a80a496108f693ecebc59e14-dirty,3,burst,80,24,196,2592,29422,80,24,111,23,29311,18132,0,111,18132
fc1a1cd2d37a9100a80a496108f693ecebc59e14-dirty,3,burst,80,24,197,2599,30535,80,24,76,24,30598,12480,0,76,12480
fc1a1cd2d37a9100a80a496108f693ecebc59e14-dirty,3,burst,80,24,198,2606,30694,80,24,96,24,30757,15710,0,96,15710
fc1a1cd2d37a9100a80a496108f693ecebc59e14-dirty,3,burst,80,24,199,2613,29581,80,24,122,24,29644,19912,0,122,19912
fc1a1cd2d37a9100a80a496108f693ecebc59e14-dirty,3,burst,80,24,200,2620,30535,80,24,99,24,30598,16196,0,99,16196
fc1a1cd2d37a9100a80a496108f693ecebc59e14-dirty,3,burst,80,24,201,2627,29899,80,24,96,24,29962,15710,0,96,15710
fc1a1cd2d37a9100a80a496108f693ecebc59e14-dirty,3,burst,80,24,202,2634,25924,80,24,99,24,25987,16196,0,99,16196
fc1a1cd2d37a9100a80a496108f693ecebc59e14-dirty,3,burst,80,24,203,2642,29422,80,24,92,23,29311,15062,0,92,15062
fc1a1cd2d37a9100a80a496108f693ecebc59e14-dirty,3,burst,80,24,204,2649,29581,80,24,110,23,29470,17968,0,110,17968
fc1a1cd2d37a9100a80a496108f693ecebc59e14-dirty,3,burst,80,24,205,2656,23062,80,24,99,24,23125,16196,0,99,16196
fc1a1cd2d37a9100a80a496108f693ecebc59e14-dirty,3,burst,80,24,206,2678,29581,80,24,99,24,29644,16196,0,99,16196
fc1a1cd2d37a9100a80a496108f693ecebc59e14-dirty,3,burst,80,24,207,2679,29581,80,24,115,23,29470,18778,0,115,18778
fc1a1cd2d37a9100a80a496108f693ecebc59e14-dirty,3,burst,80,24,208,2679,30535,80,24,122,24,30598,19912,0,122,19912
fc1a1cd2d37a9100a80a496108f693ecebc59e14-dirty,3,burst,80,24,209,2685,30535,80,24,144,24,30598,23466,0,144,23466
fc1a1cd2d37a9100a80a496108f693ecebc59e14-dirty,3,burst,80,24,210,2692,30535,80,24,96,24,30598,15710,0,96,15710
fc1a1cd2d37a9100a80a496108f693ecebc59e14-dirty,3,burst,80,24,211,2699,25924,80,24,99,24,25987,16196,0,99,16196
fc1a1cd2d37a9100a80a496108f693ecebc59e14-dirty,3,burst,80,24,212,2707,27514,80,24,113,23,27403,18454,0,113,18454
fc1a1cd2d37a9100a80a496108f693ecebc59e14-dirty,3,burst,80,24,213,2714,24493,80,24,113,23,24382,18454,0,113,18454
fc1a1cd2d37a9100a80a496108f693ecebc59e14-dirty,3,burst,80,24,214,2721,29581,80,24,168,24,29644,27344,0,168,27344
fc1a1cd2d37a9100a80a496108f693ecebc59e14-dirty,3,burst,80,24,215,2728,25765,80,24,90,24,25828,14738,0,90,14738
fc1a1cd2d37a9100a80a496108f693ecebc59e14-dirty,3,burst,80,24,216,2735,30694,80,24,122,24,30757,19912,0,122,19912
fc1a1cd2d37a9100a80a496108f693ecebc59e14-dirty,3,burst,80,24,217,2742,29581,80,24,76,24,29644,12480,0,76,12480
fc1a1cd2d37a9100a80a496108f693ecebc59e14-dirty,3,burst,80,24,218,2749,30535,80,24,101,24,30598,16519,0,101,16519
fc1a1cd2d37a9100a80a496108f693ecebc59e14-dirty,3,burst,80,24,219,2756,23062,80,24,120,24,23125,19588,0,120,19588
fc1a1cd2d37a9100a80a496108f693ecebc59e14-dirty,3,burst,80,24,220,2763,23062,80,24,63,24,23125,10377,0,63,10377
fc1a1cd2d37a9100a80a496108f693ecebc59e14-dirty,3,burst,80,24,221,2771,29422,80,24,99,24,29485,16196,0,99,16196
fc1a1cd2d37a9100a80a496108f693ecebc59e14-dirty,3,burst,80,24,222,2778,30694,80,24,99,24,30757,16196,0,99,16196
fc1a1cd2d37a9100a80a496108f693ecebc59e14-dirty,3,burst,80,24,223,2785,26878,80,24,120,24,26941,19588,0,120,19588
fc1a1cd2d37a9100a80a496108f693ecebc59e14-dirty,3,burst,80,24,224,2792,30694,80,24,120,24,30757,19588,0,120,19588
fc1a1cd2d37a9100a80a496108f693ecebc59e14-dirty,3,burst,80,24,225,2799,29581,80,24,122,24,29644,19912,0,122,19912
fc1a1cd2d37a9100a80a496108f693ecebc59e14-dirty,3,burst,80,24,226,2806,22744,80,24,99,24,22807,16196,0,99,16196
fc1a1cd2d37a9100a80a496108f693ecebc59e14-dirty,3,burst,80,24,227,2814,28786,80,24,99,24,28849,16196,0,99,16196
fc1a1cd2d37a9100a80a496108f693ecebc59e14-dirty,3,burst,80,24,228,2821,29422,80,24,115,23,29311,18778,0,115,18778
fc1a1cd2d37a9100a80a496108f693ecebc59e14-dirty,3,burst,80,24,229,2828,28309,80,24,113,23,28198,18455,0,113,18455
fc1a1cd2d37a9100a80a496108f693ecebc59e14-dirty,3,burst,80,24,230,2835,25288,80,24,99,24,25351,16196,0,99,16196
fc1a1cd2d37a9100a80a496108f693ecebc59e14-dirty,3,burst,80,24,231,2842,29422,80,24,76,24,29485,12480,0,76,12480
fc1a1cd2d37a9100a80a496108f693ecebc59e14-dirty,3,burst,80,24,232,2849,25765,80,24,115,23,25654,18778,0,115,18778
fc1a1cd2d37a9100a80a496108f693ecebc59e14-dirty,3,burst,80,24,233,2857,29422,80,24,115,23,29311,18778,0,115,18778
fc1a1cd2d37a9100a80a496108f693ecebc59e14-dirty,3,burst,80,24,234,2864,25924,80,24,115,23,25813,18778,0,115,18778
fc1a1cd2d37a9100a80a496108f693ecebc59e14-dirty,3,burst,80,24,235,2871,26560,80,24,122,24,26623,19912,0,122,19912
fc1a1cd2d37a9100a80a496108f693ecebc59e14-dirty,3,burst,80,24,236,2879,22267,80,24,122,24,22330,19912,0,122,19912
fc1a1cd2d37a9100a80a496108f693ecebc59e14-dirty,3,burst,80,24,237,2886,26878,80,24,99,24,26941,16196,0,99,16196
fc1a1cd2d37a9100a80a496108f693ecebc59e14-dirty,3,burst,80,24,238,2893,22108,80,24,122,24,22171,19912,0,122,19912
fc1a1cd2d37a9100a80a496108f693ecebc59e14-dirty,3,burst,80,24,239,2900,26878,80,24,100,23,26767,16358,0,100,16358
fc1a1cd2d37a9100a80a496108f693ecebc59e14-dirty,3,burst,80,24,240,2907,24652,80,24,87,24,24715,14255,0,87,14255
fc1a1cd2d37a9100a80a496108f693ecebc59e14-dirty,3,burst,80,24,241,2914,24334,80,24,101,24,24397,16520,0,101,16520
fc1a1cd2d37a9100a80a496108f693ecebc59e14-dirty,3,burst,80,24,242,2921,29422,80,24,71,23,29311,11668,0,71,11668
fc1a1cd2d37a9100a80a496108f693ecebc59e14-dirty,3,burst,80,24,243,2928,22108,80,24,138,23,21997,22494,0,138,22494
fc1a1cd2d37a9100a80a496108f693ecebc59e14-dirty,3,burst,80,24,244,2936,30535,80,24,99,24,30598,16196,0,99,16196
fc1a1cd2d37a9100a80a496108f693ecebc59e14-dirty,3,burst,80,24,245,2943,29581,80,24,78,24,29644,12804,0,78,12804
fc1a1cd2d37a9100a80a496108f693ecebc59e14-dirty,3,burst,80,24,246,2950,26719,80,24,99,24,26782,16196,0,99,16196
fc1a1cd2d37a9100a80a496108f693ecebc59e14-dirty,3,burst,80,24,247,2957,27832,80,24,122,24,27895,19912,0,122,19912
fc1a1cd2d37a9100a80a496108f693ecebc59e14-dirty,3,burst,80,24,248,2964,29422,80,24,115,23,29311,18778,0,115,18778
fc1a1cd2d37a9100a80a496108f693ecebc59e14-dirty,3,burst,80,24,249,2971,25924,80,24,92,23,25813,15062,0,92,15062
fc1a1cd2d37a9100a80a496108f693ecebc59e14-dirty,3,burst,80,24,250,2979,30694,80,24,76,24,30757,12480,0,76,12480
fc1a1cd2d37a9100a80a496108f693ecebc59e14-dirty,3,burst,80,24,251,2986,30694,80,24,56,24,30757,9246,0,56,9246
fc1a1cd2d37a9100a80a496108f693ecebc59e14-dirty,3,burst,80,24,252,2993,27991,80,24,99,24,28054,16196,0,99,16196
fc1a1cd2d37a9100a80a496108f693ecebc59e14-dirty,3,burst,80,24,253,3000,26401,80,24,129,23,26290,21045,0,129,21045
fc1a1cd2d37a9100a80a496108f693ecebc59e14-dirty,3,burst,80,24,254,3007,28309,80,24,101,23,28198,16511,0,101,16511
fc1a1cd2d37a9100a80a496108f693ecebc59e14-dirty,3,burst,80,24,255,3014,25129,80,24,92,23,25018,15062,0,92,15062
fc1a1cd2d37a9100a80a496108f693ecebc59e14-dirty,3,burst,80,24,256,3022,29581,80,24,69,23,29470,11346,0,69,11346
fc1a1cd2d37a9100a80a496108f693ecebc59e14-dirty,3,burst,80,24,257,3029,26401,80,24,99,24,26464,16196,0,99,16196
fc1a1cd2d37a9100a80a496108f693ecebc59e14-dirty,3,burst,80,24,258,3036,29581,80,24,145,24,29644,23628,0,145,23628
fc1a1cd2d37a9100a80a496108f693ecebc59e14-dirty,3,burst,80,24,259,3044,28150,80,24,115,23,28039,18778,0,115,18778
fc1a1cd2d37a9100a80a496108f693ecebc59e14-dirty,3,burst,80,24,260,3051,30535,80,24,122,24,30598,19912,0,122,19912
fc1a1cd2d37a9100a80a496108f693ecebc59e14-dirty,3,burst,80,24,261,3058,29581,80,24,76,24,29644,12480,0,76,12480
fc1a1cd2d37a9100a80a496108f693ecebc59e14-dirty,3,burst,80,24,262,3066,25288,80,24,109,24,25351,17811,0,109,17811
fc1a1cd2d37a9100a80a496108f693ecebc59e14-dirty,3,burst,80,24,263,3072,16861,80,24,124,24,16924,20236,0,124,20236
fc1a1cd2d37a9100a80a496108f693ecebc59e14-dirty,1,typing,200,50,1,4,37734,200,50,1,1,849,360,0,1,360
fc1a1cd2d37a9100a80a496108f693ecebc59e14-dirty,1,typing,200,50,2,104,37893,200,50,1,1,1008,360,0,1,360
fc1a1cd2d37a9100a80a496108f693ecebc59e14-dirty,1,typing,200,50,3,205,38052,200,50,1,1,1167,360,0,1,360
fc1a1cd2d37a9100a80a496108f693ecebc59e14-dirty,1,typing,200,50,4,301,38211,200,50,1,1,1326,360,0,1,360
fc1a1cd2d37a9100a80a496108f693ecebc59e14-dirty,1,typing,200,50,5,402,38211,200,50,0,0,199,199,0,0,199
fc1a1cd2d37a9100a80a496108f693ecebc59e14-dirty,1,typing,200,50,6,503,38529,200,50,1,1,1644,360,0,1,360
fc1a1cd2d37a9100a80a496108f693ecebc59e14-dirty,1,typing,200,50,7,604,38688,200,50,1,1,1803,360,0,1,360
fc1a1cd2d37a9100a80a496108f693ecebc59e14-dirty,1,typing,200,50,8,704,38848,200,50,1,1,1963,361,0,1,361
fc1a1cd2d37a9100a80a496108f693ecebc59e14-dirty,1,typing,200,50,9,805,38848,200,50,1,1,1963,362,0,1,362
fc1a1cd2d37a9100a80a496108f693ecebc59e14-dirty,1,typing,200,50,10,906,39007,200,50,1,1,2122,362,0,1,362
fc1a1cd2d37a9100a80a496108f693ecebc59e14-dirty,1,typing,200,50,11,1001,39007,200,50,0,0,200,200,0,0,200
fc1a1cd2d37a9100a80a496108f693ecebc59e14-dirty,1,typing,200,50,12,1102,39325,200,50,1,1,2440,362,0,1,362
fc1a1cd2d37a9100a80a496108f693ecebc59e14-dirty,1,typing,200,50,13,1203,39484,200,50,1,1,2599,362,0,1,362
fc1a1cd2d37a9100a80a496108f693ecebc59e14-dirty,1,typing,200,50,14,1304,39643,200,50,1,1,2758,362,0,1,362
fc1a1cd2d37a9100a80a496108f693ecebc59e14-dirty,1,typing,200,50,15,1404,39802,200,50,1,1,2917,362,0,1,362
fc1a1cd2d37a9100a80a496108f693ecebc59e14-dirty,1,typing,200,50,16,1505,39961,200,50,1,1,3076,362,0,1,362
fc1a1cd2d37a9100a80a496108f693ecebc59e14-dirty,1,typing,200,50,17,1609,40437,200,50,103,50,40578,16887,0,103,16887
fc1a1cd2d37a9100a80a496108f693ecebc59e14-dirty,1,typing,200,50,18,1705,40755,200,50,1,1,849,360,0,1,360
fc1a1cd2d37a9100a80a496108f693ecebc59e14-dirty,1,typing,200,50,19,1846,40914,200,50,1,1,1008,360,0,1,360
fc1a1cd2d37a9100a80a496108f693ecebc59e14-dirty,1,typing,200,50,20,1901,41073,200,50,1,1,1167,360,0,1,360
fc1a1cd2d37a9100a80a496108f693ecebc59e14-dirty,1,typing,200,50,21,2002,43935,200,50,128,50,44076,20951,0,128,20951
fc1a1cd2d37a9100a80a496108f693ecebc59e14-dirty,1,typing,200,50,22,2103,44253,200,50,1,1,849,360,0,1,360
fc1a1cd2d37a9100a80a496108f693ecebc59e14-dirty,1,typing,200,50,23,2204,44412,200,50,1,1,1008,360,0,1,360
fc1a1cd2d37a9100a80a496108f693ecebc59e14-dirty,1,typing,200,50,24,2304,44571,200,50,1,1,1167,360,0,1,360
fc1a1cd2d37a9100a80a496108f693ecebc59e14-dirty,1,typing,200,50,25,2405,44730,200,50,1,1,1326,360,0,1,360
fc1a1cd2d37a9100a80a496108f693ecebc59e14-dirty,1,typing,200,50,26,2506,44889,200,50,1,1,1485,360,0,1,360
fc1a1cd2d37a9100a80a496108f693ecebc59e14-dirty,1,typing,200,50,27,2602,45048,200,50,1,1,1644,360,0,1,360
fc1a1cd2d37a9100a80a496108f693ecebc59e14-dirty,1,typing,200,50,28,2703,45048,200,50,0,0,199,199,0,0,199
fc1a1cd2d37a9100a80a496108f693ecebc59e14-dirty,1,typing,200,50,29,2804,45367,200,50,1,1,1963,361,0,1,361
fc1a1cd2d37a9100a80a496108f693ecebc59e14-dirty,1,typing,200,50,30,2905,45526,200,50,1,1,2122,362,0,1,362
fc1a1cd2d37a9100a80a496108f693ecebc59e14-dirty,1,typing,200,50,31,3005,45685,200,50,1,1,2281,362,0,1,362
fc1a1cd2d37a9100a80a496108f693ecebc59e14-dirty,1,typing,200,50,32,3101,45844,200,50,1,1,2440,362,0,1,362
fc1a1cd2d37a9100a80a496108f693ecebc59e14-dirty,1,typing,200,50,33,3202,45844,200,50,0,0,200,200,0,0,200
fc1a1cd2d37a9100a80a496108f693ecebc59e14-dirty,1,typing,200,50,34,3303,46162,200,50,1,1,2758,362,0,1,362
fc1a1cd2d37a9100a80a496108f693ecebc59e14-dirty,1,typing,200,50,35,3404,46321,200,50,1,1,2917,362,0,1,362
fc1a1cd2d37a9100a80a496108f693ecebc59e14-dirty,1,typing,200,50,36,3504,46480,200,50,1,1,3076,362,0,1,362
fc1a1cd2d37a9100a80a496108f693ecebc59e14-dirty,1,typing,200,50,37,3605,46480,200,50,0,0,200,200,0,0,200
fc1a1cd2d37a9100a80a496108f693ecebc59e14-dirty,1,typing,200,50,38,3706,46798,200,50,1,1,3394,362,0,1,362
fc1a1cd2d37a9100a80a496108f693ecebc59e14-dirty,1,typing,200,50,39,3802,46957,200,50,1,1,3553,362,0,1,362
fc1a1cd2d37a9100a80a496108f693ecebc59e14-dirty,1,typing,200,50,40,3903,47116,200,50,1,1,3712,362,0,1,362
fc1a1cd2d37a9100a80a496108f693ecebc59e14-dirty,1,typing,200,50,41,4003,47275,200,50,1,1,3871,362,0,1,362
fc1a1cd2d37a9100a80a496108f693ecebc59e14-dirty,1,typing,200,50,42,4104,47275,200,50,1,1,3871,362,0,1,362
fc1a1cd2d37a9100a80a496108f693ecebc59e14-dirty,1,typing,200,50,43,4205,47435,200,50,1,1,4031,363,0,1,363
fc1a1cd2d37a9100a80a496108f693ecebc59e14-dirty,1,typing,200,50,44,4306,47594,200,50,1,1,4190,362,0,1,362
fc1a1cd2d37a9100a80a496108f693ecebc59e14-dirty,1,typing,200,50,45,4401,47753,200,50,1,1,4349,362,0,1,362
fc1a1cd2d37a9100a80a496108f693ecebc59e14-dirty,1,typing,200,50,46,4502,48547,200,50,188,50,48688,30714,0,188,30714
fc1a1cd2d37a9100a80a496108f693ecebc59e14-dirty,1,typing,200,50,47,4603,48865,200,50,1,1,849,360,0,1,360
fc1a1cd2d37a9100a80a496108f693ecebc59e14-dirty,1,typing,200,50,48,4704,49024,200,50,1,1,1008,360,0,1,360
fc1a1cd2d37a9100a80a496108f693ecebc59e14-dirty,1,typing,200,50,49,4805,49183,200,50,1,1,1167,360,0,1,360
fc1a1cd2d37a9100a80a496108f693ecebc59e14-dirty,1,typing,200,50,50,4906,49342,200,50,1,1,1326,360,0,1,360
fc1a1cd2d37a9100a80a496108f693ecebc59e14-dirty,1,typing,200,50,51,5006,48865,200,50,184,50,49006,30057,0,184,30057
fc1a1cd2d37a9100a80a496108f693ecebc59e14-dirty,1,typing,200,50,52,5102,49183,200,50,1,1,849,360,0,1,360
fc1a1cd2d37a9100a80a496108f693ecebc59e14-dirty,1,typing,200,50,53,5203,49342,200,50,1,1,1008,360,0,1,360
fc1a1cd2d37a9100a80a496108f693ecebc59e14-dirty,1,typing,200,50,54,5304,49501,200,50,1,1,1167,360,0,1,360
fc1a1cd2d37a9100a80a496108f693ecebc59e14-dirty,1,typing,200,50,55,5405,49660,200,50,1,1,1326,360,0,1,360
fc1a1cd2d37a9100a80a496108f693ecebc59e14-dirty,1,typing,200,50,56,5506,49660,200,50,0,0,199,199,0,0,199
fc1a1cd2d37a9100a80a496108f693ecebc59e14-dirty,1,typing,200,50,57,5606,49978,200,50,1,1,1644,360,0,1,360
fc1a1cd2d37a9100a80a496108f693ecebc59e14-dirty,1,typing,200,50,58,5702,50137,200,50,1,1,1803,360,0,1,360
fc1a1cd2d37a9100a80a496108f693ecebc59e14-dirty,1,typing,200,50,59,5803,50297,200,50,1,1,1963,361,0,1,361
fc1a1cd2d37a9100a80a496108f693ecebc59e14-dirty,1,typing,200,50,60,5904,50297,200,50,0,0,200,200,0,0,200
fc1a1cd2d37a9100a80a496108f693ecebc59e14-dirty,1,typing,200,50,61,6004,50615,200,50,1,1,2281,362,0,1,362
fc1a1cd2d37a9100a80a496108f693ecebc59e14-dirty,1,typing,200,50,62,6106,50774,200,50,1,1,2440,362,0,1,362
fc1a1cd2d37a9100a80a496108f693ecebc59e14-dirty,1,typing,200,50,63,6206,50933,200,50,1,1,2599,362,0,1,362
fc1a1cd2d37a9100a80a496108f693ecebc59e14-dirty,1,typing,200,50,64,6302,51092,200,50,1,1,2758,362,0,1,362
fc1a1cd2d37a9100a80a496108f693ecebc59e14-dirty,1,typing,200,50,65,6444,51251,200,50,1,1,2917,362,0,1,362
fc1a1cd2d37a9100a80a496108f693ecebc59e14-dirty,1,typing,200,50,66,6504,51251,200,50,0,0,200,200,0,0,200
fc1a1cd2d37a9100a80a496108f693ecebc59e14-dirty,1,typing,200,50,67,6605,51569,200,50,1,1,3235,362,0,1,362
fc1a1cd2d37a9100a80a496108f693ecebc59e14-dirty,1,typing,200,50,68,6705,51728,200,50,1,1,3394,362,0,1,362
fc1a1cd2d37a9100a80a496108f693ecebc59e14-dirty,1,typing,200,50,69,6806,51887,200,50,1,1,3553,362,0,1,362
fc1a1cd2d37a9100a80a496108f693ecebc59e14-dirty,1,typing,200,50,70,6902,52046,200,50,1,1,3712,362,0,1,362
fc1a1cd2d37a9100a80a496108f693ecebc59e14-dirty,1,typing,200,50,71,7003,52205,200,50,1,1,3871,362,0,1,362
fc1a1cd2d37a9100a80a496108f693ecebc59e14-dirty,1,typing,200,50,72,7104,52205,200,50,0,0,200,200,0,0,200
fc1a1cd2d37a9100a80a496108f693ecebc59e14-dirty,1,typing,200,50,73,7205,52523,200,50,1,1,4189,362,0,1,362
fc1a1cd2d37a9100a80a496108f693ecebc59e14-dirty,1,typing,200,50,74,7305,52682,200,50,1,1,4348,362,0,1,362
fc1a1cd2d37a9100a80a496108f693ecebc59e14-dirty,1,typing,200,50,75,7406,52841,200,50,1,1,4507,362,0,1,362
fc1a1cd2d37a9100a80a496108f693ecebc59e14-dirty,1,typing,200,50,76,7502,52841,200,50,0,0,200,200,0,0,200
fc1a1cd2d37a9100a80a496108f693ecebc59e14-dirty,1,typing,200,50,77,7603,53159,200,50,1,1,4825,362,0,1,362
fc1a1cd2d37a9100a80a496108f693ecebc59e14-dirty,1,typing,200,50,78,7703,53318,200,50,1,1,4984,362,0,1,362
fc1a1cd2d37a9100a80a496108f693ecebc59e14-dirty,1,typing,200,50,79,7804,53477,200,50,1,1,5143,362,0,1,362
fc1a1cd2d37a9100a80a496108f693ecebc59e14-dirty,1,typing,200,50,80,7905,53636,200,50,1,1,5302,362,0,1,362
fc1a1cd2d37a9100a80a496108f693ecebc59e14-dirty,1,typing,200,50,81,8006,53795,200,50,1,1,5461,362,0,1,362
fc1a1cd2d37a9100a80a496108f693ecebc59e14-dirty,1,typing,200,50,82,8102,53795,200,50,0,0,200,200,0,0,200
fc1a1cd2d37a9100a80a496108f693ecebc59e14-dirty,1,typing,200,50,83,8203,54113,200,50,1,1,5779,362,0,1,362
fc1a1cd2d37a9100a80a496108f693ecebc59e14-dirty,1,typing,200,50,84,8303,54272,200,50,1,1,5938,362,0,1,362
fc1a1cd2d37a9100a80a496108f693ecebc59e14-dirty,1,typing,200,50,85,8404,54431,200,50,1,1,6097,362,0,1,362
fc1a1cd2d37a9100a80a496108f693ecebc59e14-dirty,1,typing,200,50,86,8505,54590,200,50,1,1,6256,362,0,1,362
fc1a1cd2d37a9100a80a496108f693ecebc59e14-dirty,1,typing,200,50,87,8606,54590,200,50,0,0,200,200,0,0,200
fc1a1cd2d37a9100a80a496108f693ecebc59e14-dirty,1,typing,200,50,88,8707,54908,200,50,1,1,6574,362,0,1,362
fc1a1cd2d37a9100a80a496108f693ecebc59e14-dirty,1,typing,200,50,89,8802,55067,200,50,1,1,6733,362,0,1,362
fc1a1cd2d37a9100a80a496108f693ecebc59e14-dirty,1,typing,200,50,90,8903,55226,200,50,1,1,6892,362,0,1,362
fc1a1cd2d37a9100a80a496108f693ecebc59e14-dirty,1,typing,200,50,91,9004,55226,200,50,0,0,200,200,0,0,200
fc1a1cd2d37a9100a80a496108f693ecebc59e14-dirty,1,typing,200,50,92,9105,55544,200,50,1,1,7210,362,0,1,362
fc1a1cd2d37a9100a80a496108f693ecebc59e14-dirty,1,typing,200,50,93,9206,55703,200,50,1,1,7369,362,0,1,362
fc1a1cd2d37a9100a80a496108f693ecebc59e14-dirty,1,typing,200,50,94,9306,55862,200,50,1,1,7528,362,0,1,362
fc1a1cd2d37a9100a80a496108f693ecebc59e14-dirty,1,typing,200,50,95,9402,56021,200,50,1,1,7687,362,0,1,362
fc1a1cd2d37a9100a80a496108f693ecebc59e14-dirty,1,typing,200,50,96,9503,56021,200,50,0,0,200,200,0,0,200
fc1a1cd2d37a9100a80a496108f693ecebc59e14-dirty,1,typing,200,50,97,9604,56339,200,50,1,1,8005,362,0,1,362
fc1a1cd2d37a9100a80a496108f693ecebc59e14-dirty,1,typing,200,50,98,9705,56498,200,50,1,1,8164,362,0,1,362
fc1a1cd2d37a9100a80a496108f693ecebc59e14-dirty,1,typing,200,50,99,9806,56657,200,50,1,1,8323,362,0,1,362
fc1a1cd2d37a9100a80a496108f693ecebc59e14-dirty,1,typing,200,50,100,9906,62380,200,50,300,50,62521,48950,0,300,48950
fc1a1cd2d37a9100a80a496108f693ecebc59e14-dirty,1,typing,200,50,101,10002,62698,200,50,1,1,849,360,0,1,360
fc1a1cd2d37a9100a80a496108f693ecebc59e14-dirty,1,typing,200,50,102,10103,62857,200,50,1,1,1008,360,0,1,360
fc1a1cd2d37a9100a80a496108f693ecebc59e14-dirty,1,typing,200,50,103,10204,62857,200,50,0,0,199,199,0,0,199
fc1a1cd2d37a9100a80a496108f693ecebc59e14-dirty,1,typing,200,50,104,10305,63175,200,50,1,1,1326,360,0,1,360
fc1a1cd2d37a9100a80a496108f693ecebc59e14-dirty,1,typing,200,50,105,10406,63334,200,50,1,1,1485,360,0,1,360
fc1a1cd2d37a9100a80a496108f693ecebc59e14-dirty,1,typing,200,50,106,10507,63493,200,50,1,1,1644,360,0,1,360
fc1a1cd2d37a9100a80a496108f693ecebc59e14-dirty,1,typing,200,50,107,10607,63652,200,50,1,1,1803,360,0,1,360
fc1a1cd2d37a9100a80a496108f693ecebc59e14-dirty,1,typing,200,50,108,10703,63175,200,50,305,50,63316,49757,1,200,32899
fc1a1cd2d37a9100a80a496108f693ecebc59e14-dirty,1,typing,200,50,109,10804,63493,200,50,1,1,849,360,0,1,360
fc1a1cd2d37a9100a80a496108f693ecebc59e14-dirty,1,typing,200,50,110,10905,63652,200,50,1,1,1008,360,0,1,360
fc1a1cd2d37a9100a80a496108f693ecebc59e14-dirty,1,typing,200,50,111,11006,63652,200,50,0,0,199,199,0,0,199
fc1a1cd2d37a9100a80a496108f693ecebc59e14-dirty,1,typing,200,50,112,11107,63970,200,50,1,1,1326,360,0,1,360
fc1a1cd2d37a9100a80a496108f693ecebc59e14-dirty,1,typing,200,50,113,11202,63334,200,50,306,50,63475,49919,1,200,32899
fc1a1cd2d37a9100a80a496108f693ecebc59e14-dirty,1,typing,200,50,114,11208,66673,200,50,326,50,66814,53173,1,224,36801
fc1a1cd2d37a9100a80a496108f693ecebc59e14-dirty,1,typing,200,50,115,11304,66991,200,50,1,1,849,360,0,1,360
fc1a1cd2d37a9100a80a496108f693ecebc59e14-dirty,1,typing,200,50,116,11447,67150,200,50,1,1,1008,360,0,1,360
fc1a1cd2d37a9100a80a496108f693ecebc59e14-dirty,1,typing,200,50,117,11505,67309,200,50,1,1,1167,360,0,1,360
fc1a1cd2d37a9100a80a496108f693ecebc59e14-dirty,1,typing,200,50,118,11648,67468,200,50,1,1,1326,360,0,1,360
fc1a1cd2d37a9100a80a496108f693ecebc59e14-dirty,1,typing,200,50,119,11707,67468,200,50,0,0,199,199,0,0,199
fc1a1cd2d37a9100a80a496108f693ecebc59e14-dirty,1,typing,200,50,120,11803,67786,200,50,1,1,1644,360,0,1,360
fc1a1cd2d37a9100a80a496108f693ecebc59e14-dirty,1,typing,200,50,121,11903,67945,200,50,1,1,1803,360,0,1,360
fc1a1cd2d37a9100a80a496108f693ecebc59e14-dirty,1,typing,200,50,122,12004,68105,200,50,1,1,1963,361,0,1,361
fc1a1cd2d37a9100a80a496108f693ecebc59e14-dirty,1,typing,200,50,123,12106,68264,200,50,1,1,2122,362,0,1,362
fc1a1cd2d37a9100a80a496108f693ecebc59e14-dirty,1,typing,200,50,124,12206,68264,200,50,0,0,200,200,0,0,200
fc1a1cd2d37a9100a80a496108f693ecebc59e14-dirty,1,typing,200,50,125,12307,68582,200,50,1,1,2440,362,0,1,362
fc1a1cd2d37a9100a80a496108f693ecebc59e14-dirty,1,typing,200,50,126,12403,68741,200,50,1,1,2599,362,0,1,362
fc1a1cd2d37a9100a80a496108f693ecebc59e14-dirty,1,typing,200,50,127,12504,68900,200,50,1,1,2758,362,0,1,362
fc1a1cd2d37a9100a80a496108f693ecebc59e14-dirty,1,typing,200,50,128,12604,69059,200,50,1,1,2917,362,0,1,362
fc1a1cd2d37a9100a80a496108f693ecebc59e14-dirty,1,typing,200,50,129,12705,69059,200,50,0,0,200,200,0,0,200
fc1a1cd2d37a9100a80a496108f693ecebc59e14-dirty,1,typing,200,50,130,12806,69377,200,50,1,1,3235,362,0,1,362
fc1a1cd2d37a9100a80a496108f693ecebc59e14-dirty,1,typing,200,50,131,12907,69536,200,50,1,1,3394,362,0,1,362
fc1a1cd2d37a9100a80a496108f693ecebc59e14-dirty,1,typing,200,50,132,13008,69695,200,50,1,1,3553,362,0,1,362
fc1a1cd2d37a9100a80a496108f693ecebc59e14-dirty,1,typing,200,50,133,13103,69695,200,50,0,0,200,200,0,0,200
fc1a1cd2d37a9100a80a496108f693ecebc59e14-dirty,1,typing,200,50,134,13204,70013,200,50,1,1,3871,362,0,1,362
fc1a1cd2d37a9100a80a496108f693ecebc59e14-dirty,1,typing,200,50,135,13306,70172,200,50,1,1,4030,362,0,1,362
fc1a1cd2d37a9100a80a496108f693ecebc59e14-dirty,1,typing,200,50,136,13406,70331,200,50,1,1,4189,362,0,1,362
fc1a1cd2d37a9100a80a496108f693ecebc59e14-dirty,1,typing,200,50,137,13507,70490,200,50,1,1,4348,362,0,1,362
fc1a1cd2d37a9100a80a496108f693ecebc59e14-dirty,1,typing,200,50,138,13607,70649,200,50,1,1,4507,362,0,1,362
fc1a1cd2d37a9100a80a496108f693ecebc59e14-dirty,1,typing,200,50,139,13703,70649,200,50,0,0,200,200,0,0,200
fc1a1cd2d37a9100a80a496108f693ecebc59e14-dirty,1,typing,200,50,140,13804,70967,200,50,1,1,4825,362,0,1,362
fc1a1cd2d37a9100a80a496108f693ecebc59e14-dirty,1,typing,200,50,141,13905,71126,200,50,1,1,4984,362,0,1,362
fc1a1cd2d37a9100a80a496108f693ecebc59e14-dirty,1,typing,200,50,142,14006,71285,200,50,1,1,5143,362,0,1,362
fc1a1cd2d37a9100a80a496108f693ecebc59e14-dirty,1,typing,200,50,143,14107,71444,200,50,1,1,5302,362,0,1,362
fc1a1cd2d37a9100a80a496108f693ecebc59e14-dirty,1,typing,200,50,144,14207,71603,200,50,1,1,5461,362,0,1,362
fc1a1cd2d37a9100a80a496108f693ecebc59e14-dirty,1,typing,200,50,145,14303,74464,200,50,430,50,74605,70102,2,400,65589
fc1a1cd2d37a9100a80a496108f693ecebc59e14-dirty,1,typing,200,50,146,14405,74782,200,50,1,1,849,360,0,1,360
fc1a1cd2d37a9100a80a496108f693ecebc59e14-dirty,1,typing,200,50,147,14506,74941,200,50,1,1,1008,360,0,1,360
fc1a1cd2d37a9100a80a496108f693ecebc59e14-dirty,1,typing,200,50,148,14607,75100,200,50,1,1,1167,360,0,1,360
fc1a1cd2d37a9100a80a496108f693ecebc59e14-dirty,1,typing,200,50,149,14707,75100,200,50,0,0,199,199,0,0,199
fc1a1cd2d37a9100a80a496108f693ecebc59e14-dirty,1,typing,200,50,150,14803,75418,200,50,1,1,1485,360,0,1,360
fc1a1cd2d37a9100a80a496108f693ecebc59e14-dirty,1,typing,200,50,151,14904,75418,200,50,0,0,199,199,0,0,199
fc1a1cd2d37a9100a80a496108f693ecebc59e14-dirty,1,typing,200,50,152,15005,75736,200,50,1,1,1803,360,0,1,360
fc1a1cd2d37a9100a80a496108f693ecebc59e14-dirty,1,typing,200,50,153,15106,75896,200,50,1,1,1963,361,0,1,361
fc1a1cd2d37a9100a80a496108f693ecebc59e14-dirty,1,typing,200,50,154,15207,75896,200,50,0,0,200,200,0,0,200
fc1a1cd2d37a9100a80a496108f693ecebc59e14-dirty,1,typing,200,50,155,15307,76214,200,50,1,1,2281,362,0,1,362
fc1a1cd2d37a9100a80a496108f693ecebc59e14-dirty,1,typing,200,50,156,15403,76214,200,50,0,0,200,200,0,0,200
fc1a1cd2d37a9100a80a496108f693ecebc59e14-dirty,1,typing,200,50,157,15504,76532,200,50,1,1,2599,362,0,1,362
fc1a1cd2d37a9100a80a496108f693ecebc59e14-dirty,1,typing,200,50,158,15605,76532,200,50,0,0,200,200,0,0,200
fc1a1cd2d37a9100a80a496108f693ecebc59e14-dirty,1,typing,200,50,159,15706,76850,200,50,1,1,2917,362,0,1,362
fc1a1cd2d37a9100a80a496108f693ecebc59e14-dirty,1,typing,200,50,160,15807,77009,200,50,1,1,3076,362,0,1,362
fc1a1cd2d37a9100a80a496108f693ecebc59e14-dirty,1,typing,200,50,161,15907,77009,200,50,0,0,200,200,0,0,200
fc1a1cd2d37a9100a80a496108f693ecebc59e14-dirty,1,typing,200,50,162,16003,77327,200,50,1,1,3394,362,0,1,362
fc1a1cd2d37a9100a80a496108f693ecebc59e14-dirty,1,typing,200,50,163,16104,77486,200,50,1,1,3553,362,0,1,362
fc1a1cd2d37a9100a80a496108f693ecebc59e14-dirty,1,typing,200,50,164,16205,77486,200,50,0,0,200,200,0,0,200
fc1a1cd2d37a9100a80a496108f693ecebc59e14-dirty,1,typing,200,50,165,16306,77804,200,50,1,1,3871,362,0,1,362
fc1a1cd2d37a9100a80a496108f693ecebc59e14-dirty,1,typing,200,50,166,16407,77963,200,50,1,1,4030,362,0,1,362
fc1a1cd2d37a9100a80a496108f693ecebc59e14-dirty,1,typing,200,50,167,16507,78122,200,50,1,1,4189,362,0,1,362
fc1a1cd2d37a9100a80a496108f693ecebc59e14-dirty,1,typing,200,50,168,16603,78281,200,50,1,1,4348,362,0,1,362
fc1a1cd2d37a9100a80a496108f693ecebc59e14-dirty,1,typing,200,50,169,16704,78281,200,50,0,0,200,200,0,0,200
fc1a1cd2d37a9100a80a496108f693ecebc59e14-dirty,1,typing,200,50,170,16805,78600,200,50,1,1,4667,363,0,1,363
fc1a1cd2d37a9100a80a496108f693ecebc59e14-dirty,1,typing,200,50,171,16906,78759,200,50,1,1,4826,362,0,1,362
fc1a1cd2d37a9100a80a496108f693ecebc59e14-dirty,1,typing,200,50,172,17007,78918,200,50,1,1,4985,362,0,1,362
fc1a1cd2d37a9100a80a496108f693ecebc59e14-dirty,1,typing,200,50,173,17108,79077,200,50,1,1,5144,362,0,1,362
fc1a1cd2d37a9100a80a496108f693ecebc59e14-dirty,1,typing,200,50,174,17245,79236,200,50,1,1,5303,362,0,1,362
fc1a1cd2d37a9100a80a496108f693ecebc59e14-dirty,1,typing,200,50,175,17304,79236,200,50,0,0,200,200,0,0,200
fc1a1cd2d37a9100a80a496108f693ecebc59e14-dirty,1,typing,200,50,176,17405,79554,200,50,1,1,5621,362,0,1,362
fc1a1cd2d37a9100a80a496108f693ecebc59e14-dirty,1,typing,200,50,177,17506,79713,200,50,1,1,5780,362,0,1,362
fc1a1cd2d37a9100a80a496108f693ecebc59e14-dirty,1,typing,200,50,178,17607,79873,200,50,1,1,5940,363,0,1,363
fc1a1cd2d37a9100a80a496108f693ecebc59e14-dirty,1,typing,200,50,179,17708,80032,200,50,1,1,6099,362,0,1,362
fc1a1cd2d37a9100a80a496108f693ecebc59e14-dirty,1,typing,200,50,180,17808,80032,200,50,0,0,200,200,0,0,200
fc1a1cd2d37a9100a80a496108f693ecebc59e14-dirty,1,typing,200,50,181,17904,80350,200,50,1,1,6417,362,0,1,362
fc1a1cd2d37a9100a80a496108f693ecebc59e14-dirty,1,typing,200,50,182,18005,80509,200,50,1,1,6576,362,0,1,362
fc1a1cd2d37a9100a80a496108f693ecebc59e14-dirty,1,typing,200,50,183,18106,80668,200,50,1,1,6735,362,0,1,362
fc1a1cd2d37a9100a80a496108f693ecebc59e14-dirty,1,typing,200,50,184,18207,80827,200,50,1,1,6894,362,0,1,362
fc1a1cd2d37a9100a80a496108f693ecebc59e14-dirty,1,typing,200,50,185,18349,81462,200,50,484,50,81603,78873,0,484,78873
fc1a1cd2d37a9100a80a496108f693ecebc59e14-dirty,1,typing,200,50,186,18408,81780,200,50,1,1,849,360,0,1,360
fc1a1cd2d37a9100a80a496108f693ecebc59e14-dirty,1,typing,200,50,187,18504,81939,200,50,1,1,1008,360,0,1,360
fc1a1cd2d37a9100a80a496108f693ecebc59e14-dirty,1,typing,200,50,188,18605,82098,200,50,1,1,1167,360,0,1,360
fc1a1cd2d37a9100a80a496108f693ecebc59e14-dirty,1,typing,200,50,189,18706,82257,200,50,1,1,1326,360,0,1,360
fc1a1cd2d37a9100a80a496108f693ecebc59e14-dirty,1,typing,200,50,190,18807,82416,200,50,1,1,1485,360,0,1,360
fc1a1cd2d37a9100a80a496108f693ecebc59e14-dirty,1,typing,200,50,191,18908,82575,200,50,1,1,1644,360,0,1,360
fc1a1cd2d37a9100a80a496108f693ecebc59e14-dirty,1,typing,200,50,192,19009,82575,200,50,0,0,199,199,0,0,199
fc1a1cd2d37a9100a80a496108f693ecebc59e14-dirty,1,typing,200,50,193,19104,82894,200,50,1,1,1963,361,0,1,361
fc1a1cd2d37a9100a80a496108f693ecebc59e14-dirty,1,typing,200,50,194,19205,83053,200,50,1,1,2122,362,0,1,362
fc1a1cd2d37a9100a80a496108f693ecebc59e14-dirty,1,typing,200,50,195,19306,83212,200,50,1,1,2281,362,0,1,362
fc1a1cd2d37a9100a80a496108f693ecebc59e14-dirty,1,typing,200,50,196,19407,83372,200,50,1,1,2441,363,0,1,363
fc1a1cd2d37a9100a80a496108f693ecebc59e14-dirty,1,typing,200,50,197,19508,83531,200,50,1,1,2600,362,0,1,362
fc1a1cd2d37a9100a80a496108f693ecebc59e14-dirty,1,typing,200,50,198,19604,83690,200,50,1,1,2759,362,0,1,362
fc1a1cd2d37a9100a80a496108f693ecebc59e14-dirty,1,typing,200,50,199,19705,83690,200,50,0,0,200,200,0,0,200
fc1a1cd2d37a9100a80a496108f693ecebc59e14-dirty,1,typing,200,50,200,19805,84008,200,50,1,1,3077,362,0,1,362
fc1a1cd2d37a9100a80a496108f693ecebc59e14-dirty,1,typing,200,50,201,19906,84167,200,50,1,1,3236,362,0,1,362
fc1a1cd2d37a9100a80a496108f693ecebc59e14-dirty,1,typing,200,50,202,20007,84326,200,50,1,1,3395,362,0,1,362
fc1a1cd2d37a9100a80a496108f693ecebc59e14-dirty,1,typing,200,50,203,20108,84485,200,50,1,1,3554,362,0,1,362
fc1a1cd2d37a9100a80a496108f693ecebc59e14-dirty,1,typing,200,50,204,20204,84644,200,50,1,1,3713,362,0,1,362
fc1a1cd2d37a9100a80a496108f693ecebc59e14-dirty,1,typing,200,50,205,20305,84644,200,50,0,0,200,200,0,0,200
fc1a1cd2d37a9100a80a496108f693ecebc59e14-dirty,1,typing,200,50,206,20406,84962,200,50,1,1,4031,362,0,1,362
fc1a1cd2d37a9100a80a496108f693ecebc59e14-dirty,1,typing,200,50,207,20507,85121,200,50,1,1,4190,362,0,1,362
fc1a1cd2d37a9100a80a496108f693ecebc59e14-dirty,1,typing,200,50,208,20608,85280,200,50,1,1,4349,362,0,1,362
fc1a1cd2d37a9100a80a496108f693ecebc59e14-dirty,1,typing,200,50,209,20708,85439,200,50,1,1,4508,362,0,1,362
fc1a1cd2d37a9100a80a496108f693ecebc59e14-dirty,1,typing,200,50,210,20804,85439,200,50,0,0,200,200,0,0,200
fc1a1cd2d37a9100a80a496108f693ecebc59e14-dirty,1,typing,200,50,211,20947,85757,200,50,1,1,4826,362,0,1,362
fc1a1cd2d37a9100a80a496108f693ecebc59e14-dirty,1,typing,200,50,212,21006,85916,200,50,1,1,4985,362,0,1,362
fc1a1cd2d37a9100a80a496108f693ecebc59e14-dirty,1,typing,200,50,213,21107,86075,200,50,1,1,5144,362,0,1,362
fc1a1cd2d37a9100a80a496108f693ecebc59e14-dirty,1,typing,200,50,214,21208,86075,200,50,1,1,5144,362,0,1,362
fc1a1cd2d37a9100a80a496108f693ecebc59e14-dirty,1,typing,200,50,215,21350,86234,200,50,1,1,5303,362,0,1,362
fc1a1cd2d37a9100a80a496108f693ecebc59e14-dirty,1,typing,200,50,216,21405,86234,200,50,0,0,200,200,0,0,200
fc1a1cd2d37a9100a80a496108f693ecebc59e14-dirty,1,typing,200,50,217,21505,86552,200,50,1,1,5621,362,0,1,362
fc1a1cd2d37a9100a80a496108f693ecebc59e14-dirty,1,typing,200,50,218,21606,86711,200,50,1,1,5780,362,0,1,362
fc1a1cd2d37a9100a80a496108f693ecebc59e14-dirty,1,typing,200,50,219,21748,86870,200,50,1,1,5939,362,0,1,362
fc1a1cd2d37a9100a80a496108f693ecebc59e14-dirty,1,typing,200,50,220,21808,87029,200,50,1,1,6098,362,0,1,362
fc1a1cd2d37a9100a80a496108f693ecebc59e14-dirty,1,typing,200,50,221,21904,87188,200,50,1,1,6257,362,0,1,362
fc1a1cd2d37a9100a80a496108f693ecebc59e14-dirty,1,typing,200,50,222,22005,87028,200,50,557,50,87169,90746,0,557,90746
fc1a1cd2d37a9100a80a496108f693ecebc59e14-dirty,1,typing,200,50,223,22106,87346,200,50,1,1,849,360,0,1,360
fc1a1cd2d37a9100a80a496108f693ecebc59e14-dirty,1,typing,200,50,224,22206,87505,200,50,1,1,1008,360,0,1,360
fc1a1cd2d37a9100a80a496108f693ecebc59e14-dirty,1,typing,200,50,225,22307,87664,200,50,1,1,1167,360,0,1,360
fc1a1cd2d37a9100a80a496108f693ecebc59e14-dirty,1,typing,200,50,226,22408,87823,200,50,1,1,1326,360,0,1,360
fc1a1cd2d37a9100a80a496108f693ecebc59e14-dirty,1,typing,200,50,227,22504,87823,200,50,0,0,199,199,0,0,199
fc1a1cd2d37a9100a80a496108f693ecebc59e14-dirty,1,typing,200,50,228,22605,88141,200,50,1,1,1644,360,0,1,360
fc1a1cd2d37a9100a80a496108f693ecebc59e14-dirty,1,typing,200,50,229,22706,88141,200,50,0,0,199,199,0,0,199
fc1a1cd2d37a9100a80a496108f693ecebc59e14-dirty,1,typing,200,50,230,22807,88460,200,50,1,1,1963,361,0,1,361
fc1a1cd2d37a9100a80a496108f693ecebc59e14-dirty,1,typing,200,50,231,22908,88619,200,50,1,1,2122,362,0,1,362
fc1a1cd2d37a9100a80a496108f693ecebc59e14-dirty,1,typing,200,50,232,23009,88778,200,50,1,1,2281,362,0,1,362
fc1a1cd2d37a9100a80a496108f693ecebc59e14-dirty,1,typing,200,50,233,23104,88937,200,50,1,1,2440,362,0,1,362
fc1a1cd2d37a9100a80a496108f693ecebc59e14-dirty,1,typing,200,50,234,23205,89096,200,50,1,1,2599,362,0,1,362
fc1a1cd2d37a9100a80a496108f693ecebc59e14-dirty,1,typing,200,50,235,23306,89255,200,50,1,1,2758,362,0,1,362
fc1a1cd2d37a9100a80a496108f693ecebc59e14-dirty,1,typing,200,50,236,23407,89414,200,50,1,1,2917,362,0,1,362
fc1a1cd2d37a9100a80a496108f693ecebc59e14-dirty,1,typing,200,50,237,23508,89573,200,50,1,1,3076,362,0,1,362
fc1a1cd2d37a9100a80a496108f693ecebc59e14-dirty,1,typing,200,50,238,23609,89573,200,50,0,0,200,200,0,0,200
fc1a1cd2d37a9100a80a496108f693ecebc59e14-dirty,1,typing,200,50,239,23704,89891,200,50,1,1,3394,362,0,1,362
fc1a1cd2d37a9100a80a496108f693ecebc59e14-dirty,1,typing,200,50,240,23805,90050,200,50,1,1,3553,362,0,1,362
fc1a1cd2d37a9100a80a496108f693ecebc59e14-dirty,1,typing,200,50,241,23906,90209,200,50,1,1,3712,362,0,1,362
fc1a1cd2d37a9100a80a496108f693ecebc59e14-dirty,1,typing,200,50,242,24007,90368,200,50,1,1,3871,362,0,1,362
fc1a1cd2d37a9100a80a496108f693ecebc59e14-dirty,1,typing,200,50,243,24108,90527,200,50,1,1,4030,362,0,1,362
fc1a1cd2d37a9100a80a496108f693ecebc59e14-dirty,1,typing,200,50,244,24209,90686,200,50,1,1,4189,362,0,1,362
fc1a1cd2d37a9100a80a496108f693ecebc59e14-dirty,1,typing,200,50,245,24346,90686,200,50,0,0,200,200,0,0,200
fc1a1cd2d37a9100a80a496108f693ecebc59e14-dirty,1,typing,200,50,246,24406,91004,200,50,1,1,4507,362,0,1,362
fc1a1cd2d37a9100a80a496108f693ecebc59e14-dirty,1,typing,200,50,247,24548,91163,200,50,1,1,4666,362,0,1,362
fc1a1cd2d37a9100a80a496108f693ecebc59e14-dirty,1,typing,200,50,248,24608,91322,200,50,1,1,4825,362,0,1,362
fc1a1cd2d37a9100a80a496108f693ecebc59e14-dirty,1,typing,200,50,249,24708,91481,200,50,1,1,4984,362,0,1,362
fc1a1cd2d37a9100a80a496108f693ecebc59e14-dirty,1,typing,200,50,250,24804,91481,200,50,0,0,200,200,0,0,200
fc1a1cd2d37a9100a80a496108f693ecebc59e14-dirty,1,typing,200,50,251,24905,91799,200,50,1,1,5302,362,0,1,362
fc1a1cd2d37a9100a80a496108f693ecebc59e14-dirty,1,typing,200,50,252,25006,91958,200,50,1,1,5461,362,0,1,362
fc1a1cd2d37a9100a80a496108f693ecebc59e14-dirty,1,typing,200,50,253,25107,91958,200,50,0,0,200,200,0,0,200
fc1a1cd2d37a9100a80a496108f693ecebc59e14-dirty,1,typing,200,50,254,25208,92276,200,50,1,1,5779,362,0,1,362
fc1a1cd2d37a9100a80a496108f693ecebc59e14-dirty,1,typing,200,50,255,25309,92435,200,50,1,1,5938,362,0,1,362
fc1a1cd2d37a9100a80a496108f693ecebc59e14-dirty,1,typing,200,50,256,25445,92594,200,50,1,1,6097,362,0,1,362
fc1a1cd2d37a9100a80a496108f693ecebc59e14-dirty,1,typing,200,50,257,25506,92753,200,50,1,1,6256,362,0,1,362
fc1a1cd2d37a9100a80a496108f693ecebc59e14-dirty,1,typing,200,50,258,25607,92753,200,50,0,0,200,200,0,0,200
fc1a1cd2d37a9100a80a496108f693ecebc59e14-dirty,1,typing,200,50,259,25707,93071,200,50,1,1,6574,362,0,1,362
fc1a1cd2d37a9100a80a496108f693ecebc59e14-dirty,1,typing,200,50,260,25808,93230,200,50,1,1,6733,362,0,1,362
fc1a1cd2d37a9100a80a496108f693ecebc59e14-dirty,1,typing,200,50,261,25950,93389,200,50,1,1,6892,362,0,1,362
fc1a1cd2d37a9100a80a496108f693ecebc59e14-dirty,1,typing,200,50,262,26047,93548,200,50,1,1,7051,362,0,1,362
fc1a1cd2d37a9100a80a496108f693ecebc59e14-dirty,1,typing,200,50,263,26106,93548,200,50,0,0,200,200,0,0,200
fc1a1cd2d37a9100a80a496108f693ecebc59e14-dirty,1,typing,200,50,264,26249,93866,200,50,1,1,7369,362,0,1,362
fc1a1cd2d37a9100a80a496108f693ecebc59e14-dirty,1,typing,200,50,265,26308,93866,200,50,0,0,200,200,0,0,200
fc1a1cd2d37a9100a80a496108f693ecebc59e14-dirty,1,typing,200,50,266,26450,94184,200,50,1,1,7687,362,0,1,362
fc1a1cd2d37a9100a80a496108f693ecebc59e14-dirty,1,typing,200,50,267,26505,94343,200,50,1,1,7846,362,0,1,362
fc1a1cd2d37a9100a80a496108f693ecebc59e14-dirty,1,typing,200,50,268,26606,94502,200,50,1,1,8005,362,0,1,362
fc1a1cd2d37a9100a80a496108f693ecebc59e14-dirty,1,typing,200,50,269,26707,94661,200,50,1,1,8164,362,0,1,362
fc1a1cd2d37a9100a80a496108f693ecebc59e14-dirty,1,typing,200,50,270,26808,94820,200,50,1,1,8323,362,0,1,362
fc1a1cd2d37a9100a80a496108f693ecebc59e14-dirty,1,typing,200,50,271,26908,94979,200,50,1,1,8482,362,0,1,362
fc1a1cd2d37a9100a80a496108f693ecebc59e14-dirty,1,typing,200,50,272,27009,94979,200,50,0,0,200,200,0,0,200
fc1a1cd2d37a9100a80a496108f693ecebc59e14-dirty,1,typing,200,50,273,27107,95297,200,50,1,1,8800,362,0,1,362
fc1a1cd2d37a9100a80a496108f693ecebc59e14-dirty,1,typing,200,50,274,27248,95456,200,50,1,1,8959,362,0,1,362
fc1a1cd2d37a9100a80a496108f693ecebc59e14-dirty,1,typing,200,50,275,27307,95615,200,50,1,1,9118,362,0,1,362
fc1a1cd2d37a9100a80a496108f693ecebc59e14-dirty,1,typing,200,50,276,27449,95774,200,50,1,1,9277,362,0,1,362
fc1a1cd2d37a9100a80a496108f693ecebc59e14-dirty,1,typing,200,50,277,27509,95933,200,50,1,1,9436,362,0,1,362
fc1a1cd2d37a9100a80a496108f693ecebc59e14-dirty,1,typing,200,50,278,27609,95933,200,50,0,0,200,200,0,0,200
fc1a1cd2d37a9100a80a496108f693ecebc59e14-dirty,1,typing,200,50,279,27705,96251,200,50,1,1,9754,362,0,1,362
fc1a1cd2d37a9100a80a496108f693ecebc59e14-dirty,1,typing,200,50,280,27847,96410,200,50,1,1,9913,362,0,1,362
fc1a1cd2d37a9100a80a496108f693ecebc59e14-dirty,1,typing,200,50,281,27949,96410,200,50,0,0,200,200,0,0,200
fc1a1cd2d37a9100a80a496108f693ecebc59e14-dirty,1,typing,200,50,282,28008,96728,200,50,1,1,10231,362,0,1,362
fc1a1cd2d37a9100a80a496108f693ecebc59e14-dirty,1,typing,200,50,283,28109,96728,200,50,0,0,200,200,0,0,200
fc1a1cd2d37a9100a80a496108f693ecebc59e14-dirty,1,typing,200,50,284,28210,97046,200,50,1,1,10549,362,0,1,362
fc1a1cd2d37a9100a80a496108f693ecebc59e14-dirty,1,typing,200,50,285,28306,97205,200,50,1,1,10708,362,0,1,362
fc1a1cd2d37a9100a80a496108f693ecebc59e14-dirty,1,typing,200,50,286,28407,97364,200,50,1,1,10867,362,0,1,362
fc1a1cd2d37a9100a80a496108f693ecebc59e14-dirty,1,typing,200,50,287,28508,97523,200,50,1,1,11026,362,0,1,362
fc1a1cd2d37a9100a80a496108f693ecebc59e14-dirty,1,typing,200,50,288,28608,97523,200,50,1,1,11026,362,0,1,362
fc1a1cd2d37a9100a80a496108f693ecebc59e14-dirty,1,typing,200,50,289,28710,97523,200,50,0,0,200,200,0,0,200
fc1a1cd2d37a9100a80a496108f693ecebc59e14-dirty,1,typing,200,50,290,28805,97841,200,50,1,1,11344,362,0,1,362
fc1a1cd2d37a9100a80a496108f693ecebc59e14-dirty,1,typing,200,50,291,28906,98000,200,50,1,1,11503,362,0,1,362
fc1a1cd2d37a9100a80a496108f693ecebc59e14-dirty,1,typing,200,50,292,29007,98159,200,50,1,1,11662,362,0,1,362
fc1a1cd2d37a9100a80a496108f693ecebc59e14-dirty,1,typing,200,50,293,29108,98318,200,50,1,1,11821,362,0,1,362
fc1a1cd2d37a9100a80a496108f693ecebc59e14-dirty,1,typing,200,50,294,29250,98477,200,50,1,1,11980,362,0,1,362
fc1a1cd2d37a9100a80a496108f693ecebc59e14-dirty,1,typing,200,50,295,29310,98636,200,50,1,1,12139,362,0,1,362
fc1a1cd2d37a9100a80a496108f693ecebc59e14-dirty,1,typing,200,50,296,29406,108175,200,50,738,50,108316,120248,2,400,65589
fc1a1cd2d37a9100a80a496108f693ecebc59e14-dirty,1,typing,200,50,297,29548,108493,200,50,1,1,849,360,0,1,360
fc1a1cd2d37a9100a80a496108f693ecebc59e14-dirty,1,typing,200,50,298,29608,108652,200,50,1,1,1008,360,0,1,360
fc1a1cd2d37a9100a80a496108f693ecebc59e14-dirty,1,typing,200,50,299,29750,108811,200,50,1,1,1167,360,0,1,360
fc1a1cd2d37a9100a80a496108f693ecebc59e14-dirty,1,typing,200,50,300,29850,108970,200,50,1,1,1326,360,0,1,360
fc1a1cd2d37a9100a80a496108f693ecebc59e14-dirty,1,typing,200,50,301,29905,108970,200,50,0,0,199,199,0,0,199
fc1a1cd2d37a9100a80a496108f693ecebc59e14-dirty,1,typing,200,50,302,30006,109288,200,50,1,1,1644,360,0,1,360
fc1a1cd2d37a9100a80a496108f693ecebc59e14-dirty,1,typing,200,50,303,30148,109447,200,50,1,1,1803,360,0,1,360
fc1a1cd2d37a9100a80a496108f693ecebc59e14-dirty,1,typing,200,50,304,30249,109607,200,50,1,1,1963,361,0,1,361
fc1a1cd2d37a9100a80a496108f693ecebc59e14-dirty,1,typing,200,50,305,30309,109607,200,50,0,0,200,200,0,0,200
fc1a1cd2d37a9100a80a496108f693ecebc59e14-dirty,1,typing,200,50,306,30405,109925,200,50,1,1,2281,362,0,1,362
fc1a1cd2d37a9100a80a496108f693ecebc59e14-dirty,1,typing,200,50,307,30506,110084,200,50,1,1,2440,362,0,1,362
fc1a1cd2d37a9100a80a496108f693ecebc59e14-dirty,1,typing,200,50,308,30607,110243,200,50,1,1,2599,362,0,1,362
fc1a1cd2d37a9100a80a496108f693ecebc59e14-dirty,1,typing,200,50,309,30750,110401,200,50,799,50,110542,130179,2,400,65589
fc1a1cd2d37a9100a80a496108f693ecebc59e14-dirty,2,typing,200,50,1,46,110719,200,50,1,1,849,360,0,1,360
fc1a1cd2d37a9100a80a496108f693ecebc59e14-dirty,2,typing,200,50,2,105,110878,200,50,1,1,1008,360,0,1,360
fc1a1cd2d37a9100a80a496108f693ecebc59e14-dirty,2,typing,200,50,3,206,111037,200,50,1,1,1167,360,0,1,360
fc1a1cd2d37a9100a80a496108f693ecebc59e14-dirty,2,typing,200,50,4,302,111196,200,50,1,1,1326,360,0,1,360
fc1a1cd2d37a9100a80a496108f693ecebc59e14-dirty,2,typing,200,50,5,403,111196,200,50,0,0,199,199,0,0,199
fc1a1cd2d37a9100a80a496108f693ecebc59e14-dirty,2,typing,200,50,6,545,111514,200,50,1,1,1644,360,0,1,360
fc1a1cd2d37a9100a80a496108f693ecebc59e14-dirty,2,typing,200,50,7,605,111673,200,50,1,1,1803,360,0,1,360
fc1a1cd2d37a9100a80a496108f693ecebc59e14-dirty,2,typing,200,50,8,747,111833,200,50,1,1,1963,361,0,1,361
fc1a1cd2d37a9100a80a496108f693ecebc59e14-dirty,2,typing,200,50,9,807,111833,200,50,1,1,1963,362,0,1,362
fc1a1cd2d37a9100a80a496108f693ecebc59e14-dirty,2,typing,200,50,10,944,111992,200,50,1,1,2122,362,0,1,362
fc1a1cd2d37a9100a80a496108f693ecebc59e14-dirty,2,typing,200,50,11,1045,111992,200,50,0,0,200,200,0,0,200
fc1a1cd2d37a9100a80a496108f693ecebc59e14-dirty,2,typing,200,50,12,1105,112310,200,50,1,1,2440,362,0,1,362
fc1a1cd2d37a9100a80a496108f693ecebc59e14-dirty,2,typing,200,50,13,1247,112469,200,50,1,1,2599,362,0,1,362
fc1a1cd2d37a9100a80a496108f693ecebc59e14-dirty,2,typing,200,50,14,1347,112628,200,50,1,1,2758,362,0,1,362
fc1a1cd2d37a9100a80a496108f693ecebc59e14-dirty,2,typing,200,50,15,1444,112787,200,50,1,1,2917,362,0,1,362
fc1a1cd2d37a9100a80a496108f693ecebc59e14-dirty,2,typing,200,50,16,1504,112946,200,50,1,1,3076,362,0,1,362
fc1a1cd2d37a9100a80a496108f693ecebc59e14-dirty,2,typing,200,50,17,1645,113422,200,50,822,50,113563,133918,2,400,65589
fc1a1cd2d37a9100a80a496108f693ecebc59e14-dirty,2,typing,200,50,18,1706,113740,200,50,1,1,849,360,0,1,360
fc1a1cd2d37a9100a80a496108f693ecebc59e14-dirty,2,typing,200,50,19,1807,113899,200,50,1,1,1008,360,0,1,360
fc1a1cd2d37a9100a80a496108f693ecebc59e14-dirty,2,typing,200,50,20,1903,114058,200,50,1,1,1167,360,0,1,360
fc1a1cd2d37a9100a80a496108f693ecebc59e14-dirty,2,typing,200,50,21,2045,116761,200,50,846,50,116902,137820,2,400,65589
fc1a1cd2d37a9100a80a496108f693ecebc59e14-dirty,2,typing,200,50,22,2105,117079,200,50,1,1,849,360,0,1,360
fc1a1cd2d37a9100a80a496108f693ecebc59e14-dirty,2,typing,200,50,23,2206,117238,200,50,1,1,1008,360,0,1,360
fc1a1cd2d37a9100a80a496108f693ecebc59e14-dirty,2,typing,200,50,24,2307,117397,200,50,1,1,1167,360,0,1,360
fc1a1cd2d37a9100a80a496108f693ecebc59e14-dirty,2,typing,200,50,25,2403,117556,200,50,1,1,1326,360,0,1,360
fc1a1cd2d37a9100a80a496108f693ecebc59e14-dirty,2,typing,200,50,26,2544,117715,200,50,1,1,1485,360,0,1,360
fc1a1cd2d37a9100a80a496108f693ecebc59e14-dirty,2,typing,200,50,27,2646,117874,200,50,1,1,1644,360,0,1,360
fc1a1cd2d37a9100a80a496108f693ecebc59e14-dirty,2,typing,200,50,28,2746,117874,200,50,0,0,199,199,0,0,199
fc1a1cd2d37a9100a80a496108f693ecebc59e14-dirty,2,typing,200,50,29,2807,118193,200,50,1,1,1963,361,0,1,361
fc1a1cd2d37a9100a80a496108f693ecebc59e14-dirty,2,typing,200,50,30,2943,118352,200,50,1,1,2122,362,0,1,362
fc1a1cd2d37a9100a80a496108f693ecebc59e14-dirty,2,typing,200,50,31,3004,118511,200,50,1,1,2281,362,0,1,362
fc1a1cd2d37a9100a80a496108f693ecebc59e14-dirty,2,typing,200,50,32,3104,118670,200,50,1,1,2440,362,0,1,362
fc1a1cd2d37a9100a80a496108f693ecebc59e14-dirty,2,typing,200,50,33,3246,118670,200,50,0,0,200,200,0,0,200
fc1a1cd2d37a9100a80a496108f693ecebc59e14-dirty,2,typing,200,50,34,3306,118988,200,50,1,1,2758,362,0,1,362
fc1a1cd2d37a9100a80a496108f693ecebc59e14-dirty,2,typing,200,50,35,3402,119147,200,50,1,1,2917,362,0,1,362
fc1a1cd2d37a9100a80a496108f693ecebc59e14-dirty,2,typing,200,50,36,3503,119306,200,50,1,1,3076,362,0,1,362
fc1a1cd2d37a9100a80a496108f693ecebc59e14-dirty,2,typing,200,50,37,3604,119306,200,50,0,0,200,200,0,0,200
fc1a1cd2d37a9100a80a496108f693ecebc59e14-dirty,2,typing,200,50,38,3705,119624,200,50,1,1,3394,362,0,1,362
fc1a1cd2d37a9100a80a496108f693ecebc59e14-dirty,2,typing,200,50,39,3847,119783,200,50,1,1,3553,362,0,1,362
fc1a1cd2d37a9100a80a496108f693ecebc59e14-dirty,2,typing,200,50,40,3949,119942,200,50,1,1,3712,362,0,1,362
fc1a1cd2d37a9100a80a496108f693ecebc59e14-dirty,2,typing,200,50,41,4044,120101,200,50,1,1,3871,362,0,1,362
fc1a1cd2d37a9100a80a496108f693ecebc59e14-dirty,2,typing,200,50,42,4104,120101,200,50,1,1,3871,362,0,1,362
fc1a1cd2d37a9100a80a496108f693ecebc59e14-dirty,2,typing,200,50,43,4205,120261,200,50,1,1,4031,363,0,1,363
fc1a1cd2d37a9100a80a496108f693ecebc59e14-dirty,2,typing,200,50,44,4306,120420,200,50,1,1,4190,362,0,1,362
fc1a1cd2d37a9100a80a496108f693ecebc59e14-dirty,2,typing,200,50,45,4448,120579,200,50,1,1,4349,362,0,1,362
fc1a1cd2d37a9100a80a496108f693ecebc59e14-dirty,2,typing,200,50,46,4504,121373,200,50,906,50,121514,147583,2,400,65589
fc1a1cd2d37a9100a80a496108f693ecebc59e14-dirty,2,typing,200,50,47,4646,121691,200,50,1,1,849,360,0,1,360
fc1a1cd2d37a9100a80a496108f693ecebc59e14-dirty,2,typing,200,50,48,4747,121850,200,50,1,1,1008,360,0,1,360
fc1a1cd2d37a9100a80a496108f693ecebc59e14-dirty,2,typing,200,50,49,4848,122009,200,50,1,1,1167,360,0,1,360
fc1a1cd2d37a9100a80a496108f693ecebc59e14-dirty,2,typing,200,50,50,4907,122168,200,50,1,1,1326,360,0,1,360
fc1a1cd2d37a9100a80a496108f693ecebc59e14-dirty,2,typing,200,50,51,5045,121691,200,50,837,50,121832,136320,1,200,32899
fc1a1cd2d37a9100a80a496108f693ecebc59e14-dirty,2,typing,200,50,52,5146,122009,200,50,1,1,849,360,0,1,360
fc1a1cd2d37a9100a80a496108f693ecebc59e14-dirty,2,typing,200,50,53,5205,122168,200,50,1,1,1008,360,0,1,360
fc1a1cd2d37a9100a80a496108f693ecebc59e14-dirty,2,typing,200,50,54,5306,122327,200,50,1,1,1167,360,0,1,360
fc1a1cd2d37a9100a80a496108f693ecebc59e14-dirty,2,typing,200,50,55,5449,122486,200,50,1,1,1326,360,0,1,360
fc1a1cd2d37a9100a80a496108f693ecebc59e14-dirty,2,typing,200,50,56,5544,122486,200,50,0,0,199,199,0,0,199
fc1a1cd2d37a9100a80a496108f693ecebc59e14-dirty,2,typing,200,50,57,5604,122804,200,50,1,1,1644,360,0,1,360
fc1a1cd2d37a9100a80a496108f693ecebc59e14-dirty,2,typing,200,50,58,5747,122963,200,50,1,1,1803,360,0,1,360
fc1a1cd2d37a9100a80a496108f693ecebc59e14-dirty,2,typing,200,50,59,5807,123123,200,50,1,1,1963,361,0,1,361
fc1a1cd2d37a9100a80a496108f693ecebc59e14-dirty,2,typing,200,50,60,5948,123123,200,50,0,0,200,200,0,0,200
fc1a1cd2d37a9100a80a496108f693ecebc59e14-dirty,2,typing,200,50,61,6004,123441,200,50,1,1,2281,362,0,1,362
fc1a1cd2d37a9100a80a496108f693ecebc59e14-dirty,2,typing,200,50,62,6105,123600,200,50,1,1,2440,362,0,1,362
fc1a1cd2d37a9100a80a496108f693ecebc59e14-dirty,2,typing,200,50,63,6206,123759,200,50,1,1,2599,362,0,1,362
fc1a1cd2d37a9100a80a496108f693ecebc59e14-dirty,2,typing,200,50,64,6307,123918,200,50,1,1,2758,362,0,1,362
fc1a1cd2d37a9100a80a496108f693ecebc59e14-dirty,2,typing,200,50,65,6444,124077,200,50,1,1,2917,362,0,1,362
fc1a1cd2d37a9100a80a496108f693ecebc59e14-dirty,2,typing,200,50,66,6504,124077,200,50,0,0,200,200,0,0,200
fc1a1cd2d37a9100a80a496108f693ecebc59e14-dirty,2,typing,200,50,67,6645,124395,200,50,1,1,3235,362,0,1,362
fc1a1cd2d37a9100a80a496108f693ecebc59e14-dirty,2,typing,200,50,68,6706,124554,200,50,1,1,3394,362,0,1,362
fc1a1cd2d37a9100a80a496108f693ecebc59e14-dirty,2,typing,200,50,69,6848,124713,200,50,1,1,3553,362,0,1,362
fc1a1cd2d37a9100a80a496108f693ecebc59e14-dirty,2,typing,200,50,70,6903,124872,200,50,1,1,3712,362,0,1,362
fc1a1cd2d37a9100a80a496108f693ecebc59e14-dirty,2,typing,200,50,71,7045,125031,200,50,1,1,3871,362,0,1,362
fc1a1cd2d37a9100a80a496108f693ecebc59e14-dirty,2,typing,200,50,72,7146,125031,200,50,0,0,200,200,0,0,200
fc1a1cd2d37a9100a80a496108f693ecebc59e14-dirty,2,typing,200,50,73,7246,125349,200,50,1,1,4189,362,0,1,362
fc1a1cd2d37a9100a80a496108f693ecebc59e14-dirty,2,typing,200,50,74,7348,125508,200,50,1,1,4348,362,0,1,362
fc1a1cd2d37a9100a80a496108f693ecebc59e14-dirty,2,typing,200,50,75,7403,125667,200,50,1,1,4507,362,0,1,362
fc1a1cd2d37a9100a80a496108f693ecebc59e14-dirty,2,typing,200,50,76,7504,125667,200,50,0,0,200,200,0,0,200
fc1a1cd2d37a9100a80a496108f693ecebc59e14-dirty,2,typing,200,50,77,7605,125985,200,50,1,1,4825,362,0,1,362
fc1a1cd2d37a9100a80a496108f693ecebc59e14-dirty,2,typing,200,50,78,7706,126144,200,50,1,1,4984,362,0,1,362
fc1a1cd2d37a9100a80a496108f693ecebc59e14-dirty,2,typing,200,50,79,7807,126303,200,50,1,1,5143,362,0,1,362
fc1a1cd2d37a9100a80a496108f693ecebc59e14-dirty,2,typing,200,50,80,7903,126462,200,50,1,1,5302,362,0,1,362
fc1a1cd2d37a9100a80a496108f693ecebc59e14-dirty,2,typing,200,50,81,8004,126621,200,50,1,1,5461,362,0,1,362
fc1a1cd2d37a9100a80a496108f693ecebc59e14-dirty,2,typing,200,50,82,8105,126621,200,50,0,0,200,200,0,0,200
fc1a1cd2d37a9100a80a496108f693ecebc59e14-dirty,2,typing,200,50,83,8206,126939,200,50,1,1,5779,362,0,1,362
fc1a1cd2d37a9100a80a496108f693ecebc59e14-dirty,2,typing,200,50,84,8307,127098,200,50,1,1,5938,362,0,1,362
fc1a1cd2d37a9100a80a496108f693ecebc59e14-dirty,2,typing,200,50,85,8403,127257,200,50,1,1,6097,362,0,1,362
fc1a1cd2d37a9100a80a496108f693ecebc59e14-dirty,2,typing,200,50,86,8504,127416,200,50,1,1,6256,362,0,1,362
fc1a1cd2d37a9100a80a496108f693ecebc59e14-dirty,2,typing,200,50,87,8605,127416,200,50,0,0,200,200,0,0,200
fc1a1cd2d37a9100a80a496108f693ecebc59e14-dirty,2,typing,200,50,88,8706,127734,200,50,1,1,6574,362,0,1,362
fc1a1cd2d37a9100a80a496108f693ecebc59e14-dirty,2,typing,200,50,89,8849,127893,200,50,1,1,6733,362,0,1,362
fc1a1cd2d37a9100a80a496108f693ecebc59e14-dirty,2,typing,200,50,90,8903,128052,200,50,1,1,6892,362,0,1,362
fc1a1cd2d37a9100a80a496108f693ecebc59e14-dirty,2,typing,200,50,91,9046,128052,200,50,0,0,200,200,0,0,200
fc1a1cd2d37a9100a80a496108f693ecebc59e14-dirty,2,typing,200,50,92,9147,128370,200,50,1,1,7210,362,0,1,362
fc1a1cd2d37a9100a80a496108f693ecebc59e14-dirty,2,typing,200,50,93,9206,128529,200,50,1,1,7369,362,0,1,362
fc1a1cd2d37a9100a80a496108f693ecebc59e14-dirty,2,typing,200,50,94,9307,128688,200,50,1,1,7528,362,0,1,362
fc1a1cd2d37a9100a80a496108f693ecebc59e14-dirty,2,typing,200,50,95,9403,128847,200,50,1,1,7687,362,0,1,362
fc1a1cd2d37a9100a80a496108f693ecebc59e14-dirty,2,typing,200,50,96,9505,128847,200,50,0,0,200,200,0,0,200
fc1a1cd2d37a9100a80a496108f693ecebc59e14-dirty,2,typing,200,50,97,9646,129165,200,50,1,1,8005,362,0,1,362
fc1a1cd2d37a9100a80a496108f693ecebc59e14-dirty,2,typing,200,50,98,9707,129324,200,50,1,1,8164,362,0,1,362
fc1a1cd2d37a9100a80a496108f693ecebc59e14-dirty,2,typing,200,50,99,9808,129483,200,50,1,1,8323,362,0,1,362
fc1a1cd2d37a9100a80a496108f693ecebc59e14-dirty,2,typing,200,50,100,9945,135206,200,50,1019,50,135347,165981,2,400,65589
fc1a1cd2d37a9100a80a496108f693ecebc59e14-dirty,2,typing,200,50,101,10005,135524,200,50,1,1,849,360,0,1,360
fc1a1cd2d37a9100a80a496108f693ecebc59e14-dirty,2,typing,200,50,102,10106,135683,200,50,1,1,1008,360,0,1,360
fc1a1cd2d37a9100a80a496108f693ecebc59e14-dirty,2,typing,200,50,103,10207,135683,200,50,0,0,199,199,0,0,199
fc1a1cd2d37a9100a80a496108f693ecebc59e14-dirty,2,typing,200,50,104,10349,136001,200,50,1,1,1326,360,0,1,360
fc1a1cd2d37a9100a80a496108f693ecebc59e14-dirty,2,typing,200,50,105,10445,136160,200,50,1,1,1485,360,0,1,360
fc1a1cd2d37a9100a80a496108f693ecebc59e14-dirty,2,typing,200,50,106,10546,136319,200,50,1,1,1644,360,0,1,360
fc1a1cd2d37a9100a80a496108f693ecebc59e14-dirty,2,typing,200,50,107,10649,136478,200,50,1,1,1803,360,0,1,360
fc1a1cd2d37a9100a80a496108f693ecebc59e14-dirty,2,typing,200,50,108,10748,136160,200,50,959,50,136301,156182,1,200,32899
fc1a1cd2d37a9100a80a496108f693ecebc59e14-dirty,2,typing,200,50,109,10804,136478,200,50,1,1,849,360,0,1,360
fc1a1cd2d37a9100a80a496108f693ecebc59e14-dirty,2,typing,200,50,110,10945,136637,200,50,1,1,1008,360,0,1,360
fc1a1cd2d37a9100a80a496108f693ecebc59e14-dirty,2,typing,200,50,111,11046,136637,200,50,0,0,199,199,0,0,199
fc1a1cd2d37a9100a80a496108f693ecebc59e14-dirty,2,typing,200,50,112,11148,136955,200,50,1,1,1326,360,0,1,360
fc1a1cd2d37a9100a80a496108f693ecebc59e14-dirty,2,typing,200,50,113,11209,136319,200,50,960,50,136460,156344,1,200,32899
fc1a1cd2d37a9100a80a496108f693ecebc59e14-dirty,2,typing,200,50,114,11213,139817,200,50,979,50,139958,159431,1,224,36801
fc1a1cd2d37a9100a80a496108f693ecebc59e14-dirty,2,typing,200,50,115,11305,140135,200,50,1,1,849,360,0,1,360
fc1a1cd2d37a9100a80a496108f693ecebc59e14-dirty,2,typing,200,50,116,11447,140294,200,50,1,1,1008,360,0,1,360
fc1a1cd2d37a9100a80a496108f693ecebc59e14-dirty,2,typing,200,50,117,11549,140453,200,50,1,1,1167,360,0,1,360
fc1a1cd2d37a9100a80a496108f693ecebc59e14-dirty,2,typing,200,50,118,11650,140612,200,50,1,1,1326,360,0,1,360
fc1a1cd2d37a9100a80a496108f693ecebc59e14-dirty,2,typing,200,50,119,11746,140612,200,50,0,0,199,199,0,0,199
fc1a1cd2d37a9100a80a496108f693ecebc59e14-dirty,2,typing,200,50,120,11806,140930,200,50,1,1,1644,360,0,1,360
fc1a1cd2d37a9100a80a496108f693ecebc59e14-dirty,2,typing,200,50,121,11907,141089,200,50,1,1,1803,360,0,1,360
fc1a1cd2d37a9100a80a496108f693ecebc59e14-dirty,2,typing,200,50,122,12008,141249,200,50,1,1,1963,361,0,1,361
fc1a1cd2d37a9100a80a496108f693ecebc59e14-dirty,2,typing,200,50,123,12145,141408,200,50,1,1,2122,362,0,1,362
fc1a1cd2d37a9100a80a496108f693ecebc59e14-dirty,2,typing,200,50,124,12246,141408,200,50,0,0,200,200,0,0,200
fc1a1cd2d37a9100a80a496108f693ecebc59e14-dirty,2,typing,200,50,125,12348,141726,200,50,1,1,2440,362,0,1,362
fc1a1cd2d37a9100a80a496108f693ecebc59e14-dirty,2,typing,200,50,126,12408,141885,200,50,1,1,2599,362,0,1,362
fc1a1cd2d37a9100a80a496108f693ecebc59e14-dirty,2,typing,200,50,127,12504,142044,200,50,1,1,2758,362,0,1,362
fc1a1cd2d37a9100a80a496108f693ecebc59e14-dirty,2,typing,200,50,128,12645,142203,200,50,1,1,2917,362,0,1,362
fc1a1cd2d37a9100a80a496108f693ecebc59e14-dirty,2,typing,200,50,129,12706,142203,200,50,0,0,200,200,0,0,200
fc1a1cd2d37a9100a80a496108f693ecebc59e14-dirty,2,typing,200,50,130,12807,142521,200,50,1,1,3235,362,0,1,362
fc1a1cd2d37a9100a80a496108f693ecebc59e14-dirty,2,typing,200,50,131,12949,142680,200,50,1,1,3394,362,0,1,362
fc1a1cd2d37a9100a80a496108f693ecebc59e14-dirty,2,typing,200,50,132,13046,142839,200,50,1,1,3553,362,0,1,362
fc1a1cd2d37a9100a80a496108f693ecebc59e14-dirty,2,typing,200,50,133,13146,142839,200,50,0,0,200,200,0,0,200
fc1a1cd2d37a9100a80a496108f693ecebc59e14-dirty,2,typing,200,50,134,13207,143157,200,50,1,1,3871,362,0,1,362
fc1a1cd2d37a9100a80a496108f693ecebc59e14-dirty,2,typing,200,50,135,13348,143316,200,50,1,1,4030,362,0,1,362
fc1a1cd2d37a9100a80a496108f693ecebc59e14-dirty,2,typing,200,50,136,13404,143475,200,50,1,1,4189,362,0,1,362
fc1a1cd2d37a9100a80a496108f693ecebc59e14-dirty,2,typing,200,50,137,13547,143634,200,50,1,1,4348,362,0,1,362
fc1a1cd2d37a9100a80a496108f693ecebc59e14-dirty,2,typing,200,50,138,13607,143793,200,50,1,1,4507,362,0,1,362
fc1a1cd2d37a9100a80a496108f693ecebc59e14-dirty,2,typing,200,50,139,13749,143793,200,50,0,0,200,200,0,0,200
fc1a1cd2d37a9100a80a496108f693ecebc59e14-dirty,2,typing,200,50,140,13844,144111,200,50,1,1,4825,362,0,1,362
fc1a1cd2d37a9100a80a496108f693ecebc59e14-dirty,2,typing,200,50,141,13905,144270,200,50,1,1,4984,362,0,1,362
fc1a1cd2d37a9100a80a496108f693ecebc59e14-dirty,2,typing,200,50,142,14048,144429,200,50,1,1,5143,362,0,1,362
fc1a1cd2d37a9100a80a496108f693ecebc59e14-dirty,2,typing,200,50,143,14149,144588,200,50,1,1,5302,362,0,1,362
fc1a1cd2d37a9100a80a496108f693ecebc59e14-dirty,2,typing,200,50,144,14209,144747,200,50,1,1,5461,362,0,1,362
fc1a1cd2d37a9100a80a496108f693ecebc59e14-dirty,2,typing,200,50,145,14305,147926,200,50,1148,50,148067,186941,2,400,65589
fc1a1cd2d37a9100a80a496108f693ecebc59e14-dirty,2,typing,200,50,146,14406,148244,200,50,1,1,849,360,0,1,360
fc1a1cd2d37a9100a80a496108f693ecebc59e14-dirty,2,typing,200,50,147,14548,148403,200,50,1,1,1008,360,0,1,360
fc1a1cd2d37a9100a80a496108f693ecebc59e14-dirty,2,typing,200,50,148,14650,148562,200,50,1,1,1167,360,0,1,360
fc1a1cd2d37a9100a80a496108f693ecebc59e14-dirty,2,typing,200,50,149,14705,148562,200,50,0,0,199,199,0,0,199
fc1a1cd2d37a9100a80a496108f693ecebc59e14-dirty,2,typing,200,50,150,14847,148880,200,50,1,1,1485,360,0,1,360
fc1a1cd2d37a9100a80a496108f693ecebc59e14-dirty,2,typing,200,50,151,14907,148880,200,50,0,0,199,199,0,0,199
fc1a1cd2d37a9100a80a496108f693ecebc59e14-dirty,2,typing,200,50,152,15050,149198,200,50,1,1,1803,360,0,1,360
fc1a1cd2d37a9100a80a496108f693ecebc59e14-dirty,2,typing,200,50,153,15146,149358,200,50,1,1,1963,361,0,1,361
fc1a1cd2d37a9100a80a496108f693ecebc59e14-dirty,2,typing,200,50,154,15246,149358,200,50,0,0,200,200,0,0,200
fc1a1cd2d37a9100a80a496108f693ecebc59e14-dirty,2,typing,200,50,155,15307,149676,200,50,1,1,2281,362,0,1,362
fc1a1cd2d37a9100a80a496108f693ecebc59e14-dirty,2,typing,200,50,156,15450,149676,200,50,0,0,200,200,0,0,200
fc1a1cd2d37a9100a80a496108f693ecebc59e14-dirty,2,typing,200,50,157,15551,149994,200,50,1,1,2599,362,0,1,362
fc1a1cd2d37a9100a80a496108f693ecebc59e14-dirty,2,typing,200,50,158,15647,149994,200,50,0,0,200,200,0,0,200
fc1a1cd2d37a9100a80a496108f693ecebc59e14-dirty,2,typing,200,50,159,15706,150312,200,50,1,1,2917,362,0,1,362
fc1a1cd2d37a9100a80a496108f693ecebc59e14-dirty,2,typing,200,50,160,15807,150471,200,50,1,1,3076,362,0,1,362
fc1a1cd2d37a9100a80a496108f693ecebc59e14-dirty,2,typing,200,50,161,15908,150471,200,50,0,0,200,200,0,0,200
fc1a1cd2d37a9100a80a496108f693ecebc59e14-dirty,2,typing,200,50,162,16004,150789,200,50,1,1,3394,362,0,1,362
fc1a1cd2d37a9100a80a496108f693ecebc59e14-dirty,2,typing,200,50,163,16106,150948,200,50,1,1,3553,362,0,1,362
fc1a1cd2d37a9100a80a496108f693ecebc59e14-dirty,2,typing,200,50,164,16207,150948,200,50,0,0,200,200,0,0,200
fc1a1cd2d37a9100a80a496108f693ecebc59e14-dirty,2,typing,200,50,165,16308,151266,200,50,1,1,3871,362,0,1,362
fc1a1cd2d37a9100a80a496108f693ecebc59e14-dirty,2,typing,200,50,166,16404,151425,200,50,1,1,4030,362,0,1,362
fc1a1cd2d37a9100a80a496108f693ecebc59e14-dirty,2,typing,200,50,167,16548,151584,200,50,1,1,4189,362,0,1,362
fc1a1cd2d37a9100a80a496108f693ecebc59e14-dirty,2,typing,200,50,168,16649,151743,200,50,1,1,4348,362,0,1,362
fc1a1cd2d37a9100a80a496108f693ecebc59e14-dirty,2,typing,200,50,169,16750,151743,200,50,0,0,200,200,0,0,200
fc1a1cd2d37a9100a80a496108f693ecebc59e14-dirty,2,typing,200,50,170,16851,152062,200,50,1,1,4667,363,0,1,363
fc1a1cd2d37a9100a80a496108f693ecebc59e14-dirty,2,typing,200,50,171,16947,152221,200,50,1,1,4826,362,0,1,362
fc1a1cd2d37a9100a80a496108f693ecebc59e14-dirty,2,typing,200,50,172,17048,152380,200,50,1,1,4985,362,0,1,362
fc1a1cd2d37a9100a80a496108f693ecebc59e14-dirty,2,typing,200,50,173,17148,152539,200,50,1,1,5144,362,0,1,362
fc1a1cd2d37a9100a80a496108f693ecebc59e14-dirty,2,typing,200,50,174,17249,152698,200,50,1,1,5303,362,0,1,362
fc1a1cd2d37a9100a80a496108f693ecebc59e14-dirty,2,typing,200,50,175,17346,152698,200,50,0,0,200,200,0,0,200
fc1a1cd2d37a9100a80a496108f693ecebc59e14-dirty,2,typing,200,50,176,17406,153016,200,50,1,1,5621,362,0,1,362
fc1a1cd2d37a9100a80a496108f693ecebc59e14-dirty,2,typing,200,50,177,17549,153175,200,50,1,1,5780,362,0,1,362
fc1a1cd2d37a9100a80a496108f693ecebc59e14-dirty,2,typing,200,50,178,17608,153335,200,50,1,1,5940,363,0,1,363
fc1a1cd2d37a9100a80a496108f693ecebc59e14-dirty,2,typing,200,50,179,17751,153494,200,50,1,1,6099,362,0,1,362
fc1a1cd2d37a9100a80a496108f693ecebc59e14-dirty,2,typing,200,50,180,17805,153494,200,50,0,0,200,200,0,0,200
fc1a1cd2d37a9100a80a496108f693ecebc59e14-dirty,2,typing,200,50,181,17948,153812,200,50,1,1,6417,362,0,1,362
fc1a1cd2d37a9100a80a496108f693ecebc59e14-dirty,2,typing,200,50,182,18049,153971,200,50,1,1,6576,362,0,1,362
fc1a1cd2d37a9100a80a496108f693ecebc59e14-dirty,2,typing,200,50,183,18109,154130,200,50,1,1,6735,362,0,1,362
fc1a1cd2d37a9100a80a496108f693ecebc59e14-dirty,2,typing,200,50,184,18205,154289,200,50,1,1,6894,362,0,1,362
fc1a1cd2d37a9100a80a496108f693ecebc59e14-dirty,2,typing,200,50,185,18348,155401,200,50,1163,50,155542,189290,4,800,130969
fc1a1cd2d37a9100a80a496108f693ecebc59e14-dirty,2,typing,200,50,186,18450,155719,200,50,1,1,849,360,0,1,360
fc1a1cd2d37a9100a80a496108f693ecebc59e14-dirty,2,typing,200,50,187,18551,155878,200,50,1,1,1008,360,0,1,360
fc1a1cd2d37a9100a80a496108f693ecebc59e14-dirty,2,typing,200,50,188,18605,156037,200,50,1,1,1167,360,0,1,360
fc1a1cd2d37a9100a80a496108f693ecebc59e14-dirty,2,typing,200,50,189,18748,156196,200,50,1,1,1326,360,0,1,360
fc1a1cd2d37a9100a80a496108f693ecebc59e14-dirty,2,typing,200,50,190,18849,156355,200,50,1,1,1485,360,0,1,360
fc1a1cd2d37a9100a80a496108f693ecebc59e14-dirty,2,typing,200,50,191,18950,156514,200,50,1,1,1644,360,0,1,360
fc1a1cd2d37a9100a80a496108f693ecebc59e14-dirty,2,typing,200,50,192,19050,156514,200,50,0,0,199,199,0,0,199
fc1a1cd2d37a9100a80a496108f693ecebc59e14-dirty,2,typing,200,50,193,19106,156833,200,50,1,1,1963,361,0,1,361
fc1a1cd2d37a9100a80a496108f693ecebc59e14-dirty,2,typing,200,50,194,19207,156992,200,50,1,1,2122,362,0,1,362
fc1a1cd2d37a9100a80a496108f693ecebc59e14-dirty,2,typing,200,50,195,19308,157151,200,50,1,1,2281,362,0,1,362
fc1a1cd2d37a9100a80a496108f693ecebc59e14-dirty,2,typing,200,50,196,19450,157311,200,50,1,1,2441,363,0,1,363
fc1a1cd2d37a9100a80a496108f693ecebc59e14-dirty,2,typing,200,50,197,19547,157470,200,50,1,1,2600,362,0,1,362
fc1a1cd2d37a9100a80a496108f693ecebc59e14-dirty,2,typing,200,50,198,19607,157629,200,50,1,1,2759,362,0,1,362
fc1a1cd2d37a9100a80a496108f693ecebc59e14-dirty,2,typing,200,50,199,19750,157629,200,50,0,0,200,200,0,0,200
fc1a1cd2d37a9100a80a496108f693ecebc59e14-dirty,2,typing,200,50,200,19809,157947,200,50,1,1,3077,362,0,1,362
fc1a1cd2d37a9100a80a496108f693ecebc59e14-dirty,2,typing,200,50,201,19947,158106,200,50,1,1,3236,362,0,1,362
fc1a1cd2d37a9100a80a496108f693ecebc59e14-dirty,2,typing,200,50,202,20006,158265,200,50,1,1,3395,362,0,1,362
fc1a1cd2d37a9100a80a496108f693ecebc59e14-dirty,2,typing,200,50,203,20107,158424,200,50,1,1,3554,362,0,1,362
fc1a1cd2d37a9100a80a496108f693ecebc59e14-dirty,2,typing,200,50,204,20249,158583,200,50,1,1,3713,362,0,1,362
fc1a1cd2d37a9100a80a496108f693ecebc59e14-dirty,2,typing,200,50,205,20310,158583,200,50,0,0,200,200,0,0,200
fc1a1cd2d37a9100a80a496108f693ecebc59e14-dirty,2,typing,200,50,206,20406,158901,200,50,1,1,4031,362,0,1,362
fc1a1cd2d37a9100a80a496108f693ecebc59e14-dirty,2,typing,200,50,207,20507,159060,200,50,1,1,4190,362,0,1,362
fc1a1cd2d37a9100a80a496108f693ecebc59e14-dirty,2,typing,200,50,208,20649,159219,200,50,1,1,4349,362,0,1,362
fc1a1cd2d37a9100a80a496108f693ecebc59e14-dirty,2,typing,200,50,209,20751,159378,200,50,1,1,4508,362,0,1,362
fc1a1cd2d37a9100a80a496108f693ecebc59e14-dirty,2,typing,200,50,210,20806,159378,200,50,0,0,200,200,0,0,200
fc1a1cd2d37a9100a80a496108f693ecebc59e14-dirty,2,typing,200,50,211,20907,159696,200,50,1,1,4826,362,0,1,362
fc1a1cd2d37a9100a80a496108f693ecebc59e14-dirty,2,typing,200,50,212,21050,159855,200,50,1,1,4985,362,0,1,362
fc1a1cd2d37a9100a80a496108f693ecebc59e14-dirty,2,typing,200,50,213,21109,160014,200,50,1,1,5144,362,0,1,362
fc1a1cd2d37a9100a80a496108f693ecebc59e14-dirty,2,typing,200,50,214,21247,160014,200,50,1,1,5144,362,0,1,362
fc1a1cd2d37a9100a80a496108f693ecebc59e14-dirty,2,typing,200,50,215,21306,160173,200,50,1,1,5303,362,0,1,362
fc1a1cd2d37a9100a80a496108f693ecebc59e14-dirty,2,typing,200,50,216,21449,160173,200,50,0,0,200,200,0,0,200
fc1a1cd2d37a9100a80a496108f693ecebc59e14-dirty,2,typing,200,50,217,21509,160491,200,50,1,1,5621,362,0,1,362
fc1a1cd2d37a9100a80a496108f693ecebc59e14-dirty,2,typing,200,50,218,21610,160650,200,50,1,1,5780,362,0,1,362
fc1a1cd2d37a9100a80a496108f693ecebc59e14-dirty,2,typing,200,50,219,21706,160809,200,50,1,1,5939,362,0,1,362
fc1a1cd2d37a9100a80a496108f693ecebc59e14-dirty,2,typing,200,50,220,21848,160968,200,50,1,1,6098,362,0,1,362
fc1a1cd2d37a9100a80a496108f693ecebc59e14-dirty,2,typing,200,50,221,21949,161127,200,50,1,1,6257,362,0,1,362
fc1a1cd2d37a9100a80a496108f693ecebc59e14-dirty,2,typing,200,50,222,22010,159854,200,50,1216,50,159995,197816,5,1000,163659
fc1a1cd2d37a9100a80a496108f693ecebc59e14-dirty,2,typing,200,50,223,22106,160172,200,50,1,1,849,360,0,1,360
fc1a1cd2d37a9100a80a496108f693ecebc59e14-dirty,2,typing,200,50,224,22207,160331,200,50,1,1,1008,360,0,1,360
fc1a1cd2d37a9100a80a496108f693ecebc59e14-dirty,2,typing,200,50,225,22350,160490,200,50,1,1,1167,360,0,1,360
fc1a1cd2d37a9100a80a496108f693ecebc59e14-dirty,2,typing,200,50,226,22409,160649,200,50,1,1,1326,360,0,1,360
fc1a1cd2d37a9100a80a496108f693ecebc59e14-dirty,2,typing,200,50,227,22505,160649,200,50,0,0,199,199,0,0,199
fc1a1cd2d37a9100a80a496108f693ecebc59e14-dirty,2,typing,200,50,228,22648,160967,200,50,1,1,1644,360,0,1,360
fc1a1cd2d37a9100a80a496108f693ecebc59e14-dirty,2,typing,200,50,229,22750,160967,200,50,0,0,199,199,0,0,199
fc1a1cd2d37a9100a80a496108f693ecebc59e14-dirty,2,typing,200,50,230,22851,161286,200,50,1,1,1963,361,0,1,361
fc1a1cd2d37a9100a80a496108f693ecebc59e14-dirty,2,typing,200,50,231,22952,161445,200,50,1,1,2122,362,0,1,362
fc1a1cd2d37a9100a80a496108f693ecebc59e14-dirty,2,typing,200,50,232,23048,161604,200,50,1,1,2281,362,0,1,362
fc1a1cd2d37a9100a80a496108f693ecebc59e14-dirty,2,typing,200,50,233,23149,161763,200,50,1,1,2440,362,0,1,362
fc1a1cd2d37a9100a80a496108f693ecebc59e14-dirty,2,typing,200,50,234,23249,161922,200,50,1,1,2599,362,0,1,362
fc1a1cd2d37a9100a80a496108f693ecebc59e14-dirty,2,typing,200,50,235,23310,162081,200,50,1,1,2758,362,0,1,362
fc1a1cd2d37a9100a80a496108f693ecebc59e14-dirty,2,typing,200,50,236,23447,162240,200,50,1,1,2917,362,0,1,362
fc1a1cd2d37a9100a80a496108f693ecebc59e14-dirty,2,typing,200,50,237,23549,162399,200,50,1,1,3076,362,0,1,362
fc1a1cd2d37a9100a80a496108f693ecebc59e14-dirty,2,typing,200,50,238,23608,162399,200,50,0,0,200,200,0,0,200
fc1a1cd2d37a9100a80a496108f693ecebc59e14-dirty,2,typing,200,50,239,23751,162717,200,50,1,1,3394,362,0,1,362
fc1a1cd2d37a9100a80a496108f693ecebc59e14-dirty,2,typing,200,50,240,23847,162876,200,50,1,1,3553,362,0,1,362
fc1a1cd2d37a9100a80a496108f693ecebc59e14-dirty,2,typing,200,50,241,23949,163035,200,50,1,1,3712,362,0,1,362
fc1a1cd2d37a9100a80a496108f693ecebc59e14-dirty,2,typing,200,50,242,24008,163194,200,50,1,1,3871,362,0,1,362
fc1a1cd2d37a9100a80a496108f693ecebc59e14-dirty,2,typing,200,50,243,24151,163353,200,50,1,1,4030,362,0,1,362
fc1a1cd2d37a9100a80a496108f693ecebc59e14-dirty,2,typing,200,50,244,24205,163512,200,50,1,1,4189,362,0,1,362
fc1a1cd2d37a9100a80a496108f693ecebc59e14-dirty,2,typing,200,50,245,24348,163512,200,50,0,0,200,200,0,0,200
fc1a1cd2d37a9100a80a496108f693ecebc59e14-dirty,2,typing,200,50,246,24408,163830,200,50,1,1,4507,362,0,1,362
fc1a1cd2d37a9100a80a496108f693ecebc59e14-dirty,2,typing,200,50,247,24551,163989,200,50,1,1,4666,362,0,1,362
fc1a1cd2d37a9100a80a496108f693ecebc59e14-dirty,2,typing,200,50,248,24652,164148,200,50,1,1,4825,362,0,1,362
fc1a1cd2d37a9100a80a496108f693ecebc59e14-dirty,2,typing,200,50,249,24748,164307,200,50,1,1,4984,362,0,1,362
fc1a1cd2d37a9100a80a496108f693ecebc59e14-dirty,2,typing,200,50,250,24808,164307,200,50,0,0,200,200,0,0,200
fc1a1cd2d37a9100a80a496108f693ecebc59e14-dirty,2,typing,200,50,251,24951,164625,200,50,1,1,5302,362,0,1,362
fc1a1cd2d37a9100a80a496108f693ecebc59e14-dirty,2,typing,200,50,252,25052,164784,200,50,1,1,5461,362,0,1,362
fc1a1cd2d37a9100a80a496108f693ecebc59e14-dirty,2,typing,200,50,253,25107,164784,200,50,0,0,200,200,0,0,200
fc1a1cd2d37a9100a80a496108f693ecebc59e14-dirty,2,typing,200,50,254,25208,165102,200,50,1,1,5779,362,0,1,362
fc1a1cd2d37a9100a80a496108f693ecebc59e14-dirty,2,typing,200,50,255,25351,165261,200,50,1,1,5938,362,0,1,362
fc1a1cd2d37a9100a80a496108f693ecebc59e14-dirty,2,typing,200,50,256,25410,165420,200,50,1,1,6097,362,0,1,362
fc1a1cd2d37a9100a80a496108f693ecebc59e14-dirty,2,typing,200,50,257,25548,165579,200,50,1,1,6256,362,0,1,362
fc1a1cd2d37a9100a80a496108f693ecebc59e14-dirty,2,typing,200,50,258,25649,165579,200,50,0,0,200,200,0,0,200
fc1a1cd2d37a9100a80a496108f693ecebc59e14-dirty,2,typing,200,50,259,25709,165897,200,50,1,1,6574,362,0,1,362
fc1a1cd2d37a9100a80a496108f693ecebc59e14-dirty,2,typing,200,50,260,25852,166056,200,50,1,1,6733,362,0,1,362
fc1a1cd2d37a9100a80a496108f693ecebc59e14-dirty,2,typing,200,50,261,25948,166215,200,50,1,1,6892,362,0,1,362
fc1a1cd2d37a9100a80a496108f693ecebc59e14-dirty,2,typing,200,50,262,26007,166374,200,50,1,1,7051,362,0,1,362
fc1a1cd2d37a9100a80a496108f693ecebc59e14-dirty,2,typing,200,50,263,26149,166374,200,50,0,0,200,200,0,0,200
fc1a1cd2d37a9100a80a496108f693ecebc59e14-dirty,2,typing,200,50,264,26251,166692,200,50,1,1,7369,362,0,1,362
fc1a1cd2d37a9100a80a496108f693ecebc59e14-dirty,2,typing,200,50,265,26348,166692,200,50,0,0,200,200,0,0,200
fc1a1cd2d37a9100a80a496108f693ecebc59e14-dirty,2,typing,200,50,266,26407,167010,200,50,1,1,7687,362,0,1,362
fc1a1cd2d37a9100a80a496108f693ecebc59e14-dirty,2,typing,200,50,267,26549,167169,200,50,1,1,7846,362,0,1,362
fc1a1cd2d37a9100a80a496108f693ecebc59e14-dirty,2,typing,200,50,268,26610,167328,200,50,1,1,8005,362,0,1,362
fc1a1cd2d37a9100a80a496108f693ecebc59e14-dirty,2,typing,200,50,269,26747,167487,200,50,1,1,8164,362,0,1,362
fc1a1cd2d37a9100a80a496108f693ecebc59e14-dirty,2,typing,200,50,270,26808,167646,200,50,1,1,8323,362,0,1,362
fc1a1cd2d37a9100a80a496108f693ecebc59e14-dirty,2,typing,200,50,271,26951,167805,200,50,1,1,8482,362,0,1,362
fc1a1cd2d37a9100a80a496108f693ecebc59e14-dirty,2,typing,200,50,272,27051,167805,200,50,0,0,200,200,0,0,200
fc1a1cd2d37a9100a80a496108f693ecebc59e14-dirty,2,typing,200,50,273,27148,168123,200,50,1,1,8800,362,0,1,362
fc1a1cd2d37a9100a80a496108f693ecebc59e14-dirty,2,typing,200,50,274,27249,168282,200,50,1,1,8959,362,0,1,362
fc1a1cd2d37a9100a80a496108f693ecebc59e14-dirty,2,typing,200,50,275,27309,168441,200,50,1,1,9118,362,0,1,362
fc1a1cd2d37a9100a80a496108f693ecebc59e14-dirty,2,typing,200,50,276,27410,168600,200,50,1,1,9277,362,0,1,362
fc1a1cd2d37a9100a80a496108f693ecebc59e14-dirty,2,typing,200,50,277,27548,168759,200,50,1,1,9436,362,0,1,362
fc1a1cd2d37a9100a80a496108f693ecebc59e14-dirty,2,typing,200,50,278,27648,168759,200,50,0,0,200,200,0,0,200
fc1a1cd2d37a9100a80a496108f693ecebc59e14-dirty,2,typing,200,50,279,27749,169077,200,50,1,1,9754,362,0,1,362
fc1a1cd2d37a9100a80a496108f693ecebc59e14-dirty,2,typing,200,50,280,27810,169236,200,50,1,1,9913,362,0,1,362
fc1a1cd2d37a9100a80a496108f693ecebc59e14-dirty,2,typing,200,50,281,27906,169236,200,50,0,0,200,200,0,0,200
fc1a1cd2d37a9100a80a496108f693ecebc59e14-dirty,2,typing,200,50,282,28007,169554,200,50,1,1,10231,362,0,1,362
fc1a1cd2d37a9100a80a496108f693ecebc59e14-dirty,2,typing,200,50,283,28109,169554,200,50,0,0,200,200,0,0,200
fc1a1cd2d37a9100a80a496108f693ecebc59e14-dirty,2,typing,200,50,284,28251,169872,200,50,1,1,10549,362,0,1,362
fc1a1cd2d37a9100a80a496108f693ecebc59e14-dirty,2,typing,200,50,285,28306,170031,200,50,1,1,10708,362,0,1,362
fc1a1cd2d37a9100a80a496108f693ecebc59e14-dirty,2,typing,200,50,286,28407,170190,200,50,1,1,10867,362,0,1,362
fc1a1cd2d37a9100a80a496108f693ecebc59e14-dirty,2,typing,200,50,287,28550,170349,200,50,1,1,11026,362,0,1,362
fc1a1cd2d37a9100a80a496108f693ecebc59e14-dirty,2,typing,200,50,288,28651,170349,200,50,1,1,11026,362,0,1,362
fc1a1cd2d37a9100a80a496108f693ecebc59e14-dirty,2,typing,200,50,289,28711,170349,200,50,0,0,200,200,0,0,200
fc1a1cd2d37a9100a80a496108f693ecebc59e14-dirty,2,typing,200,50,290,28849,170667,200,50,1,1,11344,362,0,1,362
fc1a1cd2d37a9100a80a496108f693ecebc59e14-dirty,2,typing,200,50,291,28950,170826,200,50,1,1,11503,362,0,1,362
fc1a1cd2d37a9100a80a496108f693ecebc59e14-dirty,2,typing,200,50,292,29050,170985,200,50,1,1,11662,362,0,1,362
fc1a1cd2d37a9100a80a496108f693ecebc59e14-dirty,2,typing,200,50,293,29151,171144,200,50,1,1,11821,362,0,1,362
fc1a1cd2d37a9100a80a496108f693ecebc59e14-dirty,2,typing,200,50,294,29207,171303,200,50,1,1,11980,362,0,1,362
fc1a1cd2d37a9100a80a496108f693ecebc59e14-dirty,2,typing,200,50,295,29349,171462,200,50,1,1,12139,362,0,1,362
fc1a1cd2d37a9100a80a496108f693ecebc59e14-dirty,2,typing,200,50,296,29410,179888,200,50,1413,50,180029,229857,2,400,65589
fc1a1cd2d37a9100a80a496108f693ecebc59e14-dirty,2,typing,200,50,297,29553,180206,200,50,1,1,849,360,0,1,360
fc1a1cd2d37a9100a80a496108f693ecebc59e14-dirty,2,typing,200,50,298,29649,180365,200,50,1,1,1008,360,0,1,360
fc1a1cd2d37a9100a80a496108f693ecebc59e14-dirty,2,typing,200,50,299,29709,180524,200,50,1,1,1167,360,0,1,360
fc1a1cd2d37a9100a80a496108f693ecebc59e14-dirty,2,typing,200,50,300,29852,180683,200,50,1,1,1326,360,0,1,360
fc1a1cd2d37a9100a80a496108f693ecebc59e14-dirty,2,typing,200,50,301,29911,180683,200,50,0,0,199,199,0,0,199
fc1a1cd2d37a9100a80a496108f693ecebc59e14-dirty,2,typing,200,50,302,30049,181001,200,50,1,1,1644,360,0,1,360
fc1a1cd2d37a9100a80a496108f693ecebc59e14-dirty,2,typing,200,50,303,30109,181160,200,50,1,1,1803,360,0,1,360
fc1a1cd2d37a9100a80a496108f693ecebc59e14-dirty,2,typing,200,50,304,30252,181320,200,50,1,1,1963,361,0,1,361
fc1a1cd2d37a9100a80a496108f693ecebc59e14-dirty,2,typing,200,50,305,30311,181320,200,50,0,0,200,200,0,0,200
fc1a1cd2d37a9100a80a496108f693ecebc59e14-dirty,2,typing,200,50,306,30448,181638,200,50,1,1,2281,362,0,1,362
fc1a1cd2d37a9100a80a496108f693ecebc59e14-dirty,2,typing,200,50,307,30509,181797,200,50,1,1,2440,362,0,1,362
fc1a1cd2d37a9100a80a496108f693ecebc59e14-dirty,2,typing,200,50,308,30610,181956,200,50,1,1,2599,362,0,1,362
fc1a1cd2d37a9100a80a496108f693ecebc59e14-dirty,2,typing,200,50,309,30706,175435,200,50,1432,50,175576,232938,2,400,65589
fc1a1cd2d37a9100a80a496108f693ecebc59e14-dirty,3,typing,200,50,1,6,175753,200,50,1,1,849,360,0,1,360
fc1a1cd2d37a9100a80a496108f693ecebc59e14-dirty,3,typing,200,50,2,148,175912,200,50,1,1,1008,360,0,1,360
fc1a1cd2d37a9100a80a496108f693ecebc59e14-dirty,3,typing,200,50,3,203,176071,200,50,1,1,1167,360,0,1,360
fc1a1cd2d37a9100a80a496108f693ecebc59e14-dirty,3,typing,200,50,4,304,176230,200,50,1,1,1326,360,0,1,360
fc1a1cd2d37a9100a80a496108f693ecebc59e14-dirty,3,typing,200,50,5,446,176230,200,50,0,0,199,199,0,0,199
fc1a1cd2d37a9100a80a496108f693ecebc59e14-dirty,3,typing,200,50,6,547,176548,200,50,1,1,1644,360,0,1,360
fc1a1cd2d37a9100a80a496108f693ecebc59e14-dirty,3,typing,200,50,7,649,176707,200,50,1,1,1803,360,0,1,360
fc1a1cd2d37a9100a80a496108f693ecebc59e14-dirty,3,typing,200,50,8,746,176867,200,50,1,1,1963,361,0,1,361
fc1a1cd2d37a9100a80a496108f693ecebc59e14-dirty,3,typing,200,50,9,805,176867,200,50,1,1,1963,362,0,1,362
fc1a1cd2d37a9100a80a496108f693ecebc59e14-dirty,3,typing,200,50,10,907,177026,200,50,1,1,2122,362,0,1,362
fc1a1cd2d37a9100a80a496108f693ecebc59e14-dirty,3,typing,200,50,11,1049,177026,200,50,0,0,200,200,0,0,200
fc1a1cd2d37a9100a80a496108f693ecebc59e14-dirty,3,typing,200,50,12,1104,177344,200,50,1,1,2440,362,0,1,362
fc1a1cd2d37a9100a80a496108f693ecebc59e14-dirty,3,typing,200,50,13,1205,177503,200,50,1,1,2599,362,0,1,362
fc1a1cd2d37a9100a80a496108f693ecebc59e14-dirty,3,typing,200,50,14,1347,177662,200,50,1,1,2758,362,0,1,362
fc1a1cd2d37a9100a80a496108f693ecebc59e14-dirty,3,typing,200,50,15,1449,177821,200,50,1,1,2917,362,0,1,362
fc1a1cd2d37a9100a80a496108f693ecebc59e14-dirty,3,typing,200,50,16,1545,177980,200,50,1,1,3076,362,0,1,362
fc1a1cd2d37a9100a80a496108f693ecebc59e14-dirty,3,typing,200,50,17,1648,176866,200,50,1414,50,177007,229998,2,400,65589
fc1a1cd2d37a9100a80a496108f693ecebc59e14-dirty,3,typing,200,50,18,1749,177184,200,50,1,1,849,360,0,1,360
fc1a1cd2d37a9100a80a496108f693ecebc59e14-dirty,3,typing,200,50,19,1803,177343,200,50,1,1,1008,360,0,1,360
fc1a1cd2d37a9100a80a496108f693ecebc59e14-dirty,3,typing,200,50,20,1905,177502,200,50,1,1,1167,360,0,1,360
fc1a1cd2d37a9100a80a496108f693ecebc59e14-dirty,3,typing,200,50,21,2006,166690,200,50,1363,50,166831,221734,2,400,65589
fc1a1cd2d37a9100a80a496108f693ecebc59e14-dirty,3,typing,200,50,22,2107,167008,200,50,1,1,849,360,0,1,360
fc1a1cd2d37a9100a80a496108f693ecebc59e14-dirty,3,typing,200,50,23,2249,167167,200,50,1,1,1008,360,0,1,360
fc1a1cd2d37a9100a80a496108f693ecebc59e14-dirty,3,typing,200,50,24,2346,167326,200,50,1,1,1167,360,0,1,360
fc1a1cd2d37a9100a80a496108f693ecebc59e14-dirty,3,typing,200,50,25,2406,167485,200,50,1,1,1326,360,0,1,360
fc1a1cd2d37a9100a80a496108f693ecebc59e14-dirty,3,typing,200,50,26,2507,167644,200,50,1,1,1485,360,0,1,360
fc1a1cd2d37a9100a80a496108f693ecebc59e14-dirty,3,typing,200,50,27,2650,167803,200,50,1,1,1644,360,0,1,360
fc1a1cd2d37a9100a80a496108f693ecebc59e14-dirty,3,typing,200,50,28,2704,167803,200,50,0,0,199,199,0,0,199
fc1a1cd2d37a9100a80a496108f693ecebc59e14-dirty,3,typing,200,50,29,2846,168122,200,50,1,1,1963,361,0,1,361
fc1a1cd2d37a9100a80a496108f693ecebc59e14-dirty,3,typing,200,50,30,2906,168281,200,50,1,1,2122,362,0,1,362
fc1a1cd2d37a9100a80a496108f693ecebc59e14-dirty,3,typing,200,50,31,3048,168440,200,50,1,1,2281,362,0,1,362
fc1a1cd2d37a9100a80a496108f693ecebc59e14-dirty,3,typing,200,50,32,3104,168599,200,50,1,1,2440,362,0,1,362
fc1a1cd2d37a9100a80a496108f693ecebc59e14-dirty,3,typing,200,50,33,3205,168599,200,50,0,0,200,200,0,0,200
fc1a1cd2d37a9100a80a496108f693ecebc59e14-dirty,3,typing,200,50,34,3306,168917,200,50,1,1,2758,362,0,1,362
fc1a1cd2d37a9100a80a496108f693ecebc59e14-dirty,3,typing,200,50,35,3449,169076,200,50,1,1,2917,362,0,1,362
fc1a1cd2d37a9100a80a496108f693ecebc59e14-dirty,3,typing,200,50,36,3504,169235,200,50,1,1,3076,362,0,1,362
fc1a1cd2d37a9100a80a496108f693ecebc59e14-dirty,3,typing,200,50,37,3647,169235,200,50,0,0,200,200,0,0,200
fc1a1cd2d37a9100a80a496108f693ecebc59e14-dirty,3,typing,200,50,38,3706,169553,200,50,1,1,3394,362,0,1,362
fc1a1cd2d37a9100a80a496108f693ecebc59e14-dirty,3,typing,200,50,39,3849,169712,200,50,1,1,3553,362,0,1,362
fc1a1cd2d37a9100a80a496108f693ecebc59e14-dirty,3,typing,200,50,40,3944,169871,200,50,1,1,3712,362,0,1,362
fc1a1cd2d37a9100a80a496108f693ecebc59e14-dirty,3,typing,200,50,41,4046,170030,200,50,1,1,3871,362,0,1,362
fc1a1cd2d37a9100a80a496108f693ecebc59e14-dirty,3,typing,200,50,42,4146,170030,200,50,1,1,3871,362,0,1,362
fc1a1cd2d37a9100a80a496108f693ecebc59e14-dirty,3,typing,200,50,43,4207,170190,200,50,1,1,4031,363,0,1,363
fc1a1cd2d37a9100a80a496108f693ecebc59e14-dirty,3,typing,200,50,44,4350,170349,200,50,1,1,4190,362,0,1,362
fc1a1cd2d37a9100a80a496108f693ecebc59e14-dirty,3,typing,200,50,45,4446,170508,200,50,1,1,4349,362,0,1,362
fc1a1cd2d37a9100a80a496108f693ecebc59e14-dirty,3,typing,200,50,46,4505,170189,200,50,1349,50,170330,219487,2,400,65589
fc1a1cd2d37a9100a80a496108f693ecebc59e14-dirty,3,typing,200,50,47,4648,170507,200,50,1,1,849,360,0,1,360
fc1a1cd2d37a9100a80a496108f693ecebc59e14-dirty,3,typing,200,50,48,4708,170666,200,50,1,1,1008,360,0,1,360
fc1a1cd2d37a9100a80a496108f693ecebc59e14-dirty,3,typing,200,50,49,4845,170825,200,50,1,1,1167,360,0,1,360
fc1a1cd2d37a9100a80a496108f693ecebc59e14-dirty,3,typing,200,50,50,4947,170984,200,50,1,1,1326,360,0,1,360
fc1a1cd2d37a9100a80a496108f693ecebc59e14-dirty,3,typing,200,50,51,5048,167327,200,50,1219,50,167468,198310,1,200,32899
fc1a1cd2d37a9100a80a496108f693ecebc59e14-dirty,3,typing,200,50,52,5148,167645,200,50,1,1,849,360,0,1,360
fc1a1cd2d37a9100a80a496108f693ecebc59e14-dirty,3,typing,200,50,53,5246,167804,200,50,1,1,1008,360,0,1,360
fc1a1cd2d37a9100a80a496108f693ecebc59e14-dirty,3,typing,200,50,54,5306,167963,200,50,1,1,1167,360,0,1,360
fc1a1cd2d37a9100a80a496108f693ecebc59e14-dirty,3,typing,200,50,55,5447,168122,200,50,1,1,1326,360,0,1,360
fc1a1cd2d37a9100a80a496108f693ecebc59e14-dirty,3,typing,200,50,56,5548,168122,200,50,0,0,199,199,0,0,199
fc1a1cd2d37a9100a80a496108f693ecebc59e14-dirty,3,typing,200,50,57,5604,168440,200,50,1,1,1644,360,0,1,360
fc1a1cd2d37a9100a80a496108f693ecebc59e14-dirty,3,typing,200,50,58,5706,168599,200,50,1,1,1803,360,0,1,360
fc1a1cd2d37a9100a80a496108f693ecebc59e14-dirty,3,typing,200,50,59,5847,168759,200,50,1,1,1963,361,0,1,361
fc1a1cd2d37a9100a80a496108f693ecebc59e14-dirty,3,typing,200,50,60,5950,168759,200,50,0,0,200,200,0,0,200
fc1a1cd2d37a9100a80a496108f693ecebc59e14-dirty,3,typing,200,50,61,6004,169077,200,50,1,1,2281,362,0,1,362
fc1a1cd2d37a9100a80a496108f693ecebc59e14-dirty,3,typing,200,50,62,6146,169236,200,50,1,1,2440,362,0,1,362
fc1a1cd2d37a9100a80a496108f693ecebc59e14-dirty,3,typing,200,50,63,6248,169395,200,50,1,1,2599,362,0,1,362
fc1a1cd2d37a9100a80a496108f693ecebc59e14-dirty,3,typing,200,50,64,6308,169554,200,50,1,1,2758,362,0,1,362
fc1a1cd2d37a9100a80a496108f693ecebc59e14-dirty,3,typing,200,50,65,6445,169713,200,50,1,1,2917,362,0,1,362
fc1a1cd2d37a9100a80a496108f693ecebc59e14-dirty,3,typing,200,50,66,6505,169713,200,50,0,0,200,200,0,0,200
fc1a1cd2d37a9100a80a496108f693ecebc59e14-dirty,3,typing,200,50,67,6648,170031,200,50,1,1,3235,362,0,1,362
fc1a1cd2d37a9100a80a496108f693ecebc59e14-dirty,3,typing,200,50,68,6748,170190,200,50,1,1,3394,362,0,1,362
fc1a1cd2d37a9100a80a496108f693ecebc59e14-dirty,3,typing,200,50,69,6844,170349,200,50,1,1,3553,362,0,1,362
fc1a1cd2d37a9100a80a496108f693ecebc59e14-dirty,3,typing,200,50,70,6947,170508,200,50,1,1,3712,362,0,1,362
fc1a1cd2d37a9100a80a496108f693ecebc59e14-dirty,3,typing,200,50,71,7006,170667,200,50,1,1,3871,362,0,1,362
fc1a1cd2d37a9100a80a496108f693ecebc59e14-dirty,3,typing,200,50,72,7149,170667,200,50,0,0,200,200,0,0,200
fc1a1cd2d37a9100a80a496108f693ecebc59e14-dirty,3,typing,200,50,73,7249,170985,200,50,1,1,4189,362,0,1,362
fc1a1cd2d37a9100a80a496108f693ecebc59e14-dirty,3,typing,200,50,74,7346,171144,200,50,1,1,4348,362,0,1,362
fc1a1cd2d37a9100a80a496108f693ecebc59e14-dirty,3,typing,200,50,75,7447,171303,200,50,1,1,4507,362,0,1,362
fc1a1cd2d37a9100a80a496108f693ecebc59e14-dirty,3,typing,200,50,76,7548,171303,200,50,0,0,200,200,0,0,200
fc1a1cd2d37a9100a80a496108f693ecebc59e14-dirty,3,typing,200,50,77,7649,171621,200,50,1,1,4825,362,0,1,362
fc1a1cd2d37a9100a80a496108f693ecebc59e14-dirty,3,typing,200,50,78,7705,171780,200,50,1,1,4984,362,0,1,362
fc1a1cd2d37a9100a80a496108f693ecebc59e14-dirty,3,typing,200,50,79,7847,171939,200,50,1,1,5143,362,0,1,362
fc1a1cd2d37a9100a80a496108f693ecebc59e14-dirty,3,typing,200,50,80,7907,172098,200,50,1,1,5302,362,0,1,362
fc1a1cd2d37a9100a80a496108f693ecebc59e14-dirty,3,typing,200,50,81,8049,172257,200,50,1,1,5461,362,0,1,362
fc1a1cd2d37a9100a80a496108f693ecebc59e14-dirty,3,typing,200,50,82,8105,172257,200,50,0,0,200,200,0,0,200
fc1a1cd2d37a9100a80a496108f693ecebc59e14-dirty,3,typing,200,50,83,8206,172575,200,50,1,1,5779,362,0,1,362
fc1a1cd2d37a9100a80a496108f693ecebc59e14-dirty,3,typing,200,50,84,8307,172734,200,50,1,1,5938,362,0,1,362
fc1a1cd2d37a9100a80a496108f693ecebc59e14-dirty,3,typing,200,50,85,8449,172893,200,50,1,1,6097,362,0,1,362
fc1a1cd2d37a9100a80a496108f693ecebc59e14-dirty,3,typing,200,50,86,8546,173052,200,50,1,1,6256,362,0,1,362
fc1a1cd2d37a9100a80a496108f693ecebc59e14-dirty,3,typing,200,50,87,8647,173052,200,50,0,0,200,200,0,0,200
fc1a1cd2d37a9100a80a496108f693ecebc59e14-dirty,3,typing,200,50,88,8707,173370,200,50,1,1,6574,362,0,1,362
fc1a1cd2d37a9100a80a496108f693ecebc59e14-dirty,3,typing,200,50,89,8808,173529,200,50,1,1,6733,362,0,1,362
fc1a1cd2d37a9100a80a496108f693ecebc59e14-dirty,3,typing,200,50,90,8904,173688,200,50,1,1,6892,362,0,1,362
fc1a1cd2d37a9100a80a496108f693ecebc59e14-dirty,3,typing,200,50,91,9047,173688,200,50,0,0,200,200,0,0,200
fc1a1cd2d37a9100a80a496108f693ecebc59e14-dirty,3,typing,200,50,92,9148,174006,200,50,1,1,7210,362,0,1,362
fc1a1cd2d37a9100a80a496108f693ecebc59e14-dirty,3,typing,200,50,93,9208,174165,200,50,1,1,7369,362,0,1,362
fc1a1cd2d37a9100a80a496108f693ecebc59e14-dirty,3,typing,200,50,94,9345,174324,200,50,1,1,7528,362,0,1,362
fc1a1cd2d37a9100a80a496108f693ecebc59e14-dirty,3,typing,200,50,95,9406,174483,200,50,1,1,7687,362,0,1,362
fc1a1cd2d37a9100a80a496108f693ecebc59e14-dirty,3,typing,200,50,96,9548,174483,200,50,0,0,200,200,0,0,200
fc1a1cd2d37a9100a80a496108f693ecebc59e14-dirty,3,typing,200,50,97,9608,174801,200,50,1,1,8005,362,0,1,362
fc1a1cd2d37a9100a80a496108f693ecebc59e14-dirty,3,typing,200,50,98,9704,174960,200,50,1,1,8164,362,0,1,362
fc1a1cd2d37a9100a80a496108f693ecebc59e14-dirty,3,typing,200,50,99,9805,175119,200,50,1,1,8323,362,0,1,362
fc1a1cd2d37a9100a80a496108f693ecebc59e14-dirty,3,typing,200,50,100,9948,173051,200,50,1391,50,173192,226341,2,400,65589
fc1a1cd2d37a9100a80a496108f693ecebc59e14-dirty,3,typing,200,50,101,10007,173369,200,50,1,1,849,360,0,1,360
fc1a1cd2d37a9100a80a496108f693ecebc59e14-dirty,3,typing,200,50,102,10150,173528,200,50,1,1,1008,360,0,1,360
fc1a1cd2d37a9100a80a496108f693ecebc59e14-dirty,3,typing,200,50,103,10247,173528,200,50,0,0,199,199,0,0,199
fc1a1cd2d37a9100a80a496108f693ecebc59e14-dirty,3,typing,200,50,104,10306,173846,200,50,1,1,1326,360,0,1,360
fc1a1cd2d37a9100a80a496108f693ecebc59e14-dirty,3,typing,200,50,105,10449,174005,200,50,1,1,1485,360,0,1,360
fc1a1cd2d37a9100a80a496108f693ecebc59e14-dirty,3,typing,200,50,106,10508,174164,200,50,1,1,1644,360,0,1,360
fc1a1cd2d37a9100a80a496108f693ecebc59e14-dirty,3,typing,200,50,107,10605,174323,200,50,1,1,1803,360,0,1,360
fc1a1cd2d37a9100a80a496108f693ecebc59e14-dirty,3,typing,200,50,108,10706,167961,200,50,1245,50,168102,202516,1,200,32899
fc1a1cd2d37a9100a80a496108f693ecebc59e14-dirty,3,typing,200,50,109,10807,168279,200,50,1,1,849,360,0,1,360
fc1a1cd2d37a9100a80a496108f693ecebc59e14-dirty,3,typing,200,50,110,10909,168438,200,50,1,1,1008,360,0,1,360
fc1a1cd2d37a9100a80a496108f693ecebc59e14-dirty,3,typing,200,50,111,11046,168438,200,50,0,0,199,199,0,0,199
fc1a1cd2d37a9100a80a496108f693ecebc59e14-dirty,3,typing,200,50,112,11106,168756,200,50,1,1,1326,360,0,1,360
fc1a1cd2d37a9100a80a496108f693ecebc59e14-dirty,3,typing,200,50,113,11249,170823,200,50,1366,50,170964,222186,2,400,65589
fc1a1cd2d37a9100a80a496108f693ecebc59e14-dirty,3,typing,200,50,114,11308,171141,200,50,1,1,849,360,0,1,360
fc1a1cd2d37a9100a80a496108f693ecebc59e14-dirty,3,typing,200,50,115,11404,171300,200,50,1,1,1008,360,0,1,360
fc1a1cd2d37a9100a80a496108f693ecebc59e14-dirty,3,typing,200,50,116,11546,171459,200,50,1,1,1167,360,0,1,360
fc1a1cd2d37a9100a80a496108f693ecebc59e14-dirty,3,typing,200,50,117,11648,171618,200,50,1,1,1326,360,0,1,360
fc1a1cd2d37a9100a80a496108f693ecebc59e14-dirty,3,typing,200,50,118,11750,171618,200,50,0,0,199,199,0,0,199
fc1a1cd2d37a9100a80a496108f693ecebc59e14-dirty,3,typing,200,50,119,11851,171936,200,50,1,1,1644,360,0,1,360
fc1a1cd2d37a9100a80a496108f693ecebc59e14-dirty,3,typing,200,50,120,11946,172095,200,50,1,1,1803,360,0,1,360
fc1a1cd2d37a9100a80a496108f693ecebc59e14-dirty,3,typing,200,50,121,12007,172255,200,50,1,1,1963,361,0,1,361
fc1a1cd2d37a9100a80a496108f693ecebc59e14-dirty,3,typing,200,50,122,12108,172414,200,50,1,1,2122,362,0,1,362
fc1a1cd2d37a9100a80a496108f693ecebc59e14-dirty,3,typing,200,50,123,12250,172414,200,50,0,0,200,200,0,0,200
fc1a1cd2d37a9100a80a496108f693ecebc59e14-dirty,3,typing,200,50,124,12346,172732,200,50,1,1,2440,362,0,1,362
fc1a1cd2d37a9100a80a496108f693ecebc59e14-dirty,3,typing,200,50,125,12406,172891,200,50,1,1,2599,362,0,1,362
fc1a1cd2d37a9100a80a496108f693ecebc59e14-dirty,3,typing,200,50,126,12508,173050,200,50,1,1,2758,362,0,1,362
fc1a1cd2d37a9100a80a496108f693ecebc59e14-dirty,3,typing,200,50,127,12651,173209,200,50,1,1,2917,362,0,1,362
fc1a1cd2d37a9100a80a496108f693ecebc59e14-dirty,3,typing,200,50,128,12705,173209,200,50,0,0,200,200,0,0,200
fc1a1cd2d37a9100a80a496108f693ecebc59e14-dirty,3,typing,200,50,129,12848,173527,200,50,1,1,3235,362,0,1,362
fc1a1cd2d37a9100a80a496108f693ecebc59e14-dirty,3,typing,200,50,130,12949,173686,200,50,1,1,3394,362,0,1,362
fc1a1cd2d37a9100a80a496108f693ecebc59e14-dirty,3,typing,200,50,131,13050,173845,200,50,1,1,3553,362,0,1,362
fc1a1cd2d37a9100a80a496108f693ecebc59e14-dirty,3,typing,200,50,132,13105,173845,200,50,0,0,200,200,0,0,200
fc1a1cd2d37a9100a80a496108f693ecebc59e14-dirty,3,typing,200,50,133,13248,174163,200,50,1,1,3871,362,0,1,362
fc1a1cd2d37a9100a80a496108f693ecebc59e14-dirty,3,typing,200,50,134,13307,174322,200,50,1,1,4030,362,0,1,362
fc1a1cd2d37a9100a80a496108f693ecebc59e14-dirty,3,typing,200,50,135,13449,174481,200,50,1,1,4189,362,0,1,362
fc1a1cd2d37a9100a80a496108f693ecebc59e14-dirty,3,typing,200,50,136,13546,174640,200,50,1,1,4348,362,0,1,362
fc1a1cd2d37a9100a80a496108f693ecebc59e14-dirty,3,typing,200,50,137,13647,174799,200,50,1,1,4507,362,0,1,362
fc1a1cd2d37a9100a80a496108f693ecebc59e14-dirty,3,typing,200,50,138,13707,174799,200,50,0,0,200,200,0,0,200
fc1a1cd2d37a9100a80a496108f693ecebc59e14-dirty,3,typing,200,50,139,13850,175117,200,50,1,1,4825,362,0,1,362
fc1a1cd2d37a9100a80a496108f693ecebc59e14-dirty,3,typing,200,50,140,13945,175276,200,50,1,1,4984,362,0,1,362
fc1a1cd2d37a9100a80a496108f693ecebc59e14-dirty,3,typing,200,50,141,14047,175435,200,50,1,1,5143,362,0,1,362
fc1a1cd2d37a9100a80a496108f693ecebc59e14-dirty,3,typing,200,50,142,14107,175594,200,50,1,1,5302,362,0,1,362
fc1a1cd2d37a9100a80a496108f693ecebc59e14-dirty,3,typing,200,50,143,14208,175753,200,50,1,1,5461,362,0,1,362
fc1a1cd2d37a9100a80a496108f693ecebc59e14-dirty,3,typing,200,50,144,14351,173048,200,50,1404,50,173189,228380,2,400,65589
fc1a1cd2d37a9100a80a496108f693ecebc59e14-dirty,3,typing,200,50,145,14448,173366,200,50,1,1,849,360,0,1,360
fc1a1cd2d37a9100a80a496108f693ecebc59e14-dirty,3,typing,200,50,146,14550,173525,200,50,1,1,1008,360,0,1,360
fc1a1cd2d37a9100a80a496108f693ecebc59e14-dirty,3,typing,200,50,147,14647,173684,200,50,1,1,1167,360,0,1,360
fc1a1cd2d37a9100a80a496108f693ecebc59e14-dirty,3,typing,200,50,148,14707,173684,200,50,0,0,199,199,0,0,199
fc1a1cd2d37a9100a80a496108f693ecebc59e14-dirty,3,typing,200,50,149,14808,174002,200,50,1,1,1485,360,0,1,360
fc1a1cd2d37a9100a80a496108f693ecebc59e14-dirty,3,typing,200,50,150,14951,174002,200,50,0,0,199,199,0,0,199
fc1a1cd2d37a9100a80a496108f693ecebc59e14-dirty,3,typing,200,50,151,15047,174320,200,50,1,1,1803,360,0,1,360
fc1a1cd2d37a9100a80a496108f693ecebc59e14-dirty,3,typing,200,50,152,15107,174480,200,50,1,1,1963,361,0,1,361
fc1a1cd2d37a9100a80a496108f693ecebc59e14-dirty,3,typing,200,50,153,15250,174480,200,50,0,0,200,200,0,0,200
fc1a1cd2d37a9100a80a496108f693ecebc59e14-dirty,3,typing,200,50,154,15309,174798,200,50,1,1,2281,362,0,1,362
fc1a1cd2d37a9100a80a496108f693ecebc59e14-dirty,3,typing,200,50,155,15446,174798,200,50,0,0,200,200,0,0,200
fc1a1cd2d37a9100a80a496108f693ecebc59e14-dirty,3,typing,200,50,156,15507,175116,200,50,1,1,2599,362,0,1,362
fc1a1cd2d37a9100a80a496108f693ecebc59e14-dirty,3,typing,200,50,157,15650,175116,200,50,0,0,200,200,0,0,200
fc1a1cd2d37a9100a80a496108f693ecebc59e14-dirty,3,typing,200,50,158,15751,175434,200,50,1,1,2917,362,0,1,362
fc1a1cd2d37a9100a80a496108f693ecebc59e14-dirty,3,typing,200,50,159,15847,175593,200,50,1,1,3076,362,0,1,362
fc1a1cd2d37a9100a80a496108f693ecebc59e14-dirty,3,typing,200,50,160,15948,175593,200,50,0,0,200,200,0,0,200
fc1a1cd2d37a9100a80a496108f693ecebc59e14-dirty,3,typing,200,50,161,16048,175911,200,50,1,1,3394,362,0,1,362
fc1a1cd2d37a9100a80a496108f693ecebc59e14-dirty,3,typing,200,50,162,16150,176070,200,50,1,1,3553,362,0,1,362
fc1a1cd2d37a9100a80a496108f693ecebc59e14-dirty,3,typing,200,50,163,16247,176070,200,50,0,0,200,200,0,0,200
fc1a1cd2d37a9100a80a496108f693ecebc59e14-dirty,3,typing,200,50,164,16306,176388,200,50,1,1,3871,362,0,1,362
fc1a1cd2d37a9100a80a496108f693ecebc59e14-dirty,3,typing,200,50,165,16448,176547,200,50,1,1,4030,362,0,1,362
fc1a1cd2d37a9100a80a496108f693ecebc59e14-dirty,3,typing,200,50,166,16550,176706,200,50,1,1,4189,362,0,1,362
fc1a1cd2d37a9100a80a496108f693ecebc59e14-dirty,3,typing,200,50,167,16612,176865,200,50,1,1,4348,362,0,1,362
fc1a1cd2d37a9100a80a496108f693ecebc59e14-dirty,3,typing,200,50,168,16750,176865,200,50,0,0,200,200,0,0,200
fc1a1cd2d37a9100a80a496108f693ecebc59e14-dirty,3,typing,200,50,169,16851,177184,200,50,1,1,4667,363,0,1,363
fc1a1cd2d37a9100a80a496108f693ecebc59e14-dirty,3,typing,200,50,170,16906,177343,200,50,1,1,4826,362,0,1,362
fc1a1cd2d37a9100a80a496108f693ecebc59e14-dirty,3,typing,200,50,171,17007,177502,200,50,1,1,4985,362,0,1,362
fc1a1cd2d37a9100a80a496108f693ecebc59e14-dirty,3,typing,200,50,172,17108,177661,200,50,1,1,5144,362,0,1,362
fc1a1cd2d37a9100a80a496108f693ecebc59e14-dirty,3,typing,200,50,173,17210,177820,200,50,1,1,5303,362,0,1,362
fc1a1cd2d37a9100a80a496108f693ecebc59e14-dirty,3,typing,200,50,174,17347,177820,200,50,0,0,200,200,0,0,200
fc1a1cd2d37a9100a80a496108f693ecebc59e14-dirty,3,typing,200,50,175,17407,178138,200,50,1,1,5621,362,0,1,362
fc1a1cd2d37a9100a80a496108f693ecebc59e14-dirty,3,typing,200,50,176,17550,178297,200,50,1,1,5780,362,0,1,362
fc1a1cd2d37a9100a80a496108f693ecebc59e14-dirty,3,typing,200,50,177,17610,178457,200,50,1,1,5940,363,0,1,363
fc1a1cd2d37a9100a80a496108f693ecebc59e14-dirty,3,typing,200,50,178,17706,178616,200,50,1,1,6099,362,0,1,362
fc1a1cd2d37a9100a80a496108f693ecebc59e14-dirty,3,typing,200,50,179,17848,178616,200,50,0,0,200,200,0,0,200
fc1a1cd2d37a9100a80a496108f693ecebc59e14-dirty,3,typing,200,50,180,17949,178934,200,50,1,1,6417,362,0,1,362
fc1a1cd2d37a9100a80a496108f693ecebc59e14-dirty,3,typing,200,50,181,18051,179093,200,50,1,1,6576,362,0,1,362
fc1a1cd2d37a9100a80a496108f693ecebc59e14-dirty,3,typing,200,50,182,18148,179252,200,50,1,1,6735,362,0,1,362
fc1a1cd2d37a9100a80a496108f693ecebc59e14-dirty,3,typing,200,50,183,18248,179411,200,50,1,1,6894,362,0,1,362
fc1a1cd2d37a9100a80a496108f693ecebc59e14-dirty,3,typing,200,50,184,18308,179569,200,50,1376,50,179710,223780,4,800,130969
fc1a1cd2d37a9100a80a496108f693ecebc59e14-dirty,3,typing,200,50,185,18410,179887,200,50,1,1,849,360,0,1,360
fc1a1cd2d37a9100a80a496108f693ecebc59e14-dirty,3,typing,200,50,186,18506,180046,200,50,1,1,1008,360,0,1,360
fc1a1cd2d37a9100a80a496108f693ecebc59e14-dirty,3,typing,200,50,187,18607,180205,200,50,1,1,1167,360,0,1,360
fc1a1cd2d37a9100a80a496108f693ecebc59e14-dirty,3,typing,200,50,188,18750,180364,200,50,1,1,1326,360,0,1,360
fc1a1cd2d37a9100a80a496108f693ecebc59e14-dirty,3,typing,200,50,189,18810,180523,200,50,1,1,1485,360,0,1,360
fc1a1cd2d37a9100a80a496108f693ecebc59e14-dirty,3,typing,200,50,190,18947,180682,200,50,1,1,1644,360,0,1,360
fc1a1cd2d37a9100a80a496108f693ecebc59e14-dirty,3,typing,200,50,191,19048,180682,200,50,0,0,199,199,0,0,199
fc1a1cd2d37a9100a80a496108f693ecebc59e14-dirty,3,typing,200,50,192,19108,181001,200,50,1,1,1963,361,0,1,361
fc1a1cd2d37a9100a80a496108f693ecebc59e14-dirty,3,typing,200,50,193,19251,181160,200,50,1,1,2122,362,0,1,362
fc1a1cd2d37a9100a80a496108f693ecebc59e14-dirty,3,typing,200,50,194,19352,181319,200,50,1,1,2281,362,0,1,362
fc1a1cd2d37a9100a80a496108f693ecebc59e14-dirty,3,typing,200,50,195,19410,181479,200,50,1,1,2441,363,0,1,363
fc1a1cd2d37a9100a80a496108f693ecebc59e14-dirty,3,typing,200,50,196,19550,181638,200,50,1,1,2600,362,0,1,362
fc1a1cd2d37a9100a80a496108f693ecebc59e14-dirty,3,typing,200,50,197,19651,181797,200,50,1,1,2759,362,0,1,362
fc1a1cd2d37a9100a80a496108f693ecebc59e14-dirty,3,typing,200,50,198,19708,181797,200,50,0,0,200,200,0,0,200
fc1a1cd2d37a9100a80a496108f693ecebc59e14-dirty,3,typing,200,50,199,19850,182115,200,50,1,1,3077,362,0,1,362
fc1a1cd2d37a9100a80a496108f693ecebc59e14-dirty,3,typing,200,50,200,19910,182274,200,50,1,1,3236,362,0,1,362
fc1a1cd2d37a9100a80a496108f693ecebc59e14-dirty,3,typing,200,50,201,20052,182433,200,50,1,1,3395,362,0,1,362
fc1a1cd2d37a9100a80a496108f693ecebc59e14-dirty,3,typing,200,50,202,20107,182592,200,50,1,1,3554,362,0,1,362
fc1a1cd2d37a9100a80a496108f693ecebc59e14-dirty,3,typing,200,50,203,20208,182751,200,50,1,1,3713,362,0,1,362
fc1a1cd2d37a9100a80a496108f693ecebc59e14-dirty,3,typing,200,50,204,20351,182751,200,50,0,0,200,200,0,0,200
fc1a1cd2d37a9100a80a496108f693ecebc59e14-dirty,3,typing,200,50,205,20412,183069,200,50,1,1,4031,362,0,1,362
fc1a1cd2d37a9100a80a496108f693ecebc59e14-dirty,3,typing,200,50,206,20508,183228,200,50,1,1,4190,362,0,1,362
fc1a1cd2d37a9100a80a496108f693ecebc59e14-dirty,3,typing,200,50,207,20651,183387,200,50,1,1,4349,362,0,1,362
fc1a1cd2d37a9100a80a496108f693ecebc59e14-dirty,3,typing,200,50,208,20711,183546,200,50,1,1,4508,362,0,1,362
fc1a1cd2d37a9100a80a496108f693ecebc59e14-dirty,3,typing,200,50,209,20812,183546,200,50,0,0,200,200,0,0,200
fc1a1cd2d37a9100a80a496108f693ecebc59e14-dirty,3,typing,200,50,210,20908,183864,200,50,1,1,4826,362,0,1,362
fc1a1cd2d37a9100a80a496108f693ecebc59e14-dirty,3,typing,200,50,211,21009,184023,200,50,1,1,4985,362,0,1,362
fc1a1cd2d37a9100a80a496108f693ecebc59e14-dirty,3,typing,200,50,212,21111,184182,200,50,1,1,5144,362,0,1,362
fc1a1cd2d37a9100a80a496108f693ecebc59e14-dirty,3,typing,200,50,213,21207,184182,200,50,1,1,5144,362,0,1,362
fc1a1cd2d37a9100a80a496108f693ecebc59e14-dirty,3,typing,200,50,214,21350,184341,200,50,1,1,5303,362,0,1,362
fc1a1cd2d37a9100a80a496108f693ecebc59e14-dirty,3,typing,200,50,215,21410,184341,200,50,0,0,200,200,0,0,200
fc1a1cd2d37a9100a80a496108f693ecebc59e14-dirty,3,typing,200,50,216,21511,184659,200,50,1,1,5621,362,0,1,362
fc1a1cd2d37a9100a80a496108f693ecebc59e14-dirty,3,typing,200,50,217,21608,184818,200,50,1,1,5780,362,0,1,362
fc1a1cd2d37a9100a80a496108f693ecebc59e14-dirty,3,typing,200,50,218,21750,184977,200,50,1,1,5939,362,0,1,362
fc1a1cd2d37a9100a80a496108f693ecebc59e14-dirty,3,typing,200,50,219,21851,185136,200,50,1,1,6098,362,0,1,362
fc1a1cd2d37a9100a80a496108f693ecebc59e14-dirty,3,typing,200,50,220,21911,185295,200,50,1,1,6257,362,0,1,362
fc1a1cd2d37a9100a80a496108f693ecebc59e14-dirty,3,typing,200,50,221,22007,159854,200,50,1315,50,159995,213853,5,1000,163659
fc1a1cd2d37a9100a80a496108f693ecebc59e14-dirty,3,typing,200,50,222,22149,160172,200,50,1,1,849,360,0,1,360
fc1a1cd2d37a9100a80a496108f693ecebc59e14-dirty,3,typing,200,50,223,22251,160331,200,50,1,1,1008,360,0,1,360
fc1a1cd2d37a9100a80a496108f693ecebc59e14-dirty,3,typing,200,50,224,22311,160490,200,50,1,1,1167,360,0,1,360
fc1a1cd2d37a9100a80a496108f693ecebc59e14-dirty,3,typing,200,50,225,22407,160649,200,50,1,1,1326,360,0,1,360
fc1a1cd2d37a9100a80a496108f693ecebc59e14-dirty,3,typing,200,50,226,22508,160649,200,50,0,0,199,199,0,0,199
fc1a1cd2d37a9100a80a496108f693ecebc59e14-dirty,3,typing,200,50,227,22650,160967,200,50,1,1,1644,360,0,1,360
fc1a1cd2d37a9100a80a496108f693ecebc59e14-dirty,3,typing,200,50,228,22711,160967,200,50,0,0,199,199,0,0,199
fc1a1cd2d37a9100a80a496108f693ecebc59e14-dirty,3,typing,200,50,229,22812,161286,200,50,1,1,1963,361,0,1,361
fc1a1cd2d37a9100a80a496108f693ecebc59e14-dirty,3,typing,200,50,230,22908,161445,200,50,1,1,2122,362,0,1,362
fc1a1cd2d37a9100a80a496108f693ecebc59e14-dirty,3,typing,200,50,231,23051,161604,200,50,1,1,2281,362,0,1,362
fc1a1cd2d37a9100a80a496108f693ecebc59e14-dirty,3,typing,200,50,232,23110,161763,200,50,1,1,2440,362,0,1,362
fc1a1cd2d37a9100a80a496108f693ecebc59e14-dirty,3,typing,200,50,233,23211,161922,200,50,1,1,2599,362,0,1,362
fc1a1cd2d37a9100a80a496108f693ecebc59e14-dirty,3,typing,200,50,234,23349,162081,200,50,1,1,2758,362,0,1,362
fc1a1cd2d37a9100a80a496108f693ecebc59e14-dirty,3,typing,200,50,235,23409,162240,200,50,1,1,2917,362,0,1,362
fc1a1cd2d37a9100a80a496108f693ecebc59e14-dirty,3,typing,200,50,236,23510,162399,200,50,1,1,3076,362,0,1,362
fc1a1cd2d37a9100a80a496108f693ecebc59e14-dirty,3,typing,200,50,237,23611,162399,200,50,0,0,200,200,0,0,200
fc1a1cd2d37a9100a80a496108f693ecebc59e14-dirty,3,typing,200,50,238,23749,162717,200,50,1,1,3394,362,0,1,362
fc1a1cd2d37a9100a80a496108f693ecebc59e14-dirty,3,typing,200,50,239,23851,162876,200,50,1,1,3553,362,0,1,362
fc1a1cd2d37a9100a80a496108f693ecebc59e14-dirty,3,typing,200,50,240,23910,163035,200,50,1,1,3712,362,0,1,362
fc1a1cd2d37a9100a80a496108f693ecebc59e14-dirty,3,typing,200,50,241,24011,163194,200,50,1,1,3871,362,0,1,362
fc1a1cd2d37a9100a80a496108f693ecebc59e14-dirty,3,typing,200,50,242,24107,163353,200,50,1,1,4030,362,0,1,362
fc1a1cd2d37a9100a80a496108f693ecebc59e14-dirty,3,typing,200,50,243,24249,163512,200,50,1,1,4189,362,0,1,362
fc1a1cd2d37a9100a80a496108f693ecebc59e14-dirty,3,typing,200,50,244,24310,163512,200,50,0,0,200,200,0,0,200
fc1a1cd2d37a9100a80a496108f693ecebc59e14-dirty,3,typing,200,50,245,24412,163830,200,50,1,1,4507,362,0,1,362
fc1a1cd2d37a9100a80a496108f693ecebc59e14-dirty,3,typing,200,50,246,24554,163989,200,50,1,1,4666,362,0,1,362
fc1a1cd2d37a9100a80a496108f693ecebc59e14-dirty,3,typing,200,50,247,24608,164148,200,50,1,1,4825,362,0,1,362
fc1a1cd2d37a9100a80a496108f693ecebc59e14-dirty,3,typing,200,50,248,24710,164307,200,50,1,1,4984,362,0,1,362
fc1a1cd2d37a9100a80a496108f693ecebc59e14-dirty,3,typing,200,50,249,24853,164307,200,50,0,0,200,200,0,0,200
fc1a1cd2d37a9100a80a496108f693ecebc59e14-dirty,3,typing,200,50,250,24949,164625,200,50,1,1,5302,362,0,1,362
fc1a1cd2d37a9100a80a496108f693ecebc59e14-dirty,3,typing,200,50,251,25051,164784,200,50,1,1,5461,362,0,1,362
fc1a1cd2d37a9100a80a496108f693ecebc59e14-dirty,3,typing,200,50,252,25152,164784,200,50,0,0,200,200,0,0,200
fc1a1cd2d37a9100a80a496108f693ecebc59e14-dirty,3,typing,200,50,253,25253,165102,200,50,1,1,5779,362,0,1,362
fc1a1cd2d37a9100a80a496108f693ecebc59e14-dirty,3,typing,200,50,254,25354,165261,200,50,1,1,5938,362,0,1,362
fc1a1cd2d37a9100a80a496108f693ecebc59e14-dirty,3,typing,200,50,255,25450,165420,200,50,1,1,6097,362,0,1,362
fc1a1cd2d37a9100a80a496108f693ecebc59e14-dirty,3,typing,200,50,256,25551,165579,200,50,1,1,6256,362,0,1,362
fc1a1cd2d37a9100a80a496108f693ecebc59e14-dirty,3,typing,200,50,257,25611,165579,200,50,0,0,200,200,0,0,200
fc1a1cd2d37a9100a80a496108f693ecebc59e14-dirty,3,typing,200,50,258,25754,165897,200,50,1,1,6574,362,0,1,362
fc1a1cd2d37a9100a80a496108f693ecebc59e14-dirty,3,typing,200,50,259,25850,166056,200,50,1,1,6733,362,0,1,362
fc1a1cd2d37a9100a80a496108f693ecebc59e14-dirty,3,typing,200,50,260,25910,166215,200,50,1,1,6892,362,0,1,362
fc1a1cd2d37a9100a80a496108f693ecebc59e14-dirty,3,typing,200,50,261,26011,166374,200,50,1,1,7051,362,0,1,362
fc1a1cd2d37a9100a80a496108f693ecebc59e14-dirty,3,typing,200,50,262,26112,166374,200,50,0,0,200,200,0,0,200
fc1a1cd2d37a9100a80a496108f693ecebc59e14-dirty,3,typing,200,50,263,26208,166692,200,50,1,1,7369,362,0,1,362
fc1a1cd2d37a9100a80a496108f693ecebc59e14-dirty,3,typing,200,50,264,26350,166692,200,50,0,0,200,200,0,0,200
fc1a1cd2d37a9100a80a496108f693ecebc59e14-dirty,3,typing,200,50,265,26452,167010,200,50,1,1,7687,362,0,1,362
fc1a1cd2d37a9100a80a496108f693ecebc59e14-dirty,3,typing,200,50,266,26512,167169,200,50,1,1,7846,362,0,1,362
fc1a1cd2d37a9100a80a496108f693ecebc59e14-dirty,3,typing,200,50,267,26649,167328,200,50,1,1,8005,362,0,1,362
fc1a1cd2d37a9100a80a496108f693ecebc59e14-dirty,3,typing,200,50,268,26750,167487,200,50,1,1,8164,362,0,1,362
fc1a1cd2d37a9100a80a496108f693ecebc59e14-dirty,3,typing,200,50,269,26852,167646,200,50,1,1,8323,362,0,1,362
fc1a1cd2d37a9100a80a496108f693ecebc59e14-dirty,3,typing,200,50,270,26953,167805,200,50,1,1,8482,362,0,1,362
fc1a1cd2d37a9100a80a496108f693ecebc59e14-dirty,3,typing,200,50,271,27008,167805,200,50,0,0,200,200,0,0,200
fc1a1cd2d37a9100a80a496108f693ecebc59e14-dirty,3,typing,200,50,272,27109,168123,200,50,1,1,8800,362,0,1,362
fc1a1cd2d37a9100a80a496108f693ecebc59e14-dirty,3,typing,200,50,273,27252,168282,200,50,1,1,8959,362,0,1,362
fc1a1cd2d37a9100a80a496108f693ecebc59e14-dirty,3,typing,200,50,274,27311,168441,200,50,1,1,9118,362,0,1,362
fc1a1cd2d37a9100a80a496108f693ecebc59e14-dirty,3,typing,200,50,275,27413,168600,200,50,1,1,9277,362,0,1,362
fc1a1cd2d37a9100a80a496108f693ecebc59e14-dirty,3,typing,200,50,276,27509,168759,200,50,1,1,9436,362,0,1,362
fc1a1cd2d37a9100a80a496108f693ecebc59e14-dirty,3,typing,200,50,277,27652,168759,200,50,0,0,200,200,0,0,200
fc1a1cd2d37a9100a80a496108f693ecebc59e14-dirty,3,typing,200,50,278,27753,169077,200,50,1,1,9754,362,0,1,362
fc1a1cd2d37a9100a80a496108f693ecebc59e14-dirty,3,typing,200,50,279,27853,169236,200,50,1,1,9913,362,0,1,362
fc1a1cd2d37a9100a80a496108f693ecebc59e14-dirty,3,typing,200,50,280,27909,169236,200,50,0,0,200,200,0,0,200
fc1a1cd2d37a9100a80a496108f693ecebc59e14-dirty,3,typing,200,50,281,28051,169554,200,50,1,1,10231,362,0,1,362
fc1a1cd2d37a9100a80a496108f693ecebc59e14-dirty,3,typing,200,50,282,28152,169554,200,50,0,0,200,200,0,0,200
fc1a1cd2d37a9100a80a496108f693ecebc59e14-dirty,3,typing,200,50,283,28254,169872,200,50,1,1,10549,362,0,1,362
fc1a1cd2d37a9100a80a496108f693ecebc59e14-dirty,3,typing,200,50,284,28308,170031,200,50,1,1,10708,362,0,1,362
fc1a1cd2d37a9100a80a496108f693ecebc59e14-dirty,3,typing,200,50,285,28451,170190,200,50,1,1,10867,362,0,1,362
fc1a1cd2d37a9100a80a496108f693ecebc59e14-dirty,3,typing,200,50,286,28511,170349,200,50,1,1,11026,362,0,1,362
fc1a1cd2d37a9100a80a496108f693ecebc59e14-dirty,3,typing,200,50,287,28654,170349,200,50,1,1,11026,362,0,1,362
fc1a1cd2d37a9100a80a496108f693ecebc59e14-dirty,3,typing,200,50,288,28749,170349,200,50,0,0,200,200,0,0,200
fc1a1cd2d37a9100a80a496108f693ecebc59e14-dirty,3,typing,200,50,289,28810,170667,200,50,1,1,11344,362,0,1,362
fc1a1cd2d37a9100a80a496108f693ecebc59e14-dirty,3,typing,200,50,290,28911,170826,200,50,1,1,11503,362,0,1,362
fc1a1cd2d37a9100a80a496108f693ecebc59e14-dirty,3,typing,200,50,291,29012,170985,200,50,1,1,11662,362,0,1,362
fc1a1cd2d37a9100a80a496108f693ecebc59e14-dirty,3,typing,200,50,292,29150,171144,200,50,1,1,11821,362,0,1,362
fc1a1cd2d37a9100a80a496108f693ecebc59e14-dirty,3,typing,200,50,293,29250,171303,200,50,1,1,11980,362,0,1,362
fc1a1cd2d37a9100a80a496108f693ecebc59e14-dirty,3,typing,200,50,294,29351,171462,200,50,1,1,12139,362,0,1,362
fc1a1cd2d37a9100a80a496108f693ecebc59e14-dirty,3,typing,200,50,295,29454,179888,200,50,1413,50,180029,229857,2,400,65589
fc1a1cd2d37a9100a80a496108f693ecebc59e14-dirty,3,typing,200,50,296,29508,180206,200,50,1,1,849,360,0,1,360
fc1a1cd2d37a9100a80a496108f693ecebc59e14-dirty,3,typing,200,50,297,29610,180365,200,50,1,1,1008,360,0,1,360
fc1a1cd2d37a9100a80a496108f693ecebc59e14-dirty,3,typing,200,50,298,29711,180524,200,50,1,1,1167,360,0,1,360
fc1a1cd2d37a9100a80a496108f693ecebc59e14-dirty,3,typing,200,50,299,29853,180683,200,50,1,1,1326,360,0,1,360
fc1a1cd2d37a9100a80a496108f693ecebc59e14-dirty,3,typing,200,50,300,29913,180683,200,50,0,0,199,199,0,0,199
fc1a1cd2d37a9100a80a496108f693ecebc59e14-dirty,3,typing,200,50,301,30051,181001,200,50,1,1,1644,360,0,1,360
fc1a1cd2d37a9100a80a496108f693ecebc59e14-dirty,3,typing,200,50,302,30151,181160,200,50,1,1,1803,360,0,1,360
fc1a1cd2d37a9100a80a496108f693ecebc59e14-dirty,3,typing,200,50,303,30253,181320,200,50,1,1,1963,361,0,1,361
fc1a1cd2d37a9100a80a496108f693ecebc59e14-dirty,3,typing,200,50,304,30308,181320,200,50,0,0,200,200,0,0,200
fc1a1cd2d37a9100a80a496108f693ecebc59e14-dirty,3,typing,200,50,305,30451,181638,200,50,1,1,2281,362,0,1,362
fc1a1cd2d37a9100a80a496108f693ecebc59e14-dirty,3,typing,200,50,306,30551,181797,200,50,1,1,2440,362,0,1,362
fc1a1cd2d37a9100a80a496108f693ecebc59e14-dirty,3,typing,200,50,307,30612,181956,200,50,1,1,2599,362,0,1,362
fc1a1cd2d37a9100a80a496108f693ecebc59e14-dirty,3,typing,200,50,308,30708,175435,200,50,1432,50,175576,232938,2,400,65589
fc1a1cd2d37a9100a80a496108f693ecebc59e14-dirty,1,editor,200,50,1,6,175753,200,50,1,1,849,360,0,1,360
fc1a1cd2d37a9100a80a496108f693ecebc59e14-dirty,1,editor,200,50,2,107,175912,200,50,1,1,1008,360,0,1,360
fc1a1cd2d37a9100a80a496108f693ecebc59e14-dirty,1,editor,200,50,3,203,176071,200,50,1,1,1167,360,0,1,360
fc1a1cd2d37a9100a80a496108f693ecebc59e14-dirty,1,editor,200,50,4,305,176071,200,50,0,0,199,199,0,0,199
fc1a1cd2d37a9100a80a496108f693ecebc59e14-dirty,1,editor,200,50,5,447,176389,200,50,1,1,1485,360,0,1,360
fc1a1cd2d37a9100a80a496108f693ecebc59e14-dirty,1,editor,200,50,6,507,176548,200,50,1,1,1644,360,0,1,360
fc1a1cd2d37a9100a80a496108f693ecebc59e14-dirty,1,editor,200,50,7,603,176548,200,50,0,0,199,199,0,0,199
fc1a1cd2d37a9100a80a496108f693ecebc59e14-dirty,1,editor,200,50,8,745,176867,200,50,1,1,1963,361,0,1,361
fc1a1cd2d37a9100a80a496108f693ecebc59e14-dirty,1,editor,200,50,9,806,177026,200,50,1,1,2122,362,0,1,362
fc1a1cd2d37a9100a80a496108f693ecebc59e14-dirty,1,editor,200,50,10,949,177026,200,50,0,0,200,200,0,0,200
fc1a1cd2d37a9100a80a496108f693ecebc59e14-dirty,1,editor,200,50,11,1003,177344,200,50,1,1,2440,362,0,1,362
fc1a1cd2d37a9100a80a496108f693ecebc59e14-dirty,1,editor,200,50,12,1104,177503,200,50,1,1,2599,362,0,1,362
fc1a1cd2d37a9100a80a496108f693ecebc59e14-dirty,1,editor,200,50,13,1246,177662,200,50,1,1,2758,362,0,1,362
fc1a1cd2d37a9100a80a496108f693ecebc59e14-dirty,1,editor,200,50,14,1307,177821,200,50,1,1,2917,362,0,1,362
fc1a1cd2d37a9100a80a496108f693ecebc59e14-dirty,1,editor,200,50,15,1449,177821,200,50,0,0,200,200,0,0,200
fc1a1cd2d37a9100a80a496108f693ecebc59e14-dirty,1,editor,200,50,16,1546,178139,200,50,1,1,3235,362,0,1,362
fc1a1cd2d37a9100a80a496108f693ecebc59e14-dirty,1,editor,200,50,17,1606,178298,200,50,1,1,3394,362,0,1,362
fc1a1cd2d37a9100a80a496108f693ecebc59e14-dirty,1,editor,200,50,18,1707,178457,200,50,1,1,3553,362,0,1,362
fc1a1cd2d37a9100a80a496108f693ecebc59e14-dirty,1,editor,200,50,19,1849,178616,200,50,1,1,3712,362,0,1,362
fc1a1cd2d37a9100a80a496108f693ecebc59e14-dirty,1,editor,200,50,20,1946,178775,200,50,1,1,3871,362,0,1,362
fc1a1cd2d37a9100a80a496108f693ecebc59e14-dirty,1,editor,200,50,21,2005,178934,200,50,1,1,4030,362,0,1,362
fc1a1cd2d37a9100a80a496108f693ecebc59e14-dirty,1,editor,200,50,22,2107,179093,200,50,1,1,4189,362,0,1,362
fc1a1cd2d37a9100a80a496108f693ecebc59e14-dirty,1,editor,200,50,23,2250,179252,200,50,1,1,4348,362,0,1,362
fc1a1cd2d37a9100a80a496108f693ecebc59e14-dirty,1,editor,200,50,24,2304,179411,200,50,1,1,4507,362,0,1,362
fc1a1cd2d37a9100a80a496108f693ecebc59e14-dirty,1,editor,200,50,25,2406,179570,200,50,1,1,4666,362,0,1,362
fc1a1cd2d37a9100a80a496108f693ecebc59e14-dirty,1,editor,200,50,26,2510,326167,200,50,2389,50,326308,388667,0,2389,388667
fc1a1cd2d37a9100a80a496108f693ecebc59e14-dirty,1,editor,200,50,27,2516,326167,200,50,0,0,197,197,0,0,197
fc1a1cd2d37a9100a80a496108f693ecebc59e14-dirty,1,editor,200,50,28,4610,326167,200,50,1,1,5779,360,0,1,360
fc1a1cd2d37a9100a80a496108f693ecebc59e14-dirty,1,editor,200,50,29,4748,326484,200,50,4,1,6096,852,0,4,852
fc1a1cd2d37a9100a80a496108f693ecebc59e14-dirty,1,editor,200,50,30,4808,326167,200,50,4,1,5779,852,0,4,852
fc1a1cd2d37a9100a80a496108f693ecebc59e14-dirty,1,editor,200,50,31,4910,326167,200,50,1,1,5779,360,0,1,360
fc1a1cd2d37a9100a80a496108f693ecebc59e14-dirty,1,editor,200,50,32,5007,326167,200,50,1,1,5779,360,0,1,360
fc1a1cd2d37a9100a80a496108f693ecebc59e14-dirty,1,editor,200,50,33,5109,326167,200,50,1,1,5779,360,0,1,360
fc1a1cd2d37a9100a80a496108f693ecebc59e14-dirty,1,editor,200,50,34,5211,326167,200,50,1,1,5779,360,0,1,360
fc1a1cd2d37a9100a80a496108f693ecebc59e14-dirty,1,editor,200,50,35,5307,326167,200,50,1,1,5779,360,0,1,360
fc1a1cd2d37a9100a80a496108f693ecebc59e14-dirty,1,editor,200,50,36,5450,326326,200,50,4,1,5938,852,0,4,852
fc1a1cd2d37a9100a80a496108f693ecebc59e14-dirty,1,editor,200,50,37,5552,326168,200,50,1,1,5780,361,0,1,361
fc1a1cd2d37a9100a80a496108f693ecebc59e14-dirty,1,editor,200,50,38,5649,326327,200,50,1,1,5939,361,0,1,361
fc1a1cd2d37a9100a80a496108f693ecebc59e14-dirty,1,editor,200,50,39,5710,326327,200,50,1,1,5939,361,0,1,361
fc1a1cd2d37a9100a80a496108f693ecebc59e14-dirty,1,editor,200,50,40,5807,326327,200,50,1,1,5939,361,0,1,361
fc1a1cd2d37a9100a80a496108f693ecebc59e14-dirty,1,editor,200,50,41,5908,326327,200,50,1,1,5939,361,0,1,361
fc1a1cd2d37a9100a80a496108f693ecebc59e14-dirty,1,editor,200,50,42,6011,326327,200,50,1,1,5939,361,0,1,361
fc1a1cd2d37a9100a80a496108f693ecebc59e14-dirty,1,editor,200,50,43,6109,326327,200,50,1,1,5939,361,0,1,361
fc1a1cd2d37a9100a80a496108f693ecebc59e14-dirty,1,editor,200,50,44,6251,326327,200,50,1,1,5939,361,0,1,361
fc1a1cd2d37a9100a80a496108f693ecebc59e14-dirty,1,editor,200,50,45,6311,326327,200,50,1,1,5939,361,0,1,361
fc1a1cd2d37a9100a80a496108f693ecebc59e14-dirty,1,editor,200,50,46,6408,326327,200,50,2,1,5939,525,0,2,525
fc1a1cd2d37a9100a80a496108f693ecebc59e14-dirty,1,editor,200,50,47,6551,326327,200,50,1,1,5939,361,0,1,361
fc1a1cd2d37a9100a80a496108f693ecebc59e14-dirty,1,editor,200,50,48,6648,326168,200,50,1,1,5780,361,0,1,361
fc1a1cd2d37a9100a80a496108f693ecebc59e14-dirty,1,editor,200,50,49,6708,326327,200,50,1,1,5939,361,0,1,361
fc1a1cd2d37a9100a80a496108f693ecebc59e14-dirty,1,editor,200,50,50,6810,326327,200,50,1,1,5939,361,0,1,361
fc1a1cd2d37a9100a80a496108f693ecebc59e14-dirty,1,editor,200,50,51,6948,326327,200,50,1,1,5939,361,0,1,361
fc1a1cd2d37a9100a80a496108f693ecebc59e14-dirty,1,editor,200,50,52,7051,326327,200,50,1,1,5939,361,0,1,361
fc1a1cd2d37a9100a80a496108f693ecebc59e14-dirty,1,editor,200,50,53,7152,326644,200,50,4,1,6256,853,0,4,853
fc1a1cd2d37a9100a80a496108f693ecebc59e14-dirty,1,editor,200,50,54,7208,326327,200,50,4,1,5939,853,0,4,853
fc1a1cd2d37a9100a80a496108f693ecebc59e14-dirty,1,editor,200,50,55,7310,326327,200,50,1,1,5939,361,0,1,361
fc1a1cd2d37a9100a80a496108f693ecebc59e14-dirty,1,editor,200,50,56,7449,326327,200,50,2,1,5939,525,0,2,525
fc1a1cd2d37a9100a80a496108f693ecebc59e14-dirty,1,editor,200,50,57,7550,326327,200,50,1,1,5939,361,0,1,361
fc1a1cd2d37a9100a80a496108f693ecebc59e14-dirty,1,editor,200,50,58,7649,175917,200,50,2240,49,175565,364596,0,2240,364596
fc1a1cd2d37a9100a80a496108f693ecebc59e14-dirty,1,editor,200,50,59,7704,176235,200,50,4,1,6574,853,0,4,853
fc1a1cd2d37a9100a80a496108f693ecebc59e14-dirty,1,editor,200,50,60,7847,175917,200,50,4,1,6256,853,0,4,853
fc1a1cd2d37a9100a80a496108f693ecebc59e14-dirty,1,editor,200,50,61,7949,176235,200,50,4,1,6574,853,0,4,853
fc1a1cd2d37a9100a80a496108f693ecebc59e14-dirty,1,editor,200,50,62,8008,175917,200,50,4,1,6256,853,0,4,853
fc1a1cd2d37a9100a80a496108f693ecebc59e14-dirty,1,editor,200,50,63,8146,175917,200,50,1,1,6256,361,0,1,361
fc1a1cd2d37a9100a80a496108f693ecebc59e14-dirty,1,editor,200,50,64,8247,176235,200,50,4,1,6574,853,0,4,853
fc1a1cd2d37a9100a80a496108f693ecebc59e14-dirty,1,editor,200,50,65,8308,175758,200,50,5,1,6097,1017,0,5,1017
fc1a1cd2d37a9100a80a496108f693ecebc59e14-dirty,1,editor,200,50,66,8404,175758,200,50,1,1,6097,361,0,1,361
fc1a1cd2d37a9100a80a496108f693ecebc59e14-dirty,1,editor,200,50,67,8547,175758,200,50,1,1,6097,361,0,1,361
fc1a1cd2d37a9100a80a496108f693ecebc59e14-dirty,1,editor,200,50,68,8648,175599,200,50,1,1,5938,361,0,1,361
fc1a1cd2d37a9100a80a496108f693ecebc59e14-dirty,1,editor,200,50,69,8708,175917,200,50,1,1,6256,361,0,1,361
fc1a1cd2d37a9100a80a496108f693ecebc59e14-dirty,1,editor,200,50,70,8807,326167,200,50,2241,49,325815,364754,0,2241,364754
fc1a1cd2d37a9100a80a496108f693ecebc59e14-dirty,1,editor,200,50,71,8950,326485,200,50,1,1,6097,360,0,1,360
fc1a1cd2d37a9100a80a496108f693ecebc59e14-dirty,1,editor,200,50,72,9051,326644,200,50,1,1,6256,360,0,1,360
fc1a1cd2d37a9100a80a496108f693ecebc59e14-dirty,1,editor,200,50,73,9107,326327,200,50,6,1,5939,1181,0,6,1181
fc1a1cd2d37a9100a80a496108f693ecebc59e14-dirty,1,editor,200,50,74,9209,316298,200,50,1020,29,114501,166327,0,1020,166327
fc1a1cd2d37a9100a80a496108f693ecebc59e14-dirty,1,editor,200,50,75,9311,316457,200,50,2,2,3558,523,0,2,523
fc1a1cd2d37a9100a80a496108f693ecebc59e14-dirty,1,editor,200,50,76,9450,316457,200,50,1,1,3224,361,0,1,361
fc1a1cd2d37a9100a80a496108f693ecebc59e14-dirty,1,editor,200,50,77,9552,316775,200,50,2,2,3876,523,0,2,523
fc1a1cd2d37a9100a80a496108f693ecebc59e14-dirty,1,editor,200,50,78,9607,316934,200,50,2,2,4035,523,0,2,523
fc1a1cd2d37a9100a80a496108f693ecebc59e14-dirty,1,editor,200,50,79,9750,317093,200,50,2,2,4194,523,0,2,523
fc1a1cd2d37a9100a80a496108f693ecebc59e14-dirty,1,editor,200,50,80,9810,317093,200,50,1,1,3224,361,0,1,361
fc1a1cd2d37a9100a80a496108f693ecebc59e14-dirty,1,editor,200,50,81,9948,317411,200,50,2,2,4512,523,0,2,523
fc1a1cd2d37a9100a80a496108f693ecebc59e14-dirty,1,editor,200,50,82,10010,317570,200,50,2,2,4671,523,0,2,523
fc1a1cd2d37a9100a80a496108f693ecebc59e14-dirty,1,editor,200,50,83,10111,317887,200,50,3,2,4988,687,0,3,687
fc1a1cd2d37a9100a80a496108f693ecebc59e14-dirty,1,editor,200,50,84,10250,317888,200,50,2,2,4989,524,0,2,524
fc1a1cd2d37a9100a80a496108f693ecebc59e14-dirty,1,editor,200,50,85,10352,318047,200,50,1,1,3383,362,0,1,362
fc1a1cd2d37a9100a80a496108f693ecebc59e14-dirty,1,editor,200,50,86,10449,318365,200,50,2,2,5466,525,0,2,525
fc1a1cd2d37a9100a80a496108f693ecebc59e14-dirty,1,editor,200,50,87,10551,318524,200,50,2,2,5625,525,0,2,525
fc1a1cd2d37a9100a80a496108f693ecebc59e14-dirty,1,editor,200,50,88,10611,318683,200,50,2,2,5784,525,0,2,525
fc1a1cd2d37a9100a80a496108f693ecebc59e14-dirty,1,editor,200,50,89,10750,318842,200,50,2,2,5943,525,0,2,525
fc1a1cd2d37a9100a80a496108f693ecebc59e14-dirty,1,editor,200,50,90,10850,319001,200,50,2,2,6102,525,0,2,525
fc1a1cd2d37a9100a80a496108f693ecebc59e14-dirty,1,editor,200,50,91,10912,319001,200,50,1,1,3383,362,0,1,362
fc1a1cd2d37a9100a80a496108f693ecebc59e14-dirty,1,editor,200,50,92,11009,319319,200,50,2,2,6420,525,0,2,525
fc1a1cd2d37a9100a80a496108f693ecebc59e14-dirty,1,editor,200,50,93,11111,319478,200,50,3,2,6579,689,0,3,689
fc1a1cd2d37a9100a80a496108f693ecebc59e14-dirty,1,editor,200,50,94,11248,319637,200,50,2,2,6738,525,0,2,525
fc1a1cd2d37a9100a80a496108f693ecebc59e14-dirty,1,editor,200,50,95,11351,319637,200,50,2,2,6738,525,0,2,525
fc1a1cd2d37a9100a80a496108f693ecebc59e14-dirty,1,editor,200,50,96,11453,319796,200,50,1,1,3383,362,0,1,362
fc1a1cd2d37a9100a80a496108f693ecebc59e14-dirty,1,editor,200,50,97,11508,320114,200,50,2,2,7215,525,0,2,525
fc1a1cd2d37a9100a80a496108f693ecebc59e14-dirty,1,editor,200,50,98,11610,320273,200,50,2,2,7374,525,0,2,525
fc1a1cd2d37a9100a80a496108f693ecebc59e14-dirty,1,editor,200,50,99,11752,320432,200,50,2,2,7533,525,0,2,525
fc1a1cd2d37a9100a80a496108f693ecebc59e14-dirty,1,editor,200,50,100,11850,320432,200,50,1,1,3383,362,0,1,362
fc1a1cd2d37a9100a80a496108f693ecebc59e14-dirty,1,editor,200,50,101,11952,320750,200,50,2,2,7851,525,0,2,525
fc1a1cd2d37a9100a80a496108f693ecebc59e14-dirty,1,editor,200,50,102,12049,320909,200,50,2,2,8010,525,0,2,525
fc1a1cd2d37a9100a80a496108f693ecebc59e14-dirty,1,editor,200,50,103,12109,321068,200,50,3,2,8169,689,0,3,689
fc1a1cd2d37a9100a80a496108f693ecebc59e14-dirty,1,editor,200,50,104,12211,321227,200,50,2,2,8328,525,0,2,525
fc1a1cd2d37a9100a80a496108f693ecebc59e14-dirty,1,editor,200,50,105,12308,321386,200,50,2,2,8487,525,0,2,525
fc1a1cd2d37a9100a80a496108f693ecebc59e14-dirty,1,editor,200,50,106,12410,321386,200,50,2,2,8487,525,0,2,525
fc1a1cd2d37a9100a80a496108f693ecebc59e14-dirty,1,editor,200,50,107,12512,321545,200,50,1,1,3383,362,0,1,362
fc1a1cd2d37a9100a80a496108f693ecebc59e14-dirty,1,editor,200,50,108,12650,321863,200,50,2,2,8964,525,0,2,525
fc1a1cd2d37a9100a80a496108f693ecebc59e14-dirty,1,editor,200,50,109,12751,322022,200,50,2,2,9123,525,0,2,525
fc1a1cd2d37a9100a80a496108f693ecebc59e14-dirty,1,editor,200,50,110,12807,322022,200,50,1,1,3383,362,0,1,362
fc1a1cd2d37a9100a80a496108f693ecebc59e14-dirty,1,editor,200,50,111,12909,322340,200,50,2,2,9441,525,0,2,525
fc1a1cd2d37a9100a80a496108f693ecebc59e14-dirty,1,editor,200,50,112,13011,322499,200,50,2,2,9600,525,0,2,525
fc1a1cd2d37a9100a80a496108f693ecebc59e14-dirty,1,editor,200,50,113,13148,322658,200,50,3,2,9759,689,0,3,689
fc1a1cd2d37a9100a80a496108f693ecebc59e14-dirty,1,editor,200,50,114,13210,322658,200,50,1,1,3383,362,0,1,362
fc1a1cd2d37a9100a80a496108f693ecebc59e14-dirty,1,editor,200,50,115,13312,322976,200,50,2,2,10077,525,0,2,525
fc1a1cd2d37a9100a80a496108f693ecebc59e14-dirty,1,editor,200,50,116,13409,323135,200,50,2,2,10236,525,0,2,525
fc1a1cd2d37a9100a80a496108f693ecebc59e14-dirty,1,editor,200,50,117,13551,323135,200,50,2,2,10236,525,0,2,525
fc1a1cd2d37a9100a80a496108f693ecebc59e14-dirty,1,editor,200,50,118,13648,323453,200,50,2,2,10554,525,0,2,525
fc1a1cd2d37a9100a80a496108f693ecebc59e14-dirty,1,editor,200,50,119,13751,323612,200,50,2,2,10713,525,0,2,525
fc1a1cd2d37a9100a80a496108f693ecebc59e14-dirty,1,editor,200,50,120,13852,323771,200,50,2,2,10872,525,0,2,525
fc1a1cd2d37a9100a80a496108f693ecebc59e14-dirty,1,editor,200,50,121,13975,321238,200,50,22,1,850,3784,0,22,3784
fc1a1cd2d37a9100a80a496108f693ecebc59e14-dirty,1,editor,200,50,122,14009,323771,200,50,22,1,3383,3772,0,22,3772
fc1a1cd2d37a9100a80a496108f693ecebc59e14-dirty,1,editor,200,50,123,14152,323930,200,50,3,2,11031,688,0,3,688
fc1a1cd2d37a9100a80a496108f693ecebc59e14-dirty,1,editor,200,50,124,14208,324089,200,50,3,2,11190,688,0,3,688
fc1a1cd2d37a9100a80a496108f693ecebc59e14-dirty,1,editor,200,50,125,14310,324248,200,50,3,2,11349,688,0,3,688
fc1a1cd2d37a9100a80a496108f693ecebc59e14-dirty,1,editor,200,50,126,14413,324407,200,50,4,2,11508,852,0,4,852
fc1a1cd2d37a9100a80a496108f693ecebc59e14-dirty,1,editor,200,50,127,14509,324566,200,50,3,2,11667,688,0,3,688
fc1a1cd2d37a9100a80a496108f693ecebc59e14-dirty,1,editor,200,50,128,14651,324725,200,50,3,2,11826,688,0,3,688
fc1a1cd2d37a9100a80a496108f693ecebc59e14-dirty,1,editor,200,50,129,14748,324884,200,50,3,2,11985,688,0,3,688
fc1a1cd2d37a9100a80a496108f693ecebc59e14-dirty,1,editor,200,50,130,14809,325043,200,50,3,2,12144,688,0,3,688
fc1a1cd2d37a9100a80a496108f693ecebc59e14-dirty,1,editor,200,50,131,14953,325043,200,50,3,2,12144,688,0,3,688
fc1a1cd2d37a9100a80a496108f693ecebc59e14-dirty,1,editor,200,50,132,15050,325361,200,50,3,2,12462,688,0,3,688
fc1a1cd2d37a9100a80a496108f693ecebc59e14-dirty,1,editor,200,50,133,15110,325520,200,50,3,2,12621,688,0,3,688
fc1a1cd2d37a9100a80a496108f693ecebc59e14-dirty,1,editor,200,50,134,15207,325679,200,50,3,2,12780,688,0,3,688
fc1a1cd2d37a9100a80a496108f693ecebc59e14-dirty,1,editor,200,50,135,15350,325838,200,50,3,2,12939,688,0,3,688
fc1a1cd2d37a9100a80a496108f693ecebc59e14-dirty,1,editor,200,50,136,15453,325997,200,50,4,2,13098,852,0,4,852
fc1a1cd2d37a9100a80a496108f693ecebc59e14-dirty,1,editor,200,50,137,15550,326156,200,50,3,2,13257,688,0,3,688
fc1a1cd2d37a9100a80a496108f693ecebc59e14-dirty,1,editor,200,50,138,15610,326315,200,50,3,2,13416,688,0,3,688
fc1a1cd2d37a9100a80a496108f693ecebc59e14-dirty,1,editor,200,50,139,15712,326474,200,50,3,2,13575,688,0,3,688
fc1a1cd2d37a9100a80a496108f693ecebc59e14-dirty,1,editor,200,50,140,15809,326633,200,50,3,2,13734,688,0,3,688
fc1a1cd2d37a9100a80a496108f693ecebc59e14-dirty,1,editor,200,50,141,15952,326792,200,50,3,2,13893,688,0,3,688
fc1a1cd2d37a9100a80a496108f693ecebc59e14-dirty,1,editor,200,50,142,16049,326792,200,50,3,2,13893,688,0,3,688
fc1a1cd2d37a9100a80a496108f693ecebc59e14-dirty,1,editor,200,50,143,16110,327110,200,50,3,2,14211,688,0,3,688
fc1a1cd2d37a9100a80a496108f693ecebc59e14-dirty,1,editor,200,50,144,16253,327269,200,50,3,2,14370,688,0,3,688
fc1a1cd2d37a9100a80a496108f693ecebc59e14-dirty,1,editor,200,50,145,16308,327428,200,50,3,2,14529,688,0,3,688
fc1a1cd2d37a9100a80a496108f693ecebc59e14-dirty,1,editor,200,50,146,16452,327587,200,50,4,2,14688,852,0,4,852
fc1a1cd2d37a9100a80a496108f693ecebc59e14-dirty,1,editor,200,50,147,16507,327746,200,50,3,2,14847,688,0,3,688
fc1a1cd2d37a9100a80a496108f693ecebc59e14-dirty,1,editor,200,50,148,16651,327905,200,50,3,2,15006,688,0,3,688
fc1a1cd2d37a9100a80a496108f693ecebc59e14-dirty,1,editor,200,50,149,16711,328064,200,50,3,2,15165,688,0,3,688
fc1a1cd2d37a9100a80a496108f693ecebc59e14-dirty,1,editor,200,50,150,16833,325531,200,50,22,1,850,3784,0,22,3784
fc1a1cd2d37a9100a80a496108f693ecebc59e14-dirty,1,editor,200,50,151,16910,327438,200,50,61,2,14539,10143,0,61,10143
fc1a1cd2d37a9100a80a496108f693ecebc59e14-dirty,1,editor,200,50,152,17054,327756,200,50,1035,29,125959,168783,0,1035,168783
fc1a1cd2d37a9100a80a496108f693ecebc59e14-dirty,1,editor,200,50,153,17150,327597,200,50,1,1,7209,361,0,1,361
fc1a1cd2d37a9100a80a496108f693ecebc59e14-dirty,1,editor,200,50,154,17251,327756,200,50,1,1,7368,361,0,1,361
fc1a1cd2d37a9100a80a496108f693ecebc59e14-dirty,1,editor,200,50,155,17348,327756,200,50,1,1,7368,361,0,1,361
fc1a1cd2d37a9100a80a496108f693ecebc59e14-dirty,1,editor,200,50,156,17410,327756,200,50,1,1,7368,361,0,1,361
fc1a1cd2d37a9100a80a496108f693ecebc59e14-dirty,1,editor,200,50,157,17552,327756,200,50,1,1,7368,361,0,1,361
fc1a1cd2d37a9100a80a496108f693ecebc59e14-dirty,1,editor,200,50,158,17649,328073,200,50,4,1,7685,853,0,4,853
fc1a1cd2d37a9100a80a496108f693ecebc59e14-dirty,1,editor,200,50,159,17751,327756,200,50,4,1,7368,853,0,4,853
fc1a1cd2d37a9100a80a496108f693ecebc59e14-dirty,1,editor,200,50,160,17812,327756,200,50,1,1,7368,361,0,1,361
fc1a1cd2d37a9100a80a496108f693ecebc59e14-dirty,1,editor,200,50,161,17909,327756,200,50,2,1,7368,525,0,2,525
fc1a1cd2d37a9100a80a496108f693ecebc59e14-dirty,1,editor,200,50,162,18051,327756,200,50,1,1,7368,361,0,1,361
fc1a1cd2d37a9100a80a496108f693ecebc59e14-dirty,1,editor,200,50,163,18113,327756,200,50,1,1,7368,361,0,1,361
fc1a1cd2d37a9100a80a496108f693ecebc59e14-dirty,1,editor,200,50,164,18252,327597,200,50,1,1,7209,361,0,1,361
fc1a1cd2d37a9100a80a496108f693ecebc59e14-dirty,1,editor,200,50,165,18354,327756,200,50,1,1,7368,361,0,1,361
fc1a1cd2d37a9100a80a496108f693ecebc59e14-dirty,1,editor,200,50,166,18409,327756,200,50,1,1,7368,361,0,1,361
fc1a1cd2d37a9100a80a496108f693ecebc59e14-dirty,1,editor,200,50,167,18552,327756,200,50,1,1,7368,361,0,1,361
fc1a1cd2d37a9100a80a496108f693ecebc59e14-dirty,1,editor,200,50,168,18650,327756,200,50,1,1,7368,361,0,1,361
fc1a1cd2d37a9100a80a496108f693ecebc59e14-dirty,1,editor,200,50,169,18750,327756,200,50,1,1,7368,361,0,1,361
fc1a1cd2d37a9100a80a496108f693ecebc59e14-dirty,1,editor,200,50,170,18812,327756,200,50,1,1,7368,361,0,1,361
fc1a1cd2d37a9100a80a496108f693ecebc59e14-dirty,1,editor,200,50,171,18909,327756,200,50,2,1,7368,525,0,2,525
fc1a1cd2d37a9100a80a496108f693ecebc59e14-dirty,1,editor,200,50,172,19010,327756,200,50,1,1,7368,361,0,1,361
fc1a1cd2d37a9100a80a496108f693ecebc59e14-dirty,1,editor,200,50,173,19112,328074,200,50,1,1,7686,361,0,1,361
fc1a1cd2d37a9100a80a496108f693ecebc59e14-dirty,1,editor,200,50,174,19209,329187,200,50,325,10,47898,53123,0,325,53123
fc1a1cd2d37a9100a80a496108f693ecebc59e14-dirty,1,editor,200,50,175,19311,329505,200,50,1,1,2121,361,0,1,361
fc1a1cd2d37a9100a80a496108f693ecebc59e14-dirty,1,editor,200,50,176,19408,328710,200,50,302,10,47421,49385,0,302,49385
fc1a1cd2d37a9100a80a496108f693ecebc59e14-dirty,1,editor,200,50,177,19551,329028,200,50,1,1,2121,361,0,1,361
fc1a1cd2d37a9100a80a496108f693ecebc59e14-dirty,1,editor,200,50,178,19612,323464,200,50,273,10,42175,44666,0,273,44666
fc1a1cd2d37a9100a80a496108f693ecebc59e14-dirty,1,editor,200,50,179,19709,325044,200,50,13,1,3383,2295,0,13,2295
fc1a1cd2d37a9100a80a496108f693ecebc59e14-dirty,1,editor,200,50,180,19810,325203,200,50,2,2,3876,523,0,2,523
fc1a1cd2d37a9100a80a496108f693ecebc59e14-dirty,1,editor,200,50,181,19954,325362,200,50,2,2,4035,523,0,2,523
fc1a1cd2d37a9100a80a496108f693ecebc59e14-dirty,1,editor,200,50,182,20009,325521,200,50,2,2,4194,523,0,2,523
fc1a1cd2d37a9100a80a496108f693ecebc59e14-dirty,1,editor,200,50,183,20111,325521,200,50,1,1,3383,361,0,1,361
fc1a1cd2d37a9100a80a496108f693ecebc59e14-dirty,1,editor,200,50,184,20213,325839,200,50,2,2,4512,523,0,2,523
fc1a1cd2d37a9100a80a496108f693ecebc59e14-dirty,1,editor,200,50,185,20351,325998,200,50,2,2,4671,523,0,2,523
fc1a1cd2d37a9100a80a496108f693ecebc59e14-dirty,1,editor,200,50,186,20452,326157,200,50,2,2,4830,523,0,2,523
fc1a1cd2d37a9100a80a496108f693ecebc59e14-dirty,1,editor,200,50,187,20509,326315,200,50,2,1,3541,525,0,2,525
fc1a1cd2d37a9100a80a496108f693ecebc59e14-dirty,1,editor,200,50,188,20652,326475,200,50,2,2,5148,524,0,2,524
fc1a1cd2d37a9100a80a496108f693ecebc59e14-dirty,1,editor,200,50,189,20712,326793,200,50,2,2,5466,525,0,2,525
fc1a1cd2d37a9100a80a496108f693ecebc59e14-dirty,1,editor,200,50,190,20850,326793,200,50,1,1,3542,362,0,1,362
fc1a1cd2d37a9100a80a496108f693ecebc59e14-dirty,1,editor,200,50,191,20952,327111,200,50,2,2,5784,525,0,2,525
fc1a1cd2d37a9100a80a496108f693ecebc59e14-dirty,1,editor,200,50,192,21050,327270,200,50,2,2,5943,525,0,2,525
fc1a1cd2d37a9100a80a496108f693ecebc59e14-dirty,1,editor,200,50,193,21110,327429,200,50,2,2,6102,525,0,2,525
fc1a1cd2d37a9100a80a496108f693ecebc59e14-dirty,1,editor,200,50,194,21253,327588,200,50,2,2,6261,525,0,2,525
fc1a1cd2d37a9100a80a496108f693ecebc59e14-dirty,1,editor,200,50,195,21308,327588,200,50,1,1,3542,362,0,1,362
fc1a1cd2d37a9100a80a496108f693ecebc59e14-dirty,1,editor,200,50,196,21451,327906,200,50,2,2,6579,525,0,2,525
fc1a1cd2d37a9100a80a496108f693ecebc59e14-dirty,1,editor,200,50,197,21553,328065,200,50,3,2,6738,689,0,3,689
fc1a1cd2d37a9100a80a496108f693ecebc59e14-dirty,1,editor,200,50,198,21650,328224,200,50,2,2,6897,525,0,2,525
fc1a1cd2d37a9100a80a496108f693ecebc59e14-dirty,1,editor,200,50,199,21752,328224,200,50,2,2,6897,525,0,2,525
fc1a1cd2d37a9100a80a496108f693ecebc59e14-dirty,1,editor,200,50,200,21879,325691,200,50,22,1,850,3784,0,22,3784
fc1a1cd2d37a9100a80a496108f693ecebc59e14-dirty,1,editor,200,50,201,21910,326961,200,50,11,1,2120,2001,0,11,2001
fc1a1cd2d37a9100a80a496108f693ecebc59e14-dirty,1,editor,200,50,202,22053,326803,200,50,4,1,1962,854,0,4,854
fc1a1cd2d37a9100a80a496108f693ecebc59e14-dirty,1,editor,200,50,203,22150,326644,200,50,1,1,1803,362,0,1,362
fc1a1cd2d37a9100a80a496108f693ecebc59e14-dirty,1,editor,200,50,204,22210,326803,200,50,1,1,1962,362,0,1,362
fc1a1cd2d37a9100a80a496108f693ecebc59e14-dirty,1,editor,200,50,205,22353,326803,200,50,1,1,1962,362,0,1,362
fc1a1cd2d37a9100a80a496108f693ecebc59e14-dirty,1,editor,200,50,206,22409,326803,200,50,1,1,1962,362,0,1,362
fc1a1cd2d37a9100a80a496108f693ecebc59e14-dirty,1,editor,200,50,207,22552,326803,200,50,1,1,1962,362,0,1,362
fc1a1cd2d37a9100a80a496108f693ecebc59e14-dirty,1,editor,200,50,208,22613,326803,200,50,1,1,1962,362,0,1,362
fc1a1cd2d37a9100a80a496108f693ecebc59e14-dirty,1,editor,200,50,209,22709,324578,200,50,2062,50,324719,335578,1,226,37143
fc1a1cd2d37a9100a80a496108f693ecebc59e14-dirty,1,editor,200,50,210,22852,315674,200,50,1987,50,315815,323354,1,225,36979
fc1a1cd2d37a9100a80a496108f693ecebc59e14-dirty,1,editor,200,50,211,22950,320285,200,50,1931,50,320426,314235,1,229,37631
fc1a1cd2d37a9100a80a496108f693ecebc59e14-dirty,1,editor,200,50,212,23010,313289,200,50,1891,50,313430,307708,1,226,37142
fc1a1cd2d37a9100a80a496108f693ecebc59e14-dirty,1,editor,200,50,213,23111,310427,200,50,1853,50,310568,301510,1,215,35350
fc1a1cd2d37a9100a80a496108f693ecebc59e14-dirty,1,editor,200,50,214,23249,299137,200,50,1792,50,299278,291634,1,208,34208
fc1a1cd2d37a9100a80a496108f693ecebc59e14-dirty,1,editor,200,50,215,23350,290074,200,50,1732,50,290215,281837,1,207,34044
fc1a1cd2d37a9100a80a496108f693ecebc59e14-dirty,1,editor,200,50,216,23411,281805,200,50,1686,50,281946,274315,1,206,33882
fc1a1cd2d37a9100a80a496108f693ecebc59e14-dirty,1,editor,200,50,217,23508,284510,200,50,1704,50,284651,277237,1,270,44308
fc1a1cd2d37a9100a80a496108f693ecebc59e14-dirty,1,editor,200,50,218,23651,281648,200,50,1720,50,281789,279872,1,241,39584
fc1a1cd2d37a9100a80a496108f693ecebc59e14-dirty,1,editor,200,50,219,23712,286580,200,50,1754,50,286721,285452,1,281,46110
fc1a1cd2d37a9100a80a496108f693ecebc59e14-dirty,1,editor,200,50,220,23808,274973,200,50,1757,50,275114,285977,1,213,35020
fc1a1cd2d37a9100a80a496108f693ecebc59e14-dirty,1,editor,200,50,221,23909,264161,200,50,1699,50,264302,276541,1,222,36490
fc1a1cd2d37a9100a80a496108f693ecebc59e14-dirty,1,editor,200,50,222,24011,250804,200,50,1639,50,250945,266769,1,208,34208
fc1a1cd2d37a9100a80a496108f693ecebc59e14-dirty,1,editor,200,50,223,24107,237607,200,50,1564,50,237748,254582,1,207,34044
fc1a1cd2d37a9100a80a496108f693ecebc59e14-dirty,1,editor,200,50,224,24250,224568,200,50,1562,50,224709,254226,1,206,33882
fc1a1cd2d37a9100a80a496108f693ecebc59e14-dirty,1,editor,200,50,225,24310,218369,200,50,1528,50,218510,248750,1,249,40885
fc1a1cd2d37a9100a80a496108f693ecebc59e14-dirty,1,editor,200,50,226,24407,218688,200,50,1,1,1964,363,0,1,363
fc1a1cd2d37a9100a80a496108f693ecebc59e14-dirty,1,editor,200,50,227,24412,214553,200,50,1491,50,214694,242718,1,237,38933
fc1a1cd2d37a9100a80a496108f693ecebc59e14-dirty,1,editor,200,50,228,24550,209783,200,50,1471,50,209924,239433,1,223,36653
fc1a1cd2d37a9100a80a496108f693ecebc59e14-dirty,1,editor,200,50,229,24610,205649,200,50,1472,50,205790,239547,1,227,37305
fc1a1cd2d37a9100a80a496108f693ecebc59e14-dirty,1,editor,200,50,230,24747,201833,200,50,1475,50,201974,240025,1,229,37631
fc1a1cd2d37a9100a80a496108f693ecebc59e14-dirty,1,editor,200,50,231,24808,197063,200,50,1445,50,197204,235152,1,225,36979
fc1a1cd2d37a9100a80a496108f693ecebc59e14-dirty,1,editor,200,50,232,24950,195789,200,50,8,1,530,1507,0,8,1507
fc1a1cd2d37a9100a80a496108f693ecebc59e14-dirty,1,editor,200,50,233,25051,195948,200,50,1,1,689,359,0,1,359
fc1a1cd2d37a9100a80a496108f693ecebc59e14-dirty,1,editor,200,50,234,25148,196107,200,50,1,1,848,359,0,1,359
fc1a1cd2d37a9100a80a496108f693ecebc59e14-dirty,1,editor,200,50,235,25249,177820,200,50,1591,50,177961,258799,0,1591,258799
fc1a1cd2d37a9100a80a496108f693ecebc59e14-dirty,2,editor,200,50,1,5,178138,200,50,1,1,849,360,0,1,360
fc1a1cd2d37a9100a80a496108f693ecebc59e14-dirty,2,editor,200,50,2,106,178297,200,50,1,1,1008,360,0,1,360
fc1a1cd2d37a9100a80a496108f693ecebc59e14-dirty,2,editor,200,50,3,248,178456,200,50,1,1,1167,360,0,1,360
fc1a1cd2d37a9100a80a496108f693ecebc59e14-dirty,2,editor,200,50,4,304,178456,200,50,0,0,199,199,0,0,199
fc1a1cd2d37a9100a80a496108f693ecebc59e14-dirty,2,editor,200,50,5,447,178774,200,50,1,1,1485,360,0,1,360
fc1a1cd2d37a9100a80a496108f693ecebc59e14-dirty,2,editor,200,50,6,548,178933,200,50,1,1,1644,360,0,1,360
fc1a1cd2d37a9100a80a496108f693ecebc59e14-dirty,2,editor,200,50,7,644,178933,200,50,0,0,199,199,0,0,199
fc1a1cd2d37a9100a80a496108f693ecebc59e14-dirty,2,editor,200,50,8,705,179252,200,50,1,1,1963,361,0,1,361
fc1a1cd2d37a9100a80a496108f693ecebc59e14-dirty,2,editor,200,50,9,806,179411,200,50,1,1,2122,362,0,1,362
fc1a1cd2d37a9100a80a496108f693ecebc59e14-dirty,2,editor,200,50,10,948,179411,200,50,0,0,200,200,0,0,200
fc1a1cd2d37a9100a80a496108f693ecebc59e14-dirty,2,editor,200,50,11,1004,179729,200,50,1,1,2440,362,0,1,362
fc1a1cd2d37a9100a80a496108f693ecebc59e14-dirty,2,editor,200,50,12,1146,179888,200,50,1,1,2599,362,0,1,362
fc1a1cd2d37a9100a80a496108f693ecebc59e14-dirty,2,editor,200,50,13,1247,180047,200,50,1,1,2758,362,0,1,362
fc1a1cd2d37a9100a80a496108f693ecebc59e14-dirty,2,editor,200,50,14,1344,180206,200,50,1,1,2917,362,0,1,362
fc1a1cd2d37a9100a80a496108f693ecebc59e14-dirty,2,editor,200,50,15,1446,180206,200,50,0,0,200,200,0,0,200
fc1a1cd2d37a9100a80a496108f693ecebc59e14-dirty,2,editor,200,50,16,1548,180524,200,50,1,1,3235,362,0,1,362
fc1a1cd2d37a9100a80a496108f693ecebc59e14-dirty,2,editor,200,50,17,1649,180683,200,50,1,1,3394,362,0,1,362
fc1a1cd2d37a9100a80a496108f693ecebc59e14-dirty,2,editor,200,50,18,1745,180842,200,50,1,1,3553,362,0,1,362
fc1a1cd2d37a9100a80a496108f693ecebc59e14-dirty,2,editor,200,50,19,1806,181001,200,50,1,1,3712,362,0,1,362
fc1a1cd2d37a9100a80a496108f693ecebc59e14-dirty,2,editor,200,50,20,1948,181160,200,50,1,1,3871,362,0,1,362
fc1a1cd2d37a9100a80a496108f693ecebc59e14-dirty,2,editor,200,50,21,2008,181319,200,50,1,1,4030,362,0,1,362
fc1a1cd2d37a9100a80a496108f693ecebc59e14-dirty,2,editor,200,50,22,2105,181478,200,50,1,1,4189,362,0,1,362
fc1a1cd2d37a9100a80a496108f693ecebc59e14-dirty,2,editor,200,50,23,2246,181637,200,50,1,1,4348,362,0,1,362
fc1a1cd2d37a9100a80a496108f693ecebc59e14-dirty,2,editor,200,50,24,2308,181796,200,50,1,1,4507,362,0,1,362
fc1a1cd2d37a9100a80a496108f693ecebc59e14-dirty,2,editor,200,50,25,2445,181955,200,50,1,1,4666,362,0,1,362
fc1a1cd2d37a9100a80a496108f693ecebc59e14-dirty,2,editor,200,50,26,2503,12931,200,50,915,50,13072,148809,0,915,148809
fc1a1cd2d37a9100a80a496108f693ecebc59e14-dirty,2,editor,200,50,27,2514,326167,200,50,1843,47,325784,300004,0,1843,300004
fc1a1cd2d37a9100a80a496108f693ecebc59e14-dirty,2,editor,200,50,28,4608,326167,200,50,1,1,5779,360,0,1,360
fc1a1cd2d37a9100a80a496108f693ecebc59e14-dirty,2,editor,200,50,29,4750,326484,200,50,4,1,6096,852,0,4,852
fc1a1cd2d37a9100a80a496108f693ecebc59e14-dirty,2,editor,200,50,30,4806,326167,200,50,4,1,5779,852,0,4,852
fc1a1cd2d37a9100a80a496108f693ecebc59e14-dirty,2,editor,200,50,31,4908,326167,200,50,1,1,5779,360,0,1,360
fc1a1cd2d37a9100a80a496108f693ecebc59e14-dirty,2,editor,200,50,32,5011,326167,200,50,1,1,5779,360,0,1,360
fc1a1cd2d37a9100a80a496108f693ecebc59e14-dirty,2,editor,200,50,33,5107,326167,200,50,1,1,5779,360,0,1,360
fc1a1cd2d37a9100a80a496108f693ecebc59e14-dirty,2,editor,200,50,34,5250,326167,200,50,1,1,5779,360,0,1,360
fc1a1cd2d37a9100a80a496108f693ecebc59e14-dirty,2,editor,200,50,35,5353,326167,200,50,1,1,5779,360,0,1,360
fc1a1cd2d37a9100a80a496108f693ecebc59e14-dirty,2,editor,200,50,36,5408,326326,200,50,4,1,5938,852,0,4,852
fc1a1cd2d37a9100a80a496108f693ecebc59e14-dirty,2,editor,200,50,37,5510,326168,200,50,1,1,5780,361,0,1,361
fc1a1cd2d37a9100a80a496108f693ecebc59e14-dirty,2,editor,200,50,38,5606,326327,200,50,1,1,5939,361,0,1,361
fc1a1cd2d37a9100a80a496108f693ecebc59e14-dirty,2,editor,200,50,39,5708,326327,200,50,1,1,5939,361,0,1,361
fc1a1cd2d37a9100a80a496108f693ecebc59e14-dirty,2,editor,200,50,40,5851,326327,200,50,1,1,5939,361,0,1,361
fc1a1cd2d37a9100a80a496108f693ecebc59e14-dirty,2,editor,200,50,41,5949,326327,200,50,1,1,5939,361,0,1,361
fc1a1cd2d37a9100a80a496108f693ecebc59e14-dirty,2,editor,200,50,42,6050,326327,200,50,1,1,5939,361,0,1,361
fc1a1cd2d37a9100a80a496108f693ecebc59e14-dirty,2,editor,200,50,43,6152,326327,200,50,1,1,5939,361,0,1,361
fc1a1cd2d37a9100a80a496108f693ecebc59e14-dirty,2,editor,200,50,44,6207,326327,200,50,1,1,5939,361,0,1,361
fc1a1cd2d37a9100a80a496108f693ecebc59e14-dirty,2,editor,200,50,45,6350,326327,200,50,1,1,5939,361,0,1,361
fc1a1cd2d37a9100a80a496108f693ecebc59e14-dirty,2,editor,200,50,46,6406,326327,200,50,2,1,5939,525,0,2,525
fc1a1cd2d37a9100a80a496108f693ecebc59e14-dirty,2,editor,200,50,47,6509,326327,200,50,1,1,5939,361,0,1,361
fc1a1cd2d37a9100a80a496108f693ecebc59e14-dirty,2,editor,200,50,48,6651,326168,200,50,1,1,5780,361,0,1,361
fc1a1cd2d37a9100a80a496108f693ecebc59e14-dirty,2,editor,200,50,49,6749,326327,200,50,1,1,5939,361,0,1,361
fc1a1cd2d37a9100a80a496108f693ecebc59e14-dirty,2,editor,200,50,50,6809,326327,200,50,1,1,5939,361,0,1,361
fc1a1cd2d37a9100a80a496108f693ecebc59e14-dirty,2,editor,200,50,51,6911,326327,200,50,1,1,5939,361,0,1,361
fc1a1cd2d37a9100a80a496108f693ecebc59e14-dirty,2,editor,200,50,52,7049,326327,200,50,1,1,5939,361,0,1,361
fc1a1cd2d37a9100a80a496108f693ecebc59e14-dirty,2,editor,200,50,53,7151,326644,200,50,4,1,6256,853,0,4,853
fc1a1cd2d37a9100a80a496108f693ecebc59e14-dirty,2,editor,200,50,54,7248,326327,200,50,4,1,5939,853,0,4,853
fc1a1cd2d37a9100a80a496108f693ecebc59e14-dirty,2,editor,200,50,55,7309,326327,200,50,1,1,5939,361,0,1,361
fc1a1cd2d37a9100a80a496108f693ecebc59e14-dirty,2,editor,200,50,56,7411,326327,200,50,2,1,5939,525,0,2,525
fc1a1cd2d37a9100a80a496108f693ecebc59e14-dirty,2,editor,200,50,57,7549,326327,200,50,1,1,5939,361,0,1,361
fc1a1cd2d37a9100a80a496108f693ecebc59e14-dirty,2,editor,200,50,58,7648,175917,200,50,2240,49,175565,364596,0,2240,364596
fc1a1cd2d37a9100a80a496108f693ecebc59e14-dirty,2,editor,200,50,59,7708,176235,200,50,4,1,6574,853,0,4,853
fc1a1cd2d37a9100a80a496108f693ecebc59e14-dirty,2,editor,200,50,60,7846,175917,200,50,4,1,6256,853,0,4,853
fc1a1cd2d37a9100a80a496108f693ecebc59e14-dirty,2,editor,200,50,61,7906,176235,200,50,4,1,6574,853,0,4,853
fc1a1cd2d37a9100a80a496108f693ecebc59e14-dirty,2,editor,200,50,62,8048,175917,200,50,4,1,6256,853,0,4,853
fc1a1cd2d37a9100a80a496108f693ecebc59e14-dirty,2,editor,200,50,63,8149,175917,200,50,1,1,6256,361,0,1,361
fc1a1cd2d37a9100a80a496108f693ecebc59e14-dirty,2,editor,200,50,64,8205,176235,200,50,4,1,6574,853,0,4,853
fc1a1cd2d37a9100a80a496108f693ecebc59e14-dirty,2,editor,200,50,65,8308,175758,200,50,5,1,6097,1017,0,5,1017
fc1a1cd2d37a9100a80a496108f693ecebc59e14-dirty,2,editor,200,50,66,8408,175758,200,50,1,1,6097,361,0,1,361
fc1a1cd2d37a9100a80a496108f693ecebc59e14-dirty,2,editor,200,50,67,8504,175758,200,50,1,1,6097,361,0,1,361
fc1a1cd2d37a9100a80a496108f693ecebc59e14-dirty,2,editor,200,50,68,8606,175599,200,50,1,1,5938,361,0,1,361
fc1a1cd2d37a9100a80a496108f693ecebc59e14-dirty,2,editor,200,50,69,8707,175917,200,50,1,1,6256,361,0,1,361
fc1a1cd2d37a9100a80a496108f693ecebc59e14-dirty,2,editor,200,50,70,8851,326167,200,50,2241,49,325815,364754,0,2241,364754
fc1a1cd2d37a9100a80a496108f693ecebc59e14-dirty,2,editor,200,50,71,8907,326485,200,50,1,1,6097,360,0,1,360
fc1a1cd2d37a9100a80a496108f693ecebc59e14-dirty,2,editor,200,50,72,9010,326644,200,50,1,1,6256,360,0,1,360
fc1a1cd2d37a9100a80a496108f693ecebc59e14-dirty,2,editor,200,50,73,9111,326327,200,50,6,1,5939,1181,0,6,1181
fc1a1cd2d37a9100a80a496108f693ecebc59e14-dirty,2,editor,200,50,74,9208,316298,200,50,1020,29,114501,166327,0,1020,166327
fc1a1cd2d37a9100a80a496108f693ecebc59e14-dirty,2,editor,200,50,75,9310,316457,200,50,2,2,3558,523,0,2,523
fc1a1cd2d37a9100a80a496108f693ecebc59e14-dirty,2,editor,200,50,76,9407,316457,200,50,1,1,3224,361,0,1,361
fc1a1cd2d37a9100a80a496108f693ecebc59e14-dirty,2,editor,200,50,77,9550,316775,200,50,2,2,3876,523,0,2,523
fc1a1cd2d37a9100a80a496108f693ecebc59e14-dirty,2,editor,200,50,78,9610,316934,200,50,2,2,4035,523,0,2,523
fc1a1cd2d37a9100a80a496108f693ecebc59e14-dirty,2,editor,200,50,79,9707,317093,200,50,2,2,4194,523,0,2,523
fc1a1cd2d37a9100a80a496108f693ecebc59e14-dirty,2,editor,200,50,80,9809,317093,200,50,1,1,3224,361,0,1,361
fc1a1cd2d37a9100a80a496108f693ecebc59e14-dirty,2,editor,200,50,81,9952,317411,200,50,2,2,4512,523,0,2,523
fc1a1cd2d37a9100a80a496108f693ecebc59e14-dirty,2,editor,200,50,82,10049,317570,200,50,2,2,4671,523,0,2,523
fc1a1cd2d37a9100a80a496108f693ecebc59e14-dirty,2,editor,200,50,83,10109,317887,200,50,3,2,4988,687,0,3,687
fc1a1cd2d37a9100a80a496108f693ecebc59e14-dirty,2,editor,200,50,84,10253,317888,200,50,2,2,4989,524,0,2,524
fc1a1cd2d37a9100a80a496108f693ecebc59e14-dirty,2,editor,200,50,85,10351,318047,200,50,1,1,3383,362,0,1,362
fc1a1cd2d37a9100a80a496108f693ecebc59e14-dirty,2,editor,200,50,86,10453,318365,200,50,2,2,5466,525,0,2,525
fc1a1cd2d37a9100a80a496108f693ecebc59e14-dirty,2,editor,200,50,87,10549,318524,200,50,2,2,5625,525,0,2,525
fc1a1cd2d37a9100a80a496108f693ecebc59e14-dirty,2,editor,200,50,88,10651,318683,200,50,2,2,5784,525,0,2,525
fc1a1cd2d37a9100a80a496108f693ecebc59e14-dirty,2,editor,200,50,89,10711,318842,200,50,2,2,5943,525,0,2,525
fc1a1cd2d37a9100a80a496108f693ecebc59e14-dirty,2,editor,200,50,90,10850,319001,200,50,2,2,6102,525,0,2,525
fc1a1cd2d37a9100a80a496108f693ecebc59e14-dirty,2,editor,200,50,91,10910,319001,200,50,1,1,3383,362,0,1,362
fc1a1cd2d37a9100a80a496108f693ecebc59e14-dirty,2,editor,200,50,92,11049,319319,200,50,2,2,6420,525,0,2,525
fc1a1cd2d37a9100a80a496108f693ecebc59e14-dirty,2,editor,200,50,93,11109,319478,200,50,3,2,6579,689,0,3,689
fc1a1cd2d37a9100a80a496108f693ecebc59e14-dirty,2,editor,200,50,94,11211,319637,200,50,2,2,6738,525,0,2,525
fc1a1cd2d37a9100a80a496108f693ecebc59e14-dirty,2,editor,200,50,95,11308,319637,200,50,2,2,6738,525,0,2,525
fc1a1cd2d37a9100a80a496108f693ecebc59e14-dirty,2,editor,200,50,96,11450,319796,200,50,1,1,3383,362,0,1,362
fc1a1cd2d37a9100a80a496108f693ecebc59e14-dirty,2,editor,200,50,97,11552,320114,200,50,2,2,7215,525,0,2,525
fc1a1cd2d37a9100a80a496108f693ecebc59e14-dirty,2,editor,200,50,98,11608,320273,200,50,2,2,7374,525,0,2,525
fc1a1cd2d37a9100a80a496108f693ecebc59e14-dirty,2,editor,200,50,99,11710,320432,200,50,2,2,7533,525,0,2,525
fc1a1cd2d37a9100a80a496108f693ecebc59e14-dirty,2,editor,200,50,100,11853,320432,200,50,1,1,3383,362,0,1,362
fc1a1cd2d37a9100a80a496108f693ecebc59e14-dirty,2,editor,200,50,101,11949,320750,200,50,2,2,7851,525,0,2,525
fc1a1cd2d37a9100a80a496108f693ecebc59e14-dirty,2,editor,200,50,102,12011,320909,200,50,2,2,8010,525,0,2,525
fc1a1cd2d37a9100a80a496108f693ecebc59e14-dirty,2,editor,200,50,103,12107,321068,200,50,3,2,8169,689,0,3,689
fc1a1cd2d37a9100a80a496108f693ecebc59e14-dirty,2,editor,200,50,104,12209,321227,200,50,2,2,8328,525,0,2,525
fc1a1cd2d37a9100a80a496108f693ecebc59e14-dirty,2,editor,200,50,105,12312,321386,200,50,2,2,8487,525,0,2,525
fc1a1cd2d37a9100a80a496108f693ecebc59e14-dirty,2,editor,200,50,106,12408,321386,200,50,2,2,8487,525,0,2,525
fc1a1cd2d37a9100a80a496108f693ecebc59e14-dirty,2,editor,200,50,107,12510,321545,200,50,1,1,3383,362,0,1,362
fc1a1cd2d37a9100a80a496108f693ecebc59e14-dirty,2,editor,200,50,108,12607,321863,200,50,2,2,8964,525,0,2,525
fc1a1cd2d37a9100a80a496108f693ecebc59e14-dirty,2,editor,200,50,109,12709,322022,200,50,2,2,9123,525,0,2,525
fc1a1cd2d37a9100a80a496108f693ecebc59e14-dirty,2,editor,200,50,110,12811,322022,200,50,1,1,3383,362,0,1,362
fc1a1cd2d37a9100a80a496108f693ecebc59e14-dirty,2,editor,200,50,111,12949,322340,200,50,2,2,9441,525,0,2,525
fc1a1cd2d37a9100a80a496108f693ecebc59e14-dirty,2,editor,200,50,112,13009,322499,200,50,2,2,9600,525,0,2,525
fc1a1cd2d37a9100a80a496108f693ecebc59e14-dirty,2,editor,200,50,113,13152,322658,200,50,3,2,9759,689,0,3,689
fc1a1cd2d37a9100a80a496108f693ecebc59e14-dirty,2,editor,200,50,114,13208,322658,200,50,1,1,3383,362,0,1,362
fc1a1cd2d37a9100a80a496108f693ecebc59e14-dirty,2,editor,200,50,115,13310,322976,200,50,2,2,10077,525,0,2,525
fc1a1cd2d37a9100a80a496108f693ecebc59e14-dirty,2,editor,200,50,116,13412,323135,200,50,2,2,10236,525,0,2,525
fc1a1cd2d37a9100a80a496108f693ecebc59e14-dirty,2,editor,200,50,117,13549,323135,200,50,2,2,10236,525,0,2,525
fc1a1cd2d37a9100a80a496108f693ecebc59e14-dirty,2,editor,200,50,118,13652,323453,200,50,2,2,10554,525,0,2,525
fc1a1cd2d37a9100a80a496108f693ecebc59e14-dirty,2,editor,200,50,119,13749,323612,200,50,2,2,10713,525,0,2,525
fc1a1cd2d37a9100a80a496108f693ecebc59e14-dirty,2,editor,200,50,120,13809,323771,200,50,2,2,10872,525,0,2,525
fc1a1cd2d37a9100a80a496108f693ecebc59e14-dirty,2,editor,200,50,121,13936,321238,200,50,22,1,850,3784,0,22,3784
fc1a1cd2d37a9100a80a496108f693ecebc59e14-dirty,2,editor,200,50,122,14008,323771,200,50,22,1,3383,3772,0,22,3772
fc1a1cd2d37a9100a80a496108f693ecebc59e14-dirty,2,editor,200,50,123,14109,323930,200,50,3,2,11031,688,0,3,688
fc1a1cd2d37a9100a80a496108f693ecebc59e14-dirty,2,editor,200,50,124,14252,324089,200,50,3,2,11190,688,0,3,688
fc1a1cd2d37a9100a80a496108f693ecebc59e14-dirty,2,editor,200,50,125,14308,324248,200,50,3,2,11349,688,0,3,688
fc1a1cd2d37a9100a80a496108f693ecebc59e14-dirty,2,editor,200,50,126,14410,324407,200,50,4,2,11508,852,0,4,852
fc1a1cd2d37a9100a80a496108f693ecebc59e14-dirty,2,editor,200,50,127,14512,324566,200,50,3,2,11667,688,0,3,688
fc1a1cd2d37a9100a80a496108f693ecebc59e14-dirty,2,editor,200,50,128,14650,324725,200,50,3,2,11826,688,0,3,688
fc1a1cd2d37a9100a80a496108f693ecebc59e14-dirty,2,editor,200,50,129,14711,324884,200,50,3,2,11985,688,0,3,688
fc1a1cd2d37a9100a80a496108f693ecebc59e14-dirty,2,editor,200,50,130,14808,325043,200,50,3,2,12144,688,0,3,688
fc1a1cd2d37a9100a80a496108f693ecebc59e14-dirty,2,editor,200,50,131,14951,325043,200,50,3,2,12144,688,0,3,688
fc1a1cd2d37a9100a80a496108f693ecebc59e14-dirty,2,editor,200,50,132,15012,325361,200,50,3,2,12462,688,0,3,688
fc1a1cd2d37a9100a80a496108f693ecebc59e14-dirty,2,editor,200,50,133,15108,325520,200,50,3,2,12621,688,0,3,688
fc1a1cd2d37a9100a80a496108f693ecebc59e14-dirty,2,editor,200,50,134,15210,325679,200,50,3,2,12780,688,0,3,688
fc1a1cd2d37a9100a80a496108f693ecebc59e14-dirty,2,editor,200,50,135,15354,325838,200,50,3,2,12939,688,0,3,688
fc1a1cd2d37a9100a80a496108f693ecebc59e14-dirty,2,editor,200,50,136,15449,325997,200,50,4,2,13098,852,0,4,852
fc1a1cd2d37a9100a80a496108f693ecebc59e14-dirty,2,editor,200,50,137,15552,326156,200,50,3,2,13257,688,0,3,688
fc1a1cd2d37a9100a80a496108f693ecebc59e14-dirty,2,editor,200,50,138,15654,326315,200,50,3,2,13416,688,0,3,688
fc1a1cd2d37a9100a80a496108f693ecebc59e14-dirty,2,editor,200,50,139,15750,326474,200,50,3,2,13575,688,0,3,688
fc1a1cd2d37a9100a80a496108f693ecebc59e14-dirty,2,editor,200,50,140,15811,326633,200,50,3,2,13734,688,0,3,688
fc1a1cd2d37a9100a80a496108f693ecebc59e14-dirty,2,editor,200,50,141,15950,326792,200,50,3,2,13893,688,0,3,688
fc1a1cd2d37a9100a80a496108f693ecebc59e14-dirty,2,editor,200,50,142,16053,326792,200,50,3,2,13893,688,0,3,688
fc1a1cd2d37a9100a80a496108f693ecebc59e14-dirty,2,editor,200,50,143,16153,327110,200,50,3,2,14211,688,0,3,688
fc1a1cd2d37a9100a80a496108f693ecebc59e14-dirty,2,editor,200,50,144,16209,327269,200,50,3,2,14370,688,0,3,688
fc1a1cd2d37a9100a80a496108f693ecebc59e14-dirty,2,editor,200,50,145,16313,327428,200,50,3,2,14529,688,0,3,688
fc1a1cd2d37a9100a80a496108f693ecebc59e14-dirty,2,editor,200,50,146,16410,327587,200,50,4,2,14688,852,0,4,852
fc1a1cd2d37a9100a80a496108f693ecebc59e14-dirty,2,editor,200,50,147,16552,327746,200,50,3,2,14847,688,0,3,688
fc1a1cd2d37a9100a80a496108f693ecebc59e14-dirty,2,editor,200,50,148,16650,327905,200,50,3,2,15006,688,0,3,688
fc1a1cd2d37a9100a80a496108f693ecebc59e14-dirty,2,editor,200,50,149,16711,328064,200,50,3,2,15165,688,0,3,688
fc1a1cd2d37a9100a80a496108f693ecebc59e14-dirty,2,editor,200,50,150,16837,325531,200,50,22,1,850,3784,0,22,3784
fc1a1cd2d37a9100a80a496108f693ecebc59e14-dirty,2,editor,200,50,151,16950,327438,200,50,61,2,14539,10143,0,61,10143
fc1a1cd2d37a9100a80a496108f693ecebc59e14-dirty,2,editor,200,50,152,17011,327756,200,50,1035,29,125959,168783,0,1035,168783
fc1a1cd2d37a9100a80a496108f693ecebc59e14-dirty,2,editor,200,50,153,17149,327597,200,50,1,1,7209,361,0,1,361
fc1a1cd2d37a9100a80a496108f693ecebc59e14-dirty,2,editor,200,50,154,17251,327756,200,50,1,1,7368,361,0,1,361
fc1a1cd2d37a9100a80a496108f693ecebc59e14-dirty,2,editor,200,50,155,17312,327756,200,50,1,1,7368,361,0,1,361
fc1a1cd2d37a9100a80a496108f693ecebc59e14-dirty,2,editor,200,50,156,17451,327756,200,50,1,1,7368,361,0,1,361
fc1a1cd2d37a9100a80a496108f693ecebc59e14-dirty,2,editor,200,50,157,17511,327756,200,50,1,1,7368,361,0,1,361
fc1a1cd2d37a9100a80a496108f693ecebc59e14-dirty,2,editor,200,50,158,17608,328073,200,50,4,1,7685,853,0,4,853
fc1a1cd2d37a9100a80a496108f693ecebc59e14-dirty,2,editor,200,50,159,17709,327756,200,50,4,1,7368,853,0,4,853
fc1a1cd2d37a9100a80a496108f693ecebc59e14-dirty,2,editor,200,50,160,17853,327756,200,50,1,1,7368,361,0,1,361
fc1a1cd2d37a9100a80a496108f693ecebc59e14-dirty,2,editor,200,50,161,17949,327756,200,50,2,1,7368,525,0,2,525
fc1a1cd2d37a9100a80a496108f693ecebc59e14-dirty,2,editor,200,50,162,18052,327756,200,50,1,1,7368,361,0,1,361
fc1a1cd2d37a9100a80a496108f693ecebc59e14-dirty,2,editor,200,50,163,18112,327756,200,50,1,1,7368,361,0,1,361
fc1a1cd2d37a9100a80a496108f693ecebc59e14-dirty,2,editor,200,50,164,18251,327597,200,50,1,1,7209,361,0,1,361
fc1a1cd2d37a9100a80a496108f693ecebc59e14-dirty,2,editor,200,50,165,18311,327756,200,50,1,1,7368,361,0,1,361
fc1a1cd2d37a9100a80a496108f693ecebc59e14-dirty,2,editor,200,50,166,18450,327756,200,50,1,1,7368,361,0,1,361
fc1a1cd2d37a9100a80a496108f693ecebc59e14-dirty,2,editor,200,50,167,18510,327756,200,50,1,1,7368,361,0,1,361
fc1a1cd2d37a9100a80a496108f693ecebc59e14-dirty,2,editor,200,50,168,18612,327756,200,50,1,1,7368,361,0,1,361
fc1a1cd2d37a9100a80a496108f693ecebc59e14-dirty,2,editor,200,50,169,18749,327756,200,50,1,1,7368,361,0,1,361
fc1a1cd2d37a9100a80a496108f693ecebc59e14-dirty,2,editor,200,50,170,18852,327756,200,50,1,1,7368,361,0,1,361
fc1a1cd2d37a9100a80a496108f693ecebc59e14-dirty,2,editor,200,50,171,18912,327756,200,50,2,1,7368,525,0,2,525
fc1a1cd2d37a9100a80a496108f693ecebc59e14-dirty,2,editor,200,50,172,19009,327756,200,50,1,1,7368,361,0,1,361
fc1a1cd2d37a9100a80a496108f693ecebc59e14-dirty,2,editor,200,50,173,19111,328074,200,50,1,1,7686,361,0,1,361
fc1a1cd2d37a9100a80a496108f693ecebc59e14-dirty,2,editor,200,50,174,19214,328075,200,50,1,1,7687,362,0,1,362
fc1a1cd2d37a9100a80a496108f693ecebc59e14-dirty,2,editor,200,50,175,19218,329187,200,50,326,10,47898,53287,0,326,53287
fc1a1cd2d37a9100a80a496108f693ecebc59e14-dirty,2,editor,200,50,176,19312,329505,200,50,1,1,2121,361,0,1,361
fc1a1cd2d37a9100a80a496108f693ecebc59e14-dirty,2,editor,200,50,177,19408,328710,200,50,302,10,47421,49385,0,302,49385
fc1a1cd2d37a9100a80a496108f693ecebc59e14-dirty,2,editor,200,50,178,19511,329028,200,50,1,1,2121,361,0,1,361
fc1a1cd2d37a9100a80a496108f693ecebc59e14-dirty,2,editor,200,50,179,19612,323464,200,50,273,10,42175,44666,0,273,44666
fc1a1cd2d37a9100a80a496108f693ecebc59e14-dirty,2,editor,200,50,180,19709,325044,200,50,13,1,3383,2295,0,13,2295
fc1a1cd2d37a9100a80a496108f693ecebc59e14-dirty,2,editor,200,50,181,19811,325203,200,50,2,2,3876,523,0,2,523
fc1a1cd2d37a9100a80a496108f693ecebc59e14-dirty,2,editor,200,50,182,19913,325362,200,50,2,2,4035,523,0,2,523
fc1a1cd2d37a9100a80a496108f693ecebc59e14-dirty,2,editor,200,50,183,20050,325521,200,50,2,2,4194,523,0,2,523
fc1a1cd2d37a9100a80a496108f693ecebc59e14-dirty,2,editor,200,50,184,20111,325521,200,50,1,1,3383,361,0,1,361
fc1a1cd2d37a9100a80a496108f693ecebc59e14-dirty,2,editor,200,50,185,20249,325839,200,50,2,2,4512,523,0,2,523
fc1a1cd2d37a9100a80a496108f693ecebc59e14-dirty,2,editor,200,50,186,20310,325998,200,50,2,2,4671,523,0,2,523
fc1a1cd2d37a9100a80a496108f693ecebc59e14-dirty,2,editor,200,50,187,20412,326157,200,50,2,2,4830,523,0,2,523
fc1a1cd2d37a9100a80a496108f693ecebc59e14-dirty,2,editor,200,50,188,20509,326315,200,50,2,1,3541,525,0,2,525
fc1a1cd2d37a9100a80a496108f693ecebc59e14-dirty,2,editor,200,50,189,20652,326475,200,50,2,2,5148,524,0,2,524
fc1a1cd2d37a9100a80a496108f693ecebc59e14-dirty,2,editor,200,50,190,20712,326793,200,50,2,2,5466,525,0,2,525
fc1a1cd2d37a9100a80a496108f693ecebc59e14-dirty,2,editor,200,50,191,20809,326793,200,50,1,1,3542,362,0,1,362
fc1a1cd2d37a9100a80a496108f693ecebc59e14-dirty,2,editor,200,50,192,20952,327111,200,50,2,2,5784,525,0,2,525
fc1a1cd2d37a9100a80a496108f693ecebc59e14-dirty,2,editor,200,50,193,21049,327270,200,50,2,2,5943,525,0,2,525
fc1a1cd2d37a9100a80a496108f693ecebc59e14-dirty,2,editor,200,50,194,21151,327429,200,50,2,2,6102,525,0,2,525
fc1a1cd2d37a9100a80a496108f693ecebc59e14-dirty,2,editor,200,50,195,21212,327588,200,50,2,2,6261,525,0,2,525
fc1a1cd2d37a9100a80a496108f693ecebc59e14-dirty,2,editor,200,50,196,21309,327588,200,50,1,1,3542,362,0,1,362
fc1a1cd2d37a9100a80a496108f693ecebc59e14-dirty,2,editor,200,50,197,21451,327906,200,50,2,2,6579,525,0,2,525
fc1a1cd2d37a9100a80a496108f693ecebc59e14-dirty,2,editor,200,50,198,21554,328065,200,50,3,2,6738,689,0,3,689
fc1a1cd2d37a9100a80a496108f693ecebc59e14-dirty,2,editor,200,50,199,21651,328224,200,50,2,2,6897,525,0,2,525
fc1a1cd2d37a9100a80a496108f693ecebc59e14-dirty,2,editor,200,50,200,21752,328224,200,50,2,2,6897,525,0,2,525
fc1a1cd2d37a9100a80a496108f693ecebc59e14-dirty,2,editor,200,50,201,21875,325691,200,50,22,1,850,3784,0,22,3784
fc1a1cd2d37a9100a80a496108f693ecebc59e14-dirty,2,editor,200,50,202,21910,326961,200,50,11,1,2120,2001,0,11,2001
fc1a1cd2d37a9100a80a496108f693ecebc59e14-dirty,2,editor,200,50,203,22012,326803,200,50,4,1,1962,854,0,4,854
fc1a1cd2d37a9100a80a496108f693ecebc59e14-dirty,2,editor,200,50,204,22109,326644,200,50,1,1,1803,362,0,1,362
fc1a1cd2d37a9100a80a496108f693ecebc59e14-dirty,2,editor,200,50,205,22211,326803,200,50,1,1,1962,362,0,1,362
fc1a1cd2d37a9100a80a496108f693ecebc59e14-dirty,2,editor,200,50,206,22315,327122,200,50,1,1,2281,363,0,1,363
fc1a1cd2d37a9100a80a496108f693ecebc59e14-dirty,2,editor,200,50,207,22319,326803,200,50,2,1,1962,526,0,2,526
fc1a1cd2d37a9100a80a496108f693ecebc59e14-dirty,2,editor,200,50,208,22453,326803,200,50,1,1,1962,362,0,1,362
fc1a1cd2d37a9100a80a496108f693ecebc59e14-dirty,2,editor,200,50,209,22508,326803,200,50,1,1,1962,362,0,1,362
fc1a1cd2d37a9100a80a496108f693ecebc59e14-dirty,2,editor,200,50,210,22651,326803,200,50,1,1,1962,362,0,1,362
fc1a1cd2d37a9100a80a496108f693ecebc59e14-dirty,2,editor,200,50,211,22754,324578,200,50,2062,50,324719,335578,1,226,37143
fc1a1cd2d37a9100a80a496108f693ecebc59e14-dirty,2,editor,200,50,212,22809,315674,200,50,1987,50,315815,323354,1,225,36979
fc1a1cd2d37a9100a80a496108f693ecebc59e14-dirty,2,editor,200,50,213,22952,320285,200,50,1931,50,320426,314235,1,229,37631
fc1a1cd2d37a9100a80a496108f693ecebc59e14-dirty,2,editor,200,50,214,23012,313289,200,50,1891,50,313430,307708,1,226,37142
fc1a1cd2d37a9100a80a496108f693ecebc59e14-dirty,2,editor,200,50,215,23109,310427,200,50,1853,50,310568,301510,1,215,35350
fc1a1cd2d37a9100a80a496108f693ecebc59e14-dirty,2,editor,200,50,216,23253,299137,200,50,1792,50,299278,291634,1,208,34208
fc1a1cd2d37a9100a80a496108f693ecebc59e14-dirty,2,editor,200,50,217,23312,290074,200,50,1732,50,290215,281837,1,207,34044
fc1a1cd2d37a9100a80a496108f693ecebc59e14-dirty,2,editor,200,50,218,23409,281805,200,50,1686,50,281946,274315,1,206,33882
fc1a1cd2d37a9100a80a496108f693ecebc59e14-dirty,2,editor,200,50,219,23552,284510,200,50,1704,50,284651,277237,1,270,44308
fc1a1cd2d37a9100a80a496108f693ecebc59e14-dirty,2,editor,200,50,220,23608,281648,200,50,1720,50,281789,279872,1,241,39584
fc1a1cd2d37a9100a80a496108f693ecebc59e14-dirty,2,editor,200,50,221,23709,286580,200,50,1754,50,286721,285452,1,281,46110
fc1a1cd2d37a9100a80a496108f693ecebc59e14-dirty,2,editor,200,50,222,23811,274973,200,50,1757,50,275114,285977,1,213,35020
fc1a1cd2d37a9100a80a496108f693ecebc59e14-dirty,2,editor,200,50,223,23948,264161,200,50,1699,50,264302,276541,1,222,36490
fc1a1cd2d37a9100a80a496108f693ecebc59e14-dirty,2,editor,200,50,224,24049,250804,200,50,1639,50,250945,266769,1,208,34208
fc1a1cd2d37a9100a80a496108f693ecebc59e14-dirty,2,editor,200,50,225,24110,237607,200,50,1564,50,237748,254582,1,207,34044
fc1a1cd2d37a9100a80a496108f693ecebc59e14-dirty,2,editor,200,50,226,24252,224568,200,50,1562,50,224709,254226,1,206,33882
fc1a1cd2d37a9100a80a496108f693ecebc59e14-dirty,2,editor,200,50,227,24308,218369,200,50,1528,50,218510,248750,1,249,40885
fc1a1cd2d37a9100a80a496108f693ecebc59e14-dirty,2,editor,200,50,228,24450,214553,200,50,1490,50,214694,242554,1,236,38769
fc1a1cd2d37a9100a80a496108f693ecebc59e14-dirty,2,editor,200,50,229,24552,209783,200,50,1471,50,209924,239433,1,223,36653
fc1a1cd2d37a9100a80a496108f693ecebc59e14-dirty,2,editor,200,50,230,24607,205649,200,50,1472,50,205790,239547,1,227,37305
fc1a1cd2d37a9100a80a496108f693ecebc59e14-dirty,2,editor,200,50,231,24708,201833,200,50,1475,50,201974,240025,1,229,37631
fc1a1cd2d37a9100a80a496108f693ecebc59e14-dirty,2,editor,200,50,232,24809,197063,200,50,1445,50,197204,235152,1,225,36979
fc1a1cd2d37a9100a80a496108f693ecebc59e14-dirty,2,editor,200,50,233,24911,195789,200,50,8,1,530,1507,0,8,1507
fc1a1cd2d37a9100a80a496108f693ecebc59e14-dirty,2,editor,200,50,234,25007,195948,200,50,1,1,689,359,0,1,359
fc1a1cd2d37a9100a80a496108f693ecebc59e14-dirty,2,editor,200,50,235,25109,196107,200,50,1,1,848,359,0,1,359
fc1a1cd2d37a9100a80a496108f693ecebc59e14-dirty,2,editor,200,50,236,25251,181159,200,50,1629,50,181300,264986,0,1629,264986
fc1a1cd2d37a9100a80a496108f693ecebc59e14-dirty,3,editor,200,50,1,3,181477,200,50,1,1,849,360,0,1,360
fc1a1cd2d37a9100a80a496108f693ecebc59e14-dirty,3,editor,200,50,2,105,181636,200,50,1,1,1008,360,0,1,360
fc1a1cd2d37a9100a80a496108f693ecebc59e14-dirty,3,editor,200,50,3,247,181795,200,50,1,1,1167,360,0,1,360
fc1a1cd2d37a9100a80a496108f693ecebc59e14-dirty,3,editor,200,50,4,349,181795,200,50,0,0,199,199,0,0,199
fc1a1cd2d37a9100a80a496108f693ecebc59e14-dirty,3,editor,200,50,5,404,182113,200,50,1,1,1485,360,0,1,360
fc1a1cd2d37a9100a80a496108f693ecebc59e14-dirty,3,editor,200,50,6,547,182272,200,50,1,1,1644,360,0,1,360
fc1a1cd2d37a9100a80a496108f693ecebc59e14-dirty,3,editor,200,50,7,647,182272,200,50,0,0,199,199,0,0,199
fc1a1cd2d37a9100a80a496108f693ecebc59e14-dirty,3,editor,200,50,8,708,182591,200,50,1,1,1963,361,0,1,361
fc1a1cd2d37a9100a80a496108f693ecebc59e14-dirty,3,editor,200,50,9,846,182750,200,50,1,1,2122,362,0,1,362
fc1a1cd2d37a9100a80a496108f693ecebc59e14-dirty,3,editor,200,50,10,946,182750,200,50,0,0,200,200,0,0,200
fc1a1cd2d37a9100a80a496108f693ecebc59e14-dirty,3,editor,200,50,11,1007,183068,200,50,1,1,2440,362,0,1,362
fc1a1cd2d37a9100a80a496108f693ecebc59e14-dirty,3,editor,200,50,12,1108,183227,200,50,1,1,2599,362,0,1,362
fc1a1cd2d37a9100a80a496108f693ecebc59e14-dirty,3,editor,200,50,13,1245,183386,200,50,1,1,2758,362,0,1,362
fc1a1cd2d37a9100a80a496108f693ecebc59e14-dirty,3,editor,200,50,14,1348,183545,200,50,1,1,2917,362,0,1,362
fc1a1cd2d37a9100a80a496108f693ecebc59e14-dirty,3,editor,200,50,15,1408,183545,200,50,0,0,200,200,0,0,200
fc1a1cd2d37a9100a80a496108f693ecebc59e14-dirty,3,editor,200,50,16,1504,183863,200,50,1,1,3235,362,0,1,362
fc1a1cd2d37a9100a80a496108f693ecebc59e14-dirty,3,editor,200,50,17,1647,184022,200,50,1,1,3394,362,0,1,362
fc1a1cd2d37a9100a80a496108f693ecebc59e14-dirty,3,editor,200,50,18,1749,184181,200,50,1,1,3553,362,0,1,362
fc1a1cd2d37a9100a80a496108f693ecebc59e14-dirty,3,editor,200,50,19,1845,184340,200,50,1,1,3712,362,0,1,362
fc1a1cd2d37a9100a80a496108f693ecebc59e14-dirty,3,editor,200,50,20,1905,184499,200,50,1,1,3871,362,0,1,362
fc1a1cd2d37a9100a80a496108f693ecebc59e14-dirty,3,editor,200,50,21,2047,184658,200,50,1,1,4030,362,0,1,362
fc1a1cd2d37a9100a80a496108f693ecebc59e14-dirty,3,editor,200,50,22,2149,184817,200,50,1,1,4189,362,0,1,362
fc1a1cd2d37a9100a80a496108f693ecebc59e14-dirty,3,editor,200,50,23,2204,184976,200,50,1,1,4348,362,0,1,362
fc1a1cd2d37a9100a80a496108f693ecebc59e14-dirty,3,editor,200,50,24,2347,185135,200,50,1,1,4507,362,0,1,362
fc1a1cd2d37a9100a80a496108f693ecebc59e14-dirty,3,editor,200,50,25,2447,185294,200,50,1,1,4666,362,0,1,362
fc1a1cd2d37a9100a80a496108f693ecebc59e14-dirty,3,editor,200,50,26,2511,326167,200,50,2316,50,326308,376798,0,2316,376798
fc1a1cd2d37a9100a80a496108f693ecebc59e14-dirty,3,editor,200,50,27,2558,326167,200,50,0,0,197,197,0,0,197
fc1a1cd2d37a9100a80a496108f693ecebc59e14-dirty,3,editor,200,50,28,4610,326167,200,50,1,1,5779,360,0,1,360
fc1a1cd2d37a9100a80a496108f693ecebc59e14-dirty,3,editor,200,50,29,4707,326484,200,50,4,1,6096,852,0,4,852
fc1a1cd2d37a9100a80a496108f693ecebc59e14-dirty,3,editor,200,50,30,4850,326167,200,50,4,1,5779,852,0,4,852
fc1a1cd2d37a9100a80a496108f693ecebc59e14-dirty,3,editor,200,50,31,4952,326167,200,50,1,1,5779,360,0,1,360
fc1a1cd2d37a9100a80a496108f693ecebc59e14-dirty,3,editor,200,50,32,5048,326167,200,50,1,1,5779,360,0,1,360
fc1a1cd2d37a9100a80a496108f693ecebc59e14-dirty,3,editor,200,50,33,5151,326167,200,50,1,1,5779,360,0,1,360
fc1a1cd2d37a9100a80a496108f693ecebc59e14-dirty,3,editor,200,50,34,5206,326167,200,50,1,1,5779,360,0,1,360
fc1a1cd2d37a9100a80a496108f693ecebc59e14-dirty,3,editor,200,50,35,5351,326167,200,50,1,1,5779,360,0,1,360
fc1a1cd2d37a9100a80a496108f693ecebc59e14-dirty,3,editor,200,50,36,5452,326326,200,50,4,1,5938,852,0,4,852
fc1a1cd2d37a9100a80a496108f693ecebc59e14-dirty,3,editor,200,50,37,5507,326168,200,50,1,1,5780,361,0,1,361
fc1a1cd2d37a9100a80a496108f693ecebc59e14-dirty,3,editor,200,50,38,5650,326327,200,50,1,1,5939,361,0,1,361
fc1a1cd2d37a9100a80a496108f693ecebc59e14-dirty,3,editor,200,50,39,5753,326327,200,50,1,1,5939,361,0,1,361
fc1a1cd2d37a9100a80a496108f693ecebc59e14-dirty,3,editor,200,50,40,5808,326327,200,50,1,1,5939,361,0,1,361
fc1a1cd2d37a9100a80a496108f693ecebc59e14-dirty,3,editor,200,50,41,5910,326327,200,50,1,1,5939,361,0,1,361
fc1a1cd2d37a9100a80a496108f693ecebc59e14-dirty,3,editor,200,50,42,6007,326327,200,50,1,1,5939,361,0,1,361
fc1a1cd2d37a9100a80a496108f693ecebc59e14-dirty,3,editor,200,50,43,6149,326327,200,50,1,1,5939,361,0,1,361
fc1a1cd2d37a9100a80a496108f693ecebc59e14-dirty,3,editor,200,50,44,6252,326327,200,50,1,1,5939,361,0,1,361
fc1a1cd2d37a9100a80a496108f693ecebc59e14-dirty,3,editor,200,50,45,6307,326327,200,50,1,1,5939,361,0,1,361
fc1a1cd2d37a9100a80a496108f693ecebc59e14-dirty,3,editor,200,50,46,6451,326327,200,50,2,1,5939,525,0,2,525
fc1a1cd2d37a9100a80a496108f693ecebc59e14-dirty,3,editor,200,50,47,6512,326646,200,50,1,1,6258,362,0,1,362
fc1a1cd2d37a9100a80a496108f693ecebc59e14-dirty,3,editor,200,50,48,6517,326327,200,50,2,1,5939,525,0,2,525
fc1a1cd2d37a9100a80a496108f693ecebc59e14-dirty,3,editor,200,50,49,6650,326168,200,50,1,1,5780,361,0,1,361
fc1a1cd2d37a9100a80a496108f693ecebc59e14-dirty,3,editor,200,50,50,6706,326327,200,50,1,1,5939,361,0,1,361
fc1a1cd2d37a9100a80a496108f693ecebc59e14-dirty,3,editor,200,50,51,6808,326327,200,50,1,1,5939,361,0,1,361
fc1a1cd2d37a9100a80a496108f693ecebc59e14-dirty,3,editor,200,50,52,6952,326327,200,50,1,1,5939,361,0,1,361
fc1a1cd2d37a9100a80a496108f693ecebc59e14-dirty,3,editor,200,50,53,7007,326327,200,50,1,1,5939,361,0,1,361
fc1a1cd2d37a9100a80a496108f693ecebc59e14-dirty,3,editor,200,50,54,7150,326644,200,50,4,1,6256,853,0,4,853
fc1a1cd2d37a9100a80a496108f693ecebc59e14-dirty,3,editor,200,50,55,7210,326327,200,50,4,1,5939,853,0,4,853
fc1a1cd2d37a9100a80a496108f693ecebc59e14-dirty,3,editor,200,50,56,7307,326327,200,50,1,1,5939,361,0,1,361
fc1a1cd2d37a9100a80a496108f693ecebc59e14-dirty,3,editor,200,50,57,7450,326327,200,50,2,1,5939,525,0,2,525
fc1a1cd2d37a9100a80a496108f693ecebc59e14-dirty,3,editor,200,50,58,7511,326327,200,50,1,1,5939,361,0,1,361
fc1a1cd2d37a9100a80a496108f693ecebc59e14-dirty,3,editor,200,50,59,7646,175917,200,50,2240,49,175565,364596,0,2240,364596
fc1a1cd2d37a9100a80a496108f693ecebc59e14-dirty,3,editor,200,50,60,7748,176235,200,50,4,1,6574,853,0,4,853
fc1a1cd2d37a9100a80a496108f693ecebc59e14-dirty,3,editor,200,50,61,7849,175917,200,50,4,1,6256,853,0,4,853
fc1a1cd2d37a9100a80a496108f693ecebc59e14-dirty,3,editor,200,50,62,7904,176235,200,50,4,1,6574,853,0,4,853
fc1a1cd2d37a9100a80a496108f693ecebc59e14-dirty,3,editor,200,50,63,8047,175917,200,50,4,1,6256,853,0,4,853
fc1a1cd2d37a9100a80a496108f693ecebc59e14-dirty,3,editor,200,50,64,8107,175917,200,50,1,1,6256,361,0,1,361
fc1a1cd2d37a9100a80a496108f693ecebc59e14-dirty,3,editor,200,50,65,8250,176235,200,50,4,1,6574,853,0,4,853
fc1a1cd2d37a9100a80a496108f693ecebc59e14-dirty,3,editor,200,50,66,8345,175758,200,50,5,1,6097,1017,0,5,1017
fc1a1cd2d37a9100a80a496108f693ecebc59e14-dirty,3,editor,200,50,67,8448,175758,200,50,1,1,6097,361,0,1,361
fc1a1cd2d37a9100a80a496108f693ecebc59e14-dirty,3,editor,200,50,68,8507,175758,200,50,1,1,6097,361,0,1,361
fc1a1cd2d37a9100a80a496108f693ecebc59e14-dirty,3,editor,200,50,69,8649,175599,200,50,1,1,5938,361,0,1,361
fc1a1cd2d37a9100a80a496108f693ecebc59e14-dirty,3,editor,200,50,70,8705,175917,200,50,1,1,6256,361,0,1,361
fc1a1cd2d37a9100a80a496108f693ecebc59e14-dirty,3,editor,200,50,71,8809,326167,200,50,2241,49,325815,364754,0,2241,364754
fc1a1cd2d37a9100a80a496108f693ecebc59e14-dirty,3,editor,200,50,72,8953,326485,200,50,1,1,6097,360,0,1,360
fc1a1cd2d37a9100a80a496108f693ecebc59e14-dirty,3,editor,200,50,73,9008,326644,200,50,1,1,6256,360,0,1,360
fc1a1cd2d37a9100a80a496108f693ecebc59e14-dirty,3,editor,200,50,74,9110,326327,200,50,6,1,5939,1181,0,6,1181
fc1a1cd2d37a9100a80a496108f693ecebc59e14-dirty,3,editor,200,50,75,9213,326646,200,50,1,1,6258,362,0,1,362
fc1a1cd2d37a9100a80a496108f693ecebc59e14-dirty,3,editor,200,50,76,9217,316298,200,50,1021,29,114501,166491,0,1021,166491
fc1a1cd2d37a9100a80a496108f693ecebc59e14-dirty,3,editor,200,50,77,9310,316457,200,50,2,2,3558,523,0,2,523
fc1a1cd2d37a9100a80a496108f693ecebc59e14-dirty,3,editor,200,50,78,9406,316457,200,50,1,1,3224,361,0,1,361
fc1a1cd2d37a9100a80a496108f693ecebc59e14-dirty,3,editor,200,50,79,9550,316775,200,50,2,2,3876,523,0,2,523
fc1a1cd2d37a9100a80a496108f693ecebc59e14-dirty,3,editor,200,50,80,9610,316934,200,50,2,2,4035,523,0,2,523
fc1a1cd2d37a9100a80a496108f693ecebc59e14-dirty,3,editor,200,50,81,9748,317093,200,50,2,2,4194,523,0,2,523
fc1a1cd2d37a9100a80a496108f693ecebc59e14-dirty,3,editor,200,50,82,9809,317093,200,50,1,1,3224,361,0,1,361
fc1a1cd2d37a9100a80a496108f693ecebc59e14-dirty,3,editor,200,50,83,9951,317411,200,50,2,2,4512,523,0,2,523
fc1a1cd2d37a9100a80a496108f693ecebc59e14-dirty,3,editor,200,50,84,10007,317570,200,50,2,2,4671,523,0,2,523
fc1a1cd2d37a9100a80a496108f693ecebc59e14-dirty,3,editor,200,50,85,10151,317887,200,50,3,2,4988,687,0,3,687
fc1a1cd2d37a9100a80a496108f693ecebc59e14-dirty,3,editor,200,50,86,10211,317888,200,50,2,2,4989,524,0,2,524
fc1a1cd2d37a9100a80a496108f693ecebc59e14-dirty,3,editor,200,50,87,10349,318047,200,50,1,1,3383,362,0,1,362
fc1a1cd2d37a9100a80a496108f693ecebc59e14-dirty,3,editor,200,50,88,10410,318365,200,50,2,2,5466,525,0,2,525
fc1a1cd2d37a9100a80a496108f693ecebc59e14-dirty,3,editor,200,50,89,10548,318524,200,50,2,2,5625,525,0,2,525
fc1a1cd2d37a9100a80a496108f693ecebc59e14-dirty,3,editor,200,50,90,10650,318683,200,50,2,2,5784,525,0,2,525
fc1a1cd2d37a9100a80a496108f693ecebc59e14-dirty,3,editor,200,50,91,10752,318842,200,50,2,2,5943,525,0,2,525
fc1a1cd2d37a9100a80a496108f693ecebc59e14-dirty,3,editor,200,50,92,10807,319001,200,50,2,2,6102,525,0,2,525
fc1a1cd2d37a9100a80a496108f693ecebc59e14-dirty,3,editor,200,50,93,10909,319001,200,50,1,1,3383,362,0,1,362
fc1a1cd2d37a9100a80a496108f693ecebc59e14-dirty,3,editor,200,50,94,11052,319319,200,50,2,2,6420,525,0,2,525
fc1a1cd2d37a9100a80a496108f693ecebc59e14-dirty,3,editor,200,50,95,11148,319478,200,50,3,2,6579,689,0,3,689
fc1a1cd2d37a9100a80a496108f693ecebc59e14-dirty,3,editor,200,50,96,11251,319637,200,50,2,2,6738,525,0,2,525
fc1a1cd2d37a9100a80a496108f693ecebc59e14-dirty,3,editor,200,50,97,11352,319637,200,50,2,2,6738,525,0,2,525
fc1a1cd2d37a9100a80a496108f693ecebc59e14-dirty,3,editor,200,50,98,11408,319796,200,50,1,1,3383,362,0,1,362
fc1a1cd2d37a9100a80a496108f693ecebc59e14-dirty,3,editor,200,50,99,11511,320114,200,50,2,2,7215,525,0,2,525
fc1a1cd2d37a9100a80a496108f693ecebc59e14-dirty,3,editor,200,50,100,11649,320273,200,50,2,2,7374,525,0,2,525
fc1a1cd2d37a9100a80a496108f693ecebc59e14-dirty,3,editor,200,50,101,11709,320432,200,50,2,2,7533,525,0,2,525
fc1a1cd2d37a9100a80a496108f693ecebc59e14-dirty,3,editor,200,50,102,11853,320432,200,50,1,1,3383,362,0,1,362
fc1a1cd2d37a9100a80a496108f693ecebc59e14-dirty,3,editor,200,50,103,11949,320750,200,50,2,2,7851,525,0,2,525
fc1a1cd2d37a9100a80a496108f693ecebc59e14-dirty,3,editor,200,50,104,12010,320909,200,50,2,2,8010,525,0,2,525
fc1a1cd2d37a9100a80a496108f693ecebc59e14-dirty,3,editor,200,50,105,12148,321068,200,50,3,2,8169,689,0,3,689
fc1a1cd2d37a9100a80a496108f693ecebc59e14-dirty,3,editor,200,50,106,12208,321227,200,50,2,2,8328,525,0,2,525
fc1a1cd2d37a9100a80a496108f693ecebc59e14-dirty,3,editor,200,50,107,12352,321386,200,50,2,2,8487,525,0,2,525
fc1a1cd2d37a9100a80a496108f693ecebc59e14-dirty,3,editor,200,50,108,12449,321386,200,50,2,2,8487,525,0,2,525
fc1a1cd2d37a9100a80a496108f693ecebc59e14-dirty,3,editor,200,50,109,12550,321545,200,50,1,1,3383,362,0,1,362
fc1a1cd2d37a9100a80a496108f693ecebc59e14-dirty,3,editor,200,50,110,12611,321863,200,50,2,2,8964,525,0,2,525
fc1a1cd2d37a9100a80a496108f693ecebc59e14-dirty,3,editor,200,50,111,12708,322022,200,50,2,2,9123,525,0,2,525
fc1a1cd2d37a9100a80a496108f693ecebc59e14-dirty,3,editor,200,50,112,12850,322022,200,50,1,1,3383,362,0,1,362
fc1a1cd2d37a9100a80a496108f693ecebc59e14-dirty,3,editor,200,50,113,12953,322340,200,50,2,2,9441,525,0,2,525
fc1a1cd2d37a9100a80a496108f693ecebc59e14-dirty,3,editor,200,50,114,13049,322499,200,50,2,2,9600,525,0,2,525
fc1a1cd2d37a9100a80a496108f693ecebc59e14-dirty,3,editor,200,50,115,13110,322658,200,50,3,2,9759,689,0,3,689
fc1a1cd2d37a9100a80a496108f693ecebc59e14-dirty,3,editor,200,50,116,13207,322658,200,50,1,1,3383,362,0,1,362
fc1a1cd2d37a9100a80a496108f693ecebc59e14-dirty,3,editor,200,50,117,13309,322976,200,50,2,2,10077,525,0,2,525
fc1a1cd2d37a9100a80a496108f693ecebc59e14-dirty,3,editor,200,50,118,13452,323135,200,50,2,2,10236,525,0,2,525
fc1a1cd2d37a9100a80a496108f693ecebc59e14-dirty,3,editor,200,50,119,13550,323135,200,50,2,2,10236,525,0,2,525
fc1a1cd2d37a9100a80a496108f693ecebc59e14-dirty,3,editor,200,50,120,13610,323453,200,50,2,2,10554,525,0,2,525
fc1a1cd2d37a9100a80a496108f693ecebc59e14-dirty,3,editor,200,50,121,13707,323612,200,50,2,2,10713,525,0,2,525
fc1a1cd2d37a9100a80a496108f693ecebc59e14-dirty,3,editor,200,50,122,13850,323771,200,50,2,2,10872,525,0,2,525
fc1a1cd2d37a9100a80a496108f693ecebc59e14-dirty,3,editor,200,50,123,13936,321238,200,50,22,1,850,3784,0,22,3784
fc1a1cd2d37a9100a80a496108f693ecebc59e14-dirty,3,editor,200,50,124,14008,323771,200,50,22,1,3383,3772,0,22,3772
fc1a1cd2d37a9100a80a496108f693ecebc59e14-dirty,3,editor,200,50,125,14110,323930,200,50,3,2,11031,688,0,3,688
fc1a1cd2d37a9100a80a496108f693ecebc59e14-dirty,3,editor,200,50,126,14252,324089,200,50,3,2,11190,688,0,3,688
fc1a1cd2d37a9100a80a496108f693ecebc59e14-dirty,3,editor,200,50,127,14308,324248,200,50,3,2,11349,688,0,3,688
fc1a1cd2d37a9100a80a496108f693ecebc59e14-dirty,3,editor,200,50,128,14410,324407,200,50,4,2,11508,852,0,4,852
fc1a1cd2d37a9100a80a496108f693ecebc59e14-dirty,3,editor,200,50,129,14554,324566,200,50,3,2,11667,688,0,3,688
fc1a1cd2d37a9100a80a496108f693ecebc59e14-dirty,3,editor,200,50,130,14609,324725,200,50,3,2,11826,688,0,3,688
fc1a1cd2d37a9100a80a496108f693ecebc59e14-dirty,3,editor,200,50,131,14752,324884,200,50,3,2,11985,688,0,3,688
fc1a1cd2d37a9100a80a496108f693ecebc59e14-dirty,3,editor,200,50,132,14850,325043,200,50,3,2,12144,688,0,3,688
fc1a1cd2d37a9100a80a496108f693ecebc59e14-dirty,3,editor,200,50,133,14951,325043,200,50,3,2,12144,688,0,3,688
fc1a1cd2d37a9100a80a496108f693ecebc59e14-dirty,3,editor,200,50,134,15007,325361,200,50,3,2,12462,688,0,3,688
fc1a1cd2d37a9100a80a496108f693ecebc59e14-dirty,3,editor,200,50,135,15109,325520,200,50,3,2,12621,688,0,3,688
fc1a1cd2d37a9100a80a496108f693ecebc59e14-dirty,3,editor,200,50,136,15211,325679,200,50,3,2,12780,688,0,3,688
fc1a1cd2d37a9100a80a496108f693ecebc59e14-dirty,3,editor,200,50,137,15349,325838,200,50,3,2,12939,688,0,3,688
fc1a1cd2d37a9100a80a496108f693ecebc59e14-dirty,3,editor,200,50,138,15409,325997,200,50,4,2,13098,852,0,4,852
fc1a1cd2d37a9100a80a496108f693ecebc59e14-dirty,3,editor,200,50,139,15511,326156,200,50,3,2,13257,688,0,3,688
fc1a1cd2d37a9100a80a496108f693ecebc59e14-dirty,3,editor,200,50,140,15609,326315,200,50,3,2,13416,688,0,3,688
fc1a1cd2d37a9100a80a496108f693ecebc59e14-dirty,3,editor,200,50,141,15711,326474,200,50,3,2,13575,688,0,3,688
fc1a1cd2d37a9100a80a496108f693ecebc59e14-dirty,3,editor,200,50,142,15848,326633,200,50,3,2,13734,688,0,3,688
fc1a1cd2d37a9100a80a496108f693ecebc59e14-dirty,3,editor,200,50,143,15951,326792,200,50,3,2,13893,688,0,3,688
fc1a1cd2d37a9100a80a496108f693ecebc59e14-dirty,3,editor,200,50,144,16012,326792,200,50,3,2,13893,688,0,3,688
fc1a1cd2d37a9100a80a496108f693ecebc59e14-dirty,3,editor,200,50,145,16149,327110,200,50,3,2,14211,688,0,3,688
fc1a1cd2d37a9100a80a496108f693ecebc59e14-dirty,3,editor,200,50,146,16210,327269,200,50,3,2,14370,688,0,3,688
fc1a1cd2d37a9100a80a496108f693ecebc59e14-dirty,3,editor,200,50,147,16312,327428,200,50,3,2,14529,688,0,3,688
fc1a1cd2d37a9100a80a496108f693ecebc59e14-dirty,3,editor,200,50,148,16409,327587,200,50,4,2,14688,852,0,4,852
fc1a1cd2d37a9100a80a496108f693ecebc59e14-dirty,3,editor,200,50,149,16511,327746,200,50,3,2,14847,688,0,3,688
fc1a1cd2d37a9100a80a496108f693ecebc59e14-dirty,3,editor,200,50,150,16649,327905,200,50,3,2,15006,688,0,3,688
fc1a1cd2d37a9100a80a496108f693ecebc59e14-dirty,3,editor,200,50,151,16710,328064,200,50,3,2,15165,688,0,3,688
fc1a1cd2d37a9100a80a496108f693ecebc59e14-dirty,3,editor,200,50,152,16836,325531,200,50,22,1,850,3784,0,22,3784
fc1a1cd2d37a9100a80a496108f693ecebc59e14-dirty,3,editor,200,50,153,16950,327438,200,50,61,2,14539,10143,0,61,10143
fc1a1cd2d37a9100a80a496108f693ecebc59e14-dirty,3,editor,200,50,154,17010,327756,200,50,1035,29,125959,168783,0,1035,168783
fc1a1cd2d37a9100a80a496108f693ecebc59e14-dirty,3,editor,200,50,155,17153,327597,200,50,1,1,7209,361,0,1,361
fc1a1cd2d37a9100a80a496108f693ecebc59e14-dirty,3,editor,200,50,156,17251,327756,200,50,1,1,7368,361,0,1,361
fc1a1cd2d37a9100a80a496108f693ecebc59e14-dirty,3,editor,200,50,157,17311,327756,200,50,1,1,7368,361,0,1,361
fc1a1cd2d37a9100a80a496108f693ecebc59e14-dirty,3,editor,200,50,158,17408,327756,200,50,1,1,7368,361,0,1,361
fc1a1cd2d37a9100a80a496108f693ecebc59e14-dirty,3,editor,200,50,159,17510,327756,200,50,1,1,7368,361,0,1,361
fc1a1cd2d37a9100a80a496108f693ecebc59e14-dirty,3,editor,200,50,160,17653,328073,200,50,4,1,7685,853,0,4,853
fc1a1cd2d37a9100a80a496108f693ecebc59e14-dirty,3,editor,200,50,161,17750,327756,200,50,4,1,7368,853,0,4,853
fc1a1cd2d37a9100a80a496108f693ecebc59e14-dirty,3,editor,200,50,162,17851,327756,200,50,1,1,7368,361,0,1,361
fc1a1cd2d37a9100a80a496108f693ecebc59e14-dirty,3,editor,200,50,163,17912,327756,200,50,2,1,7368,525,0,2,525
fc1a1cd2d37a9100a80a496108f693ecebc59e14-dirty,3,editor,200,50,164,18009,327756,200,50,1,1,7368,361,0,1,361
fc1a1cd2d37a9100a80a496108f693ecebc59e14-dirty,3,editor,200,50,165,18152,327756,200,50,1,1,7368,361,0,1,361
fc1a1cd2d37a9100a80a496108f693ecebc59e14-dirty,3,editor,200,50,166,18208,327597,200,50,1,1,7209,361,0,1,361
fc1a1cd2d37a9100a80a496108f693ecebc59e14-dirty,3,editor,200,50,167,18310,327756,200,50,1,1,7368,361,0,1,361
fc1a1cd2d37a9100a80a496108f693ecebc59e14-dirty,3,editor,200,50,168,18411,327756,200,50,1,1,7368,361,0,1,361
fc1a1cd2d37a9100a80a496108f693ecebc59e14-dirty,3,editor,200,50,169,18551,327756,200,50,1,1,7368,361,0,1,361
fc1a1cd2d37a9100a80a496108f693ecebc59e14-dirty,3,editor,200,50,170,18612,327756,200,50,1,1,7368,361,0,1,361
fc1a1cd2d37a9100a80a496108f693ecebc59e14-dirty,3,editor,200,50,171,18749,327756,200,50,1,1,7368,361,0,1,361
fc1a1cd2d37a9100a80a496108f693ecebc59e14-dirty,3,editor,200,50,172,18810,327756,200,50,1,1,7368,361,0,1,361
fc1a1cd2d37a9100a80a496108f693ecebc59e14-dirty,3,editor,200,50,173,18912,327756,200,50,2,1,7368,525,0,2,525
fc1a1cd2d37a9100a80a496108f693ecebc59e14-dirty,3,editor,200,50,174,19009,327756,200,50,1,1,7368,361,0,1,361
fc1a1cd2d37a9100a80a496108f693ecebc59e14-dirty,3,editor,200,50,175,19111,328074,200,50,1,1,7686,361,0,1,361
fc1a1cd2d37a9100a80a496108f693ecebc59e14-dirty,3,editor,200,50,176,19208,329187,200,50,325,10,47898,53123,0,325,53123
fc1a1cd2d37a9100a80a496108f693ecebc59e14-dirty,3,editor,200,50,177,19351,329505,200,50,1,1,2121,361,0,1,361
fc1a1cd2d37a9100a80a496108f693ecebc59e14-dirty,3,editor,200,50,178,19452,328710,200,50,302,10,47421,49385,0,302,49385
fc1a1cd2d37a9100a80a496108f693ecebc59e14-dirty,3,editor,200,50,179,19508,329028,200,50,1,1,2121,361,0,1,361
fc1a1cd2d37a9100a80a496108f693ecebc59e14-dirty,3,editor,200,50,180,19610,323464,200,50,273,10,42175,44666,0,273,44666
fc1a1cd2d37a9100a80a496108f693ecebc59e14-dirty,3,editor,200,50,181,19753,325044,200,50,13,1,3383,2295,0,13,2295
fc1a1cd2d37a9100a80a496108f693ecebc59e14-dirty,3,editor,200,50,182,19850,325203,200,50,2,2,3876,523,0,2,523
fc1a1cd2d37a9100a80a496108f693ecebc59e14-dirty,3,editor,200,50,183,19911,325362,200,50,2,2,4035,523,0,2,523
fc1a1cd2d37a9100a80a496108f693ecebc59e14-dirty,3,editor,200,50,184,20050,325521,200,50,2,2,4194,523,0,2,523
fc1a1cd2d37a9100a80a496108f693ecebc59e14-dirty,3,editor,200,50,185,20151,325521,200,50,1,1,3383,361,0,1,361
fc1a1cd2d37a9100a80a496108f693ecebc59e14-dirty,3,editor,200,50,186,20212,325839,200,50,2,2,4512,523,0,2,523
fc1a1cd2d37a9100a80a496108f693ecebc59e14-dirty,3,editor,200,50,187,20349,325998,200,50,2,2,4671,523,0,2,523
fc1a1cd2d37a9100a80a496108f693ecebc59e14-dirty,3,editor,200,50,188,20452,326157,200,50,2,2,4830,523,0,2,523
fc1a1cd2d37a9100a80a496108f693ecebc59e14-dirty,3,editor,200,50,189,20553,326315,200,50,2,1,3541,525,0,2,525
fc1a1cd2d37a9100a80a496108f693ecebc59e14-dirty,3,editor,200,50,190,20651,326475,200,50,2,2,5148,524,0,2,524
fc1a1cd2d37a9100a80a496108f693ecebc59e14-dirty,3,editor,200,50,191,20753,326793,200,50,2,2,5466,525,0,2,525
fc1a1cd2d37a9100a80a496108f693ecebc59e14-dirty,3,editor,200,50,192,20850,326793,200,50,1,1,3542,362,0,1,362
fc1a1cd2d37a9100a80a496108f693ecebc59e14-dirty,3,editor,200,50,193,20911,327111,200,50,2,2,5784,525,0,2,525
fc1a1cd2d37a9100a80a496108f693ecebc59e14-dirty,3,editor,200,50,194,21053,327270,200,50,2,2,5943,525,0,2,525
fc1a1cd2d37a9100a80a496108f693ecebc59e14-dirty,3,editor,200,50,195,21109,327429,200,50,2,2,6102,525,0,2,525
fc1a1cd2d37a9100a80a496108f693ecebc59e14-dirty,3,editor,200,50,196,21252,327588,200,50,2,2,6261,525,0,2,525
fc1a1cd2d37a9100a80a496108f693ecebc59e14-dirty,3,editor,200,50,197,21349,327588,200,50,1,1,3542,362,0,1,362
fc1a1cd2d37a9100a80a496108f693ecebc59e14-dirty,3,editor,200,50,198,21452,327906,200,50,2,2,6579,525,0,2,525
fc1a1cd2d37a9100a80a496108f693ecebc59e14-dirty,3,editor,200,50,199,21512,328065,200,50,3,2,6738,689,0,3,689
fc1a1cd2d37a9100a80a496108f693ecebc59e14-dirty,3,editor,200,50,200,21651,328224,200,50,2,2,6897,525,0,2,525
fc1a1cd2d37a9100a80a496108f693ecebc59e14-dirty,3,editor,200,50,201,21711,328224,200,50,2,2,6897,525,0,2,525
fc1a1cd2d37a9100a80a496108f693ecebc59e14-dirty,3,editor,200,50,202,21839,325213,200,50,20,1,372,3456,0,20,3456
fc1a1cd2d37a9100a80a496108f693ecebc59e14-dirty,3,editor,200,50,203,21843,325691,200,50,2,1,850,526,0,2,526
fc1a1cd2d37a9100a80a496108f693ecebc59e14-dirty,3,editor,200,50,204,21953,326961,200,50,11,1,2120,2001,0,11,2001
fc1a1cd2d37a9100a80a496108f693ecebc59e14-dirty,3,editor,200,50,205,22008,326803,200,50,4,1,1962,854,0,4,854
fc1a1cd2d37a9100a80a496108f693ecebc59e14-dirty,3,editor,200,50,206,22110,326644,200,50,1,1,1803,362,0,1,362
fc1a1cd2d37a9100a80a496108f693ecebc59e14-dirty,3,editor,200,50,207,22212,326803,200,50,1,1,1962,362,0,1,362
fc1a1cd2d37a9100a80a496108f693ecebc59e14-dirty,3,editor,200,50,208,22350,326803,200,50,1,1,1962,362,0,1,362
fc1a1cd2d37a9100a80a496108f693ecebc59e14-dirty,3,editor,200,50,209,22451,326803,200,50,1,1,1962,362,0,1,362
fc1a1cd2d37a9100a80a496108f693ecebc59e14-dirty,3,editor,200,50,210,22554,326803,200,50,1,1,1962,362,0,1,362
fc1a1cd2d37a9100a80a496108f693ecebc59e14-dirty,3,editor,200,50,211,22610,326803,200,50,1,1,1962,362,0,1,362
fc1a1cd2d37a9100a80a496108f693ecebc59e14-dirty,3,editor,200,50,212,22753,324578,200,50,2062,50,324719,335578,1,226,37143
fc1a1cd2d37a9100a80a496108f693ecebc59e14-dirty,3,editor,200,50,213,22808,315674,200,50,1987,50,315815,323354,1,225,36979
fc1a1cd2d37a9100a80a496108f693ecebc59e14-dirty,3,editor,200,50,214,22910,320285,200,50,1931,50,320426,314235,1,229,37631
fc1a1cd2d37a9100a80a496108f693ecebc59e14-dirty,3,editor,200,50,215,23012,313289,200,50,1891,50,313430,307708,1,226,37142
fc1a1cd2d37a9100a80a496108f693ecebc59e14-dirty,3,editor,200,50,216,23109,310427,200,50,1853,50,310568,301510,1,215,35350
fc1a1cd2d37a9100a80a496108f693ecebc59e14-dirty,3,editor,200,50,217,23210,299137,200,50,1792,50,299278,291634,1,208,34208
fc1a1cd2d37a9100a80a496108f693ecebc59e14-dirty,3,editor,200,50,218,23353,290074,200,50,1732,50,290215,281837,1,207,34044
fc1a1cd2d37a9100a80a496108f693ecebc59e14-dirty,3,editor,200,50,219,23408,281805,200,50,1686,50,281946,274315,1,206,33882
fc1a1cd2d37a9100a80a496108f693ecebc59e14-dirty,3,editor,200,50,220,23551,284510,200,50,1704,50,284651,277237,1,270,44308
fc1a1cd2d37a9100a80a496108f693ecebc59e14-dirty,3,editor,200,50,221,23607,284829,200,50,1,1,2123,363,0,1,363
fc1a1cd2d37a9100a80a496108f693ecebc59e14-dirty,3,editor,200,50,222,23614,281648,200,50,1721,50,281789,280036,1,242,39748
fc1a1cd2d37a9100a80a496108f693ecebc59e14-dirty,3,editor,200,50,223,23752,286580,200,50,1754,50,286721,285452,1,281,46110
fc1a1cd2d37a9100a80a496108f693ecebc59e14-dirty,3,editor,200,50,224,23812,274973,200,50,1757,50,275114,285977,1,213,35020
fc1a1cd2d37a9100a80a496108f693ecebc59e14-dirty,3,editor,200,50,225,23908,264161,200,50,1699,50,264302,276541,1,222,36490
fc1a1cd2d37a9100a80a496108f693ecebc59e14-dirty,3,editor,200,50,226,24051,250804,200,50,1639,50,250945,266769,1,208,34208
fc1a1cd2d37a9100a80a496108f693ecebc59e14-dirty,3,editor,200,50,227,24153,237607,200,50,1564,50,237748,254582,1,207,34044
fc1a1cd2d37a9100a80a496108f693ecebc59e14-dirty,3,editor,200,50,228,24207,224568,200,50,1562,50,224709,254226,1,206,33882
fc1a1cd2d37a9100a80a496108f693ecebc59e14-dirty,3,editor,200,50,229,24309,218369,200,50,1528,50,218510,248750,1,249,40885
fc1a1cd2d37a9100a80a496108f693ecebc59e14-dirty,3,editor,200,50,230,24451,214553,200,50,1490,50,214694,242554,1,236,38769
fc1a1cd2d37a9100a80a496108f693ecebc59e14-dirty,3,editor,200,50,231,24512,214872,200,50,1,1,2123,363,0,1,363
fc1a1cd2d37a9100a80a496108f693ecebc59e14-dirty,3,editor,200,50,232,24516,209783,200,50,1472,50,209924,239597,1,224,36817
fc1a1cd2d37a9100a80a496108f693ecebc59e14-dirty,3,editor,200,50,233,24649,205649,200,50,1472,50,205790,239547,1,227,37305
fc1a1cd2d37a9100a80a496108f693ecebc59e14-dirty,3,editor,200,50,234,24710,201833,200,50,1475,50,201974,240025,1,229,37631
fc1a1cd2d37a9100a80a496108f693ecebc59e14-dirty,3,editor,200,50,235,24806,202152,200,50,1,1,2123,363,0,1,363
fc1a1cd2d37a9100a80a496108f693ecebc59e14-dirty,3,editor,200,50,236,24812,197063,200,50,1446,50,197204,235316,1,226,37143
fc1a1cd2d37a9100a80a496108f693ecebc59e14-dirty,3,editor,200,50,237,24908,195789,200,50,8,1,530,1507,0,8,1507
fc1a1cd2d37a9100a80a496108f693ecebc59e14-dirty,3,editor,200,50,238,25010,195948,200,50,1,1,689,359,0,1,359
fc1a1cd2d37a9100a80a496108f693ecebc59e14-dirty,3,editor,200,50,239,25149,196107,200,50,1,1,848,359,0,1,359
fc1a1cd2d37a9100a80a496108f693ecebc59e14-dirty,3,editor,200,50,240,25249,177502,200,50,1564,50,177643,254402,0,1564,254402
fc1a1cd2d37a9100a80a496108f693ecebc59e14-dirty,1,pager,200,50,1,5,177820,200,50,1,1,849,360,0,1,360
fc1a1cd2d37a9100a80a496108f693ecebc59e14-dirty,1,pager,200,50,2,46,177979,200,50,1,1,1008,360,0,1,360
fc1a1cd2d37a9100a80a496108f693ecebc59e14-dirty,1,pager,200,50,3,88,178138,200,50,1,1,1167,360,0,1,360
fc1a1cd2d37a9100a80a496108f693ecebc59e14-dirty,1,pager,200,50,4,124,178138,200,50,1,1,1167,360,0,1,360
fc1a1cd2d37a9100a80a496108f693ecebc59e14-dirty,1,pager,200,50,5,205,178138,200,50,0,0,199,199,0,0,199
fc1a1cd2d37a9100a80a496108f693ecebc59e14-dirty,1,pager,200,50,6,208,178456,200,50,1,1,1485,360,0,1,360
fc1a1cd2d37a9100a80a496108f693ecebc59e14-dirty,1,pager,200,50,7,284,178615,200,50,1,1,1644,360,0,1,360
fc1a1cd2d37a9100a80a496108f693ecebc59e14-dirty,1,pager,200,50,8,287,178775,200,50,1,1,1804,361,0,1,361
fc1a1cd2d37a9100a80a496108f693ecebc59e14-dirty,1,pager,200,50,9,366,178934,200,50,1,1,1963,362,0,1,362
fc1a1cd2d37a9100a80a496108f693ecebc59e14-dirty,1,pager,200,50,10,369,179093,200,50,1,1,2122,362,0,1,362
fc1a1cd2d37a9100a80a496108f693ecebc59e14-dirty,1,pager,200,50,11,448,179252,200,50,1,1,2281,362,0,1,362
fc1a1cd2d37a9100a80a496108f693ecebc59e14-dirty,1,pager,200,50,12,451,179411,200,50,1,1,2440,362,0,1,362
fc1a1cd2d37a9100a80a496108f693ecebc59e14-dirty,1,pager,200,50,13,525,179570,200,50,1,1,2599,362,0,1,362
fc1a1cd2d37a9100a80a496108f693ecebc59e14-dirty,1,pager,200,50,14,528,179729,200,50,1,1,2758,362,0,1,362
fc1a1cd2d37a9100a80a496108f693ecebc59e14-dirty,1,pager,200,50,15,566,179888,200,50,1,1,2917,362,0,1,362
fc1a1cd2d37a9100a80a496108f693ecebc59e14-dirty,1,pager,200,50,16,651,325974,200,50,2281,50,326115,371066,0,2281,371066
fc1a1cd2d37a9100a80a496108f693ecebc59e14-dirty,1,pager,200,50,17,1650,322508,200,50,2123,50,322649,345501,1,248,40712
fc1a1cd2d37a9100a80a496108f693ecebc59e14-dirty,1,pager,200,50,18,1727,313604,200,50,2042,49,313411,332313,1,219,35992
fc1a1cd2d37a9100a80a496108f693ecebc59e14-dirty,1,pager,200,50,19,1732,317262,200,50,1988,49,317069,323522,1,220,36157
fc1a1cd2d37a9100a80a496108f693ecebc59e14-dirty,1,pager,200,50,20,1770,310107,200,50,1950,49,309914,317321,1,219,35992
fc1a1cd2d37a9100a80a496108f693ecebc59e14-dirty,1,pager,200,50,21,1846,309153,200,50,1892,49,308960,307862,1,219,35992
fc1a1cd2d37a9100a80a496108f693ecebc59e14-dirty,1,pager,200,50,22,1851,302475,200,50,1842,49,302282,299781,1,223,36644
fc1a1cd2d37a9100a80a496108f693ecebc59e14-dirty,1,pager,200,50,23,1889,296910,200,50,1801,49,296717,293083,1,220,36155
fc1a1cd2d37a9100a80a496108f693ecebc59e14-dirty,1,pager,200,50,24,1967,290073,200,50,1774,49,289880,288655,1,209,34363
fc1a1cd2d37a9100a80a496108f693ecebc59e14-dirty,1,pager,200,50,25,1972,282282,200,50,1739,49,282089,282944,1,202,33222
fc1a1cd2d37a9100a80a496108f693ecebc59e14-dirty,1,pager,200,50,26,2008,273696,200,50,1696,49,273503,275972,1,201,33060
fc1a1cd2d37a9100a80a496108f693ecebc59e14-dirty,1,pager,200,50,27,2086,266700,200,50,1652,49,266507,268838,1,201,33060
fc1a1cd2d37a9100a80a496108f693ecebc59e14-dirty,1,pager,200,50,28,2091,264633,200,50,1639,49,264440,266750,1,262,42995
fc1a1cd2d37a9100a80a496108f693ecebc59e14-dirty,1,pager,200,50,29,2169,257160,200,50,1628,49,256967,264970,1,235,38597
fc1a1cd2d37a9100a80a496108f693ecebc59e14-dirty,1,pager,200,50,30,2173,255573,200,50,1630,49,255380,265306,1,275,45123
fc1a1cd2d37a9100a80a496108f693ecebc59e14-dirty,1,pager,200,50,31,2205,243648,200,50,1631,49,243455,265505,1,207,34033
fc1a1cd2d37a9100a80a496108f693ecebc59e14-dirty,1,pager,200,50,32,2287,232836,200,50,1643,49,232643,267426,1,216,35503
fc1a1cd2d37a9100a80a496108f693ecebc59e14-dirty,1,pager,200,50,33,2291,219957,200,50,1584,49,219764,257880,1,202,33222
fc1a1cd2d37a9100a80a496108f693ecebc59e14-dirty,1,pager,200,50,34,2365,210894,200,50,1512,49,210701,246152,1,201,33060
fc1a1cd2d37a9100a80a496108f693ecebc59e14-dirty,1,pager,200,50,35,2369,203421,200,50,1465,49,203228,238471,1,201,33060
fc1a1cd2d37a9100a80a496108f693ecebc59e14-dirty,1,pager,200,50,36,2406,203262,200,50,1500,49,203069,244118,1,241,39572
fc1a1cd2d37a9100a80a496108f693ecebc59e14-dirty,1,pager,200,50,37,2447,201036,200,50,1533,49,200843,249476,1,230,37782
fc1a1cd2d37a9100a80a496108f693ecebc59e14-dirty,1,pager,200,50,38,2488,195948,200,50,1527,49,195755,248511,1,217,35666
fc1a1cd2d37a9100a80a496108f693ecebc59e14-dirty,1,pager,200,50,39,2566,188952,200,50,1481,49,188759,241038,1,221,36318
fc1a1cd2d37a9100a80a496108f693ecebc59e14-dirty,1,pager,200,50,40,2571,192132,200,50,1425,49,191939,231948,1,223,36644
fc1a1cd2d37a9100a80a496108f693ecebc59e14-dirty,1,pager,200,50,41,2647,189429,200,50,1396,49,189236,227248,1,219,35992
fc1a1cd2d37a9100a80a496108f693ecebc59e14-dirty,1,pager,200,50,42,2652,192291,200,50,1365,49,192098,222223,1,219,35992
fc1a1cd2d37a9100a80a496108f693ecebc59e14-dirty,1,pager,200,50,43,2684,194835,200,50,1386,49,194642,225624,1,214,35174
fc1a1cd2d37a9100a80a496108f693ecebc59e14-dirty,1,pager,200,50,44,2766,186570,200,50,1343,49,186377,218634,1,219,35995
fc1a1cd2d37a9100a80a496108f693ecebc59e14-dirty,1,pager,200,50,45,2770,178461,200,50,1297,49,178268,211159,1,207,34033
fc1a1cd2d37a9100a80a496108f693ecebc59e14-dirty,1,pager,200,50,46,2844,181641,200,50,1278,49,181448,208096,1,234,38437
fc1a1cd2d37a9100a80a496108f693ecebc59e14-dirty,1,pager,200,50,47,2847,179570,200,50,1294,49,179377,210697,1,202,33222
fc1a1cd2d37a9100a80a496108f693ecebc59e14-dirty,1,pager,200,50,48,2885,176866,200,50,1279,49,176673,208247,1,201,33060
fc1a1cd2d37a9100a80a496108f693ecebc59e14-dirty,1,pager,200,50,49,2926,172095,200,50,1252,49,171902,203821,1,201,33060
fc1a1cd2d37a9100a80a496108f693ecebc59e14-dirty,1,pager,200,50,50,3008,185292,200,50,1300,49,185099,211612,1,278,45603
fc1a1cd2d37a9100a80a496108f693ecebc59e14-dirty,1,pager,200,50,51,3012,187677,200,50,1364,49,187484,222050,1,228,37456
fc1a1cd2d37a9100a80a496108f693ecebc59e14-dirty,1,pager,200,50,52,3045,199446,200,50,1426,49,199253,232124,1,276,45286
fc1a1cd2d37a9100a80a496108f693ecebc59e14-dirty,1,pager,200,50,53,3127,199764,200,50,1484,49,199571,241550,1,220,36152
fc1a1cd2d37a9100a80a496108f693ecebc59e14-dirty,1,pager,200,50,54,3131,198336,200,50,1476,49,198143,240270,1,242,39744
fc1a1cd2d37a9100a80a496108f693ecebc59e14-dirty,1,pager,200,50,55,3204,199449,200,50,1472,49,199256,239627,1,207,34033
fc1a1cd2d37a9100a80a496108f693ecebc59e14-dirty,1,pager,200,50,56,3208,202632,200,50,1495,49,202439,243395,1,242,39744
fc1a1cd2d37a9100a80a496108f693ecebc59e14-dirty,1,pager,200,50,57,3245,202632,200,50,1516,49,202439,246812,1,202,33222
fc1a1cd2d37a9100a80a496108f693ecebc59e14-dirty,1,pager,200,50,58,3286,198657,200,50,1498,49,198464,243879,1,201,33060
fc1a1cd2d37a9100a80a496108f693ecebc59e14-dirty,1,pager,200,50,59,3368,189753,200,50,1447,49,189560,235601,1,201,33060
fc1a1cd2d37a9100a80a496108f693ecebc59e14-dirty,1,pager,200,50,60,3372,198657,200,50,1442,49,198464,234835,1,250,41039
fc1a1cd2d37a9100a80a496108f693ecebc59e14-dirty,1,pager,200,50,61,3405,203427,200,50,1491,49,203234,242796,1,228,37456
fc1a1cd2d37a9100a80a496108f693ecebc59e14-dirty,1,pager,200,50,62,3487,206133,200,50,1514,49,205940,246580,1,270,44308
fc1a1cd2d37a9100a80a496108f693ecebc59e14-dirty,1,pager,200,50,63,3491,204702,200,50,1539,49,204509,250683,1,207,34033
fc1a1cd2d37a9100a80a496108f693ecebc59e14-dirty,1,pager,200,50,64,3528,205182,200,50,1547,49,204989,252012,1,237,38929
fc1a1cd2d37a9100a80a496108f693ecebc59e14-dirty,1,pager,200,50,65,3569,198186,200,50,1547,49,197993,252045,1,202,33222
fc1a1cd2d37a9100a80a496108f693ecebc59e14-dirty,1,pager,200,50,66,3605,191031,200,50,1546,49,190838,251883,1,201,33060
fc1a1cd2d37a9100a80a496108f693ecebc59e14-dirty,1,pager,200,50,67,3646,187374,200,50,1520,49,187181,247610,1,201,33060
fc1a1cd2d37a9100a80a496108f693ecebc59e14-dirty,1,pager,200,50,68,3687,193574,200,50,1553,49,193381,252937,1,255,41854
fc1a1cd2d37a9100a80a496108f693ecebc59e14-dirty,1,pager,200,50,69,3765,192302,200,50,1585,49,192109,258089,1,213,35011
fc1a1cd2d37a9100a80a496108f693ecebc59e14-dirty,1,pager,200,50,70,3769,195641,200,50,1628,49,195448,265020,1,243,39904
fc1a1cd2d37a9100a80a496108f693ecebc59e14-dirty,1,pager,200,50,71,3846,198026,200,50,1651,49,197833,268771,1,241,39579
fc1a1cd2d37a9100a80a496108f693ecebc59e14-dirty,1,pager,200,50,72,3850,194528,200,50,1672,49,194335,272197,1,202,33222
fc1a1cd2d37a9100a80a496108f693ecebc59e14-dirty,1,pager,200,50,73,3888,192938,200,50,1652,49,192745,268957,1,201,33060
fc1a1cd2d37a9100a80a496108f693ecebc59e14-dirty,1,pager,200,50,74,3966,192620,200,50,1644,49,192427,267662,1,201,33060
fc1a1cd2d37a9100a80a496108f693ecebc59e14-dirty,1,pager,200,50,75,3970,202796,200,50,1701,49,202603,276907,1,259,42506
fc1a1cd2d37a9100a80a496108f693ecebc59e14-dirty,1,pager,200,50,76,4007,210269,200,50,1760,49,210076,286478,1,241,39575
fc1a1cd2d37a9100a80a496108f693ecebc59e14-dirty,1,pager,200,50,77,4088,204068,200,50,1739,49,203875,283091,1,228,37456
fc1a1cd2d37a9100a80a496108f693ecebc59e14-dirty,1,pager,200,50,78,4092,210272,200,50,1752,49,210079,285274,1,276,45286
fc1a1cd2d37a9100a80a496108f693ecebc59e14-dirty,1,pager,200,50,79,4125,199775,200,50,1752,49,199582,285341,1,207,34033
fc1a1cd2d37a9100a80a496108f693ecebc59e14-dirty,1,pager,200,50,80,4207,205025,200,50,1719,49,204832,280036,1,242,39744
fc1a1cd2d37a9100a80a496108f693ecebc59e14-dirty,1,pager,200,50,81,4212,202799,200,50,1744,49,202606,284124,1,202,33222
fc1a1cd2d37a9100a80a496108f693ecebc59e14-dirty,1,pager,200,50,82,4249,202640,200,50,1730,49,202447,281837,1,201,33060
fc1a1cd2d37a9100a80a496108f693ecebc59e14-dirty,1,pager,200,50,83,4326,202481,200,50,1729,49,202288,281656,1,201,33060
fc1a1cd2d37a9100a80a496108f693ecebc59e14-dirty,1,pager,200,50,84,4330,213293,200,50,1789,49,213100,291408,1,261,42832
fc1a1cd2d37a9100a80a496108f693ecebc59e14-dirty,1,pager,200,50,85,4367,210113,200,50,1808,49,209920,294511,1,221,36315
fc1a1cd2d37a9100a80a496108f693ecebc59e14-dirty,1,pager,200,50,86,4408,206297,200,50,1790,49,206104,291586,1,207,34037
fc1a1cd2d37a9100a80a496108f693ecebc59e14-dirty,1,pager,200,50,87,4449,205025,200,50,1763,49,204832,287216,1,207,34037
fc1a1cd2d37a9100a80a496108f693ecebc59e14-dirty,1,pager,200,50,88,4485,203117,200,50,1758,49,202924,286406,1,207,34037
fc1a1cd2d37a9100a80a496108f693ecebc59e14-dirty,1,pager,200,50,89,4527,200891,200,50,1752,49,200698,285357,1,207,34037
fc1a1cd2d37a9100a80a496108f693ecebc59e14-dirty,1,pager,200,50,90,4568,199301,200,50,1749,49,199108,284795,1,207,34037
fc1a1cd2d37a9100a80a496108f693ecebc59e14-dirty,1,pager,200,50,91,4645,197870,200,50,1753,49,197677,285373,1,208,34199
fc1a1cd2d37a9100a80a496108f693ecebc59e14-dirty,1,pager,200,50,92,4649,196757,200,50,1733,49,196564,282062,1,208,34199
fc1a1cd2d37a9100a80a496108f693ecebc59e14-dirty,1,pager,200,50,93,4727,195323,200,50,1714,49,195130,278943,1,208,34199
fc1a1cd2d37a9100a80a496108f693ecebc59e14-dirty,1,pager,200,50,94,4731,195482,200,50,1695,49,195289,275827,1,208,34199
fc1a1cd2d37a9100a80a496108f693ecebc59e14-dirty,1,pager,200,50,95,4768,191348,200,50,1661,49,191155,270281,1,208,34199
fc1a1cd2d37a9100a80a496108f693ecebc59e14-dirty,1,pager,200,50,96,4810,192620,200,50,1629,49,192427,265059,1,208,34199
fc1a1cd2d37a9100a80a496108f693ecebc59e14-dirty,1,pager,200,50,97,4886,194051,200,50,1629,49,193858,265060,1,208,34199
fc1a1cd2d37a9100a80a496108f693ecebc59e14-dirty,1,pager,200,50,98,4891,195641,200,50,1631,49,195448,265386,1,208,34199
fc1a1cd2d37a9100a80a496108f693ecebc59e14-dirty,1,pager,200,50,99,4968,183716,200,50,1555,49,183523,253034,1,208,34199
fc1a1cd2d37a9100a80a496108f693ecebc59e14-dirty,1,pager,200,50,100,4972,180377,200,50,1479,49,180184,240682,1,208,34199
fc1a1cd2d37a9100a80a496108f693ecebc59e14-dirty,1,pager,200,50,101,5005,169880,200,50,1405,49,169687,228626,1,208,34199
fc1a1cd2d37a9100a80a496108f693ecebc59e14-dirty,1,pager,200,50,102,5087,169880,200,50,1350,49,169687,219669,1,221,36319
fc1a1cd2d37a9100a80a496108f693ecebc59e14-dirty,1,pager,200,50,103,5091,163676,200,50,1328,49,163483,216087,1,203,33384
fc1a1cd2d37a9100a80a496108f693ecebc59e14-dirty,1,pager,200,50,104,5169,166538,200,50,1309,49,166345,212996,1,226,37129
fc1a1cd2d37a9100a80a496108f693ecebc59e14-dirty,1,pager,200,50,105,5173,160016,200,50,1291,49,159823,210099,1,201,33060
fc1a1cd2d37a9100a80a496108f693ecebc59e14-dirty,1,pager,200,50,106,5205,159698,200,50,1250,49,159505,203459,1,201,33060
fc1a1cd2d37a9100a80a496108f693ecebc59e14-dirty,1,pager,200,50,107,5246,170828,200,50,1312,49,170635,213505,1,264,43321
fc1a1cd2d37a9100a80a496108f693ecebc59e14-dirty,1,pager,200,50,108,5288,183713,200,50,1394,49,183520,226816,1,277,45449
fc1a1cd2d37a9100a80a496108f693ecebc59e14-dirty,1,pager,200,50,109,5365,178307,200,50,1420,49,178114,231061,1,222,36481
fc1a1cd2d37a9100a80a496108f693ecebc59e14-dirty,1,pager,200,50,110,5369,173855,200,50,1392,49,173662,226509,1,202,33222
fc1a1cd2d37a9100a80a496108f693ecebc59e14-dirty,1,pager,200,50,111,5447,163676,200,50,1326,49,163483,215778,1,206,33870
fc1a1cd2d37a9100a80a496108f693ecebc59e14-dirty,1,pager,200,50,112,5451,162404,200,50,1260,49,162211,205089,1,201,33060
fc1a1cd2d37a9100a80a496108f693ecebc59e14-dirty,1,pager,200,50,113,5488,156518,200,50,1222,49,156325,198934,1,201,33060
fc1a1cd2d37a9100a80a496108f693ecebc59e14-dirty,1,pager,200,50,114,5525,164786,200,50,1235,49,164593,201025,1,250,41039
fc1a1cd2d37a9100a80a496108f693ecebc59e14-dirty,1,pager,200,50,115,5607,179414,200,50,1328,49,179221,216119,1,289,47398
fc1a1cd2d37a9100a80a496108f693ecebc59e14-dirty,1,pager,200,50,116,5611,179573,200,50,1416,49,179380,230417,1,201,33060
fc1a1cd2d37a9100a80a496108f693ecebc59e14-dirty,1,pager,200,50,117,5689,169715,200,50,1362,49,169522,221601,1,201,33060
fc1a1cd2d37a9100a80a496108f693ecebc59e14-dirty,1,pager,200,50,118,5693,174803,200,50,1351,49,174610,219784,1,243,39898
fc1a1cd2d37a9100a80a496108f693ecebc59e14-dirty,1,pager,200,50,119,5766,175439,200,50,1354,49,175246,220273,1,247,40552
fc1a1cd2d37a9100a80a496108f693ecebc59e14-dirty,1,pager,200,50,120,5770,168602,200,50,1358,49,168409,220921,1,201,33060
fc1a1cd2d37a9100a80a496108f693ecebc59e14-dirty,1,pager,200,50,121,5807,168284,200,50,1318,49,168091,214441,1,201,33060
fc1a1cd2d37a9100a80a496108f693ecebc59e14-dirty,1,pager,200,50,122,5885,176234,200,50,1362,49,176041,221607,1,246,40387
fc1a1cd2d37a9100a80a496108f693ecebc59e14-dirty,1,pager,200,50,123,5888,180845,200,50,1408,49,180652,229037,1,228,37457
fc1a1cd2d37a9100a80a496108f693ecebc59e14-dirty,1,pager,200,50,124,5966,175121,200,50,1380,49,174928,224477,1,227,37297
fc1a1cd2d37a9100a80a496108f693ecebc59e14-dirty,1,pager,200,50,125,5970,172895,200,50,1329,49,172702,216212,1,231,37949
fc1a1cd2d37a9100a80a496108f693ecebc59e14-dirty,1,pager,200,50,126,6008,179255,200,50,1331,49,179062,216583,1,266,43654
fc1a1cd2d37a9100a80a496108f693ecebc59e14-dirty,1,pager,200,50,127,6085,167327,200,50,1320,49,167134,214865,1,201,33060
fc1a1cd2d37a9100a80a496108f693ecebc59e14-dirty,1,pager,200,50,128,6089,165896,200,50,1243,49,165703,202394,1,201,33060
fc1a1cd2d37a9100a80a496108f693ecebc59e14-dirty,1,pager,200,50,129,6126,172094,200,50,1273,49,171901,207317,1,274,44950
fc1a1cd2d37a9100a80a496108f693ecebc59e14-dirty,1,pager,200,50,130,6208,177818,200,50,1305,49,177625,212559,1,235,38597
fc1a1cd2d37a9100a80a496108f693ecebc59e14-dirty,1,pager,200,50,131,6212,179726,200,50,1334,49,179533,217285,1,212,34851
fc1a1cd2d37a9100a80a496108f693ecebc59e14-dirty,1,pager,200,50,132,6245,180044,200,50,1345,49,179851,219075,1,202,33222
fc1a1cd2d37a9100a80a496108f693ecebc59e14-dirty,1,pager,200,50,133,6327,181793,200,50,1357,49,181600,221094,1,274,44954
fc1a1cd2d37a9100a80a496108f693ecebc59e14-dirty,1,pager,200,50,134,6331,177977,200,50,1370,49,177784,223274,1,202,33222
fc1a1cd2d37a9100a80a496108f693ecebc59e14-dirty,1,pager,200,50,135,6410,177977,200,50,1355,49,177784,220848,1,207,34033
fc1a1cd2d37a9100a80a496108f693ecebc59e14-dirty,1,pager,200,50,136,6413,179408,200,50,1373,49,179215,223778,1,218,35829
fc1a1cd2d37a9100a80a496108f693ecebc59e14-dirty,1,pager,200,50,137,6446,184655,200,50,1402,49,184462,228503,1,240,39413
fc1a1cd2d37a9100a80a496108f693ecebc59e14-dirty,1,pager,200,50,138,6487,189425,200,50,1440,49,189232,234692,1,238,39086
fc1a1cd2d37a9100a80a496108f693ecebc59e14-dirty,1,pager,200,50,139,6529,194831,200,50,1482,49,194638,241535,1,239,39252
fc1a1cd2d37a9100a80a496108f693ecebc59e14-dirty,1,pager,200,50,140,6570,193878,200,50,1511,49,193685,246268,1,204,33549
fc1a1cd2d37a9100a80a496108f693ecebc59e14-dirty,1,pager,200,50,141,6647,193878,200,50,1516,49,193685,247063,1,207,34037
fc1a1cd2d37a9100a80a496108f693ecebc59e14-dirty,1,pager,200,50,142,6651,192925,200,50,1521,49,192732,247858,1,204,33549
fc1a1cd2d37a9100a80a496108f693ecebc59e14-dirty,1,pager,200,50,143,6688,191812,200,50,1524,49,191619,248323,1,203,33384
fc1a1cd2d37a9100a80a496108f693ecebc59e14-dirty,1,pager,200,50,144,6729,191176,200,50,1527,49,190983,248787,1,206,33873
fc1a1cd2d37a9100a80a496108f693ecebc59e14-dirty,1,pager,200,50,145,6807,191018,200,50,1537,49,190825,250417,1,209,34364
fc1a1cd2d37a9100a80a496108f693ecebc59e14-dirty,1,pager,200,50,146,6811,194043,200,50,1568,49,193850,255412,1,230,37790
fc1a1cd2d37a9100a80a496108f693ecebc59e14-dirty,1,pager,200,50,147,6888,197383,200,50,1596,49,197190,259897,1,232,38113
fc1a1cd2d37a9100a80a496108f693ecebc59e14-dirty,1,pager,200,50,148,6892,200087,200,50,1618,49,199894,263410,1,228,37461
fc1a1cd2d37a9100a80a496108f693ecebc59e14-dirty,1,pager,200,50,149,6966,198975,200,50,1644,49,198782,267629,1,202,33223
fc1a1cd2d37a9100a80a496108f693ecebc59e14-dirty,1,pager,200,50,150,6970,199771,200,50,1655,49,199578,269422,1,215,35342
fc1a1cd2d37a9100a80a496108f693ecebc59e14-dirty,1,pager,200,50,151,7008,196432,200,50,1648,49,196239,268298,1,202,33222
fc1a1cd2d37a9100a80a496108f693ecebc59e14-dirty,1,pager,200,50,152,7049,197386,200,50,1632,49,197193,265709,1,207,34033
fc1a1cd2d37a9100a80a496108f693ecebc59e14-dirty,1,pager,200,50,153,7126,202156,200,50,1663,49,201963,270738,1,254,41697
fc1a1cd2d37a9100a80a496108f693ecebc59e14-dirty,1,pager,200,50,154,7130,202315,200,50,1691,49,202122,275237,1,202,33222
fc1a1cd2d37a9100a80a496108f693ecebc59e14-dirty,1,pager,200,50,155,7208,202474,200,50,1692,49,202281,275311,1,201,33060
fc1a1cd2d37a9100a80a496108f693ecebc59e14-dirty,1,pager,200,50,156,7212,191185,200,50,1629,49,190992,265113,1,201,33060
fc1a1cd2d37a9100a80a496108f693ecebc59e14-dirty,1,pager,200,50,157,7286,187522,200,50,1598,49,187329,260094,1,252,41365
fc1a1cd2d37a9100a80a496108f693ecebc59e14-dirty,1,pager,200,50,158,7290,185932,200,50,1574,49,185739,256204,1,211,34685
fc1a1cd2d37a9100a80a496108f693ecebc59e14-dirty,1,pager,200,50,159,7327,194677,200,50,1612,49,194484,262370,1,257,42186
fc1a1cd2d37a9100a80a496108f693ecebc59e14-dirty,1,pager,200,50,160,7369,206443,200,50,1677,49,206250,272974,1,279,45772
fc1a1cd2d37a9100a80a496108f693ecebc59e14-dirty,1,pager,200,50,161,7410,213121,200,50,1750,49,212928,284837,1,242,39742
fc1a1cd2d37a9100a80a496108f693ecebc59e14-dirty,1,pager,200,50,162,7446,213439,200,50,1791,49,213246,291473,1,202,33222
fc1a1cd2d37a9100a80a496108f693ecebc59e14-dirty,1,pager,200,50,163,7528,205012,200,50,1743,49,204819,283675,1,201,33060
fc1a1cd2d37a9100a80a496108f693ecebc59e14-dirty,1,pager,200,50,164,7533,190225,200,50,1649,49,190032,268447,1,201,33060
fc1a1cd2d37a9100a80a496108f693ecebc59e14-dirty,1,pager,200,50,165,7570,196426,200,50,1595,49,196233,259689,1,235,38594
fc1a1cd2d37a9100a80a496108f693ecebc59e14-dirty,1,pager,200,50,166,7606,201514,200,50,1631,49,201321,265484,1,229,37619
fc1a1cd2d37a9100a80a496108f693ecebc59e14-dirty,1,pager,200,50,167,7647,198493,200,50,1619,49,198300,263574,1,228,37459
fc1a1cd2d37a9100a80a496108f693ecebc59e14-dirty,1,pager,200,50,168,7688,195472,200,50,1582,49,195279,257528,1,230,37785
fc1a1cd2d37a9100a80a496108f693ecebc59e14-dirty,1,pager,200,50,169,7765,199924,200,50,1547,49,199731,251803,1,229,37622
fc1a1cd2d37a9100a80a496108f693ecebc59e14-dirty,1,pager,200,50,170,7769,201673,200,50,1572,49,201480,255848,1,209,34362
fc1a1cd2d37a9100a80a496108f693ecebc59e14-dirty,1,pager,200,50,171,7848,194041,200,50,1536,49,193848,250019,1,203,33384
fc1a1cd2d37a9100a80a496108f693ecebc59e14-dirty,1,pager,200,50,172,7852,192451,200,50,1505,49,192258,244944,1,217,35663
fc1a1cd2d37a9100a80a496108f693ecebc59e14-dirty,1,pager,200,50,173,7929,191815,200,50,1502,49,191622,244411,1,225,36970
fc1a1cd2d37a9100a80a496108f693ecebc59e14-dirty,1,pager,200,50,174,7933,190225,200,50,1508,49,190032,245392,1,223,36644
fc1a1cd2d37a9100a80a496108f693ecebc59e14-dirty,1,pager,200,50,175,8007,183865,200,50,1483,49,183672,241340,1,228,37459
fc1a1cd2d37a9100a80a496108f693ecebc59e14-dirty,1,pager,200,50,176,8011,187363,200,50,1435,49,187170,233553,1,222,36481
fc1a1cd2d37a9100a80a496108f693ecebc59e14-dirty,1,pager,200,50,177,8089,191338,200,50,1448,49,191145,235634,1,225,36970
fc1a1cd2d37a9100a80a496108f693ecebc59e14-dirty,1,pager,200,50,178,8093,182752,200,50,1385,49,182559,225404,1,227,37296
fc1a1cd2d37a9100a80a496108f693ecebc59e14-dirty,1,pager,200,50,179,8167,180844,200,50,1316,49,180651,214203,1,227,37296
fc1a1cd2d37a9100a80a496108f693ecebc59e14-dirty,1,pager,200,50,180,8171,183229,200,50,1296,49,183036,210970,1,228,37459
fc1a1cd2d37a9100a80a496108f693ecebc59e14-dirty,1,pager,200,50,181,8249,183229,200,50,1312,49,183036,213583,1,202,33222
fc1a1cd2d37a9100a80a496108f693ecebc59e14-dirty,1,pager,200,50,182,8253,170827,200,50,1241,49,170634,202081,1,201,33060
fc1a1cd2d37a9100a80a496108f693ecebc59e14-dirty,1,pager,200,50,183,8326,170509,200,50,1169,49,170316,190417,1,201,33060
fc1a1cd2d37a9100a80a496108f693ecebc59e14-dirty,1,pager,200,50,184,8330,177346,200,50,1210,49,177153,197090,1,247,40550
fc1a1cd2d37a9100a80a496108f693ecebc59e14-dirty,1,pager,200,50,185,8368,189112,200,50,1282,49,188919,208809,1,285,46748
fc1a1cd2d37a9100a80a496108f693ecebc59e14-dirty,1,pager,200,50,186,8409,182593,200,50,1336,49,182400,217608,1,201,33060
fc1a1cd2d37a9100a80a496108f693ecebc59e14-dirty,1,pager,200,50,187,8450,176392,200,50,1297,49,176199,211272,1,201,33060
fc1a1cd2d37a9100a80a496108f693ecebc59e14-dirty,1,pager,200,50,188,8486,184024,200,50,1333,49,183831,217153,1,281,46092
fc1a1cd2d37a9100a80a496108f693ecebc59e14-dirty,1,pager,200,50,189,8529,189270,200,50,1378,49,189077,224505,1,233,38271
fc1a1cd2d37a9100a80a496108f693ecebc59e14-dirty,1,pager,200,50,190,8609,193404,200,50,1401,49,193211,228247,1,232,38108
fc1a1cd2d37a9100a80a496108f693ecebc59e14-dirty,1,pager,200,50,191,8613,197378,200,50,1423,49,197185,231834,1,226,37130
fc1a1cd2d37a9100a80a496108f693ecebc59e14-dirty,1,pager,200,50,192,8646,203261,200,50,1457,49,203068,237321,1,239,39249
fc1a1cd2d37a9100a80a496108f693ecebc59e14-dirty,1,pager,200,50,193,8688,209780,200,50,1499,49,209587,244115,1,241,39578
fc1a1cd2d37a9100a80a496108f693ecebc59e14-dirty,1,pager,200,50,194,8729,210416,200,50,1527,49,210223,248689,1,213,35016
fc1a1cd2d37a9100a80a496108f693ecebc59e14-dirty,1,pager,200,50,195,8770,208982,200,50,1513,49,208789,246436,1,221,36320
fc1a1cd2d37a9100a80a496108f693ecebc59e14-dirty,1,pager,200,50,196,8806,207710,200,50,1505,49,207517,245111,1,226,37135
fc1a1cd2d37a9100a80a496108f693ecebc59e14-dirty,1,pager,200,50,197,8847,212482,200,50,1538,49,212289,250463,1,257,42189
fc1a1cd2d37a9100a80a496108f693ecebc59e14-dirty,1,pager,200,50,198,8888,213594,200,50,1569,49,213401,255479,1,207,34033
fc1a1cd2d37a9100a80a496108f693ecebc59e14-dirty,1,pager,200,50,199,8929,212957,200,50,1568,49,212764,255255,1,211,34688
fc1a1cd2d37a9100a80a496108f693ecebc59e14-dirty,1,pager,200,50,200,8971,213594,200,50,1563,49,213401,254375,1,206,33875
fc1a1cd2d37a9100a80a496108f693ecebc59e14-dirty,1,pager,200,50,201,9007,213118,200,50,1561,49,212925,254018,1,206,33875
fc1a1cd2d37a9100a80a496108f693ecebc59e14-dirty,1,pager,200,50,202,9088,205010,200,50,1506,49,204817,245112,1,206,33875
fc1a1cd2d37a9100a80a496108f693ecebc59e14-dirty,1,pager,200,50,203,9092,209463,200,50,1482,49,209270,241256,1,231,37950
fc1a1cd2d37a9100a80a496108f693ecebc59e14-dirty,1,pager,200,50,204,9130,213598,200,50,1495,49,213405,243344,1,228,37461
fc1a1cd2d37a9100a80a496108f693ecebc59e14-dirty,1,pager,200,50,205,9166,217415,200,50,1507,49,217222,245265,1,225,36972
fc1a1cd2d37a9100a80a496108f693ecebc59e14-dirty,1,pager,200,50,206,9248,208670,200,50,1481,49,208477,241055,1,203,33384
fc1a1cd2d37a9100a80a496108f693ecebc59e14-dirty,1,pager,200,50,207,9252,206921,200,50,1432,49,206728,233113,1,202,33222
fc1a1cd2d37a9100a80a496108f693ecebc59e14-dirty,1,pager,200,50,208,9289,198017,200,50,1374,49,197824,223711,1,201,33060
fc1a1cd2d37a9100a80a496108f693ecebc59e14-dirty,1,pager,200,50,209,9366,187205,200,50,1316,49,187012,214292,1,212,34845
fc1a1cd2d37a9100a80a496108f693ecebc59e14-dirty,1,pager,200,50,210,9370,186092,200,50,1265,49,185899,206049,1,236,38757
fc1a1cd2d37a9100a80a496108f693ecebc59e14-dirty,1,pager,200,50,211,9407,187523,200,50,1251,49,187330,203794,1,211,34682
fc1a1cd2d37a9100a80a496108f693ecebc59e14-dirty,1,pager,200,50,212,9489,191975,200,50,1270,49,191782,206866,1,229,37616
fc1a1cd2d37a9100a80a496108f693ecebc59e14-dirty,1,pager,200,50,213,9493,198653,200,50,1302,49,198460,212068,1,243,39898
fc1a1cd2d37a9100a80a496108f693ecebc59e14-dirty,1,pager,200,50,214,9526,192293,200,50,1310,49,192100,213389,1,201,33060
fc1a1cd2d37a9100a80a496108f693ecebc59e14-dirty,1,pager,200,50,215,9608,188795,200,50,1282,49,188602,208844,1,209,34356
fc1a1cd2d37a9100a80a496108f693ecebc59e14-dirty,1,pager,200,50,216,9612,187205,200,50,1268,49,187012,206575,1,216,35498
fc1a1cd2d37a9100a80a496108f693ecebc59e14-dirty,1,pager,200,50,217,9690,184820,200,50,1272,49,184627,207220,1,213,35008
fc1a1cd2d37a9100a80a496108f693ecebc59e14-dirty,1,pager,200,50,218,9694,182753,200,50,1271,49,182560,207059,1,215,35334
fc1a1cd2d37a9100a80a496108f693ecebc59e14-dirty,1,pager,200,50,219,9768,182276,200,50,1256,49,182083,204625,1,207,34032
fc1a1cd2d37a9100a80a496108f693ecebc59e14-dirty,1,pager,200,50,220,9771,183071,200,50,1251,49,182878,203791,1,208,34194
fc1a1cd2d37a9100a80a496108f693ecebc59e14-dirty,1,pager,200,50,221,9850,181799,200,50,1242,49,181606,202337,1,210,34519
fc1a1cd2d37a9100a80a496108f693ecebc59e14-dirty,1,pager,200,50,222,9854,179891,200,50,1223,49,179698,199268,1,213,35008
fc1a1cd2d37a9100a80a496108f693ecebc59e14-dirty,1,pager,200,50,223,9927,178460,200,50,1212,49,178267,197443,1,214,35171
fc1a1cd2d37a9100a80a496108f693ecebc59e14-dirty,1,pager,200,50,224,9931,175757,200,50,1204,49,175564,196060,1,212,34845
fc1a1cd2d37a9100a80a496108f693ecebc59e14-dirty,1,pager,200,50,225,10010,174644,200,50,1199,49,174451,195172,1,216,35497
fc1a1cd2d37a9100a80a496108f693ecebc59e14-dirty,1,pager,200,50,226,10013,170669,200,50,1201,49,170476,195502,1,201,33060
fc1a1cd2d37a9100a80a496108f693ecebc59e14-dirty,1,pager,200,50,227,10086,172895,200,50,1229,49,172702,199988,1,239,39247
fc1a1cd2d37a9100a80a496108f693ecebc59e14-dirty,1,pager,200,50,228,10090,173054,200,50,1251,49,172861,203496,1,226,37128
fc1a1cd2d37a9100a80a496108f693ecebc59e14-dirty,1,pager,200,50,229,10128,172100,200,50,1259,49,171907,204780,1,222,36476
fc1a1cd2d37a9100a80a496108f693ecebc59e14-dirty,1,pager,200,50,230,10210,176393,200,50,1253,49,176200,203802,1,227,37291
fc1a1cd2d37a9100a80a496108f693ecebc59e14-dirty,1,pager,200,50,231,10214,181163,200,50,1272,49,180970,206862,1,232,38106
fc1a1cd2d37a9100a80a496108f693ecebc59e14-dirty,1,pager,200,50,232,10247,181163,200,50,1303,49,180970,211862,1,201,33060
fc1a1cd2d37a9100a80a496108f693ecebc59e14-dirty,1,pager,200,50,233,10330,185935,200,50,1331,49,185742,216435,1,275,45116
fc1a1cd2d37a9100a80a496108f693ecebc59e14-dirty,1,pager,200,50,234,10334,180213,200,50,1313,49,180020,213582,1,253,41530
fc1a1cd2d37a9100a80a496108f693ecebc59e14-dirty,1,pager,200,50,235,10370,180054,200,50,1281,49,179861,208424,1,201,33060
fc1a1cd2d37a9100a80a496108f693ecebc59e14-dirty,1,pager,200,50,236,10407,184983,200,50,1307,49,184790,212599,1,227,37291
fc1a1cd2d37a9100a80a496108f693ecebc59e14-dirty,1,pager,200,50,237,10448,179736,200,50,1284,49,179543,208872,1,253,41531
fc1a1cd2d37a9100a80a496108f693ecebc59e14-dirty,1,pager,200,50,238,10489,180372,200,50,1251,49,180179,203570,1,238,39086
fc1a1cd2d37a9100a80a496108f693ecebc59e14-dirty,1,pager,200,50,239,10566,178623,200,50,1260,49,178430,205051,1,225,36966
fc1a1cd2d37a9100a80a496108f693ecebc59e14-dirty,1,pager,200,50,240,10570,180531,200,50,1267,49,180338,206212,1,236,38760
fc1a1cd2d37a9100a80a496108f693ecebc59e14-dirty,1,pager,200,50,241,10607,182759,200,50,1285,49,182566,209187,1,255,41862
fc1a1cd2d37a9100a80a496108f693ecebc59e14-dirty,1,pager,200,50,242,10689,175604,200,50,1293,49,175411,210510,1,202,33222
fc1a1cd2d37a9100a80a496108f693ecebc59e14-dirty,1,pager,200,50,243,10693,185304,200,50,1327,49,185111,216075,1,275,45118
fc1a1cd2d37a9100a80a496108f693ecebc59e14-dirty,1,pager,200,50,244,10731,194048,200,50,1384,49,193855,225367,1,275,45117
fc1a1cd2d37a9100a80a496108f693ecebc59e14-dirty,1,pager,200,50,245,10808,197545,200,50,1433,49,197352,233349,1,244,40064
fc1a1cd2d37a9100a80a496108f693ecebc59e14-dirty,1,pager,200,50,246,10812,194521,200,50,1422,49,194328,231603,1,239,39248
fc1a1cd2d37a9100a80a496108f693ecebc59e14-dirty,1,pager,200,50,247,10850,206128,200,50,1444,49,205935,235245,1,284,46583
fc1a1cd2d37a9100a80a496108f693ecebc59e14-dirty,1,pager,200,50,248,10927,204538,200,50,1515,49,204345,246817,1,201,33060
fc1a1cd2d37a9100a80a496108f693ecebc59e14-dirty,1,pager,200,50,249,10931,203583,200,50,1506,49,203390,245333,1,201,33060
fc1a1cd2d37a9100a80a496108f693ecebc59e14-dirty,1,pager,200,50,250,11009,211373,200,50,1552,49,211180,252797,1,250,41038
fc1a1cd2d37a9100a80a496108f693ecebc59e14-dirty,1,pager,200,50,251,11013,215983,200,50,1604,49,215790,261243,1,236,38759
fc1a1cd2d37a9100a80a496108f693ecebc59e14-dirty,1,pager,200,50,252,11051,216618,200,50,1611,49,216425,262375,1,234,38437
fc1a1cd2d37a9100a80a496108f693ecebc59e14-dirty,1,pager,200,50,253,11087,215345,200,50,1629,49,215152,265280,1,220,36155
fc1a1cd2d37a9100a80a496108f693ecebc59e14-dirty,1,pager,200,50,254,11128,211687,200,50,1636,49,211494,266422,1,201,33060
fc1a1cd2d37a9100a80a496108f693ecebc59e14-dirty,1,pager,200,50,255,11169,211210,200,50,1611,49,211017,262357,1,201,33060
fc1a1cd2d37a9100a80a496108f693ecebc59e14-dirty,1,pager,200,50,256,11246,220909,200,50,1665,49,220716,271139,1,257,42180
fc1a1cd2d37a9100a80a496108f693ecebc59e14-dirty,1,pager,200,50,257,11251,226633,200,50,1722,49,226440,280414,1,234,38434
fc1a1cd2d37a9100a80a496108f693ecebc59e14-dirty,1,pager,200,50,258,11288,233788,200,50,1763,49,233595,287105,1,255,41857
fc1a1cd2d37a9100a80a496108f693ecebc59e14-dirty,1,pager,200,50,259,11329,236014,200,50,1786,49,235821,290876,1,248,40716
fc1a1cd2d37a9100a80a496108f693ecebc59e14-dirty,1,pager,200,50,260,11412,242215,200,50,1803,49,242022,293667,1,249,40879
fc1a1cd2d37a9100a80a496108f693ecebc59e14-dirty,1,pager,200,50,261,11416,246508,200,50,1834,49,246315,298731,1,254,41694
fc1a1cd2d37a9100a80a496108f693ecebc59e14-dirty,1,pager,200,50,262,11448,239830,200,50,1854,49,239637,302016,1,201,33060
fc1a1cd2d37a9100a80a496108f693ecebc59e14-dirty,1,pager,200,50,263,11530,244441,200,50,1837,49,244248,299282,1,227,37293
fc1a1cd2d37a9100a80a496108f693ecebc59e14-dirty,1,pager,200,50,264,11534,246667,200,50,1856,49,246474,302379,1,226,37133
fc1a1cd2d37a9100a80a496108f693ecebc59e14-dirty,1,pager,200,50,265,11572,244123,200,50,1865,49,243930,303853,1,202,33222
fc1a1cd2d37a9100a80a496108f693ecebc59e14-dirty,1,pager,200,50,266,11649,241897,200,50,1849,49,241704,301231,1,201,33060
fc1a1cd2d37a9100a80a496108f693ecebc59e14-dirty,1,pager,200,50,267,11654,245713,200,50,1877,49,245520,305778,1,240,39411
fc1a1cd2d37a9100a80a496108f693ecebc59e14-dirty,1,pager,200,50,268,11691,244600,200,50,1906,49,244407,310495,1,201,33060
fc1a1cd2d37a9100a80a496108f693ecebc59e14-dirty,1,pager,200,50,269,11768,243328,200,50,1902,49,243135,309830,1,201,33060
fc1a1cd2d37a9100a80a496108f693ecebc59e14-dirty,1,pager,200,50,270,11772,246031,200,50,1922,49,245838,313073,1,227,37290
fc1a1cd2d37a9100a80a496108f693ecebc59e14-dirty,1,pager,200,50,271,11851,251119,200,50,1962,49,250926,319566,1,250,41041
fc1a1cd2d37a9100a80a496108f693ecebc59e14-dirty,1,pager,200,50,272,11855,249052,200,50,2008,49,248859,326986,1,201,33060
fc1a1cd2d37a9100a80a496108f693ecebc59e14-dirty,1,pager,200,50,273,11892,246985,200,50,1999,49,246792,325459,1,201,33060
fc1a1cd2d37a9100a80a496108f693ecebc59e14-dirty,1,pager,200,50,274,11970,255889,200,50,2059,49,255696,335196,1,273,44788
fc1a1cd2d37a9100a80a496108f693ecebc59e14-dirty,1,pager,200,50,275,11974,255889,200,50,2116,49,255696,344476,1,201,33060
fc1a1cd2d37a9100a80a496108f693ecebc59e14-dirty,1,pager,200,50,276,12011,256684,200,50,2121,49,256491,345271,1,244,40061
fc1a1cd2d37a9100a80a496108f693ecebc59e14-dirty,1,pager,200,50,277,12048,259864,200,50,2142,49,259671,348663,1,243,39901
fc1a1cd2d37a9100a80a496108f693ecebc59e14-dirty,1,pager,200,50,278,12131,257638,200,50,2165,49,257445,352388,1,208,34199
fc1a1cd2d37a9100a80a496108f693ecebc59e14-dirty,1,pager,200,50,279,12135,253504,200,50,2152,49,253311,350253,1,203,33384
fc1a1cd2d37a9100a80a496108f693ecebc59e14-dirty,1,pager,200,50,280,12208,257002,200,50,2183,49,256809,355266,1,253,41530
fc1a1cd2d37a9100a80a496108f693ecebc59e14-dirty,1,pager,200,50,281,12213,270201,200,50,2226,49,270008,362256,1,269,44141
fc1a1cd2d37a9100a80a496108f693ecebc59e14-dirty,1,pager,200,50,282,12250,258592,200,50,2220,49,258399,361280,1,208,34195
fc1a1cd2d37a9100a80a496108f693ecebc59e14-dirty,1,pager,200,50,283,12291,251753,200,50,2163,49,251560,351982,1,214,35177
fc1a1cd2d37a9100a80a496108f693ecebc59e14-dirty,1,pager,200,50,284,12332,253980,200,50,2128,49,253787,346265,1,215,35342
fc1a1cd2d37a9100a80a496108f693ecebc59e14-dirty,1,pager,200,50,285,12369,258274,200,50,2154,49,258081,350492,1,254,41699
fc1a1cd2d37a9100a80a496108f693ecebc59e14-dirty,1,pager,200,50,286,12451,249529,200,50,2151,49,249336,349987,1,203,33384
fc1a1cd2d37a9100a80a496108f693ecebc59e14-dirty,1,pager,200,50,287,12456,243328,200,50,2104,49,243135,342291,1,202,33222
fc1a1cd2d37a9100a80a496108f693ecebc59e14-dirty,1,pager,200,50,288,12528,239671,200,50,2067,49,239478,336302,1,201,33060
fc1a1cd2d37a9100a80a496108f693ecebc59e14-dirty,1,pager,200,50,289,12534,233152,200,50,2032,49,232959,330588,1,201,33060
fc1a1cd2d37a9100a80a496108f693ecebc59e14-dirty,1,pager,200,50,290,12570,233152,200,50,2024,49,232959,329284,1,249,40878
fc1a1cd2d37a9100a80a496108f693ecebc59e14-dirty,1,pager,200,50,291,12611,240148,200,50,2021,49,239955,328806,1,244,40064
fc1a1cd2d37a9100a80a496108f693ecebc59e14-dirty,1,pager,200,50,292,12647,231560,200,50,1989,49,231367,323631,1,219,35989
fc1a1cd2d37a9100a80a496108f693ecebc59e14-dirty,1,pager,200,50,293,12689,231719,200,50,1980,49,231526,322220,1,263,43164
fc1a1cd2d37a9100a80a496108f693ecebc59e14-dirty,1,pager,200,50,294,12730,225995,200,50,1971,49,225802,320824,1,208,34199
fc1a1cd2d37a9100a80a496108f693ecebc59e14-dirty,1,pager,200,50,295,12807,222975,200,50,1948,49,222782,317068,1,220,36157
fc1a1cd2d37a9100a80a496108f693ecebc59e14-dirty,1,pager,200,50,296,12811,210255,200,50,1887,49,210062,307152,1,202,33222
fc1a1cd2d37a9100a80a496108f693ecebc59e14-dirty,1,pager,200,50,297,12889,210414,200,50,1805,49,210221,293822,1,202,33222
fc1a1cd2d37a9100a80a496108f693ecebc59e14-dirty,1,pager,200,50,298,12893,222180,200,50,1867,49,221987,303874,1,264,43324
fc1a1cd2d37a9100a80a496108f693ecebc59e14-dirty,1,pager,200,50,299,12931,214866,200,50,1881,49,214673,306165,1,208,34195
fc1a1cd2d37a9100a80a496108f693ecebc59e14-dirty,1,pager,200,50,300,12972,211686,200,50,1847,49,211493,300628,1,216,35503
fc1a1cd2d37a9100a80a496108f693ecebc59e14-dirty,1,pager,200,50,301,13008,206598,200,50,1826,49,206405,297192,1,202,33222
fc1a1cd2d37a9100a80a496108f693ecebc59e14-dirty,1,pager,200,50,302,13049,203736,200,50,1795,49,203543,292145,1,201,33060
fc1a1cd2d37a9100a80a496108f693ecebc59e14-dirty,1,pager,200,50,303,13131,211686,200,50,1827,49,211493,297347,1,252,41365
fc1a1cd2d37a9100a80a496108f693ecebc59e14-dirty,1,pager,200,50,304,13135,219159,200,50,1853,49,218966,301561,1,249,40876
fc1a1cd2d37a9100a80a496108f693ecebc59e14-dirty,1,pager,200,50,305,13167,215979,200,50,1822,49,215786,296573,1,244,40061
fc1a1cd2d37a9100a80a496108f693ecebc59e14-dirty,1,pager,200,50,306,13209,219477,200,50,1804,49,219284,293668,1,263,43158
fc1a1cd2d37a9100a80a496108f693ecebc59e14-dirty,1,pager,200,50,307,13250,218682,200,50,1786,49,218489,290749,1,252,41365
fc1a1cd2d37a9100a80a496108f693ecebc59e14-dirty,1,pager,200,50,308,13327,215820,200,50,1763,49,215627,287052,1,235,38594
fc1a1cd2d37a9100a80a496108f693ecebc59e14-dirty,1,pager,200,50,309,13331,220908,200,50,1799,49,220715,292932,1,278,45606
fc1a1cd2d37a9100a80a496108f693ecebc59e14-dirty,1,pager,200,50,310,13368,212322,200,50,1826,49,212129,297331,1,202,33222
fc1a1cd2d37a9100a80a496108f693ecebc59e14-dirty,1,pager,200,50,311,13451,217092,200,50,1803,49,216899,293582,1,230,37780
fc1a1cd2d37a9100a80a496108f693ecebc59e14-dirty,1,pager,200,50,312,13455,214707,200,50,1806,49,214514,294093,1,215,35334
fc1a1cd2d37a9100a80a496108f693ecebc59e14-dirty,1,pager,200,50,313,13492,225042,200,50,1863,49,224849,303335,1,282,46257
fc1a1cd2d37a9100a80a496108f693ecebc59e14-dirty,1,pager,200,50,314,13528,236172,200,50,1917,49,235979,312087,1,269,44138
fc1a1cd2d37a9100a80a496108f693ecebc59e14-dirty,1,pager,200,50,315,13570,236490,200,50,1986,49,236297,323284,1,202,33222
fc1a1cd2d37a9100a80a496108f693ecebc59e14-dirty,1,pager,200,50,316,13611,231879,200,50,1958,49,231686,318708,1,211,34682
fc1a1cd2d37a9100a80a496108f693ecebc59e14-dirty,1,pager,200,50,317,13688,235854,200,50,1936,49,235661,315126,1,226,37127
fc1a1cd2d37a9100a80a496108f693ecebc59e14-dirty,1,pager,200,50,318,13693,239193,200,50,1952,49,239000,317726,1,222,36475
fc1a1cd2d37a9100a80a496108f693ecebc59e14-dirty,1,pager,200,50,319,13730,234741,200,50,1947,49,234548,316886,1,201,33060
fc1a1cd2d37a9100a80a496108f693ecebc59e14-dirty,1,pager,200,50,320,13812,234423,200,50,1941,49,234230,315882,1,243,39898
fc1a1cd2d37a9100a80a496108f693ecebc59e14-dirty,1,pager,200,50,321,13816,238239,200,50,1923,49,238046,312936,1,226,37127
fc1a1cd2d37a9100a80a496108f693ecebc59e14-dirty,1,pager,200,50,322,13889,238239,200,50,1948,49,238046,316987,1,201,33060
fc1a1cd2d37a9100a80a496108f693ecebc59e14-dirty,1,pager,200,50,323,13893,228540,200,50,1885,49,228347,306773,1,210,34519
fc1a1cd2d37a9100a80a496108f693ecebc59e14-dirty,1,pager,200,50,324,13972,228540,200,50,1822,49,228347,296524,1,201,33060
fc1a1cd2d37a9100a80a496108f693ecebc59e14-dirty,1,pager,200,50,325,13977,226791,200,50,1812,49,226598,294883,1,234,38431
fc1a1cd2d37a9100a80a496108f693ecebc59e14-dirty,1,pager,200,50,326,14008,219318,200,50,1798,49,219125,292645,1,201,33060
fc1a1cd2d37a9100a80a496108f693ecebc59e14-dirty,1,pager,200,50,327,14090,221385,200,50,1774,49,221192,288769,1,218,35823
fc1a1cd2d37a9100a80a496108f693ecebc59e14-dirty,1,pager,200,50,328,14094,226155,200,50,1798,49,225962,292685,1,232,38107
fc1a1cd2d37a9100a80a496108f693ecebc59e14-dirty,1,pager,200,50,329,14131,220590,200,50,1777,49,220397,289266,1,218,35825
fc1a1cd2d37a9100a80a496108f693ecebc59e14-dirty,1,pager,200,50,330,14167,211525,200,50,1727,49,211332,281137,1,225,36966
fc1a1cd2d37a9100a80a496108f693ecebc59e14-dirty,1,pager,200,50,331,14249,213274,200,50,1682,49,213081,273830,1,220,36151
fc1a1cd2d37a9100a80a496108f693ecebc59e14-dirty,1,pager,200,50,332,14253,211366,200,50,1685,49,211173,274268,1,201,33060
fc1a1cd2d37a9100a80a496108f693ecebc59e14-dirty,1,pager,200,50,333,14332,209139,200,50,1668,49,208946,271453,1,201,33060
fc1a1cd2d37a9100a80a496108f693ecebc59e14-dirty,1,pager,200,50,334,14336,202301,200,50,1628,49,202108,264954,1,213,35008
fc1a1cd2d37a9100a80a496108f693ecebc59e14-dirty,1,pager,200,50,335,14409,208661,200,50,1613,49,208468,262536,1,235,38597
fc1a1cd2d37a9100a80a496108f693ecebc59e14-dirty,1,pager,200,50,336,14413,215180,200,50,1654,49,214987,269218,1,240,39415
fc1a1cd2d37a9100a80a496108f693ecebc59e14-dirty,1,pager,200,50,337,14491,218519,200,50,1690,49,218326,275027,1,218,35829
fc1a1cd2d37a9100a80a496108f693ecebc59e14-dirty,1,pager,200,50,338,14496,224085,200,50,1727,49,223892,280994,1,236,38765
fc1a1cd2d37a9100a80a496108f693ecebc59e14-dirty,1,pager,200,50,339,14529,218360,200,50,1712,49,218167,278586,1,220,36157
fc1a1cd2d37a9100a80a496108f693ecebc59e14-dirty,1,pager,200,50,340,14569,211523,200,50,1681,49,211330,273577,1,203,33384
fc1a1cd2d37a9100a80a496108f693ecebc59e14-dirty,1,pager,200,50,341,14611,214862,200,50,1677,49,214669,272967,1,239,39252
fc1a1cd2d37a9100a80a496108f693ecebc59e14-dirty,1,pager,200,50,342,14652,202778,200,50,1648,49,202585,268258,1,201,33060
fc1a1cd2d37a9100a80a496108f693ecebc59e14-dirty,1,pager,200,50,343,14688,202460,200,50,1590,49,202267,258840,1,206,33873
fc1a1cd2d37a9100a80a496108f693ecebc59e14-dirty,1,pager,200,50,344,14770,208502,200,50,1626,49,208309,264705,1,256,42025
fc1a1cd2d37a9100a80a496108f693ecebc59e14-dirty,1,pager,200,50,345,14774,212001,200,50,1661,49,211808,270390,1,225,36972
fc1a1cd2d37a9100a80a496108f693ecebc59e14-dirty,1,pager,200,50,346,14811,213115,200,50,1684,49,212922,274108,1,209,34364
fc1a1cd2d37a9100a80a496108f693ecebc59e14-dirty,1,pager,200,50,347,14848,204848,200,50,1640,49,204655,266976,1,221,36320
fc1a1cd2d37a9100a80a496108f693ecebc59e14-dirty,1,pager,200,50,348,14889,203735,200,50,1597,49,203542,259955,1,202,33222
fc1a1cd2d37a9100a80a496108f693ecebc59e14-dirty,1,pager,200,50,349,14930,201668,200,50,1580,49,201475,257128,1,202,33222
fc1a1cd2d37a9100a80a496108f693ecebc59e14-dirty,1,pager,200,50,350,15011,201350,200,50,1565,49,201157,254671,1,201,33060
fc1a1cd2d37a9100a80a496108f693ecebc59e14-dirty,1,pager,200,50,351,15015,208346,200,50,1601,49,208153,260509,1,239,39249
fc1a1cd2d37a9100a80a496108f693ecebc59e14-dirty,1,pager,200,50,352,15089,203735,200,50,1589,49,203542,258524,1,220,36155
fc1a1cd2d37a9100a80a496108f693ecebc59e14-dirty,1,pager,200,50,353,15093,201828,200,50,1598,49,201635,259936,1,234,38439
fc1a1cd2d37a9100a80a496108f693ecebc59e14-dirty,1,pager,200,50,354,15171,195309,200,50,1606,49,195116,261195,1,202,33222
fc1a1cd2d37a9100a80a496108f693ecebc59e14-dirty,1,pager,200,50,355,15175,193560,200,50,1610,49,193367,261875,1,246,40393
fc1a1cd2d37a9100a80a496108f693ecebc59e14-dirty,1,pager,200,50,356,15208,190857,200,50,1609,49,190664,261729,1,234,38437
fc1a1cd2d37a9100a80a496108f693ecebc59e14-dirty,1,pager,200,50,357,15290,186087,200,50,1615,49,185894,262715,1,202,33222
fc1a1cd2d37a9100a80a496108f693ecebc59e14-dirty,1,pager,200,50,358,15294,173049,200,50,1535,49,172856,249741,1,201,33060
fc1a1cd2d37a9100a80a496108f693ecebc59e14-dirty,1,pager,200,50,359,15367,174639,200,50,1467,49,174446,238694,1,212,34847
fc1a1cd2d37a9100a80a496108f693ecebc59e14-dirty,1,pager,200,50,360,15371,176547,200,50,1475,49,176354,239998,1,237,38923
fc1a1cd2d37a9100a80a496108f693ecebc59e14-dirty,1,pager,200,50,361,15449,179568,200,50,1485,49,179375,241634,1,230,37785
fc1a1cd2d37a9100a80a496108f693ecebc59e14-dirty,1,pager,200,50,362,15453,173208,200,50,1442,49,173015,234709,1,246,40393
fc1a1cd2d37a9100a80a496108f693ecebc59e14-dirty,1,pager,200,50,363,15490,167007,200,50,1405,49,166814,228754,1,233,38274
fc1a1cd2d37a9100a80a496108f693ecebc59e14-dirty,1,pager,200,50,364,15531,168757,200,50,1369,49,168564,222928,1,212,34853
fc1a1cd2d37a9100a80a496108f693ecebc59e14-dirty,1,pager,200,50,365,15608,174164,200,50,1401,49,173971,228130,1,239,39254
fc1a1cd2d37a9100a80a496108f693ecebc59e14-dirty,1,pager,200,50,366,15612,172893,200,50,1424,49,172700,231880,1,220,36157
fc1a1cd2d37a9100a80a496108f693ecebc59e14-dirty,1,pager,200,50,367,15691,177664,200,50,1463,49,177471,238222,1,252,41373
fc1a1cd2d37a9100a80a496108f693ecebc59e14-dirty,1,pager,200,50,368,15695,179255,200,50,1490,49,179062,242623,1,211,34690
fc1a1cd2d37a9100a80a496108f693ecebc59e14-dirty,1,pager,200,50,369,15732,172896,200,50,1459,49,172703,237597,1,203,33386
fc1a1cd2d37a9100a80a496108f693ecebc59e14-dirty,1,pager,200,50,370,15809,170671,200,50,1438,49,170478,234182,1,212,34853
fc1a1cd2d37a9100a80a496108f693ecebc59e14-dirty,1,pager,200,50,371,15813,173215,200,50,1426,49,173022,232239,1,215,35340
fc1a1cd2d37a9100a80a496108f693ecebc59e14-dirty,1,pager,200,50,372,15891,172421,200,50,1430,49,172228,232907,1,206,33875
fc1a1cd2d37a9100a80a496108f693ecebc59e14-dirty,1,pager,200,50,373,15895,178146,200,50,1454,49,177953,236825,1,236,38765
fc1a1cd2d37a9100a80a496108f693ecebc59e14-dirty,1,pager,200,50,374,15968,175921,200,50,1455,49,175728,236991,1,220,36157
fc1a1cd2d37a9100a80a496108f693ecebc59e14-dirty,1,pager,200,50,375,15972,176239,200,50,1441,49,176046,234707,1,202,33222
fc1a1cd2d37a9100a80a496108f693ecebc59e14-dirty,1,pager,200,50,376,16009,173218,200,50,1425,49,173025,232086,1,202,33222
fc1a1cd2d37a9100a80a496108f693ecebc59e14-dirty,1,pager,200,50,377,16091,167971,200,50,1393,49,167778,226872,1,201,33060
fc1a1cd2d37a9100a80a496108f693ecebc59e14-dirty,1,pager,200,50,378,16095,175444,200,50,1417,49,175251,230781,1,256,42020
fc1a1cd2d37a9100a80a496108f693ecebc59e14-dirty,1,pager,200,50,379,16128,181327,200,50,1452,49,181134,236494,1,256,42020
fc1a1cd2d37a9100a80a496108f693ecebc59e14-dirty,1,pager,200,50,380,16210,188005,200,50,1484,49,187812,241699,1,254,41694
fc1a1cd2d37a9100a80a496108f693ecebc59e14-dirty,1,pager,200,50,381,16215,189754,200,50,1518,49,189561,247224,1,212,34847
fc1a1cd2d37a9100a80a496108f693ecebc59e14-dirty,1,pager,200,50,382,16288,200566,200,50,1576,49,200373,256669,1,259,42509
fc1a1cd2d37a9100a80a496108f693ecebc59e14-dirty,1,pager,200,50,383,16292,203428,200,50,1625,49,203235,264614,1,230,37785
fc1a1cd2d37a9100a80a496108f693ecebc59e14-dirty,1,pager,200,50,384,16370,201838,200,50,1593,49,201645,259393,1,230,37785
fc1a1cd2d37a9100a80a496108f693ecebc59e14-dirty,1,pager,200,50,385,16374,196909,200,50,1579,49,196716,257133,1,210,34525
fc1a1cd2d37a9100a80a496108f693ecebc59e14-dirty,1,pager,200,50,386,16447,195161,200,50,1555,49,194968,253238,1,210,34527
fc1a1cd2d37a9100a80a496108f693ecebc59e14-dirty,1,pager,200,50,387,16451,195320,200,50,1551,49,195127,252605,1,238,39091
fc1a1cd2d37a9100a80a496108f693ecebc59e14-dirty,1,pager,200,50,388,16530,204542,200,50,1593,49,204349,259483,1,278,45611
fc1a1cd2d37a9100a80a496108f693ecebc59e14-dirty,1,pager,200,50,389,16534,204383,200,50,1650,49,204190,268795,1,202,33222
fc1a1cd2d37a9100a80a496108f693ecebc59e14-dirty,1,pager,200,50,390,16612,199932,200,50,1624,49,199739,264558,1,212,34853
fc1a1cd2d37a9100a80a496108f693ecebc59e14-dirty,1,pager,200,50,391,16616,200250,200,50,1598,49,200057,260319,1,202,33222
fc1a1cd2d37a9100a80a496108f693ecebc59e14-dirty,1,pager,200,50,392,16648,209472,200,50,1656,49,209279,269742,1,264,43327
fc1a1cd2d37a9100a80a496108f693ecebc59e14-dirty,1,pager,200,50,393,16730,203747,200,50,1662,49,203554,270745,1,220,36155
fc1a1cd2d37a9100a80a496108f693ecebc59e14-dirty,1,pager,200,50,394,16734,202634,200,50,1627,49,202441,265048,1,216,35505
fc1a1cd2d37a9100a80a496108f693ecebc59e14-dirty,1,pager,200,50,395,16772,207086,200,50,1637,49,206893,266669,1,236,38765
fc1a1cd2d37a9100a80a496108f693ecebc59e14-dirty,1,pager,200,50,396,16849,206927,200,50,1653,49,206734,269262,1,220,36157
fc1a1cd2d37a9100a80a496108f693ecebc59e14-dirty,1,pager,200,50,397,16853,207086,200,50,1653,49,206893,269281,1,203,33384
fc1a1cd2d37a9100a80a496108f693ecebc59e14-dirty,1,pager,200,50,398,16890,207086,200,50,1654,49,206893,269434,1,202,33222
fc1a1cd2d37a9100a80a496108f693ecebc59e14-dirty,1,pager,200,50,399,16972,207086,200,50,1654,49,206893,269397,1,201,33060
fc1a1cd2d37a9100a80a496108f693ecebc59e14-dirty,1,pager,200,50,400,16976,207722,200,50,1656,49,207529,269722,1,241,39575
fc1a1cd2d37a9100a80a496108f693ecebc59e14-dirty,1,pager,200,50,401,17008,211697,200,50,1667,49,211504,271513,1,248,40719
fc1a1cd2d37a9100a80a496108f693ecebc59e14-dirty,1,pager,200,50,402,17091,206449,200,50,1679,49,206256,273461,1,202,33222
fc1a1cd2d37a9100a80a496108f693ecebc59e14-dirty,1,pager,200,50,403,17095,206131,200,50,1646,49,205938,268082,1,201,33060
fc1a1cd2d37a9100a80a496108f693ecebc59e14-dirty,1,pager,200,50,404,17132,208039,200,50,1651,49,207846,268896,1,251,41205
fc1a1cd2d37a9100a80a496108f693ecebc59e14-dirty,1,pager,200,50,405,17209,202792,200,50,1664,49,202599,271006,1,204,33546
fc1a1cd2d37a9100a80a496108f693ecebc59e14-dirty,1,pager,200,50,406,17213,211855,200,50,1681,49,211662,273757,1,255,41858
fc1a1cd2d37a9100a80a496108f693ecebc59e14-dirty,1,pager,200,50,407,17292,221236,200,50,1734,49,221043,282347,1,252,41368
fc1a1cd2d37a9100a80a496108f693ecebc59e14-dirty,1,pager,200,50,408,17296,226642,200,50,1771,49,226449,288381,1,240,39412
fc1a1cd2d37a9100a80a496108f693ecebc59e14-dirty,1,pager,200,50,409,17368,227437,200,50,1775,49,227244,289060,1,242,39737
fc1a1cd2d37a9100a80a496108f693ecebc59e14-dirty,1,pager,200,50,410,17373,225370,200,50,1778,49,225177,289573,1,220,36155
fc1a1cd2d37a9100a80a496108f693ecebc59e14-dirty,1,pager,200,50,411,17410,217897,200,50,1756,49,217704,286012,1,202,33222
fc1a1cd2d37a9100a80a496108f693ecebc59e14-dirty,1,pager,200,50,412,17451,212650,200,50,1714,49,212457,279174,1,201,33060
fc1a1cd2d37a9100a80a496108f693ecebc59e14-dirty,1,pager,200,50,413,17493,223938,200,50,1758,49,223745,286342,1,279,45769
fc1a1cd2d37a9100a80a496108f693ecebc59e14-dirty,1,pager,200,50,414,17529,225845,200,50,1797,49,225652,292717,1,253,41534
fc1a1cd2d37a9100a80a496108f693ecebc59e14-dirty,1,pager,200,50,415,17570,226640,200,50,1809,49,226447,294710,1,226,37135
fc1a1cd2d37a9100a80a496108f693ecebc59e14-dirty,1,pager,200,50,416,17612,222665,200,50,1784,49,222472,290690,1,229,37624
fc1a1cd2d37a9100a80a496108f693ecebc59e14-dirty,1,pager,200,50,417,17689,226960,200,50,1766,49,226767,287752,1,235,38604
fc1a1cd2d37a9100a80a496108f693ecebc59e14-dirty,1,pager,200,50,418,17693,226960,200,50,1791,49,226767,291779,1,204,33549
fc1a1cd2d37a9100a80a496108f693ecebc59e14-dirty,1,pager,200,50,419,17730,225528,200,50,1784,49,225335,290592,1,202,33222
fc1a1cd2d37a9100a80a496108f693ecebc59e14-dirty,1,pager,200,50,420,17771,228390,200,50,1800,49,228197,293160,1,231,37948
fc1a1cd2d37a9100a80a496108f693ecebc59e14-dirty,1,pager,200,50,421,17848,230774,200,50,1816,49,230581,295723,1,219,35992
fc1a1cd2d37a9100a80a496108f693ecebc59e14-dirty,1,pager,200,50,422,17853,233795,200,50,1840,49,233602,299605,1,255,41862
fc1a1cd2d37a9100a80a496108f693ecebc59e14-dirty,1,pager,200,50,423,17890,239837,200,50,1851,49,239644,301425,1,260,42677
fc1a1cd2d37a9100a80a496108f693ecebc59e14-dirty,1,pager,200,50,424,17972,249060,200,50,1875,49,248867,305328,1,260,42677
fc1a1cd2d37a9100a80a496108f693ecebc59e14-dirty,1,pager,200,50,425,17976,258760,200,50,1922,49,258567,312979,1,262,43003
fc1a1cd2d37a9100a80a496108f693ecebc59e14-dirty,1,pager,200,50,426,18009,268460,200,50,1970,49,268267,320771,1,260,42677
fc1a1cd2d37a9100a80a496108f693ecebc59e14-dirty,1,pager,200,50,427,18051,263850,200,50,1963,49,263657,319614,1,233,38276
fc1a1cd2d37a9100a80a496108f693ecebc59e14-dirty,1,pager,200,50,428,18092,257968,200,50,1936,49,257775,315197,1,226,37135
fc1a1cd2d37a9100a80a496108f693ecebc59e14-dirty,1,pager,200,50,429,18133,249542,200,50,1905,49,249349,310190,1,209,34364
fc1a1cd2d37a9100a80a496108f693ecebc59e14-dirty,1,pager,200,50,430,18211,247953,200,50,1860,49,247760,302903,1,202,33223
fc1a1cd2d37a9100a80a496108f693ecebc59e14-dirty,1,pager,200,50,431,18215,237459,200,50,1803,49,237266,293613,1,202,33222
fc1a1cd2d37a9100a80a496108f693ecebc59e14-dirty,1,pager,200,50,432,18293,232530,200,50,1743,49,232337,283833,1,202,33222
fc1a1cd2d37a9100a80a496108f693ecebc59e14-dirty,1,pager,200,50,433,18297,227283,200,50,1736,49,227090,282679,1,201,33060
fc1a1cd2d37a9100a80a496108f693ecebc59e14-dirty,1,pager,200,50,434,18329,233802,200,50,1753,49,233609,285441,1,248,40715
fc1a1cd2d37a9100a80a496108f693ecebc59e14-dirty,1,pager,200,50,435,18371,238094,200,50,1784,49,237901,290469,1,239,39252
fc1a1cd2d37a9100a80a496108f693ecebc59e14-dirty,1,pager,200,50,436,18412,232687,200,50,1789,49,232494,291294,1,202,33222
fc1a1cd2d37a9100a80a496108f693ecebc59e14-dirty,1,pager,200,50,437,18453,220602,200,50,1714,49,220409,279141,1,201,33060
fc1a1cd2d37a9100a80a496108f693ecebc59e14-dirty,1,pager,200,50,438,18531,227121,200,50,1674,49,226928,272694,1,239,39249
fc1a1cd2d37a9100a80a496108f693ecebc59e14-dirty,1,pager,200,50,439,18535,228074,200,50,1699,49,227881,276737,1,216,35503
fc1a1cd2d37a9100a80a496108f693ecebc59e14-dirty,1,pager,200,50,440,18572,229029,200,50,1701,49,228836,277023,1,208,34201
fc1a1cd2d37a9100a80a496108f693ecebc59e14-dirty,1,pager,200,50,441,18613,221239,200,50,1652,49,221046,269053,1,216,35505
fc1a1cd2d37a9100a80a496108f693ecebc59e14-dirty,1,pager,200,50,442,18649,220445,200,50,1587,48,217532,258524,1,216,35505
fc1a1cd2d37a9100a80a496108f693ecebc59e14-dirty,1,pager,200,50,443,18732,225533,200,50,1613,48,222620,262734,1,248,40721
fc1a1cd2d37a9100a80a496108f693ecebc59e14-dirty,1,pager,200,50,444,18736,221716,200,50,1628,48,218803,265165,1,211,34688
fc1a1cd2d37a9100a80a496108f693ecebc59e14-dirty,1,pager,200,50,445,18809,225214,200,50,1637,48,222301,266614,1,242,39743
fc1a1cd2d37a9100a80a496108f693ecebc59e14-dirty,1,pager,200,50,446,18813,225055,200,50,1658,48,222142,270005,1,202,33222
fc1a1cd2d37a9100a80a496108f693ecebc59e14-dirty,1,pager,200,50,447,18850,226009,200,50,1662,48,223096,270613,1,208,34199
fc1a1cd2d37a9100a80a496108f693ecebc59e14-dirty,1,pager,200,50,448,18892,226327,200,50,1669,48,223414,271711,1,202,33222
fc1a1cd2d37a9100a80a496108f693ecebc59e14-dirty,1,pager,200,50,449,18933,218536,200,50,1630,48,215623,265356,1,201,33060
fc1a1cd2d37a9100a80a496108f693ecebc59e14-dirty,1,pager,200,50,450,18969,218854,200,50,1622,48,215941,264083,1,244,40064
fc1a1cd2d37a9100a80a496108f693ecebc59e14-dirty,1,pager,200,50,451,19051,226009,200,50,1622,48,223096,264128,1,244,40067
fc1a1cd2d37a9100a80a496108f693ecebc59e14-dirty,1,pager,200,50,452,19056,232369,200,50,1660,48,229456,270246,1,236,38763
fc1a1cd2d37a9100a80a496108f693ecebc59e14-dirty,1,pager,200,50,453,19129,233641,200,50,1672,48,230728,272175,1,260,42675
fc1a1cd2d37a9100a80a496108f693ecebc59e14-dirty,1,pager,200,50,454,19133,244294,200,50,1692,48,241381,275430,1,268,43979
fc1a1cd2d37a9100a80a496108f693ecebc59e14-dirty,1,pager,200,50,455,19170,235231,200,50,1709,48,232318,278219,1,202,33222
fc1a1cd2d37a9100a80a496108f693ecebc59e14-dirty,1,pager,200,50,456,19211,225850,200,50,1656,48,222937,269604,1,201,33060
fc1a1cd2d37a9100a80a496108f693ecebc59e14-dirty,1,pager,200,50,457,19252,228394,200,50,1662,48,225481,270590,1,255,41857
fc1a1cd2d37a9100a80a496108f693ecebc59e14-dirty,1,pager,200,50,458,19330,227599,200,50,1675,48,224686,272748,1,239,39252
fc1a1cd2d37a9100a80a496108f693ecebc59e14-dirty,1,pager,200,50,459,19334,232369,200,50,1677,48,229456,273092,1,246,40393
fc1a1cd2d37a9100a80a496108f693ecebc59e14-dirty,1,pager,200,50,460,19412,233482,200,50,1702,48,230569,277158,1,208,34199
fc1a1cd2d37a9100a80a496108f693ecebc59e14-dirty,1,pager,200,50,461,19417,234278,200,50,1709,48,231365,278241,1,205,33712
fc1a1cd2d37a9100a80a496108f693ecebc59e14-dirty,1,pager,200,50,462,19454,222195,200,50,1637,48,219282,266542,1,208,34201
fc1a1cd2d37a9100a80a496108f693ecebc59e14-dirty,1,pager,200,50,463,19532,219175,200,50,1592,48,216262,259250,1,237,38928
fc1a1cd2d37a9100a80a496108f693ecebc59e14-dirty,1,pager,200,50,464,19536,219652,200,50,1576,48,216739,256648,1,225,36972
fc1a1cd2d37a9100a80a496108f693ecebc59e14-dirty,1,pager,200,50,465,19613,219970,200,50,1571,48,217057,255815,1,227,37298
fc1a1cd2d37a9100a80a496108f693ecebc59e14-dirty,1,pager,200,50,466,19617,222671,200,50,1595,48,219758,259708,1,255,41862
fc1a1cd2d37a9100a80a496108f693ecebc59e14-dirty,1,pager,200,50,467,19650,229190,200,50,1609,48,226277,261994,1,245,40232
fc1a1cd2d37a9100a80a496108f693ecebc59e14-dirty,1,pager,200,50,468,19691,229190,200,50,1650,48,226277,268656,1,202,33222
fc1a1cd2d37a9100a80a496108f693ecebc59e14-dirty,1,pager,200,50,469,19732,224102,200,50,1622,48,221189,264113,1,202,33222
fc1a1cd2d37a9100a80a496108f693ecebc59e14-dirty,1,pager,200,50,470,19809,220763,200,50,1593,48,217850,259415,1,201,33060
fc1a1cd2d37a9100a80a496108f693ecebc59e14-dirty,1,pager,200,50,471,19813,219331,200,50,1575,48,216418,256533,1,241,39574
fc1a1cd2d37a9100a80a496108f693ecebc59e14-dirty,1,pager,200,50,472,19850,215196,200,50,1573,48,212283,256246,1,230,37785
fc1a1cd2d37a9100a80a496108f693ecebc59e14-dirty,1,pager,200,50,473,19932,208199,200,50,1560,48,205286,254123,1,215,35340
fc1a1cd2d37a9100a80a496108f693ecebc59e14-dirty,1,pager,200,50,474,19936,204383,200,50,1552,48,201470,252821,1,238,39091
fc1a1cd2d37a9100a80a496108f693ecebc59e14-dirty,1,pager,200,50,475,19968,201998,200,50,1551,48,199085,252668,1,248,40721
fc1a1cd2d37a9100a80a496108f693ecebc59e14-dirty,1,pager,200,50,476,20051,196591,200,50,1551,48,193678,252714,1,202,33222
fc1a1cd2d37a9100a80a496108f693ecebc59e14-dirty,1,pager,200,50,477,20055,192774,200,50,1520,48,189861,247654,1,202,33222
fc1a1cd2d37a9100a80a496108f693ecebc59e14-dirty,1,pager,200,50,478,20092,191342,200,50,1496,48,188429,243729,1,201,33060
fc1a1cd2d37a9100a80a496108f693ecebc59e14-dirty,1,pager,200,50,479,20133,205492,200,50,1571,48,202579,255944,1,285,46747
fc1a1cd2d37a9100a80a496108f693ecebc59e14-dirty,1,pager,200,50,480,20169,211852,200,50,1652,48,208939,269131,1,241,39578
fc1a1cd2d37a9100a80a496108f693ecebc59e14-dirty,1,pager,200,50,481,20210,216941,200,50,1688,48,214029,275001,1,232,38113
fc1a1cd2d37a9100a80a496108f693ecebc59e14-dirty,1,pager,200,50,482,20292,217259,200,50,1719,48,214347,280009,1,202,33222
fc1a1cd2d37a9100a80a496108f693ecebc59e14-dirty,1,pager,200,50,483,20296,211853,200,50,1688,48,208941,274957,1,217,35666
fc1a1cd2d37a9100a80a496108f693ecebc59e14-dirty,1,pager,200,50,484,20369,213762,200,50,1697,48,210850,276429,1,251,41210
fc1a1cd2d37a9100a80a496108f693ecebc59e14-dirty,1,pager,200,50,485,20374,221872,200,50,1697,48,218960,276429,1,254,41699
fc1a1cd2d37a9100a80a496108f693ecebc59e14-dirty,1,pager,200,50,486,20451,224258,200,50,1738,48,221346,283107,1,216,35505
fc1a1cd2d37a9100a80a496108f693ecebc59e14-dirty,1,pager,200,50,487,20456,219807,200,50,1715,48,216895,279393,1,215,35342
fc1a1cd2d37a9100a80a496108f693ecebc59e14-dirty,1,pager,200,50,488,20530,219490,200,50,1682,48,216578,274055,1,217,35668
fc1a1cd2d37a9100a80a496108f693ecebc59e14-dirty,1,pager,200,50,489,20534,221080,200,50,1673,48,218168,272561,1,218,35831
fc1a1cd2d37a9100a80a496108f693ecebc59e14-dirty,1,pager,200,50,490,20571,222034,200,50,1669,48,219122,271875,1,223,36646
fc1a1cd2d37a9100a80a496108f693ecebc59e14-dirty,1,pager,200,50,491,20612,224578,200,50,1681,49,224385,273792,1,231,37950
fc1a1cd2d37a9100a80a496108f693ecebc59e14-dirty,1,pager,200,50,492,20653,217104,200,50,1666,49,216911,271330,1,202,33222
fc1a1cd2d37a9100a80a496108f693ecebc59e14-dirty,1,pager,200,50,493,20730,215355,200,50,1618,49,215162,263489,1,202,33222
fc1a1cd2d37a9100a80a496108f693ecebc59e14-dirty,1,pager,200,50,494,20734,208517,200,50,1575,49,208324,256457,1,201,33060
fc1a1cd2d37a9100a80a496108f693ecebc59e14-dirty,1,pager,200,50,495,20812,220283,200,50,1602,49,220090,260895,1,270,44302
fc1a1cd2d37a9100a80a496108f693ecebc59e14-dirty,1,pager,200,50,496,20817,225212,200,50,1668,49,225019,271603,1,239,39252
fc1a1cd2d37a9100a80a496108f693ecebc59e14-dirty,1,pager,200,50,497,20890,229029,200,50,1696,49,228836,276121,1,219,35994
fc1a1cd2d37a9100a80a496108f693ecebc59e14-dirty,1,pager,200,50,498,20895,230779,200,50,1716,49,230586,279339,1,212,34853
fc1a1cd2d37a9100a80a496108f693ecebc59e14-dirty,1,pager,200,50,499,20932,224420,200,50,1686,49,224227,274452,1,207,34038
fc1a1cd2d37a9100a80a496108f693ecebc59e14-dirty,1,pager,200,50,500,20973,219015,200,50,1653,49,218822,269118,1,214,35179
fc1a1cd2d37a9100a80a496108f693ecebc59e14-dirty,1,pager,200,50,501,21009,213133,200,50,1629,49,212940,265239,1,203,33386
fc1a1cd2d37a9100a80a496108f693ecebc59e14-dirty,1,pager,200,50,502,21050,205025,200,50,1583,49,204832,257766,1,217,35668
fc1a1cd2d37a9100a80a496108f693ecebc59e14-dirty,1,pager,200,50,503,21091,195804,200,50,1531,49,195611,249321,1,210,34527
fc1a1cd2d37a9100a80a496108f693ecebc59e14-dirty,1,pager,200,50,504,21173,196441,200,50,1473,49,196248,239912,1,206,33875
fc1a1cd2d37a9100a80a496108f693ecebc59e14-dirty,1,pager,200,50,505,21177,201530,200,50,1501,49,201337,244423,1,232,38113
fc1a1cd2d37a9100a80a496108f693ecebc59e14-dirty,1,pager,200,50,506,21251,192150,200,50,1480,49,191957,241008,1,203,33386
fc1a1cd2d37a9100a80a496108f693ecebc59e14-dirty,1,pager,200,50,507,21255,186427,200,50,1430,49,186234,232873,1,206,33875
fc1a1cd2d37a9100a80a496108f693ecebc59e14-dirty,1,pager,200,50,508,21333,178796,200,50,1393,49,178603,226884,1,203,33386
fc1a1cd2d37a9100a80a496108f693ecebc59e14-dirty,1,pager,200,50,509,21336,178796,200,50,1354,49,178603,220572,1,207,34037
fc1a1cd2d37a9100a80a496108f693ecebc59e14-dirty,1,pager,200,50,510,21409,181976,200,50,1371,49,181783,223312,1,225,36972
fc1a1cd2d37a9100a80a496108f693ecebc59e14-dirty,1,pager,200,50,511,21413,181499,200,50,1389,49,181306,226208,1,205,33712
fc1a1cd2d37a9100a80a496108f693ecebc59e14-dirty,1,pager,200,50,512,21451,175774,200,50,1357,49,175581,220997,1,202,33222
fc1a1cd2d37a9100a80a496108f693ecebc59e14-dirty,1,pager,200,50,513,21533,171957,200,50,1322,49,171764,215286,1,202,33222
fc1a1cd2d37a9100a80a496108f693ecebc59e14-dirty,1,pager,200,50,514,21537,167504,200,50,1297,49,167311,211188,1,201,33060
fc1a1cd2d37a9100a80a496108f693ecebc59e14-dirty,1,pager,200,50,515,21611,166867,200,50,1285,49,166674,209234,1,244,40064
fc1a1cd2d37a9100a80a496108f693ecebc59e14-dirty,1,pager,200,50,516,21614,168297,200,50,1289,49,168104,209930,1,250,41045
fc1a1cd2d37a9100a80a496108f693ecebc59e14-dirty,1,pager,200,50,517,21692,176089,200,50,1295,49,175896,210951,1,249,40884
fc1a1cd2d37a9100a80a496108f693ecebc59e14-dirty,1,pager,200,50,518,21696,183404,200,50,1338,49,183211,217880,1,252,41373
fc1a1cd2d37a9100a80a496108f693ecebc59e14-dirty,1,pager,200,50,519,21729,194376,200,50,1399,49,194183,227742,1,266,43655
fc1a1cd2d37a9100a80a496108f693ecebc59e14-dirty,1,pager,200,50,520,21811,187380,200,50,1425,49,187187,231987,1,202,33222
fc1a1cd2d37a9100a80a496108f693ecebc59e14-dirty,1,pager,200,50,521,21815,182451,200,50,1383,49,182258,225157,1,202,33222
fc1a1cd2d37a9100a80a496108f693ecebc59e14-dirty,1,pager,200,50,522,21852,180066,200,50,1354,49,179873,220444,1,201,33060
fc1a1cd2d37a9100a80a496108f693ecebc59e14-dirty,1,pager,200,50,523,21929,173864,200,50,1314,49,173671,213912,1,201,33060
fc1a1cd2d37a9100a80a496108f693ecebc59e14-dirty,1,pager,200,50,524,21933,177520,200,50,1325,49,177327,215705,1,259,42506
fc1a1cd2d37a9100a80a496108f693ecebc59e14-dirty,1,pager,200,50,525,22011,181177,200,50,1338,49,180984,217821,1,224,36800
fc1a1cd2d37a9100a80a496108f693ecebc59e14-dirty,1,pager,200,50,526,22015,184675,200,50,1360,49,184482,221386,1,222,36475
fc1a1cd2d37a9100a80a496108f693ecebc59e14-dirty,1,pager,200,50,527,22089,188809,200,50,1390,49,188616,226264,1,227,37292
fc1a1cd2d37a9100a80a496108f693ecebc59e14-dirty,1,pager,200,50,528,22093,174499,200,50,1333,49,174306,217050,1,201,33060
fc1a1cd2d37a9100a80a496108f693ecebc59e14-dirty,1,pager,200,50,529,22171,167821,200,50,1251,49,167628,203761,1,201,33060
fc1a1cd2d37a9100a80a496108f693ecebc59e14-dirty,1,pager,200,50,530,22174,165912,200,50,1233,49,165719,200846,1,220,36149
fc1a1cd2d37a9100a80a496108f693ecebc59e14-dirty,1,pager,200,50,531,22249,170046,200,50,1230,49,169853,200349,1,224,36804
fc1a1cd2d37a9100a80a496108f693ecebc59e14-dirty,1,pager,200,50,532,22253,173862,200,50,1261,49,173669,205413,1,245,40230
fc1a1cd2d37a9100a80a496108f693ecebc59e14-dirty,1,pager,200,50,533,22290,166229,200,50,1252,49,166036,203998,1,202,33222
fc1a1cd2d37a9100a80a496108f693ecebc59e14-dirty,1,pager,200,50,534,22371,157960,200,50,1215,49,157767,197935,1,201,33060
fc1a1cd2d37a9100a80a496108f693ecebc59e14-dirty,1,pager,200,50,535,22375,155574,200,50,1174,49,155381,191220,1,201,33060
fc1a1cd2d37a9100a80a496108f693ecebc59e14-dirty,1,pager,200,50,536,22413,159548,200,50,1195,49,159355,194613,1,236,38757
fc1a1cd2d37a9100a80a496108f693ecebc59e14-dirty,1,pager,200,50,537,22490,162727,200,50,1226,49,162534,199639,1,233,38271
fc1a1cd2d37a9100a80a496108f693ecebc59e14-dirty,1,pager,200,50,538,22493,166065,200,50,1261,49,165872,205331,1,235,38600
fc1a1cd2d37a9100a80a496108f693ecebc59e14-dirty,1,pager,200,50,539,22531,170676,200,50,1303,49,170483,212170,1,252,41373
fc1a1cd2d37a9100a80a496108f693ecebc59e14-dirty,1,pager,200,50,540,22613,165905,200,50,1343,49,165712,218686,1,202,33222
fc1a1cd2d37a9100a80a496108f693ecebc59e14-dirty,1,pager,200,50,541,22617,165905,200,50,1314,49,165712,213973,1,202,33222
fc1a1cd2d37a9100a80a496108f693ecebc59e14-dirty,1,pager,200,50,542,22690,165746,200,50,1314,49,165553,213960,1,201,33060
fc1a1cd2d37a9100a80a496108f693ecebc59e14-dirty,1,pager,200,50,543,22694,165746,200,50,1314,49,165553,213951,1,201,33060
fc1a1cd2d37a9100a80a496108f693ecebc59e14-dirty,1,pager,200,50,544,22772,162566,200,50,1294,49,162373,210727,1,249,40876
fc1a1cd2d37a9100a80a496108f693ecebc59e14-dirty,1,pager,200,50,545,22776,163520,200,50,1275,49,163327,207666,1,244,40064
fc1a1cd2d37a9100a80a496108f693ecebc59e14-dirty,1,pager,200,50,546,22809,169726,200,50,1306,49,169533,212753,1,264,43333
fc1a1cd2d37a9100a80a496108f693ecebc59e14-dirty,1,pager,200,50,547,22891,169407,200,50,1351,49,169214,220097,1,207,34033
fc1a1cd2d37a9100a80a496108f693ecebc59e14-dirty,1,pager,200,50,548,22895,171950,200,50,1364,49,171757,222219,1,225,36970
fc1a1cd2d37a9100a80a496108f693ecebc59e14-dirty,1,pager,200,50,549,22932,170200,200,50,1374,49,170007,223836,1,202,33222
fc1a1cd2d37a9100a80a496108f693ecebc59e14-dirty,1,pager,200,50,550,22973,169881,200,50,1361,49,169688,221706,1,201,33060
fc1a1cd2d37a9100a80a496108f693ecebc59e14-dirty,1,pager,200,50,551,23050,167177,200,50,1346,49,166984,219271,1,201,33060
fc1a1cd2d37a9100a80a496108f693ecebc59e14-dirty,1,pager,200,50,552,23054,175603,200,50,1390,49,175410,226447,1,259,42506
fc1a1cd2d37a9100a80a496108f693ecebc59e14-dirty,1,pager,200,50,553,23133,180531,200,50,1442,49,180338,234923,1,238,39085
fc1a1cd2d37a9100a80a496108f693ecebc59e14-dirty,1,pager,200,50,554,23137,185147,200,50,1473,49,184954,239963,1,254,41703
fc1a1cd2d37a9100a80a496108f693ecebc59e14-dirty,1,pager,200,50,555,23170,184828,200,50,1494,49,184635,243361,1,201,33060
fc1a1cd2d37a9100a80a496108f693ecebc59e14-dirty,1,pager,200,50,556,23251,183873,200,50,1490,49,183680,242662,1,201,33060
fc1a1cd2d37a9100a80a496108f693ecebc59e14-dirty,1,pager,200,50,557,23255,191822,200,50,1530,49,191629,249135,1,247,40550
fc1a1cd2d37a9100a80a496108f693ecebc59e14-dirty,1,pager,200,50,558,23293,197069,200,50,1572,49,196876,255917,1,241,39575
fc1a1cd2d37a9100a80a496108f693ecebc59e14-dirty,1,pager,200,50,559,23371,196909,200,50,1587,49,196716,258317,1,225,36970
fc1a1cd2d37a9100a80a496108f693ecebc59e14-dirty,1,pager,200,50,560,23374,203586,200,50,1608,49,203393,261757,1,244,40064
fc1a1cd2d37a9100a80a496108f693ecebc59e14-dirty,1,pager,200,50,561,23453,207402,200,50,1647,49,207209,268113,1,228,37459
fc1a1cd2d37a9100a80a496108f693ecebc59e14-dirty,1,pager,200,50,562,23457,215829,200,50,1697,49,215636,276261,1,252,41368
fc1a1cd2d37a9100a80a496108f693ecebc59e14-dirty,1,pager,200,50,563,23494,219009,200,50,1749,49,218816,284675,1,221,36318
fc1a1cd2d37a9100a80a496108f693ecebc59e14-dirty,1,pager,200,50,564,23530,212490,200,50,1729,49,212297,281397,1,207,34033
fc1a1cd2d37a9100a80a496108f693ecebc59e14-dirty,1,pager,200,50,565,23612,207084,200,50,1696,49,206891,276049,1,220,36155
fc1a1cd2d37a9100a80a496108f693ecebc59e14-dirty,1,pager,200,50,566,23616,199292,200,50,1665,49,199099,271015,1,202,33222
fc1a1cd2d37a9100a80a496108f693ecebc59e14-dirty,1,pager,200,50,567,23689,191818,200,50,1622,49,191625,264022,1,201,33060
fc1a1cd2d37a9100a80a496108f693ecebc59e14-dirty,1,pager,200,50,568,23693,180846,200,50,1561,49,180653,254139,1,201,33060
fc1a1cd2d37a9100a80a496108f693ecebc59e14-dirty,1,pager,200,50,569,23772,190704,200,50,1555,49,190511,253199,1,260,42669
fc1a1cd2d37a9100a80a496108f693ecebc59e14-dirty,1,pager,200,50,570,23776,192612,200,50,1611,49,192419,262294,1,212,34848
fc1a1cd2d37a9100a80a496108f693ecebc59e14-dirty,1,pager,200,50,571,23813,204537,200,50,1690,49,204344,275122,1,278,45609
fc1a1cd2d37a9100a80a496108f693ecebc59e14-dirty,1,pager,200,50,572,23850,213441,200,50,1745,49,213248,284044,1,257,42186
fc1a1cd2d37a9100a80a496108f693ecebc59e14-dirty,1,pager,200,50,573,23932,209784,200,50,1722,49,209591,280361,1,247,40556
fc1a1cd2d37a9100a80a496108f693ecebc59e14-dirty,1,pager,200,50,574,23936,215031,200,50,1700,49,214838,276845,1,261,42838
fc1a1cd2d37a9100a80a496108f693ecebc59e14-dirty,1,pager,200,50,575,24010,211533,200,50,1737,49,211340,282871,1,202,33222
fc1a1cd2d37a9100a80a496108f693ecebc59e14-dirty,1,pager,200,50,576,24014,207558,200,50,1708,49,207365,278148,1,201,33060
fc1a1cd2d37a9100a80a496108f693ecebc59e14-dirty,1,pager,200,50,577,24092,207399,200,50,1682,49,207206,273903,1,201,33060
fc1a1cd2d37a9100a80a496108f693ecebc59e14-dirty,1,pager,200,50,578,24096,213441,200,50,1719,49,213248,279875,1,238,39083
fc1a1cd2d37a9100a80a496108f693ecebc59e14-dirty,1,pager,200,50,579,24133,210897,200,50,1737,49,210704,282777,1,206,33870
fc1a1cd2d37a9100a80a496108f693ecebc59e14-dirty,1,pager,200,50,580,24211,209307,200,50,1729,49,209114,281504,1,218,35829
fc1a1cd2d37a9100a80a496108f693ecebc59e14-dirty,1,pager,200,50,581,24215,206127,200,50,1705,49,205934,277640,1,223,36644
fc1a1cd2d37a9100a80a496108f693ecebc59e14-dirty,1,pager,200,50,582,24293,209466,200,50,1662,49,209273,270677,1,223,36644
fc1a1cd2d37a9100a80a496108f693ecebc59e14-dirty,1,pager,200,50,583,24297,215349,200,50,1698,49,215156,276499,1,239,39252
fc1a1cd2d37a9100a80a496108f693ecebc59e14-dirty,1,pager,200,50,584,24334,222027,200,50,1740,49,221834,283291,1,243,39904
fc1a1cd2d37a9100a80a496108f693ecebc59e14-dirty,1,pager,200,50,585,24371,224253,200,50,1759,49,224060,286364,1,256,42023
fc1a1cd2d37a9100a80a496108f693ecebc59e14-dirty,1,pager,200,50,586,24412,224094,200,50,1779,49,223901,289601,1,237,38926
fc1a1cd2d37a9100a80a496108f693ecebc59e14-dirty,1,pager,200,50,587,24494,224889,200,50,1781,49,224696,289944,1,245,40230
fc1a1cd2d37a9100a80a496108f693ecebc59e14-dirty,1,pager,200,50,588,24499,223139,200,50,1770,49,222946,288178,1,243,39904
fc1a1cd2d37a9100a80a496108f693ecebc59e14-dirty,1,pager,200,50,589,24572,230453,200,50,1766,49,230260,287575,1,249,40882
fc1a1cd2d37a9100a80a496108f693ecebc59e14-dirty,1,pager,200,50,590,24576,230453,200,50,1813,49,230260,295236,1,202,33222
fc1a1cd2d37a9100a80a496108f693ecebc59e14-dirty,1,pager,200,50,591,24655,230453,200,50,1813,49,230260,295179,1,201,33060
fc1a1cd2d37a9100a80a496108f693ecebc59e14-dirty,1,pager,200,50,592,24659,230453,200,50,1813,49,230260,295118,1,201,33060
fc1a1cd2d37a9100a80a496108f693ecebc59e14-dirty,1,pager,200,50,593,24691,228704,200,50,1805,49,228511,293803,1,241,39572
fc1a1cd2d37a9100a80a496108f693ecebc59e14-dirty,1,pager,200,50,594,24773,223775,200,50,1791,49,223582,291522,1,212,34848
fc1a1cd2d37a9100a80a496108f693ecebc59e14-dirty,1,pager,200,50,595,24778,219635,200,50,1766,49,219442,287506,1,239,39252
fc1a1cd2d37a9100a80a496108f693ecebc59e14-dirty,1,pager,200,50,596,24851,220113,200,50,1736,49,219920,282638,1,211,34690
fc1a1cd2d37a9100a80a496108f693ecebc59e14-dirty,1,pager,200,50,597,24855,218206,200,50,1723,49,218013,280501,1,213,35016
fc1a1cd2d37a9100a80a496108f693ecebc59e14-dirty,1,pager,200,50,598,24892,219956,200,50,1710,49,219763,278370,1,212,34853
fc1a1cd2d37a9100a80a496108f693ecebc59e14-dirty,1,pager,200,50,599,24933,220274,200,50,1721,49,220081,280120,1,203,33384
fc1a1cd2d37a9100a80a496108f693ecebc59e14-dirty,1,pager,200,50,600,24975,228860,200,50,1774,49,228667,288715,1,255,41860
fc1a1cd2d37a9100a80a496108f693ecebc59e14-dirty,1,pager,200,50,601,25011,229019,200,50,1761,49,228826,286612,1,262,43001
fc1a1cd2d37a9100a80a496108f693ecebc59e14-dirty,1,pager,200,50,602,25053,227271,200,50,1761,49,227078,286628,1,225,36972
fc1a1cd2d37a9100a80a496108f693ecebc59e14-dirty,1,pager,200,50,603,25094,217884,200,50,1726,49,217691,280958,1,202,33222
fc1a1cd2d37a9100a80a496108f693ecebc59e14-dirty,1,pager,200,50,604,25171,224244,200,50,1713,49,224051,278872,1,242,39741
fc1a1cd2d37a9100a80a496108f693ecebc59e14-dirty,1,pager,200,50,605,25175,224562,200,50,1754,49,224369,285534,1,202,33222
fc1a1cd2d37a9100a80a496108f693ecebc59e14-dirty,1,pager,200,50,606,25212,216453,200,50,1709,49,216260,278251,1,201,33060
fc1a1cd2d37a9100a80a496108f693ecebc59e14-dirty,1,pager,200,50,607,25293,209775,200,50,1662,49,209582,270645,1,201,33060
fc1a1cd2d37a9100a80a496108f693ecebc59e14-dirty,1,pager,200,50,608,25297,209457,200,50,1643,49,209264,267523,1,221,36311
fc1a1cd2d37a9100a80a496108f693ecebc59e14-dirty,1,pager,200,50,609,25371,204687,200,50,1619,49,204494,263593,1,215,35334
fc1a1cd2d37a9100a80a496108f693ecebc59e14-dirty,1,pager,200,50,610,25375,202620,200,50,1588,49,202427,258499,1,212,34848
fc1a1cd2d37a9100a80a496108f693ecebc59e14-dirty,1,pager,200,50,611,25454,195942,200,50,1538,49,195749,250348,1,212,34848
fc1a1cd2d37a9100a80a496108f693ecebc59e14-dirty,1,pager,200,50,612,25458,192921,200,50,1497,49,192728,243681,1,201,33060
fc1a1cd2d37a9100a80a496108f693ecebc59e14-dirty,1,pager,200,50,613,25530,191490,200,50,1475,49,191297,240083,1,201,33060
fc1a1cd2d37a9100a80a496108f693ecebc59e14-dirty,1,pager,200,50,614,25534,190854,200,50,1466,49,190661,238573,1,213,35008
fc1a1cd2d37a9100a80a496108f693ecebc59e14-dirty,1,pager,200,50,615,25614,196737,200,50,1482,49,196544,241192,1,232,38108
fc1a1cd2d37a9100a80a496108f693ecebc59e14-dirty,1,pager,200,50,616,25618,197691,200,50,1511,49,197498,245917,1,206,33873
fc1a1cd2d37a9100a80a496108f693ecebc59e14-dirty,1,pager,200,50,617,25655,173050,200,50,1653,50,173191,268870,0,1653,268870
fc1a1cd2d37a9100a80a496108f693ecebc59e14-dirty,1,pager,200,50,618,25659,173209,200,50,1,1,531,360,0,1,360
fc1a1cd2d37a9100a80a496108f693ecebc59e14-dirty,2,pager,200,50,1,4,173527,200,50,1,1,849,360,0,1,360
fc1a1cd2d37a9100a80a496108f693ecebc59e14-dirty,2,pager,200,50,2,86,173686,200,50,1,1,1008,360,0,1,360
fc1a1cd2d37a9100a80a496108f693ecebc59e14-dirty,2,pager,200,50,3,90,173845,200,50,1,1,1167,360,0,1,360
fc1a1cd2d37a9100a80a496108f693ecebc59e14-dirty,2,pager,200,50,4,127,173845,200,50,1,1,1167,360,0,1,360
fc1a1cd2d37a9100a80a496108f693ecebc59e14-dirty,2,pager,200,50,5,163,173845,200,50,0,0,199,199,0,0,199
fc1a1cd2d37a9100a80a496108f693ecebc59e14-dirty,2,pager,200,50,6,245,174163,200,50,1,1,1485,360,0,1,360
fc1a1cd2d37a9100a80a496108f693ecebc59e14-dirty,2,pager,200,50,7,248,174322,200,50,1,1,1644,360,0,1,360
fc1a1cd2d37a9100a80a496108f693ecebc59e14-dirty,2,pager,200,50,8,287,174482,200,50,1,1,1804,361,0,1,361
fc1a1cd2d37a9100a80a496108f693ecebc59e14-dirty,2,pager,200,50,9,328,174641,200,50,1,1,1963,362,0,1,362
fc1a1cd2d37a9100a80a496108f693ecebc59e14-dirty,2,pager,200,50,10,364,174800,200,50,1,1,2122,362,0,1,362
fc1a1cd2d37a9100a80a496108f693ecebc59e14-dirty,2,pager,200,50,11,405,174959,200,50,1,1,2281,362,0,1,362
fc1a1cd2d37a9100a80a496108f693ecebc59e14-dirty,2,pager,200,50,12,446,175118,200,50,1,1,2440,362,0,1,362
fc1a1cd2d37a9100a80a496108f693ecebc59e14-dirty,2,pager,200,50,13,487,175277,200,50,1,1,2599,362,0,1,362
fc1a1cd2d37a9100a80a496108f693ecebc59e14-dirty,2,pager,200,50,14,564,175436,200,50,1,1,2758,362,0,1,362
fc1a1cd2d37a9100a80a496108f693ecebc59e14-dirty,2,pager,200,50,15,568,175595,200,50,1,1,2917,362,0,1,362
fc1a1cd2d37a9100a80a496108f693ecebc59e14-dirty,2,pager,200,50,16,650,325974,200,50,2282,50,326115,371205,0,2282,371205
fc1a1cd2d37a9100a80a496108f693ecebc59e14-dirty,2,pager,200,50,17,1648,322508,200,50,2123,50,322649,345501,1,248,40712
fc1a1cd2d37a9100a80a496108f693ecebc59e14-dirty,2,pager,200,50,18,1690,313604,200,50,2042,49,313411,332313,1,219,35992
fc1a1cd2d37a9100a80a496108f693ecebc59e14-dirty,2,pager,200,50,19,1768,317262,200,50,1988,49,317069,323522,1,220,36157
fc1a1cd2d37a9100a80a496108f693ecebc59e14-dirty,2,pager,200,50,20,1773,310107,200,50,1950,49,309914,317321,1,219,35992
fc1a1cd2d37a9100a80a496108f693ecebc59e14-dirty,2,pager,200,50,21,1810,309153,200,50,1892,49,308960,307862,1,219,35992
fc1a1cd2d37a9100a80a496108f693ecebc59e14-dirty,2,pager,200,50,22,1846,302475,200,50,1842,49,302282,299781,1,223,36644
fc1a1cd2d37a9100a80a496108f693ecebc59e14-dirty,2,pager,200,50,23,1929,296910,200,50,1801,49,296717,293083,1,220,36155
fc1a1cd2d37a9100a80a496108f693ecebc59e14-dirty,2,pager,200,50,24,1934,290073,200,50,1774,49,289880,288655,1,209,34363
fc1a1cd2d37a9100a80a496108f693ecebc59e14-dirty,2,pager,200,50,25,1965,282282,200,50,1739,49,282089,282944,1,202,33222
fc1a1cd2d37a9100a80a496108f693ecebc59e14-dirty,2,pager,200,50,26,2048,273696,200,50,1696,49,273503,275972,1,201,33060
fc1a1cd2d37a9100a80a496108f693ecebc59e14-dirty,2,pager,200,50,27,2053,266700,200,50,1652,49,266507,268838,1,201,33060
fc1a1cd2d37a9100a80a496108f693ecebc59e14-dirty,2,pager,200,50,28,2126,264633,200,50,1639,49,264440,266750,1,262,42995
fc1a1cd2d37a9100a80a496108f693ecebc59e14-dirty,2,pager,200,50,29,2130,257160,200,50,1628,49,256967,264970,1,235,38597
fc1a1cd2d37a9100a80a496108f693ecebc59e14-dirty,2,pager,200,50,30,2167,255573,200,50,1630,49,255380,265306,1,275,45123
fc1a1cd2d37a9100a80a496108f693ecebc59e14-dirty,2,pager,200,50,31,2208,243648,200,50,1631,49,243455,265505,1,207,34033
fc1a1cd2d37a9100a80a496108f693ecebc59e14-dirty,2,pager,200,50,32,2249,232836,200,50,1643,49,232643,267426,1,216,35503
fc1a1cd2d37a9100a80a496108f693ecebc59e14-dirty,2,pager,200,50,33,2285,219957,200,50,1584,49,219764,257880,1,202,33222
fc1a1cd2d37a9100a80a496108f693ecebc59e14-dirty,2,pager,200,50,34,2326,210894,200,50,1512,49,210701,246152,1,201,33060
fc1a1cd2d37a9100a80a496108f693ecebc59e14-dirty,2,pager,200,50,35,2407,203421,200,50,1465,49,203228,238471,1,201,33060
fc1a1cd2d37a9100a80a496108f693ecebc59e14-dirty,2,pager,200,50,36,2412,203262,200,50,1500,49,203069,244118,1,241,39572
fc1a1cd2d37a9100a80a496108f693ecebc59e14-dirty,2,pager,200,50,37,2485,201036,200,50,1533,49,200843,249476,1,230,37782
fc1a1cd2d37a9100a80a496108f693ecebc59e14-dirty,2,pager,200,50,38,2489,195948,200,50,1527,49,195755,248511,1,217,35666
fc1a1cd2d37a9100a80a496108f693ecebc59e14-dirty,2,pager,200,50,39,2568,188952,200,50,1481,49,188759,241038,1,221,36318
fc1a1cd2d37a9100a80a496108f693ecebc59e14-dirty,2,pager,200,50,40,2572,192132,200,50,1425,49,191939,231948,1,223,36644
fc1a1cd2d37a9100a80a496108f693ecebc59e14-dirty,2,pager,200,50,41,2604,189429,200,50,1396,49,189236,227248,1,219,35992
fc1a1cd2d37a9100a80a496108f693ecebc59e14-dirty,2,pager,200,50,42,2646,192291,200,50,1365,49,192098,222223,1,219,35992
fc1a1cd2d37a9100a80a496108f693ecebc59e14-dirty,2,pager,200,50,43,2687,194835,200,50,1386,49,194642,225624,1,214,35174
fc1a1cd2d37a9100a80a496108f693ecebc59e14-dirty,2,pager,200,50,44,2764,186570,200,50,1343,49,186377,218634,1,219,35995
fc1a1cd2d37a9100a80a496108f693ecebc59e14-dirty,2,pager,200,50,45,2768,178461,200,50,1297,49,178268,211159,1,207,34033
fc1a1cd2d37a9100a80a496108f693ecebc59e14-dirty,2,pager,200,50,46,2846,181641,200,50,1278,49,181448,208096,1,234,38437
fc1a1cd2d37a9100a80a496108f693ecebc59e14-dirty,2,pager,200,50,47,2850,179570,200,50,1294,49,179377,210697,1,202,33222
fc1a1cd2d37a9100a80a496108f693ecebc59e14-dirty,2,pager,200,50,48,2887,176866,200,50,1279,49,176673,208247,1,201,33060
fc1a1cd2d37a9100a80a496108f693ecebc59e14-dirty,2,pager,200,50,49,2928,172095,200,50,1252,49,171902,203821,1,201,33060
fc1a1cd2d37a9100a80a496108f693ecebc59e14-dirty,2,pager,200,50,50,3005,185292,200,50,1300,49,185099,211612,1,278,45603
fc1a1cd2d37a9100a80a496108f693ecebc59e14-dirty,2,pager,200,50,51,3009,187677,200,50,1364,49,187484,222050,1,228,37456
fc1a1cd2d37a9100a80a496108f693ecebc59e14-dirty,2,pager,200,50,52,3088,199446,200,50,1426,49,199253,232124,1,276,45286
fc1a1cd2d37a9100a80a496108f693ecebc59e14-dirty,2,pager,200,50,53,3092,199764,200,50,1484,49,199571,241550,1,220,36152
fc1a1cd2d37a9100a80a496108f693ecebc59e14-dirty,2,pager,200,50,54,3124,198336,200,50,1476,49,198143,240270,1,242,39744
fc1a1cd2d37a9100a80a496108f693ecebc59e14-dirty,2,pager,200,50,55,3206,199449,200,50,1472,49,199256,239627,1,207,34033
fc1a1cd2d37a9100a80a496108f693ecebc59e14-dirty,2,pager,200,50,56,3210,202632,200,50,1495,49,202439,243395,1,242,39744
fc1a1cd2d37a9100a80a496108f693ecebc59e14-dirty,2,pager,200,50,57,3289,202632,200,50,1516,49,202439,246812,1,202,33222
fc1a1cd2d37a9100a80a496108f693ecebc59e14-dirty,2,pager,200,50,58,3293,198657,200,50,1498,49,198464,243879,1,201,33060
fc1a1cd2d37a9100a80a496108f693ecebc59e14-dirty,2,pager,200,50,59,3331,189753,200,50,1447,49,189560,235601,1,201,33060
fc1a1cd2d37a9100a80a496108f693ecebc59e14-dirty,2,pager,200,50,60,3366,198657,200,50,1442,49,198464,234835,1,250,41039
fc1a1cd2d37a9100a80a496108f693ecebc59e14-dirty,2,pager,200,50,61,3448,203427,200,50,1491,49,203234,242796,1,228,37456
fc1a1cd2d37a9100a80a496108f693ecebc59e14-dirty,2,pager,200,50,62,3452,206133,200,50,1514,49,205940,246580,1,270,44308
fc1a1cd2d37a9100a80a496108f693ecebc59e14-dirty,2,pager,200,50,63,3526,204702,200,50,1539,49,204509,250683,1,207,34033
fc1a1cd2d37a9100a80a496108f693ecebc59e14-dirty,2,pager,200,50,64,3530,205182,200,50,1547,49,204989,252012,1,237,38929
fc1a1cd2d37a9100a80a496108f693ecebc59e14-dirty,2,pager,200,50,65,3567,198186,200,50,1547,49,197993,252045,1,202,33222
fc1a1cd2d37a9100a80a496108f693ecebc59e14-dirty,2,pager,200,50,66,3649,191031,200,50,1546,49,190838,251883,1,201,33060
fc1a1cd2d37a9100a80a496108f693ecebc59e14-dirty,2,pager,200,50,67,3653,187374,200,50,1520,49,187181,247610,1,201,33060
fc1a1cd2d37a9100a80a496108f693ecebc59e14-dirty,2,pager,200,50,68,3727,193574,200,50,1553,49,193381,252937,1,255,41854
fc1a1cd2d37a9100a80a496108f693ecebc59e14-dirty,2,pager,200,50,69,3731,192302,200,50,1585,49,192109,258089,1,213,35011
fc1a1cd2d37a9100a80a496108f693ecebc59e14-dirty,2,pager,200,50,70,3768,195641,200,50,1628,49,195448,265020,1,243,39904
fc1a1cd2d37a9100a80a496108f693ecebc59e14-dirty,2,pager,200,50,71,3846,198026,200,50,1651,49,197833,268771,1,241,39579
fc1a1cd2d37a9100a80a496108f693ecebc59e14-dirty,2,pager,200,50,72,3850,194528,200,50,1672,49,194335,272197,1,202,33222
fc1a1cd2d37a9100a80a496108f693ecebc59e14-dirty,2,pager,200,50,73,3928,192938,200,50,1652,49,192745,268957,1,201,33060
fc1a1cd2d37a9100a80a496108f693ecebc59e14-dirty,2,pager,200,50,74,3932,192620,200,50,1644,49,192427,267662,1,201,33060
fc1a1cd2d37a9100a80a496108f693ecebc59e14-dirty,2,pager,200,50,75,3969,202796,200,50,1701,49,202603,276907,1,259,42506
fc1a1cd2d37a9100a80a496108f693ecebc59e14-dirty,2,pager,200,50,76,4006,210269,200,50,1760,49,210076,286478,1,241,39575
fc1a1cd2d37a9100a80a496108f693ecebc59e14-dirty,2,pager,200,50,77,4088,204068,200,50,1739,49,203875,283091,1,228,37456
fc1a1cd2d37a9100a80a496108f693ecebc59e14-dirty,2,pager,200,50,78,4092,210272,200,50,1752,49,210079,285274,1,276,45286
fc1a1cd2d37a9100a80a496108f693ecebc59e14-dirty,2,pager,200,50,79,4165,199775,200,50,1752,49,199582,285341,1,207,34033
fc1a1cd2d37a9100a80a496108f693ecebc59e14-dirty,2,pager,200,50,80,4169,205025,200,50,1719,49,204832,280036,1,242,39744
fc1a1cd2d37a9100a80a496108f693ecebc59e14-dirty,2,pager,200,50,81,4206,202799,200,50,1744,49,202606,284124,1,202,33222
fc1a1cd2d37a9100a80a496108f693ecebc59e14-dirty,2,pager,200,50,82,4247,202640,200,50,1730,49,202447,281837,1,201,33060
fc1a1cd2d37a9100a80a496108f693ecebc59e14-dirty,2,pager,200,50,83,4288,202481,200,50,1729,49,202288,281656,1,201,33060
fc1a1cd2d37a9100a80a496108f693ecebc59e14-dirty,2,pager,200,50,84,4331,213293,200,50,1789,49,213100,291408,1,261,42832
fc1a1cd2d37a9100a80a496108f693ecebc59e14-dirty,2,pager,200,50,85,4366,210113,200,50,1808,49,209920,294511,1,221,36315
fc1a1cd2d37a9100a80a496108f693ecebc59e14-dirty,2,pager,200,50,86,4407,206297,200,50,1790,49,206104,291586,1,207,34037
fc1a1cd2d37a9100a80a496108f693ecebc59e14-dirty,2,pager,200,50,87,4490,205025,200,50,1763,49,204832,287216,1,207,34037
fc1a1cd2d37a9100a80a496108f693ecebc59e14-dirty,2,pager,200,50,88,4494,203117,200,50,1758,49,202924,286406,1,207,34037
fc1a1cd2d37a9100a80a496108f693ecebc59e14-dirty,2,pager,200,50,89,4566,200891,200,50,1752,49,200698,285357,1,207,34037
fc1a1cd2d37a9100a80a496108f693ecebc59e14-dirty,2,pager,200,50,90,4570,199301,200,50,1749,49,199108,284795,1,207,34037
fc1a1cd2d37a9100a80a496108f693ecebc59e14-dirty,2,pager,200,50,91,4608,197870,200,50,1753,49,197677,285373,1,208,34199
fc1a1cd2d37a9100a80a496108f693ecebc59e14-dirty,2,pager,200,50,92,4649,196757,200,50,1733,49,196564,282062,1,208,34199
fc1a1cd2d37a9100a80a496108f693ecebc59e14-dirty,2,pager,200,50,93,4685,195323,200,50,1714,49,195130,278943,1,208,34199
fc1a1cd2d37a9100a80a496108f693ecebc59e14-dirty,2,pager,200,50,94,4767,195482,200,50,1695,49,195289,275827,1,208,34199
fc1a1cd2d37a9100a80a496108f693ecebc59e14-dirty,2,pager,200,50,95,4772,191348,200,50,1661,49,191155,270281,1,208,34199
fc1a1cd2d37a9100a80a496108f693ecebc59e14-dirty,2,pager,200,50,96,4809,192620,200,50,1629,49,192427,265059,1,208,34199
fc1a1cd2d37a9100a80a496108f693ecebc59e14-dirty,2,pager,200,50,97,4845,194051,200,50,1629,49,193858,265060,1,208,34199
fc1a1cd2d37a9100a80a496108f693ecebc59e14-dirty,2,pager,200,50,98,4886,195641,200,50,1631,49,195448,265386,1,208,34199
fc1a1cd2d37a9100a80a496108f693ecebc59e14-dirty,2,pager,200,50,99,4927,183716,200,50,1555,49,183523,253034,1,208,34199
fc1a1cd2d37a9100a80a496108f693ecebc59e14-dirty,2,pager,200,50,100,4969,180377,200,50,1479,49,180184,240682,1,208,34199
fc1a1cd2d37a9100a80a496108f693ecebc59e14-dirty,2,pager,200,50,101,5012,169880,200,50,1405,49,169687,228626,1,208,34199
fc1a1cd2d37a9100a80a496108f693ecebc59e14-dirty,2,pager,200,50,102,5086,169880,200,50,1350,49,169687,219669,1,221,36319
fc1a1cd2d37a9100a80a496108f693ecebc59e14-dirty,2,pager,200,50,103,5090,163676,200,50,1328,49,163483,216087,1,203,33384
fc1a1cd2d37a9100a80a496108f693ecebc59e14-dirty,2,pager,200,50,104,5168,166538,200,50,1309,49,166345,212996,1,226,37129
fc1a1cd2d37a9100a80a496108f693ecebc59e14-dirty,2,pager,200,50,105,5172,160016,200,50,1291,49,159823,210099,1,201,33060
fc1a1cd2d37a9100a80a496108f693ecebc59e14-dirty,2,pager,200,50,106,5204,159698,200,50,1250,49,159505,203459,1,201,33060
fc1a1cd2d37a9100a80a496108f693ecebc59e14-dirty,2,pager,200,50,107,5286,170828,200,50,1312,49,170635,213505,1,264,43321
fc1a1cd2d37a9100a80a496108f693ecebc59e14-dirty,2,pager,200,50,108,5290,183713,200,50,1394,49,183520,226816,1,277,45449
fc1a1cd2d37a9100a80a496108f693ecebc59e14-dirty,2,pager,200,50,109,5328,178307,200,50,1420,49,178114,231061,1,222,36481
fc1a1cd2d37a9100a80a496108f693ecebc59e14-dirty,2,pager,200,50,110,5365,173855,200,50,1392,49,173662,226509,1,202,33222
fc1a1cd2d37a9100a80a496108f693ecebc59e14-dirty,2,pager,200,50,111,5447,163676,200,50,1326,49,163483,215778,1,206,33870
fc1a1cd2d37a9100a80a496108f693ecebc59e14-dirty,2,pager,200,50,112,5451,162404,200,50,1260,49,162211,205089,1,201,33060
fc1a1cd2d37a9100a80a496108f693ecebc59e14-dirty,2,pager,200,50,113,5488,156518,200,50,1222,49,156325,198934,1,201,33060
fc1a1cd2d37a9100a80a496108f693ecebc59e14-dirty,2,pager,200,50,114,5529,164786,200,50,1235,49,164593,201025,1,250,41039
fc1a1cd2d37a9100a80a496108f693ecebc59e14-dirty,2,pager,200,50,115,5606,179414,200,50,1328,49,179221,216119,1,289,47398
fc1a1cd2d37a9100a80a496108f693ecebc59e14-dirty,2,pager,200,50,116,5610,179573,200,50,1416,49,179380,230417,1,201,33060
fc1a1cd2d37a9100a80a496108f693ecebc59e14-dirty,2,pager,200,50,117,5647,169715,200,50,1362,49,169522,221601,1,201,33060
fc1a1cd2d37a9100a80a496108f693ecebc59e14-dirty,2,pager,200,50,118,5729,174803,200,50,1351,49,174610,219784,1,243,39898
fc1a1cd2d37a9100a80a496108f693ecebc59e14-dirty,2,pager,200,50,119,5733,175439,200,50,1354,49,175246,220273,1,247,40552
fc1a1cd2d37a9100a80a496108f693ecebc59e14-dirty,2,pager,200,50,120,5806,168602,200,50,1358,49,168409,220921,1,201,33060
fc1a1cd2d37a9100a80a496108f693ecebc59e14-dirty,2,pager,200,50,121,5810,168284,200,50,1318,49,168091,214441,1,201,33060
fc1a1cd2d37a9100a80a496108f693ecebc59e14-dirty,2,pager,200,50,122,5889,176234,200,50,1362,49,176041,221607,1,246,40387
fc1a1cd2d37a9100a80a496108f693ecebc59e14-dirty,2,pager,200,50,123,5893,180845,200,50,1408,49,180652,229037,1,228,37457
fc1a1cd2d37a9100a80a496108f693ecebc59e14-dirty,2,pager,200,50,124,5966,175121,200,50,1380,49,174928,224477,1,227,37297
fc1a1cd2d37a9100a80a496108f693ecebc59e14-dirty,2,pager,200,50,125,5970,172895,200,50,1329,49,172702,216212,1,231,37949
fc1a1cd2d37a9100a80a496108f693ecebc59e14-dirty,2,pager,200,50,126,6048,179255,200,50,1331,49,179062,216583,1,266,43654
fc1a1cd2d37a9100a80a496108f693ecebc59e14-dirty,2,pager,200,50,127,6052,167327,200,50,1320,49,167134,214865,1,201,33060
fc1a1cd2d37a9100a80a496108f693ecebc59e14-dirty,2,pager,200,50,128,6125,165896,200,50,1243,49,165703,202394,1,201,33060
fc1a1cd2d37a9100a80a496108f693ecebc59e14-dirty,2,pager,200,50,129,6129,172094,200,50,1273,49,171901,207317,1,274,44950
fc1a1cd2d37a9100a80a496108f693ecebc59e14-dirty,2,pager,200,50,130,6207,177818,200,50,1305,49,177625,212559,1,235,38597
fc1a1cd2d37a9100a80a496108f693ecebc59e14-dirty,2,pager,200,50,131,6211,179726,200,50,1334,49,179533,217285,1,212,34851
fc1a1cd2d37a9100a80a496108f693ecebc59e14-dirty,2,pager,200,50,132,6289,180044,200,50,1345,49,179851,219075,1,202,33222
fc1a1cd2d37a9100a80a496108f693ecebc59e14-dirty,2,pager,200,50,133,6293,181793,200,50,1357,49,181600,221094,1,274,44954
fc1a1cd2d37a9100a80a496108f693ecebc59e14-dirty,2,pager,200,50,134,6367,177977,200,50,1370,49,177784,223274,1,202,33222
fc1a1cd2d37a9100a80a496108f693ecebc59e14-dirty,2,pager,200,50,135,6371,177977,200,50,1355,49,177784,220848,1,207,34033
fc1a1cd2d37a9100a80a496108f693ecebc59e14-dirty,2,pager,200,50,136,6449,179408,200,50,1373,49,179215,223778,1,218,35829
fc1a1cd2d37a9100a80a496108f693ecebc59e14-dirty,2,pager,200,50,137,6453,184655,200,50,1402,49,184462,228503,1,240,39413
fc1a1cd2d37a9100a80a496108f693ecebc59e14-dirty,2,pager,200,50,138,6486,189425,200,50,1440,49,189232,234692,1,238,39086
fc1a1cd2d37a9100a80a496108f693ecebc59e14-dirty,2,pager,200,50,139,6568,194831,200,50,1482,49,194638,241535,1,239,39252
fc1a1cd2d37a9100a80a496108f693ecebc59e14-dirty,2,pager,200,50,140,6572,193878,200,50,1511,49,193685,246268,1,204,33549
fc1a1cd2d37a9100a80a496108f693ecebc59e14-dirty,2,pager,200,50,141,6645,193878,200,50,1516,49,193685,247063,1,207,34037
fc1a1cd2d37a9100a80a496108f693ecebc59e14-dirty,2,pager,200,50,142,6649,192925,200,50,1521,49,192732,247858,1,204,33549
fc1a1cd2d37a9100a80a496108f693ecebc59e14-dirty,2,pager,200,50,143,6686,191812,200,50,1524,49,191619,248323,1,203,33384
fc1a1cd2d37a9100a80a496108f693ecebc59e14-dirty,2,pager,200,50,144,6768,191176,200,50,1527,49,190983,248787,1,206,33873
fc1a1cd2d37a9100a80a496108f693ecebc59e14-dirty,2,pager,200,50,145,6772,191018,200,50,1537,49,190825,250417,1,209,34364
fc1a1cd2d37a9100a80a496108f693ecebc59e14-dirty,2,pager,200,50,146,6846,194043,200,50,1568,49,193850,255412,1,230,37790
fc1a1cd2d37a9100a80a496108f693ecebc59e14-dirty,2,pager,200,50,147,6850,197383,200,50,1596,49,197190,259897,1,232,38113
fc1a1cd2d37a9100a80a496108f693ecebc59e14-dirty,2,pager,200,50,148,6887,200087,200,50,1618,49,199894,263410,1,228,37461
fc1a1cd2d37a9100a80a496108f693ecebc59e14-dirty,2,pager,200,50,149,6969,198975,200,50,1644,49,198782,267629,1,202,33223
fc1a1cd2d37a9100a80a496108f693ecebc59e14-dirty,2,pager,200,50,150,6973,199771,200,50,1655,49,199578,269422,1,215,35342
fc1a1cd2d37a9100a80a496108f693ecebc59e14-dirty,2,pager,200,50,151,7006,196432,200,50,1648,49,196239,268298,1,202,33222
fc1a1cd2d37a9100a80a496108f693ecebc59e14-dirty,2,pager,200,50,152,7088,197386,200,50,1632,49,197193,265709,1,207,34033
fc1a1cd2d37a9100a80a496108f693ecebc59e14-dirty,2,pager,200,50,153,7092,202156,200,50,1663,49,201963,270738,1,254,41697
fc1a1cd2d37a9100a80a496108f693ecebc59e14-dirty,2,pager,200,50,154,7129,202315,200,50,1691,49,202122,275237,1,202,33222
fc1a1cd2d37a9100a80a496108f693ecebc59e14-dirty,2,pager,200,50,155,7170,202474,200,50,1692,49,202281,275311,1,201,33060
fc1a1cd2d37a9100a80a496108f693ecebc59e14-dirty,2,pager,200,50,156,7248,191185,200,50,1629,49,190992,265113,1,201,33060
fc1a1cd2d37a9100a80a496108f693ecebc59e14-dirty,2,pager,200,50,157,7252,187522,200,50,1598,49,187329,260094,1,252,41365
fc1a1cd2d37a9100a80a496108f693ecebc59e14-dirty,2,pager,200,50,158,7330,185932,200,50,1574,49,185739,256204,1,211,34685
fc1a1cd2d37a9100a80a496108f693ecebc59e14-dirty,2,pager,200,50,159,7334,194677,200,50,1612,49,194484,262370,1,257,42186
fc1a1cd2d37a9100a80a496108f693ecebc59e14-dirty,2,pager,200,50,160,7408,206443,200,50,1677,49,206250,272974,1,279,45772
fc1a1cd2d37a9100a80a496108f693ecebc59e14-dirty,2,pager,200,50,161,7412,213121,200,50,1750,49,212928,284837,1,242,39742
fc1a1cd2d37a9100a80a496108f693ecebc59e14-dirty,2,pager,200,50,162,7490,213439,200,50,1791,49,213246,291473,1,202,33222
fc1a1cd2d37a9100a80a496108f693ecebc59e14-dirty,2,pager,200,50,163,7494,205012,200,50,1743,49,204819,283675,1,201,33060
fc1a1cd2d37a9100a80a496108f693ecebc59e14-dirty,2,pager,200,50,164,7526,190225,200,50,1649,49,190032,268447,1,201,33060
fc1a1cd2d37a9100a80a496108f693ecebc59e14-dirty,2,pager,200,50,165,7567,196426,200,50,1595,49,196233,259689,1,235,38594
fc1a1cd2d37a9100a80a496108f693ecebc59e14-dirty,2,pager,200,50,166,7609,201514,200,50,1631,49,201321,265484,1,229,37619
fc1a1cd2d37a9100a80a496108f693ecebc59e14-dirty,2,pager,200,50,167,7650,198493,200,50,1619,49,198300,263574,1,228,37459
fc1a1cd2d37a9100a80a496108f693ecebc59e14-dirty,2,pager,200,50,168,7686,195472,200,50,1582,49,195279,257528,1,230,37785
fc1a1cd2d37a9100a80a496108f693ecebc59e14-dirty,2,pager,200,50,169,7727,199924,200,50,1547,49,199731,251803,1,229,37622
fc1a1cd2d37a9100a80a496108f693ecebc59e14-dirty,2,pager,200,50,170,7768,201673,200,50,1572,49,201480,255848,1,209,34362
fc1a1cd2d37a9100a80a496108f693ecebc59e14-dirty,2,pager,200,50,171,7850,194041,200,50,1536,49,193848,250019,1,203,33384
fc1a1cd2d37a9100a80a496108f693ecebc59e14-dirty,2,pager,200,50,172,7854,192451,200,50,1505,49,192258,244944,1,217,35663
fc1a1cd2d37a9100a80a496108f693ecebc59e14-dirty,2,pager,200,50,173,7927,191815,200,50,1502,49,191622,244411,1,225,36970
fc1a1cd2d37a9100a80a496108f693ecebc59e14-dirty,2,pager,200,50,174,7931,190225,200,50,1508,49,190032,245392,1,223,36644
fc1a1cd2d37a9100a80a496108f693ecebc59e14-dirty,2,pager,200,50,175,7969,183865,200,50,1483,49,183672,241340,1,228,37459
fc1a1cd2d37a9100a80a496108f693ecebc59e14-dirty,2,pager,200,50,176,8046,187363,200,50,1435,49,187170,233553,1,222,36481
fc1a1cd2d37a9100a80a496108f693ecebc59e14-dirty,2,pager,200,50,177,8050,191338,200,50,1448,49,191145,235634,1,225,36970
fc1a1cd2d37a9100a80a496108f693ecebc59e14-dirty,2,pager,200,50,178,8087,182752,200,50,1385,49,182559,225404,1,227,37296
fc1a1cd2d37a9100a80a496108f693ecebc59e14-dirty,2,pager,200,50,179,8128,180844,200,50,1316,49,180651,214203,1,227,37296
fc1a1cd2d37a9100a80a496108f693ecebc59e14-dirty,2,pager,200,50,180,8169,183229,200,50,1296,49,183036,210970,1,228,37459
fc1a1cd2d37a9100a80a496108f693ecebc59e14-dirty,2,pager,200,50,181,8246,183229,200,50,1312,49,183036,213583,1,202,33222
fc1a1cd2d37a9100a80a496108f693ecebc59e14-dirty,2,pager,200,50,182,8250,170827,200,50,1241,49,170634,202081,1,201,33060
fc1a1cd2d37a9100a80a496108f693ecebc59e14-dirty,2,pager,200,50,183,8329,170509,200,50,1169,49,170316,190417,1,201,33060
fc1a1cd2d37a9100a80a496108f693ecebc59e14-dirty,2,pager,200,50,184,8334,177346,200,50,1210,49,177153,197090,1,247,40550
fc1a1cd2d37a9100a80a496108f693ecebc59e14-dirty,2,pager,200,50,185,8406,189112,200,50,1282,49,188919,208809,1,285,46748
fc1a1cd2d37a9100a80a496108f693ecebc59e14-dirty,2,pager,200,50,186,8410,182593,200,50,1336,49,182400,217608,1,201,33060
fc1a1cd2d37a9100a80a496108f693ecebc59e14-dirty,2,pager,200,50,187,8488,176392,200,50,1297,49,176199,211272,1,201,33060
fc1a1cd2d37a9100a80a496108f693ecebc59e14-dirty,2,pager,200,50,188,8492,184024,200,50,1333,49,183831,217153,1,281,46092
fc1a1cd2d37a9100a80a496108f693ecebc59e14-dirty,2,pager,200,50,189,8565,189270,200,50,1378,49,189077,224505,1,233,38271
fc1a1cd2d37a9100a80a496108f693ecebc59e14-dirty,2,pager,200,50,190,8570,193404,200,50,1401,49,193211,228247,1,232,38108
fc1a1cd2d37a9100a80a496108f693ecebc59e14-dirty,2,pager,200,50,191,8607,197378,200,50,1423,49,197185,231834,1,226,37130
fc1a1cd2d37a9100a80a496108f693ecebc59e14-dirty,2,pager,200,50,192,8648,203261,200,50,1457,49,203068,237321,1,239,39249
fc1a1cd2d37a9100a80a496108f693ecebc59e14-dirty,2,pager,200,50,193,8689,209780,200,50,1499,49,209587,244115,1,241,39578
fc1a1cd2d37a9100a80a496108f693ecebc59e14-dirty,2,pager,200,50,194,8730,210416,200,50,1527,49,210223,248689,1,213,35016
fc1a1cd2d37a9100a80a496108f693ecebc59e14-dirty,2,pager,200,50,195,8766,208982,200,50,1513,49,208789,246436,1,221,36320
fc1a1cd2d37a9100a80a496108f693ecebc59e14-dirty,2,pager,200,50,196,8807,207710,200,50,1505,49,207517,245111,1,226,37135
fc1a1cd2d37a9100a80a496108f693ecebc59e14-dirty,2,pager,200,50,197,8849,212482,200,50,1538,49,212289,250463,1,257,42189
fc1a1cd2d37a9100a80a496108f693ecebc59e14-dirty,2,pager,200,50,198,8890,213594,200,50,1569,49,213401,255479,1,207,34033
fc1a1cd2d37a9100a80a496108f693ecebc59e14-dirty,2,pager,200,50,199,8931,212957,200,50,1568,49,212764,255255,1,211,34688
fc1a1cd2d37a9100a80a496108f693ecebc59e14-dirty,2,pager,200,50,200,8967,213594,200,50,1563,49,213401,254375,1,206,33875
fc1a1cd2d37a9100a80a496108f693ecebc59e14-dirty,2,pager,200,50,201,9008,213118,200,50,1561,49,212925,254018,1,206,33875
fc1a1cd2d37a9100a80a496108f693ecebc59e14-dirty,2,pager,200,50,202,9049,205010,200,50,1506,49,204817,245112,1,206,33875
fc1a1cd2d37a9100a80a496108f693ecebc59e14-dirty,2,pager,200,50,203,9127,209463,200,50,1482,49,209270,241256,1,231,37950
fc1a1cd2d37a9100a80a496108f693ecebc59e14-dirty,2,pager,200,50,204,9131,213598,200,50,1495,49,213405,243344,1,228,37461
fc1a1cd2d37a9100a80a496108f693ecebc59e14-dirty,2,pager,200,50,205,9168,217415,200,50,1507,49,217222,245265,1,225,36972
fc1a1cd2d37a9100a80a496108f693ecebc59e14-dirty,2,pager,200,50,206,9209,208670,200,50,1481,49,208477,241055,1,203,33384
fc1a1cd2d37a9100a80a496108f693ecebc59e14-dirty,2,pager,200,50,207,9250,206921,200,50,1432,49,206728,233113,1,202,33222
fc1a1cd2d37a9100a80a496108f693ecebc59e14-dirty,2,pager,200,50,208,9286,198017,200,50,1374,49,197824,223711,1,201,33060
fc1a1cd2d37a9100a80a496108f693ecebc59e14-dirty,2,pager,200,50,209,9327,187205,200,50,1316,49,187012,214292,1,212,34845
fc1a1cd2d37a9100a80a496108f693ecebc59e14-dirty,2,pager,200,50,210,9410,186092,200,50,1265,49,185899,206049,1,236,38757
fc1a1cd2d37a9100a80a496108f693ecebc59e14-dirty,2,pager,200,50,211,9414,187523,200,50,1251,49,187330,203794,1,211,34682
fc1a1cd2d37a9100a80a496108f693ecebc59e14-dirty,2,pager,200,50,212,9446,191975,200,50,1270,49,191782,206866,1,229,37616
fc1a1cd2d37a9100a80a496108f693ecebc59e14-dirty,2,pager,200,50,213,9487,198653,200,50,1302,49,198460,212068,1,243,39898
fc1a1cd2d37a9100a80a496108f693ecebc59e14-dirty,2,pager,200,50,214,9569,192293,200,50,1310,49,192100,213389,1,201,33060
fc1a1cd2d37a9100a80a496108f693ecebc59e14-dirty,2,pager,200,50,215,9573,188795,200,50,1282,49,188602,208844,1,209,34356
fc1a1cd2d37a9100a80a496108f693ecebc59e14-dirty,2,pager,200,50,216,9611,187205,200,50,1268,49,187012,206575,1,216,35498
fc1a1cd2d37a9100a80a496108f693ecebc59e14-dirty,2,pager,200,50,217,9688,184820,200,50,1272,49,184627,207220,1,213,35008
fc1a1cd2d37a9100a80a496108f693ecebc59e14-dirty,2,pager,200,50,218,9692,182753,200,50,1271,49,182560,207059,1,215,35334
fc1a1cd2d37a9100a80a496108f693ecebc59e14-dirty,2,pager,200,50,219,9729,182276,200,50,1256,49,182083,204625,1,207,34032
fc1a1cd2d37a9100a80a496108f693ecebc59e14-dirty,2,pager,200,50,220,9770,183071,200,50,1251,49,182878,203791,1,208,34194
fc1a1cd2d37a9100a80a496108f693ecebc59e14-dirty,2,pager,200,50,221,9806,181799,200,50,1242,49,181606,202337,1,210,34519
fc1a1cd2d37a9100a80a496108f693ecebc59e14-dirty,2,pager,200,50,222,9847,179891,200,50,1223,49,179698,199268,1,213,35008
fc1a1cd2d37a9100a80a496108f693ecebc59e14-dirty,2,pager,200,50,223,9888,178460,200,50,1212,49,178267,197443,1,214,35171
fc1a1cd2d37a9100a80a496108f693ecebc59e14-dirty,2,pager,200,50,224,9966,175757,200,50,1204,49,175564,196060,1,212,34845
fc1a1cd2d37a9100a80a496108f693ecebc59e14-dirty,2,pager,200,50,225,9969,174644,200,50,1199,49,174451,195172,1,216,35497
fc1a1cd2d37a9100a80a496108f693ecebc59e14-dirty,2,pager,200,50,226,10007,170669,200,50,1201,49,170476,195502,1,201,33060
fc1a1cd2d37a9100a80a496108f693ecebc59e14-dirty,2,pager,200,50,227,10089,172895,200,50,1229,49,172702,199988,1,239,39247
fc1a1cd2d37a9100a80a496108f693ecebc59e14-dirty,2,pager,200,50,228,10093,173054,200,50,1251,49,172861,203496,1,226,37128
fc1a1cd2d37a9100a80a496108f693ecebc59e14-dirty,2,pager,200,50,229,10166,172100,200,50,1259,49,171907,204780,1,222,36476
fc1a1cd2d37a9100a80a496108f693ecebc59e14-dirty,2,pager,200,50,230,10170,176393,200,50,1253,49,176200,203802,1,227,37291
fc1a1cd2d37a9100a80a496108f693ecebc59e14-dirty,2,pager,200,50,231,10207,181163,200,50,1272,49,180970,206862,1,232,38106
fc1a1cd2d37a9100a80a496108f693ecebc59e14-dirty,2,pager,200,50,232,10290,181163,200,50,1303,49,180970,211862,1,201,33060
fc1a1cd2d37a9100a80a496108f693ecebc59e14-dirty,2,pager,200,50,233,10294,185935,200,50,1331,49,185742,216435,1,275,45116
fc1a1cd2d37a9100a80a496108f693ecebc59e14-dirty,2,pager,200,50,234,10326,180213,200,50,1313,49,180020,213582,1,253,41530
fc1a1cd2d37a9100a80a496108f693ecebc59e14-dirty,2,pager,200,50,235,10368,180054,200,50,1281,49,179861,208424,1,201,33060
fc1a1cd2d37a9100a80a496108f693ecebc59e14-dirty,2,pager,200,50,236,10450,184983,200,50,1307,49,184790,212599,1,227,37291
fc1a1cd2d37a9100a80a496108f693ecebc59e14-dirty,2,pager,200,50,237,10454,179736,200,50,1284,49,179543,208872,1,253,41531
fc1a1cd2d37a9100a80a496108f693ecebc59e14-dirty,2,pager,200,50,238,10486,180372,200,50,1251,49,180179,203570,1,238,39086
fc1a1cd2d37a9100a80a496108f693ecebc59e14-dirty,2,pager,200,50,239,10528,178623,200,50,1260,49,178430,205051,1,225,36966
fc1a1cd2d37a9100a80a496108f693ecebc59e14-dirty,2,pager,200,50,240,10569,180531,200,50,1267,49,180338,206212,1,236,38760
fc1a1cd2d37a9100a80a496108f693ecebc59e14-dirty,2,pager,200,50,241,10610,182759,200,50,1285,49,182566,209187,1,255,41862
fc1a1cd2d37a9100a80a496108f693ecebc59e14-dirty,2,pager,200,50,242,10646,175604,200,50,1293,49,175411,210510,1,202,33222
fc1a1cd2d37a9100a80a496108f693ecebc59e14-dirty,2,pager,200,50,243,10687,185304,200,50,1327,49,185111,216075,1,275,45118
fc1a1cd2d37a9100a80a496108f693ecebc59e14-dirty,2,pager,200,50,244,10770,194048,200,50,1384,49,193855,225367,1,275,45117
fc1a1cd2d37a9100a80a496108f693ecebc59e14-dirty,2,pager,200,50,245,10774,197545,200,50,1433,49,197352,233349,1,244,40064
fc1a1cd2d37a9100a80a496108f693ecebc59e14-dirty,2,pager,200,50,246,10847,194521,200,50,1422,49,194328,231603,1,239,39248
fc1a1cd2d37a9100a80a496108f693ecebc59e14-dirty,2,pager,200,50,247,10851,206128,200,50,1444,49,205935,235245,1,284,46583
fc1a1cd2d37a9100a80a496108f693ecebc59e14-dirty,2,pager,200,50,248,10929,204538,200,50,1515,49,204345,246817,1,201,33060
fc1a1cd2d37a9100a80a496108f693ecebc59e14-dirty,2,pager,200,50,249,10933,203583,200,50,1506,49,203390,245333,1,201,33060
fc1a1cd2d37a9100a80a496108f693ecebc59e14-dirty,2,pager,200,50,250,10971,211373,200,50,1552,49,211180,252797,1,250,41038
fc1a1cd2d37a9100a80a496108f693ecebc59e14-dirty,2,pager,200,50,251,11007,215983,200,50,1604,49,215790,261243,1,236,38759
fc1a1cd2d37a9100a80a496108f693ecebc59e14-dirty,2,pager,200,50,252,11088,216618,200,50,1611,49,216425,262375,1,234,38437
fc1a1cd2d37a9100a80a496108f693ecebc59e14-dirty,2,pager,200,50,253,11092,215345,200,50,1629,49,215152,265280,1,220,36155
fc1a1cd2d37a9100a80a496108f693ecebc59e14-dirty,2,pager,200,50,254,11166,211687,200,50,1636,49,211494,266422,1,201,33060
fc1a1cd2d37a9100a80a496108f693ecebc59e14-dirty,2,pager,200,50,255,11170,211210,200,50,1611,49,211017,262357,1,201,33060
fc1a1cd2d37a9100a80a496108f693ecebc59e14-dirty,2,pager,200,50,256,11208,220909,200,50,1665,49,220716,271139,1,257,42180
fc1a1cd2d37a9100a80a496108f693ecebc59e14-dirty,2,pager,200,50,257,11290,226633,200,50,1722,49,226440,280414,1,234,38434
fc1a1cd2d37a9100a80a496108f693ecebc59e14-dirty,2,pager,200,50,258,11295,233788,200,50,1763,49,233595,287105,1,255,41857
fc1a1cd2d37a9100a80a496108f693ecebc59e14-dirty,2,pager,200,50,259,11327,236014,200,50,1786,49,235821,290876,1,248,40716
fc1a1cd2d37a9100a80a496108f693ecebc59e14-dirty,2,pager,200,50,260,11369,242215,200,50,1803,49,242022,293667,1,249,40879
fc1a1cd2d37a9100a80a496108f693ecebc59e14-dirty,2,pager,200,50,261,11410,246508,200,50,1834,49,246315,298731,1,254,41694
fc1a1cd2d37a9100a80a496108f693ecebc59e14-dirty,2,pager,200,50,262,11451,239830,200,50,1854,49,239637,302016,1,201,33060
fc1a1cd2d37a9100a80a496108f693ecebc59e14-dirty,2,pager,200,50,263,11528,244441,200,50,1837,49,244248,299282,1,227,37293
fc1a1cd2d37a9100a80a496108f693ecebc59e14-dirty,2,pager,200,50,264,11533,246667,200,50,1856,49,246474,302379,1,226,37133
fc1a1cd2d37a9100a80a496108f693ecebc59e14-dirty,2,pager,200,50,265,11611,244123,200,50,1865,49,243930,303853,1,202,33222
fc1a1cd2d37a9100a80a496108f693ecebc59e14-dirty,2,pager,200,50,266,11615,241897,200,50,1849,49,241704,301231,1,201,33060
fc1a1cd2d37a9100a80a496108f693ecebc59e14-dirty,2,pager,200,50,267,11647,245713,200,50,1877,49,245520,305778,1,240,39411
fc1a1cd2d37a9100a80a496108f693ecebc59e14-dirty,2,pager,200,50,268,11689,244600,200,50,1906,49,244407,310495,1,201,33060
fc1a1cd2d37a9100a80a496108f693ecebc59e14-dirty,2,pager,200,50,269,11730,243328,200,50,1902,49,243135,309830,1,201,33060
fc1a1cd2d37a9100a80a496108f693ecebc59e14-dirty,2,pager,200,50,270,11771,246031,200,50,1922,49,245838,313073,1,227,37290
fc1a1cd2d37a9100a80a496108f693ecebc59e14-dirty,2,pager,200,50,271,11807,251119,200,50,1962,49,250926,319566,1,250,41041
fc1a1cd2d37a9100a80a496108f693ecebc59e14-dirty,2,pager,200,50,272,11849,249052,200,50,2008,49,248859,326986,1,201,33060
fc1a1cd2d37a9100a80a496108f693ecebc59e14-dirty,2,pager,200,50,273,11890,246985,200,50,1999,49,246792,325459,1,201,33060
fc1a1cd2d37a9100a80a496108f693ecebc59e14-dirty,2,pager,200,50,274,11931,255889,200,50,2059,49,255696,335196,1,273,44788
fc1a1cd2d37a9100a80a496108f693ecebc59e14-dirty,2,pager,200,50,275,11968,255889,200,50,2116,49,255696,344476,1,201,33060
fc1a1cd2d37a9100a80a496108f693ecebc59e14-dirty,2,pager,200,50,276,12009,256684,200,50,2121,49,256491,345271,1,244,40061
fc1a1cd2d37a9100a80a496108f693ecebc59e14-dirty,2,pager,200,50,277,12050,259864,200,50,2142,49,259671,348663,1,243,39901
fc1a1cd2d37a9100a80a496108f693ecebc59e14-dirty,2,pager,200,50,278,12092,257638,200,50,2165,49,257445,352388,1,208,34199
fc1a1cd2d37a9100a80a496108f693ecebc59e14-dirty,2,pager,200,50,279,12128,253504,200,50,2152,49,253311,350253,1,203,33384
fc1a1cd2d37a9100a80a496108f693ecebc59e14-dirty,2,pager,200,50,280,12169,257002,200,50,2183,49,256809,355266,1,253,41530
fc1a1cd2d37a9100a80a496108f693ecebc59e14-dirty,2,pager,200,50,281,12251,270201,200,50,2226,49,270008,362256,1,269,44141
fc1a1cd2d37a9100a80a496108f693ecebc59e14-dirty,2,pager,200,50,282,12256,258592,200,50,2220,49,258399,361280,1,208,34195
fc1a1cd2d37a9100a80a496108f693ecebc59e14-dirty,2,pager,200,50,283,12289,251753,200,50,2163,49,251560,351982,1,214,35177
fc1a1cd2d37a9100a80a496108f693ecebc59e14-dirty,2,pager,200,50,284,12330,253980,200,50,2128,49,253787,346265,1,215,35342
fc1a1cd2d37a9100a80a496108f693ecebc59e14-dirty,2,pager,200,50,285,12412,258274,200,50,2154,49,258081,350492,1,254,41699
fc1a1cd2d37a9100a80a496108f693ecebc59e14-dirty,2,pager,200,50,286,12417,249529,200,50,2151,49,249336,349987,1,203,33384
fc1a1cd2d37a9100a80a496108f693ecebc59e14-dirty,2,pager,200,50,287,12489,243328,200,50,2104,49,243135,342291,1,202,33222
fc1a1cd2d37a9100a80a496108f693ecebc59e14-dirty,2,pager,200,50,288,12494,239671,200,50,2067,49,239478,336302,1,201,33060
fc1a1cd2d37a9100a80a496108f693ecebc59e14-dirty,2,pager,200,50,289,12567,233152,200,50,2032,49,232959,330588,1,201,33060
fc1a1cd2d37a9100a80a496108f693ecebc59e14-dirty,2,pager,200,50,290,12572,233152,200,50,2024,49,232959,329284,1,249,40878
fc1a1cd2d37a9100a80a496108f693ecebc59e14-dirty,2,pager,200,50,291,12650,240148,200,50,2021,49,239955,328806,1,244,40064
fc1a1cd2d37a9100a80a496108f693ecebc59e14-dirty,2,pager,200,50,292,12654,231560,200,50,1989,49,231367,323631,1,219,35989
fc1a1cd2d37a9100a80a496108f693ecebc59e14-dirty,2,pager,200,50,293,12732,231719,200,50,1980,49,231526,322220,1,263,43164
fc1a1cd2d37a9100a80a496108f693ecebc59e14-dirty,2,pager,200,50,294,12736,225995,200,50,1971,49,225802,320824,1,208,34199
fc1a1cd2d37a9100a80a496108f693ecebc59e14-dirty,2,pager,200,50,295,12768,222975,200,50,1948,49,222782,317068,1,220,36157
fc1a1cd2d37a9100a80a496108f693ecebc59e14-dirty,2,pager,200,50,296,12809,210255,200,50,1887,49,210062,307152,1,202,33222
fc1a1cd2d37a9100a80a496108f693ecebc59e14-dirty,2,pager,200,50,297,12850,210414,200,50,1805,49,210221,293822,1,202,33222
fc1a1cd2d37a9100a80a496108f693ecebc59e14-dirty,2,pager,200,50,298,12892,222180,200,50,1867,49,221987,303874,1,264,43324
fc1a1cd2d37a9100a80a496108f693ecebc59e14-dirty,2,pager,200,50,299,12969,214866,200,50,1881,49,214673,306165,1,208,34195
fc1a1cd2d37a9100a80a496108f693ecebc59e14-dirty,2,pager,200,50,300,12973,211686,200,50,1847,49,211493,300628,1,216,35503
fc1a1cd2d37a9100a80a496108f693ecebc59e14-dirty,2,pager,200,50,301,13011,206598,200,50,1826,49,206405,297192,1,202,33222
fc1a1cd2d37a9100a80a496108f693ecebc59e14-dirty,2,pager,200,50,302,13088,203736,200,50,1795,49,203543,292145,1,201,33060
fc1a1cd2d37a9100a80a496108f693ecebc59e14-dirty,2,pager,200,50,303,13092,211686,200,50,1827,49,211493,297347,1,252,41365
fc1a1cd2d37a9100a80a496108f693ecebc59e14-dirty,2,pager,200,50,304,13129,219159,200,50,1853,49,218966,301561,1,249,40876
fc1a1cd2d37a9100a80a496108f693ecebc59e14-dirty,2,pager,200,50,305,13170,215979,200,50,1822,49,215786,296573,1,244,40061
fc1a1cd2d37a9100a80a496108f693ecebc59e14-dirty,2,pager,200,50,306,13212,219477,200,50,1804,49,219284,293668,1,263,43158
fc1a1cd2d37a9100a80a496108f693ecebc59e14-dirty,2,pager,200,50,307,13248,218682,200,50,1786,49,218489,290749,1,252,41365
fc1a1cd2d37a9100a80a496108f693ecebc59e14-dirty,2,pager,200,50,308,13329,215820,200,50,1763,49,215627,287052,1,235,38594
fc1a1cd2d37a9100a80a496108f693ecebc59e14-dirty,2,pager,200,50,309,13334,220908,200,50,1799,49,220715,292932,1,278,45606
fc1a1cd2d37a9100a80a496108f693ecebc59e14-dirty,2,pager,200,50,310,13408,212322,200,50,1826,49,212129,297331,1,202,33222
fc1a1cd2d37a9100a80a496108f693ecebc59e14-dirty,2,pager,200,50,311,13413,217092,200,50,1803,49,216899,293582,1,230,37780
fc1a1cd2d37a9100a80a496108f693ecebc59e14-dirty,2,pager,200,50,312,13450,214707,200,50,1806,49,214514,294093,1,215,35334
fc1a1cd2d37a9100a80a496108f693ecebc59e14-dirty,2,pager,200,50,313,13532,225042,200,50,1863,49,224849,303335,1,282,46257
fc1a1cd2d37a9100a80a496108f693ecebc59e14-dirty,2,pager,200,50,314,13536,236172,200,50,1917,49,235979,312087,1,269,44138
fc1a1cd2d37a9100a80a496108f693ecebc59e14-dirty,2,pager,200,50,315,13610,236490,200,50,1986,49,236297,323284,1,202,33222
fc1a1cd2d37a9100a80a496108f693ecebc59e14-dirty,2,pager,200,50,316,13614,231879,200,50,1958,49,231686,318708,1,211,34682
fc1a1cd2d37a9100a80a496108f693ecebc59e14-dirty,2,pager,200,50,317,13692,235854,200,50,1936,49,235661,315126,1,226,37127
fc1a1cd2d37a9100a80a496108f693ecebc59e14-dirty,2,pager,200,50,318,13696,239193,200,50,1952,49,239000,317726,1,222,36475
fc1a1cd2d37a9100a80a496108f693ecebc59e14-dirty,2,pager,200,50,319,13769,234741,200,50,1947,49,234548,316886,1,201,33060
fc1a1cd2d37a9100a80a496108f693ecebc59e14-dirty,2,pager,200,50,320,13773,234423,200,50,1941,49,234230,315882,1,243,39898
fc1a1cd2d37a9100a80a496108f693ecebc59e14-dirty,2,pager,200,50,321,13812,238239,200,50,1923,49,238046,312936,1,226,37127
fc1a1cd2d37a9100a80a496108f693ecebc59e14-dirty,2,pager,200,50,322,13852,238239,200,50,1948,49,238046,316987,1,201,33060
fc1a1cd2d37a9100a80a496108f693ecebc59e14-dirty,2,pager,200,50,323,13888,228540,200,50,1885,49,228347,306773,1,210,34519
fc1a1cd2d37a9100a80a496108f693ecebc59e14-dirty,2,pager,200,50,324,13971,228540,200,50,1822,49,228347,296524,1,201,33060
fc1a1cd2d37a9100a80a496108f693ecebc59e14-dirty,2,pager,200,50,325,13975,226791,200,50,1812,49,226598,294883,1,234,38431
fc1a1cd2d37a9100a80a496108f693ecebc59e14-dirty,2,pager,200,50,326,14048,219318,200,50,1798,49,219125,292645,1,201,33060
fc1a1cd2d37a9100a80a496108f693ecebc59e14-dirty,2,pager,200,50,327,14052,221385,200,50,1774,49,221192,288769,1,218,35823
fc1a1cd2d37a9100a80a496108f693ecebc59e14-dirty,2,pager,200,50,328,14129,226155,200,50,1798,49,225962,292685,1,232,38107
fc1a1cd2d37a9100a80a496108f693ecebc59e14-dirty,2,pager,200,50,329,14134,220590,200,50,1777,49,220397,289266,1,218,35825
fc1a1cd2d37a9100a80a496108f693ecebc59e14-dirty,2,pager,200,50,330,14171,211525,200,50,1727,49,211332,281137,1,225,36966
fc1a1cd2d37a9100a80a496108f693ecebc59e14-dirty,2,pager,200,50,331,14208,213274,200,50,1682,49,213081,273830,1,220,36151
fc1a1cd2d37a9100a80a496108f693ecebc59e14-dirty,2,pager,200,50,332,14249,211366,200,50,1685,49,211173,274268,1,201,33060
fc1a1cd2d37a9100a80a496108f693ecebc59e14-dirty,2,pager,200,50,333,14290,209139,200,50,1668,49,208946,271453,1,201,33060
fc1a1cd2d37a9100a80a496108f693ecebc59e14-dirty,2,pager,200,50,334,14331,202301,200,50,1628,49,202108,264954,1,213,35008
fc1a1cd2d37a9100a80a496108f693ecebc59e14-dirty,2,pager,200,50,335,14367,208661,200,50,1613,49,208468,262536,1,235,38597
fc1a1cd2d37a9100a80a496108f693ecebc59e14-dirty,2,pager,200,50,336,14409,215180,200,50,1654,49,214987,269218,1,240,39415
fc1a1cd2d37a9100a80a496108f693ecebc59e14-dirty,2,pager,200,50,337,14450,218519,200,50,1690,49,218326,275027,1,218,35829
fc1a1cd2d37a9100a80a496108f693ecebc59e14-dirty,2,pager,200,50,338,14491,224085,200,50,1727,49,223892,280994,1,236,38765
fc1a1cd2d37a9100a80a496108f693ecebc59e14-dirty,2,pager,200,50,339,14532,218360,200,50,1712,49,218167,278586,1,220,36157
fc1a1cd2d37a9100a80a496108f693ecebc59e14-dirty,2,pager,200,50,340,14568,211523,200,50,1681,49,211330,273577,1,203,33384
fc1a1cd2d37a9100a80a496108f693ecebc59e14-dirty,2,pager,200,50,341,14609,214862,200,50,1677,49,214669,272967,1,239,39252
fc1a1cd2d37a9100a80a496108f693ecebc59e14-dirty,2,pager,200,50,342,14691,202778,200,50,1648,49,202585,268258,1,201,33060
fc1a1cd2d37a9100a80a496108f693ecebc59e14-dirty,2,pager,200,50,343,14695,202460,200,50,1590,49,202267,258840,1,206,33873
fc1a1cd2d37a9100a80a496108f693ecebc59e14-dirty,2,pager,200,50,344,14768,208502,200,50,1626,49,208309,264705,1,256,42025
fc1a1cd2d37a9100a80a496108f693ecebc59e14-dirty,2,pager,200,50,345,14772,212001,200,50,1661,49,211808,270390,1,225,36972
fc1a1cd2d37a9100a80a496108f693ecebc59e14-dirty,2,pager,200,50,346,14852,213115,200,50,1684,49,212922,274108,1,209,34364
fc1a1cd2d37a9100a80a496108f693ecebc59e14-dirty,2,pager,200,50,347,14856,204848,200,50,1640,49,204655,266976,1,221,36320
fc1a1cd2d37a9100a80a496108f693ecebc59e14-dirty,2,pager,200,50,348,14888,203735,200,50,1597,49,203542,259955,1,202,33222
fc1a1cd2d37a9100a80a496108f693ecebc59e14-dirty,2,pager,200,50,349,14929,201668,200,50,1580,49,201475,257128,1,202,33222
fc1a1cd2d37a9100a80a496108f693ecebc59e14-dirty,2,pager,200,50,350,15011,201350,200,50,1565,49,201157,254671,1,201,33060
fc1a1cd2d37a9100a80a496108f693ecebc59e14-dirty,2,pager,200,50,351,15015,208346,200,50,1601,49,208153,260509,1,239,39249
fc1a1cd2d37a9100a80a496108f693ecebc59e14-dirty,2,pager,200,50,352,15052,203735,200,50,1589,49,203542,258524,1,220,36155
fc1a1cd2d37a9100a80a496108f693ecebc59e14-dirty,2,pager,200,50,353,15088,201828,200,50,1598,49,201635,259936,1,234,38439
fc1a1cd2d37a9100a80a496108f693ecebc59e14-dirty,2,pager,200,50,354,15129,195309,200,50,1606,49,195116,261195,1,202,33222
fc1a1cd2d37a9100a80a496108f693ecebc59e14-dirty,2,pager,200,50,355,15211,193560,200,50,1610,49,193367,261875,1,246,40393
fc1a1cd2d37a9100a80a496108f693ecebc59e14-dirty,2,pager,200,50,356,15215,190857,200,50,1609,49,190664,261729,1,234,38437
fc1a1cd2d37a9100a80a496108f693ecebc59e14-dirty,2,pager,200,50,357,15289,186087,200,50,1615,49,185894,262715,1,202,33222
fc1a1cd2d37a9100a80a496108f693ecebc59e14-dirty,2,pager,200,50,358,15292,173049,200,50,1535,49,172856,249741,1,201,33060
fc1a1cd2d37a9100a80a496108f693ecebc59e14-dirty,2,pager,200,50,359,15371,174639,200,50,1467,49,174446,238694,1,212,34847
fc1a1cd2d37a9100a80a496108f693ecebc59e14-dirty,2,pager,200,50,360,15375,176547,200,50,1475,49,176354,239998,1,237,38923
fc1a1cd2d37a9100a80a496108f693ecebc59e14-dirty,2,pager,200,50,361,15448,179568,200,50,1485,49,179375,241634,1,230,37785
fc1a1cd2d37a9100a80a496108f693ecebc59e14-dirty,2,pager,200,50,362,15452,173208,200,50,1442,49,173015,234709,1,246,40393
fc1a1cd2d37a9100a80a496108f693ecebc59e14-dirty,2,pager,200,50,363,15531,167007,200,50,1405,49,166814,228754,1,233,38274
fc1a1cd2d37a9100a80a496108f693ecebc59e14-dirty,2,pager,200,50,364,15536,168757,200,50,1369,49,168564,222928,1,212,34853
fc1a1cd2d37a9100a80a496108f693ecebc59e14-dirty,2,pager,200,50,365,15568,174164,200,50,1401,49,173971,228130,1,239,39254
fc1a1cd2d37a9100a80a496108f693ecebc59e14-dirty,2,pager,200,50,366,15609,172893,200,50,1424,49,172700,231880,1,220,36157
fc1a1cd2d37a9100a80a496108f693ecebc59e14-dirty,2,pager,200,50,367,15650,177664,200,50,1463,49,177471,238222,1,252,41373
fc1a1cd2d37a9100a80a496108f693ecebc59e14-dirty,2,pager,200,50,368,15728,179255,200,50,1490,49,179062,242623,1,211,34690
fc1a1cd2d37a9100a80a496108f693ecebc59e14-dirty,2,pager,200,50,369,15732,172896,200,50,1459,49,172703,237597,1,203,33386
fc1a1cd2d37a9100a80a496108f693ecebc59e14-dirty,2,pager,200,50,370,15810,170671,200,50,1438,49,170478,234182,1,212,34853
fc1a1cd2d37a9100a80a496108f693ecebc59e14-dirty,2,pager,200,50,371,15814,173215,200,50,1426,49,173022,232239,1,215,35340
fc1a1cd2d37a9100a80a496108f693ecebc59e14-dirty,2,pager,200,50,372,15888,172421,200,50,1430,49,172228,232907,1,206,33875
fc1a1cd2d37a9100a80a496108f693ecebc59e14-dirty,2,pager,200,50,373,15891,178146,200,50,1454,49,177953,236825,1,236,38765
fc1a1cd2d37a9100a80a496108f693ecebc59e14-dirty,2,pager,200,50,374,15970,175921,200,50,1455,49,175728,236991,1,220,36157
fc1a1cd2d37a9100a80a496108f693ecebc59e14-dirty,2,pager,200,50,375,15975,176239,200,50,1441,49,176046,234707,1,202,33222
fc1a1cd2d37a9100a80a496108f693ecebc59e14-dirty,2,pager,200,50,376,16011,173218,200,50,1425,49,173025,232086,1,202,33222
fc1a1cd2d37a9100a80a496108f693ecebc59e14-dirty,2,pager,200,50,377,16089,167971,200,50,1393,49,167778,226872,1,201,33060
fc1a1cd2d37a9100a80a496108f693ecebc59e14-dirty,2,pager,200,50,378,16092,175444,200,50,1417,49,175251,230781,1,256,42020
fc1a1cd2d37a9100a80a496108f693ecebc59e14-dirty,2,pager,200,50,379,16171,181327,200,50,1452,49,181134,236494,1,256,42020
fc1a1cd2d37a9100a80a496108f693ecebc59e14-dirty,2,pager,200,50,380,16175,188005,200,50,1484,49,187812,241699,1,254,41694
fc1a1cd2d37a9100a80a496108f693ecebc59e14-dirty,2,pager,200,50,381,16248,189754,200,50,1518,49,189561,247224,1,212,34847
fc1a1cd2d37a9100a80a496108f693ecebc59e14-dirty,2,pager,200,50,382,16252,200566,200,50,1576,49,200373,256669,1,259,42509
fc1a1cd2d37a9100a80a496108f693ecebc59e14-dirty,2,pager,200,50,383,16331,203428,200,50,1625,49,203235,264614,1,230,37785
fc1a1cd2d37a9100a80a496108f693ecebc59e14-dirty,2,pager,200,50,384,16335,201838,200,50,1593,49,201645,259393,1,230,37785
fc1a1cd2d37a9100a80a496108f693ecebc59e14-dirty,2,pager,200,50,385,16408,196909,200,50,1579,49,196716,257133,1,210,34525
fc1a1cd2d37a9100a80a496108f693ecebc59e14-dirty,2,pager,200,50,386,16412,195161,200,50,1555,49,194968,253238,1,210,34527
fc1a1cd2d37a9100a80a496108f693ecebc59e14-dirty,2,pager,200,50,387,16491,195320,200,50,1551,49,195127,252605,1,238,39091
fc1a1cd2d37a9100a80a496108f693ecebc59e14-dirty,2,pager,200,50,388,16495,204542,200,50,1593,49,204349,259483,1,278,45611
fc1a1cd2d37a9100a80a496108f693ecebc59e14-dirty,2,pager,200,50,389,16532,204383,200,50,1650,49,204190,268795,1,202,33222
fc1a1cd2d37a9100a80a496108f693ecebc59e14-dirty,2,pager,200,50,390,16568,199932,200,50,1624,49,199739,264558,1,212,34853
fc1a1cd2d37a9100a80a496108f693ecebc59e14-dirty,2,pager,200,50,391,16609,200250,200,50,1598,49,200057,260319,1,202,33222
fc1a1cd2d37a9100a80a496108f693ecebc59e14-dirty,2,pager,200,50,392,16651,209472,200,50,1656,49,209279,269742,1,264,43327
fc1a1cd2d37a9100a80a496108f693ecebc59e14-dirty,2,pager,200,50,393,16692,203747,200,50,1662,49,203554,270745,1,220,36155
fc1a1cd2d37a9100a80a496108f693ecebc59e14-dirty,2,pager,200,50,394,16728,202634,200,50,1627,49,202441,265048,1,216,35505
fc1a1cd2d37a9100a80a496108f693ecebc59e14-dirty,2,pager,200,50,395,16769,207086,200,50,1637,49,206893,266669,1,236,38765
fc1a1cd2d37a9100a80a496108f693ecebc59e14-dirty,2,pager,200,50,396,16810,206927,200,50,1653,49,206734,269262,1,220,36157
fc1a1cd2d37a9100a80a496108f693ecebc59e14-dirty,2,pager,200,50,397,16892,207086,200,50,1653,49,206893,269281,1,203,33384
fc1a1cd2d37a9100a80a496108f693ecebc59e14-dirty,2,pager,200,50,398,16896,207086,200,50,1654,49,206893,269434,1,202,33222
fc1a1cd2d37a9100a80a496108f693ecebc59e14-dirty,2,pager,200,50,399,16970,207086,200,50,1654,49,206893,269397,1,201,33060
fc1a1cd2d37a9100a80a496108f693ecebc59e14-dirty,2,pager,200,50,400,16974,207722,200,50,1656,49,207529,269722,1,241,39575
fc1a1cd2d37a9100a80a496108f693ecebc59e14-dirty,2,pager,200,50,401,17011,211697,200,50,1667,49,211504,271513,1,248,40719
fc1a1cd2d37a9100a80a496108f693ecebc59e14-dirty,2,pager,200,50,402,17052,206449,200,50,1679,49,206256,273461,1,202,33222
fc1a1cd2d37a9100a80a496108f693ecebc59e14-dirty,2,pager,200,50,403,17088,206131,200,50,1646,49,205938,268082,1,201,33060
fc1a1cd2d37a9100a80a496108f693ecebc59e14-dirty,2,pager,200,50,404,17129,208039,200,50,1651,49,207846,268896,1,251,41205
fc1a1cd2d37a9100a80a496108f693ecebc59e14-dirty,2,pager,200,50,405,17170,202792,200,50,1664,49,202599,271006,1,204,33546
fc1a1cd2d37a9100a80a496108f693ecebc59e14-dirty,2,pager,200,50,406,17212,211855,200,50,1681,49,211662,273757,1,255,41858
fc1a1cd2d37a9100a80a496108f693ecebc59e14-dirty,2,pager,200,50,407,17248,221236,200,50,1734,49,221043,282347,1,252,41368
fc1a1cd2d37a9100a80a496108f693ecebc59e14-dirty,2,pager,200,50,408,17289,226642,200,50,1771,49,226449,288381,1,240,39412
fc1a1cd2d37a9100a80a496108f693ecebc59e14-dirty,2,pager,200,50,409,17331,227437,200,50,1775,49,227244,289060,1,242,39737
fc1a1cd2d37a9100a80a496108f693ecebc59e14-dirty,2,pager,200,50,410,17372,225370,200,50,1778,49,225177,289573,1,220,36155
fc1a1cd2d37a9100a80a496108f693ecebc59e14-dirty,2,pager,200,50,411,17413,217897,200,50,1756,49,217704,286012,1,202,33222
fc1a1cd2d37a9100a80a496108f693ecebc59e14-dirty,2,pager,200,50,412,17449,212650,200,50,1714,49,212457,279174,1,201,33060
fc1a1cd2d37a9100a80a496108f693ecebc59e14-dirty,2,pager,200,50,413,17530,223938,200,50,1758,49,223745,286342,1,279,45769
fc1a1cd2d37a9100a80a496108f693ecebc59e14-dirty,2,pager,200,50,414,17535,225845,200,50,1797,49,225652,292717,1,253,41534
fc1a1cd2d37a9100a80a496108f693ecebc59e14-dirty,2,pager,200,50,415,17573,226640,200,50,1809,49,226447,294710,1,226,37135
fc1a1cd2d37a9100a80a496108f693ecebc59e14-dirty,2,pager,200,50,416,17650,222665,200,50,1784,49,222472,290690,1,229,37624
fc1a1cd2d37a9100a80a496108f693ecebc59e14-dirty,2,pager,200,50,417,17654,226960,200,50,1766,49,226767,287752,1,235,38604
fc1a1cd2d37a9100a80a496108f693ecebc59e14-dirty,2,pager,200,50,418,17691,226960,200,50,1791,49,226767,291779,1,204,33549
fc1a1cd2d37a9100a80a496108f693ecebc59e14-dirty,2,pager,200,50,419,17733,225528,200,50,1784,49,225335,290592,1,202,33222
fc1a1cd2d37a9100a80a496108f693ecebc59e14-dirty,2,pager,200,50,420,17769,228390,200,50,1800,49,228197,293160,1,231,37948
fc1a1cd2d37a9100a80a496108f693ecebc59e14-dirty,2,pager,200,50,421,17810,230774,200,50,1816,49,230581,295723,1,219,35992
fc1a1cd2d37a9100a80a496108f693ecebc59e14-dirty,2,pager,200,50,422,17892,233795,200,50,1840,49,233602,299605,1,255,41862
fc1a1cd2d37a9100a80a496108f693ecebc59e14-dirty,2,pager,200,50,423,17896,239837,200,50,1851,49,239644,301425,1,260,42677
fc1a1cd2d37a9100a80a496108f693ecebc59e14-dirty,2,pager,200,50,424,17970,249060,200,50,1875,49,248867,305328,1,260,42677
fc1a1cd2d37a9100a80a496108f693ecebc59e14-dirty,2,pager,200,50,425,17975,258760,200,50,1922,49,258567,312979,1,262,43003
fc1a1cd2d37a9100a80a496108f693ecebc59e14-dirty,2,pager,200,50,426,18052,268460,200,50,1970,49,268267,320771,1,260,42677
fc1a1cd2d37a9100a80a496108f693ecebc59e14-dirty,2,pager,200,50,427,18057,263850,200,50,1963,49,263657,319614,1,233,38276
fc1a1cd2d37a9100a80a496108f693ecebc59e14-dirty,2,pager,200,50,428,18130,257968,200,50,1936,49,257775,315197,1,226,37135
fc1a1cd2d37a9100a80a496108f693ecebc59e14-dirty,2,pager,200,50,429,18135,249542,200,50,1905,49,249349,310190,1,209,34364
fc1a1cd2d37a9100a80a496108f693ecebc59e14-dirty,2,pager,200,50,430,18172,247953,200,50,1860,49,247760,302903,1,202,33223
fc1a1cd2d37a9100a80a496108f693ecebc59e14-dirty,2,pager,200,50,431,18249,237459,200,50,1803,49,237266,293613,1,202,33222
fc1a1cd2d37a9100a80a496108f693ecebc59e14-dirty,2,pager,200,50,432,18254,232530,200,50,1743,49,232337,283833,1,202,33222
fc1a1cd2d37a9100a80a496108f693ecebc59e14-dirty,2,pager,200,50,433,18331,227283,200,50,1736,49,227090,282679,1,201,33060
fc1a1cd2d37a9100a80a496108f693ecebc59e14-dirty,2,pager,200,50,434,18336,233802,200,50,1753,49,233609,285441,1,248,40715
fc1a1cd2d37a9100a80a496108f693ecebc59e14-dirty,2,pager,200,50,435,18373,238094,200,50,1784,49,237901,290469,1,239,39252
fc1a1cd2d37a9100a80a496108f693ecebc59e14-dirty,2,pager,200,50,436,18409,232687,200,50,1789,49,232494,291294,1,202,33222
fc1a1cd2d37a9100a80a496108f693ecebc59e14-dirty,2,pager,200,50,437,18491,220602,200,50,1714,49,220409,279141,1,201,33060
fc1a1cd2d37a9100a80a496108f693ecebc59e14-dirty,2,pager,200,50,438,18496,227121,200,50,1674,49,226928,272694,1,239,39249
fc1a1cd2d37a9100a80a496108f693ecebc59e14-dirty,2,pager,200,50,439,18569,228074,200,50,1699,49,227881,276737,1,216,35503
fc1a1cd2d37a9100a80a496108f693ecebc59e14-dirty,2,pager,200,50,440,18573,229029,200,50,1701,49,228836,277023,1,208,34201
fc1a1cd2d37a9100a80a496108f693ecebc59e14-dirty,2,pager,200,50,441,18651,221239,200,50,1652,49,221046,269053,1,216,35505
fc1a1cd2d37a9100a80a496108f693ecebc59e14-dirty,2,pager,200,50,442,18656,220445,200,50,1587,48,217532,258524,1,216,35505
fc1a1cd2d37a9100a80a496108f693ecebc59e14-dirty,2,pager,200,50,443,18729,225533,200,50,1613,48,222620,262734,1,248,40721
fc1a1cd2d37a9100a80a496108f693ecebc59e14-dirty,2,pager,200,50,444,18733,221716,200,50,1628,48,218803,265165,1,211,34688
fc1a1cd2d37a9100a80a496108f693ecebc59e14-dirty,2,pager,200,50,445,18770,225214,200,50,1637,48,222301,266614,1,242,39743
fc1a1cd2d37a9100a80a496108f693ecebc59e14-dirty,2,pager,200,50,446,18811,225055,200,50,1658,48,222142,270005,1,202,33222
fc1a1cd2d37a9100a80a496108f693ecebc59e14-dirty,2,pager,200,50,447,18853,226009,200,50,1662,48,223096,270613,1,208,34199
fc1a1cd2d37a9100a80a496108f693ecebc59e14-dirty,2,pager,200,50,448,18889,226327,200,50,1669,48,223414,271711,1,202,33222
fc1a1cd2d37a9100a80a496108f693ecebc59e14-dirty,2,pager,200,50,449,18930,218536,200,50,1630,48,215623,265356,1,201,33060
fc1a1cd2d37a9100a80a496108f693ecebc59e14-dirty,2,pager,200,50,450,18971,218854,200,50,1622,48,215941,264083,1,244,40064
fc1a1cd2d37a9100a80a496108f693ecebc59e14-dirty,2,pager,200,50,451,19012,226009,200,50,1622,48,223096,264128,1,244,40067
fc1a1cd2d37a9100a80a496108f693ecebc59e14-dirty,2,pager,200,50,452,19090,232369,200,50,1660,48,229456,270246,1,236,38763
fc1a1cd2d37a9100a80a496108f693ecebc59e14-dirty,2,pager,200,50,453,19094,233641,200,50,1672,48,230728,272175,1,260,42675
fc1a1cd2d37a9100a80a496108f693ecebc59e14-dirty,2,pager,200,50,454,19131,244294,200,50,1692,48,241381,275430,1,268,43979
fc1a1cd2d37a9100a80a496108f693ecebc59e14-dirty,2,pager,200,50,455,19172,235231,200,50,1709,48,232318,278219,1,202,33222
fc1a1cd2d37a9100a80a496108f693ecebc59e14-dirty,2,pager,200,50,456,19208,225850,200,50,1656,48,222937,269604,1,201,33060
fc1a1cd2d37a9100a80a496108f693ecebc59e14-dirty,2,pager,200,50,457,19250,228394,200,50,1662,48,225481,270590,1,255,41857
fc1a1cd2d37a9100a80a496108f693ecebc59e14-dirty,2,pager,200,50,458,19332,227599,200,50,1675,48,224686,272748,1,239,39252
fc1a1cd2d37a9100a80a496108f693ecebc59e14-dirty,2,pager,200,50,459,19336,232369,200,50,1677,48,229456,273092,1,246,40393
fc1a1cd2d37a9100a80a496108f693ecebc59e14-dirty,2,pager,200,50,460,19374,233482,200,50,1702,48,230569,277158,1,208,34199
fc1a1cd2d37a9100a80a496108f693ecebc59e14-dirty,2,pager,200,50,461,19451,234278,200,50,1709,48,231365,278241,1,205,33712
fc1a1cd2d37a9100a80a496108f693ecebc59e14-dirty,2,pager,200,50,462,19455,222195,200,50,1637,48,219282,266542,1,208,34201
fc1a1cd2d37a9100a80a496108f693ecebc59e14-dirty,2,pager,200,50,463,19533,219175,200,50,1592,48,216262,259250,1,237,38928
fc1a1cd2d37a9100a80a496108f693ecebc59e14-dirty,2,pager,200,50,464,19537,219652,200,50,1576,48,216739,256648,1,225,36972
fc1a1cd2d37a9100a80a496108f693ecebc59e14-dirty,2,pager,200,50,465,19569,219970,200,50,1571,48,217057,255815,1,227,37298
fc1a1cd2d37a9100a80a496108f693ecebc59e14-dirty,2,pager,200,50,466,19611,222671,200,50,1595,48,219758,259708,1,255,41862
fc1a1cd2d37a9100a80a496108f693ecebc59e14-dirty,2,pager,200,50,467,19692,229190,200,50,1609,48,226277,261994,1,245,40232
fc1a1cd2d37a9100a80a496108f693ecebc59e14-dirty,2,pager,200,50,468,19697,229190,200,50,1650,48,226277,268656,1,202,33222
fc1a1cd2d37a9100a80a496108f693ecebc59e14-dirty,2,pager,200,50,469,19770,224102,200,50,1622,48,221189,264113,1,202,33222
fc1a1cd2d37a9100a80a496108f693ecebc59e14-dirty,2,pager,200,50,470,19774,220763,200,50,1593,48,217850,259415,1,201,33060
fc1a1cd2d37a9100a80a496108f693ecebc59e14-dirty,2,pager,200,50,471,19853,219331,200,50,1575,48,216418,256533,1,241,39574
fc1a1cd2d37a9100a80a496108f693ecebc59e14-dirty,2,pager,200,50,472,19857,215196,200,50,1573,48,212283,256246,1,230,37785
fc1a1cd2d37a9100a80a496108f693ecebc59e14-dirty,2,pager,200,50,473,19889,208199,200,50,1560,48,205286,254123,1,215,35340
fc1a1cd2d37a9100a80a496108f693ecebc59e14-dirty,2,pager,200,50,474,19930,204383,200,50,1552,48,201470,252821,1,238,39091
fc1a1cd2d37a9100a80a496108f693ecebc59e14-dirty,2,pager,200,50,475,20012,201998,200,50,1551,48,199085,252668,1,248,40721
fc1a1cd2d37a9100a80a496108f693ecebc59e14-dirty,2,pager,200,50,476,20016,196591,200,50,1551,48,193678,252714,1,202,33222
fc1a1cd2d37a9100a80a496108f693ecebc59e14-dirty,2,pager,200,50,477,20048,192774,200,50,1520,48,189861,247654,1,202,33222
fc1a1cd2d37a9100a80a496108f693ecebc59e14-dirty,2,pager,200,50,478,20090,191342,200,50,1496,48,188429,243729,1,201,33060
fc1a1cd2d37a9100a80a496108f693ecebc59e14-dirty,2,pager,200,50,479,20131,205492,200,50,1571,48,202579,255944,1,285,46747
fc1a1cd2d37a9100a80a496108f693ecebc59e14-dirty,2,pager,200,50,480,20172,211852,200,50,1652,48,208939,269131,1,241,39578
fc1a1cd2d37a9100a80a496108f693ecebc59e14-dirty,2,pager,200,50,481,20213,216941,200,50,1688,48,214029,275001,1,232,38113
fc1a1cd2d37a9100a80a496108f693ecebc59e14-dirty,2,pager,200,50,482,20250,217259,200,50,1719,48,214347,280009,1,202,33222
fc1a1cd2d37a9100a80a496108f693ecebc59e14-dirty,2,pager,200,50,483,20291,211853,200,50,1688,48,208941,274957,1,217,35666
fc1a1cd2d37a9100a80a496108f693ecebc59e14-dirty,2,pager,200,50,484,20373,213762,200,50,1697,48,210850,276429,1,251,41210
fc1a1cd2d37a9100a80a496108f693ecebc59e14-dirty,2,pager,200,50,485,20377,221872,200,50,1697,48,218960,276429,1,254,41699
fc1a1cd2d37a9100a80a496108f693ecebc59e14-dirty,2,pager,200,50,486,20449,224258,200,50,1738,48,221346,283107,1,216,35505
fc1a1cd2d37a9100a80a496108f693ecebc59e14-dirty,2,pager,200,50,487,20454,219807,200,50,1715,48,216895,279393,1,215,35342
fc1a1cd2d37a9100a80a496108f693ecebc59e14-dirty,2,pager,200,50,488,20492,219490,200,50,1682,48,216578,274055,1,217,35668
fc1a1cd2d37a9100a80a496108f693ecebc59e14-dirty,2,pager,200,50,489,20569,221080,200,50,1673,48,218168,272561,1,218,35831
fc1a1cd2d37a9100a80a496108f693ecebc59e14-dirty,2,pager,200,50,490,20574,222034,200,50,1669,48,219122,271875,1,223,36646
fc1a1cd2d37a9100a80a496108f693ecebc59e14-dirty,2,pager,200,50,491,20610,224578,200,50,1681,49,224385,273792,1,231,37950
fc1a1cd2d37a9100a80a496108f693ecebc59e14-dirty,2,pager,200,50,492,20693,217104,200,50,1666,49,216911,271330,1,202,33222
fc1a1cd2d37a9100a80a496108f693ecebc59e14-dirty,2,pager,200,50,493,20697,215355,200,50,1618,49,215162,263489,1,202,33222
fc1a1cd2d37a9100a80a496108f693ecebc59e14-dirty,2,pager,200,50,494,20770,208517,200,50,1575,49,208324,256457,1,201,33060
fc1a1cd2d37a9100a80a496108f693ecebc59e14-dirty,2,pager,200,50,495,20774,220283,200,50,1602,49,220090,260895,1,270,44302
fc1a1cd2d37a9100a80a496108f693ecebc59e14-dirty,2,pager,200,50,496,20811,225212,200,50,1668,49,225019,271603,1,239,39252
fc1a1cd2d37a9100a80a496108f693ecebc59e14-dirty,2,pager,200,50,497,20853,229029,200,50,1696,49,228836,276121,1,219,35994
fc1a1cd2d37a9100a80a496108f693ecebc59e14-dirty,2,pager,200,50,498,20894,230779,200,50,1716,49,230586,279339,1,212,34853
fc1a1cd2d37a9100a80a496108f693ecebc59e14-dirty,2,pager,200,50,499,20930,224420,200,50,1686,49,224227,274452,1,207,34038
fc1a1cd2d37a9100a80a496108f693ecebc59e14-dirty,2,pager,200,50,500,21012,219015,200,50,1653,49,218822,269118,1,214,35179
fc1a1cd2d37a9100a80a496108f693ecebc59e14-dirty,2,pager,200,50,501,21016,213133,200,50,1629,49,212940,265239,1,203,33386
fc1a1cd2d37a9100a80a496108f693ecebc59e14-dirty,2,pager,200,50,502,21053,205025,200,50,1583,49,204832,257766,1,217,35668
fc1a1cd2d37a9100a80a496108f693ecebc59e14-dirty,2,pager,200,50,503,21130,195804,200,50,1531,49,195611,249321,1,210,34527
fc1a1cd2d37a9100a80a496108f693ecebc59e14-dirty,2,pager,200,50,504,21134,196441,200,50,1473,49,196248,239912,1,206,33875
fc1a1cd2d37a9100a80a496108f693ecebc59e14-dirty,2,pager,200,50,505,21172,201530,200,50,1501,49,201337,244423,1,232,38113
fc1a1cd2d37a9100a80a496108f693ecebc59e14-dirty,2,pager,200,50,506,21213,192150,200,50,1480,49,191957,241008,1,203,33386
fc1a1cd2d37a9100a80a496108f693ecebc59e14-dirty,2,pager,200,50,507,21290,186427,200,50,1430,49,186234,232873,1,206,33875
fc1a1cd2d37a9100a80a496108f693ecebc59e14-dirty,2,pager,200,50,508,21294,178796,200,50,1393,49,178603,226884,1,203,33386
fc1a1cd2d37a9100a80a496108f693ecebc59e14-dirty,2,pager,200,50,509,21372,178796,200,50,1354,49,178603,220572,1,207,34037
fc1a1cd2d37a9100a80a496108f693ecebc59e14-dirty,2,pager,200,50,510,21376,181976,200,50,1371,49,181783,223312,1,225,36972
fc1a1cd2d37a9100a80a496108f693ecebc59e14-dirty,2,pager,200,50,511,21449,181499,200,50,1389,49,181306,226208,1,205,33712
fc1a1cd2d37a9100a80a496108f693ecebc59e14-dirty,2,pager,200,50,512,21453,175774,200,50,1357,49,175581,220997,1,202,33222
fc1a1cd2d37a9100a80a496108f693ecebc59e14-dirty,2,pager,200,50,513,21532,171957,200,50,1322,49,171764,215286,1,202,33222
fc1a1cd2d37a9100a80a496108f693ecebc59e14-dirty,2,pager,200,50,514,21536,167504,200,50,1297,49,167311,211188,1,201,33060
fc1a1cd2d37a9100a80a496108f693ecebc59e14-dirty,2,pager,200,50,515,21609,166867,200,50,1285,49,166674,209234,1,244,40064
fc1a1cd2d37a9100a80a496108f693ecebc59e14-dirty,2,pager,200,50,516,21613,168297,200,50,1289,49,168104,209930,1,250,41045
fc1a1cd2d37a9100a80a496108f693ecebc59e14-dirty,2,pager,200,50,517,21651,176089,200,50,1295,49,175896,210951,1,249,40884
fc1a1cd2d37a9100a80a496108f693ecebc59e14-dirty,2,pager,200,50,518,21692,183404,200,50,1338,49,183211,217880,1,252,41373
fc1a1cd2d37a9100a80a496108f693ecebc59e14-dirty,2,pager,200,50,519,21769,194376,200,50,1399,49,194183,227742,1,266,43655
fc1a1cd2d37a9100a80a496108f693ecebc59e14-dirty,2,pager,200,50,520,21773,187380,200,50,1425,49,187187,231987,1,202,33222
fc1a1cd2d37a9100a80a496108f693ecebc59e14-dirty,2,pager,200,50,521,21810,182451,200,50,1383,49,182258,225157,1,202,33222
fc1a1cd2d37a9100a80a496108f693ecebc59e14-dirty,2,pager,200,50,522,21895,180066,200,50,1354,49,179873,220444,1,201,33060
fc1a1cd2d37a9100a80a496108f693ecebc59e14-dirty,2,pager,200,50,523,21899,173864,200,50,1314,49,173671,213912,1,201,33060
fc1a1cd2d37a9100a80a496108f693ecebc59e14-dirty,2,pager,200,50,524,21933,177520,200,50,1325,49,177327,215705,1,259,42506
fc1a1cd2d37a9100a80a496108f693ecebc59e14-dirty,2,pager,200,50,525,22010,181177,200,50,1338,49,180984,217821,1,224,36800
fc1a1cd2d37a9100a80a496108f693ecebc59e14-dirty,2,pager,200,50,526,22014,184675,200,50,1360,49,184482,221386,1,222,36475
fc1a1cd2d37a9100a80a496108f693ecebc59e14-dirty,2,pager,200,50,527,22093,188809,200,50,1390,49,188616,226264,1,227,37292
fc1a1cd2d37a9100a80a496108f693ecebc59e14-dirty,2,pager,200,50,528,22096,174499,200,50,1333,49,174306,217050,1,201,33060
fc1a1cd2d37a9100a80a496108f693ecebc59e14-dirty,2,pager,200,50,529,22169,167821,200,50,1251,49,167628,203761,1,201,33060
fc1a1cd2d37a9100a80a496108f693ecebc59e14-dirty,2,pager,200,50,530,22173,165912,200,50,1233,49,165719,200846,1,220,36149
fc1a1cd2d37a9100a80a496108f693ecebc59e14-dirty,2,pager,200,50,531,22251,170046,200,50,1230,49,169853,200349,1,224,36804
fc1a1cd2d37a9100a80a496108f693ecebc59e14-dirty,2,pager,200,50,532,22255,173862,200,50,1261,49,173669,205413,1,245,40230
fc1a1cd2d37a9100a80a496108f693ecebc59e14-dirty,2,pager,200,50,533,22329,166229,200,50,1252,49,166036,203998,1,202,33222
fc1a1cd2d37a9100a80a496108f693ecebc59e14-dirty,2,pager,200,50,534,22333,157960,200,50,1215,49,157767,197935,1,201,33060
fc1a1cd2d37a9100a80a496108f693ecebc59e14-dirty,2,pager,200,50,535,22370,155574,200,50,1174,49,155381,191220,1,201,33060
fc1a1cd2d37a9100a80a496108f693ecebc59e14-dirty,2,pager,200,50,536,22411,159548,200,50,1195,49,159355,194613,1,236,38757
fc1a1cd2d37a9100a80a496108f693ecebc59e14-dirty,2,pager,200,50,537,22493,162727,200,50,1226,49,162534,199639,1,233,38271
fc1a1cd2d37a9100a80a496108f693ecebc59e14-dirty,2,pager,200,50,538,22497,166065,200,50,1261,49,165872,205331,1,235,38600
fc1a1cd2d37a9100a80a496108f693ecebc59e14-dirty,2,pager,200,50,539,22570,170676,200,50,1303,49,170483,212170,1,252,41373
fc1a1cd2d37a9100a80a496108f693ecebc59e14-dirty,2,pager,200,50,540,22574,165905,200,50,1343,49,165712,218686,1,202,33222
fc1a1cd2d37a9100a80a496108f693ecebc59e14-dirty,2,pager,200,50,541,22652,165905,200,50,1314,49,165712,213973,1,202,33222
fc1a1cd2d37a9100a80a496108f693ecebc59e14-dirty,2,pager,200,50,542,22657,165746,200,50,1314,49,165553,213960,1,201,33060
fc1a1cd2d37a9100a80a496108f693ecebc59e14-dirty,2,pager,200,50,543,22689,165746,200,50,1314,49,165553,213951,1,201,33060
fc1a1cd2d37a9100a80a496108f693ecebc59e14-dirty,2,pager,200,50,544,22771,162566,200,50,1294,49,162373,210727,1,249,40876
fc1a1cd2d37a9100a80a496108f693ecebc59e14-dirty,2,pager,200,50,545,22775,163520,200,50,1275,49,163327,207666,1,244,40064
fc1a1cd2d37a9100a80a496108f693ecebc59e14-dirty,2,pager,200,50,546,22853,169726,200,50,1306,49,169533,212753,1,264,43333
fc1a1cd2d37a9100a80a496108f693ecebc59e14-dirty,2,pager,200,50,547,22857,169407,200,50,1351,49,169214,220097,1,207,34033
fc1a1cd2d37a9100a80a496108f693ecebc59e14-dirty,2,pager,200,50,548,22889,171950,200,50,1364,49,171757,222219,1,225,36970
fc1a1cd2d37a9100a80a496108f693ecebc59e14-dirty,2,pager,200,50,549,22971,170200,200,50,1374,49,170007,223836,1,202,33222
fc1a1cd2d37a9100a80a496108f693ecebc59e14-dirty,2,pager,200,50,550,22975,169881,200,50,1361,49,169688,221706,1,201,33060
fc1a1cd2d37a9100a80a496108f693ecebc59e14-dirty,2,pager,200,50,551,23013,167177,200,50,1346,49,166984,219271,1,201,33060
fc1a1cd2d37a9100a80a496108f693ecebc59e14-dirty,2,pager,200,50,552,23089,175603,200,50,1390,49,175410,226447,1,259,42506
fc1a1cd2d37a9100a80a496108f693ecebc59e14-dirty,2,pager,200,50,553,23093,180531,200,50,1442,49,180338,234923,1,238,39085
fc1a1cd2d37a9100a80a496108f693ecebc59e14-dirty,2,pager,200,50,554,23131,185147,200,50,1473,49,184954,239963,1,254,41703
fc1a1cd2d37a9100a80a496108f693ecebc59e14-dirty,2,pager,200,50,555,23172,184828,200,50,1494,49,184635,243361,1,201,33060
fc1a1cd2d37a9100a80a496108f693ecebc59e14-dirty,2,pager,200,50,556,23213,183873,200,50,1490,49,183680,242662,1,201,33060
fc1a1cd2d37a9100a80a496108f693ecebc59e14-dirty,2,pager,200,50,557,23250,191822,200,50,1530,49,191629,249135,1,247,40550
fc1a1cd2d37a9100a80a496108f693ecebc59e14-dirty,2,pager,200,50,558,23291,197069,200,50,1572,49,196876,255917,1,241,39575
fc1a1cd2d37a9100a80a496108f693ecebc59e14-dirty,2,pager,200,50,559,23369,196909,200,50,1587,49,196716,258317,1,225,36970
fc1a1cd2d37a9100a80a496108f693ecebc59e14-dirty,2,pager,200,50,560,23373,203586,200,50,1608,49,203393,261757,1,244,40064
fc1a1cd2d37a9100a80a496108f693ecebc59e14-dirty,2,pager,200,50,561,23452,207402,200,50,1647,49,207209,268113,1,228,37459
fc1a1cd2d37a9100a80a496108f693ecebc59e14-dirty,2,pager,200,50,562,23456,215829,200,50,1697,49,215636,276261,1,252,41368
fc1a1cd2d37a9100a80a496108f693ecebc59e14-dirty,2,pager,200,50,563,23534,219009,200,50,1749,49,218816,284675,1,221,36318
fc1a1cd2d37a9100a80a496108f693ecebc59e14-dirty,2,pager,200,50,564,23538,212490,200,50,1729,49,212297,281397,1,207,34033
fc1a1cd2d37a9100a80a496108f693ecebc59e14-dirty,2,pager,200,50,565,23610,207084,200,50,1696,49,206891,276049,1,220,36155
fc1a1cd2d37a9100a80a496108f693ecebc59e14-dirty,2,pager,200,50,566,23614,199292,200,50,1665,49,199099,271015,1,202,33222
fc1a1cd2d37a9100a80a496108f693ecebc59e14-dirty,2,pager,200,50,567,23693,191818,200,50,1622,49,191625,264022,1,201,33060
fc1a1cd2d37a9100a80a496108f693ecebc59e14-dirty,2,pager,200,50,568,23697,180846,200,50,1561,49,180653,254139,1,201,33060
fc1a1cd2d37a9100a80a496108f693ecebc59e14-dirty,2,pager,200,50,569,23770,190704,200,50,1555,49,190511,253199,1,260,42669
fc1a1cd2d37a9100a80a496108f693ecebc59e14-dirty,2,pager,200,50,570,23774,192612,200,50,1611,49,192419,262294,1,212,34848
fc1a1cd2d37a9100a80a496108f693ecebc59e14-dirty,2,pager,200,50,571,23852,204537,200,50,1690,49,204344,275122,1,278,45609
fc1a1cd2d37a9100a80a496108f693ecebc59e14-dirty,2,pager,200,50,572,23856,213441,200,50,1745,49,213248,284044,1,257,42186
fc1a1cd2d37a9100a80a496108f693ecebc59e14-dirty,2,pager,200,50,573,23889,209784,200,50,1722,49,209591,280361,1,247,40556
fc1a1cd2d37a9100a80a496108f693ecebc59e14-dirty,2,pager,200,50,574,23931,215031,200,50,1700,49,214838,276845,1,261,42838
fc1a1cd2d37a9100a80a496108f693ecebc59e14-dirty,2,pager,200,50,575,24013,211533,200,50,1737,49,211340,282871,1,202,33222
fc1a1cd2d37a9100a80a496108f693ecebc59e14-dirty,2,pager,200,50,576,24017,207558,200,50,1708,49,207365,278148,1,201,33060
fc1a1cd2d37a9100a80a496108f693ecebc59e14-dirty,2,pager,200,50,577,24090,207399,200,50,1682,49,207206,273903,1,201,33060
fc1a1cd2d37a9100a80a496108f693ecebc59e14-dirty,2,pager,200,50,578,24094,213441,200,50,1719,49,213248,279875,1,238,39083
fc1a1cd2d37a9100a80a496108f693ecebc59e14-dirty,2,pager,200,50,579,24173,210897,200,50,1737,49,210704,282777,1,206,33870
fc1a1cd2d37a9100a80a496108f693ecebc59e14-dirty,2,pager,200,50,580,24177,209307,200,50,1729,49,209114,281504,1,218,35829
fc1a1cd2d37a9100a80a496108f693ecebc59e14-dirty,2,pager,200,50,581,24250,206127,200,50,1705,49,205934,277640,1,223,36644
fc1a1cd2d37a9100a80a496108f693ecebc59e14-dirty,2,pager,200,50,582,24254,209466,200,50,1662,49,209273,270677,1,223,36644
fc1a1cd2d37a9100a80a496108f693ecebc59e14-dirty,2,pager,200,50,583,24333,215349,200,50,1698,49,215156,276499,1,239,39252
fc1a1cd2d37a9100a80a496108f693ecebc59e14-dirty,2,pager,200,50,584,24337,222027,200,50,1740,49,221834,283291,1,243,39904
fc1a1cd2d37a9100a80a496108f693ecebc59e14-dirty,2,pager,200,50,585,24374,224253,200,50,1759,49,224060,286364,1,256,42023
fc1a1cd2d37a9100a80a496108f693ecebc59e14-dirty,2,pager,200,50,586,24410,224094,200,50,1779,49,223901,289601,1,237,38926
fc1a1cd2d37a9100a80a496108f693ecebc59e14-dirty,2,pager,200,50,587,24452,224889,200,50,1781,49,224696,289944,1,245,40230
fc1a1cd2d37a9100a80a496108f693ecebc59e14-dirty,2,pager,200,50,588,24534,223139,200,50,1770,49,222946,288178,1,243,39904
fc1a1cd2d37a9100a80a496108f693ecebc59e14-dirty,2,pager,200,50,589,24538,230453,200,50,1766,49,230260,287575,1,249,40882
fc1a1cd2d37a9100a80a496108f693ecebc59e14-dirty,2,pager,200,50,590,24612,230453,200,50,1813,49,230260,295236,1,202,33222
fc1a1cd2d37a9100a80a496108f693ecebc59e14-dirty,2,pager,200,50,591,24616,230453,200,50,1813,49,230260,295179,1,201,33060
fc1a1cd2d37a9100a80a496108f693ecebc59e14-dirty,2,pager,200,50,592,24694,230453,200,50,1813,49,230260,295118,1,201,33060
fc1a1cd2d37a9100a80a496108f693ecebc59e14-dirty,2,pager,200,50,593,24699,228704,200,50,1805,49,228511,293803,1,241,39572
fc1a1cd2d37a9100a80a496108f693ecebc59e14-dirty,2,pager,200,50,594,24770,223775,200,50,1791,49,223582,291522,1,212,34848
fc1a1cd2d37a9100a80a496108f693ecebc59e14-dirty,2,pager,200,50,595,24775,219635,200,50,1766,49,219442,287506,1,239,39252
fc1a1cd2d37a9100a80a496108f693ecebc59e14-dirty,2,pager,200,50,596,24854,220113,200,50,1736,49,219920,282638,1,211,34690
fc1a1cd2d37a9100a80a496108f693ecebc59e14-dirty,2,pager,200,50,597,24858,218206,200,50,1723,49,218013,280501,1,213,35016
fc1a1cd2d37a9100a80a496108f693ecebc59e14-dirty,2,pager,200,50,598,24890,219956,200,50,1710,49,219763,278370,1,212,34853
fc1a1cd2d37a9100a80a496108f693ecebc59e14-dirty,2,pager,200,50,599,24972,220274,200,50,1721,49,220081,280120,1,203,33384
fc1a1cd2d37a9100a80a496108f693ecebc59e14-dirty,2,pager,200,50,600,24976,228860,200,50,1774,49,228667,288715,1,255,41860
fc1a1cd2d37a9100a80a496108f693ecebc59e14-dirty,2,pager,200,50,601,25014,229019,200,50,1761,49,228826,286612,1,262,43001
fc1a1cd2d37a9100a80a496108f693ecebc59e14-dirty,2,pager,200,50,602,25091,227271,200,50,1761,49,227078,286628,1,225,36972
fc1a1cd2d37a9100a80a496108f693ecebc59e14-dirty,2,pager,200,50,603,25095,217884,200,50,1726,49,217691,280958,1,202,33222
fc1a1cd2d37a9100a80a496108f693ecebc59e14-dirty,2,pager,200,50,604,25132,224244,200,50,1713,49,224051,278872,1,242,39741
fc1a1cd2d37a9100a80a496108f693ecebc59e14-dirty,2,pager,200,50,605,25214,224562,200,50,1754,49,224369,285534,1,202,33222
fc1a1cd2d37a9100a80a496108f693ecebc59e14-dirty,2,pager,200,50,606,25219,216453,200,50,1709,49,216260,278251,1,201,33060
fc1a1cd2d37a9100a80a496108f693ecebc59e14-dirty,2,pager,200,50,607,25250,209775,200,50,1662,49,209582,270645,1,201,33060
fc1a1cd2d37a9100a80a496108f693ecebc59e14-dirty,2,pager,200,50,608,25332,209457,200,50,1643,49,209264,267523,1,221,36311
fc1a1cd2d37a9100a80a496108f693ecebc59e14-dirty,2,pager,200,50,609,25337,204687,200,50,1619,49,204494,263593,1,215,35334
fc1a1cd2d37a9100a80a496108f693ecebc59e14-dirty,2,pager,200,50,610,25374,202620,200,50,1588,49,202427,258499,1,212,34848
fc1a1cd2d37a9100a80a496108f693ecebc59e14-dirty,2,pager,200,50,611,25410,195942,200,50,1538,49,195749,250348,1,212,34848
fc1a1cd2d37a9100a80a496108f693ecebc59e14-dirty,2,pager,200,50,612,25451,192921,200,50,1497,49,192728,243681,1,201,33060
fc1a1cd2d37a9100a80a496108f693ecebc59e14-dirty,2,pager,200,50,613,25493,191490,200,50,1475,49,191297,240083,1,201,33060
fc1a1cd2d37a9100a80a496108f693ecebc59e14-dirty,2,pager,200,50,614,25570,190854,200,50,1466,49,190661,238573,1,213,35008
fc1a1cd2d37a9100a80a496108f693ecebc59e14-dirty,2,pager,200,50,615,25574,196737,200,50,1482,49,196544,241192,1,232,38108
fc1a1cd2d37a9100a80a496108f693ecebc59e14-dirty,2,pager,200,50,616,25652,197691,200,50,1511,49,197498,245917,1,206,33873
fc1a1cd2d37a9100a80a496108f693ecebc59e14-dirty,2,pager,200,50,617,25656,174322,200,50,1714,50,174463,278813,0,1714,278813
fc1a1cd2d37a9100a80a496108f693ecebc59e14-dirty,3,pager,200,50,1,5,174640,200,50,1,1,849,360,0,1,360
fc1a1cd2d37a9100a80a496108f693ecebc59e14-dirty,3,pager,200,50,2,46,174799,200,50,1,1,1008,360,0,1,360
fc1a1cd2d37a9100a80a496108f693ecebc59e14-dirty,3,pager,200,50,3,88,174958,200,50,1,1,1167,360,0,1,360
fc1a1cd2d37a9100a80a496108f693ecebc59e14-dirty,3,pager,200,50,4,124,174958,200,50,1,1,1167,360,0,1,360
fc1a1cd2d37a9100a80a496108f693ecebc59e14-dirty,3,pager,200,50,5,165,174958,200,50,0,0,199,199,0,0,199
fc1a1cd2d37a9100a80a496108f693ecebc59e14-dirty,3,pager,200,50,6,206,175276,200,50,1,1,1485,360,0,1,360
fc1a1cd2d37a9100a80a496108f693ecebc59e14-dirty,3,pager,200,50,7,248,175435,200,50,1,1,1644,360,0,1,360
fc1a1cd2d37a9100a80a496108f693ecebc59e14-dirty,3,pager,200,50,8,325,175595,200,50,1,1,1804,361,0,1,361
fc1a1cd2d37a9100a80a496108f693ecebc59e14-dirty,3,pager,200,50,9,328,175754,200,50,1,1,1963,362,0,1,362
fc1a1cd2d37a9100a80a496108f693ecebc59e14-dirty,3,pager,200,50,10,366,175913,200,50,1,1,2122,362,0,1,362
fc1a1cd2d37a9100a80a496108f693ecebc59e14-dirty,3,pager,200,50,11,443,176072,200,50,1,1,2281,362,0,1,362
fc1a1cd2d37a9100a80a496108f693ecebc59e14-dirty,3,pager,200,50,12,447,176231,200,50,1,1,2440,362,0,1,362
fc1a1cd2d37a9100a80a496108f693ecebc59e14-dirty,3,pager,200,50,13,485,176390,200,50,1,1,2599,362,0,1,362
fc1a1cd2d37a9100a80a496108f693ecebc59e14-dirty,3,pager,200,50,14,567,176549,200,50,1,1,2758,362,0,1,362
fc1a1cd2d37a9100a80a496108f693ecebc59e14-dirty,3,pager,200,50,15,570,176708,200,50,1,1,2917,362,0,1,362
fc1a1cd2d37a9100a80a496108f693ecebc59e14-dirty,3,pager,200,50,16,614,325974,200,50,2341,50,326115,380818,0,2341,380818
fc1a1cd2d37a9100a80a496108f693ecebc59e14-dirty,3,pager,200,50,17,1651,322508,200,50,2123,50,322649,345501,1,248,40712
fc1a1cd2d37a9100a80a496108f693ecebc59e14-dirty,3,pager,200,50,18,1687,313604,200,50,2042,49,313411,332313,1,219,35992
fc1a1cd2d37a9100a80a496108f693ecebc59e14-dirty,3,pager,200,50,19,1770,317262,200,50,1988,49,317069,323522,1,220,36157
fc1a1cd2d37a9100a80a496108f693ecebc59e14-dirty,3,pager,200,50,20,1776,310107,200,50,1950,49,309914,317321,1,219,35992
fc1a1cd2d37a9100a80a496108f693ecebc59e14-dirty,3,pager,200,50,21,1807,309153,200,50,1892,49,308960,307862,1,219,35992
fc1a1cd2d37a9100a80a496108f693ecebc59e14-dirty,3,pager,200,50,22,1889,302475,200,50,1842,49,302282,299781,1,223,36644
fc1a1cd2d37a9100a80a496108f693ecebc59e14-dirty,3,pager,200,50,23,1894,296910,200,50,1801,49,296717,293083,1,220,36155
fc1a1cd2d37a9100a80a496108f693ecebc59e14-dirty,3,pager,200,50,24,1927,290073,200,50,1774,49,289880,288655,1,209,34363
fc1a1cd2d37a9100a80a496108f693ecebc59e14-dirty,3,pager,200,50,25,2006,282282,200,50,1739,49,282089,282944,1,202,33222
fc1a1cd2d37a9100a80a496108f693ecebc59e14-dirty,3,pager,200,50,26,2012,273696,200,50,1696,49,273503,275972,1,201,33060
fc1a1cd2d37a9100a80a496108f693ecebc59e14-dirty,3,pager,200,50,27,2087,266700,200,50,1652,49,266507,268838,1,201,33060
fc1a1cd2d37a9100a80a496108f693ecebc59e14-dirty,3,pager,200,50,28,2092,264633,200,50,1639,49,264440,266750,1,262,42995
fc1a1cd2d37a9100a80a496108f693ecebc59e14-dirty,3,pager,200,50,29,2166,257160,200,50,1628,49,256967,264970,1,235,38597
fc1a1cd2d37a9100a80a496108f693ecebc59e14-dirty,3,pager,200,50,30,2171,255573,200,50,1630,49,255380,265306,1,275,45123
fc1a1cd2d37a9100a80a496108f693ecebc59e14-dirty,3,pager,200,50,31,2207,243648,200,50,1631,49,243455,265505,1,207,34033
fc1a1cd2d37a9100a80a496108f693ecebc59e14-dirty,3,pager,200,50,32,2289,232836,200,50,1643,49,232643,267426,1,216,35503
fc1a1cd2d37a9100a80a496108f693ecebc59e14-dirty,3,pager,200,50,33,2293,219957,200,50,1584,49,219764,257880,1,202,33222
fc1a1cd2d37a9100a80a496108f693ecebc59e14-dirty,3,pager,200,50,34,2366,210894,200,50,1512,49,210701,246152,1,201,33060
fc1a1cd2d37a9100a80a496108f693ecebc59e14-dirty,3,pager,200,50,35,2370,203421,200,50,1465,49,203228,238471,1,201,33060
fc1a1cd2d37a9100a80a496108f693ecebc59e14-dirty,3,pager,200,50,36,2407,203262,200,50,1500,49,203069,244118,1,241,39572
fc1a1cd2d37a9100a80a496108f693ecebc59e14-dirty,3,pager,200,50,37,2484,201036,200,50,1533,49,200843,249476,1,230,37782
fc1a1cd2d37a9100a80a496108f693ecebc59e14-dirty,3,pager,200,50,38,2488,195948,200,50,1527,49,195755,248511,1,217,35666
fc1a1cd2d37a9100a80a496108f693ecebc59e14-dirty,3,pager,200,50,39,2566,188952,200,50,1481,49,188759,241038,1,221,36318
fc1a1cd2d37a9100a80a496108f693ecebc59e14-dirty,3,pager,200,50,40,2570,192132,200,50,1425,49,191939,231948,1,223,36644
fc1a1cd2d37a9100a80a496108f693ecebc59e14-dirty,3,pager,200,50,41,2608,189429,200,50,1396,49,189236,227248,1,219,35992
fc1a1cd2d37a9100a80a496108f693ecebc59e14-dirty,3,pager,200,50,42,2644,192291,200,50,1365,49,192098,222223,1,219,35992
fc1a1cd2d37a9100a80a496108f693ecebc59e14-dirty,3,pager,200,50,43,2726,194835,200,50,1386,49,194642,225624,1,214,35174
fc1a1cd2d37a9100a80a496108f693ecebc59e14-dirty,3,pager,200,50,44,2730,186570,200,50,1343,49,186377,218634,1,219,35995
fc1a1cd2d37a9100a80a496108f693ecebc59e14-dirty,3,pager,200,50,45,2767,178461,200,50,1297,49,178268,211159,1,207,34033
fc1a1cd2d37a9100a80a496108f693ecebc59e14-dirty,3,pager,200,50,46,2808,181641,200,50,1278,49,181448,208096,1,234,38437
fc1a1cd2d37a9100a80a496108f693ecebc59e14-dirty,3,pager,200,50,47,2845,179570,200,50,1294,49,179377,210697,1,202,33222
fc1a1cd2d37a9100a80a496108f693ecebc59e14-dirty,3,pager,200,50,48,2886,176866,200,50,1279,49,176673,208247,1,201,33060
fc1a1cd2d37a9100a80a496108f693ecebc59e14-dirty,3,pager,200,50,49,2968,172095,200,50,1252,49,171902,203821,1,201,33060
fc1a1cd2d37a9100a80a496108f693ecebc59e14-dirty,3,pager,200,50,50,2972,185292,200,50,1300,49,185099,211612,1,278,45603
fc1a1cd2d37a9100a80a496108f693ecebc59e14-dirty,3,pager,200,50,51,3045,187677,200,50,1364,49,187484,222050,1,228,37456
fc1a1cd2d37a9100a80a496108f693ecebc59e14-dirty,3,pager,200,50,52,3049,199446,200,50,1426,49,199253,232124,1,276,45286
fc1a1cd2d37a9100a80a496108f693ecebc59e14-dirty,3,pager,200,50,53,3087,199764,200,50,1484,49,199571,241550,1,220,36152
fc1a1cd2d37a9100a80a496108f693ecebc59e14-dirty,3,pager,200,50,54,3128,198336,200,50,1476,49,198143,240270,1,242,39744
fc1a1cd2d37a9100a80a496108f693ecebc59e14-dirty,3,pager,200,50,55,3165,199449,200,50,1472,49,199256,239627,1,207,34033
fc1a1cd2d37a9100a80a496108f693ecebc59e14-dirty,3,pager,200,50,56,3247,202632,200,50,1495,49,202439,243395,1,242,39744
fc1a1cd2d37a9100a80a496108f693ecebc59e14-dirty,3,pager,200,50,57,3251,202632,200,50,1516,49,202439,246812,1,202,33222
fc1a1cd2d37a9100a80a496108f693ecebc59e14-dirty,3,pager,200,50,58,3288,198657,200,50,1498,49,198464,243879,1,201,33060
fc1a1cd2d37a9100a80a496108f693ecebc59e14-dirty,3,pager,200,50,59,3324,189753,200,50,1447,49,189560,235601,1,201,33060
fc1a1cd2d37a9100a80a496108f693ecebc59e14-dirty,3,pager,200,50,60,3406,198657,200,50,1442,49,198464,234835,1,250,41039
fc1a1cd2d37a9100a80a496108f693ecebc59e14-dirty,3,pager,200,50,61,3410,203427,200,50,1491,49,203234,242796,1,228,37456
fc1a1cd2d37a9100a80a496108f693ecebc59e14-dirty,3,pager,200,50,62,3447,206133,200,50,1514,49,205940,246580,1,270,44308
fc1a1cd2d37a9100a80a496108f693ecebc59e14-dirty,3,pager,200,50,63,3489,204702,200,50,1539,49,204509,250683,1,207,34033
fc1a1cd2d37a9100a80a496108f693ecebc59e14-dirty,3,pager,200,50,64,3566,205182,200,50,1547,49,204989,252012,1,237,38929
fc1a1cd2d37a9100a80a496108f693ecebc59e14-dirty,3,pager,200,50,65,3570,198186,200,50,1547,49,197993,252045,1,202,33222
fc1a1cd2d37a9100a80a496108f693ecebc59e14-dirty,3,pager,200,50,66,3607,191031,200,50,1546,49,190838,251883,1,201,33060
fc1a1cd2d37a9100a80a496108f693ecebc59e14-dirty,3,pager,200,50,67,3648,187374,200,50,1520,49,187181,247610,1,201,33060
fc1a1cd2d37a9100a80a496108f693ecebc59e14-dirty,3,pager,200,50,68,3725,193574,200,50,1553,49,193381,252937,1,255,41854
fc1a1cd2d37a9100a80a496108f693ecebc59e14-dirty,3,pager,200,50,69,3729,192302,200,50,1585,49,192109,258089,1,213,35011
fc1a1cd2d37a9100a80a496108f693ecebc59e14-dirty,3,pager,200,50,70,3807,195641,200,50,1628,49,195448,265020,1,243,39904
fc1a1cd2d37a9100a80a496108f693ecebc59e14-dirty,3,pager,200,50,71,3811,198026,200,50,1651,49,197833,268771,1,241,39579
fc1a1cd2d37a9100a80a496108f693ecebc59e14-dirty,3,pager,200,50,72,3885,194528,200,50,1672,49,194335,272197,1,202,33222
fc1a1cd2d37a9100a80a496108f693ecebc59e14-dirty,3,pager,200,50,73,3889,192938,200,50,1652,49,192745,268957,1,201,33060
fc1a1cd2d37a9100a80a496108f693ecebc59e14-dirty,3,pager,200,50,74,3966,192620,200,50,1644,49,192427,267662,1,201,33060
fc1a1cd2d37a9100a80a496108f693ecebc59e14-dirty,3,pager,200,50,75,3970,202796,200,50,1701,49,202603,276907,1,259,42506
fc1a1cd2d37a9100a80a496108f693ecebc59e14-dirty,3,pager,200,50,76,4009,210269,200,50,1760,49,210076,286478,1,241,39575
fc1a1cd2d37a9100a80a496108f693ecebc59e14-dirty,3,pager,200,50,77,4086,204068,200,50,1739,49,203875,283091,1,228,37456
fc1a1cd2d37a9100a80a496108f693ecebc59e14-dirty,3,pager,200,50,78,4091,210272,200,50,1752,49,210079,285274,1,276,45286
fc1a1cd2d37a9100a80a496108f693ecebc59e14-dirty,3,pager,200,50,79,4128,199775,200,50,1752,49,199582,285341,1,207,34033
fc1a1cd2d37a9100a80a496108f693ecebc59e14-dirty,3,pager,200,50,80,4205,205025,200,50,1719,49,204832,280036,1,242,39744
fc1a1cd2d37a9100a80a496108f693ecebc59e14-dirty,3,pager,200,50,81,4209,202799,200,50,1744,49,202606,284124,1,202,33222
fc1a1cd2d37a9100a80a496108f693ecebc59e14-dirty,3,pager,200,50,82,4246,202640,200,50,1730,49,202447,281837,1,201,33060
fc1a1cd2d37a9100a80a496108f693ecebc59e14-dirty,3,pager,200,50,83,4287,202481,200,50,1729,49,202288,281656,1,201,33060
fc1a1cd2d37a9100a80a496108f693ecebc59e14-dirty,3,pager,200,50,84,4328,213293,200,50,1789,49,213100,291408,1,261,42832
fc1a1cd2d37a9100a80a496108f693ecebc59e14-dirty,3,pager,200,50,85,4364,210113,200,50,1808,49,209920,294511,1,221,36315
fc1a1cd2d37a9100a80a496108f693ecebc59e14-dirty,3,pager,200,50,86,4406,206297,200,50,1790,49,206104,291586,1,207,34037
fc1a1cd2d37a9100a80a496108f693ecebc59e14-dirty,3,pager,200,50,87,4447,205025,200,50,1763,49,204832,287216,1,207,34037
fc1a1cd2d37a9100a80a496108f693ecebc59e14-dirty,3,pager,200,50,88,4488,203117,200,50,1758,49,202924,286406,1,207,34037
fc1a1cd2d37a9100a80a496108f693ecebc59e14-dirty,3,pager,200,50,89,4529,200891,200,50,1752,49,200698,285357,1,207,34037
fc1a1cd2d37a9100a80a496108f693ecebc59e14-dirty,3,pager,200,50,90,4565,199301,200,50,1749,49,199108,284795,1,207,34037
fc1a1cd2d37a9100a80a496108f693ecebc59e14-dirty,3,pager,200,50,91,4606,197870,200,50,1753,49,197677,285373,1,208,34199
fc1a1cd2d37a9100a80a496108f693ecebc59e14-dirty,3,pager,200,50,92,4647,196757,200,50,1733,49,196564,282062,1,208,34199
fc1a1cd2d37a9100a80a496108f693ecebc59e14-dirty,3,pager,200,50,93,4725,195323,200,50,1714,49,195130,278943,1,208,34199
fc1a1cd2d37a9100a80a496108f693ecebc59e14-dirty,3,pager,200,50,94,4729,195482,200,50,1695,49,195289,275827,1,208,34199
fc1a1cd2d37a9100a80a496108f693ecebc59e14-dirty,3,pager,200,50,95,4807,191348,200,50,1661,49,191155,270281,1,208,34199
fc1a1cd2d37a9100a80a496108f693ecebc59e14-dirty,3,pager,200,50,96,4811,192620,200,50,1629,49,192427,265059,1,208,34199
fc1a1cd2d37a9100a80a496108f693ecebc59e14-dirty,3,pager,200,50,97,4885,194051,200,50,1629,49,193858,265060,1,208,34199
fc1a1cd2d37a9100a80a496108f693ecebc59e14-dirty,3,pager,200,50,98,4889,195641,200,50,1631,49,195448,265386,1,208,34199
fc1a1cd2d37a9100a80a496108f693ecebc59e14-dirty,3,pager,200,50,99,4926,183716,200,50,1555,49,183523,253034,1,208,34199
fc1a1cd2d37a9100a80a496108f693ecebc59e14-dirty,3,pager,200,50,100,5008,180377,200,50,1479,49,180184,240682,1,208,34199
fc1a1cd2d37a9100a80a496108f693ecebc59e14-dirty,3,pager,200,50,101,5012,169880,200,50,1405,49,169687,228626,1,208,34199
fc1a1cd2d37a9100a80a496108f693ecebc59e14-dirty,3,pager,200,50,102,5085,169880,200,50,1350,49,169687,219669,1,221,36319
fc1a1cd2d37a9100a80a496108f693ecebc59e14-dirty,3,pager,200,50,103,5089,163676,200,50,1328,49,163483,216087,1,203,33384
fc1a1cd2d37a9100a80a496108f693ecebc59e14-dirty,3,pager,200,50,104,5126,166538,200,50,1309,49,166345,212996,1,226,37129
fc1a1cd2d37a9100a80a496108f693ecebc59e14-dirty,3,pager,200,50,105,5167,160016,200,50,1291,49,159823,210099,1,201,33060
fc1a1cd2d37a9100a80a496108f693ecebc59e14-dirty,3,pager,200,50,106,5208,159698,200,50,1250,49,159505,203459,1,201,33060
fc1a1cd2d37a9100a80a496108f693ecebc59e14-dirty,3,pager,200,50,107,5285,170828,200,50,1312,49,170635,213505,1,264,43321
fc1a1cd2d37a9100a80a496108f693ecebc59e14-dirty,3,pager,200,50,108,5289,183713,200,50,1394,49,183520,226816,1,277,45449
fc1a1cd2d37a9100a80a496108f693ecebc59e14-dirty,3,pager,200,50,109,5327,178307,200,50,1420,49,178114,231061,1,222,36481
fc1a1cd2d37a9100a80a496108f693ecebc59e14-dirty,3,pager,200,50,110,5368,173855,200,50,1392,49,173662,226509,1,202,33222
fc1a1cd2d37a9100a80a496108f693ecebc59e14-dirty,3,pager,200,50,111,5409,163676,200,50,1326,49,163483,215778,1,206,33870
fc1a1cd2d37a9100a80a496108f693ecebc59e14-dirty,3,pager,200,50,112,5486,162404,200,50,1260,49,162211,205089,1,201,33060
fc1a1cd2d37a9100a80a496108f693ecebc59e14-dirty,3,pager,200,50,113,5490,156518,200,50,1222,49,156325,198934,1,201,33060
fc1a1cd2d37a9100a80a496108f693ecebc59e14-dirty,3,pager,200,50,114,5568,164786,200,50,1235,49,164593,201025,1,250,41039
fc1a1cd2d37a9100a80a496108f693ecebc59e14-dirty,3,pager,200,50,115,5572,179414,200,50,1328,49,179221,216119,1,289,47398
fc1a1cd2d37a9100a80a496108f693ecebc59e14-dirty,3,pager,200,50,116,5605,179573,200,50,1416,49,179380,230417,1,201,33060
fc1a1cd2d37a9100a80a496108f693ecebc59e14-dirty,3,pager,200,50,117,5646,169715,200,50,1362,49,169522,221601,1,201,33060
fc1a1cd2d37a9100a80a496108f693ecebc59e14-dirty,3,pager,200,50,118,5728,174803,200,50,1351,49,174610,219784,1,243,39898
fc1a1cd2d37a9100a80a496108f693ecebc59e14-dirty,3,pager,200,50,119,5732,175439,200,50,1354,49,175246,220273,1,247,40552
fc1a1cd2d37a9100a80a496108f693ecebc59e14-dirty,3,pager,200,50,120,5805,168602,200,50,1358,49,168409,220921,1,201,33060
fc1a1cd2d37a9100a80a496108f693ecebc59e14-dirty,3,pager,200,50,121,5809,168284,200,50,1318,49,168091,214441,1,201,33060
fc1a1cd2d37a9100a80a496108f693ecebc59e14-dirty,3,pager,200,50,122,5888,176234,200,50,1362,49,176041,221607,1,246,40387
fc1a1cd2d37a9100a80a496108f693ecebc59e14-dirty,3,pager,200,50,123,5892,180845,200,50,1408,49,180652,229037,1,228,37457
fc1a1cd2d37a9100a80a496108f693ecebc59e14-dirty,3,pager,200,50,124,5965,175121,200,50,1380,49,174928,224477,1,227,37297
fc1a1cd2d37a9100a80a496108f693ecebc59e14-dirty,3,pager,200,50,125,5969,172895,200,50,1329,49,172702,216212,1,231,37949
fc1a1cd2d37a9100a80a496108f693ecebc59e14-dirty,3,pager,200,50,126,6047,179255,200,50,1331,49,179062,216583,1,266,43654
fc1a1cd2d37a9100a80a496108f693ecebc59e14-dirty,3,pager,200,50,127,6051,167327,200,50,1320,49,167134,214865,1,201,33060
fc1a1cd2d37a9100a80a496108f693ecebc59e14-dirty,3,pager,200,50,128,6088,165896,200,50,1243,49,165703,202394,1,201,33060
fc1a1cd2d37a9100a80a496108f693ecebc59e14-dirty,3,pager,200,50,129,6124,172094,200,50,1273,49,171901,207317,1,274,44950
fc1a1cd2d37a9100a80a496108f693ecebc59e14-dirty,3,pager,200,50,130,6166,177818,200,50,1305,49,177625,212559,1,235,38597
fc1a1cd2d37a9100a80a496108f693ecebc59e14-dirty,3,pager,200,50,131,6248,179726,200,50,1334,49,179533,217285,1,212,34851
fc1a1cd2d37a9100a80a496108f693ecebc59e14-dirty,3,pager,200,50,132,6252,180044,200,50,1345,49,179851,219075,1,202,33222
fc1a1cd2d37a9100a80a496108f693ecebc59e14-dirty,3,pager,200,50,133,6285,181793,200,50,1357,49,181600,221094,1,274,44954
fc1a1cd2d37a9100a80a496108f693ecebc59e14-dirty,3,pager,200,50,134,6367,177977,200,50,1370,49,177784,223274,1,202,33222
fc1a1cd2d37a9100a80a496108f693ecebc59e14-dirty,3,pager,200,50,135,6371,177977,200,50,1355,49,177784,220848,1,207,34033
fc1a1cd2d37a9100a80a496108f693ecebc59e14-dirty,3,pager,200,50,136,6449,179408,200,50,1373,49,179215,223778,1,218,35829
fc1a1cd2d37a9100a80a496108f693ecebc59e14-dirty,3,pager,200,50,137,6453,184655,200,50,1402,49,184462,228503,1,240,39413
fc1a1cd2d37a9100a80a496108f693ecebc59e14-dirty,3,pager,200,50,138,6486,189425,200,50,1440,49,189232,234692,1,238,39086
fc1a1cd2d37a9100a80a496108f693ecebc59e14-dirty,3,pager,200,50,139,6568,194831,200,50,1482,49,194638,241535,1,239,39252
fc1a1cd2d37a9100a80a496108f693ecebc59e14-dirty,3,pager,200,50,140,6572,193878,200,50,1511,49,193685,246268,1,204,33549
fc1a1cd2d37a9100a80a496108f693ecebc59e14-dirty,3,pager,200,50,141,6645,193878,200,50,1516,49,193685,247063,1,207,34037
fc1a1cd2d37a9100a80a496108f693ecebc59e14-dirty,3,pager,200,50,142,6649,192925,200,50,1521,49,192732,247858,1,204,33549
fc1a1cd2d37a9100a80a496108f693ecebc59e14-dirty,3,pager,200,50,143,6728,191812,200,50,1524,49,191619,248323,1,203,33384
fc1a1cd2d37a9100a80a496108f693ecebc59e14-dirty,3,pager,200,50,144,6732,191176,200,50,1527,49,190983,248787,1,206,33873
fc1a1cd2d37a9100a80a496108f693ecebc59e14-dirty,3,pager,200,50,145,6769,191018,200,50,1537,49,190825,250417,1,209,34364
fc1a1cd2d37a9100a80a496108f693ecebc59e14-dirty,3,pager,200,50,146,6805,194043,200,50,1568,49,193850,255412,1,230,37790
fc1a1cd2d37a9100a80a496108f693ecebc59e14-dirty,3,pager,200,50,147,6887,197383,200,50,1596,49,197190,259897,1,232,38113
fc1a1cd2d37a9100a80a496108f693ecebc59e14-dirty,3,pager,200,50,148,6891,200087,200,50,1618,49,199894,263410,1,228,37461
fc1a1cd2d37a9100a80a496108f693ecebc59e14-dirty,3,pager,200,50,149,6929,198975,200,50,1644,49,198782,267629,1,202,33223
fc1a1cd2d37a9100a80a496108f693ecebc59e14-dirty,3,pager,200,50,150,6970,199771,200,50,1655,49,199578,269422,1,215,35342
fc1a1cd2d37a9100a80a496108f693ecebc59e14-dirty,3,pager,200,50,151,7006,196432,200,50,1648,49,196239,268298,1,202,33222
fc1a1cd2d37a9100a80a496108f693ecebc59e14-dirty,3,pager,200,50,152,7089,197386,200,50,1632,49,197193,265709,1,207,34033
fc1a1cd2d37a9100a80a496108f693ecebc59e14-dirty,3,pager,200,50,153,7093,202156,200,50,1663,49,201963,270738,1,254,41697
fc1a1cd2d37a9100a80a496108f693ecebc59e14-dirty,3,pager,200,50,154,7166,202315,200,50,1691,49,202122,275237,1,202,33222
fc1a1cd2d37a9100a80a496108f693ecebc59e14-dirty,3,pager,200,50,155,7170,202474,200,50,1692,49,202281,275311,1,201,33060
fc1a1cd2d37a9100a80a496108f693ecebc59e14-dirty,3,pager,200,50,156,7248,191185,200,50,1629,49,190992,265113,1,201,33060
fc1a1cd2d37a9100a80a496108f693ecebc59e14-dirty,3,pager,200,50,157,7252,187522,200,50,1598,49,187329,260094,1,252,41365
fc1a1cd2d37a9100a80a496108f693ecebc59e14-dirty,3,pager,200,50,158,7289,185932,200,50,1574,49,185739,256204,1,211,34685
fc1a1cd2d37a9100a80a496108f693ecebc59e14-dirty,3,pager,200,50,159,7326,194677,200,50,1612,49,194484,262370,1,257,42186
fc1a1cd2d37a9100a80a496108f693ecebc59e14-dirty,3,pager,200,50,160,7367,206443,200,50,1677,49,206250,272974,1,279,45772
fc1a1cd2d37a9100a80a496108f693ecebc59e14-dirty,3,pager,200,50,161,7450,213121,200,50,1750,49,212928,284837,1,242,39742
fc1a1cd2d37a9100a80a496108f693ecebc59e14-dirty,3,pager,200,50,162,7454,213439,200,50,1791,49,213246,291473,1,202,33222
fc1a1cd2d37a9100a80a496108f693ecebc59e14-dirty,3,pager,200,50,163,7486,205012,200,50,1743,49,204819,283675,1,201,33060
fc1a1cd2d37a9100a80a496108f693ecebc59e14-dirty,3,pager,200,50,164,7527,190225,200,50,1649,49,190032,268447,1,201,33060
fc1a1cd2d37a9100a80a496108f693ecebc59e14-dirty,3,pager,200,50,165,7568,196426,200,50,1595,49,196233,259689,1,235,38594
fc1a1cd2d37a9100a80a496108f693ecebc59e14-dirty,3,pager,200,50,166,7646,201514,200,50,1631,49,201321,265484,1,229,37619
fc1a1cd2d37a9100a80a496108f693ecebc59e14-dirty,3,pager,200,50,167,7650,198493,200,50,1619,49,198300,263574,1,228,37459
fc1a1cd2d37a9100a80a496108f693ecebc59e14-dirty,3,pager,200,50,168,7687,195472,200,50,1582,49,195279,257528,1,230,37785
fc1a1cd2d37a9100a80a496108f693ecebc59e14-dirty,3,pager,200,50,169,7728,199924,200,50,1547,49,199731,251803,1,229,37622
fc1a1cd2d37a9100a80a496108f693ecebc59e14-dirty,3,pager,200,50,170,7769,201673,200,50,1572,49,201480,255848,1,209,34362
fc1a1cd2d37a9100a80a496108f693ecebc59e14-dirty,3,pager,200,50,171,7846,194041,200,50,1536,49,193848,250019,1,203,33384
fc1a1cd2d37a9100a80a496108f693ecebc59e14-dirty,3,pager,200,50,172,7850,192451,200,50,1505,49,192258,244944,1,217,35663
fc1a1cd2d37a9100a80a496108f693ecebc59e14-dirty,3,pager,200,50,173,7928,191815,200,50,1502,49,191622,244411,1,225,36970
fc1a1cd2d37a9100a80a496108f693ecebc59e14-dirty,3,pager,200,50,174,7932,190225,200,50,1508,49,190032,245392,1,223,36644
fc1a1cd2d37a9100a80a496108f693ecebc59e14-dirty,3,pager,200,50,175,8006,183865,200,50,1483,49,183672,241340,1,228,37459
fc1a1cd2d37a9100a80a496108f693ecebc59e14-dirty,3,pager,200,50,176,8010,187363,200,50,1435,49,187170,233553,1,222,36481
fc1a1cd2d37a9100a80a496108f693ecebc59e14-dirty,3,pager,200,50,177,8088,191338,200,50,1448,49,191145,235634,1,225,36970
fc1a1cd2d37a9100a80a496108f693ecebc59e14-dirty,3,pager,200,50,178,8092,182752,200,50,1385,49,182559,225404,1,227,37296
fc1a1cd2d37a9100a80a496108f693ecebc59e14-dirty,3,pager,200,50,179,8125,180844,200,50,1316,49,180651,214203,1,227,37296
fc1a1cd2d37a9100a80a496108f693ecebc59e14-dirty,3,pager,200,50,180,8208,183229,200,50,1296,49,183036,210970,1,228,37459
fc1a1cd2d37a9100a80a496108f693ecebc59e14-dirty,3,pager,200,50,181,8212,183229,200,50,1312,49,183036,213583,1,202,33222
fc1a1cd2d37a9100a80a496108f693ecebc59e14-dirty,3,pager,200,50,182,8285,170827,200,50,1241,49,170634,202081,1,201,33060
fc1a1cd2d37a9100a80a496108f693ecebc59e14-dirty,3,pager,200,50,183,8289,170509,200,50,1169,49,170316,190417,1,201,33060
fc1a1cd2d37a9100a80a496108f693ecebc59e14-dirty,3,pager,200,50,184,8326,177346,200,50,1210,49,177153,197090,1,247,40550
fc1a1cd2d37a9100a80a496108f693ecebc59e14-dirty,3,pager,200,50,185,8368,189112,200,50,1282,49,188919,208809,1,285,46748
fc1a1cd2d37a9100a80a496108f693ecebc59e14-dirty,3,pager,200,50,186,8445,182593,200,50,1336,49,182400,217608,1,201,33060
fc1a1cd2d37a9100a80a496108f693ecebc59e14-dirty,3,pager,200,50,187,8449,176392,200,50,1297,49,176199,211272,1,201,33060
fc1a1cd2d37a9100a80a496108f693ecebc59e14-dirty,3,pager,200,50,188,8486,184024,200,50,1333,49,183831,217153,1,281,46092
fc1a1cd2d37a9100a80a496108f693ecebc59e14-dirty,3,pager,200,50,189,8528,189270,200,50,1378,49,189077,224505,1,233,38271
fc1a1cd2d37a9100a80a496108f693ecebc59e14-dirty,3,pager,200,50,190,8609,193404,200,50,1401,49,193211,228247,1,232,38108
fc1a1cd2d37a9100a80a496108f693ecebc59e14-dirty,3,pager,200,50,191,8613,197378,200,50,1423,49,197185,231834,1,226,37130
fc1a1cd2d37a9100a80a496108f693ecebc59e14-dirty,3,pager,200,50,192,8687,203261,200,50,1457,49,203068,237321,1,239,39249
fc1a1cd2d37a9100a80a496108f693ecebc59e14-dirty,3,pager,200,50,193,8691,209780,200,50,1499,49,209587,244115,1,241,39578
fc1a1cd2d37a9100a80a496108f693ecebc59e14-dirty,3,pager,200,50,194,8729,210416,200,50,1527,49,210223,248689,1,213,35016
fc1a1cd2d37a9100a80a496108f693ecebc59e14-dirty,3,pager,200,50,195,8806,208982,200,50,1513,49,208789,246436,1,221,36320
fc1a1cd2d37a9100a80a496108f693ecebc59e14-dirty,3,pager,200,50,196,8810,207710,200,50,1505,49,207517,245111,1,226,37135
fc1a1cd2d37a9100a80a496108f693ecebc59e14-dirty,3,pager,200,50,197,8888,212482,200,50,1538,49,212289,250463,1,257,42189
fc1a1cd2d37a9100a80a496108f693ecebc59e14-dirty,3,pager,200,50,198,8893,213594,200,50,1569,49,213401,255479,1,207,34033
fc1a1cd2d37a9100a80a496108f693ecebc59e14-dirty,3,pager,200,50,199,8930,212957,200,50,1568,49,212764,255255,1,211,34688
fc1a1cd2d37a9100a80a496108f693ecebc59e14-dirty,3,pager,200,50,200,8966,213594,200,50,1563,49,213401,254375,1,206,33875
fc1a1cd2d37a9100a80a496108f693ecebc59e14-dirty,3,pager,200,50,201,9007,213118,200,50,1561,49,212925,254018,1,206,33875
fc1a1cd2d37a9100a80a496108f693ecebc59e14-dirty,3,pager,200,50,202,9048,205010,200,50,1506,49,204817,245112,1,206,33875
fc1a1cd2d37a9100a80a496108f693ecebc59e14-dirty,3,pager,200,50,203,9090,209463,200,50,1482,49,209270,241256,1,231,37950
fc1a1cd2d37a9100a80a496108f693ecebc59e14-dirty,3,pager,200,50,204,9126,213598,200,50,1495,49,213405,243344,1,228,37461
fc1a1cd2d37a9100a80a496108f693ecebc59e14-dirty,3,pager,200,50,205,9167,217415,200,50,1507,49,217222,245265,1,225,36972
fc1a1cd2d37a9100a80a496108f693ecebc59e14-dirty,3,pager,200,50,206,9208,208670,200,50,1481,49,208477,241055,1,203,33384
fc1a1cd2d37a9100a80a496108f693ecebc59e14-dirty,3,pager,200,50,207,9249,206921,200,50,1432,49,206728,233113,1,202,33222
fc1a1cd2d37a9100a80a496108f693ecebc59e14-dirty,3,pager,200,50,208,9327,198017,200,50,1374,49,197824,223711,1,201,33060
fc1a1cd2d37a9100a80a496108f693ecebc59e14-dirty,3,pager,200,50,209,9331,187205,200,50,1316,49,187012,214292,1,212,34845
fc1a1cd2d37a9100a80a496108f693ecebc59e14-dirty,3,pager,200,50,210,9409,186092,200,50,1265,49,185899,206049,1,236,38757
fc1a1cd2d37a9100a80a496108f693ecebc59e14-dirty,3,pager,200,50,211,9413,187523,200,50,1251,49,187330,203794,1,211,34682
fc1a1cd2d37a9100a80a496108f693ecebc59e14-dirty,3,pager,200,50,212,9486,191975,200,50,1270,49,191782,206866,1,229,37616
fc1a1cd2d37a9100a80a496108f693ecebc59e14-dirty,3,pager,200,50,213,9490,198653,200,50,1302,49,198460,212068,1,243,39898
fc1a1cd2d37a9100a80a496108f693ecebc59e14-dirty,3,pager,200,50,214,9528,192293,200,50,1310,49,192100,213389,1,201,33060
fc1a1cd2d37a9100a80a496108f693ecebc59e14-dirty,3,pager,200,50,215,9569,188795,200,50,1282,49,188602,208844,1,209,34356
fc1a1cd2d37a9100a80a496108f693ecebc59e14-dirty,3,pager,200,50,216,9646,187205,200,50,1268,49,187012,206575,1,216,35498
fc1a1cd2d37a9100a80a496108f693ecebc59e14-dirty,3,pager,200,50,217,9650,184820,200,50,1272,49,184627,207220,1,213,35008
fc1a1cd2d37a9100a80a496108f693ecebc59e14-dirty,3,pager,200,50,218,9688,182753,200,50,1271,49,182560,207059,1,215,35334
fc1a1cd2d37a9100a80a496108f693ecebc59e14-dirty,3,pager,200,50,219,9729,182276,200,50,1256,49,182083,204625,1,207,34032
fc1a1cd2d37a9100a80a496108f693ecebc59e14-dirty,3,pager,200,50,220,9770,183071,200,50,1251,49,182878,203791,1,208,34194
fc1a1cd2d37a9100a80a496108f693ecebc59e14-dirty,3,pager,200,50,221,9847,181799,200,50,1242,49,181606,202337,1,210,34519
fc1a1cd2d37a9100a80a496108f693ecebc59e14-dirty,3,pager,200,50,222,9851,179891,200,50,1223,49,179698,199268,1,213,35008
fc1a1cd2d37a9100a80a496108f693ecebc59e14-dirty,3,pager,200,50,223,9888,178460,200,50,1212,49,178267,197443,1,214,35171
fc1a1cd2d37a9100a80a496108f693ecebc59e14-dirty,3,pager,200,50,224,9966,175757,200,50,1204,49,175564,196060,1,212,34845
fc1a1cd2d37a9100a80a496108f693ecebc59e14-dirty,3,pager,200,50,225,9969,174644,200,50,1199,49,174451,195172,1,216,35497
fc1a1cd2d37a9100a80a496108f693ecebc59e14-dirty,3,pager,200,50,226,10047,170669,200,50,1201,49,170476,195502,1,201,33060
fc1a1cd2d37a9100a80a496108f693ecebc59e14-dirty,3,pager,200,50,227,10051,172895,200,50,1229,49,172702,199988,1,239,39247
fc1a1cd2d37a9100a80a496108f693ecebc59e14-dirty,3,pager,200,50,228,10125,173054,200,50,1251,49,172861,203496,1,226,37128
fc1a1cd2d37a9100a80a496108f693ecebc59e14-dirty,3,pager,200,50,229,10129,172100,200,50,1259,49,171907,204780,1,222,36476
fc1a1cd2d37a9100a80a496108f693ecebc59e14-dirty,3,pager,200,50,230,10207,176393,200,50,1253,49,176200,203802,1,227,37291
fc1a1cd2d37a9100a80a496108f693ecebc59e14-dirty,3,pager,200,50,231,10211,181163,200,50,1272,49,180970,206862,1,232,38106
fc1a1cd2d37a9100a80a496108f693ecebc59e14-dirty,3,pager,200,50,232,10249,181163,200,50,1303,49,180970,211862,1,201,33060
fc1a1cd2d37a9100a80a496108f693ecebc59e14-dirty,3,pager,200,50,233,10326,185935,200,50,1331,49,185742,216435,1,275,45116
fc1a1cd2d37a9100a80a496108f693ecebc59e14-dirty,3,pager,200,50,234,10330,180213,200,50,1313,49,180020,213582,1,253,41530
fc1a1cd2d37a9100a80a496108f693ecebc59e14-dirty,3,pager,200,50,235,10368,180054,200,50,1281,49,179861,208424,1,201,33060
fc1a1cd2d37a9100a80a496108f693ecebc59e14-dirty,3,pager,200,50,236,10409,184983,200,50,1307,49,184790,212599,1,227,37291
fc1a1cd2d37a9100a80a496108f693ecebc59e14-dirty,3,pager,200,50,237,10486,179736,200,50,1284,49,179543,208872,1,253,41531
fc1a1cd2d37a9100a80a496108f693ecebc59e14-dirty,3,pager,200,50,238,10490,180372,200,50,1251,49,180179,203570,1,238,39086
fc1a1cd2d37a9100a80a496108f693ecebc59e14-dirty,3,pager,200,50,239,10528,178623,200,50,1260,49,178430,205051,1,225,36966
fc1a1cd2d37a9100a80a496108f693ecebc59e14-dirty,3,pager,200,50,240,10569,180531,200,50,1267,49,180338,206212,1,236,38760
fc1a1cd2d37a9100a80a496108f693ecebc59e14-dirty,3,pager,200,50,241,10646,182759,200,50,1285,49,182566,209187,1,255,41862
fc1a1cd2d37a9100a80a496108f693ecebc59e14-dirty,3,pager,200,50,242,10650,175604,200,50,1293,49,175411,210510,1,202,33222
fc1a1cd2d37a9100a80a496108f693ecebc59e14-dirty,3,pager,200,50,243,10728,185304,200,50,1327,49,185111,216075,1,275,45118
fc1a1cd2d37a9100a80a496108f693ecebc59e14-dirty,3,pager,200,50,244,10732,194048,200,50,1384,49,193855,225367,1,275,45117
fc1a1cd2d37a9100a80a496108f693ecebc59e14-dirty,3,pager,200,50,245,10806,197545,200,50,1433,49,197352,233349,1,244,40064
fc1a1cd2d37a9100a80a496108f693ecebc59e14-dirty,3,pager,200,50,246,10810,194521,200,50,1422,49,194328,231603,1,239,39248
fc1a1cd2d37a9100a80a496108f693ecebc59e14-dirty,3,pager,200,50,247,10848,206128,200,50,1444,49,205935,235245,1,284,46583
fc1a1cd2d37a9100a80a496108f693ecebc59e14-dirty,3,pager,200,50,248,10889,204538,200,50,1515,49,204345,246817,1,201,33060
fc1a1cd2d37a9100a80a496108f693ecebc59e14-dirty,3,pager,200,50,249,10930,203583,200,50,1506,49,203390,245333,1,201,33060
fc1a1cd2d37a9100a80a496108f693ecebc59e14-dirty,3,pager,200,50,250,10966,211373,200,50,1552,49,211180,252797,1,250,41038
fc1a1cd2d37a9100a80a496108f693ecebc59e14-dirty,3,pager,200,50,251,11048,215983,200,50,1604,49,215790,261243,1,236,38759
fc1a1cd2d37a9100a80a496108f693ecebc59e14-dirty,3,pager,200,50,252,11052,216618,200,50,1611,49,216425,262375,1,234,38437
fc1a1cd2d37a9100a80a496108f693ecebc59e14-dirty,3,pager,200,50,253,11126,215345,200,50,1629,49,215152,265280,1,220,36155
fc1a1cd2d37a9100a80a496108f693ecebc59e14-dirty,3,pager,200,50,254,11130,211687,200,50,1636,49,211494,266422,1,201,33060
fc1a1cd2d37a9100a80a496108f693ecebc59e14-dirty,3,pager,200,50,255,11208,211210,200,50,1611,49,211017,262357,1,201,33060
fc1a1cd2d37a9100a80a496108f693ecebc59e14-dirty,3,pager,200,50,256,11212,220909,200,50,1665,49,220716,271139,1,257,42180
fc1a1cd2d37a9100a80a496108f693ecebc59e14-dirty,3,pager,200,50,257,11251,226633,200,50,1722,49,226440,280414,1,234,38434
fc1a1cd2d37a9100a80a496108f693ecebc59e14-dirty,3,pager,200,50,258,11328,233788,200,50,1763,49,233595,287105,1,255,41857
fc1a1cd2d37a9100a80a496108f693ecebc59e14-dirty,3,pager,200,50,259,11332,236014,200,50,1786,49,235821,290876,1,248,40716
fc1a1cd2d37a9100a80a496108f693ecebc59e14-dirty,3,pager,200,50,260,11370,242215,200,50,1803,49,242022,293667,1,249,40879
fc1a1cd2d37a9100a80a496108f693ecebc59e14-dirty,3,pager,200,50,261,11411,246508,200,50,1834,49,246315,298731,1,254,41694
fc1a1cd2d37a9100a80a496108f693ecebc59e14-dirty,3,pager,200,50,262,11447,239830,200,50,1854,49,239637,302016,1,201,33060
fc1a1cd2d37a9100a80a496108f693ecebc59e14-dirty,3,pager,200,50,263,11489,244441,200,50,1837,49,244248,299282,1,227,37293
fc1a1cd2d37a9100a80a496108f693ecebc59e14-dirty,3,pager,200,50,264,11571,246667,200,50,1856,49,246474,302379,1,226,37133
fc1a1cd2d37a9100a80a496108f693ecebc59e14-dirty,3,pager,200,50,265,11575,244123,200,50,1865,49,243930,303853,1,202,33222
fc1a1cd2d37a9100a80a496108f693ecebc59e14-dirty,3,pager,200,50,266,11607,241897,200,50,1849,49,241704,301231,1,201,33060
fc1a1cd2d37a9100a80a496108f693ecebc59e14-dirty,3,pager,200,50,267,11649,245713,200,50,1877,49,245520,305778,1,240,39411
fc1a1cd2d37a9100a80a496108f693ecebc59e14-dirty,3,pager,200,50,268,11690,244600,200,50,1906,49,244407,310495,1,201,33060
fc1a1cd2d37a9100a80a496108f693ecebc59e14-dirty,3,pager,200,50,269,11731,243328,200,50,1902,49,243135,309830,1,201,33060
fc1a1cd2d37a9100a80a496108f693ecebc59e14-dirty,3,pager,200,50,270,11808,246031,200,50,1922,49,245838,313073,1,227,37290
fc1a1cd2d37a9100a80a496108f693ecebc59e14-dirty,3,pager,200,50,271,11812,251119,200,50,1962,49,250926,319566,1,250,41041
fc1a1cd2d37a9100a80a496108f693ecebc59e14-dirty,3,pager,200,50,272,11891,249052,200,50,2008,49,248859,326986,1,201,33060
fc1a1cd2d37a9100a80a496108f693ecebc59e14-dirty,3,pager,200,50,273,11895,246985,200,50,1999,49,246792,325459,1,201,33060
fc1a1cd2d37a9100a80a496108f693ecebc59e14-dirty,3,pager,200,50,274,11928,255889,200,50,2059,49,255696,335196,1,273,44788
fc1a1cd2d37a9100a80a496108f693ecebc59e14-dirty,3,pager,200,50,275,12010,255889,200,50,2116,49,255696,344476,1,201,33060
fc1a1cd2d37a9100a80a496108f693ecebc59e14-dirty,3,pager,200,50,276,12014,256684,200,50,2121,49,256491,345271,1,244,40061
fc1a1cd2d37a9100a80a496108f693ecebc59e14-dirty,3,pager,200,50,277,12088,259864,200,50,2142,49,259671,348663,1,243,39901
fc1a1cd2d37a9100a80a496108f693ecebc59e14-dirty,3,pager,200,50,278,12092,257638,200,50,2165,49,257445,352388,1,208,34199
fc1a1cd2d37a9100a80a496108f693ecebc59e14-dirty,3,pager,200,50,279,12129,253504,200,50,2152,49,253311,350253,1,203,33384
fc1a1cd2d37a9100a80a496108f693ecebc59e14-dirty,3,pager,200,50,280,12212,257002,200,50,2183,49,256809,355266,1,253,41530
fc1a1cd2d37a9100a80a496108f693ecebc59e14-dirty,3,pager,200,50,281,12217,270201,200,50,2226,49,270008,362256,1,269,44141
fc1a1cd2d37a9100a80a496108f693ecebc59e14-dirty,3,pager,200,50,282,12249,258592,200,50,2220,49,258399,361280,1,208,34195
fc1a1cd2d37a9100a80a496108f693ecebc59e14-dirty,3,pager,200,50,283,12290,251753,200,50,2163,49,251560,351982,1,214,35177
fc1a1cd2d37a9100a80a496108f693ecebc59e14-dirty,3,pager,200,50,284,12368,253980,200,50,2128,49,253787,346265,1,215,35342
fc1a1cd2d37a9100a80a496108f693ecebc59e14-dirty,3,pager,200,50,285,12372,258274,200,50,2154,49,258081,350492,1,254,41699
fc1a1cd2d37a9100a80a496108f693ecebc59e14-dirty,3,pager,200,50,286,12409,249529,200,50,2151,49,249336,349987,1,203,33384
fc1a1cd2d37a9100a80a496108f693ecebc59e14-dirty,3,pager,200,50,287,12491,243328,200,50,2104,49,243135,342291,1,202,33222
fc1a1cd2d37a9100a80a496108f693ecebc59e14-dirty,3,pager,200,50,288,12496,239671,200,50,2067,49,239478,336302,1,201,33060
fc1a1cd2d37a9100a80a496108f693ecebc59e14-dirty,3,pager,200,50,289,12528,233152,200,50,2032,49,232959,330588,1,201,33060
fc1a1cd2d37a9100a80a496108f693ecebc59e14-dirty,3,pager,200,50,290,12569,233152,200,50,2024,49,232959,329284,1,249,40878
fc1a1cd2d37a9100a80a496108f693ecebc59e14-dirty,3,pager,200,50,291,12610,240148,200,50,2021,49,239955,328806,1,244,40064
fc1a1cd2d37a9100a80a496108f693ecebc59e14-dirty,3,pager,200,50,292,12651,231560,200,50,1989,49,231367,323631,1,219,35989
fc1a1cd2d37a9100a80a496108f693ecebc59e14-dirty,3,pager,200,50,293,12687,231719,200,50,1980,49,231526,322220,1,263,43164
fc1a1cd2d37a9100a80a496108f693ecebc59e14-dirty,3,pager,200,50,294,12729,225995,200,50,1971,49,225802,320824,1,208,34199
fc1a1cd2d37a9100a80a496108f693ecebc59e14-dirty,3,pager,200,50,295,12811,222975,200,50,1948,49,222782,317068,1,220,36157
fc1a1cd2d37a9100a80a496108f693ecebc59e14-dirty,3,pager,200,50,296,12815,210255,200,50,1887,49,210062,307152,1,202,33222
fc1a1cd2d37a9100a80a496108f693ecebc59e14-dirty,3,pager,200,50,297,12888,210414,200,50,1805,49,210221,293822,1,202,33222
fc1a1cd2d37a9100a80a496108f693ecebc59e14-dirty,3,pager,200,50,298,12892,222180,200,50,1867,49,221987,303874,1,264,43324
fc1a1cd2d37a9100a80a496108f693ecebc59e14-dirty,3,pager,200,50,299,12971,214866,200,50,1881,49,214673,306165,1,208,34195
fc1a1cd2d37a9100a80a496108f693ecebc59e14-dirty,3,pager,200,50,300,12975,211686,200,50,1847,49,211493,300628,1,216,35503
fc1a1cd2d37a9100a80a496108f693ecebc59e14-dirty,3,pager,200,50,301,13047,206598,200,50,1826,49,206405,297192,1,202,33222
fc1a1cd2d37a9100a80a496108f693ecebc59e14-dirty,3,pager,200,50,302,13051,203736,200,50,1795,49,203543,292145,1,201,33060
fc1a1cd2d37a9100a80a496108f693ecebc59e14-dirty,3,pager,200,50,303,13130,211686,200,50,1827,49,211493,297347,1,252,41365
fc1a1cd2d37a9100a80a496108f693ecebc59e14-dirty,3,pager,200,50,304,13134,219159,200,50,1853,49,218966,301561,1,249,40876
fc1a1cd2d37a9100a80a496108f693ecebc59e14-dirty,3,pager,200,50,305,13172,215979,200,50,1822,49,215786,296573,1,244,40061
fc1a1cd2d37a9100a80a496108f693ecebc59e14-dirty,3,pager,200,50,306,13207,219477,200,50,1804,49,219284,293668,1,263,43158
fc1a1cd2d37a9100a80a496108f693ecebc59e14-dirty,3,pager,200,50,307,13249,218682,200,50,1786,49,218489,290749,1,252,41365
fc1a1cd2d37a9100a80a496108f693ecebc59e14-dirty,3,pager,200,50,308,13290,215820,200,50,1763,49,215627,287052,1,235,38594
fc1a1cd2d37a9100a80a496108f693ecebc59e14-dirty,3,pager,200,50,309,13331,220908,200,50,1799,49,220715,292932,1,278,45606
fc1a1cd2d37a9100a80a496108f693ecebc59e14-dirty,3,pager,200,50,310,13367,212322,200,50,1826,49,212129,297331,1,202,33222
fc1a1cd2d37a9100a80a496108f693ecebc59e14-dirty,3,pager,200,50,311,13409,217092,200,50,1803,49,216899,293582,1,230,37780
fc1a1cd2d37a9100a80a496108f693ecebc59e14-dirty,3,pager,200,50,312,13450,214707,200,50,1806,49,214514,294093,1,215,35334
fc1a1cd2d37a9100a80a496108f693ecebc59e14-dirty,3,pager,200,50,313,13527,225042,200,50,1863,49,224849,303335,1,282,46257
fc1a1cd2d37a9100a80a496108f693ecebc59e14-dirty,3,pager,200,50,314,13532,236172,200,50,1917,49,235979,312087,1,269,44138
fc1a1cd2d37a9100a80a496108f693ecebc59e14-dirty,3,pager,200,50,315,13569,236490,200,50,1986,49,236297,323284,1,202,33222
fc1a1cd2d37a9100a80a496108f693ecebc59e14-dirty,3,pager,200,50,316,13610,231879,200,50,1958,49,231686,318708,1,211,34682
fc1a1cd2d37a9100a80a496108f693ecebc59e14-dirty,3,pager,200,50,317,13687,235854,200,50,1936,49,235661,315126,1,226,37127
fc1a1cd2d37a9100a80a496108f693ecebc59e14-dirty,3,pager,200,50,318,13692,239193,200,50,1952,49,239000,317726,1,222,36475
fc1a1cd2d37a9100a80a496108f693ecebc59e14-dirty,3,pager,200,50,319,13729,234741,200,50,1947,49,234548,316886,1,201,33060
fc1a1cd2d37a9100a80a496108f693ecebc59e14-dirty,3,pager,200,50,320,13770,234423,200,50,1941,49,234230,315882,1,243,39898
fc1a1cd2d37a9100a80a496108f693ecebc59e14-dirty,3,pager,200,50,321,13848,238239,200,50,1923,49,238046,312936,1,226,37127
fc1a1cd2d37a9100a80a496108f693ecebc59e14-dirty,3,pager,200,50,322,13852,238239,200,50,1948,49,238046,316987,1,201,33060
fc1a1cd2d37a9100a80a496108f693ecebc59e14-dirty,3,pager,200,50,323,13889,228540,200,50,1885,49,228347,306773,1,210,34519
fc1a1cd2d37a9100a80a496108f693ecebc59e14-dirty,3,pager,200,50,324,13930,228540,200,50,1822,49,228347,296524,1,201,33060
fc1a1cd2d37a9100a80a496108f693ecebc59e14-dirty,3,pager,200,50,325,13971,226791,200,50,1812,49,226598,294883,1,234,38431
fc1a1cd2d37a9100a80a496108f693ecebc59e14-dirty,3,pager,200,50,326,14007,219318,200,50,1798,49,219125,292645,1,201,33060
fc1a1cd2d37a9100a80a496108f693ecebc59e14-dirty,3,pager,200,50,327,14090,221385,200,50,1774,49,221192,288769,1,218,35823
fc1a1cd2d37a9100a80a496108f693ecebc59e14-dirty,3,pager,200,50,328,14094,226155,200,50,1798,49,225962,292685,1,232,38107
fc1a1cd2d37a9100a80a496108f693ecebc59e14-dirty,3,pager,200,50,329,14131,220590,200,50,1777,49,220397,289266,1,218,35825
fc1a1cd2d37a9100a80a496108f693ecebc59e14-dirty,3,pager,200,50,330,14172,211525,200,50,1727,49,211332,281137,1,225,36966
fc1a1cd2d37a9100a80a496108f693ecebc59e14-dirty,3,pager,200,50,331,14208,213274,200,50,1682,49,213081,273830,1,220,36151
fc1a1cd2d37a9100a80a496108f693ecebc59e14-dirty,3,pager,200,50,332,14250,211366,200,50,1685,49,211173,274268,1,201,33060
fc1a1cd2d37a9100a80a496108f693ecebc59e14-dirty,3,pager,200,50,333,14291,209139,200,50,1668,49,208946,271453,1,201,33060
fc1a1cd2d37a9100a80a496108f693ecebc59e14-dirty,3,pager,200,50,334,14372,202301,200,50,1628,49,202108,264954,1,213,35008
fc1a1cd2d37a9100a80a496108f693ecebc59e14-dirty,3,pager,200,50,335,14377,208661,200,50,1613,49,208468,262536,1,235,38597
fc1a1cd2d37a9100a80a496108f693ecebc59e14-dirty,3,pager,200,50,336,14415,215180,200,50,1654,49,214987,269218,1,240,39415
fc1a1cd2d37a9100a80a496108f693ecebc59e14-dirty,3,pager,200,50,337,14451,218519,200,50,1690,49,218326,275027,1,218,35829
fc1a1cd2d37a9100a80a496108f693ecebc59e14-dirty,3,pager,200,50,338,14492,224085,200,50,1727,49,223892,280994,1,236,38765
fc1a1cd2d37a9100a80a496108f693ecebc59e14-dirty,3,pager,200,50,339,14533,218360,200,50,1712,49,218167,278586,1,220,36157
fc1a1cd2d37a9100a80a496108f693ecebc59e14-dirty,3,pager,200,50,340,14574,211523,200,50,1681,49,211330,273577,1,203,33384
fc1a1cd2d37a9100a80a496108f693ecebc59e14-dirty,3,pager,200,50,341,14651,214862,200,50,1677,49,214669,272967,1,239,39252
fc1a1cd2d37a9100a80a496108f693ecebc59e14-dirty,3,pager,200,50,342,14655,202778,200,50,1648,49,202585,268258,1,201,33060
fc1a1cd2d37a9100a80a496108f693ecebc59e14-dirty,3,pager,200,50,343,14734,202460,200,50,1590,49,202267,258840,1,206,33873
fc1a1cd2d37a9100a80a496108f693ecebc59e14-dirty,3,pager,200,50,344,14738,208502,200,50,1626,49,208309,264705,1,256,42025
fc1a1cd2d37a9100a80a496108f693ecebc59e14-dirty,3,pager,200,50,345,14770,212001,200,50,1661,49,211808,270390,1,225,36972
fc1a1cd2d37a9100a80a496108f693ecebc59e14-dirty,3,pager,200,50,346,14852,213115,200,50,1684,49,212922,274108,1,209,34364
fc1a1cd2d37a9100a80a496108f693ecebc59e14-dirty,3,pager,200,50,347,14856,204848,200,50,1640,49,204655,266976,1,221,36320
fc1a1cd2d37a9100a80a496108f693ecebc59e14-dirty,3,pager,200,50,348,14893,203735,200,50,1597,49,203542,259955,1,202,33222
fc1a1cd2d37a9100a80a496108f693ecebc59e14-dirty,3,pager,200,50,349,14970,201668,200,50,1580,49,201475,257128,1,202,33222
fc1a1cd2d37a9100a80a496108f693ecebc59e14-dirty,3,pager,200,50,350,14974,201350,200,50,1565,49,201157,254671,1,201,33060
fc1a1cd2d37a9100a80a496108f693ecebc59e14-dirty,3,pager,200,50,351,15052,208346,200,50,1601,49,208153,260509,1,239,39249
fc1a1cd2d37a9100a80a496108f693ecebc59e14-dirty,3,pager,200,50,352,15056,203735,200,50,1589,49,203542,258524,1,220,36155
fc1a1cd2d37a9100a80a496108f693ecebc59e14-dirty,3,pager,200,50,353,15130,201828,200,50,1598,49,201635,259936,1,234,38439
fc1a1cd2d37a9100a80a496108f693ecebc59e14-dirty,3,pager,200,50,354,15134,195309,200,50,1606,49,195116,261195,1,202,33222
fc1a1cd2d37a9100a80a496108f693ecebc59e14-dirty,3,pager,200,50,355,15213,193560,200,50,1610,49,193367,261875,1,246,40393
fc1a1cd2d37a9100a80a496108f693ecebc59e14-dirty,3,pager,200,50,356,15217,190857,200,50,1609,49,190664,261729,1,234,38437
fc1a1cd2d37a9100a80a496108f693ecebc59e14-dirty,3,pager,200,50,357,15255,186087,200,50,1615,49,185894,262715,1,202,33222
fc1a1cd2d37a9100a80a496108f693ecebc59e14-dirty,3,pager,200,50,358,15290,173049,200,50,1535,49,172856,249741,1,201,33060
fc1a1cd2d37a9100a80a496108f693ecebc59e14-dirty,3,pager,200,50,359,15372,174639,200,50,1467,49,174446,238694,1,212,34847
fc1a1cd2d37a9100a80a496108f693ecebc59e14-dirty,3,pager,200,50,360,15376,176547,200,50,1475,49,176354,239998,1,237,38923
fc1a1cd2d37a9100a80a496108f693ecebc59e14-dirty,3,pager,200,50,361,15450,179568,200,50,1485,49,179375,241634,1,230,37785
fc1a1cd2d37a9100a80a496108f693ecebc59e14-dirty,3,pager,200,50,362,15454,173208,200,50,1442,49,173015,234709,1,246,40393
fc1a1cd2d37a9100a80a496108f693ecebc59e14-dirty,3,pager,200,50,363,15532,167007,200,50,1405,49,166814,228754,1,233,38274
fc1a1cd2d37a9100a80a496108f693ecebc59e14-dirty,3,pager,200,50,364,15536,168757,200,50,1369,49,168564,222928,1,212,34853
fc1a1cd2d37a9100a80a496108f693ecebc59e14-dirty,3,pager,200,50,365,15610,174164,200,50,1401,49,173971,228130,1,239,39254
fc1a1cd2d37a9100a80a496108f693ecebc59e14-dirty,3,pager,200,50,366,15614,172893,200,50,1424,49,172700,231880,1,220,36157
fc1a1cd2d37a9100a80a496108f693ecebc59e14-dirty,3,pager,200,50,367,15692,177664,200,50,1463,49,177471,238222,1,252,41373
fc1a1cd2d37a9100a80a496108f693ecebc59e14-dirty,3,pager,200,50,368,15696,179255,200,50,1490,49,179062,242623,1,211,34690
fc1a1cd2d37a9100a80a496108f693ecebc59e14-dirty,3,pager,200,50,369,15774,172896,200,50,1459,49,172703,237597,1,203,33386
fc1a1cd2d37a9100a80a496108f693ecebc59e14-dirty,3,pager,200,50,370,15778,170671,200,50,1438,49,170478,234182,1,212,34853
fc1a1cd2d37a9100a80a496108f693ecebc59e14-dirty,3,pager,200,50,371,15852,173215,200,50,1426,49,173022,232239,1,215,35340
fc1a1cd2d37a9100a80a496108f693ecebc59e14-dirty,3,pager,200,50,372,15855,172421,200,50,1430,49,172228,232907,1,206,33875
fc1a1cd2d37a9100a80a496108f693ecebc59e14-dirty,3,pager,200,50,373,15893,178146,200,50,1454,49,177953,236825,1,236,38765
fc1a1cd2d37a9100a80a496108f693ecebc59e14-dirty,3,pager,200,50,374,15934,175921,200,50,1455,49,175728,236991,1,220,36157
fc1a1cd2d37a9100a80a496108f693ecebc59e14-dirty,3,pager,200,50,375,15970,176239,200,50,1441,49,176046,234707,1,202,33222
fc1a1cd2d37a9100a80a496108f693ecebc59e14-dirty,3,pager,200,50,376,16052,173218,200,50,1425,49,173025,232086,1,202,33222
fc1a1cd2d37a9100a80a496108f693ecebc59e14-dirty,3,pager,200,50,377,16056,167971,200,50,1393,49,167778,226872,1,201,33060
fc1a1cd2d37a9100a80a496108f693ecebc59e14-dirty,3,pager,200,50,378,16135,175444,200,50,1417,49,175251,230781,1,256,42020
fc1a1cd2d37a9100a80a496108f693ecebc59e14-dirty,3,pager,200,50,379,16138,181327,200,50,1452,49,181134,236494,1,256,42020
fc1a1cd2d37a9100a80a496108f693ecebc59e14-dirty,3,pager,200,50,380,16212,188005,200,50,1484,49,187812,241699,1,254,41694
fc1a1cd2d37a9100a80a496108f693ecebc59e14-dirty,3,pager,200,50,381,16216,189754,200,50,1518,49,189561,247224,1,212,34847
fc1a1cd2d37a9100a80a496108f693ecebc59e14-dirty,3,pager,200,50,382,16295,200566,200,50,1576,49,200373,256669,1,259,42509
fc1a1cd2d37a9100a80a496108f693ecebc59e14-dirty,3,pager,200,50,383,16299,203428,200,50,1625,49,203235,264614,1,230,37785
fc1a1cd2d37a9100a80a496108f693ecebc59e14-dirty,3,pager,200,50,384,16331,201838,200,50,1593,49,201645,259393,1,230,37785
fc1a1cd2d37a9100a80a496108f693ecebc59e14-dirty,3,pager,200,50,385,16372,196909,200,50,1579,49,196716,257133,1,210,34525
fc1a1cd2d37a9100a80a496108f693ecebc59e14-dirty,3,pager,200,50,386,16413,195161,200,50,1555,49,194968,253238,1,210,34527
fc1a1cd2d37a9100a80a496108f693ecebc59e14-dirty,3,pager,200,50,387,16490,195320,200,50,1551,49,195127,252605,1,238,39091
fc1a1cd2d37a9100a80a496108f693ecebc59e14-dirty,3,pager,200,50,388,16495,204542,200,50,1593,49,204349,259483,1,278,45611
fc1a1cd2d37a9100a80a496108f693ecebc59e14-dirty,3,pager,200,50,389,16572,204383,200,50,1650,49,204190,268795,1,202,33222
fc1a1cd2d37a9100a80a496108f693ecebc59e14-dirty,3,pager,200,50,390,16576,199932,200,50,1624,49,199739,264558,1,212,34853
fc1a1cd2d37a9100a80a496108f693ecebc59e14-dirty,3,pager,200,50,391,16614,200250,200,50,1598,49,200057,260319,1,202,33222
fc1a1cd2d37a9100a80a496108f693ecebc59e14-dirty,3,pager,200,50,392,16655,209472,200,50,1656,49,209279,269742,1,264,43327
fc1a1cd2d37a9100a80a496108f693ecebc59e14-dirty,3,pager,200,50,393,16732,203747,200,50,1662,49,203554,270745,1,220,36155
fc1a1cd2d37a9100a80a496108f693ecebc59e14-dirty,3,pager,200,50,394,16736,202634,200,50,1627,49,202441,265048,1,216,35505
fc1a1cd2d37a9100a80a496108f693ecebc59e14-dirty,3,pager,200,50,395,16773,207086,200,50,1637,49,206893,266669,1,236,38765
fc1a1cd2d37a9100a80a496108f693ecebc59e14-dirty,3,pager,200,50,396,16815,206927,200,50,1653,49,206734,269262,1,220,36157
fc1a1cd2d37a9100a80a496108f693ecebc59e14-dirty,3,pager,200,50,397,16851,207086,200,50,1653,49,206893,269281,1,203,33384
fc1a1cd2d37a9100a80a496108f693ecebc59e14-dirty,3,pager,200,50,398,16892,207086,200,50,1654,49,206893,269434,1,202,33222
fc1a1cd2d37a9100a80a496108f693ecebc59e14-dirty,3,pager,200,50,399,16933,207086,200,50,1654,49,206893,269397,1,201,33060
fc1a1cd2d37a9100a80a496108f693ecebc59e14-dirty,3,pager,200,50,400,16974,207722,200,50,1656,49,207529,269722,1,241,39575
fc1a1cd2d37a9100a80a496108f693ecebc59e14-dirty,3,pager,200,50,401,17015,211697,200,50,1667,49,211504,271513,1,248,40719
fc1a1cd2d37a9100a80a496108f693ecebc59e14-dirty,3,pager,200,50,402,17092,206449,200,50,1679,49,206256,273461,1,202,33222
fc1a1cd2d37a9100a80a496108f693ecebc59e14-dirty,3,pager,200,50,403,17096,206131,200,50,1646,49,205938,268082,1,201,33060
fc1a1cd2d37a9100a80a496108f693ecebc59e14-dirty,3,pager,200,50,404,17174,208039,200,50,1651,49,207846,268896,1,251,41205
fc1a1cd2d37a9100a80a496108f693ecebc59e14-dirty,3,pager,200,50,405,17178,202792,200,50,1664,49,202599,271006,1,204,33546
fc1a1cd2d37a9100a80a496108f693ecebc59e14-dirty,3,pager,200,50,406,17251,211855,200,50,1681,49,211662,273757,1,255,41858
fc1a1cd2d37a9100a80a496108f693ecebc59e14-dirty,3,pager,200,50,407,17255,221236,200,50,1734,49,221043,282347,1,252,41368
fc1a1cd2d37a9100a80a496108f693ecebc59e14-dirty,3,pager,200,50,408,17294,226642,200,50,1771,49,226449,288381,1,240,39412
fc1a1cd2d37a9100a80a496108f693ecebc59e14-dirty,3,pager,200,50,409,17371,227437,200,50,1775,49,227244,289060,1,242,39737
fc1a1cd2d37a9100a80a496108f693ecebc59e14-dirty,3,pager,200,50,410,17375,225370,200,50,1778,49,225177,289573,1,220,36155
fc1a1cd2d37a9100a80a496108f693ecebc59e14-dirty,3,pager,200,50,411,17412,217897,200,50,1756,49,217704,286012,1,202,33222
fc1a1cd2d37a9100a80a496108f693ecebc59e14-dirty,3,pager,200,50,412,17453,212650,200,50,1714,49,212457,279174,1,201,33060
fc1a1cd2d37a9100a80a496108f693ecebc59e14-dirty,3,pager,200,50,413,17494,223938,200,50,1758,49,223745,286342,1,279,45769
fc1a1cd2d37a9100a80a496108f693ecebc59e14-dirty,3,pager,200,50,414,17536,225845,200,50,1797,49,225652,292717,1,253,41534
fc1a1cd2d37a9100a80a496108f693ecebc59e14-dirty,3,pager,200,50,415,17613,226640,200,50,1809,49,226447,294710,1,226,37135
fc1a1cd2d37a9100a80a496108f693ecebc59e14-dirty,3,pager,200,50,416,17617,222665,200,50,1784,49,222472,290690,1,229,37624
fc1a1cd2d37a9100a80a496108f693ecebc59e14-dirty,3,pager,200,50,417,17654,226960,200,50,1766,49,226767,287752,1,235,38604
fc1a1cd2d37a9100a80a496108f693ecebc59e14-dirty,3,pager,200,50,418,17695,226960,200,50,1791,49,226767,291779,1,204,33549
fc1a1cd2d37a9100a80a496108f693ecebc59e14-dirty,3,pager,200,50,419,17731,225528,200,50,1784,49,225335,290592,1,202,33222
fc1a1cd2d37a9100a80a496108f693ecebc59e14-dirty,3,pager,200,50,420,17773,228390,200,50,1800,49,228197,293160,1,231,37948
fc1a1cd2d37a9100a80a496108f693ecebc59e14-dirty,3,pager,200,50,421,17814,230774,200,50,1816,49,230581,295723,1,219,35992
fc1a1cd2d37a9100a80a496108f693ecebc59e14-dirty,3,pager,200,50,422,17855,233795,200,50,1840,49,233602,299605,1,255,41862
fc1a1cd2d37a9100a80a496108f693ecebc59e14-dirty,3,pager,200,50,423,17892,239837,200,50,1851,49,239644,301425,1,260,42677
fc1a1cd2d37a9100a80a496108f693ecebc59e14-dirty,3,pager,200,50,424,17933,249060,200,50,1875,49,248867,305328,1,260,42677
fc1a1cd2d37a9100a80a496108f693ecebc59e14-dirty,3,pager,200,50,425,17974,258760,200,50,1922,49,258567,312979,1,262,43003
fc1a1cd2d37a9100a80a496108f693ecebc59e14-dirty,3,pager,200,50,426,18016,268460,200,50,1970,49,268267,320771,1,260,42677
fc1a1cd2d37a9100a80a496108f693ecebc59e14-dirty,3,pager,200,50,427,18053,263850,200,50,1963,49,263657,319614,1,233,38276
fc1a1cd2d37a9100a80a496108f693ecebc59e14-dirty,3,pager,200,50,428,18094,257968,200,50,1936,49,257775,315197,1,226,37135
fc1a1cd2d37a9100a80a496108f693ecebc59e14-dirty,3,pager,200,50,429,18176,249542,200,50,1905,49,249349,310190,1,209,34364
fc1a1cd2d37a9100a80a496108f693ecebc59e14-dirty,3,pager,200,50,430,18180,247953,200,50,1860,49,247760,302903,1,202,33223
fc1a1cd2d37a9100a80a496108f693ecebc59e14-dirty,3,pager,200,50,431,18213,237459,200,50,1803,49,237266,293613,1,202,33222
fc1a1cd2d37a9100a80a496108f693ecebc59e14-dirty,3,pager,200,50,432,18293,232530,200,50,1743,49,232337,283833,1,202,33222
fc1a1cd2d37a9100a80a496108f693ecebc59e14-dirty,3,pager,200,50,433,18298,227283,200,50,1736,49,227090,282679,1,201,33060
fc1a1cd2d37a9100a80a496108f693ecebc59e14-dirty,3,pager,200,50,434,18372,233802,200,50,1753,49,233609,285441,1,248,40715
fc1a1cd2d37a9100a80a496108f693ecebc59e14-dirty,3,pager,200,50,435,18376,238094,200,50,1784,49,237901,290469,1,239,39252
fc1a1cd2d37a9100a80a496108f693ecebc59e14-dirty,3,pager,200,50,436,18454,232687,200,50,1789,49,232494,291294,1,202,33222
fc1a1cd2d37a9100a80a496108f693ecebc59e14-dirty,3,pager,200,50,437,18459,220602,200,50,1714,49,220409,279141,1,201,33060
fc1a1cd2d37a9100a80a496108f693ecebc59e14-dirty,3,pager,200,50,438,18532,227121,200,50,1674,49,226928,272694,1,239,39249
fc1a1cd2d37a9100a80a496108f693ecebc59e14-dirty,3,pager,200,50,439,18537,228074,200,50,1699,49,227881,276737,1,216,35503
fc1a1cd2d37a9100a80a496108f693ecebc59e14-dirty,3,pager,200,50,440,18573,229029,200,50,1701,49,228836,277023,1,208,34201
fc1a1cd2d37a9100a80a496108f693ecebc59e14-dirty,3,pager,200,50,441,18614,221239,200,50,1652,49,221046,269053,1,216,35505
fc1a1cd2d37a9100a80a496108f693ecebc59e14-dirty,3,pager,200,50,442,18692,220445,200,50,1587,48,217532,258524,1,216,35505
fc1a1cd2d37a9100a80a496108f693ecebc59e14-dirty,3,pager,200,50,443,18696,225533,200,50,1613,48,222620,262734,1,248,40721
fc1a1cd2d37a9100a80a496108f693ecebc59e14-dirty,3,pager,200,50,444,18733,221716,200,50,1628,48,218803,265165,1,211,34688
fc1a1cd2d37a9100a80a496108f693ecebc59e14-dirty,3,pager,200,50,445,18774,225214,200,50,1637,48,222301,266614,1,242,39743
fc1a1cd2d37a9100a80a496108f693ecebc59e14-dirty,3,pager,200,50,446,18815,225055,200,50,1658,48,222142,270005,1,202,33222
fc1a1cd2d37a9100a80a496108f693ecebc59e14-dirty,3,pager,200,50,447,18851,226009,200,50,1662,48,223096,270613,1,208,34199
fc1a1cd2d37a9100a80a496108f693ecebc59e14-dirty,3,pager,200,50,448,18893,226327,200,50,1669,48,223414,271711,1,202,33222
fc1a1cd2d37a9100a80a496108f693ecebc59e14-dirty,3,pager,200,50,449,18934,218536,200,50,1630,48,215623,265356,1,201,33060
fc1a1cd2d37a9100a80a496108f693ecebc59e14-dirty,3,pager,200,50,450,19015,218854,200,50,1622,48,215941,264083,1,244,40064
fc1a1cd2d37a9100a80a496108f693ecebc59e14-dirty,3,pager,200,50,451,19020,226009,200,50,1622,48,223096,264128,1,244,40067
fc1a1cd2d37a9100a80a496108f693ecebc59e14-dirty,3,pager,200,50,452,19094,232369,200,50,1660,48,229456,270246,1,236,38763
fc1a1cd2d37a9100a80a496108f693ecebc59e14-dirty,3,pager,200,50,453,19098,233641,200,50,1672,48,230728,272175,1,260,42675
fc1a1cd2d37a9100a80a496108f693ecebc59e14-dirty,3,pager,200,50,454,19173,244294,200,50,1692,48,241381,275430,1,268,43979
fc1a1cd2d37a9100a80a496108f693ecebc59e14-dirty,3,pager,200,50,455,19177,235231,200,50,1709,48,232318,278219,1,202,33222
fc1a1cd2d37a9100a80a496108f693ecebc59e14-dirty,3,pager,200,50,456,19253,225850,200,50,1656,48,222937,269604,1,201,33060
fc1a1cd2d37a9100a80a496108f693ecebc59e14-dirty,3,pager,200,50,457,19258,228394,200,50,1662,48,225481,270590,1,255,41857
fc1a1cd2d37a9100a80a496108f693ecebc59e14-dirty,3,pager,200,50,458,19332,227599,200,50,1675,48,224686,272748,1,239,39252
fc1a1cd2d37a9100a80a496108f693ecebc59e14-dirty,3,pager,200,50,459,19336,232369,200,50,1677,48,229456,273092,1,246,40393
fc1a1cd2d37a9100a80a496108f693ecebc59e14-dirty,3,pager,200,50,460,19414,233482,200,50,1702,48,230569,277158,1,208,34199
fc1a1cd2d37a9100a80a496108f693ecebc59e14-dirty,3,pager,200,50,461,19418,234278,200,50,1709,48,231365,278241,1,205,33712
fc1a1cd2d37a9100a80a496108f693ecebc59e14-dirty,3,pager,200,50,462,19455,222195,200,50,1637,48,219282,266542,1,208,34201
fc1a1cd2d37a9100a80a496108f693ecebc59e14-dirty,3,pager,200,50,463,19492,219175,200,50,1592,48,216262,259250,1,237,38928
fc1a1cd2d37a9100a80a496108f693ecebc59e14-dirty,3,pager,200,50,464,19532,219652,200,50,1576,48,216739,256648,1,225,36972
fc1a1cd2d37a9100a80a496108f693ecebc59e14-dirty,3,pager,200,50,465,19574,219970,200,50,1571,48,217057,255815,1,227,37298
fc1a1cd2d37a9100a80a496108f693ecebc59e14-dirty,3,pager,200,50,466,19655,222671,200,50,1595,48,219758,259708,1,255,41862
fc1a1cd2d37a9100a80a496108f693ecebc59e14-dirty,3,pager,200,50,467,19660,229190,200,50,1609,48,226277,261994,1,245,40232
fc1a1cd2d37a9100a80a496108f693ecebc59e14-dirty,3,pager,200,50,468,19732,229190,200,50,1650,48,226277,268656,1,202,33222
fc1a1cd2d37a9100a80a496108f693ecebc59e14-dirty,3,pager,200,50,469,19737,224102,200,50,1622,48,221189,264113,1,202,33222
fc1a1cd2d37a9100a80a496108f693ecebc59e14-dirty,3,pager,200,50,470,19815,220763,200,50,1593,48,217850,259415,1,201,33060
fc1a1cd2d37a9100a80a496108f693ecebc59e14-dirty,3,pager,200,50,471,19820,219331,200,50,1575,48,216418,256533,1,241,39574
fc1a1cd2d37a9100a80a496108f693ecebc59e14-dirty,3,pager,200,50,472,19852,215196,200,50,1573,48,212283,256246,1,230,37785
fc1a1cd2d37a9100a80a496108f693ecebc59e14-dirty,3,pager,200,50,473,19893,208199,200,50,1560,48,205286,254123,1,215,35340
fc1a1cd2d37a9100a80a496108f693ecebc59e14-dirty,3,pager,200,50,474,19974,204383,200,50,1552,48,201470,252821,1,238,39091
fc1a1cd2d37a9100a80a496108f693ecebc59e14-dirty,3,pager,200,50,475,19978,201998,200,50,1551,48,199085,252668,1,248,40721
fc1a1cd2d37a9100a80a496108f693ecebc59e14-dirty,3,pager,200,50,476,20011,196591,200,50,1551,48,193678,252714,1,202,33222
fc1a1cd2d37a9100a80a496108f693ecebc59e14-dirty,3,pager,200,50,477,20052,192774,200,50,1520,48,189861,247654,1,202,33222
fc1a1cd2d37a9100a80a496108f693ecebc59e14-dirty,3,pager,200,50,478,20093,191342,200,50,1496,48,188429,243729,1,201,33060
fc1a1cd2d37a9100a80a496108f693ecebc59e14-dirty,3,pager,200,50,479,20135,205492,200,50,1571,48,202579,255944,1,285,46747
fc1a1cd2d37a9100a80a496108f693ecebc59e14-dirty,3,pager,200,50,480,20171,211852,200,50,1652,48,208939,269131,1,241,39578
fc1a1cd2d37a9100a80a496108f693ecebc59e14-dirty,3,pager,200,50,481,20253,216941,200,50,1688,48,214029,275001,1,232,38113
fc1a1cd2d37a9100a80a496108f693ecebc59e14-dirty,3,pager,200,50,482,20257,217259,200,50,1719,48,214347,280009,1,202,33222
fc1a1cd2d37a9100a80a496108f693ecebc59e14-dirty,3,pager,200,50,483,20295,211853,200,50,1688,48,208941,274957,1,217,35666
fc1a1cd2d37a9100a80a496108f693ecebc59e14-dirty,3,pager,200,50,484,20336,213762,200,50,1697,48,210850,276429,1,251,41210
fc1a1cd2d37a9100a80a496108f693ecebc59e14-dirty,3,pager,200,50,485,20373,221872,200,50,1697,48,218960,276429,1,254,41699
fc1a1cd2d37a9100a80a496108f693ecebc59e14-dirty,3,pager,200,50,486,20455,224258,200,50,1738,48,221346,283107,1,216,35505
fc1a1cd2d37a9100a80a496108f693ecebc59e14-dirty,3,pager,200,50,487,20459,219807,200,50,1715,48,216895,279393,1,215,35342
fc1a1cd2d37a9100a80a496108f693ecebc59e14-dirty,3,pager,200,50,488,20496,219490,200,50,1682,48,216578,274055,1,217,35668
fc1a1cd2d37a9100a80a496108f693ecebc59e14-dirty,3,pager,200,50,489,20573,221080,200,50,1673,48,218168,272561,1,218,35831
fc1a1cd2d37a9100a80a496108f693ecebc59e14-dirty,3,pager,200,50,490,20578,222034,200,50,1669,48,219122,271875,1,223,36646
fc1a1cd2d37a9100a80a496108f693ecebc59e14-dirty,3,pager,200,50,491,20616,224578,200,50,1681,49,224385,273792,1,231,37950
fc1a1cd2d37a9100a80a496108f693ecebc59e14-dirty,3,pager,200,50,492,20692,217104,200,50,1666,49,216911,271330,1,202,33222
fc1a1cd2d37a9100a80a496108f693ecebc59e14-dirty,3,pager,200,50,493,20697,215355,200,50,1618,49,215162,263489,1,202,33222
fc1a1cd2d37a9100a80a496108f693ecebc59e14-dirty,3,pager,200,50,494,20775,208517,200,50,1575,49,208324,256457,1,201,33060
fc1a1cd2d37a9100a80a496108f693ecebc59e14-dirty,3,pager,200,50,495,20779,220283,200,50,1602,49,220090,260895,1,270,44302
fc1a1cd2d37a9100a80a496108f693ecebc59e14-dirty,3,pager,200,50,496,20817,225212,200,50,1668,49,225019,271603,1,239,39252
fc1a1cd2d37a9100a80a496108f693ecebc59e14-dirty,3,pager,200,50,497,20853,229029,200,50,1696,49,228836,276121,1,219,35994
fc1a1cd2d37a9100a80a496108f693ecebc59e14-dirty,3,pager,200,50,498,20894,230779,200,50,1716,49,230586,279339,1,212,34853
fc1a1cd2d37a9100a80a496108f693ecebc59e14-dirty,3,pager,200,50,499,20935,224420,200,50,1686,49,224227,274452,1,207,34038
fc1a1cd2d37a9100a80a496108f693ecebc59e14-dirty,3,pager,200,50,500,21012,219015,200,50,1653,49,218822,269118,1,214,35179
fc1a1cd2d37a9100a80a496108f693ecebc59e14-dirty,3,pager,200,50,501,21016,213133,200,50,1629,49,212940,265239,1,203,33386
fc1a1cd2d37a9100a80a496108f693ecebc59e14-dirty,3,pager,200,50,502,21053,205025,200,50,1583,49,204832,257766,1,217,35668
fc1a1cd2d37a9100a80a496108f693ecebc59e14-dirty,3,pager,200,50,503,21135,195804,200,50,1531,49,195611,249321,1,210,34527
fc1a1cd2d37a9100a80a496108f693ecebc59e14-dirty,3,pager,200,50,504,21139,196441,200,50,1473,49,196248,239912,1,206,33875
fc1a1cd2d37a9100a80a496108f693ecebc59e14-dirty,3,pager,200,50,505,21175,201530,200,50,1501,49,201337,244423,1,232,38113
fc1a1cd2d37a9100a80a496108f693ecebc59e14-dirty,3,pager,200,50,506,21215,192150,200,50,1480,49,191957,241008,1,203,33386
fc1a1cd2d37a9100a80a496108f693ecebc59e14-dirty,3,pager,200,50,507,21256,186427,200,50,1430,49,186234,232873,1,206,33875
fc1a1cd2d37a9100a80a496108f693ecebc59e14-dirty,3,pager,200,50,508,21332,178796,200,50,1393,49,178603,226884,1,203,33386
fc1a1cd2d37a9100a80a496108f693ecebc59e14-dirty,3,pager,200,50,509,21336,178796,200,50,1354,49,178603,220572,1,207,34037
fc1a1cd2d37a9100a80a496108f693ecebc59e14-dirty,3,pager,200,50,510,21415,181976,200,50,1371,49,181783,223312,1,225,36972
fc1a1cd2d37a9100a80a496108f693ecebc59e14-dirty,3,pager,200,50,511,21419,181499,200,50,1389,49,181306,226208,1,205,33712
fc1a1cd2d37a9100a80a496108f693ecebc59e14-dirty,3,pager,200,50,512,21492,175774,200,50,1357,49,175581,220997,1,202,33222
fc1a1cd2d37a9100a80a496108f693ecebc59e14-dirty,3,pager,200,50,513,21496,171957,200,50,1322,49,171764,215286,1,202,33222
fc1a1cd2d37a9100a80a496108f693ecebc59e14-dirty,3,pager,200,50,514,21534,167504,200,50,1297,49,167311,211188,1,201,33060
fc1a1cd2d37a9100a80a496108f693ecebc59e14-dirty,3,pager,200,50,515,21575,166867,200,50,1285,49,166674,209234,1,244,40064
fc1a1cd2d37a9100a80a496108f693ecebc59e14-dirty,3,pager,200,50,516,21616,168297,200,50,1289,49,168104,209930,1,250,41045
fc1a1cd2d37a9100a80a496108f693ecebc59e14-dirty,3,pager,200,50,517,21652,176089,200,50,1295,49,175896,210951,1,249,40884
fc1a1cd2d37a9100a80a496108f693ecebc59e14-dirty,3,pager,200,50,518,21693,183404,200,50,1338,49,183211,217880,1,252,41373
fc1a1cd2d37a9100a80a496108f693ecebc59e14-dirty,3,pager,200,50,519,21735,194376,200,50,1399,49,194183,227742,1,266,43655
fc1a1cd2d37a9100a80a496108f693ecebc59e14-dirty,3,pager,200,50,520,21776,187380,200,50,1425,49,187187,231987,1,202,33222
fc1a1cd2d37a9100a80a496108f693ecebc59e14-dirty,3,pager,200,50,521,21812,182451,200,50,1383,49,182258,225157,1,202,33222
fc1a1cd2d37a9100a80a496108f693ecebc59e14-dirty,3,pager,200,50,522,21853,180066,200,50,1354,49,179873,220444,1,201,33060
fc1a1cd2d37a9100a80a496108f693ecebc59e14-dirty,3,pager,200,50,523,21935,173864,200,50,1314,49,173671,213912,1,201,33060
fc1a1cd2d37a9100a80a496108f693ecebc59e14-dirty,3,pager,200,50,524,21939,177520,200,50,1325,49,177327,215705,1,259,42506
fc1a1cd2d37a9100a80a496108f693ecebc59e14-dirty,3,pager,200,50,525,21973,181177,200,50,1338,49,180984,217821,1,224,36800
fc1a1cd2d37a9100a80a496108f693ecebc59e14-dirty,3,pager,200,50,526,22055,184675,200,50,1360,49,184482,221386,1,222,36475
fc1a1cd2d37a9100a80a496108f693ecebc59e14-dirty,3,pager,200,50,527,22059,188809,200,50,1390,49,188616,226264,1,227,37292
fc1a1cd2d37a9100a80a496108f693ecebc59e14-dirty,3,pager,200,50,528,22132,174499,200,50,1333,49,174306,217050,1,201,33060
fc1a1cd2d37a9100a80a496108f693ecebc59e14-dirty,3,pager,200,50,529,22136,167821,200,50,1251,49,167628,203761,1,201,33060
fc1a1cd2d37a9100a80a496108f693ecebc59e14-dirty,3,pager,200,50,530,22173,165912,200,50,1233,49,165719,200846,1,220,36149
fc1a1cd2d37a9100a80a496108f693ecebc59e14-dirty,3,pager,200,50,531,22214,170046,200,50,1230,49,169853,200349,1,224,36804
fc1a1cd2d37a9100a80a496108f693ecebc59e14-dirty,3,pager,200,50,532,22292,173862,200,50,1261,49,173669,205413,1,245,40230
fc1a1cd2d37a9100a80a496108f693ecebc59e14-dirty,3,pager,200,50,533,22295,166229,200,50,1252,49,166036,203998,1,202,33222
fc1a1cd2d37a9100a80a496108f693ecebc59e14-dirty,3,pager,200,50,534,22332,157960,200,50,1215,49,157767,197935,1,201,33060
fc1a1cd2d37a9100a80a496108f693ecebc59e14-dirty,3,pager,200,50,535,22373,155574,200,50,1174,49,155381,191220,1,201,33060
fc1a1cd2d37a9100a80a496108f693ecebc59e14-dirty,3,pager,200,50,536,22456,159548,200,50,1195,49,159355,194613,1,236,38757
fc1a1cd2d37a9100a80a496108f693ecebc59e14-dirty,3,pager,200,50,537,22459,162727,200,50,1226,49,162534,199639,1,233,38271
fc1a1cd2d37a9100a80a496108f693ecebc59e14-dirty,3,pager,200,50,538,22492,166065,200,50,1261,49,165872,205331,1,235,38600
fc1a1cd2d37a9100a80a496108f693ecebc59e14-dirty,3,pager,200,50,539,22575,170676,200,50,1303,49,170483,212170,1,252,41373
fc1a1cd2d37a9100a80a496108f693ecebc59e14-dirty,3,pager,200,50,540,22579,165905,200,50,1343,49,165712,218686,1,202,33222
fc1a1cd2d37a9100a80a496108f693ecebc59e14-dirty,3,pager,200,50,541,22652,165905,200,50,1314,49,165712,213973,1,202,33222
fc1a1cd2d37a9100a80a496108f693ecebc59e14-dirty,3,pager,200,50,542,22656,165746,200,50,1314,49,165553,213960,1,201,33060
fc1a1cd2d37a9100a80a496108f693ecebc59e14-dirty,3,pager,200,50,543,22693,165746,200,50,1314,49,165553,213951,1,201,33060
fc1a1cd2d37a9100a80a496108f693ecebc59e14-dirty,3,pager,200,50,544,22775,162566,200,50,1294,49,162373,210727,1,249,40876
fc1a1cd2d37a9100a80a496108f693ecebc59e14-dirty,3,pager,200,50,545,22778,163520,200,50,1275,49,163327,207666,1,244,40064
fc1a1cd2d37a9100a80a496108f693ecebc59e14-dirty,3,pager,200,50,546,22852,169726,200,50,1306,49,169533,212753,1,264,43333
fc1a1cd2d37a9100a80a496108f693ecebc59e14-dirty,3,pager,200,50,547,22856,169407,200,50,1351,49,169214,220097,1,207,34033
fc1a1cd2d37a9100a80a496108f693ecebc59e14-dirty,3,pager,200,50,548,22894,171950,200,50,1364,49,171757,222219,1,225,36970
fc1a1cd2d37a9100a80a496108f693ecebc59e14-dirty,3,pager,200,50,549,22976,170200,200,50,1374,49,170007,223836,1,202,33222
fc1a1cd2d37a9100a80a496108f693ecebc59e14-dirty,3,pager,200,50,550,22980,169881,200,50,1361,49,169688,221706,1,201,33060
fc1a1cd2d37a9100a80a496108f693ecebc59e14-dirty,3,pager,200,50,551,23012,167177,200,50,1346,49,166984,219271,1,201,33060
fc1a1cd2d37a9100a80a496108f693ecebc59e14-dirty,3,pager,200,50,552,23053,175603,200,50,1390,49,175410,226447,1,259,42506
fc1a1cd2d37a9100a80a496108f693ecebc59e14-dirty,3,pager,200,50,553,23095,180531,200,50,1442,49,180338,234923,1,238,39085
fc1a1cd2d37a9100a80a496108f693ecebc59e14-dirty,3,pager,200,50,554,23136,185147,200,50,1473,49,184954,239963,1,254,41703
fc1a1cd2d37a9100a80a496108f693ecebc59e14-dirty,3,pager,200,50,555,23172,184828,200,50,1494,49,184635,243361,1,201,33060
fc1a1cd2d37a9100a80a496108f693ecebc59e14-dirty,3,pager,200,50,556,23254,183873,200,50,1490,49,183680,242662,1,201,33060
fc1a1cd2d37a9100a80a496108f693ecebc59e14-dirty,3,pager,200,50,557,23258,191822,200,50,1530,49,191629,249135,1,247,40550
fc1a1cd2d37a9100a80a496108f693ecebc59e14-dirty,3,pager,200,50,558,23296,197069,200,50,1572,49,196876,255917,1,241,39575
fc1a1cd2d37a9100a80a496108f693ecebc59e14-dirty,3,pager,200,50,559,23333,196909,200,50,1587,49,196716,258317,1,225,36970
fc1a1cd2d37a9100a80a496108f693ecebc59e14-dirty,3,pager,200,50,560,23378,203586,200,50,1608,49,203393,261757,1,244,40064
fc1a1cd2d37a9100a80a496108f693ecebc59e14-dirty,3,pager,200,50,561,23457,207402,200,50,1647,49,207209,268113,1,228,37459
fc1a1cd2d37a9100a80a496108f693ecebc59e14-dirty,3,pager,200,50,562,23461,215829,200,50,1697,49,215636,276261,1,252,41368
fc1a1cd2d37a9100a80a496108f693ecebc59e14-dirty,3,pager,200,50,563,23534,219009,200,50,1749,49,218816,284675,1,221,36318
fc1a1cd2d37a9100a80a496108f693ecebc59e14-dirty,3,pager,200,50,564,23539,212490,200,50,1729,49,212297,281397,1,207,34033
fc1a1cd2d37a9100a80a496108f693ecebc59e14-dirty,3,pager,200,50,565,23616,207084,200,50,1696,49,206891,276049,1,220,36155
fc1a1cd2d37a9100a80a496108f693ecebc59e14-dirty,3,pager,200,50,566,23621,199292,200,50,1665,49,199099,271015,1,202,33222
fc1a1cd2d37a9100a80a496108f693ecebc59e14-dirty,3,pager,200,50,567,23653,191818,200,50,1622,49,191625,264022,1,201,33060
fc1a1cd2d37a9100a80a496108f693ecebc59e14-dirty,3,pager,200,50,568,23694,180846,200,50,1561,49,180653,254139,1,201,33060
fc1a1cd2d37a9100a80a496108f693ecebc59e14-dirty,3,pager,200,50,569,23776,190704,200,50,1555,49,190511,253199,1,260,42669
fc1a1cd2d37a9100a80a496108f693ecebc59e14-dirty,3,pager,200,50,570,23780,192612,200,50,1611,49,192419,262294,1,212,34848
fc1a1cd2d37a9100a80a496108f693ecebc59e14-dirty,3,pager,200,50,571,23813,204537,200,50,1690,49,204344,275122,1,278,45609
fc1a1cd2d37a9100a80a496108f693ecebc59e14-dirty,3,pager,200,50,572,23854,213441,200,50,1745,49,213248,284044,1,257,42186
fc1a1cd2d37a9100a80a496108f693ecebc59e14-dirty,3,pager,200,50,573,23936,209784,200,50,1722,49,209591,280361,1,247,40556
fc1a1cd2d37a9100a80a496108f693ecebc59e14-dirty,3,pager,200,50,574,23941,215031,200,50,1700,49,214838,276845,1,261,42838
fc1a1cd2d37a9100a80a496108f693ecebc59e14-dirty,3,pager,200,50,575,23972,211533,200,50,1737,49,211340,282871,1,202,33222
fc1a1cd2d37a9100a80a496108f693ecebc59e14-dirty,3,pager,200,50,576,24055,207558,200,50,1708,49,207365,278148,1,201,33060
fc1a1cd2d37a9100a80a496108f693ecebc59e14-dirty,3,pager,200,50,577,24059,207399,200,50,1682,49,207206,273903,1,201,33060
fc1a1cd2d37a9100a80a496108f693ecebc59e14-dirty,3,pager,200,50,578,24096,213441,200,50,1719,49,213248,279875,1,238,39083
fc1a1cd2d37a9100a80a496108f693ecebc59e14-dirty,3,pager,200,50,579,24173,210897,200,50,1737,49,210704,282777,1,206,33870
fc1a1cd2d37a9100a80a496108f693ecebc59e14-dirty,3,pager,200,50,580,24178,209307,200,50,1729,49,209114,281504,1,218,35829
fc1a1cd2d37a9100a80a496108f693ecebc59e14-dirty,3,pager,200,50,581,24214,206127,200,50,1705,49,205934,277640,1,223,36644
fc1a1cd2d37a9100a80a496108f693ecebc59e14-dirty,3,pager,200,50,582,24297,209466,200,50,1662,49,209273,270677,1,223,36644
fc1a1cd2d37a9100a80a496108f693ecebc59e14-dirty,3,pager,200,50,583,24301,215349,200,50,1698,49,215156,276499,1,239,39252
fc1a1cd2d37a9100a80a496108f693ecebc59e14-dirty,3,pager,200,50,584,24375,222027,200,50,1740,49,221834,283291,1,243,39904
fc1a1cd2d37a9100a80a496108f693ecebc59e14-dirty,3,pager,200,50,585,24379,224253,200,50,1759,49,224060,286364,1,256,42023
fc1a1cd2d37a9100a80a496108f693ecebc59e14-dirty,3,pager,200,50,586,24457,224094,200,50,1779,49,223901,289601,1,237,38926
fc1a1cd2d37a9100a80a496108f693ecebc59e14-dirty,3,pager,200,50,587,24461,224889,200,50,1781,49,224696,289944,1,245,40230
fc1a1cd2d37a9100a80a496108f693ecebc59e14-dirty,3,pager,200,50,588,24493,223139,200,50,1770,49,222946,288178,1,243,39904
fc1a1cd2d37a9100a80a496108f693ecebc59e14-dirty,3,pager,200,50,589,24575,230453,200,50,1766,49,230260,287575,1,249,40882
fc1a1cd2d37a9100a80a496108f693ecebc59e14-dirty,3,pager,200,50,590,24580,230453,200,50,1813,49,230260,295236,1,202,33222
fc1a1cd2d37a9100a80a496108f693ecebc59e14-dirty,3,pager,200,50,591,24617,230453,200,50,1813,49,230260,295179,1,201,33060
fc1a1cd2d37a9100a80a496108f693ecebc59e14-dirty,3,pager,200,50,592,24694,230453,200,50,1813,49,230260,295118,1,201,33060
fc1a1cd2d37a9100a80a496108f693ecebc59e14-dirty,3,pager,200,50,593,24698,228704,200,50,1805,49,228511,293803,1,241,39572
fc1a1cd2d37a9100a80a496108f693ecebc59e14-dirty,3,pager,200,50,594,24777,223775,200,50,1791,49,223582,291522,1,212,34848
fc1a1cd2d37a9100a80a496108f693ecebc59e14-dirty,3,pager,200,50,595,24781,219635,200,50,1766,49,219442,287506,1,239,39252
fc1a1cd2d37a9100a80a496108f693ecebc59e14-dirty,3,pager,200,50,596,24854,220113,200,50,1736,49,219920,282638,1,211,34690
fc1a1cd2d37a9100a80a496108f693ecebc59e14-dirty,3,pager,200,50,597,24858,218206,200,50,1723,49,218013,280501,1,213,35016
fc1a1cd2d37a9100a80a496108f693ecebc59e14-dirty,3,pager,200,50,598,24895,219956,200,50,1710,49,219763,278370,1,212,34853
fc1a1cd2d37a9100a80a496108f693ecebc59e14-dirty,3,pager,200,50,599,24937,220274,200,50,1721,49,220081,280120,1,203,33384
fc1a1cd2d37a9100a80a496108f693ecebc59e14-dirty,3,pager,200,50,600,25014,228860,200,50,1774,49,228667,288715,1,255,41860
fc1a1cd2d37a9100a80a496108f693ecebc59e14-dirty,3,pager,200,50,601,25018,229019,200,50,1761,49,228826,286612,1,262,43001
fc1a1cd2d37a9100a80a496108f693ecebc59e14-dirty,3,pager,200,50,602,25055,227271,200,50,1761,49,227078,286628,1,225,36972
fc1a1cd2d37a9100a80a496108f693ecebc59e14-dirty,3,pager,200,50,603,25097,217884,200,50,1726,49,217691,280958,1,202,33222
fc1a1cd2d37a9100a80a496108f693ecebc59e14-dirty,3,pager,200,50,604,25174,224244,200,50,1713,49,224051,278872,1,242,39741
fc1a1cd2d37a9100a80a496108f693ecebc59e14-dirty,3,pager,200,50,605,25179,224562,200,50,1754,49,224369,285534,1,202,33222
fc1a1cd2d37a9100a80a496108f693ecebc59e14-dirty,3,pager,200,50,606,25215,216453,200,50,1709,49,216260,278251,1,201,33060
fc1a1cd2d37a9100a80a496108f693ecebc59e14-dirty,3,pager,200,50,607,25256,209775,200,50,1662,49,209582,270645,1,201,33060
fc1a1cd2d37a9100a80a496108f693ecebc59e14-dirty,3,pager,200,50,608,25297,209457,200,50,1643,49,209264,267523,1,221,36311
fc1a1cd2d37a9100a80a496108f693ecebc59e14-dirty,3,pager,200,50,609,25374,204687,200,50,1619,49,204494,263593,1,215,35334
fc1a1cd2d37a9100a80a496108f693ecebc59e14-dirty,3,pager,200,50,610,25378,202620,200,50,1588,49,202427,258499,1,212,34848
fc1a1cd2d37a9100a80a496108f693ecebc59e14-dirty,3,pager,200,50,611,25456,195942,200,50,1538,49,195749,250348,1,212,34848
fc1a1cd2d37a9100a80a496108f693ecebc59e14-dirty,3,pager,200,50,612,25460,192921,200,50,1497,49,192728,243681,1,201,33060
fc1a1cd2d37a9100a80a496108f693ecebc59e14-dirty,3,pager,200,50,613,25534,191490,200,50,1475,49,191297,240083,1,201,33060
fc1a1cd2d37a9100a80a496108f693ecebc59e14-dirty,3,pager,200,50,614,25539,190854,200,50,1466,49,190661,238573,1,213,35008
fc1a1cd2d37a9100a80a496108f693ecebc59e14-dirty,3,pager,200,50,615,25576,196737,200,50,1482,49,196544,241192,1,232,38108
fc1a1cd2d37a9100a80a496108f693ecebc59e14-dirty,3,pager,200,50,616,25618,197691,200,50,1511,49,197498,245917,1,206,33873
fc1a1cd2d37a9100a80a496108f693ecebc59e14-dirty,3,pager,200,50,617,25654,175912,200,50,1725,50,176053,280595,0,1725,280595
fc1a1cd2d37a9100a80a496108f693ecebc59e14-dirty,1,burst,200,50,1,6,176230,200,50,1,1,849,360,0,1,360
fc1a1cd2d37a9100a80a496108f693ecebc59e14-dirty,1,burst,200,50,2,107,176389,200,50,1,1,1008,360,0,1,360
fc1a1cd2d37a9100a80a496108f693ecebc59e14-dirty,1,burst,200,50,3,244,176548,200,50,1,1,1167,360,0,1,360
fc1a1cd2d37a9100a80a496108f693ecebc59e14-dirty,1,burst,200,50,4,305,176548,200,50,0,0,199,199,0,0,199
fc1a1cd2d37a9100a80a496108f693ecebc59e14-dirty,1,burst,200,50,5,446,176866,200,50,1,1,1485,360,0,1,360
fc1a1cd2d37a9100a80a496108f693ecebc59e14-dirty,1,burst,200,50,6,549,176866,200,50,0,0,199,199,0,0,199
fc1a1cd2d37a9100a80a496108f693ecebc59e14-dirty,1,burst,200,50,7,604,177184,200,50,1,1,1803,360,0,1,360
fc1a1cd2d37a9100a80a496108f693ecebc59e14-dirty,1,burst,200,50,8,747,177344,200,50,1,1,1963,361,0,1,361
fc1a1cd2d37a9100a80a496108f693ecebc59e14-dirty,1,burst,200,50,9,847,177344,200,50,1,1,1963,362,0,1,362
fc1a1cd2d37a9100a80a496108f693ecebc59e14-dirty,1,burst,200,50,10,948,177344,200,50,1,1,1963,362,0,1,362
fc1a1cd2d37a9100a80a496108f693ecebc59e14-dirty,1,burst,200,50,11,1004,177344,200,50,1,1,1963,362,0,1,362
fc1a1cd2d37a9100a80a496108f693ecebc59e14-dirty,1,burst,200,50,12,1106,177344,200,50,1,1,1963,362,0,1,362
fc1a1cd2d37a9100a80a496108f693ecebc59e14-dirty,1,burst,200,50,13,1207,177344,200,50,1,1,1963,362,0,1,362
fc1a1cd2d37a9100a80a496108f693ecebc59e14-dirty,1,burst,200,50,14,1303,173527,200,50,1163,46,159294,189220,1,200,32899
fc1a1cd2d37a9100a80a496108f693ecebc59e14-dirty,1,burst,200,50,15,1309,45366,200,50,916,49,45332,148987,0,916,148987
fc1a1cd2d37a9100a80a496108f693ecebc59e14-dirty,1,burst,200,50,16,1316,41550,200,50,250,50,41691,40648,0,250,40648
fc1a1cd2d37a9100a80a496108f693ecebc59e14-dirty,1,burst,200,50,17,1323,47751,200,50,250,50,47892,40648,0,250,40648
fc1a1cd2d37a9100a80a496108f693ecebc59e14-dirty,1,burst,200,50,18,1330,46956,200,50,218,50,47097,35464,0,218,35464
fc1a1cd2d37a9100a80a496108f693ecebc59e14-dirty,1,burst,200,50,19,1337,45525,200,50,278,49,45491,45176,0,278,45176
fc1a1cd2d37a9100a80a496108f693ecebc59e14-dirty,1,burst,200,50,20,1344,53157,200,50,181,49,53123,29483,0,181,29483
fc1a1cd2d37a9100a80a496108f693ecebc59e14-dirty,1,burst,200,50,21,1351,45366,200,50,245,49,45332,39838,0,245,39838
fc1a1cd2d37a9100a80a496108f693ecebc59e14-dirty,1,burst,200,50,22,1358,45525,200,50,245,49,45491,39838,0,245,39838
fc1a1cd2d37a9100a80a496108f693ecebc59e14-dirty,1,burst,200,50,23,1366,54906,200,50,235,49,54872,38220,0,235,38220
fc1a1cd2d37a9100a80a496108f693ecebc59e14-dirty,1,burst,200,50,24,1373,54747,200,50,289,49,54713,46957,0,289,46957
fc1a1cd2d37a9100a80a496108f693ecebc59e14-dirty,1,burst,200,50,25,1380,48546,200,50,250,50,48687,40648,0,250,40648
fc1a1cd2d37a9100a80a496108f693ecebc59e14-dirty,1,burst,200,50,26,1388,55224,200,50,205,50,55365,33367,0,205,33367
fc1a1cd2d37a9100a80a496108f693ecebc59e14-dirty,1,burst,200,50,27,1395,53316,200,50,251,50,53457,40810,0,251,40810
fc1a1cd2d37a9100a80a496108f693ecebc59e14-dirty,1,burst,200,50,28,1403,53316,200,50,245,49,53282,39838,0,245,39838
fc1a1cd2d37a9100a80a496108f693ecebc59e14-dirty,1,burst,200,50,29,1410,54270,200,50,288,49,54236,46794,0,288,46794
fc1a1cd2d37a9100a80a496108f693ecebc59e14-dirty,1,burst,200,50,30,1417,54906,200,50,196,49,54872,31910,0,196,31910
fc1a1cd2d37a9100a80a496108f693ecebc59e14-dirty,1,burst,200,50,31,1424,53316,200,50,245,49,53282,39838,0,245,39838
fc1a1cd2d37a9100a80a496108f693ecebc59e14-dirty,1,burst,200,50,32,1432,54111,200,50,251,50,54252,40810,0,251,40810
fc1a1cd2d37a9100a80a496108f693ecebc59e14-dirty,1,burst,200,50,33,1446,54111,200,50,300,50,54252,48738,0,300,48738
fc1a1cd2d37a9100a80a496108f693ecebc59e14-dirty,1,burst,200,50,34,1449,47115,200,50,251,50,47256,40810,0,251,40810
fc1a1cd2d37a9100a80a496108f693ecebc59e14-dirty,1,burst,200,50,35,1461,50295,200,50,245,49,50261,39838,0,245,39838
fc1a1cd2d37a9100a80a496108f693ecebc59e14-dirty,1,burst,200,50,36,1464,54747,200,50,245,49,54713,39838,0,245,39838
fc1a1cd2d37a9100a80a496108f693ecebc59e14-dirty,1,burst,200,50,37,1468,53157,200,50,245,49,53123,39838,0,245,39838
fc1a1cd2d37a9100a80a496108f693ecebc59e14-dirty,1,burst,200,50,38,1475,54111,200,50,294,50,54252,47766,0,294,47766
fc1a1cd2d37a9100a80a496108f693ecebc59e14-dirty,1,burst,200,50,39,1483,54906,200,50,236,50,55047,38383,0,236,38383
fc1a1cd2d37a9100a80a496108f693ecebc59e14-dirty,1,burst,200,50,40,1490,47751,200,50,202,50,47892,32882,0,202,32882
fc1a1cd2d37a9100a80a496108f693ecebc59e14-dirty,1,burst,200,50,41,1497,45207,200,50,202,50,45348,32882,0,202,32882
fc1a1cd2d37a9100a80a496108f693ecebc59e14-dirty,1,burst,200,50,42,1504,54111,200,50,161,49,54077,26250,0,161,26250
fc1a1cd2d37a9100a80a496108f693ecebc59e14-dirty,1,burst,200,50,43,1512,53793,200,50,294,49,53759,47766,0,294,47766
fc1a1cd2d37a9100a80a496108f693ecebc59e14-dirty,1,burst,200,50,44,1519,54429,200,50,240,49,54395,39029,0,240,39029
fc1a1cd2d37a9100a80a496108f693ecebc59e14-dirty,1,burst,200,50,45,1526,54906,200,50,245,49,54872,39838,0,245,39838
fc1a1cd2d37a9100a80a496108f693ecebc59e14-dirty,1,burst,200,50,46,1540,53157,200,50,196,49,53123,31910,0,196,31910
fc1a1cd2d37a9100a80a496108f693ecebc59e14-dirty,1,burst,200,50,47,1543,45207,200,50,245,49,45173,39838,0,245,39838
fc1a1cd2d37a9100a80a496108f693ecebc59e14-dirty,1,burst,200,50,48,1564,54270,200,50,251,50,54411,40810,0,251,40810
fc1a1cd2d37a9100a80a496108f693ecebc59e14-dirty,1,burst,200,50,49,1566,54747,200,50,250,50,54888,40648,0,250,40648
fc1a1cd2d37a9100a80a496108f693ecebc59e14-dirty,1,burst,200,50,50,1569,54111,200,50,245,50,54252,39839,0,245,39839
fc1a1cd2d37a9100a80a496108f693ecebc59e14-dirty,1,burst,200,50,51,1586,53316,200,50,201,50,53457,32720,0,201,32720
fc1a1cd2d37a9100a80a496108f693ecebc59e14-dirty,1,burst,200,50,52,1589,48864,200,50,294,49,48830,47766,0,294,47766
fc1a1cd2d37a9100a80a496108f693ecebc59e14-dirty,1,burst,200,50,53,1592,54906,200,50,202,50,55047,32882,0,202,32882
fc1a1cd2d37a9100a80a496108f693ecebc59e14-dirty,1,burst,200,50,54,1595,55860,200,50,200,50,56001,32558,0,200,32558
fc1a1cd2d37a9100a80a496108f693ecebc59e14-dirty,1,burst,200,50,55,1601,55224,200,50,250,50,55365,40648,0,250,40648
fc1a1cd2d37a9100a80a496108f693ecebc59e14-dirty,1,burst,200,50,56,1608,55701,200,50,250,50,55842,40648,0,250,40648
fc1a1cd2d37a9100a80a496108f693ecebc59e14-dirty,1,burst,200,50,57,1615,53316,200,50,280,50,53457,45502,0,280,45502
fc1a1cd2d37a9100a80a496108f693ecebc59e14-dirty,1,burst,200,50,58,1622,54747,200,50,205,49,54713,33366,0,205,33366
fc1a1cd2d37a9100a80a496108f693ecebc59e14-dirty,1,burst,200,50,59,1630,55383,200,50,248,50,55524,40324,0,248,40324
fc1a1cd2d37a9100a80a496108f693ecebc59e14-dirty,1,burst,200,50,60,1637,47910,200,50,200,50,48051,32558,0,200,32558
fc1a1cd2d37a9100a80a496108f693ecebc59e14-dirty,1,burst,200,50,61,1644,39324,200,50,251,50,39465,40810,0,251,40810
fc1a1cd2d37a9100a80a496108f693ecebc59e14-dirty,1,burst,200,50,62,1659,60948,200,50,336,49,60914,54561,0,336,54561
fc1a1cd2d37a9100a80a496108f693ecebc59e14-dirty,1,burst,200,50,63,1662,62061,200,50,203,50,62202,33044,0,203,33044
fc1a1cd2d37a9100a80a496108f693ecebc59e14-dirty,1,burst,200,50,64,1667,62538,200,50,252,50,62679,40972,0,252,40972
fc1a1cd2d37a9100a80a496108f693ecebc59e14-dirty,1,burst,200,50,65,1674,62538,200,50,245,49,62504,39838,0,245,39838
fc1a1cd2d37a9100a80a496108f693ecebc59e14-dirty,1,burst,200,50,66,1682,54270,200,50,301,50,54411,48900,0,301,48900
fc1a1cd2d37a9100a80a496108f693ecebc59e14-dirty,1,burst,200,50,67,1690,54747,200,50,252,50,54888,40972,0,252,40972
fc1a1cd2d37a9100a80a496108f693ecebc59e14-dirty,1,burst,200,50,68,1697,55701,200,50,252,50,55842,40972,0,252,40972
fc1a1cd2d37a9100a80a496108f693ecebc59e14-dirty,1,burst,200,50,69,1705,46002,200,50,237,50,46143,38547,0,237,38547
fc1a1cd2d37a9100a80a496108f693ecebc59e14-dirty,1,burst,200,50,70,1712,54906,200,50,247,50,55047,40167,0,247,40167
fc1a1cd2d37a9100a80a496108f693ecebc59e14-dirty,1,burst,200,50,71,1720,63492,200,50,301,50,63633,48900,0,301,48900
fc1a1cd2d37a9100a80a496108f693ecebc59e14-dirty,1,burst,200,50,72,1727,47751,200,50,200,50,47892,32558,0,200,32558
fc1a1cd2d37a9100a80a496108f693ecebc59e14-dirty,1,burst,200,50,73,1750,62697,200,50,252,50,62838,40972,0,252,40972
fc1a1cd2d37a9100a80a496108f693ecebc59e14-dirty,1,burst,200,50,74,1753,59199,200,50,245,49,59165,39838,0,245,39838
fc1a1cd2d37a9100a80a496108f693ecebc59e14-dirty,1,burst,200,50,75,1756,61107,200,50,245,49,61073,39838,0,245,39838
fc1a1cd2d37a9100a80a496108f693ecebc59e14-dirty,1,burst,200,50,76,1759,59358,200,50,301,50,59499,48900,0,301,48900
fc1a1cd2d37a9100a80a496108f693ecebc59e14-dirty,1,burst,200,50,77,1765,53316,200,50,203,50,53457,33044,0,203,33044
fc1a1cd2d37a9100a80a496108f693ecebc59e14-dirty,1,burst,200,50,78,1773,61107,200,50,220,49,61073,35793,0,220,35793
fc1a1cd2d37a9100a80a496108f693ecebc59e14-dirty,1,burst,200,50,79,1780,54270,200,50,233,50,54411,37898,0,233,37898
fc1a1cd2d37a9100a80a496108f693ecebc59e14-dirty,1,burst,200,50,80,1788,63333,200,50,215,50,63474,34985,0,215,34985
fc1a1cd2d37a9100a80a496108f693ecebc59e14-dirty,1,burst,200,50,81,1796,63492,200,50,300,50,63633,48738,0,300,48738
fc1a1cd2d37a9100a80a496108f693ecebc59e14-dirty,1,burst,200,50,82,1803,54111,200,50,205,50,54252,33363,0,205,33363
fc1a1cd2d37a9100a80a496108f693ecebc59e14-dirty,1,burst,200,50,83,1811,62538,200,50,252,50,62679,40972,0,252,40972
fc1a1cd2d37a9100a80a496108f693ecebc59e14-dirty,1,burst,200,50,84,1827,63651,200,50,252,50,63792,40972,0,252,40972
fc1a1cd2d37a9100a80a496108f693ecebc59e14-dirty,1,burst,200,50,85,1830,62697,200,50,301,50,62838,48900,0,301,48900
fc1a1cd2d37a9100a80a496108f693ecebc59e14-dirty,1,burst,200,50,86,1850,61107,200,50,245,49,61073,39838,0,245,39838
fc1a1cd2d37a9100a80a496108f693ecebc59e14-dirty,1,burst,200,50,87,1852,54588,200,50,252,50,54729,40972,0,252,40972
fc1a1cd2d37a9100a80a496108f693ecebc59e14-dirty,1,burst,200,50,88,1855,60948,200,50,231,50,61089,37575,0,231,37575
fc1a1cd2d37a9100a80a496108f693ecebc59e14-dirty,1,burst,200,50,89,1858,62697,200,50,201,49,62663,32715,0,201,32715
fc1a1cd2d37a9100a80a496108f693ecebc59e14-dirty,1,burst,200,50,90,1865,61425,200,50,301,50,61566,48900,0,301,48900
fc1a1cd2d37a9100a80a496108f693ecebc59e14-dirty,1,burst,200,50,91,1872,60948,200,50,252,50,61089,40972,0,252,40972
fc1a1cd2d37a9100a80a496108f693ecebc59e14-dirty,1,burst,200,50,92,1880,54747,200,50,245,49,54713,39838,0,245,39838
fc1a1cd2d37a9100a80a496108f693ecebc59e14-dirty,1,burst,200,50,93,1890,61902,200,50,250,50,62043,40650,0,250,40650
fc1a1cd2d37a9100a80a496108f693ecebc59e14-dirty,1,burst,200,50,94,1905,62697,200,50,252,50,62838,40972,0,252,40972
fc1a1cd2d37a9100a80a496108f693ecebc59e14-dirty,1,burst,200,50,95,1908,62538,200,50,250,49,62504,40648,0,250,40648
fc1a1cd2d37a9100a80a496108f693ecebc59e14-dirty,1,burst,200,50,96,1912,62379,200,50,245,49,62345,39838,0,245,39838
fc1a1cd2d37a9100a80a496108f693ecebc59e14-dirty,1,burst,200,50,97,1920,62061,200,50,203,49,62027,33043,0,203,33043
fc1a1cd2d37a9100a80a496108f693ecebc59e14-dirty,1,burst,200,50,98,1928,63492,200,50,252,50,63633,40972,0,252,40972
fc1a1cd2d37a9100a80a496108f693ecebc59e14-dirty,1,burst,200,50,99,1935,61107,200,50,301,50,61248,48900,0,301,48900
fc1a1cd2d37a9100a80a496108f693ecebc59e14-dirty,1,burst,200,50,100,1943,62538,200,50,196,49,62504,31910,0,196,31910
fc1a1cd2d37a9100a80a496108f693ecebc59e14-dirty,1,burst,200,50,101,1958,63810,200,50,218,50,63951,35471,0,218,35471
fc1a1cd2d37a9100a80a496108f693ecebc59e14-dirty,1,burst,200,50,102,1961,62538,200,50,203,50,62679,33044,0,203,33044
fc1a1cd2d37a9100a80a496108f693ecebc59e14-dirty,1,burst,200,50,103,1974,62697,200,50,245,49,62663,39838,0,245,39838
fc1a1cd2d37a9100a80a496108f693ecebc59e14-dirty,1,burst,200,50,104,1977,62538,200,50,294,49,62504,47766,0,294,47766
fc1a1cd2d37a9100a80a496108f693ecebc59e14-dirty,1,burst,200,50,105,1989,61902,200,50,219,50,62043,35626,0,219,35626
fc1a1cd2d37a9100a80a496108f693ecebc59e14-dirty,1,burst,200,50,106,1992,61902,200,50,250,50,62043,40648,0,250,40648
fc1a1cd2d37a9100a80a496108f693ecebc59e14-dirty,1,burst,200,50,107,1997,62379,200,50,238,50,62520,38704,0,238,38704
fc1a1cd2d37a9100a80a496108f693ecebc59e14-dirty,1,burst,200,50,108,2004,54747,200,50,343,49,54713,55694,0,343,55694
fc1a1cd2d37a9100a80a496108f693ecebc59e14-dirty,1,burst,200,50,109,2012,60789,200,50,238,50,60930,38711,0,238,38711
fc1a1cd2d37a9100a80a496108f693ecebc59e14-dirty,1,burst,200,50,110,2020,62538,200,50,252,50,62679,40972,0,252,40972
fc1a1cd2d37a9100a80a496108f693ecebc59e14-dirty,1,burst,200,50,111,2027,61266,200,50,210,49,61232,34175,0,210,34175
fc1a1cd2d37a9100a80a496108f693ecebc59e14-dirty,1,burst,200,50,112,2050,57609,200,50,245,49,57575,39838,0,245,39838
fc1a1cd2d37a9100a80a496108f693ecebc59e14-dirty,1,burst,200,50,113,2053,53316,200,50,245,49,53282,39838,0,245,39838
fc1a1cd2d37a9100a80a496108f693ecebc59e14-dirty,1,burst,200,50,114,2055,54588,200,50,161,49,54554,26250,0,161,26250
fc1a1cd2d37a9100a80a496108f693ecebc59e14-dirty,1,burst,200,50,115,2058,53316,200,50,210,49,53282,34178,0,210,34178
fc1a1cd2d37a9100a80a496108f693ecebc59e14-dirty,1,burst,200,50,116,2065,53316,200,50,196,49,53282,31910,0,196,31910
fc1a1cd2d37a9100a80a496108f693ecebc59e14-dirty,1,burst,200,50,117,2073,54747,200,50,218,49,54713,35474,0,218,35474
fc1a1cd2d37a9100a80a496108f693ecebc59e14-dirty,1,burst,200,50,118,2080,46161,200,50,274,50,46302,44536,0,274,44536
fc1a1cd2d37a9100a80a496108f693ecebc59e14-dirty,1,burst,200,50,119,2088,54111,200,50,250,50,54252,40648,0,250,40648
fc1a1cd2d37a9100a80a496108f693ecebc59e14-dirty,1,burst,200,50,120,2095,51408,200,50,250,50,51549,40648,0,250,40648
fc1a1cd2d37a9100a80a496108f693ecebc59e14-dirty,1,burst,200,50,121,2103,54747,200,50,232,50,54888,37736,0,232,37736
fc1a1cd2d37a9100a80a496108f693ecebc59e14-dirty,1,burst,200,50,122,2126,62538,200,50,282,49,62504,45822,0,282,45822
fc1a1cd2d37a9100a80a496108f693ecebc59e14-dirty,1,burst,200,50,123,2129,60153,200,50,147,49,60119,23982,0,147,23982
fc1a1cd2d37a9100a80a496108f693ecebc59e14-dirty,1,burst,200,50,124,2132,61902,200,50,222,50,62043,36122,0,222,36122
fc1a1cd2d37a9100a80a496108f693ecebc59e14-dirty,1,burst,200,50,125,2135,60948,200,50,252,50,61089,40972,0,252,40972
fc1a1cd2d37a9100a80a496108f693ecebc59e14-dirty,1,burst,200,50,126,2142,62220,200,50,222,50,62361,36118,0,222,36118
fc1a1cd2d37a9100a80a496108f693ecebc59e14-dirty,1,burst,200,50,127,2165,62538,200,50,300,50,62679,48738,0,300,48738
fc1a1cd2d37a9100a80a496108f693ecebc59e14-dirty,1,burst,200,50,128,2168,54747,200,50,252,50,54888,40972,0,252,40972
fc1a1cd2d37a9100a80a496108f693ecebc59e14-dirty,1,burst,200,50,129,2170,62538,200,50,245,49,62504,39838,0,245,39838
fc1a1cd2d37a9100a80a496108f693ecebc59e14-dirty,1,burst,200,50,130,2173,62220,200,50,245,49,62186,39838,0,245,39838
fc1a1cd2d37a9100a80a496108f693ecebc59e14-dirty,1,burst,200,50,131,2180,60789,200,50,301,50,60930,48900,0,301,48900
fc1a1cd2d37a9100a80a496108f693ecebc59e14-dirty,1,burst,200,50,132,2187,60948,200,50,250,50,61089,40648,0,250,40648
fc1a1cd2d37a9100a80a496108f693ecebc59e14-dirty,1,burst,200,50,133,2195,62220,200,50,246,50,62361,40000,0,246,40000
fc1a1cd2d37a9100a80a496108f693ecebc59e14-dirty,1,burst,200,50,134,2203,56496,200,50,196,49,56462,31910,0,196,31910
fc1a1cd2d37a9100a80a496108f693ecebc59e14-dirty,1,burst,200,50,135,2211,52203,200,50,245,49,52169,39838,0,245,39838
fc1a1cd2d37a9100a80a496108f693ecebc59e14-dirty,1,burst,200,50,136,2218,55542,200,50,269,50,55683,43716,0,269,43716
fc1a1cd2d37a9100a80a496108f693ecebc59e14-dirty,1,burst,200,50,137,2226,55542,200,50,235,50,55683,38221,0,235,38221
fc1a1cd2d37a9100a80a496108f693ecebc59e14-dirty,1,burst,200,50,138,2233,61902,200,50,200,50,62043,32558,0,200,32558
fc1a1cd2d37a9100a80a496108f693ecebc59e14-dirty,1,burst,200,50,139,2241,62697,200,50,252,50,62838,40972,0,252,40972
fc1a1cd2d37a9100a80a496108f693ecebc59e14-dirty,1,burst,200,50,140,2249,61107,200,50,245,49,61073,39838,0,245,39838
fc1a1cd2d37a9100a80a496108f693ecebc59e14-dirty,1,burst,200,50,141,2264,62697,200,50,294,49,62663,47766,0,294,47766
fc1a1cd2d37a9100a80a496108f693ecebc59e14-dirty,1,burst,200,50,142,2267,62538,200,50,196,49,62504,31910,0,196,31910
fc1a1cd2d37a9100a80a496108f693ecebc59e14-dirty,1,burst,200,50,143,2279,53316,200,50,245,49,53282,39838,0,245,39838
fc1a1cd2d37a9100a80a496108f693ecebc59e14-dirty,1,burst,200,50,144,2282,58245,200,50,245,49,58211,39838,0,245,39838
fc1a1cd2d37a9100a80a496108f693ecebc59e14-dirty,1,burst,200,50,145,2295,62379,200,50,294,49,62345,47766,0,294,47766
fc1a1cd2d37a9100a80a496108f693ecebc59e14-dirty,1,burst,200,50,146,2298,62379,200,50,245,49,62345,39838,0,245,39838
fc1a1cd2d37a9100a80a496108f693ecebc59e14-dirty,1,burst,200,50,147,2302,61425,200,50,167,49,61391,27215,0,167,27215
fc1a1cd2d37a9100a80a496108f693ecebc59e14-dirty,1,burst,200,50,148,2310,62220,200,50,252,50,62361,40972,0,252,40972
fc1a1cd2d37a9100a80a496108f693ecebc59e14-dirty,1,burst,200,50,149,2317,54747,200,50,217,50,54888,35309,0,217,35309
fc1a1cd2d37a9100a80a496108f693ecebc59e14-dirty,1,burst,200,50,150,2325,62061,200,50,301,50,62202,48900,0,301,48900
fc1a1cd2d37a9100a80a496108f693ecebc59e14-dirty,1,burst,200,50,151,2341,62697,200,50,237,50,62838,38545,0,237,38545
fc1a1cd2d37a9100a80a496108f693ecebc59e14-dirty,1,burst,200,50,152,2344,61107,200,50,245,49,61073,39838,0,245,39838
fc1a1cd2d37a9100a80a496108f693ecebc59e14-dirty,1,burst,200,50,153,2348,46161,200,50,245,49,46127,39838,0,245,39838
fc1a1cd2d37a9100a80a496108f693ecebc59e14-dirty,1,burst,200,50,154,2356,47751,200,50,252,50,47892,40972,0,252,40972
fc1a1cd2d37a9100a80a496108f693ecebc59e14-dirty,1,burst,200,50,155,2364,61425,200,50,301,50,61566,48900,0,301,48900
fc1a1cd2d37a9100a80a496108f693ecebc59e14-dirty,1,burst,200,50,156,2371,62538,200,50,245,49,62504,39838,0,245,39838
fc1a1cd2d37a9100a80a496108f693ecebc59e14-dirty,1,burst,200,50,157,2379,62061,200,50,203,50,62202,33044,0,203,33044
fc1a1cd2d37a9100a80a496108f693ecebc59e14-dirty,1,burst,200,50,158,2386,60948,200,50,203,50,61089,33044,0,203,33044
fc1a1cd2d37a9100a80a496108f693ecebc59e14-dirty,1,burst,200,50,159,2394,61902,200,50,301,50,62043,48900,0,301,48900
fc1a1cd2d37a9100a80a496108f693ecebc59e14-dirty,1,burst,200,50,160,2401,54111,200,50,252,50,54252,40972,0,252,40972
fc1a1cd2d37a9100a80a496108f693ecebc59e14-dirty,1,burst,200,50,161,2410,61107,200,50,206,49,61073,33528,0,206,33528
fc1a1cd2d37a9100a80a496108f693ecebc59e14-dirty,1,burst,200,50,162,2417,54111,200,50,196,49,54077,31910,0,196,31910
fc1a1cd2d37a9100a80a496108f693ecebc59e14-dirty,1,burst,200,50,163,2424,61743,200,50,223,50,61884,36284,0,223,36284
fc1a1cd2d37a9100a80a496108f693ecebc59e14-dirty,1,burst,200,50,164,2432,61107,200,50,286,50,61248,46473,0,286,46473
fc1a1cd2d37a9100a80a496108f693ecebc59e14-dirty,1,burst,200,50,165,2440,62697,200,50,211,49,62663,34337,0,211,34337
fc1a1cd2d37a9100a80a496108f693ecebc59e14-dirty,1,burst,200,50,166,2447,63810,200,50,252,50,63951,40972,0,252,40972
fc1a1cd2d37a9100a80a496108f693ecebc59e14-dirty,1,burst,200,50,167,2455,63492,200,50,250,50,63633,40648,0,250,40648
fc1a1cd2d37a9100a80a496108f693ecebc59e14-dirty,1,burst,200,50,168,2462,45366,200,50,282,50,45507,45832,0,282,45832
fc1a1cd2d37a9100a80a496108f693ecebc59e14-dirty,1,burst,200,50,169,2470,53157,200,50,245,49,53123,39838,0,245,39838
fc1a1cd2d37a9100a80a496108f693ecebc59e14-dirty,1,burst,200,50,170,2477,54270,200,50,252,50,54411,40972,0,252,40972
fc1a1cd2d37a9100a80a496108f693ecebc59e14-dirty,1,burst,200,50,171,2485,53157,200,50,252,50,53298,40972,0,252,40972
fc1a1cd2d37a9100a80a496108f693ecebc59e14-dirty,1,burst,200,50,172,2493,53316,200,50,245,49,53282,39838,0,245,39838
fc1a1cd2d37a9100a80a496108f693ecebc59e14-dirty,1,burst,200,50,173,2508,61266,200,50,294,49,61232,47766,0,294,47766
fc1a1cd2d37a9100a80a496108f693ecebc59e14-dirty,1,burst,200,50,174,2511,62538,200,50,196,49,62504,31910,0,196,31910
fc1a1cd2d37a9100a80a496108f693ecebc59e14-dirty,1,burst,200,50,175,2516,62538,200,50,153,49,62504,24953,0,153,24953
fc1a1cd2d37a9100a80a496108f693ecebc59e14-dirty,1,burst,200,50,176,2523,53157,200,50,245,49,53123,39838,0,245,39838
fc1a1cd2d37a9100a80a496108f693ecebc59e14-dirty,1,burst,200,50,177,2538,60471,200,50,245,49,60437,39838,0,245,39838
fc1a1cd2d37a9100a80a496108f693ecebc59e14-dirty,1,burst,200,50,178,2541,63333,200,50,267,50,63474,43400,0,267,43400
fc1a1cd2d37a9100a80a496108f693ecebc59e14-dirty,1,burst,200,50,179,2546,62061,200,50,250,50,62202,40648,0,250,40648
fc1a1cd2d37a9100a80a496108f693ecebc59e14-dirty,1,burst,200,50,180,2561,62061,200,50,250,50,62202,40648,0,250,40648
fc1a1cd2d37a9100a80a496108f693ecebc59e14-dirty,1,burst,200,50,181,2564,60948,200,50,203,50,61089,33044,0,203,33044
fc1a1cd2d37a9100a80a496108f693ecebc59e14-dirty,1,burst,200,50,182,2569,60948,200,50,268,50,61089,43564,0,268,43564
fc1a1cd2d37a9100a80a496108f693ecebc59e14-dirty,1,burst,200,50,183,2577,60948,200,50,252,50,61089,40972,0,252,40972
fc1a1cd2d37a9100a80a496108f693ecebc59e14-dirty,1,burst,200,50,184,2600,63333,200,50,252,50,63474,40972,0,252,40972
fc1a1cd2d37a9100a80a496108f693ecebc59e14-dirty,1,burst,200,50,185,2603,54906,200,50,232,50,55047,37736,0,232,37736
fc1a1cd2d37a9100a80a496108f693ecebc59e14-dirty,1,burst,200,50,186,2605,59835,200,50,245,49,59801,39838,0,245,39838
fc1a1cd2d37a9100a80a496108f693ecebc59e14-dirty,1,burst,200,50,187,2615,62538,200,50,287,49,62504,46632,0,287,46632
fc1a1cd2d37a9100a80a496108f693ecebc59e14-dirty,1,burst,200,50,188,2618,62061,200,50,213,50,62202,34662,0,213,34662
fc1a1cd2d37a9100a80a496108f693ecebc59e14-dirty,1,burst,200,50,189,2623,56655,200,50,252,50,56796,40972,0,252,40972
fc1a1cd2d37a9100a80a496108f693ecebc59e14-dirty,1,burst,200,50,190,2631,61584,200,50,245,49,61550,39838,0,245,39838
fc1a1cd2d37a9100a80a496108f693ecebc59e14-dirty,1,burst,200,50,191,2638,62538,200,50,294,49,62504,47766,0,294,47766
fc1a1cd2d37a9100a80a496108f693ecebc59e14-dirty,1,burst,200,50,192,2646,61107,200,50,213,49,61073,34664,0,213,34664
fc1a1cd2d37a9100a80a496108f693ecebc59e14-dirty,1,burst,200,50,193,2654,62697,200,50,201,49,62663,32719,0,201,32719
fc1a1cd2d37a9100a80a496108f693ecebc59e14-dirty,1,burst,200,50,194,2662,62538,200,50,245,49,62504,39838,0,245,39838
fc1a1cd2d37a9100a80a496108f693ecebc59e14-dirty,1,burst,200,50,195,2669,62061,200,50,252,50,62202,40972,0,252,40972
fc1a1cd2d37a9100a80a496108f693ecebc59e14-dirty,1,burst,200,50,196,2685,62061,200,50,200,50,62202,32558,0,200,32558
fc1a1cd2d37a9100a80a496108f693ecebc59e14-dirty,1,burst,200,50,197,2687,62220,200,50,250,50,62361,40648,0,250,40648
fc1a1cd2d37a9100a80a496108f693ecebc59e14-dirty,1,burst,200,50,198,2692,55224,200,50,248,50,55365,40328,0,248,40328
fc1a1cd2d37a9100a80a496108f693ecebc59e14-dirty,1,burst,200,50,199,2715,59994,200,50,204,49,59960,33206,0,204,33206
fc1a1cd2d37a9100a80a496108f693ecebc59e14-dirty,1,burst,200,50,200,2718,54588,200,50,343,49,54554,55694,0,343,55694
fc1a1cd2d37a9100a80a496108f693ecebc59e14-dirty,1,burst,200,50,201,2721,62697,200,50,245,49,62663,39838,0,245,39838
fc1a1cd2d37a9100a80a496108f693ecebc59e14-dirty,1,burst,200,50,202,2724,54111,200,50,203,50,54252,33044,0,203,33044
fc1a1cd2d37a9100a80a496108f693ecebc59e14-dirty,1,burst,200,50,203,2731,60948,200,50,252,50,61089,40972,0,252,40972
fc1a1cd2d37a9100a80a496108f693ecebc59e14-dirty,1,burst,200,50,204,2738,63810,200,50,252,50,63951,40972,0,252,40972
fc1a1cd2d37a9100a80a496108f693ecebc59e14-dirty,1,burst,200,50,205,2746,53475,200,50,301,50,53616,48900,0,301,48900
fc1a1cd2d37a9100a80a496108f693ecebc59e14-dirty,1,burst,200,50,206,2762,62061,200,50,217,50,62202,35309,0,217,35309
fc1a1cd2d37a9100a80a496108f693ecebc59e14-dirty,1,burst,200,50,207,2764,62379,200,50,252,50,62520,40972,0,252,40972
fc1a1cd2d37a9100a80a496108f693ecebc59e14-dirty,1,burst,200,50,208,2769,62538,200,50,196,49,62504,31910,0,196,31910
fc1a1cd2d37a9100a80a496108f693ecebc59e14-dirty,1,burst,200,50,209,2777,58245,200,50,219,49,58211,35636,0,219,35636
fc1a1cd2d37a9100a80a496108f693ecebc59e14-dirty,1,burst,200,50,210,2784,53634,200,50,245,49,53600,39838,0,245,39838
fc1a1cd2d37a9100a80a496108f693ecebc59e14-dirty,1,burst,200,50,211,2792,62697,200,50,196,49,62663,31910,0,196,31910
fc1a1cd2d37a9100a80a496108f693ecebc59e14-dirty,1,burst,200,50,212,2807,62856,200,50,223,50,62997,36280,0,223,36280
fc1a1cd2d37a9100a80a496108f693ecebc59e14-dirty,1,burst,200,50,213,2810,62538,200,50,252,50,62679,40972,0,252,40972
fc1a1cd2d37a9100a80a496108f693ecebc59e14-dirty,1,burst,200,50,214,2830,62538,200,50,294,49,62504,47766,0,294,47766
fc1a1cd2d37a9100a80a496108f693ecebc59e14-dirty,1,burst,200,50,215,2833,53316,200,50,201,49,53282,32719,0,201,32719
fc1a1cd2d37a9100a80a496108f693ecebc59e14-dirty,1,burst,200,50,216,2836,61743,200,50,147,49,61709,23982,0,147,23982
fc1a1cd2d37a9100a80a496108f693ecebc59e14-dirty,1,burst,200,50,217,2839,55065,200,50,196,49,55031,31910,0,196,31910
fc1a1cd2d37a9100a80a496108f693ecebc59e14-dirty,1,burst,200,50,218,2846,47274,200,50,294,49,47240,47766,0,294,47766
fc1a1cd2d37a9100a80a496108f693ecebc59e14-dirty,1,burst,200,50,219,2853,54270,200,50,203,50,54411,33044,0,203,33044
fc1a1cd2d37a9100a80a496108f693ecebc59e14-dirty,1,burst,200,50,220,2861,45366,200,50,252,50,45507,40972,0,252,40972
fc1a1cd2d37a9100a80a496108f693ecebc59e14-dirty,1,burst,200,50,221,2869,53316,200,50,245,49,53282,39838,0,245,39838
fc1a1cd2d37a9100a80a496108f693ecebc59e14-dirty,1,burst,200,50,222,2876,54270,200,50,245,49,54236,39838,0,245,39838
fc1a1cd2d37a9100a80a496108f693ecebc59e14-dirty,1,burst,200,50,223,2896,63333,200,50,301,50,63474,48900,0,301,48900
fc1a1cd2d37a9100a80a496108f693ecebc59e14-dirty,1,burst,200,50,224,2900,59994,200,50,252,50,60135,40972,0,252,40972
fc1a1cd2d37a9100a80a496108f693ecebc59e14-dirty,1,burst,200,50,225,2904,61266,200,50,245,49,61232,39838,0,245,39838
fc1a1cd2d37a9100a80a496108f693ecebc59e14-dirty,1,burst,200,50,226,2912,60312,200,50,218,50,60453,35474,0,218,35474
fc1a1cd2d37a9100a80a496108f693ecebc59e14-dirty,1,burst,200,50,227,2920,62538,200,50,272,50,62679,44208,0,272,44208
fc1a1cd2d37a9100a80a496108f693ecebc59e14-dirty,1,burst,200,50,228,2935,60630,200,50,217,50,60771,35309,0,217,35309
fc1a1cd2d37a9100a80a496108f693ecebc59e14-dirty,1,burst,200,50,229,2938,63810,200,50,250,50,63951,40648,0,250,40648
fc1a1cd2d37a9100a80a496108f693ecebc59e14-dirty,1,burst,200,50,230,2943,60948,200,50,252,50,61089,40972,0,252,40972
fc1a1cd2d37a9100a80a496108f693ecebc59e14-dirty,1,burst,200,50,231,2966,61425,200,50,245,49,61391,39838,0,245,39838
fc1a1cd2d37a9100a80a496108f693ecebc59e14-dirty,1,burst,200,50,232,2969,56337,200,50,294,49,56303,47766,0,294,47766
fc1a1cd2d37a9100a80a496108f693ecebc59e14-dirty,1,burst,200,50,233,2971,54111,200,50,242,50,54252,39352,0,242,39352
fc1a1cd2d37a9100a80a496108f693ecebc59e14-dirty,1,burst,200,50,234,2974,62538,200,50,203,50,62679,33044,0,203,33044
fc1a1cd2d37a9100a80a496108f693ecebc59e14-dirty,1,burst,200,50,235,2981,52203,200,50,245,49,52169,39838,0,245,39838
fc1a1cd2d37a9100a80a496108f693ecebc59e14-dirty,1,burst,200,50,236,2988,62379,200,50,252,50,62520,40972,0,252,40972
fc1a1cd2d37a9100a80a496108f693ecebc59e14-dirty,1,burst,200,50,237,2996,63492,200,50,273,50,63633,44364,0,273,44364
fc1a1cd2d37a9100a80a496108f693ecebc59e14-dirty,1,burst,200,50,238,3004,62379,200,50,252,50,62520,40972,0,252,40972
fc1a1cd2d37a9100a80a496108f693ecebc59e14-dirty,1,burst,200,50,239,3012,54270,200,50,252,50,54411,40972,0,252,40972
fc1a1cd2d37a9100a80a496108f693ecebc59e14-dirty,1,burst,200,50,240,3020,53316,200,50,252,50,53457,40972,0,252,40972
fc1a1cd2d37a9100a80a496108f693ecebc59e14-dirty,1,burst,200,50,241,3045,61266,200,50,276,49,61232,44860,0,276,44860
fc1a1cd2d37a9100a80a496108f693ecebc59e14-dirty,1,burst,200,50,242,3047,61107,200,50,245,49,61073,39838,0,245,39838
fc1a1cd2d37a9100a80a496108f693ecebc59e14-dirty,1,burst,200,50,243,3050,56973,200,50,196,49,56939,31910,0,196,31910
fc1a1cd2d37a9100a80a496108f693ecebc59e14-dirty,1,burst,200,50,244,3053,54270,200,50,252,50,54411,40972,0,252,40972
fc1a1cd2d37a9100a80a496108f693ecebc59e14-dirty,1,burst,200,50,245,3061,55701,200,50,229,50,55842,37246,0,229,37246
fc1a1cd2d37a9100a80a496108f693ecebc59e14-dirty,1,burst,200,50,246,3066,37416,200,50,206,50,37557,33530,0,206,33530
fc1a1cd2d37a9100a80a496108f693ecebc59e14-dirty,2,burst,200,50,1,5,37734,200,50,1,1,849,360,0,1,360
fc1a1cd2d37a9100a80a496108f693ecebc59e14-dirty,2,burst,200,50,2,101,37893,200,50,1,1,1008,360,0,1,360
fc1a1cd2d37a9100a80a496108f693ecebc59e14-dirty,2,burst,200,50,3,201,38052,200,50,1,1,1167,360,0,1,360
fc1a1cd2d37a9100a80a496108f693ecebc59e14-dirty,2,burst,200,50,4,302,38052,200,50,0,0,199,199,0,0,199
fc1a1cd2d37a9100a80a496108f693ecebc59e14-dirty,2,burst,200,50,5,403,38370,200,50,1,1,1485,360,0,1,360
fc1a1cd2d37a9100a80a496108f693ecebc59e14-dirty,2,burst,200,50,6,503,38370,200,50,0,0,199,199,0,0,199
fc1a1cd2d37a9100a80a496108f693ecebc59e14-dirty,2,burst,200,50,7,604,38688,200,50,1,1,1803,360,0,1,360
fc1a1cd2d37a9100a80a496108f693ecebc59e14-dirty,2,burst,200,50,8,704,38848,200,50,1,1,1963,361,0,1,361
fc1a1cd2d37a9100a80a496108f693ecebc59e14-dirty,2,burst,200,50,9,805,38848,200,50,1,1,1963,362,0,1,362
fc1a1cd2d37a9100a80a496108f693ecebc59e14-dirty,2,burst,200,50,10,906,38848,200,50,1,1,1963,362,0,1,362
fc1a1cd2d37a9100a80a496108f693ecebc59e14-dirty,2,burst,200,50,11,1001,38848,200,50,1,1,1963,362,0,1,362
fc1a1cd2d37a9100a80a496108f693ecebc59e14-dirty,2,burst,200,50,12,1102,38848,200,50,1,1,1963,362,0,1,362
fc1a1cd2d37a9100a80a496108f693ecebc59e14-dirty,2,burst,200,50,13,1202,38848,200,50,1,1,1963,362,0,1,362
fc1a1cd2d37a9100a80a496108f693ecebc59e14-dirty,2,burst,200,50,14,1304,32805,200,50,339,50,32946,55052,0,339,55052
fc1a1cd2d37a9100a80a496108f693ecebc59e14-dirty,2,burst,200,50,15,1310,47910,200,50,235,50,48051,38219,0,235,38219
fc1a1cd2d37a9100a80a496108f693ecebc59e14-dirty,2,burst,200,50,16,1317,45366,200,50,201,50,45507,32720,0,201,32720
fc1a1cd2d37a9100a80a496108f693ecebc59e14-dirty,2,burst,200,50,17,1324,38847,200,50,245,49,38813,39838,0,245,39838
fc1a1cd2d37a9100a80a496108f693ecebc59e14-dirty,2,burst,200,50,18,1331,46161,200,50,216,50,46302,35147,0,216,35147
fc1a1cd2d37a9100a80a496108f693ecebc59e14-dirty,2,burst,200,50,19,1338,53793,200,50,294,50,53934,47767,0,294,47767
fc1a1cd2d37a9100a80a496108f693ecebc59e14-dirty,2,burst,200,50,20,1346,54111,200,50,200,50,54252,32558,0,200,32558
fc1a1cd2d37a9100a80a496108f693ecebc59e14-dirty,2,burst,200,50,21,1353,48228,200,50,207,50,48369,33691,0,207,33691
fc1a1cd2d37a9100a80a496108f693ecebc59e14-dirty,2,burst,200,50,22,1361,53157,200,50,245,49,53123,39838,0,245,39838
fc1a1cd2d37a9100a80a496108f693ecebc59e14-dirty,2,burst,200,50,23,1383,54906,200,50,245,49,54872,39838,0,245,39838
fc1a1cd2d37a9100a80a496108f693ecebc59e14-dirty,2,burst,200,50,24,1386,54906,200,50,294,49,54872,47766,0,294,47766
fc1a1cd2d37a9100a80a496108f693ecebc59e14-dirty,2,burst,200,50,25,1388,54588,200,50,245,49,54554,39838,0,245,39838
fc1a1cd2d37a9100a80a496108f693ecebc59e14-dirty,2,burst,200,50,26,1397,55542,200,50,251,50,55683,40810,0,251,40810
fc1a1cd2d37a9100a80a496108f693ecebc59e14-dirty,2,burst,200,50,27,1400,55701,200,50,174,50,55842,28352,0,174,28352
fc1a1cd2d37a9100a80a496108f693ecebc59e14-dirty,2,burst,200,50,28,1404,47751,200,50,200,50,47892,32558,0,200,32558
fc1a1cd2d37a9100a80a496108f693ecebc59e14-dirty,2,burst,200,50,29,1412,50295,200,50,251,50,50436,40810,0,251,40810
fc1a1cd2d37a9100a80a496108f693ecebc59e14-dirty,2,burst,200,50,30,1419,53157,200,50,220,49,53123,35794,0,220,35794
fc1a1cd2d37a9100a80a496108f693ecebc59e14-dirty,2,burst,200,50,31,1426,55701,200,50,251,50,55842,40810,0,251,40810
fc1a1cd2d37a9100a80a496108f693ecebc59e14-dirty,2,burst,200,50,32,1434,55542,200,50,250,50,55683,40648,0,250,40648
fc1a1cd2d37a9100a80a496108f693ecebc59e14-dirty,2,burst,200,50,33,1442,54906,200,50,300,50,55047,48738,0,300,48738
fc1a1cd2d37a9100a80a496108f693ecebc59e14-dirty,2,burst,200,50,34,1449,47115,200,50,245,49,47081,39838,0,245,39838
fc1a1cd2d37a9100a80a496108f693ecebc59e14-dirty,2,burst,200,50,35,1456,54111,200,50,245,49,54077,39838,0,245,39838
fc1a1cd2d37a9100a80a496108f693ecebc59e14-dirty,2,burst,200,50,36,1464,54747,200,50,219,49,54713,35626,0,219,35626
fc1a1cd2d37a9100a80a496108f693ecebc59e14-dirty,2,burst,200,50,37,1471,54906,200,50,245,49,54872,39838,0,245,39838
fc1a1cd2d37a9100a80a496108f693ecebc59e14-dirty,2,burst,200,50,38,1478,55383,200,50,272,50,55524,44212,0,272,44212
fc1a1cd2d37a9100a80a496108f693ecebc59e14-dirty,2,burst,200,50,39,1486,53475,200,50,250,50,53616,40648,0,250,40648
fc1a1cd2d37a9100a80a496108f693ecebc59e14-dirty,2,burst,200,50,40,1493,54270,200,50,250,50,54411,40648,0,250,40648
fc1a1cd2d37a9100a80a496108f693ecebc59e14-dirty,2,burst,200,50,41,1500,52362,200,50,250,50,52503,40648,0,250,40648
fc1a1cd2d37a9100a80a496108f693ecebc59e14-dirty,2,burst,200,50,42,1508,53157,200,50,300,50,53298,48738,0,300,48738
fc1a1cd2d37a9100a80a496108f693ecebc59e14-dirty,2,burst,200,50,43,1515,54906,200,50,245,49,54872,39838,0,245,39838
fc1a1cd2d37a9100a80a496108f693ecebc59e14-dirty,2,burst,200,50,44,1522,53952,200,50,239,50,54093,38876,0,239,38876
fc1a1cd2d37a9100a80a496108f693ecebc59e14-dirty,2,burst,200,50,45,1530,43776,200,50,251,50,43917,40810,0,251,40810
fc1a1cd2d37a9100a80a496108f693ecebc59e14-dirty,2,burst,200,50,46,1537,54747,200,50,245,49,54713,39838,0,245,39838
fc1a1cd2d37a9100a80a496108f693ecebc59e14-dirty,2,burst,200,50,47,1544,46320,200,50,294,49,46286,47766,0,294,47766
fc1a1cd2d37a9100a80a496108f693ecebc59e14-dirty,2,burst,200,50,48,1552,46479,200,50,251,50,46620,40810,0,251,40810
fc1a1cd2d37a9100a80a496108f693ecebc59e14-dirty,2,burst,200,50,49,1560,54747,200,50,251,50,54888,40810,0,251,40810
fc1a1cd2d37a9100a80a496108f693ecebc59e14-dirty,2,burst,200,50,50,1567,37416,200,50,251,50,37557,40810,0,251,40810
fc1a1cd2d37a9100a80a496108f693ecebc59e14-dirty,2,burst,200,50,51,1574,47115,200,50,202,50,47256,32882,0,202,32882
fc1a1cd2d37a9100a80a496108f693ecebc59e14-dirty,2,burst,200,50,52,1581,54747,200,50,294,49,54713,47766,0,294,47766
fc1a1cd2d37a9100a80a496108f693ecebc59e14-dirty,2,burst,200,50,53,1589,52203,200,50,245,49,52169,39838,0,245,39838
fc1a1cd2d37a9100a80a496108f693ecebc59e14-dirty,2,burst,200,50,54,1596,54588,200,50,245,49,54554,39838,0,245,39838
fc1a1cd2d37a9100a80a496108f693ecebc59e14-dirty,2,burst,200,50,55,1603,46320,200,50,251,50,46461,40810,0,251,40810
fc1a1cd2d37a9100a80a496108f693ecebc59e14-dirty,2,burst,200,50,56,1610,53157,200,50,300,50,53298,48738,0,300,48738
fc1a1cd2d37a9100a80a496108f693ecebc59e14-dirty,2,burst,200,50,57,1618,55701,200,50,250,50,55842,40648,0,250,40648
fc1a1cd2d37a9100a80a496108f693ecebc59e14-dirty,2,burst,200,50,58,1625,53316,200,50,236,50,53457,38387,0,236,38387
fc1a1cd2d37a9100a80a496108f693ecebc59e14-dirty,2,burst,200,50,59,1632,55065,200,50,245,50,55206,39839,0,245,39839
fc1a1cd2d37a9100a80a496108f693ecebc59e14-dirty,2,burst,200,50,60,1640,46956,200,50,251,50,47097,40810,0,251,40810
fc1a1cd2d37a9100a80a496108f693ecebc59e14-dirty,2,burst,200,50,61,1647,61107,200,50,338,49,61073,54885,0,338,54885
fc1a1cd2d37a9100a80a496108f693ecebc59e14-dirty,2,burst,200,50,62,1655,62538,200,50,147,49,62504,23982,0,147,23982
fc1a1cd2d37a9100a80a496108f693ecebc59e14-dirty,2,burst,200,50,63,1662,53316,200,50,196,49,53282,31910,0,196,31910
fc1a1cd2d37a9100a80a496108f693ecebc59e14-dirty,2,burst,200,50,64,1677,60948,200,50,245,49,60914,39838,0,245,39838
fc1a1cd2d37a9100a80a496108f693ecebc59e14-dirty,2,burst,200,50,65,1680,53316,200,50,245,49,53282,39838,0,245,39838
fc1a1cd2d37a9100a80a496108f693ecebc59e14-dirty,2,burst,200,50,66,1693,54906,200,50,294,49,54872,47766,0,294,47766
fc1a1cd2d37a9100a80a496108f693ecebc59e14-dirty,2,burst,200,50,67,1696,53157,200,50,236,49,53123,38382,0,236,38382
fc1a1cd2d37a9100a80a496108f693ecebc59e14-dirty,2,burst,200,50,68,1701,48387,200,50,245,49,48353,39838,0,245,39838
fc1a1cd2d37a9100a80a496108f693ecebc59e14-dirty,2,burst,200,50,69,1709,54111,200,50,218,50,54252,35465,0,218,35465
fc1a1cd2d37a9100a80a496108f693ecebc59e14-dirty,2,burst,200,50,70,1724,63492,200,50,300,50,63633,48738,0,300,48738
fc1a1cd2d37a9100a80a496108f693ecebc59e14-dirty,2,burst,200,50,71,1727,63651,200,50,250,50,63792,40648,0,250,40648
fc1a1cd2d37a9100a80a496108f693ecebc59e14-dirty,2,burst,200,50,72,1732,61107,200,50,203,50,61248,33044,0,203,33044
fc1a1cd2d37a9100a80a496108f693ecebc59e14-dirty,2,burst,200,50,73,1748,62697,200,50,245,49,62663,39838,0,245,39838
fc1a1cd2d37a9100a80a496108f693ecebc59e14-dirty,2,burst,200,50,74,1750,60948,200,50,245,49,60914,39838,0,245,39838
fc1a1cd2d37a9100a80a496108f693ecebc59e14-dirty,2,burst,200,50,75,1763,61107,200,50,245,49,61073,39838,0,245,39838
fc1a1cd2d37a9100a80a496108f693ecebc59e14-dirty,2,burst,200,50,76,1765,62379,200,50,245,49,62345,39838,0,245,39838
fc1a1cd2d37a9100a80a496108f693ecebc59e14-dirty,2,burst,200,50,77,1778,62379,200,50,245,49,62345,39838,0,245,39838
fc1a1cd2d37a9100a80a496108f693ecebc59e14-dirty,2,burst,200,50,78,1781,60789,200,50,196,49,60755,31910,0,196,31910
fc1a1cd2d37a9100a80a496108f693ecebc59e14-dirty,2,burst,200,50,79,1786,55701,200,50,255,49,55667,41456,0,255,41456
fc1a1cd2d37a9100a80a496108f693ecebc59e14-dirty,2,burst,200,50,80,1808,59358,200,50,252,50,59499,40972,0,252,40972
fc1a1cd2d37a9100a80a496108f693ecebc59e14-dirty,2,burst,200,50,81,1811,54747,200,50,252,50,54888,40972,0,252,40972
fc1a1cd2d37a9100a80a496108f693ecebc59e14-dirty,2,burst,200,50,82,1814,62538,200,50,215,49,62504,34984,0,215,34984
fc1a1cd2d37a9100a80a496108f693ecebc59e14-dirty,2,burst,200,50,83,1817,54906,200,50,245,49,54872,39838,0,245,39838
fc1a1cd2d37a9100a80a496108f693ecebc59e14-dirty,2,burst,200,50,84,1831,63651,200,50,296,50,63792,48091,0,296,48091
fc1a1cd2d37a9100a80a496108f693ecebc59e14-dirty,2,burst,200,50,85,1834,60948,200,50,203,50,61089,33044,0,203,33044
fc1a1cd2d37a9100a80a496108f693ecebc59e14-dirty,2,burst,200,50,86,1839,54906,200,50,196,49,54872,31910,0,196,31910
fc1a1cd2d37a9100a80a496108f693ecebc59e14-dirty,2,burst,200,50,87,1862,60153,200,50,233,49,60119,37904,0,233,37904
fc1a1cd2d37a9100a80a496108f693ecebc59e14-dirty,2,burst,200,50,88,1866,54747,200,50,294,49,54713,47766,0,294,47766
fc1a1cd2d37a9100a80a496108f693ecebc59e14-dirty,2,burst,200,50,89,1869,54111,200,50,252,50,54252,40972,0,252,40972
fc1a1cd2d37a9100a80a496108f693ecebc59e14-dirty,2,burst,200,50,90,1872,62379,200,50,250,50,62520,40648,0,250,40648
fc1a1cd2d37a9100a80a496108f693ecebc59e14-dirty,2,burst,200,50,91,1877,54747,200,50,215,50,54888,34988,0,215,34988
fc1a1cd2d37a9100a80a496108f693ecebc59e14-dirty,2,burst,200,50,92,1885,53157,200,50,196,49,53123,31910,0,196,31910
fc1a1cd2d37a9100a80a496108f693ecebc59e14-dirty,2,burst,200,50,93,1893,62538,200,50,294,49,62504,47766,0,294,47766
fc1a1cd2d37a9100a80a496108f693ecebc59e14-dirty,2,burst,200,50,94,1900,61107,200,50,245,49,61073,39838,0,245,39838
fc1a1cd2d37a9100a80a496108f693ecebc59e14-dirty,2,burst,200,50,95,1908,63651,200,50,252,50,63792,40972,0,252,40972
fc1a1cd2d37a9100a80a496108f693ecebc59e14-dirty,2,burst,200,50,96,1916,54588,200,50,232,50,54729,37736,0,232,37736
fc1a1cd2d37a9100a80a496108f693ecebc59e14-dirty,2,burst,200,50,97,1931,62538,200,50,245,49,62504,39838,0,245,39838
fc1a1cd2d37a9100a80a496108f693ecebc59e14-dirty,2,burst,200,50,98,1934,62061,200,50,260,49,62027,42265,0,260,42265
fc1a1cd2d37a9100a80a496108f693ecebc59e14-dirty,2,burst,200,50,99,1939,54906,200,50,245,49,54872,39838,0,245,39838
fc1a1cd2d37a9100a80a496108f693ecebc59e14-dirty,2,burst,200,50,100,1946,61266,200,50,245,49,61232,39838,0,245,39838
fc1a1cd2d37a9100a80a496108f693ecebc59e14-dirty,2,burst,200,50,101,1954,51408,200,50,206,49,51374,33528,0,206,33528
fc1a1cd2d37a9100a80a496108f693ecebc59e14-dirty,2,burst,200,50,102,1969,63015,200,50,301,50,63156,48900,0,301,48900
fc1a1cd2d37a9100a80a496108f693ecebc59e14-dirty,2,burst,200,50,103,1972,61743,200,50,252,50,61884,40972,0,252,40972
fc1a1cd2d37a9100a80a496108f693ecebc59e14-dirty,2,burst,200,50,104,1992,61107,200,50,252,50,61248,40972,0,252,40972
fc1a1cd2d37a9100a80a496108f693ecebc59e14-dirty,2,burst,200,50,105,1995,61107,200,50,252,50,61248,40972,0,252,40972
fc1a1cd2d37a9100a80a496108f693ecebc59e14-dirty,2,burst,200,50,106,1998,53157,200,50,245,49,53123,39838,0,245,39838
fc1a1cd2d37a9100a80a496108f693ecebc59e14-dirty,2,burst,200,50,107,2015,62061,200,50,350,50,62202,56828,0,350,56828
fc1a1cd2d37a9100a80a496108f693ecebc59e14-dirty,2,burst,200,50,108,2018,59199,200,50,200,50,59340,32558,0,200,32558
fc1a1cd2d37a9100a80a496108f693ecebc59e14-dirty,2,burst,200,50,109,2021,53316,200,50,252,50,53457,40972,0,252,40972
fc1a1cd2d37a9100a80a496108f693ecebc59e14-dirty,2,burst,200,50,110,2024,54111,200,50,252,50,54252,40972,0,252,40972
fc1a1cd2d37a9100a80a496108f693ecebc59e14-dirty,2,burst,200,50,111,2030,62379,200,50,217,50,62520,35312,0,217,35312
fc1a1cd2d37a9100a80a496108f693ecebc59e14-dirty,2,burst,200,50,112,2037,50613,200,50,255,49,50579,41456,0,255,41456
fc1a1cd2d37a9100a80a496108f693ecebc59e14-dirty,2,burst,200,50,113,2053,62538,200,50,201,49,62504,32719,0,201,32719
fc1a1cd2d37a9100a80a496108f693ecebc59e14-dirty,2,burst,200,50,114,2056,61902,200,50,240,49,61868,39029,0,240,39029
fc1a1cd2d37a9100a80a496108f693ecebc59e14-dirty,2,burst,200,50,115,2076,61107,200,50,245,49,61073,39838,0,245,39838
fc1a1cd2d37a9100a80a496108f693ecebc59e14-dirty,2,burst,200,50,116,2079,53475,200,50,245,49,53441,39838,0,245,39838
fc1a1cd2d37a9100a80a496108f693ecebc59e14-dirty,2,burst,200,50,117,2081,46320,200,50,211,49,46286,34337,0,211,34337
fc1a1cd2d37a9100a80a496108f693ecebc59e14-dirty,2,burst,200,50,118,2084,50295,200,50,245,49,50261,39838,0,245,39838
fc1a1cd2d37a9100a80a496108f693ecebc59e14-dirty,2,burst,200,50,119,2091,52680,200,50,193,50,52821,31424,0,193,31424
fc1a1cd2d37a9100a80a496108f693ecebc59e14-dirty,2,burst,200,50,120,2099,55701,200,50,240,50,55842,39030,0,240,39030
fc1a1cd2d37a9100a80a496108f693ecebc59e14-dirty,2,burst,200,50,121,2106,61107,200,50,301,50,61248,48900,0,301,48900
fc1a1cd2d37a9100a80a496108f693ecebc59e14-dirty,2,burst,200,50,122,2114,54747,200,50,245,49,54713,39838,0,245,39838
fc1a1cd2d37a9100a80a496108f693ecebc59e14-dirty,2,burst,200,50,123,2130,62379,200,50,245,49,62345,39838,0,245,39838
fc1a1cd2d37a9100a80a496108f693ecebc59e14-dirty,2,burst,200,50,124,2133,62538,200,50,215,49,62504,34988,0,215,34988
fc1a1cd2d37a9100a80a496108f693ecebc59e14-dirty,2,burst,200,50,125,2137,63651,200,50,296,50,63792,48091,0,296,48091
fc1a1cd2d37a9100a80a496108f693ecebc59e14-dirty,2,burst,200,50,126,2144,55542,200,50,225,50,55683,36603,0,225,36603
fc1a1cd2d37a9100a80a496108f693ecebc59e14-dirty,2,burst,200,50,127,2152,47751,200,50,250,50,47892,40648,0,250,40648
fc1a1cd2d37a9100a80a496108f693ecebc59e14-dirty,2,burst,200,50,128,2160,62379,200,50,228,50,62520,37089,0,228,37089
fc1a1cd2d37a9100a80a496108f693ecebc59e14-dirty,2,burst,200,50,129,2175,62379,200,50,245,49,62345,39838,0,245,39838
fc1a1cd2d37a9100a80a496108f693ecebc59e14-dirty,2,burst,200,50,130,2178,63492,200,50,301,50,63633,48900,0,301,48900
fc1a1cd2d37a9100a80a496108f693ecebc59e14-dirty,2,burst,200,50,131,2183,60312,200,50,250,50,60453,40648,0,250,40648
fc1a1cd2d37a9100a80a496108f693ecebc59e14-dirty,2,burst,200,50,132,2190,54747,200,50,190,50,54888,30938,0,190,30938
fc1a1cd2d37a9100a80a496108f693ecebc59e14-dirty,2,burst,200,50,133,2198,60948,200,50,245,49,60914,39838,0,245,39838
fc1a1cd2d37a9100a80a496108f693ecebc59e14-dirty,2,burst,200,50,134,2206,60948,200,50,245,49,60914,39838,0,245,39838
fc1a1cd2d37a9100a80a496108f693ecebc59e14-dirty,2,burst,200,50,135,2213,62538,200,50,294,49,62504,47766,0,294,47766
fc1a1cd2d37a9100a80a496108f693ecebc59e14-dirty,2,burst,200,50,136,2237,61107,200,50,245,49,61073,39838,0,245,39838
fc1a1cd2d37a9100a80a496108f693ecebc59e14-dirty,2,burst,200,50,137,2239,54588,200,50,233,49,54554,37904,0,233,37904
fc1a1cd2d37a9100a80a496108f693ecebc59e14-dirty,2,burst,200,50,138,2245,59199,200,50,245,49,59165,39838,0,245,39838
fc1a1cd2d37a9100a80a496108f693ecebc59e14-dirty,2,burst,200,50,139,2251,61266,200,50,258,49,61232,41934,0,258,41934
fc1a1cd2d37a9100a80a496108f693ecebc59e14-dirty,2,burst,200,50,140,2254,60789,200,50,245,49,60755,39838,0,245,39838
fc1a1cd2d37a9100a80a496108f693ecebc59e14-dirty,2,burst,200,50,141,2259,63174,200,50,203,50,63315,33044,0,203,33044
fc1a1cd2d37a9100a80a496108f693ecebc59e14-dirty,2,burst,200,50,142,2267,53316,200,50,203,50,53457,33044,0,203,33044
fc1a1cd2d37a9100a80a496108f693ecebc59e14-dirty,2,burst,200,50,143,2275,54747,200,50,196,49,54713,31910,0,196,31910
fc1a1cd2d37a9100a80a496108f693ecebc59e14-dirty,2,burst,200,50,144,2283,54111,200,50,252,50,54252,40972,0,252,40972
fc1a1cd2d37a9100a80a496108f693ecebc59e14-dirty,2,burst,200,50,145,2292,63810,200,50,250,50,63951,40648,0,250,40648
fc1a1cd2d37a9100a80a496108f693ecebc59e14-dirty,2,burst,200,50,146,2300,62538,200,50,203,50,62679,33044,0,203,33044
fc1a1cd2d37a9100a80a496108f693ecebc59e14-dirty,2,burst,200,50,147,2308,62697,200,50,196,49,62663,31910,0,196,31910
fc1a1cd2d37a9100a80a496108f693ecebc59e14-dirty,2,burst,200,50,148,2324,63651,200,50,247,50,63792,40163,0,247,40163
fc1a1cd2d37a9100a80a496108f693ecebc59e14-dirty,2,burst,200,50,149,2326,60948,200,50,301,50,61089,48900,0,301,48900
fc1a1cd2d37a9100a80a496108f693ecebc59e14-dirty,2,burst,200,50,150,2332,61425,200,50,196,49,61391,31910,0,196,31910
fc1a1cd2d37a9100a80a496108f693ecebc59e14-dirty,2,burst,200,50,151,2340,63492,200,50,242,50,63633,39354,0,242,39354
fc1a1cd2d37a9100a80a496108f693ecebc59e14-dirty,2,burst,200,50,152,2348,54747,200,50,250,50,54888,40648,0,250,40648
fc1a1cd2d37a9100a80a496108f693ecebc59e14-dirty,2,burst,200,50,153,2355,53316,200,50,350,50,53457,56828,0,350,56828
fc1a1cd2d37a9100a80a496108f693ecebc59e14-dirty,2,burst,200,50,154,2363,62538,200,50,206,49,62504,33528,0,206,33528
fc1a1cd2d37a9100a80a496108f693ecebc59e14-dirty,2,burst,200,50,155,2386,62379,200,50,245,49,62345,39838,0,245,39838
fc1a1cd2d37a9100a80a496108f693ecebc59e14-dirty,2,burst,200,50,156,2389,60153,200,50,147,49,60119,23982,0,147,23982
fc1a1cd2d37a9100a80a496108f693ecebc59e14-dirty,2,burst,200,50,157,2392,61425,200,50,208,50,61566,33853,0,208,33853
fc1a1cd2d37a9100a80a496108f693ecebc59e14-dirty,2,burst,200,50,158,2395,63810,200,50,300,50,63951,48738,0,300,48738
fc1a1cd2d37a9100a80a496108f693ecebc59e14-dirty,2,burst,200,50,159,2418,62379,200,50,250,50,62520,40648,0,250,40648
fc1a1cd2d37a9100a80a496108f693ecebc59e14-dirty,2,burst,200,50,160,2421,53793,200,50,231,50,53934,37570,0,231,37570
fc1a1cd2d37a9100a80a496108f693ecebc59e14-dirty,2,burst,200,50,161,2423,55542,200,50,252,50,55683,40972,0,252,40972
fc1a1cd2d37a9100a80a496108f693ecebc59e14-dirty,2,burst,200,50,162,2426,61902,200,50,300,50,62043,48738,0,300,48738
fc1a1cd2d37a9100a80a496108f693ecebc59e14-dirty,2,burst,200,50,163,2433,62697,200,50,226,50,62838,36760,0,226,36760
fc1a1cd2d37a9100a80a496108f693ecebc59e14-dirty,2,burst,200,50,164,2440,53157,200,50,245,49,53123,39838,0,245,39838
fc1a1cd2d37a9100a80a496108f693ecebc59e14-dirty,2,burst,200,50,165,2448,63810,200,50,252,50,63951,40972,0,252,40972
fc1a1cd2d37a9100a80a496108f693ecebc59e14-dirty,2,burst,200,50,166,2456,62538,200,50,252,50,62679,40972,0,252,40972
fc1a1cd2d37a9100a80a496108f693ecebc59e14-dirty,2,burst,200,50,167,2464,60948,200,50,245,49,60914,39838,0,245,39838
fc1a1cd2d37a9100a80a496108f693ecebc59e14-dirty,2,burst,200,50,168,2471,54747,200,50,294,49,54713,47766,0,294,47766
fc1a1cd2d37a9100a80a496108f693ecebc59e14-dirty,2,burst,200,50,169,2479,46956,200,50,183,49,46922,29808,0,183,29808
fc1a1cd2d37a9100a80a496108f693ecebc59e14-dirty,2,burst,200,50,170,2486,53157,200,50,218,49,53123,35464,0,218,35464
fc1a1cd2d37a9100a80a496108f693ecebc59e14-dirty,2,burst,200,50,171,2494,49500,200,50,230,50,49641,37418,0,230,37418
fc1a1cd2d37a9100a80a496108f693ecebc59e14-dirty,2,burst,200,50,172,2501,45366,200,50,252,50,45507,40972,0,252,40972
fc1a1cd2d37a9100a80a496108f693ecebc59e14-dirty,2,burst,200,50,173,2525,58881,200,50,301,50,59022,48900,0,301,48900
fc1a1cd2d37a9100a80a496108f693ecebc59e14-dirty,2,burst,200,50,174,2528,54747,200,50,252,50,54888,40972,0,252,40972
fc1a1cd2d37a9100a80a496108f693ecebc59e14-dirty,2,burst,200,50,175,2530,58245,200,50,196,49,58211,31910,0,196,31910
fc1a1cd2d37a9100a80a496108f693ecebc59e14-dirty,2,burst,200,50,176,2534,59358,200,50,120,49,59324,19618,0,120,19618
fc1a1cd2d37a9100a80a496108f693ecebc59e14-dirty,2,burst,200,50,177,2555,60789,200,50,255,49,60755,41456,0,255,41456
fc1a1cd2d37a9100a80a496108f693ecebc59e14-dirty,2,burst,200,50,178,2558,61743,200,50,157,49,61709,25602,0,157,25602
fc1a1cd2d37a9100a80a496108f693ecebc59e14-dirty,2,burst,200,50,179,2561,62379,200,50,196,49,62345,31910,0,196,31910
fc1a1cd2d37a9100a80a496108f693ecebc59e14-dirty,2,burst,200,50,180,2578,58881,200,50,247,50,59022,40163,0,247,40163
fc1a1cd2d37a9100a80a496108f693ecebc59e14-dirty,2,burst,200,50,181,2580,54270,200,50,252,50,54411,40972,0,252,40972
fc1a1cd2d37a9100a80a496108f693ecebc59e14-dirty,2,burst,200,50,182,2583,56337,200,50,215,49,56303,34988,0,215,34988
fc1a1cd2d37a9100a80a496108f693ecebc59e14-dirty,2,burst,200,50,183,2586,61107,200,50,245,49,61073,39838,0,245,39838
fc1a1cd2d37a9100a80a496108f693ecebc59e14-dirty,2,burst,200,50,184,2593,59358,200,50,245,49,59324,39838,0,245,39838
fc1a1cd2d37a9100a80a496108f693ecebc59e14-dirty,2,burst,200,50,185,2600,62379,200,50,235,49,62345,38220,0,235,38220
fc1a1cd2d37a9100a80a496108f693ecebc59e14-dirty,2,burst,200,50,186,2616,62538,200,50,245,49,62504,39838,0,245,39838
fc1a1cd2d37a9100a80a496108f693ecebc59e14-dirty,2,burst,200,50,187,2619,62538,200,50,294,49,62504,47766,0,294,47766
fc1a1cd2d37a9100a80a496108f693ecebc59e14-dirty,2,burst,200,50,188,2632,61743,200,50,221,49,61709,35955,0,221,35955
fc1a1cd2d37a9100a80a496108f693ecebc59e14-dirty,2,burst,200,50,189,2635,63651,200,50,207,50,63792,33692,0,207,33692
fc1a1cd2d37a9100a80a496108f693ecebc59e14-dirty,2,burst,200,50,190,2640,55383,200,50,250,50,55524,40648,0,250,40648
fc1a1cd2d37a9100a80a496108f693ecebc59e14-dirty,2,burst,200,50,191,2648,63810,200,50,300,50,63951,48738,0,300,48738
fc1a1cd2d37a9100a80a496108f693ecebc59e14-dirty,2,burst,200,50,192,2663,62538,200,50,242,50,62679,39354,0,242,39354
fc1a1cd2d37a9100a80a496108f693ecebc59e14-dirty,2,burst,200,50,193,2667,62538,200,50,245,49,62504,39838,0,245,39838
fc1a1cd2d37a9100a80a496108f693ecebc59e14-dirty,2,burst,200,50,194,2671,49341,200,50,224,49,49307,36436,0,224,36436
fc1a1cd2d37a9100a80a496108f693ecebc59e14-dirty,2,burst,200,50,195,2679,59676,200,50,269,49,59642,43721,0,269,43721
fc1a1cd2d37a9100a80a496108f693ecebc59e14-dirty,2,burst,200,50,196,2686,62538,200,50,196,49,62504,31910,0,196,31910
fc1a1cd2d37a9100a80a496108f693ecebc59e14-dirty,2,burst,200,50,197,2694,63492,200,50,206,50,63633,33530,0,206,33530
fc1a1cd2d37a9100a80a496108f693ecebc59e14-dirty,2,burst,200,50,198,2702,62220,200,50,225,50,62361,36603,0,225,36603
fc1a1cd2d37a9100a80a496108f693ecebc59e14-dirty,2,burst,200,50,199,2710,54747,200,50,252,50,54888,40972,0,252,40972
fc1a1cd2d37a9100a80a496108f693ecebc59e14-dirty,2,burst,200,50,200,2717,62697,200,50,343,49,62663,55694,0,343,55694
fc1a1cd2d37a9100a80a496108f693ecebc59e14-dirty,2,burst,200,50,201,2725,54747,200,50,186,49,54713,30292,0,186,30292
fc1a1cd2d37a9100a80a496108f693ecebc59e14-dirty,2,burst,200,50,202,2741,59517,200,50,205,49,59483,33359,0,205,33359
fc1a1cd2d37a9100a80a496108f693ecebc59e14-dirty,2,burst,200,50,203,2744,63333,200,50,252,50,63474,40972,0,252,40972
fc1a1cd2d37a9100a80a496108f693ecebc59e14-dirty,2,burst,200,50,204,2764,61107,200,50,301,50,61248,48900,0,301,48900
fc1a1cd2d37a9100a80a496108f693ecebc59e14-dirty,2,burst,200,50,205,2767,61107,200,50,225,49,61073,36602,0,225,36602
fc1a1cd2d37a9100a80a496108f693ecebc59e14-dirty,2,burst,200,50,206,2770,52998,200,50,189,49,52964,30775,0,189,30775
fc1a1cd2d37a9100a80a496108f693ecebc59e14-dirty,2,burst,200,50,207,2772,55542,200,50,252,50,55683,40972,0,252,40972
fc1a1cd2d37a9100a80a496108f693ecebc59e14-dirty,2,burst,200,50,208,2779,55542,200,50,200,50,55683,32558,0,200,32558
fc1a1cd2d37a9100a80a496108f693ecebc59e14-dirty,2,burst,200,50,209,2787,46956,200,50,301,50,47097,48900,0,301,48900
fc1a1cd2d37a9100a80a496108f693ecebc59e14-dirty,2,burst,200,50,210,2803,62538,200,50,245,49,62504,39838,0,245,39838
fc1a1cd2d37a9100a80a496108f693ecebc59e14-dirty,2,burst,200,50,211,2805,61107,200,50,245,49,61073,39838,0,245,39838
fc1a1cd2d37a9100a80a496108f693ecebc59e14-dirty,2,burst,200,50,212,2810,61902,200,50,240,49,61868,39029,0,240,39029
fc1a1cd2d37a9100a80a496108f693ecebc59e14-dirty,2,burst,200,50,213,2818,60948,200,50,294,49,60914,47766,0,294,47766
fc1a1cd2d37a9100a80a496108f693ecebc59e14-dirty,2,burst,200,50,214,2826,54270,200,50,216,49,54236,35146,0,216,35146
fc1a1cd2d37a9100a80a496108f693ecebc59e14-dirty,2,burst,200,50,215,2834,63651,200,50,252,50,63792,40972,0,252,40972
fc1a1cd2d37a9100a80a496108f693ecebc59e14-dirty,2,burst,200,50,216,2841,62697,200,50,252,50,62838,40972,0,252,40972
fc1a1cd2d37a9100a80a496108f693ecebc59e14-dirty,2,burst,200,50,217,2849,54111,200,50,277,50,54252,45017,0,277,45017
fc1a1cd2d37a9100a80a496108f693ecebc59e14-dirty,2,burst,200,50,218,2857,53157,200,50,203,50,53298,33044,0,203,33044
fc1a1cd2d37a9100a80a496108f693ecebc59e14-dirty,2,burst,200,50,219,2864,46161,200,50,252,50,46302,40972,0,252,40972
fc1a1cd2d37a9100a80a496108f693ecebc59e14-dirty,2,burst,200,50,220,2872,54588,200,50,233,50,54729,37898,0,233,37898
fc1a1cd2d37a9100a80a496108f693ecebc59e14-dirty,2,burst,200,50,221,2880,54906,200,50,245,49,54872,39838,0,245,39838
fc1a1cd2d37a9100a80a496108f693ecebc59e14-dirty,2,burst,200,50,222,2904,59199,200,50,266,49,59165,43230,0,266,43230
fc1a1cd2d37a9100a80a496108f693ecebc59e14-dirty,2,burst,200,50,223,2907,55065,200,50,252,50,55206,40972,0,252,40972
fc1a1cd2d37a9100a80a496108f693ecebc59e14-dirty,2,burst,200,50,224,2910,62061,200,50,250,50,62202,40648,0,250,40648
fc1a1cd2d37a9100a80a496108f693ecebc59e14-dirty,2,burst,200,50,225,2913,63333,200,50,250,50,63474,40648,0,250,40648
fc1a1cd2d37a9100a80a496108f693ecebc59e14-dirty,2,burst,200,50,226,2920,54747,200,50,252,50,54888,40972,0,252,40972
fc1a1cd2d37a9100a80a496108f693ecebc59e14-dirty,2,burst,200,50,227,2936,62379,200,50,245,49,62345,39838,0,245,39838
fc1a1cd2d37a9100a80a496108f693ecebc59e14-dirty,2,burst,200,50,228,2939,63492,200,50,252,50,63633,40972,0,252,40972
fc1a1cd2d37a9100a80a496108f693ecebc59e14-dirty,2,burst,200,50,229,2944,60789,200,50,252,50,60930,40972,0,252,40972
fc1a1cd2d37a9100a80a496108f693ecebc59e14-dirty,2,burst,200,50,230,2952,62379,200,50,294,49,62345,47766,0,294,47766
fc1a1cd2d37a9100a80a496108f693ecebc59e14-dirty,2,burst,200,50,231,2960,62538,200,50,203,50,62679,33044,0,203,33044
fc1a1cd2d37a9100a80a496108f693ecebc59e14-dirty,2,burst,200,50,232,2967,62379,200,50,200,50,62520,32558,0,200,32558
fc1a1cd2d37a9100a80a496108f693ecebc59e14-dirty,2,burst,200,50,233,2975,54747,200,50,252,50,54888,40972,0,252,40972
fc1a1cd2d37a9100a80a496108f693ecebc59e14-dirty,2,burst,200,50,234,2983,61107,200,50,186,49,61073,30300,0,186,30300
fc1a1cd2d37a9100a80a496108f693ecebc59e14-dirty,2,burst,200,50,235,2991,55701,200,50,301,50,55842,48900,0,301,48900
fc1a1cd2d37a9100a80a496108f693ecebc59e14-dirty,2,burst,200,50,236,2999,54747,200,50,247,50,54888,40163,0,247,40163
fc1a1cd2d37a9100a80a496108f693ecebc59e14-dirty,2,burst,200,50,237,3007,54111,200,50,251,50,54252,40810,0,251,40810
fc1a1cd2d37a9100a80a496108f693ecebc59e14-dirty,2,burst,200,50,238,3014,47592,200,50,250,50,47733,40648,0,250,40648
fc1a1cd2d37a9100a80a496108f693ecebc59e14-dirty,2,burst,200,50,239,3023,62697,200,50,301,50,62838,48900,0,301,48900
fc1a1cd2d37a9100a80a496108f693ecebc59e14-dirty,2,burst,200,50,240,3030,62061,200,50,252,50,62202,40972,0,252,40972
fc1a1cd2d37a9100a80a496108f693ecebc59e14-dirty,2,burst,200,50,241,3038,60948,200,50,226,50,61089,36770,0,226,36770
fc1a1cd2d37a9100a80a496108f693ecebc59e14-dirty,2,burst,200,50,242,3046,54906,200,50,245,49,54872,39838,0,245,39838
fc1a1cd2d37a9100a80a496108f693ecebc59e14-dirty,2,burst,200,50,243,3053,37416,200,50,248,50,37557,40324,0,248,40324
fc1a1cd2d37a9100a80a496108f693ecebc59e14-dirty,3,burst,200,50,1,2,37734,200,50,1,1,849,360,0,1,360
fc1a1cd2d37a9100a80a496108f693ecebc59e14-dirty,3,burst,200,50,2,103,37893,200,50,1,1,1008,360,0,1,360
fc1a1cd2d37a9100a80a496108f693ecebc59e14-dirty,3,burst,200,50,3,203,38052,200,50,1,1,1167,360,0,1,360
fc1a1cd2d37a9100a80a496108f693ecebc59e14-dirty,3,burst,200,50,4,304,38052,200,50,0,0,199,199,0,0,199
fc1a1cd2d37a9100a80a496108f693ecebc59e14-dirty,3,burst,200,50,5,404,38370,200,50,1,1,1485,360,0,1,360
fc1a1cd2d37a9100a80a496108f693ecebc59e14-dirty,3,burst,200,50,6,505,38370,200,50,0,0,199,199,0,0,199
fc1a1cd2d37a9100a80a496108f693ecebc59e14-dirty,3,burst,200,50,7,606,38688,200,50,1,1,1803,360,0,1,360
fc1a1cd2d37a9100a80a496108f693ecebc59e14-dirty,3,burst,200,50,8,701,38848,200,50,1,1,1963,361,0,1,361
fc1a1cd2d37a9100a80a496108f693ecebc59e14-dirty,3,burst,200,50,9,802,38848,200,50,1,1,1963,362,0,1,362
fc1a1cd2d37a9100a80a496108f693ecebc59e14-dirty,3,burst,200,50,10,903,38848,200,50,1,1,1963,362,0,1,362
fc1a1cd2d37a9100a80a496108f693ecebc59e14-dirty,3,burst,200,50,11,1003,38848,200,50,1,1,1963,362,0,1,362
fc1a1cd2d37a9100a80a496108f693ecebc59e14-dirty,3,burst,200,50,12,1104,38848,200,50,1,1,1963,362,0,1,362
fc1a1cd2d37a9100a80a496108f693ecebc59e14-dirty,3,burst,200,50,13,1205,38848,200,50,1,1,1963,362,0,1,362
fc1a1cd2d37a9100a80a496108f693ecebc59e14-dirty,3,burst,200,50,14,1306,38211,200,50,351,50,38352,56996,0,351,56996
fc1a1cd2d37a9100a80a496108f693ecebc59e14-dirty,3,burst,200,50,15,1313,47751,200,50,240,50,47892,39028,0,240,39028
fc1a1cd2d37a9100a80a496108f693ecebc59e14-dirty,3,burst,200,50,16,1320,46956,200,50,161,50,47097,26250,0,161,26250
fc1a1cd2d37a9100a80a496108f693ecebc59e14-dirty,3,burst,200,50,17,1327,46956,200,50,196,49,46922,31910,0,196,31910
fc1a1cd2d37a9100a80a496108f693ecebc59e14-dirty,3,burst,200,50,18,1334,47115,200,50,245,49,47081,39838,0,245,39838
fc1a1cd2d37a9100a80a496108f693ecebc59e14-dirty,3,burst,200,50,19,1341,39165,200,50,238,49,39131,38707,0,238,38707
fc1a1cd2d37a9100a80a496108f693ecebc59e14-dirty,3,burst,200,50,20,1348,51408,200,50,201,49,51374,32724,0,201,32724
fc1a1cd2d37a9100a80a496108f693ecebc59e14-dirty,3,burst,200,50,21,1355,52998,200,50,245,49,52964,39838,0,245,39838
fc1a1cd2d37a9100a80a496108f693ecebc59e14-dirty,3,burst,200,50,22,1363,54270,200,50,226,50,54411,36765,0,226,36765
fc1a1cd2d37a9100a80a496108f693ecebc59e14-dirty,3,burst,200,50,23,1370,54588,200,50,231,50,54729,37574,0,231,37574
fc1a1cd2d37a9100a80a496108f693ecebc59e14-dirty,3,burst,200,50,24,1384,53475,200,50,294,49,53441,47766,0,294,47766
fc1a1cd2d37a9100a80a496108f693ecebc59e14-dirty,3,burst,200,50,25,1387,47115,200,50,245,49,47081,39838,0,245,39838
fc1a1cd2d37a9100a80a496108f693ecebc59e14-dirty,3,burst,200,50,26,1399,47910,200,50,251,50,48051,40810,0,251,40810
fc1a1cd2d37a9100a80a496108f693ecebc59e14-dirty,3,burst,200,50,27,1401,54111,200,50,251,50,54252,40810,0,251,40810
fc1a1cd2d37a9100a80a496108f693ecebc59e14-dirty,3,burst,200,50,28,1406,52998,200,50,300,50,53139,48738,0,300,48738
fc1a1cd2d37a9100a80a496108f693ecebc59e14-dirty,3,burst,200,50,29,1413,53157,200,50,251,50,53298,40810,0,251,40810
fc1a1cd2d37a9100a80a496108f693ecebc59e14-dirty,3,burst,200,50,30,1421,46320,200,50,246,50,46461,40001,0,246,40001
fc1a1cd2d37a9100a80a496108f693ecebc59e14-dirty,3,burst,200,50,31,1435,54747,200,50,202,50,54888,32882,0,202,32882
fc1a1cd2d37a9100a80a496108f693ecebc59e14-dirty,3,burst,200,50,32,1438,54747,200,50,245,49,54713,39838,0,245,39838
fc1a1cd2d37a9100a80a496108f693ecebc59e14-dirty,3,burst,200,50,33,1442,47751,200,50,300,50,47892,48738,0,300,48738
fc1a1cd2d37a9100a80a496108f693ecebc59e14-dirty,3,burst,200,50,34,1450,53157,200,50,251,50,53298,40810,0,251,40810
fc1a1cd2d37a9100a80a496108f693ecebc59e14-dirty,3,burst,200,50,35,1457,53157,200,50,196,49,53123,31910,0,196,31910
fc1a1cd2d37a9100a80a496108f693ecebc59e14-dirty,3,burst,200,50,36,1464,54747,200,50,236,49,54713,38382,0,236,38382
fc1a1cd2d37a9100a80a496108f693ecebc59e14-dirty,3,burst,200,50,37,1472,54111,200,50,251,50,54252,40810,0,251,40810
fc1a1cd2d37a9100a80a496108f693ecebc59e14-dirty,3,burst,200,50,38,1479,52839,200,50,247,50,52980,40163,0,247,40163
fc1a1cd2d37a9100a80a496108f693ecebc59e14-dirty,3,burst,200,50,39,1486,55542,200,50,153,50,55683,24954,0,153,24954
fc1a1cd2d37a9100a80a496108f693ecebc59e14-dirty,3,burst,200,50,40,1493,55701,200,50,250,50,55842,40648,0,250,40648
fc1a1cd2d37a9100a80a496108f693ecebc59e14-dirty,3,burst,200,50,41,1501,55701,200,50,200,50,55842,32558,0,200,32558
fc1a1cd2d37a9100a80a496108f693ecebc59e14-dirty,3,burst,200,50,42,1508,50454,200,50,265,50,50595,43075,0,265,43075
fc1a1cd2d37a9100a80a496108f693ecebc59e14-dirty,3,burst,200,50,43,1515,55701,200,50,251,50,55842,40810,0,251,40810
fc1a1cd2d37a9100a80a496108f693ecebc59e14-dirty,3,burst,200,50,44,1522,55065,200,50,242,50,55206,39360,0,242,39360
fc1a1cd2d37a9100a80a496108f693ecebc59e14-dirty,3,burst,200,50,45,1530,45684,200,50,236,50,45825,38383,0,236,38383
fc1a1cd2d37a9100a80a496108f693ecebc59e14-dirty,3,burst,200,50,46,1537,54906,200,50,245,49,54872,39838,0,245,39838
fc1a1cd2d37a9100a80a496108f693ecebc59e14-dirty,3,burst,200,50,47,1544,54111,200,50,300,50,54252,48738,0,300,48738
fc1a1cd2d37a9100a80a496108f693ecebc59e14-dirty,3,burst,200,50,48,1551,45207,200,50,227,50,45348,36922,0,227,36922
fc1a1cd2d37a9100a80a496108f693ecebc59e14-dirty,3,burst,200,50,49,1558,54747,200,50,245,49,54713,39838,0,245,39838
fc1a1cd2d37a9100a80a496108f693ecebc59e14-dirty,3,burst,200,50,50,1567,47115,200,50,180,50,47256,29318,0,180,29318
fc1a1cd2d37a9100a80a496108f693ecebc59e14-dirty,3,burst,200,50,51,1574,54111,200,50,232,50,54252,37732,0,232,37732
fc1a1cd2d37a9100a80a496108f693ecebc59e14-dirty,3,burst,200,50,52,1581,48705,200,50,300,50,48846,48738,0,300,48738
fc1a1cd2d37a9100a80a496108f693ecebc59e14-dirty,3,burst,200,50,53,1589,54747,200,50,245,49,54713,39838,0,245,39838
fc1a1cd2d37a9100a80a496108f693ecebc59e14-dirty,3,burst,200,50,54,1596,53793,200,50,245,49,53759,39838,0,245,39838
fc1a1cd2d37a9100a80a496108f693ecebc59e14-dirty,3,burst,200,50,55,1603,46638,200,50,245,49,46604,39838,0,245,39838
fc1a1cd2d37a9100a80a496108f693ecebc59e14-dirty,3,burst,200,50,56,1611,54747,200,50,294,49,54713,47766,0,294,47766
fc1a1cd2d37a9100a80a496108f693ecebc59e14-dirty,3,burst,200,50,57,1618,45525,200,50,196,49,45491,31910,0,196,31910
fc1a1cd2d37a9100a80a496108f693ecebc59e14-dirty,3,burst,200,50,58,1625,54588,200,50,245,49,54554,39838,0,245,39838
fc1a1cd2d37a9100a80a496108f693ecebc59e14-dirty,3,burst,200,50,59,1632,54906,200,50,245,49,54872,39838,0,245,39838
fc1a1cd2d37a9100a80a496108f693ecebc59e14-dirty,3,burst,200,50,60,1640,55701,200,50,251,50,55842,40810,0,251,40810
fc1a1cd2d37a9100a80a496108f693ecebc59e14-dirty,3,burst,200,50,61,1662,54588,200,50,335,50,54729,54399,0,335,54399
fc1a1cd2d37a9100a80a496108f693ecebc59e14-dirty,3,burst,200,50,62,1664,62538,200,50,152,49,62504,24791,0,152,24791
fc1a1cd2d37a9100a80a496108f693ecebc59e14-dirty,3,burst,200,50,63,1667,63810,200,50,203,50,63951,33044,0,203,33044
fc1a1cd2d37a9100a80a496108f693ecebc59e14-dirty,3,burst,200,50,64,1677,62061,200,50,250,50,62202,40648,0,250,40648
fc1a1cd2d37a9100a80a496108f693ecebc59e14-dirty,3,burst,200,50,65,1679,54588,200,50,252,50,54729,40972,0,252,40972
fc1a1cd2d37a9100a80a496108f693ecebc59e14-dirty,3,burst,200,50,66,1684,54906,200,50,203,50,55047,33044,0,203,33044
fc1a1cd2d37a9100a80a496108f693ecebc59e14-dirty,3,burst,200,50,67,1692,54429,200,50,154,50,54570,25116,0,154,25116
fc1a1cd2d37a9100a80a496108f693ecebc59e14-dirty,3,burst,200,50,68,1699,53316,200,50,245,49,53282,39838,0,245,39838
fc1a1cd2d37a9100a80a496108f693ecebc59e14-dirty,3,burst,200,50,69,1707,53316,200,50,205,49,53282,33366,0,205,33366
fc1a1cd2d37a9100a80a496108f693ecebc59e14-dirty,3,burst,200,50,70,1714,55542,200,50,203,50,55683,33044,0,203,33044
fc1a1cd2d37a9100a80a496108f693ecebc59e14-dirty,3,burst,200,50,71,1737,63651,200,50,300,50,63792,48738,0,300,48738
fc1a1cd2d37a9100a80a496108f693ecebc59e14-dirty,3,burst,200,50,72,1739,52998,200,50,252,50,53139,40972,0,252,40972
fc1a1cd2d37a9100a80a496108f693ecebc59e14-dirty,3,burst,200,50,73,1742,61902,200,50,206,49,61868,33528,0,206,33528
fc1a1cd2d37a9100a80a496108f693ecebc59e14-dirty,3,burst,200,50,74,1759,61107,200,50,245,49,61073,39838,0,245,39838
fc1a1cd2d37a9100a80a496108f693ecebc59e14-dirty,3,burst,200,50,75,1762,61107,200,50,196,49,61073,31910,0,196,31910
fc1a1cd2d37a9100a80a496108f693ecebc59e14-dirty,3,burst,200,50,76,1765,60948,200,50,294,49,60914,47766,0,294,47766
fc1a1cd2d37a9100a80a496108f693ecebc59e14-dirty,3,burst,200,50,77,1782,54270,200,50,196,49,54236,31910,0,196,31910
fc1a1cd2d37a9100a80a496108f693ecebc59e14-dirty,3,burst,200,50,78,1785,55701,200,50,252,50,55842,40972,0,252,40972
fc1a1cd2d37a9100a80a496108f693ecebc59e14-dirty,3,burst,200,50,79,1788,62379,200,50,207,50,62520,33688,0,207,33688
fc1a1cd2d37a9100a80a496108f693ecebc59e14-dirty,3,burst,200,50,80,1791,62538,200,50,249,49,62504,40482,0,249,40482
fc1a1cd2d37a9100a80a496108f693ecebc59e14-dirty,3,burst,200,50,81,1798,61107,200,50,245,49,61073,39838,0,245,39838
fc1a1cd2d37a9100a80a496108f693ecebc59e14-dirty,3,burst,200,50,82,1805,54906,200,50,245,49,54872,39838,0,245,39838
fc1a1cd2d37a9100a80a496108f693ecebc59e14-dirty,3,burst,200,50,83,1813,54111,200,50,203,50,54252,33044,0,203,33044
fc1a1cd2d37a9100a80a496108f693ecebc59e14-dirty,3,burst,200,50,84,1820,54906,200,50,252,50,55047,40972,0,252,40972
fc1a1cd2d37a9100a80a496108f693ecebc59e14-dirty,3,burst,200,50,85,1828,62538,200,50,294,49,62504,47766,0,294,47766
fc1a1cd2d37a9100a80a496108f693ecebc59e14-dirty,3,burst,200,50,86,1836,60948,200,50,245,49,60914,39838,0,245,39838
fc1a1cd2d37a9100a80a496108f693ecebc59e14-dirty,3,burst,200,50,87,1843,54588,200,50,245,49,54554,39838,0,245,39838
fc1a1cd2d37a9100a80a496108f693ecebc59e14-dirty,3,burst,200,50,88,1866,60948,200,50,245,49,60914,39838,0,245,39838
fc1a1cd2d37a9100a80a496108f693ecebc59e14-dirty,3,burst,200,50,89,1869,60789,200,50,196,49,60755,31910,0,196,31910
fc1a1cd2d37a9100a80a496108f693ecebc59e14-dirty,3,burst,200,50,90,1872,60789,200,50,245,49,60755,39838,0,245,39838
fc1a1cd2d37a9100a80a496108f693ecebc59e14-dirty,3,burst,200,50,91,1875,55860,200,50,207,50,56001,33692,0,207,33692
fc1a1cd2d37a9100a80a496108f693ecebc59e14-dirty,3,burst,200,50,92,1896,62697,200,50,252,50,62838,40972,0,252,40972
fc1a1cd2d37a9100a80a496108f693ecebc59e14-dirty,3,burst,200,50,93,1899,59199,200,50,161,49,59165,26250,0,161,26250
fc1a1cd2d37a9100a80a496108f693ecebc59e14-dirty,3,burst,200,50,94,1901,61584,200,50,221,49,61550,35952,0,221,35952
fc1a1cd2d37a9100a80a496108f693ecebc59e14-dirty,3,burst,200,50,95,1919,60948,200,50,294,49,60914,47766,0,294,47766
fc1a1cd2d37a9100a80a496108f693ecebc59e14-dirty,3,burst,200,50,96,1921,53316,200,50,167,49,53282,27222,0,167,27222
fc1a1cd2d37a9100a80a496108f693ecebc59e14-dirty,3,burst,200,50,97,1924,61266,200,50,240,49,61232,39029,0,240,39029
fc1a1cd2d37a9100a80a496108f693ecebc59e14-dirty,3,burst,200,50,98,1927,62538,200,50,245,49,62504,39838,0,245,39838
fc1a1cd2d37a9100a80a496108f693ecebc59e14-dirty,3,burst,200,50,99,1934,59358,200,50,235,49,59324,38219,0,235,38219
fc1a1cd2d37a9100a80a496108f693ecebc59e14-dirty,3,burst,200,50,100,1941,59835,200,50,206,49,59801,33528,0,206,33528
fc1a1cd2d37a9100a80a496108f693ecebc59e14-dirty,3,burst,200,50,101,1957,62538,200,50,245,49,62504,39838,0,245,39838
fc1a1cd2d37a9100a80a496108f693ecebc59e14-dirty,3,burst,200,50,102,1960,60312,200,50,252,50,60453,40972,0,252,40972
fc1a1cd2d37a9100a80a496108f693ecebc59e14-dirty,3,burst,200,50,103,1964,59358,200,50,252,50,59499,40972,0,252,40972
fc1a1cd2d37a9100a80a496108f693ecebc59e14-dirty,3,burst,200,50,104,1972,63492,200,50,301,50,63633,48900,0,301,48900
fc1a1cd2d37a9100a80a496108f693ecebc59e14-dirty,3,burst,200,50,105,1980,60789,200,50,203,50,60930,33044,0,203,33044
fc1a1cd2d37a9100a80a496108f693ecebc59e14-dirty,3,burst,200,50,106,1987,62379,200,50,245,49,62345,39838,0,245,39838
fc1a1cd2d37a9100a80a496108f693ecebc59e14-dirty,3,burst,200,50,107,2010,62379,200,50,245,49,62345,39838,0,245,39838
fc1a1cd2d37a9100a80a496108f693ecebc59e14-dirty,3,burst,200,50,108,2013,53952,200,50,343,49,53918,55694,0,343,55694
fc1a1cd2d37a9100a80a496108f693ecebc59e14-dirty,3,burst,200,50,109,2017,60948,200,50,245,49,60914,39838,0,245,39838
fc1a1cd2d37a9100a80a496108f693ecebc59e14-dirty,3,burst,200,50,110,2033,63333,200,50,222,50,63474,36118,0,222,36118
fc1a1cd2d37a9100a80a496108f693ecebc59e14-dirty,3,burst,200,50,111,2036,58086,200,50,252,50,58227,40972,0,252,40972
fc1a1cd2d37a9100a80a496108f693ecebc59e14-dirty,3,burst,200,50,112,2038,62538,200,50,196,49,62504,31910,0,196,31910
fc1a1cd2d37a9100a80a496108f693ecebc59e14-dirty,3,burst,200,50,113,2049,63651,200,50,301,50,63792,48900,0,301,48900
fc1a1cd2d37a9100a80a496108f693ecebc59e14-dirty,3,burst,200,50,114,2052,52362,200,50,250,50,52503,40648,0,250,40648
fc1a1cd2d37a9100a80a496108f693ecebc59e14-dirty,3,burst,200,50,115,2072,59199,200,50,241,50,59340,39190,0,241,39190
fc1a1cd2d37a9100a80a496108f693ecebc59e14-dirty,3,burst,200,50,116,2075,60948,200,50,245,49,60914,39838,0,245,39838
fc1a1cd2d37a9100a80a496108f693ecebc59e14-dirty,3,burst,200,50,117,2078,63015,200,50,252,50,63156,40972,0,252,40972
fc1a1cd2d37a9100a80a496108f693ecebc59e14-dirty,3,burst,200,50,118,2080,54747,200,50,291,50,54888,47282,0,291,47282
fc1a1cd2d37a9100a80a496108f693ecebc59e14-dirty,3,burst,200,50,119,2087,55542,200,50,252,50,55683,40972,0,252,40972
fc1a1cd2d37a9100a80a496108f693ecebc59e14-dirty,3,burst,200,50,120,2094,53316,200,50,252,50,53457,40972,0,252,40972
fc1a1cd2d37a9100a80a496108f693ecebc59e14-dirty,3,burst,200,50,121,2101,47910,200,50,252,50,48051,40972,0,252,40972
fc1a1cd2d37a9100a80a496108f693ecebc59e14-dirty,3,burst,200,50,122,2108,54747,200,50,231,50,54888,37580,0,231,37580
fc1a1cd2d37a9100a80a496108f693ecebc59e14-dirty,3,burst,200,50,123,2123,62061,200,50,294,49,62027,47766,0,294,47766
fc1a1cd2d37a9100a80a496108f693ecebc59e14-dirty,3,burst,200,50,124,2126,60948,200,50,176,49,60914,28674,0,176,28674
fc1a1cd2d37a9100a80a496108f693ecebc59e14-dirty,3,burst,200,50,125,2138,62061,200,50,203,50,62202,33044,0,203,33044
fc1a1cd2d37a9100a80a496108f693ecebc59e14-dirty,3,burst,200,50,126,2141,62061,200,50,250,50,62202,40648,0,250,40648
fc1a1cd2d37a9100a80a496108f693ecebc59e14-dirty,3,burst,200,50,127,2146,63492,200,50,250,50,63633,40648,0,250,40648
fc1a1cd2d37a9100a80a496108f693ecebc59e14-dirty,3,burst,200,50,128,2154,53793,200,50,301,50,53934,48900,0,301,48900
fc1a1cd2d37a9100a80a496108f693ecebc59e14-dirty,3,burst,200,50,129,2161,54747,200,50,245,49,54713,39838,0,245,39838
fc1a1cd2d37a9100a80a496108f693ecebc59e14-dirty,3,burst,200,50,130,2169,54747,200,50,196,49,54713,31910,0,196,31910
fc1a1cd2d37a9100a80a496108f693ecebc59e14-dirty,3,burst,200,50,131,2184,62379,200,50,245,49,62345,39838,0,245,39838
fc1a1cd2d37a9100a80a496108f693ecebc59e14-dirty,3,burst,200,50,132,2187,62379,200,50,170,49,62345,27702,0,170,27702
fc1a1cd2d37a9100a80a496108f693ecebc59e14-dirty,3,burst,200,50,133,2191,62061,200,50,264,50,62202,42906,0,264,42906
fc1a1cd2d37a9100a80a496108f693ecebc59e14-dirty,3,burst,200,50,134,2199,60948,200,50,212,50,61089,34500,0,212,34500
fc1a1cd2d37a9100a80a496108f693ecebc59e14-dirty,3,burst,200,50,135,2206,47751,200,50,222,49,47717,36122,0,222,36122
fc1a1cd2d37a9100a80a496108f693ecebc59e14-dirty,3,burst,200,50,136,2214,62379,200,50,245,49,62345,39838,0,245,39838
fc1a1cd2d37a9100a80a496108f693ecebc59e14-dirty,3,burst,200,50,137,2230,60789,200,50,284,49,60755,46148,0,284,46148
fc1a1cd2d37a9100a80a496108f693ecebc59e14-dirty,3,burst,200,50,138,2232,62379,200,50,245,49,62345,39838,0,245,39838
fc1a1cd2d37a9100a80a496108f693ecebc59e14-dirty,3,burst,200,50,139,2237,62697,200,50,245,49,62663,39838,0,245,39838
fc1a1cd2d37a9100a80a496108f693ecebc59e14-dirty,3,burst,200,50,140,2245,54906,200,50,196,49,54872,31910,0,196,31910
fc1a1cd2d37a9100a80a496108f693ecebc59e14-dirty,3,burst,200,50,141,2252,61107,200,50,196,49,61073,31910,0,196,31910
fc1a1cd2d37a9100a80a496108f693ecebc59e14-dirty,3,burst,200,50,142,2267,60948,200,50,294,49,60914,47766,0,294,47766
fc1a1cd2d37a9100a80a496108f693ecebc59e14-dirty,3,burst,200,50,143,2270,61902,200,50,206,50,62043,33530,0,206,33530
fc1a1cd2d37a9100a80a496108f693ecebc59e14-dirty,3,burst,200,50,144,2275,62697,200,50,252,50,62838,40972,0,252,40972
fc1a1cd2d37a9100a80a496108f693ecebc59e14-dirty,3,burst,200,50,145,2282,53157,200,50,196,49,53123,31910,0,196,31910
fc1a1cd2d37a9100a80a496108f693ecebc59e14-dirty,3,burst,200,50,146,2290,60948,200,50,245,49,60914,39838,0,245,39838
fc1a1cd2d37a9100a80a496108f693ecebc59e14-dirty,3,burst,200,50,147,2315,62697,200,50,294,49,62663,47766,0,294,47766
fc1a1cd2d37a9100a80a496108f693ecebc59e14-dirty,3,burst,200,50,148,2318,55701,200,50,252,50,55842,40972,0,252,40972
fc1a1cd2d37a9100a80a496108f693ecebc59e14-dirty,3,burst,200,50,149,2321,62061,200,50,250,50,62202,40648,0,250,40648
fc1a1cd2d37a9100a80a496108f693ecebc59e14-dirty,3,burst,200,50,150,2323,54747,200,50,252,50,54888,40972,0,252,40972
fc1a1cd2d37a9100a80a496108f693ecebc59e14-dirty,3,burst,200,50,151,2329,62379,200,50,279,49,62345,45339,0,279,45339
fc1a1cd2d37a9100a80a496108f693ecebc59e14-dirty,3,burst,200,50,152,2337,62061,200,50,252,50,62202,40972,0,252,40972
fc1a1cd2d37a9100a80a496108f693ecebc59e14-dirty,3,burst,200,50,153,2353,61425,200,50,252,50,61566,40972,0,252,40972
fc1a1cd2d37a9100a80a496108f693ecebc59e14-dirty,3,burst,200,50,154,2355,62697,200,50,196,49,62663,31910,0,196,31910
fc1a1cd2d37a9100a80a496108f693ecebc59e14-dirty,3,burst,200,50,155,2360,54906,200,50,245,49,54872,39838,0,245,39838
fc1a1cd2d37a9100a80a496108f693ecebc59e14-dirty,3,burst,200,50,156,2368,60630,200,50,301,50,60771,48900,0,301,48900
fc1a1cd2d37a9100a80a496108f693ecebc59e14-dirty,3,burst,200,50,157,2375,61584,200,50,212,50,61725,34493,0,212,34493
fc1a1cd2d37a9100a80a496108f693ecebc59e14-dirty,3,burst,200,50,158,2383,46161,200,50,203,50,46302,33044,0,203,33044
fc1a1cd2d37a9100a80a496108f693ecebc59e14-dirty,3,burst,200,50,159,2405,59358,200,50,231,50,59499,37580,0,231,37580
fc1a1cd2d37a9100a80a496108f693ecebc59e14-dirty,3,burst,200,50,160,2409,60948,200,50,245,49,60914,39838,0,245,39838
fc1a1cd2d37a9100a80a496108f693ecebc59e14-dirty,3,burst,200,50,161,2412,51408,200,50,301,50,51549,48900,0,301,48900
fc1a1cd2d37a9100a80a496108f693ecebc59e14-dirty,3,burst,200,50,162,2429,62220,200,50,252,50,62361,40972,0,252,40972
fc1a1cd2d37a9100a80a496108f693ecebc59e14-dirty,3,burst,200,50,163,2432,58404,200,50,237,50,58545,38545,0,237,38545
fc1a1cd2d37a9100a80a496108f693ecebc59e14-dirty,3,burst,200,50,164,2435,60948,200,50,252,50,61089,40972,0,252,40972
fc1a1cd2d37a9100a80a496108f693ecebc59e14-dirty,3,burst,200,50,165,2452,62220,200,50,294,49,62186,47766,0,294,47766
fc1a1cd2d37a9100a80a496108f693ecebc59e14-dirty,3,burst,200,50,166,2455,55542,200,50,252,50,55683,40972,0,252,40972
fc1a1cd2d37a9100a80a496108f693ecebc59e14-dirty,3,burst,200,50,167,2457,55383,200,50,250,50,55524,40648,0,250,40648
fc1a1cd2d37a9100a80a496108f693ecebc59e14-dirty,3,burst,200,50,168,2460,62538,200,50,252,50,62679,40972,0,252,40972
fc1a1cd2d37a9100a80a496108f693ecebc59e14-dirty,3,burst,200,50,169,2482,63651,200,50,252,50,63792,40972,0,252,40972
fc1a1cd2d37a9100a80a496108f693ecebc59e14-dirty,3,burst,200,50,170,2485,54906,200,50,301,50,55047,48900,0,301,48900
fc1a1cd2d37a9100a80a496108f693ecebc59e14-dirty,3,burst,200,50,171,2488,45525,200,50,245,49,45491,39838,0,245,39838
fc1a1cd2d37a9100a80a496108f693ecebc59e14-dirty,3,burst,200,50,172,2490,52203,200,50,245,49,52169,39838,0,245,39838
fc1a1cd2d37a9100a80a496108f693ecebc59e14-dirty,3,burst,200,50,173,2497,54270,200,50,218,50,54411,35471,0,218,35471
fc1a1cd2d37a9100a80a496108f693ecebc59e14-dirty,3,burst,200,50,174,2505,47115,200,50,240,50,47256,39038,0,240,39038
fc1a1cd2d37a9100a80a496108f693ecebc59e14-dirty,3,burst,200,50,175,2513,63492,200,50,256,50,63633,41619,0,256,41619
fc1a1cd2d37a9100a80a496108f693ecebc59e14-dirty,3,burst,200,50,176,2520,54270,200,50,230,50,54411,37412,0,230,37412
fc1a1cd2d37a9100a80a496108f693ecebc59e14-dirty,3,burst,200,50,177,2535,63651,200,50,219,50,63792,35626,0,219,35626
fc1a1cd2d37a9100a80a496108f693ecebc59e14-dirty,3,burst,200,50,178,2538,61107,200,50,203,50,61248,33044,0,203,33044
fc1a1cd2d37a9100a80a496108f693ecebc59e14-dirty,3,burst,200,50,179,2543,58722,200,50,294,49,58688,47766,0,294,47766
fc1a1cd2d37a9100a80a496108f693ecebc59e14-dirty,3,burst,200,50,180,2550,62538,200,50,165,49,62504,26895,0,165,26895
fc1a1cd2d37a9100a80a496108f693ecebc59e14-dirty,3,burst,200,50,181,2558,62220,200,50,252,50,62361,40972,0,252,40972
fc1a1cd2d37a9100a80a496108f693ecebc59e14-dirty,3,burst,200,50,182,2565,62379,200,50,159,50,62520,25925,0,159,25925
fc1a1cd2d37a9100a80a496108f693ecebc59e14-dirty,3,burst,200,50,183,2574,63492,200,50,252,50,63633,40972,0,252,40972
fc1a1cd2d37a9100a80a496108f693ecebc59e14-dirty,3,burst,200,50,184,2581,63651,200,50,300,50,63792,48738,0,300,48738
fc1a1cd2d37a9100a80a496108f693ecebc59e14-dirty,3,burst,200,50,185,2588,57927,200,50,231,50,58068,37570,0,231,37570
fc1a1cd2d37a9100a80a496108f693ecebc59e14-dirty,3,burst,200,50,186,2596,53157,200,50,147,49,53123,23982,0,147,23982
fc1a1cd2d37a9100a80a496108f693ecebc59e14-dirty,3,burst,200,50,187,2603,54747,200,50,245,49,54713,39838,0,245,39838
fc1a1cd2d37a9100a80a496108f693ecebc59e14-dirty,3,burst,200,50,188,2611,53634,200,50,245,49,53600,39838,0,245,39838
fc1a1cd2d37a9100a80a496108f693ecebc59e14-dirty,3,burst,200,50,189,2618,54906,200,50,294,49,54872,47766,0,294,47766
fc1a1cd2d37a9100a80a496108f693ecebc59e14-dirty,3,burst,200,50,190,2634,61107,200,50,245,49,61073,39838,0,245,39838
fc1a1cd2d37a9100a80a496108f693ecebc59e14-dirty,3,burst,200,50,191,2636,62697,200,50,245,49,62663,39838,0,245,39838
fc1a1cd2d37a9100a80a496108f693ecebc59e14-dirty,3,burst,200,50,192,2641,47115,200,50,152,49,47081,24791,0,152,24791
fc1a1cd2d37a9100a80a496108f693ecebc59e14-dirty,3,burst,200,50,193,2664,61107,200,50,245,49,61073,39838,0,245,39838
fc1a1cd2d37a9100a80a496108f693ecebc59e14-dirty,3,burst,200,50,194,2668,61107,200,50,196,49,61073,31910,0,196,31910
fc1a1cd2d37a9100a80a496108f693ecebc59e14-dirty,3,burst,200,50,195,2670,45525,200,50,201,49,45491,32719,0,201,32719
fc1a1cd2d37a9100a80a496108f693ecebc59e14-dirty,3,burst,200,50,196,2687,62538,200,50,245,49,62504,39838,0,245,39838
fc1a1cd2d37a9100a80a496108f693ecebc59e14-dirty,3,burst,200,50,197,2690,59517,200,50,245,49,59483,39838,0,245,39838
fc1a1cd2d37a9100a80a496108f693ecebc59e14-dirty,3,burst,200,50,198,2693,62697,200,50,245,49,62663,39838,0,245,39838
fc1a1cd2d37a9100a80a496108f693ecebc59e14-dirty,3,burst,200,50,199,2696,63651,200,50,266,50,63792,43237,0,266,43237
fc1a1cd2d37a9100a80a496108f693ecebc59e14-dirty,3,burst,200,50,200,2702,60948,200,50,252,50,61089,40972,0,252,40972
fc1a1cd2d37a9100a80a496108f693ecebc59e14-dirty,3,burst,200,50,201,2710,55701,200,50,154,50,55842,25116,0,154,25116
fc1a1cd2d37a9100a80a496108f693ecebc59e14-dirty,3,burst,200,50,202,2733,62697,200,50,223,50,62838,36280,0,223,36280
fc1a1cd2d37a9100a80a496108f693ecebc59e14-dirty,3,burst,200,50,203,2735,54747,200,50,284,49,54713,46148,0,284,46148
fc1a1cd2d37a9100a80a496108f693ecebc59e14-dirty,3,burst,200,50,204,2738,61266,200,50,196,49,61232,31910,0,196,31910
fc1a1cd2d37a9100a80a496108f693ecebc59e14-dirty,3,burst,200,50,205,2741,46638,200,50,230,49,46604,37411,0,230,37411
fc1a1cd2d37a9100a80a496108f693ecebc59e14-dirty,3,burst,200,50,206,2747,60948,200,50,196,49,60914,31910,0,196,31910
fc1a1cd2d37a9100a80a496108f693ecebc59e14-dirty,3,burst,200,50,207,2755,62538,200,50,245,49,62504,39838,0,245,39838
fc1a1cd2d37a9100a80a496108f693ecebc59e14-dirty,3,burst,200,50,208,2763,63651,200,50,252,50,63792,40972,0,252,40972
fc1a1cd2d37a9100a80a496108f693ecebc59e14-dirty,3,burst,200,50,209,2770,62379,200,50,252,50,62520,40972,0,252,40972
fc1a1cd2d37a9100a80a496108f693ecebc59e14-dirty,3,burst,200,50,210,2778,62697,200,50,245,49,62663,39838,0,245,39838
fc1a1cd2d37a9100a80a496108f693ecebc59e14-dirty,3,burst,200,50,211,2793,63651,200,50,252,50,63792,40972,0,252,40972
fc1a1cd2d37a9100a80a496108f693ecebc59e14-dirty,3,burst,200,50,212,2797,60948,200,50,252,50,61089,40972,0,252,40972
fc1a1cd2d37a9100a80a496108f693ecebc59e14-dirty,3,burst,200,50,213,2801,61107,200,50,294,49,61073,47766,0,294,47766
fc1a1cd2d37a9100a80a496108f693ecebc59e14-dirty,3,burst,200,50,214,2808,62379,200,50,245,49,62345,39838,0,245,39838
fc1a1cd2d37a9100a80a496108f693ecebc59e14-dirty,3,burst,200,50,215,2816,62061,200,50,252,50,62202,40972,0,252,40972
fc1a1cd2d37a9100a80a496108f693ecebc59e14-dirty,3,burst,200,50,216,2823,51567,200,50,252,50,51708,40972,0,252,40972
fc1a1cd2d37a9100a80a496108f693ecebc59e14-dirty,3,burst,200,50,217,2831,53157,200,50,245,49,53123,39838,0,245,39838
fc1a1cd2d37a9100a80a496108f693ecebc59e14-dirty,3,burst,200,50,218,2839,59199,200,50,260,49,59165,42265,0,260,42265
fc1a1cd2d37a9100a80a496108f693ecebc59e14-dirty,3,burst,200,50,219,2846,63651,200,50,216,50,63792,35140,0,216,35140
fc1a1cd2d37a9100a80a496108f693ecebc59e14-dirty,3,burst,200,50,220,2869,57450,200,50,252,50,57591,40972,0,252,40972
fc1a1cd2d37a9100a80a496108f693ecebc59e14-dirty,3,burst,200,50,221,2872,63015,200,50,252,50,63156,40972,0,252,40972
fc1a1cd2d37a9100a80a496108f693ecebc59e14-dirty,3,burst,200,50,222,2875,45525,200,50,252,50,45666,40972,0,252,40972
fc1a1cd2d37a9100a80a496108f693ecebc59e14-dirty,3,burst,200,50,223,2878,55701,200,50,252,50,55842,40972,0,252,40972
fc1a1cd2d37a9100a80a496108f693ecebc59e14-dirty,3,burst,200,50,224,2884,54429,200,50,217,50,54570,35312,0,217,35312
fc1a1cd2d37a9100a80a496108f693ecebc59e14-dirty,3,burst,200,50,225,2892,53316,200,50,252,50,53457,40972,0,252,40972
fc1a1cd2d37a9100a80a496108f693ecebc59e14-dirty,3,burst,200,50,226,2899,55860,200,50,252,50,56001,40972,0,252,40972
fc1a1cd2d37a9100a80a496108f693ecebc59e14-dirty,3,burst,200,50,227,2907,62697,200,50,262,50,62838,42590,0,262,42590
fc1a1cd2d37a9100a80a496108f693ecebc59e14-dirty,3,burst,200,50,228,2930,61107,200,50,245,49,61073,39838,0,245,39838
fc1a1cd2d37a9100a80a496108f693ecebc59e14-dirty,3,burst,200,50,229,2933,60948,200,50,226,49,60914,36764,0,226,36764
fc1a1cd2d37a9100a80a496108f693ecebc59e14-dirty,3,burst,200,50,230,2936,60948,200,50,206,49,60914,33528,0,206,33528
fc1a1cd2d37a9100a80a496108f693ecebc59e14-dirty,3,burst,200,50,231,2939,62697,200,50,294,49,62663,47766,0,294,47766
fc1a1cd2d37a9100a80a496108f693ecebc59e14-dirty,3,burst,200,50,232,2953,60948,200,50,196,49,60914,31910,0,196,31910
fc1a1cd2d37a9100a80a496108f693ecebc59e14-dirty,3,burst,200,50,233,2957,62538,200,50,252,50,62679,40972,0,252,40972
fc1a1cd2d37a9100a80a496108f693ecebc59e14-dirty,3,burst,200,50,234,2961,59199,200,50,154,50,59340,25116,0,154,25116
fc1a1cd2d37a9100a80a496108f693ecebc59e14-dirty,3,burst,200,50,235,2976,62379,200,50,222,49,62345,36112,0,222,36112
fc1a1cd2d37a9100a80a496108f693ecebc59e14-dirty,3,burst,200,50,236,2979,63651,200,50,301,50,63792,48900,0,301,48900
fc1a1cd2d37a9100a80a496108f693ecebc59e14-dirty,3,burst,200,50,237,2984,62061,200,50,230,50,62202,37412,0,230,37412
fc1a1cd2d37a9100a80a496108f693ecebc59e14-dirty,3,burst,200,50,238,2991,62220,200,50,200,50,62361,32558,0,200,32558
fc1a1cd2d37a9100a80a496108f693ecebc59e14-dirty,3,burst,200,50,239,2998,53157,200,50,252,50,53298,40972,0,252,40972
fc1a1cd2d37a9100a80a496108f693ecebc59e14-dirty,3,burst,200,50,240,3006,62061,200,50,252,50,62202,40972,0,252,40972
fc1a1cd2d37a9100a80a496108f693ecebc59e14-dirty,3,burst,200,50,241,3013,61107,200,50,301,50,61248,48900,0,301,48900
fc1a1cd2d37a9100a80a496108f693ecebc59e14-dirty,3,burst,200,50,242,3020,61584,200,50,245,49,61550,39838,0,245,39838
fc1a1cd2d37a9100a80a496108f693ecebc59e14-dirty,3,burst,200,50,243,3028,55224,200,50,245,49,55190,39838,0,245,39838
fc1a1cd2d37a9100a80a496108f693ecebc59e14-dirty,3,burst,200,50,244,3035,62379,200,50,200,49,62345,32557,0,200,32557
fc1a1cd2d37a9100a80a496108f693ecebc59e14-dirty,3,burst,200,50,245,3042,49341,200,50,183,49,49307,29804,0,183,29804
fc1a1cd2d37a9100a80a496108f693ecebc59e14-dirty,3,burst,200,50,246,3057,61107,200,50,242,50,61248,39354,0,242,39354
fc1a1cd2d37a9100a80a496108f693ecebc59e14-dirty,3,burst,200,50,247,3060,62697,200,50,227,50,62838,36926,0,227,36926
fc1a1cd2d37a9100a80a496108f693ecebc59e14-dirty,3,burst,200,50,248,3065,61743,200,50,252,50,61884,40972,0,252,40972
fc1a1cd2d37a9100a80a496108f693ecebc59e14-dirty,3,burst,200,50,249,3073,62538,200,50,252,50,62679,40972,0,252,40972
fc1a1cd2d37a9100a80a496108f693ecebc59e14-dirty,3,burst,200,50,250,3080,54747,200,50,245,49,54713,39838,0,245,39838
fc1a1cd2d37a9100a80a496108f693ecebc59e14-dirty,3,burst,200,50,251,3086,37416,200,50,200,50,37557,32558,0,200,32558
