rev,repeat,workload,cols,rows,seq,t_ms,bytes,frame_cols,frame_rows,changed_cells,changed_rows,row_diff_bytes,cell_diff_bytes,shift,scroll_cells,scroll_diff_bytes
fc1a1cd2d37a9100a80a496108f693ecebc59e14-dirty,1,typing,80,24,1,0,4776,80,24,1,1,846,358,0,1,358
fc1a1cd2d37a9100a80a496108f693ecebc59e14-dirty,1,typing,80,24,2,100,4935,80,24,1,1,1005,358,0,1,358
fc1a1cd2d37a9100a80a496108f693ecebc59e14-dirty,1,typing,80,24,3,201,5094,80,24,1,1,1164,358,0,1,358
fc1a1cd2d37a9100a80a496108f693ecebc59e14-dirty,1,typing,80,24,4,301,5253,80,24,1,1,1323,358,0,1,358
fc1a1cd2d37a9100a80a496108f693ecebc59e14-dirty,1,typing,80,24,5,402,5253,80,24,0,0,198,198,0,0,198
fc1a1cd2d37a9100a80a496108f693ecebc59e14-dirty,1,typing,80,24,6,506,5571,80,24,1,1,1641,358,0,1,358
fc1a1cd2d37a9100a80a496108f693ecebc59e14-dirty,1,typing,80,24,7,603,5730,80,24,1,1,1800,358,0,1,358
fc1a1cd2d37a9100a80a496108f693ecebc59e14-dirty,1,typing,80,24,8,703,5890,80,24,1,1,1960,359,0,1,359
fc1a1cd2d37a9100a80a496108f693ecebc59e14-dirty,1,typing,80,24,9,803,5890,80,24,1,1,1960,360,0,1,360
fc1a1cd2d37a9100a80a496108f693ecebc59e14-dirty,1,typing,80,24,10,904,6049,80,24,1,1,2119,360,0,1,360
fc1a1cd2d37a9100a80a496108f693ecebc59e14-dirty,1,typing,80,24,11,1004,6049,80,24,0,0,199,199,0,0,199
fc1a1cd2d37a9100a80a496108f693ecebc59e14-dirty,1,typing,80,24,12,1105,6367,80,24,1,1,2437,360,0,1,360
fc1a1cd2d37a9100a80a496108f693ecebc59e14-dirty,1,typing,80,24,13,1205,6526,80,24,1,1,2596,360,0,1,360
fc1a1cd2d37a9100a80a496108f693ecebc59e14-dirty,1,typing,80,24,14,1300,6685,80,24,1,1,2755,360,0,1,360
fc1a1cd2d37a9100a80a496108f693ecebc59e14-dirty,1,typing,80,24,15,1401,6844,80,24,1,1,2914,360,0,1,360
fc1a1cd2d37a9100a80a496108f693ecebc59e14-dirty,1,typing,80,24,16,1501,7003,80,24,1,1,3073,360,0,1,360
fc1a1cd2d37a9100a80a496108f693ecebc59e14-dirty,1,typing,80,24,17,1602,8751,80,24,11,2,2291,1969,0,11,1969
fc1a1cd2d37a9100a80a496108f693ecebc59e14-dirty,1,typing,80,24,18,1702,9069,80,24,1,1,846,358,0,1,358
fc1a1cd2d37a9100a80a496108f693ecebc59e14-dirty,1,typing,80,24,19,1803,9228,80,24,1,1,1005,358,0,1,358
fc1a1cd2d37a9100a80a496108f693ecebc59e14-dirty,1,typing,80,24,20,1903,9387,80,24,1,1,1164,358,0,1,358
fc1a1cd2d37a9100a80a496108f693ecebc59e14-dirty,1,typing,80,24,21,2003,13362,80,24,25,2,4517,4236,0,25,4236
fc1a1cd2d37a9100a80a496108f693ecebc59e14-dirty,1,typing,80,24,22,2104,13680,80,24,1,1,846,358,0,1,358
fc1a1cd2d37a9100a80a496108f693ecebc59e14-dirty,1,typing,80,24,23,2204,13839,80,24,1,1,1005,358,0,1,358
fc1a1cd2d37a9100a80a496108f693ecebc59e14-dirty,1,typing,80,24,24,2305,13998,80,24,1,1,1164,358,0,1,358
fc1a1cd2d37a9100a80a496108f693ecebc59e14-dirty,1,typing,80,24,25,2405,14157,80,24,1,1,1323,358,0,1,358
fc1a1cd2d37a9100a80a496108f693ecebc59e14-dirty,1,typing,80,24,26,2501,14316,80,24,1,1,1482,358,0,1,358
fc1a1cd2d37a9100a80a496108f693ecebc59e14-dirty,1,typing,80,24,27,2601,14475,80,24,1,1,1641,358,0,1,358
fc1a1cd2d37a9100a80a496108f693ecebc59e14-dirty,1,typing,80,24,28,2701,14475,80,24,0,0,198,198,0,0,198
fc1a1cd2d37a9100a80a496108f693ecebc59e14-dirty,1,typing,80,24,29,2802,14794,80,24,1,1,1960,359,0,1,359
fc1a1cd2d37a9100a80a496108f693ecebc59e14-dirty,1,typing,80,24,30,2902,14953,80,24,1,1,2119,360,0,1,360
fc1a1cd2d37a9100a80a496108f693ecebc59e14-dirty,1,typing,80,24,31,3003,15112,80,24,1,1,2278,360,0,1,360
fc1a1cd2d37a9100a80a496108f693ecebc59e14-dirty,1,typing,80,24,32,3103,15271,80,24,1,1,2437,360,0,1,360
fc1a1cd2d37a9100a80a496108f693ecebc59e14-dirty,1,typing,80,24,33,3203,15271,80,24,0,0,199,199,0,0,199
fc1a1cd2d37a9100a80a496108f693ecebc59e14-dirty,1,typing,80,24,34,3304,15589,80,24,1,1,2755,360,0,1,360
fc1a1cd2d37a9100a80a496108f693ecebc59e14-dirty,1,typing,80,24,35,3404,15748,80,24,1,1,2914,360,0,1,360
fc1a1cd2d37a9100a80a496108f693ecebc59e14-dirty,1,typing,80,24,36,3505,15907,80,24,1,1,3073,360,0,1,360
fc1a1cd2d37a9100a80a496108f693ecebc59e14-dirty,1,typing,80,24,37,3605,15907,80,24,0,0,199,199,0,0,199
fc1a1cd2d37a9100a80a496108f693ecebc59e14-dirty,1,typing,80,24,38,3701,16225,80,24,1,1,3391,360,0,1,360
fc1a1cd2d37a9100a80a496108f693ecebc59e14-dirty,1,typing,80,24,39,3801,16384,80,24,1,1,3550,360,0,1,360
fc1a1cd2d37a9100a80a496108f693ecebc59e14-dirty,1,typing,80,24,40,3902,16543,80,24,1,1,3709,360,0,1,360
fc1a1cd2d37a9100a80a496108f693ecebc59e14-dirty,1,typing,80,24,41,4002,16702,80,24,1,1,3868,360,0,1,360
fc1a1cd2d37a9100a80a496108f693ecebc59e14-dirty,1,typing,80,24,42,4102,16702,80,24,1,1,3868,360,0,1,360
fc1a1cd2d37a9100a80a496108f693ecebc59e14-dirty,1,typing,80,24,43,4203,16862,80,24,1,1,4028,361,0,1,361
fc1a1cd2d37a9100a80a496108f693ecebc59e14-dirty,1,typing,80,24,44,4303,17021,80,24,1,1,4187,360,0,1,360
fc1a1cd2d37a9100a80a496108f693ecebc59e14-dirty,1,typing,80,24,45,4404,17180,80,24,1,1,4346,360,0,1,360
fc1a1cd2d37a9100a80a496108f693ecebc59e14-dirty,1,typing,80,24,46,4505,19246,80,24,12,2,2609,2132,0,12,2132
fc1a1cd2d37a9100a80a496108f693ecebc59e14-dirty,1,typing,80,24,47,4605,19564,80,24,1,1,846,358,0,1,358
fc1a1cd2d37a9100a80a496108f693ecebc59e14-dirty,1,typing,80,24,48,4705,19723,80,24,1,1,1005,358,0,1,358
fc1a1cd2d37a9100a80a496108f693ecebc59e14-dirty,1,typing,80,24,49,4806,19882,80,24,1,1,1164,358,0,1,358
fc1a1cd2d37a9100a80a496108f693ecebc59e14-dirty,1,typing,80,24,50,4901,20041,80,24,1,1,1323,358,0,1,358
fc1a1cd2d37a9100a80a496108f693ecebc59e14-dirty,1,typing,80,24,51,5042,20200,80,24,1,1,528,358,0,1,358
fc1a1cd2d37a9100a80a496108f693ecebc59e14-dirty,1,typing,80,24,52,5102,20518,80,24,1,1,846,358,0,1,358
fc1a1cd2d37a9100a80a496108f693ecebc59e14-dirty,1,typing,80,24,53,5203,20677,80,24,1,1,1005,358,0,1,358
fc1a1cd2d37a9100a80a496108f693ecebc59e14-dirty,1,typing,80,24,54,5303,20836,80,24,1,1,1164,358,0,1,358
fc1a1cd2d37a9100a80a496108f693ecebc59e14-dirty,1,typing,80,24,55,5403,20995,80,24,1,1,1323,358,0,1,358
fc1a1cd2d37a9100a80a496108f693ecebc59e14-dirty,1,typing,80,24,56,5504,20995,80,24,0,0,198,198,0,0,198
fc1a1cd2d37a9100a80a496108f693ecebc59e14-dirty,1,typing,80,24,57,5604,21313,80,24,1,1,1641,358,0,1,358
fc1a1cd2d37a9100a80a496108f693ecebc59e14-dirty,1,typing,80,24,58,5705,21472,80,24,1,1,1800,358,0,1,358
fc1a1cd2d37a9100a80a496108f693ecebc59e14-dirty,1,typing,80,24,59,5805,21632,80,24,1,1,1960,359,0,1,359
fc1a1cd2d37a9100a80a496108f693ecebc59e14-dirty,1,typing,80,24,60,5906,21632,80,24,0,0,199,199,0,0,199
fc1a1cd2d37a9100a80a496108f693ecebc59e14-dirty,1,typing,80,24,61,6006,21950,80,24,1,1,2278,360,0,1,360
fc1a1cd2d37a9100a80a496108f693ecebc59e14-dirty,1,typing,80,24,62,6101,22109,80,24,1,1,2437,360,0,1,360
fc1a1cd2d37a9100a80a496108f693ecebc59e14-dirty,1,typing,80,24,63,6202,22268,80,24,1,1,2596,360,0,1,360
fc1a1cd2d37a9100a80a496108f693ecebc59e14-dirty,1,typing,80,24,64,6302,22427,80,24,1,1,2755,360,0,1,360
fc1a1cd2d37a9100a80a496108f693ecebc59e14-dirty,1,typing,80,24,65,6408,22586,80,24,1,1,2914,360,0,1,360
fc1a1cd2d37a9100a80a496108f693ecebc59e14-dirty,1,typing,80,24,66,6507,22586,80,24,0,0,199,199,0,0,199
fc1a1cd2d37a9100a80a496108f693ecebc59e14-dirty,1,typing,80,24,67,6602,22904,80,24,1,1,3232,360,0,1,360
fc1a1cd2d37a9100a80a496108f693ecebc59e14-dirty,1,typing,80,24,68,6703,23063,80,24,1,1,3391,360,0,1,360
fc1a1cd2d37a9100a80a496108f693ecebc59e14-dirty,1,typing,80,24,69,6803,23222,80,24,1,1,3550,360,0,1,360
fc1a1cd2d37a9100a80a496108f693ecebc59e14-dirty,1,typing,80,24,70,6904,23381,80,24,1,1,3709,360,0,1,360
fc1a1cd2d37a9100a80a496108f693ecebc59e14-dirty,1,typing,80,24,71,7004,23540,80,24,1,1,3868,360,0,1,360
fc1a1cd2d37a9100a80a496108f693ecebc59e14-dirty,1,typing,80,24,72,7105,23540,80,24,0,0,199,199,0,0,199
fc1a1cd2d37a9100a80a496108f693ecebc59e14-dirty,1,typing,80,24,73,7205,23858,80,24,1,1,4186,360,0,1,360
fc1a1cd2d37a9100a80a496108f693ecebc59e14-dirty,1,typing,80,24,74,7343,24017,80,24,1,1,4345,360,0,1,360
fc1a1cd2d37a9100a80a496108f693ecebc59e14-dirty,1,typing,80,24,75,7403,24176,80,24,1,1,4504,360,0,1,360
fc1a1cd2d37a9100a80a496108f693ecebc59e14-dirty,1,typing,80,24,76,7503,24176,80,24,0,0,199,199,0,0,199
fc1a1cd2d37a9100a80a496108f693ecebc59e14-dirty,1,typing,80,24,77,7604,24494,80,24,1,1,4822,360,0,1,360
fc1a1cd2d37a9100a80a496108f693ecebc59e14-dirty,1,typing,80,24,78,7704,24653,80,24,1,1,4981,360,0,1,360
fc1a1cd2d37a9100a80a496108f693ecebc59e14-dirty,1,typing,80,24,79,7805,24812,80,24,1,1,5140,360,0,1,360
fc1a1cd2d37a9100a80a496108f693ecebc59e14-dirty,1,typing,80,24,80,7905,24971,80,24,1,1,5299,360,0,1,360
fc1a1cd2d37a9100a80a496108f693ecebc59e14-dirty,1,typing,80,24,81,8006,25130,80,24,1,1,5458,360,0,1,360
fc1a1cd2d37a9100a80a496108f693ecebc59e14-dirty,1,typing,80,24,82,8106,25130,80,24,0,0,199,199,0,0,199
fc1a1cd2d37a9100a80a496108f693ecebc59e14-dirty,1,typing,80,24,83,8207,25448,80,24,1,1,5776,360,0,1,360
fc1a1cd2d37a9100a80a496108f693ecebc59e14-dirty,1,typing,80,24,84,8302,25607,80,24,1,1,5935,360,0,1,360
fc1a1cd2d37a9100a80a496108f693ecebc59e14-dirty,1,typing,80,24,85,8403,25766,80,24,1,1,6094,360,0,1,360
fc1a1cd2d37a9100a80a496108f693ecebc59e14-dirty,1,typing,80,24,86,8503,25925,80,24,1,1,6253,360,0,1,360
fc1a1cd2d37a9100a80a496108f693ecebc59e14-dirty,1,typing,80,24,87,8604,25925,80,24,0,0,199,199,0,0,199
fc1a1cd2d37a9100a80a496108f693ecebc59e14-dirty,1,typing,80,24,88,8704,32273,80,24,1,1,12601,360,0,1,360
fc1a1cd2d37a9100a80a496108f693ecebc59e14-dirty,1,typing,80,24,89,8846,32273,80,24,1,1,12601,360,0,1,360
fc1a1cd2d37a9100a80a496108f693ecebc59e14-dirty,1,typing,80,24,90,8905,32273,80,24,1,1,12601,360,0,1,360
fc1a1cd2d37a9100a80a496108f693ecebc59e14-dirty,1,typing,80,24,91,9006,32273,80,24,0,0,199,199,0,0,199
fc1a1cd2d37a9100a80a496108f693ecebc59e14-dirty,1,typing,80,24,92,9106,32273,80,24,1,1,12601,360,0,1,360
fc1a1cd2d37a9100a80a496108f693ecebc59e14-dirty,1,typing,80,24,93,9206,32273,80,24,1,1,12601,360,0,1,360
fc1a1cd2d37a9100a80a496108f693ecebc59e14-dirty,1,typing,80,24,94,9307,32273,80,24,1,1,12601,360,0,1,360
fc1a1cd2d37a9100a80a496108f693ecebc59e14-dirty,1,typing,80,24,95,9403,32273,80,24,1,1,12601,360,0,1,360
fc1a1cd2d37a9100a80a496108f693ecebc59e14-dirty,1,typing,80,24,96,9503,32273,80,24,0,0,199,199,0,0,199
fc1a1cd2d37a9100a80a496108f693ecebc59e14-dirty,1,typing,80,24,97,9604,32273,80,24,1,1,12601,360,0,1,360
fc1a1cd2d37a9100a80a496108f693ecebc59e14-dirty,1,typing,80,24,98,9704,32273,80,24,1,1,12601,360,0,1,360
fc1a1cd2d37a9100a80a496108f693ecebc59e14-dirty,1,typing,80,24,99,9805,32273,80,24,1,1,12601,360,0,1,360
fc1a1cd2d37a9100a80a496108f693ecebc59e14-dirty,1,typing,80,24,100,9905,44662,80,24,36,2,12932,6020,0,36,6020
fc1a1cd2d37a9100a80a496108f693ecebc59e14-dirty,1,typing,80,24,101,10046,44980,80,24,1,1,846,358,0,1,358
fc1a1cd2d37a9100a80a496108f693ecebc59e14-dirty,1,typing,80,24,102,10106,45139,80,24,1,1,1005,358,0,1,358
fc1a1cd2d37a9100a80a496108f693ecebc59e14-dirty,1,typing,80,24,103,10207,45139,80,24,0,0,198,198,0,0,198
fc1a1cd2d37a9100a80a496108f693ecebc59e14-dirty,1,typing,80,24,104,10307,45457,80,24,1,1,1323,358,0,1,358
fc1a1cd2d37a9100a80a496108f693ecebc59e14-dirty,1,typing,80,24,105,10403,45616,80,24,1,1,1482,358,0,1,358
fc1a1cd2d37a9100a80a496108f693ecebc59e14-dirty,1,typing,80,24,106,10504,45775,80,24,1,1,1641,358,0,1,358
fc1a1cd2d37a9100a80a496108f693ecebc59e14-dirty,1,typing,80,24,107,10604,45934,80,24,1,1,1800,358,0,1,358
fc1a1cd2d37a9100a80a496108f693ecebc59e14-dirty,1,typing,80,24,108,10705,46094,80,24,1,1,530,360,0,1,360
fc1a1cd2d37a9100a80a496108f693ecebc59e14-dirty,1,typing,80,24,109,10805,46412,80,24,1,1,848,360,0,1,360
fc1a1cd2d37a9100a80a496108f693ecebc59e14-dirty,1,typing,80,24,110,10906,46571,80,24,1,1,1007,360,0,1,360
fc1a1cd2d37a9100a80a496108f693ecebc59e14-dirty,1,typing,80,24,111,11006,46571,80,24,0,0,199,199,0,0,199
fc1a1cd2d37a9100a80a496108f693ecebc59e14-dirty,1,typing,80,24,112,11107,46889,80,24,1,1,1325,360,0,1,360
fc1a1cd2d37a9100a80a496108f693ecebc59e14-dirty,1,typing,80,24,113,11207,50864,80,24,25,2,4520,4262,0,25,4262
fc1a1cd2d37a9100a80a496108f693ecebc59e14-dirty,1,typing,80,24,114,11303,51182,80,24,1,1,848,360,0,1,360
fc1a1cd2d37a9100a80a496108f693ecebc59e14-dirty,1,typing,80,24,115,11404,51341,80,24,1,1,1007,360,0,1,360
fc1a1cd2d37a9100a80a496108f693ecebc59e14-dirty,1,typing,80,24,116,11504,51500,80,24,1,1,1166,360,0,1,360
fc1a1cd2d37a9100a80a496108f693ecebc59e14-dirty,1,typing,80,24,117,11605,51659,80,24,1,1,1325,360,0,1,360
fc1a1cd2d37a9100a80a496108f693ecebc59e14-dirty,1,typing,80,24,118,11705,51659,80,24,0,0,199,199,0,0,199
fc1a1cd2d37a9100a80a496108f693ecebc59e14-dirty,1,typing,80,24,119,11806,51977,80,24,1,1,1643,360,0,1,360
fc1a1cd2d37a9100a80a496108f693ecebc59e14-dirty,1,typing,80,24,120,11906,52136,80,24,1,1,1802,360,0,1,360
fc1a1cd2d37a9100a80a496108f693ecebc59e14-dirty,1,typing,80,24,121,12007,52296,80,24,1,1,1962,361,0,1,361
fc1a1cd2d37a9100a80a496108f693ecebc59e14-dirty,1,typing,80,24,122,12108,52455,80,24,1,1,2121,362,0,1,362
fc1a1cd2d37a9100a80a496108f693ecebc59e14-dirty,1,typing,80,24,123,12203,52455,80,24,0,0,200,200,0,0,200
fc1a1cd2d37a9100a80a496108f693ecebc59e14-dirty,1,typing,80,24,124,12304,52773,80,24,1,1,2439,362,0,1,362
fc1a1cd2d37a9100a80a496108f693ecebc59e14-dirty,1,typing,80,24,125,12404,52932,80,24,1,1,2598,362,0,1,362
fc1a1cd2d37a9100a80a496108f693ecebc59e14-dirty,1,typing,80,24,126,12505,53091,80,24,1,1,2757,362,0,1,362
fc1a1cd2d37a9100a80a496108f693ecebc59e14-dirty,1,typing,80,24,127,12605,53250,80,24,1,1,2916,362,0,1,362
fc1a1cd2d37a9100a80a496108f693ecebc59e14-dirty,1,typing,80,24,128,12706,53250,80,24,0,0,200,200,0,0,200
fc1a1cd2d37a9100a80a496108f693ecebc59e14-dirty,1,typing,80,24,129,12806,53568,80,24,1,1,3234,362,0,1,362
fc1a1cd2d37a9100a80a496108f693ecebc59e14-dirty,1,typing,80,24,130,12907,53727,80,24,1,1,3393,362,0,1,362
fc1a1cd2d37a9100a80a496108f693ecebc59e14-dirty,1,typing,80,24,131,13008,53886,80,24,1,1,3552,362,0,1,362
fc1a1cd2d37a9100a80a496108f693ecebc59e14-dirty,1,typing,80,24,132,13103,53886,80,24,0,0,200,200,0,0,200
fc1a1cd2d37a9100a80a496108f693ecebc59e14-dirty,1,typing,80,24,133,13204,54204,80,24,1,1,3870,362,0,1,362
fc1a1cd2d37a9100a80a496108f693ecebc59e14-dirty,1,typing,80,24,134,13305,54363,80,24,1,1,4029,362,0,1,362
fc1a1cd2d37a9100a80a496108f693ecebc59e14-dirty,1,typing,80,24,135,13405,54522,80,24,1,1,4188,362,0,1,362
fc1a1cd2d37a9100a80a496108f693ecebc59e14-dirty,1,typing,80,24,136,13506,54681,80,24,1,1,4347,362,0,1,362
fc1a1cd2d37a9100a80a496108f693ecebc59e14-dirty,1,typing,80,24,137,13607,54840,80,24,1,1,4506,362,0,1,362
fc1a1cd2d37a9100a80a496108f693ecebc59e14-dirty,1,typing,80,24,138,13707,54840,80,24,0,0,200,200,0,0,200
fc1a1cd2d37a9100a80a496108f693ecebc59e14-dirty,1,typing,80,24,139,13808,55158,80,24,1,1,4824,362,0,1,362
fc1a1cd2d37a9100a80a496108f693ecebc59e14-dirty,1,typing,80,24,140,13903,55317,80,24,1,1,4983,362,0,1,362
fc1a1cd2d37a9100a80a496108f693ecebc59e14-dirty,1,typing,80,24,141,14004,55476,80,24,1,1,5142,362,0,1,362
fc1a1cd2d37a9100a80a496108f693ecebc59e14-dirty,1,typing,80,24,142,14105,55635,80,24,1,1,5301,362,0,1,362
fc1a1cd2d37a9100a80a496108f693ecebc59e14-dirty,1,typing,80,24,143,14205,55794,80,24,1,1,5460,362,0,1,362
fc1a1cd2d37a9100a80a496108f693ecebc59e14-dirty,1,typing,80,24,144,14306,59927,80,24,22,2,4679,3775,0,22,3775
fc1a1cd2d37a9100a80a496108f693ecebc59e14-dirty,1,typing,80,24,145,14407,60245,80,24,1,1,848,360,0,1,360
fc1a1cd2d37a9100a80a496108f693ecebc59e14-dirty,1,typing,80,24,146,14507,60404,80,24,1,1,1007,360,0,1,360
fc1a1cd2d37a9100a80a496108f693ecebc59e14-dirty,1,typing,80,24,147,14608,60563,80,24,1,1,1166,360,0,1,360
fc1a1cd2d37a9100a80a496108f693ecebc59e14-dirty,1,typing,80,24,148,14704,60563,80,24,0,0,199,199,0,0,199
fc1a1cd2d37a9100a80a496108f693ecebc59e14-dirty,1,typing,80,24,149,14804,60881,80,24,1,1,1484,360,0,1,360
fc1a1cd2d37a9100a80a496108f693ecebc59e14-dirty,1,typing,80,24,150,14905,60881,80,24,0,0,199,199,0,0,199
fc1a1cd2d37a9100a80a496108f693ecebc59e14-dirty,1,typing,80,24,151,15006,61199,80,24,1,1,1802,360,0,1,360
fc1a1cd2d37a9100a80a496108f693ecebc59e14-dirty,1,typing,80,24,152,15106,61359,80,24,1,1,1962,361,0,1,361
fc1a1cd2d37a9100a80a496108f693ecebc59e14-dirty,1,typing,80,24,153,15207,61359,80,24,0,0,200,200,0,0,200
fc1a1cd2d37a9100a80a496108f693ecebc59e14-dirty,1,typing,80,24,154,15308,61677,80,24,1,1,2280,362,0,1,362
fc1a1cd2d37a9100a80a496108f693ecebc59e14-dirty,1,typing,80,24,155,15409,61677,80,24,0,0,200,200,0,0,200
fc1a1cd2d37a9100a80a496108f693ecebc59e14-dirty,1,typing,80,24,156,15504,61995,80,24,1,1,2598,362,0,1,362
fc1a1cd2d37a9100a80a496108f693ecebc59e14-dirty,1,typing,80,24,157,15605,61995,80,24,0,0,200,200,0,0,200
fc1a1cd2d37a9100a80a496108f693ecebc59e14-dirty,1,typing,80,24,158,15705,62313,80,24,1,1,2916,362,0,1,362
fc1a1cd2d37a9100a80a496108f693ecebc59e14-dirty,1,typing,80,24,159,15806,62472,80,24,1,1,3075,362,0,1,362
fc1a1cd2d37a9100a80a496108f693ecebc59e14-dirty,1,typing,80,24,160,15907,62472,80,24,0,0,200,200,0,0,200
fc1a1cd2d37a9100a80a496108f693ecebc59e14-dirty,1,typing,80,24,161,16007,62790,80,24,1,1,3393,362,0,1,362
fc1a1cd2d37a9100a80a496108f693ecebc59e14-dirty,1,typing,80,24,162,16108,62949,80,24,1,1,3552,362,0,1,362
fc1a1cd2d37a9100a80a496108f693ecebc59e14-dirty,1,typing,80,24,163,16208,62949,80,24,0,0,200,200,0,0,200
fc1a1cd2d37a9100a80a496108f693ecebc59e14-dirty,1,typing,80,24,164,16304,63267,80,24,1,1,3870,362,0,1,362
fc1a1cd2d37a9100a80a496108f693ecebc59e14-dirty,1,typing,80,24,165,16405,63426,80,24,1,1,4029,362,0,1,362
fc1a1cd2d37a9100a80a496108f693ecebc59e14-dirty,1,typing,80,24,166,16505,63585,80,24,1,1,4188,362,0,1,362
fc1a1cd2d37a9100a80a496108f693ecebc59e14-dirty,1,typing,80,24,167,16606,63744,80,24,1,1,4347,362,0,1,362
fc1a1cd2d37a9100a80a496108f693ecebc59e14-dirty,1,typing,80,24,168,16706,63744,80,24,0,0,200,200,0,0,200
fc1a1cd2d37a9100a80a496108f693ecebc59e14-dirty,1,typing,80,24,169,16807,64063,80,24,1,1,4666,363,0,1,363
fc1a1cd2d37a9100a80a496108f693ecebc59e14-dirty,1,typing,80,24,170,16908,64222,80,24,1,1,4825,362,0,1,362
fc1a1cd2d37a9100a80a496108f693ecebc59e14-dirty,1,typing,80,24,171,17008,64381,80,24,1,1,4984,362,0,1,362
fc1a1cd2d37a9100a80a496108f693ecebc59e14-dirty,1,typing,80,24,172,17109,64540,80,24,1,1,5143,362,0,1,362
fc1a1cd2d37a9100a80a496108f693ecebc59e14-dirty,1,typing,80,24,173,17204,64699,80,24,1,1,5302,362,0,1,362
fc1a1cd2d37a9100a80a496108f693ecebc59e14-dirty,1,typing,80,24,174,17305,64699,80,24,0,0,200,200,0,0,200
fc1a1cd2d37a9100a80a496108f693ecebc59e14-dirty,1,typing,80,24,175,17406,65017,80,24,1,1,5620,362,0,1,362
fc1a1cd2d37a9100a80a496108f693ecebc59e14-dirty,1,typing,80,24,176,17506,65176,80,24,1,1,5779,362,0,1,362
fc1a1cd2d37a9100a80a496108f693ecebc59e14-dirty,1,typing,80,24,177,17607,65336,80,24,1,1,5939,363,0,1,363
fc1a1cd2d37a9100a80a496108f693ecebc59e14-dirty,1,typing,80,24,178,17708,65495,80,24,1,1,6098,362,0,1,362
fc1a1cd2d37a9100a80a496108f693ecebc59e14-dirty,1,typing,80,24,179,17808,65495,80,24,0,0,200,200,0,0,200
fc1a1cd2d37a9100a80a496108f693ecebc59e14-dirty,1,typing,80,24,180,17909,65813,80,24,1,1,6416,362,0,1,362
fc1a1cd2d37a9100a80a496108f693ecebc59e14-dirty,1,typing,80,24,181,18005,72002,80,24,1,1,12605,362,0,1,362
fc1a1cd2d37a9100a80a496108f693ecebc59e14-dirty,1,typing,80,24,182,18105,72002,80,24,1,1,12605,362,0,1,362
fc1a1cd2d37a9100a80a496108f693ecebc59e14-dirty,1,typing,80,24,183,18206,72002,80,24,1,1,12605,362,0,1,362
fc1a1cd2d37a9100a80a496108f693ecebc59e14-dirty,1,typing,80,24,184,18307,75022,80,24,16,4,3914,2790,0,16,2790
fc1a1cd2d37a9100a80a496108f693ecebc59e14-dirty,1,typing,80,24,185,18408,75340,80,24,1,1,848,360,0,1,360
fc1a1cd2d37a9100a80a496108f693ecebc59e14-dirty,1,typing,80,24,186,18550,75499,80,24,1,1,1007,360,0,1,360
fc1a1cd2d37a9100a80a496108f693ecebc59e14-dirty,1,typing,80,24,187,18651,75658,80,24,1,1,1166,360,0,1,360
fc1a1cd2d37a9100a80a496108f693ecebc59e14-dirty,1,typing,80,24,188,18746,75817,80,24,1,1,1325,360,0,1,360
fc1a1cd2d37a9100a80a496108f693ecebc59e14-dirty,1,typing,80,24,189,18806,75976,80,24,1,1,1484,360,0,1,360
fc1a1cd2d37a9100a80a496108f693ecebc59e14-dirty,1,typing,80,24,190,18907,76135,80,24,1,1,1643,360,0,1,360
fc1a1cd2d37a9100a80a496108f693ecebc59e14-dirty,1,typing,80,24,191,19007,76135,80,24,0,0,199,199,0,0,199
fc1a1cd2d37a9100a80a496108f693ecebc59e14-dirty,1,typing,80,24,192,19108,76454,80,24,1,1,1962,361,0,1,361
fc1a1cd2d37a9100a80a496108f693ecebc59e14-dirty,1,typing,80,24,193,19209,76613,80,24,1,1,2121,362,0,1,362
fc1a1cd2d37a9100a80a496108f693ecebc59e14-dirty,1,typing,80,24,194,19309,76772,80,24,1,1,2280,362,0,1,362
fc1a1cd2d37a9100a80a496108f693ecebc59e14-dirty,1,typing,80,24,195,19405,76932,80,24,1,1,2440,363,0,1,363
fc1a1cd2d37a9100a80a496108f693ecebc59e14-dirty,1,typing,80,24,196,19506,77091,80,24,1,1,2599,362,0,1,362
fc1a1cd2d37a9100a80a496108f693ecebc59e14-dirty,1,typing,80,24,197,19606,77250,80,24,1,1,2758,362,0,1,362
fc1a1cd2d37a9100a80a496108f693ecebc59e14-dirty,1,typing,80,24,198,19707,77250,80,24,0,0,200,200,0,0,200
fc1a1cd2d37a9100a80a496108f693ecebc59e14-dirty,1,typing,80,24,199,19808,77568,80,24,1,1,3076,362,0,1,362
fc1a1cd2d37a9100a80a496108f693ecebc59e14-dirty,1,typing,80,24,200,19909,77727,80,24,1,1,3235,362,0,1,362
fc1a1cd2d37a9100a80a496108f693ecebc59e14-dirty,1,typing,80,24,201,20009,77886,80,24,1,1,3394,362,0,1,362
fc1a1cd2d37a9100a80a496108f693ecebc59e14-dirty,1,typing,80,24,202,20105,78045,80,24,1,1,3553,362,0,1,362
fc1a1cd2d37a9100a80a496108f693ecebc59e14-dirty,1,typing,80,24,203,20206,78204,80,24,1,1,3712,362,0,1,362
fc1a1cd2d37a9100a80a496108f693ecebc59e14-dirty,1,typing,80,24,204,20307,78204,80,24,0,0,200,200,0,0,200
fc1a1cd2d37a9100a80a496108f693ecebc59e14-dirty,1,typing,80,24,205,20408,78522,80,24,1,1,4030,362,0,1,362
fc1a1cd2d37a9100a80a496108f693ecebc59e14-dirty,1,typing,80,24,206,20508,78681,80,24,1,1,4189,362,0,1,362
fc1a1cd2d37a9100a80a496108f693ecebc59e14-dirty,1,typing,80,24,207,20609,78840,80,24,1,1,4348,362,0,1,362
fc1a1cd2d37a9100a80a496108f693ecebc59e14-dirty,1,typing,80,24,208,20705,78999,80,24,1,1,4507,362,0,1,362
fc1a1cd2d37a9100a80a496108f693ecebc59e14-dirty,1,typing,80,24,209,20805,78999,80,24,0,0,200,200,0,0,200
fc1a1cd2d37a9100a80a496108f693ecebc59e14-dirty,1,typing,80,24,210,20906,79317,80,24,1,1,4825,362,0,1,362
fc1a1cd2d37a9100a80a496108f693ecebc59e14-dirty,1,typing,80,24,211,21048,79476,80,24,1,1,4984,362,0,1,362
fc1a1cd2d37a9100a80a496108f693ecebc59e14-dirty,1,typing,80,24,212,21107,79635,80,24,1,1,5143,362,0,1,362
fc1a1cd2d37a9100a80a496108f693ecebc59e14-dirty,1,typing,80,24,213,21208,79635,80,24,1,1,5143,362,0,1,362
fc1a1cd2d37a9100a80a496108f693ecebc59e14-dirty,1,typing,80,24,214,21309,79794,80,24,1,1,5302,362,0,1,362
fc1a1cd2d37a9100a80a496108f693ecebc59e14-dirty,1,typing,80,24,215,21410,79794,80,24,0,0,200,200,0,0,200
fc1a1cd2d37a9100a80a496108f693ecebc59e14-dirty,1,typing,80,24,216,21505,80112,80,24,1,1,5620,362,0,1,362
fc1a1cd2d37a9100a80a496108f693ecebc59e14-dirty,1,typing,80,24,217,21606,80271,80,24,1,1,5779,362,0,1,362
fc1a1cd2d37a9100a80a496108f693ecebc59e14-dirty,1,typing,80,24,218,21707,80430,80,24,1,1,5938,362,0,1,362
fc1a1cd2d37a9100a80a496108f693ecebc59e14-dirty,1,typing,80,24,219,21809,80589,80,24,1,1,6097,362,0,1,362
fc1a1cd2d37a9100a80a496108f693ecebc59e14-dirty,1,typing,80,24,220,21909,80748,80,24,1,1,6256,362,0,1,362
fc1a1cd2d37a9100a80a496108f693ecebc59e14-dirty,1,typing,80,24,221,22005,83768,80,24,20,5,4088,3438,0,20,3438
fc1a1cd2d37a9100a80a496108f693ecebc59e14-dirty,1,typing,80,24,222,22107,84086,80,24,1,1,848,360,0,1,360
fc1a1cd2d37a9100a80a496108f693ecebc59e14-dirty,1,typing,80,24,223,22208,84245,80,24,1,1,1007,360,0,1,360
fc1a1cd2d37a9100a80a496108f693ecebc59e14-dirty,1,typing,80,24,224,22309,84404,80,24,1,1,1166,360,0,1,360
fc1a1cd2d37a9100a80a496108f693ecebc59e14-dirty,1,typing,80,24,225,22405,84563,80,24,1,1,1325,360,0,1,360
fc1a1cd2d37a9100a80a496108f693ecebc59e14-dirty,1,typing,80,24,226,22506,84563,80,24,0,0,199,199,0,0,199
fc1a1cd2d37a9100a80a496108f693ecebc59e14-dirty,1,typing,80,24,227,22607,84881,80,24,1,1,1643,360,0,1,360
fc1a1cd2d37a9100a80a496108f693ecebc59e14-dirty,1,typing,80,24,228,22708,84881,80,24,0,0,199,199,0,0,199
fc1a1cd2d37a9100a80a496108f693ecebc59e14-dirty,1,typing,80,24,229,22809,85200,80,24,1,1,1962,361,0,1,361
fc1a1cd2d37a9100a80a496108f693ecebc59e14-dirty,1,typing,80,24,230,22910,85359,80,24,1,1,2121,362,0,1,362
fc1a1cd2d37a9100a80a496108f693ecebc59e14-dirty,1,typing,80,24,231,23005,85518,80,24,1,1,2280,362,0,1,362
fc1a1cd2d37a9100a80a496108f693ecebc59e14-dirty,1,typing,80,24,232,23106,85677,80,24,1,1,2439,362,0,1,362
fc1a1cd2d37a9100a80a496108f693ecebc59e14-dirty,1,typing,80,24,233,23207,85836,80,24,1,1,2598,362,0,1,362
fc1a1cd2d37a9100a80a496108f693ecebc59e14-dirty,1,typing,80,24,234,23349,85995,80,24,1,1,2757,362,0,1,362
fc1a1cd2d37a9100a80a496108f693ecebc59e14-dirty,1,typing,80,24,235,23409,86154,80,24,1,1,2916,362,0,1,362
fc1a1cd2d37a9100a80a496108f693ecebc59e14-dirty,1,typing,80,24,236,23510,86313,80,24,1,1,3075,362,0,1,362
fc1a1cd2d37a9100a80a496108f693ecebc59e14-dirty,1,typing,80,24,237,23606,86313,80,24,0,0,200,200,0,0,200
fc1a1cd2d37a9100a80a496108f693ecebc59e14-dirty,1,typing,80,24,238,23706,86631,80,24,1,1,3393,362,0,1,362
fc1a1cd2d37a9100a80a496108f693ecebc59e14-dirty,1,typing,80,24,239,23808,86790,80,24,1,1,3552,362,0,1,362
fc1a1cd2d37a9100a80a496108f693ecebc59e14-dirty,1,typing,80,24,240,23909,86949,80,24,1,1,3711,362,0,1,362
fc1a1cd2d37a9100a80a496108f693ecebc59e14-dirty,1,typing,80,24,241,24009,87108,80,24,1,1,3870,362,0,1,362
fc1a1cd2d37a9100a80a496108f693ecebc59e14-dirty,1,typing,80,24,242,24110,87267,80,24,1,1,4029,362,0,1,362
fc1a1cd2d37a9100a80a496108f693ecebc59e14-dirty,1,typing,80,24,243,24211,87426,80,24,1,1,4188,362,0,1,362
fc1a1cd2d37a9100a80a496108f693ecebc59e14-dirty,1,typing,80,24,244,24307,87426,80,24,0,0,200,200,0,0,200
fc1a1cd2d37a9100a80a496108f693ecebc59e14-dirty,1,typing,80,24,245,24412,87744,80,24,1,1,4506,362,0,1,362
fc1a1cd2d37a9100a80a496108f693ecebc59e14-dirty,1,typing,80,24,246,24509,87903,80,24,1,1,4665,362,0,1,362
fc1a1cd2d37a9100a80a496108f693ecebc59e14-dirty,1,typing,80,24,247,24610,88062,80,24,1,1,4824,362,0,1,362
fc1a1cd2d37a9100a80a496108f693ecebc59e14-dirty,1,typing,80,24,248,24711,88221,80,24,1,1,4983,362,0,1,362
fc1a1cd2d37a9100a80a496108f693ecebc59e14-dirty,1,typing,80,24,249,24807,88221,80,24,0,0,200,200,0,0,200
fc1a1cd2d37a9100a80a496108f693ecebc59e14-dirty,1,typing,80,24,250,24907,88539,80,24,1,1,5301,362,0,1,362
fc1a1cd2d37a9100a80a496108f693ecebc59e14-dirty,1,typing,80,24,251,25008,88698,80,24,1,1,5460,362,0,1,362
fc1a1cd2d37a9100a80a496108f693ecebc59e14-dirty,1,typing,80,24,252,25109,88698,80,24,0,0,200,200,0,0,200
fc1a1cd2d37a9100a80a496108f693ecebc59e14-dirty,1,typing,80,24,253,25210,89016,80,24,1,1,5778,362,0,1,362
fc1a1cd2d37a9100a80a496108f693ecebc59e14-dirty,1,typing,80,24,254,25311,89175,80,24,1,1,5937,362,0,1,362
fc1a1cd2d37a9100a80a496108f693ecebc59e14-dirty,1,typing,80,24,255,25406,89334,80,24,1,1,6096,362,0,1,362
fc1a1cd2d37a9100a80a496108f693ecebc59e14-dirty,1,typing,80,24,256,25507,89493,80,24,1,1,6255,362,0,1,362
fc1a1cd2d37a9100a80a496108f693ecebc59e14-dirty,1,typing,80,24,257,25608,89493,80,24,0,0,200,200,0,0,200
fc1a1cd2d37a9100a80a496108f693ecebc59e14-dirty,1,typing,80,24,258,25709,95841,80,24,1,1,12603,362,0,1,362
fc1a1cd2d37a9100a80a496108f693ecebc59e14-dirty,1,typing,80,24,259,25810,95841,80,24,1,1,12603,362,0,1,362
fc1a1cd2d37a9100a80a496108f693ecebc59e14-dirty,1,typing,80,24,260,25911,95841,80,24,1,1,12603,362,0,1,362
fc1a1cd2d37a9100a80a496108f693ecebc59e14-dirty,1,typing,80,24,261,26007,95841,80,24,1,1,12603,362,0,1,362
fc1a1cd2d37a9100a80a496108f693ecebc59e14-dirty,1,typing,80,24,262,26107,95841,80,24,0,0,200,200,0,0,200
fc1a1cd2d37a9100a80a496108f693ecebc59e14-dirty,1,typing,80,24,263,26208,95841,80,24,1,1,12603,362,0,1,362
fc1a1cd2d37a9100a80a496108f693ecebc59e14-dirty,1,typing,80,24,264,26309,95841,80,24,0,0,200,200,0,0,200
fc1a1cd2d37a9100a80a496108f693ecebc59e14-dirty,1,typing,80,24,265,26411,95841,80,24,1,1,12603,362,0,1,362
fc1a1cd2d37a9100a80a496108f693ecebc59e14-dirty,1,typing,80,24,266,26511,95841,80,24,1,1,12603,362,0,1,362
fc1a1cd2d37a9100a80a496108f693ecebc59e14-dirty,1,typing,80,24,267,26607,95841,80,24,1,1,12603,362,0,1,362
fc1a1cd2d37a9100a80a496108f693ecebc59e14-dirty,1,typing,80,24,268,26708,95841,80,24,1,1,12603,362,0,1,362
fc1a1cd2d37a9100a80a496108f693ecebc59e14-dirty,1,typing,80,24,269,26809,95841,80,24,1,1,12603,362,0,1,362
fc1a1cd2d37a9100a80a496108f693ecebc59e14-dirty,1,typing,80,24,270,26910,95841,80,24,1,1,12603,362,0,1,362
fc1a1cd2d37a9100a80a496108f693ecebc59e14-dirty,1,typing,80,24,271,27011,95841,80,24,0,0,200,200,0,0,200
fc1a1cd2d37a9100a80a496108f693ecebc59e14-dirty,1,typing,80,24,272,27111,95841,80,24,1,1,12603,362,0,1,362
fc1a1cd2d37a9100a80a496108f693ecebc59e14-dirty,1,typing,80,24,273,27207,95841,80,24,1,1,12603,362,0,1,362
fc1a1cd2d37a9100a80a496108f693ecebc59e14-dirty,1,typing,80,24,274,27308,95841,80,24,1,1,12603,362,0,1,362
fc1a1cd2d37a9100a80a496108f693ecebc59e14-dirty,1,typing,80,24,275,27410,95841,80,24,1,1,12603,362,0,1,362
fc1a1cd2d37a9100a80a496108f693ecebc59e14-dirty,1,typing,80,24,276,27511,95841,80,24,1,1,12603,362,0,1,362
fc1a1cd2d37a9100a80a496108f693ecebc59e14-dirty,1,typing,80,24,277,27611,95841,80,24,0,0,200,200,0,0,200
fc1a1cd2d37a9100a80a496108f693ecebc59e14-dirty,1,typing,80,24,278,27707,95841,80,24,1,1,12603,362,0,1,362
fc1a1cd2d37a9100a80a496108f693ecebc59e14-dirty,1,typing,80,24,279,27808,95841,80,24,1,1,12603,362,0,1,362
fc1a1cd2d37a9100a80a496108f693ecebc59e14-dirty,1,typing,80,24,280,27909,95841,80,24,0,0,200,200,0,0,200
fc1a1cd2d37a9100a80a496108f693ecebc59e14-dirty,1,typing,80,24,281,28010,95841,80,24,1,1,12603,362,0,1,362
fc1a1cd2d37a9100a80a496108f693ecebc59e14-dirty,1,typing,80,24,282,28151,95841,80,24,0,0,200,200,0,0,200
fc1a1cd2d37a9100a80a496108f693ecebc59e14-dirty,1,typing,80,24,283,28211,95841,80,24,1,1,12603,362,0,1,362
fc1a1cd2d37a9100a80a496108f693ecebc59e14-dirty,1,typing,80,24,284,28307,95841,80,24,1,1,12603,362,0,1,362
fc1a1cd2d37a9100a80a496108f693ecebc59e14-dirty,1,typing,80,24,285,28408,95841,80,24,1,1,12603,362,0,1,362
fc1a1cd2d37a9100a80a496108f693ecebc59e14-dirty,1,typing,80,24,286,28510,95841,80,24,1,1,12603,362,0,1,362
fc1a1cd2d37a9100a80a496108f693ecebc59e14-dirty,1,typing,80,24,287,28610,95841,80,24,1,1,12603,362,0,1,362
fc1a1cd2d37a9100a80a496108f693ecebc59e14-dirty,1,typing,80,24,288,28711,95841,80,24,0,0,200,200,0,0,200
fc1a1cd2d37a9100a80a496108f693ecebc59e14-dirty,1,typing,80,24,289,28812,95841,80,24,1,1,12603,362,0,1,362
fc1a1cd2d37a9100a80a496108f693ecebc59e14-dirty,1,typing,80,24,290,28907,95841,80,24,1,1,12603,362,0,1,362
fc1a1cd2d37a9100a80a496108f693ecebc59e14-dirty,1,typing,80,24,291,29008,95841,80,24,1,1,12603,362,0,1,362
fc1a1cd2d37a9100a80a496108f693ecebc59e14-dirty,1,typing,80,24,292,29110,95841,80,24,1,1,12603,362,0,1,362
fc1a1cd2d37a9100a80a496108f693ecebc59e14-dirty,1,typing,80,24,293,29210,95841,80,24,1,1,12603,362,0,1,362
fc1a1cd2d37a9100a80a496108f693ecebc59e14-dirty,1,typing,80,24,294,29311,95841,80,24,1,1,12603,362,0,1,362
fc1a1cd2d37a9100a80a496108f693ecebc59e14-dirty,1,typing,80,24,295,29412,103937,80,24,676,24,104000,109928,2,160,26269
fc1a1cd2d37a9100a80a496108f693ecebc59e14-dirty,1,typing,80,24,296,29552,104255,80,24,1,1,848,360,0,1,360
fc1a1cd2d37a9100a80a496108f693ecebc59e14-dirty,1,typing,80,24,297,29609,104414,80,24,1,1,1007,360,0,1,360
fc1a1cd2d37a9100a80a496108f693ecebc59e14-dirty,1,typing,80,24,298,29710,104573,80,24,1,1,1166,360,0,1,360
fc1a1cd2d37a9100a80a496108f693ecebc59e14-dirty,1,typing,80,24,299,29852,104732,80,24,1,1,1325,360,0,1,360
fc1a1cd2d37a9100a80a496108f693ecebc59e14-dirty,1,typing,80,24,300,29912,104732,80,24,0,0,199,199,0,0,199
fc1a1cd2d37a9100a80a496108f693ecebc59e14-dirty,1,typing,80,24,301,30008,105050,80,24,1,1,1643,360,0,1,360
fc1a1cd2d37a9100a80a496108f693ecebc59e14-dirty,1,typing,80,24,302,30108,105209,80,24,1,1,1802,360,0,1,360
fc1a1cd2d37a9100a80a496108f693ecebc59e14-dirty,1,typing,80,24,303,30209,105369,80,24,1,1,1962,361,0,1,361
fc1a1cd2d37a9100a80a496108f693ecebc59e14-dirty,1,typing,80,24,304,30310,105369,80,24,0,0,200,200,0,0,200
fc1a1cd2d37a9100a80a496108f693ecebc59e14-dirty,1,typing,80,24,305,30411,105687,80,24,1,1,2280,362,0,1,362
fc1a1cd2d37a9100a80a496108f693ecebc59e14-dirty,1,typing,80,24,306,30512,105846,80,24,1,1,2439,362,0,1,362
fc1a1cd2d37a9100a80a496108f693ecebc59e14-dirty,1,typing,80,24,307,30607,106005,80,24,1,1,2598,362,0,1,362
fc1a1cd2d37a9100a80a496108f693ecebc59e14-dirty,1,typing,80,24,308,30750,102665,80,24,701,24,102728,113994,2,160,26269
fc1a1cd2d37a9100a80a496108f693ecebc59e14-dirty,2,typing,80,24,1,6,102983,80,24,1,1,848,360,0,1,360
fc1a1cd2d37a9100a80a496108f693ecebc59e14-dirty,2,typing,80,24,2,102,103142,80,24,1,1,1007,360,0,1,360
fc1a1cd2d37a9100a80a496108f693ecebc59e14-dirty,2,typing,80,24,3,203,103301,80,24,1,1,1166,360,0,1,360
fc1a1cd2d37a9100a80a496108f693ecebc59e14-dirty,2,typing,80,24,4,304,103460,80,24,1,1,1325,360,0,1,360
fc1a1cd2d37a9100a80a496108f693ecebc59e14-dirty,2,typing,80,24,5,405,103460,80,24,0,0,199,199,0,0,199
fc1a1cd2d37a9100a80a496108f693ecebc59e14-dirty,2,typing,80,24,6,506,103778,80,24,1,1,1643,360,0,1,360
fc1a1cd2d37a9100a80a496108f693ecebc59e14-dirty,2,typing,80,24,7,643,103937,80,24,1,1,1802,360,0,1,360
fc1a1cd2d37a9100a80a496108f693ecebc59e14-dirty,2,typing,80,24,8,744,104097,80,24,1,1,1962,361,0,1,361
fc1a1cd2d37a9100a80a496108f693ecebc59e14-dirty,2,typing,80,24,9,845,104097,80,24,1,1,1962,362,0,1,362
fc1a1cd2d37a9100a80a496108f693ecebc59e14-dirty,2,typing,80,24,10,904,104256,80,24,1,1,2121,362,0,1,362
fc1a1cd2d37a9100a80a496108f693ecebc59e14-dirty,2,typing,80,24,11,1046,104256,80,24,0,0,200,200,0,0,200
fc1a1cd2d37a9100a80a496108f693ecebc59e14-dirty,2,typing,80,24,12,1106,104574,80,24,1,1,2439,362,0,1,362
fc1a1cd2d37a9100a80a496108f693ecebc59e14-dirty,2,typing,80,24,13,1206,104733,80,24,1,1,2598,362,0,1,362
fc1a1cd2d37a9100a80a496108f693ecebc59e14-dirty,2,typing,80,24,14,1307,104892,80,24,1,1,2757,362,0,1,362
fc1a1cd2d37a9100a80a496108f693ecebc59e14-dirty,2,typing,80,24,15,1403,105051,80,24,1,1,2916,362,0,1,362
fc1a1cd2d37a9100a80a496108f693ecebc59e14-dirty,2,typing,80,24,16,1504,105210,80,24,1,1,3075,362,0,1,362
fc1a1cd2d37a9100a80a496108f693ecebc59e14-dirty,2,typing,80,24,17,1605,101074,80,24,683,24,101137,111049,2,160,26269
fc1a1cd2d37a9100a80a496108f693ecebc59e14-dirty,2,typing,80,24,18,1705,101392,80,24,1,1,848,360,0,1,360
fc1a1cd2d37a9100a80a496108f693ecebc59e14-dirty,2,typing,80,24,19,1807,101551,80,24,1,1,1007,360,0,1,360
fc1a1cd2d37a9100a80a496108f693ecebc59e14-dirty,2,typing,80,24,20,1948,101710,80,24,1,1,1166,360,0,1,360
fc1a1cd2d37a9100a80a496108f693ecebc59e14-dirty,2,typing,80,24,21,2003,92500,80,24,648,24,92563,105375,2,160,26269
fc1a1cd2d37a9100a80a496108f693ecebc59e14-dirty,2,typing,80,24,22,2108,92818,80,24,1,1,848,360,0,1,360
fc1a1cd2d37a9100a80a496108f693ecebc59e14-dirty,2,typing,80,24,23,2207,92977,80,24,1,1,1007,360,0,1,360
fc1a1cd2d37a9100a80a496108f693ecebc59e14-dirty,2,typing,80,24,24,2344,93136,80,24,1,1,1166,360,0,1,360
fc1a1cd2d37a9100a80a496108f693ecebc59e14-dirty,2,typing,80,24,25,2404,93295,80,24,1,1,1325,360,0,1,360
fc1a1cd2d37a9100a80a496108f693ecebc59e14-dirty,2,typing,80,24,26,2505,93454,80,24,1,1,1484,360,0,1,360
fc1a1cd2d37a9100a80a496108f693ecebc59e14-dirty,2,typing,80,24,27,2605,93613,80,24,1,1,1643,360,0,1,360
fc1a1cd2d37a9100a80a496108f693ecebc59e14-dirty,2,typing,80,24,28,2706,93613,80,24,0,0,199,199,0,0,199
fc1a1cd2d37a9100a80a496108f693ecebc59e14-dirty,2,typing,80,24,29,2807,93932,80,24,1,1,1962,361,0,1,361
fc1a1cd2d37a9100a80a496108f693ecebc59e14-dirty,2,typing,80,24,30,2903,94091,80,24,1,1,2121,362,0,1,362
fc1a1cd2d37a9100a80a496108f693ecebc59e14-dirty,2,typing,80,24,31,3004,94250,80,24,1,1,2280,362,0,1,362
fc1a1cd2d37a9100a80a496108f693ecebc59e14-dirty,2,typing,80,24,32,3107,94409,80,24,1,1,2439,362,0,1,362
fc1a1cd2d37a9100a80a496108f693ecebc59e14-dirty,2,typing,80,24,33,3247,94409,80,24,0,0,200,200,0,0,200
fc1a1cd2d37a9100a80a496108f693ecebc59e14-dirty,2,typing,80,24,34,3306,94727,80,24,1,1,2757,362,0,1,362
fc1a1cd2d37a9100a80a496108f693ecebc59e14-dirty,2,typing,80,24,35,3407,94886,80,24,1,1,2916,362,0,1,362
fc1a1cd2d37a9100a80a496108f693ecebc59e14-dirty,2,typing,80,24,36,3504,95045,80,24,1,1,3075,362,0,1,362
fc1a1cd2d37a9100a80a496108f693ecebc59e14-dirty,2,typing,80,24,37,3604,95045,80,24,0,0,200,200,0,0,200
fc1a1cd2d37a9100a80a496108f693ecebc59e14-dirty,2,typing,80,24,38,3712,95363,80,24,1,1,3393,362,0,1,362
fc1a1cd2d37a9100a80a496108f693ecebc59e14-dirty,2,typing,80,24,39,3803,95522,80,24,1,1,3552,362,0,1,362
fc1a1cd2d37a9100a80a496108f693ecebc59e14-dirty,2,typing,80,24,40,3904,95681,80,24,1,1,3711,362,0,1,362
fc1a1cd2d37a9100a80a496108f693ecebc59e14-dirty,2,typing,80,24,41,4005,95840,80,24,1,1,3870,362,0,1,362
fc1a1cd2d37a9100a80a496108f693ecebc59e14-dirty,2,typing,80,24,42,4107,95840,80,24,1,1,3870,362,0,1,362
fc1a1cd2d37a9100a80a496108f693ecebc59e14-dirty,2,typing,80,24,43,4207,96000,80,24,1,1,4030,363,0,1,363
fc1a1cd2d37a9100a80a496108f693ecebc59e14-dirty,2,typing,80,24,44,4349,96159,80,24,1,1,4189,362,0,1,362
fc1a1cd2d37a9100a80a496108f693ecebc59e14-dirty,2,typing,80,24,45,4404,96318,80,24,1,1,4348,362,0,1,362
fc1a1cd2d37a9100a80a496108f693ecebc59e14-dirty,2,typing,80,24,46,4505,84722,80,24,634,24,84785,103128,2,160,26269
fc1a1cd2d37a9100a80a496108f693ecebc59e14-dirty,2,typing,80,24,47,4606,85040,80,24,1,1,848,360,0,1,360
fc1a1cd2d37a9100a80a496108f693ecebc59e14-dirty,2,typing,80,24,48,4707,85199,80,24,1,1,1007,360,0,1,360
fc1a1cd2d37a9100a80a496108f693ecebc59e14-dirty,2,typing,80,24,49,4808,85358,80,24,1,1,1166,360,0,1,360
fc1a1cd2d37a9100a80a496108f693ecebc59e14-dirty,2,typing,80,24,50,4907,85517,80,24,1,1,1325,360,0,1,360
fc1a1cd2d37a9100a80a496108f693ecebc59e14-dirty,2,typing,80,24,51,5007,84722,80,24,560,24,84785,91070,1,80,13239
fc1a1cd2d37a9100a80a496108f693ecebc59e14-dirty,2,typing,80,24,52,5103,85040,80,24,1,1,848,360,0,1,360
fc1a1cd2d37a9100a80a496108f693ecebc59e14-dirty,2,typing,80,24,53,5205,85199,80,24,1,1,1007,360,0,1,360
fc1a1cd2d37a9100a80a496108f693ecebc59e14-dirty,2,typing,80,24,54,5305,85358,80,24,1,1,1166,360,0,1,360
fc1a1cd2d37a9100a80a496108f693ecebc59e14-dirty,2,typing,80,24,55,5406,85517,80,24,1,1,1325,360,0,1,360
fc1a1cd2d37a9100a80a496108f693ecebc59e14-dirty,2,typing,80,24,56,5507,85517,80,24,0,0,199,199,0,0,199
fc1a1cd2d37a9100a80a496108f693ecebc59e14-dirty,2,typing,80,24,57,5607,85835,80,24,1,1,1643,360,0,1,360
fc1a1cd2d37a9100a80a496108f693ecebc59e14-dirty,2,typing,80,24,58,5708,85994,80,24,1,1,1802,360,0,1,360
fc1a1cd2d37a9100a80a496108f693ecebc59e14-dirty,2,typing,80,24,59,5804,86154,80,24,1,1,1962,361,0,1,361
fc1a1cd2d37a9100a80a496108f693ecebc59e14-dirty,2,typing,80,24,60,5905,86154,80,24,0,0,200,200,0,0,200
fc1a1cd2d37a9100a80a496108f693ecebc59e14-dirty,2,typing,80,24,61,6006,86472,80,24,1,1,2280,362,0,1,362
fc1a1cd2d37a9100a80a496108f693ecebc59e14-dirty,2,typing,80,24,62,6106,86631,80,24,1,1,2439,362,0,1,362
fc1a1cd2d37a9100a80a496108f693ecebc59e14-dirty,2,typing,80,24,63,6207,86790,80,24,1,1,2598,362,0,1,362
fc1a1cd2d37a9100a80a496108f693ecebc59e14-dirty,2,typing,80,24,64,6308,86949,80,24,1,1,2757,362,0,1,362
fc1a1cd2d37a9100a80a496108f693ecebc59e14-dirty,2,typing,80,24,65,6409,87108,80,24,1,1,2916,362,0,1,362
fc1a1cd2d37a9100a80a496108f693ecebc59e14-dirty,2,typing,80,24,66,6505,87108,80,24,0,0,200,200,0,0,200
fc1a1cd2d37a9100a80a496108f693ecebc59e14-dirty,2,typing,80,24,67,6605,87426,80,24,1,1,3234,362,0,1,362
fc1a1cd2d37a9100a80a496108f693ecebc59e14-dirty,2,typing,80,24,68,6706,87585,80,24,1,1,3393,362,0,1,362
fc1a1cd2d37a9100a80a496108f693ecebc59e14-dirty,2,typing,80,24,69,6807,87744,80,24,1,1,3552,362,0,1,362
fc1a1cd2d37a9100a80a496108f693ecebc59e14-dirty,2,typing,80,24,70,6908,87903,80,24,1,1,3711,362,0,1,362
fc1a1cd2d37a9100a80a496108f693ecebc59e14-dirty,2,typing,80,24,71,7004,88062,80,24,1,1,3870,362,0,1,362
fc1a1cd2d37a9100a80a496108f693ecebc59e14-dirty,2,typing,80,24,72,7105,88062,80,24,0,0,200,200,0,0,200
fc1a1cd2d37a9100a80a496108f693ecebc59e14-dirty,2,typing,80,24,73,7207,88380,80,24,1,1,4188,362,0,1,362
fc1a1cd2d37a9100a80a496108f693ecebc59e14-dirty,2,typing,80,24,74,7308,88539,80,24,1,1,4347,362,0,1,362
fc1a1cd2d37a9100a80a496108f693ecebc59e14-dirty,2,typing,80,24,75,7408,88698,80,24,1,1,4506,362,0,1,362
fc1a1cd2d37a9100a80a496108f693ecebc59e14-dirty,2,typing,80,24,76,7505,88698,80,24,0,0,200,200,0,0,200
fc1a1cd2d37a9100a80a496108f693ecebc59e14-dirty,2,typing,80,24,77,7606,89016,80,24,1,1,4824,362,0,1,362
fc1a1cd2d37a9100a80a496108f693ecebc59e14-dirty,2,typing,80,24,78,7706,89175,80,24,1,1,4983,362,0,1,362
fc1a1cd2d37a9100a80a496108f693ecebc59e14-dirty,2,typing,80,24,79,7807,89334,80,24,1,1,5142,362,0,1,362
fc1a1cd2d37a9100a80a496108f693ecebc59e14-dirty,2,typing,80,24,80,7907,89493,80,24,1,1,5301,362,0,1,362
fc1a1cd2d37a9100a80a496108f693ecebc59e14-dirty,2,typing,80,24,81,8008,89652,80,24,1,1,5460,362,0,1,362
fc1a1cd2d37a9100a80a496108f693ecebc59e14-dirty,2,typing,80,24,82,8109,89652,80,24,0,0,200,200,0,0,200
fc1a1cd2d37a9100a80a496108f693ecebc59e14-dirty,2,typing,80,24,83,8211,89970,80,24,1,1,5778,362,0,1,362
fc1a1cd2d37a9100a80a496108f693ecebc59e14-dirty,2,typing,80,24,84,8306,90129,80,24,1,1,5937,362,0,1,362
fc1a1cd2d37a9100a80a496108f693ecebc59e14-dirty,2,typing,80,24,85,8407,90288,80,24,1,1,6096,362,0,1,362
fc1a1cd2d37a9100a80a496108f693ecebc59e14-dirty,2,typing,80,24,86,8550,90447,80,24,1,1,6255,362,0,1,362
fc1a1cd2d37a9100a80a496108f693ecebc59e14-dirty,2,typing,80,24,87,8609,90447,80,24,0,0,200,200,0,0,200
fc1a1cd2d37a9100a80a496108f693ecebc59e14-dirty,2,typing,80,24,88,8710,96795,80,24,1,1,12603,362,0,1,362
fc1a1cd2d37a9100a80a496108f693ecebc59e14-dirty,2,typing,80,24,89,8806,96795,80,24,1,1,12603,362,0,1,362
fc1a1cd2d37a9100a80a496108f693ecebc59e14-dirty,2,typing,80,24,90,8907,96795,80,24,1,1,12603,362,0,1,362
fc1a1cd2d37a9100a80a496108f693ecebc59e14-dirty,2,typing,80,24,91,9008,96795,80,24,0,0,200,200,0,0,200
fc1a1cd2d37a9100a80a496108f693ecebc59e14-dirty,2,typing,80,24,92,9109,96795,80,24,1,1,12603,362,0,1,362
fc1a1cd2d37a9100a80a496108f693ecebc59e14-dirty,2,typing,80,24,93,9250,96795,80,24,1,1,12603,362,0,1,362
fc1a1cd2d37a9100a80a496108f693ecebc59e14-dirty,2,typing,80,24,94,9310,96795,80,24,1,1,12603,362,0,1,362
fc1a1cd2d37a9100a80a496108f693ecebc59e14-dirty,2,typing,80,24,95,9406,96795,80,24,1,1,12603,362,0,1,362
fc1a1cd2d37a9100a80a496108f693ecebc59e14-dirty,2,typing,80,24,96,9507,96795,80,24,0,0,200,200,0,0,200
fc1a1cd2d37a9100a80a496108f693ecebc59e14-dirty,2,typing,80,24,97,9607,96795,80,24,1,1,12603,362,0,1,362
fc1a1cd2d37a9100a80a496108f693ecebc59e14-dirty,2,typing,80,24,98,9708,96795,80,24,1,1,12603,362,0,1,362
fc1a1cd2d37a9100a80a496108f693ecebc59e14-dirty,2,typing,80,24,99,9809,96795,80,24,1,1,12603,362,0,1,362
fc1a1cd2d37a9100a80a496108f693ecebc59e14-dirty,2,typing,80,24,100,9910,100280,80,24,665,24,100343,108227,2,160,26269
fc1a1cd2d37a9100a80a496108f693ecebc59e14-dirty,2,typing,80,24,101,10011,100598,80,24,1,1,848,360,0,1,360
fc1a1cd2d37a9100a80a496108f693ecebc59e14-dirty,2,typing,80,24,102,10107,100757,80,24,1,1,1007,360,0,1,360
fc1a1cd2d37a9100a80a496108f693ecebc59e14-dirty,2,typing,80,24,103,10208,100757,80,24,0,0,199,199,0,0,199
fc1a1cd2d37a9100a80a496108f693ecebc59e14-dirty,2,typing,80,24,104,10309,101075,80,24,1,1,1325,360,0,1,360
fc1a1cd2d37a9100a80a496108f693ecebc59e14-dirty,2,typing,80,24,105,10410,101234,80,24,1,1,1484,360,0,1,360
fc1a1cd2d37a9100a80a496108f693ecebc59e14-dirty,2,typing,80,24,106,10506,101393,80,24,1,1,1643,360,0,1,360
fc1a1cd2d37a9100a80a496108f693ecebc59e14-dirty,2,typing,80,24,107,10607,101552,80,24,1,1,1802,360,0,1,360
fc1a1cd2d37a9100a80a496108f693ecebc59e14-dirty,2,typing,80,24,108,10708,97736,80,24,599,24,97799,97446,1,80,13239
fc1a1cd2d37a9100a80a496108f693ecebc59e14-dirty,2,typing,80,24,109,10808,98054,80,24,1,1,848,360,0,1,360
fc1a1cd2d37a9100a80a496108f693ecebc59e14-dirty,2,typing,80,24,110,10909,98213,80,24,1,1,1007,360,0,1,360
fc1a1cd2d37a9100a80a496108f693ecebc59e14-dirty,2,typing,80,24,111,11010,98213,80,24,0,0,199,199,0,0,199
fc1a1cd2d37a9100a80a496108f693ecebc59e14-dirty,2,typing,80,24,112,11111,98531,80,24,1,1,1325,360,0,1,360
fc1a1cd2d37a9100a80a496108f693ecebc59e14-dirty,2,typing,80,24,113,11207,89319,80,24,647,24,89382,105202,2,160,26269
fc1a1cd2d37a9100a80a496108f693ecebc59e14-dirty,2,typing,80,24,114,11308,89637,80,24,1,1,848,360,0,1,360
fc1a1cd2d37a9100a80a496108f693ecebc59e14-dirty,2,typing,80,24,115,11409,89796,80,24,1,1,1007,360,0,1,360
fc1a1cd2d37a9100a80a496108f693ecebc59e14-dirty,2,typing,80,24,116,11510,89955,80,24,1,1,1166,360,0,1,360
fc1a1cd2d37a9100a80a496108f693ecebc59e14-dirty,2,typing,80,24,117,11610,90114,80,24,1,1,1325,360,0,1,360
fc1a1cd2d37a9100a80a496108f693ecebc59e14-dirty,2,typing,80,24,118,11706,90114,80,24,0,0,199,199,0,0,199
fc1a1cd2d37a9100a80a496108f693ecebc59e14-dirty,2,typing,80,24,119,11807,90432,80,24,1,1,1643,360,0,1,360
fc1a1cd2d37a9100a80a496108f693ecebc59e14-dirty,2,typing,80,24,120,11908,90591,80,24,1,1,1802,360,0,1,360
fc1a1cd2d37a9100a80a496108f693ecebc59e14-dirty,2,typing,80,24,121,12009,90751,80,24,1,1,1962,361,0,1,361
fc1a1cd2d37a9100a80a496108f693ecebc59e14-dirty,2,typing,80,24,122,12109,90910,80,24,1,1,2121,362,0,1,362
fc1a1cd2d37a9100a80a496108f693ecebc59e14-dirty,2,typing,80,24,123,12210,90910,80,24,0,0,200,200,0,0,200
fc1a1cd2d37a9100a80a496108f693ecebc59e14-dirty,2,typing,80,24,124,12311,91228,80,24,1,1,2439,362,0,1,362
fc1a1cd2d37a9100a80a496108f693ecebc59e14-dirty,2,typing,80,24,125,12407,91387,80,24,1,1,2598,362,0,1,362
fc1a1cd2d37a9100a80a496108f693ecebc59e14-dirty,2,typing,80,24,126,12508,91546,80,24,1,1,2757,362,0,1,362
fc1a1cd2d37a9100a80a496108f693ecebc59e14-dirty,2,typing,80,24,127,12608,91705,80,24,1,1,2916,362,0,1,362
fc1a1cd2d37a9100a80a496108f693ecebc59e14-dirty,2,typing,80,24,128,12709,91705,80,24,0,0,200,200,0,0,200
fc1a1cd2d37a9100a80a496108f693ecebc59e14-dirty,2,typing,80,24,129,12809,92023,80,24,1,1,3234,362,0,1,362
fc1a1cd2d37a9100a80a496108f693ecebc59e14-dirty,2,typing,80,24,130,12910,92182,80,24,1,1,3393,362,0,1,362
fc1a1cd2d37a9100a80a496108f693ecebc59e14-dirty,2,typing,80,24,131,13011,92341,80,24,1,1,3552,362,0,1,362
fc1a1cd2d37a9100a80a496108f693ecebc59e14-dirty,2,typing,80,24,132,13107,92341,80,24,0,0,200,200,0,0,200
fc1a1cd2d37a9100a80a496108f693ecebc59e14-dirty,2,typing,80,24,133,13208,92659,80,24,1,1,3870,362,0,1,362
fc1a1cd2d37a9100a80a496108f693ecebc59e14-dirty,2,typing,80,24,134,13308,92818,80,24,1,1,4029,362,0,1,362
fc1a1cd2d37a9100a80a496108f693ecebc59e14-dirty,2,typing,80,24,135,13409,92977,80,24,1,1,4188,362,0,1,362
fc1a1cd2d37a9100a80a496108f693ecebc59e14-dirty,2,typing,80,24,136,13510,93136,80,24,1,1,4347,362,0,1,362
fc1a1cd2d37a9100a80a496108f693ecebc59e14-dirty,2,typing,80,24,137,13610,93295,80,24,1,1,4506,362,0,1,362
fc1a1cd2d37a9100a80a496108f693ecebc59e14-dirty,2,typing,80,24,138,13753,93295,80,24,0,0,200,200,0,0,200
fc1a1cd2d37a9100a80a496108f693ecebc59e14-dirty,2,typing,80,24,139,13807,93613,80,24,1,1,4824,362,0,1,362
fc1a1cd2d37a9100a80a496108f693ecebc59e14-dirty,2,typing,80,24,140,13908,93772,80,24,1,1,4983,362,0,1,362
fc1a1cd2d37a9100a80a496108f693ecebc59e14-dirty,2,typing,80,24,141,14008,93931,80,24,1,1,5142,362,0,1,362
fc1a1cd2d37a9100a80a496108f693ecebc59e14-dirty,2,typing,80,24,142,14110,94090,80,24,1,1,5301,362,0,1,362
fc1a1cd2d37a9100a80a496108f693ecebc59e14-dirty,2,typing,80,24,143,14210,94249,80,24,1,1,5460,362,0,1,362
fc1a1cd2d37a9100a80a496108f693ecebc59e14-dirty,2,typing,80,24,144,14311,96474,80,24,686,24,96537,111514,2,160,26269
fc1a1cd2d37a9100a80a496108f693ecebc59e14-dirty,2,typing,80,24,145,14407,96792,80,24,1,1,848,360,0,1,360
fc1a1cd2d37a9100a80a496108f693ecebc59e14-dirty,2,typing,80,24,146,14507,96951,80,24,1,1,1007,360,0,1,360
fc1a1cd2d37a9100a80a496108f693ecebc59e14-dirty,2,typing,80,24,147,14608,97110,80,24,1,1,1166,360,0,1,360
fc1a1cd2d37a9100a80a496108f693ecebc59e14-dirty,2,typing,80,24,148,14709,97110,80,24,0,0,199,199,0,0,199
fc1a1cd2d37a9100a80a496108f693ecebc59e14-dirty,2,typing,80,24,149,14810,97428,80,24,1,1,1484,360,0,1,360
fc1a1cd2d37a9100a80a496108f693ecebc59e14-dirty,2,typing,80,24,150,14910,97428,80,24,0,0,199,199,0,0,199
fc1a1cd2d37a9100a80a496108f693ecebc59e14-dirty,2,typing,80,24,151,15052,97746,80,24,1,1,1802,360,0,1,360
fc1a1cd2d37a9100a80a496108f693ecebc59e14-dirty,2,typing,80,24,152,15112,97906,80,24,1,1,1962,361,0,1,361
fc1a1cd2d37a9100a80a496108f693ecebc59e14-dirty,2,typing,80,24,153,15248,97906,80,24,0,0,200,200,0,0,200
fc1a1cd2d37a9100a80a496108f693ecebc59e14-dirty,2,typing,80,24,154,15349,98224,80,24,1,1,2280,362,0,1,362
fc1a1cd2d37a9100a80a496108f693ecebc59e14-dirty,2,typing,80,24,155,15409,98224,80,24,0,0,200,200,0,0,200
fc1a1cd2d37a9100a80a496108f693ecebc59e14-dirty,2,typing,80,24,156,15510,98542,80,24,1,1,2598,362,0,1,362
fc1a1cd2d37a9100a80a496108f693ecebc59e14-dirty,2,typing,80,24,157,15611,98542,80,24,0,0,200,200,0,0,200
fc1a1cd2d37a9100a80a496108f693ecebc59e14-dirty,2,typing,80,24,158,15712,98860,80,24,1,1,2916,362,0,1,362
fc1a1cd2d37a9100a80a496108f693ecebc59e14-dirty,2,typing,80,24,159,15807,99019,80,24,1,1,3075,362,0,1,362
fc1a1cd2d37a9100a80a496108f693ecebc59e14-dirty,2,typing,80,24,160,15908,99019,80,24,0,0,200,200,0,0,200
fc1a1cd2d37a9100a80a496108f693ecebc59e14-dirty,2,typing,80,24,161,16050,99337,80,24,1,1,3393,362,0,1,362
fc1a1cd2d37a9100a80a496108f693ecebc59e14-dirty,2,typing,80,24,162,16150,99496,80,24,1,1,3552,362,0,1,362
fc1a1cd2d37a9100a80a496108f693ecebc59e14-dirty,2,typing,80,24,163,16210,99496,80,24,0,0,200,200,0,0,200
fc1a1cd2d37a9100a80a496108f693ecebc59e14-dirty,2,typing,80,24,164,16311,99814,80,24,1,1,3870,362,0,1,362
fc1a1cd2d37a9100a80a496108f693ecebc59e14-dirty,2,typing,80,24,165,16449,99973,80,24,1,1,4029,362,0,1,362
fc1a1cd2d37a9100a80a496108f693ecebc59e14-dirty,2,typing,80,24,166,16508,100132,80,24,1,1,4188,362,0,1,362
fc1a1cd2d37a9100a80a496108f693ecebc59e14-dirty,2,typing,80,24,167,16650,100291,80,24,1,1,4347,362,0,1,362
fc1a1cd2d37a9100a80a496108f693ecebc59e14-dirty,2,typing,80,24,168,16709,100291,80,24,0,0,200,200,0,0,200
fc1a1cd2d37a9100a80a496108f693ecebc59e14-dirty,2,typing,80,24,169,16810,100610,80,24,1,1,4666,363,0,1,363
fc1a1cd2d37a9100a80a496108f693ecebc59e14-dirty,2,typing,80,24,170,16911,100769,80,24,1,1,4825,362,0,1,362
fc1a1cd2d37a9100a80a496108f693ecebc59e14-dirty,2,typing,80,24,171,17053,100928,80,24,1,1,4984,362,0,1,362
fc1a1cd2d37a9100a80a496108f693ecebc59e14-dirty,2,typing,80,24,172,17108,101087,80,24,1,1,5143,362,0,1,362
fc1a1cd2d37a9100a80a496108f693ecebc59e14-dirty,2,typing,80,24,173,17249,101246,80,24,1,1,5302,362,0,1,362
fc1a1cd2d37a9100a80a496108f693ecebc59e14-dirty,2,typing,80,24,174,17351,101246,80,24,0,0,200,200,0,0,200
fc1a1cd2d37a9100a80a496108f693ecebc59e14-dirty,2,typing,80,24,175,17451,101564,80,24,1,1,5620,362,0,1,362
fc1a1cd2d37a9100a80a496108f693ecebc59e14-dirty,2,typing,80,24,176,17552,101723,80,24,1,1,5779,362,0,1,362
fc1a1cd2d37a9100a80a496108f693ecebc59e14-dirty,2,typing,80,24,177,17653,101883,80,24,1,1,5939,363,0,1,363
fc1a1cd2d37a9100a80a496108f693ecebc59e14-dirty,2,typing,80,24,178,17749,102042,80,24,1,1,6098,362,0,1,362
fc1a1cd2d37a9100a80a496108f693ecebc59e14-dirty,2,typing,80,24,179,17849,102042,80,24,0,0,200,200,0,0,200
fc1a1cd2d37a9100a80a496108f693ecebc59e14-dirty,2,typing,80,24,180,17909,102360,80,24,1,1,6416,362,0,1,362
fc1a1cd2d37a9100a80a496108f693ecebc59e14-dirty,2,typing,80,24,181,18052,108549,80,24,1,1,12605,362,0,1,362
fc1a1cd2d37a9100a80a496108f693ecebc59e14-dirty,2,typing,80,24,182,18152,108549,80,24,1,1,12605,362,0,1,362
fc1a1cd2d37a9100a80a496108f693ecebc59e14-dirty,2,typing,80,24,183,18253,108549,80,24,1,1,12605,362,0,1,362
fc1a1cd2d37a9100a80a496108f693ecebc59e14-dirty,2,typing,80,24,184,18307,103618,80,24,691,24,103681,112303,4,320,52329
fc1a1cd2d37a9100a80a496108f693ecebc59e14-dirty,2,typing,80,24,185,18408,103936,80,24,1,1,848,360,0,1,360
fc1a1cd2d37a9100a80a496108f693ecebc59e14-dirty,2,typing,80,24,186,18550,104095,80,24,1,1,1007,360,0,1,360
fc1a1cd2d37a9100a80a496108f693ecebc59e14-dirty,2,typing,80,24,187,18609,104254,80,24,1,1,1166,360,0,1,360
fc1a1cd2d37a9100a80a496108f693ecebc59e14-dirty,2,typing,80,24,188,18710,104413,80,24,1,1,1325,360,0,1,360
fc1a1cd2d37a9100a80a496108f693ecebc59e14-dirty,2,typing,80,24,189,18811,104572,80,24,1,1,1484,360,0,1,360
fc1a1cd2d37a9100a80a496108f693ecebc59e14-dirty,2,typing,80,24,190,18912,104731,80,24,1,1,1643,360,0,1,360
fc1a1cd2d37a9100a80a496108f693ecebc59e14-dirty,2,typing,80,24,191,19008,104731,80,24,0,0,199,199,0,0,199
fc1a1cd2d37a9100a80a496108f693ecebc59e14-dirty,2,typing,80,24,192,19108,105050,80,24,1,1,1962,361,0,1,361
fc1a1cd2d37a9100a80a496108f693ecebc59e14-dirty,2,typing,80,24,193,19209,105209,80,24,1,1,2121,362,0,1,362
fc1a1cd2d37a9100a80a496108f693ecebc59e14-dirty,2,typing,80,24,194,19310,105368,80,24,1,1,2280,362,0,1,362
fc1a1cd2d37a9100a80a496108f693ecebc59e14-dirty,2,typing,80,24,195,19411,105528,80,24,1,1,2440,363,0,1,363
fc1a1cd2d37a9100a80a496108f693ecebc59e14-dirty,2,typing,80,24,196,19511,105687,80,24,1,1,2599,362,0,1,362
fc1a1cd2d37a9100a80a496108f693ecebc59e14-dirty,2,typing,80,24,197,19607,105846,80,24,1,1,2758,362,0,1,362
fc1a1cd2d37a9100a80a496108f693ecebc59e14-dirty,2,typing,80,24,198,19708,105846,80,24,0,0,200,200,0,0,200
fc1a1cd2d37a9100a80a496108f693ecebc59e14-dirty,2,typing,80,24,199,19809,106164,80,24,1,1,3076,362,0,1,362
fc1a1cd2d37a9100a80a496108f693ecebc59e14-dirty,2,typing,80,24,200,19909,106323,80,24,1,1,3235,362,0,1,362
fc1a1cd2d37a9100a80a496108f693ecebc59e14-dirty,2,typing,80,24,201,20010,106482,80,24,1,1,3394,362,0,1,362
fc1a1cd2d37a9100a80a496108f693ecebc59e14-dirty,2,typing,80,24,202,20111,106641,80,24,1,1,3553,362,0,1,362
fc1a1cd2d37a9100a80a496108f693ecebc59e14-dirty,2,typing,80,24,203,20212,106800,80,24,1,1,3712,362,0,1,362
fc1a1cd2d37a9100a80a496108f693ecebc59e14-dirty,2,typing,80,24,204,20350,106800,80,24,0,0,200,200,0,0,200
fc1a1cd2d37a9100a80a496108f693ecebc59e14-dirty,2,typing,80,24,205,20409,107118,80,24,1,1,4030,362,0,1,362
fc1a1cd2d37a9100a80a496108f693ecebc59e14-dirty,2,typing,80,24,206,20509,107277,80,24,1,1,4189,362,0,1,362
fc1a1cd2d37a9100a80a496108f693ecebc59e14-dirty,2,typing,80,24,207,20610,107436,80,24,1,1,4348,362,0,1,362
fc1a1cd2d37a9100a80a496108f693ecebc59e14-dirty,2,typing,80,24,208,20752,107595,80,24,1,1,4507,362,0,1,362
fc1a1cd2d37a9100a80a496108f693ecebc59e14-dirty,2,typing,80,24,209,20853,107595,80,24,0,0,200,200,0,0,200
fc1a1cd2d37a9100a80a496108f693ecebc59e14-dirty,2,typing,80,24,210,20908,107913,80,24,1,1,4825,362,0,1,362
fc1a1cd2d37a9100a80a496108f693ecebc59e14-dirty,2,typing,80,24,211,21050,108072,80,24,1,1,4984,362,0,1,362
fc1a1cd2d37a9100a80a496108f693ecebc59e14-dirty,2,typing,80,24,212,21150,108231,80,24,1,1,5143,362,0,1,362
fc1a1cd2d37a9100a80a496108f693ecebc59e14-dirty,2,typing,80,24,213,21210,108231,80,24,1,1,5143,362,0,1,362
fc1a1cd2d37a9100a80a496108f693ecebc59e14-dirty,2,typing,80,24,214,21311,108390,80,24,1,1,5302,362,0,1,362
fc1a1cd2d37a9100a80a496108f693ecebc59e14-dirty,2,typing,80,24,215,21412,108390,80,24,0,0,200,200,0,0,200
fc1a1cd2d37a9100a80a496108f693ecebc59e14-dirty,2,typing,80,24,216,21507,108708,80,24,1,1,5620,362,0,1,362
fc1a1cd2d37a9100a80a496108f693ecebc59e14-dirty,2,typing,80,24,217,21608,108867,80,24,1,1,5779,362,0,1,362
fc1a1cd2d37a9100a80a496108f693ecebc59e14-dirty,2,typing,80,24,218,21709,109026,80,24,1,1,5938,362,0,1,362
fc1a1cd2d37a9100a80a496108f693ecebc59e14-dirty,2,typing,80,24,219,21810,109185,80,24,1,1,6097,362,0,1,362
fc1a1cd2d37a9100a80a496108f693ecebc59e14-dirty,2,typing,80,24,220,21951,109344,80,24,1,1,6256,362,0,1,362
fc1a1cd2d37a9100a80a496108f693ecebc59e14-dirty,2,typing,80,24,221,22011,83768,80,24,613,24,83831,99625,5,400,65359
fc1a1cd2d37a9100a80a496108f693ecebc59e14-dirty,2,typing,80,24,222,22112,84086,80,24,1,1,848,360,0,1,360
fc1a1cd2d37a9100a80a496108f693ecebc59e14-dirty,2,typing,80,24,223,22207,84245,80,24,1,1,1007,360,0,1,360
fc1a1cd2d37a9100a80a496108f693ecebc59e14-dirty,2,typing,80,24,224,22308,84404,80,24,1,1,1166,360,0,1,360
fc1a1cd2d37a9100a80a496108f693ecebc59e14-dirty,2,typing,80,24,225,22409,84563,80,24,1,1,1325,360,0,1,360
fc1a1cd2d37a9100a80a496108f693ecebc59e14-dirty,2,typing,80,24,226,22510,84563,80,24,0,0,199,199,0,0,199
fc1a1cd2d37a9100a80a496108f693ecebc59e14-dirty,2,typing,80,24,227,22610,84881,80,24,1,1,1643,360,0,1,360
fc1a1cd2d37a9100a80a496108f693ecebc59e14-dirty,2,typing,80,24,228,22711,84881,80,24,0,0,199,199,0,0,199
fc1a1cd2d37a9100a80a496108f693ecebc59e14-dirty,2,typing,80,24,229,22812,85200,80,24,1,1,1962,361,0,1,361
fc1a1cd2d37a9100a80a496108f693ecebc59e14-dirty,2,typing,80,24,230,22908,85359,80,24,1,1,2121,362,0,1,362
fc1a1cd2d37a9100a80a496108f693ecebc59e14-dirty,2,typing,80,24,231,23009,85518,80,24,1,1,2280,362,0,1,362
fc1a1cd2d37a9100a80a496108f693ecebc59e14-dirty,2,typing,80,24,232,23109,85677,80,24,1,1,2439,362,0,1,362
fc1a1cd2d37a9100a80a496108f693ecebc59e14-dirty,2,typing,80,24,233,23211,85836,80,24,1,1,2598,362,0,1,362
fc1a1cd2d37a9100a80a496108f693ecebc59e14-dirty,2,typing,80,24,234,23311,85995,80,24,1,1,2757,362,0,1,362
fc1a1cd2d37a9100a80a496108f693ecebc59e14-dirty,2,typing,80,24,235,23412,86154,80,24,1,1,2916,362,0,1,362
fc1a1cd2d37a9100a80a496108f693ecebc59e14-dirty,2,typing,80,24,236,23512,86313,80,24,1,1,3075,362,0,1,362
fc1a1cd2d37a9100a80a496108f693ecebc59e14-dirty,2,typing,80,24,237,23608,86313,80,24,0,0,200,200,0,0,200
fc1a1cd2d37a9100a80a496108f693ecebc59e14-dirty,2,typing,80,24,238,23709,86631,80,24,1,1,3393,362,0,1,362
fc1a1cd2d37a9100a80a496108f693ecebc59e14-dirty,2,typing,80,24,239,23809,86790,80,24,1,1,3552,362,0,1,362
fc1a1cd2d37a9100a80a496108f693ecebc59e14-dirty,2,typing,80,24,240,23910,86949,80,24,1,1,3711,362,0,1,362
fc1a1cd2d37a9100a80a496108f693ecebc59e14-dirty,2,typing,80,24,241,24011,87108,80,24,1,1,3870,362,0,1,362
fc1a1cd2d37a9100a80a496108f693ecebc59e14-dirty,2,typing,80,24,242,24112,87267,80,24,1,1,4029,362,0,1,362
fc1a1cd2d37a9100a80a496108f693ecebc59e14-dirty,2,typing,80,24,243,24208,87426,80,24,1,1,4188,362,0,1,362
fc1a1cd2d37a9100a80a496108f693ecebc59e14-dirty,2,typing,80,24,244,24308,87426,80,24,0,0,200,200,0,0,200
fc1a1cd2d37a9100a80a496108f693ecebc59e14-dirty,2,typing,80,24,245,24409,87744,80,24,1,1,4506,362,0,1,362
fc1a1cd2d37a9100a80a496108f693ecebc59e14-dirty,2,typing,80,24,246,24510,87903,80,24,1,1,4665,362,0,1,362
fc1a1cd2d37a9100a80a496108f693ecebc59e14-dirty,2,typing,80,24,247,24610,88062,80,24,1,1,4824,362,0,1,362
fc1a1cd2d37a9100a80a496108f693ecebc59e14-dirty,2,typing,80,24,248,24711,88221,80,24,1,1,4983,362,0,1,362
fc1a1cd2d37a9100a80a496108f693ecebc59e14-dirty,2,typing,80,24,249,24812,88221,80,24,0,0,200,200,0,0,200
fc1a1cd2d37a9100a80a496108f693ecebc59e14-dirty,2,typing,80,24,250,24912,88539,80,24,1,1,5301,362,0,1,362
fc1a1cd2d37a9100a80a496108f693ecebc59e14-dirty,2,typing,80,24,251,25008,88698,80,24,1,1,5460,362,0,1,362
fc1a1cd2d37a9100a80a496108f693ecebc59e14-dirty,2,typing,80,24,252,25109,88698,80,24,0,0,200,200,0,0,200
fc1a1cd2d37a9100a80a496108f693ecebc59e14-dirty,2,typing,80,24,253,25210,89016,80,24,1,1,5778,362,0,1,362
fc1a1cd2d37a9100a80a496108f693ecebc59e14-dirty,2,typing,80,24,254,25310,89175,80,24,1,1,5937,362,0,1,362
fc1a1cd2d37a9100a80a496108f693ecebc59e14-dirty,2,typing,80,24,255,25411,89334,80,24,1,1,6096,362,0,1,362
fc1a1cd2d37a9100a80a496108f693ecebc59e14-dirty,2,typing,80,24,256,25512,89493,80,24,1,1,6255,362,0,1,362
fc1a1cd2d37a9100a80a496108f693ecebc59e14-dirty,2,typing,80,24,257,25613,89493,80,24,0,0,200,200,0,0,200
fc1a1cd2d37a9100a80a496108f693ecebc59e14-dirty,2,typing,80,24,258,25708,95841,80,24,1,1,12603,362,0,1,362
fc1a1cd2d37a9100a80a496108f693ecebc59e14-dirty,2,typing,80,24,259,25809,95841,80,24,1,1,12603,362,0,1,362
fc1a1cd2d37a9100a80a496108f693ecebc59e14-dirty,2,typing,80,24,260,25910,95841,80,24,1,1,12603,362,0,1,362
fc1a1cd2d37a9100a80a496108f693ecebc59e14-dirty,2,typing,80,24,261,26011,95841,80,24,1,1,12603,362,0,1,362
fc1a1cd2d37a9100a80a496108f693ecebc59e14-dirty,2,typing,80,24,262,26112,95841,80,24,0,0,200,200,0,0,200
fc1a1cd2d37a9100a80a496108f693ecebc59e14-dirty,2,typing,80,24,263,26212,95841,80,24,1,1,12603,362,0,1,362
fc1a1cd2d37a9100a80a496108f693ecebc59e14-dirty,2,typing,80,24,264,26308,95841,80,24,0,0,200,200,0,0,200
fc1a1cd2d37a9100a80a496108f693ecebc59e14-dirty,2,typing,80,24,265,26409,95841,80,24,1,1,12603,362,0,1,362
fc1a1cd2d37a9100a80a496108f693ecebc59e14-dirty,2,typing,80,24,266,26510,95841,80,24,1,1,12603,362,0,1,362
fc1a1cd2d37a9100a80a496108f693ecebc59e14-dirty,2,typing,80,24,267,26651,95841,80,24,1,1,12603,362,0,1,362
fc1a1cd2d37a9100a80a496108f693ecebc59e14-dirty,2,typing,80,24,268,26711,95841,80,24,1,1,12603,362,0,1,362
fc1a1cd2d37a9100a80a496108f693ecebc59e14-dirty,2,typing,80,24,269,26812,95841,80,24,1,1,12603,362,0,1,362
fc1a1cd2d37a9100a80a496108f693ecebc59e14-dirty,2,typing,80,24,270,26908,95841,80,24,1,1,12603,362,0,1,362
fc1a1cd2d37a9100a80a496108f693ecebc59e14-dirty,2,typing,80,24,271,27009,95841,80,24,0,0,200,200,0,0,200
fc1a1cd2d37a9100a80a496108f693ecebc59e14-dirty,2,typing,80,24,272,27109,95841,80,24,1,1,12603,362,0,1,362
fc1a1cd2d37a9100a80a496108f693ecebc59e14-dirty,2,typing,80,24,273,27210,95841,80,24,1,1,12603,362,0,1,362
fc1a1cd2d37a9100a80a496108f693ecebc59e14-dirty,2,typing,80,24,274,27311,95841,80,24,1,1,12603,362,0,1,362
fc1a1cd2d37a9100a80a496108f693ecebc59e14-dirty,2,typing,80,24,275,27412,95841,80,24,1,1,12603,362,0,1,362
fc1a1cd2d37a9100a80a496108f693ecebc59e14-dirty,2,typing,80,24,276,27512,95841,80,24,1,1,12603,362,0,1,362
fc1a1cd2d37a9100a80a496108f693ecebc59e14-dirty,2,typing,80,24,277,27608,95841,80,24,0,0,200,200,0,0,200
fc1a1cd2d37a9100a80a496108f693ecebc59e14-dirty,2,typing,80,24,278,27709,95841,80,24,1,1,12603,362,0,1,362
fc1a1cd2d37a9100a80a496108f693ecebc59e14-dirty,2,typing,80,24,279,27809,95841,80,24,1,1,12603,362,0,1,362
fc1a1cd2d37a9100a80a496108f693ecebc59e14-dirty,2,typing,80,24,280,27910,95841,80,24,0,0,200,200,0,0,200
fc1a1cd2d37a9100a80a496108f693ecebc59e14-dirty,2,typing,80,24,281,28011,95841,80,24,1,1,12603,362,0,1,362
fc1a1cd2d37a9100a80a496108f693ecebc59e14-dirty,2,typing,80,24,282,28112,95841,80,24,0,0,200,200,0,0,200
fc1a1cd2d37a9100a80a496108f693ecebc59e14-dirty,2,typing,80,24,283,28212,95841,80,24,1,1,12603,362,0,1,362
fc1a1cd2d37a9100a80a496108f693ecebc59e14-dirty,2,typing,80,24,284,28308,95841,80,24,1,1,12603,362,0,1,362
fc1a1cd2d37a9100a80a496108f693ecebc59e14-dirty,2,typing,80,24,285,28409,95841,80,24,1,1,12603,362,0,1,362
fc1a1cd2d37a9100a80a496108f693ecebc59e14-dirty,2,typing,80,24,286,28510,95841,80,24,1,1,12603,362,0,1,362
fc1a1cd2d37a9100a80a496108f693ecebc59e14-dirty,2,typing,80,24,287,28610,95841,80,24,1,1,12603,362,0,1,362
fc1a1cd2d37a9100a80a496108f693ecebc59e14-dirty,2,typing,80,24,288,28711,95841,80,24,0,0,200,200,0,0,200
fc1a1cd2d37a9100a80a496108f693ecebc59e14-dirty,2,typing,80,24,289,28812,95841,80,24,1,1,12603,362,0,1,362
fc1a1cd2d37a9100a80a496108f693ecebc59e14-dirty,2,typing,80,24,290,28913,95841,80,24,1,1,12603,362,0,1,362
fc1a1cd2d37a9100a80a496108f693ecebc59e14-dirty,2,typing,80,24,291,29008,95841,80,24,1,1,12603,362,0,1,362
fc1a1cd2d37a9100a80a496108f693ecebc59e14-dirty,2,typing,80,24,292,29109,95841,80,24,1,1,12603,362,0,1,362
fc1a1cd2d37a9100a80a496108f693ecebc59e14-dirty,2,typing,80,24,293,29210,95841,80,24,1,1,12603,362,0,1,362
fc1a1cd2d37a9100a80a496108f693ecebc59e14-dirty,2,typing,80,24,294,29311,95841,80,24,1,1,12603,362,0,1,362
fc1a1cd2d37a9100a80a496108f693ecebc59e14-dirty,2,typing,80,24,295,29411,103937,80,24,676,24,104000,109928,2,160,26269
fc1a1cd2d37a9100a80a496108f693ecebc59e14-dirty,2,typing,80,24,296,29553,104255,80,24,1,1,848,360,0,1,360
fc1a1cd2d37a9100a80a496108f693ecebc59e14-dirty,2,typing,80,24,297,29655,104414,80,24,1,1,1007,360,0,1,360
fc1a1cd2d37a9100a80a496108f693ecebc59e14-dirty,2,typing,80,24,298,29749,104573,80,24,1,1,1166,360,0,1,360
fc1a1cd2d37a9100a80a496108f693ecebc59e14-dirty,2,typing,80,24,299,29809,104732,80,24,1,1,1325,360,0,1,360
fc1a1cd2d37a9100a80a496108f693ecebc59e14-dirty,2,typing,80,24,300,29910,104732,80,24,0,0,199,199,0,0,199
fc1a1cd2d37a9100a80a496108f693ecebc59e14-dirty,2,typing,80,24,301,30011,105050,80,24,1,1,1643,360,0,1,360
fc1a1cd2d37a9100a80a496108f693ecebc59e14-dirty,2,typing,80,24,302,30112,105209,80,24,1,1,1802,360,0,1,360
fc1a1cd2d37a9100a80a496108f693ecebc59e14-dirty,2,typing,80,24,303,30213,105369,80,24,1,1,1962,361,0,1,361
fc1a1cd2d37a9100a80a496108f693ecebc59e14-dirty,2,typing,80,24,304,30313,105369,80,24,0,0,200,200,0,0,200
fc1a1cd2d37a9100a80a496108f693ecebc59e14-dirty,2,typing,80,24,305,30409,105687,80,24,1,1,2280,362,0,1,362
fc1a1cd2d37a9100a80a496108f693ecebc59e14-dirty,2,typing,80,24,306,30510,105846,80,24,1,1,2439,362,0,1,362
fc1a1cd2d37a9100a80a496108f693ecebc59e14-dirty,2,typing,80,24,307,30611,106005,80,24,1,1,2598,362,0,1,362
fc1a1cd2d37a9100a80a496108f693ecebc59e14-dirty,2,typing,80,24,308,30753,102665,80,24,701,24,102728,113994,2,160,26269
fc1a1cd2d37a9100a80a496108f693ecebc59e14-dirty,3,typing,80,24,1,45,102983,80,24,1,1,848,360,0,1,360
fc1a1cd2d37a9100a80a496108f693ecebc59e14-dirty,3,typing,80,24,2,105,103142,80,24,1,1,1007,360,0,1,360
fc1a1cd2d37a9100a80a496108f693ecebc59e14-dirty,3,typing,80,24,3,206,103301,80,24,1,1,1166,360,0,1,360
fc1a1cd2d37a9100a80a496108f693ecebc59e14-dirty,3,typing,80,24,4,302,103460,80,24,1,1,1325,360,0,1,360
fc1a1cd2d37a9100a80a496108f693ecebc59e14-dirty,3,typing,80,24,5,402,103460,80,24,0,0,199,199,0,0,199
fc1a1cd2d37a9100a80a496108f693ecebc59e14-dirty,3,typing,80,24,6,503,103778,80,24,1,1,1643,360,0,1,360
fc1a1cd2d37a9100a80a496108f693ecebc59e14-dirty,3,typing,80,24,7,604,103937,80,24,1,1,1802,360,0,1,360
fc1a1cd2d37a9100a80a496108f693ecebc59e14-dirty,3,typing,80,24,8,705,104097,80,24,1,1,1962,361,0,1,361
fc1a1cd2d37a9100a80a496108f693ecebc59e14-dirty,3,typing,80,24,9,806,104097,80,24,1,1,1962,362,0,1,362
fc1a1cd2d37a9100a80a496108f693ecebc59e14-dirty,3,typing,80,24,10,902,104256,80,24,1,1,2121,362,0,1,362
fc1a1cd2d37a9100a80a496108f693ecebc59e14-dirty,3,typing,80,24,11,1003,104256,80,24,0,0,200,200,0,0,200
fc1a1cd2d37a9100a80a496108f693ecebc59e14-dirty,3,typing,80,24,12,1103,104574,80,24,1,1,2439,362,0,1,362
fc1a1cd2d37a9100a80a496108f693ecebc59e14-dirty,3,typing,80,24,13,1204,104733,80,24,1,1,2598,362,0,1,362
fc1a1cd2d37a9100a80a496108f693ecebc59e14-dirty,3,typing,80,24,14,1305,104892,80,24,1,1,2757,362,0,1,362
fc1a1cd2d37a9100a80a496108f693ecebc59e14-dirty,3,typing,80,24,15,1446,105051,80,24,1,1,2916,362,0,1,362
fc1a1cd2d37a9100a80a496108f693ecebc59e14-dirty,3,typing,80,24,16,1548,105210,80,24,1,1,3075,362,0,1,362
fc1a1cd2d37a9100a80a496108f693ecebc59e14-dirty,3,typing,80,24,17,1602,101074,80,24,683,24,101137,111049,2,160,26269
fc1a1cd2d37a9100a80a496108f693ecebc59e14-dirty,3,typing,80,24,18,1703,101392,80,24,1,1,848,360,0,1,360
fc1a1cd2d37a9100a80a496108f693ecebc59e14-dirty,3,typing,80,24,19,1804,101551,80,24,1,1,1007,360,0,1,360
fc1a1cd2d37a9100a80a496108f693ecebc59e14-dirty,3,typing,80,24,20,1945,101710,80,24,1,1,1166,360,0,1,360
fc1a1cd2d37a9100a80a496108f693ecebc59e14-dirty,3,typing,80,24,21,2046,92500,80,24,648,24,92563,105375,2,160,26269
fc1a1cd2d37a9100a80a496108f693ecebc59e14-dirty,3,typing,80,24,22,2106,92818,80,24,1,1,848,360,0,1,360
fc1a1cd2d37a9100a80a496108f693ecebc59e14-dirty,3,typing,80,24,23,2202,92977,80,24,1,1,1007,360,0,1,360
fc1a1cd2d37a9100a80a496108f693ecebc59e14-dirty,3,typing,80,24,24,2303,93136,80,24,1,1,1166,360,0,1,360
fc1a1cd2d37a9100a80a496108f693ecebc59e14-dirty,3,typing,80,24,25,2403,93295,80,24,1,1,1325,360,0,1,360
fc1a1cd2d37a9100a80a496108f693ecebc59e14-dirty,3,typing,80,24,26,2504,93454,80,24,1,1,1484,360,0,1,360
fc1a1cd2d37a9100a80a496108f693ecebc59e14-dirty,3,typing,80,24,27,2605,93613,80,24,1,1,1643,360,0,1,360
fc1a1cd2d37a9100a80a496108f693ecebc59e14-dirty,3,typing,80,24,28,2706,93613,80,24,0,0,199,199,0,0,199
fc1a1cd2d37a9100a80a496108f693ecebc59e14-dirty,3,typing,80,24,29,2802,93932,80,24,1,1,1962,361,0,1,361
fc1a1cd2d37a9100a80a496108f693ecebc59e14-dirty,3,typing,80,24,30,2903,94091,80,24,1,1,2121,362,0,1,362
fc1a1cd2d37a9100a80a496108f693ecebc59e14-dirty,3,typing,80,24,31,3004,94250,80,24,1,1,2280,362,0,1,362
fc1a1cd2d37a9100a80a496108f693ecebc59e14-dirty,3,typing,80,24,32,3105,94409,80,24,1,1,2439,362,0,1,362
fc1a1cd2d37a9100a80a496108f693ecebc59e14-dirty,3,typing,80,24,33,3205,94409,80,24,0,0,200,200,0,0,200
fc1a1cd2d37a9100a80a496108f693ecebc59e14-dirty,3,typing,80,24,34,3306,94727,80,24,1,1,2757,362,0,1,362
fc1a1cd2d37a9100a80a496108f693ecebc59e14-dirty,3,typing,80,24,35,3402,94886,80,24,1,1,2916,362,0,1,362
fc1a1cd2d37a9100a80a496108f693ecebc59e14-dirty,3,typing,80,24,36,3544,95045,80,24,1,1,3075,362,0,1,362
fc1a1cd2d37a9100a80a496108f693ecebc59e14-dirty,3,typing,80,24,37,3606,95045,80,24,0,0,200,200,0,0,200
fc1a1cd2d37a9100a80a496108f693ecebc59e14-dirty,3,typing,80,24,38,3747,95363,80,24,1,1,3393,362,0,1,362
fc1a1cd2d37a9100a80a496108f693ecebc59e14-dirty,3,typing,80,24,39,3802,95522,80,24,1,1,3552,362,0,1,362
fc1a1cd2d37a9100a80a496108f693ecebc59e14-dirty,3,typing,80,24,40,3903,95681,80,24,1,1,3711,362,0,1,362
fc1a1cd2d37a9100a80a496108f693ecebc59e14-dirty,3,typing,80,24,41,4004,95840,80,24,1,1,3870,362,0,1,362
fc1a1cd2d37a9100a80a496108f693ecebc59e14-dirty,3,typing,80,24,42,4145,95840,80,24,1,1,3870,362,0,1,362
fc1a1cd2d37a9100a80a496108f693ecebc59e14-dirty,3,typing,80,24,43,4247,96000,80,24,1,1,4030,363,0,1,363
fc1a1cd2d37a9100a80a496108f693ecebc59e14-dirty,3,typing,80,24,44,4306,96159,80,24,1,1,4189,362,0,1,362
fc1a1cd2d37a9100a80a496108f693ecebc59e14-dirty,3,typing,80,24,45,4402,96318,80,24,1,1,4348,362,0,1,362
fc1a1cd2d37a9100a80a496108f693ecebc59e14-dirty,3,typing,80,24,46,4503,84722,80,24,634,24,84785,103128,2,160,26269
fc1a1cd2d37a9100a80a496108f693ecebc59e14-dirty,3,typing,80,24,47,4604,85040,80,24,1,1,848,360,0,1,360
fc1a1cd2d37a9100a80a496108f693ecebc59e14-dirty,3,typing,80,24,48,4704,85199,80,24,1,1,1007,360,0,1,360
fc1a1cd2d37a9100a80a496108f693ecebc59e14-dirty,3,typing,80,24,49,4805,85358,80,24,1,1,1166,360,0,1,360
fc1a1cd2d37a9100a80a496108f693ecebc59e14-dirty,3,typing,80,24,50,4906,85517,80,24,1,1,1325,360,0,1,360
fc1a1cd2d37a9100a80a496108f693ecebc59e14-dirty,3,typing,80,24,51,5007,84722,80,24,560,24,84785,91070,1,80,13239
fc1a1cd2d37a9100a80a496108f693ecebc59e14-dirty,3,typing,80,24,52,5102,85040,80,24,1,1,848,360,0,1,360
fc1a1cd2d37a9100a80a496108f693ecebc59e14-dirty,3,typing,80,24,53,5203,85199,80,24,1,1,1007,360,0,1,360
fc1a1cd2d37a9100a80a496108f693ecebc59e14-dirty,3,typing,80,24,54,5304,85358,80,24,1,1,1166,360,0,1,360
fc1a1cd2d37a9100a80a496108f693ecebc59e14-dirty,3,typing,80,24,55,5404,85517,80,24,1,1,1325,360,0,1,360
fc1a1cd2d37a9100a80a496108f693ecebc59e14-dirty,3,typing,80,24,56,5505,85517,80,24,0,0,199,199,0,0,199
fc1a1cd2d37a9100a80a496108f693ecebc59e14-dirty,3,typing,80,24,57,5606,85835,80,24,1,1,1643,360,0,1,360
fc1a1cd2d37a9100a80a496108f693ecebc59e14-dirty,3,typing,80,24,58,5707,85994,80,24,1,1,1802,360,0,1,360
fc1a1cd2d37a9100a80a496108f693ecebc59e14-dirty,3,typing,80,24,59,5802,86154,80,24,1,1,1962,361,0,1,361
fc1a1cd2d37a9100a80a496108f693ecebc59e14-dirty,3,typing,80,24,60,5903,86154,80,24,0,0,200,200,0,0,200
fc1a1cd2d37a9100a80a496108f693ecebc59e14-dirty,3,typing,80,24,61,6009,86472,80,24,1,1,2280,362,0,1,362
fc1a1cd2d37a9100a80a496108f693ecebc59e14-dirty,3,typing,80,24,62,6113,86631,80,24,1,1,2439,362,0,1,362
fc1a1cd2d37a9100a80a496108f693ecebc59e14-dirty,3,typing,80,24,63,6210,86790,80,24,1,1,2598,362,0,1,362
fc1a1cd2d37a9100a80a496108f693ecebc59e14-dirty,3,typing,80,24,64,6352,86949,80,24,1,1,2757,362,0,1,362
fc1a1cd2d37a9100a80a496108f693ecebc59e14-dirty,3,typing,80,24,65,6405,87108,80,24,1,1,2916,362,0,1,362
fc1a1cd2d37a9100a80a496108f693ecebc59e14-dirty,3,typing,80,24,66,6506,87108,80,24,0,0,200,200,0,0,200
fc1a1cd2d37a9100a80a496108f693ecebc59e14-dirty,3,typing,80,24,67,6608,87426,80,24,1,1,3234,362,0,1,362
fc1a1cd2d37a9100a80a496108f693ecebc59e14-dirty,3,typing,80,24,68,6704,87585,80,24,1,1,3393,362,0,1,362
fc1a1cd2d37a9100a80a496108f693ecebc59e14-dirty,3,typing,80,24,69,6805,87744,80,24,1,1,3552,362,0,1,362
fc1a1cd2d37a9100a80a496108f693ecebc59e14-dirty,3,typing,80,24,70,6906,87903,80,24,1,1,3711,362,0,1,362
fc1a1cd2d37a9100a80a496108f693ecebc59e14-dirty,3,typing,80,24,71,7007,88062,80,24,1,1,3870,362,0,1,362
fc1a1cd2d37a9100a80a496108f693ecebc59e14-dirty,3,typing,80,24,72,7109,88062,80,24,0,0,200,200,0,0,200
fc1a1cd2d37a9100a80a496108f693ecebc59e14-dirty,3,typing,80,24,73,7206,88380,80,24,1,1,4188,362,0,1,362
fc1a1cd2d37a9100a80a496108f693ecebc59e14-dirty,3,typing,80,24,74,7307,88539,80,24,1,1,4347,362,0,1,362
fc1a1cd2d37a9100a80a496108f693ecebc59e14-dirty,3,typing,80,24,75,7407,88698,80,24,1,1,4506,362,0,1,362
fc1a1cd2d37a9100a80a496108f693ecebc59e14-dirty,3,typing,80,24,76,7508,88698,80,24,0,0,200,200,0,0,200
fc1a1cd2d37a9100a80a496108f693ecebc59e14-dirty,3,typing,80,24,77,7609,89016,80,24,1,1,4824,362,0,1,362
fc1a1cd2d37a9100a80a496108f693ecebc59e14-dirty,3,typing,80,24,78,7705,89175,80,24,1,1,4983,362,0,1,362
fc1a1cd2d37a9100a80a496108f693ecebc59e14-dirty,3,typing,80,24,79,7806,89334,80,24,1,1,5142,362,0,1,362
fc1a1cd2d37a9100a80a496108f693ecebc59e14-dirty,3,typing,80,24,80,7907,89493,80,24,1,1,5301,362,0,1,362
fc1a1cd2d37a9100a80a496108f693ecebc59e14-dirty,3,typing,80,24,81,8007,89652,80,24,1,1,5460,362,0,1,362
fc1a1cd2d37a9100a80a496108f693ecebc59e14-dirty,3,typing,80,24,82,8108,89652,80,24,0,0,200,200,0,0,200
fc1a1cd2d37a9100a80a496108f693ecebc59e14-dirty,3,typing,80,24,83,8209,89970,80,24,1,1,5778,362,0,1,362
fc1a1cd2d37a9100a80a496108f693ecebc59e14-dirty,3,typing,80,24,84,8310,90129,80,24,1,1,5937,362,0,1,362
fc1a1cd2d37a9100a80a496108f693ecebc59e14-dirty,3,typing,80,24,85,8405,90288,80,24,1,1,6096,362,0,1,362
fc1a1cd2d37a9100a80a496108f693ecebc59e14-dirty,3,typing,80,24,86,8506,90447,80,24,1,1,6255,362,0,1,362
fc1a1cd2d37a9100a80a496108f693ecebc59e14-dirty,3,typing,80,24,87,8607,90447,80,24,0,0,200,200,0,0,200
fc1a1cd2d37a9100a80a496108f693ecebc59e14-dirty,3,typing,80,24,88,8708,96795,80,24,1,1,12603,362,0,1,362
fc1a1cd2d37a9100a80a496108f693ecebc59e14-dirty,3,typing,80,24,89,8808,96795,80,24,1,1,12603,362,0,1,362
fc1a1cd2d37a9100a80a496108f693ecebc59e14-dirty,3,typing,80,24,90,8950,96795,80,24,1,1,12603,362,0,1,362
fc1a1cd2d37a9100a80a496108f693ecebc59e14-dirty,3,typing,80,24,91,9005,96795,80,24,0,0,200,200,0,0,200
fc1a1cd2d37a9100a80a496108f693ecebc59e14-dirty,3,typing,80,24,92,9106,96795,80,24,1,1,12603,362,0,1,362
fc1a1cd2d37a9100a80a496108f693ecebc59e14-dirty,3,typing,80,24,93,9207,96795,80,24,1,1,12603,362,0,1,362
fc1a1cd2d37a9100a80a496108f693ecebc59e14-dirty,3,typing,80,24,94,9307,96795,80,24,1,1,12603,362,0,1,362
fc1a1cd2d37a9100a80a496108f693ecebc59e14-dirty,3,typing,80,24,95,9408,96795,80,24,1,1,12603,362,0,1,362
fc1a1cd2d37a9100a80a496108f693ecebc59e14-dirty,3,typing,80,24,96,9509,96795,80,24,0,0,200,200,0,0,200
fc1a1cd2d37a9100a80a496108f693ecebc59e14-dirty,3,typing,80,24,97,9610,96795,80,24,1,1,12603,362,0,1,362
fc1a1cd2d37a9100a80a496108f693ecebc59e14-dirty,3,typing,80,24,98,9705,96795,80,24,1,1,12603,362,0,1,362
fc1a1cd2d37a9100a80a496108f693ecebc59e14-dirty,3,typing,80,24,99,9813,96795,80,24,1,1,12603,362,0,1,362
fc1a1cd2d37a9100a80a496108f693ecebc59e14-dirty,3,typing,80,24,100,9908,100280,80,24,665,24,100343,108227,2,160,26269
fc1a1cd2d37a9100a80a496108f693ecebc59e14-dirty,3,typing,80,24,101,10009,100598,80,24,1,1,848,360,0,1,360
fc1a1cd2d37a9100a80a496108f693ecebc59e14-dirty,3,typing,80,24,102,10109,100757,80,24,1,1,1007,360,0,1,360
fc1a1cd2d37a9100a80a496108f693ecebc59e14-dirty,3,typing,80,24,103,10206,100757,80,24,0,0,199,199,0,0,199
fc1a1cd2d37a9100a80a496108f693ecebc59e14-dirty,3,typing,80,24,104,10306,101075,80,24,1,1,1325,360,0,1,360
fc1a1cd2d37a9100a80a496108f693ecebc59e14-dirty,3,typing,80,24,105,10407,101234,80,24,1,1,1484,360,0,1,360
fc1a1cd2d37a9100a80a496108f693ecebc59e14-dirty,3,typing,80,24,106,10508,101393,80,24,1,1,1643,360,0,1,360
fc1a1cd2d37a9100a80a496108f693ecebc59e14-dirty,3,typing,80,24,107,10650,101552,80,24,1,1,1802,360,0,1,360
fc1a1cd2d37a9100a80a496108f693ecebc59e14-dirty,3,typing,80,24,108,10751,97736,80,24,599,24,97799,97446,1,80,13239
fc1a1cd2d37a9100a80a496108f693ecebc59e14-dirty,3,typing,80,24,109,10806,98054,80,24,1,1,848,360,0,1,360
fc1a1cd2d37a9100a80a496108f693ecebc59e14-dirty,3,typing,80,24,110,10907,98213,80,24,1,1,1007,360,0,1,360
fc1a1cd2d37a9100a80a496108f693ecebc59e14-dirty,3,typing,80,24,111,11007,98213,80,24,0,0,199,199,0,0,199
fc1a1cd2d37a9100a80a496108f693ecebc59e14-dirty,3,typing,80,24,112,11108,98531,80,24,1,1,1325,360,0,1,360
fc1a1cd2d37a9100a80a496108f693ecebc59e14-dirty,3,typing,80,24,113,11209,89319,80,24,647,24,89382,105202,2,160,26269
fc1a1cd2d37a9100a80a496108f693ecebc59e14-dirty,3,typing,80,24,114,11309,89637,80,24,1,1,848,360,0,1,360
fc1a1cd2d37a9100a80a496108f693ecebc59e14-dirty,3,typing,80,24,115,11410,89796,80,24,1,1,1007,360,0,1,360
fc1a1cd2d37a9100a80a496108f693ecebc59e14-dirty,3,typing,80,24,116,11506,89955,80,24,1,1,1166,360,0,1,360
fc1a1cd2d37a9100a80a496108f693ecebc59e14-dirty,3,typing,80,24,117,11607,90114,80,24,1,1,1325,360,0,1,360
fc1a1cd2d37a9100a80a496108f693ecebc59e14-dirty,3,typing,80,24,118,11708,90114,80,24,0,0,199,199,0,0,199
fc1a1cd2d37a9100a80a496108f693ecebc59e14-dirty,3,typing,80,24,119,11808,90432,80,24,1,1,1643,360,0,1,360
fc1a1cd2d37a9100a80a496108f693ecebc59e14-dirty,3,typing,80,24,120,11909,90591,80,24,1,1,1802,360,0,1,360
fc1a1cd2d37a9100a80a496108f693ecebc59e14-dirty,3,typing,80,24,121,12052,90751,80,24,1,1,1962,361,0,1,361
fc1a1cd2d37a9100a80a496108f693ecebc59e14-dirty,3,typing,80,24,122,12111,90910,80,24,1,1,2121,362,0,1,362
fc1a1cd2d37a9100a80a496108f693ecebc59e14-dirty,3,typing,80,24,123,12206,90910,80,24,0,0,200,200,0,0,200
fc1a1cd2d37a9100a80a496108f693ecebc59e14-dirty,3,typing,80,24,124,12307,91228,80,24,1,1,2439,362,0,1,362
fc1a1cd2d37a9100a80a496108f693ecebc59e14-dirty,3,typing,80,24,125,12408,91387,80,24,1,1,2598,362,0,1,362
fc1a1cd2d37a9100a80a496108f693ecebc59e14-dirty,3,typing,80,24,126,12509,91546,80,24,1,1,2757,362,0,1,362
fc1a1cd2d37a9100a80a496108f693ecebc59e14-dirty,3,typing,80,24,127,12609,91705,80,24,1,1,2916,362,0,1,362
fc1a1cd2d37a9100a80a496108f693ecebc59e14-dirty,3,typing,80,24,128,12710,91705,80,24,0,0,200,200,0,0,200
fc1a1cd2d37a9100a80a496108f693ecebc59e14-dirty,3,typing,80,24,129,12806,92023,80,24,1,1,3234,362,0,1,362
fc1a1cd2d37a9100a80a496108f693ecebc59e14-dirty,3,typing,80,24,130,12907,92182,80,24,1,1,3393,362,0,1,362
fc1a1cd2d37a9100a80a496108f693ecebc59e14-dirty,3,typing,80,24,131,13049,92341,80,24,1,1,3552,362,0,1,362
fc1a1cd2d37a9100a80a496108f693ecebc59e14-dirty,3,typing,80,24,132,13108,92341,80,24,0,0,200,200,0,0,200
fc1a1cd2d37a9100a80a496108f693ecebc59e14-dirty,3,typing,80,24,133,13209,92659,80,24,1,1,3870,362,0,1,362
fc1a1cd2d37a9100a80a496108f693ecebc59e14-dirty,3,typing,80,24,134,13310,92818,80,24,1,1,4029,362,0,1,362
fc1a1cd2d37a9100a80a496108f693ecebc59e14-dirty,3,typing,80,24,135,13410,92977,80,24,1,1,4188,362,0,1,362
fc1a1cd2d37a9100a80a496108f693ecebc59e14-dirty,3,typing,80,24,136,13506,93136,80,24,1,1,4347,362,0,1,362
fc1a1cd2d37a9100a80a496108f693ecebc59e14-dirty,3,typing,80,24,137,13607,93295,80,24,1,1,4506,362,0,1,362
fc1a1cd2d37a9100a80a496108f693ecebc59e14-dirty,3,typing,80,24,138,13708,93295,80,24,0,0,200,200,0,0,200
fc1a1cd2d37a9100a80a496108f693ecebc59e14-dirty,3,typing,80,24,139,13849,93613,80,24,1,1,4824,362,0,1,362
fc1a1cd2d37a9100a80a496108f693ecebc59e14-dirty,3,typing,80,24,140,13950,93772,80,24,1,1,4983,362,0,1,362
fc1a1cd2d37a9100a80a496108f693ecebc59e14-dirty,3,typing,80,24,141,14010,93931,80,24,1,1,5142,362,0,1,362
fc1a1cd2d37a9100a80a496108f693ecebc59e14-dirty,3,typing,80,24,142,14111,94090,80,24,1,1,5301,362,0,1,362
fc1a1cd2d37a9100a80a496108f693ecebc59e14-dirty,3,typing,80,24,143,14207,94249,80,24,1,1,5460,362,0,1,362
fc1a1cd2d37a9100a80a496108f693ecebc59e14-dirty,3,typing,80,24,144,14308,96474,80,24,686,24,96537,111514,2,160,26269
fc1a1cd2d37a9100a80a496108f693ecebc59e14-dirty,3,typing,80,24,145,14408,96792,80,24,1,1,848,360,0,1,360
fc1a1cd2d37a9100a80a496108f693ecebc59e14-dirty,3,typing,80,24,146,14509,96951,80,24,1,1,1007,360,0,1,360
fc1a1cd2d37a9100a80a496108f693ecebc59e14-dirty,3,typing,80,24,147,14610,97110,80,24,1,1,1166,360,0,1,360
fc1a1cd2d37a9100a80a496108f693ecebc59e14-dirty,3,typing,80,24,148,14711,97110,80,24,0,0,199,199,0,0,199
fc1a1cd2d37a9100a80a496108f693ecebc59e14-dirty,3,typing,80,24,149,14807,97428,80,24,1,1,1484,360,0,1,360
fc1a1cd2d37a9100a80a496108f693ecebc59e14-dirty,3,typing,80,24,150,14907,97428,80,24,0,0,199,199,0,0,199
fc1a1cd2d37a9100a80a496108f693ecebc59e14-dirty,3,typing,80,24,151,15008,97746,80,24,1,1,1802,360,0,1,360
fc1a1cd2d37a9100a80a496108f693ecebc59e14-dirty,3,typing,80,24,152,15109,97906,80,24,1,1,1962,361,0,1,361
fc1a1cd2d37a9100a80a496108f693ecebc59e14-dirty,3,typing,80,24,153,15210,97906,80,24,0,0,200,200,0,0,200
fc1a1cd2d37a9100a80a496108f693ecebc59e14-dirty,3,typing,80,24,154,15310,98224,80,24,1,1,2280,362,0,1,362
fc1a1cd2d37a9100a80a496108f693ecebc59e14-dirty,3,typing,80,24,155,15411,98224,80,24,0,0,200,200,0,0,200
fc1a1cd2d37a9100a80a496108f693ecebc59e14-dirty,3,typing,80,24,156,15507,98542,80,24,1,1,2598,362,0,1,362
fc1a1cd2d37a9100a80a496108f693ecebc59e14-dirty,3,typing,80,24,157,15608,98542,80,24,0,0,200,200,0,0,200
fc1a1cd2d37a9100a80a496108f693ecebc59e14-dirty,3,typing,80,24,158,15708,98860,80,24,1,1,2916,362,0,1,362
fc1a1cd2d37a9100a80a496108f693ecebc59e14-dirty,3,typing,80,24,159,15809,99019,80,24,1,1,3075,362,0,1,362
fc1a1cd2d37a9100a80a496108f693ecebc59e14-dirty,3,typing,80,24,160,15910,99019,80,24,0,0,200,200,0,0,200
fc1a1cd2d37a9100a80a496108f693ecebc59e14-dirty,3,typing,80,24,161,16011,99337,80,24,1,1,3393,362,0,1,362
fc1a1cd2d37a9100a80a496108f693ecebc59e14-dirty,3,typing,80,24,162,16148,99496,80,24,1,1,3552,362,0,1,362
fc1a1cd2d37a9100a80a496108f693ecebc59e14-dirty,3,typing,80,24,163,16207,99496,80,24,0,0,200,200,0,0,200
fc1a1cd2d37a9100a80a496108f693ecebc59e14-dirty,3,typing,80,24,164,16308,99814,80,24,1,1,3870,362,0,1,362
fc1a1cd2d37a9100a80a496108f693ecebc59e14-dirty,3,typing,80,24,165,16409,99973,80,24,1,1,4029,362,0,1,362
fc1a1cd2d37a9100a80a496108f693ecebc59e14-dirty,3,typing,80,24,166,16550,100132,80,24,1,1,4188,362,0,1,362
fc1a1cd2d37a9100a80a496108f693ecebc59e14-dirty,3,typing,80,24,167,16611,100291,80,24,1,1,4347,362,0,1,362
fc1a1cd2d37a9100a80a496108f693ecebc59e14-dirty,3,typing,80,24,168,16712,100291,80,24,0,0,200,200,0,0,200
fc1a1cd2d37a9100a80a496108f693ecebc59e14-dirty,3,typing,80,24,169,16808,100610,80,24,1,1,4666,363,0,1,363
fc1a1cd2d37a9100a80a496108f693ecebc59e14-dirty,3,typing,80,24,170,16949,100769,80,24,1,1,4825,362,0,1,362
fc1a1cd2d37a9100a80a496108f693ecebc59e14-dirty,3,typing,80,24,171,17050,100928,80,24,1,1,4984,362,0,1,362
fc1a1cd2d37a9100a80a496108f693ecebc59e14-dirty,3,typing,80,24,172,17110,101087,80,24,1,1,5143,362,0,1,362
fc1a1cd2d37a9100a80a496108f693ecebc59e14-dirty,3,typing,80,24,173,17251,101246,80,24,1,1,5302,362,0,1,362
fc1a1cd2d37a9100a80a496108f693ecebc59e14-dirty,3,typing,80,24,174,17352,101246,80,24,0,0,200,200,0,0,200
fc1a1cd2d37a9100a80a496108f693ecebc59e14-dirty,3,typing,80,24,175,17448,101564,80,24,1,1,5620,362,0,1,362
fc1a1cd2d37a9100a80a496108f693ecebc59e14-dirty,3,typing,80,24,176,17508,101723,80,24,1,1,5779,362,0,1,362
fc1a1cd2d37a9100a80a496108f693ecebc59e14-dirty,3,typing,80,24,177,17609,101883,80,24,1,1,5939,363,0,1,363
fc1a1cd2d37a9100a80a496108f693ecebc59e14-dirty,3,typing,80,24,178,17709,102042,80,24,1,1,6098,362,0,1,362
fc1a1cd2d37a9100a80a496108f693ecebc59e14-dirty,3,typing,80,24,179,17810,102042,80,24,0,0,200,200,0,0,200
fc1a1cd2d37a9100a80a496108f693ecebc59e14-dirty,3,typing,80,24,180,17911,102360,80,24,1,1,6416,362,0,1,362
fc1a1cd2d37a9100a80a496108f693ecebc59e14-dirty,3,typing,80,24,181,18007,108549,80,24,1,1,12605,362,0,1,362
fc1a1cd2d37a9100a80a496108f693ecebc59e14-dirty,3,typing,80,24,182,18108,108549,80,24,1,1,12605,362,0,1,362
fc1a1cd2d37a9100a80a496108f693ecebc59e14-dirty,3,typing,80,24,183,18208,108549,80,24,1,1,12605,362,0,1,362
fc1a1cd2d37a9100a80a496108f693ecebc59e14-dirty,3,typing,80,24,184,18309,103618,80,24,691,24,103681,112303,4,320,52329
fc1a1cd2d37a9100a80a496108f693ecebc59e14-dirty,3,typing,80,24,185,18410,103936,80,24,1,1,848,360,0,1,360
fc1a1cd2d37a9100a80a496108f693ecebc59e14-dirty,3,typing,80,24,186,18511,104095,80,24,1,1,1007,360,0,1,360
fc1a1cd2d37a9100a80a496108f693ecebc59e14-dirty,3,typing,80,24,187,18612,104254,80,24,1,1,1166,360,0,1,360
fc1a1cd2d37a9100a80a496108f693ecebc59e14-dirty,3,typing,80,24,188,18749,104413,80,24,1,1,1325,360,0,1,360
fc1a1cd2d37a9100a80a496108f693ecebc59e14-dirty,3,typing,80,24,189,18808,104572,80,24,1,1,1484,360,0,1,360
fc1a1cd2d37a9100a80a496108f693ecebc59e14-dirty,3,typing,80,24,190,18950,104731,80,24,1,1,1643,360,0,1,360
fc1a1cd2d37a9100a80a496108f693ecebc59e14-dirty,3,typing,80,24,191,19010,104731,80,24,0,0,199,199,0,0,199
fc1a1cd2d37a9100a80a496108f693ecebc59e14-dirty,3,typing,80,24,192,19111,105050,80,24,1,1,1962,361,0,1,361
fc1a1cd2d37a9100a80a496108f693ecebc59e14-dirty,3,typing,80,24,193,19211,105209,80,24,1,1,2121,362,0,1,362
fc1a1cd2d37a9100a80a496108f693ecebc59e14-dirty,3,typing,80,24,194,19348,105368,80,24,1,1,2280,362,0,1,362
fc1a1cd2d37a9100a80a496108f693ecebc59e14-dirty,3,typing,80,24,195,19408,105528,80,24,1,1,2440,363,0,1,363
fc1a1cd2d37a9100a80a496108f693ecebc59e14-dirty,3,typing,80,24,196,19509,105687,80,24,1,1,2599,362,0,1,362
fc1a1cd2d37a9100a80a496108f693ecebc59e14-dirty,3,typing,80,24,197,19609,105846,80,24,1,1,2758,362,0,1,362
fc1a1cd2d37a9100a80a496108f693ecebc59e14-dirty,3,typing,80,24,198,19710,105846,80,24,0,0,200,200,0,0,200
fc1a1cd2d37a9100a80a496108f693ecebc59e14-dirty,3,typing,80,24,199,19811,106164,80,24,1,1,3076,362,0,1,362
fc1a1cd2d37a9100a80a496108f693ecebc59e14-dirty,3,typing,80,24,200,19912,106323,80,24,1,1,3235,362,0,1,362
fc1a1cd2d37a9100a80a496108f693ecebc59e14-dirty,3,typing,80,24,201,20008,106482,80,24,1,1,3394,362,0,1,362
fc1a1cd2d37a9100a80a496108f693ecebc59e14-dirty,3,typing,80,24,202,20150,106641,80,24,1,1,3553,362,0,1,362
fc1a1cd2d37a9100a80a496108f693ecebc59e14-dirty,3,typing,80,24,203,20209,106800,80,24,1,1,3712,362,0,1,362
fc1a1cd2d37a9100a80a496108f693ecebc59e14-dirty,3,typing,80,24,204,20310,106800,80,24,0,0,200,200,0,0,200
fc1a1cd2d37a9100a80a496108f693ecebc59e14-dirty,3,typing,80,24,205,20411,107118,80,24,1,1,4030,362,0,1,362
fc1a1cd2d37a9100a80a496108f693ecebc59e14-dirty,3,typing,80,24,206,20512,107277,80,24,1,1,4189,362,0,1,362
fc1a1cd2d37a9100a80a496108f693ecebc59e14-dirty,3,typing,80,24,207,20607,107436,80,24,1,1,4348,362,0,1,362
fc1a1cd2d37a9100a80a496108f693ecebc59e14-dirty,3,typing,80,24,208,20708,107595,80,24,1,1,4507,362,0,1,362
fc1a1cd2d37a9100a80a496108f693ecebc59e14-dirty,3,typing,80,24,209,20809,107595,80,24,0,0,200,200,0,0,200
fc1a1cd2d37a9100a80a496108f693ecebc59e14-dirty,3,typing,80,24,210,20910,107913,80,24,1,1,4825,362,0,1,362
fc1a1cd2d37a9100a80a496108f693ecebc59e14-dirty,3,typing,80,24,211,21051,108072,80,24,1,1,4984,362,0,1,362
fc1a1cd2d37a9100a80a496108f693ecebc59e14-dirty,3,typing,80,24,212,21111,108231,80,24,1,1,5143,362,0,1,362
fc1a1cd2d37a9100a80a496108f693ecebc59e14-dirty,3,typing,80,24,213,21254,108231,80,24,1,1,5143,362,0,1,362
fc1a1cd2d37a9100a80a496108f693ecebc59e14-dirty,3,typing,80,24,214,21308,108390,80,24,1,1,5302,362,0,1,362
fc1a1cd2d37a9100a80a496108f693ecebc59e14-dirty,3,typing,80,24,215,21409,108390,80,24,0,0,200,200,0,0,200
fc1a1cd2d37a9100a80a496108f693ecebc59e14-dirty,3,typing,80,24,216,21510,108708,80,24,1,1,5620,362,0,1,362
fc1a1cd2d37a9100a80a496108f693ecebc59e14-dirty,3,typing,80,24,217,21610,108867,80,24,1,1,5779,362,0,1,362
fc1a1cd2d37a9100a80a496108f693ecebc59e14-dirty,3,typing,80,24,218,21711,109026,80,24,1,1,5938,362,0,1,362
fc1a1cd2d37a9100a80a496108f693ecebc59e14-dirty,3,typing,80,24,219,21812,109185,80,24,1,1,6097,362,0,1,362
fc1a1cd2d37a9100a80a496108f693ecebc59e14-dirty,3,typing,80,24,220,21949,109344,80,24,1,1,6256,362,0,1,362
fc1a1cd2d37a9100a80a496108f693ecebc59e14-dirty,3,typing,80,24,221,22008,83768,80,24,613,24,83831,99625,5,400,65359
fc1a1cd2d37a9100a80a496108f693ecebc59e14-dirty,3,typing,80,24,222,22109,84086,80,24,1,1,848,360,0,1,360
fc1a1cd2d37a9100a80a496108f693ecebc59e14-dirty,3,typing,80,24,223,22209,84245,80,24,1,1,1007,360,0,1,360
fc1a1cd2d37a9100a80a496108f693ecebc59e14-dirty,3,typing,80,24,224,22310,84404,80,24,1,1,1166,360,0,1,360
fc1a1cd2d37a9100a80a496108f693ecebc59e14-dirty,3,typing,80,24,225,22411,84563,80,24,1,1,1325,360,0,1,360
fc1a1cd2d37a9100a80a496108f693ecebc59e14-dirty,3,typing,80,24,226,22512,84563,80,24,0,0,199,199,0,0,199
fc1a1cd2d37a9100a80a496108f693ecebc59e14-dirty,3,typing,80,24,227,22608,84881,80,24,1,1,1643,360,0,1,360
fc1a1cd2d37a9100a80a496108f693ecebc59e14-dirty,3,typing,80,24,228,22708,84881,80,24,0,0,199,199,0,0,199
fc1a1cd2d37a9100a80a496108f693ecebc59e14-dirty,3,typing,80,24,229,22810,85200,80,24,1,1,1962,361,0,1,361
fc1a1cd2d37a9100a80a496108f693ecebc59e14-dirty,3,typing,80,24,230,22911,85359,80,24,1,1,2121,362,0,1,362
fc1a1cd2d37a9100a80a496108f693ecebc59e14-dirty,3,typing,80,24,231,23011,85518,80,24,1,1,2280,362,0,1,362
fc1a1cd2d37a9100a80a496108f693ecebc59e14-dirty,3,typing,80,24,232,23112,85677,80,24,1,1,2439,362,0,1,362
fc1a1cd2d37a9100a80a496108f693ecebc59e14-dirty,3,typing,80,24,233,23208,85836,80,24,1,1,2598,362,0,1,362
fc1a1cd2d37a9100a80a496108f693ecebc59e14-dirty,3,typing,80,24,234,23309,85995,80,24,1,1,2757,362,0,1,362
fc1a1cd2d37a9100a80a496108f693ecebc59e14-dirty,3,typing,80,24,235,23410,86154,80,24,1,1,2916,362,0,1,362
fc1a1cd2d37a9100a80a496108f693ecebc59e14-dirty,3,typing,80,24,236,23511,86313,80,24,1,1,3075,362,0,1,362
fc1a1cd2d37a9100a80a496108f693ecebc59e14-dirty,3,typing,80,24,237,23612,86313,80,24,0,0,200,200,0,0,200
fc1a1cd2d37a9100a80a496108f693ecebc59e14-dirty,3,typing,80,24,238,23708,86631,80,24,1,1,3393,362,0,1,362
fc1a1cd2d37a9100a80a496108f693ecebc59e14-dirty,3,typing,80,24,239,23808,86790,80,24,1,1,3552,362,0,1,362
fc1a1cd2d37a9100a80a496108f693ecebc59e14-dirty,3,typing,80,24,240,23909,86949,80,24,1,1,3711,362,0,1,362
fc1a1cd2d37a9100a80a496108f693ecebc59e14-dirty,3,typing,80,24,241,24010,87108,80,24,1,1,3870,362,0,1,362
fc1a1cd2d37a9100a80a496108f693ecebc59e14-dirty,3,typing,80,24,242,24110,87267,80,24,1,1,4029,362,0,1,362
fc1a1cd2d37a9100a80a496108f693ecebc59e14-dirty,3,typing,80,24,243,24211,87426,80,24,1,1,4188,362,0,1,362
fc1a1cd2d37a9100a80a496108f693ecebc59e14-dirty,3,typing,80,24,244,24312,87426,80,24,0,0,200,200,0,0,200
fc1a1cd2d37a9100a80a496108f693ecebc59e14-dirty,3,typing,80,24,245,24408,87744,80,24,1,1,4506,362,0,1,362
fc1a1cd2d37a9100a80a496108f693ecebc59e14-dirty,3,typing,80,24,246,24508,87903,80,24,1,1,4665,362,0,1,362
fc1a1cd2d37a9100a80a496108f693ecebc59e14-dirty,3,typing,80,24,247,24609,88062,80,24,1,1,4824,362,0,1,362
fc1a1cd2d37a9100a80a496108f693ecebc59e14-dirty,3,typing,80,24,248,24710,88221,80,24,1,1,4983,362,0,1,362
fc1a1cd2d37a9100a80a496108f693ecebc59e14-dirty,3,typing,80,24,249,24811,88221,80,24,0,0,200,200,0,0,200
fc1a1cd2d37a9100a80a496108f693ecebc59e14-dirty,3,typing,80,24,250,24912,88539,80,24,1,1,5301,362,0,1,362
fc1a1cd2d37a9100a80a496108f693ecebc59e14-dirty,3,typing,80,24,251,25008,88698,80,24,1,1,5460,362,0,1,362
fc1a1cd2d37a9100a80a496108f693ecebc59e14-dirty,3,typing,80,24,252,25111,88698,80,24,0,0,200,200,0,0,200
fc1a1cd2d37a9100a80a496108f693ecebc59e14-dirty,3,typing,80,24,253,25209,89016,80,24,1,1,5778,362,0,1,362
fc1a1cd2d37a9100a80a496108f693ecebc59e14-dirty,3,typing,80,24,254,25310,89175,80,24,1,1,5937,362,0,1,362
fc1a1cd2d37a9100a80a496108f693ecebc59e14-dirty,3,typing,80,24,255,25411,89334,80,24,1,1,6096,362,0,1,362
fc1a1cd2d37a9100a80a496108f693ecebc59e14-dirty,3,typing,80,24,256,25511,89493,80,24,1,1,6255,362,0,1,362
fc1a1cd2d37a9100a80a496108f693ecebc59e14-dirty,3,typing,80,24,257,25612,89493,80,24,0,0,200,200,0,0,200
fc1a1cd2d37a9100a80a496108f693ecebc59e14-dirty,3,typing,80,24,258,25708,95841,80,24,1,1,12603,362,0,1,362
fc1a1cd2d37a9100a80a496108f693ecebc59e14-dirty,3,typing,80,24,259,25809,95841,80,24,1,1,12603,362,0,1,362
fc1a1cd2d37a9100a80a496108f693ecebc59e14-dirty,3,typing,80,24,260,25909,95841,80,24,1,1,12603,362,0,1,362
fc1a1cd2d37a9100a80a496108f693ecebc59e14-dirty,3,typing,80,24,261,26010,95841,80,24,1,1,12603,362,0,1,362
fc1a1cd2d37a9100a80a496108f693ecebc59e14-dirty,3,typing,80,24,262,26111,95841,80,24,0,0,200,200,0,0,200
fc1a1cd2d37a9100a80a496108f693ecebc59e14-dirty,3,typing,80,24,263,26253,95841,80,24,1,1,12603,362,0,1,362
fc1a1cd2d37a9100a80a496108f693ecebc59e14-dirty,3,typing,80,24,264,26312,95841,80,24,0,0,200,200,0,0,200
fc1a1cd2d37a9100a80a496108f693ecebc59e14-dirty,3,typing,80,24,265,26408,95841,80,24,1,1,12603,362,0,1,362
fc1a1cd2d37a9100a80a496108f693ecebc59e14-dirty,3,typing,80,24,266,26509,95841,80,24,1,1,12603,362,0,1,362
fc1a1cd2d37a9100a80a496108f693ecebc59e14-dirty,3,typing,80,24,267,26610,95841,80,24,1,1,12603,362,0,1,362
fc1a1cd2d37a9100a80a496108f693ecebc59e14-dirty,3,typing,80,24,268,26710,95841,80,24,1,1,12603,362,0,1,362
fc1a1cd2d37a9100a80a496108f693ecebc59e14-dirty,3,typing,80,24,269,26811,95841,80,24,1,1,12603,362,0,1,362
fc1a1cd2d37a9100a80a496108f693ecebc59e14-dirty,3,typing,80,24,270,26912,95841,80,24,1,1,12603,362,0,1,362
fc1a1cd2d37a9100a80a496108f693ecebc59e14-dirty,3,typing,80,24,271,27012,95841,80,24,0,0,200,200,0,0,200
fc1a1cd2d37a9100a80a496108f693ecebc59e14-dirty,3,typing,80,24,272,27150,95841,80,24,1,1,12603,362,0,1,362
fc1a1cd2d37a9100a80a496108f693ecebc59e14-dirty,3,typing,80,24,273,27210,95841,80,24,1,1,12603,362,0,1,362
fc1a1cd2d37a9100a80a496108f693ecebc59e14-dirty,3,typing,80,24,274,27310,95841,80,24,1,1,12603,362,0,1,362
fc1a1cd2d37a9100a80a496108f693ecebc59e14-dirty,3,typing,80,24,275,27411,95841,80,24,1,1,12603,362,0,1,362
fc1a1cd2d37a9100a80a496108f693ecebc59e14-dirty,3,typing,80,24,276,27512,95841,80,24,1,1,12603,362,0,1,362
fc1a1cd2d37a9100a80a496108f693ecebc59e14-dirty,3,typing,80,24,277,27613,95841,80,24,0,0,200,200,0,0,200
fc1a1cd2d37a9100a80a496108f693ecebc59e14-dirty,3,typing,80,24,278,27708,95841,80,24,1,1,12603,362,0,1,362
fc1a1cd2d37a9100a80a496108f693ecebc59e14-dirty,3,typing,80,24,279,27810,95841,80,24,1,1,12603,362,0,1,362
fc1a1cd2d37a9100a80a496108f693ecebc59e14-dirty,3,typing,80,24,280,27910,95841,80,24,0,0,200,200,0,0,200
fc1a1cd2d37a9100a80a496108f693ecebc59e14-dirty,3,typing,80,24,281,28056,95841,80,24,1,1,12603,362,0,1,362
fc1a1cd2d37a9100a80a496108f693ecebc59e14-dirty,3,typing,80,24,282,28151,95841,80,24,0,0,200,200,0,0,200
fc1a1cd2d37a9100a80a496108f693ecebc59e14-dirty,3,typing,80,24,283,28210,95841,80,24,1,1,12603,362,0,1,362
fc1a1cd2d37a9100a80a496108f693ecebc59e14-dirty,3,typing,80,24,284,28311,95841,80,24,1,1,12603,362,0,1,362
fc1a1cd2d37a9100a80a496108f693ecebc59e14-dirty,3,typing,80,24,285,28412,95841,80,24,1,1,12603,362,0,1,362
fc1a1cd2d37a9100a80a496108f693ecebc59e14-dirty,3,typing,80,24,286,28512,95841,80,24,1,1,12603,362,0,1,362
fc1a1cd2d37a9100a80a496108f693ecebc59e14-dirty,3,typing,80,24,287,28608,95841,80,24,1,1,12603,362,0,1,362
fc1a1cd2d37a9100a80a496108f693ecebc59e14-dirty,3,typing,80,24,288,28709,95841,80,24,0,0,200,200,0,0,200
fc1a1cd2d37a9100a80a496108f693ecebc59e14-dirty,3,typing,80,24,289,28810,95841,80,24,1,1,12603,362,0,1,362
fc1a1cd2d37a9100a80a496108f693ecebc59e14-dirty,3,typing,80,24,290,28911,95841,80,24,1,1,12603,362,0,1,362
fc1a1cd2d37a9100a80a496108f693ecebc59e14-dirty,3,typing,80,24,291,29012,95841,80,24,1,1,12603,362,0,1,362
fc1a1cd2d37a9100a80a496108f693ecebc59e14-dirty,3,typing,80,24,292,29112,95841,80,24,1,1,12603,362,0,1,362
fc1a1cd2d37a9100a80a496108f693ecebc59e14-dirty,3,typing,80,24,293,29213,95841,80,24,1,1,12603,362,0,1,362
fc1a1cd2d37a9100a80a496108f693ecebc59e14-dirty,3,typing,80,24,294,29309,95841,80,24,1,1,12603,362,0,1,362
fc1a1cd2d37a9100a80a496108f693ecebc59e14-dirty,3,typing,80,24,295,29410,103937,80,24,676,24,104000,109928,2,160,26269
fc1a1cd2d37a9100a80a496108f693ecebc59e14-dirty,3,typing,80,24,296,29552,104255,80,24,1,1,848,360,0,1,360
fc1a1cd2d37a9100a80a496108f693ecebc59e14-dirty,3,typing,80,24,297,29611,104414,80,24,1,1,1007,360,0,1,360
fc1a1cd2d37a9100a80a496108f693ecebc59e14-dirty,3,typing,80,24,298,29713,104573,80,24,1,1,1166,360,0,1,360
fc1a1cd2d37a9100a80a496108f693ecebc59e14-dirty,3,typing,80,24,299,29813,104732,80,24,1,1,1325,360,0,1,360
fc1a1cd2d37a9100a80a496108f693ecebc59e14-dirty,3,typing,80,24,300,29909,104732,80,24,0,0,199,199,0,0,199
fc1a1cd2d37a9100a80a496108f693ecebc59e14-dirty,3,typing,80,24,301,30009,105050,80,24,1,1,1643,360,0,1,360
fc1a1cd2d37a9100a80a496108f693ecebc59e14-dirty,3,typing,80,24,302,30110,105209,80,24,1,1,1802,360,0,1,360
fc1a1cd2d37a9100a80a496108f693ecebc59e14-dirty,3,typing,80,24,303,30253,105369,80,24,1,1,1962,361,0,1,361
fc1a1cd2d37a9100a80a496108f693ecebc59e14-dirty,3,typing,80,24,304,30353,105369,80,24,0,0,200,200,0,0,200
fc1a1cd2d37a9100a80a496108f693ecebc59e14-dirty,3,typing,80,24,305,30413,105687,80,24,1,1,2280,362,0,1,362
fc1a1cd2d37a9100a80a496108f693ecebc59e14-dirty,3,typing,80,24,306,30513,105846,80,24,1,1,2439,362,0,1,362
fc1a1cd2d37a9100a80a496108f693ecebc59e14-dirty,3,typing,80,24,307,30609,106005,80,24,1,1,2598,362,0,1,362
fc1a1cd2d37a9100a80a496108f693ecebc59e14-dirty,3,typing,80,24,308,30710,102665,80,24,701,24,102728,113994,2,160,26269
fc1a1cd2d37a9100a80a496108f693ecebc59e14-dirty,1,editor,80,24,1,43,102983,80,24,1,1,848,360,0,1,360
fc1a1cd2d37a9100a80a496108f693ecebc59e14-dirty,1,editor,80,24,2,102,103142,80,24,1,1,1007,360,0,1,360
fc1a1cd2d37a9100a80a496108f693ecebc59e14-dirty,1,editor,80,24,3,203,103301,80,24,1,1,1166,360,0,1,360
fc1a1cd2d37a9100a80a496108f693ecebc59e14-dirty,1,editor,80,24,4,304,103301,80,24,0,0,199,199,0,0,199
fc1a1cd2d37a9100a80a496108f693ecebc59e14-dirty,1,editor,80,24,5,405,103619,80,24,1,1,1484,360,0,1,360
fc1a1cd2d37a9100a80a496108f693ecebc59e14-dirty,1,editor,80,24,6,505,103778,80,24,1,1,1643,360,0,1,360
fc1a1cd2d37a9100a80a496108f693ecebc59e14-dirty,1,editor,80,24,7,606,103778,80,24,0,0,199,199,0,0,199
fc1a1cd2d37a9100a80a496108f693ecebc59e14-dirty,1,editor,80,24,8,702,104097,80,24,1,1,1962,361,0,1,361
fc1a1cd2d37a9100a80a496108f693ecebc59e14-dirty,1,editor,80,24,9,803,104256,80,24,1,1,2121,362,0,1,362
fc1a1cd2d37a9100a80a496108f693ecebc59e14-dirty,1,editor,80,24,10,904,104256,80,24,0,0,200,200,0,0,200
fc1a1cd2d37a9100a80a496108f693ecebc59e14-dirty,1,editor,80,24,11,1005,104574,80,24,1,1,2439,362,0,1,362
fc1a1cd2d37a9100a80a496108f693ecebc59e14-dirty,1,editor,80,24,12,1147,104733,80,24,1,1,2598,362,0,1,362
fc1a1cd2d37a9100a80a496108f693ecebc59e14-dirty,1,editor,80,24,13,1247,104892,80,24,1,1,2757,362,0,1,362
fc1a1cd2d37a9100a80a496108f693ecebc59e14-dirty,1,editor,80,24,14,1302,105051,80,24,1,1,2916,362,0,1,362
fc1a1cd2d37a9100a80a496108f693ecebc59e14-dirty,1,editor,80,24,15,1403,105051,80,24,0,0,200,200,0,0,200
fc1a1cd2d37a9100a80a496108f693ecebc59e14-dirty,1,editor,80,24,16,1503,105369,80,24,1,1,3234,362,0,1,362
fc1a1cd2d37a9100a80a496108f693ecebc59e14-dirty,1,editor,80,24,17,1604,105528,80,24,1,1,3393,362,0,1,362
fc1a1cd2d37a9100a80a496108f693ecebc59e14-dirty,1,editor,80,24,18,1705,105687,80,24,1,1,3552,362,0,1,362
fc1a1cd2d37a9100a80a496108f693ecebc59e14-dirty,1,editor,80,24,19,1807,105846,80,24,1,1,3711,362,0,1,362
fc1a1cd2d37a9100a80a496108f693ecebc59e14-dirty,1,editor,80,24,20,1902,106005,80,24,1,1,3870,362,0,1,362
fc1a1cd2d37a9100a80a496108f693ecebc59e14-dirty,1,editor,80,24,21,2045,106164,80,24,1,1,4029,362,0,1,362
fc1a1cd2d37a9100a80a496108f693ecebc59e14-dirty,1,editor,80,24,22,2104,106323,80,24,1,1,4188,362,0,1,362
fc1a1cd2d37a9100a80a496108f693ecebc59e14-dirty,1,editor,80,24,23,2205,106482,80,24,1,1,4347,362,0,1,362
fc1a1cd2d37a9100a80a496108f693ecebc59e14-dirty,1,editor,80,24,24,2347,106641,80,24,1,1,4506,362,0,1,362
fc1a1cd2d37a9100a80a496108f693ecebc59e14-dirty,1,editor,80,24,25,2407,106800,80,24,1,1,4665,362,0,1,362
fc1a1cd2d37a9100a80a496108f693ecebc59e14-dirty,1,editor,80,24,26,2508,102823,80,24,637,24,102886,103568,1,80,13239
fc1a1cd2d37a9100a80a496108f693ecebc59e14-dirty,1,editor,80,24,27,2510,189072,80,24,1241,24,189135,202151,2,1223,199287
fc1a1cd2d37a9100a80a496108f693ecebc59e14-dirty,1,editor,80,24,28,2515,189072,80,24,0,0,197,197,0,0,197
fc1a1cd2d37a9100a80a496108f693ecebc59e14-dirty,1,editor,80,24,29,4604,189072,80,24,1,1,5778,359,0,1,359
fc1a1cd2d37a9100a80a496108f693ecebc59e14-dirty,1,editor,80,24,30,4705,189389,80,24,4,1,6095,848,0,4,848
fc1a1cd2d37a9100a80a496108f693ecebc59e14-dirty,1,editor,80,24,31,4806,189072,80,24,4,1,5778,848,0,4,848
fc1a1cd2d37a9100a80a496108f693ecebc59e14-dirty,1,editor,80,24,32,4907,189072,80,24,1,1,5778,359,0,1,359
fc1a1cd2d37a9100a80a496108f693ecebc59e14-dirty,1,editor,80,24,33,5044,189072,80,24,1,1,5778,359,0,1,359
fc1a1cd2d37a9100a80a496108f693ecebc59e14-dirty,1,editor,80,24,34,5146,189072,80,24,1,1,5778,359,0,1,359
fc1a1cd2d37a9100a80a496108f693ecebc59e14-dirty,1,editor,80,24,35,5206,189072,80,24,1,1,5778,359,0,1,359
fc1a1cd2d37a9100a80a496108f693ecebc59e14-dirty,1,editor,80,24,36,5349,189072,80,24,1,1,5778,359,0,1,359
fc1a1cd2d37a9100a80a496108f693ecebc59e14-dirty,1,editor,80,24,37,5404,189232,80,24,4,1,5938,849,0,4,849
fc1a1cd2d37a9100a80a496108f693ecebc59e14-dirty,1,editor,80,24,38,5505,189073,80,24,1,1,5779,360,0,1,360
fc1a1cd2d37a9100a80a496108f693ecebc59e14-dirty,1,editor,80,24,39,5647,189232,80,24,1,1,5938,360,0,1,360
fc1a1cd2d37a9100a80a496108f693ecebc59e14-dirty,1,editor,80,24,40,5707,189232,80,24,1,1,5938,360,0,1,360
fc1a1cd2d37a9100a80a496108f693ecebc59e14-dirty,1,editor,80,24,41,5804,189232,80,24,1,1,5938,360,0,1,360
fc1a1cd2d37a9100a80a496108f693ecebc59e14-dirty,1,editor,80,24,42,5945,189232,80,24,1,1,5938,360,0,1,360
fc1a1cd2d37a9100a80a496108f693ecebc59e14-dirty,1,editor,80,24,43,6006,189232,80,24,1,1,5938,360,0,1,360
fc1a1cd2d37a9100a80a496108f693ecebc59e14-dirty,1,editor,80,24,44,6107,193183,80,24,1515,24,193246,246440,1,192,31474
fc1a1cd2d37a9100a80a496108f693ecebc59e14-dirty,1,editor,80,24,45,6209,205096,80,24,1021,23,203077,165976,2,216,35394
fc1a1cd2d37a9100a80a496108f693ecebc59e14-dirty,1,editor,80,24,46,6346,205096,80,24,1,1,1643,360,0,1,360
fc1a1cd2d37a9100a80a496108f693ecebc59e14-dirty,1,editor,80,24,47,6406,217327,80,24,1452,24,217390,236154,1,130,21386
fc1a1cd2d37a9100a80a496108f693ecebc59e14-dirty,1,editor,80,24,48,6508,217327,80,24,1397,24,217390,227183,1,130,21386
fc1a1cd2d37a9100a80a496108f693ecebc59e14-dirty,1,editor,80,24,49,6651,224788,80,24,1370,24,224851,222778,1,132,21712
fc1a1cd2d37a9100a80a496108f693ecebc59e14-dirty,1,editor,80,24,50,6706,224947,80,24,1353,24,225010,220006,1,144,23668
fc1a1cd2d37a9100a80a496108f693ecebc59e14-dirty,1,editor,80,24,51,6848,213193,80,24,1356,24,213256,220476,1,88,14540
fc1a1cd2d37a9100a80a496108f693ecebc59e14-dirty,1,editor,80,24,52,6950,206686,80,24,1342,24,206749,218161,1,121,19915
fc1a1cd2d37a9100a80a496108f693ecebc59e14-dirty,1,editor,80,24,53,7049,194614,80,24,1334,24,194677,216818,1,87,14378
fc1a1cd2d37a9100a80a496108f693ecebc59e14-dirty,1,editor,80,24,54,7105,182700,80,24,1293,24,182763,210103,1,86,14216
fc1a1cd2d37a9100a80a496108f693ecebc59e14-dirty,1,editor,80,24,55,7206,182383,80,24,1312,24,182446,213160,1,146,23987
fc1a1cd2d37a9100a80a496108f693ecebc59e14-dirty,1,editor,80,24,56,7307,183178,80,24,901,23,181160,146667,2,219,35880
fc1a1cd2d37a9100a80a496108f693ecebc59e14-dirty,1,editor,80,24,57,7408,183178,80,24,2,1,1643,523,0,2,523
fc1a1cd2d37a9100a80a496108f693ecebc59e14-dirty,1,editor,80,24,58,7504,174291,80,24,901,23,172273,146636,2,180,29531
fc1a1cd2d37a9100a80a496108f693ecebc59e14-dirty,1,editor,80,24,59,7604,90581,80,24,1050,24,90644,170639,1,942,153146
fc1a1cd2d37a9100a80a496108f693ecebc59e14-dirty,1,editor,80,24,60,7704,90899,80,24,4,1,2437,849,0,4,849
fc1a1cd2d37a9100a80a496108f693ecebc59e14-dirty,1,editor,80,24,61,7805,90581,80,24,4,1,2119,849,0,4,849
fc1a1cd2d37a9100a80a496108f693ecebc59e14-dirty,1,editor,80,24,62,7906,90899,80,24,4,1,2437,849,0,4,849
fc1a1cd2d37a9100a80a496108f693ecebc59e14-dirty,1,editor,80,24,63,8006,90581,80,24,4,1,2119,849,0,4,849
fc1a1cd2d37a9100a80a496108f693ecebc59e14-dirty,1,editor,80,24,64,8107,90581,80,24,1,1,2119,360,0,1,360
fc1a1cd2d37a9100a80a496108f693ecebc59e14-dirty,1,editor,80,24,65,8203,90899,80,24,4,1,2437,849,0,4,849
fc1a1cd2d37a9100a80a496108f693ecebc59e14-dirty,1,editor,80,24,66,8303,90422,80,24,5,1,1960,1012,0,5,1012
fc1a1cd2d37a9100a80a496108f693ecebc59e14-dirty,1,editor,80,24,67,8404,90422,80,24,1,1,1960,360,0,1,360
fc1a1cd2d37a9100a80a496108f693ecebc59e14-dirty,1,editor,80,24,68,8505,90422,80,24,1,1,1960,360,0,1,360
fc1a1cd2d37a9100a80a496108f693ecebc59e14-dirty,1,editor,80,24,69,8605,90263,80,24,1,1,1801,360,0,1,360
fc1a1cd2d37a9100a80a496108f693ecebc59e14-dirty,1,editor,80,24,70,8706,90581,80,24,1,1,2119,360,0,1,360
fc1a1cd2d37a9100a80a496108f693ecebc59e14-dirty,1,editor,80,24,71,8850,184936,80,24,1178,24,184999,191909,1,1127,183720
fc1a1cd2d37a9100a80a496108f693ecebc59e14-dirty,1,editor,80,24,72,8904,185254,80,24,1,1,1960,359,0,1,359
fc1a1cd2d37a9100a80a496108f693ecebc59e14-dirty,1,editor,80,24,73,9047,185413,80,24,1,1,2119,359,0,1,359
fc1a1cd2d37a9100a80a496108f693ecebc59e14-dirty,1,editor,80,24,74,9108,217327,80,24,1504,24,217390,244602,5,502,81964
fc1a1cd2d37a9100a80a496108f693ecebc59e14-dirty,1,editor,80,24,75,9248,214137,80,24,1391,24,214200,226177,1,86,14204
fc1a1cd2d37a9100a80a496108f693ecebc59e14-dirty,1,editor,80,24,76,9350,214296,80,24,2,2,3397,522,0,2,522
fc1a1cd2d37a9100a80a496108f693ecebc59e14-dirty,1,editor,80,24,77,9446,214296,80,24,1,1,3064,360,0,1,360
fc1a1cd2d37a9100a80a496108f693ecebc59e14-dirty,1,editor,80,24,78,9547,214614,80,24,2,2,3715,522,0,2,522
fc1a1cd2d37a9100a80a496108f693ecebc59e14-dirty,1,editor,80,24,79,9648,214773,80,24,2,2,3874,522,0,2,522
fc1a1cd2d37a9100a80a496108f693ecebc59e14-dirty,1,editor,80,24,80,9709,214932,80,24,2,2,4033,522,0,2,522
fc1a1cd2d37a9100a80a496108f693ecebc59e14-dirty,1,editor,80,24,81,9806,214932,80,24,1,1,3064,360,0,1,360
fc1a1cd2d37a9100a80a496108f693ecebc59e14-dirty,1,editor,80,24,82,9948,215250,80,24,2,2,4351,522,0,2,522
fc1a1cd2d37a9100a80a496108f693ecebc59e14-dirty,1,editor,80,24,83,10008,215409,80,24,2,2,4510,522,0,2,522
fc1a1cd2d37a9100a80a496108f693ecebc59e14-dirty,1,editor,80,24,84,10109,215727,80,24,3,2,4828,685,0,3,685
fc1a1cd2d37a9100a80a496108f693ecebc59e14-dirty,1,editor,80,24,85,10205,215728,80,24,2,2,4829,523,0,2,523
fc1a1cd2d37a9100a80a496108f693ecebc59e14-dirty,1,editor,80,24,86,10307,215887,80,24,1,1,3224,361,0,1,361
fc1a1cd2d37a9100a80a496108f693ecebc59e14-dirty,1,editor,80,24,87,10408,216205,80,24,2,2,5306,524,0,2,524
fc1a1cd2d37a9100a80a496108f693ecebc59e14-dirty,1,editor,80,24,88,10509,216364,80,24,2,2,5465,524,0,2,524
fc1a1cd2d37a9100a80a496108f693ecebc59e14-dirty,1,editor,80,24,89,10605,216523,80,24,2,2,5624,524,0,2,524
fc1a1cd2d37a9100a80a496108f693ecebc59e14-dirty,1,editor,80,24,90,10707,216682,80,24,2,2,5783,524,0,2,524
fc1a1cd2d37a9100a80a496108f693ecebc59e14-dirty,1,editor,80,24,91,10849,216841,80,24,2,2,5942,524,0,2,524
fc1a1cd2d37a9100a80a496108f693ecebc59e14-dirty,1,editor,80,24,92,10949,216841,80,24,1,1,3224,361,0,1,361
fc1a1cd2d37a9100a80a496108f693ecebc59e14-dirty,1,editor,80,24,93,11045,217159,80,24,2,2,6260,524,0,2,524
fc1a1cd2d37a9100a80a496108f693ecebc59e14-dirty,1,editor,80,24,94,11107,217318,80,24,3,2,6419,687,0,3,687
fc1a1cd2d37a9100a80a496108f693ecebc59e14-dirty,1,editor,80,24,95,11250,217477,80,24,2,2,6578,524,0,2,524
fc1a1cd2d37a9100a80a496108f693ecebc59e14-dirty,1,editor,80,24,96,11349,217477,80,24,2,2,6578,524,0,2,524
fc1a1cd2d37a9100a80a496108f693ecebc59e14-dirty,1,editor,80,24,97,11405,217636,80,24,1,1,3224,361,0,1,361
fc1a1cd2d37a9100a80a496108f693ecebc59e14-dirty,1,editor,80,24,98,11507,217954,80,24,2,2,7055,524,0,2,524
fc1a1cd2d37a9100a80a496108f693ecebc59e14-dirty,1,editor,80,24,99,11607,218113,80,24,2,2,7214,524,0,2,524
fc1a1cd2d37a9100a80a496108f693ecebc59e14-dirty,1,editor,80,24,100,11709,218272,80,24,2,2,7373,524,0,2,524
fc1a1cd2d37a9100a80a496108f693ecebc59e14-dirty,1,editor,80,24,101,11845,218272,80,24,1,1,3224,361,0,1,361
fc1a1cd2d37a9100a80a496108f693ecebc59e14-dirty,1,editor,80,24,102,11947,218590,80,24,2,2,7691,524,0,2,524
fc1a1cd2d37a9100a80a496108f693ecebc59e14-dirty,1,editor,80,24,103,12007,218749,80,24,2,2,7850,524,0,2,524
fc1a1cd2d37a9100a80a496108f693ecebc59e14-dirty,1,editor,80,24,104,12149,218908,80,24,3,2,8009,687,0,3,687
fc1a1cd2d37a9100a80a496108f693ecebc59e14-dirty,1,editor,80,24,105,12206,219067,80,24,2,2,8168,524,0,2,524
fc1a1cd2d37a9100a80a496108f693ecebc59e14-dirty,1,editor,80,24,106,12349,219226,80,24,2,2,8327,524,0,2,524
fc1a1cd2d37a9100a80a496108f693ecebc59e14-dirty,1,editor,80,24,107,12408,219226,80,24,2,2,8327,524,0,2,524
fc1a1cd2d37a9100a80a496108f693ecebc59e14-dirty,1,editor,80,24,108,12550,219385,80,24,1,1,3224,361,0,1,361
fc1a1cd2d37a9100a80a496108f693ecebc59e14-dirty,1,editor,80,24,109,12646,219703,80,24,2,2,8804,524,0,2,524
fc1a1cd2d37a9100a80a496108f693ecebc59e14-dirty,1,editor,80,24,110,12747,219862,80,24,2,2,8963,524,0,2,524
fc1a1cd2d37a9100a80a496108f693ecebc59e14-dirty,1,editor,80,24,111,12807,219862,80,24,1,1,3224,361,0,1,361
fc1a1cd2d37a9100a80a496108f693ecebc59e14-dirty,1,editor,80,24,112,12909,220180,80,24,2,2,9281,524,0,2,524
fc1a1cd2d37a9100a80a496108f693ecebc59e14-dirty,1,editor,80,24,113,13005,220339,80,24,2,2,9440,524,0,2,524
fc1a1cd2d37a9100a80a496108f693ecebc59e14-dirty,1,editor,80,24,114,13106,226528,80,24,3,2,15629,687,0,3,687
fc1a1cd2d37a9100a80a496108f693ecebc59e14-dirty,1,editor,80,24,115,13207,226528,80,24,1,1,3224,361,0,1,361
fc1a1cd2d37a9100a80a496108f693ecebc59e14-dirty,1,editor,80,24,116,13309,226528,80,24,2,2,15629,524,0,2,524
fc1a1cd2d37a9100a80a496108f693ecebc59e14-dirty,1,editor,80,24,117,13410,226528,80,24,2,2,15629,524,0,2,524
fc1a1cd2d37a9100a80a496108f693ecebc59e14-dirty,1,editor,80,24,118,13548,226369,80,24,2,2,15470,524,0,2,524
fc1a1cd2d37a9100a80a496108f693ecebc59e14-dirty,1,editor,80,24,119,13649,226528,80,24,2,2,15629,524,0,2,524
fc1a1cd2d37a9100a80a496108f693ecebc59e14-dirty,1,editor,80,24,120,13709,226528,80,24,2,2,15629,524,0,2,524
fc1a1cd2d37a9100a80a496108f693ecebc59e14-dirty,1,editor,80,24,121,13805,226528,80,24,2,2,15629,524,0,2,524
fc1a1cd2d37a9100a80a496108f693ecebc59e14-dirty,1,editor,80,24,122,13931,224153,80,24,21,1,849,3611,0,21,3611
fc1a1cd2d37a9100a80a496108f693ecebc59e14-dirty,1,editor,80,24,123,14049,226528,80,24,21,1,3224,3599,0,21,3599
fc1a1cd2d37a9100a80a496108f693ecebc59e14-dirty,1,editor,80,24,124,14109,226528,80,24,3,2,15629,687,0,3,687
fc1a1cd2d37a9100a80a496108f693ecebc59e14-dirty,1,editor,80,24,125,14205,226528,80,24,3,2,15629,687,0,3,687
fc1a1cd2d37a9100a80a496108f693ecebc59e14-dirty,1,editor,80,24,126,14347,226528,80,24,3,2,15629,687,0,3,687
fc1a1cd2d37a9100a80a496108f693ecebc59e14-dirty,1,editor,80,24,127,14408,226528,80,24,4,2,15629,850,0,4,850
fc1a1cd2d37a9100a80a496108f693ecebc59e14-dirty,1,editor,80,24,128,14550,226528,80,24,3,2,15629,687,0,3,687
fc1a1cd2d37a9100a80a496108f693ecebc59e14-dirty,1,editor,80,24,129,14647,226528,80,24,3,2,15629,687,0,3,687
fc1a1cd2d37a9100a80a496108f693ecebc59e14-dirty,1,editor,80,24,130,14708,226528,80,24,3,2,15629,687,0,3,687
fc1a1cd2d37a9100a80a496108f693ecebc59e14-dirty,1,editor,80,24,131,14808,226528,80,24,3,2,15629,687,0,3,687
fc1a1cd2d37a9100a80a496108f693ecebc59e14-dirty,1,editor,80,24,132,14951,226369,80,24,3,2,15470,687,0,3,687
fc1a1cd2d37a9100a80a496108f693ecebc59e14-dirty,1,editor,80,24,133,15005,226528,80,24,3,2,15629,687,0,3,687
fc1a1cd2d37a9100a80a496108f693ecebc59e14-dirty,1,editor,80,24,134,15148,226528,80,24,3,2,15629,687,0,3,687
fc1a1cd2d37a9100a80a496108f693ecebc59e14-dirty,1,editor,80,24,135,15248,226528,80,24,3,2,15629,687,0,3,687
fc1a1cd2d37a9100a80a496108f693ecebc59e14-dirty,1,editor,80,24,136,15350,226528,80,24,3,2,15629,687,0,3,687
fc1a1cd2d37a9100a80a496108f693ecebc59e14-dirty,1,editor,80,24,137,15447,226528,80,24,4,2,15629,850,0,4,850
fc1a1cd2d37a9100a80a496108f693ecebc59e14-dirty,1,editor,80,24,138,15507,226528,80,24,3,2,15629,687,0,3,687
fc1a1cd2d37a9100a80a496108f693ecebc59e14-dirty,1,editor,80,24,139,15608,226528,80,24,3,2,15629,687,0,3,687
fc1a1cd2d37a9100a80a496108f693ecebc59e14-dirty,1,editor,80,24,140,15709,226528,80,24,3,2,15629,687,0,3,687
fc1a1cd2d37a9100a80a496108f693ecebc59e14-dirty,1,editor,80,24,141,15811,226528,80,24,3,2,15629,687,0,3,687
fc1a1cd2d37a9100a80a496108f693ecebc59e14-dirty,1,editor,80,24,142,15907,226528,80,24,3,2,15629,687,0,3,687
fc1a1cd2d37a9100a80a496108f693ecebc59e14-dirty,1,editor,80,24,143,16008,226369,80,24,3,2,15470,687,0,3,687
fc1a1cd2d37a9100a80a496108f693ecebc59e14-dirty,1,editor,80,24,144,16110,226528,80,24,3,2,15629,687,0,3,687
fc1a1cd2d37a9100a80a496108f693ecebc59e14-dirty,1,editor,80,24,145,16206,226528,80,24,3,2,15629,687,0,3,687
fc1a1cd2d37a9100a80a496108f693ecebc59e14-dirty,1,editor,80,24,146,16348,226528,80,24,3,2,15629,687,0,3,687
fc1a1cd2d37a9100a80a496108f693ecebc59e14-dirty,1,editor,80,24,147,16408,226528,80,24,4,2,15629,850,0,4,850
fc1a1cd2d37a9100a80a496108f693ecebc59e14-dirty,1,editor,80,24,148,16510,226528,80,24,3,2,15629,687,0,3,687
fc1a1cd2d37a9100a80a496108f693ecebc59e14-dirty,1,editor,80,24,149,16606,226528,80,24,3,2,15629,687,0,3,687
fc1a1cd2d37a9100a80a496108f693ecebc59e14-dirty,1,editor,80,24,150,16707,226528,80,24,3,2,15629,687,0,3,687
fc1a1cd2d37a9100a80a496108f693ecebc59e14-dirty,1,editor,80,24,151,16833,224153,80,24,21,1,849,3611,0,21,3611
fc1a1cd2d37a9100a80a496108f693ecebc59e14-dirty,1,editor,80,24,152,16910,235906,80,24,60,2,25007,9970,0,60,9970
fc1a1cd2d37a9100a80a496108f693ecebc59e14-dirty,1,editor,80,24,153,17006,235905,80,24,86,2,25006,14200,0,86,14200
fc1a1cd2d37a9100a80a496108f693ecebc59e14-dirty,1,editor,80,24,154,17107,235905,80,24,1,1,12601,360,0,1,360
fc1a1cd2d37a9100a80a496108f693ecebc59e14-dirty,1,editor,80,24,155,17249,224947,80,24,1382,24,225010,224725,1,150,24640
fc1a1cd2d37a9100a80a496108f693ecebc59e14-dirty,1,editor,80,24,156,17309,213193,80,24,1356,24,213256,220476,1,88,14540
fc1a1cd2d37a9100a80a496108f693ecebc59e14-dirty,1,editor,80,24,157,17447,206686,80,24,1342,24,206749,218161,1,121,19915
fc1a1cd2d37a9100a80a496108f693ecebc59e14-dirty,1,editor,80,24,158,17547,194614,80,24,1334,24,194677,216818,1,87,14378
fc1a1cd2d37a9100a80a496108f693ecebc59e14-dirty,1,editor,80,24,159,17650,182700,80,24,1293,24,182763,210103,1,86,14216
fc1a1cd2d37a9100a80a496108f693ecebc59e14-dirty,1,editor,80,24,160,17709,182383,80,24,1312,24,182446,213160,1,146,23987
fc1a1cd2d37a9100a80a496108f693ecebc59e14-dirty,1,editor,80,24,161,17805,183178,80,24,901,23,181160,146667,2,219,35880
fc1a1cd2d37a9100a80a496108f693ecebc59e14-dirty,1,editor,80,24,162,17906,183178,80,24,2,1,1643,523,0,2,523
fc1a1cd2d37a9100a80a496108f693ecebc59e14-dirty,1,editor,80,24,163,18048,174291,80,24,901,23,172273,146636,2,180,29531
fc1a1cd2d37a9100a80a496108f693ecebc59e14-dirty,1,editor,80,24,164,18149,174291,80,24,1,1,1643,360,0,1,360
fc1a1cd2d37a9100a80a496108f693ecebc59e14-dirty,1,editor,80,24,165,18209,164923,80,24,870,23,162905,141613,2,195,31973
fc1a1cd2d37a9100a80a496108f693ecebc59e14-dirty,1,editor,80,24,166,18346,165082,80,24,1,1,1643,360,0,1,360
fc1a1cd2d37a9100a80a496108f693ecebc59e14-dirty,1,editor,80,24,167,18406,153646,80,24,829,23,151628,134917,2,180,29526
fc1a1cd2d37a9100a80a496108f693ecebc59e14-dirty,1,editor,80,24,168,18549,153646,80,24,1,1,1643,360,0,1,360
fc1a1cd2d37a9100a80a496108f693ecebc59e14-dirty,1,editor,80,24,169,18609,155077,80,24,891,24,155140,144906,2,185,30338
fc1a1cd2d37a9100a80a496108f693ecebc59e14-dirty,1,editor,80,24,170,18745,155077,80,24,1,1,1643,360,0,1,360
fc1a1cd2d37a9100a80a496108f693ecebc59e14-dirty,1,editor,80,24,171,18806,144754,80,24,877,24,144817,142662,2,167,27408
fc1a1cd2d37a9100a80a496108f693ecebc59e14-dirty,1,editor,80,24,172,18907,144754,80,24,2,1,1643,523,0,2,523
fc1a1cd2d37a9100a80a496108f693ecebc59e14-dirty,1,editor,80,24,173,19007,132841,80,24,754,24,132904,122686,1,87,14378
fc1a1cd2d37a9100a80a496108f693ecebc59e14-dirty,1,editor,80,24,174,19108,133159,80,24,1,1,1961,360,0,1,360
fc1a1cd2d37a9100a80a496108f693ecebc59e14-dirty,1,editor,80,24,175,19210,133160,80,24,1,1,1962,361,0,1,361
fc1a1cd2d37a9100a80a496108f693ecebc59e14-dirty,1,editor,80,24,176,19211,136657,80,24,23,2,5951,3941,0,23,3941
fc1a1cd2d37a9100a80a496108f693ecebc59e14-dirty,1,editor,80,24,177,19306,136975,80,24,1,1,1961,360,0,1,360
fc1a1cd2d37a9100a80a496108f693ecebc59e14-dirty,1,editor,80,24,178,19407,144754,80,24,53,2,14048,8830,0,53,8830
fc1a1cd2d37a9100a80a496108f693ecebc59e14-dirty,1,editor,80,24,179,19508,145072,80,24,1,1,1961,360,0,1,360
fc1a1cd2d37a9100a80a496108f693ecebc59e14-dirty,1,editor,80,24,180,19609,132682,80,24,57,2,1976,9481,0,57,9481
fc1a1cd2d37a9100a80a496108f693ecebc59e14-dirty,1,editor,80,24,181,19704,134262,80,24,13,1,3223,2294,0,13,2294
fc1a1cd2d37a9100a80a496108f693ecebc59e14-dirty,1,editor,80,24,182,19806,134421,80,24,2,2,3715,522,0,2,522
fc1a1cd2d37a9100a80a496108f693ecebc59e14-dirty,1,editor,80,24,183,19907,134580,80,24,2,2,3874,522,0,2,522
fc1a1cd2d37a9100a80a496108f693ecebc59e14-dirty,1,editor,80,24,184,20049,134739,80,24,2,2,4033,522,0,2,522
fc1a1cd2d37a9100a80a496108f693ecebc59e14-dirty,1,editor,80,24,185,20109,134739,80,24,1,1,3223,360,0,1,360
fc1a1cd2d37a9100a80a496108f693ecebc59e14-dirty,1,editor,80,24,186,20246,135057,80,24,2,2,4351,522,0,2,522
fc1a1cd2d37a9100a80a496108f693ecebc59e14-dirty,1,editor,80,24,187,20306,135216,80,24,2,2,4510,522,0,2,522
fc1a1cd2d37a9100a80a496108f693ecebc59e14-dirty,1,editor,80,24,188,20406,135375,80,24,2,2,4669,522,0,2,522
fc1a1cd2d37a9100a80a496108f693ecebc59e14-dirty,1,editor,80,24,189,20508,135534,80,24,2,1,3382,523,0,2,523
fc1a1cd2d37a9100a80a496108f693ecebc59e14-dirty,1,editor,80,24,190,20650,135694,80,24,2,2,4988,523,0,2,523
fc1a1cd2d37a9100a80a496108f693ecebc59e14-dirty,1,editor,80,24,191,20750,136012,80,24,2,2,5306,524,0,2,524
fc1a1cd2d37a9100a80a496108f693ecebc59e14-dirty,1,editor,80,24,192,20846,136012,80,24,1,1,3383,361,0,1,361
fc1a1cd2d37a9100a80a496108f693ecebc59e14-dirty,1,editor,80,24,193,20906,136330,80,24,2,2,5624,524,0,2,524
fc1a1cd2d37a9100a80a496108f693ecebc59e14-dirty,1,editor,80,24,194,21007,136489,80,24,2,2,5783,524,0,2,524
fc1a1cd2d37a9100a80a496108f693ecebc59e14-dirty,1,editor,80,24,195,21108,136648,80,24,2,2,5942,524,0,2,524
fc1a1cd2d37a9100a80a496108f693ecebc59e14-dirty,1,editor,80,24,196,21209,136807,80,24,2,2,6101,524,0,2,524
fc1a1cd2d37a9100a80a496108f693ecebc59e14-dirty,1,editor,80,24,197,21305,136807,80,24,1,1,3383,361,0,1,361
fc1a1cd2d37a9100a80a496108f693ecebc59e14-dirty,1,editor,80,24,198,21406,137125,80,24,2,2,6419,524,0,2,524
fc1a1cd2d37a9100a80a496108f693ecebc59e14-dirty,1,editor,80,24,199,21507,137284,80,24,3,2,6578,687,0,3,687
fc1a1cd2d37a9100a80a496108f693ecebc59e14-dirty,1,editor,80,24,200,21609,137443,80,24,2,2,6737,524,0,2,524
fc1a1cd2d37a9100a80a496108f693ecebc59e14-dirty,1,editor,80,24,201,21750,137443,80,24,2,2,6737,524,0,2,524
fc1a1cd2d37a9100a80a496108f693ecebc59e14-dirty,1,editor,80,24,202,21870,135068,80,24,21,1,849,3611,0,21,3611
fc1a1cd2d37a9100a80a496108f693ecebc59e14-dirty,1,editor,80,24,203,21905,123948,80,24,739,24,124011,120208,1,82,13564
fc1a1cd2d37a9100a80a496108f693ecebc59e14-dirty,1,editor,80,24,204,22006,123791,80,24,775,24,123854,126019,1,136,22358
fc1a1cd2d37a9100a80a496108f693ecebc59e14-dirty,1,editor,80,24,205,22107,114263,80,24,813,24,114326,132193,1,102,16820
fc1a1cd2d37a9100a80a496108f693ecebc59e14-dirty,1,editor,80,24,206,22208,107597,80,24,809,24,107660,131554,1,111,18291
fc1a1cd2d37a9100a80a496108f693ecebc59e14-dirty,1,editor,80,24,207,22308,107597,80,24,793,24,107660,128970,1,125,20572
fc1a1cd2d37a9100a80a496108f693ecebc59e14-dirty,1,editor,80,24,208,22450,119351,80,24,732,24,119414,119064,1,125,20572
fc1a1cd2d37a9100a80a496108f693ecebc59e14-dirty,1,editor,80,24,209,22547,117284,80,24,724,24,117347,117786,1,105,17312
fc1a1cd2d37a9100a80a496108f693ecebc59e14-dirty,1,editor,80,24,210,22647,120783,80,24,710,24,120846,115533,1,106,17477
fc1a1cd2d37a9100a80a496108f693ecebc59e14-dirty,1,editor,80,24,211,22707,124440,80,24,733,24,124503,119264,1,105,17312
fc1a1cd2d37a9100a80a496108f693ecebc59e14-dirty,1,editor,80,24,212,22808,115866,80,24,671,24,115929,109178,1,105,17312
fc1a1cd2d37a9100a80a496108f693ecebc59e14-dirty,1,editor,80,24,213,22909,108246,80,24,624,24,108309,101544,1,109,17964
fc1a1cd2d37a9100a80a496108f693ecebc59e14-dirty,1,editor,80,24,214,23009,109518,80,24,589,24,109581,95877,1,106,17475
fc1a1cd2d37a9100a80a496108f693ecebc59e14-dirty,1,editor,80,24,215,23146,108878,80,24,595,24,108941,96842,1,95,15683
fc1a1cd2d37a9100a80a496108f693ecebc59e14-dirty,1,editor,80,24,216,23206,106014,80,24,587,24,106077,95535,1,88,14541
fc1a1cd2d37a9100a80a496108f693ecebc59e14-dirty,1,editor,80,24,217,23306,101561,80,24,560,24,101624,91112,1,87,14378
fc1a1cd2d37a9100a80a496108f693ecebc59e14-dirty,1,editor,80,24,218,23407,101560,80,24,533,24,101623,86694,1,86,14216
fc1a1cd2d37a9100a80a496108f693ecebc59e14-dirty,1,editor,80,24,219,23509,111249,80,24,581,24,111312,94495,1,145,23825
fc1a1cd2d37a9100a80a496108f693ecebc59e14-dirty,1,editor,80,24,220,23609,116814,80,24,627,24,116877,101965,1,121,19917
fc1a1cd2d37a9100a80a496108f693ecebc59e14-dirty,1,editor,80,24,221,23747,113955,80,24,682,24,114018,110953,2,231,37843
fc1a1cd2d37a9100a80a496108f693ecebc59e14-dirty,1,editor,80,24,222,23847,115068,80,24,668,24,115131,108713,1,93,15353
fc1a1cd2d37a9100a80a496108f693ecebc59e14-dirty,1,editor,80,24,223,23907,114114,80,24,664,24,114177,108059,1,102,16823
fc1a1cd2d37a9100a80a496108f693ecebc59e14-dirty,1,editor,80,24,224,24049,110933,80,24,652,24,110996,106132,1,88,14541
fc1a1cd2d37a9100a80a496108f693ecebc59e14-dirty,1,editor,80,24,225,24109,111092,80,24,636,24,111155,103527,1,87,14378
fc1a1cd2d37a9100a80a496108f693ecebc59e14-dirty,1,editor,80,24,226,24251,99178,80,24,591,24,99241,96228,1,86,14216
fc1a1cd2d37a9100a80a496108f693ecebc59e14-dirty,1,editor,80,24,227,24347,108231,80,24,585,24,108294,95275,1,129,21217
fc1a1cd2d37a9100a80a496108f693ecebc59e14-dirty,1,editor,80,24,228,24448,108231,80,24,590,24,108294,96108,1,116,19102
fc1a1cd2d37a9100a80a496108f693ecebc59e14-dirty,1,editor,80,24,229,24547,98703,80,24,582,24,98766,94835,1,103,16986
fc1a1cd2d37a9100a80a496108f693ecebc59e14-dirty,1,editor,80,24,230,24607,89811,80,24,586,24,89874,95490,1,107,17638
fc1a1cd2d37a9100a80a496108f693ecebc59e14-dirty,1,editor,80,24,231,24708,89811,80,24,568,24,89874,92522,1,109,17964
fc1a1cd2d37a9100a80a496108f693ecebc59e14-dirty,1,editor,80,24,232,24809,89174,80,24,551,24,89237,89708,1,105,17312
fc1a1cd2d37a9100a80a496108f693ecebc59e14-dirty,1,editor,80,24,233,24905,87900,80,24,8,1,529,1500,0,8,1500
fc1a1cd2d37a9100a80a496108f693ecebc59e14-dirty,1,editor,80,24,234,25005,88059,80,24,1,1,688,359,0,1,359
fc1a1cd2d37a9100a80a496108f693ecebc59e14-dirty,1,editor,80,24,235,25106,88218,80,24,1,1,847,359,0,1,359
fc1a1cd2d37a9100a80a496108f693ecebc59e14-dirty,1,editor,80,24,236,25207,102982,80,24,684,24,103045,111215,0,684,111215
fc1a1cd2d37a9100a80a496108f693ecebc59e14-dirty,2,editor,80,24,1,45,103300,80,24,1,1,848,360,0,1,360
fc1a1cd2d37a9100a80a496108f693ecebc59e14-dirty,2,editor,80,24,2,105,103459,80,24,1,1,1007,360,0,1,360
fc1a1cd2d37a9100a80a496108f693ecebc59e14-dirty,2,editor,80,24,3,206,103618,80,24,1,1,1166,360,0,1,360
fc1a1cd2d37a9100a80a496108f693ecebc59e14-dirty,2,editor,80,24,4,301,103618,80,24,0,0,199,199,0,0,199
fc1a1cd2d37a9100a80a496108f693ecebc59e14-dirty,2,editor,80,24,5,402,103936,80,24,1,1,1484,360,0,1,360
fc1a1cd2d37a9100a80a496108f693ecebc59e14-dirty,2,editor,80,24,6,503,104095,80,24,1,1,1643,360,0,1,360
fc1a1cd2d37a9100a80a496108f693ecebc59e14-dirty,2,editor,80,24,7,644,104095,80,24,0,0,199,199,0,0,199
fc1a1cd2d37a9100a80a496108f693ecebc59e14-dirty,2,editor,80,24,8,704,104414,80,24,1,1,1962,361,0,1,361
fc1a1cd2d37a9100a80a496108f693ecebc59e14-dirty,2,editor,80,24,9,805,104573,80,24,1,1,2121,362,0,1,362
fc1a1cd2d37a9100a80a496108f693ecebc59e14-dirty,2,editor,80,24,10,947,104573,80,24,0,0,200,200,0,0,200
fc1a1cd2d37a9100a80a496108f693ecebc59e14-dirty,2,editor,80,24,11,1006,104891,80,24,1,1,2439,362,0,1,362
fc1a1cd2d37a9100a80a496108f693ecebc59e14-dirty,2,editor,80,24,12,1143,105050,80,24,1,1,2598,362,0,1,362
fc1a1cd2d37a9100a80a496108f693ecebc59e14-dirty,2,editor,80,24,13,1203,105209,80,24,1,1,2757,362,0,1,362
fc1a1cd2d37a9100a80a496108f693ecebc59e14-dirty,2,editor,80,24,14,1303,105368,80,24,1,1,2916,362,0,1,362
fc1a1cd2d37a9100a80a496108f693ecebc59e14-dirty,2,editor,80,24,15,1446,105368,80,24,0,0,200,200,0,0,200
fc1a1cd2d37a9100a80a496108f693ecebc59e14-dirty,2,editor,80,24,16,1546,105686,80,24,1,1,3234,362,0,1,362
fc1a1cd2d37a9100a80a496108f693ecebc59e14-dirty,2,editor,80,24,17,1606,105845,80,24,1,1,3393,362,0,1,362
fc1a1cd2d37a9100a80a496108f693ecebc59e14-dirty,2,editor,80,24,18,1702,106004,80,24,1,1,3552,362,0,1,362
fc1a1cd2d37a9100a80a496108f693ecebc59e14-dirty,2,editor,80,24,19,1802,106163,80,24,1,1,3711,362,0,1,362
fc1a1cd2d37a9100a80a496108f693ecebc59e14-dirty,2,editor,80,24,20,1903,106322,80,24,1,1,3870,362,0,1,362
fc1a1cd2d37a9100a80a496108f693ecebc59e14-dirty,2,editor,80,24,21,2003,106481,80,24,1,1,4029,362,0,1,362
fc1a1cd2d37a9100a80a496108f693ecebc59e14-dirty,2,editor,80,24,22,2145,106640,80,24,1,1,4188,362,0,1,362
fc1a1cd2d37a9100a80a496108f693ecebc59e14-dirty,2,editor,80,24,23,2246,106799,80,24,1,1,4347,362,0,1,362
fc1a1cd2d37a9100a80a496108f693ecebc59e14-dirty,2,editor,80,24,24,2347,106958,80,24,1,1,4506,362,0,1,362
fc1a1cd2d37a9100a80a496108f693ecebc59e14-dirty,2,editor,80,24,25,2406,107117,80,24,1,1,4665,362,0,1,362
fc1a1cd2d37a9100a80a496108f693ecebc59e14-dirty,2,editor,80,24,26,2508,189072,80,24,1244,24,189135,202640,2,1234,201080
fc1a1cd2d37a9100a80a496108f693ecebc59e14-dirty,2,editor,80,24,27,2555,189072,80,24,0,0,197,197,0,0,197
fc1a1cd2d37a9100a80a496108f693ecebc59e14-dirty,2,editor,80,24,28,4607,189072,80,24,1,1,5778,359,0,1,359
fc1a1cd2d37a9100a80a496108f693ecebc59e14-dirty,2,editor,80,24,29,4704,189389,80,24,4,1,6095,848,0,4,848
fc1a1cd2d37a9100a80a496108f693ecebc59e14-dirty,2,editor,80,24,30,4805,189072,80,24,4,1,5778,848,0,4,848
fc1a1cd2d37a9100a80a496108f693ecebc59e14-dirty,2,editor,80,24,31,4949,189072,80,24,1,1,5778,359,0,1,359
fc1a1cd2d37a9100a80a496108f693ecebc59e14-dirty,2,editor,80,24,32,5008,189072,80,24,1,1,5778,359,0,1,359
fc1a1cd2d37a9100a80a496108f693ecebc59e14-dirty,2,editor,80,24,33,5103,189072,80,24,1,1,5778,359,0,1,359
fc1a1cd2d37a9100a80a496108f693ecebc59e14-dirty,2,editor,80,24,34,5204,189072,80,24,1,1,5778,359,0,1,359
fc1a1cd2d37a9100a80a496108f693ecebc59e14-dirty,2,editor,80,24,35,5306,189072,80,24,1,1,5778,359,0,1,359
fc1a1cd2d37a9100a80a496108f693ecebc59e14-dirty,2,editor,80,24,36,5449,189232,80,24,4,1,5938,849,0,4,849
fc1a1cd2d37a9100a80a496108f693ecebc59e14-dirty,2,editor,80,24,37,5550,189073,80,24,1,1,5779,360,0,1,360
fc1a1cd2d37a9100a80a496108f693ecebc59e14-dirty,2,editor,80,24,38,5645,189232,80,24,1,1,5938,360,0,1,360
fc1a1cd2d37a9100a80a496108f693ecebc59e14-dirty,2,editor,80,24,39,5747,189232,80,24,1,1,5938,360,0,1,360
fc1a1cd2d37a9100a80a496108f693ecebc59e14-dirty,2,editor,80,24,40,5848,189232,80,24,1,1,5938,360,0,1,360
fc1a1cd2d37a9100a80a496108f693ecebc59e14-dirty,2,editor,80,24,41,5948,189232,80,24,1,1,5938,360,0,1,360
fc1a1cd2d37a9100a80a496108f693ecebc59e14-dirty,2,editor,80,24,42,6044,189232,80,24,1,1,5938,360,0,1,360
fc1a1cd2d37a9100a80a496108f693ecebc59e14-dirty,2,editor,80,24,43,6105,193183,80,24,1515,24,193246,246440,1,192,31474
fc1a1cd2d37a9100a80a496108f693ecebc59e14-dirty,2,editor,80,24,44,6247,205096,80,24,1021,23,203077,165976,2,216,35394
fc1a1cd2d37a9100a80a496108f693ecebc59e14-dirty,2,editor,80,24,45,6307,205096,80,24,1,1,1643,360,0,1,360
fc1a1cd2d37a9100a80a496108f693ecebc59e14-dirty,2,editor,80,24,46,6408,217327,80,24,1452,24,217390,236154,1,130,21386
fc1a1cd2d37a9100a80a496108f693ecebc59e14-dirty,2,editor,80,24,47,6545,217327,80,24,1397,24,217390,227183,1,130,21386
fc1a1cd2d37a9100a80a496108f693ecebc59e14-dirty,2,editor,80,24,48,6606,224788,80,24,1370,24,224851,222778,1,132,21712
fc1a1cd2d37a9100a80a496108f693ecebc59e14-dirty,2,editor,80,24,49,6748,224947,80,24,1353,24,225010,220006,1,144,23668
fc1a1cd2d37a9100a80a496108f693ecebc59e14-dirty,2,editor,80,24,50,6849,213193,80,24,1356,24,213256,220476,1,88,14540
fc1a1cd2d37a9100a80a496108f693ecebc59e14-dirty,2,editor,80,24,51,6905,206686,80,24,1342,24,206749,218161,1,121,19915
fc1a1cd2d37a9100a80a496108f693ecebc59e14-dirty,2,editor,80,24,52,7047,194614,80,24,1334,24,194677,216818,1,87,14378
fc1a1cd2d37a9100a80a496108f693ecebc59e14-dirty,2,editor,80,24,53,7148,182700,80,24,1293,24,182763,210103,1,86,14216
fc1a1cd2d37a9100a80a496108f693ecebc59e14-dirty,2,editor,80,24,54,7208,182383,80,24,1312,24,182446,213160,1,146,23987
fc1a1cd2d37a9100a80a496108f693ecebc59e14-dirty,2,editor,80,24,55,7345,183178,80,24,901,23,181160,146667,2,219,35880
fc1a1cd2d37a9100a80a496108f693ecebc59e14-dirty,2,editor,80,24,56,7446,183178,80,24,2,1,1643,523,0,2,523
fc1a1cd2d37a9100a80a496108f693ecebc59e14-dirty,2,editor,80,24,57,7547,174291,80,24,901,23,172273,146636,2,180,29531
fc1a1cd2d37a9100a80a496108f693ecebc59e14-dirty,2,editor,80,24,58,7606,90581,80,24,1050,24,90644,170639,1,942,153146
fc1a1cd2d37a9100a80a496108f693ecebc59e14-dirty,2,editor,80,24,59,7706,90899,80,24,4,1,2437,849,0,4,849
fc1a1cd2d37a9100a80a496108f693ecebc59e14-dirty,2,editor,80,24,60,7802,90581,80,24,4,1,2119,849,0,4,849
fc1a1cd2d37a9100a80a496108f693ecebc59e14-dirty,2,editor,80,24,61,7903,90899,80,24,4,1,2437,849,0,4,849
fc1a1cd2d37a9100a80a496108f693ecebc59e14-dirty,2,editor,80,24,62,8003,90581,80,24,4,1,2119,849,0,4,849
fc1a1cd2d37a9100a80a496108f693ecebc59e14-dirty,2,editor,80,24,63,8104,90581,80,24,1,1,2119,360,0,1,360
fc1a1cd2d37a9100a80a496108f693ecebc59e14-dirty,2,editor,80,24,64,8205,90899,80,24,4,1,2437,849,0,4,849
fc1a1cd2d37a9100a80a496108f693ecebc59e14-dirty,2,editor,80,24,65,8305,90422,80,24,5,1,1960,1012,0,5,1012
fc1a1cd2d37a9100a80a496108f693ecebc59e14-dirty,2,editor,80,24,66,8406,90422,80,24,1,1,1960,360,0,1,360
fc1a1cd2d37a9100a80a496108f693ecebc59e14-dirty,2,editor,80,24,67,8506,90422,80,24,1,1,1960,360,0,1,360
fc1a1cd2d37a9100a80a496108f693ecebc59e14-dirty,2,editor,80,24,68,8602,90741,80,24,1,1,2279,361,0,1,361
fc1a1cd2d37a9100a80a496108f693ecebc59e14-dirty,2,editor,80,24,69,8607,90263,80,24,2,1,1801,523,0,2,523
fc1a1cd2d37a9100a80a496108f693ecebc59e14-dirty,2,editor,80,24,70,8703,90581,80,24,1,1,2119,360,0,1,360
fc1a1cd2d37a9100a80a496108f693ecebc59e14-dirty,2,editor,80,24,71,8805,184936,80,24,1178,24,184999,191909,1,1127,183720
fc1a1cd2d37a9100a80a496108f693ecebc59e14-dirty,2,editor,80,24,72,8906,185254,80,24,1,1,1960,359,0,1,359
fc1a1cd2d37a9100a80a496108f693ecebc59e14-dirty,2,editor,80,24,73,9007,185413,80,24,1,1,2119,359,0,1,359
fc1a1cd2d37a9100a80a496108f693ecebc59e14-dirty,2,editor,80,24,74,9150,217327,80,24,1504,24,217390,244602,5,502,81964
fc1a1cd2d37a9100a80a496108f693ecebc59e14-dirty,2,editor,80,24,75,9246,214137,80,24,1391,24,214200,226177,1,86,14204
fc1a1cd2d37a9100a80a496108f693ecebc59e14-dirty,2,editor,80,24,76,9306,214296,80,24,2,2,3397,522,0,2,522
fc1a1cd2d37a9100a80a496108f693ecebc59e14-dirty,2,editor,80,24,77,9407,214296,80,24,1,1,3064,360,0,1,360
fc1a1cd2d37a9100a80a496108f693ecebc59e14-dirty,2,editor,80,24,78,9509,214614,80,24,2,2,3715,522,0,2,522
fc1a1cd2d37a9100a80a496108f693ecebc59e14-dirty,2,editor,80,24,79,9605,214773,80,24,2,2,3874,522,0,2,522
fc1a1cd2d37a9100a80a496108f693ecebc59e14-dirty,2,editor,80,24,80,9706,214932,80,24,2,2,4033,522,0,2,522
fc1a1cd2d37a9100a80a496108f693ecebc59e14-dirty,2,editor,80,24,81,9848,214932,80,24,1,1,3064,360,0,1,360
fc1a1cd2d37a9100a80a496108f693ecebc59e14-dirty,2,editor,80,24,82,9909,215250,80,24,2,2,4351,522,0,2,522
fc1a1cd2d37a9100a80a496108f693ecebc59e14-dirty,2,editor,80,24,83,10005,215409,80,24,2,2,4510,522,0,2,522
fc1a1cd2d37a9100a80a496108f693ecebc59e14-dirty,2,editor,80,24,84,10106,215727,80,24,3,2,4828,685,0,3,685
fc1a1cd2d37a9100a80a496108f693ecebc59e14-dirty,2,editor,80,24,85,10249,215728,80,24,2,2,4829,523,0,2,523
fc1a1cd2d37a9100a80a496108f693ecebc59e14-dirty,2,editor,80,24,86,10350,215887,80,24,1,1,3224,361,0,1,361
fc1a1cd2d37a9100a80a496108f693ecebc59e14-dirty,2,editor,80,24,87,10445,216205,80,24,2,2,5306,524,0,2,524
fc1a1cd2d37a9100a80a496108f693ecebc59e14-dirty,2,editor,80,24,88,10548,216364,80,24,2,2,5465,524,0,2,524
fc1a1cd2d37a9100a80a496108f693ecebc59e14-dirty,2,editor,80,24,89,10648,216523,80,24,2,2,5624,524,0,2,524
fc1a1cd2d37a9100a80a496108f693ecebc59e14-dirty,2,editor,80,24,90,10708,216682,80,24,2,2,5783,524,0,2,524
fc1a1cd2d37a9100a80a496108f693ecebc59e14-dirty,2,editor,80,24,91,10845,216841,80,24,2,2,5942,524,0,2,524
fc1a1cd2d37a9100a80a496108f693ecebc59e14-dirty,2,editor,80,24,92,10946,216841,80,24,1,1,3224,361,0,1,361
fc1a1cd2d37a9100a80a496108f693ecebc59e14-dirty,2,editor,80,24,93,11007,217159,80,24,2,2,6260,524,0,2,524
fc1a1cd2d37a9100a80a496108f693ecebc59e14-dirty,2,editor,80,24,94,11108,217318,80,24,3,2,6419,687,0,3,687
fc1a1cd2d37a9100a80a496108f693ecebc59e14-dirty,2,editor,80,24,95,11209,217477,80,24,2,2,6578,524,0,2,524
fc1a1cd2d37a9100a80a496108f693ecebc59e14-dirty,2,editor,80,24,96,11305,217477,80,24,2,2,6578,524,0,2,524
fc1a1cd2d37a9100a80a496108f693ecebc59e14-dirty,2,editor,80,24,97,11407,217636,80,24,1,1,3224,361,0,1,361
fc1a1cd2d37a9100a80a496108f693ecebc59e14-dirty,2,editor,80,24,98,11548,217954,80,24,2,2,7055,524,0,2,524
fc1a1cd2d37a9100a80a496108f693ecebc59e14-dirty,2,editor,80,24,99,11609,218113,80,24,2,2,7214,524,0,2,524
fc1a1cd2d37a9100a80a496108f693ecebc59e14-dirty,2,editor,80,24,100,11746,218272,80,24,2,2,7373,524,0,2,524
fc1a1cd2d37a9100a80a496108f693ecebc59e14-dirty,2,editor,80,24,101,11847,218272,80,24,1,1,3224,361,0,1,361
fc1a1cd2d37a9100a80a496108f693ecebc59e14-dirty,2,editor,80,24,102,11908,218590,80,24,2,2,7691,524,0,2,524
fc1a1cd2d37a9100a80a496108f693ecebc59e14-dirty,2,editor,80,24,103,12050,218749,80,24,2,2,7850,524,0,2,524
fc1a1cd2d37a9100a80a496108f693ecebc59e14-dirty,2,editor,80,24,104,12105,218908,80,24,3,2,8009,687,0,3,687
fc1a1cd2d37a9100a80a496108f693ecebc59e14-dirty,2,editor,80,24,105,12207,219067,80,24,2,2,8168,524,0,2,524
fc1a1cd2d37a9100a80a496108f693ecebc59e14-dirty,2,editor,80,24,106,12308,219226,80,24,2,2,8327,524,0,2,524
fc1a1cd2d37a9100a80a496108f693ecebc59e14-dirty,2,editor,80,24,107,12451,219226,80,24,2,2,8327,524,0,2,524
fc1a1cd2d37a9100a80a496108f693ecebc59e14-dirty,2,editor,80,24,108,12546,219385,80,24,1,1,3224,361,0,1,361
fc1a1cd2d37a9100a80a496108f693ecebc59e14-dirty,2,editor,80,24,109,12647,219703,80,24,2,2,8804,524,0,2,524
fc1a1cd2d37a9100a80a496108f693ecebc59e14-dirty,2,editor,80,24,110,12749,219862,80,24,2,2,8963,524,0,2,524
fc1a1cd2d37a9100a80a496108f693ecebc59e14-dirty,2,editor,80,24,111,12809,219862,80,24,1,1,3224,361,0,1,361
fc1a1cd2d37a9100a80a496108f693ecebc59e14-dirty,2,editor,80,24,112,12905,220180,80,24,2,2,9281,524,0,2,524
fc1a1cd2d37a9100a80a496108f693ecebc59e14-dirty,2,editor,80,24,113,13006,220339,80,24,2,2,9440,524,0,2,524
fc1a1cd2d37a9100a80a496108f693ecebc59e14-dirty,2,editor,80,24,114,13108,226528,80,24,3,2,15629,687,0,3,687
fc1a1cd2d37a9100a80a496108f693ecebc59e14-dirty,2,editor,80,24,115,13250,226528,80,24,1,1,3224,361,0,1,361
fc1a1cd2d37a9100a80a496108f693ecebc59e14-dirty,2,editor,80,24,116,13346,226528,80,24,2,2,15629,524,0,2,524
fc1a1cd2d37a9100a80a496108f693ecebc59e14-dirty,2,editor,80,24,117,13447,226528,80,24,2,2,15629,524,0,2,524
fc1a1cd2d37a9100a80a496108f693ecebc59e14-dirty,2,editor,80,24,118,13508,226369,80,24,2,2,15470,524,0,2,524
fc1a1cd2d37a9100a80a496108f693ecebc59e14-dirty,2,editor,80,24,119,13609,226528,80,24,2,2,15629,524,0,2,524
fc1a1cd2d37a9100a80a496108f693ecebc59e14-dirty,2,editor,80,24,120,13747,226528,80,24,2,2,15629,524,0,2,524
fc1a1cd2d37a9100a80a496108f693ecebc59e14-dirty,2,editor,80,24,121,13847,226528,80,24,2,2,15629,524,0,2,524
fc1a1cd2d37a9100a80a496108f693ecebc59e14-dirty,2,editor,80,24,122,13933,224153,80,24,21,1,849,3611,0,21,3611
fc1a1cd2d37a9100a80a496108f693ecebc59e14-dirty,2,editor,80,24,123,14009,226528,80,24,21,1,3224,3599,0,21,3599
fc1a1cd2d37a9100a80a496108f693ecebc59e14-dirty,2,editor,80,24,124,14146,226528,80,24,3,2,15629,687,0,3,687
fc1a1cd2d37a9100a80a496108f693ecebc59e14-dirty,2,editor,80,24,125,14247,226528,80,24,3,2,15629,687,0,3,687
fc1a1cd2d37a9100a80a496108f693ecebc59e14-dirty,2,editor,80,24,126,14308,226528,80,24,3,2,15629,687,0,3,687
fc1a1cd2d37a9100a80a496108f693ecebc59e14-dirty,2,editor,80,24,127,14409,226528,80,24,4,2,15629,850,0,4,850
fc1a1cd2d37a9100a80a496108f693ecebc59e14-dirty,2,editor,80,24,128,14547,226528,80,24,3,2,15629,687,0,3,687
fc1a1cd2d37a9100a80a496108f693ecebc59e14-dirty,2,editor,80,24,129,14648,226528,80,24,3,2,15629,687,0,3,687
fc1a1cd2d37a9100a80a496108f693ecebc59e14-dirty,2,editor,80,24,130,14708,226528,80,24,3,2,15629,687,0,3,687
fc1a1cd2d37a9100a80a496108f693ecebc59e14-dirty,2,editor,80,24,131,14809,226528,80,24,3,2,15629,687,0,3,687
fc1a1cd2d37a9100a80a496108f693ecebc59e14-dirty,2,editor,80,24,132,14906,226369,80,24,3,2,15470,687,0,3,687
fc1a1cd2d37a9100a80a496108f693ecebc59e14-dirty,2,editor,80,24,133,15007,226528,80,24,3,2,15629,687,0,3,687
fc1a1cd2d37a9100a80a496108f693ecebc59e14-dirty,2,editor,80,24,134,15108,226528,80,24,3,2,15629,687,0,3,687
fc1a1cd2d37a9100a80a496108f693ecebc59e14-dirty,2,editor,80,24,135,15209,226528,80,24,3,2,15629,687,0,3,687
fc1a1cd2d37a9100a80a496108f693ecebc59e14-dirty,2,editor,80,24,136,15305,226528,80,24,3,2,15629,687,0,3,687
fc1a1cd2d37a9100a80a496108f693ecebc59e14-dirty,2,editor,80,24,137,15448,226528,80,24,4,2,15629,850,0,4,850
fc1a1cd2d37a9100a80a496108f693ecebc59e14-dirty,2,editor,80,24,138,15508,226528,80,24,3,2,15629,687,0,3,687
fc1a1cd2d37a9100a80a496108f693ecebc59e14-dirty,2,editor,80,24,139,15609,226528,80,24,3,2,15629,687,0,3,687
fc1a1cd2d37a9100a80a496108f693ecebc59e14-dirty,2,editor,80,24,140,15747,226528,80,24,3,2,15629,687,0,3,687
fc1a1cd2d37a9100a80a496108f693ecebc59e14-dirty,2,editor,80,24,141,15848,226528,80,24,3,2,15629,687,0,3,687
fc1a1cd2d37a9100a80a496108f693ecebc59e14-dirty,2,editor,80,24,142,15950,226528,80,24,3,2,15629,687,0,3,687
fc1a1cd2d37a9100a80a496108f693ecebc59e14-dirty,2,editor,80,24,143,16010,226369,80,24,3,2,15470,687,0,3,687
fc1a1cd2d37a9100a80a496108f693ecebc59e14-dirty,2,editor,80,24,144,16146,226528,80,24,3,2,15629,687,0,3,687
fc1a1cd2d37a9100a80a496108f693ecebc59e14-dirty,2,editor,80,24,145,16207,226528,80,24,3,2,15629,687,0,3,687
fc1a1cd2d37a9100a80a496108f693ecebc59e14-dirty,2,editor,80,24,146,16349,226528,80,24,3,2,15629,687,0,3,687
fc1a1cd2d37a9100a80a496108f693ecebc59e14-dirty,2,editor,80,24,147,16409,226528,80,24,4,2,15629,850,0,4,850
fc1a1cd2d37a9100a80a496108f693ecebc59e14-dirty,2,editor,80,24,148,16505,226528,80,24,3,2,15629,687,0,3,687
fc1a1cd2d37a9100a80a496108f693ecebc59e14-dirty,2,editor,80,24,149,16607,226528,80,24,3,2,15629,687,0,3,687
fc1a1cd2d37a9100a80a496108f693ecebc59e14-dirty,2,editor,80,24,150,16749,226528,80,24,3,2,15629,687,0,3,687
fc1a1cd2d37a9100a80a496108f693ecebc59e14-dirty,2,editor,80,24,151,16876,224153,80,24,21,1,849,3611,0,21,3611
fc1a1cd2d37a9100a80a496108f693ecebc59e14-dirty,2,editor,80,24,152,16906,235906,80,24,60,2,25007,9970,0,60,9970
fc1a1cd2d37a9100a80a496108f693ecebc59e14-dirty,2,editor,80,24,153,17007,235905,80,24,86,2,25006,14200,0,86,14200
fc1a1cd2d37a9100a80a496108f693ecebc59e14-dirty,2,editor,80,24,154,17109,235905,80,24,1,1,12601,360,0,1,360
fc1a1cd2d37a9100a80a496108f693ecebc59e14-dirty,2,editor,80,24,155,17251,224947,80,24,1382,24,225010,224725,1,150,24640
fc1a1cd2d37a9100a80a496108f693ecebc59e14-dirty,2,editor,80,24,156,17306,213193,80,24,1356,24,213256,220476,1,88,14540
fc1a1cd2d37a9100a80a496108f693ecebc59e14-dirty,2,editor,80,24,157,17448,206686,80,24,1342,24,206749,218161,1,121,19915
fc1a1cd2d37a9100a80a496108f693ecebc59e14-dirty,2,editor,80,24,158,17549,194614,80,24,1334,24,194677,216818,1,87,14378
fc1a1cd2d37a9100a80a496108f693ecebc59e14-dirty,2,editor,80,24,159,17650,182700,80,24,1293,24,182763,210103,1,86,14216
fc1a1cd2d37a9100a80a496108f693ecebc59e14-dirty,2,editor,80,24,160,17747,182383,80,24,1312,24,182446,213160,1,146,23987
fc1a1cd2d37a9100a80a496108f693ecebc59e14-dirty,2,editor,80,24,161,17807,183178,80,24,901,23,181160,146667,2,219,35880
fc1a1cd2d37a9100a80a496108f693ecebc59e14-dirty,2,editor,80,24,162,17949,183178,80,24,2,1,1643,523,0,2,523
fc1a1cd2d37a9100a80a496108f693ecebc59e14-dirty,2,editor,80,24,163,18050,174291,80,24,901,23,172273,146636,2,180,29531
fc1a1cd2d37a9100a80a496108f693ecebc59e14-dirty,2,editor,80,24,164,18151,174291,80,24,1,1,1643,360,0,1,360
fc1a1cd2d37a9100a80a496108f693ecebc59e14-dirty,2,editor,80,24,165,18246,164923,80,24,870,23,162905,141613,2,195,31973
fc1a1cd2d37a9100a80a496108f693ecebc59e14-dirty,2,editor,80,24,166,18347,165082,80,24,1,1,1643,360,0,1,360
fc1a1cd2d37a9100a80a496108f693ecebc59e14-dirty,2,editor,80,24,167,18407,153646,80,24,829,23,151628,134917,2,180,29526
fc1a1cd2d37a9100a80a496108f693ecebc59e14-dirty,2,editor,80,24,168,18508,153646,80,24,1,1,1643,360,0,1,360
fc1a1cd2d37a9100a80a496108f693ecebc59e14-dirty,2,editor,80,24,169,18650,155077,80,24,891,24,155140,144906,2,185,30338
fc1a1cd2d37a9100a80a496108f693ecebc59e14-dirty,2,editor,80,24,170,18705,155077,80,24,1,1,1643,360,0,1,360
fc1a1cd2d37a9100a80a496108f693ecebc59e14-dirty,2,editor,80,24,171,18806,144754,80,24,877,24,144817,142662,2,167,27408
fc1a1cd2d37a9100a80a496108f693ecebc59e14-dirty,2,editor,80,24,172,18907,144754,80,24,2,1,1643,523,0,2,523
fc1a1cd2d37a9100a80a496108f693ecebc59e14-dirty,2,editor,80,24,173,19008,132841,80,24,754,24,132904,122686,1,87,14378
fc1a1cd2d37a9100a80a496108f693ecebc59e14-dirty,2,editor,80,24,174,19109,133159,80,24,1,1,1961,360,0,1,360
fc1a1cd2d37a9100a80a496108f693ecebc59e14-dirty,2,editor,80,24,175,19204,136657,80,24,22,2,5951,3778,0,22,3778
fc1a1cd2d37a9100a80a496108f693ecebc59e14-dirty,2,editor,80,24,176,19305,136975,80,24,1,1,1961,360,0,1,360
fc1a1cd2d37a9100a80a496108f693ecebc59e14-dirty,2,editor,80,24,177,19406,144754,80,24,53,2,14048,8830,0,53,8830
fc1a1cd2d37a9100a80a496108f693ecebc59e14-dirty,2,editor,80,24,178,19549,145072,80,24,1,1,1961,360,0,1,360
fc1a1cd2d37a9100a80a496108f693ecebc59e14-dirty,2,editor,80,24,179,19608,132682,80,24,57,2,1976,9481,0,57,9481
fc1a1cd2d37a9100a80a496108f693ecebc59e14-dirty,2,editor,80,24,180,19746,134262,80,24,13,1,3223,2294,0,13,2294
fc1a1cd2d37a9100a80a496108f693ecebc59e14-dirty,2,editor,80,24,181,19806,134421,80,24,2,2,3715,522,0,2,522
fc1a1cd2d37a9100a80a496108f693ecebc59e14-dirty,2,editor,80,24,182,19907,134580,80,24,2,2,3874,522,0,2,522
fc1a1cd2d37a9100a80a496108f693ecebc59e14-dirty,2,editor,80,24,183,20049,134739,80,24,2,2,4033,522,0,2,522
fc1a1cd2d37a9100a80a496108f693ecebc59e14-dirty,2,editor,80,24,184,20150,134739,80,24,1,1,3223,360,0,1,360
fc1a1cd2d37a9100a80a496108f693ecebc59e14-dirty,2,editor,80,24,185,20245,135057,80,24,2,2,4351,522,0,2,522
fc1a1cd2d37a9100a80a496108f693ecebc59e14-dirty,2,editor,80,24,186,20347,135216,80,24,2,2,4510,522,0,2,522
fc1a1cd2d37a9100a80a496108f693ecebc59e14-dirty,2,editor,80,24,187,20448,135375,80,24,2,2,4669,522,0,2,522
fc1a1cd2d37a9100a80a496108f693ecebc59e14-dirty,2,editor,80,24,188,20549,135534,80,24,2,1,3382,523,0,2,523
fc1a1cd2d37a9100a80a496108f693ecebc59e14-dirty,2,editor,80,24,189,20608,135694,80,24,2,2,4988,523,0,2,523
fc1a1cd2d37a9100a80a496108f693ecebc59e14-dirty,2,editor,80,24,190,20709,136012,80,24,2,2,5306,524,0,2,524
fc1a1cd2d37a9100a80a496108f693ecebc59e14-dirty,2,editor,80,24,191,20805,136012,80,24,1,1,3383,361,0,1,361
fc1a1cd2d37a9100a80a496108f693ecebc59e14-dirty,2,editor,80,24,192,20946,136330,80,24,2,2,5624,524,0,2,524
fc1a1cd2d37a9100a80a496108f693ecebc59e14-dirty,2,editor,80,24,193,21007,136489,80,24,2,2,5783,524,0,2,524
fc1a1cd2d37a9100a80a496108f693ecebc59e14-dirty,2,editor,80,24,194,21108,136648,80,24,2,2,5942,524,0,2,524
fc1a1cd2d37a9100a80a496108f693ecebc59e14-dirty,2,editor,80,24,195,21209,136807,80,24,2,2,6101,524,0,2,524
fc1a1cd2d37a9100a80a496108f693ecebc59e14-dirty,2,editor,80,24,196,21305,136807,80,24,1,1,3383,361,0,1,361
fc1a1cd2d37a9100a80a496108f693ecebc59e14-dirty,2,editor,80,24,197,21447,137125,80,24,2,2,6419,524,0,2,524
fc1a1cd2d37a9100a80a496108f693ecebc59e14-dirty,2,editor,80,24,198,21507,137284,80,24,3,2,6578,687,0,3,687
fc1a1cd2d37a9100a80a496108f693ecebc59e14-dirty,2,editor,80,24,199,21608,137443,80,24,2,2,6737,524,0,2,524
fc1a1cd2d37a9100a80a496108f693ecebc59e14-dirty,2,editor,80,24,200,21709,137443,80,24,2,2,6737,524,0,2,524
fc1a1cd2d37a9100a80a496108f693ecebc59e14-dirty,2,editor,80,24,201,21830,135068,80,24,21,1,849,3611,0,21,3611
fc1a1cd2d37a9100a80a496108f693ecebc59e14-dirty,2,editor,80,24,202,21905,123948,80,24,739,24,124011,120208,1,82,13564
fc1a1cd2d37a9100a80a496108f693ecebc59e14-dirty,2,editor,80,24,203,22006,123791,80,24,775,24,123854,126019,1,136,22358
fc1a1cd2d37a9100a80a496108f693ecebc59e14-dirty,2,editor,80,24,204,22147,114263,80,24,813,24,114326,132193,1,102,16820
fc1a1cd2d37a9100a80a496108f693ecebc59e14-dirty,2,editor,80,24,205,22208,107597,80,24,809,24,107660,131554,1,111,18291
fc1a1cd2d37a9100a80a496108f693ecebc59e14-dirty,2,editor,80,24,206,22350,107597,80,24,793,24,107660,128970,1,125,20572
fc1a1cd2d37a9100a80a496108f693ecebc59e14-dirty,2,editor,80,24,207,22404,119351,80,24,732,24,119414,119064,1,125,20572
fc1a1cd2d37a9100a80a496108f693ecebc59e14-dirty,2,editor,80,24,208,22547,117284,80,24,724,24,117347,117786,1,105,17312
fc1a1cd2d37a9100a80a496108f693ecebc59e14-dirty,2,editor,80,24,209,22647,120783,80,24,710,24,120846,115533,1,106,17477
fc1a1cd2d37a9100a80a496108f693ecebc59e14-dirty,2,editor,80,24,210,22748,124440,80,24,733,24,124503,119264,1,105,17312
fc1a1cd2d37a9100a80a496108f693ecebc59e14-dirty,2,editor,80,24,211,22848,115866,80,24,671,24,115929,109178,1,105,17312
fc1a1cd2d37a9100a80a496108f693ecebc59e14-dirty,2,editor,80,24,212,22949,108246,80,24,624,24,108309,101544,1,109,17964
fc1a1cd2d37a9100a80a496108f693ecebc59e14-dirty,2,editor,80,24,213,23009,109518,80,24,589,24,109581,95877,1,106,17475
fc1a1cd2d37a9100a80a496108f693ecebc59e14-dirty,2,editor,80,24,214,23105,108878,80,24,595,24,108941,96842,1,95,15683
fc1a1cd2d37a9100a80a496108f693ecebc59e14-dirty,2,editor,80,24,215,23205,106014,80,24,587,24,106077,95535,1,88,14541
fc1a1cd2d37a9100a80a496108f693ecebc59e14-dirty,2,editor,80,24,216,23348,101561,80,24,560,24,101624,91112,1,87,14378
fc1a1cd2d37a9100a80a496108f693ecebc59e14-dirty,2,editor,80,24,217,23407,101560,80,24,533,24,101623,86694,1,86,14216
fc1a1cd2d37a9100a80a496108f693ecebc59e14-dirty,2,editor,80,24,218,23508,111249,80,24,581,24,111312,94495,1,145,23825
fc1a1cd2d37a9100a80a496108f693ecebc59e14-dirty,2,editor,80,24,219,23608,116814,80,24,627,24,116877,101965,1,121,19917
fc1a1cd2d37a9100a80a496108f693ecebc59e14-dirty,2,editor,80,24,220,23704,113955,80,24,682,24,114018,110953,2,231,37843
fc1a1cd2d37a9100a80a496108f693ecebc59e14-dirty,2,editor,80,24,221,23847,115068,80,24,668,24,115131,108713,1,93,15353
fc1a1cd2d37a9100a80a496108f693ecebc59e14-dirty,2,editor,80,24,222,23906,114114,80,24,664,24,114177,108059,1,102,16823
fc1a1cd2d37a9100a80a496108f693ecebc59e14-dirty,2,editor,80,24,223,24007,110933,80,24,652,24,110996,106132,1,88,14541
fc1a1cd2d37a9100a80a496108f693ecebc59e14-dirty,2,editor,80,24,224,24148,111092,80,24,636,24,111155,103527,1,87,14378
fc1a1cd2d37a9100a80a496108f693ecebc59e14-dirty,2,editor,80,24,225,24208,99178,80,24,591,24,99241,96228,1,86,14216
fc1a1cd2d37a9100a80a496108f693ecebc59e14-dirty,2,editor,80,24,226,24346,108231,80,24,585,24,108294,95275,1,129,21217
fc1a1cd2d37a9100a80a496108f693ecebc59e14-dirty,2,editor,80,24,227,24447,108231,80,24,590,24,108294,96108,1,116,19102
fc1a1cd2d37a9100a80a496108f693ecebc59e14-dirty,2,editor,80,24,228,24506,98703,80,24,582,24,98766,94835,1,103,16986
fc1a1cd2d37a9100a80a496108f693ecebc59e14-dirty,2,editor,80,24,229,24607,89811,80,24,586,24,89874,95490,1,107,17638
fc1a1cd2d37a9100a80a496108f693ecebc59e14-dirty,2,editor,80,24,230,24707,89811,80,24,568,24,89874,92522,1,109,17964
fc1a1cd2d37a9100a80a496108f693ecebc59e14-dirty,2,editor,80,24,231,24808,89174,80,24,551,24,89237,89708,1,105,17312
fc1a1cd2d37a9100a80a496108f693ecebc59e14-dirty,2,editor,80,24,232,24909,87900,80,24,8,1,529,1500,0,8,1500
fc1a1cd2d37a9100a80a496108f693ecebc59e14-dirty,2,editor,80,24,233,25004,88059,80,24,1,1,688,359,0,1,359
fc1a1cd2d37a9100a80a496108f693ecebc59e14-dirty,2,editor,80,24,234,25105,88218,80,24,1,1,847,359,0,1,359
fc1a1cd2d37a9100a80a496108f693ecebc59e14-dirty,2,editor,80,24,235,25247,105367,80,24,694,24,105430,112833,0,694,112833
fc1a1cd2d37a9100a80a496108f693ecebc59e14-dirty,3,editor,80,24,1,46,105685,80,24,1,1,848,360,0,1,360
fc1a1cd2d37a9100a80a496108f693ecebc59e14-dirty,3,editor,80,24,2,106,105844,80,24,1,1,1007,360,0,1,360
fc1a1cd2d37a9100a80a496108f693ecebc59e14-dirty,3,editor,80,24,3,248,106003,80,24,1,1,1166,360,0,1,360
fc1a1cd2d37a9100a80a496108f693ecebc59e14-dirty,3,editor,80,24,4,343,106003,80,24,0,0,199,199,0,0,199
fc1a1cd2d37a9100a80a496108f693ecebc59e14-dirty,3,editor,80,24,5,404,106321,80,24,1,1,1484,360,0,1,360
fc1a1cd2d37a9100a80a496108f693ecebc59e14-dirty,3,editor,80,24,6,503,106480,80,24,1,1,1643,360,0,1,360
fc1a1cd2d37a9100a80a496108f693ecebc59e14-dirty,3,editor,80,24,7,604,106480,80,24,0,0,199,199,0,0,199
fc1a1cd2d37a9100a80a496108f693ecebc59e14-dirty,3,editor,80,24,8,746,106799,80,24,1,1,1962,361,0,1,361
fc1a1cd2d37a9100a80a496108f693ecebc59e14-dirty,3,editor,80,24,9,847,106958,80,24,1,1,2121,362,0,1,362
fc1a1cd2d37a9100a80a496108f693ecebc59e14-dirty,3,editor,80,24,10,947,106958,80,24,0,0,200,200,0,0,200
fc1a1cd2d37a9100a80a496108f693ecebc59e14-dirty,3,editor,80,24,11,1048,107276,80,24,1,1,2439,362,0,1,362
fc1a1cd2d37a9100a80a496108f693ecebc59e14-dirty,3,editor,80,24,12,1143,107435,80,24,1,1,2598,362,0,1,362
fc1a1cd2d37a9100a80a496108f693ecebc59e14-dirty,3,editor,80,24,13,1203,107594,80,24,1,1,2757,362,0,1,362
fc1a1cd2d37a9100a80a496108f693ecebc59e14-dirty,3,editor,80,24,14,1303,107753,80,24,1,1,2916,362,0,1,362
fc1a1cd2d37a9100a80a496108f693ecebc59e14-dirty,3,editor,80,24,15,1404,107753,80,24,0,0,200,200,0,0,200
fc1a1cd2d37a9100a80a496108f693ecebc59e14-dirty,3,editor,80,24,16,1505,108071,80,24,1,1,3234,362,0,1,362
fc1a1cd2d37a9100a80a496108f693ecebc59e14-dirty,3,editor,80,24,17,1605,108230,80,24,1,1,3393,362,0,1,362
fc1a1cd2d37a9100a80a496108f693ecebc59e14-dirty,3,editor,80,24,18,1706,108389,80,24,1,1,3552,362,0,1,362
fc1a1cd2d37a9100a80a496108f693ecebc59e14-dirty,3,editor,80,24,19,1842,108548,80,24,1,1,3711,362,0,1,362
fc1a1cd2d37a9100a80a496108f693ecebc59e14-dirty,3,editor,80,24,20,1902,108707,80,24,1,1,3870,362,0,1,362
fc1a1cd2d37a9100a80a496108f693ecebc59e14-dirty,3,editor,80,24,21,2003,108866,80,24,1,1,4029,362,0,1,362
fc1a1cd2d37a9100a80a496108f693ecebc59e14-dirty,3,editor,80,24,22,2146,109025,80,24,1,1,4188,362,0,1,362
fc1a1cd2d37a9100a80a496108f693ecebc59e14-dirty,3,editor,80,24,23,2247,109184,80,24,1,1,4347,362,0,1,362
fc1a1cd2d37a9100a80a496108f693ecebc59e14-dirty,3,editor,80,24,24,2306,109343,80,24,1,1,4506,362,0,1,362
fc1a1cd2d37a9100a80a496108f693ecebc59e14-dirty,3,editor,80,24,25,2408,109502,80,24,1,1,4665,362,0,1,362
fc1a1cd2d37a9100a80a496108f693ecebc59e14-dirty,3,editor,80,24,26,2509,108547,80,24,602,22,99676,97884,1,80,13239
fc1a1cd2d37a9100a80a496108f693ecebc59e14-dirty,3,editor,80,24,27,2511,189072,80,24,1184,24,189135,192919,0,1184,192919
fc1a1cd2d37a9100a80a496108f693ecebc59e14-dirty,3,editor,80,24,28,2515,189072,80,24,0,0,197,197,0,0,197
fc1a1cd2d37a9100a80a496108f693ecebc59e14-dirty,3,editor,80,24,29,4604,189072,80,24,1,1,5778,359,0,1,359
fc1a1cd2d37a9100a80a496108f693ecebc59e14-dirty,3,editor,80,24,30,4747,189389,80,24,4,1,6095,848,0,4,848
fc1a1cd2d37a9100a80a496108f693ecebc59e14-dirty,3,editor,80,24,31,4807,189072,80,24,4,1,5778,848,0,4,848
fc1a1cd2d37a9100a80a496108f693ecebc59e14-dirty,3,editor,80,24,32,4948,189072,80,24,1,1,5778,359,0,1,359
fc1a1cd2d37a9100a80a496108f693ecebc59e14-dirty,3,editor,80,24,33,5004,189072,80,24,1,1,5778,359,0,1,359
fc1a1cd2d37a9100a80a496108f693ecebc59e14-dirty,3,editor,80,24,34,5105,189072,80,24,1,1,5778,359,0,1,359
fc1a1cd2d37a9100a80a496108f693ecebc59e14-dirty,3,editor,80,24,35,5248,189072,80,24,1,1,5778,359,0,1,359
fc1a1cd2d37a9100a80a496108f693ecebc59e14-dirty,3,editor,80,24,36,5307,189072,80,24,1,1,5778,359,0,1,359
fc1a1cd2d37a9100a80a496108f693ecebc59e14-dirty,3,editor,80,24,37,5409,189391,80,24,1,1,6097,360,0,1,360
fc1a1cd2d37a9100a80a496108f693ecebc59e14-dirty,3,editor,80,24,38,5410,189232,80,24,5,1,5938,1012,0,5,1012
fc1a1cd2d37a9100a80a496108f693ecebc59e14-dirty,3,editor,80,24,39,5547,189073,80,24,1,1,5779,360,0,1,360
fc1a1cd2d37a9100a80a496108f693ecebc59e14-dirty,3,editor,80,24,40,5648,189232,80,24,1,1,5938,360,0,1,360
fc1a1cd2d37a9100a80a496108f693ecebc59e14-dirty,3,editor,80,24,41,5707,189232,80,24,1,1,5938,360,0,1,360
fc1a1cd2d37a9100a80a496108f693ecebc59e14-dirty,3,editor,80,24,42,5804,189232,80,24,1,1,5938,360,0,1,360
fc1a1cd2d37a9100a80a496108f693ecebc59e14-dirty,3,editor,80,24,43,5945,189232,80,24,1,1,5938,360,0,1,360
fc1a1cd2d37a9100a80a496108f693ecebc59e14-dirty,3,editor,80,24,44,6006,189232,80,24,1,1,5938,360,0,1,360
fc1a1cd2d37a9100a80a496108f693ecebc59e14-dirty,3,editor,80,24,45,6107,193183,80,24,1515,24,193246,246440,1,192,31474
fc1a1cd2d37a9100a80a496108f693ecebc59e14-dirty,3,editor,80,24,46,6245,205096,80,24,1021,23,203077,165976,2,216,35394
fc1a1cd2d37a9100a80a496108f693ecebc59e14-dirty,3,editor,80,24,47,6305,205096,80,24,1,1,1643,360,0,1,360
fc1a1cd2d37a9100a80a496108f693ecebc59e14-dirty,3,editor,80,24,48,6406,217327,80,24,1452,24,217390,236154,1,130,21386
fc1a1cd2d37a9100a80a496108f693ecebc59e14-dirty,3,editor,80,24,49,6549,217327,80,24,1397,24,217390,227183,1,130,21386
fc1a1cd2d37a9100a80a496108f693ecebc59e14-dirty,3,editor,80,24,50,6604,224788,80,24,1370,24,224851,222778,1,132,21712
fc1a1cd2d37a9100a80a496108f693ecebc59e14-dirty,3,editor,80,24,51,6706,224947,80,24,1353,24,225010,220006,1,144,23668
fc1a1cd2d37a9100a80a496108f693ecebc59e14-dirty,3,editor,80,24,52,6849,213193,80,24,1356,24,213256,220476,1,88,14540
fc1a1cd2d37a9100a80a496108f693ecebc59e14-dirty,3,editor,80,24,53,6950,206686,80,24,1342,24,206749,218161,1,121,19915
fc1a1cd2d37a9100a80a496108f693ecebc59e14-dirty,3,editor,80,24,54,7004,194614,80,24,1334,24,194677,216818,1,87,14378
fc1a1cd2d37a9100a80a496108f693ecebc59e14-dirty,3,editor,80,24,55,7146,182700,80,24,1293,24,182763,210103,1,86,14216
fc1a1cd2d37a9100a80a496108f693ecebc59e14-dirty,3,editor,80,24,56,7248,182383,80,24,1312,24,182446,213160,1,146,23987
fc1a1cd2d37a9100a80a496108f693ecebc59e14-dirty,3,editor,80,24,57,7307,183178,80,24,901,23,181160,146667,2,219,35880
fc1a1cd2d37a9100a80a496108f693ecebc59e14-dirty,3,editor,80,24,58,7445,183178,80,24,2,1,1643,523,0,2,523
fc1a1cd2d37a9100a80a496108f693ecebc59e14-dirty,3,editor,80,24,59,7545,174291,80,24,901,23,172273,146636,2,180,29531
fc1a1cd2d37a9100a80a496108f693ecebc59e14-dirty,3,editor,80,24,60,7604,90581,80,24,1050,24,90644,170639,1,942,153146
fc1a1cd2d37a9100a80a496108f693ecebc59e14-dirty,3,editor,80,24,61,7705,90899,80,24,4,1,2437,849,0,4,849
fc1a1cd2d37a9100a80a496108f693ecebc59e14-dirty,3,editor,80,24,62,7806,90581,80,24,4,1,2119,849,0,4,849
fc1a1cd2d37a9100a80a496108f693ecebc59e14-dirty,3,editor,80,24,63,7906,90899,80,24,4,1,2437,849,0,4,849
fc1a1cd2d37a9100a80a496108f693ecebc59e14-dirty,3,editor,80,24,64,8002,90581,80,24,4,1,2119,849,0,4,849
fc1a1cd2d37a9100a80a496108f693ecebc59e14-dirty,3,editor,80,24,65,8102,90581,80,24,1,1,2119,360,0,1,360
fc1a1cd2d37a9100a80a496108f693ecebc59e14-dirty,3,editor,80,24,66,8203,90899,80,24,4,1,2437,849,0,4,849
fc1a1cd2d37a9100a80a496108f693ecebc59e14-dirty,3,editor,80,24,67,8304,90422,80,24,5,1,1960,1012,0,5,1012
fc1a1cd2d37a9100a80a496108f693ecebc59e14-dirty,3,editor,80,24,68,8404,90422,80,24,1,1,1960,360,0,1,360
fc1a1cd2d37a9100a80a496108f693ecebc59e14-dirty,3,editor,80,24,69,8505,90422,80,24,1,1,1960,360,0,1,360
fc1a1cd2d37a9100a80a496108f693ecebc59e14-dirty,3,editor,80,24,70,8606,90263,80,24,1,1,1801,360,0,1,360
fc1a1cd2d37a9100a80a496108f693ecebc59e14-dirty,3,editor,80,24,71,8706,90581,80,24,1,1,2119,360,0,1,360
fc1a1cd2d37a9100a80a496108f693ecebc59e14-dirty,3,editor,80,24,72,8804,184936,80,24,1178,24,184999,191909,1,1127,183720
fc1a1cd2d37a9100a80a496108f693ecebc59e14-dirty,3,editor,80,24,73,8946,185254,80,24,1,1,1960,359,0,1,359
fc1a1cd2d37a9100a80a496108f693ecebc59e14-dirty,3,editor,80,24,74,9007,185413,80,24,1,1,2119,359,0,1,359
fc1a1cd2d37a9100a80a496108f693ecebc59e14-dirty,3,editor,80,24,75,9150,217327,80,24,1504,24,217390,244602,5,502,81964
fc1a1cd2d37a9100a80a496108f693ecebc59e14-dirty,3,editor,80,24,76,9246,214137,80,24,1391,24,214200,226177,1,86,14204
fc1a1cd2d37a9100a80a496108f693ecebc59e14-dirty,3,editor,80,24,77,9306,214296,80,24,2,2,3397,522,0,2,522
fc1a1cd2d37a9100a80a496108f693ecebc59e14-dirty,3,editor,80,24,78,9447,214296,80,24,1,1,3064,360,0,1,360
fc1a1cd2d37a9100a80a496108f693ecebc59e14-dirty,3,editor,80,24,79,9549,214614,80,24,2,2,3715,522,0,2,522
fc1a1cd2d37a9100a80a496108f693ecebc59e14-dirty,3,editor,80,24,80,9604,214773,80,24,2,2,3874,522,0,2,522
fc1a1cd2d37a9100a80a496108f693ecebc59e14-dirty,3,editor,80,24,81,9746,214932,80,24,2,2,4033,522,0,2,522
fc1a1cd2d37a9100a80a496108f693ecebc59e14-dirty,3,editor,80,24,82,9847,214932,80,24,1,1,3064,360,0,1,360
fc1a1cd2d37a9100a80a496108f693ecebc59e14-dirty,3,editor,80,24,83,9908,215250,80,24,2,2,4351,522,0,2,522
fc1a1cd2d37a9100a80a496108f693ecebc59e14-dirty,3,editor,80,24,84,10009,215409,80,24,2,2,4510,522,0,2,522
fc1a1cd2d37a9100a80a496108f693ecebc59e14-dirty,3,editor,80,24,85,10105,215727,80,24,3,2,4828,685,0,3,685
fc1a1cd2d37a9100a80a496108f693ecebc59e14-dirty,3,editor,80,24,86,10206,215728,80,24,2,2,4829,523,0,2,523
fc1a1cd2d37a9100a80a496108f693ecebc59e14-dirty,3,editor,80,24,87,10308,215887,80,24,1,1,3224,361,0,1,361
fc1a1cd2d37a9100a80a496108f693ecebc59e14-dirty,3,editor,80,24,88,10409,216205,80,24,2,2,5306,524,0,2,524
fc1a1cd2d37a9100a80a496108f693ecebc59e14-dirty,3,editor,80,24,89,10545,216364,80,24,2,2,5465,524,0,2,524
fc1a1cd2d37a9100a80a496108f693ecebc59e14-dirty,3,editor,80,24,90,10648,216523,80,24,2,2,5624,524,0,2,524
fc1a1cd2d37a9100a80a496108f693ecebc59e14-dirty,3,editor,80,24,91,10707,216682,80,24,2,2,5783,524,0,2,524
fc1a1cd2d37a9100a80a496108f693ecebc59e14-dirty,3,editor,80,24,92,10849,216841,80,24,2,2,5942,524,0,2,524
fc1a1cd2d37a9100a80a496108f693ecebc59e14-dirty,3,editor,80,24,93,10905,216841,80,24,1,1,3224,361,0,1,361
fc1a1cd2d37a9100a80a496108f693ecebc59e14-dirty,3,editor,80,24,94,11006,217159,80,24,2,2,6260,524,0,2,524
fc1a1cd2d37a9100a80a496108f693ecebc59e14-dirty,3,editor,80,24,95,11108,217318,80,24,3,2,6419,687,0,3,687
fc1a1cd2d37a9100a80a496108f693ecebc59e14-dirty,3,editor,80,24,96,11250,217477,80,24,2,2,6578,524,0,2,524
fc1a1cd2d37a9100a80a496108f693ecebc59e14-dirty,3,editor,80,24,97,11346,217477,80,24,2,2,6578,524,0,2,524
fc1a1cd2d37a9100a80a496108f693ecebc59e14-dirty,3,editor,80,24,98,11407,217636,80,24,1,1,3224,361,0,1,361
fc1a1cd2d37a9100a80a496108f693ecebc59e14-dirty,3,editor,80,24,99,11549,217954,80,24,2,2,7055,524,0,2,524
fc1a1cd2d37a9100a80a496108f693ecebc59e14-dirty,3,editor,80,24,100,11649,218113,80,24,2,2,7214,524,0,2,524
fc1a1cd2d37a9100a80a496108f693ecebc59e14-dirty,3,editor,80,24,101,11705,218272,80,24,2,2,7373,524,0,2,524
fc1a1cd2d37a9100a80a496108f693ecebc59e14-dirty,3,editor,80,24,102,11807,218272,80,24,1,1,3224,361,0,1,361
fc1a1cd2d37a9100a80a496108f693ecebc59e14-dirty,3,editor,80,24,103,11949,218590,80,24,2,2,7691,524,0,2,524
fc1a1cd2d37a9100a80a496108f693ecebc59e14-dirty,3,editor,80,24,104,12049,218749,80,24,2,2,7850,524,0,2,524
fc1a1cd2d37a9100a80a496108f693ecebc59e14-dirty,3,editor,80,24,105,12105,218908,80,24,3,2,8009,687,0,3,687
fc1a1cd2d37a9100a80a496108f693ecebc59e14-dirty,3,editor,80,24,106,12248,219067,80,24,2,2,8168,524,0,2,524
fc1a1cd2d37a9100a80a496108f693ecebc59e14-dirty,3,editor,80,24,107,12308,219226,80,24,2,2,8327,524,0,2,524
fc1a1cd2d37a9100a80a496108f693ecebc59e14-dirty,3,editor,80,24,108,12409,219226,80,24,2,2,8327,524,0,2,524
fc1a1cd2d37a9100a80a496108f693ecebc59e14-dirty,3,editor,80,24,109,12547,219385,80,24,1,1,3224,361,0,1,361
fc1a1cd2d37a9100a80a496108f693ecebc59e14-dirty,3,editor,80,24,110,12607,219703,80,24,2,2,8804,524,0,2,524
fc1a1cd2d37a9100a80a496108f693ecebc59e14-dirty,3,editor,80,24,111,12708,219862,80,24,2,2,8963,524,0,2,524
fc1a1cd2d37a9100a80a496108f693ecebc59e14-dirty,3,editor,80,24,112,12850,219862,80,24,1,1,3224,361,0,1,361
fc1a1cd2d37a9100a80a496108f693ecebc59e14-dirty,3,editor,80,24,113,12905,220180,80,24,2,2,9281,524,0,2,524
fc1a1cd2d37a9100a80a496108f693ecebc59e14-dirty,3,editor,80,24,114,13048,220339,80,24,2,2,9440,524,0,2,524
fc1a1cd2d37a9100a80a496108f693ecebc59e14-dirty,3,editor,80,24,115,13108,226528,80,24,3,2,15629,687,0,3,687
fc1a1cd2d37a9100a80a496108f693ecebc59e14-dirty,3,editor,80,24,116,13210,226528,80,24,1,1,3224,361,0,1,361
fc1a1cd2d37a9100a80a496108f693ecebc59e14-dirty,3,editor,80,24,117,13306,226528,80,24,2,2,15629,524,0,2,524
fc1a1cd2d37a9100a80a496108f693ecebc59e14-dirty,3,editor,80,24,118,13447,226528,80,24,2,2,15629,524,0,2,524
fc1a1cd2d37a9100a80a496108f693ecebc59e14-dirty,3,editor,80,24,119,13509,226369,80,24,2,2,15470,524,0,2,524
fc1a1cd2d37a9100a80a496108f693ecebc59e14-dirty,3,editor,80,24,120,13651,226528,80,24,2,2,15629,524,0,2,524
fc1a1cd2d37a9100a80a496108f693ecebc59e14-dirty,3,editor,80,24,121,13747,226528,80,24,2,2,15629,524,0,2,524
fc1a1cd2d37a9100a80a496108f693ecebc59e14-dirty,3,editor,80,24,122,13807,226528,80,24,2,2,15629,524,0,2,524
fc1a1cd2d37a9100a80a496108f693ecebc59e14-dirty,3,editor,80,24,123,13975,224153,80,24,21,1,849,3611,0,21,3611
fc1a1cd2d37a9100a80a496108f693ecebc59e14-dirty,3,editor,80,24,124,14009,226528,80,24,21,1,3224,3599,0,21,3599
fc1a1cd2d37a9100a80a496108f693ecebc59e14-dirty,3,editor,80,24,125,14106,226528,80,24,3,2,15629,687,0,3,687
fc1a1cd2d37a9100a80a496108f693ecebc59e14-dirty,3,editor,80,24,126,14207,226528,80,24,3,2,15629,687,0,3,687
fc1a1cd2d37a9100a80a496108f693ecebc59e14-dirty,3,editor,80,24,127,14308,226528,80,24,3,2,15629,687,0,3,687
fc1a1cd2d37a9100a80a496108f693ecebc59e14-dirty,3,editor,80,24,128,14451,226528,80,24,4,2,15629,850,0,4,850
fc1a1cd2d37a9100a80a496108f693ecebc59e14-dirty,3,editor,80,24,129,14506,226528,80,24,3,2,15629,687,0,3,687
fc1a1cd2d37a9100a80a496108f693ecebc59e14-dirty,3,editor,80,24,130,14607,226528,80,24,3,2,15629,687,0,3,687
fc1a1cd2d37a9100a80a496108f693ecebc59e14-dirty,3,editor,80,24,131,14708,226528,80,24,3,2,15629,687,0,3,687
fc1a1cd2d37a9100a80a496108f693ecebc59e14-dirty,3,editor,80,24,132,14806,226528,80,24,3,2,15629,687,0,3,687
fc1a1cd2d37a9100a80a496108f693ecebc59e14-dirty,3,editor,80,24,133,14908,226369,80,24,3,2,15470,687,0,3,687
fc1a1cd2d37a9100a80a496108f693ecebc59e14-dirty,3,editor,80,24,134,15008,226528,80,24,3,2,15629,687,0,3,687
fc1a1cd2d37a9100a80a496108f693ecebc59e14-dirty,3,editor,80,24,135,15109,226528,80,24,3,2,15629,687,0,3,687
fc1a1cd2d37a9100a80a496108f693ecebc59e14-dirty,3,editor,80,24,136,15246,226528,80,24,3,2,15629,687,0,3,687
fc1a1cd2d37a9100a80a496108f693ecebc59e14-dirty,3,editor,80,24,137,15307,226528,80,24,3,2,15629,687,0,3,687
fc1a1cd2d37a9100a80a496108f693ecebc59e14-dirty,3,editor,80,24,138,15408,226528,80,24,4,2,15629,850,0,4,850
fc1a1cd2d37a9100a80a496108f693ecebc59e14-dirty,3,editor,80,24,139,15509,226528,80,24,3,2,15629,687,0,3,687
fc1a1cd2d37a9100a80a496108f693ecebc59e14-dirty,3,editor,80,24,140,15606,226528,80,24,3,2,15629,687,0,3,687
fc1a1cd2d37a9100a80a496108f693ecebc59e14-dirty,3,editor,80,24,141,15747,226528,80,24,3,2,15629,687,0,3,687
fc1a1cd2d37a9100a80a496108f693ecebc59e14-dirty,3,editor,80,24,142,15850,226528,80,24,3,2,15629,687,0,3,687
fc1a1cd2d37a9100a80a496108f693ecebc59e14-dirty,3,editor,80,24,143,15910,226528,80,24,3,2,15629,687,0,3,687
fc1a1cd2d37a9100a80a496108f693ecebc59e14-dirty,3,editor,80,24,144,16006,226369,80,24,3,2,15470,687,0,3,687
fc1a1cd2d37a9100a80a496108f693ecebc59e14-dirty,3,editor,80,24,145,16107,226528,80,24,3,2,15629,687,0,3,687
fc1a1cd2d37a9100a80a496108f693ecebc59e14-dirty,3,editor,80,24,146,16209,226528,80,24,3,2,15629,687,0,3,687
fc1a1cd2d37a9100a80a496108f693ecebc59e14-dirty,3,editor,80,24,147,16306,226528,80,24,3,2,15629,687,0,3,687
fc1a1cd2d37a9100a80a496108f693ecebc59e14-dirty,3,editor,80,24,148,16407,226528,80,24,4,2,15629,850,0,4,850
fc1a1cd2d37a9100a80a496108f693ecebc59e14-dirty,3,editor,80,24,149,16508,226528,80,24,3,2,15629,687,0,3,687
fc1a1cd2d37a9100a80a496108f693ecebc59e14-dirty,3,editor,80,24,150,16610,226528,80,24,3,2,15629,687,0,3,687
fc1a1cd2d37a9100a80a496108f693ecebc59e14-dirty,3,editor,80,24,151,16706,226528,80,24,3,2,15629,687,0,3,687
fc1a1cd2d37a9100a80a496108f693ecebc59e14-dirty,3,editor,80,24,152,16832,224153,80,24,21,1,849,3611,0,21,3611
fc1a1cd2d37a9100a80a496108f693ecebc59e14-dirty,3,editor,80,24,153,16909,235906,80,24,60,2,25007,9970,0,60,9970
fc1a1cd2d37a9100a80a496108f693ecebc59e14-dirty,3,editor,80,24,154,17011,235905,80,24,86,2,25006,14200,0,86,14200
fc1a1cd2d37a9100a80a496108f693ecebc59e14-dirty,3,editor,80,24,155,17106,235905,80,24,1,1,12601,360,0,1,360
fc1a1cd2d37a9100a80a496108f693ecebc59e14-dirty,3,editor,80,24,156,17208,224947,80,24,1382,24,225010,224725,1,150,24640
fc1a1cd2d37a9100a80a496108f693ecebc59e14-dirty,3,editor,80,24,157,17309,213193,80,24,1356,24,213256,220476,1,88,14540
fc1a1cd2d37a9100a80a496108f693ecebc59e14-dirty,3,editor,80,24,158,17410,206686,80,24,1342,24,206749,218161,1,121,19915
fc1a1cd2d37a9100a80a496108f693ecebc59e14-dirty,3,editor,80,24,159,17547,194614,80,24,1334,24,194677,216818,1,87,14378
fc1a1cd2d37a9100a80a496108f693ecebc59e14-dirty,3,editor,80,24,160,17648,182700,80,24,1293,24,182763,210103,1,86,14216
fc1a1cd2d37a9100a80a496108f693ecebc59e14-dirty,3,editor,80,24,161,17750,182383,80,24,1312,24,182446,213160,1,146,23987
fc1a1cd2d37a9100a80a496108f693ecebc59e14-dirty,3,editor,80,24,162,17851,183178,80,24,901,23,181160,146667,2,219,35880
fc1a1cd2d37a9100a80a496108f693ecebc59e14-dirty,3,editor,80,24,163,17906,183178,80,24,2,1,1643,523,0,2,523
fc1a1cd2d37a9100a80a496108f693ecebc59e14-dirty,3,editor,80,24,164,18007,174291,80,24,901,23,172273,146636,2,180,29531
fc1a1cd2d37a9100a80a496108f693ecebc59e14-dirty,3,editor,80,24,165,18108,174291,80,24,1,1,1643,360,0,1,360
fc1a1cd2d37a9100a80a496108f693ecebc59e14-dirty,3,editor,80,24,166,18250,164923,80,24,870,23,162905,141613,2,195,31973
fc1a1cd2d37a9100a80a496108f693ecebc59e14-dirty,3,editor,80,24,167,18346,165082,80,24,1,1,1643,360,0,1,360
fc1a1cd2d37a9100a80a496108f693ecebc59e14-dirty,3,editor,80,24,168,18446,153646,80,24,829,23,151628,134917,2,180,29526
fc1a1cd2d37a9100a80a496108f693ecebc59e14-dirty,3,editor,80,24,169,18506,153646,80,24,1,1,1643,360,0,1,360
fc1a1cd2d37a9100a80a496108f693ecebc59e14-dirty,3,editor,80,24,170,18607,155077,80,24,891,24,155140,144906,2,185,30338
fc1a1cd2d37a9100a80a496108f693ecebc59e14-dirty,3,editor,80,24,171,18750,155077,80,24,1,1,1643,360,0,1,360
fc1a1cd2d37a9100a80a496108f693ecebc59e14-dirty,3,editor,80,24,172,18805,144754,80,24,877,24,144817,142662,2,167,27408
fc1a1cd2d37a9100a80a496108f693ecebc59e14-dirty,3,editor,80,24,173,18906,144754,80,24,2,1,1643,523,0,2,523
fc1a1cd2d37a9100a80a496108f693ecebc59e14-dirty,3,editor,80,24,174,19047,132841,80,24,754,24,132904,122686,1,87,14378
fc1a1cd2d37a9100a80a496108f693ecebc59e14-dirty,3,editor,80,24,175,19108,133159,80,24,1,1,1961,360,0,1,360
fc1a1cd2d37a9100a80a496108f693ecebc59e14-dirty,3,editor,80,24,176,19209,136657,80,24,22,2,5951,3778,0,22,3778
fc1a1cd2d37a9100a80a496108f693ecebc59e14-dirty,3,editor,80,24,177,19345,136975,80,24,1,1,1961,360,0,1,360
fc1a1cd2d37a9100a80a496108f693ecebc59e14-dirty,3,editor,80,24,178,19447,144754,80,24,53,2,14048,8830,0,53,8830
fc1a1cd2d37a9100a80a496108f693ecebc59e14-dirty,3,editor,80,24,179,19507,145072,80,24,1,1,1961,360,0,1,360
fc1a1cd2d37a9100a80a496108f693ecebc59e14-dirty,3,editor,80,24,180,19608,132682,80,24,57,2,1976,9481,0,57,9481
fc1a1cd2d37a9100a80a496108f693ecebc59e14-dirty,3,editor,80,24,181,19750,134262,80,24,13,1,3223,2294,0,13,2294
fc1a1cd2d37a9100a80a496108f693ecebc59e14-dirty,3,editor,80,24,182,19847,134421,80,24,2,2,3715,522,0,2,522
fc1a1cd2d37a9100a80a496108f693ecebc59e14-dirty,3,editor,80,24,183,19949,134580,80,24,2,2,3874,522,0,2,522
fc1a1cd2d37a9100a80a496108f693ecebc59e14-dirty,3,editor,80,24,184,20047,134739,80,24,2,2,4033,522,0,2,522
fc1a1cd2d37a9100a80a496108f693ecebc59e14-dirty,3,editor,80,24,185,20149,134739,80,24,1,1,3223,360,0,1,360
fc1a1cd2d37a9100a80a496108f693ecebc59e14-dirty,3,editor,80,24,186,20249,135057,80,24,2,2,4351,522,0,2,522
fc1a1cd2d37a9100a80a496108f693ecebc59e14-dirty,3,editor,80,24,187,20305,135216,80,24,2,2,4510,522,0,2,522
fc1a1cd2d37a9100a80a496108f693ecebc59e14-dirty,3,editor,80,24,188,20406,135375,80,24,2,2,4669,522,0,2,522
fc1a1cd2d37a9100a80a496108f693ecebc59e14-dirty,3,editor,80,24,189,20548,135534,80,24,2,1,3382,523,0,2,523
fc1a1cd2d37a9100a80a496108f693ecebc59e14-dirty,3,editor,80,24,190,20608,135694,80,24,2,2,4988,523,0,2,523
fc1a1cd2d37a9100a80a496108f693ecebc59e14-dirty,3,editor,80,24,191,20750,136012,80,24,2,2,5306,524,0,2,524
fc1a1cd2d37a9100a80a496108f693ecebc59e14-dirty,3,editor,80,24,192,20845,136012,80,24,1,1,3383,361,0,1,361
fc1a1cd2d37a9100a80a496108f693ecebc59e14-dirty,3,editor,80,24,193,20906,136330,80,24,2,2,5624,524,0,2,524
fc1a1cd2d37a9100a80a496108f693ecebc59e14-dirty,3,editor,80,24,194,21006,136489,80,24,2,2,5783,524,0,2,524
fc1a1cd2d37a9100a80a496108f693ecebc59e14-dirty,3,editor,80,24,195,21148,136648,80,24,2,2,5942,524,0,2,524
fc1a1cd2d37a9100a80a496108f693ecebc59e14-dirty,3,editor,80,24,196,21208,136807,80,24,2,2,6101,524,0,2,524
fc1a1cd2d37a9100a80a496108f693ecebc59e14-dirty,3,editor,80,24,197,21304,136807,80,24,1,1,3383,361,0,1,361
fc1a1cd2d37a9100a80a496108f693ecebc59e14-dirty,3,editor,80,24,198,21405,137125,80,24,2,2,6419,524,0,2,524
fc1a1cd2d37a9100a80a496108f693ecebc59e14-dirty,3,editor,80,24,199,21547,137284,80,24,3,2,6578,687,0,3,687
fc1a1cd2d37a9100a80a496108f693ecebc59e14-dirty,3,editor,80,24,200,21647,137443,80,24,2,2,6737,524,0,2,524
fc1a1cd2d37a9100a80a496108f693ecebc59e14-dirty,3,editor,80,24,201,21749,137443,80,24,2,2,6737,524,0,2,524
fc1a1cd2d37a9100a80a496108f693ecebc59e14-dirty,3,editor,80,24,202,21834,135068,80,24,21,1,849,3611,0,21,3611
fc1a1cd2d37a9100a80a496108f693ecebc59e14-dirty,3,editor,80,24,203,21905,123948,80,24,739,24,124011,120208,1,82,13564
fc1a1cd2d37a9100a80a496108f693ecebc59e14-dirty,3,editor,80,24,204,22005,123791,80,24,775,24,123854,126019,1,136,22358
fc1a1cd2d37a9100a80a496108f693ecebc59e14-dirty,3,editor,80,24,205,22106,114263,80,24,813,24,114326,132193,1,102,16820
fc1a1cd2d37a9100a80a496108f693ecebc59e14-dirty,3,editor,80,24,206,22248,107597,80,24,809,24,107660,131554,1,111,18291
fc1a1cd2d37a9100a80a496108f693ecebc59e14-dirty,3,editor,80,24,207,22308,107597,80,24,793,24,107660,128970,1,125,20572
fc1a1cd2d37a9100a80a496108f693ecebc59e14-dirty,3,editor,80,24,208,22450,119351,80,24,732,24,119414,119064,1,125,20572
fc1a1cd2d37a9100a80a496108f693ecebc59e14-dirty,3,editor,80,24,209,22546,117284,80,24,724,24,117347,117786,1,105,17312
fc1a1cd2d37a9100a80a496108f693ecebc59e14-dirty,3,editor,80,24,210,22605,120783,80,24,710,24,120846,115533,1,106,17477
fc1a1cd2d37a9100a80a496108f693ecebc59e14-dirty,3,editor,80,24,211,22706,124440,80,24,733,24,124503,119264,1,105,17312
fc1a1cd2d37a9100a80a496108f693ecebc59e14-dirty,3,editor,80,24,212,22807,115866,80,24,671,24,115929,109178,1,105,17312
fc1a1cd2d37a9100a80a496108f693ecebc59e14-dirty,3,editor,80,24,213,22908,108246,80,24,624,24,108309,101544,1,109,17964
fc1a1cd2d37a9100a80a496108f693ecebc59e14-dirty,3,editor,80,24,214,23050,109518,80,24,589,24,109581,95877,1,106,17475
fc1a1cd2d37a9100a80a496108f693ecebc59e14-dirty,3,editor,80,24,215,23104,108878,80,24,595,24,108941,96842,1,95,15683
fc1a1cd2d37a9100a80a496108f693ecebc59e14-dirty,3,editor,80,24,216,23247,106014,80,24,587,24,106077,95535,1,88,14541
fc1a1cd2d37a9100a80a496108f693ecebc59e14-dirty,3,editor,80,24,217,23306,101561,80,24,560,24,101624,91112,1,87,14378
fc1a1cd2d37a9100a80a496108f693ecebc59e14-dirty,3,editor,80,24,218,23406,101560,80,24,533,24,101623,86694,1,86,14216
fc1a1cd2d37a9100a80a496108f693ecebc59e14-dirty,3,editor,80,24,219,23507,111249,80,24,581,24,111312,94495,1,145,23825
fc1a1cd2d37a9100a80a496108f693ecebc59e14-dirty,3,editor,80,24,220,23649,116814,80,24,627,24,116877,101965,1,121,19917
fc1a1cd2d37a9100a80a496108f693ecebc59e14-dirty,3,editor,80,24,221,23709,113955,80,24,682,24,114018,110953,2,231,37843
fc1a1cd2d37a9100a80a496108f693ecebc59e14-dirty,3,editor,80,24,222,23805,115068,80,24,668,24,115131,108713,1,93,15353
fc1a1cd2d37a9100a80a496108f693ecebc59e14-dirty,3,editor,80,24,223,23906,114114,80,24,664,24,114177,108059,1,102,16823
fc1a1cd2d37a9100a80a496108f693ecebc59e14-dirty,3,editor,80,24,224,24007,110933,80,24,652,24,110996,106132,1,88,14541
fc1a1cd2d37a9100a80a496108f693ecebc59e14-dirty,3,editor,80,24,225,24108,111092,80,24,636,24,111155,103527,1,87,14378
fc1a1cd2d37a9100a80a496108f693ecebc59e14-dirty,3,editor,80,24,226,24250,99178,80,24,591,24,99241,96228,1,86,14216
fc1a1cd2d37a9100a80a496108f693ecebc59e14-dirty,3,editor,80,24,227,24345,108231,80,24,585,24,108294,95275,1,129,21217
fc1a1cd2d37a9100a80a496108f693ecebc59e14-dirty,3,editor,80,24,228,24405,108231,80,24,590,24,108294,96108,1,116,19102
fc1a1cd2d37a9100a80a496108f693ecebc59e14-dirty,3,editor,80,24,229,24506,98703,80,24,582,24,98766,94835,1,103,16986
fc1a1cd2d37a9100a80a496108f693ecebc59e14-dirty,3,editor,80,24,230,24606,89811,80,24,586,24,89874,95490,1,107,17638
fc1a1cd2d37a9100a80a496108f693ecebc59e14-dirty,3,editor,80,24,231,24707,89811,80,24,568,24,89874,92522,1,109,17964
fc1a1cd2d37a9100a80a496108f693ecebc59e14-dirty,3,editor,80,24,232,24808,89174,80,24,551,24,89237,89708,1,105,17312
fc1a1cd2d37a9100a80a496108f693ecebc59e14-dirty,3,editor,80,24,233,24909,87900,80,24,8,1,529,1500,0,8,1500
fc1a1cd2d37a9100a80a496108f693ecebc59e14-dirty,3,editor,80,24,234,25004,88059,80,24,1,1,688,359,0,1,359
fc1a1cd2d37a9100a80a496108f693ecebc59e14-dirty,3,editor,80,24,235,25105,88218,80,24,1,1,847,359,0,1,359
fc1a1cd2d37a9100a80a496108f693ecebc59e14-dirty,3,editor,80,24,236,25247,108706,80,24,745,24,108769,121115,0,745,121115
fc1a1cd2d37a9100a80a496108f693ecebc59e14-dirty,1,pager,80,24,1,44,109024,80,24,1,1,848,360,0,1,360
fc1a1cd2d37a9100a80a496108f693ecebc59e14-dirty,1,pager,80,24,2,45,109183,80,24,1,1,1007,360,0,1,360
fc1a1cd2d37a9100a80a496108f693ecebc59e14-dirty,1,pager,80,24,3,125,109342,80,24,1,1,1166,360,0,1,360
fc1a1cd2d37a9100a80a496108f693ecebc59e14-dirty,1,pager,80,24,4,126,109342,80,24,1,1,1166,360,0,1,360
fc1a1cd2d37a9100a80a496108f693ecebc59e14-dirty,1,pager,80,24,5,206,109342,80,24,0,0,199,199,0,0,199
fc1a1cd2d37a9100a80a496108f693ecebc59e14-dirty,1,pager,80,24,6,207,109660,80,24,1,1,1484,360,0,1,360
fc1a1cd2d37a9100a80a496108f693ecebc59e14-dirty,1,pager,80,24,7,242,109819,80,24,1,1,1643,360,0,1,360
fc1a1cd2d37a9100a80a496108f693ecebc59e14-dirty,1,pager,80,24,8,282,109979,80,24,1,1,1803,361,0,1,361
fc1a1cd2d37a9100a80a496108f693ecebc59e14-dirty,1,pager,80,24,9,323,110138,80,24,1,1,1962,362,0,1,362
fc1a1cd2d37a9100a80a496108f693ecebc59e14-dirty,1,pager,80,24,10,364,110297,80,24,1,1,2121,362,0,1,362
fc1a1cd2d37a9100a80a496108f693ecebc59e14-dirty,1,pager,80,24,11,404,110456,80,24,1,1,2280,362,0,1,362
fc1a1cd2d37a9100a80a496108f693ecebc59e14-dirty,1,pager,80,24,12,485,110615,80,24,1,1,2439,362,0,1,362
fc1a1cd2d37a9100a80a496108f693ecebc59e14-dirty,1,pager,80,24,13,487,110774,80,24,1,1,2598,362,0,1,362
fc1a1cd2d37a9100a80a496108f693ecebc59e14-dirty,1,pager,80,24,14,567,110933,80,24,1,1,2757,362,0,1,362
fc1a1cd2d37a9100a80a496108f693ecebc59e14-dirty,1,pager,80,24,15,567,111092,80,24,1,1,2916,362,0,1,362
fc1a1cd2d37a9100a80a496108f693ecebc59e14-dirty,1,pager,80,24,16,608,98860,80,24,581,22,89989,94497,1,80,13239
fc1a1cd2d37a9100a80a496108f693ecebc59e14-dirty,1,pager,80,24,17,610,200941,80,24,1199,24,201004,194926,0,1199,194926
fc1a1cd2d37a9100a80a496108f693ecebc59e14-dirty,1,pager,80,24,18,1643,192069,80,24,1516,24,192132,246603,1,113,18607
fc1a1cd2d37a9100a80a496108f693ecebc59e14-dirty,1,pager,80,24,19,1685,192069,80,24,1472,23,191799,239465,1,135,22200
fc1a1cd2d37a9100a80a496108f693ecebc59e14-dirty,1,pager,80,24,20,1725,203982,80,24,1446,23,203712,235248,1,125,20570
fc1a1cd2d37a9100a80a496108f693ecebc59e14-dirty,1,pager,80,24,21,1767,216213,80,24,1450,23,215943,235828,1,125,20570
fc1a1cd2d37a9100a80a496108f693ecebc59e14-dirty,1,pager,80,24,22,1808,216213,80,24,1396,23,215943,227020,1,125,20570
fc1a1cd2d37a9100a80a496108f693ecebc59e14-dirty,1,pager,80,24,23,1884,223833,80,24,1369,23,223563,222615,1,127,20896
fc1a1cd2d37a9100a80a496108f693ecebc59e14-dirty,1,pager,80,24,24,1886,223833,80,24,1352,23,223563,219843,1,143,23504
fc1a1cd2d37a9100a80a496108f693ecebc59e14-dirty,1,pager,80,24,25,1967,212079,80,24,1355,23,211809,220313,1,83,13724
fc1a1cd2d37a9100a80a496108f693ecebc59e14-dirty,1,pager,80,24,26,1969,205572,80,24,1341,23,205302,217998,1,116,19099
fc1a1cd2d37a9100a80a496108f693ecebc59e14-dirty,1,pager,80,24,27,2044,193500,80,24,1333,23,193230,216655,1,81,13400
fc1a1cd2d37a9100a80a496108f693ecebc59e14-dirty,1,pager,80,24,28,2045,181269,80,24,1289,23,180999,209451,1,81,13400
fc1a1cd2d37a9100a80a496108f693ecebc59e14-dirty,1,pager,80,24,29,2125,181269,80,24,1308,23,180999,212508,1,144,23661
fc1a1cd2d37a9100a80a496108f693ecebc59e14-dirty,1,pager,80,24,30,2127,181269,80,24,1313,23,180999,213300,1,136,22360
fc1a1cd2d37a9100a80a496108f693ecebc59e14-dirty,1,pager,80,24,31,2207,182064,80,24,1292,23,181794,209882,1,95,15680
fc1a1cd2d37a9100a80a496108f693ecebc59e14-dirty,1,pager,80,24,32,2209,172222,80,24,1234,23,171952,200453,1,95,15685
fc1a1cd2d37a9100a80a496108f693ecebc59e14-dirty,1,pager,80,24,33,2283,173177,80,24,1175,23,172907,190874,1,96,15845
fc1a1cd2d37a9100a80a496108f693ecebc59e14-dirty,1,pager,80,24,34,2285,165717,80,24,1127,23,165447,183130,1,110,18127
fc1a1cd2d37a9100a80a496108f693ecebc59e14-dirty,1,pager,80,24,35,2364,163968,80,24,1081,23,163698,175711,1,82,13562
fc1a1cd2d37a9100a80a496108f693ecebc59e14-dirty,1,pager,80,24,36,2366,154122,80,24,1019,23,153852,165654,1,95,15680
fc1a1cd2d37a9100a80a496108f693ecebc59e14-dirty,1,pager,80,24,37,2406,152532,80,24,958,23,152262,155741,1,82,13562
fc1a1cd2d37a9100a80a496108f693ecebc59e14-dirty,1,pager,80,24,38,2446,143640,80,24,901,23,143370,146467,1,100,16492
fc1a1cd2d37a9100a80a496108f693ecebc59e14-dirty,1,pager,80,24,39,2523,153963,80,24,877,23,153693,142601,1,128,21059
fc1a1cd2d37a9100a80a496108f693ecebc59e14-dirty,1,pager,80,24,40,2525,142050,80,24,849,23,141780,138084,1,82,13562
fc1a1cd2d37a9100a80a496108f693ecebc59e14-dirty,1,pager,80,24,41,2605,143640,80,24,794,23,143370,129201,1,101,16658
fc1a1cd2d37a9100a80a496108f693ecebc59e14-dirty,1,pager,80,24,42,2606,131727,80,24,753,23,131457,122523,1,82,13562
fc1a1cd2d37a9100a80a496108f693ecebc59e14-dirty,1,pager,80,24,43,2686,123630,80,24,725,23,123360,117935,1,101,16655
fc1a1cd2d37a9100a80a496108f693ecebc59e14-dirty,1,pager,80,24,44,2687,123630,80,24,771,23,123360,125378,1,135,22196
fc1a1cd2d37a9100a80a496108f693ecebc59e14-dirty,1,pager,80,24,45,2726,111558,80,24,820,23,111288,133346,1,81,13400
fc1a1cd2d37a9100a80a496108f693ecebc59e14-dirty,1,pager,80,24,46,2767,99327,80,24,786,23,99057,127821,1,81,13400
fc1a1cd2d37a9100a80a496108f693ecebc59e14-dirty,1,pager,80,24,47,2802,99327,80,24,781,23,99057,127022,1,128,21053
fc1a1cd2d37a9100a80a496108f693ecebc59e14-dirty,1,pager,80,24,48,2843,101712,80,24,764,23,101442,124281,1,96,15840
fc1a1cd2d37a9100a80a496108f693ecebc59e14-dirty,1,pager,80,24,49,2924,101394,80,24,760,23,101124,123651,1,105,17311
fc1a1cd2d37a9100a80a496108f693ecebc59e14-dirty,1,pager,80,24,50,2925,113466,80,24,761,23,113196,123841,1,119,19592
fc1a1cd2d37a9100a80a496108f693ecebc59e14-dirty,1,pager,80,24,51,2965,125697,80,24,763,23,125427,124149,1,119,19592
fc1a1cd2d37a9100a80a496108f693ecebc59e14-dirty,1,pager,80,24,52,3006,117123,80,24,726,23,116853,118138,1,99,16332
fc1a1cd2d37a9100a80a496108f693ecebc59e14-dirty,1,pager,80,24,53,3087,108550,80,24,681,23,108280,110832,1,100,16497
fc1a1cd2d37a9100a80a496108f693ecebc59e14-dirty,1,pager,80,24,54,3088,109663,80,24,648,23,109393,105491,1,99,16332
fc1a1cd2d37a9100a80a496108f693ecebc59e14-dirty,1,pager,80,24,55,3122,110931,80,24,634,23,110661,103204,1,99,16332
fc1a1cd2d37a9100a80a496108f693ecebc59e14-dirty,1,pager,80,24,56,3203,112679,80,24,637,23,112409,103689,1,103,16984
fc1a1cd2d37a9100a80a496108f693ecebc59e14-dirty,1,pager,80,24,57,3205,111724,80,24,629,23,111454,102360,1,100,16495
fc1a1cd2d37a9100a80a496108f693ecebc59e14-dirty,1,pager,80,24,58,3245,113155,80,24,621,23,112885,101030,1,89,14703
fc1a1cd2d37a9100a80a496108f693ecebc59e14-dirty,1,pager,80,24,59,3325,111088,80,24,616,23,110818,100228,1,82,13562
fc1a1cd2d37a9100a80a496108f693ecebc59e14-dirty,1,pager,80,24,60,3326,110929,80,24,603,23,110659,98077,1,81,13400
fc1a1cd2d37a9100a80a496108f693ecebc59e14-dirty,1,pager,80,24,61,3366,107590,80,24,585,23,107320,95119,1,81,13400
fc1a1cd2d37a9100a80a496108f693ecebc59e14-dirty,1,pager,80,24,62,3407,107590,80,24,595,23,107320,96766,1,142,23335
fc1a1cd2d37a9100a80a496108f693ecebc59e14-dirty,1,pager,80,24,63,3483,113155,80,24,611,23,112885,99379,1,115,18937
fc1a1cd2d37a9100a80a496108f693ecebc59e14-dirty,1,pager,80,24,64,3484,121891,80,24,665,23,121621,108200,1,152,24974
fc1a1cd2d37a9100a80a496108f693ecebc59e14-dirty,1,pager,80,24,65,3524,122050,80,24,718,23,121780,116831,1,83,13724
fc1a1cd2d37a9100a80a496108f693ecebc59e14-dirty,1,pager,80,24,66,3564,119347,80,24,707,23,119077,115033,1,87,14373
fc1a1cd2d37a9100a80a496108f693ecebc59e14-dirty,1,pager,80,24,67,3645,109660,80,24,672,23,109390,109360,1,96,15843
fc1a1cd2d37a9100a80a496108f693ecebc59e14-dirty,1,pager,80,24,68,3646,109819,80,24,633,23,109549,103058,1,82,13562
fc1a1cd2d37a9100a80a496108f693ecebc59e14-dirty,1,pager,80,24,69,3686,109978,80,24,634,23,109708,103201,1,81,13400
fc1a1cd2d37a9100a80a496108f693ecebc59e14-dirty,1,pager,80,24,70,3726,97747,80,24,587,23,97477,95576,1,81,13400
fc1a1cd2d37a9100a80a496108f693ecebc59e14-dirty,1,pager,80,24,71,3763,107116,80,24,581,23,106846,94622,1,121,19912
fc1a1cd2d37a9100a80a496108f693ecebc59e14-dirty,1,pager,80,24,72,3844,106957,80,24,589,23,106687,95944,1,110,18122
fc1a1cd2d37a9100a80a496108f693ecebc59e14-dirty,1,pager,80,24,73,3845,97429,80,24,581,23,97159,94671,1,97,16006
fc1a1cd2d37a9100a80a496108f693ecebc59e14-dirty,1,pager,80,24,74,3884,88537,80,24,585,23,88267,95326,1,101,16658
fc1a1cd2d37a9100a80a496108f693ecebc59e14-dirty,1,pager,80,24,75,3965,88537,80,24,566,23,88267,92195,1,103,16984
fc1a1cd2d37a9100a80a496108f693ecebc59e14-dirty,1,pager,80,24,76,3966,87900,80,24,550,23,87630,89544,1,99,16332
fc1a1cd2d37a9100a80a496108f693ecebc59e14-dirty,1,pager,80,24,77,4005,87264,80,24,533,23,86994,86721,1,99,16332
fc1a1cd2d37a9100a80a496108f693ecebc59e14-dirty,1,pager,80,24,78,4046,86151,80,24,551,23,85881,89581,1,94,15514
fc1a1cd2d37a9100a80a496108f693ecebc59e14-dirty,1,pager,80,24,79,4086,84564,80,24,552,23,84294,89754,1,99,16335
fc1a1cd2d37a9100a80a496108f693ecebc59e14-dirty,1,pager,80,24,80,4126,82179,80,24,553,23,81909,89916,1,87,14373
fc1a1cd2d37a9100a80a496108f693ecebc59e14-dirty,1,pager,80,24,81,4162,86154,80,24,567,23,85884,92201,1,114,18777
fc1a1cd2d37a9100a80a496108f693ecebc59e14-dirty,1,pager,80,24,82,4202,86154,80,24,592,23,85884,96282,1,82,13562
fc1a1cd2d37a9100a80a496108f693ecebc59e14-dirty,1,pager,80,24,83,4243,86154,80,24,592,23,85884,96283,1,81,13400
fc1a1cd2d37a9100a80a496108f693ecebc59e14-dirty,1,pager,80,24,84,4283,86154,80,24,592,23,85884,96243,1,81,13400
fc1a1cd2d37a9100a80a496108f693ecebc59e14-dirty,1,pager,80,24,85,4323,86154,80,24,602,23,85884,97896,1,152,24965
fc1a1cd2d37a9100a80a496108f693ecebc59e14-dirty,1,pager,80,24,86,4364,81384,80,24,611,23,81114,99397,1,86,14210
fc1a1cd2d37a9100a80a496108f693ecebc59e14-dirty,1,pager,80,24,87,4404,73920,80,24,568,23,73650,92448,1,108,17796
fc1a1cd2d37a9100a80a496108f693ecebc59e14-dirty,1,pager,80,24,88,4445,85677,80,24,567,23,85407,92354,1,152,24974
fc1a1cd2d37a9100a80a496108f693ecebc59e14-dirty,1,pager,80,24,89,4485,84882,80,24,633,23,84612,103117,1,84,13886
fc1a1cd2d37a9100a80a496108f693ecebc59e14-dirty,1,pager,80,24,90,4525,85995,80,24,639,23,85725,104102,1,100,16492
fc1a1cd2d37a9100a80a496108f693ecebc59e14-dirty,1,pager,80,24,91,4566,97911,80,24,667,23,97641,108661,1,122,20084
fc1a1cd2d37a9100a80a496108f693ecebc59e14-dirty,1,pager,80,24,92,4647,99183,80,24,709,23,98913,115485,1,87,14373
fc1a1cd2d37a9100a80a496108f693ecebc59e14-dirty,1,pager,80,24,93,4648,111417,80,24,752,23,111147,122473,1,122,20084
fc1a1cd2d37a9100a80a496108f693ecebc59e14-dirty,1,pager,80,24,94,4683,99504,80,24,753,23,99234,122647,1,82,13562
fc1a1cd2d37a9100a80a496108f693ecebc59e14-dirty,1,pager,80,24,95,4724,94416,80,24,716,23,94146,116628,1,81,13400
fc1a1cd2d37a9100a80a496108f693ecebc59e14-dirty,1,pager,80,24,96,4763,91713,80,24,688,23,91443,112095,1,81,13400
fc1a1cd2d37a9100a80a496108f693ecebc59e14-dirty,1,pager,80,24,97,4845,100605,80,24,731,23,100335,119101,1,130,21379
fc1a1cd2d37a9100a80a496108f693ecebc59e14-dirty,1,pager,80,24,98,4846,101718,80,24,773,23,101448,125875,1,108,17796
fc1a1cd2d37a9100a80a496108f693ecebc59e14-dirty,1,pager,80,24,99,4926,110931,80,24,838,23,110661,136401,1,150,24648
fc1a1cd2d37a9100a80a496108f693ecebc59e14-dirty,1,pager,80,24,100,4927,109341,80,24,905,23,109071,147290,1,87,14373
fc1a1cd2d37a9100a80a496108f693ecebc59e14-dirty,1,pager,80,24,101,4967,112683,80,24,922,23,112413,150013,1,117,19269
fc1a1cd2d37a9100a80a496108f693ecebc59e14-dirty,1,pager,80,24,102,5008,109977,80,24,938,23,109707,152566,1,82,13562
fc1a1cd2d37a9100a80a496108f693ecebc59e14-dirty,1,pager,80,24,103,5043,108705,80,24,919,23,108435,149470,1,81,13400
fc1a1cd2d37a9100a80a496108f693ecebc59e14-dirty,1,pager,80,24,104,5084,102981,80,24,884,23,102711,143761,1,81,13400
fc1a1cd2d37a9100a80a496108f693ecebc59e14-dirty,1,pager,80,24,105,5124,114894,80,24,905,23,114624,147168,1,135,22194
fc1a1cd2d37a9100a80a496108f693ecebc59e14-dirty,1,pager,80,24,106,5206,117120,80,24,957,23,116850,155595,1,93,15351
fc1a1cd2d37a9100a80a496108f693ecebc59e14-dirty,1,pager,80,24,107,5207,129351,80,24,1003,23,129081,163047,1,123,20244
fc1a1cd2d37a9100a80a496108f693ecebc59e14-dirty,1,pager,80,24,108,5287,129351,80,24,974,23,129081,158397,1,121,19919
fc1a1cd2d37a9100a80a496108f693ecebc59e14-dirty,1,pager,80,24,109,5288,128556,80,24,942,23,128286,153261,1,82,13562
fc1a1cd2d37a9100a80a496108f693ecebc59e14-dirty,1,pager,80,24,110,5363,123945,80,24,912,23,123675,148361,1,81,13400
fc1a1cd2d37a9100a80a496108f693ecebc59e14-dirty,1,pager,80,24,111,5364,111711,80,24,840,23,111441,136649,1,81,13400
fc1a1cd2d37a9100a80a496108f693ecebc59e14-dirty,1,pager,80,24,112,5404,123306,80,24,824,23,123036,134042,1,139,22846
fc1a1cd2d37a9100a80a496108f693ecebc59e14-dirty,1,pager,80,24,113,5444,131880,80,24,861,23,131610,140024,1,121,19915
fc1a1cd2d37a9100a80a496108f693ecebc59e14-dirty,1,pager,80,24,114,5485,124416,80,24,858,23,124146,139536,1,108,17796
fc1a1cd2d37a9100a80a496108f693ecebc59e14-dirty,1,pager,80,24,115,5526,135219,80,24,887,23,134949,144273,1,152,24974
fc1a1cd2d37a9100a80a496108f693ecebc59e14-dirty,1,pager,80,24,116,5607,123621,80,24,918,23,123351,149364,1,84,13886
fc1a1cd2d37a9100a80a496108f693ecebc59e14-dirty,1,pager,80,24,117,5608,124734,80,24,886,23,124464,144183,1,87,14373
fc1a1cd2d37a9100a80a496108f693ecebc59e14-dirty,1,pager,80,24,118,5648,136809,80,24,928,23,136539,150976,1,122,20084
fc1a1cd2d37a9100a80a496108f693ecebc59e14-dirty,1,pager,80,24,119,5684,137127,80,24,969,23,136857,157604,1,82,13562
fc1a1cd2d37a9100a80a496108f693ecebc59e14-dirty,1,pager,80,24,120,5765,125055,80,24,921,23,124785,149790,1,81,13400
fc1a1cd2d37a9100a80a496108f693ecebc59e14-dirty,1,pager,80,24,121,5767,120285,80,24,872,23,120015,141817,1,81,13400
fc1a1cd2d37a9100a80a496108f693ecebc59e14-dirty,1,pager,80,24,122,5806,120282,80,24,862,23,120012,140210,1,141,23172
fc1a1cd2d37a9100a80a496108f693ecebc59e14-dirty,1,pager,80,24,123,5887,122985,80,24,850,23,122715,138321,1,101,16655
fc1a1cd2d37a9100a80a496108f693ecebc59e14-dirty,1,pager,80,24,124,5888,118530,80,24,832,23,118260,135422,1,87,14377
fc1a1cd2d37a9100a80a496108f693ecebc59e14-dirty,1,pager,80,24,125,5928,119643,80,24,797,23,119373,129697,1,87,14377
fc1a1cd2d37a9100a80a496108f693ecebc59e14-dirty,1,pager,80,24,126,6004,120915,80,24,797,23,120645,129640,1,87,14377
fc1a1cd2d37a9100a80a496108f693ecebc59e14-dirty,1,pager,80,24,127,6005,122346,80,24,798,23,122076,129763,1,87,14377
fc1a1cd2d37a9100a80a496108f693ecebc59e14-dirty,1,pager,80,24,128,6045,111546,80,24,746,23,111276,121277,1,87,14377
fc1a1cd2d37a9100a80a496108f693ecebc59e14-dirty,1,pager,80,24,129,6126,110751,80,24,701,23,110481,113928,1,88,14539
fc1a1cd2d37a9100a80a496108f693ecebc59e14-dirty,1,pager,80,24,130,6127,99951,80,24,656,23,99681,106635,1,88,14539
fc1a1cd2d37a9100a80a496108f693ecebc59e14-dirty,1,pager,80,24,131,6166,89310,80,24,615,23,89040,99952,1,88,14539
fc1a1cd2d37a9100a80a496108f693ecebc59e14-dirty,1,pager,80,24,132,6207,90582,80,24,576,23,90312,93595,1,88,14539
fc1a1cd2d37a9100a80a496108f693ecebc59e14-dirty,1,pager,80,24,133,6287,92013,80,24,576,23,91743,93596,1,88,14539
fc1a1cd2d37a9100a80a496108f693ecebc59e14-dirty,1,pager,80,24,134,6288,93603,80,24,577,23,93333,93759,1,88,14539
fc1a1cd2d37a9100a80a496108f693ecebc59e14-dirty,1,pager,80,24,135,6323,82962,80,24,520,23,82692,84474,1,88,14539
fc1a1cd2d37a9100a80a496108f693ecebc59e14-dirty,1,pager,80,24,136,6363,72321,80,24,463,23,72051,75191,1,88,14539
fc1a1cd2d37a9100a80a496108f693ecebc59e14-dirty,1,pager,80,24,137,6403,69141,80,24,424,23,68871,68859,1,88,14539
fc1a1cd2d37a9100a80a496108f693ecebc59e14-dirty,1,pager,80,24,138,6443,58338,80,24,353,23,58068,57358,1,88,14539
fc1a1cd2d37a9100a80a496108f693ecebc59e14-dirty,1,pager,80,24,139,6484,59292,80,24,281,23,59022,45699,1,88,14539
fc1a1cd2d37a9100a80a496108f693ecebc59e14-dirty,1,pager,80,24,140,6524,61518,80,24,293,23,61248,47670,1,101,16659
fc1a1cd2d37a9100a80a496108f693ecebc59e14-dirty,1,pager,80,24,141,6565,49761,80,24,271,23,49491,44124,1,83,13724
fc1a1cd2d37a9100a80a496108f693ecebc59e14-dirty,1,pager,80,24,142,6605,53736,80,24,254,23,53466,41383,1,106,17469
fc1a1cd2d37a9100a80a496108f693ecebc59e14-dirty,1,pager,80,24,143,6645,53736,80,24,278,23,53466,45290,1,81,13400
fc1a1cd2d37a9100a80a496108f693ecebc59e14-dirty,1,pager,80,24,144,6685,53736,80,24,278,23,53466,45289,1,81,13400
fc1a1cd2d37a9100a80a496108f693ecebc59e14-dirty,1,pager,80,24,145,6726,53736,80,24,281,23,53466,45837,1,144,23661
fc1a1cd2d37a9100a80a496108f693ecebc59e14-dirty,1,pager,80,24,146,6766,61838,80,24,299,23,61568,48833,1,152,24973
fc1a1cd2d37a9100a80a496108f693ecebc59e14-dirty,1,pager,80,24,147,6806,61362,80,24,353,23,61092,57651,1,85,14049
fc1a1cd2d37a9100a80a496108f693ecebc59e14-dirty,1,pager,80,24,148,6847,63588,80,24,377,23,63318,61557,1,102,16821
fc1a1cd2d37a9100a80a496108f693ecebc59e14-dirty,1,pager,80,24,149,6883,62475,80,24,397,23,62205,64814,1,82,13562
fc1a1cd2d37a9100a80a496108f693ecebc59e14-dirty,1,pager,80,24,150,6923,61998,80,24,400,23,61728,65299,1,86,14210
fc1a1cd2d37a9100a80a496108f693ecebc59e14-dirty,1,pager,80,24,151,6963,60726,80,24,403,23,60456,65784,1,81,13400
fc1a1cd2d37a9100a80a496108f693ecebc59e14-dirty,1,pager,80,24,152,7004,59136,80,24,395,23,58866,64487,1,81,13400
fc1a1cd2d37a9100a80a496108f693ecebc59e14-dirty,1,pager,80,24,153,7044,69936,80,24,443,23,69666,72283,1,130,21379
fc1a1cd2d37a9100a80a496108f693ecebc59e14-dirty,1,pager,80,24,154,7085,80577,80,24,518,23,80307,84480,1,151,24804
fc1a1cd2d37a9100a80a496108f693ecebc59e14-dirty,1,pager,80,24,155,7125,82008,80,24,587,23,81738,95697,1,98,16164
fc1a1cd2d37a9100a80a496108f693ecebc59e14-dirty,1,pager,80,24,156,7206,80577,80,24,603,23,80307,98274,1,81,13400
fc1a1cd2d37a9100a80a496108f693ecebc59e14-dirty,1,pager,80,24,157,7206,78987,80,24,602,23,78717,98112,1,81,13400
fc1a1cd2d37a9100a80a496108f693ecebc59e14-dirty,1,pager,80,24,158,7246,89628,80,24,643,23,89358,104725,1,123,20238
fc1a1cd2d37a9100a80a496108f693ecebc59e14-dirty,1,pager,80,24,159,7327,100269,80,24,690,23,99999,112303,1,127,20892
fc1a1cd2d37a9100a80a496108f693ecebc59e14-dirty,1,pager,80,24,160,7328,98838,80,24,735,23,98568,119559,1,81,13400
fc1a1cd2d37a9100a80a496108f693ecebc59e14-dirty,1,pager,80,24,161,7368,97407,80,24,734,23,97137,119372,1,81,13400
fc1a1cd2d37a9100a80a496108f693ecebc59e14-dirty,1,pager,80,24,162,7408,108048,80,24,777,23,107778,126355,1,126,20727
fc1a1cd2d37a9100a80a496108f693ecebc59e14-dirty,1,pager,80,24,163,7484,109002,80,24,802,23,108732,130440,1,108,17797
fc1a1cd2d37a9100a80a496108f693ecebc59e14-dirty,1,pager,80,24,164,7486,113136,80,24,811,23,112866,131922,1,107,17637
fc1a1cd2d37a9100a80a496108f693ecebc59e14-dirty,1,pager,80,24,165,7525,114090,80,24,795,23,113820,129344,1,111,18289
fc1a1cd2d37a9100a80a496108f693ecebc59e14-dirty,1,pager,80,24,166,7606,126162,80,24,812,23,125892,132098,1,146,23994
fc1a1cd2d37a9100a80a496108f693ecebc59e14-dirty,1,pager,80,24,167,7608,126321,80,24,877,23,126051,142616,1,81,13400
fc1a1cd2d37a9100a80a496108f693ecebc59e14-dirty,1,pager,80,24,168,7647,114090,80,24,814,23,113820,132348,1,81,13400
fc1a1cd2d37a9100a80a496108f693ecebc59e14-dirty,1,pager,80,24,169,7688,114085,80,24,809,23,113815,131587,1,153,25127
fc1a1cd2d37a9100a80a496108f693ecebc59e14-dirty,1,pager,80,24,170,7728,113448,80,24,807,23,113178,131333,1,82,13562
fc1a1cd2d37a9100a80a496108f693ecebc59e14-dirty,1,pager,80,24,171,7805,115833,80,24,816,23,115563,132784,1,115,18937
fc1a1cd2d37a9100a80a496108f693ecebc59e14-dirty,1,pager,80,24,172,7806,117582,80,24,825,23,117312,134223,1,92,15191
fc1a1cd2d37a9100a80a496108f693ecebc59e14-dirty,1,pager,80,24,173,7886,116946,80,24,832,23,116676,135324,1,82,13562
fc1a1cd2d37a9100a80a496108f693ecebc59e14-dirty,1,pager,80,24,174,7887,129018,80,24,894,23,128748,145436,1,149,24479
fc1a1cd2d37a9100a80a496108f693ecebc59e14-dirty,1,pager,80,24,175,7927,129972,80,24,965,23,129702,156956,1,85,14048
fc1a1cd2d37a9100a80a496108f693ecebc59e14-dirty,1,pager,80,24,176,7967,118059,80,24,921,23,117789,149790,1,82,13562
fc1a1cd2d37a9100a80a496108f693ecebc59e14-dirty,1,pager,80,24,177,8008,107259,80,24,850,23,106989,138267,1,87,14373
fc1a1cd2d37a9100a80a496108f693ecebc59e14-dirty,1,pager,80,24,178,8084,107100,80,24,799,23,106830,130019,1,98,16169
fc1a1cd2d37a9100a80a496108f693ecebc59e14-dirty,1,pager,80,24,179,8085,119172,80,24,812,23,118902,132119,1,120,19753
fc1a1cd2d37a9100a80a496108f693ecebc59e14-dirty,1,pager,80,24,180,8125,131403,80,24,851,23,131133,138406,1,118,19426
fc1a1cd2d37a9100a80a496108f693ecebc59e14-dirty,1,pager,80,24,181,8166,131403,80,24,853,23,131133,138778,1,119,19592
fc1a1cd2d37a9100a80a496108f693ecebc59e14-dirty,1,pager,80,24,182,8206,119809,80,24,841,23,119539,136806,1,84,13889
fc1a1cd2d37a9100a80a496108f693ecebc59e14-dirty,1,pager,80,24,183,8288,121081,80,24,801,23,120811,130266,1,87,14377
fc1a1cd2d37a9100a80a496108f693ecebc59e14-dirty,1,pager,80,24,184,8289,121718,80,24,807,23,121448,131210,1,84,13889
fc1a1cd2d37a9100a80a496108f693ecebc59e14-dirty,1,pager,80,24,185,8364,109964,80,24,766,23,109694,124549,1,83,13724
fc1a1cd2d37a9100a80a496108f693ecebc59e14-dirty,1,pager,80,24,186,8365,106307,80,24,724,23,106037,117745,1,86,14213
fc1a1cd2d37a9100a80a496108f693ecebc59e14-dirty,1,pager,80,24,187,8405,103128,80,24,705,23,102858,114613,1,89,14704
fc1a1cd2d37a9100a80a496108f693ecebc59e14-dirty,1,pager,80,24,188,8486,102496,80,24,729,23,102226,118465,1,110,18130
fc1a1cd2d37a9100a80a496108f693ecebc59e14-dirty,1,pager,80,24,189,8487,95195,80,24,717,23,94925,116546,1,112,18453
fc1a1cd2d37a9100a80a496108f693ecebc59e14-dirty,1,pager,80,24,190,8566,99330,80,24,675,23,99060,109762,1,108,17801
fc1a1cd2d37a9100a80a496108f693ecebc59e14-dirty,1,pager,80,24,191,8568,99649,80,24,702,23,99379,114145,1,82,13563
fc1a1cd2d37a9100a80a496108f693ecebc59e14-dirty,1,pager,80,24,192,8607,89804,80,24,643,23,89534,104580,1,95,15682
fc1a1cd2d37a9100a80a496108f693ecebc59e14-dirty,1,pager,80,24,193,8647,89804,80,24,585,23,89534,95168,1,82,13562
fc1a1cd2d37a9100a80a496108f693ecebc59e14-dirty,1,pager,80,24,194,8687,85193,80,24,556,23,84923,90432,1,87,14373
fc1a1cd2d37a9100a80a496108f693ecebc59e14-dirty,1,pager,80,24,195,8763,95357,80,24,581,23,95087,94498,1,134,22037
fc1a1cd2d37a9100a80a496108f693ecebc59e14-dirty,1,pager,80,24,196,8764,95357,80,24,623,23,95087,101349,1,82,13562
fc1a1cd2d37a9100a80a496108f693ecebc59e14-dirty,1,pager,80,24,197,8804,83285,80,24,557,23,83015,90655,1,81,13400
fc1a1cd2d37a9100a80a496108f693ecebc59e14-dirty,1,pager,80,24,198,8844,82331,80,24,486,23,82061,79157,1,81,13400
fc1a1cd2d37a9100a80a496108f693ecebc59e14-dirty,1,pager,80,24,199,8885,94244,80,24,532,23,93974,86653,1,132,21705
fc1a1cd2d37a9100a80a496108f693ecebc59e14-dirty,1,pager,80,24,200,8925,94880,80,24,578,23,94610,94141,1,91,15025
fc1a1cd2d37a9100a80a496108f693ecebc59e14-dirty,1,pager,80,24,201,8966,104249,80,24,618,23,103979,100647,1,137,22526
fc1a1cd2d37a9100a80a496108f693ecebc59e14-dirty,1,pager,80,24,202,9046,104249,80,24,647,23,103979,105376,1,149,24482
fc1a1cd2d37a9100a80a496108f693ecebc59e14-dirty,1,pager,80,24,203,9047,93608,80,24,683,23,93338,111256,1,90,14858
fc1a1cd2d37a9100a80a496108f693ecebc59e14-dirty,1,pager,80,24,204,9087,93608,80,24,688,23,93338,112083,1,122,20082
fc1a1cd2d37a9100a80a496108f693ecebc59e14-dirty,1,pager,80,24,205,9127,93289,80,24,692,23,93019,112759,1,82,13562
fc1a1cd2d37a9100a80a496108f693ecebc59e14-dirty,1,pager,80,24,206,9167,92017,80,24,687,23,91747,111935,1,81,13400
fc1a1cd2d37a9100a80a496108f693ecebc59e14-dirty,1,pager,80,24,207,9208,91380,80,24,681,23,91110,110958,1,81,13400
fc1a1cd2d37a9100a80a496108f693ecebc59e14-dirty,1,pager,80,24,208,9284,103134,80,24,711,23,102864,115790,1,115,18934
fc1a1cd2d37a9100a80a496108f693ecebc59e14-dirty,1,pager,80,24,209,9285,107268,80,24,743,23,106998,120950,1,109,17959
fc1a1cd2d37a9100a80a496108f693ecebc59e14-dirty,1,pager,80,24,210,9366,110288,80,24,762,23,110018,124054,1,108,17799
fc1a1cd2d37a9100a80a496108f693ecebc59e14-dirty,1,pager,80,24,211,9367,110284,80,24,742,23,110014,120823,1,110,18125
fc1a1cd2d37a9100a80a496108f693ecebc59e14-dirty,1,pager,80,24,212,9406,109965,80,24,723,23,109695,117705,1,109,17962
fc1a1cd2d37a9100a80a496108f693ecebc59e14-dirty,1,pager,80,24,213,9487,107420,80,24,725,23,107150,118002,1,89,14702
fc1a1cd2d37a9100a80a496108f693ecebc59e14-dirty,1,pager,80,24,214,9488,107578,80,24,707,23,107308,115032,1,83,13724
fc1a1cd2d37a9100a80a496108f693ecebc59e14-dirty,1,pager,80,24,215,9528,108213,80,24,709,23,107943,115307,1,97,16003
fc1a1cd2d37a9100a80a496108f693ecebc59e14-dirty,1,pager,80,24,216,9568,111870,80,24,722,23,111600,117360,1,105,17310
fc1a1cd2d37a9100a80a496108f693ecebc59e14-dirty,1,pager,80,24,217,9644,114096,80,24,731,23,113826,118788,1,103,16984
fc1a1cd2d37a9100a80a496108f693ecebc59e14-dirty,1,pager,80,24,218,9646,106635,80,24,693,23,106365,112613,1,108,17799
fc1a1cd2d37a9100a80a496108f693ecebc59e14-dirty,1,pager,80,24,219,9726,109974,80,24,657,23,109704,106800,1,102,16821
fc1a1cd2d37a9100a80a496108f693ecebc59e14-dirty,1,pager,80,24,220,9727,113790,80,24,669,23,113520,108759,1,105,17310
fc1a1cd2d37a9100a80a496108f693ecebc59e14-dirty,1,pager,80,24,221,9766,118083,80,24,679,23,117813,110356,1,107,17636
fc1a1cd2d37a9100a80a496108f693ecebc59e14-dirty,1,pager,80,24,222,9807,109986,80,24,632,23,109716,102719,1,107,17636
fc1a1cd2d37a9100a80a496108f693ecebc59e14-dirty,1,pager,80,24,223,9848,112371,80,24,591,23,112101,96066,1,108,17799
fc1a1cd2d37a9100a80a496108f693ecebc59e14-dirty,1,pager,80,24,224,9928,100458,80,24,559,23,100188,90900,1,82,13562
fc1a1cd2d37a9100a80a496108f693ecebc59e14-dirty,1,pager,80,24,225,9930,88386,80,24,501,23,88116,81492,1,81,13400
fc1a1cd2d37a9100a80a496108f693ecebc59e14-dirty,1,pager,80,24,226,9964,86796,80,24,426,23,86526,69326,1,81,13400
fc1a1cd2d37a9100a80a496108f693ecebc59e14-dirty,1,pager,80,24,227,10004,86796,80,24,423,23,86526,68878,1,127,20890
fc1a1cd2d37a9100a80a496108f693ecebc59e14-dirty,1,pager,80,24,228,10045,98709,80,24,455,23,98439,74113,1,147,24154
fc1a1cd2d37a9100a80a496108f693ecebc59e14-dirty,1,pager,80,24,229,10125,101412,80,24,525,23,101142,85489,1,98,16162
fc1a1cd2d37a9100a80a496108f693ecebc59e14-dirty,1,pager,80,24,230,10127,101571,80,24,542,23,101301,88237,1,81,13400
fc1a1cd2d37a9100a80a496108f693ecebc59e14-dirty,1,pager,80,24,231,10166,89340,80,24,508,23,89070,82720,1,81,13400
fc1a1cd2d37a9100a80a496108f693ecebc59e14-dirty,1,pager,80,24,232,10206,96483,80,24,541,23,96213,88118,1,150,24639
fc1a1cd2d37a9100a80a496108f693ecebc59e14-dirty,1,pager,80,24,233,10247,93780,80,24,580,23,93510,94488,1,91,15021
fc1a1cd2d37a9100a80a496108f693ecebc59e14-dirty,1,pager,80,24,234,10287,95052,80,24,604,23,94782,98392,1,113,18611
fc1a1cd2d37a9100a80a496108f693ecebc59e14-dirty,1,pager,80,24,235,10328,96006,80,24,622,23,95736,101333,1,112,18448
fc1a1cd2d37a9100a80a496108f693ecebc59e14-dirty,1,pager,80,24,236,10404,98868,80,24,625,23,98598,101837,1,106,17470
fc1a1cd2d37a9100a80a496108f693ecebc59e14-dirty,1,pager,80,24,237,10405,110622,80,24,654,23,110352,106544,1,119,19589
fc1a1cd2d37a9100a80a496108f693ecebc59e14-dirty,1,pager,80,24,238,10485,119832,80,24,685,23,119562,111611,1,121,19918
fc1a1cd2d37a9100a80a496108f693ecebc59e14-dirty,1,pager,80,24,239,10486,117925,80,24,697,23,117655,113598,1,93,15356
fc1a1cd2d37a9100a80a496108f693ecebc59e14-dirty,1,pager,80,24,240,10526,117449,80,24,701,23,117179,114218,1,101,16660
fc1a1cd2d37a9100a80a496108f693ecebc59e14-dirty,1,pager,80,24,241,10607,116337,80,24,706,23,116067,114977,1,106,17475
fc1a1cd2d37a9100a80a496108f693ecebc59e14-dirty,1,pager,80,24,242,10608,124914,80,24,745,23,124644,121281,1,137,22529
fc1a1cd2d37a9100a80a496108f693ecebc59e14-dirty,1,pager,80,24,243,10648,122370,80,24,790,23,122100,128607,1,87,14373
fc1a1cd2d37a9100a80a496108f693ecebc59e14-dirty,1,pager,80,24,244,10725,119826,80,24,792,23,119556,128938,1,91,15028
fc1a1cd2d37a9100a80a496108f693ecebc59e14-dirty,1,pager,80,24,245,10726,116647,80,24,797,23,116377,129686,1,86,14215
fc1a1cd2d37a9100a80a496108f693ecebc59e14-dirty,1,pager,80,24,246,10765,113150,80,24,790,23,112880,128486,1,86,14215
fc1a1cd2d37a9100a80a496108f693ecebc59e14-dirty,1,pager,80,24,247,10846,113787,80,24,763,23,113517,124079,1,86,14215
fc1a1cd2d37a9100a80a496108f693ecebc59e14-dirty,1,pager,80,24,248,10847,118399,80,24,791,23,118129,128617,1,111,18290
fc1a1cd2d37a9100a80a496108f693ecebc59e14-dirty,1,pager,80,24,249,10887,122693,80,24,805,23,122423,130872,1,108,17801
fc1a1cd2d37a9100a80a496108f693ecebc59e14-dirty,1,pager,80,24,250,10927,114279,80,24,771,23,114009,125347,1,105,17312
fc1a1cd2d37a9100a80a496108f693ecebc59e14-dirty,1,pager,80,24,251,10968,102525,80,24,723,23,102255,117557,1,83,13724
fc1a1cd2d37a9100a80a496108f693ecebc59e14-dirty,1,pager,80,24,252,11008,99981,80,24,654,23,99711,106349,1,82,13562
fc1a1cd2d37a9100a80a496108f693ecebc59e14-dirty,1,pager,80,24,253,11049,99981,80,24,638,23,99711,103748,1,81,13400
fc1a1cd2d37a9100a80a496108f693ecebc59e14-dirty,1,pager,80,24,254,11124,101889,80,24,649,23,101619,105511,1,92,15185
fc1a1cd2d37a9100a80a496108f693ecebc59e14-dirty,1,pager,80,24,255,11126,95382,80,24,607,23,95112,98686,1,116,19097
fc1a1cd2d37a9100a80a496108f693ecebc59e14-dirty,1,pager,80,24,256,11205,95382,80,24,565,23,95112,91859,1,91,15022
fc1a1cd2d37a9100a80a496108f693ecebc59e14-dirty,1,pager,80,24,257,11206,94110,80,24,549,23,93840,89284,1,109,17956
fc1a1cd2d37a9100a80a496108f693ecebc59e14-dirty,1,pager,80,24,258,11246,100776,80,24,552,23,100506,89792,1,123,20238
fc1a1cd2d37a9100a80a496108f693ecebc59e14-dirty,1,pager,80,24,259,11326,96165,80,24,566,23,95895,92091,1,81,13400
fc1a1cd2d37a9100a80a496108f693ecebc59e14-dirty,1,pager,80,24,260,11327,85524,80,24,536,23,85254,87236,1,89,14696
fc1a1cd2d37a9100a80a496108f693ecebc59e14-dirty,1,pager,80,24,261,11367,76155,80,24,506,23,75885,82359,1,96,15838
fc1a1cd2d37a9100a80a496108f693ecebc59e14-dirty,1,pager,80,24,262,11447,76313,80,24,483,23,76043,78628,1,93,15348
fc1a1cd2d37a9100a80a496108f693ecebc59e14-dirty,1,pager,80,24,263,11448,75676,80,24,475,23,75406,77325,1,95,15674
fc1a1cd2d37a9100a80a496108f693ecebc59e14-dirty,1,pager,80,24,264,11488,73290,80,24,463,23,73020,75361,1,87,14372
fc1a1cd2d37a9100a80a496108f693ecebc59e14-dirty,1,pager,80,24,265,11528,62328,80,24,411,23,62058,66933,1,88,14534
fc1a1cd2d37a9100a80a496108f693ecebc59e14-dirty,1,pager,80,24,266,11568,62646,80,24,359,23,62376,58513,1,90,14859
fc1a1cd2d37a9100a80a496108f693ecebc59e14-dirty,1,pager,80,24,267,11608,62964,80,24,355,23,62694,57862,1,93,15348
fc1a1cd2d37a9100a80a496108f693ecebc59e14-dirty,1,pager,80,24,268,11649,64235,80,24,349,23,63965,56868,1,94,15511
fc1a1cd2d37a9100a80a496108f693ecebc59e14-dirty,1,pager,80,24,269,11684,65347,80,24,355,23,65077,57817,1,92,15185
fc1a1cd2d37a9100a80a496108f693ecebc59e14-dirty,1,pager,80,24,270,11725,66936,80,24,367,23,66666,59747,1,96,15837
fc1a1cd2d37a9100a80a496108f693ecebc59e14-dirty,1,pager,80,24,271,11765,62165,80,24,353,23,61895,57453,1,81,13400
fc1a1cd2d37a9100a80a496108f693ecebc59e14-dirty,1,pager,80,24,272,11805,70102,80,24,377,23,69832,61329,1,119,19587
fc1a1cd2d37a9100a80a496108f693ecebc59e14-dirty,1,pager,80,24,273,11846,70578,80,24,391,23,70308,63615,1,106,17468
fc1a1cd2d37a9100a80a496108f693ecebc59e14-dirty,1,pager,80,24,274,11886,73599,80,24,384,23,73329,62484,1,102,16816
fc1a1cd2d37a9100a80a496108f693ecebc59e14-dirty,1,pager,80,24,275,11968,77892,80,24,403,23,77622,65568,1,107,17631
fc1a1cd2d37a9100a80a496108f693ecebc59e14-dirty,1,pager,80,24,276,11969,82662,80,24,422,23,82392,68656,1,112,18446
fc1a1cd2d37a9100a80a496108f693ecebc59e14-dirty,1,pager,80,24,277,12007,80754,80,24,442,23,80484,71918,1,81,13400
fc1a1cd2d37a9100a80a496108f693ecebc59e14-dirty,1,pager,80,24,278,12048,87262,80,24,485,23,86992,78943,1,151,24803
fc1a1cd2d37a9100a80a496108f693ecebc59e14-dirty,1,pager,80,24,279,12088,86150,80,24,528,23,85880,85966,1,84,13887
fc1a1cd2d37a9100a80a496108f693ecebc59e14-dirty,1,pager,80,24,280,12129,93772,80,24,560,23,93502,91188,1,133,21870
fc1a1cd2d37a9100a80a496108f693ecebc59e14-dirty,1,pager,80,24,281,12169,81541,80,24,580,23,81271,94469,1,81,13400
fc1a1cd2d37a9100a80a496108f693ecebc59e14-dirty,1,pager,80,24,282,12204,86470,80,24,564,23,86200,91895,1,107,17631
fc1a1cd2d37a9100a80a496108f693ecebc59e14-dirty,1,pager,80,24,283,12245,97111,80,24,613,23,96841,99878,1,133,21871
fc1a1cd2d37a9100a80a496108f693ecebc59e14-dirty,1,pager,80,24,284,12327,106480,80,24,646,23,106210,105265,1,118,19426
fc1a1cd2d37a9100a80a496108f693ecebc59e14-dirty,1,pager,80,24,285,12328,108070,80,24,668,23,107800,108832,1,105,17306
fc1a1cd2d37a9100a80a496108f693ecebc59e14-dirty,1,pager,80,24,286,12367,117757,80,24,693,23,117487,112890,1,116,19100
fc1a1cd2d37a9100a80a496108f693ecebc59e14-dirty,1,pager,80,24,287,12448,128718,80,24,739,23,128448,120382,1,135,22202
fc1a1cd2d37a9100a80a496108f693ecebc59e14-dirty,1,pager,80,24,288,12450,127764,80,24,789,23,127494,128517,1,82,13562
fc1a1cd2d37a9100a80a496108f693ecebc59e14-dirty,1,pager,80,24,289,12530,138248,80,24,855,23,137978,139263,1,154,25295
fc1a1cd2d37a9100a80a496108f693ecebc59e14-dirty,1,pager,80,24,290,12532,136340,80,24,920,23,136070,149833,1,81,13400
fc1a1cd2d37a9100a80a496108f693ecebc59e14-dirty,1,pager,80,24,291,12566,146345,80,24,988,23,146075,160844,1,152,24968
fc1a1cd2d37a9100a80a496108f693ecebc59e14-dirty,1,pager,80,24,292,12607,144755,80,24,1052,23,144485,171212,1,83,13724
fc1a1cd2d37a9100a80a496108f693ecebc59e14-dirty,1,pager,80,24,293,12648,154442,80,24,1085,23,154172,176549,1,124,20404
fc1a1cd2d37a9100a80a496108f693ecebc59e14-dirty,1,pager,80,24,294,12689,160484,80,24,1115,23,160214,181405,1,119,19588
fc1a1cd2d37a9100a80a496108f693ecebc59e14-dirty,1,pager,80,24,295,12730,160484,80,24,1147,23,160214,186635,1,154,25293
fc1a1cd2d37a9100a80a496108f693ecebc59e14-dirty,1,pager,80,24,296,12806,157622,80,24,1197,23,157352,194744,1,90,14858
fc1a1cd2d37a9100a80a496108f693ecebc59e14-dirty,1,pager,80,24,297,12808,154283,80,24,1188,23,154013,193237,1,81,13400
fc1a1cd2d37a9100a80a496108f693ecebc59e14-dirty,1,pager,80,24,298,12847,149672,80,24,1167,23,149402,189798,1,81,13400
fc1a1cd2d37a9100a80a496108f693ecebc59e14-dirty,1,pager,80,24,299,12888,156974,80,24,1196,23,156704,194502,1,130,21378
fc1a1cd2d37a9100a80a496108f693ecebc59e14-dirty,1,pager,80,24,300,12969,162539,80,24,1217,23,162269,197898,1,116,19099
fc1a1cd2d37a9100a80a496108f693ecebc59e14-dirty,1,pager,80,24,301,12971,155713,80,24,1183,23,155443,192374,1,114,18777
fc1a1cd2d37a9100a80a496108f693ecebc59e14-dirty,1,pager,80,24,302,13010,158097,80,24,1145,23,157827,186185,1,100,16495
fc1a1cd2d37a9100a80a496108f693ecebc59e14-dirty,1,pager,80,24,303,13046,146023,80,24,1112,23,145753,180789,1,81,13400
fc1a1cd2d37a9100a80a496108f693ecebc59e14-dirty,1,pager,80,24,304,13087,146023,80,24,1060,23,145753,172302,1,81,13400
fc1a1cd2d37a9100a80a496108f693ecebc59e14-dirty,1,pager,80,24,305,13168,153325,80,24,1090,23,153055,177144,1,137,22520
fc1a1cd2d37a9100a80a496108f693ecebc59e14-dirty,1,pager,80,24,306,13170,146977,80,24,1091,23,146707,177319,1,114,18774
fc1a1cd2d37a9100a80a496108f693ecebc59e14-dirty,1,pager,80,24,307,13250,146977,80,24,1094,23,146707,177812,1,135,22197
fc1a1cd2d37a9100a80a496108f693ecebc59e14-dirty,1,pager,80,24,308,13252,155392,80,24,1106,23,155122,179740,1,128,21056
fc1a1cd2d37a9100a80a496108f693ecebc59e14-dirty,1,pager,80,24,309,13327,155392,80,24,1115,23,155122,181170,1,129,21219
fc1a1cd2d37a9100a80a496108f693ecebc59e14-dirty,1,pager,80,24,310,13328,155390,80,24,1110,23,155120,180403,1,134,22034
fc1a1cd2d37a9100a80a496108f693ecebc59e14-dirty,1,pager,80,24,311,13407,155072,80,24,1108,23,154802,180129,1,81,13400
fc1a1cd2d37a9100a80a496108f693ecebc59e14-dirty,1,pager,80,24,312,13409,147450,80,24,1061,23,147180,172490,1,107,17633
fc1a1cd2d37a9100a80a496108f693ecebc59e14-dirty,1,pager,80,24,313,13489,151107,80,24,1015,23,150837,165015,1,106,17473
fc1a1cd2d37a9100a80a496108f693ecebc59e14-dirty,1,pager,80,24,314,13491,139194,80,24,969,23,138924,157555,1,82,13562
fc1a1cd2d37a9100a80a496108f693ecebc59e14-dirty,1,pager,80,24,315,13531,138717,80,24,896,23,138447,145704,1,81,13400
fc1a1cd2d37a9100a80a496108f693ecebc59e14-dirty,1,pager,80,24,316,13566,138717,80,24,889,23,138447,144591,1,120,19751
fc1a1cd2d37a9100a80a496108f693ecebc59e14-dirty,1,pager,80,24,317,13647,132834,80,24,883,23,132564,143657,1,81,13400
fc1a1cd2d37a9100a80a496108f693ecebc59e14-dirty,1,pager,80,24,318,13648,120603,80,24,813,23,120333,132266,1,81,13400
fc1a1cd2d37a9100a80a496108f693ecebc59e14-dirty,1,pager,80,24,319,13688,123624,80,24,763,23,123354,124135,1,107,17630
fc1a1cd2d37a9100a80a496108f693ecebc59e14-dirty,1,pager,80,24,320,13729,135696,80,24,802,23,135426,130450,1,130,21381
fc1a1cd2d37a9100a80a496108f693ecebc59e14-dirty,1,pager,80,24,321,13810,135855,80,24,851,23,135585,138381,1,81,13400
fc1a1cd2d37a9100a80a496108f693ecebc59e14-dirty,1,pager,80,24,322,13812,123624,80,24,802,23,123354,130408,1,81,13400
fc1a1cd2d37a9100a80a496108f693ecebc59e14-dirty,1,pager,80,24,323,13846,130290,80,24,822,23,130020,133670,1,153,25128
fc1a1cd2d37a9100a80a496108f693ecebc59e14-dirty,1,pager,80,24,324,13927,124884,80,24,858,23,124614,139519,1,81,13400
fc1a1cd2d37a9100a80a496108f693ecebc59e14-dirty,1,pager,80,24,325,13928,134094,80,24,869,23,133824,141311,1,124,20401
fc1a1cd2d37a9100a80a496108f693ecebc59e14-dirty,1,pager,80,24,326,14008,146166,80,24,897,23,145896,145862,1,123,20241
fc1a1cd2d37a9100a80a496108f693ecebc59e14-dirty,1,pager,80,24,327,14010,147438,80,24,938,23,147168,152516,1,88,14539
fc1a1cd2d37a9100a80a496108f693ecebc59e14-dirty,1,pager,80,24,328,14050,135684,80,24,890,23,135414,144753,1,83,13724
fc1a1cd2d37a9100a80a496108f693ecebc59e14-dirty,1,pager,80,24,329,14090,142032,80,24,883,23,141762,143635,1,133,21870
fc1a1cd2d37a9100a80a496108f693ecebc59e14-dirty,1,pager,80,24,330,14167,142034,80,24,899,23,141764,146254,1,143,23503
fc1a1cd2d37a9100a80a496108f693ecebc59e14-dirty,1,pager,80,24,331,14168,130916,80,24,914,23,130646,148742,1,87,14372
fc1a1cd2d37a9100a80a496108f693ecebc59e14-dirty,1,pager,80,24,332,14207,120116,80,24,879,23,119846,143048,1,88,14535
fc1a1cd2d37a9100a80a496108f693ecebc59e14-dirty,1,pager,80,24,333,14288,109952,80,24,844,23,109682,137342,1,94,15517
fc1a1cd2d37a9100a80a496108f693ecebc59e14-dirty,1,pager,80,24,334,14289,112179,80,24,809,23,111909,131643,1,95,15682
fc1a1cd2d37a9100a80a496108f693ecebc59e14-dirty,1,pager,80,24,335,14329,119799,80,24,836,23,119529,136074,1,134,22039
fc1a1cd2d37a9100a80a496108f693ecebc59e14-dirty,1,pager,80,24,336,14410,116460,80,24,863,23,116190,140433,1,83,13724
fc1a1cd2d37a9100a80a496108f693ecebc59e14-dirty,1,pager,80,24,337,14411,116460,80,24,840,23,116190,136637,1,82,13562
fc1a1cd2d37a9100a80a496108f693ecebc59e14-dirty,1,pager,80,24,338,14446,116619,80,24,841,23,116349,136756,1,81,13400
fc1a1cd2d37a9100a80a496108f693ecebc59e14-dirty,1,pager,80,24,339,14486,104388,80,24,803,23,104118,130558,1,81,13400
fc1a1cd2d37a9100a80a496108f693ecebc59e14-dirty,1,pager,80,24,340,14567,116462,80,24,812,23,116192,132023,1,129,21218
fc1a1cd2d37a9100a80a496108f693ecebc59e14-dirty,1,pager,80,24,341,14568,128693,80,24,863,23,128423,140319,1,124,20404
fc1a1cd2d37a9100a80a496108f693ecebc59e14-dirty,1,pager,80,24,342,14649,127421,80,24,878,23,127151,142744,1,99,16329
fc1a1cd2d37a9100a80a496108f693ecebc59e14-dirty,1,pager,80,24,343,14650,127421,80,24,892,23,127151,145010,1,139,22852
fc1a1cd2d37a9100a80a496108f693ecebc59e14-dirty,1,pager,80,24,344,14730,127898,80,24,904,23,127628,146951,1,84,13886
fc1a1cd2d37a9100a80a496108f693ecebc59e14-dirty,1,pager,80,24,345,14732,129329,80,24,914,23,129059,148567,1,88,14539
fc1a1cd2d37a9100a80a496108f693ecebc59e14-dirty,1,pager,80,24,346,14766,120120,80,24,864,23,119850,140480,1,100,16497
fc1a1cd2d37a9100a80a496108f693ecebc59e14-dirty,1,pager,80,24,347,14807,120438,80,24,811,23,120168,131904,1,82,13562
fc1a1cd2d37a9100a80a496108f693ecebc59e14-dirty,1,pager,80,24,348,14847,108525,80,24,769,23,108255,125056,1,82,13562
fc1a1cd2d37a9100a80a496108f693ecebc59e14-dirty,1,pager,80,24,349,14928,108525,80,24,784,23,108255,127497,1,144,23664
fc1a1cd2d37a9100a80a496108f693ecebc59e14-dirty,1,pager,80,24,350,14929,108684,80,24,806,23,108414,131121,1,88,14535
fc1a1cd2d37a9100a80a496108f693ecebc59e14-dirty,1,pager,80,24,351,14969,110592,80,24,816,23,110322,132756,1,96,15843
fc1a1cd2d37a9100a80a496108f693ecebc59e14-dirty,1,pager,80,24,352,15050,98679,80,24,780,23,98409,126942,1,82,13562
fc1a1cd2d37a9100a80a496108f693ecebc59e14-dirty,1,pager,80,24,353,15051,86605,80,24,713,23,86335,116043,1,81,13400
fc1a1cd2d37a9100a80a496108f693ecebc59e14-dirty,1,pager,80,24,354,15090,97723,80,24,699,23,97453,113775,1,132,21705
fc1a1cd2d37a9100a80a496108f693ecebc59e14-dirty,1,pager,80,24,355,15131,108523,80,24,716,23,108253,116523,1,129,21216
fc1a1cd2d37a9100a80a496108f693ecebc59e14-dirty,1,pager,80,24,356,15171,118687,80,24,725,23,118417,117950,1,124,20401
fc1a1cd2d37a9100a80a496108f693ecebc59e14-dirty,1,pager,80,24,357,15207,128691,80,24,748,23,128421,121657,1,143,23498
fc1a1cd2d37a9100a80a496108f693ecebc59e14-dirty,1,pager,80,24,358,15248,128691,80,24,730,23,128421,118765,1,132,21705
fc1a1cd2d37a9100a80a496108f693ecebc59e14-dirty,1,pager,80,24,359,15329,133302,80,24,703,23,133032,114398,1,115,18934
fc1a1cd2d37a9100a80a496108f693ecebc59e14-dirty,1,pager,80,24,360,15331,145215,80,24,773,23,144945,125786,1,150,24642
fc1a1cd2d37a9100a80a496108f693ecebc59e14-dirty,1,pager,80,24,361,15370,146169,80,24,843,23,145899,137190,1,88,14534
fc1a1cd2d37a9100a80a496108f693ecebc59e14-dirty,1,pager,80,24,362,15451,146487,80,24,850,23,146217,138262,1,82,13562
fc1a1cd2d37a9100a80a496108f693ecebc59e14-dirty,1,pager,80,24,363,15453,139024,80,24,831,23,138754,135149,1,110,18120
fc1a1cd2d37a9100a80a496108f693ecebc59e14-dirty,1,pager,80,24,364,15487,129019,80,24,808,23,128749,131435,1,95,15674
fc1a1cd2d37a9100a80a496108f693ecebc59e14-dirty,1,pager,80,24,365,15569,138070,80,24,839,23,137800,136509,1,150,24641
fc1a1cd2d37a9100a80a496108f693ecebc59e14-dirty,1,pager,80,24,366,15570,127747,80,24,850,23,127477,138358,1,92,15184
fc1a1cd2d37a9100a80a496108f693ecebc59e14-dirty,1,pager,80,24,367,15610,139342,80,24,860,23,139072,139994,1,149,24478
fc1a1cd2d37a9100a80a496108f693ecebc59e14-dirty,1,pager,80,24,368,15691,138229,80,24,919,23,137959,149593,1,82,13562
fc1a1cd2d37a9100a80a496108f693ecebc59e14-dirty,1,pager,80,24,369,15692,136956,80,24,907,23,136686,147627,1,91,15022
fc1a1cd2d37a9100a80a496108f693ecebc59e14-dirty,1,pager,80,24,370,15767,140772,80,24,905,23,140502,147280,1,106,17467
fc1a1cd2d37a9100a80a496108f693ecebc59e14-dirty,1,pager,80,24,371,15769,143793,80,24,920,23,143523,149693,1,102,16815
fc1a1cd2d37a9100a80a496108f693ecebc59e14-dirty,1,pager,80,24,372,15809,131562,80,24,879,23,131292,143041,1,81,13400
fc1a1cd2d37a9100a80a496108f693ecebc59e14-dirty,1,pager,80,24,373,15849,142362,80,24,858,23,142092,139606,1,123,20238
fc1a1cd2d37a9100a80a496108f693ecebc59e14-dirty,1,pager,80,24,374,15890,143952,80,24,871,23,143682,141678,1,106,17467
fc1a1cd2d37a9100a80a496108f693ecebc59e14-dirty,1,pager,80,24,375,15971,143634,80,24,881,23,143364,143310,1,81,13400
fc1a1cd2d37a9100a80a496108f693ecebc59e14-dirty,1,pager,80,24,376,15973,145224,80,24,889,23,144954,144579,1,90,14859
fc1a1cd2d37a9100a80a496108f693ecebc59e14-dirty,1,pager,80,24,377,16012,132993,80,24,847,23,132723,137756,1,81,13400
fc1a1cd2d37a9100a80a496108f693ecebc59e14-dirty,1,pager,80,24,378,16088,126327,80,24,854,23,126057,138842,1,114,18771
fc1a1cd2d37a9100a80a496108f693ecebc59e14-dirty,1,pager,80,24,379,16089,114096,80,24,862,23,113826,140089,1,81,13400
fc1a1cd2d37a9100a80a496108f693ecebc59e14-dirty,1,pager,80,24,380,16169,105204,80,24,839,23,104934,136300,1,98,16163
fc1a1cd2d37a9100a80a496108f693ecebc59e14-dirty,1,pager,80,24,381,16170,98220,80,24,837,23,97950,135931,1,112,18447
fc1a1cd2d37a9100a80a496108f693ecebc59e14-dirty,1,pager,80,24,382,16209,95994,80,24,840,23,95724,136432,1,98,16165
fc1a1cd2d37a9100a80a496108f693ecebc59e14-dirty,1,pager,80,24,383,16250,87897,80,24,792,23,87627,128665,1,105,17306
fc1a1cd2d37a9100a80a496108f693ecebc59e14-dirty,1,pager,80,24,384,16290,89964,80,24,744,23,89694,120899,1,100,16491
fc1a1cd2d37a9100a80a496108f693ecebc59e14-dirty,1,pager,80,24,385,16331,89805,80,24,756,23,89535,122842,1,81,13400
fc1a1cd2d37a9100a80a496108f693ecebc59e14-dirty,1,pager,80,24,386,16371,85035,80,24,727,23,84765,118109,1,81,13400
fc1a1cd2d37a9100a80a496108f693ecebc59e14-dirty,1,pager,80,24,387,16411,85194,80,24,711,23,84924,115497,1,93,15348
fc1a1cd2d37a9100a80a496108f693ecebc59e14-dirty,1,pager,80,24,388,16447,85194,80,24,678,23,84924,110164,1,115,18937
fc1a1cd2d37a9100a80a496108f693ecebc59e14-dirty,1,pager,80,24,389,16487,95517,80,24,648,23,95247,105343,1,120,19755
fc1a1cd2d37a9100a80a496108f693ecebc59e14-dirty,1,pager,80,24,390,16527,86784,80,24,614,23,86514,99873,1,98,16169
fc1a1cd2d37a9100a80a496108f693ecebc59e14-dirty,1,pager,80,24,391,16568,92032,80,24,582,23,91762,94699,1,116,19105
fc1a1cd2d37a9100a80a496108f693ecebc59e14-dirty,1,pager,80,24,392,16649,93146,80,24,605,23,92876,98434,1,100,16497
fc1a1cd2d37a9100a80a496108f693ecebc59e14-dirty,1,pager,80,24,393,16650,89489,80,24,608,23,89219,98922,1,83,13724
fc1a1cd2d37a9100a80a496108f693ecebc59e14-dirty,1,pager,80,24,394,16730,98381,80,24,629,23,98111,102328,1,119,19592
fc1a1cd2d37a9100a80a496108f693ecebc59e14-dirty,1,pager,80,24,395,16731,98381,80,24,645,23,98111,104934,1,81,13400
fc1a1cd2d37a9100a80a496108f693ecebc59e14-dirty,1,pager,80,24,396,16770,87263,80,24,607,23,86993,98765,1,86,14213
fc1a1cd2d37a9100a80a496108f693ecebc59e14-dirty,1,pager,80,24,397,16810,95519,80,24,634,23,95249,103172,1,136,22365
fc1a1cd2d37a9100a80a496108f693ecebc59e14-dirty,1,pager,80,24,398,16851,99336,80,24,663,23,99066,107914,1,105,17312
fc1a1cd2d37a9100a80a496108f693ecebc59e14-dirty,1,pager,80,24,399,16927,99019,80,24,678,23,98749,110377,1,89,14704
fc1a1cd2d37a9100a80a496108f693ecebc59e14-dirty,1,pager,80,24,400,16928,102518,80,24,687,23,102248,111850,1,101,16660
fc1a1cd2d37a9100a80a496108f693ecebc59e14-dirty,1,pager,80,24,401,17008,97271,80,24,674,23,97001,109733,1,82,13562
fc1a1cd2d37a9100a80a496108f693ecebc59e14-dirty,1,pager,80,24,402,17009,97589,80,24,642,23,97319,104514,1,82,13562
fc1a1cd2d37a9100a80a496108f693ecebc59e14-dirty,1,pager,80,24,403,17088,94250,80,24,625,23,93980,101731,1,81,13400
fc1a1cd2d37a9100a80a496108f693ecebc59e14-dirty,1,pager,80,24,404,17089,101234,80,24,630,23,100964,102544,1,119,19589
fc1a1cd2d37a9100a80a496108f693ecebc59e14-dirty,1,pager,80,24,405,17129,101870,80,24,639,23,101600,104008,1,100,16495
fc1a1cd2d37a9100a80a496108f693ecebc59e14-dirty,1,pager,80,24,406,17169,103302,80,24,650,23,103032,105809,1,114,18779
fc1a1cd2d37a9100a80a496108f693ecebc59e14-dirty,1,pager,80,24,407,17210,100440,80,24,660,23,100170,107429,1,82,13562
fc1a1cd2d37a9100a80a496108f693ecebc59e14-dirty,1,pager,80,24,408,17291,112512,80,24,685,23,112242,111491,1,126,20733
fc1a1cd2d37a9100a80a496108f693ecebc59e14-dirty,1,pager,80,24,409,17292,118077,80,24,718,23,117807,116867,1,114,18777
fc1a1cd2d37a9100a80a496108f693ecebc59e14-dirty,1,pager,80,24,410,17367,116010,80,24,739,23,115740,120250,1,82,13562
fc1a1cd2d37a9100a80a496108f693ecebc59e14-dirty,1,pager,80,24,411,17368,115851,80,24,1,1,370,359,0,1,359
fc1a1cd2d37a9100a80a496108f693ecebc59e14-dirty,1,pager,80,24,412,17373,103779,80,24,701,24,103842,114049,1,80,13238
fc1a1cd2d37a9100a80a496108f693ecebc59e14-dirty,1,pager,80,24,413,17449,93456,80,24,667,23,93186,108526,1,92,15187
fc1a1cd2d37a9100a80a496108f693ecebc59e14-dirty,1,pager,80,24,414,17450,102189,80,24,667,23,101919,108539,1,117,19263
fc1a1cd2d37a9100a80a496108f693ecebc59e14-dirty,1,pager,80,24,415,17530,101870,80,24,668,23,101600,108716,1,110,18125
fc1a1cd2d37a9100a80a496108f693ecebc59e14-dirty,1,pager,80,24,416,17531,111238,80,24,676,23,110968,110052,1,126,20733
fc1a1cd2d37a9100a80a496108f693ecebc59e14-dirty,1,pager,80,24,417,17571,116008,80,24,698,23,115738,113660,1,113,18614
fc1a1cd2d37a9100a80a496108f693ecebc59e14-dirty,1,pager,80,24,418,17651,105845,80,24,694,23,105575,113008,1,92,15193
fc1a1cd2d37a9100a80a496108f693ecebc59e14-dirty,1,pager,80,24,419,17652,118076,80,24,699,23,117806,113823,1,119,19594
fc1a1cd2d37a9100a80a496108f693ecebc59e14-dirty,1,pager,80,24,420,17727,119826,80,24,735,23,119556,119662,1,100,16497
fc1a1cd2d37a9100a80a496108f693ecebc59e14-dirty,1,pager,80,24,421,17729,119826,80,24,732,23,119556,119200,1,132,21713
fc1a1cd2d37a9100a80a496108f693ecebc59e14-dirty,1,pager,80,24,422,17768,117600,80,24,726,23,117330,118232,1,91,15030
fc1a1cd2d37a9100a80a496108f693ecebc59e14-dirty,1,pager,80,24,423,17849,116646,80,24,713,23,116376,116104,1,83,13726
fc1a1cd2d37a9100a80a496108f693ecebc59e14-dirty,1,pager,80,24,424,17850,114897,80,24,705,23,114627,114785,1,92,15193
fc1a1cd2d37a9100a80a496108f693ecebc59e14-dirty,1,pager,80,24,425,17890,117123,80,24,698,23,116853,113663,1,95,15680
fc1a1cd2d37a9100a80a496108f693ecebc59e14-dirty,1,pager,80,24,426,17971,117760,80,24,710,23,117490,115610,1,86,14215
fc1a1cd2d37a9100a80a496108f693ecebc59e14-dirty,1,pager,80,24,427,17972,123485,80,24,743,23,123215,120953,1,116,19105
fc1a1cd2d37a9100a80a496108f693ecebc59e14-dirty,1,pager,80,24,428,18012,114594,80,24,740,23,114324,120468,1,100,16497
fc1a1cd2d37a9100a80a496108f693ecebc59e14-dirty,1,pager,80,24,429,18088,111414,80,24,720,23,111144,117210,1,82,13562
fc1a1cd2d37a9100a80a496108f693ecebc59e14-dirty,1,pager,80,24,430,18089,106166,80,24,686,23,105896,111661,1,82,13562
fc1a1cd2d37a9100a80a496108f693ecebc59e14-dirty,1,pager,80,24,431,18169,105848,80,24,653,23,105578,106282,1,81,13400
fc1a1cd2d37a9100a80a496108f693ecebc59e14-dirty,1,pager,80,24,432,18170,105848,80,24,663,23,105578,107911,1,136,22360
fc1a1cd2d37a9100a80a496108f693ecebc59e14-dirty,1,pager,80,24,433,18250,112514,80,24,689,23,112244,112140,1,136,22360
fc1a1cd2d37a9100a80a496108f693ecebc59e14-dirty,1,pager,80,24,434,18251,124427,80,24,711,23,124157,115705,1,134,22034
fc1a1cd2d37a9100a80a496108f693ecebc59e14-dirty,1,pager,80,24,435,18291,126335,80,24,764,23,126065,124291,1,92,15187
fc1a1cd2d37a9100a80a496108f693ecebc59e14-dirty,1,pager,80,24,436,18332,136658,80,24,812,23,136388,132114,1,139,22849
fc1a1cd2d37a9100a80a496108f693ecebc59e14-dirty,1,pager,80,24,437,18372,129674,80,24,836,23,129404,136054,1,110,18125
fc1a1cd2d37a9100a80a496108f693ecebc59e14-dirty,1,pager,80,24,438,18448,129674,80,24,805,23,129404,131031,1,110,18125
fc1a1cd2d37a9100a80a496108f693ecebc59e14-dirty,1,pager,80,24,439,18449,119351,80,24,793,23,119081,129101,1,90,14865
fc1a1cd2d37a9100a80a496108f693ecebc59e14-dirty,1,pager,80,24,440,18489,115854,80,24,764,23,115584,124381,1,90,14867
fc1a1cd2d37a9100a80a496108f693ecebc59e14-dirty,1,pager,80,24,441,18530,119511,80,24,764,23,119241,124382,1,118,19431
fc1a1cd2d37a9100a80a496108f693ecebc59e14-dirty,1,pager,80,24,442,18570,119511,80,24,783,23,119241,127502,1,144,23669
fc1a1cd2d37a9100a80a496108f693ecebc59e14-dirty,1,pager,80,24,443,18611,118556,80,24,817,23,118286,133073,1,94,15510
fc1a1cd2d37a9100a80a496108f693ecebc59e14-dirty,1,pager,80,24,444,18651,106643,80,24,775,23,106373,126272,1,82,13562
fc1a1cd2d37a9100a80a496108f693ecebc59e14-dirty,1,pager,80,24,445,18728,107120,80,24,738,23,106850,120234,1,92,15193
fc1a1cd2d37a9100a80a496108f693ecebc59e14-dirty,1,pager,80,24,446,18729,106960,80,24,738,23,106690,120185,1,82,13562
fc1a1cd2d37a9100a80a496108f693ecebc59e14-dirty,1,pager,80,24,447,18768,117441,80,24,790,23,117171,128614,1,144,23667
fc1a1cd2d37a9100a80a496108f693ecebc59e14-dirty,1,pager,80,24,448,18850,118236,80,24,841,23,117966,136887,1,100,16495
fc1a1cd2d37a9100a80a496108f693ecebc59e14-dirty,1,pager,80,24,449,18851,119985,80,24,847,23,119715,137820,1,96,15845
fc1a1cd2d37a9100a80a496108f693ecebc59e14-dirty,1,pager,80,24,450,18931,120144,80,24,848,23,119874,137955,1,116,19105
fc1a1cd2d37a9100a80a496108f693ecebc59e14-dirty,1,pager,80,24,451,18932,120144,80,24,848,23,119874,137982,1,100,16497
fc1a1cd2d37a9100a80a496108f693ecebc59e14-dirty,1,pager,80,24,452,19012,120303,80,24,849,23,120033,138134,1,83,13724
fc1a1cd2d37a9100a80a496108f693ecebc59e14-dirty,1,pager,80,24,453,19013,120303,80,24,850,23,120033,138284,1,82,13562
fc1a1cd2d37a9100a80a496108f693ecebc59e14-dirty,1,pager,80,24,454,19053,120303,80,24,850,23,120033,138251,1,81,13400
fc1a1cd2d37a9100a80a496108f693ecebc59e14-dirty,1,pager,80,24,455,19129,120303,80,24,835,23,120033,135799,1,121,19915
fc1a1cd2d37a9100a80a496108f693ecebc59e14-dirty,1,pager,80,24,456,19130,120303,80,24,826,23,120033,134314,1,128,21059
fc1a1cd2d37a9100a80a496108f693ecebc59e14-dirty,1,pager,80,24,457,19169,108390,80,24,818,23,108120,133051,1,82,13562
fc1a1cd2d37a9100a80a496108f693ecebc59e14-dirty,1,pager,80,24,458,19210,106482,80,24,765,23,106212,124459,1,81,13400
fc1a1cd2d37a9100a80a496108f693ecebc59e14-dirty,1,pager,80,24,459,19250,106482,80,24,756,23,106212,123040,1,131,21545
fc1a1cd2d37a9100a80a496108f693ecebc59e14-dirty,1,pager,80,24,460,19331,101553,80,24,741,23,101283,120597,1,84,13886
fc1a1cd2d37a9100a80a496108f693ecebc59e14-dirty,1,pager,80,24,461,19332,108537,80,24,784,23,108267,127548,1,135,22198
fc1a1cd2d37a9100a80a496108f693ecebc59e14-dirty,1,pager,80,24,462,19413,118860,80,24,808,23,118590,131470,1,132,21708
fc1a1cd2d37a9100a80a496108f693ecebc59e14-dirty,1,pager,80,24,463,19414,129341,80,24,842,23,129071,136991,1,120,19752
fc1a1cd2d37a9100a80a496108f693ecebc59e14-dirty,1,pager,80,24,464,19448,135847,80,24,850,23,135577,138288,1,122,20077
fc1a1cd2d37a9100a80a496108f693ecebc59e14-dirty,1,pager,80,24,465,19530,126796,80,24,830,23,126526,135063,1,100,16495
fc1a1cd2d37a9100a80a496108f693ecebc59e14-dirty,1,pager,80,24,466,19531,125206,80,24,775,23,124936,126177,1,82,13562
fc1a1cd2d37a9100a80a496108f693ecebc59e14-dirty,1,pager,80,24,467,19570,124888,80,24,762,23,124618,124080,1,81,13400
fc1a1cd2d37a9100a80a496108f693ecebc59e14-dirty,1,pager,80,24,468,19611,135051,80,24,819,23,134781,133339,1,150,24642
fc1a1cd2d37a9100a80a496108f693ecebc59e14-dirty,1,pager,80,24,469,19652,136005,80,24,881,23,135735,143397,1,89,14696
fc1a1cd2d37a9100a80a496108f693ecebc59e14-dirty,1,pager,80,24,470,19693,136005,80,24,878,23,135735,142915,1,133,21874
fc1a1cd2d37a9100a80a496108f693ecebc59e14-dirty,1,pager,80,24,471,19769,136324,80,24,866,23,136054,141023,1,106,17475
fc1a1cd2d37a9100a80a496108f693ecebc59e14-dirty,1,pager,80,24,472,19770,137755,80,24,877,23,137485,142788,1,109,17964
fc1a1cd2d37a9100a80a496108f693ecebc59e14-dirty,1,pager,80,24,473,19850,137757,80,24,873,23,137487,142126,1,115,18944
fc1a1cd2d37a9100a80a496108f693ecebc59e14-dirty,1,pager,80,24,474,19852,134895,80,24,875,23,134625,142436,1,84,13889
fc1a1cd2d37a9100a80a496108f693ecebc59e14-dirty,1,pager,80,24,475,19893,134736,80,24,858,23,134466,139633,1,82,13562
fc1a1cd2d37a9100a80a496108f693ecebc59e14-dirty,1,pager,80,24,476,19969,139824,80,24,885,23,139554,143990,1,111,18288
fc1a1cd2d37a9100a80a496108f693ecebc59e14-dirty,1,pager,80,24,477,19971,143163,80,24,914,23,142893,148675,1,99,16332
fc1a1cd2d37a9100a80a496108f693ecebc59e14-dirty,1,pager,80,24,478,20050,143163,80,24,932,23,142893,151610,1,135,22202
fc1a1cd2d37a9100a80a496108f693ecebc59e14-dirty,1,pager,80,24,479,20052,143163,80,24,927,23,142893,150831,1,140,23017
fc1a1cd2d37a9100a80a496108f693ecebc59e14-dirty,1,pager,80,24,480,20092,155076,80,24,923,23,154806,150229,1,140,23017
fc1a1cd2d37a9100a80a496108f693ecebc59e14-dirty,1,pager,80,24,481,20173,167307,80,24,971,23,167037,157986,1,142,23343
fc1a1cd2d37a9100a80a496108f693ecebc59e14-dirty,1,pager,80,24,482,20175,167307,80,24,970,23,167037,157804,1,140,23017
fc1a1cd2d37a9100a80a496108f693ecebc59e14-dirty,1,pager,80,24,483,20250,172714,80,24,971,23,172444,157956,1,113,18616
fc1a1cd2d37a9100a80a496108f693ecebc59e14-dirty,1,pager,80,24,484,20252,164618,80,24,953,23,164348,155021,1,106,17475
fc1a1cd2d37a9100a80a496108f693ecebc59e14-dirty,1,pager,80,24,485,20332,153819,80,24,924,23,153549,150319,1,89,14704
fc1a1cd2d37a9100a80a496108f693ecebc59e14-dirty,1,pager,80,24,486,20333,141907,80,24,885,23,141637,143981,1,82,13563
fc1a1cd2d37a9100a80a496108f693ecebc59e14-dirty,1,pager,80,24,487,20413,129994,80,24,845,23,129724,137471,1,82,13562
fc1a1cd2d37a9100a80a496108f693ecebc59e14-dirty,1,pager,80,24,488,20414,127132,80,24,805,23,126862,130993,1,82,13562
fc1a1cd2d37a9100a80a496108f693ecebc59e14-dirty,1,pager,80,24,489,20448,126814,80,24,786,23,126544,127888,1,81,13400
fc1a1cd2d37a9100a80a496108f693ecebc59e14-dirty,1,pager,80,24,490,20489,139045,80,24,832,23,138775,135352,1,128,21055
fc1a1cd2d37a9100a80a496108f693ecebc59e14-dirty,1,pager,80,24,491,20571,132856,80,24,808,23,132586,131450,1,119,19592
fc1a1cd2d37a9100a80a496108f693ecebc59e14-dirty,1,pager,80,24,492,20572,131902,80,24,773,23,131632,125780,1,82,13562
fc1a1cd2d37a9100a80a496108f693ecebc59e14-dirty,1,pager,80,24,493,20652,119671,80,24,714,23,119401,116188,1,81,13400
fc1a1cd2d37a9100a80a496108f693ecebc59e14-dirty,1,pager,80,24,494,20653,128244,80,24,699,23,127974,113744,1,119,19589
fc1a1cd2d37a9100a80a496108f693ecebc59e14-dirty,1,pager,80,24,495,20733,127130,80,24,705,23,126860,114699,1,96,15843
fc1a1cd2d37a9100a80a496108f693ecebc59e14-dirty,1,pager,80,24,496,20734,122517,80,24,688,23,122247,111907,1,88,14541
fc1a1cd2d37a9100a80a496108f693ecebc59e14-dirty,1,pager,80,24,497,20810,124584,80,24,665,23,124314,108162,1,96,15845
fc1a1cd2d37a9100a80a496108f693ecebc59e14-dirty,1,pager,80,24,498,20811,126811,80,24,661,22,123822,107490,1,96,15845
fc1a1cd2d37a9100a80a496108f693ecebc59e14-dirty,1,pager,80,24,499,20850,133636,80,24,677,22,130647,110121,1,128,21061
fc1a1cd2d37a9100a80a496108f693ecebc59e14-dirty,1,pager,80,24,500,20932,132364,80,24,697,22,129375,113409,1,91,15028
fc1a1cd2d37a9100a80a496108f693ecebc59e14-dirty,1,pager,80,24,501,20933,132364,80,24,683,22,129375,111183,1,122,20083
fc1a1cd2d37a9100a80a496108f693ecebc59e14-dirty,1,pager,80,24,502,20973,120451,80,24,679,22,117462,110575,1,82,13562
fc1a1cd2d37a9100a80a496108f693ecebc59e14-dirty,1,pager,80,24,503,21048,109492,80,24,642,22,106503,104539,1,88,14539
fc1a1cd2d37a9100a80a496108f693ecebc59e14-dirty,1,pager,80,24,504,21050,97579,80,24,601,22,94590,97857,1,82,13562
fc1a1cd2d37a9100a80a496108f693ecebc59e14-dirty,1,pager,80,24,505,21089,85348,80,24,553,22,82359,90042,1,81,13400
fc1a1cd2d37a9100a80a496108f693ecebc59e14-dirty,1,pager,80,24,506,21129,91854,80,24,548,22,88865,89269,1,124,20404
fc1a1cd2d37a9100a80a496108f693ecebc59e14-dirty,1,pager,80,24,507,21170,99950,80,24,563,22,96961,91704,1,124,20407
fc1a1cd2d37a9100a80a496108f693ecebc59e14-dirty,1,pager,80,24,508,21210,110749,80,24,577,22,107760,93974,1,116,19103
fc1a1cd2d37a9100a80a496108f693ecebc59e14-dirty,1,pager,80,24,509,21251,122661,80,24,630,22,119672,102608,1,140,23015
fc1a1cd2d37a9100a80a496108f693ecebc59e14-dirty,1,pager,80,24,510,21292,134574,80,24,695,22,131585,113191,1,148,24319
fc1a1cd2d37a9100a80a496108f693ecebc59e14-dirty,1,pager,80,24,511,21333,134574,80,24,761,22,131586,123950,1,82,13562
fc1a1cd2d37a9100a80a496108f693ecebc59e14-dirty,1,pager,80,24,512,21409,134574,80,24,761,22,131586,123905,1,81,13400
fc1a1cd2d37a9100a80a496108f693ecebc59e14-dirty,1,pager,80,24,513,21410,134574,80,24,768,22,131586,125044,1,135,22197
fc1a1cd2d37a9100a80a496108f693ecebc59e14-dirty,1,pager,80,24,514,21490,140763,80,24,778,22,137775,126676,1,119,19592
fc1a1cd2d37a9100a80a496108f693ecebc59e14-dirty,1,pager,80,24,515,21492,152676,80,24,783,22,149688,127491,1,126,20733
fc1a1cd2d37a9100a80a496108f693ecebc59e14-dirty,1,pager,80,24,516,21572,154107,80,24,827,22,151119,134656,1,88,14539
fc1a1cd2d37a9100a80a496108f693ecebc59e14-dirty,1,pager,80,24,517,21573,142672,80,24,797,22,139684,129799,1,85,14052
fc1a1cd2d37a9100a80a496108f693ecebc59e14-dirty,1,pager,80,24,518,21653,140924,80,24,766,22,137936,124787,1,88,14541
fc1a1cd2d37a9100a80a496108f693ecebc59e14-dirty,1,pager,80,24,519,21655,145694,80,24,789,22,142706,128509,1,117,19268
fc1a1cd2d37a9100a80a496108f693ecebc59e14-dirty,1,pager,80,24,520,21689,147284,80,24,812,22,144296,132224,1,105,17312
fc1a1cd2d37a9100a80a496108f693ecebc59e14-dirty,1,pager,80,24,521,21730,149192,80,24,838,23,148922,136423,1,107,17638
fc1a1cd2d37a9100a80a496108f693ecebc59e14-dirty,1,pager,80,24,522,21771,149192,80,24,847,23,148922,137874,1,135,22202
fc1a1cd2d37a9100a80a496108f693ecebc59e14-dirty,1,pager,80,24,523,21812,159356,80,24,848,23,159086,138022,1,125,20572
fc1a1cd2d37a9100a80a496108f693ecebc59e14-dirty,1,pager,80,24,524,21894,147443,80,24,849,23,147173,138162,1,82,13562
fc1a1cd2d37a9100a80a496108f693ecebc59e14-dirty,1,pager,80,24,525,21895,147443,80,24,809,23,147173,131682,1,82,13562
fc1a1cd2d37a9100a80a496108f693ecebc59e14-dirty,1,pager,80,24,526,21934,146171,80,24,803,23,145901,130658,1,81,13400
fc1a1cd2d37a9100a80a496108f693ecebc59e14-dirty,1,pager,80,24,527,22011,158084,80,24,835,23,157814,135824,1,121,19914
fc1a1cd2d37a9100a80a496108f693ecebc59e14-dirty,1,pager,80,24,528,22012,163331,80,24,878,23,163061,142785,1,110,18125
fc1a1cd2d37a9100a80a496108f693ecebc59e14-dirty,1,pager,80,24,529,22092,153644,80,24,866,23,153374,140831,1,95,15680
fc1a1cd2d37a9100a80a496108f693ecebc59e14-dirty,1,pager,80,24,530,22094,153644,80,24,859,23,153374,139733,1,118,19431
fc1a1cd2d37a9100a80a496108f693ecebc59e14-dirty,1,pager,80,24,531,22173,153644,80,24,868,23,153374,141233,1,128,21061
fc1a1cd2d37a9100a80a496108f693ecebc59e14-dirty,1,pager,80,24,532,22175,141731,80,24,854,23,141461,138975,1,82,13562
fc1a1cd2d37a9100a80a496108f693ecebc59e14-dirty,1,pager,80,24,533,22209,129818,80,24,789,23,129548,128409,1,82,13562
fc1a1cd2d37a9100a80a496108f693ecebc59e14-dirty,1,pager,80,24,534,22290,129500,80,24,722,23,129230,117532,1,81,13400
fc1a1cd2d37a9100a80a496108f693ecebc59e14-dirty,1,pager,80,24,535,22292,141731,80,24,789,23,141461,128395,1,149,24479
fc1a1cd2d37a9100a80a496108f693ecebc59e14-dirty,1,pager,80,24,536,22372,132044,80,24,807,23,131774,131328,1,96,15836
fc1a1cd2d37a9100a80a496108f693ecebc59e14-dirty,1,pager,80,24,537,22373,132044,80,24,801,23,131774,130355,1,121,19918
fc1a1cd2d37a9100a80a496108f693ecebc59e14-dirty,1,pager,80,24,538,22412,125220,80,24,795,23,124950,129417,1,112,18453
fc1a1cd2d37a9100a80a496108f693ecebc59e14-dirty,1,pager,80,24,539,22453,124107,80,24,782,23,123837,127343,1,82,13562
fc1a1cd2d37a9100a80a496108f693ecebc59e14-dirty,1,pager,80,24,540,22494,126332,80,24,790,23,126062,128615,1,97,16006
fc1a1cd2d37a9100a80a496108f693ecebc59e14-dirty,1,pager,80,24,541,22529,137290,80,24,838,23,137020,136399,1,131,21550
fc1a1cd2d37a9100a80a496108f693ecebc59e14-dirty,1,pager,80,24,542,22570,143478,80,24,840,23,143208,136731,1,134,22039
fc1a1cd2d37a9100a80a496108f693ecebc59e14-dirty,1,pager,80,24,543,22652,141729,80,24,845,23,141459,137542,1,96,15845
fc1a1cd2d37a9100a80a496108f693ecebc59e14-dirty,1,pager,80,24,544,22653,139662,80,24,834,23,139392,135727,1,95,15682
fc1a1cd2d37a9100a80a496108f693ecebc59e14-dirty,1,pager,80,24,545,22733,130135,80,24,783,23,129865,127421,1,97,16008
fc1a1cd2d37a9100a80a496108f693ecebc59e14-dirty,1,pager,80,24,546,22734,120767,80,24,737,23,120497,119972,1,98,16171
fc1a1cd2d37a9100a80a496108f693ecebc59e14-dirty,1,pager,80,24,547,22809,123948,80,24,702,23,123678,114312,1,103,16986
fc1a1cd2d37a9100a80a496108f693ecebc59e14-dirty,1,pager,80,24,548,22810,128719,80,24,712,23,128449,115878,1,111,18290
fc1a1cd2d37a9100a80a496108f693ecebc59e14-dirty,1,pager,80,24,549,22891,129037,80,24,742,23,128767,120697,1,82,13562
fc1a1cd2d37a9100a80a496108f693ecebc59e14-dirty,1,pager,80,24,550,22893,117124,80,24,704,23,116854,114498,1,82,13562
fc1a1cd2d37a9100a80a496108f693ecebc59e14-dirty,1,pager,80,24,551,22931,111877,80,24,661,23,111607,107500,1,81,13400
fc1a1cd2d37a9100a80a496108f693ecebc59e14-dirty,1,pager,80,24,552,23013,121564,80,24,698,23,121294,113526,1,149,24479
fc1a1cd2d37a9100a80a496108f693ecebc59e14-dirty,1,pager,80,24,553,23014,109651,80,24,726,23,109381,118111,1,82,13562
fc1a1cd2d37a9100a80a496108f693ecebc59e14-dirty,1,pager,80,24,554,23053,109651,80,24,717,23,109381,116635,1,119,19592
fc1a1cd2d37a9100a80a496108f693ecebc59e14-dirty,1,pager,80,24,555,23129,113468,80,24,705,23,113198,114687,1,99,16334
fc1a1cd2d37a9100a80a496108f693ecebc59e14-dirty,1,pager,80,24,556,23130,114900,80,24,724,23,114630,117746,1,92,15193
fc1a1cd2d37a9100a80a496108f693ecebc59e14-dirty,1,pager,80,24,557,23170,116332,80,24,736,23,116062,119689,1,87,14378
fc1a1cd2d37a9100a80a496108f693ecebc59e14-dirty,1,pager,80,24,558,23210,106169,80,24,683,23,105899,111119,1,94,15519
fc1a1cd2d37a9100a80a496108f693ecebc59e14-dirty,1,pager,80,24,559,23250,104103,80,24,626,23,103833,101904,1,83,13726
fc1a1cd2d37a9100a80a496108f693ecebc59e14-dirty,1,pager,80,24,560,23291,94576,80,24,593,23,94306,96574,1,97,16008
fc1a1cd2d37a9100a80a496108f693ecebc59e14-dirty,1,pager,80,24,561,23331,90919,80,24,570,23,90649,92853,1,90,14867
fc1a1cd2d37a9100a80a496108f693ecebc59e14-dirty,1,pager,80,24,562,23372,91556,80,24,548,23,91286,89269,1,86,14215
fc1a1cd2d37a9100a80a496108f693ecebc59e14-dirty,1,pager,80,24,563,23452,93624,80,24,561,23,93354,91404,1,112,18453
fc1a1cd2d37a9100a80a496108f693ecebc59e14-dirty,1,pager,80,24,564,23453,81871,80,24,540,23,81601,88036,1,83,13726
fc1a1cd2d37a9100a80a496108f693ecebc59e14-dirty,1,pager,80,24,565,23493,70595,80,24,506,23,70325,82465,1,86,14215
fc1a1cd2d37a9100a80a496108f693ecebc59e14-dirty,1,pager,80,24,566,23533,68528,80,24,471,23,68258,76733,1,83,13726
fc1a1cd2d37a9100a80a496108f693ecebc59e14-dirty,1,pager,80,24,567,23573,67573,80,24,462,23,67303,75241,1,87,14377
fc1a1cd2d37a9100a80a496108f693ecebc59e14-dirty,1,pager,80,24,568,23609,68845,80,24,483,23,68575,78631,1,105,17312
fc1a1cd2d37a9100a80a496108f693ecebc59e14-dirty,1,pager,80,24,569,23649,66778,80,24,502,23,66508,81712,1,85,14052
fc1a1cd2d37a9100a80a496108f693ecebc59e14-dirty,1,pager,80,24,570,23689,63597,80,24,497,23,63327,80893,1,82,13562
fc1a1cd2d37a9100a80a496108f693ecebc59e14-dirty,1,pager,80,24,571,23730,58826,80,24,487,23,58556,79258,1,82,13562
fc1a1cd2d37a9100a80a496108f693ecebc59e14-dirty,1,pager,80,24,572,23770,58508,80,24,457,23,58238,74384,1,81,13400
fc1a1cd2d37a9100a80a496108f693ecebc59e14-dirty,1,pager,80,24,573,23810,70421,80,24,498,23,70151,81050,1,124,20404
fc1a1cd2d37a9100a80a496108f693ecebc59e14-dirty,1,pager,80,24,574,23851,82652,80,24,552,23,82382,89834,1,130,21385
fc1a1cd2d37a9100a80a496108f693ecebc59e14-dirty,1,pager,80,24,575,23892,82652,80,24,535,23,82382,87124,1,129,21224
fc1a1cd2d37a9100a80a496108f693ecebc59e14-dirty,1,pager,80,24,576,23972,94565,80,24,511,23,94295,83258,1,132,21713
fc1a1cd2d37a9100a80a496108f693ecebc59e14-dirty,1,pager,80,24,577,23973,94565,80,24,533,23,94295,86853,1,145,23832
fc1a1cd2d37a9100a80a496108f693ecebc59e14-dirty,1,pager,80,24,578,24053,90589,80,24,562,23,90319,91612,1,81,13400
fc1a1cd2d37a9100a80a496108f693ecebc59e14-dirty,1,pager,80,24,579,24054,89157,80,24,543,23,88887,88527,1,82,13562
fc1a1cd2d37a9100a80a496108f693ecebc59e14-dirty,1,pager,80,24,580,24093,88043,80,24,532,23,87773,86739,1,82,13562
fc1a1cd2d37a9100a80a496108f693ecebc59e14-dirty,1,pager,80,24,581,24129,86134,80,24,519,23,85864,84608,1,81,13400
fc1a1cd2d37a9100a80a496108f693ecebc59e14-dirty,1,pager,80,24,582,24169,85656,80,24,505,23,85386,82316,1,81,13400
fc1a1cd2d37a9100a80a496108f693ecebc59e14-dirty,1,pager,80,24,583,24210,95183,80,24,548,23,94913,89327,1,139,22846
fc1a1cd2d37a9100a80a496108f693ecebc59e14-dirty,1,pager,80,24,584,24291,97408,80,24,594,23,97138,96828,1,104,17140
fc1a1cd2d37a9100a80a496108f693ecebc59e14-dirty,1,pager,80,24,585,24292,100269,80,24,608,23,99999,99109,1,102,16815
fc1a1cd2d37a9100a80a496108f693ecebc59e14-dirty,1,pager,80,24,586,24372,99314,80,24,610,23,99044,99411,1,107,17632
fc1a1cd2d37a9100a80a496108f693ecebc59e14-dirty,1,pager,80,24,587,24373,98995,80,24,604,23,98725,98404,1,81,13400
fc1a1cd2d37a9100a80a496108f693ecebc59e14-dirty,1,pager,80,24,588,24454,98040,80,24,600,23,97770,97705,1,81,13400
fc1a1cd2d37a9100a80a496108f693ecebc59e14-dirty,1,pager,80,24,589,24455,101219,80,24,613,23,100949,99777,1,100,16489
fc1a1cd2d37a9100a80a496108f693ecebc59e14-dirty,1,pager,80,24,590,24494,104240,80,24,636,23,103970,103462,1,104,17144
fc1a1cd2d37a9100a80a496108f693ecebc59e14-dirty,1,pager,80,24,591,24530,112495,80,24,658,23,112225,107004,1,125,20570
fc1a1cd2d37a9100a80a496108f693ecebc59e14-dirty,1,pager,80,24,592,24570,112017,80,24,679,23,111747,110446,1,82,13562
fc1a1cd2d37a9100a80a496108f693ecebc59e14-dirty,1,pager,80,24,593,24611,111858,80,24,676,23,111588,109959,1,81,13400
fc1a1cd2d37a9100a80a496108f693ecebc59e14-dirty,1,pager,80,24,594,24692,111540,80,24,675,23,111270,109797,1,81,13400
fc1a1cd2d37a9100a80a496108f693ecebc59e14-dirty,1,pager,80,24,595,24693,123771,80,24,710,23,123501,115494,1,116,19097
fc1a1cd2d37a9100a80a496108f693ecebc59e14-dirty,1,pager,80,24,596,24733,117423,80,24,702,23,117153,114169,1,113,18611
fc1a1cd2d37a9100a80a496108f693ecebc59e14-dirty,1,pager,80,24,597,24814,117423,80,24,687,23,117153,111718,1,115,18940
fc1a1cd2d37a9100a80a496108f693ecebc59e14-dirty,1,pager,80,24,598,24815,117423,80,24,688,23,117153,111908,1,132,21713
fc1a1cd2d37a9100a80a496108f693ecebc59e14-dirty,1,pager,80,24,599,24890,105510,80,24,695,23,105240,113062,1,82,13562
fc1a1cd2d37a9100a80a496108f693ecebc59e14-dirty,1,pager,80,24,600,24891,93597,80,24,636,23,93327,103477,1,82,13562
fc1a1cd2d37a9100a80a496108f693ecebc59e14-dirty,1,pager,80,24,601,24930,93597,80,24,573,23,93327,93271,1,81,13400
fc1a1cd2d37a9100a80a496108f693ecebc59e14-dirty,1,pager,80,24,602,24971,93279,80,24,572,23,93009,93091,1,81,13400
fc1a1cd2d37a9100a80a496108f693ecebc59e14-dirty,1,pager,80,24,603,25052,105192,80,24,619,23,104922,100718,1,129,21216
fc1a1cd2d37a9100a80a496108f693ecebc59e14-dirty,1,pager,80,24,604,25053,117264,80,24,671,23,116994,109142,1,124,20404
fc1a1cd2d37a9100a80a496108f693ecebc59e14-dirty,1,pager,80,24,605,25093,129501,80,24,737,23,129231,119858,1,144,23673
fc1a1cd2d37a9100a80a496108f693ecebc59e14-dirty,1,pager,80,24,606,25174,118701,80,24,744,23,118431,121060,1,87,14373
fc1a1cd2d37a9100a80a496108f693ecebc59e14-dirty,1,pager,80,24,607,25175,118701,80,24,709,23,118431,115421,1,105,17310
fc1a1cd2d37a9100a80a496108f693ecebc59e14-dirty,1,pager,80,24,608,25214,115203,80,24,710,23,114933,115579,1,82,13562
fc1a1cd2d37a9100a80a496108f693ecebc59e14-dirty,1,pager,80,24,609,25250,111228,80,24,681,23,110958,110856,1,81,13400
fc1a1cd2d37a9100a80a496108f693ecebc59e14-dirty,1,pager,80,24,610,25290,111069,80,24,655,23,110799,106611,1,81,13400
fc1a1cd2d37a9100a80a496108f693ecebc59e14-dirty,1,pager,80,24,611,25331,123300,80,24,713,23,123030,116006,1,139,22846
fc1a1cd2d37a9100a80a496108f693ecebc59e14-dirty,1,pager,80,24,612,25372,125685,80,24,755,23,125415,122820,1,118,19425
fc1a1cd2d37a9100a80a496108f693ecebc59e14-dirty,1,pager,80,24,613,25453,133470,80,24,786,23,133200,127911,1,134,22043
fc1a1cd2d37a9100a80a496108f693ecebc59e14-dirty,1,pager,80,24,614,25455,121398,80,24,793,23,121128,129099,1,81,13400
fc1a1cd2d37a9100a80a496108f693ecebc59e14-dirty,1,pager,80,24,615,25494,121080,80,24,749,23,120810,121973,1,81,13400
fc1a1cd2d37a9100a80a496108f693ecebc59e14-dirty,1,pager,80,24,616,25570,133152,80,24,794,23,132882,129254,1,127,20890
fc1a1cd2d37a9100a80a496108f693ecebc59e14-dirty,1,pager,80,24,617,25572,145383,80,24,841,23,145113,136854,1,121,19915
fc1a1cd2d37a9100a80a496108f693ecebc59e14-dirty,1,pager,80,24,618,25652,136968,80,24,845,23,136698,137479,1,105,17310
fc1a1cd2d37a9100a80a496108f693ecebc59e14-dirty,1,pager,80,24,619,25653,99019,80,24,823,24,99082,133768,0,823,133768
fc1a1cd2d37a9100a80a496108f693ecebc59e14-dirty,2,pager,80,24,1,46,99337,80,24,1,1,848,360,0,1,360
fc1a1cd2d37a9100a80a496108f693ecebc59e14-dirty,2,pager,80,24,2,82,99496,80,24,1,1,1007,360,0,1,360
fc1a1cd2d37a9100a80a496108f693ecebc59e14-dirty,2,pager,80,24,3,122,99655,80,24,1,1,1166,360,0,1,360
fc1a1cd2d37a9100a80a496108f693ecebc59e14-dirty,2,pager,80,24,4,163,99655,80,24,1,1,1166,360,0,1,360
fc1a1cd2d37a9100a80a496108f693ecebc59e14-dirty,2,pager,80,24,5,164,99655,80,24,0,0,199,199,0,0,199
fc1a1cd2d37a9100a80a496108f693ecebc59e14-dirty,2,pager,80,24,6,244,99973,80,24,1,1,1484,360,0,1,360
fc1a1cd2d37a9100a80a496108f693ecebc59e14-dirty,2,pager,80,24,7,245,100132,80,24,1,1,1643,360,0,1,360
fc1a1cd2d37a9100a80a496108f693ecebc59e14-dirty,2,pager,80,24,8,325,100292,80,24,1,1,1803,361,0,1,361
fc1a1cd2d37a9100a80a496108f693ecebc59e14-dirty,2,pager,80,24,9,326,100451,80,24,1,1,1962,362,0,1,362
fc1a1cd2d37a9100a80a496108f693ecebc59e14-dirty,2,pager,80,24,10,406,100610,80,24,1,1,2121,362,0,1,362
fc1a1cd2d37a9100a80a496108f693ecebc59e14-dirty,2,pager,80,24,11,407,100769,80,24,1,1,2280,362,0,1,362
fc1a1cd2d37a9100a80a496108f693ecebc59e14-dirty,2,pager,80,24,12,483,100928,80,24,1,1,2439,362,0,1,362
fc1a1cd2d37a9100a80a496108f693ecebc59e14-dirty,2,pager,80,24,13,483,101087,80,24,1,1,2598,362,0,1,362
fc1a1cd2d37a9100a80a496108f693ecebc59e14-dirty,2,pager,80,24,14,564,101246,80,24,1,1,2757,362,0,1,362
fc1a1cd2d37a9100a80a496108f693ecebc59e14-dirty,2,pager,80,24,15,565,101405,80,24,1,1,2916,362,0,1,362
fc1a1cd2d37a9100a80a496108f693ecebc59e14-dirty,2,pager,80,24,16,648,200941,80,24,1199,24,201004,194926,0,1199,194926
fc1a1cd2d37a9100a80a496108f693ecebc59e14-dirty,2,pager,80,24,17,1686,192069,80,24,1516,24,192132,246603,1,113,18607
fc1a1cd2d37a9100a80a496108f693ecebc59e14-dirty,2,pager,80,24,18,1688,192069,80,24,1472,23,191799,239465,1,135,22200
fc1a1cd2d37a9100a80a496108f693ecebc59e14-dirty,2,pager,80,24,19,1763,203982,80,24,1446,23,203712,235248,1,125,20570
fc1a1cd2d37a9100a80a496108f693ecebc59e14-dirty,2,pager,80,24,20,1765,216213,80,24,1450,23,215943,235828,1,125,20570
fc1a1cd2d37a9100a80a496108f693ecebc59e14-dirty,2,pager,80,24,21,1845,216213,80,24,1396,23,215943,227020,1,125,20570
fc1a1cd2d37a9100a80a496108f693ecebc59e14-dirty,2,pager,80,24,22,1847,223833,80,24,1369,23,223563,222615,1,127,20896
fc1a1cd2d37a9100a80a496108f693ecebc59e14-dirty,2,pager,80,24,23,1887,223833,80,24,1352,23,223563,219843,1,143,23504
fc1a1cd2d37a9100a80a496108f693ecebc59e14-dirty,2,pager,80,24,24,1928,212079,80,24,1355,23,211809,220313,1,83,13724
fc1a1cd2d37a9100a80a496108f693ecebc59e14-dirty,2,pager,80,24,25,2004,205572,80,24,1341,23,205302,217998,1,116,19099
fc1a1cd2d37a9100a80a496108f693ecebc59e14-dirty,2,pager,80,24,26,2006,193500,80,24,1333,23,193230,216655,1,81,13400
fc1a1cd2d37a9100a80a496108f693ecebc59e14-dirty,2,pager,80,24,27,2045,181269,80,24,1289,23,180999,209451,1,81,13400
fc1a1cd2d37a9100a80a496108f693ecebc59e14-dirty,2,pager,80,24,28,2086,181269,80,24,1308,23,180999,212508,1,144,23661
fc1a1cd2d37a9100a80a496108f693ecebc59e14-dirty,2,pager,80,24,29,2127,181269,80,24,1313,23,180999,213300,1,136,22360
fc1a1cd2d37a9100a80a496108f693ecebc59e14-dirty,2,pager,80,24,30,2168,182064,80,24,1292,23,181794,209882,1,95,15680
fc1a1cd2d37a9100a80a496108f693ecebc59e14-dirty,2,pager,80,24,31,2244,172222,80,24,1234,23,171952,200453,1,95,15685
fc1a1cd2d37a9100a80a496108f693ecebc59e14-dirty,2,pager,80,24,32,2245,173177,80,24,1175,23,172907,190874,1,96,15845
fc1a1cd2d37a9100a80a496108f693ecebc59e14-dirty,2,pager,80,24,33,2325,165717,80,24,1127,23,165447,183130,1,110,18127
fc1a1cd2d37a9100a80a496108f693ecebc59e14-dirty,2,pager,80,24,34,2327,163968,80,24,1081,23,163698,175711,1,82,13562
fc1a1cd2d37a9100a80a496108f693ecebc59e14-dirty,2,pager,80,24,35,2366,154122,80,24,1019,23,153852,165654,1,95,15680
fc1a1cd2d37a9100a80a496108f693ecebc59e14-dirty,2,pager,80,24,36,2443,152532,80,24,958,23,152262,155741,1,82,13562
fc1a1cd2d37a9100a80a496108f693ecebc59e14-dirty,2,pager,80,24,37,2444,143640,80,24,901,23,143370,146467,1,100,16492
fc1a1cd2d37a9100a80a496108f693ecebc59e14-dirty,2,pager,80,24,38,2524,153963,80,24,877,23,153693,142601,1,128,21059
fc1a1cd2d37a9100a80a496108f693ecebc59e14-dirty,2,pager,80,24,39,2526,142050,80,24,849,23,141780,138084,1,82,13562
fc1a1cd2d37a9100a80a496108f693ecebc59e14-dirty,2,pager,80,24,40,2565,143640,80,24,794,23,143370,129201,1,101,16658
fc1a1cd2d37a9100a80a496108f693ecebc59e14-dirty,2,pager,80,24,41,2605,131727,80,24,753,23,131457,122523,1,82,13562
fc1a1cd2d37a9100a80a496108f693ecebc59e14-dirty,2,pager,80,24,42,2686,123630,80,24,725,23,123360,117935,1,101,16655
fc1a1cd2d37a9100a80a496108f693ecebc59e14-dirty,2,pager,80,24,43,2687,123630,80,24,771,23,123360,125378,1,135,22196
fc1a1cd2d37a9100a80a496108f693ecebc59e14-dirty,2,pager,80,24,44,2722,111558,80,24,820,23,111288,133346,1,81,13400
fc1a1cd2d37a9100a80a496108f693ecebc59e14-dirty,2,pager,80,24,45,2803,99327,80,24,786,23,99057,127821,1,81,13400
fc1a1cd2d37a9100a80a496108f693ecebc59e14-dirty,2,pager,80,24,46,2804,99327,80,24,781,23,99057,127022,1,128,21053
fc1a1cd2d37a9100a80a496108f693ecebc59e14-dirty,2,pager,80,24,47,2843,101712,80,24,764,23,101442,124281,1,96,15840
fc1a1cd2d37a9100a80a496108f693ecebc59e14-dirty,2,pager,80,24,48,2884,101394,80,24,760,23,101124,123651,1,105,17311
fc1a1cd2d37a9100a80a496108f693ecebc59e14-dirty,2,pager,80,24,49,2924,113466,80,24,761,23,113196,123841,1,119,19592
fc1a1cd2d37a9100a80a496108f693ecebc59e14-dirty,2,pager,80,24,50,2965,125697,80,24,763,23,125427,124149,1,119,19592
fc1a1cd2d37a9100a80a496108f693ecebc59e14-dirty,2,pager,80,24,51,3006,117123,80,24,726,23,116853,118138,1,99,16332
fc1a1cd2d37a9100a80a496108f693ecebc59e14-dirty,2,pager,80,24,52,3046,108550,80,24,681,23,108280,110832,1,100,16497
fc1a1cd2d37a9100a80a496108f693ecebc59e14-dirty,2,pager,80,24,53,3122,109663,80,24,648,23,109393,105491,1,99,16332
fc1a1cd2d37a9100a80a496108f693ecebc59e14-dirty,2,pager,80,24,54,3124,110931,80,24,634,23,110661,103204,1,99,16332
fc1a1cd2d37a9100a80a496108f693ecebc59e14-dirty,2,pager,80,24,55,3204,112679,80,24,637,23,112409,103689,1,103,16984
fc1a1cd2d37a9100a80a496108f693ecebc59e14-dirty,2,pager,80,24,56,3205,111724,80,24,629,23,111454,102360,1,100,16495
fc1a1cd2d37a9100a80a496108f693ecebc59e14-dirty,2,pager,80,24,57,3285,113155,80,24,621,23,112885,101030,1,89,14703
fc1a1cd2d37a9100a80a496108f693ecebc59e14-dirty,2,pager,80,24,58,3286,111088,80,24,616,23,110818,100228,1,82,13562
fc1a1cd2d37a9100a80a496108f693ecebc59e14-dirty,2,pager,80,24,59,3366,110929,80,24,603,23,110659,98077,1,81,13400
fc1a1cd2d37a9100a80a496108f693ecebc59e14-dirty,2,pager,80,24,60,3367,107590,80,24,585,23,107320,95119,1,81,13400
fc1a1cd2d37a9100a80a496108f693ecebc59e14-dirty,2,pager,80,24,61,3442,107590,80,24,595,23,107320,96766,1,142,23335
fc1a1cd2d37a9100a80a496108f693ecebc59e14-dirty,2,pager,80,24,62,3443,113155,80,24,611,23,112885,99379,1,115,18937
fc1a1cd2d37a9100a80a496108f693ecebc59e14-dirty,2,pager,80,24,63,3483,121891,80,24,665,23,121621,108200,1,152,24974
fc1a1cd2d37a9100a80a496108f693ecebc59e14-dirty,2,pager,80,24,64,3523,122050,80,24,718,23,121780,116831,1,83,13724
fc1a1cd2d37a9100a80a496108f693ecebc59e14-dirty,2,pager,80,24,65,3564,119347,80,24,707,23,119077,115033,1,87,14373
fc1a1cd2d37a9100a80a496108f693ecebc59e14-dirty,2,pager,80,24,66,3645,109660,80,24,672,23,109390,109360,1,96,15843
fc1a1cd2d37a9100a80a496108f693ecebc59e14-dirty,2,pager,80,24,67,3646,109819,80,24,633,23,109549,103058,1,82,13562
fc1a1cd2d37a9100a80a496108f693ecebc59e14-dirty,2,pager,80,24,68,3686,109978,80,24,634,23,109708,103201,1,81,13400
fc1a1cd2d37a9100a80a496108f693ecebc59e14-dirty,2,pager,80,24,69,3726,97747,80,24,587,23,97477,95576,1,81,13400
fc1a1cd2d37a9100a80a496108f693ecebc59e14-dirty,2,pager,80,24,70,3767,107116,80,24,581,23,106846,94622,1,121,19912
fc1a1cd2d37a9100a80a496108f693ecebc59e14-dirty,2,pager,80,24,71,3843,106957,80,24,589,23,106687,95944,1,110,18122
fc1a1cd2d37a9100a80a496108f693ecebc59e14-dirty,2,pager,80,24,72,3844,97429,80,24,581,23,97159,94671,1,97,16006
fc1a1cd2d37a9100a80a496108f693ecebc59e14-dirty,2,pager,80,24,73,3924,88537,80,24,585,23,88267,95326,1,101,16658
fc1a1cd2d37a9100a80a496108f693ecebc59e14-dirty,2,pager,80,24,74,3925,88537,80,24,566,23,88267,92195,1,103,16984
fc1a1cd2d37a9100a80a496108f693ecebc59e14-dirty,2,pager,80,24,75,3964,87900,80,24,550,23,87630,89544,1,99,16332
fc1a1cd2d37a9100a80a496108f693ecebc59e14-dirty,2,pager,80,24,76,4045,87264,80,24,533,23,86994,86721,1,99,16332
fc1a1cd2d37a9100a80a496108f693ecebc59e14-dirty,2,pager,80,24,77,4046,86151,80,24,551,23,85881,89581,1,94,15514
fc1a1cd2d37a9100a80a496108f693ecebc59e14-dirty,2,pager,80,24,78,4085,84564,80,24,552,23,84294,89754,1,99,16335
fc1a1cd2d37a9100a80a496108f693ecebc59e14-dirty,2,pager,80,24,79,4126,82179,80,24,553,23,81909,89916,1,87,14373
fc1a1cd2d37a9100a80a496108f693ecebc59e14-dirty,2,pager,80,24,80,4166,86154,80,24,567,23,85884,92201,1,114,18777
fc1a1cd2d37a9100a80a496108f693ecebc59e14-dirty,2,pager,80,24,81,4206,86154,80,24,592,23,85884,96282,1,82,13562
fc1a1cd2d37a9100a80a496108f693ecebc59e14-dirty,2,pager,80,24,82,4247,86154,80,24,592,23,85884,96283,1,81,13400
fc1a1cd2d37a9100a80a496108f693ecebc59e14-dirty,2,pager,80,24,83,4282,86154,80,24,592,23,85884,96243,1,81,13400
fc1a1cd2d37a9100a80a496108f693ecebc59e14-dirty,2,pager,80,24,84,4363,86154,80,24,602,23,85884,97896,1,152,24965
fc1a1cd2d37a9100a80a496108f693ecebc59e14-dirty,2,pager,80,24,85,4364,81384,80,24,611,23,81114,99397,1,86,14210
fc1a1cd2d37a9100a80a496108f693ecebc59e14-dirty,2,pager,80,24,86,4403,73920,80,24,568,23,73650,92448,1,108,17796
fc1a1cd2d37a9100a80a496108f693ecebc59e14-dirty,2,pager,80,24,87,4444,85677,80,24,567,23,85407,92354,1,152,24974
fc1a1cd2d37a9100a80a496108f693ecebc59e14-dirty,2,pager,80,24,88,4484,84882,80,24,633,23,84612,103117,1,84,13886
fc1a1cd2d37a9100a80a496108f693ecebc59e14-dirty,2,pager,80,24,89,4525,85995,80,24,639,23,85725,104102,1,100,16492
fc1a1cd2d37a9100a80a496108f693ecebc59e14-dirty,2,pager,80,24,90,4565,97911,80,24,667,23,97641,108661,1,122,20084
fc1a1cd2d37a9100a80a496108f693ecebc59e14-dirty,2,pager,80,24,91,4606,99183,80,24,709,23,98913,115485,1,87,14373
fc1a1cd2d37a9100a80a496108f693ecebc59e14-dirty,2,pager,80,24,92,4687,111417,80,24,752,23,111147,122473,1,122,20084
fc1a1cd2d37a9100a80a496108f693ecebc59e14-dirty,2,pager,80,24,93,4688,99504,80,24,753,23,99234,122647,1,82,13562
fc1a1cd2d37a9100a80a496108f693ecebc59e14-dirty,2,pager,80,24,94,4762,94416,80,24,716,23,94146,116628,1,81,13400
fc1a1cd2d37a9100a80a496108f693ecebc59e14-dirty,2,pager,80,24,95,4763,91713,80,24,688,23,91443,112095,1,81,13400
fc1a1cd2d37a9100a80a496108f693ecebc59e14-dirty,2,pager,80,24,96,4844,100605,80,24,731,23,100335,119101,1,130,21379
fc1a1cd2d37a9100a80a496108f693ecebc59e14-dirty,2,pager,80,24,97,4845,101718,80,24,773,23,101448,125875,1,108,17796
fc1a1cd2d37a9100a80a496108f693ecebc59e14-dirty,2,pager,80,24,98,4925,110931,80,24,838,23,110661,136401,1,150,24648
fc1a1cd2d37a9100a80a496108f693ecebc59e14-dirty,2,pager,80,24,99,4926,109341,80,24,905,23,109071,147290,1,87,14373
fc1a1cd2d37a9100a80a496108f693ecebc59e14-dirty,2,pager,80,24,100,4965,112683,80,24,922,23,112413,150013,1,117,19269
fc1a1cd2d37a9100a80a496108f693ecebc59e14-dirty,2,pager,80,24,101,5006,109977,80,24,938,23,109707,152566,1,82,13562
fc1a1cd2d37a9100a80a496108f693ecebc59e14-dirty,2,pager,80,24,102,5047,108705,80,24,919,23,108435,149470,1,81,13400
fc1a1cd2d37a9100a80a496108f693ecebc59e14-dirty,2,pager,80,24,103,5087,102981,80,24,884,23,102711,143761,1,81,13400
fc1a1cd2d37a9100a80a496108f693ecebc59e14-dirty,2,pager,80,24,104,5123,114894,80,24,905,23,114624,147168,1,135,22194
fc1a1cd2d37a9100a80a496108f693ecebc59e14-dirty,2,pager,80,24,105,5204,117120,80,24,957,23,116850,155595,1,93,15351
fc1a1cd2d37a9100a80a496108f693ecebc59e14-dirty,2,pager,80,24,106,5205,129351,80,24,1003,23,129081,163047,1,123,20244
fc1a1cd2d37a9100a80a496108f693ecebc59e14-dirty,2,pager,80,24,107,5246,129351,80,24,974,23,129081,158397,1,121,19919
fc1a1cd2d37a9100a80a496108f693ecebc59e14-dirty,2,pager,80,24,108,5327,128556,80,24,942,23,128286,153261,1,82,13562
fc1a1cd2d37a9100a80a496108f693ecebc59e14-dirty,2,pager,80,24,109,5328,123945,80,24,912,23,123675,148361,1,81,13400
fc1a1cd2d37a9100a80a496108f693ecebc59e14-dirty,2,pager,80,24,110,5403,111711,80,24,840,23,111441,136649,1,81,13400
fc1a1cd2d37a9100a80a496108f693ecebc59e14-dirty,2,pager,80,24,111,5404,123306,80,24,824,23,123036,134042,1,139,22846
fc1a1cd2d37a9100a80a496108f693ecebc59e14-dirty,2,pager,80,24,112,5484,131880,80,24,861,23,131610,140024,1,121,19915
fc1a1cd2d37a9100a80a496108f693ecebc59e14-dirty,2,pager,80,24,113,5486,124416,80,24,858,23,124146,139536,1,108,17796
fc1a1cd2d37a9100a80a496108f693ecebc59e14-dirty,2,pager,80,24,114,5525,135219,80,24,887,23,134949,144273,1,152,24974
fc1a1cd2d37a9100a80a496108f693ecebc59e14-dirty,2,pager,80,24,115,5607,123621,80,24,918,23,123351,149364,1,84,13886
fc1a1cd2d37a9100a80a496108f693ecebc59e14-dirty,2,pager,80,24,116,5608,124734,80,24,886,23,124464,144183,1,87,14373
fc1a1cd2d37a9100a80a496108f693ecebc59e14-dirty,2,pager,80,24,117,5683,136809,80,24,928,23,136539,150976,1,122,20084
fc1a1cd2d37a9100a80a496108f693ecebc59e14-dirty,2,pager,80,24,118,5684,137127,80,24,969,23,136857,157604,1,82,13562
fc1a1cd2d37a9100a80a496108f693ecebc59e14-dirty,2,pager,80,24,119,5724,125055,80,24,921,23,124785,149790,1,81,13400
fc1a1cd2d37a9100a80a496108f693ecebc59e14-dirty,2,pager,80,24,120,5764,120285,80,24,872,23,120015,141817,1,81,13400
fc1a1cd2d37a9100a80a496108f693ecebc59e14-dirty,2,pager,80,24,121,5845,120282,80,24,862,23,120012,140210,1,141,23172
fc1a1cd2d37a9100a80a496108f693ecebc59e14-dirty,2,pager,80,24,122,5846,122985,80,24,850,23,122715,138321,1,101,16655
fc1a1cd2d37a9100a80a496108f693ecebc59e14-dirty,2,pager,80,24,123,5927,118530,80,24,832,23,118260,135422,1,87,14377
fc1a1cd2d37a9100a80a496108f693ecebc59e14-dirty,2,pager,80,24,124,5928,119643,80,24,797,23,119373,129697,1,87,14377
fc1a1cd2d37a9100a80a496108f693ecebc59e14-dirty,2,pager,80,24,125,6003,120915,80,24,797,23,120645,129640,1,87,14377
fc1a1cd2d37a9100a80a496108f693ecebc59e14-dirty,2,pager,80,24,126,6004,122346,80,24,798,23,122076,129763,1,87,14377
fc1a1cd2d37a9100a80a496108f693ecebc59e14-dirty,2,pager,80,24,127,6084,111546,80,24,746,23,111276,121277,1,87,14377
fc1a1cd2d37a9100a80a496108f693ecebc59e14-dirty,2,pager,80,24,128,6085,110751,80,24,701,23,110481,113928,1,88,14539
fc1a1cd2d37a9100a80a496108f693ecebc59e14-dirty,2,pager,80,24,129,6165,99951,80,24,656,23,99681,106635,1,88,14539
fc1a1cd2d37a9100a80a496108f693ecebc59e14-dirty,2,pager,80,24,130,6166,89310,80,24,615,23,89040,99952,1,88,14539
fc1a1cd2d37a9100a80a496108f693ecebc59e14-dirty,2,pager,80,24,131,6205,90582,80,24,576,23,90312,93595,1,88,14539
fc1a1cd2d37a9100a80a496108f693ecebc59e14-dirty,2,pager,80,24,132,6246,92013,80,24,576,23,91743,93596,1,88,14539
fc1a1cd2d37a9100a80a496108f693ecebc59e14-dirty,2,pager,80,24,133,6286,93603,80,24,577,23,93333,93759,1,88,14539
fc1a1cd2d37a9100a80a496108f693ecebc59e14-dirty,2,pager,80,24,134,6326,82962,80,24,520,23,82692,84474,1,88,14539
fc1a1cd2d37a9100a80a496108f693ecebc59e14-dirty,2,pager,80,24,135,6407,72321,80,24,463,23,72051,75191,1,88,14539
fc1a1cd2d37a9100a80a496108f693ecebc59e14-dirty,2,pager,80,24,136,6408,69141,80,24,424,23,68871,68859,1,88,14539
fc1a1cd2d37a9100a80a496108f693ecebc59e14-dirty,2,pager,80,24,137,6482,58338,80,24,353,23,58068,57358,1,88,14539
fc1a1cd2d37a9100a80a496108f693ecebc59e14-dirty,2,pager,80,24,138,6483,59292,80,24,281,23,59022,45699,1,88,14539
fc1a1cd2d37a9100a80a496108f693ecebc59e14-dirty,2,pager,80,24,139,6523,61518,80,24,293,23,61248,47670,1,101,16659
fc1a1cd2d37a9100a80a496108f693ecebc59e14-dirty,2,pager,80,24,140,6563,49761,80,24,271,23,49491,44124,1,83,13724
fc1a1cd2d37a9100a80a496108f693ecebc59e14-dirty,2,pager,80,24,141,6604,53736,80,24,254,23,53466,41383,1,106,17469
fc1a1cd2d37a9100a80a496108f693ecebc59e14-dirty,2,pager,80,24,142,6644,53736,80,24,278,23,53466,45290,1,81,13400
fc1a1cd2d37a9100a80a496108f693ecebc59e14-dirty,2,pager,80,24,143,6684,53736,80,24,278,23,53466,45289,1,81,13400
fc1a1cd2d37a9100a80a496108f693ecebc59e14-dirty,2,pager,80,24,144,6725,53736,80,24,281,23,53466,45837,1,144,23661
fc1a1cd2d37a9100a80a496108f693ecebc59e14-dirty,2,pager,80,24,145,6766,61838,80,24,299,23,61568,48833,1,152,24973
fc1a1cd2d37a9100a80a496108f693ecebc59e14-dirty,2,pager,80,24,146,6806,61362,80,24,353,23,61092,57651,1,85,14049
fc1a1cd2d37a9100a80a496108f693ecebc59e14-dirty,2,pager,80,24,147,6846,63588,80,24,377,23,63318,61557,1,102,16821
fc1a1cd2d37a9100a80a496108f693ecebc59e14-dirty,2,pager,80,24,148,6887,62475,80,24,397,23,62205,64814,1,82,13562
fc1a1cd2d37a9100a80a496108f693ecebc59e14-dirty,2,pager,80,24,149,6927,61998,80,24,400,23,61728,65299,1,86,14210
fc1a1cd2d37a9100a80a496108f693ecebc59e14-dirty,2,pager,80,24,150,6962,60726,80,24,403,23,60456,65784,1,81,13400
fc1a1cd2d37a9100a80a496108f693ecebc59e14-dirty,2,pager,80,24,151,7003,59136,80,24,395,23,58866,64487,1,81,13400
fc1a1cd2d37a9100a80a496108f693ecebc59e14-dirty,2,pager,80,24,152,7043,69936,80,24,443,23,69666,72283,1,130,21379
fc1a1cd2d37a9100a80a496108f693ecebc59e14-dirty,2,pager,80,24,153,7084,80577,80,24,518,23,80307,84480,1,151,24804
fc1a1cd2d37a9100a80a496108f693ecebc59e14-dirty,2,pager,80,24,154,7124,82008,80,24,587,23,81738,95697,1,98,16164
fc1a1cd2d37a9100a80a496108f693ecebc59e14-dirty,2,pager,80,24,155,7164,80577,80,24,603,23,80307,98274,1,81,13400
fc1a1cd2d37a9100a80a496108f693ecebc59e14-dirty,2,pager,80,24,156,7205,78987,80,24,602,23,78717,98112,1,81,13400
fc1a1cd2d37a9100a80a496108f693ecebc59e14-dirty,2,pager,80,24,157,7245,89628,80,24,643,23,89358,104725,1,123,20238
fc1a1cd2d37a9100a80a496108f693ecebc59e14-dirty,2,pager,80,24,158,7286,100269,80,24,690,23,99999,112303,1,127,20892
fc1a1cd2d37a9100a80a496108f693ecebc59e14-dirty,2,pager,80,24,159,7326,98838,80,24,735,23,98568,119559,1,81,13400
fc1a1cd2d37a9100a80a496108f693ecebc59e14-dirty,2,pager,80,24,160,7367,97407,80,24,734,23,97137,119372,1,81,13400
fc1a1cd2d37a9100a80a496108f693ecebc59e14-dirty,2,pager,80,24,161,7408,108048,80,24,777,23,107778,126355,1,126,20727
fc1a1cd2d37a9100a80a496108f693ecebc59e14-dirty,2,pager,80,24,162,7484,109002,80,24,802,23,108732,130440,1,108,17797
fc1a1cd2d37a9100a80a496108f693ecebc59e14-dirty,2,pager,80,24,163,7485,113136,80,24,811,23,112866,131922,1,107,17637
fc1a1cd2d37a9100a80a496108f693ecebc59e14-dirty,2,pager,80,24,164,7524,114090,80,24,795,23,113820,129344,1,111,18289
fc1a1cd2d37a9100a80a496108f693ecebc59e14-dirty,2,pager,80,24,165,7606,126162,80,24,812,23,125892,132098,1,146,23994
fc1a1cd2d37a9100a80a496108f693ecebc59e14-dirty,2,pager,80,24,166,7607,126321,80,24,877,23,126051,142616,1,81,13400
fc1a1cd2d37a9100a80a496108f693ecebc59e14-dirty,2,pager,80,24,167,7646,114090,80,24,814,23,113820,132348,1,81,13400
fc1a1cd2d37a9100a80a496108f693ecebc59e14-dirty,2,pager,80,24,168,7687,114085,80,24,809,23,113815,131587,1,153,25127
fc1a1cd2d37a9100a80a496108f693ecebc59e14-dirty,2,pager,80,24,169,7763,113448,80,24,807,23,113178,131333,1,82,13562
fc1a1cd2d37a9100a80a496108f693ecebc59e14-dirty,2,pager,80,24,170,7764,115833,80,24,816,23,115563,132784,1,115,18937
fc1a1cd2d37a9100a80a496108f693ecebc59e14-dirty,2,pager,80,24,171,7804,117582,80,24,825,23,117312,134223,1,92,15191
fc1a1cd2d37a9100a80a496108f693ecebc59e14-dirty,2,pager,80,24,172,7885,116946,80,24,832,23,116676,135324,1,82,13562
fc1a1cd2d37a9100a80a496108f693ecebc59e14-dirty,2,pager,80,24,173,7886,129018,80,24,894,23,128748,145436,1,149,24479
fc1a1cd2d37a9100a80a496108f693ecebc59e14-dirty,2,pager,80,24,174,7926,129972,80,24,965,23,129702,156956,1,85,14048
fc1a1cd2d37a9100a80a496108f693ecebc59e14-dirty,2,pager,80,24,175,7966,118059,80,24,921,23,117789,149790,1,82,13562
fc1a1cd2d37a9100a80a496108f693ecebc59e14-dirty,2,pager,80,24,176,8007,107259,80,24,850,23,106989,138267,1,87,14373
fc1a1cd2d37a9100a80a496108f693ecebc59e14-dirty,2,pager,80,24,177,8047,107100,80,24,799,23,106830,130019,1,98,16169
fc1a1cd2d37a9100a80a496108f693ecebc59e14-dirty,2,pager,80,24,178,8124,119172,80,24,812,23,118902,132119,1,120,19753
fc1a1cd2d37a9100a80a496108f693ecebc59e14-dirty,2,pager,80,24,179,8125,131403,80,24,851,23,131133,138406,1,118,19426
fc1a1cd2d37a9100a80a496108f693ecebc59e14-dirty,2,pager,80,24,180,8205,131403,80,24,853,23,131133,138778,1,119,19592
fc1a1cd2d37a9100a80a496108f693ecebc59e14-dirty,2,pager,80,24,181,8206,119809,80,24,841,23,119539,136806,1,84,13889
fc1a1cd2d37a9100a80a496108f693ecebc59e14-dirty,2,pager,80,24,182,8246,121081,80,24,801,23,120811,130266,1,87,14377
fc1a1cd2d37a9100a80a496108f693ecebc59e14-dirty,2,pager,80,24,183,8327,121718,80,24,807,23,121448,131210,1,84,13889
fc1a1cd2d37a9100a80a496108f693ecebc59e14-dirty,2,pager,80,24,184,8328,109964,80,24,766,23,109694,124549,1,83,13724
fc1a1cd2d37a9100a80a496108f693ecebc59e14-dirty,2,pager,80,24,185,8403,106307,80,24,724,23,106037,117745,1,86,14213
fc1a1cd2d37a9100a80a496108f693ecebc59e14-dirty,2,pager,80,24,186,8404,103128,80,24,705,23,102858,114613,1,89,14704
fc1a1cd2d37a9100a80a496108f693ecebc59e14-dirty,2,pager,80,24,187,8484,102496,80,24,729,23,102226,118465,1,110,18130
fc1a1cd2d37a9100a80a496108f693ecebc59e14-dirty,2,pager,80,24,188,8485,95195,80,24,717,23,94925,116546,1,112,18453
fc1a1cd2d37a9100a80a496108f693ecebc59e14-dirty,2,pager,80,24,189,8525,99330,80,24,675,23,99060,109762,1,108,17801
fc1a1cd2d37a9100a80a496108f693ecebc59e14-dirty,2,pager,80,24,190,8605,99649,80,24,702,23,99379,114145,1,82,13563
fc1a1cd2d37a9100a80a496108f693ecebc59e14-dirty,2,pager,80,24,191,8606,89804,80,24,643,23,89534,104580,1,95,15682
fc1a1cd2d37a9100a80a496108f693ecebc59e14-dirty,2,pager,80,24,192,8646,89804,80,24,585,23,89534,95168,1,82,13562
fc1a1cd2d37a9100a80a496108f693ecebc59e14-dirty,2,pager,80,24,193,8726,85193,80,24,556,23,84923,90432,1,87,14373
fc1a1cd2d37a9100a80a496108f693ecebc59e14-dirty,2,pager,80,24,194,8727,95357,80,24,581,23,95087,94498,1,134,22037
fc1a1cd2d37a9100a80a496108f693ecebc59e14-dirty,2,pager,80,24,195,8807,95357,80,24,623,23,95087,101349,1,82,13562
fc1a1cd2d37a9100a80a496108f693ecebc59e14-dirty,2,pager,80,24,196,8808,83285,80,24,557,23,83015,90655,1,81,13400
fc1a1cd2d37a9100a80a496108f693ecebc59e14-dirty,2,pager,80,24,197,8847,82331,80,24,486,23,82061,79157,1,81,13400
fc1a1cd2d37a9100a80a496108f693ecebc59e14-dirty,2,pager,80,24,198,8888,94244,80,24,532,23,93974,86653,1,132,21705
fc1a1cd2d37a9100a80a496108f693ecebc59e14-dirty,2,pager,80,24,199,8964,94880,80,24,578,23,94610,94141,1,91,15025
fc1a1cd2d37a9100a80a496108f693ecebc59e14-dirty,2,pager,80,24,200,8965,104249,80,24,618,23,103979,100647,1,137,22526
fc1a1cd2d37a9100a80a496108f693ecebc59e14-dirty,2,pager,80,24,201,9045,104249,80,24,647,23,103979,105376,1,149,24482
fc1a1cd2d37a9100a80a496108f693ecebc59e14-dirty,2,pager,80,24,202,9046,93608,80,24,683,23,93338,111256,1,90,14858
fc1a1cd2d37a9100a80a496108f693ecebc59e14-dirty,2,pager,80,24,203,9085,93608,80,24,688,23,93338,112083,1,122,20082
fc1a1cd2d37a9100a80a496108f693ecebc59e14-dirty,2,pager,80,24,204,9125,93289,80,24,692,23,93019,112759,1,82,13562
fc1a1cd2d37a9100a80a496108f693ecebc59e14-dirty,2,pager,80,24,205,9166,92017,80,24,687,23,91747,111935,1,81,13400
fc1a1cd2d37a9100a80a496108f693ecebc59e14-dirty,2,pager,80,24,206,9206,91380,80,24,681,23,91110,110958,1,81,13400
fc1a1cd2d37a9100a80a496108f693ecebc59e14-dirty,2,pager,80,24,207,9288,103134,80,24,711,23,102864,115790,1,115,18934
fc1a1cd2d37a9100a80a496108f693ecebc59e14-dirty,2,pager,80,24,208,9289,107268,80,24,743,23,106998,120950,1,109,17959
fc1a1cd2d37a9100a80a496108f693ecebc59e14-dirty,2,pager,80,24,209,9328,110288,80,24,762,23,110018,124054,1,108,17799
fc1a1cd2d37a9100a80a496108f693ecebc59e14-dirty,2,pager,80,24,210,9364,110284,80,24,742,23,110014,120823,1,110,18125
fc1a1cd2d37a9100a80a496108f693ecebc59e14-dirty,2,pager,80,24,211,9405,109965,80,24,723,23,109695,117705,1,109,17962
fc1a1cd2d37a9100a80a496108f693ecebc59e14-dirty,2,pager,80,24,212,9445,107420,80,24,725,23,107150,118002,1,89,14702
fc1a1cd2d37a9100a80a496108f693ecebc59e14-dirty,2,pager,80,24,213,9526,107578,80,24,707,23,107308,115032,1,83,13724
fc1a1cd2d37a9100a80a496108f693ecebc59e14-dirty,2,pager,80,24,214,9527,108213,80,24,709,23,107943,115307,1,97,16003
fc1a1cd2d37a9100a80a496108f693ecebc59e14-dirty,2,pager,80,24,215,9566,111870,80,24,722,23,111600,117360,1,105,17310
fc1a1cd2d37a9100a80a496108f693ecebc59e14-dirty,2,pager,80,24,216,9604,114096,80,24,731,23,113826,118788,1,103,16984
fc1a1cd2d37a9100a80a496108f693ecebc59e14-dirty,2,pager,80,24,217,9644,106635,80,24,693,23,106365,112613,1,108,17799
fc1a1cd2d37a9100a80a496108f693ecebc59e14-dirty,2,pager,80,24,218,9726,109974,80,24,657,23,109704,106800,1,102,16821
fc1a1cd2d37a9100a80a496108f693ecebc59e14-dirty,2,pager,80,24,219,9727,113790,80,24,669,23,113520,108759,1,105,17310
fc1a1cd2d37a9100a80a496108f693ecebc59e14-dirty,2,pager,80,24,220,9807,118083,80,24,679,23,117813,110356,1,107,17636
fc1a1cd2d37a9100a80a496108f693ecebc59e14-dirty,2,pager,80,24,221,9808,109986,80,24,632,23,109716,102719,1,107,17636
fc1a1cd2d37a9100a80a496108f693ecebc59e14-dirty,2,pager,80,24,222,9888,112371,80,24,591,23,112101,96066,1,108,17799
fc1a1cd2d37a9100a80a496108f693ecebc59e14-dirty,2,pager,80,24,223,9889,100458,80,24,559,23,100188,90900,1,82,13562
fc1a1cd2d37a9100a80a496108f693ecebc59e14-dirty,2,pager,80,24,224,9928,88386,80,24,501,23,88116,81492,1,81,13400
fc1a1cd2d37a9100a80a496108f693ecebc59e14-dirty,2,pager,80,24,225,9963,86796,80,24,426,23,86526,69326,1,81,13400
fc1a1cd2d37a9100a80a496108f693ecebc59e14-dirty,2,pager,80,24,226,10044,86796,80,24,423,23,86526,68878,1,127,20890
fc1a1cd2d37a9100a80a496108f693ecebc59e14-dirty,2,pager,80,24,227,10045,98709,80,24,455,23,98439,74113,1,147,24154
fc1a1cd2d37a9100a80a496108f693ecebc59e14-dirty,2,pager,80,24,228,10125,101412,80,24,525,23,101142,85489,1,98,16162
fc1a1cd2d37a9100a80a496108f693ecebc59e14-dirty,2,pager,80,24,229,10126,101571,80,24,542,23,101301,88237,1,81,13400
fc1a1cd2d37a9100a80a496108f693ecebc59e14-dirty,2,pager,80,24,230,10165,89340,80,24,508,23,89070,82720,1,81,13400
fc1a1cd2d37a9100a80a496108f693ecebc59e14-dirty,2,pager,80,24,231,10206,96483,80,24,541,23,96213,88118,1,150,24639
fc1a1cd2d37a9100a80a496108f693ecebc59e14-dirty,2,pager,80,24,232,10246,93780,80,24,580,23,93510,94488,1,91,15021
fc1a1cd2d37a9100a80a496108f693ecebc59e14-dirty,2,pager,80,24,233,10287,95052,80,24,604,23,94782,98392,1,113,18611
fc1a1cd2d37a9100a80a496108f693ecebc59e14-dirty,2,pager,80,24,234,10328,96006,80,24,622,23,95736,101333,1,112,18448
fc1a1cd2d37a9100a80a496108f693ecebc59e14-dirty,2,pager,80,24,235,10404,98868,80,24,625,23,98598,101837,1,106,17470
fc1a1cd2d37a9100a80a496108f693ecebc59e14-dirty,2,pager,80,24,236,10405,110622,80,24,654,23,110352,106544,1,119,19589
fc1a1cd2d37a9100a80a496108f693ecebc59e14-dirty,2,pager,80,24,237,10445,119832,80,24,685,23,119562,111611,1,121,19918
fc1a1cd2d37a9100a80a496108f693ecebc59e14-dirty,2,pager,80,24,238,10485,117925,80,24,697,23,117655,113598,1,93,15356
fc1a1cd2d37a9100a80a496108f693ecebc59e14-dirty,2,pager,80,24,239,10566,117449,80,24,701,23,117179,114218,1,101,16660
fc1a1cd2d37a9100a80a496108f693ecebc59e14-dirty,2,pager,80,24,240,10568,116337,80,24,706,23,116067,114977,1,106,17475
fc1a1cd2d37a9100a80a496108f693ecebc59e14-dirty,2,pager,80,24,241,10648,124914,80,24,745,23,124644,121281,1,137,22529
fc1a1cd2d37a9100a80a496108f693ecebc59e14-dirty,2,pager,80,24,242,10649,122370,80,24,790,23,122100,128607,1,87,14373
fc1a1cd2d37a9100a80a496108f693ecebc59e14-dirty,2,pager,80,24,243,10688,119826,80,24,792,23,119556,128938,1,91,15028
fc1a1cd2d37a9100a80a496108f693ecebc59e14-dirty,2,pager,80,24,244,10724,116647,80,24,797,23,116377,129686,1,86,14215
fc1a1cd2d37a9100a80a496108f693ecebc59e14-dirty,2,pager,80,24,245,10805,113150,80,24,790,23,112880,128486,1,86,14215
fc1a1cd2d37a9100a80a496108f693ecebc59e14-dirty,2,pager,80,24,246,10806,113787,80,24,763,23,113517,124079,1,86,14215
fc1a1cd2d37a9100a80a496108f693ecebc59e14-dirty,2,pager,80,24,247,10846,118399,80,24,791,23,118129,128617,1,111,18290
fc1a1cd2d37a9100a80a496108f693ecebc59e14-dirty,2,pager,80,24,248,10887,122693,80,24,805,23,122423,130872,1,108,17801
fc1a1cd2d37a9100a80a496108f693ecebc59e14-dirty,2,pager,80,24,249,10927,114279,80,24,771,23,114009,125347,1,105,17312
fc1a1cd2d37a9100a80a496108f693ecebc59e14-dirty,2,pager,80,24,250,11008,102525,80,24,723,23,102255,117557,1,83,13724
fc1a1cd2d37a9100a80a496108f693ecebc59e14-dirty,2,pager,80,24,251,11009,99981,80,24,654,23,99711,106349,1,82,13562
fc1a1cd2d37a9100a80a496108f693ecebc59e14-dirty,2,pager,80,24,252,11084,99981,80,24,638,23,99711,103748,1,81,13400
fc1a1cd2d37a9100a80a496108f693ecebc59e14-dirty,2,pager,80,24,253,11085,101889,80,24,649,23,101619,105511,1,92,15185
fc1a1cd2d37a9100a80a496108f693ecebc59e14-dirty,2,pager,80,24,254,11124,95382,80,24,607,23,95112,98686,1,116,19097
fc1a1cd2d37a9100a80a496108f693ecebc59e14-dirty,2,pager,80,24,255,11165,95382,80,24,565,23,95112,91859,1,91,15022
fc1a1cd2d37a9100a80a496108f693ecebc59e14-dirty,2,pager,80,24,256,11205,94110,80,24,549,23,93840,89284,1,109,17956
fc1a1cd2d37a9100a80a496108f693ecebc59e14-dirty,2,pager,80,24,257,11245,100776,80,24,552,23,100506,89792,1,123,20238
fc1a1cd2d37a9100a80a496108f693ecebc59e14-dirty,2,pager,80,24,258,11286,96165,80,24,566,23,95895,92091,1,81,13400
fc1a1cd2d37a9100a80a496108f693ecebc59e14-dirty,2,pager,80,24,259,11326,85524,80,24,536,23,85254,87236,1,89,14696
fc1a1cd2d37a9100a80a496108f693ecebc59e14-dirty,2,pager,80,24,260,11366,76155,80,24,506,23,75885,82359,1,96,15838
fc1a1cd2d37a9100a80a496108f693ecebc59e14-dirty,2,pager,80,24,261,11407,76313,80,24,483,23,76043,78628,1,93,15348
fc1a1cd2d37a9100a80a496108f693ecebc59e14-dirty,2,pager,80,24,262,11447,75676,80,24,475,23,75406,77325,1,95,15674
fc1a1cd2d37a9100a80a496108f693ecebc59e14-dirty,2,pager,80,24,263,11487,73290,80,24,463,23,73020,75361,1,87,14372
fc1a1cd2d37a9100a80a496108f693ecebc59e14-dirty,2,pager,80,24,264,11528,62328,80,24,411,23,62058,66933,1,88,14534
fc1a1cd2d37a9100a80a496108f693ecebc59e14-dirty,2,pager,80,24,265,11568,62646,80,24,359,23,62376,58513,1,90,14859
fc1a1cd2d37a9100a80a496108f693ecebc59e14-dirty,2,pager,80,24,266,11604,62964,80,24,355,23,62694,57862,1,93,15348
fc1a1cd2d37a9100a80a496108f693ecebc59e14-dirty,2,pager,80,24,267,11644,64235,80,24,349,23,63965,56868,1,94,15511
fc1a1cd2d37a9100a80a496108f693ecebc59e14-dirty,2,pager,80,24,268,11684,65347,80,24,355,23,65077,57817,1,92,15185
fc1a1cd2d37a9100a80a496108f693ecebc59e14-dirty,2,pager,80,24,269,11725,66936,80,24,367,23,66666,59747,1,96,15837
fc1a1cd2d37a9100a80a496108f693ecebc59e14-dirty,2,pager,80,24,270,11765,62165,80,24,353,23,61895,57453,1,81,13400
fc1a1cd2d37a9100a80a496108f693ecebc59e14-dirty,2,pager,80,24,271,11805,70102,80,24,377,23,69832,61329,1,119,19587
fc1a1cd2d37a9100a80a496108f693ecebc59e14-dirty,2,pager,80,24,272,11846,70578,80,24,391,23,70308,63615,1,106,17468
fc1a1cd2d37a9100a80a496108f693ecebc59e14-dirty,2,pager,80,24,273,11886,73599,80,24,384,23,73329,62484,1,102,16816
fc1a1cd2d37a9100a80a496108f693ecebc59e14-dirty,2,pager,80,24,274,11927,77892,80,24,403,23,77622,65568,1,107,17631
fc1a1cd2d37a9100a80a496108f693ecebc59e14-dirty,2,pager,80,24,275,12007,82662,80,24,422,23,82392,68656,1,112,18446
fc1a1cd2d37a9100a80a496108f693ecebc59e14-dirty,2,pager,80,24,276,12008,80754,80,24,442,23,80484,71918,1,81,13400
fc1a1cd2d37a9100a80a496108f693ecebc59e14-dirty,2,pager,80,24,277,12048,87262,80,24,485,23,86992,78943,1,151,24803
fc1a1cd2d37a9100a80a496108f693ecebc59e14-dirty,2,pager,80,24,278,12129,86150,80,24,528,23,85880,85966,1,84,13887
fc1a1cd2d37a9100a80a496108f693ecebc59e14-dirty,2,pager,80,24,279,12130,93772,80,24,560,23,93502,91188,1,133,21870
fc1a1cd2d37a9100a80a496108f693ecebc59e14-dirty,2,pager,80,24,280,12164,81541,80,24,580,23,81271,94469,1,81,13400
fc1a1cd2d37a9100a80a496108f693ecebc59e14-dirty,2,pager,80,24,281,12205,86470,80,24,564,23,86200,91895,1,107,17631
fc1a1cd2d37a9100a80a496108f693ecebc59e14-dirty,2,pager,80,24,282,12245,97111,80,24,613,23,96841,99878,1,133,21871
fc1a1cd2d37a9100a80a496108f693ecebc59e14-dirty,2,pager,80,24,283,12326,106480,80,24,646,23,106210,105265,1,118,19426
fc1a1cd2d37a9100a80a496108f693ecebc59e14-dirty,2,pager,80,24,284,12328,108070,80,24,668,23,107800,108832,1,105,17306
fc1a1cd2d37a9100a80a496108f693ecebc59e14-dirty,2,pager,80,24,285,12407,117757,80,24,693,23,117487,112890,1,116,19100
fc1a1cd2d37a9100a80a496108f693ecebc59e14-dirty,2,pager,80,24,286,12408,128718,80,24,739,23,128448,120382,1,135,22202
fc1a1cd2d37a9100a80a496108f693ecebc59e14-dirty,2,pager,80,24,287,12448,127764,80,24,789,23,127494,128517,1,82,13562
fc1a1cd2d37a9100a80a496108f693ecebc59e14-dirty,2,pager,80,24,288,12489,138248,80,24,855,23,137978,139263,1,154,25295
fc1a1cd2d37a9100a80a496108f693ecebc59e14-dirty,2,pager,80,24,289,12566,136340,80,24,920,23,136070,149833,1,81,13400
fc1a1cd2d37a9100a80a496108f693ecebc59e14-dirty,2,pager,80,24,290,12567,146345,80,24,988,23,146075,160844,1,152,24968
fc1a1cd2d37a9100a80a496108f693ecebc59e14-dirty,2,pager,80,24,291,12607,144755,80,24,1052,23,144485,171212,1,83,13724
fc1a1cd2d37a9100a80a496108f693ecebc59e14-dirty,2,pager,80,24,292,12689,154442,80,24,1085,23,154172,176549,1,124,20404
fc1a1cd2d37a9100a80a496108f693ecebc59e14-dirty,2,pager,80,24,293,12690,160484,80,24,1115,23,160214,181405,1,119,19588
fc1a1cd2d37a9100a80a496108f693ecebc59e14-dirty,2,pager,80,24,294,12730,160484,80,24,1147,23,160214,186635,1,154,25293
fc1a1cd2d37a9100a80a496108f693ecebc59e14-dirty,2,pager,80,24,295,12765,157622,80,24,1197,23,157352,194744,1,90,14858
fc1a1cd2d37a9100a80a496108f693ecebc59e14-dirty,2,pager,80,24,296,12806,154283,80,24,1188,23,154013,193237,1,81,13400
fc1a1cd2d37a9100a80a496108f693ecebc59e14-dirty,2,pager,80,24,297,12847,149672,80,24,1167,23,149402,189798,1,81,13400
fc1a1cd2d37a9100a80a496108f693ecebc59e14-dirty,2,pager,80,24,298,12928,156974,80,24,1196,23,156704,194502,1,130,21378
fc1a1cd2d37a9100a80a496108f693ecebc59e14-dirty,2,pager,80,24,299,12930,162539,80,24,1217,23,162269,197898,1,116,19099
fc1a1cd2d37a9100a80a496108f693ecebc59e14-dirty,2,pager,80,24,300,12969,155713,80,24,1183,23,155443,192374,1,114,18777
fc1a1cd2d37a9100a80a496108f693ecebc59e14-dirty,2,pager,80,24,301,13010,158097,80,24,1145,23,157827,186185,1,100,16495
fc1a1cd2d37a9100a80a496108f693ecebc59e14-dirty,2,pager,80,24,302,13087,146023,80,24,1112,23,145753,180789,1,81,13400
fc1a1cd2d37a9100a80a496108f693ecebc59e14-dirty,2,pager,80,24,303,13088,146023,80,24,1060,23,145753,172302,1,81,13400
fc1a1cd2d37a9100a80a496108f693ecebc59e14-dirty,2,pager,80,24,304,13168,153325,80,24,1090,23,153055,177144,1,137,22520
fc1a1cd2d37a9100a80a496108f693ecebc59e14-dirty,2,pager,80,24,305,13170,146977,80,24,1091,23,146707,177319,1,114,18774
fc1a1cd2d37a9100a80a496108f693ecebc59e14-dirty,2,pager,80,24,306,13209,146977,80,24,1094,23,146707,177812,1,135,22197
fc1a1cd2d37a9100a80a496108f693ecebc59e14-dirty,2,pager,80,24,307,13286,155392,80,24,1106,23,155122,179740,1,128,21056
fc1a1cd2d37a9100a80a496108f693ecebc59e14-dirty,2,pager,80,24,308,13287,155392,80,24,1115,23,155122,181170,1,129,21219
fc1a1cd2d37a9100a80a496108f693ecebc59e14-dirty,2,pager,80,24,309,13327,155390,80,24,1110,23,155120,180403,1,134,22034
fc1a1cd2d37a9100a80a496108f693ecebc59e14-dirty,2,pager,80,24,310,13367,155072,80,24,1108,23,154802,180129,1,81,13400
fc1a1cd2d37a9100a80a496108f693ecebc59e14-dirty,2,pager,80,24,311,13408,147450,80,24,1061,23,147180,172490,1,107,17633
fc1a1cd2d37a9100a80a496108f693ecebc59e14-dirty,2,pager,80,24,312,13450,151107,80,24,1015,23,150837,165015,1,106,17473
fc1a1cd2d37a9100a80a496108f693ecebc59e14-dirty,2,pager,80,24,313,13485,139194,80,24,969,23,138924,157555,1,82,13562
fc1a1cd2d37a9100a80a496108f693ecebc59e14-dirty,2,pager,80,24,314,13566,138717,80,24,896,23,138447,145704,1,81,13400
fc1a1cd2d37a9100a80a496108f693ecebc59e14-dirty,2,pager,80,24,315,13568,138717,80,24,889,23,138447,144591,1,120,19751
fc1a1cd2d37a9100a80a496108f693ecebc59e14-dirty,2,pager,80,24,316,13608,132834,80,24,883,23,132564,143657,1,81,13400
fc1a1cd2d37a9100a80a496108f693ecebc59e14-dirty,2,pager,80,24,317,13648,120603,80,24,813,23,120333,132266,1,81,13400
fc1a1cd2d37a9100a80a496108f693ecebc59e14-dirty,2,pager,80,24,318,13729,123624,80,24,763,23,123354,124135,1,107,17630
fc1a1cd2d37a9100a80a496108f693ecebc59e14-dirty,2,pager,80,24,319,13730,135696,80,24,802,23,135426,130450,1,130,21381
fc1a1cd2d37a9100a80a496108f693ecebc59e14-dirty,2,pager,80,24,320,13765,135855,80,24,851,23,135585,138381,1,81,13400
fc1a1cd2d37a9100a80a496108f693ecebc59e14-dirty,2,pager,80,24,321,13846,123624,80,24,802,23,123354,130408,1,81,13400
fc1a1cd2d37a9100a80a496108f693ecebc59e14-dirty,2,pager,80,24,322,13848,130290,80,24,822,23,130020,133670,1,153,25128
fc1a1cd2d37a9100a80a496108f693ecebc59e14-dirty,2,pager,80,24,323,13887,124884,80,24,858,23,124614,139519,1,81,13400
fc1a1cd2d37a9100a80a496108f693ecebc59e14-dirty,2,pager,80,24,324,13968,134094,80,24,869,23,133824,141311,1,124,20401
fc1a1cd2d37a9100a80a496108f693ecebc59e14-dirty,2,pager,80,24,325,13970,146166,80,24,897,23,145896,145862,1,123,20241
fc1a1cd2d37a9100a80a496108f693ecebc59e14-dirty,2,pager,80,24,326,14009,147438,80,24,938,23,147168,152516,1,88,14539
fc1a1cd2d37a9100a80a496108f693ecebc59e14-dirty,2,pager,80,24,327,14050,135684,80,24,890,23,135414,144753,1,83,13724
fc1a1cd2d37a9100a80a496108f693ecebc59e14-dirty,2,pager,80,24,328,14086,142032,80,24,883,23,141762,143635,1,133,21870
fc1a1cd2d37a9100a80a496108f693ecebc59e14-dirty,2,pager,80,24,329,14167,142034,80,24,899,23,141764,146254,1,143,23503
fc1a1cd2d37a9100a80a496108f693ecebc59e14-dirty,2,pager,80,24,330,14169,130916,80,24,914,23,130646,148742,1,87,14372
fc1a1cd2d37a9100a80a496108f693ecebc59e14-dirty,2,pager,80,24,331,14208,120116,80,24,879,23,119846,143048,1,88,14535
fc1a1cd2d37a9100a80a496108f693ecebc59e14-dirty,2,pager,80,24,332,14248,109952,80,24,844,23,109682,137342,1,94,15517
fc1a1cd2d37a9100a80a496108f693ecebc59e14-dirty,2,pager,80,24,333,14289,112179,80,24,809,23,111909,131643,1,95,15682
fc1a1cd2d37a9100a80a496108f693ecebc59e14-dirty,2,pager,80,24,334,14329,119799,80,24,836,23,119529,136074,1,134,22039
fc1a1cd2d37a9100a80a496108f693ecebc59e14-dirty,2,pager,80,24,335,14405,116460,80,24,863,23,116190,140433,1,83,13724
fc1a1cd2d37a9100a80a496108f693ecebc59e14-dirty,2,pager,80,24,336,14407,116460,80,24,840,23,116190,136637,1,82,13562
fc1a1cd2d37a9100a80a496108f693ecebc59e14-dirty,2,pager,80,24,337,14446,116619,80,24,841,23,116349,136756,1,81,13400
fc1a1cd2d37a9100a80a496108f693ecebc59e14-dirty,2,pager,80,24,338,14487,104388,80,24,803,23,104118,130558,1,81,13400
fc1a1cd2d37a9100a80a496108f693ecebc59e14-dirty,2,pager,80,24,339,14527,116462,80,24,812,23,116192,132023,1,129,21218
fc1a1cd2d37a9100a80a496108f693ecebc59e14-dirty,2,pager,80,24,340,14609,128693,80,24,863,23,128423,140319,1,124,20404
fc1a1cd2d37a9100a80a496108f693ecebc59e14-dirty,2,pager,80,24,341,14610,127421,80,24,878,23,127151,142744,1,99,16329
fc1a1cd2d37a9100a80a496108f693ecebc59e14-dirty,2,pager,80,24,342,14649,127421,80,24,892,23,127151,145010,1,139,22852
fc1a1cd2d37a9100a80a496108f693ecebc59e14-dirty,2,pager,80,24,343,14726,127898,80,24,904,23,127628,146951,1,84,13886
fc1a1cd2d37a9100a80a496108f693ecebc59e14-dirty,2,pager,80,24,344,14727,129329,80,24,914,23,129059,148567,1,88,14539
fc1a1cd2d37a9100a80a496108f693ecebc59e14-dirty,2,pager,80,24,345,14766,120120,80,24,864,23,119850,140480,1,100,16497
fc1a1cd2d37a9100a80a496108f693ecebc59e14-dirty,2,pager,80,24,346,14847,120438,80,24,811,23,120168,131904,1,82,13562
fc1a1cd2d37a9100a80a496108f693ecebc59e14-dirty,2,pager,80,24,347,14848,108525,80,24,769,23,108255,125056,1,82,13562
fc1a1cd2d37a9100a80a496108f693ecebc59e14-dirty,2,pager,80,24,348,14888,108525,80,24,784,23,108255,127497,1,144,23664
fc1a1cd2d37a9100a80a496108f693ecebc59e14-dirty,2,pager,80,24,349,14969,108684,80,24,806,23,108414,131121,1,88,14535
fc1a1cd2d37a9100a80a496108f693ecebc59e14-dirty,2,pager,80,24,350,14970,110592,80,24,816,23,110322,132756,1,96,15843
fc1a1cd2d37a9100a80a496108f693ecebc59e14-dirty,2,pager,80,24,351,15045,98679,80,24,780,23,98409,126942,1,82,13562
fc1a1cd2d37a9100a80a496108f693ecebc59e14-dirty,2,pager,80,24,352,15046,86605,80,24,713,23,86335,116043,1,81,13400
fc1a1cd2d37a9100a80a496108f693ecebc59e14-dirty,2,pager,80,24,353,15085,97723,80,24,699,23,97453,113775,1,132,21705
fc1a1cd2d37a9100a80a496108f693ecebc59e14-dirty,2,pager,80,24,354,15126,108523,80,24,716,23,108253,116523,1,129,21216
fc1a1cd2d37a9100a80a496108f693ecebc59e14-dirty,2,pager,80,24,355,15167,118687,80,24,725,23,118417,117950,1,124,20401
fc1a1cd2d37a9100a80a496108f693ecebc59e14-dirty,2,pager,80,24,356,15207,128691,80,24,748,23,128421,121657,1,143,23498
fc1a1cd2d37a9100a80a496108f693ecebc59e14-dirty,2,pager,80,24,357,15248,128691,80,24,730,23,128421,118765,1,132,21705
fc1a1cd2d37a9100a80a496108f693ecebc59e14-dirty,2,pager,80,24,358,15289,133302,80,24,703,23,133032,114398,1,115,18934
fc1a1cd2d37a9100a80a496108f693ecebc59e14-dirty,2,pager,80,24,359,15330,145215,80,24,773,23,144945,125786,1,150,24642
fc1a1cd2d37a9100a80a496108f693ecebc59e14-dirty,2,pager,80,24,360,15366,146169,80,24,843,23,145899,137190,1,88,14534
fc1a1cd2d37a9100a80a496108f693ecebc59e14-dirty,2,pager,80,24,361,15447,146487,80,24,850,23,146217,138262,1,82,13562
fc1a1cd2d37a9100a80a496108f693ecebc59e14-dirty,2,pager,80,24,362,15449,139024,80,24,831,23,138754,135149,1,110,18120
fc1a1cd2d37a9100a80a496108f693ecebc59e14-dirty,2,pager,80,24,363,15488,129019,80,24,808,23,128749,131435,1,95,15674
fc1a1cd2d37a9100a80a496108f693ecebc59e14-dirty,2,pager,80,24,364,15529,138070,80,24,839,23,137800,136509,1,150,24641
fc1a1cd2d37a9100a80a496108f693ecebc59e14-dirty,2,pager,80,24,365,15569,127747,80,24,850,23,127477,138358,1,92,15184
fc1a1cd2d37a9100a80a496108f693ecebc59e14-dirty,2,pager,80,24,366,15646,139342,80,24,860,23,139072,139994,1,149,24478
fc1a1cd2d37a9100a80a496108f693ecebc59e14-dirty,2,pager,80,24,367,15647,138229,80,24,919,23,137959,149593,1,82,13562
fc1a1cd2d37a9100a80a496108f693ecebc59e14-dirty,2,pager,80,24,368,15687,136956,80,24,907,23,136686,147627,1,91,15022
fc1a1cd2d37a9100a80a496108f693ecebc59e14-dirty,2,pager,80,24,369,15768,140772,80,24,905,23,140502,147280,1,106,17467
fc1a1cd2d37a9100a80a496108f693ecebc59e14-dirty,2,pager,80,24,370,15770,143793,80,24,920,23,143523,149693,1,102,16815
fc1a1cd2d37a9100a80a496108f693ecebc59e14-dirty,2,pager,80,24,371,15849,131562,80,24,879,23,131292,143041,1,81,13400
fc1a1cd2d37a9100a80a496108f693ecebc59e14-dirty,2,pager,80,24,372,15851,142362,80,24,858,23,142092,139606,1,123,20238
fc1a1cd2d37a9100a80a496108f693ecebc59e14-dirty,2,pager,80,24,373,15890,143952,80,24,871,23,143682,141678,1,106,17467
fc1a1cd2d37a9100a80a496108f693ecebc59e14-dirty,2,pager,80,24,374,15966,143634,80,24,881,23,143364,143310,1,81,13400
fc1a1cd2d37a9100a80a496108f693ecebc59e14-dirty,2,pager,80,24,375,15968,145224,80,24,889,23,144954,144579,1,90,14859
fc1a1cd2d37a9100a80a496108f693ecebc59e14-dirty,2,pager,80,24,376,16008,132993,80,24,847,23,132723,137756,1,81,13400
fc1a1cd2d37a9100a80a496108f693ecebc59e14-dirty,2,pager,80,24,377,16089,126327,80,24,854,23,126057,138842,1,114,18771
fc1a1cd2d37a9100a80a496108f693ecebc59e14-dirty,2,pager,80,24,378,16090,114096,80,24,862,23,113826,140089,1,81,13400
fc1a1cd2d37a9100a80a496108f693ecebc59e14-dirty,2,pager,80,24,379,16129,105204,80,24,839,23,104934,136300,1,98,16163
fc1a1cd2d37a9100a80a496108f693ecebc59e14-dirty,2,pager,80,24,380,16170,98220,80,24,837,23,97950,135931,1,112,18447
fc1a1cd2d37a9100a80a496108f693ecebc59e14-dirty,2,pager,80,24,381,16205,95994,80,24,840,23,95724,136432,1,98,16165
fc1a1cd2d37a9100a80a496108f693ecebc59e14-dirty,2,pager,80,24,382,16286,87897,80,24,792,23,87627,128665,1,105,17306
fc1a1cd2d37a9100a80a496108f693ecebc59e14-dirty,2,pager,80,24,383,16287,89964,80,24,744,23,89694,120899,1,100,16491
fc1a1cd2d37a9100a80a496108f693ecebc59e14-dirty,2,pager,80,24,384,16326,89805,80,24,756,23,89535,122842,1,81,13400
fc1a1cd2d37a9100a80a496108f693ecebc59e14-dirty,2,pager,80,24,385,16367,85035,80,24,727,23,84765,118109,1,81,13400
fc1a1cd2d37a9100a80a496108f693ecebc59e14-dirty,2,pager,80,24,386,16407,85194,80,24,711,23,84924,115497,1,93,15348
fc1a1cd2d37a9100a80a496108f693ecebc59e14-dirty,2,pager,80,24,387,16448,85194,80,24,678,23,84924,110164,1,115,18937
fc1a1cd2d37a9100a80a496108f693ecebc59e14-dirty,2,pager,80,24,388,16488,95517,80,24,648,23,95247,105343,1,120,19755
fc1a1cd2d37a9100a80a496108f693ecebc59e14-dirty,2,pager,80,24,389,16529,86784,80,24,614,23,86514,99873,1,98,16169
fc1a1cd2d37a9100a80a496108f693ecebc59e14-dirty,2,pager,80,24,390,16569,92032,80,24,582,23,91762,94699,1,116,19105
fc1a1cd2d37a9100a80a496108f693ecebc59e14-dirty,2,pager,80,24,391,16610,93146,80,24,605,23,92876,98434,1,100,16497
fc1a1cd2d37a9100a80a496108f693ecebc59e14-dirty,2,pager,80,24,392,16645,89489,80,24,608,23,89219,98922,1,83,13724
fc1a1cd2d37a9100a80a496108f693ecebc59e14-dirty,2,pager,80,24,393,16686,98381,80,24,629,23,98111,102328,1,119,19592
fc1a1cd2d37a9100a80a496108f693ecebc59e14-dirty,2,pager,80,24,394,16767,98381,80,24,645,23,98111,104934,1,81,13400
fc1a1cd2d37a9100a80a496108f693ecebc59e14-dirty,2,pager,80,24,395,16768,87263,80,24,607,23,86993,98765,1,86,14213
fc1a1cd2d37a9100a80a496108f693ecebc59e14-dirty,2,pager,80,24,396,16807,95519,80,24,634,23,95249,103172,1,136,22365
fc1a1cd2d37a9100a80a496108f693ecebc59e14-dirty,2,pager,80,24,397,16888,99336,80,24,663,23,99066,107914,1,105,17312
fc1a1cd2d37a9100a80a496108f693ecebc59e14-dirty,2,pager,80,24,398,16889,99019,80,24,678,23,98749,110377,1,89,14704
fc1a1cd2d37a9100a80a496108f693ecebc59e14-dirty,2,pager,80,24,399,16928,102518,80,24,687,23,102248,111850,1,101,16660
fc1a1cd2d37a9100a80a496108f693ecebc59e14-dirty,2,pager,80,24,400,16969,97271,80,24,674,23,97001,109733,1,82,13562
fc1a1cd2d37a9100a80a496108f693ecebc59e14-dirty,2,pager,80,24,401,17009,97589,80,24,642,23,97319,104514,1,82,13562
fc1a1cd2d37a9100a80a496108f693ecebc59e14-dirty,2,pager,80,24,402,17049,94250,80,24,625,23,93980,101731,1,81,13400
fc1a1cd2d37a9100a80a496108f693ecebc59e14-dirty,2,pager,80,24,403,17090,101234,80,24,630,23,100964,102544,1,119,19589
fc1a1cd2d37a9100a80a496108f693ecebc59e14-dirty,2,pager,80,24,404,17166,101870,80,24,639,23,101600,104008,1,100,16495
fc1a1cd2d37a9100a80a496108f693ecebc59e14-dirty,2,pager,80,24,405,17167,103302,80,24,650,23,103032,105809,1,114,18779
fc1a1cd2d37a9100a80a496108f693ecebc59e14-dirty,2,pager,80,24,406,17206,100440,80,24,660,23,100170,107429,1,82,13562
fc1a1cd2d37a9100a80a496108f693ecebc59e14-dirty,2,pager,80,24,407,17287,112512,80,24,685,23,112242,111491,1,126,20733
fc1a1cd2d37a9100a80a496108f693ecebc59e14-dirty,2,pager,80,24,408,17289,118077,80,24,718,23,117807,116867,1,114,18777
fc1a1cd2d37a9100a80a496108f693ecebc59e14-dirty,2,pager,80,24,409,17328,116010,80,24,739,23,115740,120250,1,82,13562
fc1a1cd2d37a9100a80a496108f693ecebc59e14-dirty,2,pager,80,24,410,17409,103779,80,24,700,23,103509,113887,1,81,13400
fc1a1cd2d37a9100a80a496108f693ecebc59e14-dirty,2,pager,80,24,411,17410,93456,80,24,667,23,93186,108526,1,92,15187
fc1a1cd2d37a9100a80a496108f693ecebc59e14-dirty,2,pager,80,24,412,17449,102189,80,24,667,23,101919,108539,1,117,19263
fc1a1cd2d37a9100a80a496108f693ecebc59e14-dirty,2,pager,80,24,413,17530,101870,80,24,668,23,101600,108716,1,110,18125
fc1a1cd2d37a9100a80a496108f693ecebc59e14-dirty,2,pager,80,24,414,17531,111238,80,24,676,23,110968,110052,1,126,20733
fc1a1cd2d37a9100a80a496108f693ecebc59e14-dirty,2,pager,80,24,415,17607,116008,80,24,698,23,115738,113660,1,113,18614
fc1a1cd2d37a9100a80a496108f693ecebc59e14-dirty,2,pager,80,24,416,17608,105845,80,24,694,23,105575,113008,1,92,15193
fc1a1cd2d37a9100a80a496108f693ecebc59e14-dirty,2,pager,80,24,417,17649,118076,80,24,699,23,117806,113823,1,119,19594
fc1a1cd2d37a9100a80a496108f693ecebc59e14-dirty,2,pager,80,24,418,17731,119826,80,24,735,23,119556,119662,1,100,16497
fc1a1cd2d37a9100a80a496108f693ecebc59e14-dirty,2,pager,80,24,419,17732,119826,80,24,732,23,119556,119200,1,132,21713
fc1a1cd2d37a9100a80a496108f693ecebc59e14-dirty,2,pager,80,24,420,17767,117600,80,24,726,23,117330,118232,1,91,15030
fc1a1cd2d37a9100a80a496108f693ecebc59e14-dirty,2,pager,80,24,421,17807,116646,80,24,713,23,116376,116104,1,83,13726
fc1a1cd2d37a9100a80a496108f693ecebc59e14-dirty,2,pager,80,24,422,17889,114897,80,24,705,23,114627,114785,1,92,15193
fc1a1cd2d37a9100a80a496108f693ecebc59e14-dirty,2,pager,80,24,423,17890,117123,80,24,698,23,116853,113663,1,95,15680
fc1a1cd2d37a9100a80a496108f693ecebc59e14-dirty,2,pager,80,24,424,17930,117760,80,24,710,23,117490,115610,1,86,14215
fc1a1cd2d37a9100a80a496108f693ecebc59e14-dirty,2,pager,80,24,425,18010,123485,80,24,743,23,123215,120953,1,116,19105
fc1a1cd2d37a9100a80a496108f693ecebc59e14-dirty,2,pager,80,24,426,18011,114594,80,24,740,23,114324,120468,1,100,16497
fc1a1cd2d37a9100a80a496108f693ecebc59e14-dirty,2,pager,80,24,427,18046,111414,80,24,720,23,111144,117210,1,82,13562
fc1a1cd2d37a9100a80a496108f693ecebc59e14-dirty,2,pager,80,24,428,18127,106166,80,24,686,23,105896,111661,1,82,13562
fc1a1cd2d37a9100a80a496108f693ecebc59e14-dirty,2,pager,80,24,429,18128,105848,80,24,653,23,105578,106282,1,81,13400
fc1a1cd2d37a9100a80a496108f693ecebc59e14-dirty,2,pager,80,24,430,18167,105848,80,24,663,23,105578,107911,1,136,22360
fc1a1cd2d37a9100a80a496108f693ecebc59e14-dirty,2,pager,80,24,431,18249,112514,80,24,689,23,112244,112140,1,136,22360
fc1a1cd2d37a9100a80a496108f693ecebc59e14-dirty,2,pager,80,24,432,18250,124427,80,24,711,23,124157,115705,1,134,22034
fc1a1cd2d37a9100a80a496108f693ecebc59e14-dirty,2,pager,80,24,433,18330,126335,80,24,764,23,126065,124291,1,92,15187
fc1a1cd2d37a9100a80a496108f693ecebc59e14-dirty,2,pager,80,24,434,18331,136658,80,24,812,23,136388,132114,1,139,22849
fc1a1cd2d37a9100a80a496108f693ecebc59e14-dirty,2,pager,80,24,435,18371,129674,80,24,836,23,129404,136054,1,110,18125
fc1a1cd2d37a9100a80a496108f693ecebc59e14-dirty,2,pager,80,24,436,18447,129674,80,24,805,23,129404,131031,1,110,18125
fc1a1cd2d37a9100a80a496108f693ecebc59e14-dirty,2,pager,80,24,437,18448,119351,80,24,793,23,119081,129101,1,90,14865
fc1a1cd2d37a9100a80a496108f693ecebc59e14-dirty,2,pager,80,24,438,18488,115854,80,24,764,23,115584,124381,1,90,14867
fc1a1cd2d37a9100a80a496108f693ecebc59e14-dirty,2,pager,80,24,439,18528,119511,80,24,764,23,119241,124382,1,118,19431
fc1a1cd2d37a9100a80a496108f693ecebc59e14-dirty,2,pager,80,24,440,18569,119511,80,24,783,23,119241,127502,1,144,23669
fc1a1cd2d37a9100a80a496108f693ecebc59e14-dirty,2,pager,80,24,441,18650,118556,80,24,817,23,118286,133073,1,94,15510
fc1a1cd2d37a9100a80a496108f693ecebc59e14-dirty,2,pager,80,24,442,18651,106643,80,24,775,23,106373,126272,1,82,13562
fc1a1cd2d37a9100a80a496108f693ecebc59e14-dirty,2,pager,80,24,443,18691,107120,80,24,738,23,106850,120234,1,92,15193
fc1a1cd2d37a9100a80a496108f693ecebc59e14-dirty,2,pager,80,24,444,18726,106960,80,24,738,23,106690,120185,1,82,13562
fc1a1cd2d37a9100a80a496108f693ecebc59e14-dirty,2,pager,80,24,445,18808,117441,80,24,790,23,117171,128614,1,144,23667
fc1a1cd2d37a9100a80a496108f693ecebc59e14-dirty,2,pager,80,24,446,18809,118236,80,24,841,23,117966,136887,1,100,16495
fc1a1cd2d37a9100a80a496108f693ecebc59e14-dirty,2,pager,80,24,447,18889,119985,80,24,847,23,119715,137820,1,96,15845
fc1a1cd2d37a9100a80a496108f693ecebc59e14-dirty,2,pager,80,24,448,18890,120144,80,24,848,23,119874,137955,1,116,19105
fc1a1cd2d37a9100a80a496108f693ecebc59e14-dirty,2,pager,80,24,449,18930,120144,80,24,848,23,119874,137982,1,100,16497
fc1a1cd2d37a9100a80a496108f693ecebc59e14-dirty,2,pager,80,24,450,19011,120303,80,24,849,23,120033,138134,1,83,13724
fc1a1cd2d37a9100a80a496108f693ecebc59e14-dirty,2,pager,80,24,451,19012,120303,80,24,850,23,120033,138284,1,82,13562
fc1a1cd2d37a9100a80a496108f693ecebc59e14-dirty,2,pager,80,24,452,19047,120303,80,24,850,23,120033,138251,1,81,13400
fc1a1cd2d37a9100a80a496108f693ecebc59e14-dirty,2,pager,80,24,453,19087,120303,80,24,835,23,120033,135799,1,121,19915
fc1a1cd2d37a9100a80a496108f693ecebc59e14-dirty,2,pager,80,24,454,19168,120303,80,24,826,23,120033,134314,1,128,21059
fc1a1cd2d37a9100a80a496108f693ecebc59e14-dirty,2,pager,80,24,455,19170,108390,80,24,818,23,108120,133051,1,82,13562
fc1a1cd2d37a9100a80a496108f693ecebc59e14-dirty,2,pager,80,24,456,19249,106482,80,24,765,23,106212,124459,1,81,13400
fc1a1cd2d37a9100a80a496108f693ecebc59e14-dirty,2,pager,80,24,457,19251,106482,80,24,756,23,106212,123040,1,131,21545
fc1a1cd2d37a9100a80a496108f693ecebc59e14-dirty,2,pager,80,24,458,19330,101553,80,24,741,23,101283,120597,1,84,13886
fc1a1cd2d37a9100a80a496108f693ecebc59e14-dirty,2,pager,80,24,459,19331,108537,80,24,784,23,108267,127548,1,135,22198
fc1a1cd2d37a9100a80a496108f693ecebc59e14-dirty,2,pager,80,24,460,19366,118860,80,24,808,23,118590,131470,1,132,21708
fc1a1cd2d37a9100a80a496108f693ecebc59e14-dirty,2,pager,80,24,461,19407,129341,80,24,842,23,129071,136991,1,120,19752
fc1a1cd2d37a9100a80a496108f693ecebc59e14-dirty,2,pager,80,24,462,19448,135847,80,24,850,23,135577,138288,1,122,20077
fc1a1cd2d37a9100a80a496108f693ecebc59e14-dirty,2,pager,80,24,463,19488,126796,80,24,830,23,126526,135063,1,100,16495
fc1a1cd2d37a9100a80a496108f693ecebc59e14-dirty,2,pager,80,24,464,19529,125206,80,24,775,23,124936,126177,1,82,13562
fc1a1cd2d37a9100a80a496108f693ecebc59e14-dirty,2,pager,80,24,465,19569,124888,80,24,762,23,124618,124080,1,81,13400
fc1a1cd2d37a9100a80a496108f693ecebc59e14-dirty,2,pager,80,24,466,19610,135051,80,24,819,23,134781,133339,1,150,24642
fc1a1cd2d37a9100a80a496108f693ecebc59e14-dirty,2,pager,80,24,467,19687,136005,80,24,881,23,135735,143397,1,89,14696
fc1a1cd2d37a9100a80a496108f693ecebc59e14-dirty,2,pager,80,24,468,19689,136005,80,24,878,23,135735,142915,1,133,21874
fc1a1cd2d37a9100a80a496108f693ecebc59e14-dirty,2,pager,80,24,469,19768,136324,80,24,866,23,136054,141023,1,106,17475
fc1a1cd2d37a9100a80a496108f693ecebc59e14-dirty,2,pager,80,24,470,19770,137755,80,24,877,23,137485,142788,1,109,17964
fc1a1cd2d37a9100a80a496108f693ecebc59e14-dirty,2,pager,80,24,471,19850,137757,80,24,873,23,137487,142126,1,115,18944
fc1a1cd2d37a9100a80a496108f693ecebc59e14-dirty,2,pager,80,24,472,19851,134895,80,24,875,23,134625,142436,1,84,13889
fc1a1cd2d37a9100a80a496108f693ecebc59e14-dirty,2,pager,80,24,473,19891,134736,80,24,858,23,134466,139633,1,82,13562
fc1a1cd2d37a9100a80a496108f693ecebc59e14-dirty,2,pager,80,24,474,19931,139824,80,24,885,23,139554,143990,1,111,18288
fc1a1cd2d37a9100a80a496108f693ecebc59e14-dirty,2,pager,80,24,475,19967,143163,80,24,914,23,142893,148675,1,99,16332
fc1a1cd2d37a9100a80a496108f693ecebc59e14-dirty,2,pager,80,24,476,20008,143163,80,24,932,23,142893,151610,1,135,22202
fc1a1cd2d37a9100a80a496108f693ecebc59e14-dirty,2,pager,80,24,477,20049,143163,80,24,927,23,142893,150831,1,140,23017
fc1a1cd2d37a9100a80a496108f693ecebc59e14-dirty,2,pager,80,24,478,20090,155076,80,24,923,23,154806,150229,1,140,23017
fc1a1cd2d37a9100a80a496108f693ecebc59e14-dirty,2,pager,80,24,479,20130,167307,80,24,971,23,167037,157986,1,142,23343
fc1a1cd2d37a9100a80a496108f693ecebc59e14-dirty,2,pager,80,24,480,20212,167307,80,24,970,23,167037,157804,1,140,23017
fc1a1cd2d37a9100a80a496108f693ecebc59e14-dirty,2,pager,80,24,481,20213,172714,80,24,971,23,172444,157956,1,113,18616
fc1a1cd2d37a9100a80a496108f693ecebc59e14-dirty,2,pager,80,24,482,20289,164618,80,24,953,23,164348,155021,1,106,17475
fc1a1cd2d37a9100a80a496108f693ecebc59e14-dirty,2,pager,80,24,483,20290,153819,80,24,924,23,153549,150319,1,89,14704
fc1a1cd2d37a9100a80a496108f693ecebc59e14-dirty,2,pager,80,24,484,20329,141907,80,24,885,23,141637,143981,1,82,13563
fc1a1cd2d37a9100a80a496108f693ecebc59e14-dirty,2,pager,80,24,485,20370,129994,80,24,845,23,129724,137471,1,82,13562
fc1a1cd2d37a9100a80a496108f693ecebc59e14-dirty,2,pager,80,24,486,20451,127132,80,24,805,23,126862,130993,1,82,13562
fc1a1cd2d37a9100a80a496108f693ecebc59e14-dirty,2,pager,80,24,487,20452,126814,80,24,786,23,126544,127888,1,81,13400
fc1a1cd2d37a9100a80a496108f693ecebc59e14-dirty,2,pager,80,24,488,20528,139045,80,24,832,23,138775,135352,1,128,21055
fc1a1cd2d37a9100a80a496108f693ecebc59e14-dirty,2,pager,80,24,489,20529,132856,80,24,808,23,132586,131450,1,119,19592
fc1a1cd2d37a9100a80a496108f693ecebc59e14-dirty,2,pager,80,24,490,20568,131902,80,24,773,23,131632,125780,1,82,13562
fc1a1cd2d37a9100a80a496108f693ecebc59e14-dirty,2,pager,80,24,491,20609,119671,80,24,714,23,119401,116188,1,81,13400
fc1a1cd2d37a9100a80a496108f693ecebc59e14-dirty,2,pager,80,24,492,20650,128244,80,24,699,23,127974,113744,1,119,19589
fc1a1cd2d37a9100a80a496108f693ecebc59e14-dirty,2,pager,80,24,493,20691,127130,80,24,705,23,126860,114699,1,96,15843
fc1a1cd2d37a9100a80a496108f693ecebc59e14-dirty,2,pager,80,24,494,20731,122517,80,24,688,23,122247,111907,1,88,14541
fc1a1cd2d37a9100a80a496108f693ecebc59e14-dirty,2,pager,80,24,495,20771,124584,80,24,665,23,124314,108162,1,96,15845
fc1a1cd2d37a9100a80a496108f693ecebc59e14-dirty,2,pager,80,24,496,20848,126811,80,24,661,22,123822,107490,1,96,15845
fc1a1cd2d37a9100a80a496108f693ecebc59e14-dirty,2,pager,80,24,497,20849,133636,80,24,677,22,130647,110121,1,128,21061
fc1a1cd2d37a9100a80a496108f693ecebc59e14-dirty,2,pager,80,24,498,20888,132364,80,24,697,22,129375,113409,1,91,15028
fc1a1cd2d37a9100a80a496108f693ecebc59e14-dirty,2,pager,80,24,499,20929,132364,80,24,683,22,129375,111183,1,122,20083
fc1a1cd2d37a9100a80a496108f693ecebc59e14-dirty,2,pager,80,24,500,20970,120451,80,24,679,22,117462,110575,1,82,13562
fc1a1cd2d37a9100a80a496108f693ecebc59e14-dirty,2,pager,80,24,501,21051,109492,80,24,642,22,106503,104539,1,88,14539
fc1a1cd2d37a9100a80a496108f693ecebc59e14-dirty,2,pager,80,24,502,21052,97579,80,24,601,22,94590,97857,1,82,13562
fc1a1cd2d37a9100a80a496108f693ecebc59e14-dirty,2,pager,80,24,503,21091,85348,80,24,553,22,82359,90042,1,81,13400
fc1a1cd2d37a9100a80a496108f693ecebc59e14-dirty,2,pager,80,24,504,21131,91854,80,24,548,22,88865,89269,1,124,20404
fc1a1cd2d37a9100a80a496108f693ecebc59e14-dirty,2,pager,80,24,505,21167,99950,80,24,563,22,96961,91704,1,124,20407
fc1a1cd2d37a9100a80a496108f693ecebc59e14-dirty,2,pager,80,24,506,21207,110749,80,24,577,22,107760,93974,1,116,19103
fc1a1cd2d37a9100a80a496108f693ecebc59e14-dirty,2,pager,80,24,507,21248,122661,80,24,630,22,119672,102608,1,140,23015
fc1a1cd2d37a9100a80a496108f693ecebc59e14-dirty,2,pager,80,24,508,21330,134574,80,24,695,22,131585,113191,1,148,24319
fc1a1cd2d37a9100a80a496108f693ecebc59e14-dirty,2,pager,80,24,509,21331,134574,80,24,761,22,131586,123950,1,82,13562
fc1a1cd2d37a9100a80a496108f693ecebc59e14-dirty,2,pager,80,24,510,21370,134574,80,24,761,22,131586,123905,1,81,13400
fc1a1cd2d37a9100a80a496108f693ecebc59e14-dirty,2,pager,80,24,511,21411,134574,80,24,768,22,131586,125044,1,135,22197
fc1a1cd2d37a9100a80a496108f693ecebc59e14-dirty,2,pager,80,24,512,21488,140763,80,24,778,22,137775,126676,1,119,19592
fc1a1cd2d37a9100a80a496108f693ecebc59e14-dirty,2,pager,80,24,513,21489,152676,80,24,783,22,149688,127491,1,126,20733
fc1a1cd2d37a9100a80a496108f693ecebc59e14-dirty,2,pager,80,24,514,21569,154107,80,24,827,22,151119,134656,1,88,14539
fc1a1cd2d37a9100a80a496108f693ecebc59e14-dirty,2,pager,80,24,515,21571,142672,80,24,797,22,139684,129799,1,85,14052
fc1a1cd2d37a9100a80a496108f693ecebc59e14-dirty,2,pager,80,24,516,21610,140924,80,24,766,22,137936,124787,1,88,14541
fc1a1cd2d37a9100a80a496108f693ecebc59e14-dirty,2,pager,80,24,517,21692,145694,80,24,789,22,142706,128509,1,117,19268
fc1a1cd2d37a9100a80a496108f693ecebc59e14-dirty,2,pager,80,24,518,21693,147284,80,24,812,22,144296,132224,1,105,17312
fc1a1cd2d37a9100a80a496108f693ecebc59e14-dirty,2,pager,80,24,519,21732,149192,80,24,838,23,148922,136423,1,107,17638
fc1a1cd2d37a9100a80a496108f693ecebc59e14-dirty,2,pager,80,24,520,21809,149192,80,24,847,23,148922,137874,1,135,22202
fc1a1cd2d37a9100a80a496108f693ecebc59e14-dirty,2,pager,80,24,521,21810,159356,80,24,848,23,159086,138022,1,125,20572
fc1a1cd2d37a9100a80a496108f693ecebc59e14-dirty,2,pager,80,24,522,21890,147443,80,24,849,23,147173,138162,1,82,13562
fc1a1cd2d37a9100a80a496108f693ecebc59e14-dirty,2,pager,80,24,523,21892,147443,80,24,809,23,147173,131682,1,82,13562
fc1a1cd2d37a9100a80a496108f693ecebc59e14-dirty,2,pager,80,24,524,21971,146171,80,24,803,23,145901,130658,1,81,13400
fc1a1cd2d37a9100a80a496108f693ecebc59e14-dirty,2,pager,80,24,525,21973,158084,80,24,835,23,157814,135824,1,121,19914
fc1a1cd2d37a9100a80a496108f693ecebc59e14-dirty,2,pager,80,24,526,22049,163331,80,24,878,23,163061,142785,1,110,18125
fc1a1cd2d37a9100a80a496108f693ecebc59e14-dirty,2,pager,80,24,527,22051,153644,80,24,866,23,153374,140831,1,95,15680
fc1a1cd2d37a9100a80a496108f693ecebc59e14-dirty,2,pager,80,24,528,22130,153644,80,24,859,23,153374,139733,1,118,19431
fc1a1cd2d37a9100a80a496108f693ecebc59e14-dirty,2,pager,80,24,529,22132,153644,80,24,868,23,153374,141233,1,128,21061
fc1a1cd2d37a9100a80a496108f693ecebc59e14-dirty,2,pager,80,24,530,22171,141731,80,24,854,23,141461,138975,1,82,13562
fc1a1cd2d37a9100a80a496108f693ecebc59e14-dirty,2,pager,80,24,531,22211,129818,80,24,789,23,129548,128409,1,82,13562
fc1a1cd2d37a9100a80a496108f693ecebc59e14-dirty,2,pager,80,24,532,22252,129500,80,24,722,23,129230,117532,1,81,13400
fc1a1cd2d37a9100a80a496108f693ecebc59e14-dirty,2,pager,80,24,533,22293,141731,80,24,789,23,141461,128395,1,149,24479
fc1a1cd2d37a9100a80a496108f693ecebc59e14-dirty,2,pager,80,24,534,22329,132044,80,24,807,23,131774,131328,1,96,15836
fc1a1cd2d37a9100a80a496108f693ecebc59e14-dirty,2,pager,80,24,535,22369,132044,80,24,801,23,131774,130355,1,121,19918
fc1a1cd2d37a9100a80a496108f693ecebc59e14-dirty,2,pager,80,24,536,22410,125220,80,24,795,23,124950,129417,1,112,18453
fc1a1cd2d37a9100a80a496108f693ecebc59e14-dirty,2,pager,80,24,537,22491,124107,80,24,782,23,123837,127343,1,82,13562
fc1a1cd2d37a9100a80a496108f693ecebc59e14-dirty,2,pager,80,24,538,22492,126332,80,24,790,23,126062,128615,1,97,16006
fc1a1cd2d37a9100a80a496108f693ecebc59e14-dirty,2,pager,80,24,539,22532,137290,80,24,838,23,137020,136399,1,131,21550
fc1a1cd2d37a9100a80a496108f693ecebc59e14-dirty,2,pager,80,24,540,22613,143478,80,24,840,23,143208,136731,1,134,22039
fc1a1cd2d37a9100a80a496108f693ecebc59e14-dirty,2,pager,80,24,541,22615,141729,80,24,845,23,141459,137542,1,96,15845
fc1a1cd2d37a9100a80a496108f693ecebc59e14-dirty,2,pager,80,24,542,22649,139662,80,24,834,23,139392,135727,1,95,15682
fc1a1cd2d37a9100a80a496108f693ecebc59e14-dirty,2,pager,80,24,543,22730,130135,80,24,783,23,129865,127421,1,97,16008
fc1a1cd2d37a9100a80a496108f693ecebc59e14-dirty,2,pager,80,24,544,22732,120767,80,24,737,23,120497,119972,1,98,16171
fc1a1cd2d37a9100a80a496108f693ecebc59e14-dirty,2,pager,80,24,545,22811,123948,80,24,702,23,123678,114312,1,103,16986
fc1a1cd2d37a9100a80a496108f693ecebc59e14-dirty,2,pager,80,24,546,22813,128719,80,24,712,23,128449,115878,1,111,18290
fc1a1cd2d37a9100a80a496108f693ecebc59e14-dirty,2,pager,80,24,547,22893,129037,80,24,742,23,128767,120697,1,82,13562
fc1a1cd2d37a9100a80a496108f693ecebc59e14-dirty,2,pager,80,24,548,22894,117124,80,24,704,23,116854,114498,1,82,13562
fc1a1cd2d37a9100a80a496108f693ecebc59e14-dirty,2,pager,80,24,549,22928,111877,80,24,661,23,111607,107500,1,81,13400
fc1a1cd2d37a9100a80a496108f693ecebc59e14-dirty,2,pager,80,24,550,23009,121564,80,24,698,23,121294,113526,1,149,24479
fc1a1cd2d37a9100a80a496108f693ecebc59e14-dirty,2,pager,80,24,551,23010,109651,80,24,726,23,109381,118111,1,82,13562
fc1a1cd2d37a9100a80a496108f693ecebc59e14-dirty,2,pager,80,24,552,23050,109651,80,24,717,23,109381,116635,1,119,19592
fc1a1cd2d37a9100a80a496108f693ecebc59e14-dirty,2,pager,80,24,553,23131,113468,80,24,705,23,113198,114687,1,99,16334
fc1a1cd2d37a9100a80a496108f693ecebc59e14-dirty,2,pager,80,24,554,23132,114900,80,24,724,23,114630,117746,1,92,15193
fc1a1cd2d37a9100a80a496108f693ecebc59e14-dirty,2,pager,80,24,555,23172,116332,80,24,736,23,116062,119689,1,87,14378
fc1a1cd2d37a9100a80a496108f693ecebc59e14-dirty,2,pager,80,24,556,23213,106169,80,24,683,23,105899,111119,1,94,15519
fc1a1cd2d37a9100a80a496108f693ecebc59e14-dirty,2,pager,80,24,557,23248,104103,80,24,626,23,103833,101904,1,83,13726
fc1a1cd2d37a9100a80a496108f693ecebc59e14-dirty,2,pager,80,24,558,23329,94576,80,24,593,23,94306,96574,1,97,16008
fc1a1cd2d37a9100a80a496108f693ecebc59e14-dirty,2,pager,80,24,559,23330,90919,80,24,570,23,90649,92853,1,90,14867
fc1a1cd2d37a9100a80a496108f693ecebc59e14-dirty,2,pager,80,24,560,23369,91556,80,24,548,23,91286,89269,1,86,14215
fc1a1cd2d37a9100a80a496108f693ecebc59e14-dirty,2,pager,80,24,561,23410,93624,80,24,561,23,93354,91404,1,112,18453
fc1a1cd2d37a9100a80a496108f693ecebc59e14-dirty,2,pager,80,24,562,23450,81871,80,24,540,23,81601,88036,1,83,13726
fc1a1cd2d37a9100a80a496108f693ecebc59e14-dirty,2,pager,80,24,563,23490,70595,80,24,506,23,70325,82465,1,86,14215
fc1a1cd2d37a9100a80a496108f693ecebc59e14-dirty,2,pager,80,24,564,23530,68528,80,24,471,23,68258,76733,1,83,13726
fc1a1cd2d37a9100a80a496108f693ecebc59e14-dirty,2,pager,80,24,565,23571,67573,80,24,462,23,67303,75241,1,87,14377
fc1a1cd2d37a9100a80a496108f693ecebc59e14-dirty,2,pager,80,24,566,23612,68845,80,24,483,23,68575,78631,1,105,17312
fc1a1cd2d37a9100a80a496108f693ecebc59e14-dirty,2,pager,80,24,567,23652,66778,80,24,502,23,66508,81712,1,85,14052
fc1a1cd2d37a9100a80a496108f693ecebc59e14-dirty,2,pager,80,24,568,23692,63597,80,24,497,23,63327,80893,1,82,13562
fc1a1cd2d37a9100a80a496108f693ecebc59e14-dirty,2,pager,80,24,569,23728,58826,80,24,487,23,58556,79258,1,82,13562
fc1a1cd2d37a9100a80a496108f693ecebc59e14-dirty,2,pager,80,24,570,23768,58508,80,24,457,23,58238,74384,1,81,13400
fc1a1cd2d37a9100a80a496108f693ecebc59e14-dirty,2,pager,80,24,571,23808,70421,80,24,498,23,70151,81050,1,124,20404
fc1a1cd2d37a9100a80a496108f693ecebc59e14-dirty,2,pager,80,24,572,23849,82652,80,24,552,23,82382,89834,1,130,21385
fc1a1cd2d37a9100a80a496108f693ecebc59e14-dirty,2,pager,80,24,573,23889,82652,80,24,535,23,82382,87124,1,129,21224
fc1a1cd2d37a9100a80a496108f693ecebc59e14-dirty,2,pager,80,24,574,23930,94565,80,24,511,23,94295,83258,1,132,21713
fc1a1cd2d37a9100a80a496108f693ecebc59e14-dirty,2,pager,80,24,575,23970,94565,80,24,533,23,94295,86853,1,145,23832
fc1a1cd2d37a9100a80a496108f693ecebc59e14-dirty,2,pager,80,24,576,24051,90589,80,24,562,23,90319,91612,1,81,13400
fc1a1cd2d37a9100a80a496108f693ecebc59e14-dirty,2,pager,80,24,577,24052,89157,80,24,543,23,88887,88527,1,82,13562
fc1a1cd2d37a9100a80a496108f693ecebc59e14-dirty,2,pager,80,24,578,24091,88043,80,24,532,23,87773,86739,1,82,13562
fc1a1cd2d37a9100a80a496108f693ecebc59e14-dirty,2,pager,80,24,579,24132,86134,80,24,519,23,85864,84608,1,81,13400
fc1a1cd2d37a9100a80a496108f693ecebc59e14-dirty,2,pager,80,24,580,24212,85656,80,24,505,23,85386,82316,1,81,13400
fc1a1cd2d37a9100a80a496108f693ecebc59e14-dirty,2,pager,80,24,581,24213,95183,80,24,548,23,94913,89327,1,139,22846
fc1a1cd2d37a9100a80a496108f693ecebc59e14-dirty,2,pager,80,24,582,24253,97408,80,24,594,23,97138,96828,1,104,17140
fc1a1cd2d37a9100a80a496108f693ecebc59e14-dirty,2,pager,80,24,583,24329,100269,80,24,608,23,99999,99109,1,102,16815
fc1a1cd2d37a9100a80a496108f693ecebc59e14-dirty,2,pager,80,24,584,24330,99314,80,24,610,23,99044,99411,1,107,17632
fc1a1cd2d37a9100a80a496108f693ecebc59e14-dirty,2,pager,80,24,585,24410,98995,80,24,604,23,98725,98404,1,81,13400
fc1a1cd2d37a9100a80a496108f693ecebc59e14-dirty,2,pager,80,24,586,24411,98040,80,24,600,23,97770,97705,1,81,13400
fc1a1cd2d37a9100a80a496108f693ecebc59e14-dirty,2,pager,80,24,587,24491,101219,80,24,613,23,100949,99777,1,100,16489
fc1a1cd2d37a9100a80a496108f693ecebc59e14-dirty,2,pager,80,24,588,24493,104240,80,24,636,23,103970,103462,1,104,17144
fc1a1cd2d37a9100a80a496108f693ecebc59e14-dirty,2,pager,80,24,589,24532,112495,80,24,658,23,112225,107004,1,125,20570
fc1a1cd2d37a9100a80a496108f693ecebc59e14-dirty,2,pager,80,24,590,24613,112017,80,24,679,23,111747,110446,1,82,13562
fc1a1cd2d37a9100a80a496108f693ecebc59e14-dirty,2,pager,80,24,591,24650,111858,80,24,676,23,111588,109959,1,81,13400
fc1a1cd2d37a9100a80a496108f693ecebc59e14-dirty,2,pager,80,24,592,24651,111540,80,24,675,23,111270,109797,1,81,13400
fc1a1cd2d37a9100a80a496108f693ecebc59e14-dirty,2,pager,80,24,593,24691,123771,80,24,710,23,123501,115494,1,116,19097
fc1a1cd2d37a9100a80a496108f693ecebc59e14-dirty,2,pager,80,24,594,24772,117423,80,24,702,23,117153,114169,1,113,18611
fc1a1cd2d37a9100a80a496108f693ecebc59e14-dirty,2,pager,80,24,595,24773,117423,80,24,687,23,117153,111718,1,115,18940
fc1a1cd2d37a9100a80a496108f693ecebc59e14-dirty,2,pager,80,24,596,24853,117423,80,24,688,23,117153,111908,1,132,21713
fc1a1cd2d37a9100a80a496108f693ecebc59e14-dirty,2,pager,80,24,597,24854,105510,80,24,695,23,105240,113062,1,82,13562
fc1a1cd2d37a9100a80a496108f693ecebc59e14-dirty,2,pager,80,24,598,24893,93597,80,24,636,23,93327,103477,1,82,13562
fc1a1cd2d37a9100a80a496108f693ecebc59e14-dirty,2,pager,80,24,599,24929,93597,80,24,573,23,93327,93271,1,81,13400
fc1a1cd2d37a9100a80a496108f693ecebc59e14-dirty,2,pager,80,24,600,24969,93279,80,24,572,23,93009,93091,1,81,13400
fc1a1cd2d37a9100a80a496108f693ecebc59e14-dirty,2,pager,80,24,601,25050,105192,80,24,619,23,104922,100718,1,129,21216
fc1a1cd2d37a9100a80a496108f693ecebc59e14-dirty,2,pager,80,24,602,25051,117264,80,24,671,23,116994,109142,1,124,20404
fc1a1cd2d37a9100a80a496108f693ecebc59e14-dirty,2,pager,80,24,603,25091,129501,80,24,737,23,129231,119858,1,144,23673
fc1a1cd2d37a9100a80a496108f693ecebc59e14-dirty,2,pager,80,24,604,25131,118701,80,24,744,23,118431,121060,1,87,14373
fc1a1cd2d37a9100a80a496108f693ecebc59e14-dirty,2,pager,80,24,605,25213,118701,80,24,709,23,118431,115421,1,105,17310
fc1a1cd2d37a9100a80a496108f693ecebc59e14-dirty,2,pager,80,24,606,25214,115203,80,24,710,23,114933,115579,1,82,13562
fc1a1cd2d37a9100a80a496108f693ecebc59e14-dirty,2,pager,80,24,607,25289,111228,80,24,681,23,110958,110856,1,81,13400
fc1a1cd2d37a9100a80a496108f693ecebc59e14-dirty,2,pager,80,24,608,25290,111069,80,24,655,23,110799,106611,1,81,13400
fc1a1cd2d37a9100a80a496108f693ecebc59e14-dirty,2,pager,80,24,609,25371,123300,80,24,713,23,123030,116006,1,139,22846
fc1a1cd2d37a9100a80a496108f693ecebc59e14-dirty,2,pager,80,24,610,25372,125685,80,24,755,23,125415,122820,1,118,19425
fc1a1cd2d37a9100a80a496108f693ecebc59e14-dirty,2,pager,80,24,611,25452,133470,80,24,786,23,133200,127911,1,134,22043
fc1a1cd2d37a9100a80a496108f693ecebc59e14-dirty,2,pager,80,24,612,25454,121398,80,24,793,23,121128,129099,1,81,13400
fc1a1cd2d37a9100a80a496108f693ecebc59e14-dirty,2,pager,80,24,613,25534,121080,80,24,749,23,120810,121973,1,81,13400
fc1a1cd2d37a9100a80a496108f693ecebc59e14-dirty,2,pager,80,24,614,25535,133152,80,24,794,23,132882,129254,1,127,20890
fc1a1cd2d37a9100a80a496108f693ecebc59e14-dirty,2,pager,80,24,615,25570,145383,80,24,841,23,145113,136854,1,121,19915
fc1a1cd2d37a9100a80a496108f693ecebc59e14-dirty,2,pager,80,24,616,25651,136968,80,24,845,23,136698,137479,1,105,17310
fc1a1cd2d37a9100a80a496108f693ecebc59e14-dirty,2,pager,80,24,617,25652,89332,80,24,828,24,89395,134596,0,828,134596
fc1a1cd2d37a9100a80a496108f693ecebc59e14-dirty,3,pager,80,24,1,2,89650,80,24,1,1,848,360,0,1,360
fc1a1cd2d37a9100a80a496108f693ecebc59e14-dirty,3,pager,80,24,2,42,89809,80,24,1,1,1007,360,0,1,360
fc1a1cd2d37a9100a80a496108f693ecebc59e14-dirty,3,pager,80,24,3,83,89968,80,24,1,1,1166,360,0,1,360
fc1a1cd2d37a9100a80a496108f693ecebc59e14-dirty,3,pager,80,24,4,123,89968,80,24,1,1,1166,360,0,1,360
fc1a1cd2d37a9100a80a496108f693ecebc59e14-dirty,3,pager,80,24,5,164,89968,80,24,0,0,199,199,0,0,199
fc1a1cd2d37a9100a80a496108f693ecebc59e14-dirty,3,pager,80,24,6,204,90286,80,24,1,1,1484,360,0,1,360
fc1a1cd2d37a9100a80a496108f693ecebc59e14-dirty,3,pager,80,24,7,286,90445,80,24,1,1,1643,360,0,1,360
fc1a1cd2d37a9100a80a496108f693ecebc59e14-dirty,3,pager,80,24,8,287,90605,80,24,1,1,1803,361,0,1,361
fc1a1cd2d37a9100a80a496108f693ecebc59e14-dirty,3,pager,80,24,9,321,90764,80,24,1,1,1962,362,0,1,362
fc1a1cd2d37a9100a80a496108f693ecebc59e14-dirty,3,pager,80,24,10,362,90923,80,24,1,1,2121,362,0,1,362
fc1a1cd2d37a9100a80a496108f693ecebc59e14-dirty,3,pager,80,24,11,403,91082,80,24,1,1,2280,362,0,1,362
fc1a1cd2d37a9100a80a496108f693ecebc59e14-dirty,3,pager,80,24,12,443,91241,80,24,1,1,2439,362,0,1,362
fc1a1cd2d37a9100a80a496108f693ecebc59e14-dirty,3,pager,80,24,13,484,91400,80,24,1,1,2598,362,0,1,362
fc1a1cd2d37a9100a80a496108f693ecebc59e14-dirty,3,pager,80,24,14,524,91559,80,24,1,1,2757,362,0,1,362
fc1a1cd2d37a9100a80a496108f693ecebc59e14-dirty,3,pager,80,24,15,565,91718,80,24,1,1,2916,362,0,1,362
fc1a1cd2d37a9100a80a496108f693ecebc59e14-dirty,3,pager,80,24,16,607,200941,80,24,1217,24,201004,197825,0,1217,197825
fc1a1cd2d37a9100a80a496108f693ecebc59e14-dirty,3,pager,80,24,17,1646,192069,80,24,1516,24,192132,246603,1,113,18607
fc1a1cd2d37a9100a80a496108f693ecebc59e14-dirty,3,pager,80,24,18,1687,192069,80,24,1472,23,191799,239465,1,135,22200
fc1a1cd2d37a9100a80a496108f693ecebc59e14-dirty,3,pager,80,24,19,1723,203982,80,24,1446,23,203712,235248,1,125,20570
fc1a1cd2d37a9100a80a496108f693ecebc59e14-dirty,3,pager,80,24,20,1764,216213,80,24,1450,23,215943,235828,1,125,20570
fc1a1cd2d37a9100a80a496108f693ecebc59e14-dirty,3,pager,80,24,21,1805,216213,80,24,1396,23,215943,227020,1,125,20570
fc1a1cd2d37a9100a80a496108f693ecebc59e14-dirty,3,pager,80,24,22,1887,223833,80,24,1369,23,223563,222615,1,127,20896
fc1a1cd2d37a9100a80a496108f693ecebc59e14-dirty,3,pager,80,24,23,1890,223833,80,24,1352,23,223563,219843,1,143,23504
fc1a1cd2d37a9100a80a496108f693ecebc59e14-dirty,3,pager,80,24,24,1923,212079,80,24,1355,23,211809,220313,1,83,13724
fc1a1cd2d37a9100a80a496108f693ecebc59e14-dirty,3,pager,80,24,25,1964,205572,80,24,1341,23,205302,217998,1,116,19099
fc1a1cd2d37a9100a80a496108f693ecebc59e14-dirty,3,pager,80,24,26,2005,193500,80,24,1333,23,193230,216655,1,81,13400
fc1a1cd2d37a9100a80a496108f693ecebc59e14-dirty,3,pager,80,24,27,2046,181269,80,24,1289,23,180999,209451,1,81,13400
fc1a1cd2d37a9100a80a496108f693ecebc59e14-dirty,3,pager,80,24,28,2128,181269,80,24,1308,23,180999,212508,1,144,23661
fc1a1cd2d37a9100a80a496108f693ecebc59e14-dirty,3,pager,80,24,29,2129,181269,80,24,1313,23,180999,213300,1,136,22360
fc1a1cd2d37a9100a80a496108f693ecebc59e14-dirty,3,pager,80,24,30,2163,182064,80,24,1292,23,181794,209882,1,95,15680
fc1a1cd2d37a9100a80a496108f693ecebc59e14-dirty,3,pager,80,24,31,2204,172222,80,24,1234,23,171952,200453,1,95,15685
fc1a1cd2d37a9100a80a496108f693ecebc59e14-dirty,3,pager,80,24,32,2286,173177,80,24,1175,23,172907,190874,1,96,15845
fc1a1cd2d37a9100a80a496108f693ecebc59e14-dirty,3,pager,80,24,33,2288,165717,80,24,1127,23,165447,183130,1,110,18127
fc1a1cd2d37a9100a80a496108f693ecebc59e14-dirty,3,pager,80,24,34,2367,163968,80,24,1081,23,163698,175711,1,82,13562
fc1a1cd2d37a9100a80a496108f693ecebc59e14-dirty,3,pager,80,24,35,2369,154122,80,24,1019,23,153852,165654,1,95,15680
fc1a1cd2d37a9100a80a496108f693ecebc59e14-dirty,3,pager,80,24,36,2444,152532,80,24,958,23,152262,155741,1,82,13562
fc1a1cd2d37a9100a80a496108f693ecebc59e14-dirty,3,pager,80,24,37,2445,143640,80,24,901,23,143370,146467,1,100,16492
fc1a1cd2d37a9100a80a496108f693ecebc59e14-dirty,3,pager,80,24,38,2485,153963,80,24,877,23,153693,142601,1,128,21059
fc1a1cd2d37a9100a80a496108f693ecebc59e14-dirty,3,pager,80,24,39,2566,142050,80,24,849,23,141780,138084,1,82,13562
fc1a1cd2d37a9100a80a496108f693ecebc59e14-dirty,3,pager,80,24,40,2567,143640,80,24,794,23,143370,129201,1,101,16658
fc1a1cd2d37a9100a80a496108f693ecebc59e14-dirty,3,pager,80,24,41,2607,131727,80,24,753,23,131457,122523,1,82,13562
fc1a1cd2d37a9100a80a496108f693ecebc59e14-dirty,3,pager,80,24,42,2642,123630,80,24,725,23,123360,117935,1,101,16655
fc1a1cd2d37a9100a80a496108f693ecebc59e14-dirty,3,pager,80,24,43,2683,123630,80,24,771,23,123360,125378,1,135,22196
fc1a1cd2d37a9100a80a496108f693ecebc59e14-dirty,3,pager,80,24,44,2723,111558,80,24,820,23,111288,133346,1,81,13400
fc1a1cd2d37a9100a80a496108f693ecebc59e14-dirty,3,pager,80,24,45,2804,99327,80,24,786,23,99057,127821,1,81,13400
fc1a1cd2d37a9100a80a496108f693ecebc59e14-dirty,3,pager,80,24,46,2805,99327,80,24,781,23,99057,127022,1,128,21053
fc1a1cd2d37a9100a80a496108f693ecebc59e14-dirty,3,pager,80,24,47,2885,101712,80,24,764,23,101442,124281,1,96,15840
fc1a1cd2d37a9100a80a496108f693ecebc59e14-dirty,3,pager,80,24,48,2886,101394,80,24,760,23,101124,123651,1,105,17311
fc1a1cd2d37a9100a80a496108f693ecebc59e14-dirty,3,pager,80,24,49,2926,113466,80,24,761,23,113196,123841,1,119,19592
fc1a1cd2d37a9100a80a496108f693ecebc59e14-dirty,3,pager,80,24,50,2966,125697,80,24,763,23,125427,124149,1,119,19592
fc1a1cd2d37a9100a80a496108f693ecebc59e14-dirty,3,pager,80,24,51,3043,117123,80,24,726,23,116853,118138,1,99,16332
fc1a1cd2d37a9100a80a496108f693ecebc59e14-dirty,3,pager,80,24,52,3044,108550,80,24,681,23,108280,110832,1,100,16497
fc1a1cd2d37a9100a80a496108f693ecebc59e14-dirty,3,pager,80,24,53,3124,109663,80,24,648,23,109393,105491,1,99,16332
fc1a1cd2d37a9100a80a496108f693ecebc59e14-dirty,3,pager,80,24,54,3125,110931,80,24,634,23,110661,103204,1,99,16332
fc1a1cd2d37a9100a80a496108f693ecebc59e14-dirty,3,pager,80,24,55,3164,112679,80,24,637,23,112409,103689,1,103,16984
fc1a1cd2d37a9100a80a496108f693ecebc59e14-dirty,3,pager,80,24,56,3247,111724,80,24,629,23,111454,102360,1,100,16495
fc1a1cd2d37a9100a80a496108f693ecebc59e14-dirty,3,pager,80,24,57,3248,113155,80,24,621,23,112885,101030,1,89,14703
fc1a1cd2d37a9100a80a496108f693ecebc59e14-dirty,3,pager,80,24,58,3327,111088,80,24,616,23,110818,100228,1,82,13562
fc1a1cd2d37a9100a80a496108f693ecebc59e14-dirty,3,pager,80,24,59,3328,110929,80,24,603,23,110659,98077,1,81,13400
fc1a1cd2d37a9100a80a496108f693ecebc59e14-dirty,3,pager,80,24,60,3362,107590,80,24,585,23,107320,95119,1,81,13400
fc1a1cd2d37a9100a80a496108f693ecebc59e14-dirty,3,pager,80,24,61,3403,107590,80,24,595,23,107320,96766,1,142,23335
fc1a1cd2d37a9100a80a496108f693ecebc59e14-dirty,3,pager,80,24,62,3484,113155,80,24,611,23,112885,99379,1,115,18937
fc1a1cd2d37a9100a80a496108f693ecebc59e14-dirty,3,pager,80,24,63,3485,121891,80,24,665,23,121621,108200,1,152,24974
fc1a1cd2d37a9100a80a496108f693ecebc59e14-dirty,3,pager,80,24,64,3565,122050,80,24,718,23,121780,116831,1,83,13724
fc1a1cd2d37a9100a80a496108f693ecebc59e14-dirty,3,pager,80,24,65,3566,119347,80,24,707,23,119077,115033,1,87,14373
fc1a1cd2d37a9100a80a496108f693ecebc59e14-dirty,3,pager,80,24,66,3606,109660,80,24,672,23,109390,109360,1,96,15843
fc1a1cd2d37a9100a80a496108f693ecebc59e14-dirty,3,pager,80,24,67,3647,109819,80,24,633,23,109549,103058,1,82,13562
fc1a1cd2d37a9100a80a496108f693ecebc59e14-dirty,3,pager,80,24,68,3687,109978,80,24,634,23,109708,103201,1,81,13400
fc1a1cd2d37a9100a80a496108f693ecebc59e14-dirty,3,pager,80,24,69,3723,97747,80,24,587,23,97477,95576,1,81,13400
fc1a1cd2d37a9100a80a496108f693ecebc59e14-dirty,3,pager,80,24,70,3763,107116,80,24,581,23,106846,94622,1,121,19912
fc1a1cd2d37a9100a80a496108f693ecebc59e14-dirty,3,pager,80,24,71,3804,106957,80,24,589,23,106687,95944,1,110,18122
fc1a1cd2d37a9100a80a496108f693ecebc59e14-dirty,3,pager,80,24,72,3844,97429,80,24,581,23,97159,94671,1,97,16006
fc1a1cd2d37a9100a80a496108f693ecebc59e14-dirty,3,pager,80,24,73,3884,88537,80,24,585,23,88267,95326,1,101,16658
fc1a1cd2d37a9100a80a496108f693ecebc59e14-dirty,3,pager,80,24,74,3925,88537,80,24,566,23,88267,92195,1,103,16984
fc1a1cd2d37a9100a80a496108f693ecebc59e14-dirty,3,pager,80,24,75,3965,87900,80,24,550,23,87630,89544,1,99,16332
fc1a1cd2d37a9100a80a496108f693ecebc59e14-dirty,3,pager,80,24,76,4006,87264,80,24,533,23,86994,86721,1,99,16332
fc1a1cd2d37a9100a80a496108f693ecebc59e14-dirty,3,pager,80,24,77,4046,86151,80,24,551,23,85881,89581,1,94,15514
fc1a1cd2d37a9100a80a496108f693ecebc59e14-dirty,3,pager,80,24,78,4086,84564,80,24,552,23,84294,89754,1,99,16335
fc1a1cd2d37a9100a80a496108f693ecebc59e14-dirty,3,pager,80,24,79,4162,82179,80,24,553,23,81909,89916,1,87,14373
fc1a1cd2d37a9100a80a496108f693ecebc59e14-dirty,3,pager,80,24,80,4163,86154,80,24,567,23,85884,92201,1,114,18777
fc1a1cd2d37a9100a80a496108f693ecebc59e14-dirty,3,pager,80,24,81,4203,86154,80,24,592,23,85884,96282,1,82,13562
fc1a1cd2d37a9100a80a496108f693ecebc59e14-dirty,3,pager,80,24,82,4243,86154,80,24,592,23,85884,96283,1,81,13400
fc1a1cd2d37a9100a80a496108f693ecebc59e14-dirty,3,pager,80,24,83,4283,86154,80,24,592,23,85884,96243,1,81,13400
fc1a1cd2d37a9100a80a496108f693ecebc59e14-dirty,3,pager,80,24,84,4324,86154,80,24,602,23,85884,97896,1,152,24965
fc1a1cd2d37a9100a80a496108f693ecebc59e14-dirty,3,pager,80,24,85,4364,81384,80,24,611,23,81114,99397,1,86,14210
fc1a1cd2d37a9100a80a496108f693ecebc59e14-dirty,3,pager,80,24,86,4404,73920,80,24,568,23,73650,92448,1,108,17796
fc1a1cd2d37a9100a80a496108f693ecebc59e14-dirty,3,pager,80,24,87,4445,85677,80,24,567,23,85407,92354,1,152,24974
fc1a1cd2d37a9100a80a496108f693ecebc59e14-dirty,3,pager,80,24,88,4485,84882,80,24,633,23,84612,103117,1,84,13886
fc1a1cd2d37a9100a80a496108f693ecebc59e14-dirty,3,pager,80,24,89,4526,85995,80,24,639,23,85725,104102,1,100,16492
fc1a1cd2d37a9100a80a496108f693ecebc59e14-dirty,3,pager,80,24,90,4566,97911,80,24,667,23,97641,108661,1,122,20084
fc1a1cd2d37a9100a80a496108f693ecebc59e14-dirty,3,pager,80,24,91,4607,99183,80,24,709,23,98913,115485,1,87,14373
fc1a1cd2d37a9100a80a496108f693ecebc59e14-dirty,3,pager,80,24,92,4683,111417,80,24,752,23,111147,122473,1,122,20084
fc1a1cd2d37a9100a80a496108f693ecebc59e14-dirty,3,pager,80,24,93,4685,99504,80,24,753,23,99234,122647,1,82,13562
fc1a1cd2d37a9100a80a496108f693ecebc59e14-dirty,3,pager,80,24,94,4763,94416,80,24,716,23,94146,116628,1,81,13400
fc1a1cd2d37a9100a80a496108f693ecebc59e14-dirty,3,pager,80,24,95,4764,91713,80,24,688,23,91443,112095,1,81,13400
fc1a1cd2d37a9100a80a496108f693ecebc59e14-dirty,3,pager,80,24,96,4845,100605,80,24,731,23,100335,119101,1,130,21379
fc1a1cd2d37a9100a80a496108f693ecebc59e14-dirty,3,pager,80,24,97,4846,101718,80,24,773,23,101448,125875,1,108,17796
fc1a1cd2d37a9100a80a496108f693ecebc59e14-dirty,3,pager,80,24,98,4885,110931,80,24,838,23,110661,136401,1,150,24648
fc1a1cd2d37a9100a80a496108f693ecebc59e14-dirty,3,pager,80,24,99,4967,109341,80,24,905,23,109071,147290,1,87,14373
fc1a1cd2d37a9100a80a496108f693ecebc59e14-dirty,3,pager,80,24,100,4968,112683,80,24,922,23,112413,150013,1,117,19269
fc1a1cd2d37a9100a80a496108f693ecebc59e14-dirty,3,pager,80,24,101,5043,109977,80,24,938,23,109707,152566,1,82,13562
fc1a1cd2d37a9100a80a496108f693ecebc59e14-dirty,3,pager,80,24,102,5045,108705,80,24,919,23,108435,149470,1,81,13400
fc1a1cd2d37a9100a80a496108f693ecebc59e14-dirty,3,pager,80,24,103,5124,102981,80,24,884,23,102711,143761,1,81,13400
fc1a1cd2d37a9100a80a496108f693ecebc59e14-dirty,3,pager,80,24,104,5125,114894,80,24,905,23,114624,147168,1,135,22194
fc1a1cd2d37a9100a80a496108f693ecebc59e14-dirty,3,pager,80,24,105,5205,117120,80,24,957,23,116850,155595,1,93,15351
fc1a1cd2d37a9100a80a496108f693ecebc59e14-dirty,3,pager,80,24,106,5206,129351,80,24,1003,23,129081,163047,1,123,20244
fc1a1cd2d37a9100a80a496108f693ecebc59e14-dirty,3,pager,80,24,107,5246,129351,80,24,974,23,129081,158397,1,121,19919
fc1a1cd2d37a9100a80a496108f693ecebc59e14-dirty,3,pager,80,24,108,5287,128556,80,24,942,23,128286,153261,1,82,13562
fc1a1cd2d37a9100a80a496108f693ecebc59e14-dirty,3,pager,80,24,109,5327,123945,80,24,912,23,123675,148361,1,81,13400
fc1a1cd2d37a9100a80a496108f693ecebc59e14-dirty,3,pager,80,24,110,5363,111711,80,24,840,23,111441,136649,1,81,13400
fc1a1cd2d37a9100a80a496108f693ecebc59e14-dirty,3,pager,80,24,111,5404,123306,80,24,824,23,123036,134042,1,139,22846
fc1a1cd2d37a9100a80a496108f693ecebc59e14-dirty,3,pager,80,24,112,5445,131880,80,24,861,23,131610,140024,1,121,19915
fc1a1cd2d37a9100a80a496108f693ecebc59e14-dirty,3,pager,80,24,113,5485,124416,80,24,858,23,124146,139536,1,108,17796
fc1a1cd2d37a9100a80a496108f693ecebc59e14-dirty,3,pager,80,24,114,5526,135219,80,24,887,23,134949,144273,1,152,24974
fc1a1cd2d37a9100a80a496108f693ecebc59e14-dirty,3,pager,80,24,115,5607,123621,80,24,918,23,123351,149364,1,84,13886
fc1a1cd2d37a9100a80a496108f693ecebc59e14-dirty,3,pager,80,24,116,5608,124734,80,24,886,23,124464,144183,1,87,14373
fc1a1cd2d37a9100a80a496108f693ecebc59e14-dirty,3,pager,80,24,117,5684,136809,80,24,928,23,136539,150976,1,122,20084
fc1a1cd2d37a9100a80a496108f693ecebc59e14-dirty,3,pager,80,24,118,5685,137127,80,24,969,23,136857,157604,1,82,13562
fc1a1cd2d37a9100a80a496108f693ecebc59e14-dirty,3,pager,80,24,119,5765,125055,80,24,921,23,124785,149790,1,81,13400
fc1a1cd2d37a9100a80a496108f693ecebc59e14-dirty,3,pager,80,24,120,5766,120285,80,24,872,23,120015,141817,1,81,13400
fc1a1cd2d37a9100a80a496108f693ecebc59e14-dirty,3,pager,80,24,121,5846,120282,80,24,862,23,120012,140210,1,141,23172
fc1a1cd2d37a9100a80a496108f693ecebc59e14-dirty,3,pager,80,24,122,5847,122985,80,24,850,23,122715,138321,1,101,16655
fc1a1cd2d37a9100a80a496108f693ecebc59e14-dirty,3,pager,80,24,123,5927,118530,80,24,832,23,118260,135422,1,87,14377
fc1a1cd2d37a9100a80a496108f693ecebc59e14-dirty,3,pager,80,24,124,5928,119643,80,24,797,23,119373,129697,1,87,14377
fc1a1cd2d37a9100a80a496108f693ecebc59e14-dirty,3,pager,80,24,125,5968,120915,80,24,797,23,120645,129640,1,87,14377
fc1a1cd2d37a9100a80a496108f693ecebc59e14-dirty,3,pager,80,24,126,6003,122346,80,24,798,23,122076,129763,1,87,14377
fc1a1cd2d37a9100a80a496108f693ecebc59e14-dirty,3,pager,80,24,127,6044,111546,80,24,746,23,111276,121277,1,87,14377
fc1a1cd2d37a9100a80a496108f693ecebc59e14-dirty,3,pager,80,24,128,6085,110751,80,24,701,23,110481,113928,1,88,14539
fc1a1cd2d37a9100a80a496108f693ecebc59e14-dirty,3,pager,80,24,129,6166,99951,80,24,656,23,99681,106635,1,88,14539
fc1a1cd2d37a9100a80a496108f693ecebc59e14-dirty,3,pager,80,24,130,6167,89310,80,24,615,23,89040,99952,1,88,14539
fc1a1cd2d37a9100a80a496108f693ecebc59e14-dirty,3,pager,80,24,131,6206,90582,80,24,576,23,90312,93595,1,88,14539
fc1a1cd2d37a9100a80a496108f693ecebc59e14-dirty,3,pager,80,24,132,6246,92013,80,24,576,23,91743,93596,1,88,14539
fc1a1cd2d37a9100a80a496108f693ecebc59e14-dirty,3,pager,80,24,133,6287,93603,80,24,577,23,93333,93759,1,88,14539
fc1a1cd2d37a9100a80a496108f693ecebc59e14-dirty,3,pager,80,24,134,6323,82962,80,24,520,23,82692,84474,1,88,14539
fc1a1cd2d37a9100a80a496108f693ecebc59e14-dirty,3,pager,80,24,135,6363,72321,80,24,463,23,72051,75191,1,88,14539
fc1a1cd2d37a9100a80a496108f693ecebc59e14-dirty,3,pager,80,24,136,6404,69141,80,24,424,23,68871,68859,1,88,14539
fc1a1cd2d37a9100a80a496108f693ecebc59e14-dirty,3,pager,80,24,137,6486,58338,80,24,353,23,58068,57358,1,88,14539
fc1a1cd2d37a9100a80a496108f693ecebc59e14-dirty,3,pager,80,24,138,6487,59292,80,24,281,23,59022,45699,1,88,14539
fc1a1cd2d37a9100a80a496108f693ecebc59e14-dirty,3,pager,80,24,139,6526,61518,80,24,293,23,61248,47670,1,101,16659
fc1a1cd2d37a9100a80a496108f693ecebc59e14-dirty,3,pager,80,24,140,6566,49761,80,24,271,23,49491,44124,1,83,13724
fc1a1cd2d37a9100a80a496108f693ecebc59e14-dirty,3,pager,80,24,141,6606,53736,80,24,254,23,53466,41383,1,106,17469
fc1a1cd2d37a9100a80a496108f693ecebc59e14-dirty,3,pager,80,24,142,6646,53736,80,24,278,23,53466,45290,1,81,13400
fc1a1cd2d37a9100a80a496108f693ecebc59e14-dirty,3,pager,80,24,143,6687,53736,80,24,278,23,53466,45289,1,81,13400
fc1a1cd2d37a9100a80a496108f693ecebc59e14-dirty,3,pager,80,24,144,6727,53736,80,24,281,23,53466,45837,1,144,23661
fc1a1cd2d37a9100a80a496108f693ecebc59e14-dirty,3,pager,80,24,145,6762,61838,80,24,299,23,61568,48833,1,152,24973
fc1a1cd2d37a9100a80a496108f693ecebc59e14-dirty,3,pager,80,24,146,6803,61362,80,24,353,23,61092,57651,1,85,14049
fc1a1cd2d37a9100a80a496108f693ecebc59e14-dirty,3,pager,80,24,147,6843,63588,80,24,377,23,63318,61557,1,102,16821
fc1a1cd2d37a9100a80a496108f693ecebc59e14-dirty,3,pager,80,24,148,6883,62475,80,24,397,23,62205,64814,1,82,13562
fc1a1cd2d37a9100a80a496108f693ecebc59e14-dirty,3,pager,80,24,149,6924,61998,80,24,400,23,61728,65299,1,86,14210
fc1a1cd2d37a9100a80a496108f693ecebc59e14-dirty,3,pager,80,24,150,6964,60726,80,24,403,23,60456,65784,1,81,13400
fc1a1cd2d37a9100a80a496108f693ecebc59e14-dirty,3,pager,80,24,151,7004,59136,80,24,395,23,58866,64487,1,81,13400
fc1a1cd2d37a9100a80a496108f693ecebc59e14-dirty,3,pager,80,24,152,7045,69936,80,24,443,23,69666,72283,1,130,21379
fc1a1cd2d37a9100a80a496108f693ecebc59e14-dirty,3,pager,80,24,153,7085,80577,80,24,518,23,80307,84480,1,151,24804
fc1a1cd2d37a9100a80a496108f693ecebc59e14-dirty,3,pager,80,24,154,7126,82008,80,24,587,23,81738,95697,1,98,16164
fc1a1cd2d37a9100a80a496108f693ecebc59e14-dirty,3,pager,80,24,155,7166,80577,80,24,603,23,80307,98274,1,81,13400
fc1a1cd2d37a9100a80a496108f693ecebc59e14-dirty,3,pager,80,24,156,7206,78987,80,24,602,23,78717,98112,1,81,13400
fc1a1cd2d37a9100a80a496108f693ecebc59e14-dirty,3,pager,80,24,157,7283,89628,80,24,643,23,89358,104725,1,123,20238
fc1a1cd2d37a9100a80a496108f693ecebc59e14-dirty,3,pager,80,24,158,7284,100269,80,24,690,23,99999,112303,1,127,20892
fc1a1cd2d37a9100a80a496108f693ecebc59e14-dirty,3,pager,80,24,159,7323,98838,80,24,735,23,98568,119559,1,81,13400
fc1a1cd2d37a9100a80a496108f693ecebc59e14-dirty,3,pager,80,24,160,7404,97407,80,24,734,23,97137,119372,1,81,13400
fc1a1cd2d37a9100a80a496108f693ecebc59e14-dirty,3,pager,80,24,161,7405,108048,80,24,777,23,107778,126355,1,126,20727
fc1a1cd2d37a9100a80a496108f693ecebc59e14-dirty,3,pager,80,24,162,7445,109002,80,24,802,23,108732,130440,1,108,17797
fc1a1cd2d37a9100a80a496108f693ecebc59e14-dirty,3,pager,80,24,163,7486,113136,80,24,811,23,112866,131922,1,107,17637
fc1a1cd2d37a9100a80a496108f693ecebc59e14-dirty,3,pager,80,24,164,7526,114090,80,24,795,23,113820,129344,1,111,18289
fc1a1cd2d37a9100a80a496108f693ecebc59e14-dirty,3,pager,80,24,165,7567,126162,80,24,812,23,125892,132098,1,146,23994
fc1a1cd2d37a9100a80a496108f693ecebc59e14-dirty,3,pager,80,24,166,7608,126321,80,24,877,23,126051,142616,1,81,13400
fc1a1cd2d37a9100a80a496108f693ecebc59e14-dirty,3,pager,80,24,167,7648,114090,80,24,814,23,113820,132348,1,81,13400
fc1a1cd2d37a9100a80a496108f693ecebc59e14-dirty,3,pager,80,24,168,7684,114085,80,24,809,23,113815,131587,1,153,25127
fc1a1cd2d37a9100a80a496108f693ecebc59e14-dirty,3,pager,80,24,169,7765,113448,80,24,807,23,113178,131333,1,82,13562
fc1a1cd2d37a9100a80a496108f693ecebc59e14-dirty,3,pager,80,24,170,7766,115833,80,24,816,23,115563,132784,1,115,18937
fc1a1cd2d37a9100a80a496108f693ecebc59e14-dirty,3,pager,80,24,171,7806,117582,80,24,825,23,117312,134223,1,92,15191
fc1a1cd2d37a9100a80a496108f693ecebc59e14-dirty,3,pager,80,24,172,7846,116946,80,24,832,23,116676,135324,1,82,13562
fc1a1cd2d37a9100a80a496108f693ecebc59e14-dirty,3,pager,80,24,173,7887,129018,80,24,894,23,128748,145436,1,149,24479
fc1a1cd2d37a9100a80a496108f693ecebc59e14-dirty,3,pager,80,24,174,7928,129972,80,24,965,23,129702,156956,1,85,14048
fc1a1cd2d37a9100a80a496108f693ecebc59e14-dirty,3,pager,80,24,175,7968,118059,80,24,921,23,117789,149790,1,82,13562
fc1a1cd2d37a9100a80a496108f693ecebc59e14-dirty,3,pager,80,24,176,8004,107259,80,24,850,23,106989,138267,1,87,14373
fc1a1cd2d37a9100a80a496108f693ecebc59e14-dirty,3,pager,80,24,177,8044,107100,80,24,799,23,106830,130019,1,98,16169
fc1a1cd2d37a9100a80a496108f693ecebc59e14-dirty,3,pager,80,24,178,8125,119172,80,24,812,23,118902,132119,1,120,19753
fc1a1cd2d37a9100a80a496108f693ecebc59e14-dirty,3,pager,80,24,179,8126,131403,80,24,851,23,131133,138406,1,118,19426
fc1a1cd2d37a9100a80a496108f693ecebc59e14-dirty,3,pager,80,24,180,8167,131403,80,24,853,23,131133,138778,1,119,19592
fc1a1cd2d37a9100a80a496108f693ecebc59e14-dirty,3,pager,80,24,181,8207,119809,80,24,841,23,119539,136806,1,84,13889
fc1a1cd2d37a9100a80a496108f693ecebc59e14-dirty,3,pager,80,24,182,8289,121081,80,24,801,23,120811,130266,1,87,14377
fc1a1cd2d37a9100a80a496108f693ecebc59e14-dirty,3,pager,80,24,183,8290,121718,80,24,807,23,121448,131210,1,84,13889
fc1a1cd2d37a9100a80a496108f693ecebc59e14-dirty,3,pager,80,24,184,8324,109964,80,24,766,23,109694,124549,1,83,13724
fc1a1cd2d37a9100a80a496108f693ecebc59e14-dirty,3,pager,80,24,185,8365,106307,80,24,724,23,106037,117745,1,86,14213
fc1a1cd2d37a9100a80a496108f693ecebc59e14-dirty,3,pager,80,24,186,8445,103128,80,24,705,23,102858,114613,1,89,14704
fc1a1cd2d37a9100a80a496108f693ecebc59e14-dirty,3,pager,80,24,187,8446,102496,80,24,729,23,102226,118465,1,110,18130
fc1a1cd2d37a9100a80a496108f693ecebc59e14-dirty,3,pager,80,24,188,8526,95195,80,24,717,23,94925,116546,1,112,18453
fc1a1cd2d37a9100a80a496108f693ecebc59e14-dirty,3,pager,80,24,189,8527,99330,80,24,675,23,99060,109762,1,108,17801
fc1a1cd2d37a9100a80a496108f693ecebc59e14-dirty,3,pager,80,24,190,8607,99649,80,24,702,23,99379,114145,1,82,13563
fc1a1cd2d37a9100a80a496108f693ecebc59e14-dirty,3,pager,80,24,191,8608,89804,80,24,643,23,89534,104580,1,95,15682
fc1a1cd2d37a9100a80a496108f693ecebc59e14-dirty,3,pager,80,24,192,8647,89804,80,24,585,23,89534,95168,1,82,13562
fc1a1cd2d37a9100a80a496108f693ecebc59e14-dirty,3,pager,80,24,193,8688,85193,80,24,556,23,84923,90432,1,87,14373
fc1a1cd2d37a9100a80a496108f693ecebc59e14-dirty,3,pager,80,24,194,8763,95357,80,24,581,23,95087,94498,1,134,22037
fc1a1cd2d37a9100a80a496108f693ecebc59e14-dirty,3,pager,80,24,195,8764,95357,80,24,623,23,95087,101349,1,82,13562
fc1a1cd2d37a9100a80a496108f693ecebc59e14-dirty,3,pager,80,24,196,8804,83285,80,24,557,23,83015,90655,1,81,13400
fc1a1cd2d37a9100a80a496108f693ecebc59e14-dirty,3,pager,80,24,197,8844,82331,80,24,486,23,82061,79157,1,81,13400
fc1a1cd2d37a9100a80a496108f693ecebc59e14-dirty,3,pager,80,24,198,8884,94244,80,24,532,23,93974,86653,1,132,21705
fc1a1cd2d37a9100a80a496108f693ecebc59e14-dirty,3,pager,80,24,199,8965,94880,80,24,578,23,94610,94141,1,91,15025
fc1a1cd2d37a9100a80a496108f693ecebc59e14-dirty,3,pager,80,24,200,8966,104249,80,24,618,23,103979,100647,1,137,22526
fc1a1cd2d37a9100a80a496108f693ecebc59e14-dirty,3,pager,80,24,201,9046,104249,80,24,647,23,103979,105376,1,149,24482
fc1a1cd2d37a9100a80a496108f693ecebc59e14-dirty,3,pager,80,24,202,9047,93608,80,24,683,23,93338,111256,1,90,14858
fc1a1cd2d37a9100a80a496108f693ecebc59e14-dirty,3,pager,80,24,203,9087,93608,80,24,688,23,93338,112083,1,122,20082
fc1a1cd2d37a9100a80a496108f693ecebc59e14-dirty,3,pager,80,24,204,9167,93289,80,24,692,23,93019,112759,1,82,13562
fc1a1cd2d37a9100a80a496108f693ecebc59e14-dirty,3,pager,80,24,205,9168,92017,80,24,687,23,91747,111935,1,81,13400
fc1a1cd2d37a9100a80a496108f693ecebc59e14-dirty,3,pager,80,24,206,9208,91380,80,24,681,23,91110,110958,1,81,13400
fc1a1cd2d37a9100a80a496108f693ecebc59e14-dirty,3,pager,80,24,207,9284,103134,80,24,711,23,102864,115790,1,115,18934
fc1a1cd2d37a9100a80a496108f693ecebc59e14-dirty,3,pager,80,24,208,9285,107268,80,24,743,23,106998,120950,1,109,17959
fc1a1cd2d37a9100a80a496108f693ecebc59e14-dirty,3,pager,80,24,209,9325,110288,80,24,762,23,110018,124054,1,108,17799
fc1a1cd2d37a9100a80a496108f693ecebc59e14-dirty,3,pager,80,24,210,9406,110284,80,24,742,23,110014,120823,1,110,18125
fc1a1cd2d37a9100a80a496108f693ecebc59e14-dirty,3,pager,80,24,211,9408,109965,80,24,723,23,109695,117705,1,109,17962
fc1a1cd2d37a9100a80a496108f693ecebc59e14-dirty,3,pager,80,24,212,9448,107420,80,24,725,23,107150,118002,1,89,14702
fc1a1cd2d37a9100a80a496108f693ecebc59e14-dirty,3,pager,80,24,213,9529,107578,80,24,707,23,107308,115032,1,83,13724
fc1a1cd2d37a9100a80a496108f693ecebc59e14-dirty,3,pager,80,24,214,9530,108213,80,24,709,23,107943,115307,1,97,16003
fc1a1cd2d37a9100a80a496108f693ecebc59e14-dirty,3,pager,80,24,215,9564,111870,80,24,722,23,111600,117360,1,105,17310
fc1a1cd2d37a9100a80a496108f693ecebc59e14-dirty,3,pager,80,24,216,9645,114096,80,24,731,23,113826,118788,1,103,16984
fc1a1cd2d37a9100a80a496108f693ecebc59e14-dirty,3,pager,80,24,217,9646,106635,80,24,693,23,106365,112613,1,108,17799
fc1a1cd2d37a9100a80a496108f693ecebc59e14-dirty,3,pager,80,24,218,9686,109974,80,24,657,23,109704,106800,1,102,16821
fc1a1cd2d37a9100a80a496108f693ecebc59e14-dirty,3,pager,80,24,219,9727,113790,80,24,669,23,113520,108759,1,105,17310
fc1a1cd2d37a9100a80a496108f693ecebc59e14-dirty,3,pager,80,24,220,9767,118083,80,24,679,23,117813,110356,1,107,17636
fc1a1cd2d37a9100a80a496108f693ecebc59e14-dirty,3,pager,80,24,221,9808,109986,80,24,632,23,109716,102719,1,107,17636
fc1a1cd2d37a9100a80a496108f693ecebc59e14-dirty,3,pager,80,24,222,9884,112371,80,24,591,23,112101,96066,1,108,17799
fc1a1cd2d37a9100a80a496108f693ecebc59e14-dirty,3,pager,80,24,223,9885,100458,80,24,559,23,100188,90900,1,82,13562
fc1a1cd2d37a9100a80a496108f693ecebc59e14-dirty,3,pager,80,24,224,9924,88386,80,24,501,23,88116,81492,1,81,13400
fc1a1cd2d37a9100a80a496108f693ecebc59e14-dirty,3,pager,80,24,225,9964,86796,80,24,426,23,86526,69326,1,81,13400
fc1a1cd2d37a9100a80a496108f693ecebc59e14-dirty,3,pager,80,24,226,10005,86796,80,24,423,23,86526,68878,1,127,20890
fc1a1cd2d37a9100a80a496108f693ecebc59e14-dirty,3,pager,80,24,227,10086,98709,80,24,455,23,98439,74113,1,147,24154
fc1a1cd2d37a9100a80a496108f693ecebc59e14-dirty,3,pager,80,24,228,10087,101412,80,24,525,23,101142,85489,1,98,16162
fc1a1cd2d37a9100a80a496108f693ecebc59e14-dirty,3,pager,80,24,229,10126,101571,80,24,542,23,101301,88237,1,81,13400
fc1a1cd2d37a9100a80a496108f693ecebc59e14-dirty,3,pager,80,24,230,10167,89340,80,24,508,23,89070,82720,1,81,13400
fc1a1cd2d37a9100a80a496108f693ecebc59e14-dirty,3,pager,80,24,231,10207,96483,80,24,541,23,96213,88118,1,150,24639
fc1a1cd2d37a9100a80a496108f693ecebc59e14-dirty,3,pager,80,24,232,10247,93780,80,24,580,23,93510,94488,1,91,15021
fc1a1cd2d37a9100a80a496108f693ecebc59e14-dirty,3,pager,80,24,233,10284,95052,80,24,604,23,94782,98392,1,113,18611
fc1a1cd2d37a9100a80a496108f693ecebc59e14-dirty,3,pager,80,24,234,10365,96006,80,24,622,23,95736,101333,1,112,18448
fc1a1cd2d37a9100a80a496108f693ecebc59e14-dirty,3,pager,80,24,235,10366,98868,80,24,625,23,98598,101837,1,106,17470
fc1a1cd2d37a9100a80a496108f693ecebc59e14-dirty,3,pager,80,24,236,10406,110622,80,24,654,23,110352,106544,1,119,19589
fc1a1cd2d37a9100a80a496108f693ecebc59e14-dirty,3,pager,80,24,237,10487,119832,80,24,685,23,119562,111611,1,121,19918
fc1a1cd2d37a9100a80a496108f693ecebc59e14-dirty,3,pager,80,24,238,10488,117925,80,24,697,23,117655,113598,1,93,15356
fc1a1cd2d37a9100a80a496108f693ecebc59e14-dirty,3,pager,80,24,239,10528,117449,80,24,701,23,117179,114218,1,101,16660
fc1a1cd2d37a9100a80a496108f693ecebc59e14-dirty,3,pager,80,24,240,10605,116337,80,24,706,23,116067,114977,1,106,17475
fc1a1cd2d37a9100a80a496108f693ecebc59e14-dirty,3,pager,80,24,241,10606,124914,80,24,745,23,124644,121281,1,137,22529
fc1a1cd2d37a9100a80a496108f693ecebc59e14-dirty,3,pager,80,24,242,10646,122370,80,24,790,23,122100,128607,1,87,14373
fc1a1cd2d37a9100a80a496108f693ecebc59e14-dirty,3,pager,80,24,243,10727,119826,80,24,792,23,119556,128938,1,91,15028
fc1a1cd2d37a9100a80a496108f693ecebc59e14-dirty,3,pager,80,24,244,10728,116647,80,24,797,23,116377,129686,1,86,14215
fc1a1cd2d37a9100a80a496108f693ecebc59e14-dirty,3,pager,80,24,245,10767,113150,80,24,790,23,112880,128486,1,86,14215
fc1a1cd2d37a9100a80a496108f693ecebc59e14-dirty,3,pager,80,24,246,10808,113787,80,24,763,23,113517,124079,1,86,14215
fc1a1cd2d37a9100a80a496108f693ecebc59e14-dirty,3,pager,80,24,247,10849,118399,80,24,791,23,118129,128617,1,111,18290
fc1a1cd2d37a9100a80a496108f693ecebc59e14-dirty,3,pager,80,24,248,10925,122693,80,24,805,23,122423,130872,1,108,17801
fc1a1cd2d37a9100a80a496108f693ecebc59e14-dirty,3,pager,80,24,249,10926,114279,80,24,771,23,114009,125347,1,105,17312
fc1a1cd2d37a9100a80a496108f693ecebc59e14-dirty,3,pager,80,24,250,11006,102525,80,24,723,23,102255,117557,1,83,13724
fc1a1cd2d37a9100a80a496108f693ecebc59e14-dirty,3,pager,80,24,251,11007,99981,80,24,654,23,99711,106349,1,82,13562
fc1a1cd2d37a9100a80a496108f693ecebc59e14-dirty,3,pager,80,24,252,11046,99981,80,24,638,23,99711,103748,1,81,13400
fc1a1cd2d37a9100a80a496108f693ecebc59e14-dirty,3,pager,80,24,253,11087,101889,80,24,649,23,101619,105511,1,92,15185
fc1a1cd2d37a9100a80a496108f693ecebc59e14-dirty,3,pager,80,24,254,11127,95382,80,24,607,23,95112,98686,1,116,19097
fc1a1cd2d37a9100a80a496108f693ecebc59e14-dirty,3,pager,80,24,255,11167,95382,80,24,565,23,95112,91859,1,91,15022
fc1a1cd2d37a9100a80a496108f693ecebc59e14-dirty,3,pager,80,24,256,11248,94110,80,24,549,23,93840,89284,1,109,17956
fc1a1cd2d37a9100a80a496108f693ecebc59e14-dirty,3,pager,80,24,257,11249,100776,80,24,552,23,100506,89792,1,123,20238
fc1a1cd2d37a9100a80a496108f693ecebc59e14-dirty,3,pager,80,24,258,11284,96165,80,24,566,23,95895,92091,1,81,13400
fc1a1cd2d37a9100a80a496108f693ecebc59e14-dirty,3,pager,80,24,259,11325,85524,80,24,536,23,85254,87236,1,89,14696
fc1a1cd2d37a9100a80a496108f693ecebc59e14-dirty,3,pager,80,24,260,11365,76155,80,24,506,23,75885,82359,1,96,15838
fc1a1cd2d37a9100a80a496108f693ecebc59e14-dirty,3,pager,80,24,261,11446,76313,80,24,483,23,76043,78628,1,93,15348
fc1a1cd2d37a9100a80a496108f693ecebc59e14-dirty,3,pager,80,24,262,11446,75676,80,24,475,23,75406,77325,1,95,15674
fc1a1cd2d37a9100a80a496108f693ecebc59e14-dirty,3,pager,80,24,263,11486,73290,80,24,463,23,73020,75361,1,87,14372
fc1a1cd2d37a9100a80a496108f693ecebc59e14-dirty,3,pager,80,24,264,11526,62328,80,24,411,23,62058,66933,1,88,14534
fc1a1cd2d37a9100a80a496108f693ecebc59e14-dirty,3,pager,80,24,265,11566,62646,80,24,359,23,62376,58513,1,90,14859
fc1a1cd2d37a9100a80a496108f693ecebc59e14-dirty,3,pager,80,24,266,11607,62964,80,24,355,23,62694,57862,1,93,15348
fc1a1cd2d37a9100a80a496108f693ecebc59e14-dirty,3,pager,80,24,267,11647,64235,80,24,349,23,63965,56868,1,94,15511
fc1a1cd2d37a9100a80a496108f693ecebc59e14-dirty,3,pager,80,24,268,11687,65347,80,24,355,23,65077,57817,1,92,15185
fc1a1cd2d37a9100a80a496108f693ecebc59e14-dirty,3,pager,80,24,269,11728,66936,80,24,367,23,66666,59747,1,96,15837
fc1a1cd2d37a9100a80a496108f693ecebc59e14-dirty,3,pager,80,24,270,11768,62165,80,24,353,23,61895,57453,1,81,13400
fc1a1cd2d37a9100a80a496108f693ecebc59e14-dirty,3,pager,80,24,271,11804,70102,80,24,377,23,69832,61329,1,119,19587
fc1a1cd2d37a9100a80a496108f693ecebc59e14-dirty,3,pager,80,24,272,11844,70578,80,24,391,23,70308,63615,1,106,17468
fc1a1cd2d37a9100a80a496108f693ecebc59e14-dirty,3,pager,80,24,273,11884,73599,80,24,384,23,73329,62484,1,102,16816
fc1a1cd2d37a9100a80a496108f693ecebc59e14-dirty,3,pager,80,24,274,11925,77892,80,24,403,23,77622,65568,1,107,17631
fc1a1cd2d37a9100a80a496108f693ecebc59e14-dirty,3,pager,80,24,275,12006,82662,80,24,422,23,82392,68656,1,112,18446
fc1a1cd2d37a9100a80a496108f693ecebc59e14-dirty,3,pager,80,24,276,12006,80754,80,24,442,23,80484,71918,1,81,13400
fc1a1cd2d37a9100a80a496108f693ecebc59e14-dirty,3,pager,80,24,277,12087,87262,80,24,485,23,86992,78943,1,151,24803
fc1a1cd2d37a9100a80a496108f693ecebc59e14-dirty,3,pager,80,24,278,12088,86150,80,24,528,23,85880,85966,1,84,13887
fc1a1cd2d37a9100a80a496108f693ecebc59e14-dirty,3,pager,80,24,279,12127,93772,80,24,560,23,93502,91188,1,133,21870
fc1a1cd2d37a9100a80a496108f693ecebc59e14-dirty,3,pager,80,24,280,12167,81541,80,24,580,23,81271,94469,1,81,13400
fc1a1cd2d37a9100a80a496108f693ecebc59e14-dirty,3,pager,80,24,281,12208,86470,80,24,564,23,86200,91895,1,107,17631
fc1a1cd2d37a9100a80a496108f693ecebc59e14-dirty,3,pager,80,24,282,12248,97111,80,24,613,23,96841,99878,1,133,21871
fc1a1cd2d37a9100a80a496108f693ecebc59e14-dirty,3,pager,80,24,283,12289,106480,80,24,646,23,106210,105265,1,118,19426
fc1a1cd2d37a9100a80a496108f693ecebc59e14-dirty,3,pager,80,24,284,12325,108070,80,24,668,23,107800,108832,1,105,17306
fc1a1cd2d37a9100a80a496108f693ecebc59e14-dirty,3,pager,80,24,285,12366,117757,80,24,693,23,117487,112890,1,116,19100
fc1a1cd2d37a9100a80a496108f693ecebc59e14-dirty,3,pager,80,24,286,12447,128718,80,24,739,23,128448,120382,1,135,22202
fc1a1cd2d37a9100a80a496108f693ecebc59e14-dirty,3,pager,80,24,287,12448,127764,80,24,789,23,127494,128517,1,82,13562
fc1a1cd2d37a9100a80a496108f693ecebc59e14-dirty,3,pager,80,24,288,12528,138248,80,24,855,23,137978,139263,1,154,25295
fc1a1cd2d37a9100a80a496108f693ecebc59e14-dirty,3,pager,80,24,289,12530,136340,80,24,920,23,136070,149833,1,81,13400
fc1a1cd2d37a9100a80a496108f693ecebc59e14-dirty,3,pager,80,24,290,12570,146345,80,24,988,23,146075,160844,1,152,24968
fc1a1cd2d37a9100a80a496108f693ecebc59e14-dirty,3,pager,80,24,291,12646,144755,80,24,1052,23,144485,171212,1,83,13724
fc1a1cd2d37a9100a80a496108f693ecebc59e14-dirty,3,pager,80,24,292,12648,154442,80,24,1085,23,154172,176549,1,124,20404
fc1a1cd2d37a9100a80a496108f693ecebc59e14-dirty,3,pager,80,24,293,12728,160484,80,24,1115,23,160214,181405,1,119,19588
fc1a1cd2d37a9100a80a496108f693ecebc59e14-dirty,3,pager,80,24,294,12730,160484,80,24,1147,23,160214,186635,1,154,25293
fc1a1cd2d37a9100a80a496108f693ecebc59e14-dirty,3,pager,80,24,295,12769,157622,80,24,1197,23,157352,194744,1,90,14858
fc1a1cd2d37a9100a80a496108f693ecebc59e14-dirty,3,pager,80,24,296,12845,154283,80,24,1188,23,154013,193237,1,81,13400
fc1a1cd2d37a9100a80a496108f693ecebc59e14-dirty,3,pager,80,24,297,12847,149672,80,24,1167,23,149402,189798,1,81,13400
fc1a1cd2d37a9100a80a496108f693ecebc59e14-dirty,3,pager,80,24,298,12927,156974,80,24,1196,23,156704,194502,1,130,21378
fc1a1cd2d37a9100a80a496108f693ecebc59e14-dirty,3,pager,80,24,299,12928,162539,80,24,1217,23,162269,197898,1,116,19099
fc1a1cd2d37a9100a80a496108f693ecebc59e14-dirty,3,pager,80,24,300,12967,155713,80,24,1183,23,155443,192374,1,114,18777
fc1a1cd2d37a9100a80a496108f693ecebc59e14-dirty,3,pager,80,24,301,13008,158097,80,24,1145,23,157827,186185,1,100,16495
fc1a1cd2d37a9100a80a496108f693ecebc59e14-dirty,3,pager,80,24,302,13089,146023,80,24,1112,23,145753,180789,1,81,13400
fc1a1cd2d37a9100a80a496108f693ecebc59e14-dirty,3,pager,80,24,303,13091,146023,80,24,1060,23,145753,172302,1,81,13400
fc1a1cd2d37a9100a80a496108f693ecebc59e14-dirty,3,pager,80,24,304,13166,153325,80,24,1090,23,153055,177144,1,137,22520
fc1a1cd2d37a9100a80a496108f693ecebc59e14-dirty,3,pager,80,24,305,13168,146977,80,24,1091,23,146707,177319,1,114,18774
fc1a1cd2d37a9100a80a496108f693ecebc59e14-dirty,3,pager,80,24,306,13207,146977,80,24,1094,23,146707,177812,1,135,22197
fc1a1cd2d37a9100a80a496108f693ecebc59e14-dirty,3,pager,80,24,307,13288,155392,80,24,1106,23,155122,179740,1,128,21056
fc1a1cd2d37a9100a80a496108f693ecebc59e14-dirty,3,pager,80,24,308,13290,155392,80,24,1115,23,155122,181170,1,129,21219
fc1a1cd2d37a9100a80a496108f693ecebc59e14-dirty,3,pager,80,24,309,13365,155390,80,24,1110,23,155120,180403,1,134,22034
fc1a1cd2d37a9100a80a496108f693ecebc59e14-dirty,3,pager,80,24,310,13367,155072,80,24,1108,23,154802,180129,1,81,13400
fc1a1cd2d37a9100a80a496108f693ecebc59e14-dirty,3,pager,80,24,311,13406,147450,80,24,1061,23,147180,172490,1,107,17633
fc1a1cd2d37a9100a80a496108f693ecebc59e14-dirty,3,pager,80,24,312,13487,151107,80,24,1015,23,150837,165015,1,106,17473
fc1a1cd2d37a9100a80a496108f693ecebc59e14-dirty,3,pager,80,24,313,13489,139194,80,24,969,23,138924,157555,1,82,13562
fc1a1cd2d37a9100a80a496108f693ecebc59e14-dirty,3,pager,80,24,314,13568,138717,80,24,896,23,138447,145704,1,81,13400
fc1a1cd2d37a9100a80a496108f693ecebc59e14-dirty,3,pager,80,24,315,13570,138717,80,24,889,23,138447,144591,1,120,19751
fc1a1cd2d37a9100a80a496108f693ecebc59e14-dirty,3,pager,80,24,316,13609,132834,80,24,883,23,132564,143657,1,81,13400
fc1a1cd2d37a9100a80a496108f693ecebc59e14-dirty,3,pager,80,24,317,13686,120603,80,24,813,23,120333,132266,1,81,13400
fc1a1cd2d37a9100a80a496108f693ecebc59e14-dirty,3,pager,80,24,318,13687,123624,80,24,763,23,123354,124135,1,107,17630
fc1a1cd2d37a9100a80a496108f693ecebc59e14-dirty,3,pager,80,24,319,13727,135696,80,24,802,23,135426,130450,1,130,21381
fc1a1cd2d37a9100a80a496108f693ecebc59e14-dirty,3,pager,80,24,320,13808,135855,80,24,851,23,135585,138381,1,81,13400
fc1a1cd2d37a9100a80a496108f693ecebc59e14-dirty,3,pager,80,24,321,13810,123624,80,24,802,23,123354,130408,1,81,13400
fc1a1cd2d37a9100a80a496108f693ecebc59e14-dirty,3,pager,80,24,322,13889,130290,80,24,822,23,130020,133670,1,153,25128
fc1a1cd2d37a9100a80a496108f693ecebc59e14-dirty,3,pager,80,24,323,13891,124884,80,24,858,23,124614,139519,1,81,13400
fc1a1cd2d37a9100a80a496108f693ecebc59e14-dirty,3,pager,80,24,324,13966,134094,80,24,869,23,133824,141311,1,124,20401
fc1a1cd2d37a9100a80a496108f693ecebc59e14-dirty,3,pager,80,24,325,13968,146166,80,24,897,23,145896,145862,1,123,20241
fc1a1cd2d37a9100a80a496108f693ecebc59e14-dirty,3,pager,80,24,326,14048,147438,80,24,938,23,147168,152516,1,88,14539
fc1a1cd2d37a9100a80a496108f693ecebc59e14-dirty,3,pager,80,24,327,14049,135684,80,24,890,23,135414,144753,1,83,13724
fc1a1cd2d37a9100a80a496108f693ecebc59e14-dirty,3,pager,80,24,328,14088,142032,80,24,883,23,141762,143635,1,133,21870
fc1a1cd2d37a9100a80a496108f693ecebc59e14-dirty,3,pager,80,24,329,14170,142034,80,24,899,23,141764,146254,1,143,23503
fc1a1cd2d37a9100a80a496108f693ecebc59e14-dirty,3,pager,80,24,330,14171,130916,80,24,914,23,130646,148742,1,87,14372
fc1a1cd2d37a9100a80a496108f693ecebc59e14-dirty,3,pager,80,24,331,14245,120116,80,24,879,23,119846,143048,1,88,14535
fc1a1cd2d37a9100a80a496108f693ecebc59e14-dirty,3,pager,80,24,332,14247,109952,80,24,844,23,109682,137342,1,94,15517
fc1a1cd2d37a9100a80a496108f693ecebc59e14-dirty,3,pager,80,24,333,14286,112179,80,24,809,23,111909,131643,1,95,15682
fc1a1cd2d37a9100a80a496108f693ecebc59e14-dirty,3,pager,80,24,334,14327,119799,80,24,836,23,119529,136074,1,134,22039
fc1a1cd2d37a9100a80a496108f693ecebc59e14-dirty,3,pager,80,24,335,14408,116460,80,24,863,23,116190,140433,1,83,13724
fc1a1cd2d37a9100a80a496108f693ecebc59e14-dirty,3,pager,80,24,336,14409,116460,80,24,840,23,116190,136637,1,82,13562
fc1a1cd2d37a9100a80a496108f693ecebc59e14-dirty,3,pager,80,24,337,14489,116619,80,24,841,23,116349,136756,1,81,13400
fc1a1cd2d37a9100a80a496108f693ecebc59e14-dirty,3,pager,80,24,338,14490,104388,80,24,803,23,104118,130558,1,81,13400
fc1a1cd2d37a9100a80a496108f693ecebc59e14-dirty,3,pager,80,24,339,14525,116462,80,24,812,23,116192,132023,1,129,21218
fc1a1cd2d37a9100a80a496108f693ecebc59e14-dirty,3,pager,80,24,340,14566,128693,80,24,863,23,128423,140319,1,124,20404
fc1a1cd2d37a9100a80a496108f693ecebc59e14-dirty,3,pager,80,24,341,14647,127421,80,24,878,23,127151,142744,1,99,16329
fc1a1cd2d37a9100a80a496108f693ecebc59e14-dirty,3,pager,80,24,342,14648,127421,80,24,892,23,127151,145010,1,139,22852
fc1a1cd2d37a9100a80a496108f693ecebc59e14-dirty,3,pager,80,24,343,14728,127898,80,24,904,23,127628,146951,1,84,13886
fc1a1cd2d37a9100a80a496108f693ecebc59e14-dirty,3,pager,80,24,344,14729,129329,80,24,914,23,129059,148567,1,88,14539
fc1a1cd2d37a9100a80a496108f693ecebc59e14-dirty,3,pager,80,24,345,14769,120120,80,24,864,23,119850,140480,1,100,16497
fc1a1cd2d37a9100a80a496108f693ecebc59e14-dirty,3,pager,80,24,346,14845,120438,80,24,811,23,120168,131904,1,82,13562
fc1a1cd2d37a9100a80a496108f693ecebc59e14-dirty,3,pager,80,24,347,14846,108525,80,24,769,23,108255,125056,1,82,13562
fc1a1cd2d37a9100a80a496108f693ecebc59e14-dirty,3,pager,80,24,348,14886,108525,80,24,784,23,108255,127497,1,144,23664
fc1a1cd2d37a9100a80a496108f693ecebc59e14-dirty,3,pager,80,24,349,14926,108684,80,24,806,23,108414,131121,1,88,14535
fc1a1cd2d37a9100a80a496108f693ecebc59e14-dirty,3,pager,80,24,350,15007,110592,80,24,816,23,110322,132756,1,96,15843
fc1a1cd2d37a9100a80a496108f693ecebc59e14-dirty,3,pager,80,24,351,15009,98679,80,24,780,23,98409,126942,1,82,13562
fc1a1cd2d37a9100a80a496108f693ecebc59e14-dirty,3,pager,80,24,352,15048,86605,80,24,713,23,86335,116043,1,81,13400
fc1a1cd2d37a9100a80a496108f693ecebc59e14-dirty,3,pager,80,24,353,15088,97723,80,24,699,23,97453,113775,1,132,21705
fc1a1cd2d37a9100a80a496108f693ecebc59e14-dirty,3,pager,80,24,354,15169,108523,80,24,716,23,108253,116523,1,129,21216
fc1a1cd2d37a9100a80a496108f693ecebc59e14-dirty,3,pager,80,24,355,15170,118687,80,24,725,23,118417,117950,1,124,20401
fc1a1cd2d37a9100a80a496108f693ecebc59e14-dirty,3,pager,80,24,356,15246,128691,80,24,748,23,128421,121657,1,143,23498
fc1a1cd2d37a9100a80a496108f693ecebc59e14-dirty,3,pager,80,24,357,15247,128691,80,24,730,23,128421,118765,1,132,21705
fc1a1cd2d37a9100a80a496108f693ecebc59e14-dirty,3,pager,80,24,358,15287,133302,80,24,703,23,133032,114398,1,115,18934
fc1a1cd2d37a9100a80a496108f693ecebc59e14-dirty,3,pager,80,24,359,15368,145215,80,24,773,23,144945,125786,1,150,24642
fc1a1cd2d37a9100a80a496108f693ecebc59e14-dirty,3,pager,80,24,360,15370,146169,80,24,843,23,145899,137190,1,88,14534
fc1a1cd2d37a9100a80a496108f693ecebc59e14-dirty,3,pager,80,24,361,15450,146487,80,24,850,23,146217,138262,1,82,13562
fc1a1cd2d37a9100a80a496108f693ecebc59e14-dirty,3,pager,80,24,362,15451,139024,80,24,831,23,138754,135149,1,110,18120
fc1a1cd2d37a9100a80a496108f693ecebc59e14-dirty,3,pager,80,24,363,15490,129019,80,24,808,23,128749,131435,1,95,15674
fc1a1cd2d37a9100a80a496108f693ecebc59e14-dirty,3,pager,80,24,364,15567,138070,80,24,839,23,137800,136509,1,150,24641
fc1a1cd2d37a9100a80a496108f693ecebc59e14-dirty,3,pager,80,24,365,15568,127747,80,24,850,23,127477,138358,1,92,15184
fc1a1cd2d37a9100a80a496108f693ecebc59e14-dirty,3,pager,80,24,366,15607,139342,80,24,860,23,139072,139994,1,149,24478
fc1a1cd2d37a9100a80a496108f693ecebc59e14-dirty,3,pager,80,24,367,15689,138229,80,24,919,23,137959,149593,1,82,13562
fc1a1cd2d37a9100a80a496108f693ecebc59e14-dirty,3,pager,80,24,368,15690,136956,80,24,907,23,136686,147627,1,91,15022
fc1a1cd2d37a9100a80a496108f693ecebc59e14-dirty,3,pager,80,24,369,15770,140772,80,24,905,23,140502,147280,1,106,17467
fc1a1cd2d37a9100a80a496108f693ecebc59e14-dirty,3,pager,80,24,370,15772,143793,80,24,920,23,143523,149693,1,102,16815
fc1a1cd2d37a9100a80a496108f693ecebc59e14-dirty,3,pager,80,24,371,15846,131562,80,24,879,23,131292,143041,1,81,13400
fc1a1cd2d37a9100a80a496108f693ecebc59e14-dirty,3,pager,80,24,372,15848,142362,80,24,858,23,142092,139606,1,123,20238
fc1a1cd2d37a9100a80a496108f693ecebc59e14-dirty,3,pager,80,24,373,15887,143952,80,24,871,23,143682,141678,1,106,17467
fc1a1cd2d37a9100a80a496108f693ecebc59e14-dirty,3,pager,80,24,374,15968,143634,80,24,881,23,143364,143310,1,81,13400
fc1a1cd2d37a9100a80a496108f693ecebc59e14-dirty,3,pager,80,24,375,15970,145224,80,24,889,23,144954,144579,1,90,14859
fc1a1cd2d37a9100a80a496108f693ecebc59e14-dirty,3,pager,80,24,376,16010,132993,80,24,847,23,132723,137756,1,81,13400
fc1a1cd2d37a9100a80a496108f693ecebc59e14-dirty,3,pager,80,24,377,16050,126327,80,24,854,23,126057,138842,1,114,18771
fc1a1cd2d37a9100a80a496108f693ecebc59e14-dirty,3,pager,80,24,378,16086,114096,80,24,862,23,113826,140089,1,81,13400
fc1a1cd2d37a9100a80a496108f693ecebc59e14-dirty,3,pager,80,24,379,16167,105204,80,24,839,23,104934,136300,1,98,16163
fc1a1cd2d37a9100a80a496108f693ecebc59e14-dirty,3,pager,80,24,380,16168,98220,80,24,837,23,97950,135931,1,112,18447
fc1a1cd2d37a9100a80a496108f693ecebc59e14-dirty,3,pager,80,24,381,16207,95994,80,24,840,23,95724,136432,1,98,16165
fc1a1cd2d37a9100a80a496108f693ecebc59e14-dirty,3,pager,80,24,382,16247,87897,80,24,792,23,87627,128665,1,105,17306
fc1a1cd2d37a9100a80a496108f693ecebc59e14-dirty,3,pager,80,24,383,16288,89964,80,24,744,23,89694,120899,1,100,16491
fc1a1cd2d37a9100a80a496108f693ecebc59e14-dirty,3,pager,80,24,384,16328,89805,80,24,756,23,89535,122842,1,81,13400
fc1a1cd2d37a9100a80a496108f693ecebc59e14-dirty,3,pager,80,24,385,16368,85035,80,24,727,23,84765,118109,1,81,13400
fc1a1cd2d37a9100a80a496108f693ecebc59e14-dirty,3,pager,80,24,386,16409,85194,80,24,711,23,84924,115497,1,93,15348
fc1a1cd2d37a9100a80a496108f693ecebc59e14-dirty,3,pager,80,24,387,16449,85194,80,24,678,23,84924,110164,1,115,18937
fc1a1cd2d37a9100a80a496108f693ecebc59e14-dirty,3,pager,80,24,388,16490,95517,80,24,648,23,95247,105343,1,120,19755
fc1a1cd2d37a9100a80a496108f693ecebc59e14-dirty,3,pager,80,24,389,16525,86784,80,24,614,23,86514,99873,1,98,16169
fc1a1cd2d37a9100a80a496108f693ecebc59e14-dirty,3,pager,80,24,390,16565,92032,80,24,582,23,91762,94699,1,116,19105
fc1a1cd2d37a9100a80a496108f693ecebc59e14-dirty,3,pager,80,24,391,16606,93146,80,24,605,23,92876,98434,1,100,16497
fc1a1cd2d37a9100a80a496108f693ecebc59e14-dirty,3,pager,80,24,392,16646,89489,80,24,608,23,89219,98922,1,83,13724
fc1a1cd2d37a9100a80a496108f693ecebc59e14-dirty,3,pager,80,24,393,16687,98381,80,24,629,23,98111,102328,1,119,19592
fc1a1cd2d37a9100a80a496108f693ecebc59e14-dirty,3,pager,80,24,394,16727,98381,80,24,645,23,98111,104934,1,81,13400
fc1a1cd2d37a9100a80a496108f693ecebc59e14-dirty,3,pager,80,24,395,16768,87263,80,24,607,23,86993,98765,1,86,14213
fc1a1cd2d37a9100a80a496108f693ecebc59e14-dirty,3,pager,80,24,396,16808,95519,80,24,634,23,95249,103172,1,136,22365
fc1a1cd2d37a9100a80a496108f693ecebc59e14-dirty,3,pager,80,24,397,16848,99336,80,24,663,23,99066,107914,1,105,17312
fc1a1cd2d37a9100a80a496108f693ecebc59e14-dirty,3,pager,80,24,398,16929,99019,80,24,678,23,98749,110377,1,89,14704
fc1a1cd2d37a9100a80a496108f693ecebc59e14-dirty,3,pager,80,24,399,16930,102518,80,24,687,23,102248,111850,1,101,16660
fc1a1cd2d37a9100a80a496108f693ecebc59e14-dirty,3,pager,80,24,400,16969,97271,80,24,674,23,97001,109733,1,82,13562
fc1a1cd2d37a9100a80a496108f693ecebc59e14-dirty,3,pager,80,24,401,17010,97589,80,24,642,23,97319,104514,1,82,13562
fc1a1cd2d37a9100a80a496108f693ecebc59e14-dirty,3,pager,80,24,402,17045,94250,80,24,625,23,93980,101731,1,81,13400
fc1a1cd2d37a9100a80a496108f693ecebc59e14-dirty,3,pager,80,24,403,17086,101234,80,24,630,23,100964,102544,1,119,19589
fc1a1cd2d37a9100a80a496108f693ecebc59e14-dirty,3,pager,80,24,404,17167,101870,80,24,639,23,101600,104008,1,100,16495
fc1a1cd2d37a9100a80a496108f693ecebc59e14-dirty,3,pager,80,24,405,17168,103302,80,24,650,23,103032,105809,1,114,18779
fc1a1cd2d37a9100a80a496108f693ecebc59e14-dirty,3,pager,80,24,406,17248,100440,80,24,660,23,100170,107429,1,82,13562
fc1a1cd2d37a9100a80a496108f693ecebc59e14-dirty,3,pager,80,24,407,17249,112512,80,24,685,23,112242,111491,1,126,20733
fc1a1cd2d37a9100a80a496108f693ecebc59e14-dirty,3,pager,80,24,408,17289,118077,80,24,718,23,117807,116867,1,114,18777
fc1a1cd2d37a9100a80a496108f693ecebc59e14-dirty,3,pager,80,24,409,17370,116010,80,24,739,23,115740,120250,1,82,13562
fc1a1cd2d37a9100a80a496108f693ecebc59e14-dirty,3,pager,80,24,410,17371,103779,80,24,700,23,103509,113887,1,81,13400
fc1a1cd2d37a9100a80a496108f693ecebc59e14-dirty,3,pager,80,24,411,17410,93456,80,24,667,23,93186,108526,1,92,15187
fc1a1cd2d37a9100a80a496108f693ecebc59e14-dirty,3,pager,80,24,412,17486,102189,80,24,667,23,101919,108539,1,117,19263
fc1a1cd2d37a9100a80a496108f693ecebc59e14-dirty,3,pager,80,24,413,17487,101870,80,24,668,23,101600,108716,1,110,18125
fc1a1cd2d37a9100a80a496108f693ecebc59e14-dirty,3,pager,80,24,414,17527,111238,80,24,676,23,110968,110052,1,126,20733
fc1a1cd2d37a9100a80a496108f693ecebc59e14-dirty,3,pager,80,24,415,17567,116008,80,24,698,23,115738,113660,1,113,18614
fc1a1cd2d37a9100a80a496108f693ecebc59e14-dirty,3,pager,80,24,416,17648,105845,80,24,694,23,105575,113008,1,92,15193
fc1a1cd2d37a9100a80a496108f693ecebc59e14-dirty,3,pager,80,24,417,17650,118076,80,24,699,23,117806,113823,1,119,19594
fc1a1cd2d37a9100a80a496108f693ecebc59e14-dirty,3,pager,80,24,418,17730,119826,80,24,735,23,119556,119662,1,100,16497
fc1a1cd2d37a9100a80a496108f693ecebc59e14-dirty,3,pager,80,24,419,17731,119826,80,24,732,23,119556,119200,1,132,21713
fc1a1cd2d37a9100a80a496108f693ecebc59e14-dirty,3,pager,80,24,420,17766,117600,80,24,726,23,117330,118232,1,91,15030
fc1a1cd2d37a9100a80a496108f693ecebc59e14-dirty,3,pager,80,24,421,17807,116646,80,24,713,23,116376,116104,1,83,13726
fc1a1cd2d37a9100a80a496108f693ecebc59e14-dirty,3,pager,80,24,422,17847,114897,80,24,705,23,114627,114785,1,92,15193
fc1a1cd2d37a9100a80a496108f693ecebc59e14-dirty,3,pager,80,24,423,17929,117123,80,24,698,23,116853,113663,1,95,15680
fc1a1cd2d37a9100a80a496108f693ecebc59e14-dirty,3,pager,80,24,424,17930,117760,80,24,710,23,117490,115610,1,86,14215
fc1a1cd2d37a9100a80a496108f693ecebc59e14-dirty,3,pager,80,24,425,17969,123485,80,24,743,23,123215,120953,1,116,19105
fc1a1cd2d37a9100a80a496108f693ecebc59e14-dirty,3,pager,80,24,426,18050,114594,80,24,740,23,114324,120468,1,100,16497
fc1a1cd2d37a9100a80a496108f693ecebc59e14-dirty,3,pager,80,24,427,18051,111414,80,24,720,23,111144,117210,1,82,13562
fc1a1cd2d37a9100a80a496108f693ecebc59e14-dirty,3,pager,80,24,428,18086,106166,80,24,686,23,105896,111661,1,82,13562
fc1a1cd2d37a9100a80a496108f693ecebc59e14-dirty,3,pager,80,24,429,18167,105848,80,24,653,23,105578,106282,1,81,13400
fc1a1cd2d37a9100a80a496108f693ecebc59e14-dirty,3,pager,80,24,430,18168,105848,80,24,663,23,105578,107911,1,136,22360
fc1a1cd2d37a9100a80a496108f693ecebc59e14-dirty,3,pager,80,24,431,18207,112514,80,24,689,23,112244,112140,1,136,22360
fc1a1cd2d37a9100a80a496108f693ecebc59e14-dirty,3,pager,80,24,432,18248,124427,80,24,711,23,124157,115705,1,134,22034
fc1a1cd2d37a9100a80a496108f693ecebc59e14-dirty,3,pager,80,24,433,18290,126335,80,24,764,23,126065,124291,1,92,15187
fc1a1cd2d37a9100a80a496108f693ecebc59e14-dirty,3,pager,80,24,434,18330,136658,80,24,812,23,136388,132114,1,139,22849
fc1a1cd2d37a9100a80a496108f693ecebc59e14-dirty,3,pager,80,24,435,18411,129674,80,24,836,23,129404,136054,1,110,18125
fc1a1cd2d37a9100a80a496108f693ecebc59e14-dirty,3,pager,80,24,436,18412,129674,80,24,805,23,129404,131031,1,110,18125
fc1a1cd2d37a9100a80a496108f693ecebc59e14-dirty,3,pager,80,24,437,18446,119351,80,24,793,23,119081,129101,1,90,14865
fc1a1cd2d37a9100a80a496108f693ecebc59e14-dirty,3,pager,80,24,438,18487,115854,80,24,764,23,115584,124381,1,90,14867
fc1a1cd2d37a9100a80a496108f693ecebc59e14-dirty,3,pager,80,24,439,18568,119511,80,24,764,23,119241,124382,1,118,19431
fc1a1cd2d37a9100a80a496108f693ecebc59e14-dirty,3,pager,80,24,440,18569,119511,80,24,783,23,119241,127502,1,144,23669
fc1a1cd2d37a9100a80a496108f693ecebc59e14-dirty,3,pager,80,24,441,18609,118556,80,24,817,23,118286,133073,1,94,15510
fc1a1cd2d37a9100a80a496108f693ecebc59e14-dirty,3,pager,80,24,442,18690,106643,80,24,775,23,106373,126272,1,82,13562
fc1a1cd2d37a9100a80a496108f693ecebc59e14-dirty,3,pager,80,24,443,18691,107120,80,24,738,23,106850,120234,1,92,15193
fc1a1cd2d37a9100a80a496108f693ecebc59e14-dirty,3,pager,80,24,444,18767,106960,80,24,738,23,106690,120185,1,82,13562
fc1a1cd2d37a9100a80a496108f693ecebc59e14-dirty,3,pager,80,24,445,18768,117441,80,24,790,23,117171,128614,1,144,23667
fc1a1cd2d37a9100a80a496108f693ecebc59e14-dirty,3,pager,80,24,446,18848,118236,80,24,841,23,117966,136887,1,100,16495
fc1a1cd2d37a9100a80a496108f693ecebc59e14-dirty,3,pager,80,24,447,18849,119985,80,24,847,23,119715,137820,1,96,15845
fc1a1cd2d37a9100a80a496108f693ecebc59e14-dirty,3,pager,80,24,448,18929,120144,80,24,848,23,119874,137955,1,116,19105
fc1a1cd2d37a9100a80a496108f693ecebc59e14-dirty,3,pager,80,24,449,18930,120144,80,24,848,23,119874,137982,1,100,16497
fc1a1cd2d37a9100a80a496108f693ecebc59e14-dirty,3,pager,80,24,450,18970,120303,80,24,849,23,120033,138134,1,83,13724
fc1a1cd2d37a9100a80a496108f693ecebc59e14-dirty,3,pager,80,24,451,19010,120303,80,24,850,23,120033,138284,1,82,13562
fc1a1cd2d37a9100a80a496108f693ecebc59e14-dirty,3,pager,80,24,452,19051,120303,80,24,850,23,120033,138251,1,81,13400
fc1a1cd2d37a9100a80a496108f693ecebc59e14-dirty,3,pager,80,24,453,19127,120303,80,24,835,23,120033,135799,1,121,19915
fc1a1cd2d37a9100a80a496108f693ecebc59e14-dirty,3,pager,80,24,454,19128,120303,80,24,826,23,120033,134314,1,128,21059
fc1a1cd2d37a9100a80a496108f693ecebc59e14-dirty,3,pager,80,24,455,19168,108390,80,24,818,23,108120,133051,1,82,13562
fc1a1cd2d37a9100a80a496108f693ecebc59e14-dirty,3,pager,80,24,456,19208,106482,80,24,765,23,106212,124459,1,81,13400
fc1a1cd2d37a9100a80a496108f693ecebc59e14-dirty,3,pager,80,24,457,19289,106482,80,24,756,23,106212,123040,1,131,21545
fc1a1cd2d37a9100a80a496108f693ecebc59e14-dirty,3,pager,80,24,458,19290,101553,80,24,741,23,101283,120597,1,84,13886
fc1a1cd2d37a9100a80a496108f693ecebc59e14-dirty,3,pager,80,24,459,19370,108537,80,24,784,23,108267,127548,1,135,22198
fc1a1cd2d37a9100a80a496108f693ecebc59e14-dirty,3,pager,80,24,460,19371,118860,80,24,808,23,118590,131470,1,132,21708
fc1a1cd2d37a9100a80a496108f693ecebc59e14-dirty,3,pager,80,24,461,19447,129341,80,24,842,23,129071,136991,1,120,19752
fc1a1cd2d37a9100a80a496108f693ecebc59e14-dirty,3,pager,80,24,462,19448,135847,80,24,850,23,135577,138288,1,122,20077
fc1a1cd2d37a9100a80a496108f693ecebc59e14-dirty,3,pager,80,24,463,19528,126796,80,24,830,23,126526,135063,1,100,16495
fc1a1cd2d37a9100a80a496108f693ecebc59e14-dirty,3,pager,80,24,464,19529,125206,80,24,775,23,124936,126177,1,82,13562
fc1a1cd2d37a9100a80a496108f693ecebc59e14-dirty,3,pager,80,24,465,19569,124888,80,24,762,23,124618,124080,1,81,13400
fc1a1cd2d37a9100a80a496108f693ecebc59e14-dirty,3,pager,80,24,466,19650,135051,80,24,819,23,134781,133339,1,150,24642
fc1a1cd2d37a9100a80a496108f693ecebc59e14-dirty,3,pager,80,24,467,19651,136005,80,24,881,23,135735,143397,1,89,14696
fc1a1cd2d37a9100a80a496108f693ecebc59e14-dirty,3,pager,80,24,468,19731,136005,80,24,878,23,135735,142915,1,133,21874
fc1a1cd2d37a9100a80a496108f693ecebc59e14-dirty,3,pager,80,24,469,19733,136324,80,24,866,23,136054,141023,1,106,17475
fc1a1cd2d37a9100a80a496108f693ecebc59e14-dirty,3,pager,80,24,470,19767,137755,80,24,877,23,137485,142788,1,109,17964
fc1a1cd2d37a9100a80a496108f693ecebc59e14-dirty,3,pager,80,24,471,19808,137757,80,24,873,23,137487,142126,1,115,18944
fc1a1cd2d37a9100a80a496108f693ecebc59e14-dirty,3,pager,80,24,472,19848,134895,80,24,875,23,134625,142436,1,84,13889
fc1a1cd2d37a9100a80a496108f693ecebc59e14-dirty,3,pager,80,24,473,19889,134736,80,24,858,23,134466,139633,1,82,13562
fc1a1cd2d37a9100a80a496108f693ecebc59e14-dirty,3,pager,80,24,474,19971,139824,80,24,885,23,139554,143990,1,111,18288
fc1a1cd2d37a9100a80a496108f693ecebc59e14-dirty,3,pager,80,24,475,19972,143163,80,24,914,23,142893,148675,1,99,16332
fc1a1cd2d37a9100a80a496108f693ecebc59e14-dirty,3,pager,80,24,476,20047,143163,80,24,932,23,142893,151610,1,135,22202
fc1a1cd2d37a9100a80a496108f693ecebc59e14-dirty,3,pager,80,24,477,20049,143163,80,24,927,23,142893,150831,1,140,23017
fc1a1cd2d37a9100a80a496108f693ecebc59e14-dirty,3,pager,80,24,478,20129,155076,80,24,923,23,154806,150229,1,140,23017
fc1a1cd2d37a9100a80a496108f693ecebc59e14-dirty,3,pager,80,24,479,20130,167307,80,24,971,23,167037,157986,1,142,23343
fc1a1cd2d37a9100a80a496108f693ecebc59e14-dirty,3,pager,80,24,480,20211,167307,80,24,970,23,167037,157804,1,140,23017
fc1a1cd2d37a9100a80a496108f693ecebc59e14-dirty,3,pager,80,24,481,20212,172714,80,24,971,23,172444,157956,1,113,18616
fc1a1cd2d37a9100a80a496108f693ecebc59e14-dirty,3,pager,80,24,482,20287,164618,80,24,953,23,164348,155021,1,106,17475
fc1a1cd2d37a9100a80a496108f693ecebc59e14-dirty,3,pager,80,24,483,20289,153819,80,24,924,23,153549,150319,1,89,14704
fc1a1cd2d37a9100a80a496108f693ecebc59e14-dirty,3,pager,80,24,484,20328,141907,80,24,885,23,141637,143981,1,82,13563
fc1a1cd2d37a9100a80a496108f693ecebc59e14-dirty,3,pager,80,24,485,20409,129994,80,24,845,23,129724,137471,1,82,13562
fc1a1cd2d37a9100a80a496108f693ecebc59e14-dirty,3,pager,80,24,486,20410,127132,80,24,805,23,126862,130993,1,82,13562
fc1a1cd2d37a9100a80a496108f693ecebc59e14-dirty,3,pager,80,24,487,20449,126814,80,24,786,23,126544,127888,1,81,13400
fc1a1cd2d37a9100a80a496108f693ecebc59e14-dirty,3,pager,80,24,488,20490,139045,80,24,832,23,138775,135352,1,128,21055
fc1a1cd2d37a9100a80a496108f693ecebc59e14-dirty,3,pager,80,24,489,20571,132856,80,24,808,23,132586,131450,1,119,19592
fc1a1cd2d37a9100a80a496108f693ecebc59e14-dirty,3,pager,80,24,490,20573,131902,80,24,773,23,131632,125780,1,82,13562
fc1a1cd2d37a9100a80a496108f693ecebc59e14-dirty,3,pager,80,24,491,20607,119671,80,24,714,23,119401,116188,1,81,13400
fc1a1cd2d37a9100a80a496108f693ecebc59e14-dirty,3,pager,80,24,492,20688,128244,80,24,699,23,127974,113744,1,119,19589
fc1a1cd2d37a9100a80a496108f693ecebc59e14-dirty,3,pager,80,24,493,20689,127130,80,24,705,23,126860,114699,1,96,15843
fc1a1cd2d37a9100a80a496108f693ecebc59e14-dirty,3,pager,80,24,494,20769,122517,80,24,688,23,122247,111907,1,88,14541
fc1a1cd2d37a9100a80a496108f693ecebc59e14-dirty,3,pager,80,24,495,20770,124584,80,24,665,23,124314,108162,1,96,15845
fc1a1cd2d37a9100a80a496108f693ecebc59e14-dirty,3,pager,80,24,496,20810,126811,80,24,661,22,123822,107490,1,96,15845
fc1a1cd2d37a9100a80a496108f693ecebc59e14-dirty,3,pager,80,24,497,20851,133636,80,24,677,22,130647,110121,1,128,21061
fc1a1cd2d37a9100a80a496108f693ecebc59e14-dirty,3,pager,80,24,498,20892,132364,80,24,697,22,129375,113409,1,91,15028
fc1a1cd2d37a9100a80a496108f693ecebc59e14-dirty,3,pager,80,24,499,20927,132364,80,24,683,22,129375,111183,1,122,20083
fc1a1cd2d37a9100a80a496108f693ecebc59e14-dirty,3,pager,80,24,500,21008,120451,80,24,679,22,117462,110575,1,82,13562
fc1a1cd2d37a9100a80a496108f693ecebc59e14-dirty,3,pager,80,24,501,21009,109492,80,24,642,22,106503,104539,1,88,14539
fc1a1cd2d37a9100a80a496108f693ecebc59e14-dirty,3,pager,80,24,502,21048,97579,80,24,601,22,94590,97857,1,82,13562
fc1a1cd2d37a9100a80a496108f693ecebc59e14-dirty,3,pager,80,24,503,21129,85348,80,24,553,22,82359,90042,1,81,13400
fc1a1cd2d37a9100a80a496108f693ecebc59e14-dirty,3,pager,80,24,504,21130,91854,80,24,548,22,88865,89269,1,124,20404
fc1a1cd2d37a9100a80a496108f693ecebc59e14-dirty,3,pager,80,24,505,21210,99950,80,24,563,22,96961,91704,1,124,20407
fc1a1cd2d37a9100a80a496108f693ecebc59e14-dirty,3,pager,80,24,506,21211,110749,80,24,577,22,107760,93974,1,116,19103
fc1a1cd2d37a9100a80a496108f693ecebc59e14-dirty,3,pager,80,24,507,21287,122661,80,24,630,22,119672,102608,1,140,23015
fc1a1cd2d37a9100a80a496108f693ecebc59e14-dirty,3,pager,80,24,508,21288,134574,80,24,695,22,131585,113191,1,148,24319
fc1a1cd2d37a9100a80a496108f693ecebc59e14-dirty,3,pager,80,24,509,21328,134574,80,24,761,22,131586,123950,1,82,13562
fc1a1cd2d37a9100a80a496108f693ecebc59e14-dirty,3,pager,80,24,510,21368,134574,80,24,761,22,131586,123905,1,81,13400
fc1a1cd2d37a9100a80a496108f693ecebc59e14-dirty,3,pager,80,24,511,21449,134574,80,24,768,22,131586,125044,1,135,22197
fc1a1cd2d37a9100a80a496108f693ecebc59e14-dirty,3,pager,80,24,512,21450,140763,80,24,778,22,137775,126676,1,119,19592
fc1a1cd2d37a9100a80a496108f693ecebc59e14-dirty,3,pager,80,24,513,21491,152676,80,24,783,22,149688,127491,1,126,20733
fc1a1cd2d37a9100a80a496108f693ecebc59e14-dirty,3,pager,80,24,514,21531,154107,80,24,827,22,151119,134656,1,88,14539
fc1a1cd2d37a9100a80a496108f693ecebc59e14-dirty,3,pager,80,24,515,21567,142672,80,24,797,22,139684,129799,1,85,14052
fc1a1cd2d37a9100a80a496108f693ecebc59e14-dirty,3,pager,80,24,516,21608,140924,80,24,766,22,137936,124787,1,88,14541
fc1a1cd2d37a9100a80a496108f693ecebc59e14-dirty,3,pager,80,24,517,21649,145694,80,24,789,22,142706,128509,1,117,19268
fc1a1cd2d37a9100a80a496108f693ecebc59e14-dirty,3,pager,80,24,518,21689,147284,80,24,812,22,144296,132224,1,105,17312
fc1a1cd2d37a9100a80a496108f693ecebc59e14-dirty,3,pager,80,24,519,21730,149192,80,24,838,23,148922,136423,1,107,17638
fc1a1cd2d37a9100a80a496108f693ecebc59e14-dirty,3,pager,80,24,520,21771,149192,80,24,847,23,148922,137874,1,135,22202
fc1a1cd2d37a9100a80a496108f693ecebc59e14-dirty,3,pager,80,24,521,21847,159356,80,24,848,23,159086,138022,1,125,20572
fc1a1cd2d37a9100a80a496108f693ecebc59e14-dirty,3,pager,80,24,522,21849,147443,80,24,849,23,147173,138162,1,82,13562
fc1a1cd2d37a9100a80a496108f693ecebc59e14-dirty,3,pager,80,24,523,21929,147443,80,24,809,23,147173,131682,1,82,13562
fc1a1cd2d37a9100a80a496108f693ecebc59e14-dirty,3,pager,80,24,524,21930,146171,80,24,803,23,145901,130658,1,81,13400
fc1a1cd2d37a9100a80a496108f693ecebc59e14-dirty,3,pager,80,24,525,22011,158084,80,24,835,23,157814,135824,1,121,19914
fc1a1cd2d37a9100a80a496108f693ecebc59e14-dirty,3,pager,80,24,526,22012,163331,80,24,878,23,163061,142785,1,110,18125
fc1a1cd2d37a9100a80a496108f693ecebc59e14-dirty,3,pager,80,24,527,22091,153644,80,24,866,23,153374,140831,1,95,15680
fc1a1cd2d37a9100a80a496108f693ecebc59e14-dirty,3,pager,80,24,528,22093,153644,80,24,859,23,153374,139733,1,118,19431
fc1a1cd2d37a9100a80a496108f693ecebc59e14-dirty,3,pager,80,24,529,22128,153644,80,24,868,23,153374,141233,1,128,21061
fc1a1cd2d37a9100a80a496108f693ecebc59e14-dirty,3,pager,80,24,530,22209,141731,80,24,854,23,141461,138975,1,82,13562
fc1a1cd2d37a9100a80a496108f693ecebc59e14-dirty,3,pager,80,24,531,22210,129818,80,24,789,23,129548,128409,1,82,13562
fc1a1cd2d37a9100a80a496108f693ecebc59e14-dirty,3,pager,80,24,532,22250,129500,80,24,722,23,129230,117532,1,81,13400
fc1a1cd2d37a9100a80a496108f693ecebc59e14-dirty,3,pager,80,24,533,22291,141731,80,24,789,23,141461,128395,1,149,24479
fc1a1cd2d37a9100a80a496108f693ecebc59e14-dirty,3,pager,80,24,534,22331,132044,80,24,807,23,131774,131328,1,96,15836
fc1a1cd2d37a9100a80a496108f693ecebc59e14-dirty,3,pager,80,24,535,22407,132044,80,24,801,23,131774,130355,1,121,19918
fc1a1cd2d37a9100a80a496108f693ecebc59e14-dirty,3,pager,80,24,536,22408,125220,80,24,795,23,124950,129417,1,112,18453
fc1a1cd2d37a9100a80a496108f693ecebc59e14-dirty,3,pager,80,24,537,22448,124107,80,24,782,23,123837,127343,1,82,13562
fc1a1cd2d37a9100a80a496108f693ecebc59e14-dirty,3,pager,80,24,538,22488,126332,80,24,790,23,126062,128615,1,97,16006
fc1a1cd2d37a9100a80a496108f693ecebc59e14-dirty,3,pager,80,24,539,22529,137290,80,24,838,23,137020,136399,1,131,21550
fc1a1cd2d37a9100a80a496108f693ecebc59e14-dirty,3,pager,80,24,540,22610,143478,80,24,840,23,143208,136731,1,134,22039
fc1a1cd2d37a9100a80a496108f693ecebc59e14-dirty,3,pager,80,24,541,22612,141729,80,24,845,23,141459,137542,1,96,15845
fc1a1cd2d37a9100a80a496108f693ecebc59e14-dirty,3,pager,80,24,542,22652,139662,80,24,834,23,139392,135727,1,95,15682
fc1a1cd2d37a9100a80a496108f693ecebc59e14-dirty,3,pager,80,24,543,22692,130135,80,24,783,23,129865,127421,1,97,16008
fc1a1cd2d37a9100a80a496108f693ecebc59e14-dirty,3,pager,80,24,544,22768,120767,80,24,737,23,120497,119972,1,98,16171
fc1a1cd2d37a9100a80a496108f693ecebc59e14-dirty,3,pager,80,24,545,22769,123948,80,24,702,23,123678,114312,1,103,16986
fc1a1cd2d37a9100a80a496108f693ecebc59e14-dirty,3,pager,80,24,546,22809,128719,80,24,712,23,128449,115878,1,111,18290
fc1a1cd2d37a9100a80a496108f693ecebc59e14-dirty,3,pager,80,24,547,22890,129037,80,24,742,23,128767,120697,1,82,13562
fc1a1cd2d37a9100a80a496108f693ecebc59e14-dirty,3,pager,80,24,548,22891,117124,80,24,704,23,116854,114498,1,82,13562
fc1a1cd2d37a9100a80a496108f693ecebc59e14-dirty,3,pager,80,24,549,22971,111877,80,24,661,23,111607,107500,1,81,13400
fc1a1cd2d37a9100a80a496108f693ecebc59e14-dirty,3,pager,80,24,550,22972,121564,80,24,698,23,121294,113526,1,149,24479
fc1a1cd2d37a9100a80a496108f693ecebc59e14-dirty,3,pager,80,24,551,23047,109651,80,24,726,23,109381,118111,1,82,13562
fc1a1cd2d37a9100a80a496108f693ecebc59e14-dirty,3,pager,80,24,552,23048,109651,80,24,717,23,109381,116635,1,119,19592
fc1a1cd2d37a9100a80a496108f693ecebc59e14-dirty,3,pager,80,24,553,23128,113468,80,24,705,23,113198,114687,1,99,16334
fc1a1cd2d37a9100a80a496108f693ecebc59e14-dirty,3,pager,80,24,554,23129,114900,80,24,724,23,114630,117746,1,92,15193
fc1a1cd2d37a9100a80a496108f693ecebc59e14-dirty,3,pager,80,24,555,23210,116332,80,24,736,23,116062,119689,1,87,14378
fc1a1cd2d37a9100a80a496108f693ecebc59e14-dirty,3,pager,80,24,556,23211,106169,80,24,683,23,105899,111119,1,94,15519
fc1a1cd2d37a9100a80a496108f693ecebc59e14-dirty,3,pager,80,24,557,23250,104103,80,24,626,23,103833,101904,1,83,13726
fc1a1cd2d37a9100a80a496108f693ecebc59e14-dirty,3,pager,80,24,558,23290,94576,80,24,593,23,94306,96574,1,97,16008
fc1a1cd2d37a9100a80a496108f693ecebc59e14-dirty,3,pager,80,24,559,23331,90919,80,24,570,23,90649,92853,1,90,14867
fc1a1cd2d37a9100a80a496108f693ecebc59e14-dirty,3,pager,80,24,560,23371,91556,80,24,548,23,91286,89269,1,86,14215
fc1a1cd2d37a9100a80a496108f693ecebc59e14-dirty,3,pager,80,24,561,23407,93624,80,24,561,23,93354,91404,1,112,18453
fc1a1cd2d37a9100a80a496108f693ecebc59e14-dirty,3,pager,80,24,562,23487,81871,80,24,540,23,81601,88036,1,83,13726
fc1a1cd2d37a9100a80a496108f693ecebc59e14-dirty,3,pager,80,24,563,23488,70595,80,24,506,23,70325,82465,1,86,14215
fc1a1cd2d37a9100a80a496108f693ecebc59e14-dirty,3,pager,80,24,564,23527,68528,80,24,471,23,68258,76733,1,83,13726
fc1a1cd2d37a9100a80a496108f693ecebc59e14-dirty,3,pager,80,24,565,23568,67573,80,24,462,23,67303,75241,1,87,14377
fc1a1cd2d37a9100a80a496108f693ecebc59e14-dirty,3,pager,80,24,566,23608,68845,80,24,483,23,68575,78631,1,105,17312
fc1a1cd2d37a9100a80a496108f693ecebc59e14-dirty,3,pager,80,24,567,23648,66778,80,24,502,23,66508,81712,1,85,14052
fc1a1cd2d37a9100a80a496108f693ecebc59e14-dirty,3,pager,80,24,568,23689,63597,80,24,497,23,63327,80893,1,82,13562
fc1a1cd2d37a9100a80a496108f693ecebc59e14-dirty,3,pager,80,24,569,23729,58826,80,24,487,23,58556,79258,1,82,13562
fc1a1cd2d37a9100a80a496108f693ecebc59e14-dirty,3,pager,80,24,570,23769,58508,80,24,457,23,58238,74384,1,81,13400
fc1a1cd2d37a9100a80a496108f693ecebc59e14-dirty,3,pager,80,24,571,23810,70421,80,24,498,23,70151,81050,1,124,20404
fc1a1cd2d37a9100a80a496108f693ecebc59e14-dirty,3,pager,80,24,572,23850,82652,80,24,552,23,82382,89834,1,130,21385
fc1a1cd2d37a9100a80a496108f693ecebc59e14-dirty,3,pager,80,24,573,23891,82652,80,24,535,23,82382,87124,1,129,21224
fc1a1cd2d37a9100a80a496108f693ecebc59e14-dirty,3,pager,80,24,574,23931,94565,80,24,511,23,94295,83258,1,132,21713
fc1a1cd2d37a9100a80a496108f693ecebc59e14-dirty,3,pager,80,24,575,23972,94565,80,24,533,23,94295,86853,1,145,23832
fc1a1cd2d37a9100a80a496108f693ecebc59e14-dirty,3,pager,80,24,576,24007,90589,80,24,562,23,90319,91612,1,81,13400
fc1a1cd2d37a9100a80a496108f693ecebc59e14-dirty,3,pager,80,24,577,24048,89157,80,24,543,23,88887,88527,1,82,13562
fc1a1cd2d37a9100a80a496108f693ecebc59e14-dirty,3,pager,80,24,578,24088,88043,80,24,532,23,87773,86739,1,82,13562
fc1a1cd2d37a9100a80a496108f693ecebc59e14-dirty,3,pager,80,24,579,24128,86134,80,24,519,23,85864,84608,1,81,13400
fc1a1cd2d37a9100a80a496108f693ecebc59e14-dirty,3,pager,80,24,580,24209,85656,80,24,505,23,85386,82316,1,81,13400
fc1a1cd2d37a9100a80a496108f693ecebc59e14-dirty,3,pager,80,24,581,24210,95183,80,24,548,23,94913,89327,1,139,22846
fc1a1cd2d37a9100a80a496108f693ecebc59e14-dirty,3,pager,80,24,582,24290,97408,80,24,594,23,97138,96828,1,104,17140
fc1a1cd2d37a9100a80a496108f693ecebc59e14-dirty,3,pager,80,24,583,24291,100269,80,24,608,23,99999,99109,1,102,16815
fc1a1cd2d37a9100a80a496108f693ecebc59e14-dirty,3,pager,80,24,584,24331,99314,80,24,610,23,99044,99411,1,107,17632
fc1a1cd2d37a9100a80a496108f693ecebc59e14-dirty,3,pager,80,24,585,24407,98995,80,24,604,23,98725,98404,1,81,13400
fc1a1cd2d37a9100a80a496108f693ecebc59e14-dirty,3,pager,80,24,586,24408,98040,80,24,600,23,97770,97705,1,81,13400
fc1a1cd2d37a9100a80a496108f693ecebc59e14-dirty,3,pager,80,24,587,24448,101219,80,24,613,23,100949,99777,1,100,16489
fc1a1cd2d37a9100a80a496108f693ecebc59e14-dirty,3,pager,80,24,588,24529,104240,80,24,636,23,103970,103462,1,104,17144
fc1a1cd2d37a9100a80a496108f693ecebc59e14-dirty,3,pager,80,24,589,24530,112495,80,24,658,23,112225,107004,1,125,20570
fc1a1cd2d37a9100a80a496108f693ecebc59e14-dirty,3,pager,80,24,590,24610,112017,80,24,679,23,111747,110446,1,82,13562
fc1a1cd2d37a9100a80a496108f693ecebc59e14-dirty,3,pager,80,24,591,24611,111858,80,24,676,23,111588,109959,1,81,13400
fc1a1cd2d37a9100a80a496108f693ecebc59e14-dirty,3,pager,80,24,592,24692,111540,80,24,675,23,111270,109797,1,81,13400
fc1a1cd2d37a9100a80a496108f693ecebc59e14-dirty,3,pager,80,24,593,24693,123771,80,24,710,23,123501,115494,1,116,19097
fc1a1cd2d37a9100a80a496108f693ecebc59e14-dirty,3,pager,80,24,594,24732,117423,80,24,702,23,117153,114169,1,113,18611
fc1a1cd2d37a9100a80a496108f693ecebc59e14-dirty,3,pager,80,24,595,24768,117423,80,24,687,23,117153,111718,1,115,18940
fc1a1cd2d37a9100a80a496108f693ecebc59e14-dirty,3,pager,80,24,596,24849,117423,80,24,688,23,117153,111908,1,132,21713
fc1a1cd2d37a9100a80a496108f693ecebc59e14-dirty,3,pager,80,24,597,24850,105510,80,24,695,23,105240,113062,1,82,13562
fc1a1cd2d37a9100a80a496108f693ecebc59e14-dirty,3,pager,80,24,598,24889,93597,80,24,636,23,93327,103477,1,82,13562
fc1a1cd2d37a9100a80a496108f693ecebc59e14-dirty,3,pager,80,24,599,24970,93597,80,24,573,23,93327,93271,1,81,13400
fc1a1cd2d37a9100a80a496108f693ecebc59e14-dirty,3,pager,80,24,600,24971,93279,80,24,572,23,93009,93091,1,81,13400
fc1a1cd2d37a9100a80a496108f693ecebc59e14-dirty,3,pager,80,24,601,25051,105192,80,24,619,23,104922,100718,1,129,21216
fc1a1cd2d37a9100a80a496108f693ecebc59e14-dirty,3,pager,80,24,602,25052,117264,80,24,671,23,116994,109142,1,124,20404
fc1a1cd2d37a9100a80a496108f693ecebc59e14-dirty,3,pager,80,24,603,25092,129501,80,24,737,23,129231,119858,1,144,23673
fc1a1cd2d37a9100a80a496108f693ecebc59e14-dirty,3,pager,80,24,604,25127,118701,80,24,744,23,118431,121060,1,87,14373
fc1a1cd2d37a9100a80a496108f693ecebc59e14-dirty,3,pager,80,24,605,25168,118701,80,24,709,23,118431,115421,1,105,17310
fc1a1cd2d37a9100a80a496108f693ecebc59e14-dirty,3,pager,80,24,606,25249,115203,80,24,710,23,114933,115579,1,82,13562
fc1a1cd2d37a9100a80a496108f693ecebc59e14-dirty,3,pager,80,24,607,25250,111228,80,24,681,23,110958,110856,1,81,13400
fc1a1cd2d37a9100a80a496108f693ecebc59e14-dirty,3,pager,80,24,608,25291,111069,80,24,655,23,110799,106611,1,81,13400
fc1a1cd2d37a9100a80a496108f693ecebc59e14-dirty,3,pager,80,24,609,25372,123300,80,24,713,23,123030,116006,1,139,22846
fc1a1cd2d37a9100a80a496108f693ecebc59e14-dirty,3,pager,80,24,610,25373,125685,80,24,755,23,125415,122820,1,118,19425
fc1a1cd2d37a9100a80a496108f693ecebc59e14-dirty,3,pager,80,24,611,25408,133470,80,24,786,23,133200,127911,1,134,22043
fc1a1cd2d37a9100a80a496108f693ecebc59e14-dirty,3,pager,80,24,612,25449,121398,80,24,793,23,121128,129099,1,81,13400
fc1a1cd2d37a9100a80a496108f693ecebc59e14-dirty,3,pager,80,24,613,25489,121080,80,24,749,23,120810,121973,1,81,13400
fc1a1cd2d37a9100a80a496108f693ecebc59e14-dirty,3,pager,80,24,614,25571,133152,80,24,794,23,132882,129254,1,127,20890
fc1a1cd2d37a9100a80a496108f693ecebc59e14-dirty,3,pager,80,24,615,25572,145383,80,24,841,23,145113,136854,1,121,19915
fc1a1cd2d37a9100a80a496108f693ecebc59e14-dirty,3,pager,80,24,616,25652,136968,80,24,845,23,136698,137479,1,105,17310
fc1a1cd2d37a9100a80a496108f693ecebc59e14-dirty,3,pager,80,24,617,25653,90445,80,24,846,24,90508,137557,0,846,137557
fc1a1cd2d37a9100a80a496108f693ecebc59e14-dirty,1,burst,80,24,1,3,90763,80,24,1,1,848,360,0,1,360
fc1a1cd2d37a9100a80a496108f693ecebc59e14-dirty,1,burst,80,24,2,104,90922,80,24,1,1,1007,360,0,1,360
fc1a1cd2d37a9100a80a496108f693ecebc59e14-dirty,1,burst,80,24,3,204,91081,80,24,1,1,1166,360,0,1,360
fc1a1cd2d37a9100a80a496108f693ecebc59e14-dirty,1,burst,80,24,4,305,91081,80,24,0,0,199,199,0,0,199
fc1a1cd2d37a9100a80a496108f693ecebc59e14-dirty,1,burst,80,24,5,405,91399,80,24,1,1,1484,360,0,1,360
fc1a1cd2d37a9100a80a496108f693ecebc59e14-dirty,1,burst,80,24,6,506,91399,80,24,0,0,199,199,0,0,199
fc1a1cd2d37a9100a80a496108f693ecebc59e14-dirty,1,burst,80,24,7,602,91717,80,24,1,1,1802,360,0,1,360
fc1a1cd2d37a9100a80a496108f693ecebc59e14-dirty,1,burst,80,24,8,702,91877,80,24,1,1,1962,361,0,1,361
fc1a1cd2d37a9100a80a496108f693ecebc59e14-dirty,1,burst,80,24,9,803,91877,80,24,1,1,1962,362,0,1,362
fc1a1cd2d37a9100a80a496108f693ecebc59e14-dirty,1,burst,80,24,10,904,91877,80,24,1,1,1962,362,0,1,362
fc1a1cd2d37a9100a80a496108f693ecebc59e14-dirty,1,burst,80,24,11,1004,91877,80,24,1,1,1962,362,0,1,362
fc1a1cd2d37a9100a80a496108f693ecebc59e14-dirty,1,burst,80,24,12,1105,91877,80,24,1,1,1962,362,0,1,362
fc1a1cd2d37a9100a80a496108f693ecebc59e14-dirty,1,burst,80,24,13,1205,91877,80,24,1,1,1962,362,0,1,362
fc1a1cd2d37a9100a80a496108f693ecebc59e14-dirty,1,burst,80,24,14,1308,17656,80,24,447,24,17719,72711,0,447,72711
fc1a1cd2d37a9100a80a496108f693ecebc59e14-dirty,1,burst,80,24,15,1315,22108,80,24,120,24,22171,19588,0,120,19588
fc1a1cd2d37a9100a80a496108f693ecebc59e14-dirty,1,burst,80,24,16,1322,22903,80,24,120,24,22966,19588,0,120,19588
fc1a1cd2d37a9100a80a496108f693ecebc59e14-dirty,1,burst,80,24,17,1329,18928,80,24,96,24,18991,15710,0,96,15710
fc1a1cd2d37a9100a80a496108f693ecebc59e14-dirty,1,burst,80,24,18,1335,17020,80,24,97,24,17083,15872,0,97,15872
fc1a1cd2d37a9100a80a496108f693ecebc59e14-dirty,1,burst,80,24,19,1342,18610,80,24,102,23,18499,16683,0,102,16683
fc1a1cd2d37a9100a80a496108f693ecebc59e14-dirty,1,burst,80,24,20,1349,26878,80,24,78,24,26941,12803,0,78,12803
fc1a1cd2d37a9100a80a496108f693ecebc59e14-dirty,1,burst,80,24,21,1356,24334,80,24,121,24,24397,19750,0,121,19750
fc1a1cd2d37a9100a80a496108f693ecebc59e14-dirty,1,burst,80,24,22,1363,25924,80,24,115,23,25813,18778,0,115,18778
fc1a1cd2d37a9100a80a496108f693ecebc59e14-dirty,1,burst,80,24,23,1370,22108,80,24,92,23,21997,15062,0,92,15062
fc1a1cd2d37a9100a80a496108f693ecebc59e14-dirty,1,burst,80,24,24,1377,20995,80,24,115,23,20884,18778,0,115,18778
fc1a1cd2d37a9100a80a496108f693ecebc59e14-dirty,1,burst,80,24,25,1384,25924,80,24,115,23,25813,18778,0,115,18778
fc1a1cd2d37a9100a80a496108f693ecebc59e14-dirty,1,burst,80,24,26,1391,25924,80,24,98,23,25813,16032,0,98,16032
fc1a1cd2d37a9100a80a496108f693ecebc59e14-dirty,1,burst,80,24,27,1398,24334,80,24,115,23,24223,18778,0,115,18778
fc1a1cd2d37a9100a80a496108f693ecebc59e14-dirty,1,burst,80,24,28,1405,25606,80,24,115,23,25495,18778,0,115,18778
fc1a1cd2d37a9100a80a496108f693ecebc59e14-dirty,1,burst,80,24,29,1412,25765,80,24,92,23,25654,15062,0,92,15062
fc1a1cd2d37a9100a80a496108f693ecebc59e14-dirty,1,burst,80,24,30,1419,22267,80,24,115,23,22156,18778,0,115,18778
fc1a1cd2d37a9100a80a496108f693ecebc59e14-dirty,1,burst,80,24,31,1426,22585,80,24,98,24,22648,16034,0,98,16034
fc1a1cd2d37a9100a80a496108f693ecebc59e14-dirty,1,burst,80,24,32,1433,26719,80,24,120,24,26782,19588,0,120,19588
fc1a1cd2d37a9100a80a496108f693ecebc59e14-dirty,1,burst,80,24,33,1440,25288,80,24,118,24,25351,19265,0,118,19265
fc1a1cd2d37a9100a80a496108f693ecebc59e14-dirty,1,burst,80,24,34,1447,25924,80,24,102,23,25813,16682,0,102,16682
fc1a1cd2d37a9100a80a496108f693ecebc59e14-dirty,1,burst,80,24,35,1454,21472,80,24,121,24,21535,19750,0,121,19750
fc1a1cd2d37a9100a80a496108f693ecebc59e14-dirty,1,burst,80,24,36,1461,24493,80,24,121,24,24556,19750,0,121,19750
fc1a1cd2d37a9100a80a496108f693ecebc59e14-dirty,1,burst,80,24,37,1468,25924,80,24,113,23,25813,18455,0,113,18455
fc1a1cd2d37a9100a80a496108f693ecebc59e14-dirty,1,burst,80,24,38,1475,22267,80,24,115,23,22156,18778,0,115,18778
fc1a1cd2d37a9100a80a496108f693ecebc59e14-dirty,1,burst,80,24,39,1482,25924,80,24,92,23,25813,15062,0,92,15062
fc1a1cd2d37a9100a80a496108f693ecebc59e14-dirty,1,burst,80,24,40,1490,20836,80,24,94,23,20725,15385,0,94,15385
fc1a1cd2d37a9100a80a496108f693ecebc59e14-dirty,1,burst,80,24,41,1497,25924,80,24,115,23,25813,18778,0,115,18778
fc1a1cd2d37a9100a80a496108f693ecebc59e14-dirty,1,burst,80,24,42,1504,24334,80,24,115,23,24223,18778,0,115,18778
fc1a1cd2d37a9100a80a496108f693ecebc59e14-dirty,1,burst,80,24,43,1511,26719,80,24,144,24,26782,23466,0,144,23466
fc1a1cd2d37a9100a80a496108f693ecebc59e14-dirty,1,burst,80,24,44,1539,25447,80,24,121,24,25510,19750,0,121,19750
fc1a1cd2d37a9100a80a496108f693ecebc59e14-dirty,1,burst,80,24,45,1539,25765,80,24,92,23,25654,15062,0,92,15062
fc1a1cd2d37a9100a80a496108f693ecebc59e14-dirty,1,burst,80,24,46,1540,26878,80,24,98,24,26941,16034,0,98,16034
fc1a1cd2d37a9100a80a496108f693ecebc59e14-dirty,1,burst,80,24,47,1540,22585,80,24,120,24,22648,19588,0,120,19588
fc1a1cd2d37a9100a80a496108f693ecebc59e14-dirty,1,burst,80,24,48,1567,25606,80,24,98,24,25669,16034,0,98,16034
fc1a1cd2d37a9100a80a496108f693ecebc59e14-dirty,1,burst,80,24,49,1567,26878,80,24,121,24,26941,19750,0,121,19750
fc1a1cd2d37a9100a80a496108f693ecebc59e14-dirty,1,burst,80,24,50,1568,26719,80,24,114,24,26782,18619,0,114,18619
fc1a1cd2d37a9100a80a496108f693ecebc59e14-dirty,1,burst,80,24,51,1568,26083,80,24,92,24,26146,15064,0,92,15064
fc1a1cd2d37a9100a80a496108f693ecebc59e14-dirty,1,burst,80,24,52,1574,25765,80,24,144,24,25828,23466,0,144,23466
fc1a1cd2d37a9100a80a496108f693ecebc59e14-dirty,1,burst,80,24,53,1581,22267,80,24,92,23,22156,15062,0,92,15062
fc1a1cd2d37a9100a80a496108f693ecebc59e14-dirty,1,burst,80,24,54,1588,25924,80,24,115,23,25813,18778,0,115,18778
fc1a1cd2d37a9100a80a496108f693ecebc59e14-dirty,1,burst,80,24,55,1595,23062,80,24,98,24,23125,16034,0,98,16034
fc1a1cd2d37a9100a80a496108f693ecebc59e14-dirty,1,burst,80,24,56,1602,22108,80,24,111,24,22171,18135,0,111,18135
fc1a1cd2d37a9100a80a496108f693ecebc59e14-dirty,1,burst,80,24,57,1609,26719,80,24,144,24,26782,23466,0,144,23466
fc1a1cd2d37a9100a80a496108f693ecebc59e14-dirty,1,burst,80,24,58,1616,26878,80,24,120,24,26941,19588,0,120,19588
fc1a1cd2d37a9100a80a496108f693ecebc59e14-dirty,1,burst,80,24,59,1644,26560,80,24,96,24,26623,15710,0,96,15710
fc1a1cd2d37a9100a80a496108f693ecebc59e14-dirty,1,burst,80,24,60,1645,26878,80,24,109,24,26941,17806,0,109,17806
fc1a1cd2d37a9100a80a496108f693ecebc59e14-dirty,1,burst,80,24,61,1645,22267,80,24,86,24,22330,14095,0,86,14095
fc1a1cd2d37a9100a80a496108f693ecebc59e14-dirty,1,burst,80,24,62,1646,27355,80,24,166,24,27418,27021,0,166,27021
fc1a1cd2d37a9100a80a496108f693ecebc59e14-dirty,1,burst,80,24,63,1652,29581,80,24,122,24,29644,19912,0,122,19912
fc1a1cd2d37a9100a80a496108f693ecebc59e14-dirty,1,burst,80,24,64,1659,29104,80,24,109,24,29167,17812,0,109,17812
fc1a1cd2d37a9100a80a496108f693ecebc59e14-dirty,1,burst,80,24,65,1688,26083,80,24,120,24,26146,19588,0,120,19588
fc1a1cd2d37a9100a80a496108f693ecebc59e14-dirty,1,burst,80,24,66,1689,26878,80,24,144,24,26941,23466,0,144,23466
fc1a1cd2d37a9100a80a496108f693ecebc59e14-dirty,1,burst,80,24,67,1689,25765,80,24,76,24,25828,12480,0,76,12480
fc1a1cd2d37a9100a80a496108f693ecebc59e14-dirty,1,burst,80,24,68,1690,25765,80,24,115,23,25654,18778,0,115,18778
fc1a1cd2d37a9100a80a496108f693ecebc59e14-dirty,1,burst,80,24,69,1696,25765,80,24,94,23,25654,15385,0,94,15385
fc1a1cd2d37a9100a80a496108f693ecebc59e14-dirty,1,burst,80,24,70,1703,25765,80,24,113,23,25654,18455,0,113,18455
fc1a1cd2d37a9100a80a496108f693ecebc59e14-dirty,1,burst,80,24,71,1711,24334,80,24,123,23,24223,20066,0,123,20066
fc1a1cd2d37a9100a80a496108f693ecebc59e14-dirty,1,burst,80,24,72,1719,29581,80,24,92,23,29470,15062,0,92,15062
fc1a1cd2d37a9100a80a496108f693ecebc59e14-dirty,1,burst,80,24,73,1726,29581,80,24,115,23,29470,18778,0,115,18778
fc1a1cd2d37a9100a80a496108f693ecebc59e14-dirty,1,burst,80,24,74,1733,23062,80,24,101,24,23125,16519,0,101,16519
fc1a1cd2d37a9100a80a496108f693ecebc59e14-dirty,1,burst,80,24,75,1741,23062,80,24,120,24,23125,19588,0,120,19588
fc1a1cd2d37a9100a80a496108f693ecebc59e14-dirty,1,burst,80,24,76,1748,30535,80,24,96,24,30598,15710,0,96,15710
fc1a1cd2d37a9100a80a496108f693ecebc59e14-dirty,1,burst,80,24,77,1755,30694,80,24,101,24,30757,16518,0,101,16518
fc1a1cd2d37a9100a80a496108f693ecebc59e14-dirty,1,burst,80,24,78,1762,30535,80,24,120,24,30598,19588,0,120,19588
fc1a1cd2d37a9100a80a496108f693ecebc59e14-dirty,1,burst,80,24,79,1770,29581,80,24,101,24,29644,16519,0,101,16519
fc1a1cd2d37a9100a80a496108f693ecebc59e14-dirty,1,burst,80,24,80,1777,29422,80,24,138,23,29311,22494,0,138,22494
fc1a1cd2d37a9100a80a496108f693ecebc59e14-dirty,1,burst,80,24,81,1785,29581,80,24,115,23,29470,18778,0,115,18778
fc1a1cd2d37a9100a80a496108f693ecebc59e14-dirty,1,burst,80,24,82,1791,21313,80,24,101,24,21376,16520,0,101,16520
fc1a1cd2d37a9100a80a496108f693ecebc59e14-dirty,1,burst,80,24,83,1813,25924,80,24,117,24,25987,19104,0,117,19104
fc1a1cd2d37a9100a80a496108f693ecebc59e14-dirty,1,burst,80,24,84,1814,30694,80,24,122,24,30757,19912,0,122,19912
fc1a1cd2d37a9100a80a496108f693ecebc59e14-dirty,1,burst,80,24,85,1814,28309,80,24,145,24,28372,23628,0,145,23628
fc1a1cd2d37a9100a80a496108f693ecebc59e14-dirty,1,burst,80,24,86,1821,29581,80,24,96,23,29470,15708,0,96,15708
fc1a1cd2d37a9100a80a496108f693ecebc59e14-dirty,1,burst,80,24,87,1828,25765,80,24,122,24,25828,19912,0,122,19912
fc1a1cd2d37a9100a80a496108f693ecebc59e14-dirty,1,burst,80,24,88,1835,26878,80,24,120,24,26941,19588,0,120,19588
fc1a1cd2d37a9100a80a496108f693ecebc59e14-dirty,1,burst,80,24,89,1843,25924,80,24,145,24,25987,23628,0,145,23628
fc1a1cd2d37a9100a80a496108f693ecebc59e14-dirty,1,burst,80,24,90,1850,26878,80,24,99,24,26941,16196,0,99,16196
fc1a1cd2d37a9100a80a496108f693ecebc59e14-dirty,1,burst,80,24,91,1857,30535,80,24,118,24,30598,19265,0,118,19265
fc1a1cd2d37a9100a80a496108f693ecebc59e14-dirty,1,burst,80,24,92,1865,25765,80,24,122,24,25828,19912,0,122,19912
fc1a1cd2d37a9100a80a496108f693ecebc59e14-dirty,1,burst,80,24,93,1872,29581,80,24,115,23,29470,18778,0,115,18778
fc1a1cd2d37a9100a80a496108f693ecebc59e14-dirty,1,burst,80,24,94,1879,29422,80,24,138,23,29311,22494,0,138,22494
fc1a1cd2d37a9100a80a496108f693ecebc59e14-dirty,1,burst,80,24,95,1887,30535,80,24,122,24,30598,19912,0,122,19912
fc1a1cd2d37a9100a80a496108f693ecebc59e14-dirty,1,burst,80,24,96,1894,29422,80,24,122,24,29485,19912,0,122,19912
fc1a1cd2d37a9100a80a496108f693ecebc59e14-dirty,1,burst,80,24,97,1901,24334,80,24,94,23,24223,15385,0,94,15385
fc1a1cd2d37a9100a80a496108f693ecebc59e14-dirty,1,burst,80,24,98,1908,29104,80,24,115,23,28993,18778,0,115,18778
fc1a1cd2d37a9100a80a496108f693ecebc59e14-dirty,1,burst,80,24,99,1916,29104,80,24,128,24,29167,20881,0,128,20881
fc1a1cd2d37a9100a80a496108f693ecebc59e14-dirty,1,burst,80,24,100,1923,29581,80,24,122,24,29644,19912,0,122,19912
fc1a1cd2d37a9100a80a496108f693ecebc59e14-dirty,1,burst,80,24,101,1930,29104,80,24,92,23,28993,15062,0,92,15062
fc1a1cd2d37a9100a80a496108f693ecebc59e14-dirty,1,burst,80,24,102,1937,29581,80,24,95,23,29470,15547,0,95,15547
fc1a1cd2d37a9100a80a496108f693ecebc59e14-dirty,1,burst,80,24,103,1945,25924,80,24,138,23,25813,22494,0,138,22494
fc1a1cd2d37a9100a80a496108f693ecebc59e14-dirty,1,burst,80,24,104,1952,24175,80,24,115,23,24064,18778,0,115,18778
fc1a1cd2d37a9100a80a496108f693ecebc59e14-dirty,1,burst,80,24,105,1959,25924,80,24,115,23,25813,18778,0,115,18778
fc1a1cd2d37a9100a80a496108f693ecebc59e14-dirty,1,burst,80,24,106,1966,29104,80,24,115,23,28993,18778,0,115,18778
fc1a1cd2d37a9100a80a496108f693ecebc59e14-dirty,1,burst,80,24,107,1974,30694,80,24,122,24,30757,19912,0,122,19912
fc1a1cd2d37a9100a80a496108f693ecebc59e14-dirty,1,burst,80,24,108,1981,26719,80,24,144,24,26782,23466,0,144,23466
fc1a1cd2d37a9100a80a496108f693ecebc59e14-dirty,1,burst,80,24,109,1988,30694,80,24,120,24,30757,19588,0,120,19588
fc1a1cd2d37a9100a80a496108f693ecebc59e14-dirty,1,burst,80,24,110,1996,29581,80,24,122,24,29644,19912,0,122,19912
fc1a1cd2d37a9100a80a496108f693ecebc59e14-dirty,1,burst,80,24,111,2003,30694,80,24,112,24,30757,18297,0,112,18297
fc1a1cd2d37a9100a80a496108f693ecebc59e14-dirty,1,burst,80,24,112,2011,29422,80,24,122,24,29485,19912,0,122,19912
fc1a1cd2d37a9100a80a496108f693ecebc59e14-dirty,1,burst,80,24,113,2019,30058,80,24,145,24,30121,23628,0,145,23628
fc1a1cd2d37a9100a80a496108f693ecebc59e14-dirty,1,burst,80,24,114,2026,29581,80,24,122,24,29644,19912,0,122,19912
fc1a1cd2d37a9100a80a496108f693ecebc59e14-dirty,1,burst,80,24,115,2036,27991,80,24,71,23,27880,11669,0,71,11669
fc1a1cd2d37a9100a80a496108f693ecebc59e14-dirty,1,burst,80,24,116,2066,28150,80,24,92,23,28039,15062,0,92,15062
fc1a1cd2d37a9100a80a496108f693ecebc59e14-dirty,1,burst,80,24,117,2067,22903,80,24,145,24,22966,23628,0,145,23628
fc1a1cd2d37a9100a80a496108f693ecebc59e14-dirty,1,burst,80,24,118,2067,22267,80,24,122,24,22330,19912,0,122,19912
fc1a1cd2d37a9100a80a496108f693ecebc59e14-dirty,1,burst,80,24,119,2068,23062,80,24,122,24,23125,19912,0,122,19912
fc1a1cd2d37a9100a80a496108f693ecebc59e14-dirty,1,burst,80,24,120,2074,26083,80,24,120,24,26146,19588,0,120,19588
fc1a1cd2d37a9100a80a496108f693ecebc59e14-dirty,1,burst,80,24,121,2081,22267,80,24,122,24,22330,19912,0,122,19912
fc1a1cd2d37a9100a80a496108f693ecebc59e14-dirty,1,burst,80,24,122,2089,28150,80,24,115,23,28039,18778,0,115,18778
fc1a1cd2d37a9100a80a496108f693ecebc59e14-dirty,1,burst,80,24,123,2096,29104,80,24,122,24,29167,19912,0,122,19912
fc1a1cd2d37a9100a80a496108f693ecebc59e14-dirty,1,burst,80,24,124,2103,29581,80,24,99,24,29644,16196,0,99,16196
fc1a1cd2d37a9100a80a496108f693ecebc59e14-dirty,1,burst,80,24,125,2111,30535,80,24,122,24,30598,19912,0,122,19912
fc1a1cd2d37a9100a80a496108f693ecebc59e14-dirty,1,burst,80,24,126,2118,27991,80,24,122,24,28054,19912,0,122,19912
fc1a1cd2d37a9100a80a496108f693ecebc59e14-dirty,1,burst,80,24,127,2125,29422,80,24,115,23,29311,18778,0,115,18778
fc1a1cd2d37a9100a80a496108f693ecebc59e14-dirty,1,burst,80,24,128,2132,22903,80,24,76,24,22966,12480,0,76,12480
fc1a1cd2d37a9100a80a496108f693ecebc59e14-dirty,1,burst,80,24,129,2140,29422,80,24,106,24,29485,17323,0,106,17323
fc1a1cd2d37a9100a80a496108f693ecebc59e14-dirty,1,burst,80,24,130,2162,26878,80,24,122,24,26941,19912,0,122,19912
fc1a1cd2d37a9100a80a496108f693ecebc59e14-dirty,1,burst,80,24,131,2162,29422,80,24,122,24,29485,19912,0,122,19912
fc1a1cd2d37a9100a80a496108f693ecebc59e14-dirty,1,burst,80,24,132,2163,30535,80,24,122,24,30598,19912,0,122,19912
fc1a1cd2d37a9100a80a496108f693ecebc59e14-dirty,1,burst,80,24,133,2169,25924,80,24,85,24,25987,13934,0,85,13934
fc1a1cd2d37a9100a80a496108f693ecebc59e14-dirty,1,burst,80,24,134,2176,25447,80,24,92,23,25336,15062,0,92,15062
fc1a1cd2d37a9100a80a496108f693ecebc59e14-dirty,1,burst,80,24,135,2184,24334,80,24,115,23,24223,18778,0,115,18778
fc1a1cd2d37a9100a80a496108f693ecebc59e14-dirty,1,burst,80,24,136,2191,29581,80,24,138,23,29470,22494,0,138,22494
fc1a1cd2d37a9100a80a496108f693ecebc59e14-dirty,1,burst,80,24,137,2199,27991,80,24,101,23,27880,16517,0,101,16517
fc1a1cd2d37a9100a80a496108f693ecebc59e14-dirty,1,burst,80,24,138,2206,22267,80,24,96,23,22156,15708,0,96,15708
fc1a1cd2d37a9100a80a496108f693ecebc59e14-dirty,1,burst,80,24,139,2213,29581,80,24,92,23,29470,15062,0,92,15062
fc1a1cd2d37a9100a80a496108f693ecebc59e14-dirty,1,burst,80,24,140,2221,29422,80,24,138,23,29311,22494,0,138,22494
fc1a1cd2d37a9100a80a496108f693ecebc59e14-dirty,1,burst,80,24,141,2228,29581,80,24,115,23,29470,18778,0,115,18778
fc1a1cd2d37a9100a80a496108f693ecebc59e14-dirty,1,burst,80,24,142,2235,29104,80,24,112,23,28993,18293,0,112,18293
fc1a1cd2d37a9100a80a496108f693ecebc59e14-dirty,1,burst,80,24,143,2243,26719,80,24,82,24,26782,13450,0,82,13450
fc1a1cd2d37a9100a80a496108f693ecebc59e14-dirty,1,burst,80,24,144,2250,29104,80,24,96,24,29167,15710,0,96,15710
fc1a1cd2d37a9100a80a496108f693ecebc59e14-dirty,1,burst,80,24,145,2258,30694,80,24,144,24,30757,23466,0,144,23466
fc1a1cd2d37a9100a80a496108f693ecebc59e14-dirty,1,burst,80,24,146,2265,29581,80,24,122,24,29644,19912,0,122,19912
fc1a1cd2d37a9100a80a496108f693ecebc59e14-dirty,1,burst,80,24,147,2272,29581,80,24,115,23,29470,18778,0,115,18778
fc1a1cd2d37a9100a80a496108f693ecebc59e14-dirty,1,burst,80,24,148,2279,26719,80,24,115,24,26782,18778,0,115,18778
fc1a1cd2d37a9100a80a496108f693ecebc59e14-dirty,1,burst,80,24,149,2287,30694,80,24,144,24,30757,23466,0,144,23466
fc1a1cd2d37a9100a80a496108f693ecebc59e14-dirty,1,burst,80,24,150,2294,29581,80,24,122,24,29644,19912,0,122,19912
fc1a1cd2d37a9100a80a496108f693ecebc59e14-dirty,1,burst,80,24,151,2302,28786,80,24,92,23,28675,15062,0,92,15062
fc1a1cd2d37a9100a80a496108f693ecebc59e14-dirty,1,burst,80,24,152,2309,29581,80,24,92,23,29470,15062,0,92,15062
fc1a1cd2d37a9100a80a496108f693ecebc59e14-dirty,1,burst,80,24,153,2316,25288,80,24,109,24,25351,17812,0,109,17812
fc1a1cd2d37a9100a80a496108f693ecebc59e14-dirty,1,burst,80,24,154,2323,29581,80,24,168,24,29644,27344,0,168,27344
fc1a1cd2d37a9100a80a496108f693ecebc59e14-dirty,1,burst,80,24,155,2331,29581,80,24,115,23,29470,18778,0,115,18778
fc1a1cd2d37a9100a80a496108f693ecebc59e14-dirty,1,burst,80,24,156,2338,29422,80,24,90,23,29311,14739,0,90,14739
fc1a1cd2d37a9100a80a496108f693ecebc59e14-dirty,1,burst,80,24,157,2346,29422,80,24,115,23,29311,18778,0,115,18778
fc1a1cd2d37a9100a80a496108f693ecebc59e14-dirty,1,burst,80,24,158,2353,25924,80,24,102,23,25813,16672,0,102,16672
fc1a1cd2d37a9100a80a496108f693ecebc59e14-dirty,1,burst,80,24,159,2360,29422,80,24,115,23,29311,18778,0,115,18778
fc1a1cd2d37a9100a80a496108f693ecebc59e14-dirty,1,burst,80,24,160,2367,29581,80,24,92,23,29470,15062,0,92,15062
fc1a1cd2d37a9100a80a496108f693ecebc59e14-dirty,1,burst,80,24,161,2375,29581,80,24,92,23,29470,15062,0,92,15062
fc1a1cd2d37a9100a80a496108f693ecebc59e14-dirty,1,burst,80,24,162,2382,29581,80,24,115,23,29470,18778,0,115,18778
fc1a1cd2d37a9100a80a496108f693ecebc59e14-dirty,1,burst,80,24,163,2389,25765,80,24,115,23,25654,18778,0,115,18778
fc1a1cd2d37a9100a80a496108f693ecebc59e14-dirty,1,burst,80,24,164,2396,25765,80,24,115,23,25654,18778,0,115,18778
fc1a1cd2d37a9100a80a496108f693ecebc59e14-dirty,1,burst,80,24,165,2403,30535,80,24,122,24,30598,19912,0,122,19912
fc1a1cd2d37a9100a80a496108f693ecebc59e14-dirty,1,burst,80,24,166,2411,28945,80,24,99,24,29008,16196,0,99,16196
fc1a1cd2d37a9100a80a496108f693ecebc59e14-dirty,1,burst,80,24,167,2418,29104,80,24,92,23,28993,15062,0,92,15062
fc1a1cd2d37a9100a80a496108f693ecebc59e14-dirty,1,burst,80,24,168,2426,24334,80,24,138,23,24223,22494,0,138,22494
fc1a1cd2d37a9100a80a496108f693ecebc59e14-dirty,1,burst,80,24,169,2434,23062,80,24,122,24,23125,19912,0,122,19912
fc1a1cd2d37a9100a80a496108f693ecebc59e14-dirty,1,burst,80,24,170,2442,22108,80,24,122,24,22171,19912,0,122,19912
fc1a1cd2d37a9100a80a496108f693ecebc59e14-dirty,1,burst,80,24,171,2450,22903,80,24,122,24,22966,19912,0,122,19912
fc1a1cd2d37a9100a80a496108f693ecebc59e14-dirty,1,burst,80,24,172,2457,29581,80,24,126,24,29644,20558,0,126,20558
fc1a1cd2d37a9100a80a496108f693ecebc59e14-dirty,1,burst,80,24,173,2464,25129,80,24,115,23,25018,18778,0,115,18778
fc1a1cd2d37a9100a80a496108f693ecebc59e14-dirty,1,burst,80,24,174,2472,22108,80,24,115,23,21997,18778,0,115,18778
fc1a1cd2d37a9100a80a496108f693ecebc59e14-dirty,1,burst,80,24,175,2479,27196,80,24,115,23,27085,18778,0,115,18778
fc1a1cd2d37a9100a80a496108f693ecebc59e14-dirty,1,burst,80,24,176,2486,25924,80,24,106,23,25813,17320,0,106,17320
fc1a1cd2d37a9100a80a496108f693ecebc59e14-dirty,1,burst,80,24,177,2494,30535,80,24,130,24,30598,21208,0,130,21208
fc1a1cd2d37a9100a80a496108f693ecebc59e14-dirty,1,burst,80,24,178,2501,30535,80,24,114,24,30598,18619,0,114,18619
fc1a1cd2d37a9100a80a496108f693ecebc59e14-dirty,1,burst,80,24,179,2508,25924,80,24,122,24,25987,19912,0,122,19912
fc1a1cd2d37a9100a80a496108f693ecebc59e14-dirty,1,burst,80,24,180,2516,29104,80,24,115,23,28993,18778,0,115,18778
fc1a1cd2d37a9100a80a496108f693ecebc59e14-dirty,1,burst,80,24,181,2523,25288,80,24,122,24,25351,19912,0,122,19912
fc1a1cd2d37a9100a80a496108f693ecebc59e14-dirty,1,burst,80,24,182,2530,29422,80,24,122,24,29485,19912,0,122,19912
fc1a1cd2d37a9100a80a496108f693ecebc59e14-dirty,1,burst,80,24,183,2538,30535,80,24,122,24,30598,19912,0,122,19912
fc1a1cd2d37a9100a80a496108f693ecebc59e14-dirty,1,burst,80,24,184,2545,29422,80,24,99,24,29485,16196,0,99,16196
fc1a1cd2d37a9100a80a496108f693ecebc59e14-dirty,1,burst,80,24,185,2553,27991,80,24,108,23,27880,17647,0,108,17647
fc1a1cd2d37a9100a80a496108f693ecebc59e14-dirty,1,burst,80,24,186,2560,29581,80,24,138,23,29470,22494,0,138,22494
fc1a1cd2d37a9100a80a496108f693ecebc59e14-dirty,1,burst,80,24,187,2567,30694,80,24,99,24,30757,16196,0,99,16196
fc1a1cd2d37a9100a80a496108f693ecebc59e14-dirty,1,burst,80,24,188,2575,29581,80,24,78,24,29644,12803,0,78,12803
fc1a1cd2d37a9100a80a496108f693ecebc59e14-dirty,1,burst,80,24,189,2582,29422,80,24,122,24,29485,19912,0,122,19912
fc1a1cd2d37a9100a80a496108f693ecebc59e14-dirty,1,burst,80,24,190,2589,29104,80,24,120,24,29167,19588,0,120,19588
fc1a1cd2d37a9100a80a496108f693ecebc59e14-dirty,1,burst,80,24,191,2598,25924,80,24,145,24,25987,23628,0,145,23628
fc1a1cd2d37a9100a80a496108f693ecebc59e14-dirty,1,burst,80,24,192,2604,26878,80,24,122,24,26941,19912,0,122,19912
fc1a1cd2d37a9100a80a496108f693ecebc59e14-dirty,1,burst,80,24,193,2611,25924,80,24,53,24,25987,8764,0,53,8764
fc1a1cd2d37a9100a80a496108f693ecebc59e14-dirty,1,burst,80,24,194,2643,25129,80,24,122,24,25192,19912,0,122,19912
fc1a1cd2d37a9100a80a496108f693ecebc59e14-dirty,1,burst,80,24,195,2644,26878,80,24,144,24,26941,23466,0,144,23466
fc1a1cd2d37a9100a80a496108f693ecebc59e14-dirty,1,burst,80,24,196,2644,29581,80,24,122,24,29644,19912,0,122,19912
fc1a1cd2d37a9100a80a496108f693ecebc59e14-dirty,1,burst,80,24,197,2645,29263,80,24,115,23,29152,18778,0,115,18778
fc1a1cd2d37a9100a80a496108f693ecebc59e14-dirty,1,burst,80,24,198,2651,28150,80,24,115,23,28039,18778,0,115,18778
fc1a1cd2d37a9100a80a496108f693ecebc59e14-dirty,1,burst,80,24,199,2659,25924,80,24,104,23,25813,17000,0,104,17000
fc1a1cd2d37a9100a80a496108f693ecebc59e14-dirty,1,burst,80,24,200,2666,29422,80,24,161,23,29311,26210,0,161,26210
fc1a1cd2d37a9100a80a496108f693ecebc59e14-dirty,1,burst,80,24,201,2675,29581,80,24,115,23,29470,18778,0,115,18778
fc1a1cd2d37a9100a80a496108f693ecebc59e14-dirty,1,burst,80,24,202,2683,29581,80,24,115,23,29470,18778,0,115,18778
fc1a1cd2d37a9100a80a496108f693ecebc59e14-dirty,1,burst,80,24,203,2690,29581,80,24,92,23,29470,15062,0,92,15062
fc1a1cd2d37a9100a80a496108f693ecebc59e14-dirty,1,burst,80,24,204,2698,29581,80,24,138,23,29470,22494,0,138,22494
fc1a1cd2d37a9100a80a496108f693ecebc59e14-dirty,1,burst,80,24,205,2705,29899,80,24,122,24,29962,19912,0,122,19912
fc1a1cd2d37a9100a80a496108f693ecebc59e14-dirty,1,burst,80,24,206,2712,27832,80,24,122,24,27895,19912,0,122,19912
fc1a1cd2d37a9100a80a496108f693ecebc59e14-dirty,1,burst,80,24,207,2720,28309,80,24,90,23,28198,14739,0,90,14739
fc1a1cd2d37a9100a80a496108f693ecebc59e14-dirty,1,burst,80,24,208,2727,30694,80,24,109,24,30757,17812,0,109,17812
fc1a1cd2d37a9100a80a496108f693ecebc59e14-dirty,1,burst,80,24,209,2734,29422,80,24,136,24,29485,22174,0,136,22174
fc1a1cd2d37a9100a80a496108f693ecebc59e14-dirty,1,burst,80,24,210,2742,29422,80,24,122,24,29485,19912,0,122,19912
fc1a1cd2d37a9100a80a496108f693ecebc59e14-dirty,1,burst,80,24,211,2749,29581,80,24,99,24,29644,16196,0,99,16196
fc1a1cd2d37a9100a80a496108f693ecebc59e14-dirty,1,burst,80,24,212,2756,29422,80,24,115,23,29311,18778,0,115,18778
fc1a1cd2d37a9100a80a496108f693ecebc59e14-dirty,1,burst,80,24,213,2764,29581,80,24,138,23,29470,22494,0,138,22494
fc1a1cd2d37a9100a80a496108f693ecebc59e14-dirty,1,burst,80,24,214,2771,29581,80,24,92,23,29470,15062,0,92,15062
fc1a1cd2d37a9100a80a496108f693ecebc59e14-dirty,1,burst,80,24,215,2779,29581,80,24,115,23,29470,18778,0,115,18778
fc1a1cd2d37a9100a80a496108f693ecebc59e14-dirty,1,burst,80,24,216,2801,29581,80,24,115,23,29470,18778,0,115,18778
fc1a1cd2d37a9100a80a496108f693ecebc59e14-dirty,1,burst,80,24,217,2801,28786,80,24,90,23,28675,14739,0,90,14739
fc1a1cd2d37a9100a80a496108f693ecebc59e14-dirty,1,burst,80,24,218,2802,25765,80,24,138,23,25654,22494,0,138,22494
fc1a1cd2d37a9100a80a496108f693ecebc59e14-dirty,1,burst,80,24,219,2809,25924,80,24,115,23,25813,18778,0,115,18778
fc1a1cd2d37a9100a80a496108f693ecebc59e14-dirty,1,burst,80,24,220,2817,25288,80,24,122,24,25351,19912,0,122,19912
fc1a1cd2d37a9100a80a496108f693ecebc59e14-dirty,1,burst,80,24,221,2824,24811,80,24,122,24,24874,19912,0,122,19912
fc1a1cd2d37a9100a80a496108f693ecebc59e14-dirty,1,burst,80,24,222,2832,28786,80,24,96,23,28675,15708,0,96,15708
fc1a1cd2d37a9100a80a496108f693ecebc59e14-dirty,1,burst,80,24,223,2839,25924,80,24,115,23,25813,18778,0,115,18778
fc1a1cd2d37a9100a80a496108f693ecebc59e14-dirty,1,burst,80,24,224,2846,28945,80,24,122,24,29008,19912,0,122,19912
fc1a1cd2d37a9100a80a496108f693ecebc59e14-dirty,1,burst,80,24,225,2854,29422,80,24,122,24,29485,19912,0,122,19912
fc1a1cd2d37a9100a80a496108f693ecebc59e14-dirty,1,burst,80,24,226,2861,28786,80,24,115,23,28675,18778,0,115,18778
fc1a1cd2d37a9100a80a496108f693ecebc59e14-dirty,1,burst,80,24,227,2868,29422,80,24,122,23,29311,19909,0,122,19909
fc1a1cd2d37a9100a80a496108f693ecebc59e14-dirty,1,burst,80,24,228,2875,25447,80,24,75,23,25336,12316,0,75,12316
fc1a1cd2d37a9100a80a496108f693ecebc59e14-dirty,1,burst,80,24,229,2883,24175,80,24,72,23,24064,11832,0,72,11832
fc1a1cd2d37a9100a80a496108f693ecebc59e14-dirty,1,burst,80,24,230,2912,21631,80,24,120,24,21694,19589,0,120,19589
fc1a1cd2d37a9100a80a496108f693ecebc59e14-dirty,1,burst,80,24,231,2912,26878,80,24,114,24,26941,18619,0,114,18619
fc1a1cd2d37a9100a80a496108f693ecebc59e14-dirty,1,burst,80,24,232,2913,30694,80,24,126,24,30757,20557,0,126,20557
fc1a1cd2d37a9100a80a496108f693ecebc59e14-dirty,1,burst,80,24,233,2914,29581,80,24,122,24,29644,19912,0,122,19912
fc1a1cd2d37a9100a80a496108f693ecebc59e14-dirty,1,burst,80,24,234,2919,29422,80,24,115,23,29311,18778,0,115,18778
fc1a1cd2d37a9100a80a496108f693ecebc59e14-dirty,1,burst,80,24,235,2926,29581,80,24,115,23,29470,18778,0,115,18778
fc1a1cd2d37a9100a80a496108f693ecebc59e14-dirty,1,burst,80,24,236,2934,30535,80,24,145,24,30598,23628,0,145,23628
fc1a1cd2d37a9100a80a496108f693ecebc59e14-dirty,1,burst,80,24,237,2941,29581,80,24,120,24,29644,19590,0,120,19590
fc1a1cd2d37a9100a80a496108f693ecebc59e14-dirty,1,burst,80,24,238,2949,29581,80,24,115,23,29470,18778,0,115,18778
fc1a1cd2d37a9100a80a496108f693ecebc59e14-dirty,1,burst,80,24,239,2956,25924,80,24,102,23,25813,16678,0,102,16678
fc1a1cd2d37a9100a80a496108f693ecebc59e14-dirty,1,burst,80,24,240,2963,29104,80,24,99,24,29167,16196,0,99,16196
fc1a1cd2d37a9100a80a496108f693ecebc59e14-dirty,1,burst,80,24,241,2970,29263,80,24,144,24,29326,23466,0,144,23466
fc1a1cd2d37a9100a80a496108f693ecebc59e14-dirty,1,burst,80,24,242,2978,25765,80,24,122,24,25828,19912,0,122,19912
fc1a1cd2d37a9100a80a496108f693ecebc59e14-dirty,1,burst,80,24,243,2985,25924,80,24,115,23,25813,18778,0,115,18778
fc1a1cd2d37a9100a80a496108f693ecebc59e14-dirty,1,burst,80,24,244,2992,29581,80,24,115,23,29470,18778,0,115,18778
fc1a1cd2d37a9100a80a496108f693ecebc59e14-dirty,1,burst,80,24,245,2999,26878,80,24,99,24,26941,16196,0,99,16196
fc1a1cd2d37a9100a80a496108f693ecebc59e14-dirty,1,burst,80,24,246,3005,16861,80,24,102,24,16924,16682,0,102,16682
fc1a1cd2d37a9100a80a496108f693ecebc59e14-dirty,2,burst,80,24,1,2,17179,80,24,1,1,848,360,0,1,360
fc1a1cd2d37a9100a80a496108f693ecebc59e14-dirty,2,burst,80,24,2,102,17338,80,24,1,1,1007,360,0,1,360
fc1a1cd2d37a9100a80a496108f693ecebc59e14-dirty,2,burst,80,24,3,203,17497,80,24,1,1,1166,360,0,1,360
fc1a1cd2d37a9100a80a496108f693ecebc59e14-dirty,2,burst,80,24,4,303,17497,80,24,0,0,199,199,0,0,199
fc1a1cd2d37a9100a80a496108f693ecebc59e14-dirty,2,burst,80,24,5,404,17815,80,24,1,1,1484,360,0,1,360
fc1a1cd2d37a9100a80a496108f693ecebc59e14-dirty,2,burst,80,24,6,504,17815,80,24,0,0,199,199,0,0,199
fc1a1cd2d37a9100a80a496108f693ecebc59e14-dirty,2,burst,80,24,7,605,18133,80,24,1,1,1802,360,0,1,360
fc1a1cd2d37a9100a80a496108f693ecebc59e14-dirty,2,burst,80,24,8,700,18293,80,24,1,1,1962,361,0,1,361
fc1a1cd2d37a9100a80a496108f693ecebc59e14-dirty,2,burst,80,24,9,801,18293,80,24,1,1,1962,362,0,1,362
fc1a1cd2d37a9100a80a496108f693ecebc59e14-dirty,2,burst,80,24,10,901,18293,80,24,1,1,1962,362,0,1,362
fc1a1cd2d37a9100a80a496108f693ecebc59e14-dirty,2,burst,80,24,11,1043,18293,80,24,1,1,1962,362,0,1,362
fc1a1cd2d37a9100a80a496108f693ecebc59e14-dirty,2,burst,80,24,12,1102,18293,80,24,1,1,1962,362,0,1,362
fc1a1cd2d37a9100a80a496108f693ecebc59e14-dirty,2,burst,80,24,13,1202,18293,80,24,1,1,1962,362,0,1,362
fc1a1cd2d37a9100a80a496108f693ecebc59e14-dirty,2,burst,80,24,14,1303,15271,80,24,146,24,15334,23804,0,146,23804
fc1a1cd2d37a9100a80a496108f693ecebc59e14-dirty,2,burst,80,24,15,1310,22108,80,24,103,23,21997,16843,0,103,16843
fc1a1cd2d37a9100a80a496108f693ecebc59e14-dirty,2,burst,80,24,16,1337,22267,80,24,92,23,22156,15062,0,92,15062
fc1a1cd2d37a9100a80a496108f693ecebc59e14-dirty,2,burst,80,24,17,1337,21472,80,24,74,24,21535,12156,0,74,12156
fc1a1cd2d37a9100a80a496108f693ecebc59e14-dirty,2,burst,80,24,18,1337,20995,80,24,118,24,21058,19266,0,118,19266
fc1a1cd2d37a9100a80a496108f693ecebc59e14-dirty,2,burst,80,24,19,1338,21313,80,24,109,24,21376,17805,0,109,17805
fc1a1cd2d37a9100a80a496108f693ecebc59e14-dirty,2,burst,80,24,20,1365,25447,80,24,97,24,25510,15872,0,97,15872
fc1a1cd2d37a9100a80a496108f693ecebc59e14-dirty,2,burst,80,24,21,1366,25765,80,24,103,23,25654,16844,0,103,16844
fc1a1cd2d37a9100a80a496108f693ecebc59e14-dirty,2,burst,80,24,22,1366,24811,80,24,118,24,24874,19264,0,118,19264
fc1a1cd2d37a9100a80a496108f693ecebc59e14-dirty,2,burst,80,24,23,1367,25924,80,24,118,24,25987,19264,0,118,19264
fc1a1cd2d37a9100a80a496108f693ecebc59e14-dirty,2,burst,80,24,24,1372,26878,80,24,121,24,26941,19750,0,121,19750
fc1a1cd2d37a9100a80a496108f693ecebc59e14-dirty,2,burst,80,24,25,1380,22267,80,24,75,24,22330,12318,0,75,12318
fc1a1cd2d37a9100a80a496108f693ecebc59e14-dirty,2,burst,80,24,26,1388,25924,80,24,100,23,25813,16355,0,100,16355
fc1a1cd2d37a9100a80a496108f693ecebc59e14-dirty,2,burst,80,24,27,1396,25288,80,24,115,23,25177,18778,0,115,18778
fc1a1cd2d37a9100a80a496108f693ecebc59e14-dirty,2,burst,80,24,28,1403,21472,80,24,121,24,21535,19750,0,121,19750
fc1a1cd2d37a9100a80a496108f693ecebc59e14-dirty,2,burst,80,24,29,1409,22267,80,24,144,24,22330,23466,0,144,23466
fc1a1cd2d37a9100a80a496108f693ecebc59e14-dirty,2,burst,80,24,30,1417,18292,80,24,101,23,18181,16516,0,101,16516
fc1a1cd2d37a9100a80a496108f693ecebc59e14-dirty,2,burst,80,24,31,1423,22744,80,24,115,23,22633,18778,0,115,18778
fc1a1cd2d37a9100a80a496108f693ecebc59e14-dirty,2,burst,80,24,32,1431,24811,80,24,92,23,24700,15062,0,92,15062
fc1a1cd2d37a9100a80a496108f693ecebc59e14-dirty,2,burst,80,24,33,1438,25924,80,24,69,23,25813,11346,0,69,11346
fc1a1cd2d37a9100a80a496108f693ecebc59e14-dirty,2,burst,80,24,34,1445,26719,80,24,133,24,26782,21689,0,133,21689
fc1a1cd2d37a9100a80a496108f693ecebc59e14-dirty,2,burst,80,24,35,1452,20677,80,24,98,24,20740,16034,0,98,16034
fc1a1cd2d37a9100a80a496108f693ecebc59e14-dirty,2,burst,80,24,36,1459,25924,80,24,72,23,25813,11831,0,72,11831
fc1a1cd2d37a9100a80a496108f693ecebc59e14-dirty,2,burst,80,24,37,1466,24175,80,24,113,24,24238,18462,0,113,18462
fc1a1cd2d37a9100a80a496108f693ecebc59e14-dirty,2,burst,80,24,38,1472,26878,80,24,120,24,26941,19588,0,120,19588
fc1a1cd2d37a9100a80a496108f693ecebc59e14-dirty,2,burst,80,24,39,1479,25924,80,24,144,24,25987,23466,0,144,23466
fc1a1cd2d37a9100a80a496108f693ecebc59e14-dirty,2,burst,80,24,40,1486,25924,80,24,121,24,25987,19750,0,121,19750
fc1a1cd2d37a9100a80a496108f693ecebc59e14-dirty,2,burst,80,24,41,1492,26878,80,24,106,24,26941,17325,0,106,17325
fc1a1cd2d37a9100a80a496108f693ecebc59e14-dirty,2,burst,80,24,42,1499,23062,80,24,120,24,23125,19588,0,120,19588
fc1a1cd2d37a9100a80a496108f693ecebc59e14-dirty,2,burst,80,24,43,1505,22267,80,24,121,24,22330,19750,0,121,19750
fc1a1cd2d37a9100a80a496108f693ecebc59e14-dirty,2,burst,80,24,44,1512,25924,80,24,115,23,25813,18778,0,115,18778
fc1a1cd2d37a9100a80a496108f693ecebc59e14-dirty,2,burst,80,24,45,1518,24811,80,24,138,23,24700,22494,0,138,22494
fc1a1cd2d37a9100a80a496108f693ecebc59e14-dirty,2,burst,80,24,46,1525,26878,80,24,121,24,26941,19750,0,121,19750
fc1a1cd2d37a9100a80a496108f693ecebc59e14-dirty,2,burst,80,24,47,1532,26878,80,24,120,24,26941,19588,0,120,19588
fc1a1cd2d37a9100a80a496108f693ecebc59e14-dirty,2,burst,80,24,48,1538,26560,80,24,120,24,26623,19588,0,120,19588
fc1a1cd2d37a9100a80a496108f693ecebc59e14-dirty,2,burst,80,24,49,1545,25924,80,24,121,24,25987,19750,0,121,19750
fc1a1cd2d37a9100a80a496108f693ecebc59e14-dirty,2,burst,80,24,50,1551,22267,80,24,115,23,22156,18778,0,115,18778
fc1a1cd2d37a9100a80a496108f693ecebc59e14-dirty,2,burst,80,24,51,1558,25924,80,24,138,23,25813,22494,0,138,22494
fc1a1cd2d37a9100a80a496108f693ecebc59e14-dirty,2,burst,80,24,52,1564,24970,80,24,115,23,24859,18778,0,115,18778
fc1a1cd2d37a9100a80a496108f693ecebc59e14-dirty,2,burst,80,24,53,1571,25924,80,24,115,23,25813,18778,0,115,18778
fc1a1cd2d37a9100a80a496108f693ecebc59e14-dirty,2,burst,80,24,54,1577,18610,80,24,92,23,18499,15062,0,92,15062
fc1a1cd2d37a9100a80a496108f693ecebc59e14-dirty,2,burst,80,24,55,1584,23062,80,24,121,24,23125,19750,0,121,19750
fc1a1cd2d37a9100a80a496108f693ecebc59e14-dirty,2,burst,80,24,56,1591,25924,80,24,121,24,25987,19750,0,121,19750
fc1a1cd2d37a9100a80a496108f693ecebc59e14-dirty,2,burst,80,24,57,1597,24652,80,24,115,23,24541,18778,0,115,18778
fc1a1cd2d37a9100a80a496108f693ecebc59e14-dirty,2,burst,80,24,58,1604,26083,80,24,120,24,26146,19588,0,120,19588
fc1a1cd2d37a9100a80a496108f693ecebc59e14-dirty,2,burst,80,24,59,1610,25765,80,24,120,24,25828,19588,0,120,19588
fc1a1cd2d37a9100a80a496108f693ecebc59e14-dirty,2,burst,80,24,60,1617,25924,80,24,115,23,25813,18778,0,115,18778
fc1a1cd2d37a9100a80a496108f693ecebc59e14-dirty,2,burst,80,24,61,1624,26878,80,24,106,24,26941,17326,0,106,17326
fc1a1cd2d37a9100a80a496108f693ecebc59e14-dirty,2,burst,80,24,62,1630,20677,80,24,121,24,20740,19750,0,121,19750
fc1a1cd2d37a9100a80a496108f693ecebc59e14-dirty,2,burst,80,24,63,1637,23062,80,24,144,24,23125,23466,0,144,23466
fc1a1cd2d37a9100a80a496108f693ecebc59e14-dirty,2,burst,80,24,64,1643,26878,80,24,120,24,26941,19588,0,120,19588
fc1a1cd2d37a9100a80a496108f693ecebc59e14-dirty,2,burst,80,24,65,1670,24175,80,24,98,24,24238,16034,0,98,16034
fc1a1cd2d37a9100a80a496108f693ecebc59e14-dirty,2,burst,80,24,66,1670,25924,80,24,92,23,25813,15062,0,92,15062
fc1a1cd2d37a9100a80a496108f693ecebc59e14-dirty,2,burst,80,24,67,1671,23062,80,24,98,24,23125,16034,0,98,16034
fc1a1cd2d37a9100a80a496108f693ecebc59e14-dirty,2,burst,80,24,68,1671,25924,80,24,121,24,25987,19750,0,121,19750
fc1a1cd2d37a9100a80a496108f693ecebc59e14-dirty,2,burst,80,24,69,1676,18610,80,24,115,23,18499,18778,0,115,18778
fc1a1cd2d37a9100a80a496108f693ecebc59e14-dirty,2,burst,80,24,70,1683,26560,80,24,159,23,26449,25887,0,159,25887
fc1a1cd2d37a9100a80a496108f693ecebc59e14-dirty,2,burst,80,24,71,1690,29422,80,24,69,23,29311,11346,0,69,11346
fc1a1cd2d37a9100a80a496108f693ecebc59e14-dirty,2,burst,80,24,72,1697,29422,80,24,115,23,29311,18778,0,115,18778
fc1a1cd2d37a9100a80a496108f693ecebc59e14-dirty,2,burst,80,24,73,1703,29581,80,24,115,23,29470,18778,0,115,18778
fc1a1cd2d37a9100a80a496108f693ecebc59e14-dirty,2,burst,80,24,74,1710,28786,80,24,92,23,28675,15062,0,92,15062
fc1a1cd2d37a9100a80a496108f693ecebc59e14-dirty,2,burst,80,24,75,1717,29581,80,24,115,23,29470,18778,0,115,18778
fc1a1cd2d37a9100a80a496108f693ecebc59e14-dirty,2,burst,80,24,76,1724,22267,80,24,138,23,22156,22494,0,138,22494
fc1a1cd2d37a9100a80a496108f693ecebc59e14-dirty,2,burst,80,24,77,1731,23062,80,24,122,24,23125,19912,0,122,19912
fc1a1cd2d37a9100a80a496108f693ecebc59e14-dirty,2,burst,80,24,78,1738,25765,80,24,122,24,25828,19912,0,122,19912
fc1a1cd2d37a9100a80a496108f693ecebc59e14-dirty,2,burst,80,24,79,1745,25924,80,24,115,23,25813,18778,0,115,18778
fc1a1cd2d37a9100a80a496108f693ecebc59e14-dirty,2,burst,80,24,80,1752,26878,80,24,122,24,26941,19912,0,122,19912
fc1a1cd2d37a9100a80a496108f693ecebc59e14-dirty,2,burst,80,24,81,1758,25924,80,24,122,24,25987,19912,0,122,19912
fc1a1cd2d37a9100a80a496108f693ecebc59e14-dirty,2,burst,80,24,82,1765,30694,80,24,145,24,30757,23628,0,145,23628
fc1a1cd2d37a9100a80a496108f693ecebc59e14-dirty,2,burst,80,24,83,1772,30535,80,24,96,24,30598,15710,0,96,15710
fc1a1cd2d37a9100a80a496108f693ecebc59e14-dirty,2,burst,80,24,84,1794,30694,80,24,120,24,30757,19588,0,120,19588
fc1a1cd2d37a9100a80a496108f693ecebc59e14-dirty,2,burst,80,24,85,1794,30694,80,24,96,24,30757,15710,0,96,15710
fc1a1cd2d37a9100a80a496108f693ecebc59e14-dirty,2,burst,80,24,86,1795,28945,80,24,120,24,29008,19588,0,120,19588
fc1a1cd2d37a9100a80a496108f693ecebc59e14-dirty,2,burst,80,24,87,1801,26401,80,24,120,24,26464,19588,0,120,19588
fc1a1cd2d37a9100a80a496108f693ecebc59e14-dirty,2,burst,80,24,88,1807,29104,80,24,136,24,29167,22173,0,136,22173
fc1a1cd2d37a9100a80a496108f693ecebc59e14-dirty,2,burst,80,24,89,1814,25924,80,24,115,23,25813,18778,0,115,18778
fc1a1cd2d37a9100a80a496108f693ecebc59e14-dirty,2,burst,80,24,90,1821,30694,80,24,122,24,30757,19912,0,122,19912
fc1a1cd2d37a9100a80a496108f693ecebc59e14-dirty,2,burst,80,24,91,1828,29581,80,24,122,24,29644,19912,0,122,19912
fc1a1cd2d37a9100a80a496108f693ecebc59e14-dirty,2,burst,80,24,92,1834,29581,80,24,115,23,29470,18778,0,115,18778
fc1a1cd2d37a9100a80a496108f693ecebc59e14-dirty,2,burst,80,24,93,1841,30535,80,24,122,24,30598,19912,0,122,19912
fc1a1cd2d37a9100a80a496108f693ecebc59e14-dirty,2,burst,80,24,94,1848,29581,80,24,136,24,29644,22179,0,136,22179
fc1a1cd2d37a9100a80a496108f693ecebc59e14-dirty,2,burst,80,24,95,1855,30694,80,24,99,24,30757,16196,0,99,16196
fc1a1cd2d37a9100a80a496108f693ecebc59e14-dirty,2,burst,80,24,96,1862,24970,80,24,122,24,25033,19912,0,122,19912
fc1a1cd2d37a9100a80a496108f693ecebc59e14-dirty,2,burst,80,24,97,1868,30217,80,24,122,24,30280,19912,0,122,19912
fc1a1cd2d37a9100a80a496108f693ecebc59e14-dirty,2,burst,80,24,98,1875,30694,80,24,120,24,30757,19588,0,120,19588
fc1a1cd2d37a9100a80a496108f693ecebc59e14-dirty,2,burst,80,24,99,1882,29581,80,24,118,24,29644,19266,0,118,19266
fc1a1cd2d37a9100a80a496108f693ecebc59e14-dirty,2,burst,80,24,100,1889,29104,80,24,145,24,29167,23628,0,145,23628
fc1a1cd2d37a9100a80a496108f693ecebc59e14-dirty,2,burst,80,24,101,1895,27991,80,24,122,24,28054,19912,0,122,19912
fc1a1cd2d37a9100a80a496108f693ecebc59e14-dirty,2,burst,80,24,102,1902,30694,80,24,122,24,30757,19912,0,122,19912
fc1a1cd2d37a9100a80a496108f693ecebc59e14-dirty,2,burst,80,24,103,1909,29104,80,24,122,24,29167,19912,0,122,19912
fc1a1cd2d37a9100a80a496108f693ecebc59e14-dirty,2,burst,80,24,104,1916,29581,80,24,115,23,29470,18778,0,115,18778
fc1a1cd2d37a9100a80a496108f693ecebc59e14-dirty,2,burst,80,24,105,1923,30694,80,24,122,24,30757,19912,0,122,19912
fc1a1cd2d37a9100a80a496108f693ecebc59e14-dirty,2,burst,80,24,106,1929,26401,80,24,145,24,26464,23628,0,145,23628
fc1a1cd2d37a9100a80a496108f693ecebc59e14-dirty,2,burst,80,24,107,1936,29581,80,24,115,23,29470,18778,0,115,18778
fc1a1cd2d37a9100a80a496108f693ecebc59e14-dirty,2,burst,80,24,108,1943,29422,80,24,110,23,29311,17973,0,110,17973
fc1a1cd2d37a9100a80a496108f693ecebc59e14-dirty,2,burst,80,24,109,1950,26878,80,24,104,24,26941,17001,0,104,17001
fc1a1cd2d37a9100a80a496108f693ecebc59e14-dirty,2,burst,80,24,110,1957,26719,80,24,96,24,26782,15710,0,96,15710
fc1a1cd2d37a9100a80a496108f693ecebc59e14-dirty,2,burst,80,24,111,1963,29581,80,24,99,24,29644,16196,0,99,16196
fc1a1cd2d37a9100a80a496108f693ecebc59e14-dirty,2,burst,80,24,112,1970,27673,80,24,116,23,27562,18939,0,116,18939
fc1a1cd2d37a9100a80a496108f693ecebc59e14-dirty,2,burst,80,24,113,1977,28786,80,24,115,23,28675,18778,0,115,18778
fc1a1cd2d37a9100a80a496108f693ecebc59e14-dirty,2,burst,80,24,114,1984,30694,80,24,122,24,30757,19912,0,122,19912
fc1a1cd2d37a9100a80a496108f693ecebc59e14-dirty,2,burst,80,24,115,1990,30694,80,24,120,24,30757,19588,0,120,19588
fc1a1cd2d37a9100a80a496108f693ecebc59e14-dirty,2,burst,80,24,116,1997,24970,80,24,122,24,25033,19912,0,122,19912
fc1a1cd2d37a9100a80a496108f693ecebc59e14-dirty,2,burst,80,24,117,2004,24334,80,24,115,23,24223,18778,0,115,18778
fc1a1cd2d37a9100a80a496108f693ecebc59e14-dirty,2,burst,80,24,118,2010,30694,80,24,145,24,30757,23628,0,145,23628
fc1a1cd2d37a9100a80a496108f693ecebc59e14-dirty,2,burst,80,24,119,2017,26560,80,24,122,24,26623,19912,0,122,19912
fc1a1cd2d37a9100a80a496108f693ecebc59e14-dirty,2,burst,80,24,120,2024,30694,80,24,122,24,30757,19912,0,122,19912
fc1a1cd2d37a9100a80a496108f693ecebc59e14-dirty,2,burst,80,24,121,2031,29581,80,24,118,24,29644,19266,0,118,19266
fc1a1cd2d37a9100a80a496108f693ecebc59e14-dirty,2,burst,80,24,122,2038,25924,80,24,115,23,25813,18778,0,115,18778
fc1a1cd2d37a9100a80a496108f693ecebc59e14-dirty,2,burst,80,24,123,2044,21313,80,24,69,23,21202,11346,0,69,11346
fc1a1cd2d37a9100a80a496108f693ecebc59e14-dirty,2,burst,80,24,124,2051,27991,80,24,138,23,27880,22494,0,138,22494
fc1a1cd2d37a9100a80a496108f693ecebc59e14-dirty,2,burst,80,24,125,2058,29581,80,24,115,23,29470,18778,0,115,18778
fc1a1cd2d37a9100a80a496108f693ecebc59e14-dirty,2,burst,80,24,126,2065,29422,80,24,115,23,29311,18778,0,115,18778
fc1a1cd2d37a9100a80a496108f693ecebc59e14-dirty,2,burst,80,24,127,2071,29581,80,24,92,23,29470,15062,0,92,15062
fc1a1cd2d37a9100a80a496108f693ecebc59e14-dirty,2,burst,80,24,128,2078,25765,80,24,115,23,25654,18778,0,115,18778
fc1a1cd2d37a9100a80a496108f693ecebc59e14-dirty,2,burst,80,24,129,2085,24970,80,24,115,23,24859,18778,0,115,18778
fc1a1cd2d37a9100a80a496108f693ecebc59e14-dirty,2,burst,80,24,130,2092,25924,80,24,115,23,25813,18778,0,115,18778
fc1a1cd2d37a9100a80a496108f693ecebc59e14-dirty,2,burst,80,24,131,2099,29581,80,24,161,23,29470,26210,0,161,26210
fc1a1cd2d37a9100a80a496108f693ecebc59e14-dirty,2,burst,80,24,132,2105,29422,80,24,107,23,29311,17490,0,107,17490
fc1a1cd2d37a9100a80a496108f693ecebc59e14-dirty,2,burst,80,24,133,2112,29581,80,24,115,23,29470,18778,0,115,18778
fc1a1cd2d37a9100a80a496108f693ecebc59e14-dirty,2,burst,80,24,134,2119,29422,80,24,115,23,29311,18778,0,115,18778
fc1a1cd2d37a9100a80a496108f693ecebc59e14-dirty,2,burst,80,24,135,2125,25924,80,24,92,23,25813,15062,0,92,15062
fc1a1cd2d37a9100a80a496108f693ecebc59e14-dirty,2,burst,80,24,136,2132,25924,80,24,92,23,25813,15062,0,92,15062
fc1a1cd2d37a9100a80a496108f693ecebc59e14-dirty,2,burst,80,24,137,2139,26878,80,24,145,24,26941,23628,0,145,23628
fc1a1cd2d37a9100a80a496108f693ecebc59e14-dirty,2,burst,80,24,138,2146,29581,80,24,99,24,29644,16196,0,99,16196
fc1a1cd2d37a9100a80a496108f693ecebc59e14-dirty,2,burst,80,24,139,2153,25288,80,24,115,23,25177,18778,0,115,18778
fc1a1cd2d37a9100a80a496108f693ecebc59e14-dirty,2,burst,80,24,140,2160,29104,80,24,99,24,29167,16196,0,99,16196
fc1a1cd2d37a9100a80a496108f693ecebc59e14-dirty,2,burst,80,24,141,2167,25288,80,24,120,24,25351,19588,0,120,19588
fc1a1cd2d37a9100a80a496108f693ecebc59e14-dirty,2,burst,80,24,142,2173,29422,80,24,122,24,29485,19912,0,122,19912
fc1a1cd2d37a9100a80a496108f693ecebc59e14-dirty,2,burst,80,24,143,2180,25924,80,24,123,23,25813,20070,0,123,20070
fc1a1cd2d37a9100a80a496108f693ecebc59e14-dirty,2,burst,80,24,144,2187,22267,80,24,92,23,22156,15062,0,92,15062
fc1a1cd2d37a9100a80a496108f693ecebc59e14-dirty,2,burst,80,24,145,2194,22267,80,24,94,23,22156,15385,0,94,15385
fc1a1cd2d37a9100a80a496108f693ecebc59e14-dirty,2,burst,80,24,146,2200,23062,80,24,122,24,23125,19912,0,122,19912
fc1a1cd2d37a9100a80a496108f693ecebc59e14-dirty,2,burst,80,24,147,2207,25765,80,24,122,24,25828,19912,0,122,19912
fc1a1cd2d37a9100a80a496108f693ecebc59e14-dirty,2,burst,80,24,148,2213,25924,80,24,102,23,25813,16678,0,102,16678
fc1a1cd2d37a9100a80a496108f693ecebc59e14-dirty,2,burst,80,24,149,2220,28468,80,24,138,23,28357,22494,0,138,22494
fc1a1cd2d37a9100a80a496108f693ecebc59e14-dirty,2,burst,80,24,150,2227,29422,80,24,101,23,29311,16516,0,101,16516
fc1a1cd2d37a9100a80a496108f693ecebc59e14-dirty,2,burst,80,24,151,2234,24334,80,24,94,23,24223,15386,0,94,15386
fc1a1cd2d37a9100a80a496108f693ecebc59e14-dirty,2,burst,80,24,152,2241,29581,80,24,115,23,29470,18778,0,115,18778
fc1a1cd2d37a9100a80a496108f693ecebc59e14-dirty,2,burst,80,24,153,2247,29104,80,24,122,24,29167,19912,0,122,19912
fc1a1cd2d37a9100a80a496108f693ecebc59e14-dirty,2,burst,80,24,154,2254,29104,80,24,99,24,29167,16196,0,99,16196
fc1a1cd2d37a9100a80a496108f693ecebc59e14-dirty,2,burst,80,24,155,2261,29581,80,24,138,23,29470,22494,0,138,22494
fc1a1cd2d37a9100a80a496108f693ecebc59e14-dirty,2,burst,80,24,156,2268,29422,80,24,115,23,29311,18778,0,115,18778
fc1a1cd2d37a9100a80a496108f693ecebc59e14-dirty,2,burst,80,24,157,2274,29422,80,24,92,23,29311,15062,0,92,15062
fc1a1cd2d37a9100a80a496108f693ecebc59e14-dirty,2,burst,80,24,158,2281,28468,80,24,111,23,28357,18134,0,111,18134
fc1a1cd2d37a9100a80a496108f693ecebc59e14-dirty,2,burst,80,24,159,2288,26878,80,24,118,24,26941,19266,0,118,19266
fc1a1cd2d37a9100a80a496108f693ecebc59e14-dirty,2,burst,80,24,160,2295,29581,80,24,122,24,29644,19912,0,122,19912
fc1a1cd2d37a9100a80a496108f693ecebc59e14-dirty,2,burst,80,24,161,2302,29422,80,24,122,24,29485,19912,0,122,19912
fc1a1cd2d37a9100a80a496108f693ecebc59e14-dirty,2,burst,80,24,162,2308,29581,80,24,122,24,29644,19912,0,122,19912
fc1a1cd2d37a9100a80a496108f693ecebc59e14-dirty,2,burst,80,24,163,2315,30535,80,24,99,24,30598,16196,0,99,16196
fc1a1cd2d37a9100a80a496108f693ecebc59e14-dirty,2,burst,80,24,164,2322,26083,80,24,120,24,26146,19588,0,120,19588
fc1a1cd2d37a9100a80a496108f693ecebc59e14-dirty,2,burst,80,24,165,2329,29422,80,24,122,24,29485,19912,0,122,19912
fc1a1cd2d37a9100a80a496108f693ecebc59e14-dirty,2,burst,80,24,166,2336,29899,80,24,122,24,29962,19912,0,122,19912
fc1a1cd2d37a9100a80a496108f693ecebc59e14-dirty,2,burst,80,24,167,2342,26878,80,24,144,24,26941,23466,0,144,23466
fc1a1cd2d37a9100a80a496108f693ecebc59e14-dirty,2,burst,80,24,168,2349,28468,80,24,106,24,28531,17323,0,106,17323
fc1a1cd2d37a9100a80a496108f693ecebc59e14-dirty,2,burst,80,24,169,2356,29422,80,24,115,23,29311,18778,0,115,18778
fc1a1cd2d37a9100a80a496108f693ecebc59e14-dirty,2,burst,80,24,170,2363,29581,80,24,115,23,29470,18778,0,115,18778
fc1a1cd2d37a9100a80a496108f693ecebc59e14-dirty,2,burst,80,24,171,2369,25765,80,24,115,23,25654,18778,0,115,18778
fc1a1cd2d37a9100a80a496108f693ecebc59e14-dirty,2,burst,80,24,172,2376,27037,80,24,115,23,26926,18778,0,115,18778
fc1a1cd2d37a9100a80a496108f693ecebc59e14-dirty,2,burst,80,24,173,2383,24334,80,24,138,23,24223,22494,0,138,22494
fc1a1cd2d37a9100a80a496108f693ecebc59e14-dirty,2,burst,80,24,174,2390,29581,80,24,115,23,29470,18778,0,115,18778
fc1a1cd2d37a9100a80a496108f693ecebc59e14-dirty,2,burst,80,24,175,2397,29422,80,24,96,23,29311,15708,0,96,15708
fc1a1cd2d37a9100a80a496108f693ecebc59e14-dirty,2,burst,80,24,176,2403,30058,80,24,99,24,30121,16196,0,99,16196
fc1a1cd2d37a9100a80a496108f693ecebc59e14-dirty,2,burst,80,24,177,2410,29422,80,24,99,24,29485,16196,0,99,16196
fc1a1cd2d37a9100a80a496108f693ecebc59e14-dirty,2,burst,80,24,178,2417,29422,80,24,115,23,29311,18778,0,115,18778
fc1a1cd2d37a9100a80a496108f693ecebc59e14-dirty,2,burst,80,24,179,2424,29581,80,24,138,23,29470,22494,0,138,22494
fc1a1cd2d37a9100a80a496108f693ecebc59e14-dirty,2,burst,80,24,180,2431,30694,80,24,99,24,30757,16196,0,99,16196
fc1a1cd2d37a9100a80a496108f693ecebc59e14-dirty,2,burst,80,24,181,2438,30694,80,24,120,24,30757,19588,0,120,19588
fc1a1cd2d37a9100a80a496108f693ecebc59e14-dirty,2,burst,80,24,182,2445,29581,80,24,99,24,29644,16196,0,99,16196
fc1a1cd2d37a9100a80a496108f693ecebc59e14-dirty,2,burst,80,24,183,2452,28150,80,24,92,23,28039,15062,0,92,15062
fc1a1cd2d37a9100a80a496108f693ecebc59e14-dirty,2,burst,80,24,184,2460,24175,80,24,115,23,24064,18778,0,115,18778
fc1a1cd2d37a9100a80a496108f693ecebc59e14-dirty,2,burst,80,24,185,2467,30694,80,24,122,24,30757,19912,0,122,19912
fc1a1cd2d37a9100a80a496108f693ecebc59e14-dirty,2,burst,80,24,186,2474,25924,80,24,122,24,25987,19912,0,122,19912
fc1a1cd2d37a9100a80a496108f693ecebc59e14-dirty,2,burst,80,24,187,2481,30694,80,24,105,24,30757,17165,0,105,17165
fc1a1cd2d37a9100a80a496108f693ecebc59e14-dirty,2,burst,80,24,188,2487,25924,80,24,114,24,25987,18620,0,114,18620
fc1a1cd2d37a9100a80a496108f693ecebc59e14-dirty,2,burst,80,24,189,2494,30694,80,24,99,24,30757,16196,0,99,16196
fc1a1cd2d37a9100a80a496108f693ecebc59e14-dirty,2,burst,80,24,190,2501,29422,80,24,122,24,29485,19912,0,122,19912
fc1a1cd2d37a9100a80a496108f693ecebc59e14-dirty,2,burst,80,24,191,2508,25924,80,24,161,23,25813,26210,0,161,26210
fc1a1cd2d37a9100a80a496108f693ecebc59e14-dirty,2,burst,80,24,192,2515,29422,80,24,115,23,29311,18778,0,115,18778
fc1a1cd2d37a9100a80a496108f693ecebc59e14-dirty,2,burst,80,24,193,2522,29581,80,24,115,23,29470,18778,0,115,18778
fc1a1cd2d37a9100a80a496108f693ecebc59e14-dirty,2,burst,80,24,194,2528,29581,80,24,115,23,29470,18778,0,115,18778
fc1a1cd2d37a9100a80a496108f693ecebc59e14-dirty,2,burst,80,24,195,2535,29581,80,24,115,23,29470,18778,0,115,18778
fc1a1cd2d37a9100a80a496108f693ecebc59e14-dirty,2,burst,80,24,196,2542,27991,80,24,115,23,27880,18778,0,115,18778
fc1a1cd2d37a9100a80a496108f693ecebc59e14-dirty,2,burst,80,24,197,2549,30535,80,24,122,24,30598,19912,0,122,19912
fc1a1cd2d37a9100a80a496108f693ecebc59e14-dirty,2,burst,80,24,198,2556,27991,80,24,122,24,28054,19912,0,122,19912
fc1a1cd2d37a9100a80a496108f693ecebc59e14-dirty,2,burst,80,24,199,2562,29263,80,24,89,23,29152,14577,0,89,14577
fc1a1cd2d37a9100a80a496108f693ecebc59e14-dirty,2,burst,80,24,200,2569,29581,80,24,105,23,29470,17162,0,105,17162
fc1a1cd2d37a9100a80a496108f693ecebc59e14-dirty,2,burst,80,24,201,2576,29581,80,24,115,23,29470,18778,0,115,18778
fc1a1cd2d37a9100a80a496108f693ecebc59e14-dirty,2,burst,80,24,202,2583,26878,80,24,76,24,26941,12480,0,76,12480
fc1a1cd2d37a9100a80a496108f693ecebc59e14-dirty,2,burst,80,24,203,2590,29581,80,24,139,24,29644,22658,0,139,22658
fc1a1cd2d37a9100a80a496108f693ecebc59e14-dirty,2,burst,80,24,204,2597,25924,80,24,95,23,25813,15547,0,95,15547
fc1a1cd2d37a9100a80a496108f693ecebc59e14-dirty,2,burst,80,24,205,2603,27991,80,24,95,23,27880,15547,0,95,15547
fc1a1cd2d37a9100a80a496108f693ecebc59e14-dirty,2,burst,80,24,206,2610,29422,80,24,101,23,29311,16511,0,101,16511
fc1a1cd2d37a9100a80a496108f693ecebc59e14-dirty,2,burst,80,24,207,2617,30694,80,24,122,24,30757,19912,0,122,19912
fc1a1cd2d37a9100a80a496108f693ecebc59e14-dirty,2,burst,80,24,208,2624,29104,80,24,114,24,29167,18619,0,114,18619
fc1a1cd2d37a9100a80a496108f693ecebc59e14-dirty,2,burst,80,24,209,2631,25924,80,24,122,24,25987,19912,0,122,19912
fc1a1cd2d37a9100a80a496108f693ecebc59e14-dirty,2,burst,80,24,210,2637,25288,80,24,115,23,25177,18778,0,115,18778
fc1a1cd2d37a9100a80a496108f693ecebc59e14-dirty,2,burst,80,24,211,2644,22267,80,24,122,24,22330,19912,0,122,19912
fc1a1cd2d37a9100a80a496108f693ecebc59e14-dirty,2,burst,80,24,212,2651,26719,80,24,104,24,26782,17002,0,104,17002
fc1a1cd2d37a9100a80a496108f693ecebc59e14-dirty,2,burst,80,24,213,2658,25924,80,24,122,24,25987,19912,0,122,19912
fc1a1cd2d37a9100a80a496108f693ecebc59e14-dirty,2,burst,80,24,214,2665,25924,80,24,92,23,25813,15062,0,92,15062
fc1a1cd2d37a9100a80a496108f693ecebc59e14-dirty,2,burst,80,24,215,2672,30694,80,24,145,24,30757,23628,0,145,23628
fc1a1cd2d37a9100a80a496108f693ecebc59e14-dirty,2,burst,80,24,216,2678,29581,80,24,122,24,29644,19912,0,122,19912
fc1a1cd2d37a9100a80a496108f693ecebc59e14-dirty,2,burst,80,24,217,2685,30694,80,24,122,24,30757,19912,0,122,19912
fc1a1cd2d37a9100a80a496108f693ecebc59e14-dirty,2,burst,80,24,218,2692,28309,80,24,122,24,28372,19912,0,122,19912
fc1a1cd2d37a9100a80a496108f693ecebc59e14-dirty,2,burst,80,24,219,2699,30694,80,24,122,24,30757,19912,0,122,19912
fc1a1cd2d37a9100a80a496108f693ecebc59e14-dirty,2,burst,80,24,220,2705,25765,80,24,122,24,25828,19912,0,122,19912
fc1a1cd2d37a9100a80a496108f693ecebc59e14-dirty,2,burst,80,24,221,2712,29581,80,24,101,23,29470,16520,0,101,16520
fc1a1cd2d37a9100a80a496108f693ecebc59e14-dirty,2,burst,80,24,222,2719,29581,80,24,115,23,29470,18778,0,115,18778
fc1a1cd2d37a9100a80a496108f693ecebc59e14-dirty,2,burst,80,24,223,2726,29422,80,24,106,23,29311,17329,0,106,17329
fc1a1cd2d37a9100a80a496108f693ecebc59e14-dirty,2,burst,80,24,224,2733,22267,80,24,115,23,22156,18778,0,115,18778
fc1a1cd2d37a9100a80a496108f693ecebc59e14-dirty,2,burst,80,24,225,2739,29422,80,24,115,23,29311,18778,0,115,18778
fc1a1cd2d37a9100a80a496108f693ecebc59e14-dirty,2,burst,80,24,226,2746,25924,80,24,115,23,25813,18778,0,115,18778
fc1a1cd2d37a9100a80a496108f693ecebc59e14-dirty,2,burst,80,24,227,2753,30694,80,24,145,24,30757,23628,0,145,23628
fc1a1cd2d37a9100a80a496108f693ecebc59e14-dirty,2,burst,80,24,228,2760,29422,80,24,99,24,29485,16196,0,99,16196
fc1a1cd2d37a9100a80a496108f693ecebc59e14-dirty,2,burst,80,24,229,2766,30694,80,24,107,24,30757,17488,0,107,17488
fc1a1cd2d37a9100a80a496108f693ecebc59e14-dirty,2,burst,80,24,230,2773,29422,80,24,122,24,29485,19912,0,122,19912
fc1a1cd2d37a9100a80a496108f693ecebc59e14-dirty,2,burst,80,24,231,2780,30694,80,24,111,24,30757,18140,0,111,18140
fc1a1cd2d37a9100a80a496108f693ecebc59e14-dirty,2,burst,80,24,232,2786,29581,80,24,122,24,29644,19912,0,122,19912
fc1a1cd2d37a9100a80a496108f693ecebc59e14-dirty,2,burst,80,24,233,2793,24493,80,24,115,23,24382,18778,0,115,18778
fc1a1cd2d37a9100a80a496108f693ecebc59e14-dirty,2,burst,80,24,234,2800,29581,80,24,138,23,29470,22494,0,138,22494
fc1a1cd2d37a9100a80a496108f693ecebc59e14-dirty,2,burst,80,24,235,2806,29581,80,24,115,23,29470,18778,0,115,18778
fc1a1cd2d37a9100a80a496108f693ecebc59e14-dirty,2,burst,80,24,236,2813,29581,80,24,115,23,29470,18778,0,115,18778
fc1a1cd2d37a9100a80a496108f693ecebc59e14-dirty,2,burst,80,24,237,2820,24811,80,24,109,23,24700,17809,0,109,17809
fc1a1cd2d37a9100a80a496108f693ecebc59e14-dirty,2,burst,80,24,238,2827,29581,80,24,115,23,29470,18778,0,115,18778
fc1a1cd2d37a9100a80a496108f693ecebc59e14-dirty,2,burst,80,24,239,2834,25924,80,24,98,23,25813,16032,0,98,16032
fc1a1cd2d37a9100a80a496108f693ecebc59e14-dirty,2,burst,80,24,240,2841,30694,80,24,145,24,30757,23628,0,145,23628
fc1a1cd2d37a9100a80a496108f693ecebc59e14-dirty,2,burst,80,24,241,2847,29422,80,24,122,24,29485,19912,0,122,19912
fc1a1cd2d37a9100a80a496108f693ecebc59e14-dirty,2,burst,80,24,242,2854,27673,80,24,110,23,27562,17970,0,110,17970
fc1a1cd2d37a9100a80a496108f693ecebc59e14-dirty,2,burst,80,24,243,2861,26719,80,24,122,24,26782,19912,0,122,19912
fc1a1cd2d37a9100a80a496108f693ecebc59e14-dirty,2,burst,80,24,244,2868,29581,80,24,76,24,29644,12480,0,76,12480
fc1a1cd2d37a9100a80a496108f693ecebc59e14-dirty,2,burst,80,24,245,2875,30694,80,24,99,24,30757,16196,0,99,16196
fc1a1cd2d37a9100a80a496108f693ecebc59e14-dirty,2,burst,80,24,246,2882,29581,80,24,145,24,29644,23628,0,145,23628
fc1a1cd2d37a9100a80a496108f693ecebc59e14-dirty,2,burst,80,24,247,2890,29581,80,24,115,23,29470,18778,0,115,18778
fc1a1cd2d37a9100a80a496108f693ecebc59e14-dirty,2,burst,80,24,248,2897,29581,80,24,92,23,29470,15062,0,92,15062
fc1a1cd2d37a9100a80a496108f693ecebc59e14-dirty,2,burst,80,24,249,2903,30694,80,24,104,24,30757,17004,0,104,17004
fc1a1cd2d37a9100a80a496108f693ecebc59e14-dirty,2,burst,80,24,250,2910,22585,80,24,99,24,22648,16196,0,99,16196
fc1a1cd2d37a9100a80a496108f693ecebc59e14-dirty,2,burst,80,24,251,2916,25765,80,24,69,23,25654,11346,0,69,11346
fc1a1cd2d37a9100a80a496108f693ecebc59e14-dirty,2,burst,80,24,252,2923,25924,80,24,150,23,25813,24438,0,150,24438
fc1a1cd2d37a9100a80a496108f693ecebc59e14-dirty,2,burst,80,24,253,2930,29581,80,24,109,23,29470,17808,0,109,17808
fc1a1cd2d37a9100a80a496108f693ecebc59e14-dirty,2,burst,80,24,254,2937,29263,80,24,115,23,29152,18778,0,115,18778
fc1a1cd2d37a9100a80a496108f693ecebc59e14-dirty,2,burst,80,24,255,2944,29422,80,24,98,23,29311,16030,0,98,16030
fc1a1cd2d37a9100a80a496108f693ecebc59e14-dirty,2,burst,80,24,256,2950,29422,80,24,115,23,29311,18778,0,115,18778
fc1a1cd2d37a9100a80a496108f693ecebc59e14-dirty,2,burst,80,24,257,2957,28945,80,24,109,23,28834,17812,0,109,17812
fc1a1cd2d37a9100a80a496108f693ecebc59e14-dirty,2,burst,80,24,258,2964,25924,80,24,115,23,25813,18778,0,115,18778
fc1a1cd2d37a9100a80a496108f693ecebc59e14-dirty,2,burst,80,24,259,2971,30694,80,24,122,24,30757,19912,0,122,19912
fc1a1cd2d37a9100a80a496108f693ecebc59e14-dirty,2,burst,80,24,260,2977,25924,80,24,122,24,25987,19912,0,122,19912
fc1a1cd2d37a9100a80a496108f693ecebc59e14-dirty,2,burst,80,24,261,2984,30694,80,24,99,24,30757,16196,0,99,16196
fc1a1cd2d37a9100a80a496108f693ecebc59e14-dirty,2,burst,80,24,262,2991,29581,80,24,122,24,29644,19912,0,122,19912
fc1a1cd2d37a9100a80a496108f693ecebc59e14-dirty,2,burst,80,24,263,2998,27991,80,24,92,23,27880,15062,0,92,15062
fc1a1cd2d37a9100a80a496108f693ecebc59e14-dirty,2,burst,80,24,264,3005,29581,80,24,136,23,29470,22171,0,136,22171
fc1a1cd2d37a9100a80a496108f693ecebc59e14-dirty,2,burst,80,24,265,3011,25924,80,24,115,23,25813,18778,0,115,18778
fc1a1cd2d37a9100a80a496108f693ecebc59e14-dirty,2,burst,80,24,266,3018,29422,80,24,115,23,29311,18778,0,115,18778
fc1a1cd2d37a9100a80a496108f693ecebc59e14-dirty,2,burst,80,24,267,3025,29422,80,24,98,23,29311,16032,0,98,16032
fc1a1cd2d37a9100a80a496108f693ecebc59e14-dirty,2,burst,80,24,268,3032,30694,80,24,122,24,30757,19912,0,122,19912
fc1a1cd2d37a9100a80a496108f693ecebc59e14-dirty,2,burst,80,24,269,3039,27037,80,24,120,24,27100,19588,0,120,19588
fc1a1cd2d37a9100a80a496108f693ecebc59e14-dirty,2,burst,80,24,270,3046,29104,80,24,136,24,29167,22173,0,136,22173
fc1a1cd2d37a9100a80a496108f693ecebc59e14-dirty,2,burst,80,24,271,3052,29422,80,24,122,24,29485,19912,0,122,19912
fc1a1cd2d37a9100a80a496108f693ecebc59e14-dirty,2,burst,80,24,272,3059,26719,80,24,122,24,26782,19912,0,122,19912
fc1a1cd2d37a9100a80a496108f693ecebc59e14-dirty,2,burst,80,24,273,3066,29581,80,24,122,24,29644,19912,0,122,19912
fc1a1cd2d37a9100a80a496108f693ecebc59e14-dirty,2,burst,80,24,274,3073,27991,80,24,115,23,27880,18778,0,115,18778
fc1a1cd2d37a9100a80a496108f693ecebc59e14-dirty,2,burst,80,24,275,3080,29581,80,24,115,23,29470,18778,0,115,18778
fc1a1cd2d37a9100a80a496108f693ecebc59e14-dirty,2,burst,80,24,276,3086,25924,80,24,138,23,25813,22494,0,138,22494
fc1a1cd2d37a9100a80a496108f693ecebc59e14-dirty,2,burst,80,24,277,3093,25924,80,24,115,23,25813,18778,0,115,18778
fc1a1cd2d37a9100a80a496108f693ecebc59e14-dirty,2,burst,80,24,278,3100,25924,80,24,115,23,25813,18778,0,115,18778
fc1a1cd2d37a9100a80a496108f693ecebc59e14-dirty,2,burst,80,24,279,3107,25924,80,24,109,23,25813,17808,0,109,17808
fc1a1cd2d37a9100a80a496108f693ecebc59e14-dirty,2,burst,80,24,280,3114,22108,80,24,115,23,21997,18778,0,115,18778
fc1a1cd2d37a9100a80a496108f693ecebc59e14-dirty,2,burst,80,24,281,3120,26878,80,24,122,24,26941,19912,0,122,19912
fc1a1cd2d37a9100a80a496108f693ecebc59e14-dirty,2,burst,80,24,282,3127,29422,80,24,139,24,29485,22659,0,139,22659
fc1a1cd2d37a9100a80a496108f693ecebc59e14-dirty,2,burst,80,24,283,3134,25924,80,24,110,23,25813,17973,0,110,17973
fc1a1cd2d37a9100a80a496108f693ecebc59e14-dirty,2,burst,80,24,284,3141,29422,80,24,115,23,29311,18778,0,115,18778
fc1a1cd2d37a9100a80a496108f693ecebc59e14-dirty,2,burst,80,24,285,3148,22903,80,24,122,24,22966,19912,0,122,19912
fc1a1cd2d37a9100a80a496108f693ecebc59e14-dirty,2,burst,80,24,286,3154,29581,80,24,122,24,29644,19912,0,122,19912
fc1a1cd2d37a9100a80a496108f693ecebc59e14-dirty,2,burst,80,24,287,3161,30535,80,24,99,24,30598,16196,0,99,16196
fc1a1cd2d37a9100a80a496108f693ecebc59e14-dirty,2,burst,80,24,288,3168,29581,80,24,145,24,29644,23628,0,145,23628
fc1a1cd2d37a9100a80a496108f693ecebc59e14-dirty,2,burst,80,24,289,3175,29422,80,24,115,23,29311,18778,0,115,18778
fc1a1cd2d37a9100a80a496108f693ecebc59e14-dirty,2,burst,80,24,290,3182,27991,80,24,110,23,27880,17968,0,110,17968
fc1a1cd2d37a9100a80a496108f693ecebc59e14-dirty,2,burst,80,24,291,3188,30535,80,24,122,24,30598,19912,0,122,19912
fc1a1cd2d37a9100a80a496108f693ecebc59e14-dirty,2,burst,80,24,292,3195,25447,80,24,122,24,25510,19912,0,122,19912
fc1a1cd2d37a9100a80a496108f693ecebc59e14-dirty,2,burst,80,24,293,3202,25924,80,24,93,23,25813,15224,0,93,15224
fc1a1cd2d37a9100a80a496108f693ecebc59e14-dirty,2,burst,80,24,294,3209,29581,80,24,138,23,29470,22494,0,138,22494
fc1a1cd2d37a9100a80a496108f693ecebc59e14-dirty,2,burst,80,24,295,3216,29581,80,24,82,24,29644,13449,0,82,13449
fc1a1cd2d37a9100a80a496108f693ecebc59e14-dirty,2,burst,80,24,296,3224,29581,80,24,122,24,29644,19912,0,122,19912
fc1a1cd2d37a9100a80a496108f693ecebc59e14-dirty,2,burst,80,24,297,3231,30694,80,24,122,24,30757,19912,0,122,19912
fc1a1cd2d37a9100a80a496108f693ecebc59e14-dirty,2,burst,80,24,298,3239,30694,80,24,102,24,30757,16679,0,102,16679
fc1a1cd2d37a9100a80a496108f693ecebc59e14-dirty,2,burst,80,24,299,3246,29581,80,24,139,24,29644,22659,0,139,22659
fc1a1cd2d37a9100a80a496108f693ecebc59e14-dirty,2,burst,80,24,300,3253,25924,80,24,115,23,25813,18778,0,115,18778
fc1a1cd2d37a9100a80a496108f693ecebc59e14-dirty,2,burst,80,24,301,3260,28945,80,24,92,23,28834,15062,0,92,15062
fc1a1cd2d37a9100a80a496108f693ecebc59e14-dirty,2,burst,80,24,302,3268,24493,80,24,69,23,24382,11346,0,69,11346
fc1a1cd2d37a9100a80a496108f693ecebc59e14-dirty,2,burst,80,24,303,3275,29422,80,24,122,24,29485,19912,0,122,19912
fc1a1cd2d37a9100a80a496108f693ecebc59e14-dirty,2,burst,80,24,304,3282,29581,80,24,120,24,29644,19589,0,120,19589
fc1a1cd2d37a9100a80a496108f693ecebc59e14-dirty,2,burst,80,24,305,3289,25606,80,24,99,24,25669,16196,0,99,16196
fc1a1cd2d37a9100a80a496108f693ecebc59e14-dirty,2,burst,80,24,306,3296,29581,80,24,99,24,29644,16196,0,99,16196
fc1a1cd2d37a9100a80a496108f693ecebc59e14-dirty,2,burst,80,24,307,3303,29422,80,24,86,23,29311,14096,0,86,14096
fc1a1cd2d37a9100a80a496108f693ecebc59e14-dirty,2,burst,80,24,308,3310,26560,80,24,111,24,26623,18135,0,111,18135
fc1a1cd2d37a9100a80a496108f693ecebc59e14-dirty,2,burst,80,24,309,3316,16861,80,24,102,24,16924,16682,0,102,16682
fc1a1cd2d37a9100a80a496108f693ecebc59e14-dirty,3,burst,80,24,1,5,17179,80,24,1,1,848,360,0,1,360
fc1a1cd2d37a9100a80a496108f693ecebc59e14-dirty,3,burst,80,24,2,100,17338,80,24,1,1,1007,360,0,1,360
fc1a1cd2d37a9100a80a496108f693ecebc59e14-dirty,3,burst,80,24,3,201,17497,80,24,1,1,1166,360,0,1,360
fc1a1cd2d37a9100a80a496108f693ecebc59e14-dirty,3,burst,80,24,4,301,17497,80,24,0,0,199,199,0,0,199
fc1a1cd2d37a9100a80a496108f693ecebc59e14-dirty,3,burst,80,24,5,402,17815,80,24,1,1,1484,360,0,1,360
fc1a1cd2d37a9100a80a496108f693ecebc59e14-dirty,3,burst,80,24,6,502,17815,80,24,0,0,199,199,0,0,199
fc1a1cd2d37a9100a80a496108f693ecebc59e14-dirty,3,burst,80,24,7,603,18133,80,24,1,1,1802,360,0,1,360
fc1a1cd2d37a9100a80a496108f693ecebc59e14-dirty,3,burst,80,24,8,703,18293,80,24,1,1,1962,361,0,1,361
fc1a1cd2d37a9100a80a496108f693ecebc59e14-dirty,3,burst,80,24,9,804,18293,80,24,1,1,1962,362,0,1,362
fc1a1cd2d37a9100a80a496108f693ecebc59e14-dirty,3,burst,80,24,10,904,18293,80,24,1,1,1962,362,0,1,362
fc1a1cd2d37a9100a80a496108f693ecebc59e14-dirty,3,burst,80,24,11,1005,18293,80,24,1,1,1962,362,0,1,362
fc1a1cd2d37a9100a80a496108f693ecebc59e14-dirty,3,burst,80,24,12,1105,18293,80,24,1,1,1962,362,0,1,362
fc1a1cd2d37a9100a80a496108f693ecebc59e14-dirty,3,burst,80,24,13,1200,18293,80,24,1,1,1962,362,0,1,362
fc1a1cd2d37a9100a80a496108f693ecebc59e14-dirty,3,burst,80,24,14,1301,11296,80,24,172,24,11359,28001,0,172,28001
fc1a1cd2d37a9100a80a496108f693ecebc59e14-dirty,3,burst,80,24,15,1328,21631,80,24,120,24,21694,19582,0,120,19582
fc1a1cd2d37a9100a80a496108f693ecebc59e14-dirty,3,burst,80,24,16,1329,20995,80,24,97,24,21058,15872,0,97,15872
fc1a1cd2d37a9100a80a496108f693ecebc59e14-dirty,3,burst,80,24,17,1329,19723,80,24,113,23,19612,18455,0,113,18455
fc1a1cd2d37a9100a80a496108f693ecebc59e14-dirty,3,burst,80,24,18,1330,23062,80,24,97,24,23125,15872,0,97,15872
fc1a1cd2d37a9100a80a496108f693ecebc59e14-dirty,3,burst,80,24,19,1355,18610,80,24,120,24,18673,19588,0,120,19588
fc1a1cd2d37a9100a80a496108f693ecebc59e14-dirty,3,burst,80,24,20,1356,20677,80,24,136,23,20566,22171,0,136,22171
fc1a1cd2d37a9100a80a496108f693ecebc59e14-dirty,3,burst,80,24,21,1356,25924,80,24,115,23,25813,18778,0,115,18778
fc1a1cd2d37a9100a80a496108f693ecebc59e14-dirty,3,burst,80,24,22,1357,26242,80,24,48,24,26305,7954,0,48,7954
fc1a1cd2d37a9100a80a496108f693ecebc59e14-dirty,3,burst,80,24,23,1362,24334,80,24,94,24,24397,15386,0,94,15386
fc1a1cd2d37a9100a80a496108f693ecebc59e14-dirty,3,burst,80,24,24,1369,23062,80,24,121,24,23125,19750,0,121,19750
fc1a1cd2d37a9100a80a496108f693ecebc59e14-dirty,3,burst,80,24,25,1376,25447,80,24,121,24,25510,19750,0,121,19750
fc1a1cd2d37a9100a80a496108f693ecebc59e14-dirty,3,burst,80,24,26,1383,23062,80,24,98,24,23125,16034,0,98,16034
fc1a1cd2d37a9100a80a496108f693ecebc59e14-dirty,3,burst,80,24,27,1390,26878,80,24,96,24,26941,15710,0,96,15710
fc1a1cd2d37a9100a80a496108f693ecebc59e14-dirty,3,burst,80,24,28,1397,26878,80,24,96,24,26941,15710,0,96,15710
fc1a1cd2d37a9100a80a496108f693ecebc59e14-dirty,3,burst,80,24,29,1403,25765,80,24,98,24,25828,16034,0,98,16034
fc1a1cd2d37a9100a80a496108f693ecebc59e14-dirty,3,burst,80,24,30,1410,25924,80,24,111,23,25813,18134,0,111,18134
fc1a1cd2d37a9100a80a496108f693ecebc59e14-dirty,3,burst,80,24,31,1417,21472,80,24,75,24,21535,12318,0,75,12318
fc1a1cd2d37a9100a80a496108f693ecebc59e14-dirty,3,burst,80,24,32,1424,25924,80,24,98,24,25987,16034,0,98,16034
fc1a1cd2d37a9100a80a496108f693ecebc59e14-dirty,3,burst,80,24,33,1431,26083,80,24,121,24,26146,19750,0,121,19750
fc1a1cd2d37a9100a80a496108f693ecebc59e14-dirty,3,burst,80,24,34,1438,26401,80,24,120,24,26464,19588,0,120,19588
fc1a1cd2d37a9100a80a496108f693ecebc59e14-dirty,3,burst,80,24,35,1445,25924,80,24,144,24,25987,23466,0,144,23466
fc1a1cd2d37a9100a80a496108f693ecebc59e14-dirty,3,burst,80,24,36,1452,25924,80,24,92,23,25813,15062,0,92,15062
fc1a1cd2d37a9100a80a496108f693ecebc59e14-dirty,3,burst,80,24,37,1459,25924,80,24,88,23,25813,14416,0,88,14416
fc1a1cd2d37a9100a80a496108f693ecebc59e14-dirty,3,burst,80,24,38,1466,26878,80,24,121,24,26941,19750,0,121,19750
fc1a1cd2d37a9100a80a496108f693ecebc59e14-dirty,3,burst,80,24,39,1474,23062,80,24,120,24,23125,19588,0,120,19588
fc1a1cd2d37a9100a80a496108f693ecebc59e14-dirty,3,burst,80,24,40,1482,25924,80,24,120,24,25987,19588,0,120,19588
fc1a1cd2d37a9100a80a496108f693ecebc59e14-dirty,3,burst,80,24,41,1489,20677,80,24,121,24,20740,19750,0,121,19750
fc1a1cd2d37a9100a80a496108f693ecebc59e14-dirty,3,burst,80,24,42,1496,24334,80,24,115,23,24223,18778,0,115,18778
fc1a1cd2d37a9100a80a496108f693ecebc59e14-dirty,3,burst,80,24,43,1503,26878,80,24,121,24,26941,19750,0,121,19750
fc1a1cd2d37a9100a80a496108f693ecebc59e14-dirty,3,burst,80,24,44,1510,26083,80,24,144,24,26146,23466,0,144,23466
fc1a1cd2d37a9100a80a496108f693ecebc59e14-dirty,3,burst,80,24,45,1517,25924,80,24,93,24,25987,15224,0,93,15224
fc1a1cd2d37a9100a80a496108f693ecebc59e14-dirty,3,burst,80,24,46,1524,26242,80,24,121,24,26305,19750,0,121,19750
fc1a1cd2d37a9100a80a496108f693ecebc59e14-dirty,3,burst,80,24,47,1531,18610,80,24,98,24,18673,16034,0,98,16034
fc1a1cd2d37a9100a80a496108f693ecebc59e14-dirty,3,burst,80,24,48,1539,25924,80,24,115,23,25813,18778,0,115,18778
fc1a1cd2d37a9100a80a496108f693ecebc59e14-dirty,3,burst,80,24,49,1547,22903,80,24,144,24,22966,23466,0,144,23466
fc1a1cd2d37a9100a80a496108f693ecebc59e14-dirty,3,burst,80,24,50,1575,24811,80,24,120,24,24874,19588,0,120,19588
fc1a1cd2d37a9100a80a496108f693ecebc59e14-dirty,3,burst,80,24,51,1576,25765,80,24,115,24,25828,18779,0,115,18779
fc1a1cd2d37a9100a80a496108f693ecebc59e14-dirty,3,burst,80,24,52,1576,22903,80,24,107,24,22966,17483,0,107,17483
fc1a1cd2d37a9100a80a496108f693ecebc59e14-dirty,3,burst,80,24,53,1577,23062,80,24,144,24,23125,23466,0,144,23466
fc1a1cd2d37a9100a80a496108f693ecebc59e14-dirty,3,burst,80,24,54,1582,25447,80,24,72,24,25510,11832,0,72,11832
fc1a1cd2d37a9100a80a496108f693ecebc59e14-dirty,3,burst,80,24,55,1589,26878,80,24,72,24,26941,11832,0,72,11832
fc1a1cd2d37a9100a80a496108f693ecebc59e14-dirty,3,burst,80,24,56,1596,21472,80,24,120,24,21535,19588,0,120,19588
fc1a1cd2d37a9100a80a496108f693ecebc59e14-dirty,3,burst,80,24,57,1603,22267,80,24,52,24,22330,8602,0,52,8602
fc1a1cd2d37a9100a80a496108f693ecebc59e14-dirty,3,burst,80,24,58,1610,25924,80,24,138,23,25813,22494,0,138,22494
fc1a1cd2d37a9100a80a496108f693ecebc59e14-dirty,3,burst,80,24,59,1617,22744,80,24,96,24,22807,15710,0,96,15710
fc1a1cd2d37a9100a80a496108f693ecebc59e14-dirty,3,burst,80,24,60,1624,25924,80,24,119,24,25987,19426,0,119,19426
fc1a1cd2d37a9100a80a496108f693ecebc59e14-dirty,3,burst,80,24,61,1631,24970,80,24,69,23,24859,11346,0,69,11346
fc1a1cd2d37a9100a80a496108f693ecebc59e14-dirty,3,burst,80,24,62,1637,24970,80,24,121,24,25033,19750,0,121,19750
fc1a1cd2d37a9100a80a496108f693ecebc59e14-dirty,3,burst,80,24,63,1644,25924,80,24,155,24,25987,25239,0,155,25239
fc1a1cd2d37a9100a80a496108f693ecebc59e14-dirty,3,burst,80,24,64,1651,25924,80,24,92,23,25813,15062,0,92,15062
fc1a1cd2d37a9100a80a496108f693ecebc59e14-dirty,3,burst,80,24,65,1659,29422,80,24,92,23,29311,15062,0,92,15062
fc1a1cd2d37a9100a80a496108f693ecebc59e14-dirty,3,burst,80,24,66,1666,29581,80,24,76,23,29470,12480,0,76,12480
fc1a1cd2d37a9100a80a496108f693ecebc59e14-dirty,3,burst,80,24,67,1673,29104,80,24,115,23,28993,18778,0,115,18778
fc1a1cd2d37a9100a80a496108f693ecebc59e14-dirty,3,burst,80,24,68,1680,25924,80,24,138,23,25813,22494,0,138,22494
fc1a1cd2d37a9100a80a496108f693ecebc59e14-dirty,3,burst,80,24,69,1687,24652,80,24,122,24,24715,19912,0,122,19912
fc1a1cd2d37a9100a80a496108f693ecebc59e14-dirty,3,burst,80,24,70,1694,25924,80,24,76,24,25987,12480,0,76,12480
fc1a1cd2d37a9100a80a496108f693ecebc59e14-dirty,3,burst,80,24,71,1701,26878,80,24,99,24,26941,16196,0,99,16196
fc1a1cd2d37a9100a80a496108f693ecebc59e14-dirty,3,burst,80,24,72,1708,25765,80,24,122,24,25828,19912,0,122,19912
fc1a1cd2d37a9100a80a496108f693ecebc59e14-dirty,3,burst,80,24,73,1716,29422,80,24,115,23,29311,18778,0,115,18778
fc1a1cd2d37a9100a80a496108f693ecebc59e14-dirty,3,burst,80,24,74,1723,20677,80,24,46,23,20566,7630,0,46,7630
fc1a1cd2d37a9100a80a496108f693ecebc59e14-dirty,3,burst,80,24,75,1730,27196,80,24,115,23,27085,18778,0,115,18778
fc1a1cd2d37a9100a80a496108f693ecebc59e14-dirty,3,burst,80,24,76,1737,30535,80,24,99,24,30598,16196,0,99,16196
fc1a1cd2d37a9100a80a496108f693ecebc59e14-dirty,3,burst,80,24,77,1744,30535,80,24,96,24,30598,15710,0,96,15710
fc1a1cd2d37a9100a80a496108f693ecebc59e14-dirty,3,burst,80,24,78,1751,27832,80,24,110,24,27895,17968,0,110,17968
fc1a1cd2d37a9100a80a496108f693ecebc59e14-dirty,3,burst,80,24,79,1759,29740,80,24,93,24,29803,15227,0,93,15227
fc1a1cd2d37a9100a80a496108f693ecebc59e14-dirty,3,burst,80,24,80,1766,24970,80,24,99,24,25033,16196,0,99,16196
fc1a1cd2d37a9100a80a496108f693ecebc59e14-dirty,3,burst,80,24,81,1773,30217,80,24,86,24,30280,14096,0,86,14096
fc1a1cd2d37a9100a80a496108f693ecebc59e14-dirty,3,burst,80,24,82,1780,30535,80,24,74,24,30598,12156,0,74,12156
fc1a1cd2d37a9100a80a496108f693ecebc59e14-dirty,3,burst,80,24,83,1788,29422,80,24,122,24,29485,19912,0,122,19912
fc1a1cd2d37a9100a80a496108f693ecebc59e14-dirty,3,burst,80,24,84,1794,29581,80,24,115,23,29470,18778,0,115,18778
fc1a1cd2d37a9100a80a496108f693ecebc59e14-dirty,3,burst,80,24,85,1802,23062,80,24,117,24,23125,19104,0,117,19104
fc1a1cd2d37a9100a80a496108f693ecebc59e14-dirty,3,burst,80,24,86,1809,29581,80,24,122,24,29644,19912,0,122,19912
fc1a1cd2d37a9100a80a496108f693ecebc59e14-dirty,3,burst,80,24,87,1816,29581,80,24,92,23,29470,15062,0,92,15062
fc1a1cd2d37a9100a80a496108f693ecebc59e14-dirty,3,burst,80,24,88,1823,25924,80,24,115,23,25813,18778,0,115,18778
fc1a1cd2d37a9100a80a496108f693ecebc59e14-dirty,3,burst,80,24,89,1830,29581,80,24,92,23,29470,15062,0,92,15062
fc1a1cd2d37a9100a80a496108f693ecebc59e14-dirty,3,burst,80,24,90,1837,29581,80,24,82,23,29470,13447,0,82,13447
fc1a1cd2d37a9100a80a496108f693ecebc59e14-dirty,3,burst,80,24,91,1845,29581,80,24,115,23,29470,18778,0,115,18778
fc1a1cd2d37a9100a80a496108f693ecebc59e14-dirty,3,burst,80,24,92,1852,29422,80,24,115,23,29311,18778,0,115,18778
fc1a1cd2d37a9100a80a496108f693ecebc59e14-dirty,3,burst,80,24,93,1860,25924,80,24,115,23,25813,18778,0,115,18778
fc1a1cd2d37a9100a80a496108f693ecebc59e14-dirty,3,burst,80,24,94,1867,25924,80,24,69,23,25813,11346,0,69,11346
fc1a1cd2d37a9100a80a496108f693ecebc59e14-dirty,3,burst,80,24,95,1874,29104,80,24,122,24,29167,19912,0,122,19912
fc1a1cd2d37a9100a80a496108f693ecebc59e14-dirty,3,burst,80,24,96,1881,30535,80,24,103,24,30598,16837,0,103,16837
fc1a1cd2d37a9100a80a496108f693ecebc59e14-dirty,3,burst,80,24,97,1888,29422,80,24,99,24,29485,16196,0,99,16196
fc1a1cd2d37a9100a80a496108f693ecebc59e14-dirty,3,burst,80,24,98,1896,29422,80,24,123,23,29311,20070,0,123,20070
fc1a1cd2d37a9100a80a496108f693ecebc59e14-dirty,3,burst,80,24,99,1903,29422,80,24,92,23,29311,15062,0,92,15062
fc1a1cd2d37a9100a80a496108f693ecebc59e14-dirty,3,burst,80,24,100,1910,28150,80,24,92,23,28039,15062,0,92,15062
fc1a1cd2d37a9100a80a496108f693ecebc59e14-dirty,3,burst,80,24,101,1917,26083,80,24,78,24,26146,12803,0,78,12803
fc1a1cd2d37a9100a80a496108f693ecebc59e14-dirty,3,burst,80,24,102,1924,30694,80,24,77,24,30757,12640,0,77,12640
fc1a1cd2d37a9100a80a496108f693ecebc59e14-dirty,3,burst,80,24,103,1931,22903,80,24,145,24,22966,23628,0,145,23628
fc1a1cd2d37a9100a80a496108f693ecebc59e14-dirty,3,burst,80,24,104,1938,29422,80,24,94,23,29311,15385,0,94,15385
fc1a1cd2d37a9100a80a496108f693ecebc59e14-dirty,3,burst,80,24,105,1945,29581,80,24,73,23,29470,11994,0,73,11994
fc1a1cd2d37a9100a80a496108f693ecebc59e14-dirty,3,burst,80,24,106,1952,29581,80,24,69,23,29470,11346,0,69,11346
fc1a1cd2d37a9100a80a496108f693ecebc59e14-dirty,3,burst,80,24,107,1974,29581,80,24,83,23,29470,13607,0,83,13607
fc1a1cd2d37a9100a80a496108f693ecebc59e14-dirty,3,burst,80,24,108,1974,29581,80,24,92,23,29470,15062,0,92,15062
fc1a1cd2d37a9100a80a496108f693ecebc59e14-dirty,3,burst,80,24,109,1975,29581,80,24,115,23,29470,18778,0,115,18778
fc1a1cd2d37a9100a80a496108f693ecebc59e14-dirty,3,burst,80,24,110,1982,30535,80,24,99,24,30598,16196,0,99,16196
fc1a1cd2d37a9100a80a496108f693ecebc59e14-dirty,3,burst,80,24,111,1988,29899,80,24,96,24,29962,15710,0,96,15710
fc1a1cd2d37a9100a80a496108f693ecebc59e14-dirty,3,burst,80,24,112,1996,26878,80,24,96,24,26941,15710,0,96,15710
fc1a1cd2d37a9100a80a496108f693ecebc59e14-dirty,3,burst,80,24,113,2003,24334,80,24,145,24,24397,23628,0,145,23628
fc1a1cd2d37a9100a80a496108f693ecebc59e14-dirty,3,burst,80,24,114,2010,26878,80,24,122,24,26941,19912,0,122,19912
fc1a1cd2d37a9100a80a496108f693ecebc59e14-dirty,3,burst,80,24,115,2017,28945,80,24,99,24,29008,16196,0,99,16196
fc1a1cd2d37a9100a80a496108f693ecebc59e14-dirty,3,burst,80,24,116,2024,29581,80,24,92,23,29470,15062,0,92,15062
fc1a1cd2d37a9100a80a496108f693ecebc59e14-dirty,3,burst,80,24,117,2031,29581,80,24,115,23,29470,18778,0,115,18778
fc1a1cd2d37a9100a80a496108f693ecebc59e14-dirty,3,burst,80,24,118,2038,22267,80,24,115,23,22156,18778,0,115,18778
fc1a1cd2d37a9100a80a496108f693ecebc59e14-dirty,3,burst,80,24,119,2046,30694,80,24,99,24,30757,16196,0,99,16196
fc1a1cd2d37a9100a80a496108f693ecebc59e14-dirty,3,burst,80,24,120,2053,30694,80,24,112,24,30757,18296,0,112,18296
fc1a1cd2d37a9100a80a496108f693ecebc59e14-dirty,3,burst,80,24,121,2060,29422,80,24,109,24,29485,17812,0,109,17812
fc1a1cd2d37a9100a80a496108f693ecebc59e14-dirty,3,burst,80,24,122,2067,30376,80,24,76,24,30439,12480,0,76,12480
fc1a1cd2d37a9100a80a496108f693ecebc59e14-dirty,3,burst,80,24,123,2074,22267,80,24,122,24,22330,19912,0,122,19912
fc1a1cd2d37a9100a80a496108f693ecebc59e14-dirty,3,burst,80,24,124,2082,25924,80,24,69,23,25813,11346,0,69,11346
fc1a1cd2d37a9100a80a496108f693ecebc59e14-dirty,3,burst,80,24,125,2089,25765,80,24,78,24,25828,12803,0,78,12803
fc1a1cd2d37a9100a80a496108f693ecebc59e14-dirty,3,burst,80,24,126,2096,23698,80,24,119,24,23761,19429,0,119,19429
fc1a1cd2d37a9100a80a496108f693ecebc59e14-dirty,3,burst,80,24,127,2103,25924,80,24,85,23,25813,13930,0,85,13930
fc1a1cd2d37a9100a80a496108f693ecebc59e14-dirty,3,burst,80,24,128,2111,29581,80,24,92,23,29470,15062,0,92,15062
fc1a1cd2d37a9100a80a496108f693ecebc59e14-dirty,3,burst,80,24,129,2132,25924,80,24,69,23,25813,11346,0,69,11346
fc1a1cd2d37a9100a80a496108f693ecebc59e14-dirty,3,burst,80,24,130,2133,30535,80,24,122,24,30598,19912,0,122,19912
fc1a1cd2d37a9100a80a496108f693ecebc59e14-dirty,3,burst,80,24,131,2133,27991,80,24,99,24,28054,16196,0,99,16196
fc1a1cd2d37a9100a80a496108f693ecebc59e14-dirty,3,burst,80,24,132,2139,29581,80,24,92,23,29470,15062,0,92,15062
fc1a1cd2d37a9100a80a496108f693ecebc59e14-dirty,3,burst,80,24,133,2147,29581,80,24,92,23,29470,15062,0,92,15062
fc1a1cd2d37a9100a80a496108f693ecebc59e14-dirty,3,burst,80,24,134,2154,29581,80,24,92,23,29470,15062,0,92,15062
fc1a1cd2d37a9100a80a496108f693ecebc59e14-dirty,3,burst,80,24,135,2161,26878,80,24,122,24,26941,19912,0,122,19912
fc1a1cd2d37a9100a80a496108f693ecebc59e14-dirty,3,burst,80,24,136,2168,29581,80,24,99,24,29644,16196,0,99,16196
fc1a1cd2d37a9100a80a496108f693ecebc59e14-dirty,3,burst,80,24,137,2175,24334,80,24,92,23,24223,15062,0,92,15062
fc1a1cd2d37a9100a80a496108f693ecebc59e14-dirty,3,burst,80,24,138,2183,29581,80,24,113,24,29644,18458,0,113,18458
fc1a1cd2d37a9100a80a496108f693ecebc59e14-dirty,3,burst,80,24,139,2190,29104,80,24,79,24,29167,12963,0,79,12963
fc1a1cd2d37a9100a80a496108f693ecebc59e14-dirty,3,burst,80,24,140,2197,22108,80,24,82,24,22171,13449,0,82,13449
fc1a1cd2d37a9100a80a496108f693ecebc59e14-dirty,3,burst,80,24,141,2204,29581,80,24,115,23,29470,18778,0,115,18778
fc1a1cd2d37a9100a80a496108f693ecebc59e14-dirty,3,burst,80,24,142,2212,30694,80,24,73,24,30757,11995,0,73,11995
fc1a1cd2d37a9100a80a496108f693ecebc59e14-dirty,3,burst,80,24,143,2220,29422,80,24,122,24,29485,19912,0,122,19912
fc1a1cd2d37a9100a80a496108f693ecebc59e14-dirty,3,burst,80,24,144,2227,29422,80,24,107,23,29311,17485,0,107,17485
fc1a1cd2d37a9100a80a496108f693ecebc59e14-dirty,3,burst,80,24,145,2235,25924,80,24,115,23,25813,18778,0,115,18778
fc1a1cd2d37a9100a80a496108f693ecebc59e14-dirty,3,burst,80,24,146,2242,29581,80,24,115,23,29470,18778,0,115,18778
fc1a1cd2d37a9100a80a496108f693ecebc59e14-dirty,3,burst,80,24,147,2249,22903,80,24,122,24,22966,19912,0,122,19912
fc1a1cd2d37a9100a80a496108f693ecebc59e14-dirty,3,burst,80,24,148,2256,29581,80,24,144,24,29644,23466,0,144,23466
fc1a1cd2d37a9100a80a496108f693ecebc59e14-dirty,3,burst,80,24,149,2264,29581,80,24,84,24,29644,13772,0,84,13772
fc1a1cd2d37a9100a80a496108f693ecebc59e14-dirty,3,burst,80,24,150,2271,29581,80,24,115,23,29470,18778,0,115,18778
fc1a1cd2d37a9100a80a496108f693ecebc59e14-dirty,3,burst,80,24,151,2279,29581,80,24,92,23,29470,15062,0,92,15062
fc1a1cd2d37a9100a80a496108f693ecebc59e14-dirty,3,burst,80,24,152,2287,29263,80,24,138,23,29152,22494,0,138,22494
fc1a1cd2d37a9100a80a496108f693ecebc59e14-dirty,3,burst,80,24,153,2294,28786,80,24,105,23,28675,17162,0,105,17162
fc1a1cd2d37a9100a80a496108f693ecebc59e14-dirty,3,burst,80,24,154,2302,27355,80,24,112,23,27244,18295,0,112,18295
fc1a1cd2d37a9100a80a496108f693ecebc59e14-dirty,3,burst,80,24,155,2309,29581,80,24,103,23,29470,16840,0,103,16840
fc1a1cd2d37a9100a80a496108f693ecebc59e14-dirty,3,burst,80,24,156,2317,29581,80,24,115,23,29470,18778,0,115,18778
fc1a1cd2d37a9100a80a496108f693ecebc59e14-dirty,3,burst,80,24,157,2324,25924,80,24,138,23,25813,22494,0,138,22494
fc1a1cd2d37a9100a80a496108f693ecebc59e14-dirty,3,burst,80,24,158,2332,26878,80,24,99,24,26941,16196,0,99,16196
fc1a1cd2d37a9100a80a496108f693ecebc59e14-dirty,3,burst,80,24,159,2339,28627,80,24,122,24,28690,19912,0,122,19912
fc1a1cd2d37a9100a80a496108f693ecebc59e14-dirty,3,burst,80,24,160,2347,29422,80,24,115,23,29311,18778,0,115,18778
fc1a1cd2d37a9100a80a496108f693ecebc59e14-dirty,3,burst,80,24,161,2354,22108,80,24,69,23,21997,11346,0,69,11346
fc1a1cd2d37a9100a80a496108f693ecebc59e14-dirty,3,burst,80,24,162,2362,28309,80,24,161,23,28198,26210,0,161,26210
fc1a1cd2d37a9100a80a496108f693ecebc59e14-dirty,3,burst,80,24,163,2370,29104,80,24,115,23,28993,18778,0,115,18778
fc1a1cd2d37a9100a80a496108f693ecebc59e14-dirty,3,burst,80,24,164,2378,29581,80,24,115,23,29470,18778,0,115,18778
fc1a1cd2d37a9100a80a496108f693ecebc59e14-dirty,3,burst,80,24,165,2386,29581,80,24,88,23,29470,14416,0,88,14416
fc1a1cd2d37a9100a80a496108f693ecebc59e14-dirty,3,burst,80,24,166,2394,29422,80,24,122,24,29485,19912,0,122,19912
fc1a1cd2d37a9100a80a496108f693ecebc59e14-dirty,3,burst,80,24,167,2401,28786,80,24,122,24,28849,19912,0,122,19912
fc1a1cd2d37a9100a80a496108f693ecebc59e14-dirty,3,burst,80,24,168,2408,30535,80,24,122,24,30598,19912,0,122,19912
fc1a1cd2d37a9100a80a496108f693ecebc59e14-dirty,3,burst,80,24,169,2415,26878,80,24,96,24,26941,15710,0,96,15710
fc1a1cd2d37a9100a80a496108f693ecebc59e14-dirty,3,burst,80,24,170,2423,28786,80,24,76,24,28849,12480,0,76,12480
fc1a1cd2d37a9100a80a496108f693ecebc59e14-dirty,3,burst,80,24,171,2430,29581,80,24,138,23,29470,22494,0,138,22494
fc1a1cd2d37a9100a80a496108f693ecebc59e14-dirty,3,burst,80,24,172,2437,25924,80,24,107,23,25813,17486,0,107,17486
fc1a1cd2d37a9100a80a496108f693ecebc59e14-dirty,3,burst,80,24,173,2444,29899,80,24,122,24,29962,19912,0,122,19912
fc1a1cd2d37a9100a80a496108f693ecebc59e14-dirty,3,burst,80,24,174,2451,29581,80,24,99,24,29644,16196,0,99,16196
fc1a1cd2d37a9100a80a496108f693ecebc59e14-dirty,3,burst,80,24,175,2458,25924,80,24,90,23,25813,14739,0,90,14739
fc1a1cd2d37a9100a80a496108f693ecebc59e14-dirty,3,burst,80,24,176,2466,26878,80,24,122,24,26941,19912,0,122,19912
fc1a1cd2d37a9100a80a496108f693ecebc59e14-dirty,3,burst,80,24,177,2473,26878,80,24,48,24,26941,7954,0,48,7954
fc1a1cd2d37a9100a80a496108f693ecebc59e14-dirty,3,burst,80,24,178,2480,24334,80,24,122,24,24397,19912,0,122,19912
fc1a1cd2d37a9100a80a496108f693ecebc59e14-dirty,3,burst,80,24,179,2487,26878,80,24,99,24,26941,16196,0,99,16196
fc1a1cd2d37a9100a80a496108f693ecebc59e14-dirty,3,burst,80,24,180,2495,25924,80,24,99,24,25987,16196,0,99,16196
fc1a1cd2d37a9100a80a496108f693ecebc59e14-dirty,3,burst,80,24,181,2502,29581,80,24,138,23,29470,22494,0,138,22494
fc1a1cd2d37a9100a80a496108f693ecebc59e14-dirty,3,burst,80,24,182,2510,25129,80,24,122,24,25192,19912,0,122,19912
fc1a1cd2d37a9100a80a496108f693ecebc59e14-dirty,3,burst,80,24,183,2518,25288,80,24,122,24,25351,19912,0,122,19912
fc1a1cd2d37a9100a80a496108f693ecebc59e14-dirty,3,burst,80,24,184,2526,30535,80,24,122,24,30598,19912,0,122,19912
fc1a1cd2d37a9100a80a496108f693ecebc59e14-dirty,3,burst,80,24,185,2534,25924,80,24,122,24,25987,19912,0,122,19912
fc1a1cd2d37a9100a80a496108f693ecebc59e14-dirty,3,burst,80,24,186,2542,29581,80,24,138,23,29470,22494,0,138,22494
fc1a1cd2d37a9100a80a496108f693ecebc59e14-dirty,3,burst,80,24,187,2550,26878,80,24,122,24,26941,19912,0,122,19912
fc1a1cd2d37a9100a80a496108f693ecebc59e14-dirty,3,burst,80,24,188,2557,29581,80,24,122,24,29644,19912,0,122,19912
fc1a1cd2d37a9100a80a496108f693ecebc59e14-dirty,3,burst,80,24,189,2579,30694,80,24,122,24,30757,19912,0,122,19912
fc1a1cd2d37a9100a80a496108f693ecebc59e14-dirty,3,burst,80,24,190,2579,30535,80,24,144,24,30598,23466,0,144,23466
fc1a1cd2d37a9100a80a496108f693ecebc59e14-dirty,3,burst,80,24,191,2580,30694,80,24,96,24,30757,15710,0,96,15710
fc1a1cd2d37a9100a80a496108f693ecebc59e14-dirty,3,burst,80,24,192,2586,30535,80,24,120,24,30598,19588,0,120,19588
fc1a1cd2d37a9100a80a496108f693ecebc59e14-dirty,3,burst,80,24,193,2593,24970,80,24,105,24,25033,17165,0,105,17165
fc1a1cd2d37a9100a80a496108f693ecebc59e14-dirty,3,burst,80,24,194,2600,29581,80,24,71,23,29470,11669,0,71,11669
fc1a1cd2d37a9100a80a496108f693ecebc59e14-dirty,3,burst,80,24,195,2608,29581,80,24,92,23,29470,15062,0,92,15062
fc1a1cd2d37a9100a80a496108f693ecebc59e14-dirty,3,burst,80,24,196,2615,30535,80,24,112,24,30598,18292,0,112,18292
fc1a1cd2d37a9100a80a496108f693ecebc59e14-dirty,3,burst,80,24,197,2623,29422,80,24,103,24,29485,16842,0,103,16842
fc1a1cd2d37a9100a80a496108f693ecebc59e14-dirty,3,burst,80,24,198,2631,25765,80,24,115,23,25654,18778,0,115,18778
fc1a1cd2d37a9100a80a496108f693ecebc59e14-dirty,3,burst,80,24,199,2639,28627,80,24,115,23,28516,18778,0,115,18778
fc1a1cd2d37a9100a80a496108f693ecebc59e14-dirty,3,burst,80,24,200,2647,26560,80,24,138,23,26449,22494,0,138,22494
fc1a1cd2d37a9100a80a496108f693ecebc59e14-dirty,3,burst,80,24,201,2654,29104,80,24,122,24,29167,19912,0,122,19912
fc1a1cd2d37a9100a80a496108f693ecebc59e14-dirty,3,burst,80,24,202,2661,29422,80,24,122,24,29485,19912,0,122,19912
fc1a1cd2d37a9100a80a496108f693ecebc59e14-dirty,3,burst,80,24,203,2669,25924,80,24,94,23,25813,15385,0,94,15385
fc1a1cd2d37a9100a80a496108f693ecebc59e14-dirty,3,burst,80,24,204,2676,29581,80,24,138,23,29470,22494,0,138,22494
fc1a1cd2d37a9100a80a496108f693ecebc59e14-dirty,3,burst,80,24,205,2683,28150,80,24,115,23,28039,18778,0,115,18778
fc1a1cd2d37a9100a80a496108f693ecebc59e14-dirty,3,burst,80,24,206,2691,26083,80,24,115,23,25972,18778,0,115,18778
fc1a1cd2d37a9100a80a496108f693ecebc59e14-dirty,3,burst,80,24,207,2698,30535,80,24,122,24,30598,19912,0,122,19912
fc1a1cd2d37a9100a80a496108f693ecebc59e14-dirty,3,burst,80,24,208,2705,25924,80,24,109,24,25987,17806,0,109,17806
fc1a1cd2d37a9100a80a496108f693ecebc59e14-dirty,3,burst,80,24,209,2713,28468,80,24,161,23,28357,26210,0,161,26210
fc1a1cd2d37a9100a80a496108f693ecebc59e14-dirty,3,burst,80,24,210,2720,29581,80,24,115,23,29470,18778,0,115,18778
fc1a1cd2d37a9100a80a496108f693ecebc59e14-dirty,3,burst,80,24,211,2727,30694,80,24,99,24,30757,16196,0,99,16196
fc1a1cd2d37a9100a80a496108f693ecebc59e14-dirty,3,burst,80,24,212,2734,22267,80,24,122,24,22330,19912,0,122,19912
fc1a1cd2d37a9100a80a496108f693ecebc59e14-dirty,3,burst,80,24,213,2742,30535,80,24,106,24,30598,17327,0,106,17327
fc1a1cd2d37a9100a80a496108f693ecebc59e14-dirty,3,burst,80,24,214,2749,24334,80,24,140,24,24397,22818,0,140,22818
fc1a1cd2d37a9100a80a496108f693ecebc59e14-dirty,3,burst,80,24,215,2756,25447,80,24,92,23,25336,15062,0,92,15062
fc1a1cd2d37a9100a80a496108f693ecebc59e14-dirty,3,burst,80,24,216,2763,30535,80,24,99,24,30598,16196,0,99,16196
fc1a1cd2d37a9100a80a496108f693ecebc59e14-dirty,3,burst,80,24,217,2770,28945,80,24,72,24,29008,11832,0,72,11832
fc1a1cd2d37a9100a80a496108f693ecebc59e14-dirty,3,burst,80,24,218,2777,25924,80,24,122,24,25987,19912,0,122,19912
fc1a1cd2d37a9100a80a496108f693ecebc59e14-dirty,3,burst,80,24,219,2785,25924,80,24,92,23,25813,15062,0,92,15062
fc1a1cd2d37a9100a80a496108f693ecebc59e14-dirty,3,burst,80,24,220,2792,29104,80,24,99,24,29167,16196,0,99,16196
fc1a1cd2d37a9100a80a496108f693ecebc59e14-dirty,3,burst,80,24,221,2799,29422,80,24,99,24,29485,16196,0,99,16196
fc1a1cd2d37a9100a80a496108f693ecebc59e14-dirty,3,burst,80,24,222,2806,25924,80,24,115,23,25813,18778,0,115,18778
fc1a1cd2d37a9100a80a496108f693ecebc59e14-dirty,3,burst,80,24,223,2813,30535,80,24,122,24,30598,19912,0,122,19912
fc1a1cd2d37a9100a80a496108f693ecebc59e14-dirty,3,burst,80,24,224,2821,29581,80,24,122,24,29644,19912,0,122,19912
fc1a1cd2d37a9100a80a496108f693ecebc59e14-dirty,3,burst,80,24,225,2828,30058,80,24,122,24,30121,19912,0,122,19912
fc1a1cd2d37a9100a80a496108f693ecebc59e14-dirty,3,burst,80,24,226,2835,25447,80,24,122,24,25510,19912,0,122,19912
fc1a1cd2d37a9100a80a496108f693ecebc59e14-dirty,3,burst,80,24,227,2842,25924,80,24,92,23,25813,15062,0,92,15062
fc1a1cd2d37a9100a80a496108f693ecebc59e14-dirty,3,burst,80,24,228,2850,25924,80,24,92,23,25813,15062,0,92,15062
fc1a1cd2d37a9100a80a496108f693ecebc59e14-dirty,3,burst,80,24,229,2857,25924,80,24,115,23,25813,18778,0,115,18778
fc1a1cd2d37a9100a80a496108f693ecebc59e14-dirty,3,burst,80,24,230,2864,18610,80,24,101,23,18499,16516,0,101,16516
fc1a1cd2d37a9100a80a496108f693ecebc59e14-dirty,3,burst,80,24,231,2871,24970,80,24,81,23,24859,13285,0,81,13285
fc1a1cd2d37a9100a80a496108f693ecebc59e14-dirty,3,burst,80,24,232,2879,23062,80,24,99,24,23125,16196,0,99,16196
fc1a1cd2d37a9100a80a496108f693ecebc59e14-dirty,3,burst,80,24,233,2886,29581,80,24,122,24,29644,19912,0,122,19912
fc1a1cd2d37a9100a80a496108f693ecebc59e14-dirty,3,burst,80,24,234,2894,30217,80,24,119,24,30280,19427,0,119,19427
fc1a1cd2d37a9100a80a496108f693ecebc59e14-dirty,3,burst,80,24,235,2901,24334,80,24,102,24,24397,16681,0,102,16681
fc1a1cd2d37a9100a80a496108f693ecebc59e14-dirty,3,burst,80,24,236,2908,30535,80,24,122,24,30598,19912,0,122,19912
fc1a1cd2d37a9100a80a496108f693ecebc59e14-dirty,3,burst,80,24,237,2915,29581,80,24,122,24,29644,19912,0,122,19912
fc1a1cd2d37a9100a80a496108f693ecebc59e14-dirty,3,burst,80,24,238,2923,29422,80,24,117,23,29311,19101,0,117,19101
fc1a1cd2d37a9100a80a496108f693ecebc59e14-dirty,3,burst,80,24,239,2930,29581,80,24,92,23,29470,15062,0,92,15062
fc1a1cd2d37a9100a80a496108f693ecebc59e14-dirty,3,burst,80,24,240,2937,23380,80,24,115,23,23269,18778,0,115,18778
fc1a1cd2d37a9100a80a496108f693ecebc59e14-dirty,3,burst,80,24,241,2945,30694,80,24,122,24,30757,19912,0,122,19912
fc1a1cd2d37a9100a80a496108f693ecebc59e14-dirty,3,burst,80,24,242,2952,25924,80,24,122,24,25987,19912,0,122,19912
fc1a1cd2d37a9100a80a496108f693ecebc59e14-dirty,3,burst,80,24,243,2959,25924,80,24,115,23,25813,18778,0,115,18778
fc1a1cd2d37a9100a80a496108f693ecebc59e14-dirty,3,burst,80,24,244,2966,22903,80,24,65,24,22966,10702,0,65,10702
fc1a1cd2d37a9100a80a496108f693ecebc59e14-dirty,3,burst,80,24,245,2973,29104,80,24,76,24,29167,12480,0,76,12480
fc1a1cd2d37a9100a80a496108f693ecebc59e14-dirty,3,burst,80,24,246,2981,28468,80,24,115,23,28357,18778,0,115,18778
fc1a1cd2d37a9100a80a496108f693ecebc59e14-dirty,3,burst,80,24,247,2988,30058,80,24,145,24,30121,23628,0,145,23628
fc1a1cd2d37a9100a80a496108f693ecebc59e14-dirty,3,burst,80,24,248,2996,29581,80,24,101,24,29644,16519,0,101,16519
fc1a1cd2d37a9100a80a496108f693ecebc59e14-dirty,3,burst,80,24,249,3004,29581,80,24,115,23,29470,18778,0,115,18778
fc1a1cd2d37a9100a80a496108f693ecebc59e14-dirty,3,burst,80,24,250,3012,30535,80,24,122,24,30598,19912,0,122,19912
fc1a1cd2d37a9100a80a496108f693ecebc59e14-dirty,3,burst,80,24,251,3019,27991,80,24,122,24,28054,19912,0,122,19912
fc1a1cd2d37a9100a80a496108f693ecebc59e14-dirty,3,burst,80,24,252,3027,29581,80,24,128,23,29470,20878,0,128,20878
fc1a1cd2d37a9100a80a496108f693ecebc59e14-dirty,3,burst,80,24,253,3034,29422,80,24,92,23,29311,15062,0,92,15062
fc1a1cd2d37a9100a80a496108f693ecebc59e14-dirty,3,burst,80,24,254,3041,26719,80,24,99,24,26782,16196,0,99,16196
fc1a1cd2d37a9100a80a496108f693ecebc59e14-dirty,3,burst,80,24,255,3049,29899,80,24,90,24,29962,14741,0,90,14741
fc1a1cd2d37a9100a80a496108f693ecebc59e14-dirty,3,burst,80,24,256,3056,16861,80,24,102,24,16924,16682,0,102,16682
fc1a1cd2d37a9100a80a496108f693ecebc59e14-dirty,1,typing,200,50,1,3,37734,200,50,1,1,849,360,0,1,360
fc1a1cd2d37a9100a80a496108f693ecebc59e14-dirty,1,typing,200,50,2,104,37893,200,50,1,1,1008,360,0,1,360
fc1a1cd2d37a9100a80a496108f693ecebc59e14-dirty,1,typing,200,50,3,204,38052,200,50,1,1,1167,360,0,1,360
fc1a1cd2d37a9100a80a496108f693ecebc59e14-dirty,1,typing,200,50,4,306,38211,200,50,1,1,1326,360,0,1,360
fc1a1cd2d37a9100a80a496108f693ecebc59e14-dirty,1,typing,200,50,5,401,38211,200,50,0,0,199,199,0,0,199
fc1a1cd2d37a9100a80a496108f693ecebc59e14-dirty,1,typing,200,50,6,502,38529,200,50,1,1,1644,360,0,1,360
fc1a1cd2d37a9100a80a496108f693ecebc59e14-dirty,1,typing,200,50,7,603,38688,200,50,1,1,1803,360,0,1,360
fc1a1cd2d37a9100a80a496108f693ecebc59e14-dirty,1,typing,200,50,8,704,38848,200,50,1,1,1963,361,0,1,361
fc1a1cd2d37a9100a80a496108f693ecebc59e14-dirty,1,typing,200,50,9,804,38848,200,50,1,1,1963,362,0,1,362
fc1a1cd2d37a9100a80a496108f693ecebc59e14-dirty,1,typing,200,50,10,905,39007,200,50,1,1,2122,362,0,1,362
fc1a1cd2d37a9100a80a496108f693ecebc59e14-dirty,1,typing,200,50,11,1006,39007,200,50,0,0,200,200,0,0,200
fc1a1cd2d37a9100a80a496108f693ecebc59e14-dirty,1,typing,200,50,12,1101,39325,200,50,1,1,2440,362,0,1,362
fc1a1cd2d37a9100a80a496108f693ecebc59e14-dirty,1,typing,200,50,13,1202,39484,200,50,1,1,2599,362,0,1,362
fc1a1cd2d37a9100a80a496108f693ecebc59e14-dirty,1,typing,200,50,14,1303,39643,200,50,1,1,2758,362,0,1,362
fc1a1cd2d37a9100a80a496108f693ecebc59e14-dirty,1,typing,200,50,15,1404,39802,200,50,1,1,2917,362,0,1,362
fc1a1cd2d37a9100a80a496108f693ecebc59e14-dirty,1,typing,200,50,16,1505,39961,200,50,1,1,3076,362,0,1,362
fc1a1cd2d37a9100a80a496108f693ecebc59e14-dirty,1,typing,200,50,17,1609,40437,200,50,103,50,40578,16887,0,103,16887
fc1a1cd2d37a9100a80a496108f693ecebc59e14-dirty,1,typing,200,50,18,1705,40755,200,50,1,1,849,360,0,1,360
fc1a1cd2d37a9100a80a496108f693ecebc59e14-dirty,1,typing,200,50,19,1806,40914,200,50,1,1,1008,360,0,1,360
fc1a1cd2d37a9100a80a496108f693ecebc59e14-dirty,1,typing,200,50,20,1901,41073,200,50,1,1,1167,360,0,1,360
fc1a1cd2d37a9100a80a496108f693ecebc59e14-dirty,1,typing,200,50,21,2002,43935,200,50,128,50,44076,20951,0,128,20951
fc1a1cd2d37a9100a80a496108f693ecebc59e14-dirty,1,typing,200,50,22,2103,44253,200,50,1,1,849,360,0,1,360
fc1a1cd2d37a9100a80a496108f693ecebc59e14-dirty,1,typing,200,50,23,2204,44412,200,50,1,1,1008,360,0,1,360
fc1a1cd2d37a9100a80a496108f693ecebc59e14-dirty,1,typing,200,50,24,2345,44571,200,50,1,1,1167,360,0,1,360
fc1a1cd2d37a9100a80a496108f693ecebc59e14-dirty,1,typing,200,50,25,2406,44730,200,50,1,1,1326,360,0,1,360
fc1a1cd2d37a9100a80a496108f693ecebc59e14-dirty,1,typing,200,50,26,2501,44889,200,50,1,1,1485,360,0,1,360
fc1a1cd2d37a9100a80a496108f693ecebc59e14-dirty,1,typing,200,50,27,2602,45048,200,50,1,1,1644,360,0,1,360
fc1a1cd2d37a9100a80a496108f693ecebc59e14-dirty,1,typing,200,50,28,2703,45048,200,50,0,0,199,199,0,0,199
fc1a1cd2d37a9100a80a496108f693ecebc59e14-dirty,1,typing,200,50,29,2804,45367,200,50,1,1,1963,361,0,1,361
fc1a1cd2d37a9100a80a496108f693ecebc59e14-dirty,1,typing,200,50,30,2905,45526,200,50,1,1,2122,362,0,1,362
fc1a1cd2d37a9100a80a496108f693ecebc59e14-dirty,1,typing,200,50,31,3006,45685,200,50,1,1,2281,362,0,1,362
fc1a1cd2d37a9100a80a496108f693ecebc59e14-dirty,1,typing,200,50,32,3102,45844,200,50,1,1,2440,362,0,1,362
fc1a1cd2d37a9100a80a496108f693ecebc59e14-dirty,1,typing,200,50,33,3203,45844,200,50,0,0,200,200,0,0,200
fc1a1cd2d37a9100a80a496108f693ecebc59e14-dirty,1,typing,200,50,34,3303,46162,200,50,1,1,2758,362,0,1,362
fc1a1cd2d37a9100a80a496108f693ecebc59e14-dirty,1,typing,200,50,35,3404,46321,200,50,1,1,2917,362,0,1,362
fc1a1cd2d37a9100a80a496108f693ecebc59e14-dirty,1,typing,200,50,36,3505,46480,200,50,1,1,3076,362,0,1,362
fc1a1cd2d37a9100a80a496108f693ecebc59e14-dirty,1,typing,200,50,37,3606,46480,200,50,0,0,200,200,0,0,200
fc1a1cd2d37a9100a80a496108f693ecebc59e14-dirty,1,typing,200,50,38,3702,46798,200,50,1,1,3394,362,0,1,362
fc1a1cd2d37a9100a80a496108f693ecebc59e14-dirty,1,typing,200,50,39,3803,46957,200,50,1,1,3553,362,0,1,362
fc1a1cd2d37a9100a80a496108f693ecebc59e14-dirty,1,typing,200,50,40,3904,47116,200,50,1,1,3712,362,0,1,362
fc1a1cd2d37a9100a80a496108f693ecebc59e14-dirty,1,typing,200,50,41,4004,47275,200,50,1,1,3871,362,0,1,362
fc1a1cd2d37a9100a80a496108f693ecebc59e14-dirty,1,typing,200,50,42,4105,47275,200,50,1,1,3871,362,0,1,362
fc1a1cd2d37a9100a80a496108f693ecebc59e14-dirty,1,typing,200,50,43,4206,47435,200,50,1,1,4031,363,0,1,363
fc1a1cd2d37a9100a80a496108f693ecebc59e14-dirty,1,typing,200,50,44,4302,47594,200,50,1,1,4190,362,0,1,362
fc1a1cd2d37a9100a80a496108f693ecebc59e14-dirty,1,typing,200,50,45,4403,47753,200,50,1,1,4349,362,0,1,362
fc1a1cd2d37a9100a80a496108f693ecebc59e14-dirty,1,typing,200,50,46,4504,48547,200,50,188,50,48688,30714,0,188,30714
fc1a1cd2d37a9100a80a496108f693ecebc59e14-dirty,1,typing,200,50,47,4605,48865,200,50,1,1,849,360,0,1,360
fc1a1cd2d37a9100a80a496108f693ecebc59e14-dirty,1,typing,200,50,48,4705,49024,200,50,1,1,1008,360,0,1,360
fc1a1cd2d37a9100a80a496108f693ecebc59e14-dirty,1,typing,200,50,49,4846,49183,200,50,1,1,1167,360,0,1,360
fc1a1cd2d37a9100a80a496108f693ecebc59e14-dirty,1,typing,200,50,50,4902,49342,200,50,1,1,1326,360,0,1,360
fc1a1cd2d37a9100a80a496108f693ecebc59e14-dirty,1,typing,200,50,51,5003,48865,200,50,184,50,49006,30057,0,184,30057
fc1a1cd2d37a9100a80a496108f693ecebc59e14-dirty,1,typing,200,50,52,5104,49183,200,50,1,1,849,360,0,1,360
fc1a1cd2d37a9100a80a496108f693ecebc59e14-dirty,1,typing,200,50,53,5205,49342,200,50,1,1,1008,360,0,1,360
fc1a1cd2d37a9100a80a496108f693ecebc59e14-dirty,1,typing,200,50,54,5306,49501,200,50,1,1,1167,360,0,1,360
fc1a1cd2d37a9100a80a496108f693ecebc59e14-dirty,1,typing,200,50,55,5406,49660,200,50,1,1,1326,360,0,1,360
fc1a1cd2d37a9100a80a496108f693ecebc59e14-dirty,1,typing,200,50,56,5502,49660,200,50,0,0,199,199,0,0,199
fc1a1cd2d37a9100a80a496108f693ecebc59e14-dirty,1,typing,200,50,57,5603,49978,200,50,1,1,1644,360,0,1,360
fc1a1cd2d37a9100a80a496108f693ecebc59e14-dirty,1,typing,200,50,58,5704,50137,200,50,1,1,1803,360,0,1,360
fc1a1cd2d37a9100a80a496108f693ecebc59e14-dirty,1,typing,200,50,59,5805,50297,200,50,1,1,1963,361,0,1,361
fc1a1cd2d37a9100a80a496108f693ecebc59e14-dirty,1,typing,200,50,60,5906,50297,200,50,0,0,200,200,0,0,200
fc1a1cd2d37a9100a80a496108f693ecebc59e14-dirty,1,typing,200,50,61,6002,50615,200,50,1,1,2281,362,0,1,362
fc1a1cd2d37a9100a80a496108f693ecebc59e14-dirty,1,typing,200,50,62,6103,50774,200,50,1,1,2440,362,0,1,362
fc1a1cd2d37a9100a80a496108f693ecebc59e14-dirty,1,typing,200,50,63,6204,50933,200,50,1,1,2599,362,0,1,362
fc1a1cd2d37a9100a80a496108f693ecebc59e14-dirty,1,typing,200,50,64,6304,51092,200,50,1,1,2758,362,0,1,362
fc1a1cd2d37a9100a80a496108f693ecebc59e14-dirty,1,typing,200,50,65,6405,51251,200,50,1,1,2917,362,0,1,362
fc1a1cd2d37a9100a80a496108f693ecebc59e14-dirty,1,typing,200,50,66,6506,51251,200,50,0,0,200,200,0,0,200
fc1a1cd2d37a9100a80a496108f693ecebc59e14-dirty,1,typing,200,50,67,6602,51569,200,50,1,1,3235,362,0,1,362
fc1a1cd2d37a9100a80a496108f693ecebc59e14-dirty,1,typing,200,50,68,6703,51728,200,50,1,1,3394,362,0,1,362
fc1a1cd2d37a9100a80a496108f693ecebc59e14-dirty,1,typing,200,50,69,6804,51887,200,50,1,1,3553,362,0,1,362
fc1a1cd2d37a9100a80a496108f693ecebc59e14-dirty,1,typing,200,50,70,6905,52046,200,50,1,1,3712,362,0,1,362
fc1a1cd2d37a9100a80a496108f693ecebc59e14-dirty,1,typing,200,50,71,7006,52205,200,50,1,1,3871,362,0,1,362
fc1a1cd2d37a9100a80a496108f693ecebc59e14-dirty,1,typing,200,50,72,7107,52205,200,50,0,0,200,200,0,0,200
fc1a1cd2d37a9100a80a496108f693ecebc59e14-dirty,1,typing,200,50,73,7202,52523,200,50,1,1,4189,362,0,1,362
fc1a1cd2d37a9100a80a496108f693ecebc59e14-dirty,1,typing,200,50,74,7303,52682,200,50,1,1,4348,362,0,1,362
fc1a1cd2d37a9100a80a496108f693ecebc59e14-dirty,1,typing,200,50,75,7404,52841,200,50,1,1,4507,362,0,1,362
fc1a1cd2d37a9100a80a496108f693ecebc59e14-dirty,1,typing,200,50,76,7505,52841,200,50,0,0,200,200,0,0,200
fc1a1cd2d37a9100a80a496108f693ecebc59e14-dirty,1,typing,200,50,77,7646,53159,200,50,1,1,4825,362,0,1,362
fc1a1cd2d37a9100a80a496108f693ecebc59e14-dirty,1,typing,200,50,78,7707,53318,200,50,1,1,4984,362,0,1,362
fc1a1cd2d37a9100a80a496108f693ecebc59e14-dirty,1,typing,200,50,79,7802,53477,200,50,1,1,5143,362,0,1,362
fc1a1cd2d37a9100a80a496108f693ecebc59e14-dirty,1,typing,200,50,80,7903,53636,200,50,1,1,5302,362,0,1,362
fc1a1cd2d37a9100a80a496108f693ecebc59e14-dirty,1,typing,200,50,81,8004,53795,200,50,1,1,5461,362,0,1,362
fc1a1cd2d37a9100a80a496108f693ecebc59e14-dirty,1,typing,200,50,82,8105,53795,200,50,0,0,200,200,0,0,200
fc1a1cd2d37a9100a80a496108f693ecebc59e14-dirty,1,typing,200,50,83,8206,54113,200,50,1,1,5779,362,0,1,362
fc1a1cd2d37a9100a80a496108f693ecebc59e14-dirty,1,typing,200,50,84,8307,54272,200,50,1,1,5938,362,0,1,362
fc1a1cd2d37a9100a80a496108f693ecebc59e14-dirty,1,typing,200,50,85,8402,54431,200,50,1,1,6097,362,0,1,362
fc1a1cd2d37a9100a80a496108f693ecebc59e14-dirty,1,typing,200,50,86,8503,54590,200,50,1,1,6256,362,0,1,362
fc1a1cd2d37a9100a80a496108f693ecebc59e14-dirty,1,typing,200,50,87,8604,54590,200,50,0,0,200,200,0,0,200
fc1a1cd2d37a9100a80a496108f693ecebc59e14-dirty,1,typing,200,50,88,8705,54908,200,50,1,1,6574,362,0,1,362
fc1a1cd2d37a9100a80a496108f693ecebc59e14-dirty,1,typing,200,50,89,8806,55067,200,50,1,1,6733,362,0,1,362
fc1a1cd2d37a9100a80a496108f693ecebc59e14-dirty,1,typing,200,50,90,8907,55226,200,50,1,1,6892,362,0,1,362
fc1a1cd2d37a9100a80a496108f693ecebc59e14-dirty,1,typing,200,50,91,9003,55226,200,50,0,0,200,200,0,0,200
fc1a1cd2d37a9100a80a496108f693ecebc59e14-dirty,1,typing,200,50,92,9104,55544,200,50,1,1,7210,362,0,1,362
fc1a1cd2d37a9100a80a496108f693ecebc59e14-dirty,1,typing,200,50,93,9205,55703,200,50,1,1,7369,362,0,1,362
fc1a1cd2d37a9100a80a496108f693ecebc59e14-dirty,1,typing,200,50,94,9306,55862,200,50,1,1,7528,362,0,1,362
fc1a1cd2d37a9100a80a496108f693ecebc59e14-dirty,1,typing,200,50,95,9406,56021,200,50,1,1,7687,362,0,1,362
fc1a1cd2d37a9100a80a496108f693ecebc59e14-dirty,1,typing,200,50,96,9502,56021,200,50,0,0,200,200,0,0,200
fc1a1cd2d37a9100a80a496108f693ecebc59e14-dirty,1,typing,200,50,97,9603,56339,200,50,1,1,8005,362,0,1,362
fc1a1cd2d37a9100a80a496108f693ecebc59e14-dirty,1,typing,200,50,98,9704,56498,200,50,1,1,8164,362,0,1,362
fc1a1cd2d37a9100a80a496108f693ecebc59e14-dirty,1,typing,200,50,99,9805,56657,200,50,1,1,8323,362,0,1,362
fc1a1cd2d37a9100a80a496108f693ecebc59e14-dirty,1,typing,200,50,100,9906,62380,200,50,300,50,62521,48950,0,300,48950
fc1a1cd2d37a9100a80a496108f693ecebc59e14-dirty,1,typing,200,50,101,10007,62698,200,50,1,1,849,360,0,1,360
fc1a1cd2d37a9100a80a496108f693ecebc59e14-dirty,1,typing,200,50,102,10103,62857,200,50,1,1,1008,360,0,1,360
fc1a1cd2d37a9100a80a496108f693ecebc59e14-dirty,1,typing,200,50,103,10204,62857,200,50,0,0,199,199,0,0,199
fc1a1cd2d37a9100a80a496108f693ecebc59e14-dirty,1,typing,200,50,104,10304,63175,200,50,1,1,1326,360,0,1,360
fc1a1cd2d37a9100a80a496108f693ecebc59e14-dirty,1,typing,200,50,105,10405,63334,200,50,1,1,1485,360,0,1,360
fc1a1cd2d37a9100a80a496108f693ecebc59e14-dirty,1,typing,200,50,106,10506,63493,200,50,1,1,1644,360,0,1,360
fc1a1cd2d37a9100a80a496108f693ecebc59e14-dirty,1,typing,200,50,107,10607,63652,200,50,1,1,1803,360,0,1,360
fc1a1cd2d37a9100a80a496108f693ecebc59e14-dirty,1,typing,200,50,108,10703,63175,200,50,305,50,63316,49757,1,200,32899
fc1a1cd2d37a9100a80a496108f693ecebc59e14-dirty,1,typing,200,50,109,10804,63493,200,50,1,1,849,360,0,1,360
fc1a1cd2d37a9100a80a496108f693ecebc59e14-dirty,1,typing,200,50,110,10905,63652,200,50,1,1,1008,360,0,1,360
fc1a1cd2d37a9100a80a496108f693ecebc59e14-dirty,1,typing,200,50,111,11006,63652,200,50,0,0,199,199,0,0,199
fc1a1cd2d37a9100a80a496108f693ecebc59e14-dirty,1,typing,200,50,112,11106,63970,200,50,1,1,1326,360,0,1,360
fc1a1cd2d37a9100a80a496108f693ecebc59e14-dirty,1,typing,200,50,113,11207,66673,200,50,360,50,66814,58711,0,360,58711
fc1a1cd2d37a9100a80a496108f693ecebc59e14-dirty,1,typing,200,50,114,11303,66991,200,50,1,1,849,360,0,1,360
fc1a1cd2d37a9100a80a496108f693ecebc59e14-dirty,1,typing,200,50,115,11404,67150,200,50,1,1,1008,360,0,1,360
fc1a1cd2d37a9100a80a496108f693ecebc59e14-dirty,1,typing,200,50,116,11505,67309,200,50,1,1,1167,360,0,1,360
fc1a1cd2d37a9100a80a496108f693ecebc59e14-dirty,1,typing,200,50,117,11606,67468,200,50,1,1,1326,360,0,1,360
fc1a1cd2d37a9100a80a496108f693ecebc59e14-dirty,1,typing,200,50,118,11707,67468,200,50,0,0,199,199,0,0,199
fc1a1cd2d37a9100a80a496108f693ecebc59e14-dirty,1,typing,200,50,119,11807,67786,200,50,1,1,1644,360,0,1,360
fc1a1cd2d37a9100a80a496108f693ecebc59e14-dirty,1,typing,200,50,120,11903,67945,200,50,1,1,1803,360,0,1,360
fc1a1cd2d37a9100a80a496108f693ecebc59e14-dirty,1,typing,200,50,121,12004,68105,200,50,1,1,1963,361,0,1,361
fc1a1cd2d37a9100a80a496108f693ecebc59e14-dirty,1,typing,200,50,122,12105,68264,200,50,1,1,2122,362,0,1,362
fc1a1cd2d37a9100a80a496108f693ecebc59e14-dirty,1,typing,200,50,123,12206,68264,200,50,0,0,200,200,0,0,200
fc1a1cd2d37a9100a80a496108f693ecebc59e14-dirty,1,typing,200,50,124,12307,68582,200,50,1,1,2440,362,0,1,362
fc1a1cd2d37a9100a80a496108f693ecebc59e14-dirty,1,typing,200,50,125,12403,68741,200,50,1,1,2599,362,0,1,362
fc1a1cd2d37a9100a80a496108f693ecebc59e14-dirty,1,typing,200,50,126,12503,68900,200,50,1,1,2758,362,0,1,362
fc1a1cd2d37a9100a80a496108f693ecebc59e14-dirty,1,typing,200,50,127,12604,69059,200,50,1,1,2917,362,0,1,362
fc1a1cd2d37a9100a80a496108f693ecebc59e14-dirty,1,typing,200,50,128,12705,69059,200,50,0,0,200,200,0,0,200
fc1a1cd2d37a9100a80a496108f693ecebc59e14-dirty,1,typing,200,50,129,12806,69377,200,50,1,1,3235,362,0,1,362
fc1a1cd2d37a9100a80a496108f693ecebc59e14-dirty,1,typing,200,50,130,12907,69536,200,50,1,1,3394,362,0,1,362
fc1a1cd2d37a9100a80a496108f693ecebc59e14-dirty,1,typing,200,50,131,13003,69695,200,50,1,1,3553,362,0,1,362
fc1a1cd2d37a9100a80a496108f693ecebc59e14-dirty,1,typing,200,50,132,13104,69695,200,50,0,0,200,200,0,0,200
fc1a1cd2d37a9100a80a496108f693ecebc59e14-dirty,1,typing,200,50,133,13205,70013,200,50,1,1,3871,362,0,1,362
fc1a1cd2d37a9100a80a496108f693ecebc59e14-dirty,1,typing,200,50,134,13306,70172,200,50,1,1,4030,362,0,1,362
fc1a1cd2d37a9100a80a496108f693ecebc59e14-dirty,1,typing,200,50,135,13407,70331,200,50,1,1,4189,362,0,1,362
fc1a1cd2d37a9100a80a496108f693ecebc59e14-dirty,1,typing,200,50,136,13503,70490,200,50,1,1,4348,362,0,1,362
fc1a1cd2d37a9100a80a496108f693ecebc59e14-dirty,1,typing,200,50,137,13604,70649,200,50,1,1,4507,362,0,1,362
fc1a1cd2d37a9100a80a496108f693ecebc59e14-dirty,1,typing,200,50,138,13705,70649,200,50,0,0,200,200,0,0,200
fc1a1cd2d37a9100a80a496108f693ecebc59e14-dirty,1,typing,200,50,139,13805,70967,200,50,1,1,4825,362,0,1,362
fc1a1cd2d37a9100a80a496108f693ecebc59e14-dirty,1,typing,200,50,140,13906,71126,200,50,1,1,4984,362,0,1,362
fc1a1cd2d37a9100a80a496108f693ecebc59e14-dirty,1,typing,200,50,141,14007,71285,200,50,1,1,5143,362,0,1,362
fc1a1cd2d37a9100a80a496108f693ecebc59e14-dirty,1,typing,200,50,142,14103,71444,200,50,1,1,5302,362,0,1,362
fc1a1cd2d37a9100a80a496108f693ecebc59e14-dirty,1,typing,200,50,143,14204,71603,200,50,1,1,5461,362,0,1,362
fc1a1cd2d37a9100a80a496108f693ecebc59e14-dirty,1,typing,200,50,144,14305,74464,200,50,430,50,74605,70102,2,400,65589
fc1a1cd2d37a9100a80a496108f693ecebc59e14-dirty,1,typing,200,50,145,14405,74782,200,50,1,1,849,360,0,1,360
fc1a1cd2d37a9100a80a496108f693ecebc59e14-dirty,1,typing,200,50,146,14506,74941,200,50,1,1,1008,360,0,1,360
fc1a1cd2d37a9100a80a496108f693ecebc59e14-dirty,1,typing,200,50,147,14607,75100,200,50,1,1,1167,360,0,1,360
fc1a1cd2d37a9100a80a496108f693ecebc59e14-dirty,1,typing,200,50,148,14703,75100,200,50,0,0,199,199,0,0,199
fc1a1cd2d37a9100a80a496108f693ecebc59e14-dirty,1,typing,200,50,149,14804,75418,200,50,1,1,1485,360,0,1,360
fc1a1cd2d37a9100a80a496108f693ecebc59e14-dirty,1,typing,200,50,150,14906,75418,200,50,0,0,199,199,0,0,199
fc1a1cd2d37a9100a80a496108f693ecebc59e14-dirty,1,typing,200,50,151,15007,75736,200,50,1,1,1803,360,0,1,360
fc1a1cd2d37a9100a80a496108f693ecebc59e14-dirty,1,typing,200,50,152,15108,75896,200,50,1,1,1963,361,0,1,361
fc1a1cd2d37a9100a80a496108f693ecebc59e14-dirty,1,typing,200,50,153,15204,75896,200,50,0,0,200,200,0,0,200
fc1a1cd2d37a9100a80a496108f693ecebc59e14-dirty,1,typing,200,50,154,15305,76214,200,50,1,1,2281,362,0,1,362
fc1a1cd2d37a9100a80a496108f693ecebc59e14-dirty,1,typing,200,50,155,15405,76214,200,50,0,0,200,200,0,0,200
fc1a1cd2d37a9100a80a496108f693ecebc59e14-dirty,1,typing,200,50,156,15506,76532,200,50,1,1,2599,362,0,1,362
fc1a1cd2d37a9100a80a496108f693ecebc59e14-dirty,1,typing,200,50,157,15607,76532,200,50,0,0,200,200,0,0,200
fc1a1cd2d37a9100a80a496108f693ecebc59e14-dirty,1,typing,200,50,158,15708,76850,200,50,1,1,2917,362,0,1,362
fc1a1cd2d37a9100a80a496108f693ecebc59e14-dirty,1,typing,200,50,159,15845,77009,200,50,1,1,3076,362,0,1,362
fc1a1cd2d37a9100a80a496108f693ecebc59e14-dirty,1,typing,200,50,160,15905,77009,200,50,0,0,200,200,0,0,200
fc1a1cd2d37a9100a80a496108f693ecebc59e14-dirty,1,typing,200,50,161,16006,77327,200,50,1,1,3394,362,0,1,362
fc1a1cd2d37a9100a80a496108f693ecebc59e14-dirty,1,typing,200,50,162,16148,77486,200,50,1,1,3553,362,0,1,362
fc1a1cd2d37a9100a80a496108f693ecebc59e14-dirty,1,typing,200,50,163,16207,77486,200,50,0,0,200,200,0,0,200
fc1a1cd2d37a9100a80a496108f693ecebc59e14-dirty,1,typing,200,50,164,16308,77804,200,50,1,1,3871,362,0,1,362
fc1a1cd2d37a9100a80a496108f693ecebc59e14-dirty,1,typing,200,50,165,16404,77963,200,50,1,1,4030,362,0,1,362
fc1a1cd2d37a9100a80a496108f693ecebc59e14-dirty,1,typing,200,50,166,16505,78122,200,50,1,1,4189,362,0,1,362
fc1a1cd2d37a9100a80a496108f693ecebc59e14-dirty,1,typing,200,50,167,16606,78281,200,50,1,1,4348,362,0,1,362
fc1a1cd2d37a9100a80a496108f693ecebc59e14-dirty,1,typing,200,50,168,16707,78281,200,50,0,0,200,200,0,0,200
fc1a1cd2d37a9100a80a496108f693ecebc59e14-dirty,1,typing,200,50,169,16849,78600,200,50,1,1,4667,363,0,1,363
fc1a1cd2d37a9100a80a496108f693ecebc59e14-dirty,1,typing,200,50,170,16904,78759,200,50,1,1,4826,362,0,1,362
fc1a1cd2d37a9100a80a496108f693ecebc59e14-dirty,1,typing,200,50,171,17005,78918,200,50,1,1,4985,362,0,1,362
fc1a1cd2d37a9100a80a496108f693ecebc59e14-dirty,1,typing,200,50,172,17105,79077,200,50,1,1,5144,362,0,1,362
fc1a1cd2d37a9100a80a496108f693ecebc59e14-dirty,1,typing,200,50,173,17206,79236,200,50,1,1,5303,362,0,1,362
fc1a1cd2d37a9100a80a496108f693ecebc59e14-dirty,1,typing,200,50,174,17307,79236,200,50,0,0,200,200,0,0,200
fc1a1cd2d37a9100a80a496108f693ecebc59e14-dirty,1,typing,200,50,175,17408,79554,200,50,1,1,5621,362,0,1,362
fc1a1cd2d37a9100a80a496108f693ecebc59e14-dirty,1,typing,200,50,176,17504,79713,200,50,1,1,5780,362,0,1,362
fc1a1cd2d37a9100a80a496108f693ecebc59e14-dirty,1,typing,200,50,177,17605,79873,200,50,1,1,5940,363,0,1,363
fc1a1cd2d37a9100a80a496108f693ecebc59e14-dirty,1,typing,200,50,178,17706,80032,200,50,1,1,6099,362,0,1,362
fc1a1cd2d37a9100a80a496108f693ecebc59e14-dirty,1,typing,200,50,179,17808,80032,200,50,0,0,200,200,0,0,200
fc1a1cd2d37a9100a80a496108f693ecebc59e14-dirty,1,typing,200,50,180,17908,80350,200,50,1,1,6417,362,0,1,362
fc1a1cd2d37a9100a80a496108f693ecebc59e14-dirty,1,typing,200,50,181,18009,80509,200,50,1,1,6576,362,0,1,362
fc1a1cd2d37a9100a80a496108f693ecebc59e14-dirty,1,typing,200,50,182,18104,80668,200,50,1,1,6735,362,0,1,362
fc1a1cd2d37a9100a80a496108f693ecebc59e14-dirty,1,typing,200,50,183,18205,80827,200,50,1,1,6894,362,0,1,362
fc1a1cd2d37a9100a80a496108f693ecebc59e14-dirty,1,typing,200,50,184,18306,81462,200,50,484,50,81603,78873,0,484,78873
fc1a1cd2d37a9100a80a496108f693ecebc59e14-dirty,1,typing,200,50,185,18407,81780,200,50,1,1,849,360,0,1,360
fc1a1cd2d37a9100a80a496108f693ecebc59e14-dirty,1,typing,200,50,186,18508,81939,200,50,1,1,1008,360,0,1,360
fc1a1cd2d37a9100a80a496108f693ecebc59e14-dirty,1,typing,200,50,187,18609,82098,200,50,1,1,1167,360,0,1,360
fc1a1cd2d37a9100a80a496108f693ecebc59e14-dirty,1,typing,200,50,188,18704,82257,200,50,1,1,1326,360,0,1,360
fc1a1cd2d37a9100a80a496108f693ecebc59e14-dirty,1,typing,200,50,189,18805,82416,200,50,1,1,1485,360,0,1,360
fc1a1cd2d37a9100a80a496108f693ecebc59e14-dirty,1,typing,200,50,190,18906,82575,200,50,1,1,1644,360,0,1,360
fc1a1cd2d37a9100a80a496108f693ecebc59e14-dirty,1,typing,200,50,191,19007,82575,200,50,0,0,199,199,0,0,199
fc1a1cd2d37a9100a80a496108f693ecebc59e14-dirty,1,typing,200,50,192,19108,82894,200,50,1,1,1963,361,0,1,361
fc1a1cd2d37a9100a80a496108f693ecebc59e14-dirty,1,typing,200,50,193,19204,83053,200,50,1,1,2122,362,0,1,362
fc1a1cd2d37a9100a80a496108f693ecebc59e14-dirty,1,typing,200,50,194,19305,83212,200,50,1,1,2281,362,0,1,362
fc1a1cd2d37a9100a80a496108f693ecebc59e14-dirty,1,typing,200,50,195,19406,83372,200,50,1,1,2441,363,0,1,363
fc1a1cd2d37a9100a80a496108f693ecebc59e14-dirty,1,typing,200,50,196,19507,83531,200,50,1,1,2600,362,0,1,362
fc1a1cd2d37a9100a80a496108f693ecebc59e14-dirty,1,typing,200,50,197,19608,83690,200,50,1,1,2759,362,0,1,362
fc1a1cd2d37a9100a80a496108f693ecebc59e14-dirty,1,typing,200,50,198,19749,83690,200,50,0,0,200,200,0,0,200
fc1a1cd2d37a9100a80a496108f693ecebc59e14-dirty,1,typing,200,50,199,19805,84008,200,50,1,1,3077,362,0,1,362
fc1a1cd2d37a9100a80a496108f693ecebc59e14-dirty,1,typing,200,50,200,19906,84167,200,50,1,1,3236,362,0,1,362
fc1a1cd2d37a9100a80a496108f693ecebc59e14-dirty,1,typing,200,50,201,20006,84326,200,50,1,1,3395,362,0,1,362
fc1a1cd2d37a9100a80a496108f693ecebc59e14-dirty,1,typing,200,50,202,20108,84485,200,50,1,1,3554,362,0,1,362
fc1a1cd2d37a9100a80a496108f693ecebc59e14-dirty,1,typing,200,50,203,20208,84644,200,50,1,1,3713,362,0,1,362
fc1a1cd2d37a9100a80a496108f693ecebc59e14-dirty,1,typing,200,50,204,20304,84644,200,50,0,0,200,200,0,0,200
fc1a1cd2d37a9100a80a496108f693ecebc59e14-dirty,1,typing,200,50,205,20405,84962,200,50,1,1,4031,362,0,1,362
fc1a1cd2d37a9100a80a496108f693ecebc59e14-dirty,1,typing,200,50,206,20506,85121,200,50,1,1,4190,362,0,1,362
fc1a1cd2d37a9100a80a496108f693ecebc59e14-dirty,1,typing,200,50,207,20607,85280,200,50,1,1,4349,362,0,1,362
fc1a1cd2d37a9100a80a496108f693ecebc59e14-dirty,1,typing,200,50,208,20708,85439,200,50,1,1,4508,362,0,1,362
fc1a1cd2d37a9100a80a496108f693ecebc59e14-dirty,1,typing,200,50,209,20809,85439,200,50,0,0,200,200,0,0,200
fc1a1cd2d37a9100a80a496108f693ecebc59e14-dirty,1,typing,200,50,210,20905,85757,200,50,1,1,4826,362,0,1,362
fc1a1cd2d37a9100a80a496108f693ecebc59e14-dirty,1,typing,200,50,211,21005,85916,200,50,1,1,4985,362,0,1,362
fc1a1cd2d37a9100a80a496108f693ecebc59e14-dirty,1,typing,200,50,212,21106,86075,200,50,1,1,5144,362,0,1,362
fc1a1cd2d37a9100a80a496108f693ecebc59e14-dirty,1,typing,200,50,213,21207,86075,200,50,1,1,5144,362,0,1,362
fc1a1cd2d37a9100a80a496108f693ecebc59e14-dirty,1,typing,200,50,214,21308,86234,200,50,1,1,5303,362,0,1,362
fc1a1cd2d37a9100a80a496108f693ecebc59e14-dirty,1,typing,200,50,215,21404,86234,200,50,0,0,200,200,0,0,200
fc1a1cd2d37a9100a80a496108f693ecebc59e14-dirty,1,typing,200,50,216,21505,86552,200,50,1,1,5621,362,0,1,362
fc1a1cd2d37a9100a80a496108f693ecebc59e14-dirty,1,typing,200,50,217,21606,86711,200,50,1,1,5780,362,0,1,362
fc1a1cd2d37a9100a80a496108f693ecebc59e14-dirty,1,typing,200,50,218,21707,86870,200,50,1,1,5939,362,0,1,362
fc1a1cd2d37a9100a80a496108f693ecebc59e14-dirty,1,typing,200,50,219,21808,87029,200,50,1,1,6098,362,0,1,362
fc1a1cd2d37a9100a80a496108f693ecebc59e14-dirty,1,typing,200,50,220,21909,87188,200,50,1,1,6257,362,0,1,362
fc1a1cd2d37a9100a80a496108f693ecebc59e14-dirty,1,typing,200,50,221,22005,87028,200,50,557,50,87169,90746,0,557,90746
fc1a1cd2d37a9100a80a496108f693ecebc59e14-dirty,1,typing,200,50,222,22106,87346,200,50,1,1,849,360,0,1,360
fc1a1cd2d37a9100a80a496108f693ecebc59e14-dirty,1,typing,200,50,223,22206,87505,200,50,1,1,1008,360,0,1,360
fc1a1cd2d37a9100a80a496108f693ecebc59e14-dirty,1,typing,200,50,224,22308,87664,200,50,1,1,1167,360,0,1,360
fc1a1cd2d37a9100a80a496108f693ecebc59e14-dirty,1,typing,200,50,225,22408,87823,200,50,1,1,1326,360,0,1,360
fc1a1cd2d37a9100a80a496108f693ecebc59e14-dirty,1,typing,200,50,226,22505,87823,200,50,0,0,199,199,0,0,199
fc1a1cd2d37a9100a80a496108f693ecebc59e14-dirty,1,typing,200,50,227,22605,88141,200,50,1,1,1644,360,0,1,360
fc1a1cd2d37a9100a80a496108f693ecebc59e14-dirty,1,typing,200,50,228,22706,88141,200,50,0,0,199,199,0,0,199
fc1a1cd2d37a9100a80a496108f693ecebc59e14-dirty,1,typing,200,50,229,22807,88460,200,50,1,1,1963,361,0,1,361
fc1a1cd2d37a9100a80a496108f693ecebc59e14-dirty,1,typing,200,50,230,22908,88619,200,50,1,1,2122,362,0,1,362
fc1a1cd2d37a9100a80a496108f693ecebc59e14-dirty,1,typing,200,50,231,23009,88778,200,50,1,1,2281,362,0,1,362
fc1a1cd2d37a9100a80a496108f693ecebc59e14-dirty,1,typing,200,50,232,23105,88937,200,50,1,1,2440,362,0,1,362
fc1a1cd2d37a9100a80a496108f693ecebc59e14-dirty,1,typing,200,50,233,23206,89096,200,50,1,1,2599,362,0,1,362
fc1a1cd2d37a9100a80a496108f693ecebc59e14-dirty,1,typing,200,50,234,23307,89255,200,50,1,1,2758,362,0,1,362
fc1a1cd2d37a9100a80a496108f693ecebc59e14-dirty,1,typing,200,50,235,23408,89414,200,50,1,1,2917,362,0,1,362
fc1a1cd2d37a9100a80a496108f693ecebc59e14-dirty,1,typing,200,50,236,23509,89573,200,50,1,1,3076,362,0,1,362
fc1a1cd2d37a9100a80a496108f693ecebc59e14-dirty,1,typing,200,50,237,23605,89573,200,50,0,0,200,200,0,0,200
fc1a1cd2d37a9100a80a496108f693ecebc59e14-dirty,1,typing,200,50,238,23705,89891,200,50,1,1,3394,362,0,1,362
fc1a1cd2d37a9100a80a496108f693ecebc59e14-dirty,1,typing,200,50,239,23806,90050,200,50,1,1,3553,362,0,1,362
fc1a1cd2d37a9100a80a496108f693ecebc59e14-dirty,1,typing,200,50,240,23948,90209,200,50,1,1,3712,362,0,1,362
fc1a1cd2d37a9100a80a496108f693ecebc59e14-dirty,1,typing,200,50,241,24008,90368,200,50,1,1,3871,362,0,1,362
fc1a1cd2d37a9100a80a496108f693ecebc59e14-dirty,1,typing,200,50,242,24109,90527,200,50,1,1,4030,362,0,1,362
fc1a1cd2d37a9100a80a496108f693ecebc59e14-dirty,1,typing,200,50,243,24205,90686,200,50,1,1,4189,362,0,1,362
fc1a1cd2d37a9100a80a496108f693ecebc59e14-dirty,1,typing,200,50,244,24306,90686,200,50,0,0,200,200,0,0,200
fc1a1cd2d37a9100a80a496108f693ecebc59e14-dirty,1,typing,200,50,245,24407,91004,200,50,1,1,4507,362,0,1,362
fc1a1cd2d37a9100a80a496108f693ecebc59e14-dirty,1,typing,200,50,246,24549,91163,200,50,1,1,4666,362,0,1,362
fc1a1cd2d37a9100a80a496108f693ecebc59e14-dirty,1,typing,200,50,247,24608,91322,200,50,1,1,4825,362,0,1,362
fc1a1cd2d37a9100a80a496108f693ecebc59e14-dirty,1,typing,200,50,248,24709,91481,200,50,1,1,4984,362,0,1,362
fc1a1cd2d37a9100a80a496108f693ecebc59e14-dirty,1,typing,200,50,249,24847,91481,200,50,0,0,200,200,0,0,200
fc1a1cd2d37a9100a80a496108f693ecebc59e14-dirty,1,typing,200,50,250,24906,91799,200,50,1,1,5302,362,0,1,362
fc1a1cd2d37a9100a80a496108f693ecebc59e14-dirty,1,typing,200,50,251,25007,91958,200,50,1,1,5461,362,0,1,362
fc1a1cd2d37a9100a80a496108f693ecebc59e14-dirty,1,typing,200,50,252,25108,91958,200,50,0,0,200,200,0,0,200
fc1a1cd2d37a9100a80a496108f693ecebc59e14-dirty,1,typing,200,50,253,25251,92276,200,50,1,1,5779,362,0,1,362
fc1a1cd2d37a9100a80a496108f693ecebc59e14-dirty,1,typing,200,50,254,25305,92435,200,50,1,1,5938,362,0,1,362
fc1a1cd2d37a9100a80a496108f693ecebc59e14-dirty,1,typing,200,50,255,25406,92594,200,50,1,1,6097,362,0,1,362
fc1a1cd2d37a9100a80a496108f693ecebc59e14-dirty,1,typing,200,50,256,25507,92753,200,50,1,1,6256,362,0,1,362
fc1a1cd2d37a9100a80a496108f693ecebc59e14-dirty,1,typing,200,50,257,25608,92753,200,50,0,0,200,200,0,0,200
fc1a1cd2d37a9100a80a496108f693ecebc59e14-dirty,1,typing,200,50,258,25709,93071,200,50,1,1,6574,362,0,1,362
fc1a1cd2d37a9100a80a496108f693ecebc59e14-dirty,1,typing,200,50,259,25810,93230,200,50,1,1,6733,362,0,1,362
fc1a1cd2d37a9100a80a496108f693ecebc59e14-dirty,1,typing,200,50,260,25946,93389,200,50,1,1,6892,362,0,1,362
fc1a1cd2d37a9100a80a496108f693ecebc59e14-dirty,1,typing,200,50,261,26006,93548,200,50,1,1,7051,362,0,1,362
fc1a1cd2d37a9100a80a496108f693ecebc59e14-dirty,1,typing,200,50,262,26107,93548,200,50,0,0,200,200,0,0,200
fc1a1cd2d37a9100a80a496108f693ecebc59e14-dirty,1,typing,200,50,263,26208,93866,200,50,1,1,7369,362,0,1,362
fc1a1cd2d37a9100a80a496108f693ecebc59e14-dirty,1,typing,200,50,264,26309,93866,200,50,0,0,200,200,0,0,200
fc1a1cd2d37a9100a80a496108f693ecebc59e14-dirty,1,typing,200,50,265,26446,94184,200,50,1,1,7687,362,0,1,362
fc1a1cd2d37a9100a80a496108f693ecebc59e14-dirty,1,typing,200,50,266,26506,94343,200,50,1,1,7846,362,0,1,362
fc1a1cd2d37a9100a80a496108f693ecebc59e14-dirty,1,typing,200,50,267,26607,94502,200,50,1,1,8005,362,0,1,362
fc1a1cd2d37a9100a80a496108f693ecebc59e14-dirty,1,typing,200,50,268,26708,94661,200,50,1,1,8164,362,0,1,362
fc1a1cd2d37a9100a80a496108f693ecebc59e14-dirty,1,typing,200,50,269,26809,94820,200,50,1,1,8323,362,0,1,362
fc1a1cd2d37a9100a80a496108f693ecebc59e14-dirty,1,typing,200,50,270,26905,94979,200,50,1,1,8482,362,0,1,362
fc1a1cd2d37a9100a80a496108f693ecebc59e14-dirty,1,typing,200,50,271,27006,94979,200,50,0,0,200,200,0,0,200
fc1a1cd2d37a9100a80a496108f693ecebc59e14-dirty,1,typing,200,50,272,27107,95297,200,50,1,1,8800,362,0,1,362
fc1a1cd2d37a9100a80a496108f693ecebc59e14-dirty,1,typing,200,50,273,27208,95456,200,50,1,1,8959,362,0,1,362
fc1a1cd2d37a9100a80a496108f693ecebc59e14-dirty,1,typing,200,50,274,27309,95615,200,50,1,1,9118,362,0,1,362
fc1a1cd2d37a9100a80a496108f693ecebc59e14-dirty,1,typing,200,50,275,27410,95774,200,50,1,1,9277,362,0,1,362
fc1a1cd2d37a9100a80a496108f693ecebc59e14-dirty,1,typing,200,50,276,27506,95933,200,50,1,1,9436,362,0,1,362
fc1a1cd2d37a9100a80a496108f693ecebc59e14-dirty,1,typing,200,50,277,27607,95933,200,50,0,0,200,200,0,0,200
fc1a1cd2d37a9100a80a496108f693ecebc59e14-dirty,1,typing,200,50,278,27707,96251,200,50,1,1,9754,362,0,1,362
fc1a1cd2d37a9100a80a496108f693ecebc59e14-dirty,1,typing,200,50,279,27808,96410,200,50,1,1,9913,362,0,1,362
fc1a1cd2d37a9100a80a496108f693ecebc59e14-dirty,1,typing,200,50,280,27910,96410,200,50,0,0,200,200,0,0,200
fc1a1cd2d37a9100a80a496108f693ecebc59e14-dirty,1,typing,200,50,281,28006,96728,200,50,1,1,10231,362,0,1,362
fc1a1cd2d37a9100a80a496108f693ecebc59e14-dirty,1,typing,200,50,282,28106,96728,200,50,0,0,200,200,0,0,200
fc1a1cd2d37a9100a80a496108f693ecebc59e14-dirty,1,typing,200,50,283,28207,97046,200,50,1,1,10549,362,0,1,362
fc1a1cd2d37a9100a80a496108f693ecebc59e14-dirty,1,typing,200,50,284,28308,97205,200,50,1,1,10708,362,0,1,362
fc1a1cd2d37a9100a80a496108f693ecebc59e14-dirty,1,typing,200,50,285,28409,97364,200,50,1,1,10867,362,0,1,362
fc1a1cd2d37a9100a80a496108f693ecebc59e14-dirty,1,typing,200,50,286,28505,97523,200,50,1,1,11026,362,0,1,362
fc1a1cd2d37a9100a80a496108f693ecebc59e14-dirty,1,typing,200,50,287,28606,97523,200,50,1,1,11026,362,0,1,362
fc1a1cd2d37a9100a80a496108f693ecebc59e14-dirty,1,typing,200,50,288,28707,97523,200,50,0,0,200,200,0,0,200
fc1a1cd2d37a9100a80a496108f693ecebc59e14-dirty,1,typing,200,50,289,28808,97841,200,50,1,1,11344,362,0,1,362
fc1a1cd2d37a9100a80a496108f693ecebc59e14-dirty,1,typing,200,50,290,28909,98000,200,50,1,1,11503,362,0,1,362
fc1a1cd2d37a9100a80a496108f693ecebc59e14-dirty,1,typing,200,50,291,29010,98159,200,50,1,1,11662,362,0,1,362
fc1a1cd2d37a9100a80a496108f693ecebc59e14-dirty,1,typing,200,50,292,29147,98318,200,50,1,1,11821,362,0,1,362
fc1a1cd2d37a9100a80a496108f693ecebc59e14-dirty,1,typing,200,50,293,29248,98477,200,50,1,1,11980,362,0,1,362
fc1a1cd2d37a9100a80a496108f693ecebc59e14-dirty,1,typing,200,50,294,29308,98636,200,50,1,1,12139,362,0,1,362
fc1a1cd2d37a9100a80a496108f693ecebc59e14-dirty,1,typing,200,50,295,29409,108175,200,50,738,50,108316,120248,2,400,65589
fc1a1cd2d37a9100a80a496108f693ecebc59e14-dirty,1,typing,200,50,296,29551,108493,200,50,1,1,849,360,0,1,360
fc1a1cd2d37a9100a80a496108f693ecebc59e14-dirty,1,typing,200,50,297,29606,108652,200,50,1,1,1008,360,0,1,360
fc1a1cd2d37a9100a80a496108f693ecebc59e14-dirty,1,typing,200,50,298,29747,108811,200,50,1,1,1167,360,0,1,360
fc1a1cd2d37a9100a80a496108f693ecebc59e14-dirty,1,typing,200,50,299,29849,108970,200,50,1,1,1326,360,0,1,360
fc1a1cd2d37a9100a80a496108f693ecebc59e14-dirty,1,typing,200,50,300,29950,108970,200,50,0,0,199,199,0,0,199
fc1a1cd2d37a9100a80a496108f693ecebc59e14-dirty,1,typing,200,50,301,30050,109288,200,50,1,1,1644,360,0,1,360
fc1a1cd2d37a9100a80a496108f693ecebc59e14-dirty,1,typing,200,50,302,30106,109447,200,50,1,1,1803,360,0,1,360
fc1a1cd2d37a9100a80a496108f693ecebc59e14-dirty,1,typing,200,50,303,30207,109607,200,50,1,1,1963,361,0,1,361
fc1a1cd2d37a9100a80a496108f693ecebc59e14-dirty,1,typing,200,50,304,30348,109607,200,50,0,0,200,200,0,0,200
fc1a1cd2d37a9100a80a496108f693ecebc59e14-dirty,1,typing,200,50,305,30409,109925,200,50,1,1,2281,362,0,1,362
fc1a1cd2d37a9100a80a496108f693ecebc59e14-dirty,1,typing,200,50,306,30550,110084,200,50,1,1,2440,362,0,1,362
fc1a1cd2d37a9100a80a496108f693ecebc59e14-dirty,1,typing,200,50,307,30647,110243,200,50,1,1,2599,362,0,1,362
fc1a1cd2d37a9100a80a496108f693ecebc59e14-dirty,1,typing,200,50,308,30707,110401,200,50,799,50,110542,130179,2,400,65589
fc1a1cd2d37a9100a80a496108f693ecebc59e14-dirty,2,typing,200,50,1,47,110719,200,50,1,1,849,360,0,1,360
fc1a1cd2d37a9100a80a496108f693ecebc59e14-dirty,2,typing,200,50,2,102,110878,200,50,1,1,1008,360,0,1,360
fc1a1cd2d37a9100a80a496108f693ecebc59e14-dirty,2,typing,200,50,3,244,111037,200,50,1,1,1167,360,0,1,360
fc1a1cd2d37a9100a80a496108f693ecebc59e14-dirty,2,typing,200,50,4,304,111196,200,50,1,1,1326,360,0,1,360
fc1a1cd2d37a9100a80a496108f693ecebc59e14-dirty,2,typing,200,50,5,446,111196,200,50,0,0,199,199,0,0,199
fc1a1cd2d37a9100a80a496108f693ecebc59e14-dirty,2,typing,200,50,6,506,111514,200,50,1,1,1644,360,0,1,360
fc1a1cd2d37a9100a80a496108f693ecebc59e14-dirty,2,typing,200,50,7,607,111673,200,50,1,1,1803,360,0,1,360
fc1a1cd2d37a9100a80a496108f693ecebc59e14-dirty,2,typing,200,50,8,703,111833,200,50,1,1,1963,361,0,1,361
fc1a1cd2d37a9100a80a496108f693ecebc59e14-dirty,2,typing,200,50,9,845,111833,200,50,1,1,1963,362,0,1,362
fc1a1cd2d37a9100a80a496108f693ecebc59e14-dirty,2,typing,200,50,10,905,111992,200,50,1,1,2122,362,0,1,362
fc1a1cd2d37a9100a80a496108f693ecebc59e14-dirty,2,typing,200,50,11,1047,111992,200,50,0,0,200,200,0,0,200
fc1a1cd2d37a9100a80a496108f693ecebc59e14-dirty,2,typing,200,50,12,1107,112310,200,50,1,1,2440,362,0,1,362
fc1a1cd2d37a9100a80a496108f693ecebc59e14-dirty,2,typing,200,50,13,1203,112469,200,50,1,1,2599,362,0,1,362
fc1a1cd2d37a9100a80a496108f693ecebc59e14-dirty,2,typing,200,50,14,1304,112628,200,50,1,1,2758,362,0,1,362
fc1a1cd2d37a9100a80a496108f693ecebc59e14-dirty,2,typing,200,50,15,1405,112787,200,50,1,1,2917,362,0,1,362
fc1a1cd2d37a9100a80a496108f693ecebc59e14-dirty,2,typing,200,50,16,1506,112946,200,50,1,1,3076,362,0,1,362
fc1a1cd2d37a9100a80a496108f693ecebc59e14-dirty,2,typing,200,50,17,1648,113422,200,50,822,50,113563,133918,2,400,65589
fc1a1cd2d37a9100a80a496108f693ecebc59e14-dirty,2,typing,200,50,18,1703,113740,200,50,1,1,849,360,0,1,360
fc1a1cd2d37a9100a80a496108f693ecebc59e14-dirty,2,typing,200,50,19,1845,113899,200,50,1,1,1008,360,0,1,360
fc1a1cd2d37a9100a80a496108f693ecebc59e14-dirty,2,typing,200,50,20,1905,114058,200,50,1,1,1167,360,0,1,360
fc1a1cd2d37a9100a80a496108f693ecebc59e14-dirty,2,typing,200,50,21,2006,116761,200,50,846,50,116902,137820,2,400,65589
fc1a1cd2d37a9100a80a496108f693ecebc59e14-dirty,2,typing,200,50,22,2148,117079,200,50,1,1,849,360,0,1,360
fc1a1cd2d37a9100a80a496108f693ecebc59e14-dirty,2,typing,200,50,23,2245,117238,200,50,1,1,1008,360,0,1,360
fc1a1cd2d37a9100a80a496108f693ecebc59e14-dirty,2,typing,200,50,24,2304,117397,200,50,1,1,1167,360,0,1,360
fc1a1cd2d37a9100a80a496108f693ecebc59e14-dirty,2,typing,200,50,25,2446,117556,200,50,1,1,1326,360,0,1,360
fc1a1cd2d37a9100a80a496108f693ecebc59e14-dirty,2,typing,200,50,26,2546,117715,200,50,1,1,1485,360,0,1,360
fc1a1cd2d37a9100a80a496108f693ecebc59e14-dirty,2,typing,200,50,27,2607,117874,200,50,1,1,1644,360,0,1,360
fc1a1cd2d37a9100a80a496108f693ecebc59e14-dirty,2,typing,200,50,28,2745,117874,200,50,0,0,199,199,0,0,199
fc1a1cd2d37a9100a80a496108f693ecebc59e14-dirty,2,typing,200,50,29,2804,118193,200,50,1,1,1963,361,0,1,361
fc1a1cd2d37a9100a80a496108f693ecebc59e14-dirty,2,typing,200,50,30,2905,118352,200,50,1,1,2122,362,0,1,362
fc1a1cd2d37a9100a80a496108f693ecebc59e14-dirty,2,typing,200,50,31,3007,118511,200,50,1,1,2281,362,0,1,362
fc1a1cd2d37a9100a80a496108f693ecebc59e14-dirty,2,typing,200,50,32,3107,118670,200,50,1,1,2440,362,0,1,362
fc1a1cd2d37a9100a80a496108f693ecebc59e14-dirty,2,typing,200,50,33,3244,118670,200,50,0,0,200,200,0,0,200
fc1a1cd2d37a9100a80a496108f693ecebc59e14-dirty,2,typing,200,50,34,3304,118988,200,50,1,1,2758,362,0,1,362
fc1a1cd2d37a9100a80a496108f693ecebc59e14-dirty,2,typing,200,50,35,3447,119147,200,50,1,1,2917,362,0,1,362
fc1a1cd2d37a9100a80a496108f693ecebc59e14-dirty,2,typing,200,50,36,3506,119306,200,50,1,1,3076,362,0,1,362
fc1a1cd2d37a9100a80a496108f693ecebc59e14-dirty,2,typing,200,50,37,3649,119306,200,50,0,0,200,200,0,0,200
fc1a1cd2d37a9100a80a496108f693ecebc59e14-dirty,2,typing,200,50,38,3704,119624,200,50,1,1,3394,362,0,1,362
fc1a1cd2d37a9100a80a496108f693ecebc59e14-dirty,2,typing,200,50,39,3846,119783,200,50,1,1,3553,362,0,1,362
fc1a1cd2d37a9100a80a496108f693ecebc59e14-dirty,2,typing,200,50,40,3947,119942,200,50,1,1,3712,362,0,1,362
fc1a1cd2d37a9100a80a496108f693ecebc59e14-dirty,2,typing,200,50,41,4007,120101,200,50,1,1,3871,362,0,1,362
fc1a1cd2d37a9100a80a496108f693ecebc59e14-dirty,2,typing,200,50,42,4145,120101,200,50,1,1,3871,362,0,1,362
fc1a1cd2d37a9100a80a496108f693ecebc59e14-dirty,2,typing,200,50,43,4246,120261,200,50,1,1,4031,363,0,1,363
fc1a1cd2d37a9100a80a496108f693ecebc59e14-dirty,2,typing,200,50,44,4346,120420,200,50,1,1,4190,362,0,1,362
fc1a1cd2d37a9100a80a496108f693ecebc59e14-dirty,2,typing,200,50,45,4448,120579,200,50,1,1,4349,362,0,1,362
fc1a1cd2d37a9100a80a496108f693ecebc59e14-dirty,2,typing,200,50,46,4548,121373,200,50,906,50,121514,147583,2,400,65589
fc1a1cd2d37a9100a80a496108f693ecebc59e14-dirty,2,typing,200,50,47,4604,121691,200,50,1,1,849,360,0,1,360
fc1a1cd2d37a9100a80a496108f693ecebc59e14-dirty,2,typing,200,50,48,4746,121850,200,50,1,1,1008,360,0,1,360
fc1a1cd2d37a9100a80a496108f693ecebc59e14-dirty,2,typing,200,50,49,4847,122009,200,50,1,1,1167,360,0,1,360
fc1a1cd2d37a9100a80a496108f693ecebc59e14-dirty,2,typing,200,50,50,4948,122168,200,50,1,1,1326,360,0,1,360
fc1a1cd2d37a9100a80a496108f693ecebc59e14-dirty,2,typing,200,50,51,5048,121691,200,50,837,50,121832,136320,1,200,32899
fc1a1cd2d37a9100a80a496108f693ecebc59e14-dirty,2,typing,200,50,52,5145,122009,200,50,1,1,849,360,0,1,360
fc1a1cd2d37a9100a80a496108f693ecebc59e14-dirty,2,typing,200,50,53,5204,122168,200,50,1,1,1008,360,0,1,360
fc1a1cd2d37a9100a80a496108f693ecebc59e14-dirty,2,typing,200,50,54,5347,122327,200,50,1,1,1167,360,0,1,360
fc1a1cd2d37a9100a80a496108f693ecebc59e14-dirty,2,typing,200,50,55,5407,122486,200,50,1,1,1326,360,0,1,360
fc1a1cd2d37a9100a80a496108f693ecebc59e14-dirty,2,typing,200,50,56,5548,122486,200,50,0,0,199,199,0,0,199
fc1a1cd2d37a9100a80a496108f693ecebc59e14-dirty,2,typing,200,50,57,5644,122804,200,50,1,1,1644,360,0,1,360
fc1a1cd2d37a9100a80a496108f693ecebc59e14-dirty,2,typing,200,50,58,5705,122963,200,50,1,1,1803,360,0,1,360
fc1a1cd2d37a9100a80a496108f693ecebc59e14-dirty,2,typing,200,50,59,5806,123123,200,50,1,1,1963,361,0,1,361
fc1a1cd2d37a9100a80a496108f693ecebc59e14-dirty,2,typing,200,50,60,5907,123123,200,50,0,0,200,200,0,0,200
fc1a1cd2d37a9100a80a496108f693ecebc59e14-dirty,2,typing,200,50,61,6008,123441,200,50,1,1,2281,362,0,1,362
fc1a1cd2d37a9100a80a496108f693ecebc59e14-dirty,2,typing,200,50,62,6104,123600,200,50,1,1,2440,362,0,1,362
fc1a1cd2d37a9100a80a496108f693ecebc59e14-dirty,2,typing,200,50,63,6205,123759,200,50,1,1,2599,362,0,1,362
fc1a1cd2d37a9100a80a496108f693ecebc59e14-dirty,2,typing,200,50,64,6346,123918,200,50,1,1,2758,362,0,1,362
fc1a1cd2d37a9100a80a496108f693ecebc59e14-dirty,2,typing,200,50,65,6449,124077,200,50,1,1,2917,362,0,1,362
fc1a1cd2d37a9100a80a496108f693ecebc59e14-dirty,2,typing,200,50,66,6545,124077,200,50,0,0,200,200,0,0,200
fc1a1cd2d37a9100a80a496108f693ecebc59e14-dirty,2,typing,200,50,67,6605,124395,200,50,1,1,3235,362,0,1,362
fc1a1cd2d37a9100a80a496108f693ecebc59e14-dirty,2,typing,200,50,68,6705,124554,200,50,1,1,3394,362,0,1,362
fc1a1cd2d37a9100a80a496108f693ecebc59e14-dirty,2,typing,200,50,69,6807,124713,200,50,1,1,3553,362,0,1,362
fc1a1cd2d37a9100a80a496108f693ecebc59e14-dirty,2,typing,200,50,70,6949,124872,200,50,1,1,3712,362,0,1,362
fc1a1cd2d37a9100a80a496108f693ecebc59e14-dirty,2,typing,200,50,71,7004,125031,200,50,1,1,3871,362,0,1,362
fc1a1cd2d37a9100a80a496108f693ecebc59e14-dirty,2,typing,200,50,72,7105,125031,200,50,0,0,200,200,0,0,200
fc1a1cd2d37a9100a80a496108f693ecebc59e14-dirty,2,typing,200,50,73,7206,125349,200,50,1,1,4189,362,0,1,362
fc1a1cd2d37a9100a80a496108f693ecebc59e14-dirty,2,typing,200,50,74,7348,125508,200,50,1,1,4348,362,0,1,362
fc1a1cd2d37a9100a80a496108f693ecebc59e14-dirty,2,typing,200,50,75,7408,125667,200,50,1,1,4507,362,0,1,362
fc1a1cd2d37a9100a80a496108f693ecebc59e14-dirty,2,typing,200,50,76,7504,125667,200,50,0,0,200,200,0,0,200
fc1a1cd2d37a9100a80a496108f693ecebc59e14-dirty,2,typing,200,50,77,7605,125985,200,50,1,1,4825,362,0,1,362
fc1a1cd2d37a9100a80a496108f693ecebc59e14-dirty,2,typing,200,50,78,7749,126144,200,50,1,1,4984,362,0,1,362
fc1a1cd2d37a9100a80a496108f693ecebc59e14-dirty,2,typing,200,50,79,7808,126303,200,50,1,1,5143,362,0,1,362
fc1a1cd2d37a9100a80a496108f693ecebc59e14-dirty,2,typing,200,50,80,7908,126462,200,50,1,1,5302,362,0,1,362
fc1a1cd2d37a9100a80a496108f693ecebc59e14-dirty,2,typing,200,50,81,8005,126621,200,50,1,1,5461,362,0,1,362
fc1a1cd2d37a9100a80a496108f693ecebc59e14-dirty,2,typing,200,50,82,8147,126621,200,50,0,0,200,200,0,0,200
fc1a1cd2d37a9100a80a496108f693ecebc59e14-dirty,2,typing,200,50,83,8248,126939,200,50,1,1,5779,362,0,1,362
fc1a1cd2d37a9100a80a496108f693ecebc59e14-dirty,2,typing,200,50,84,8308,127098,200,50,1,1,5938,362,0,1,362
fc1a1cd2d37a9100a80a496108f693ecebc59e14-dirty,2,typing,200,50,85,8409,127257,200,50,1,1,6097,362,0,1,362
fc1a1cd2d37a9100a80a496108f693ecebc59e14-dirty,2,typing,200,50,86,8505,127416,200,50,1,1,6256,362,0,1,362
fc1a1cd2d37a9100a80a496108f693ecebc59e14-dirty,2,typing,200,50,87,8606,127416,200,50,0,0,200,200,0,0,200
fc1a1cd2d37a9100a80a496108f693ecebc59e14-dirty,2,typing,200,50,88,8748,127734,200,50,1,1,6574,362,0,1,362
fc1a1cd2d37a9100a80a496108f693ecebc59e14-dirty,2,typing,200,50,89,8808,127893,200,50,1,1,6733,362,0,1,362
fc1a1cd2d37a9100a80a496108f693ecebc59e14-dirty,2,typing,200,50,90,8904,128052,200,50,1,1,6892,362,0,1,362
fc1a1cd2d37a9100a80a496108f693ecebc59e14-dirty,2,typing,200,50,91,9005,128052,200,50,0,0,200,200,0,0,200
fc1a1cd2d37a9100a80a496108f693ecebc59e14-dirty,2,typing,200,50,92,9107,128370,200,50,1,1,7210,362,0,1,362
fc1a1cd2d37a9100a80a496108f693ecebc59e14-dirty,2,typing,200,50,93,9208,128529,200,50,1,1,7369,362,0,1,362
fc1a1cd2d37a9100a80a496108f693ecebc59e14-dirty,2,typing,200,50,94,9309,128688,200,50,1,1,7528,362,0,1,362
fc1a1cd2d37a9100a80a496108f693ecebc59e14-dirty,2,typing,200,50,95,9405,128847,200,50,1,1,7687,362,0,1,362
fc1a1cd2d37a9100a80a496108f693ecebc59e14-dirty,2,typing,200,50,96,9506,128847,200,50,0,0,200,200,0,0,200
fc1a1cd2d37a9100a80a496108f693ecebc59e14-dirty,2,typing,200,50,97,9608,129165,200,50,1,1,8005,362,0,1,362
fc1a1cd2d37a9100a80a496108f693ecebc59e14-dirty,2,typing,200,50,98,9708,129324,200,50,1,1,8164,362,0,1,362
fc1a1cd2d37a9100a80a496108f693ecebc59e14-dirty,2,typing,200,50,99,9804,129483,200,50,1,1,8323,362,0,1,362
fc1a1cd2d37a9100a80a496108f693ecebc59e14-dirty,2,typing,200,50,100,9946,135206,200,50,1019,50,135347,165981,2,400,65589
fc1a1cd2d37a9100a80a496108f693ecebc59e14-dirty,2,typing,200,50,101,10007,135524,200,50,1,1,849,360,0,1,360
fc1a1cd2d37a9100a80a496108f693ecebc59e14-dirty,2,typing,200,50,102,10108,135683,200,50,1,1,1008,360,0,1,360
fc1a1cd2d37a9100a80a496108f693ecebc59e14-dirty,2,typing,200,50,103,10204,135683,200,50,0,0,199,199,0,0,199
fc1a1cd2d37a9100a80a496108f693ecebc59e14-dirty,2,typing,200,50,104,10305,136001,200,50,1,1,1326,360,0,1,360
fc1a1cd2d37a9100a80a496108f693ecebc59e14-dirty,2,typing,200,50,105,10406,136160,200,50,1,1,1485,360,0,1,360
fc1a1cd2d37a9100a80a496108f693ecebc59e14-dirty,2,typing,200,50,106,10548,136319,200,50,1,1,1644,360,0,1,360
fc1a1cd2d37a9100a80a496108f693ecebc59e14-dirty,2,typing,200,50,107,10651,136478,200,50,1,1,1803,360,0,1,360
fc1a1cd2d37a9100a80a496108f693ecebc59e14-dirty,2,typing,200,50,108,10705,136160,200,50,959,50,136301,156182,1,200,32899
fc1a1cd2d37a9100a80a496108f693ecebc59e14-dirty,2,typing,200,50,109,10807,136478,200,50,1,1,849,360,0,1,360
fc1a1cd2d37a9100a80a496108f693ecebc59e14-dirty,2,typing,200,50,110,10949,136637,200,50,1,1,1008,360,0,1,360
fc1a1cd2d37a9100a80a496108f693ecebc59e14-dirty,2,typing,200,50,111,11008,136637,200,50,0,0,199,199,0,0,199
fc1a1cd2d37a9100a80a496108f693ecebc59e14-dirty,2,typing,200,50,112,11105,136955,200,50,1,1,1326,360,0,1,360
fc1a1cd2d37a9100a80a496108f693ecebc59e14-dirty,2,typing,200,50,113,11246,139817,200,50,1079,50,139958,175737,2,400,65589
fc1a1cd2d37a9100a80a496108f693ecebc59e14-dirty,2,typing,200,50,114,11307,140135,200,50,1,1,849,360,0,1,360
fc1a1cd2d37a9100a80a496108f693ecebc59e14-dirty,2,typing,200,50,115,11408,140294,200,50,1,1,1008,360,0,1,360
fc1a1cd2d37a9100a80a496108f693ecebc59e14-dirty,2,typing,200,50,116,11550,140453,200,50,1,1,1167,360,0,1,360
fc1a1cd2d37a9100a80a496108f693ecebc59e14-dirty,2,typing,200,50,117,11605,140612,200,50,1,1,1326,360,0,1,360
fc1a1cd2d37a9100a80a496108f693ecebc59e14-dirty,2,typing,200,50,118,11707,140612,200,50,0,0,199,199,0,0,199
fc1a1cd2d37a9100a80a496108f693ecebc59e14-dirty,2,typing,200,50,119,11808,140930,200,50,1,1,1644,360,0,1,360
fc1a1cd2d37a9100a80a496108f693ecebc59e14-dirty,2,typing,200,50,120,11909,141089,200,50,1,1,1803,360,0,1,360
fc1a1cd2d37a9100a80a496108f693ecebc59e14-dirty,2,typing,200,50,121,12005,141249,200,50,1,1,1963,361,0,1,361
fc1a1cd2d37a9100a80a496108f693ecebc59e14-dirty,2,typing,200,50,122,12147,141408,200,50,1,1,2122,362,0,1,362
fc1a1cd2d37a9100a80a496108f693ecebc59e14-dirty,2,typing,200,50,123,12248,141408,200,50,0,0,200,200,0,0,200
fc1a1cd2d37a9100a80a496108f693ecebc59e14-dirty,2,typing,200,50,124,12308,141726,200,50,1,1,2440,362,0,1,362
fc1a1cd2d37a9100a80a496108f693ecebc59e14-dirty,2,typing,200,50,125,12405,141885,200,50,1,1,2599,362,0,1,362
fc1a1cd2d37a9100a80a496108f693ecebc59e14-dirty,2,typing,200,50,126,12547,142044,200,50,1,1,2758,362,0,1,362
fc1a1cd2d37a9100a80a496108f693ecebc59e14-dirty,2,typing,200,50,127,12607,142203,200,50,1,1,2917,362,0,1,362
fc1a1cd2d37a9100a80a496108f693ecebc59e14-dirty,2,typing,200,50,128,12750,142203,200,50,0,0,200,200,0,0,200
fc1a1cd2d37a9100a80a496108f693ecebc59e14-dirty,2,typing,200,50,129,12846,142521,200,50,1,1,3235,362,0,1,362
fc1a1cd2d37a9100a80a496108f693ecebc59e14-dirty,2,typing,200,50,130,12947,142680,200,50,1,1,3394,362,0,1,362
fc1a1cd2d37a9100a80a496108f693ecebc59e14-dirty,2,typing,200,50,131,13049,142839,200,50,1,1,3553,362,0,1,362
fc1a1cd2d37a9100a80a496108f693ecebc59e14-dirty,2,typing,200,50,132,13149,142839,200,50,0,0,200,200,0,0,200
fc1a1cd2d37a9100a80a496108f693ecebc59e14-dirty,2,typing,200,50,133,13251,143157,200,50,1,1,3871,362,0,1,362
fc1a1cd2d37a9100a80a496108f693ecebc59e14-dirty,2,typing,200,50,134,13345,143316,200,50,1,1,4030,362,0,1,362
fc1a1cd2d37a9100a80a496108f693ecebc59e14-dirty,2,typing,200,50,135,13449,143475,200,50,1,1,4189,362,0,1,362
fc1a1cd2d37a9100a80a496108f693ecebc59e14-dirty,2,typing,200,50,136,13508,143634,200,50,1,1,4348,362,0,1,362
fc1a1cd2d37a9100a80a496108f693ecebc59e14-dirty,2,typing,200,50,137,13651,143793,200,50,1,1,4507,362,0,1,362
fc1a1cd2d37a9100a80a496108f693ecebc59e14-dirty,2,typing,200,50,138,13705,143793,200,50,0,0,200,200,0,0,200
fc1a1cd2d37a9100a80a496108f693ecebc59e14-dirty,2,typing,200,50,139,13848,144111,200,50,1,1,4825,362,0,1,362
fc1a1cd2d37a9100a80a496108f693ecebc59e14-dirty,2,typing,200,50,140,13949,144270,200,50,1,1,4984,362,0,1,362
fc1a1cd2d37a9100a80a496108f693ecebc59e14-dirty,2,typing,200,50,141,14050,144429,200,50,1,1,5143,362,0,1,362
fc1a1cd2d37a9100a80a496108f693ecebc59e14-dirty,2,typing,200,50,142,14105,144588,200,50,1,1,5302,362,0,1,362
fc1a1cd2d37a9100a80a496108f693ecebc59e14-dirty,2,typing,200,50,143,14206,144747,200,50,1,1,5461,362,0,1,362
fc1a1cd2d37a9100a80a496108f693ecebc59e14-dirty,2,typing,200,50,144,14348,147926,200,50,1148,50,148067,186941,2,400,65589
fc1a1cd2d37a9100a80a496108f693ecebc59e14-dirty,2,typing,200,50,145,14450,148244,200,50,1,1,849,360,0,1,360
fc1a1cd2d37a9100a80a496108f693ecebc59e14-dirty,2,typing,200,50,146,14552,148403,200,50,1,1,1008,360,0,1,360
fc1a1cd2d37a9100a80a496108f693ecebc59e14-dirty,2,typing,200,50,147,14606,148562,200,50,1,1,1167,360,0,1,360
fc1a1cd2d37a9100a80a496108f693ecebc59e14-dirty,2,typing,200,50,148,14748,148562,200,50,0,0,199,199,0,0,199
fc1a1cd2d37a9100a80a496108f693ecebc59e14-dirty,2,typing,200,50,149,14850,148880,200,50,1,1,1485,360,0,1,360
fc1a1cd2d37a9100a80a496108f693ecebc59e14-dirty,2,typing,200,50,150,14946,148880,200,50,0,0,199,199,0,0,199
fc1a1cd2d37a9100a80a496108f693ecebc59e14-dirty,2,typing,200,50,151,15048,149198,200,50,1,1,1803,360,0,1,360
fc1a1cd2d37a9100a80a496108f693ecebc59e14-dirty,2,typing,200,50,152,15148,149358,200,50,1,1,1963,361,0,1,361
fc1a1cd2d37a9100a80a496108f693ecebc59e14-dirty,2,typing,200,50,153,15208,149358,200,50,0,0,200,200,0,0,200
fc1a1cd2d37a9100a80a496108f693ecebc59e14-dirty,2,typing,200,50,154,15310,149676,200,50,1,1,2281,362,0,1,362
fc1a1cd2d37a9100a80a496108f693ecebc59e14-dirty,2,typing,200,50,155,15406,149676,200,50,0,0,200,200,0,0,200
fc1a1cd2d37a9100a80a496108f693ecebc59e14-dirty,2,typing,200,50,156,15507,149994,200,50,1,1,2599,362,0,1,362
fc1a1cd2d37a9100a80a496108f693ecebc59e14-dirty,2,typing,200,50,157,15651,149994,200,50,0,0,200,200,0,0,200
fc1a1cd2d37a9100a80a496108f693ecebc59e14-dirty,2,typing,200,50,158,15710,150312,200,50,1,1,2917,362,0,1,362
fc1a1cd2d37a9100a80a496108f693ecebc59e14-dirty,2,typing,200,50,159,15806,150471,200,50,1,1,3076,362,0,1,362
fc1a1cd2d37a9100a80a496108f693ecebc59e14-dirty,2,typing,200,50,160,15949,150471,200,50,0,0,200,200,0,0,200
fc1a1cd2d37a9100a80a496108f693ecebc59e14-dirty,2,typing,200,50,161,16051,150789,200,50,1,1,3394,362,0,1,362
fc1a1cd2d37a9100a80a496108f693ecebc59e14-dirty,2,typing,200,50,162,16152,150948,200,50,1,1,3553,362,0,1,362
fc1a1cd2d37a9100a80a496108f693ecebc59e14-dirty,2,typing,200,50,163,16248,150948,200,50,0,0,200,200,0,0,200
fc1a1cd2d37a9100a80a496108f693ecebc59e14-dirty,2,typing,200,50,164,16307,151266,200,50,1,1,3871,362,0,1,362
fc1a1cd2d37a9100a80a496108f693ecebc59e14-dirty,2,typing,200,50,165,16450,151425,200,50,1,1,4030,362,0,1,362
fc1a1cd2d37a9100a80a496108f693ecebc59e14-dirty,2,typing,200,50,166,16510,151584,200,50,1,1,4189,362,0,1,362
fc1a1cd2d37a9100a80a496108f693ecebc59e14-dirty,2,typing,200,50,167,16648,151743,200,50,1,1,4348,362,0,1,362
fc1a1cd2d37a9100a80a496108f693ecebc59e14-dirty,2,typing,200,50,168,16749,151743,200,50,0,0,200,200,0,0,200
fc1a1cd2d37a9100a80a496108f693ecebc59e14-dirty,2,typing,200,50,169,16849,152062,200,50,1,1,4667,363,0,1,363
fc1a1cd2d37a9100a80a496108f693ecebc59e14-dirty,2,typing,200,50,170,16952,152221,200,50,1,1,4826,362,0,1,362
fc1a1cd2d37a9100a80a496108f693ecebc59e14-dirty,2,typing,200,50,171,17006,152380,200,50,1,1,4985,362,0,1,362
fc1a1cd2d37a9100a80a496108f693ecebc59e14-dirty,2,typing,200,50,172,17148,152539,200,50,1,1,5144,362,0,1,362
fc1a1cd2d37a9100a80a496108f693ecebc59e14-dirty,2,typing,200,50,173,17209,152698,200,50,1,1,5303,362,0,1,362
fc1a1cd2d37a9100a80a496108f693ecebc59e14-dirty,2,typing,200,50,174,17350,152698,200,50,0,0,200,200,0,0,200
fc1a1cd2d37a9100a80a496108f693ecebc59e14-dirty,2,typing,200,50,175,17446,153016,200,50,1,1,5621,362,0,1,362
fc1a1cd2d37a9100a80a496108f693ecebc59e14-dirty,2,typing,200,50,176,17507,153175,200,50,1,1,5780,362,0,1,362
fc1a1cd2d37a9100a80a496108f693ecebc59e14-dirty,2,typing,200,50,177,17609,153335,200,50,1,1,5940,363,0,1,363
fc1a1cd2d37a9100a80a496108f693ecebc59e14-dirty,2,typing,200,50,178,17751,153494,200,50,1,1,6099,362,0,1,362
fc1a1cd2d37a9100a80a496108f693ecebc59e14-dirty,2,typing,200,50,179,17806,153494,200,50,0,0,200,200,0,0,200
fc1a1cd2d37a9100a80a496108f693ecebc59e14-dirty,2,typing,200,50,180,17907,153812,200,50,1,1,6417,362,0,1,362
fc1a1cd2d37a9100a80a496108f693ecebc59e14-dirty,2,typing,200,50,181,18008,153971,200,50,1,1,6576,362,0,1,362
fc1a1cd2d37a9100a80a496108f693ecebc59e14-dirty,2,typing,200,50,182,18109,154130,200,50,1,1,6735,362,0,1,362
fc1a1cd2d37a9100a80a496108f693ecebc59e14-dirty,2,typing,200,50,183,18206,154289,200,50,1,1,6894,362,0,1,362
fc1a1cd2d37a9100a80a496108f693ecebc59e14-dirty,2,typing,200,50,184,18307,155401,200,50,1163,50,155542,189290,4,800,130969
fc1a1cd2d37a9100a80a496108f693ecebc59e14-dirty,2,typing,200,50,185,18408,155719,200,50,1,1,849,360,0,1,360
fc1a1cd2d37a9100a80a496108f693ecebc59e14-dirty,2,typing,200,50,186,18509,155878,200,50,1,1,1008,360,0,1,360
fc1a1cd2d37a9100a80a496108f693ecebc59e14-dirty,2,typing,200,50,187,18606,156037,200,50,1,1,1167,360,0,1,360
fc1a1cd2d37a9100a80a496108f693ecebc59e14-dirty,2,typing,200,50,188,18707,156196,200,50,1,1,1326,360,0,1,360
fc1a1cd2d37a9100a80a496108f693ecebc59e14-dirty,2,typing,200,50,189,18808,156355,200,50,1,1,1485,360,0,1,360
fc1a1cd2d37a9100a80a496108f693ecebc59e14-dirty,2,typing,200,50,190,18951,156514,200,50,1,1,1644,360,0,1,360
fc1a1cd2d37a9100a80a496108f693ecebc59e14-dirty,2,typing,200,50,191,19047,156514,200,50,0,0,199,199,0,0,199
fc1a1cd2d37a9100a80a496108f693ecebc59e14-dirty,2,typing,200,50,192,19107,156833,200,50,1,1,1963,361,0,1,361
fc1a1cd2d37a9100a80a496108f693ecebc59e14-dirty,2,typing,200,50,193,19249,156992,200,50,1,1,2122,362,0,1,362
fc1a1cd2d37a9100a80a496108f693ecebc59e14-dirty,2,typing,200,50,194,19351,157151,200,50,1,1,2281,362,0,1,362
fc1a1cd2d37a9100a80a496108f693ecebc59e14-dirty,2,typing,200,50,195,19447,157311,200,50,1,1,2441,363,0,1,363
fc1a1cd2d37a9100a80a496108f693ecebc59e14-dirty,2,typing,200,50,196,19549,157470,200,50,1,1,2600,362,0,1,362
fc1a1cd2d37a9100a80a496108f693ecebc59e14-dirty,2,typing,200,50,197,19608,157629,200,50,1,1,2759,362,0,1,362
fc1a1cd2d37a9100a80a496108f693ecebc59e14-dirty,2,typing,200,50,198,19709,157629,200,50,0,0,200,200,0,0,200
fc1a1cd2d37a9100a80a496108f693ecebc59e14-dirty,2,typing,200,50,199,19810,157947,200,50,1,1,3077,362,0,1,362
fc1a1cd2d37a9100a80a496108f693ecebc59e14-dirty,2,typing,200,50,200,19948,158106,200,50,1,1,3236,362,0,1,362
fc1a1cd2d37a9100a80a496108f693ecebc59e14-dirty,2,typing,200,50,201,20008,158265,200,50,1,1,3395,362,0,1,362
fc1a1cd2d37a9100a80a496108f693ecebc59e14-dirty,2,typing,200,50,202,20150,158424,200,50,1,1,3554,362,0,1,362
fc1a1cd2d37a9100a80a496108f693ecebc59e14-dirty,2,typing,200,50,203,20252,158583,200,50,1,1,3713,362,0,1,362
fc1a1cd2d37a9100a80a496108f693ecebc59e14-dirty,2,typing,200,50,204,20306,158583,200,50,0,0,200,200,0,0,200
fc1a1cd2d37a9100a80a496108f693ecebc59e14-dirty,2,typing,200,50,205,20407,158901,200,50,1,1,4031,362,0,1,362
fc1a1cd2d37a9100a80a496108f693ecebc59e14-dirty,2,typing,200,50,206,20550,159060,200,50,1,1,4190,362,0,1,362
fc1a1cd2d37a9100a80a496108f693ecebc59e14-dirty,2,typing,200,50,207,20652,159219,200,50,1,1,4349,362,0,1,362
fc1a1cd2d37a9100a80a496108f693ecebc59e14-dirty,2,typing,200,50,208,20706,159378,200,50,1,1,4508,362,0,1,362
fc1a1cd2d37a9100a80a496108f693ecebc59e14-dirty,2,typing,200,50,209,20848,159378,200,50,0,0,200,200,0,0,200
fc1a1cd2d37a9100a80a496108f693ecebc59e14-dirty,2,typing,200,50,210,20909,159696,200,50,1,1,4826,362,0,1,362
fc1a1cd2d37a9100a80a496108f693ecebc59e14-dirty,2,typing,200,50,211,21051,159855,200,50,1,1,4985,362,0,1,362
fc1a1cd2d37a9100a80a496108f693ecebc59e14-dirty,2,typing,200,50,212,21106,160014,200,50,1,1,5144,362,0,1,362
fc1a1cd2d37a9100a80a496108f693ecebc59e14-dirty,2,typing,200,50,213,21207,160014,200,50,1,1,5144,362,0,1,362
fc1a1cd2d37a9100a80a496108f693ecebc59e14-dirty,2,typing,200,50,214,21309,160173,200,50,1,1,5303,362,0,1,362
fc1a1cd2d37a9100a80a496108f693ecebc59e14-dirty,2,typing,200,50,215,21452,160173,200,50,0,0,200,200,0,0,200
fc1a1cd2d37a9100a80a496108f693ecebc59e14-dirty,2,typing,200,50,216,21548,160491,200,50,1,1,5621,362,0,1,362
fc1a1cd2d37a9100a80a496108f693ecebc59e14-dirty,2,typing,200,50,217,21607,160650,200,50,1,1,5780,362,0,1,362
fc1a1cd2d37a9100a80a496108f693ecebc59e14-dirty,2,typing,200,50,218,21709,160809,200,50,1,1,5939,362,0,1,362
fc1a1cd2d37a9100a80a496108f693ecebc59e14-dirty,2,typing,200,50,219,21810,160968,200,50,1,1,6098,362,0,1,362
fc1a1cd2d37a9100a80a496108f693ecebc59e14-dirty,2,typing,200,50,220,21947,161127,200,50,1,1,6257,362,0,1,362
fc1a1cd2d37a9100a80a496108f693ecebc59e14-dirty,2,typing,200,50,221,22049,159854,200,50,1216,50,159995,197816,5,1000,163659
fc1a1cd2d37a9100a80a496108f693ecebc59e14-dirty,2,typing,200,50,222,22108,160172,200,50,1,1,849,360,0,1,360
fc1a1cd2d37a9100a80a496108f693ecebc59e14-dirty,2,typing,200,50,223,22210,160331,200,50,1,1,1008,360,0,1,360
fc1a1cd2d37a9100a80a496108f693ecebc59e14-dirty,2,typing,200,50,224,22306,160490,200,50,1,1,1167,360,0,1,360
fc1a1cd2d37a9100a80a496108f693ecebc59e14-dirty,2,typing,200,50,225,22407,160649,200,50,1,1,1326,360,0,1,360
fc1a1cd2d37a9100a80a496108f693ecebc59e14-dirty,2,typing,200,50,226,22509,160649,200,50,0,0,199,199,0,0,199
fc1a1cd2d37a9100a80a496108f693ecebc59e14-dirty,2,typing,200,50,227,22652,160967,200,50,1,1,1644,360,0,1,360
fc1a1cd2d37a9100a80a496108f693ecebc59e14-dirty,2,typing,200,50,228,22748,160967,200,50,0,0,199,199,0,0,199
fc1a1cd2d37a9100a80a496108f693ecebc59e14-dirty,2,typing,200,50,229,22848,161286,200,50,1,1,1963,361,0,1,361
fc1a1cd2d37a9100a80a496108f693ecebc59e14-dirty,2,typing,200,50,230,22909,161445,200,50,1,1,2122,362,0,1,362
fc1a1cd2d37a9100a80a496108f693ecebc59e14-dirty,2,typing,200,50,231,23010,161604,200,50,1,1,2281,362,0,1,362
fc1a1cd2d37a9100a80a496108f693ecebc59e14-dirty,2,typing,200,50,232,23147,161763,200,50,1,1,2440,362,0,1,362
fc1a1cd2d37a9100a80a496108f693ecebc59e14-dirty,2,typing,200,50,233,23207,161922,200,50,1,1,2599,362,0,1,362
fc1a1cd2d37a9100a80a496108f693ecebc59e14-dirty,2,typing,200,50,234,23350,162081,200,50,1,1,2758,362,0,1,362
fc1a1cd2d37a9100a80a496108f693ecebc59e14-dirty,2,typing,200,50,235,23452,162240,200,50,1,1,2917,362,0,1,362
fc1a1cd2d37a9100a80a496108f693ecebc59e14-dirty,2,typing,200,50,236,23553,162399,200,50,1,1,3076,362,0,1,362
fc1a1cd2d37a9100a80a496108f693ecebc59e14-dirty,2,typing,200,50,237,23649,162399,200,50,0,0,200,200,0,0,200
fc1a1cd2d37a9100a80a496108f693ecebc59e14-dirty,2,typing,200,50,238,23750,162717,200,50,1,1,3394,362,0,1,362
fc1a1cd2d37a9100a80a496108f693ecebc59e14-dirty,2,typing,200,50,239,23810,162876,200,50,1,1,3553,362,0,1,362
fc1a1cd2d37a9100a80a496108f693ecebc59e14-dirty,2,typing,200,50,240,23953,163035,200,50,1,1,3712,362,0,1,362
fc1a1cd2d37a9100a80a496108f693ecebc59e14-dirty,2,typing,200,50,241,24049,163194,200,50,1,1,3871,362,0,1,362
fc1a1cd2d37a9100a80a496108f693ecebc59e14-dirty,2,typing,200,50,242,24150,163353,200,50,1,1,4030,362,0,1,362
fc1a1cd2d37a9100a80a496108f693ecebc59e14-dirty,2,typing,200,50,243,24210,163512,200,50,1,1,4189,362,0,1,362
fc1a1cd2d37a9100a80a496108f693ecebc59e14-dirty,2,typing,200,50,244,24353,163512,200,50,0,0,200,200,0,0,200
fc1a1cd2d37a9100a80a496108f693ecebc59e14-dirty,2,typing,200,50,245,24448,163830,200,50,1,1,4507,362,0,1,362
fc1a1cd2d37a9100a80a496108f693ecebc59e14-dirty,2,typing,200,50,246,24549,163989,200,50,1,1,4666,362,0,1,362
fc1a1cd2d37a9100a80a496108f693ecebc59e14-dirty,2,typing,200,50,247,24650,164148,200,50,1,1,4825,362,0,1,362
fc1a1cd2d37a9100a80a496108f693ecebc59e14-dirty,2,typing,200,50,248,24753,164307,200,50,1,1,4984,362,0,1,362
fc1a1cd2d37a9100a80a496108f693ecebc59e14-dirty,2,typing,200,50,249,24807,164307,200,50,0,0,200,200,0,0,200
fc1a1cd2d37a9100a80a496108f693ecebc59e14-dirty,2,typing,200,50,250,24949,164625,200,50,1,1,5302,362,0,1,362
fc1a1cd2d37a9100a80a496108f693ecebc59e14-dirty,2,typing,200,50,251,25010,164784,200,50,1,1,5461,362,0,1,362
fc1a1cd2d37a9100a80a496108f693ecebc59e14-dirty,2,typing,200,50,252,25153,164784,200,50,0,0,200,200,0,0,200
fc1a1cd2d37a9100a80a496108f693ecebc59e14-dirty,2,typing,200,50,253,25248,165102,200,50,1,1,5779,362,0,1,362
fc1a1cd2d37a9100a80a496108f693ecebc59e14-dirty,2,typing,200,50,254,25308,165261,200,50,1,1,5938,362,0,1,362
fc1a1cd2d37a9100a80a496108f693ecebc59e14-dirty,2,typing,200,50,255,25409,165420,200,50,1,1,6097,362,0,1,362
fc1a1cd2d37a9100a80a496108f693ecebc59e14-dirty,2,typing,200,50,256,25551,165579,200,50,1,1,6256,362,0,1,362
fc1a1cd2d37a9100a80a496108f693ecebc59e14-dirty,2,typing,200,50,257,25648,165579,200,50,0,0,200,200,0,0,200
fc1a1cd2d37a9100a80a496108f693ecebc59e14-dirty,2,typing,200,50,258,25708,165897,200,50,1,1,6574,362,0,1,362
fc1a1cd2d37a9100a80a496108f693ecebc59e14-dirty,2,typing,200,50,259,25850,166056,200,50,1,1,6733,362,0,1,362
fc1a1cd2d37a9100a80a496108f693ecebc59e14-dirty,2,typing,200,50,260,25951,166215,200,50,1,1,6892,362,0,1,362
fc1a1cd2d37a9100a80a496108f693ecebc59e14-dirty,2,typing,200,50,261,26050,166374,200,50,1,1,7051,362,0,1,362
fc1a1cd2d37a9100a80a496108f693ecebc59e14-dirty,2,typing,200,50,262,26108,166374,200,50,0,0,200,200,0,0,200
fc1a1cd2d37a9100a80a496108f693ecebc59e14-dirty,2,typing,200,50,263,26209,166692,200,50,1,1,7369,362,0,1,362
fc1a1cd2d37a9100a80a496108f693ecebc59e14-dirty,2,typing,200,50,264,26352,166692,200,50,0,0,200,200,0,0,200
fc1a1cd2d37a9100a80a496108f693ecebc59e14-dirty,2,typing,200,50,265,26448,167010,200,50,1,1,7687,362,0,1,362
fc1a1cd2d37a9100a80a496108f693ecebc59e14-dirty,2,typing,200,50,266,26508,167169,200,50,1,1,7846,362,0,1,362
fc1a1cd2d37a9100a80a496108f693ecebc59e14-dirty,2,typing,200,50,267,26652,167328,200,50,1,1,8005,362,0,1,362
fc1a1cd2d37a9100a80a496108f693ecebc59e14-dirty,2,typing,200,50,268,26753,167487,200,50,1,1,8164,362,0,1,362
fc1a1cd2d37a9100a80a496108f693ecebc59e14-dirty,2,typing,200,50,269,26807,167646,200,50,1,1,8323,362,0,1,362
fc1a1cd2d37a9100a80a496108f693ecebc59e14-dirty,2,typing,200,50,270,26950,167805,200,50,1,1,8482,362,0,1,362
fc1a1cd2d37a9100a80a496108f693ecebc59e14-dirty,2,typing,200,50,271,27010,167805,200,50,0,0,200,200,0,0,200
fc1a1cd2d37a9100a80a496108f693ecebc59e14-dirty,2,typing,200,50,272,27152,168123,200,50,1,1,8800,362,0,1,362
fc1a1cd2d37a9100a80a496108f693ecebc59e14-dirty,2,typing,200,50,273,27249,168282,200,50,1,1,8959,362,0,1,362
fc1a1cd2d37a9100a80a496108f693ecebc59e14-dirty,2,typing,200,50,274,27350,168441,200,50,1,1,9118,362,0,1,362
fc1a1cd2d37a9100a80a496108f693ecebc59e14-dirty,2,typing,200,50,275,27451,168600,200,50,1,1,9277,362,0,1,362
fc1a1cd2d37a9100a80a496108f693ecebc59e14-dirty,2,typing,200,50,276,27553,168759,200,50,1,1,9436,362,0,1,362
fc1a1cd2d37a9100a80a496108f693ecebc59e14-dirty,2,typing,200,50,277,27649,168759,200,50,0,0,200,200,0,0,200
fc1a1cd2d37a9100a80a496108f693ecebc59e14-dirty,2,typing,200,50,278,27749,169077,200,50,1,1,9754,362,0,1,362
fc1a1cd2d37a9100a80a496108f693ecebc59e14-dirty,2,typing,200,50,279,27851,169236,200,50,1,1,9913,362,0,1,362
fc1a1cd2d37a9100a80a496108f693ecebc59e14-dirty,2,typing,200,50,280,27911,169236,200,50,0,0,200,200,0,0,200
fc1a1cd2d37a9100a80a496108f693ecebc59e14-dirty,2,typing,200,50,281,28048,169554,200,50,1,1,10231,362,0,1,362
fc1a1cd2d37a9100a80a496108f693ecebc59e14-dirty,2,typing,200,50,282,28149,169554,200,50,0,0,200,200,0,0,200
fc1a1cd2d37a9100a80a496108f693ecebc59e14-dirty,2,typing,200,50,283,28250,169872,200,50,1,1,10549,362,0,1,362
fc1a1cd2d37a9100a80a496108f693ecebc59e14-dirty,2,typing,200,50,284,28311,170031,200,50,1,1,10708,362,0,1,362
fc1a1cd2d37a9100a80a496108f693ecebc59e14-dirty,2,typing,200,50,285,28449,170190,200,50,1,1,10867,362,0,1,362
fc1a1cd2d37a9100a80a496108f693ecebc59e14-dirty,2,typing,200,50,286,28549,170349,200,50,1,1,11026,362,0,1,362
fc1a1cd2d37a9100a80a496108f693ecebc59e14-dirty,2,typing,200,50,287,28650,170349,200,50,1,1,11026,362,0,1,362
fc1a1cd2d37a9100a80a496108f693ecebc59e14-dirty,2,typing,200,50,288,28751,170349,200,50,0,0,200,200,0,0,200
fc1a1cd2d37a9100a80a496108f693ecebc59e14-dirty,2,typing,200,50,289,28807,170667,200,50,1,1,11344,362,0,1,362
fc1a1cd2d37a9100a80a496108f693ecebc59e14-dirty,2,typing,200,50,290,28949,170826,200,50,1,1,11503,362,0,1,362
fc1a1cd2d37a9100a80a496108f693ecebc59e14-dirty,2,typing,200,50,291,29050,170985,200,50,1,1,11662,362,0,1,362
fc1a1cd2d37a9100a80a496108f693ecebc59e14-dirty,2,typing,200,50,292,29153,171144,200,50,1,1,11821,362,0,1,362
fc1a1cd2d37a9100a80a496108f693ecebc59e14-dirty,2,typing,200,50,293,29207,171303,200,50,1,1,11980,362,0,1,362
fc1a1cd2d37a9100a80a496108f693ecebc59e14-dirty,2,typing,200,50,294,29350,171462,200,50,1,1,12139,362,0,1,362
fc1a1cd2d37a9100a80a496108f693ecebc59e14-dirty,2,typing,200,50,295,29451,179888,200,50,1413,50,180029,229857,2,400,65589
fc1a1cd2d37a9100a80a496108f693ecebc59e14-dirty,2,typing,200,50,296,29553,180206,200,50,1,1,849,360,0,1,360
fc1a1cd2d37a9100a80a496108f693ecebc59e14-dirty,2,typing,200,50,297,29649,180365,200,50,1,1,1008,360,0,1,360
fc1a1cd2d37a9100a80a496108f693ecebc59e14-dirty,2,typing,200,50,298,29751,180524,200,50,1,1,1167,360,0,1,360
fc1a1cd2d37a9100a80a496108f693ecebc59e14-dirty,2,typing,200,50,299,29810,180683,200,50,1,1,1326,360,0,1,360
fc1a1cd2d37a9100a80a496108f693ecebc59e14-dirty,2,typing,200,50,300,29952,180683,200,50,0,0,199,199,0,0,199
fc1a1cd2d37a9100a80a496108f693ecebc59e14-dirty,2,typing,200,50,301,30008,181001,200,50,1,1,1644,360,0,1,360
fc1a1cd2d37a9100a80a496108f693ecebc59e14-dirty,2,typing,200,50,302,30151,181160,200,50,1,1,1803,360,0,1,360
fc1a1cd2d37a9100a80a496108f693ecebc59e14-dirty,2,typing,200,50,303,30252,181320,200,50,1,1,1963,361,0,1,361
fc1a1cd2d37a9100a80a496108f693ecebc59e14-dirty,2,typing,200,50,304,30312,181320,200,50,0,0,200,200,0,0,200
fc1a1cd2d37a9100a80a496108f693ecebc59e14-dirty,2,typing,200,50,305,30408,181638,200,50,1,1,2281,362,0,1,362
fc1a1cd2d37a9100a80a496108f693ecebc59e14-dirty,2,typing,200,50,306,30510,181797,200,50,1,1,2440,362,0,1,362
fc1a1cd2d37a9100a80a496108f693ecebc59e14-dirty,2,typing,200,50,307,30652,181956,200,50,1,1,2599,362,0,1,362
fc1a1cd2d37a9100a80a496108f693ecebc59e14-dirty,2,typing,200,50,308,30753,175435,200,50,1432,50,175576,232938,2,400,65589
fc1a1cd2d37a9100a80a496108f693ecebc59e14-dirty,3,typing,200,50,1,5,175753,200,50,1,1,849,360,0,1,360
fc1a1cd2d37a9100a80a496108f693ecebc59e14-dirty,3,typing,200,50,2,106,175912,200,50,1,1,1008,360,0,1,360
fc1a1cd2d37a9100a80a496108f693ecebc59e14-dirty,3,typing,200,50,3,208,176071,200,50,1,1,1167,360,0,1,360
fc1a1cd2d37a9100a80a496108f693ecebc59e14-dirty,3,typing,200,50,4,346,176230,200,50,1,1,1326,360,0,1,360
fc1a1cd2d37a9100a80a496108f693ecebc59e14-dirty,3,typing,200,50,5,407,176230,200,50,0,0,199,199,0,0,199
fc1a1cd2d37a9100a80a496108f693ecebc59e14-dirty,3,typing,200,50,6,507,176548,200,50,1,1,1644,360,0,1,360
fc1a1cd2d37a9100a80a496108f693ecebc59e14-dirty,3,typing,200,50,7,644,176707,200,50,1,1,1803,360,0,1,360
fc1a1cd2d37a9100a80a496108f693ecebc59e14-dirty,3,typing,200,50,8,745,176867,200,50,1,1,1963,361,0,1,361
fc1a1cd2d37a9100a80a496108f693ecebc59e14-dirty,3,typing,200,50,9,806,176867,200,50,1,1,1963,362,0,1,362
fc1a1cd2d37a9100a80a496108f693ecebc59e14-dirty,3,typing,200,50,10,908,177026,200,50,1,1,2122,362,0,1,362
fc1a1cd2d37a9100a80a496108f693ecebc59e14-dirty,3,typing,200,50,11,1004,177026,200,50,0,0,200,200,0,0,200
fc1a1cd2d37a9100a80a496108f693ecebc59e14-dirty,3,typing,200,50,12,1146,177344,200,50,1,1,2440,362,0,1,362
fc1a1cd2d37a9100a80a496108f693ecebc59e14-dirty,3,typing,200,50,13,1207,177503,200,50,1,1,2599,362,0,1,362
fc1a1cd2d37a9100a80a496108f693ecebc59e14-dirty,3,typing,200,50,14,1346,177662,200,50,1,1,2758,362,0,1,362
fc1a1cd2d37a9100a80a496108f693ecebc59e14-dirty,3,typing,200,50,15,1406,177821,200,50,1,1,2917,362,0,1,362
fc1a1cd2d37a9100a80a496108f693ecebc59e14-dirty,3,typing,200,50,16,1508,177980,200,50,1,1,3076,362,0,1,362
fc1a1cd2d37a9100a80a496108f693ecebc59e14-dirty,3,typing,200,50,17,1646,176866,200,50,1414,50,177007,229998,2,400,65589
fc1a1cd2d37a9100a80a496108f693ecebc59e14-dirty,3,typing,200,50,18,1747,177184,200,50,1,1,849,360,0,1,360
fc1a1cd2d37a9100a80a496108f693ecebc59e14-dirty,3,typing,200,50,19,1807,177343,200,50,1,1,1008,360,0,1,360
fc1a1cd2d37a9100a80a496108f693ecebc59e14-dirty,3,typing,200,50,20,1908,177502,200,50,1,1,1167,360,0,1,360
fc1a1cd2d37a9100a80a496108f693ecebc59e14-dirty,3,typing,200,50,21,2045,166690,200,50,1363,50,166831,221734,2,400,65589
fc1a1cd2d37a9100a80a496108f693ecebc59e14-dirty,3,typing,200,50,22,2147,167008,200,50,1,1,849,360,0,1,360
fc1a1cd2d37a9100a80a496108f693ecebc59e14-dirty,3,typing,200,50,23,2249,167167,200,50,1,1,1008,360,0,1,360
fc1a1cd2d37a9100a80a496108f693ecebc59e14-dirty,3,typing,200,50,24,2303,167326,200,50,1,1,1167,360,0,1,360
fc1a1cd2d37a9100a80a496108f693ecebc59e14-dirty,3,typing,200,50,25,2445,167485,200,50,1,1,1326,360,0,1,360
fc1a1cd2d37a9100a80a496108f693ecebc59e14-dirty,3,typing,200,50,26,2506,167644,200,50,1,1,1485,360,0,1,360
fc1a1cd2d37a9100a80a496108f693ecebc59e14-dirty,3,typing,200,50,27,2649,167803,200,50,1,1,1644,360,0,1,360
fc1a1cd2d37a9100a80a496108f693ecebc59e14-dirty,3,typing,200,50,28,2703,167803,200,50,0,0,199,199,0,0,199
fc1a1cd2d37a9100a80a496108f693ecebc59e14-dirty,3,typing,200,50,29,2847,168122,200,50,1,1,1963,361,0,1,361
fc1a1cd2d37a9100a80a496108f693ecebc59e14-dirty,3,typing,200,50,30,2947,168281,200,50,1,1,2122,362,0,1,362
fc1a1cd2d37a9100a80a496108f693ecebc59e14-dirty,3,typing,200,50,31,3007,168440,200,50,1,1,2281,362,0,1,362
fc1a1cd2d37a9100a80a496108f693ecebc59e14-dirty,3,typing,200,50,32,3149,168599,200,50,1,1,2440,362,0,1,362
fc1a1cd2d37a9100a80a496108f693ecebc59e14-dirty,3,typing,200,50,33,3205,168599,200,50,0,0,200,200,0,0,200
fc1a1cd2d37a9100a80a496108f693ecebc59e14-dirty,3,typing,200,50,34,3306,168917,200,50,1,1,2758,362,0,1,362
fc1a1cd2d37a9100a80a496108f693ecebc59e14-dirty,3,typing,200,50,35,3448,169076,200,50,1,1,2917,362,0,1,362
fc1a1cd2d37a9100a80a496108f693ecebc59e14-dirty,3,typing,200,50,36,3550,169235,200,50,1,1,3076,362,0,1,362
fc1a1cd2d37a9100a80a496108f693ecebc59e14-dirty,3,typing,200,50,37,3604,169235,200,50,0,0,200,200,0,0,200
fc1a1cd2d37a9100a80a496108f693ecebc59e14-dirty,3,typing,200,50,38,3707,169553,200,50,1,1,3394,362,0,1,362
fc1a1cd2d37a9100a80a496108f693ecebc59e14-dirty,3,typing,200,50,39,3848,169712,200,50,1,1,3553,362,0,1,362
fc1a1cd2d37a9100a80a496108f693ecebc59e14-dirty,3,typing,200,50,40,3950,169871,200,50,1,1,3712,362,0,1,362
fc1a1cd2d37a9100a80a496108f693ecebc59e14-dirty,3,typing,200,50,41,4046,170030,200,50,1,1,3871,362,0,1,362
fc1a1cd2d37a9100a80a496108f693ecebc59e14-dirty,3,typing,200,50,42,4106,170030,200,50,1,1,3871,362,0,1,362
fc1a1cd2d37a9100a80a496108f693ecebc59e14-dirty,3,typing,200,50,43,4248,170190,200,50,1,1,4031,363,0,1,363
fc1a1cd2d37a9100a80a496108f693ecebc59e14-dirty,3,typing,200,50,44,4349,170349,200,50,1,1,4190,362,0,1,362
fc1a1cd2d37a9100a80a496108f693ecebc59e14-dirty,3,typing,200,50,45,4445,170508,200,50,1,1,4349,362,0,1,362
fc1a1cd2d37a9100a80a496108f693ecebc59e14-dirty,3,typing,200,50,46,4546,170189,200,50,1349,50,170330,219487,2,400,65589
fc1a1cd2d37a9100a80a496108f693ecebc59e14-dirty,3,typing,200,50,47,4607,170507,200,50,1,1,849,360,0,1,360
fc1a1cd2d37a9100a80a496108f693ecebc59e14-dirty,3,typing,200,50,48,4750,170666,200,50,1,1,1008,360,0,1,360
fc1a1cd2d37a9100a80a496108f693ecebc59e14-dirty,3,typing,200,50,49,4846,170825,200,50,1,1,1167,360,0,1,360
fc1a1cd2d37a9100a80a496108f693ecebc59e14-dirty,3,typing,200,50,50,4905,170984,200,50,1,1,1326,360,0,1,360
fc1a1cd2d37a9100a80a496108f693ecebc59e14-dirty,3,typing,200,50,51,5047,167327,200,50,1219,50,167468,198310,1,200,32899
fc1a1cd2d37a9100a80a496108f693ecebc59e14-dirty,3,typing,200,50,52,5108,167645,200,50,1,1,849,360,0,1,360
fc1a1cd2d37a9100a80a496108f693ecebc59e14-dirty,3,typing,200,50,53,5246,167804,200,50,1,1,1008,360,0,1,360
fc1a1cd2d37a9100a80a496108f693ecebc59e14-dirty,3,typing,200,50,54,5346,167963,200,50,1,1,1167,360,0,1,360
fc1a1cd2d37a9100a80a496108f693ecebc59e14-dirty,3,typing,200,50,55,5447,168122,200,50,1,1,1326,360,0,1,360
fc1a1cd2d37a9100a80a496108f693ecebc59e14-dirty,3,typing,200,50,56,5550,168122,200,50,0,0,199,199,0,0,199
fc1a1cd2d37a9100a80a496108f693ecebc59e14-dirty,3,typing,200,50,57,5605,168440,200,50,1,1,1644,360,0,1,360
fc1a1cd2d37a9100a80a496108f693ecebc59e14-dirty,3,typing,200,50,58,5706,168599,200,50,1,1,1803,360,0,1,360
fc1a1cd2d37a9100a80a496108f693ecebc59e14-dirty,3,typing,200,50,59,5849,168759,200,50,1,1,1963,361,0,1,361
fc1a1cd2d37a9100a80a496108f693ecebc59e14-dirty,3,typing,200,50,60,5949,168759,200,50,0,0,200,200,0,0,200
fc1a1cd2d37a9100a80a496108f693ecebc59e14-dirty,3,typing,200,50,61,6046,169077,200,50,1,1,2281,362,0,1,362
fc1a1cd2d37a9100a80a496108f693ecebc59e14-dirty,3,typing,200,50,62,6147,169236,200,50,1,1,2440,362,0,1,362
fc1a1cd2d37a9100a80a496108f693ecebc59e14-dirty,3,typing,200,50,63,6249,169395,200,50,1,1,2599,362,0,1,362
fc1a1cd2d37a9100a80a496108f693ecebc59e14-dirty,3,typing,200,50,64,6309,169554,200,50,1,1,2758,362,0,1,362
fc1a1cd2d37a9100a80a496108f693ecebc59e14-dirty,3,typing,200,50,65,6405,169713,200,50,1,1,2917,362,0,1,362
fc1a1cd2d37a9100a80a496108f693ecebc59e14-dirty,3,typing,200,50,66,6548,169713,200,50,0,0,200,200,0,0,200
fc1a1cd2d37a9100a80a496108f693ecebc59e14-dirty,3,typing,200,50,67,6649,170031,200,50,1,1,3235,362,0,1,362
fc1a1cd2d37a9100a80a496108f693ecebc59e14-dirty,3,typing,200,50,68,6750,170190,200,50,1,1,3394,362,0,1,362
fc1a1cd2d37a9100a80a496108f693ecebc59e14-dirty,3,typing,200,50,69,6805,170349,200,50,1,1,3553,362,0,1,362
fc1a1cd2d37a9100a80a496108f693ecebc59e14-dirty,3,typing,200,50,70,6947,170508,200,50,1,1,3712,362,0,1,362
fc1a1cd2d37a9100a80a496108f693ecebc59e14-dirty,3,typing,200,50,71,7048,170667,200,50,1,1,3871,362,0,1,362
fc1a1cd2d37a9100a80a496108f693ecebc59e14-dirty,3,typing,200,50,72,7149,170667,200,50,0,0,200,200,0,0,200
fc1a1cd2d37a9100a80a496108f693ecebc59e14-dirty,3,typing,200,50,73,7205,170985,200,50,1,1,4189,362,0,1,362
fc1a1cd2d37a9100a80a496108f693ecebc59e14-dirty,3,typing,200,50,74,7306,171144,200,50,1,1,4348,362,0,1,362
fc1a1cd2d37a9100a80a496108f693ecebc59e14-dirty,3,typing,200,50,75,7449,171303,200,50,1,1,4507,362,0,1,362
fc1a1cd2d37a9100a80a496108f693ecebc59e14-dirty,3,typing,200,50,76,7509,171303,200,50,0,0,200,200,0,0,200
fc1a1cd2d37a9100a80a496108f693ecebc59e14-dirty,3,typing,200,50,77,7646,171621,200,50,1,1,4825,362,0,1,362
fc1a1cd2d37a9100a80a496108f693ecebc59e14-dirty,3,typing,200,50,78,7748,171780,200,50,1,1,4984,362,0,1,362
fc1a1cd2d37a9100a80a496108f693ecebc59e14-dirty,3,typing,200,50,79,7849,171939,200,50,1,1,5143,362,0,1,362
fc1a1cd2d37a9100a80a496108f693ecebc59e14-dirty,3,typing,200,50,80,7949,172098,200,50,1,1,5302,362,0,1,362
fc1a1cd2d37a9100a80a496108f693ecebc59e14-dirty,3,typing,200,50,81,8005,172257,200,50,1,1,5461,362,0,1,362
fc1a1cd2d37a9100a80a496108f693ecebc59e14-dirty,3,typing,200,50,82,8106,172257,200,50,0,0,200,200,0,0,200
fc1a1cd2d37a9100a80a496108f693ecebc59e14-dirty,3,typing,200,50,83,8249,172575,200,50,1,1,5779,362,0,1,362
fc1a1cd2d37a9100a80a496108f693ecebc59e14-dirty,3,typing,200,50,84,8309,172734,200,50,1,1,5938,362,0,1,362
fc1a1cd2d37a9100a80a496108f693ecebc59e14-dirty,3,typing,200,50,85,8405,172893,200,50,1,1,6097,362,0,1,362
fc1a1cd2d37a9100a80a496108f693ecebc59e14-dirty,3,typing,200,50,86,8549,173052,200,50,1,1,6256,362,0,1,362
fc1a1cd2d37a9100a80a496108f693ecebc59e14-dirty,3,typing,200,50,87,8608,173052,200,50,0,0,200,200,0,0,200
fc1a1cd2d37a9100a80a496108f693ecebc59e14-dirty,3,typing,200,50,88,8750,173370,200,50,1,1,6574,362,0,1,362
fc1a1cd2d37a9100a80a496108f693ecebc59e14-dirty,3,typing,200,50,89,8805,173529,200,50,1,1,6733,362,0,1,362
fc1a1cd2d37a9100a80a496108f693ecebc59e14-dirty,3,typing,200,50,90,8906,173688,200,50,1,1,6892,362,0,1,362
fc1a1cd2d37a9100a80a496108f693ecebc59e14-dirty,3,typing,200,50,91,9008,173688,200,50,0,0,200,200,0,0,200
fc1a1cd2d37a9100a80a496108f693ecebc59e14-dirty,3,typing,200,50,92,9150,174006,200,50,1,1,7210,362,0,1,362
fc1a1cd2d37a9100a80a496108f693ecebc59e14-dirty,3,typing,200,50,93,9205,174165,200,50,1,1,7369,362,0,1,362
fc1a1cd2d37a9100a80a496108f693ecebc59e14-dirty,3,typing,200,50,94,9307,174324,200,50,1,1,7528,362,0,1,362
fc1a1cd2d37a9100a80a496108f693ecebc59e14-dirty,3,typing,200,50,95,9448,174483,200,50,1,1,7687,362,0,1,362
fc1a1cd2d37a9100a80a496108f693ecebc59e14-dirty,3,typing,200,50,96,9509,174483,200,50,0,0,200,200,0,0,200
fc1a1cd2d37a9100a80a496108f693ecebc59e14-dirty,3,typing,200,50,97,9646,174801,200,50,1,1,8005,362,0,1,362
fc1a1cd2d37a9100a80a496108f693ecebc59e14-dirty,3,typing,200,50,98,9706,174960,200,50,1,1,8164,362,0,1,362
fc1a1cd2d37a9100a80a496108f693ecebc59e14-dirty,3,typing,200,50,99,9848,175119,200,50,1,1,8323,362,0,1,362
fc1a1cd2d37a9100a80a496108f693ecebc59e14-dirty,3,typing,200,50,100,9949,173051,200,50,1391,50,173192,226341,2,400,65589
fc1a1cd2d37a9100a80a496108f693ecebc59e14-dirty,3,typing,200,50,101,10047,173369,200,50,1,1,849,360,0,1,360
fc1a1cd2d37a9100a80a496108f693ecebc59e14-dirty,3,typing,200,50,102,10106,173528,200,50,1,1,1008,360,0,1,360
fc1a1cd2d37a9100a80a496108f693ecebc59e14-dirty,3,typing,200,50,103,10207,173528,200,50,0,0,199,199,0,0,199
fc1a1cd2d37a9100a80a496108f693ecebc59e14-dirty,3,typing,200,50,104,10346,173846,200,50,1,1,1326,360,0,1,360
fc1a1cd2d37a9100a80a496108f693ecebc59e14-dirty,3,typing,200,50,105,10448,174005,200,50,1,1,1485,360,0,1,360
fc1a1cd2d37a9100a80a496108f693ecebc59e14-dirty,3,typing,200,50,106,10507,174164,200,50,1,1,1644,360,0,1,360
fc1a1cd2d37a9100a80a496108f693ecebc59e14-dirty,3,typing,200,50,107,10650,174323,200,50,1,1,1803,360,0,1,360
fc1a1cd2d37a9100a80a496108f693ecebc59e14-dirty,3,typing,200,50,108,10745,167961,200,50,1245,50,168102,202516,1,200,32899
fc1a1cd2d37a9100a80a496108f693ecebc59e14-dirty,3,typing,200,50,109,10848,168279,200,50,1,1,849,360,0,1,360
fc1a1cd2d37a9100a80a496108f693ecebc59e14-dirty,3,typing,200,50,110,10907,168438,200,50,1,1,1008,360,0,1,360
fc1a1cd2d37a9100a80a496108f693ecebc59e14-dirty,3,typing,200,50,111,11009,168438,200,50,0,0,199,199,0,0,199
fc1a1cd2d37a9100a80a496108f693ecebc59e14-dirty,3,typing,200,50,112,11147,168756,200,50,1,1,1326,360,0,1,360
fc1a1cd2d37a9100a80a496108f693ecebc59e14-dirty,3,typing,200,50,113,11206,170823,200,50,1366,50,170964,222186,2,400,65589
fc1a1cd2d37a9100a80a496108f693ecebc59e14-dirty,3,typing,200,50,114,11349,171141,200,50,1,1,849,360,0,1,360
fc1a1cd2d37a9100a80a496108f693ecebc59e14-dirty,3,typing,200,50,115,11450,171300,200,50,1,1,1008,360,0,1,360
fc1a1cd2d37a9100a80a496108f693ecebc59e14-dirty,3,typing,200,50,116,11547,171459,200,50,1,1,1167,360,0,1,360
fc1a1cd2d37a9100a80a496108f693ecebc59e14-dirty,3,typing,200,50,117,11649,171618,200,50,1,1,1326,360,0,1,360
fc1a1cd2d37a9100a80a496108f693ecebc59e14-dirty,3,typing,200,50,118,11749,171618,200,50,0,0,199,199,0,0,199
fc1a1cd2d37a9100a80a496108f693ecebc59e14-dirty,3,typing,200,50,119,11809,171936,200,50,1,1,1644,360,0,1,360
fc1a1cd2d37a9100a80a496108f693ecebc59e14-dirty,3,typing,200,50,120,11906,172095,200,50,1,1,1803,360,0,1,360
fc1a1cd2d37a9100a80a496108f693ecebc59e14-dirty,3,typing,200,50,121,12048,172255,200,50,1,1,1963,361,0,1,361
fc1a1cd2d37a9100a80a496108f693ecebc59e14-dirty,3,typing,200,50,122,12150,172414,200,50,1,1,2122,362,0,1,362
fc1a1cd2d37a9100a80a496108f693ecebc59e14-dirty,3,typing,200,50,123,12251,172414,200,50,0,0,200,200,0,0,200
fc1a1cd2d37a9100a80a496108f693ecebc59e14-dirty,3,typing,200,50,124,12306,172732,200,50,1,1,2440,362,0,1,362
fc1a1cd2d37a9100a80a496108f693ecebc59e14-dirty,3,typing,200,50,125,12408,172891,200,50,1,1,2599,362,0,1,362
fc1a1cd2d37a9100a80a496108f693ecebc59e14-dirty,3,typing,200,50,126,12551,173050,200,50,1,1,2758,362,0,1,362
fc1a1cd2d37a9100a80a496108f693ecebc59e14-dirty,3,typing,200,50,127,12647,173209,200,50,1,1,2917,362,0,1,362
fc1a1cd2d37a9100a80a496108f693ecebc59e14-dirty,3,typing,200,50,128,12706,173209,200,50,0,0,200,200,0,0,200
fc1a1cd2d37a9100a80a496108f693ecebc59e14-dirty,3,typing,200,50,129,12808,173527,200,50,1,1,3235,362,0,1,362
fc1a1cd2d37a9100a80a496108f693ecebc59e14-dirty,3,typing,200,50,130,12909,173686,200,50,1,1,3394,362,0,1,362
fc1a1cd2d37a9100a80a496108f693ecebc59e14-dirty,3,typing,200,50,131,13047,173845,200,50,1,1,3553,362,0,1,362
fc1a1cd2d37a9100a80a496108f693ecebc59e14-dirty,3,typing,200,50,132,13107,173845,200,50,0,0,200,200,0,0,200
fc1a1cd2d37a9100a80a496108f693ecebc59e14-dirty,3,typing,200,50,133,13249,174163,200,50,1,1,3871,362,0,1,362
fc1a1cd2d37a9100a80a496108f693ecebc59e14-dirty,3,typing,200,50,134,13309,174322,200,50,1,1,4030,362,0,1,362
fc1a1cd2d37a9100a80a496108f693ecebc59e14-dirty,3,typing,200,50,135,13446,174481,200,50,1,1,4189,362,0,1,362
fc1a1cd2d37a9100a80a496108f693ecebc59e14-dirty,3,typing,200,50,136,13506,174640,200,50,1,1,4348,362,0,1,362
fc1a1cd2d37a9100a80a496108f693ecebc59e14-dirty,3,typing,200,50,137,13649,174799,200,50,1,1,4507,362,0,1,362
fc1a1cd2d37a9100a80a496108f693ecebc59e14-dirty,3,typing,200,50,138,13751,174799,200,50,0,0,200,200,0,0,200
fc1a1cd2d37a9100a80a496108f693ecebc59e14-dirty,3,typing,200,50,139,13846,175117,200,50,1,1,4825,362,0,1,362
fc1a1cd2d37a9100a80a496108f693ecebc59e14-dirty,3,typing,200,50,140,13948,175276,200,50,1,1,4984,362,0,1,362
fc1a1cd2d37a9100a80a496108f693ecebc59e14-dirty,3,typing,200,50,141,14008,175435,200,50,1,1,5143,362,0,1,362
fc1a1cd2d37a9100a80a496108f693ecebc59e14-dirty,3,typing,200,50,142,14110,175594,200,50,1,1,5302,362,0,1,362
fc1a1cd2d37a9100a80a496108f693ecebc59e14-dirty,3,typing,200,50,143,14206,175753,200,50,1,1,5461,362,0,1,362
fc1a1cd2d37a9100a80a496108f693ecebc59e14-dirty,3,typing,200,50,144,14348,173048,200,50,1404,50,173189,228380,2,400,65589
fc1a1cd2d37a9100a80a496108f693ecebc59e14-dirty,3,typing,200,50,145,14449,173366,200,50,1,1,849,360,0,1,360
fc1a1cd2d37a9100a80a496108f693ecebc59e14-dirty,3,typing,200,50,146,14551,173525,200,50,1,1,1008,360,0,1,360
fc1a1cd2d37a9100a80a496108f693ecebc59e14-dirty,3,typing,200,50,147,14648,173684,200,50,1,1,1167,360,0,1,360
fc1a1cd2d37a9100a80a496108f693ecebc59e14-dirty,3,typing,200,50,148,14748,173684,200,50,0,0,199,199,0,0,199
fc1a1cd2d37a9100a80a496108f693ecebc59e14-dirty,3,typing,200,50,149,14850,174002,200,50,1,1,1485,360,0,1,360
fc1a1cd2d37a9100a80a496108f693ecebc59e14-dirty,3,typing,200,50,150,14947,174002,200,50,0,0,199,199,0,0,199
fc1a1cd2d37a9100a80a496108f693ecebc59e14-dirty,3,typing,200,50,151,15048,174320,200,50,1,1,1803,360,0,1,360
fc1a1cd2d37a9100a80a496108f693ecebc59e14-dirty,3,typing,200,50,152,15149,174480,200,50,1,1,1963,361,0,1,361
fc1a1cd2d37a9100a80a496108f693ecebc59e14-dirty,3,typing,200,50,153,15209,174480,200,50,0,0,200,200,0,0,200
fc1a1cd2d37a9100a80a496108f693ecebc59e14-dirty,3,typing,200,50,154,15347,174798,200,50,1,1,2281,362,0,1,362
fc1a1cd2d37a9100a80a496108f693ecebc59e14-dirty,3,typing,200,50,155,15448,174798,200,50,0,0,200,200,0,0,200
fc1a1cd2d37a9100a80a496108f693ecebc59e14-dirty,3,typing,200,50,156,15550,175116,200,50,1,1,2599,362,0,1,362
fc1a1cd2d37a9100a80a496108f693ecebc59e14-dirty,3,typing,200,50,157,15651,175116,200,50,0,0,200,200,0,0,200
fc1a1cd2d37a9100a80a496108f693ecebc59e14-dirty,3,typing,200,50,158,15746,175434,200,50,1,1,2917,362,0,1,362
fc1a1cd2d37a9100a80a496108f693ecebc59e14-dirty,3,typing,200,50,159,15807,175593,200,50,1,1,3076,362,0,1,362
fc1a1cd2d37a9100a80a496108f693ecebc59e14-dirty,3,typing,200,50,160,15950,175593,200,50,0,0,200,200,0,0,200
fc1a1cd2d37a9100a80a496108f693ecebc59e14-dirty,3,typing,200,50,161,16050,175911,200,50,1,1,3394,362,0,1,362
fc1a1cd2d37a9100a80a496108f693ecebc59e14-dirty,3,typing,200,50,162,16147,176070,200,50,1,1,3553,362,0,1,362
fc1a1cd2d37a9100a80a496108f693ecebc59e14-dirty,3,typing,200,50,163,16248,176070,200,50,0,0,200,200,0,0,200
fc1a1cd2d37a9100a80a496108f693ecebc59e14-dirty,3,typing,200,50,164,16350,176388,200,50,1,1,3871,362,0,1,362
fc1a1cd2d37a9100a80a496108f693ecebc59e14-dirty,3,typing,200,50,165,16452,176547,200,50,1,1,4030,362,0,1,362
fc1a1cd2d37a9100a80a496108f693ecebc59e14-dirty,3,typing,200,50,166,16547,176706,200,50,1,1,4189,362,0,1,362
fc1a1cd2d37a9100a80a496108f693ecebc59e14-dirty,3,typing,200,50,167,16649,176865,200,50,1,1,4348,362,0,1,362
fc1a1cd2d37a9100a80a496108f693ecebc59e14-dirty,3,typing,200,50,168,16709,176865,200,50,0,0,200,200,0,0,200
fc1a1cd2d37a9100a80a496108f693ecebc59e14-dirty,3,typing,200,50,169,16852,177184,200,50,1,1,4667,363,0,1,363
fc1a1cd2d37a9100a80a496108f693ecebc59e14-dirty,3,typing,200,50,170,16906,177343,200,50,1,1,4826,362,0,1,362
fc1a1cd2d37a9100a80a496108f693ecebc59e14-dirty,3,typing,200,50,171,17008,177502,200,50,1,1,4985,362,0,1,362
fc1a1cd2d37a9100a80a496108f693ecebc59e14-dirty,3,typing,200,50,172,17151,177661,200,50,1,1,5144,362,0,1,362
fc1a1cd2d37a9100a80a496108f693ecebc59e14-dirty,3,typing,200,50,173,17206,177820,200,50,1,1,5303,362,0,1,362
fc1a1cd2d37a9100a80a496108f693ecebc59e14-dirty,3,typing,200,50,174,17349,177820,200,50,0,0,200,200,0,0,200
fc1a1cd2d37a9100a80a496108f693ecebc59e14-dirty,3,typing,200,50,175,17408,178138,200,50,1,1,5621,362,0,1,362
fc1a1cd2d37a9100a80a496108f693ecebc59e14-dirty,3,typing,200,50,176,17551,178297,200,50,1,1,5780,362,0,1,362
fc1a1cd2d37a9100a80a496108f693ecebc59e14-dirty,3,typing,200,50,177,17606,178457,200,50,1,1,5940,363,0,1,363
fc1a1cd2d37a9100a80a496108f693ecebc59e14-dirty,3,typing,200,50,178,17749,178616,200,50,1,1,6099,362,0,1,362
fc1a1cd2d37a9100a80a496108f693ecebc59e14-dirty,3,typing,200,50,179,17849,178616,200,50,0,0,200,200,0,0,200
fc1a1cd2d37a9100a80a496108f693ecebc59e14-dirty,3,typing,200,50,180,17951,178934,200,50,1,1,6417,362,0,1,362
fc1a1cd2d37a9100a80a496108f693ecebc59e14-dirty,3,typing,200,50,181,18006,179093,200,50,1,1,6576,362,0,1,362
fc1a1cd2d37a9100a80a496108f693ecebc59e14-dirty,3,typing,200,50,182,18107,179252,200,50,1,1,6735,362,0,1,362
fc1a1cd2d37a9100a80a496108f693ecebc59e14-dirty,3,typing,200,50,183,18249,179411,200,50,1,1,6894,362,0,1,362
fc1a1cd2d37a9100a80a496108f693ecebc59e14-dirty,3,typing,200,50,184,18310,179569,200,50,1376,50,179710,223780,4,800,130969
fc1a1cd2d37a9100a80a496108f693ecebc59e14-dirty,3,typing,200,50,185,18448,179887,200,50,1,1,849,360,0,1,360
fc1a1cd2d37a9100a80a496108f693ecebc59e14-dirty,3,typing,200,50,186,18507,180046,200,50,1,1,1008,360,0,1,360
fc1a1cd2d37a9100a80a496108f693ecebc59e14-dirty,3,typing,200,50,187,18609,180205,200,50,1,1,1167,360,0,1,360
fc1a1cd2d37a9100a80a496108f693ecebc59e14-dirty,3,typing,200,50,188,18710,180364,200,50,1,1,1326,360,0,1,360
fc1a1cd2d37a9100a80a496108f693ecebc59e14-dirty,3,typing,200,50,189,18848,180523,200,50,1,1,1485,360,0,1,360
fc1a1cd2d37a9100a80a496108f693ecebc59e14-dirty,3,typing,200,50,190,18948,180682,200,50,1,1,1644,360,0,1,360
fc1a1cd2d37a9100a80a496108f693ecebc59e14-dirty,3,typing,200,50,191,19009,180682,200,50,0,0,199,199,0,0,199
fc1a1cd2d37a9100a80a496108f693ecebc59e14-dirty,3,typing,200,50,192,19147,181001,200,50,1,1,1963,361,0,1,361
fc1a1cd2d37a9100a80a496108f693ecebc59e14-dirty,3,typing,200,50,193,19208,181160,200,50,1,1,2122,362,0,1,362
fc1a1cd2d37a9100a80a496108f693ecebc59e14-dirty,3,typing,200,50,194,19309,181319,200,50,1,1,2281,362,0,1,362
fc1a1cd2d37a9100a80a496108f693ecebc59e14-dirty,3,typing,200,50,195,19447,181479,200,50,1,1,2441,363,0,1,363
fc1a1cd2d37a9100a80a496108f693ecebc59e14-dirty,3,typing,200,50,196,19507,181638,200,50,1,1,2600,362,0,1,362
fc1a1cd2d37a9100a80a496108f693ecebc59e14-dirty,3,typing,200,50,197,19649,181797,200,50,1,1,2759,362,0,1,362
fc1a1cd2d37a9100a80a496108f693ecebc59e14-dirty,3,typing,200,50,198,19751,181797,200,50,0,0,200,200,0,0,200
fc1a1cd2d37a9100a80a496108f693ecebc59e14-dirty,3,typing,200,50,199,19806,182115,200,50,1,1,3077,362,0,1,362
fc1a1cd2d37a9100a80a496108f693ecebc59e14-dirty,3,typing,200,50,200,19907,182274,200,50,1,1,3236,362,0,1,362
fc1a1cd2d37a9100a80a496108f693ecebc59e14-dirty,3,typing,200,50,201,20009,182433,200,50,1,1,3395,362,0,1,362
fc1a1cd2d37a9100a80a496108f693ecebc59e14-dirty,3,typing,200,50,202,20110,182592,200,50,1,1,3554,362,0,1,362
fc1a1cd2d37a9100a80a496108f693ecebc59e14-dirty,3,typing,200,50,203,20206,182751,200,50,1,1,3713,362,0,1,362
fc1a1cd2d37a9100a80a496108f693ecebc59e14-dirty,3,typing,200,50,204,20308,182751,200,50,0,0,200,200,0,0,200
fc1a1cd2d37a9100a80a496108f693ecebc59e14-dirty,3,typing,200,50,205,20451,183069,200,50,1,1,4031,362,0,1,362
fc1a1cd2d37a9100a80a496108f693ecebc59e14-dirty,3,typing,200,50,206,20551,183228,200,50,1,1,4190,362,0,1,362
fc1a1cd2d37a9100a80a496108f693ecebc59e14-dirty,3,typing,200,50,207,20648,183387,200,50,1,1,4349,362,0,1,362
fc1a1cd2d37a9100a80a496108f693ecebc59e14-dirty,3,typing,200,50,208,20708,183546,200,50,1,1,4508,362,0,1,362
fc1a1cd2d37a9100a80a496108f693ecebc59e14-dirty,3,typing,200,50,209,20851,183546,200,50,0,0,200,200,0,0,200
fc1a1cd2d37a9100a80a496108f693ecebc59e14-dirty,3,typing,200,50,210,20952,183864,200,50,1,1,4826,362,0,1,362
fc1a1cd2d37a9100a80a496108f693ecebc59e14-dirty,3,typing,200,50,211,21047,184023,200,50,1,1,4985,362,0,1,362
fc1a1cd2d37a9100a80a496108f693ecebc59e14-dirty,3,typing,200,50,212,21108,184182,200,50,1,1,5144,362,0,1,362
fc1a1cd2d37a9100a80a496108f693ecebc59e14-dirty,3,typing,200,50,213,21209,184182,200,50,1,1,5144,362,0,1,362
fc1a1cd2d37a9100a80a496108f693ecebc59e14-dirty,3,typing,200,50,214,21306,184341,200,50,1,1,5303,362,0,1,362
fc1a1cd2d37a9100a80a496108f693ecebc59e14-dirty,3,typing,200,50,215,21407,184341,200,50,0,0,200,200,0,0,200
fc1a1cd2d37a9100a80a496108f693ecebc59e14-dirty,3,typing,200,50,216,21509,184659,200,50,1,1,5621,362,0,1,362
fc1a1cd2d37a9100a80a496108f693ecebc59e14-dirty,3,typing,200,50,217,21610,184818,200,50,1,1,5780,362,0,1,362
fc1a1cd2d37a9100a80a496108f693ecebc59e14-dirty,3,typing,200,50,218,21706,184977,200,50,1,1,5939,362,0,1,362
fc1a1cd2d37a9100a80a496108f693ecebc59e14-dirty,3,typing,200,50,219,21849,185136,200,50,1,1,6098,362,0,1,362
fc1a1cd2d37a9100a80a496108f693ecebc59e14-dirty,3,typing,200,50,220,21909,185295,200,50,1,1,6257,362,0,1,362
fc1a1cd2d37a9100a80a496108f693ecebc59e14-dirty,3,typing,200,50,221,22052,159854,200,50,1315,50,159995,213853,5,1000,163659
fc1a1cd2d37a9100a80a496108f693ecebc59e14-dirty,3,typing,200,50,222,22106,160172,200,50,1,1,849,360,0,1,360
fc1a1cd2d37a9100a80a496108f693ecebc59e14-dirty,3,typing,200,50,223,22207,160331,200,50,1,1,1008,360,0,1,360
fc1a1cd2d37a9100a80a496108f693ecebc59e14-dirty,3,typing,200,50,224,22350,160490,200,50,1,1,1167,360,0,1,360
fc1a1cd2d37a9100a80a496108f693ecebc59e14-dirty,3,typing,200,50,225,22451,160649,200,50,1,1,1326,360,0,1,360
fc1a1cd2d37a9100a80a496108f693ecebc59e14-dirty,3,typing,200,50,226,22548,160649,200,50,0,0,199,199,0,0,199
fc1a1cd2d37a9100a80a496108f693ecebc59e14-dirty,3,typing,200,50,227,22649,160967,200,50,1,1,1644,360,0,1,360
fc1a1cd2d37a9100a80a496108f693ecebc59e14-dirty,3,typing,200,50,228,22750,160967,200,50,0,0,199,199,0,0,199
fc1a1cd2d37a9100a80a496108f693ecebc59e14-dirty,3,typing,200,50,229,22810,161286,200,50,1,1,1963,361,0,1,361
fc1a1cd2d37a9100a80a496108f693ecebc59e14-dirty,3,typing,200,50,230,22947,161445,200,50,1,1,2122,362,0,1,362
fc1a1cd2d37a9100a80a496108f693ecebc59e14-dirty,3,typing,200,50,231,23048,161604,200,50,1,1,2281,362,0,1,362
fc1a1cd2d37a9100a80a496108f693ecebc59e14-dirty,3,typing,200,50,232,23150,161763,200,50,1,1,2440,362,0,1,362
fc1a1cd2d37a9100a80a496108f693ecebc59e14-dirty,3,typing,200,50,233,23252,161922,200,50,1,1,2599,362,0,1,362
fc1a1cd2d37a9100a80a496108f693ecebc59e14-dirty,3,typing,200,50,234,23306,162081,200,50,1,1,2758,362,0,1,362
fc1a1cd2d37a9100a80a496108f693ecebc59e14-dirty,3,typing,200,50,235,23448,162240,200,50,1,1,2917,362,0,1,362
fc1a1cd2d37a9100a80a496108f693ecebc59e14-dirty,3,typing,200,50,236,23508,162399,200,50,1,1,3076,362,0,1,362
fc1a1cd2d37a9100a80a496108f693ecebc59e14-dirty,3,typing,200,50,237,23610,162399,200,50,0,0,200,200,0,0,200
fc1a1cd2d37a9100a80a496108f693ecebc59e14-dirty,3,typing,200,50,238,23748,162717,200,50,1,1,3394,362,0,1,362
fc1a1cd2d37a9100a80a496108f693ecebc59e14-dirty,3,typing,200,50,239,23848,162876,200,50,1,1,3553,362,0,1,362
fc1a1cd2d37a9100a80a496108f693ecebc59e14-dirty,3,typing,200,50,240,23908,163035,200,50,1,1,3712,362,0,1,362
fc1a1cd2d37a9100a80a496108f693ecebc59e14-dirty,3,typing,200,50,241,24052,163194,200,50,1,1,3871,362,0,1,362
fc1a1cd2d37a9100a80a496108f693ecebc59e14-dirty,3,typing,200,50,242,24106,163353,200,50,1,1,4030,362,0,1,362
fc1a1cd2d37a9100a80a496108f693ecebc59e14-dirty,3,typing,200,50,243,24208,163512,200,50,1,1,4189,362,0,1,362
fc1a1cd2d37a9100a80a496108f693ecebc59e14-dirty,3,typing,200,50,244,24308,163512,200,50,0,0,200,200,0,0,200
fc1a1cd2d37a9100a80a496108f693ecebc59e14-dirty,3,typing,200,50,245,24410,163830,200,50,1,1,4507,362,0,1,362
fc1a1cd2d37a9100a80a496108f693ecebc59e14-dirty,3,typing,200,50,246,24506,163989,200,50,1,1,4666,362,0,1,362
fc1a1cd2d37a9100a80a496108f693ecebc59e14-dirty,3,typing,200,50,247,24648,164148,200,50,1,1,4825,362,0,1,362
fc1a1cd2d37a9100a80a496108f693ecebc59e14-dirty,3,typing,200,50,248,24750,164307,200,50,1,1,4984,362,0,1,362
fc1a1cd2d37a9100a80a496108f693ecebc59e14-dirty,3,typing,200,50,249,24851,164307,200,50,0,0,200,200,0,0,200
fc1a1cd2d37a9100a80a496108f693ecebc59e14-dirty,3,typing,200,50,250,24906,164625,200,50,1,1,5302,362,0,1,362
fc1a1cd2d37a9100a80a496108f693ecebc59e14-dirty,3,typing,200,50,251,25049,164784,200,50,1,1,5461,362,0,1,362
fc1a1cd2d37a9100a80a496108f693ecebc59e14-dirty,3,typing,200,50,252,25149,164784,200,50,0,0,200,200,0,0,200
fc1a1cd2d37a9100a80a496108f693ecebc59e14-dirty,3,typing,200,50,253,25210,165102,200,50,1,1,5779,362,0,1,362
fc1a1cd2d37a9100a80a496108f693ecebc59e14-dirty,3,typing,200,50,254,25348,165261,200,50,1,1,5938,362,0,1,362
fc1a1cd2d37a9100a80a496108f693ecebc59e14-dirty,3,typing,200,50,255,25450,165420,200,50,1,1,6097,362,0,1,362
fc1a1cd2d37a9100a80a496108f693ecebc59e14-dirty,3,typing,200,50,256,25550,165579,200,50,1,1,6256,362,0,1,362
fc1a1cd2d37a9100a80a496108f693ecebc59e14-dirty,3,typing,200,50,257,25653,165579,200,50,0,0,200,200,0,0,200
fc1a1cd2d37a9100a80a496108f693ecebc59e14-dirty,3,typing,200,50,258,25707,165897,200,50,1,1,6574,362,0,1,362
fc1a1cd2d37a9100a80a496108f693ecebc59e14-dirty,3,typing,200,50,259,25808,166056,200,50,1,1,6733,362,0,1,362
fc1a1cd2d37a9100a80a496108f693ecebc59e14-dirty,3,typing,200,50,260,25951,166215,200,50,1,1,6892,362,0,1,362
fc1a1cd2d37a9100a80a496108f693ecebc59e14-dirty,3,typing,200,50,261,26053,166374,200,50,1,1,7051,362,0,1,362
fc1a1cd2d37a9100a80a496108f693ecebc59e14-dirty,3,typing,200,50,262,26148,166374,200,50,0,0,200,200,0,0,200
fc1a1cd2d37a9100a80a496108f693ecebc59e14-dirty,3,typing,200,50,263,26249,166692,200,50,1,1,7369,362,0,1,362
fc1a1cd2d37a9100a80a496108f693ecebc59e14-dirty,3,typing,200,50,264,26310,166692,200,50,0,0,200,200,0,0,200
fc1a1cd2d37a9100a80a496108f693ecebc59e14-dirty,3,typing,200,50,265,26411,167010,200,50,1,1,7687,362,0,1,362
fc1a1cd2d37a9100a80a496108f693ecebc59e14-dirty,3,typing,200,50,266,26548,167169,200,50,1,1,7846,362,0,1,362
fc1a1cd2d37a9100a80a496108f693ecebc59e14-dirty,3,typing,200,50,267,26650,167328,200,50,1,1,8005,362,0,1,362
fc1a1cd2d37a9100a80a496108f693ecebc59e14-dirty,3,typing,200,50,268,26710,167487,200,50,1,1,8164,362,0,1,362
fc1a1cd2d37a9100a80a496108f693ecebc59e14-dirty,3,typing,200,50,269,26811,167646,200,50,1,1,8323,362,0,1,362
fc1a1cd2d37a9100a80a496108f693ecebc59e14-dirty,3,typing,200,50,270,26948,167805,200,50,1,1,8482,362,0,1,362
fc1a1cd2d37a9100a80a496108f693ecebc59e14-dirty,3,typing,200,50,271,27050,167805,200,50,0,0,200,200,0,0,200
fc1a1cd2d37a9100a80a496108f693ecebc59e14-dirty,3,typing,200,50,272,27151,168123,200,50,1,1,8800,362,0,1,362
fc1a1cd2d37a9100a80a496108f693ecebc59e14-dirty,3,typing,200,50,273,27253,168282,200,50,1,1,8959,362,0,1,362
fc1a1cd2d37a9100a80a496108f693ecebc59e14-dirty,3,typing,200,50,274,27307,168441,200,50,1,1,9118,362,0,1,362
fc1a1cd2d37a9100a80a496108f693ecebc59e14-dirty,3,typing,200,50,275,27450,168600,200,50,1,1,9277,362,0,1,362
fc1a1cd2d37a9100a80a496108f693ecebc59e14-dirty,3,typing,200,50,276,27550,168759,200,50,1,1,9436,362,0,1,362
fc1a1cd2d37a9100a80a496108f693ecebc59e14-dirty,3,typing,200,50,277,27653,168759,200,50,0,0,200,200,0,0,200
fc1a1cd2d37a9100a80a496108f693ecebc59e14-dirty,3,typing,200,50,278,27748,169077,200,50,1,1,9754,362,0,1,362
fc1a1cd2d37a9100a80a496108f693ecebc59e14-dirty,3,typing,200,50,279,27850,169236,200,50,1,1,9913,362,0,1,362
fc1a1cd2d37a9100a80a496108f693ecebc59e14-dirty,3,typing,200,50,280,27950,169236,200,50,0,0,200,200,0,0,200
fc1a1cd2d37a9100a80a496108f693ecebc59e14-dirty,3,typing,200,50,281,28053,169554,200,50,1,1,10231,362,0,1,362
fc1a1cd2d37a9100a80a496108f693ecebc59e14-dirty,3,typing,200,50,282,28107,169554,200,50,0,0,200,200,0,0,200
fc1a1cd2d37a9100a80a496108f693ecebc59e14-dirty,3,typing,200,50,283,28249,169872,200,50,1,1,10549,362,0,1,362
fc1a1cd2d37a9100a80a496108f693ecebc59e14-dirty,3,typing,200,50,284,28351,170031,200,50,1,1,10708,362,0,1,362
fc1a1cd2d37a9100a80a496108f693ecebc59e14-dirty,3,typing,200,50,285,28452,170190,200,50,1,1,10867,362,0,1,362
fc1a1cd2d37a9100a80a496108f693ecebc59e14-dirty,3,typing,200,50,286,28548,170349,200,50,1,1,11026,362,0,1,362
fc1a1cd2d37a9100a80a496108f693ecebc59e14-dirty,3,typing,200,50,287,28608,170349,200,50,1,1,11026,362,0,1,362
fc1a1cd2d37a9100a80a496108f693ecebc59e14-dirty,3,typing,200,50,288,28751,170349,200,50,0,0,200,200,0,0,200
fc1a1cd2d37a9100a80a496108f693ecebc59e14-dirty,3,typing,200,50,289,28852,170667,200,50,1,1,11344,362,0,1,362
fc1a1cd2d37a9100a80a496108f693ecebc59e14-dirty,3,typing,200,50,290,28907,170826,200,50,1,1,11503,362,0,1,362
fc1a1cd2d37a9100a80a496108f693ecebc59e14-dirty,3,typing,200,50,291,29050,170985,200,50,1,1,11662,362,0,1,362
fc1a1cd2d37a9100a80a496108f693ecebc59e14-dirty,3,typing,200,50,292,29151,171144,200,50,1,1,11821,362,0,1,362
fc1a1cd2d37a9100a80a496108f693ecebc59e14-dirty,3,typing,200,50,293,29253,171303,200,50,1,1,11980,362,0,1,362
fc1a1cd2d37a9100a80a496108f693ecebc59e14-dirty,3,typing,200,50,294,29308,171462,200,50,1,1,12139,362,0,1,362
fc1a1cd2d37a9100a80a496108f693ecebc59e14-dirty,3,typing,200,50,295,29409,179888,200,50,1413,50,180029,229857,2,400,65589
fc1a1cd2d37a9100a80a496108f693ecebc59e14-dirty,3,typing,200,50,296,29552,180206,200,50,1,1,849,360,0,1,360
fc1a1cd2d37a9100a80a496108f693ecebc59e14-dirty,3,typing,200,50,297,29652,180365,200,50,1,1,1008,360,0,1,360
fc1a1cd2d37a9100a80a496108f693ecebc59e14-dirty,3,typing,200,50,298,29750,180524,200,50,1,1,1167,360,0,1,360
fc1a1cd2d37a9100a80a496108f693ecebc59e14-dirty,3,typing,200,50,299,29851,180683,200,50,1,1,1326,360,0,1,360
fc1a1cd2d37a9100a80a496108f693ecebc59e14-dirty,3,typing,200,50,300,29951,180683,200,50,0,0,199,199,0,0,199
fc1a1cd2d37a9100a80a496108f693ecebc59e14-dirty,3,typing,200,50,301,30049,181001,200,50,1,1,1644,360,0,1,360
fc1a1cd2d37a9100a80a496108f693ecebc59e14-dirty,3,typing,200,50,302,30150,181160,200,50,1,1,1803,360,0,1,360
fc1a1cd2d37a9100a80a496108f693ecebc59e14-dirty,3,typing,200,50,303,30210,181320,200,50,1,1,1963,361,0,1,361
fc1a1cd2d37a9100a80a496108f693ecebc59e14-dirty,3,typing,200,50,304,30352,181320,200,50,0,0,200,200,0,0,200
fc1a1cd2d37a9100a80a496108f693ecebc59e14-dirty,3,typing,200,50,305,30407,181638,200,50,1,1,2281,362,0,1,362
fc1a1cd2d37a9100a80a496108f693ecebc59e14-dirty,3,typing,200,50,306,30551,181797,200,50,1,1,2440,362,0,1,362
fc1a1cd2d37a9100a80a496108f693ecebc59e14-dirty,3,typing,200,50,307,30652,181956,200,50,1,1,2599,362,0,1,362
fc1a1cd2d37a9100a80a496108f693ecebc59e14-dirty,3,typing,200,50,308,30712,175435,200,50,1432,50,175576,232938,2,400,65589
fc1a1cd2d37a9100a80a496108f693ecebc59e14-dirty,1,editor,200,50,1,8,175753,200,50,1,1,849,360,0,1,360
fc1a1cd2d37a9100a80a496108f693ecebc59e14-dirty,1,editor,200,50,2,146,175912,200,50,1,1,1008,360,0,1,360
fc1a1cd2d37a9100a80a496108f693ecebc59e14-dirty,1,editor,200,50,3,205,176071,200,50,1,1,1167,360,0,1,360
fc1a1cd2d37a9100a80a496108f693ecebc59e14-dirty,1,editor,200,50,4,306,176071,200,50,0,0,199,199,0,0,199
fc1a1cd2d37a9100a80a496108f693ecebc59e14-dirty,1,editor,200,50,5,449,176389,200,50,1,1,1485,360,0,1,360
fc1a1cd2d37a9100a80a496108f693ecebc59e14-dirty,1,editor,200,50,6,504,176548,200,50,1,1,1644,360,0,1,360
fc1a1cd2d37a9100a80a496108f693ecebc59e14-dirty,1,editor,200,50,7,605,176548,200,50,0,0,199,199,0,0,199
fc1a1cd2d37a9100a80a496108f693ecebc59e14-dirty,1,editor,200,50,8,707,176867,200,50,1,1,1963,361,0,1,361
fc1a1cd2d37a9100a80a496108f693ecebc59e14-dirty,1,editor,200,50,9,849,177026,200,50,1,1,2122,362,0,1,362
fc1a1cd2d37a9100a80a496108f693ecebc59e14-dirty,1,editor,200,50,10,945,177026,200,50,0,0,200,200,0,0,200
fc1a1cd2d37a9100a80a496108f693ecebc59e14-dirty,1,editor,200,50,11,1047,177344,200,50,1,1,2440,362,0,1,362
fc1a1cd2d37a9100a80a496108f693ecebc59e14-dirty,1,editor,200,50,12,1107,177503,200,50,1,1,2599,362,0,1,362
fc1a1cd2d37a9100a80a496108f693ecebc59e14-dirty,1,editor,200,50,13,1208,177662,200,50,1,1,2758,362,0,1,362
fc1a1cd2d37a9100a80a496108f693ecebc59e14-dirty,1,editor,200,50,14,1304,177821,200,50,1,1,2917,362,0,1,362
fc1a1cd2d37a9100a80a496108f693ecebc59e14-dirty,1,editor,200,50,15,1447,177821,200,50,0,0,200,200,0,0,200
fc1a1cd2d37a9100a80a496108f693ecebc59e14-dirty,1,editor,200,50,16,1507,178139,200,50,1,1,3235,362,0,1,362
fc1a1cd2d37a9100a80a496108f693ecebc59e14-dirty,1,editor,200,50,17,1650,178298,200,50,1,1,3394,362,0,1,362
fc1a1cd2d37a9100a80a496108f693ecebc59e14-dirty,1,editor,200,50,18,1704,178457,200,50,1,1,3553,362,0,1,362
fc1a1cd2d37a9100a80a496108f693ecebc59e14-dirty,1,editor,200,50,19,1806,178616,200,50,1,1,3712,362,0,1,362
fc1a1cd2d37a9100a80a496108f693ecebc59e14-dirty,1,editor,200,50,20,1907,178775,200,50,1,1,3871,362,0,1,362
fc1a1cd2d37a9100a80a496108f693ecebc59e14-dirty,1,editor,200,50,21,2049,178934,200,50,1,1,4030,362,0,1,362
fc1a1cd2d37a9100a80a496108f693ecebc59e14-dirty,1,editor,200,50,22,2105,179093,200,50,1,1,4189,362,0,1,362
fc1a1cd2d37a9100a80a496108f693ecebc59e14-dirty,1,editor,200,50,23,2247,179252,200,50,1,1,4348,362,0,1,362
fc1a1cd2d37a9100a80a496108f693ecebc59e14-dirty,1,editor,200,50,24,2307,179411,200,50,1,1,4507,362,0,1,362
fc1a1cd2d37a9100a80a496108f693ecebc59e14-dirty,1,editor,200,50,25,2403,179570,200,50,1,1,4666,362,0,1,362
fc1a1cd2d37a9100a80a496108f693ecebc59e14-dirty,1,editor,200,50,26,2505,177661,200,50,1297,50,177802,210943,1,200,32899
fc1a1cd2d37a9100a80a496108f693ecebc59e14-dirty,1,editor,200,50,27,2514,326167,200,50,2331,50,326308,379216,0,2331,379216
fc1a1cd2d37a9100a80a496108f693ecebc59e14-dirty,1,editor,200,50,28,2520,326167,200,50,0,0,197,197,0,0,197
fc1a1cd2d37a9100a80a496108f693ecebc59e14-dirty,1,editor,200,50,29,4610,326167,200,50,1,1,5779,360,0,1,360
fc1a1cd2d37a9100a80a496108f693ecebc59e14-dirty,1,editor,200,50,30,4707,326484,200,50,4,1,6096,852,0,4,852
fc1a1cd2d37a9100a80a496108f693ecebc59e14-dirty,1,editor,200,50,31,4809,326167,200,50,4,1,5779,852,0,4,852
fc1a1cd2d37a9100a80a496108f693ecebc59e14-dirty,1,editor,200,50,32,4951,326167,200,50,1,1,5779,360,0,1,360
fc1a1cd2d37a9100a80a496108f693ecebc59e14-dirty,1,editor,200,50,33,5048,326167,200,50,1,1,5779,360,0,1,360
fc1a1cd2d37a9100a80a496108f693ecebc59e14-dirty,1,editor,200,50,34,5150,326167,200,50,1,1,5779,360,0,1,360
fc1a1cd2d37a9100a80a496108f693ecebc59e14-dirty,1,editor,200,50,35,5247,326167,200,50,1,1,5779,360,0,1,360
fc1a1cd2d37a9100a80a496108f693ecebc59e14-dirty,1,editor,200,50,36,5308,326167,200,50,1,1,5779,360,0,1,360
fc1a1cd2d37a9100a80a496108f693ecebc59e14-dirty,1,editor,200,50,37,5452,326326,200,50,4,1,5938,852,0,4,852
fc1a1cd2d37a9100a80a496108f693ecebc59e14-dirty,1,editor,200,50,38,5507,326168,200,50,1,1,5780,361,0,1,361
fc1a1cd2d37a9100a80a496108f693ecebc59e14-dirty,1,editor,200,50,39,5651,326327,200,50,1,1,5939,361,0,1,361
fc1a1cd2d37a9100a80a496108f693ecebc59e14-dirty,1,editor,200,50,40,5753,326327,200,50,1,1,5939,361,0,1,361
fc1a1cd2d37a9100a80a496108f693ecebc59e14-dirty,1,editor,200,50,41,5808,326327,200,50,1,1,5939,361,0,1,361
fc1a1cd2d37a9100a80a496108f693ecebc59e14-dirty,1,editor,200,50,42,5910,326327,200,50,1,1,5939,361,0,1,361
fc1a1cd2d37a9100a80a496108f693ecebc59e14-dirty,1,editor,200,50,43,6048,326327,200,50,1,1,5939,361,0,1,361
fc1a1cd2d37a9100a80a496108f693ecebc59e14-dirty,1,editor,200,50,44,6109,326327,200,50,1,1,5939,361,0,1,361
fc1a1cd2d37a9100a80a496108f693ecebc59e14-dirty,1,editor,200,50,45,6252,326327,200,50,1,1,5939,361,0,1,361
fc1a1cd2d37a9100a80a496108f693ecebc59e14-dirty,1,editor,200,50,46,6307,326327,200,50,1,1,5939,361,0,1,361
fc1a1cd2d37a9100a80a496108f693ecebc59e14-dirty,1,editor,200,50,47,6451,326327,200,50,2,1,5939,525,0,2,525
fc1a1cd2d37a9100a80a496108f693ecebc59e14-dirty,1,editor,200,50,48,6511,326327,200,50,1,1,5939,361,0,1,361
fc1a1cd2d37a9100a80a496108f693ecebc59e14-dirty,1,editor,200,50,49,6608,326168,200,50,1,1,5780,361,0,1,361
fc1a1cd2d37a9100a80a496108f693ecebc59e14-dirty,1,editor,200,50,50,6752,326327,200,50,1,1,5939,361,0,1,361
fc1a1cd2d37a9100a80a496108f693ecebc59e14-dirty,1,editor,200,50,51,6807,326327,200,50,1,1,5939,361,0,1,361
fc1a1cd2d37a9100a80a496108f693ecebc59e14-dirty,1,editor,200,50,52,6909,326327,200,50,1,1,5939,361,0,1,361
fc1a1cd2d37a9100a80a496108f693ecebc59e14-dirty,1,editor,200,50,53,7052,326327,200,50,1,1,5939,361,0,1,361
fc1a1cd2d37a9100a80a496108f693ecebc59e14-dirty,1,editor,200,50,54,7149,326644,200,50,4,1,6256,853,0,4,853
fc1a1cd2d37a9100a80a496108f693ecebc59e14-dirty,1,editor,200,50,55,7210,326327,200,50,4,1,5939,853,0,4,853
fc1a1cd2d37a9100a80a496108f693ecebc59e14-dirty,1,editor,200,50,56,7349,326327,200,50,1,1,5939,361,0,1,361
fc1a1cd2d37a9100a80a496108f693ecebc59e14-dirty,1,editor,200,50,57,7451,326327,200,50,2,1,5939,525,0,2,525
fc1a1cd2d37a9100a80a496108f693ecebc59e14-dirty,1,editor,200,50,58,7552,326327,200,50,1,1,5939,361,0,1,361
fc1a1cd2d37a9100a80a496108f693ecebc59e14-dirty,1,editor,200,50,59,7647,175917,200,50,2240,49,175565,364596,0,2240,364596
fc1a1cd2d37a9100a80a496108f693ecebc59e14-dirty,1,editor,200,50,60,7748,176235,200,50,4,1,6574,853,0,4,853
fc1a1cd2d37a9100a80a496108f693ecebc59e14-dirty,1,editor,200,50,61,7850,175917,200,50,4,1,6256,853,0,4,853
fc1a1cd2d37a9100a80a496108f693ecebc59e14-dirty,1,editor,200,50,62,7946,176235,200,50,4,1,6574,853,0,4,853
fc1a1cd2d37a9100a80a496108f693ecebc59e14-dirty,1,editor,200,50,63,8006,175917,200,50,4,1,6256,853,0,4,853
fc1a1cd2d37a9100a80a496108f693ecebc59e14-dirty,1,editor,200,50,64,8108,175917,200,50,1,1,6256,361,0,1,361
fc1a1cd2d37a9100a80a496108f693ecebc59e14-dirty,1,editor,200,50,65,8245,176235,200,50,4,1,6574,853,0,4,853
fc1a1cd2d37a9100a80a496108f693ecebc59e14-dirty,1,editor,200,50,66,8347,175758,200,50,5,1,6097,1017,0,5,1017
fc1a1cd2d37a9100a80a496108f693ecebc59e14-dirty,1,editor,200,50,67,8447,175758,200,50,1,1,6097,361,0,1,361
fc1a1cd2d37a9100a80a496108f693ecebc59e14-dirty,1,editor,200,50,68,8550,175758,200,50,1,1,6097,361,0,1,361
fc1a1cd2d37a9100a80a496108f693ecebc59e14-dirty,1,editor,200,50,69,8646,175599,200,50,1,1,5938,361,0,1,361
fc1a1cd2d37a9100a80a496108f693ecebc59e14-dirty,1,editor,200,50,70,8748,175917,200,50,1,1,6256,361,0,1,361
fc1a1cd2d37a9100a80a496108f693ecebc59e14-dirty,1,editor,200,50,71,8810,326167,200,50,2241,49,325815,364754,0,2241,364754
fc1a1cd2d37a9100a80a496108f693ecebc59e14-dirty,1,editor,200,50,72,8907,326485,200,50,1,1,6097,360,0,1,360
fc1a1cd2d37a9100a80a496108f693ecebc59e14-dirty,1,editor,200,50,73,9009,326644,200,50,1,1,6256,360,0,1,360
fc1a1cd2d37a9100a80a496108f693ecebc59e14-dirty,1,editor,200,50,74,9153,326327,200,50,6,1,5939,1181,0,6,1181
fc1a1cd2d37a9100a80a496108f693ecebc59e14-dirty,1,editor,200,50,75,9249,316298,200,50,1020,29,114501,166327,0,1020,166327
fc1a1cd2d37a9100a80a496108f693ecebc59e14-dirty,1,editor,200,50,76,9309,316457,200,50,2,2,3558,523,0,2,523
fc1a1cd2d37a9100a80a496108f693ecebc59e14-dirty,1,editor,200,50,77,9453,316457,200,50,1,1,3224,361,0,1,361
fc1a1cd2d37a9100a80a496108f693ecebc59e14-dirty,1,editor,200,50,78,9550,316775,200,50,2,2,3876,523,0,2,523
fc1a1cd2d37a9100a80a496108f693ecebc59e14-dirty,1,editor,200,50,79,9652,316934,200,50,2,2,4035,523,0,2,523
fc1a1cd2d37a9100a80a496108f693ecebc59e14-dirty,1,editor,200,50,80,9707,317093,200,50,2,2,4194,523,0,2,523
fc1a1cd2d37a9100a80a496108f693ecebc59e14-dirty,1,editor,200,50,81,9851,317093,200,50,1,1,3224,361,0,1,361
fc1a1cd2d37a9100a80a496108f693ecebc59e14-dirty,1,editor,200,50,82,9911,317411,200,50,2,2,4512,523,0,2,523
fc1a1cd2d37a9100a80a496108f693ecebc59e14-dirty,1,editor,200,50,83,10049,317570,200,50,2,2,4671,523,0,2,523
fc1a1cd2d37a9100a80a496108f693ecebc59e14-dirty,1,editor,200,50,84,10110,317887,200,50,3,2,4988,687,0,3,687
fc1a1cd2d37a9100a80a496108f693ecebc59e14-dirty,1,editor,200,50,85,10207,317888,200,50,2,2,4989,524,0,2,524
fc1a1cd2d37a9100a80a496108f693ecebc59e14-dirty,1,editor,200,50,86,10349,318047,200,50,1,1,3383,362,0,1,362
fc1a1cd2d37a9100a80a496108f693ecebc59e14-dirty,1,editor,200,50,87,10452,318365,200,50,2,2,5466,525,0,2,525
fc1a1cd2d37a9100a80a496108f693ecebc59e14-dirty,1,editor,200,50,88,10507,318524,200,50,2,2,5625,525,0,2,525
fc1a1cd2d37a9100a80a496108f693ecebc59e14-dirty,1,editor,200,50,89,10651,318683,200,50,2,2,5784,525,0,2,525
fc1a1cd2d37a9100a80a496108f693ecebc59e14-dirty,1,editor,200,50,90,10711,318842,200,50,2,2,5943,525,0,2,525
fc1a1cd2d37a9100a80a496108f693ecebc59e14-dirty,1,editor,200,50,91,10808,319001,200,50,2,2,6102,525,0,2,525
fc1a1cd2d37a9100a80a496108f693ecebc59e14-dirty,1,editor,200,50,92,10910,319001,200,50,1,1,3383,362,0,1,362
fc1a1cd2d37a9100a80a496108f693ecebc59e14-dirty,1,editor,200,50,93,11012,319319,200,50,2,2,6420,525,0,2,525
fc1a1cd2d37a9100a80a496108f693ecebc59e14-dirty,1,editor,200,50,94,11150,319478,200,50,3,2,6579,689,0,3,689
fc1a1cd2d37a9100a80a496108f693ecebc59e14-dirty,1,editor,200,50,95,11252,319637,200,50,2,2,6738,525,0,2,525
fc1a1cd2d37a9100a80a496108f693ecebc59e14-dirty,1,editor,200,50,96,11348,319637,200,50,2,2,6738,525,0,2,525
fc1a1cd2d37a9100a80a496108f693ecebc59e14-dirty,1,editor,200,50,97,11409,319796,200,50,1,1,3383,362,0,1,362
fc1a1cd2d37a9100a80a496108f693ecebc59e14-dirty,1,editor,200,50,98,11553,320114,200,50,2,2,7215,525,0,2,525
fc1a1cd2d37a9100a80a496108f693ecebc59e14-dirty,1,editor,200,50,99,11649,320273,200,50,2,2,7374,525,0,2,525
fc1a1cd2d37a9100a80a496108f693ecebc59e14-dirty,1,editor,200,50,100,11751,320432,200,50,2,2,7533,525,0,2,525
fc1a1cd2d37a9100a80a496108f693ecebc59e14-dirty,1,editor,200,50,101,11807,320432,200,50,1,1,3383,362,0,1,362
fc1a1cd2d37a9100a80a496108f693ecebc59e14-dirty,1,editor,200,50,102,11909,320750,200,50,2,2,7851,525,0,2,525
fc1a1cd2d37a9100a80a496108f693ecebc59e14-dirty,1,editor,200,50,103,12052,320909,200,50,2,2,8010,525,0,2,525
fc1a1cd2d37a9100a80a496108f693ecebc59e14-dirty,1,editor,200,50,104,12154,321068,200,50,3,2,8169,689,0,3,689
fc1a1cd2d37a9100a80a496108f693ecebc59e14-dirty,1,editor,200,50,105,12210,321227,200,50,2,2,8328,525,0,2,525
fc1a1cd2d37a9100a80a496108f693ecebc59e14-dirty,1,editor,200,50,106,12312,321386,200,50,2,2,8487,525,0,2,525
fc1a1cd2d37a9100a80a496108f693ecebc59e14-dirty,1,editor,200,50,107,12449,321386,200,50,2,2,8487,525,0,2,525
fc1a1cd2d37a9100a80a496108f693ecebc59e14-dirty,1,editor,200,50,108,12551,321545,200,50,1,1,3383,362,0,1,362
fc1a1cd2d37a9100a80a496108f693ecebc59e14-dirty,1,editor,200,50,109,12654,321863,200,50,2,2,8964,525,0,2,525
fc1a1cd2d37a9100a80a496108f693ecebc59e14-dirty,1,editor,200,50,110,12709,322022,200,50,2,2,9123,525,0,2,525
fc1a1cd2d37a9100a80a496108f693ecebc59e14-dirty,1,editor,200,50,111,12811,322022,200,50,1,1,3383,362,0,1,362
fc1a1cd2d37a9100a80a496108f693ecebc59e14-dirty,1,editor,200,50,112,12954,322340,200,50,2,2,9441,525,0,2,525
fc1a1cd2d37a9100a80a496108f693ecebc59e14-dirty,1,editor,200,50,113,13010,322499,200,50,2,2,9600,525,0,2,525
fc1a1cd2d37a9100a80a496108f693ecebc59e14-dirty,1,editor,200,50,114,13153,322658,200,50,3,2,9759,689,0,3,689
fc1a1cd2d37a9100a80a496108f693ecebc59e14-dirty,1,editor,200,50,115,13209,322658,200,50,1,1,3383,362,0,1,362
fc1a1cd2d37a9100a80a496108f693ecebc59e14-dirty,1,editor,200,50,116,13354,322976,200,50,2,2,10077,525,0,2,525
fc1a1cd2d37a9100a80a496108f693ecebc59e14-dirty,1,editor,200,50,117,13413,323135,200,50,2,2,10236,525,0,2,525
fc1a1cd2d37a9100a80a496108f693ecebc59e14-dirty,1,editor,200,50,118,13510,323135,200,50,2,2,10236,525,0,2,525
fc1a1cd2d37a9100a80a496108f693ecebc59e14-dirty,1,editor,200,50,119,13612,323453,200,50,2,2,10554,525,0,2,525
fc1a1cd2d37a9100a80a496108f693ecebc59e14-dirty,1,editor,200,50,120,13750,323612,200,50,2,2,10713,525,0,2,525
fc1a1cd2d37a9100a80a496108f693ecebc59e14-dirty,1,editor,200,50,121,13810,323771,200,50,2,2,10872,525,0,2,525
fc1a1cd2d37a9100a80a496108f693ecebc59e14-dirty,1,editor,200,50,122,13978,321238,200,50,22,1,850,3784,0,22,3784
fc1a1cd2d37a9100a80a496108f693ecebc59e14-dirty,1,editor,200,50,123,14011,323771,200,50,22,1,3383,3772,0,22,3772
fc1a1cd2d37a9100a80a496108f693ecebc59e14-dirty,1,editor,200,50,124,14152,323930,200,50,3,2,11031,688,0,3,688
fc1a1cd2d37a9100a80a496108f693ecebc59e14-dirty,1,editor,200,50,125,14254,324089,200,50,3,2,11190,688,0,3,688
fc1a1cd2d37a9100a80a496108f693ecebc59e14-dirty,1,editor,200,50,126,14310,324248,200,50,3,2,11349,688,0,3,688
fc1a1cd2d37a9100a80a496108f693ecebc59e14-dirty,1,editor,200,50,127,14412,324407,200,50,4,2,11508,852,0,4,852
fc1a1cd2d37a9100a80a496108f693ecebc59e14-dirty,1,editor,200,50,128,14549,324566,200,50,3,2,11667,688,0,3,688
fc1a1cd2d37a9100a80a496108f693ecebc59e14-dirty,1,editor,200,50,129,14652,324725,200,50,3,2,11826,688,0,3,688
fc1a1cd2d37a9100a80a496108f693ecebc59e14-dirty,1,editor,200,50,130,14713,324884,200,50,3,2,11985,688,0,3,688
fc1a1cd2d37a9100a80a496108f693ecebc59e14-dirty,1,editor,200,50,131,14851,325043,200,50,3,2,12144,688,0,3,688
fc1a1cd2d37a9100a80a496108f693ecebc59e14-dirty,1,editor,200,50,132,14911,325043,200,50,3,2,12144,688,0,3,688
fc1a1cd2d37a9100a80a496108f693ecebc59e14-dirty,1,editor,200,50,133,15055,325361,200,50,3,2,12462,688,0,3,688
fc1a1cd2d37a9100a80a496108f693ecebc59e14-dirty,1,editor,200,50,134,15111,325520,200,50,3,2,12621,688,0,3,688
fc1a1cd2d37a9100a80a496108f693ecebc59e14-dirty,1,editor,200,50,135,15254,325679,200,50,3,2,12780,688,0,3,688
fc1a1cd2d37a9100a80a496108f693ecebc59e14-dirty,1,editor,200,50,136,15350,325838,200,50,3,2,12939,688,0,3,688
fc1a1cd2d37a9100a80a496108f693ecebc59e14-dirty,1,editor,200,50,137,15411,325997,200,50,4,2,13098,852,0,4,852
fc1a1cd2d37a9100a80a496108f693ecebc59e14-dirty,1,editor,200,50,138,15513,326156,200,50,3,2,13257,688,0,3,688
fc1a1cd2d37a9100a80a496108f693ecebc59e14-dirty,1,editor,200,50,139,15610,326315,200,50,3,2,13416,688,0,3,688
fc1a1cd2d37a9100a80a496108f693ecebc59e14-dirty,1,editor,200,50,140,15753,326474,200,50,3,2,13575,688,0,3,688
fc1a1cd2d37a9100a80a496108f693ecebc59e14-dirty,1,editor,200,50,141,15851,326633,200,50,3,2,13734,688,0,3,688
fc1a1cd2d37a9100a80a496108f693ecebc59e14-dirty,1,editor,200,50,142,15952,326792,200,50,3,2,13893,688,0,3,688
fc1a1cd2d37a9100a80a496108f693ecebc59e14-dirty,1,editor,200,50,143,16014,326792,200,50,3,2,13893,688,0,3,688
fc1a1cd2d37a9100a80a496108f693ecebc59e14-dirty,1,editor,200,50,144,16110,327110,200,50,3,2,14211,688,0,3,688
fc1a1cd2d37a9100a80a496108f693ecebc59e14-dirty,1,editor,200,50,145,16253,327269,200,50,3,2,14370,688,0,3,688
fc1a1cd2d37a9100a80a496108f693ecebc59e14-dirty,1,editor,200,50,146,16356,327428,200,50,3,2,14529,688,0,3,688
fc1a1cd2d37a9100a80a496108f693ecebc59e14-dirty,1,editor,200,50,147,16411,327587,200,50,4,2,14688,852,0,4,852
fc1a1cd2d37a9100a80a496108f693ecebc59e14-dirty,1,editor,200,50,148,16513,327746,200,50,3,2,14847,688,0,3,688
fc1a1cd2d37a9100a80a496108f693ecebc59e14-dirty,1,editor,200,50,149,16610,327905,200,50,3,2,15006,688,0,3,688
fc1a1cd2d37a9100a80a496108f693ecebc59e14-dirty,1,editor,200,50,150,16712,328064,200,50,3,2,15165,688,0,3,688
fc1a1cd2d37a9100a80a496108f693ecebc59e14-dirty,1,editor,200,50,151,16839,325531,200,50,22,1,850,3784,0,22,3784
fc1a1cd2d37a9100a80a496108f693ecebc59e14-dirty,1,editor,200,50,152,16911,327438,200,50,61,2,14539,10143,0,61,10143
fc1a1cd2d37a9100a80a496108f693ecebc59e14-dirty,1,editor,200,50,153,17013,327756,200,50,1035,29,125959,168783,0,1035,168783
fc1a1cd2d37a9100a80a496108f693ecebc59e14-dirty,1,editor,200,50,154,17109,327597,200,50,1,1,7209,361,0,1,361
fc1a1cd2d37a9100a80a496108f693ecebc59e14-dirty,1,editor,200,50,155,17252,327756,200,50,1,1,7368,361,0,1,361
fc1a1cd2d37a9100a80a496108f693ecebc59e14-dirty,1,editor,200,50,156,17313,327756,200,50,1,1,7368,361,0,1,361
fc1a1cd2d37a9100a80a496108f693ecebc59e14-dirty,1,editor,200,50,157,17451,327756,200,50,1,1,7368,361,0,1,361
fc1a1cd2d37a9100a80a496108f693ecebc59e14-dirty,1,editor,200,50,158,17554,327756,200,50,1,1,7368,361,0,1,361
fc1a1cd2d37a9100a80a496108f693ecebc59e14-dirty,1,editor,200,50,159,17609,328073,200,50,4,1,7685,853,0,4,853
fc1a1cd2d37a9100a80a496108f693ecebc59e14-dirty,1,editor,200,50,160,17712,327756,200,50,4,1,7368,853,0,4,853
fc1a1cd2d37a9100a80a496108f693ecebc59e14-dirty,1,editor,200,50,161,17813,327756,200,50,1,1,7368,361,0,1,361
fc1a1cd2d37a9100a80a496108f693ecebc59e14-dirty,1,editor,200,50,162,17951,327756,200,50,2,1,7368,525,0,2,525
fc1a1cd2d37a9100a80a496108f693ecebc59e14-dirty,1,editor,200,50,163,18013,327756,200,50,1,1,7368,361,0,1,361
fc1a1cd2d37a9100a80a496108f693ecebc59e14-dirty,1,editor,200,50,164,18110,327756,200,50,1,1,7368,361,0,1,361
fc1a1cd2d37a9100a80a496108f693ecebc59e14-dirty,1,editor,200,50,165,18212,327597,200,50,1,1,7209,361,0,1,361
fc1a1cd2d37a9100a80a496108f693ecebc59e14-dirty,1,editor,200,50,166,18313,327756,200,50,1,1,7368,361,0,1,361
fc1a1cd2d37a9100a80a496108f693ecebc59e14-dirty,1,editor,200,50,167,18452,327756,200,50,1,1,7368,361,0,1,361
fc1a1cd2d37a9100a80a496108f693ecebc59e14-dirty,1,editor,200,50,168,18512,327756,200,50,1,1,7368,361,0,1,361
fc1a1cd2d37a9100a80a496108f693ecebc59e14-dirty,1,editor,200,50,169,18614,327756,200,50,1,1,7368,361,0,1,361
fc1a1cd2d37a9100a80a496108f693ecebc59e14-dirty,1,editor,200,50,170,18752,327756,200,50,1,1,7368,361,0,1,361
fc1a1cd2d37a9100a80a496108f693ecebc59e14-dirty,1,editor,200,50,171,18813,327756,200,50,1,1,7368,361,0,1,361
fc1a1cd2d37a9100a80a496108f693ecebc59e14-dirty,1,editor,200,50,172,18910,327756,200,50,2,1,7368,525,0,2,525
fc1a1cd2d37a9100a80a496108f693ecebc59e14-dirty,1,editor,200,50,173,19013,327756,200,50,1,1,7368,361,0,1,361
fc1a1cd2d37a9100a80a496108f693ecebc59e14-dirty,1,editor,200,50,174,19110,328074,200,50,1,1,7686,361,0,1,361
fc1a1cd2d37a9100a80a496108f693ecebc59e14-dirty,1,editor,200,50,175,19253,329187,200,50,325,10,47898,53123,0,325,53123
fc1a1cd2d37a9100a80a496108f693ecebc59e14-dirty,1,editor,200,50,176,19355,329505,200,50,1,1,2121,361,0,1,361
fc1a1cd2d37a9100a80a496108f693ecebc59e14-dirty,1,editor,200,50,177,19411,328710,200,50,302,10,47421,49385,0,302,49385
fc1a1cd2d37a9100a80a496108f693ecebc59e14-dirty,1,editor,200,50,178,19513,329028,200,50,1,1,2121,361,0,1,361
fc1a1cd2d37a9100a80a496108f693ecebc59e14-dirty,1,editor,200,50,179,19656,323464,200,50,273,10,42175,44666,0,273,44666
fc1a1cd2d37a9100a80a496108f693ecebc59e14-dirty,1,editor,200,50,180,19711,325044,200,50,13,1,3383,2295,0,13,2295
fc1a1cd2d37a9100a80a496108f693ecebc59e14-dirty,1,editor,200,50,181,19814,325203,200,50,2,2,3876,523,0,2,523
fc1a1cd2d37a9100a80a496108f693ecebc59e14-dirty,1,editor,200,50,182,19953,325362,200,50,2,2,4035,523,0,2,523
fc1a1cd2d37a9100a80a496108f693ecebc59e14-dirty,1,editor,200,50,183,20017,325521,200,50,2,2,4194,523,0,2,523
fc1a1cd2d37a9100a80a496108f693ecebc59e14-dirty,1,editor,200,50,184,20112,325521,200,50,1,1,3383,361,0,1,361
fc1a1cd2d37a9100a80a496108f693ecebc59e14-dirty,1,editor,200,50,185,20215,325839,200,50,2,2,4512,523,0,2,523
fc1a1cd2d37a9100a80a496108f693ecebc59e14-dirty,1,editor,200,50,186,20353,325998,200,50,2,2,4671,523,0,2,523
fc1a1cd2d37a9100a80a496108f693ecebc59e14-dirty,1,editor,200,50,187,20413,326157,200,50,2,2,4830,523,0,2,523
fc1a1cd2d37a9100a80a496108f693ecebc59e14-dirty,1,editor,200,50,188,20510,326315,200,50,2,1,3541,525,0,2,525
fc1a1cd2d37a9100a80a496108f693ecebc59e14-dirty,1,editor,200,50,189,20653,326475,200,50,2,2,5148,524,0,2,524
fc1a1cd2d37a9100a80a496108f693ecebc59e14-dirty,1,editor,200,50,190,20755,326793,200,50,2,2,5466,525,0,2,525
fc1a1cd2d37a9100a80a496108f693ecebc59e14-dirty,1,editor,200,50,191,20811,326793,200,50,1,1,3542,362,0,1,362
fc1a1cd2d37a9100a80a496108f693ecebc59e14-dirty,1,editor,200,50,192,20953,327111,200,50,2,2,5784,525,0,2,525
fc1a1cd2d37a9100a80a496108f693ecebc59e14-dirty,1,editor,200,50,193,21016,327270,200,50,2,2,5943,525,0,2,525
fc1a1cd2d37a9100a80a496108f693ecebc59e14-dirty,1,editor,200,50,194,21112,327429,200,50,2,2,6102,525,0,2,525
fc1a1cd2d37a9100a80a496108f693ecebc59e14-dirty,1,editor,200,50,195,21256,327588,200,50,2,2,6261,525,0,2,525
fc1a1cd2d37a9100a80a496108f693ecebc59e14-dirty,1,editor,200,50,196,21351,327588,200,50,1,1,3542,362,0,1,362
fc1a1cd2d37a9100a80a496108f693ecebc59e14-dirty,1,editor,200,50,197,21453,327906,200,50,2,2,6579,525,0,2,525
fc1a1cd2d37a9100a80a496108f693ecebc59e14-dirty,1,editor,200,50,198,21555,328065,200,50,3,2,6738,689,0,3,689
fc1a1cd2d37a9100a80a496108f693ecebc59e14-dirty,1,editor,200,50,199,21611,328224,200,50,2,2,6897,525,0,2,525
fc1a1cd2d37a9100a80a496108f693ecebc59e14-dirty,1,editor,200,50,200,21754,328224,200,50,2,2,6897,525,0,2,525
fc1a1cd2d37a9100a80a496108f693ecebc59e14-dirty,1,editor,200,50,201,21877,325691,200,50,22,1,850,3784,0,22,3784
fc1a1cd2d37a9100a80a496108f693ecebc59e14-dirty,1,editor,200,50,202,21912,326961,200,50,11,1,2120,2001,0,11,2001
fc1a1cd2d37a9100a80a496108f693ecebc59e14-dirty,1,editor,200,50,203,22014,326803,200,50,4,1,1962,854,0,4,854
fc1a1cd2d37a9100a80a496108f693ecebc59e14-dirty,1,editor,200,50,204,22154,326644,200,50,1,1,1803,362,0,1,362
fc1a1cd2d37a9100a80a496108f693ecebc59e14-dirty,1,editor,200,50,205,22255,326803,200,50,1,1,1962,362,0,1,362
fc1a1cd2d37a9100a80a496108f693ecebc59e14-dirty,1,editor,200,50,206,22352,326803,200,50,1,1,1962,362,0,1,362
fc1a1cd2d37a9100a80a496108f693ecebc59e14-dirty,1,editor,200,50,207,22413,326803,200,50,1,1,1962,362,0,1,362
fc1a1cd2d37a9100a80a496108f693ecebc59e14-dirty,1,editor,200,50,208,22510,326803,200,50,1,1,1962,362,0,1,362
fc1a1cd2d37a9100a80a496108f693ecebc59e14-dirty,1,editor,200,50,209,22612,326803,200,50,1,1,1962,362,0,1,362
fc1a1cd2d37a9100a80a496108f693ecebc59e14-dirty,1,editor,200,50,210,22714,324578,200,50,2062,50,324719,335578,1,226,37143
fc1a1cd2d37a9100a80a496108f693ecebc59e14-dirty,1,editor,200,50,211,22811,315674,200,50,1987,50,315815,323354,1,225,36979
fc1a1cd2d37a9100a80a496108f693ecebc59e14-dirty,1,editor,200,50,212,22913,320285,200,50,1931,50,320426,314235,1,229,37631
fc1a1cd2d37a9100a80a496108f693ecebc59e14-dirty,1,editor,200,50,213,23015,313289,200,50,1891,50,313430,307708,1,226,37142
fc1a1cd2d37a9100a80a496108f693ecebc59e14-dirty,1,editor,200,50,214,23111,310427,200,50,1853,50,310568,301510,1,215,35350
fc1a1cd2d37a9100a80a496108f693ecebc59e14-dirty,1,editor,200,50,215,23213,299137,200,50,1792,50,299278,291634,1,208,34208
fc1a1cd2d37a9100a80a496108f693ecebc59e14-dirty,1,editor,200,50,216,23310,290074,200,50,1732,50,290215,281837,1,207,34044
fc1a1cd2d37a9100a80a496108f693ecebc59e14-dirty,1,editor,200,50,217,23452,281805,200,50,1686,50,281946,274315,1,206,33882
fc1a1cd2d37a9100a80a496108f693ecebc59e14-dirty,1,editor,200,50,218,23553,284510,200,50,1704,50,284651,277237,1,270,44308
fc1a1cd2d37a9100a80a496108f693ecebc59e14-dirty,1,editor,200,50,219,23610,281648,200,50,1720,50,281789,279872,1,241,39584
fc1a1cd2d37a9100a80a496108f693ecebc59e14-dirty,1,editor,200,50,220,23753,286580,200,50,1754,50,286721,285452,1,281,46110
fc1a1cd2d37a9100a80a496108f693ecebc59e14-dirty,1,editor,200,50,221,23813,274973,200,50,1757,50,275114,285977,1,213,35020
fc1a1cd2d37a9100a80a496108f693ecebc59e14-dirty,1,editor,200,50,222,23910,264161,200,50,1699,50,264302,276541,1,222,36490
fc1a1cd2d37a9100a80a496108f693ecebc59e14-dirty,1,editor,200,50,223,24012,250804,200,50,1639,50,250945,266769,1,208,34208
fc1a1cd2d37a9100a80a496108f693ecebc59e14-dirty,1,editor,200,50,224,24113,237607,200,50,1564,50,237748,254582,1,207,34044
fc1a1cd2d37a9100a80a496108f693ecebc59e14-dirty,1,editor,200,50,225,24209,224568,200,50,1562,50,224709,254226,1,206,33882
fc1a1cd2d37a9100a80a496108f693ecebc59e14-dirty,1,editor,200,50,226,24310,218369,200,50,1528,50,218510,248750,1,249,40885
fc1a1cd2d37a9100a80a496108f693ecebc59e14-dirty,1,editor,200,50,227,24453,214553,200,50,1490,50,214694,242554,1,236,38769
fc1a1cd2d37a9100a80a496108f693ecebc59e14-dirty,1,editor,200,50,228,24554,209783,200,50,1471,50,209924,239433,1,223,36653
fc1a1cd2d37a9100a80a496108f693ecebc59e14-dirty,1,editor,200,50,229,24609,205649,200,50,1472,50,205790,239547,1,227,37305
fc1a1cd2d37a9100a80a496108f693ecebc59e14-dirty,1,editor,200,50,230,24752,201833,200,50,1475,50,201974,240025,1,229,37631
fc1a1cd2d37a9100a80a496108f693ecebc59e14-dirty,1,editor,200,50,231,24852,197063,200,50,1445,50,197204,235152,1,225,36979
fc1a1cd2d37a9100a80a496108f693ecebc59e14-dirty,1,editor,200,50,232,24908,195789,200,50,8,1,530,1507,0,8,1507
fc1a1cd2d37a9100a80a496108f693ecebc59e14-dirty,1,editor,200,50,233,25050,195948,200,50,1,1,689,359,0,1,359
fc1a1cd2d37a9100a80a496108f693ecebc59e14-dirty,1,editor,200,50,234,25151,196107,200,50,1,1,848,359,0,1,359
fc1a1cd2d37a9100a80a496108f693ecebc59e14-dirty,1,editor,200,50,235,25253,177820,200,50,1591,50,177961,258799,0,1591,258799
fc1a1cd2d37a9100a80a496108f693ecebc59e14-dirty,2,editor,200,50,1,6,178138,200,50,1,1,849,360,0,1,360
fc1a1cd2d37a9100a80a496108f693ecebc59e14-dirty,2,editor,200,50,2,107,178297,200,50,1,1,1008,360,0,1,360
fc1a1cd2d37a9100a80a496108f693ecebc59e14-dirty,2,editor,200,50,3,208,178456,200,50,1,1,1167,360,0,1,360
fc1a1cd2d37a9100a80a496108f693ecebc59e14-dirty,2,editor,200,50,4,305,178456,200,50,0,0,199,199,0,0,199
fc1a1cd2d37a9100a80a496108f693ecebc59e14-dirty,2,editor,200,50,5,406,178774,200,50,1,1,1485,360,0,1,360
fc1a1cd2d37a9100a80a496108f693ecebc59e14-dirty,2,editor,200,50,6,507,178933,200,50,1,1,1644,360,0,1,360
fc1a1cd2d37a9100a80a496108f693ecebc59e14-dirty,2,editor,200,50,7,604,178933,200,50,0,0,199,199,0,0,199
fc1a1cd2d37a9100a80a496108f693ecebc59e14-dirty,2,editor,200,50,8,705,179252,200,50,1,1,1963,361,0,1,361
fc1a1cd2d37a9100a80a496108f693ecebc59e14-dirty,2,editor,200,50,9,848,179411,200,50,1,1,2122,362,0,1,362
fc1a1cd2d37a9100a80a496108f693ecebc59e14-dirty,2,editor,200,50,10,908,179411,200,50,0,0,200,200,0,0,200
fc1a1cd2d37a9100a80a496108f693ecebc59e14-dirty,2,editor,200,50,11,1004,179729,200,50,1,1,2440,362,0,1,362
fc1a1cd2d37a9100a80a496108f693ecebc59e14-dirty,2,editor,200,50,12,1147,179888,200,50,1,1,2599,362,0,1,362
fc1a1cd2d37a9100a80a496108f693ecebc59e14-dirty,2,editor,200,50,13,1248,180047,200,50,1,1,2758,362,0,1,362
fc1a1cd2d37a9100a80a496108f693ecebc59e14-dirty,2,editor,200,50,14,1345,180206,200,50,1,1,2917,362,0,1,362
fc1a1cd2d37a9100a80a496108f693ecebc59e14-dirty,2,editor,200,50,15,1406,180206,200,50,0,0,200,200,0,0,200
fc1a1cd2d37a9100a80a496108f693ecebc59e14-dirty,2,editor,200,50,16,1550,180524,200,50,1,1,3235,362,0,1,362
fc1a1cd2d37a9100a80a496108f693ecebc59e14-dirty,2,editor,200,50,17,1649,180683,200,50,1,1,3394,362,0,1,362
fc1a1cd2d37a9100a80a496108f693ecebc59e14-dirty,2,editor,200,50,18,1746,180842,200,50,1,1,3553,362,0,1,362
fc1a1cd2d37a9100a80a496108f693ecebc59e14-dirty,2,editor,200,50,19,1806,181001,200,50,1,1,3712,362,0,1,362
fc1a1cd2d37a9100a80a496108f693ecebc59e14-dirty,2,editor,200,50,20,1908,181160,200,50,1,1,3871,362,0,1,362
fc1a1cd2d37a9100a80a496108f693ecebc59e14-dirty,2,editor,200,50,21,2045,181319,200,50,1,1,4030,362,0,1,362
fc1a1cd2d37a9100a80a496108f693ecebc59e14-dirty,2,editor,200,50,22,2146,181478,200,50,1,1,4189,362,0,1,362
fc1a1cd2d37a9100a80a496108f693ecebc59e14-dirty,2,editor,200,50,23,2247,181637,200,50,1,1,4348,362,0,1,362
fc1a1cd2d37a9100a80a496108f693ecebc59e14-dirty,2,editor,200,50,24,2350,181796,200,50,1,1,4507,362,0,1,362
fc1a1cd2d37a9100a80a496108f693ecebc59e14-dirty,2,editor,200,50,25,2405,181955,200,50,1,1,4666,362,0,1,362
fc1a1cd2d37a9100a80a496108f693ecebc59e14-dirty,2,editor,200,50,26,2503,10707,200,50,914,50,10848,148648,0,914,148648
fc1a1cd2d37a9100a80a496108f693ecebc59e14-dirty,2,editor,200,50,27,2514,326167,200,50,1855,47,325784,301960,0,1855,301960
fc1a1cd2d37a9100a80a496108f693ecebc59e14-dirty,2,editor,200,50,28,2520,326167,200,50,0,0,197,197,0,0,197
fc1a1cd2d37a9100a80a496108f693ecebc59e14-dirty,2,editor,200,50,29,4609,326167,200,50,1,1,5779,360,0,1,360
fc1a1cd2d37a9100a80a496108f693ecebc59e14-dirty,2,editor,200,50,30,4706,326484,200,50,4,1,6096,852,0,4,852
fc1a1cd2d37a9100a80a496108f693ecebc59e14-dirty,2,editor,200,50,31,4808,326167,200,50,4,1,5779,852,0,4,852
fc1a1cd2d37a9100a80a496108f693ecebc59e14-dirty,2,editor,200,50,32,4951,326167,200,50,1,1,5779,360,0,1,360
fc1a1cd2d37a9100a80a496108f693ecebc59e14-dirty,2,editor,200,50,33,5047,326167,200,50,1,1,5779,360,0,1,360
fc1a1cd2d37a9100a80a496108f693ecebc59e14-dirty,2,editor,200,50,34,5149,326167,200,50,1,1,5779,360,0,1,360
fc1a1cd2d37a9100a80a496108f693ecebc59e14-dirty,2,editor,200,50,35,5211,326167,200,50,1,1,5779,360,0,1,360
fc1a1cd2d37a9100a80a496108f693ecebc59e14-dirty,2,editor,200,50,36,5308,326167,200,50,1,1,5779,360,0,1,360
fc1a1cd2d37a9100a80a496108f693ecebc59e14-dirty,2,editor,200,50,37,5450,326326,200,50,4,1,5938,852,0,4,852
fc1a1cd2d37a9100a80a496108f693ecebc59e14-dirty,2,editor,200,50,38,5548,326168,200,50,1,1,5780,361,0,1,361
fc1a1cd2d37a9100a80a496108f693ecebc59e14-dirty,2,editor,200,50,39,5650,326327,200,50,1,1,5939,361,0,1,361
fc1a1cd2d37a9100a80a496108f693ecebc59e14-dirty,2,editor,200,50,40,5751,326327,200,50,1,1,5939,361,0,1,361
fc1a1cd2d37a9100a80a496108f693ecebc59e14-dirty,2,editor,200,50,41,5848,326327,200,50,1,1,5939,361,0,1,361
fc1a1cd2d37a9100a80a496108f693ecebc59e14-dirty,2,editor,200,50,42,5909,326327,200,50,1,1,5939,361,0,1,361
fc1a1cd2d37a9100a80a496108f693ecebc59e14-dirty,2,editor,200,50,43,6052,326327,200,50,1,1,5939,361,0,1,361
fc1a1cd2d37a9100a80a496108f693ecebc59e14-dirty,2,editor,200,50,44,6150,326327,200,50,1,1,5939,361,0,1,361
fc1a1cd2d37a9100a80a496108f693ecebc59e14-dirty,2,editor,200,50,45,6210,326327,200,50,1,1,5939,361,0,1,361
fc1a1cd2d37a9100a80a496108f693ecebc59e14-dirty,2,editor,200,50,46,6347,326327,200,50,1,1,5939,361,0,1,361
fc1a1cd2d37a9100a80a496108f693ecebc59e14-dirty,2,editor,200,50,47,6410,326327,200,50,2,1,5939,525,0,2,525
fc1a1cd2d37a9100a80a496108f693ecebc59e14-dirty,2,editor,200,50,48,6548,326327,200,50,1,1,5939,361,0,1,361
fc1a1cd2d37a9100a80a496108f693ecebc59e14-dirty,2,editor,200,50,49,6609,326168,200,50,1,1,5780,361,0,1,361
fc1a1cd2d37a9100a80a496108f693ecebc59e14-dirty,2,editor,200,50,50,6710,326327,200,50,1,1,5939,361,0,1,361
fc1a1cd2d37a9100a80a496108f693ecebc59e14-dirty,2,editor,200,50,51,6848,326327,200,50,1,1,5939,361,0,1,361
fc1a1cd2d37a9100a80a496108f693ecebc59e14-dirty,2,editor,200,50,52,6951,326327,200,50,1,1,5939,361,0,1,361
fc1a1cd2d37a9100a80a496108f693ecebc59e14-dirty,2,editor,200,50,53,7054,326327,200,50,1,1,5939,361,0,1,361
fc1a1cd2d37a9100a80a496108f693ecebc59e14-dirty,2,editor,200,50,54,7109,326644,200,50,4,1,6256,853,0,4,853
fc1a1cd2d37a9100a80a496108f693ecebc59e14-dirty,2,editor,200,50,55,7252,326327,200,50,4,1,5939,853,0,4,853
fc1a1cd2d37a9100a80a496108f693ecebc59e14-dirty,2,editor,200,50,56,7350,326327,200,50,1,1,5939,361,0,1,361
fc1a1cd2d37a9100a80a496108f693ecebc59e14-dirty,2,editor,200,50,57,7410,326327,200,50,2,1,5939,525,0,2,525
fc1a1cd2d37a9100a80a496108f693ecebc59e14-dirty,2,editor,200,50,58,7549,326327,200,50,1,1,5939,361,0,1,361
fc1a1cd2d37a9100a80a496108f693ecebc59e14-dirty,2,editor,200,50,59,7607,175917,200,50,2240,49,175565,364596,0,2240,364596
fc1a1cd2d37a9100a80a496108f693ecebc59e14-dirty,2,editor,200,50,60,7708,176235,200,50,4,1,6574,853,0,4,853
fc1a1cd2d37a9100a80a496108f693ecebc59e14-dirty,2,editor,200,50,61,7805,175917,200,50,4,1,6256,853,0,4,853
fc1a1cd2d37a9100a80a496108f693ecebc59e14-dirty,2,editor,200,50,62,7906,176235,200,50,4,1,6574,853,0,4,853
fc1a1cd2d37a9100a80a496108f693ecebc59e14-dirty,2,editor,200,50,63,8049,175917,200,50,4,1,6256,853,0,4,853
fc1a1cd2d37a9100a80a496108f693ecebc59e14-dirty,2,editor,200,50,64,8104,175917,200,50,1,1,6256,361,0,1,361
fc1a1cd2d37a9100a80a496108f693ecebc59e14-dirty,2,editor,200,50,65,8206,176235,200,50,4,1,6574,853,0,4,853
fc1a1cd2d37a9100a80a496108f693ecebc59e14-dirty,2,editor,200,50,66,8308,175758,200,50,5,1,6097,1017,0,5,1017
fc1a1cd2d37a9100a80a496108f693ecebc59e14-dirty,2,editor,200,50,67,8409,175758,200,50,1,1,6097,361,0,1,361
fc1a1cd2d37a9100a80a496108f693ecebc59e14-dirty,2,editor,200,50,68,8546,175758,200,50,1,1,6097,361,0,1,361
fc1a1cd2d37a9100a80a496108f693ecebc59e14-dirty,2,editor,200,50,69,8648,175599,200,50,1,1,5938,361,0,1,361
fc1a1cd2d37a9100a80a496108f693ecebc59e14-dirty,2,editor,200,50,70,8708,175917,200,50,1,1,6256,361,0,1,361
fc1a1cd2d37a9100a80a496108f693ecebc59e14-dirty,2,editor,200,50,71,8848,326167,200,50,2241,49,325815,364754,0,2241,364754
fc1a1cd2d37a9100a80a496108f693ecebc59e14-dirty,2,editor,200,50,72,8909,326485,200,50,1,1,6097,360,0,1,360
fc1a1cd2d37a9100a80a496108f693ecebc59e14-dirty,2,editor,200,50,73,9052,326644,200,50,1,1,6256,360,0,1,360
fc1a1cd2d37a9100a80a496108f693ecebc59e14-dirty,2,editor,200,50,74,9108,326327,200,50,6,1,5939,1181,0,6,1181
fc1a1cd2d37a9100a80a496108f693ecebc59e14-dirty,2,editor,200,50,75,9250,316298,200,50,1020,29,114501,166327,0,1020,166327
fc1a1cd2d37a9100a80a496108f693ecebc59e14-dirty,2,editor,200,50,76,9349,316457,200,50,2,2,3558,523,0,2,523
fc1a1cd2d37a9100a80a496108f693ecebc59e14-dirty,2,editor,200,50,77,9451,316457,200,50,1,1,3224,361,0,1,361
fc1a1cd2d37a9100a80a496108f693ecebc59e14-dirty,2,editor,200,50,78,9552,316775,200,50,2,2,3876,523,0,2,523
fc1a1cd2d37a9100a80a496108f693ecebc59e14-dirty,2,editor,200,50,79,9608,316934,200,50,2,2,4035,523,0,2,523
fc1a1cd2d37a9100a80a496108f693ecebc59e14-dirty,2,editor,200,50,80,9710,317093,200,50,2,2,4194,523,0,2,523
fc1a1cd2d37a9100a80a496108f693ecebc59e14-dirty,2,editor,200,50,81,9807,317093,200,50,1,1,3224,361,0,1,361
fc1a1cd2d37a9100a80a496108f693ecebc59e14-dirty,2,editor,200,50,82,9950,317411,200,50,2,2,4512,523,0,2,523
fc1a1cd2d37a9100a80a496108f693ecebc59e14-dirty,2,editor,200,50,83,10011,317570,200,50,2,2,4671,523,0,2,523
fc1a1cd2d37a9100a80a496108f693ecebc59e14-dirty,2,editor,200,50,84,10150,317887,200,50,3,2,4988,687,0,3,687
fc1a1cd2d37a9100a80a496108f693ecebc59e14-dirty,2,editor,200,50,85,10251,317888,200,50,2,2,4989,524,0,2,524
fc1a1cd2d37a9100a80a496108f693ecebc59e14-dirty,2,editor,200,50,86,10352,318047,200,50,1,1,3383,362,0,1,362
fc1a1cd2d37a9100a80a496108f693ecebc59e14-dirty,2,editor,200,50,87,10450,318365,200,50,2,2,5466,525,0,2,525
fc1a1cd2d37a9100a80a496108f693ecebc59e14-dirty,2,editor,200,50,88,10510,318524,200,50,2,2,5625,525,0,2,525
fc1a1cd2d37a9100a80a496108f693ecebc59e14-dirty,2,editor,200,50,89,10607,318683,200,50,2,2,5784,525,0,2,525
fc1a1cd2d37a9100a80a496108f693ecebc59e14-dirty,2,editor,200,50,90,10750,318842,200,50,2,2,5943,525,0,2,525
fc1a1cd2d37a9100a80a496108f693ecebc59e14-dirty,2,editor,200,50,91,10811,319001,200,50,2,2,6102,525,0,2,525
fc1a1cd2d37a9100a80a496108f693ecebc59e14-dirty,2,editor,200,50,92,10908,319001,200,50,1,1,3383,362,0,1,362
fc1a1cd2d37a9100a80a496108f693ecebc59e14-dirty,2,editor,200,50,93,11051,319319,200,50,2,2,6420,525,0,2,525
fc1a1cd2d37a9100a80a496108f693ecebc59e14-dirty,2,editor,200,50,94,11154,319478,200,50,3,2,6579,689,0,3,689
fc1a1cd2d37a9100a80a496108f693ecebc59e14-dirty,2,editor,200,50,95,11209,319637,200,50,2,2,6738,525,0,2,525
fc1a1cd2d37a9100a80a496108f693ecebc59e14-dirty,2,editor,200,50,96,11352,319637,200,50,2,2,6738,525,0,2,525
fc1a1cd2d37a9100a80a496108f693ecebc59e14-dirty,2,editor,200,50,97,11408,319796,200,50,1,1,3383,362,0,1,362
fc1a1cd2d37a9100a80a496108f693ecebc59e14-dirty,2,editor,200,50,98,11552,320114,200,50,2,2,7215,525,0,2,525
fc1a1cd2d37a9100a80a496108f693ecebc59e14-dirty,2,editor,200,50,99,11655,320273,200,50,2,2,7374,525,0,2,525
fc1a1cd2d37a9100a80a496108f693ecebc59e14-dirty,2,editor,200,50,100,11749,320432,200,50,2,2,7533,525,0,2,525
fc1a1cd2d37a9100a80a496108f693ecebc59e14-dirty,2,editor,200,50,101,11852,320432,200,50,1,1,3383,362,0,1,362
fc1a1cd2d37a9100a80a496108f693ecebc59e14-dirty,2,editor,200,50,102,11949,320750,200,50,2,2,7851,525,0,2,525
fc1a1cd2d37a9100a80a496108f693ecebc59e14-dirty,2,editor,200,50,103,12052,320909,200,50,2,2,8010,525,0,2,525
fc1a1cd2d37a9100a80a496108f693ecebc59e14-dirty,2,editor,200,50,104,12112,321068,200,50,3,2,8169,689,0,3,689
fc1a1cd2d37a9100a80a496108f693ecebc59e14-dirty,2,editor,200,50,105,12209,321227,200,50,2,2,8328,525,0,2,525
fc1a1cd2d37a9100a80a496108f693ecebc59e14-dirty,2,editor,200,50,106,12351,321386,200,50,2,2,8487,525,0,2,525
fc1a1cd2d37a9100a80a496108f693ecebc59e14-dirty,2,editor,200,50,107,12412,321386,200,50,2,2,8487,525,0,2,525
fc1a1cd2d37a9100a80a496108f693ecebc59e14-dirty,2,editor,200,50,108,12509,321545,200,50,1,1,3383,362,0,1,362
fc1a1cd2d37a9100a80a496108f693ecebc59e14-dirty,2,editor,200,50,109,12652,321863,200,50,2,2,8964,525,0,2,525
fc1a1cd2d37a9100a80a496108f693ecebc59e14-dirty,2,editor,200,50,110,12708,322022,200,50,2,2,9123,525,0,2,525
fc1a1cd2d37a9100a80a496108f693ecebc59e14-dirty,2,editor,200,50,111,12809,322022,200,50,1,1,3383,362,0,1,362
fc1a1cd2d37a9100a80a496108f693ecebc59e14-dirty,2,editor,200,50,112,12953,322340,200,50,2,2,9441,525,0,2,525
fc1a1cd2d37a9100a80a496108f693ecebc59e14-dirty,2,editor,200,50,113,13050,322499,200,50,2,2,9600,525,0,2,525
fc1a1cd2d37a9100a80a496108f693ecebc59e14-dirty,2,editor,200,50,114,13110,322658,200,50,3,2,9759,689,0,3,689
fc1a1cd2d37a9100a80a496108f693ecebc59e14-dirty,2,editor,200,50,115,13249,322658,200,50,1,1,3383,362,0,1,362
fc1a1cd2d37a9100a80a496108f693ecebc59e14-dirty,2,editor,200,50,116,13350,322976,200,50,2,2,10077,525,0,2,525
fc1a1cd2d37a9100a80a496108f693ecebc59e14-dirty,2,editor,200,50,117,13452,323135,200,50,2,2,10236,525,0,2,525
fc1a1cd2d37a9100a80a496108f693ecebc59e14-dirty,2,editor,200,50,118,13508,323135,200,50,2,2,10236,525,0,2,525
fc1a1cd2d37a9100a80a496108f693ecebc59e14-dirty,2,editor,200,50,119,13651,323453,200,50,2,2,10554,525,0,2,525
fc1a1cd2d37a9100a80a496108f693ecebc59e14-dirty,2,editor,200,50,120,13713,323612,200,50,2,2,10713,525,0,2,525
fc1a1cd2d37a9100a80a496108f693ecebc59e14-dirty,2,editor,200,50,121,13810,323771,200,50,2,2,10872,525,0,2,525
fc1a1cd2d37a9100a80a496108f693ecebc59e14-dirty,2,editor,200,50,122,13936,321238,200,50,22,1,850,3784,0,22,3784
fc1a1cd2d37a9100a80a496108f693ecebc59e14-dirty,2,editor,200,50,123,14049,323771,200,50,22,1,3383,3772,0,22,3772
fc1a1cd2d37a9100a80a496108f693ecebc59e14-dirty,2,editor,200,50,124,14109,323930,200,50,3,2,11031,688,0,3,688
fc1a1cd2d37a9100a80a496108f693ecebc59e14-dirty,2,editor,200,50,125,14252,324089,200,50,3,2,11190,688,0,3,688
fc1a1cd2d37a9100a80a496108f693ecebc59e14-dirty,2,editor,200,50,126,14349,324248,200,50,3,2,11349,688,0,3,688
fc1a1cd2d37a9100a80a496108f693ecebc59e14-dirty,2,editor,200,50,127,14452,324407,200,50,4,2,11508,852,0,4,852
fc1a1cd2d37a9100a80a496108f693ecebc59e14-dirty,2,editor,200,50,128,14549,324566,200,50,3,2,11667,688,0,3,688
fc1a1cd2d37a9100a80a496108f693ecebc59e14-dirty,2,editor,200,50,129,14650,324725,200,50,3,2,11826,688,0,3,688
fc1a1cd2d37a9100a80a496108f693ecebc59e14-dirty,2,editor,200,50,130,14753,324884,200,50,3,2,11985,688,0,3,688
fc1a1cd2d37a9100a80a496108f693ecebc59e14-dirty,2,editor,200,50,131,14850,325043,200,50,3,2,12144,688,0,3,688
fc1a1cd2d37a9100a80a496108f693ecebc59e14-dirty,2,editor,200,50,132,14910,325043,200,50,3,2,12144,688,0,3,688
fc1a1cd2d37a9100a80a496108f693ecebc59e14-dirty,2,editor,200,50,133,15012,325361,200,50,3,2,12462,688,0,3,688
fc1a1cd2d37a9100a80a496108f693ecebc59e14-dirty,2,editor,200,50,134,15150,325520,200,50,3,2,12621,688,0,3,688
fc1a1cd2d37a9100a80a496108f693ecebc59e14-dirty,2,editor,200,50,135,15211,325679,200,50,3,2,12780,688,0,3,688
fc1a1cd2d37a9100a80a496108f693ecebc59e14-dirty,2,editor,200,50,136,15349,325838,200,50,3,2,12939,688,0,3,688
fc1a1cd2d37a9100a80a496108f693ecebc59e14-dirty,2,editor,200,50,137,15411,325997,200,50,4,2,13098,852,0,4,852
fc1a1cd2d37a9100a80a496108f693ecebc59e14-dirty,2,editor,200,50,138,15507,326156,200,50,3,2,13257,688,0,3,688
fc1a1cd2d37a9100a80a496108f693ecebc59e14-dirty,2,editor,200,50,139,15650,326315,200,50,3,2,13416,688,0,3,688
fc1a1cd2d37a9100a80a496108f693ecebc59e14-dirty,2,editor,200,50,140,15711,326474,200,50,3,2,13575,688,0,3,688
fc1a1cd2d37a9100a80a496108f693ecebc59e14-dirty,2,editor,200,50,141,15850,326633,200,50,3,2,13734,688,0,3,688
fc1a1cd2d37a9100a80a496108f693ecebc59e14-dirty,2,editor,200,50,142,15910,326792,200,50,3,2,13893,688,0,3,688
fc1a1cd2d37a9100a80a496108f693ecebc59e14-dirty,2,editor,200,50,143,16012,326792,200,50,3,2,13893,688,0,3,688
fc1a1cd2d37a9100a80a496108f693ecebc59e14-dirty,2,editor,200,50,144,16109,327110,200,50,3,2,14211,688,0,3,688
fc1a1cd2d37a9100a80a496108f693ecebc59e14-dirty,2,editor,200,50,145,16211,327269,200,50,3,2,14370,688,0,3,688
fc1a1cd2d37a9100a80a496108f693ecebc59e14-dirty,2,editor,200,50,146,16351,327428,200,50,3,2,14529,688,0,3,688
fc1a1cd2d37a9100a80a496108f693ecebc59e14-dirty,2,editor,200,50,147,16450,327587,200,50,4,2,14688,852,0,4,852
fc1a1cd2d37a9100a80a496108f693ecebc59e14-dirty,2,editor,200,50,148,16512,327746,200,50,3,2,14847,688,0,3,688
fc1a1cd2d37a9100a80a496108f693ecebc59e14-dirty,2,editor,200,50,149,16650,327905,200,50,3,2,15006,688,0,3,688
fc1a1cd2d37a9100a80a496108f693ecebc59e14-dirty,2,editor,200,50,150,16752,328064,200,50,3,2,15165,688,0,3,688
fc1a1cd2d37a9100a80a496108f693ecebc59e14-dirty,2,editor,200,50,151,16874,325531,200,50,22,1,850,3784,0,22,3784
fc1a1cd2d37a9100a80a496108f693ecebc59e14-dirty,2,editor,200,50,152,16951,327438,200,50,61,2,14539,10143,0,61,10143
fc1a1cd2d37a9100a80a496108f693ecebc59e14-dirty,2,editor,200,50,153,17011,327756,200,50,1035,29,125959,168783,0,1035,168783
fc1a1cd2d37a9100a80a496108f693ecebc59e14-dirty,2,editor,200,50,154,17108,327597,200,50,1,1,7209,361,0,1,361
fc1a1cd2d37a9100a80a496108f693ecebc59e14-dirty,2,editor,200,50,155,17251,327756,200,50,1,1,7368,361,0,1,361
fc1a1cd2d37a9100a80a496108f693ecebc59e14-dirty,2,editor,200,50,156,17353,327756,200,50,1,1,7368,361,0,1,361
fc1a1cd2d37a9100a80a496108f693ecebc59e14-dirty,2,editor,200,50,157,17450,327756,200,50,1,1,7368,361,0,1,361
fc1a1cd2d37a9100a80a496108f693ecebc59e14-dirty,2,editor,200,50,158,17511,327756,200,50,1,1,7368,361,0,1,361
fc1a1cd2d37a9100a80a496108f693ecebc59e14-dirty,2,editor,200,50,159,17608,328073,200,50,4,1,7685,853,0,4,853
fc1a1cd2d37a9100a80a496108f693ecebc59e14-dirty,2,editor,200,50,160,17752,327756,200,50,4,1,7368,853,0,4,853
fc1a1cd2d37a9100a80a496108f693ecebc59e14-dirty,2,editor,200,50,161,17812,327756,200,50,1,1,7368,361,0,1,361
fc1a1cd2d37a9100a80a496108f693ecebc59e14-dirty,2,editor,200,50,162,17909,327756,200,50,2,1,7368,525,0,2,525
fc1a1cd2d37a9100a80a496108f693ecebc59e14-dirty,2,editor,200,50,163,18011,327756,200,50,1,1,7368,361,0,1,361
fc1a1cd2d37a9100a80a496108f693ecebc59e14-dirty,2,editor,200,50,164,18153,327756,200,50,1,1,7368,361,0,1,361
fc1a1cd2d37a9100a80a496108f693ecebc59e14-dirty,2,editor,200,50,165,18210,327597,200,50,1,1,7209,361,0,1,361
fc1a1cd2d37a9100a80a496108f693ecebc59e14-dirty,2,editor,200,50,166,18353,327756,200,50,1,1,7368,361,0,1,361
fc1a1cd2d37a9100a80a496108f693ecebc59e14-dirty,2,editor,200,50,167,18409,327756,200,50,1,1,7368,361,0,1,361
fc1a1cd2d37a9100a80a496108f693ecebc59e14-dirty,2,editor,200,50,168,18551,327756,200,50,1,1,7368,361,0,1,361
fc1a1cd2d37a9100a80a496108f693ecebc59e14-dirty,2,editor,200,50,169,18653,327756,200,50,1,1,7368,361,0,1,361
fc1a1cd2d37a9100a80a496108f693ecebc59e14-dirty,2,editor,200,50,170,18709,327756,200,50,1,1,7368,361,0,1,361
fc1a1cd2d37a9100a80a496108f693ecebc59e14-dirty,2,editor,200,50,171,18811,327756,200,50,1,1,7368,361,0,1,361
fc1a1cd2d37a9100a80a496108f693ecebc59e14-dirty,2,editor,200,50,172,18949,327756,200,50,2,1,7368,525,0,2,525
fc1a1cd2d37a9100a80a496108f693ecebc59e14-dirty,2,editor,200,50,173,19010,327756,200,50,1,1,7368,361,0,1,361
fc1a1cd2d37a9100a80a496108f693ecebc59e14-dirty,2,editor,200,50,174,19154,328074,200,50,1,1,7686,361,0,1,361
fc1a1cd2d37a9100a80a496108f693ecebc59e14-dirty,2,editor,200,50,175,19209,329187,200,50,325,10,47898,53123,0,325,53123
fc1a1cd2d37a9100a80a496108f693ecebc59e14-dirty,2,editor,200,50,176,19353,329505,200,50,1,1,2121,361,0,1,361
fc1a1cd2d37a9100a80a496108f693ecebc59e14-dirty,2,editor,200,50,177,19450,328710,200,50,302,10,47421,49385,0,302,49385
fc1a1cd2d37a9100a80a496108f693ecebc59e14-dirty,2,editor,200,50,178,19552,329028,200,50,1,1,2121,361,0,1,361
fc1a1cd2d37a9100a80a496108f693ecebc59e14-dirty,2,editor,200,50,179,19653,323464,200,50,273,10,42175,44666,0,273,44666
fc1a1cd2d37a9100a80a496108f693ecebc59e14-dirty,2,editor,200,50,180,19749,325044,200,50,13,1,3383,2295,0,13,2295
fc1a1cd2d37a9100a80a496108f693ecebc59e14-dirty,2,editor,200,50,181,19810,325203,200,50,2,2,3876,523,0,2,523
fc1a1cd2d37a9100a80a496108f693ecebc59e14-dirty,2,editor,200,50,182,19953,325362,200,50,2,2,4035,523,0,2,523
fc1a1cd2d37a9100a80a496108f693ecebc59e14-dirty,2,editor,200,50,183,20009,325521,200,50,2,2,4194,523,0,2,523
fc1a1cd2d37a9100a80a496108f693ecebc59e14-dirty,2,editor,200,50,184,20111,325521,200,50,1,1,3383,361,0,1,361
fc1a1cd2d37a9100a80a496108f693ecebc59e14-dirty,2,editor,200,50,185,20208,325839,200,50,2,2,4512,523,0,2,523
fc1a1cd2d37a9100a80a496108f693ecebc59e14-dirty,2,editor,200,50,186,20352,325998,200,50,2,2,4671,523,0,2,523
fc1a1cd2d37a9100a80a496108f693ecebc59e14-dirty,2,editor,200,50,187,20412,326157,200,50,2,2,4830,523,0,2,523
fc1a1cd2d37a9100a80a496108f693ecebc59e14-dirty,2,editor,200,50,188,20551,326315,200,50,2,1,3541,525,0,2,525
fc1a1cd2d37a9100a80a496108f693ecebc59e14-dirty,2,editor,200,50,189,20611,326475,200,50,2,2,5148,524,0,2,524
fc1a1cd2d37a9100a80a496108f693ecebc59e14-dirty,2,editor,200,50,190,20754,326793,200,50,2,2,5466,525,0,2,525
fc1a1cd2d37a9100a80a496108f693ecebc59e14-dirty,2,editor,200,50,191,20850,326793,200,50,1,1,3542,362,0,1,362
fc1a1cd2d37a9100a80a496108f693ecebc59e14-dirty,2,editor,200,50,192,20952,327111,200,50,2,2,5784,525,0,2,525
fc1a1cd2d37a9100a80a496108f693ecebc59e14-dirty,2,editor,200,50,193,21008,327270,200,50,2,2,5943,525,0,2,525
fc1a1cd2d37a9100a80a496108f693ecebc59e14-dirty,2,editor,200,50,194,21152,327429,200,50,2,2,6102,525,0,2,525
fc1a1cd2d37a9100a80a496108f693ecebc59e14-dirty,2,editor,200,50,195,21253,327588,200,50,2,2,6261,525,0,2,525
fc1a1cd2d37a9100a80a496108f693ecebc59e14-dirty,2,editor,200,50,196,21351,327588,200,50,1,1,3542,362,0,1,362
fc1a1cd2d37a9100a80a496108f693ecebc59e14-dirty,2,editor,200,50,197,21453,327906,200,50,2,2,6579,525,0,2,525
fc1a1cd2d37a9100a80a496108f693ecebc59e14-dirty,2,editor,200,50,198,21554,328065,200,50,3,2,6738,689,0,3,689
fc1a1cd2d37a9100a80a496108f693ecebc59e14-dirty,2,editor,200,50,199,21610,328224,200,50,2,2,6897,525,0,2,525
fc1a1cd2d37a9100a80a496108f693ecebc59e14-dirty,2,editor,200,50,200,21712,328224,200,50,2,2,6897,525,0,2,525
fc1a1cd2d37a9100a80a496108f693ecebc59e14-dirty,2,editor,200,50,201,21876,325691,200,50,22,1,850,3784,0,22,3784
fc1a1cd2d37a9100a80a496108f693ecebc59e14-dirty,2,editor,200,50,202,21953,326961,200,50,11,1,2120,2001,0,11,2001
fc1a1cd2d37a9100a80a496108f693ecebc59e14-dirty,2,editor,200,50,203,22055,326803,200,50,4,1,1962,854,0,4,854
fc1a1cd2d37a9100a80a496108f693ecebc59e14-dirty,2,editor,200,50,204,22152,326644,200,50,1,1,1803,362,0,1,362
fc1a1cd2d37a9100a80a496108f693ecebc59e14-dirty,2,editor,200,50,205,22212,326803,200,50,1,1,1962,362,0,1,362
fc1a1cd2d37a9100a80a496108f693ecebc59e14-dirty,2,editor,200,50,206,22309,326803,200,50,1,1,1962,362,0,1,362
fc1a1cd2d37a9100a80a496108f693ecebc59e14-dirty,2,editor,200,50,207,22411,326803,200,50,1,1,1962,362,0,1,362
fc1a1cd2d37a9100a80a496108f693ecebc59e14-dirty,2,editor,200,50,208,22554,326803,200,50,1,1,1962,362,0,1,362
fc1a1cd2d37a9100a80a496108f693ecebc59e14-dirty,2,editor,200,50,209,22610,326803,200,50,1,1,1962,362,0,1,362
fc1a1cd2d37a9100a80a496108f693ecebc59e14-dirty,2,editor,200,50,210,22711,324578,200,50,2062,50,324719,335578,1,226,37143
fc1a1cd2d37a9100a80a496108f693ecebc59e14-dirty,2,editor,200,50,211,22850,315674,200,50,1987,50,315815,323354,1,225,36979
fc1a1cd2d37a9100a80a496108f693ecebc59e14-dirty,2,editor,200,50,212,22952,320285,200,50,1931,50,320426,314235,1,229,37631
fc1a1cd2d37a9100a80a496108f693ecebc59e14-dirty,2,editor,200,50,213,23012,313289,200,50,1891,50,313430,307708,1,226,37142
fc1a1cd2d37a9100a80a496108f693ecebc59e14-dirty,2,editor,200,50,214,23109,310427,200,50,1853,50,310568,301510,1,215,35350
fc1a1cd2d37a9100a80a496108f693ecebc59e14-dirty,2,editor,200,50,215,23210,299137,200,50,1792,50,299278,291634,1,208,34208
fc1a1cd2d37a9100a80a496108f693ecebc59e14-dirty,2,editor,200,50,216,23312,290074,200,50,1732,50,290215,281837,1,207,34044
fc1a1cd2d37a9100a80a496108f693ecebc59e14-dirty,2,editor,200,50,217,23450,281805,200,50,1686,50,281946,274315,1,206,33882
fc1a1cd2d37a9100a80a496108f693ecebc59e14-dirty,2,editor,200,50,218,23551,284510,200,50,1704,50,284651,277237,1,270,44308
fc1a1cd2d37a9100a80a496108f693ecebc59e14-dirty,2,editor,200,50,219,23612,281648,200,50,1720,50,281789,279872,1,241,39584
fc1a1cd2d37a9100a80a496108f693ecebc59e14-dirty,2,editor,200,50,220,23750,286580,200,50,1754,50,286721,285452,1,281,46110
fc1a1cd2d37a9100a80a496108f693ecebc59e14-dirty,2,editor,200,50,221,23851,274973,200,50,1757,50,275114,285977,1,213,35020
fc1a1cd2d37a9100a80a496108f693ecebc59e14-dirty,2,editor,200,50,222,23954,264161,200,50,1699,50,264302,276541,1,222,36490
fc1a1cd2d37a9100a80a496108f693ecebc59e14-dirty,2,editor,200,50,223,24008,250804,200,50,1639,50,250945,266769,1,208,34208
fc1a1cd2d37a9100a80a496108f693ecebc59e14-dirty,2,editor,200,50,224,24110,237607,200,50,1564,50,237748,254582,1,207,34044
fc1a1cd2d37a9100a80a496108f693ecebc59e14-dirty,2,editor,200,50,225,24211,224568,200,50,1562,50,224709,254226,1,206,33882
fc1a1cd2d37a9100a80a496108f693ecebc59e14-dirty,2,editor,200,50,226,24309,218369,200,50,1528,50,218510,248750,1,249,40885
fc1a1cd2d37a9100a80a496108f693ecebc59e14-dirty,2,editor,200,50,227,24410,214553,200,50,1490,50,214694,242554,1,236,38769
fc1a1cd2d37a9100a80a496108f693ecebc59e14-dirty,2,editor,200,50,228,24548,209783,200,50,1471,50,209924,239433,1,223,36653
fc1a1cd2d37a9100a80a496108f693ecebc59e14-dirty,2,editor,200,50,229,24649,205649,200,50,1472,50,205790,239547,1,227,37305
fc1a1cd2d37a9100a80a496108f693ecebc59e14-dirty,2,editor,200,50,230,24750,201833,200,50,1475,50,201974,240025,1,229,37631
fc1a1cd2d37a9100a80a496108f693ecebc59e14-dirty,2,editor,200,50,231,24810,197063,200,50,1445,50,197204,235152,1,225,36979
fc1a1cd2d37a9100a80a496108f693ecebc59e14-dirty,2,editor,200,50,232,24907,195789,200,50,8,1,530,1507,0,8,1507
fc1a1cd2d37a9100a80a496108f693ecebc59e14-dirty,2,editor,200,50,233,25008,195948,200,50,1,1,689,359,0,1,359
fc1a1cd2d37a9100a80a496108f693ecebc59e14-dirty,2,editor,200,50,234,25110,196107,200,50,1,1,848,359,0,1,359
fc1a1cd2d37a9100a80a496108f693ecebc59e14-dirty,2,editor,200,50,235,25212,196107,200,50,0,0,198,198,0,0,198
fc1a1cd2d37a9100a80a496108f693ecebc59e14-dirty,2,editor,200,50,236,25216,181159,200,50,1629,50,181300,264986,0,1629,264986
fc1a1cd2d37a9100a80a496108f693ecebc59e14-dirty,3,editor,200,50,1,7,181477,200,50,1,1,849,360,0,1,360
fc1a1cd2d37a9100a80a496108f693ecebc59e14-dirty,3,editor,200,50,2,149,181636,200,50,1,1,1008,360,0,1,360
fc1a1cd2d37a9100a80a496108f693ecebc59e14-dirty,3,editor,200,50,3,245,181795,200,50,1,1,1167,360,0,1,360
fc1a1cd2d37a9100a80a496108f693ecebc59e14-dirty,3,editor,200,50,4,306,181795,200,50,0,0,199,199,0,0,199
fc1a1cd2d37a9100a80a496108f693ecebc59e14-dirty,3,editor,200,50,5,449,182113,200,50,1,1,1485,360,0,1,360
fc1a1cd2d37a9100a80a496108f693ecebc59e14-dirty,3,editor,200,50,6,545,182272,200,50,1,1,1644,360,0,1,360
fc1a1cd2d37a9100a80a496108f693ecebc59e14-dirty,3,editor,200,50,7,646,182272,200,50,0,0,199,199,0,0,199
fc1a1cd2d37a9100a80a496108f693ecebc59e14-dirty,3,editor,200,50,8,707,182591,200,50,1,1,1963,361,0,1,361
fc1a1cd2d37a9100a80a496108f693ecebc59e14-dirty,3,editor,200,50,9,848,182750,200,50,1,1,2122,362,0,1,362
fc1a1cd2d37a9100a80a496108f693ecebc59e14-dirty,3,editor,200,50,10,945,182750,200,50,0,0,200,200,0,0,200
fc1a1cd2d37a9100a80a496108f693ecebc59e14-dirty,3,editor,200,50,11,1046,183068,200,50,1,1,2440,362,0,1,362
fc1a1cd2d37a9100a80a496108f693ecebc59e14-dirty,3,editor,200,50,12,1107,183227,200,50,1,1,2599,362,0,1,362
fc1a1cd2d37a9100a80a496108f693ecebc59e14-dirty,3,editor,200,50,13,1203,183386,200,50,1,1,2758,362,0,1,362
fc1a1cd2d37a9100a80a496108f693ecebc59e14-dirty,3,editor,200,50,14,1305,183545,200,50,1,1,2917,362,0,1,362
fc1a1cd2d37a9100a80a496108f693ecebc59e14-dirty,3,editor,200,50,15,1406,183545,200,50,0,0,200,200,0,0,200
fc1a1cd2d37a9100a80a496108f693ecebc59e14-dirty,3,editor,200,50,16,1549,183863,200,50,1,1,3235,362,0,1,362
fc1a1cd2d37a9100a80a496108f693ecebc59e14-dirty,3,editor,200,50,17,1645,184022,200,50,1,1,3394,362,0,1,362
fc1a1cd2d37a9100a80a496108f693ecebc59e14-dirty,3,editor,200,50,18,1747,184181,200,50,1,1,3553,362,0,1,362
fc1a1cd2d37a9100a80a496108f693ecebc59e14-dirty,3,editor,200,50,19,1807,184340,200,50,1,1,3712,362,0,1,362
fc1a1cd2d37a9100a80a496108f693ecebc59e14-dirty,3,editor,200,50,20,1950,184499,200,50,1,1,3871,362,0,1,362
fc1a1cd2d37a9100a80a496108f693ecebc59e14-dirty,3,editor,200,50,21,2045,184658,200,50,1,1,4030,362,0,1,362
fc1a1cd2d37a9100a80a496108f693ecebc59e14-dirty,3,editor,200,50,22,2106,184817,200,50,1,1,4189,362,0,1,362
fc1a1cd2d37a9100a80a496108f693ecebc59e14-dirty,3,editor,200,50,23,2248,184976,200,50,1,1,4348,362,0,1,362
fc1a1cd2d37a9100a80a496108f693ecebc59e14-dirty,3,editor,200,50,24,2346,185135,200,50,1,1,4507,362,0,1,362
fc1a1cd2d37a9100a80a496108f693ecebc59e14-dirty,3,editor,200,50,25,2406,185294,200,50,1,1,4666,362,0,1,362
fc1a1cd2d37a9100a80a496108f693ecebc59e14-dirty,3,editor,200,50,26,2516,326167,200,50,2316,50,326308,376798,0,2316,376798
fc1a1cd2d37a9100a80a496108f693ecebc59e14-dirty,3,editor,200,50,27,2522,326167,200,50,0,0,197,197,0,0,197
fc1a1cd2d37a9100a80a496108f693ecebc59e14-dirty,3,editor,200,50,28,4610,326167,200,50,1,1,5779,360,0,1,360
fc1a1cd2d37a9100a80a496108f693ecebc59e14-dirty,3,editor,200,50,29,4707,326484,200,50,4,1,6096,852,0,4,852
fc1a1cd2d37a9100a80a496108f693ecebc59e14-dirty,3,editor,200,50,30,4809,326167,200,50,4,1,5779,852,0,4,852
fc1a1cd2d37a9100a80a496108f693ecebc59e14-dirty,3,editor,200,50,31,4910,326167,200,50,1,1,5779,360,0,1,360
fc1a1cd2d37a9100a80a496108f693ecebc59e14-dirty,3,editor,200,50,32,5007,326167,200,50,1,1,5779,360,0,1,360
fc1a1cd2d37a9100a80a496108f693ecebc59e14-dirty,3,editor,200,50,33,5109,326167,200,50,1,1,5779,360,0,1,360
fc1a1cd2d37a9100a80a496108f693ecebc59e14-dirty,3,editor,200,50,34,5247,326167,200,50,1,1,5779,360,0,1,360
fc1a1cd2d37a9100a80a496108f693ecebc59e14-dirty,3,editor,200,50,35,5350,326167,200,50,1,1,5779,360,0,1,360
fc1a1cd2d37a9100a80a496108f693ecebc59e14-dirty,3,editor,200,50,36,5410,326326,200,50,4,1,5938,852,0,4,852
fc1a1cd2d37a9100a80a496108f693ecebc59e14-dirty,3,editor,200,50,37,5507,326168,200,50,1,1,5780,361,0,1,361
fc1a1cd2d37a9100a80a496108f693ecebc59e14-dirty,3,editor,200,50,38,5609,326327,200,50,1,1,5939,361,0,1,361
fc1a1cd2d37a9100a80a496108f693ecebc59e14-dirty,3,editor,200,50,39,5711,326327,200,50,1,1,5939,361,0,1,361
fc1a1cd2d37a9100a80a496108f693ecebc59e14-dirty,3,editor,200,50,40,5849,326327,200,50,1,1,5939,361,0,1,361
fc1a1cd2d37a9100a80a496108f693ecebc59e14-dirty,3,editor,200,50,41,5950,326327,200,50,1,1,5939,361,0,1,361
fc1a1cd2d37a9100a80a496108f693ecebc59e14-dirty,3,editor,200,50,42,6006,326327,200,50,1,1,5939,361,0,1,361
fc1a1cd2d37a9100a80a496108f693ecebc59e14-dirty,3,editor,200,50,43,6150,326327,200,50,1,1,5939,361,0,1,361
fc1a1cd2d37a9100a80a496108f693ecebc59e14-dirty,3,editor,200,50,44,6252,326327,200,50,1,1,5939,361,0,1,361
fc1a1cd2d37a9100a80a496108f693ecebc59e14-dirty,3,editor,200,50,45,6348,326327,200,50,1,1,5939,361,0,1,361
fc1a1cd2d37a9100a80a496108f693ecebc59e14-dirty,3,editor,200,50,46,6409,326327,200,50,2,1,5939,525,0,2,525
fc1a1cd2d37a9100a80a496108f693ecebc59e14-dirty,3,editor,200,50,47,6552,326327,200,50,1,1,5939,361,0,1,361
fc1a1cd2d37a9100a80a496108f693ecebc59e14-dirty,3,editor,200,50,48,6608,326168,200,50,1,1,5780,361,0,1,361
fc1a1cd2d37a9100a80a496108f693ecebc59e14-dirty,3,editor,200,50,49,6710,326327,200,50,1,1,5939,361,0,1,361
fc1a1cd2d37a9100a80a496108f693ecebc59e14-dirty,3,editor,200,50,50,6847,326327,200,50,1,1,5939,361,0,1,361
fc1a1cd2d37a9100a80a496108f693ecebc59e14-dirty,3,editor,200,50,51,6909,326327,200,50,1,1,5939,361,0,1,361
fc1a1cd2d37a9100a80a496108f693ecebc59e14-dirty,3,editor,200,50,52,7051,326327,200,50,1,1,5939,361,0,1,361
fc1a1cd2d37a9100a80a496108f693ecebc59e14-dirty,3,editor,200,50,53,7108,326644,200,50,4,1,6256,853,0,4,853
fc1a1cd2d37a9100a80a496108f693ecebc59e14-dirty,3,editor,200,50,54,7251,326327,200,50,4,1,5939,853,0,4,853
fc1a1cd2d37a9100a80a496108f693ecebc59e14-dirty,3,editor,200,50,55,7311,326327,200,50,1,1,5939,361,0,1,361
fc1a1cd2d37a9100a80a496108f693ecebc59e14-dirty,3,editor,200,50,56,7408,326327,200,50,2,1,5939,525,0,2,525
fc1a1cd2d37a9100a80a496108f693ecebc59e14-dirty,3,editor,200,50,57,7552,326327,200,50,1,1,5939,361,0,1,361
fc1a1cd2d37a9100a80a496108f693ecebc59e14-dirty,3,editor,200,50,58,7646,175917,200,50,2240,49,175565,364596,0,2240,364596
fc1a1cd2d37a9100a80a496108f693ecebc59e14-dirty,3,editor,200,50,59,7747,176235,200,50,4,1,6574,853,0,4,853
fc1a1cd2d37a9100a80a496108f693ecebc59e14-dirty,3,editor,200,50,60,7807,175917,200,50,4,1,6256,853,0,4,853
fc1a1cd2d37a9100a80a496108f693ecebc59e14-dirty,3,editor,200,50,61,7950,176235,200,50,4,1,6574,853,0,4,853
fc1a1cd2d37a9100a80a496108f693ecebc59e14-dirty,3,editor,200,50,62,8046,175917,200,50,4,1,6256,853,0,4,853
fc1a1cd2d37a9100a80a496108f693ecebc59e14-dirty,3,editor,200,50,63,8147,175917,200,50,1,1,6256,361,0,1,361
fc1a1cd2d37a9100a80a496108f693ecebc59e14-dirty,3,editor,200,50,64,8248,176235,200,50,4,1,6574,853,0,4,853
fc1a1cd2d37a9100a80a496108f693ecebc59e14-dirty,3,editor,200,50,65,8304,175758,200,50,5,1,6097,1017,0,5,1017
fc1a1cd2d37a9100a80a496108f693ecebc59e14-dirty,3,editor,200,50,66,8446,175758,200,50,1,1,6097,361,0,1,361
fc1a1cd2d37a9100a80a496108f693ecebc59e14-dirty,3,editor,200,50,67,8548,175758,200,50,1,1,6097,361,0,1,361
fc1a1cd2d37a9100a80a496108f693ecebc59e14-dirty,3,editor,200,50,68,8608,175599,200,50,1,1,5938,361,0,1,361
fc1a1cd2d37a9100a80a496108f693ecebc59e14-dirty,3,editor,200,50,69,8746,175917,200,50,1,1,6256,361,0,1,361
fc1a1cd2d37a9100a80a496108f693ecebc59e14-dirty,3,editor,200,50,70,8850,326167,200,50,2241,49,325815,364754,0,2241,364754
fc1a1cd2d37a9100a80a496108f693ecebc59e14-dirty,3,editor,200,50,71,8953,326485,200,50,1,1,6097,360,0,1,360
fc1a1cd2d37a9100a80a496108f693ecebc59e14-dirty,3,editor,200,50,72,9008,326644,200,50,1,1,6256,360,0,1,360
fc1a1cd2d37a9100a80a496108f693ecebc59e14-dirty,3,editor,200,50,73,9152,326327,200,50,6,1,5939,1181,0,6,1181
fc1a1cd2d37a9100a80a496108f693ecebc59e14-dirty,3,editor,200,50,74,9207,316298,200,50,1020,29,114501,166327,0,1020,166327
fc1a1cd2d37a9100a80a496108f693ecebc59e14-dirty,3,editor,200,50,75,9351,316457,200,50,2,2,3558,523,0,2,523
fc1a1cd2d37a9100a80a496108f693ecebc59e14-dirty,3,editor,200,50,76,9411,316457,200,50,1,1,3224,361,0,1,361
fc1a1cd2d37a9100a80a496108f693ecebc59e14-dirty,3,editor,200,50,77,9549,316775,200,50,2,2,3876,523,0,2,523
fc1a1cd2d37a9100a80a496108f693ecebc59e14-dirty,3,editor,200,50,78,9651,316934,200,50,2,2,4035,523,0,2,523
fc1a1cd2d37a9100a80a496108f693ecebc59e14-dirty,3,editor,200,50,79,9711,317093,200,50,2,2,4194,523,0,2,523
fc1a1cd2d37a9100a80a496108f693ecebc59e14-dirty,3,editor,200,50,80,9851,317093,200,50,1,1,3224,361,0,1,361
fc1a1cd2d37a9100a80a496108f693ecebc59e14-dirty,3,editor,200,50,81,9910,317411,200,50,2,2,4512,523,0,2,523
fc1a1cd2d37a9100a80a496108f693ecebc59e14-dirty,3,editor,200,50,82,10049,317570,200,50,2,2,4671,523,0,2,523
fc1a1cd2d37a9100a80a496108f693ecebc59e14-dirty,3,editor,200,50,83,10151,317887,200,50,3,2,4988,687,0,3,687
fc1a1cd2d37a9100a80a496108f693ecebc59e14-dirty,3,editor,200,50,84,10252,317888,200,50,2,2,4989,524,0,2,524
fc1a1cd2d37a9100a80a496108f693ecebc59e14-dirty,3,editor,200,50,85,10308,318047,200,50,1,1,3383,362,0,1,362
fc1a1cd2d37a9100a80a496108f693ecebc59e14-dirty,3,editor,200,50,86,10410,318365,200,50,2,2,5466,525,0,2,525
fc1a1cd2d37a9100a80a496108f693ecebc59e14-dirty,3,editor,200,50,87,10548,318524,200,50,2,2,5625,525,0,2,525
fc1a1cd2d37a9100a80a496108f693ecebc59e14-dirty,3,editor,200,50,88,10650,318683,200,50,2,2,5784,525,0,2,525
fc1a1cd2d37a9100a80a496108f693ecebc59e14-dirty,3,editor,200,50,89,10751,318842,200,50,2,2,5943,525,0,2,525
fc1a1cd2d37a9100a80a496108f693ecebc59e14-dirty,3,editor,200,50,90,10849,319001,200,50,2,2,6102,525,0,2,525
fc1a1cd2d37a9100a80a496108f693ecebc59e14-dirty,3,editor,200,50,91,10950,319001,200,50,1,1,3383,362,0,1,362
fc1a1cd2d37a9100a80a496108f693ecebc59e14-dirty,3,editor,200,50,92,11053,319319,200,50,2,2,6420,525,0,2,525
fc1a1cd2d37a9100a80a496108f693ecebc59e14-dirty,3,editor,200,50,93,11108,319478,200,50,3,2,6579,689,0,3,689
fc1a1cd2d37a9100a80a496108f693ecebc59e14-dirty,3,editor,200,50,94,11252,319637,200,50,2,2,6738,525,0,2,525
fc1a1cd2d37a9100a80a496108f693ecebc59e14-dirty,3,editor,200,50,95,11353,319637,200,50,2,2,6738,525,0,2,525
fc1a1cd2d37a9100a80a496108f693ecebc59e14-dirty,3,editor,200,50,96,11449,319796,200,50,1,1,3383,362,0,1,362
fc1a1cd2d37a9100a80a496108f693ecebc59e14-dirty,3,editor,200,50,97,11551,320114,200,50,2,2,7215,525,0,2,525
fc1a1cd2d37a9100a80a496108f693ecebc59e14-dirty,3,editor,200,50,98,11607,320273,200,50,2,2,7374,525,0,2,525
fc1a1cd2d37a9100a80a496108f693ecebc59e14-dirty,3,editor,200,50,99,11709,320432,200,50,2,2,7533,525,0,2,525
fc1a1cd2d37a9100a80a496108f693ecebc59e14-dirty,3,editor,200,50,100,11852,320432,200,50,1,1,3383,362,0,1,362
fc1a1cd2d37a9100a80a496108f693ecebc59e14-dirty,3,editor,200,50,101,11908,320750,200,50,2,2,7851,525,0,2,525
fc1a1cd2d37a9100a80a496108f693ecebc59e14-dirty,3,editor,200,50,102,12050,320909,200,50,2,2,8010,525,0,2,525
fc1a1cd2d37a9100a80a496108f693ecebc59e14-dirty,3,editor,200,50,103,12153,321068,200,50,3,2,8169,689,0,3,689
fc1a1cd2d37a9100a80a496108f693ecebc59e14-dirty,3,editor,200,50,104,12250,321227,200,50,2,2,8328,525,0,2,525
fc1a1cd2d37a9100a80a496108f693ecebc59e14-dirty,3,editor,200,50,105,12352,321386,200,50,2,2,8487,525,0,2,525
fc1a1cd2d37a9100a80a496108f693ecebc59e14-dirty,3,editor,200,50,106,12449,321386,200,50,2,2,8487,525,0,2,525
fc1a1cd2d37a9100a80a496108f693ecebc59e14-dirty,3,editor,200,50,107,12552,321545,200,50,1,1,3383,362,0,1,362
fc1a1cd2d37a9100a80a496108f693ecebc59e14-dirty,3,editor,200,50,108,12612,321863,200,50,2,2,8964,525,0,2,525
fc1a1cd2d37a9100a80a496108f693ecebc59e14-dirty,3,editor,200,50,109,12709,322022,200,50,2,2,9123,525,0,2,525
fc1a1cd2d37a9100a80a496108f693ecebc59e14-dirty,3,editor,200,50,110,12852,322022,200,50,1,1,3383,362,0,1,362
fc1a1cd2d37a9100a80a496108f693ecebc59e14-dirty,3,editor,200,50,111,12954,322340,200,50,2,2,9441,525,0,2,525
fc1a1cd2d37a9100a80a496108f693ecebc59e14-dirty,3,editor,200,50,112,13050,322499,200,50,2,2,9600,525,0,2,525
fc1a1cd2d37a9100a80a496108f693ecebc59e14-dirty,3,editor,200,50,113,13111,322658,200,50,3,2,9759,689,0,3,689
fc1a1cd2d37a9100a80a496108f693ecebc59e14-dirty,3,editor,200,50,114,13249,322658,200,50,1,1,3383,362,0,1,362
fc1a1cd2d37a9100a80a496108f693ecebc59e14-dirty,3,editor,200,50,115,13309,322976,200,50,2,2,10077,525,0,2,525
fc1a1cd2d37a9100a80a496108f693ecebc59e14-dirty,3,editor,200,50,116,13411,323135,200,50,2,2,10236,525,0,2,525
fc1a1cd2d37a9100a80a496108f693ecebc59e14-dirty,3,editor,200,50,117,13549,323135,200,50,2,2,10236,525,0,2,525
fc1a1cd2d37a9100a80a496108f693ecebc59e14-dirty,3,editor,200,50,118,13651,323453,200,50,2,2,10554,525,0,2,525
fc1a1cd2d37a9100a80a496108f693ecebc59e14-dirty,3,editor,200,50,119,13707,323612,200,50,2,2,10713,525,0,2,525
fc1a1cd2d37a9100a80a496108f693ecebc59e14-dirty,3,editor,200,50,120,13809,323771,200,50,2,2,10872,525,0,2,525
fc1a1cd2d37a9100a80a496108f693ecebc59e14-dirty,3,editor,200,50,121,13936,321238,200,50,22,1,850,3784,0,22,3784
fc1a1cd2d37a9100a80a496108f693ecebc59e14-dirty,3,editor,200,50,122,14049,323771,200,50,22,1,3383,3772,0,22,3772
fc1a1cd2d37a9100a80a496108f693ecebc59e14-dirty,3,editor,200,50,123,14110,323930,200,50,3,2,11031,688,0,3,688
fc1a1cd2d37a9100a80a496108f693ecebc59e14-dirty,3,editor,200,50,124,14212,324089,200,50,3,2,11190,688,0,3,688
fc1a1cd2d37a9100a80a496108f693ecebc59e14-dirty,3,editor,200,50,125,14309,324248,200,50,3,2,11349,688,0,3,688
fc1a1cd2d37a9100a80a496108f693ecebc59e14-dirty,3,editor,200,50,126,14452,324407,200,50,4,2,11508,852,0,4,852
fc1a1cd2d37a9100a80a496108f693ecebc59e14-dirty,3,editor,200,50,127,14548,324566,200,50,3,2,11667,688,0,3,688
fc1a1cd2d37a9100a80a496108f693ecebc59e14-dirty,3,editor,200,50,128,14610,324725,200,50,3,2,11826,688,0,3,688
fc1a1cd2d37a9100a80a496108f693ecebc59e14-dirty,3,editor,200,50,129,14712,324884,200,50,3,2,11985,688,0,3,688
fc1a1cd2d37a9100a80a496108f693ecebc59e14-dirty,3,editor,200,50,130,14851,325043,200,50,3,2,12144,688,0,3,688
fc1a1cd2d37a9100a80a496108f693ecebc59e14-dirty,3,editor,200,50,131,14953,325043,200,50,3,2,12144,688,0,3,688
fc1a1cd2d37a9100a80a496108f693ecebc59e14-dirty,3,editor,200,50,132,15008,325361,200,50,3,2,12462,688,0,3,688
fc1a1cd2d37a9100a80a496108f693ecebc59e14-dirty,3,editor,200,50,133,15152,325520,200,50,3,2,12621,688,0,3,688
fc1a1cd2d37a9100a80a496108f693ecebc59e14-dirty,3,editor,200,50,134,15254,325679,200,50,3,2,12780,688,0,3,688
fc1a1cd2d37a9100a80a496108f693ecebc59e14-dirty,3,editor,200,50,135,15351,325838,200,50,3,2,12939,688,0,3,688
fc1a1cd2d37a9100a80a496108f693ecebc59e14-dirty,3,editor,200,50,136,15411,325997,200,50,4,2,13098,852,0,4,852
fc1a1cd2d37a9100a80a496108f693ecebc59e14-dirty,3,editor,200,50,137,15508,326156,200,50,3,2,13257,688,0,3,688
fc1a1cd2d37a9100a80a496108f693ecebc59e14-dirty,3,editor,200,50,138,15610,326315,200,50,3,2,13416,688,0,3,688
fc1a1cd2d37a9100a80a496108f693ecebc59e14-dirty,3,editor,200,50,139,15711,326474,200,50,3,2,13575,688,0,3,688
fc1a1cd2d37a9100a80a496108f693ecebc59e14-dirty,3,editor,200,50,140,15849,326633,200,50,3,2,13734,688,0,3,688
fc1a1cd2d37a9100a80a496108f693ecebc59e14-dirty,3,editor,200,50,141,15911,326792,200,50,3,2,13893,688,0,3,688
fc1a1cd2d37a9100a80a496108f693ecebc59e14-dirty,3,editor,200,50,142,16012,326792,200,50,3,2,13893,688,0,3,688
fc1a1cd2d37a9100a80a496108f693ecebc59e14-dirty,3,editor,200,50,143,16150,327110,200,50,3,2,14211,688,0,3,688
fc1a1cd2d37a9100a80a496108f693ecebc59e14-dirty,3,editor,200,50,144,16252,327269,200,50,3,2,14370,688,0,3,688
fc1a1cd2d37a9100a80a496108f693ecebc59e14-dirty,3,editor,200,50,145,16308,327428,200,50,3,2,14529,688,0,3,688
fc1a1cd2d37a9100a80a496108f693ecebc59e14-dirty,3,editor,200,50,146,16450,327587,200,50,4,2,14688,852,0,4,852
fc1a1cd2d37a9100a80a496108f693ecebc59e14-dirty,3,editor,200,50,147,16512,327746,200,50,3,2,14847,688,0,3,688
fc1a1cd2d37a9100a80a496108f693ecebc59e14-dirty,3,editor,200,50,148,16609,327905,200,50,3,2,15006,688,0,3,688
fc1a1cd2d37a9100a80a496108f693ecebc59e14-dirty,3,editor,200,50,149,16711,328064,200,50,3,2,15165,688,0,3,688
fc1a1cd2d37a9100a80a496108f693ecebc59e14-dirty,3,editor,200,50,150,16874,325531,200,50,22,1,850,3784,0,22,3784
fc1a1cd2d37a9100a80a496108f693ecebc59e14-dirty,3,editor,200,50,151,16910,327438,200,50,61,2,14539,10143,0,61,10143
fc1a1cd2d37a9100a80a496108f693ecebc59e14-dirty,3,editor,200,50,152,17053,327756,200,50,1035,29,125959,168783,0,1035,168783
fc1a1cd2d37a9100a80a496108f693ecebc59e14-dirty,3,editor,200,50,153,17150,327597,200,50,1,1,7209,361,0,1,361
fc1a1cd2d37a9100a80a496108f693ecebc59e14-dirty,3,editor,200,50,154,17210,327756,200,50,1,1,7368,361,0,1,361
fc1a1cd2d37a9100a80a496108f693ecebc59e14-dirty,3,editor,200,50,155,17354,327756,200,50,1,1,7368,361,0,1,361
fc1a1cd2d37a9100a80a496108f693ecebc59e14-dirty,3,editor,200,50,156,17409,327756,200,50,1,1,7368,361,0,1,361
fc1a1cd2d37a9100a80a496108f693ecebc59e14-dirty,3,editor,200,50,157,17552,327756,200,50,1,1,7368,361,0,1,361
fc1a1cd2d37a9100a80a496108f693ecebc59e14-dirty,3,editor,200,50,158,17650,328073,200,50,4,1,7685,853,0,4,853
fc1a1cd2d37a9100a80a496108f693ecebc59e14-dirty,3,editor,200,50,159,17710,327756,200,50,4,1,7368,853,0,4,853
fc1a1cd2d37a9100a80a496108f693ecebc59e14-dirty,3,editor,200,50,160,17853,327756,200,50,1,1,7368,361,0,1,361
fc1a1cd2d37a9100a80a496108f693ecebc59e14-dirty,3,editor,200,50,161,17909,327756,200,50,2,1,7368,525,0,2,525
fc1a1cd2d37a9100a80a496108f693ecebc59e14-dirty,3,editor,200,50,162,18051,327756,200,50,1,1,7368,361,0,1,361
fc1a1cd2d37a9100a80a496108f693ecebc59e14-dirty,3,editor,200,50,163,18149,327756,200,50,1,1,7368,361,0,1,361
fc1a1cd2d37a9100a80a496108f693ecebc59e14-dirty,3,editor,200,50,164,18250,327597,200,50,1,1,7209,361,0,1,361
fc1a1cd2d37a9100a80a496108f693ecebc59e14-dirty,3,editor,200,50,165,18353,327756,200,50,1,1,7368,361,0,1,361
fc1a1cd2d37a9100a80a496108f693ecebc59e14-dirty,3,editor,200,50,166,18408,327756,200,50,1,1,7368,361,0,1,361
fc1a1cd2d37a9100a80a496108f693ecebc59e14-dirty,3,editor,200,50,167,18552,327756,200,50,1,1,7368,361,0,1,361
fc1a1cd2d37a9100a80a496108f693ecebc59e14-dirty,3,editor,200,50,168,18613,327756,200,50,1,1,7368,361,0,1,361
fc1a1cd2d37a9100a80a496108f693ecebc59e14-dirty,3,editor,200,50,169,18751,327756,200,50,1,1,7368,361,0,1,361
fc1a1cd2d37a9100a80a496108f693ecebc59e14-dirty,3,editor,200,50,170,18812,327756,200,50,1,1,7368,361,0,1,361
fc1a1cd2d37a9100a80a496108f693ecebc59e14-dirty,3,editor,200,50,171,18909,327756,200,50,2,1,7368,525,0,2,525
fc1a1cd2d37a9100a80a496108f693ecebc59e14-dirty,3,editor,200,50,172,19051,327756,200,50,1,1,7368,361,0,1,361
fc1a1cd2d37a9100a80a496108f693ecebc59e14-dirty,3,editor,200,50,173,19112,328074,200,50,1,1,7686,361,0,1,361
fc1a1cd2d37a9100a80a496108f693ecebc59e14-dirty,3,editor,200,50,174,19250,329187,200,50,325,10,47898,53123,0,325,53123
fc1a1cd2d37a9100a80a496108f693ecebc59e14-dirty,3,editor,200,50,175,19352,329505,200,50,1,1,2121,361,0,1,361
fc1a1cd2d37a9100a80a496108f693ecebc59e14-dirty,3,editor,200,50,176,19454,328710,200,50,302,10,47421,49385,0,302,49385
fc1a1cd2d37a9100a80a496108f693ecebc59e14-dirty,3,editor,200,50,177,19550,329028,200,50,1,1,2121,361,0,1,361
fc1a1cd2d37a9100a80a496108f693ecebc59e14-dirty,3,editor,200,50,178,19611,323464,200,50,273,10,42175,44666,0,273,44666
fc1a1cd2d37a9100a80a496108f693ecebc59e14-dirty,3,editor,200,50,179,19750,325044,200,50,13,1,3383,2295,0,13,2295
fc1a1cd2d37a9100a80a496108f693ecebc59e14-dirty,3,editor,200,50,180,19852,325203,200,50,2,2,3876,523,0,2,523
fc1a1cd2d37a9100a80a496108f693ecebc59e14-dirty,3,editor,200,50,181,19912,325362,200,50,2,2,4035,523,0,2,523
fc1a1cd2d37a9100a80a496108f693ecebc59e14-dirty,3,editor,200,50,182,20009,325521,200,50,2,2,4194,523,0,2,523
fc1a1cd2d37a9100a80a496108f693ecebc59e14-dirty,3,editor,200,50,183,20152,325521,200,50,1,1,3383,361,0,1,361
fc1a1cd2d37a9100a80a496108f693ecebc59e14-dirty,3,editor,200,50,184,20213,325839,200,50,2,2,4512,523,0,2,523
fc1a1cd2d37a9100a80a496108f693ecebc59e14-dirty,3,editor,200,50,185,20350,325998,200,50,2,2,4671,523,0,2,523
fc1a1cd2d37a9100a80a496108f693ecebc59e14-dirty,3,editor,200,50,186,20452,326157,200,50,2,2,4830,523,0,2,523
fc1a1cd2d37a9100a80a496108f693ecebc59e14-dirty,3,editor,200,50,187,20550,326315,200,50,2,1,3541,525,0,2,525
fc1a1cd2d37a9100a80a496108f693ecebc59e14-dirty,3,editor,200,50,188,20610,326475,200,50,2,2,5148,524,0,2,524
fc1a1cd2d37a9100a80a496108f693ecebc59e14-dirty,3,editor,200,50,189,20754,326793,200,50,2,2,5466,525,0,2,525
fc1a1cd2d37a9100a80a496108f693ecebc59e14-dirty,3,editor,200,50,190,20809,326793,200,50,1,1,3542,362,0,1,362
fc1a1cd2d37a9100a80a496108f693ecebc59e14-dirty,3,editor,200,50,191,20911,327111,200,50,2,2,5784,525,0,2,525
fc1a1cd2d37a9100a80a496108f693ecebc59e14-dirty,3,editor,200,50,192,21049,327270,200,50,2,2,5943,525,0,2,525
fc1a1cd2d37a9100a80a496108f693ecebc59e14-dirty,3,editor,200,50,193,21152,327429,200,50,2,2,6102,525,0,2,525
fc1a1cd2d37a9100a80a496108f693ecebc59e14-dirty,3,editor,200,50,194,21254,327588,200,50,2,2,6261,525,0,2,525
fc1a1cd2d37a9100a80a496108f693ecebc59e14-dirty,3,editor,200,50,195,21309,327588,200,50,1,1,3542,362,0,1,362
fc1a1cd2d37a9100a80a496108f693ecebc59e14-dirty,3,editor,200,50,196,21452,327906,200,50,2,2,6579,525,0,2,525
fc1a1cd2d37a9100a80a496108f693ecebc59e14-dirty,3,editor,200,50,197,21554,328065,200,50,3,2,6738,689,0,3,689
fc1a1cd2d37a9100a80a496108f693ecebc59e14-dirty,3,editor,200,50,198,21609,328224,200,50,2,2,6897,525,0,2,525
fc1a1cd2d37a9100a80a496108f693ecebc59e14-dirty,3,editor,200,50,199,21711,328224,200,50,2,2,6897,525,0,2,525
fc1a1cd2d37a9100a80a496108f693ecebc59e14-dirty,3,editor,200,50,200,21874,325691,200,50,22,1,850,3784,0,22,3784
fc1a1cd2d37a9100a80a496108f693ecebc59e14-dirty,3,editor,200,50,201,21952,326961,200,50,11,1,2120,2001,0,11,2001
fc1a1cd2d37a9100a80a496108f693ecebc59e14-dirty,3,editor,200,50,202,22012,326803,200,50,4,1,1962,854,0,4,854
fc1a1cd2d37a9100a80a496108f693ecebc59e14-dirty,3,editor,200,50,203,22150,326644,200,50,1,1,1803,362,0,1,362
fc1a1cd2d37a9100a80a496108f693ecebc59e14-dirty,3,editor,200,50,204,22212,326803,200,50,1,1,1962,362,0,1,362
fc1a1cd2d37a9100a80a496108f693ecebc59e14-dirty,3,editor,200,50,205,22350,326803,200,50,1,1,1962,362,0,1,362
fc1a1cd2d37a9100a80a496108f693ecebc59e14-dirty,3,editor,200,50,206,22451,326803,200,50,1,1,1962,362,0,1,362
fc1a1cd2d37a9100a80a496108f693ecebc59e14-dirty,3,editor,200,50,207,22554,326803,200,50,1,1,1962,362,0,1,362
fc1a1cd2d37a9100a80a496108f693ecebc59e14-dirty,3,editor,200,50,208,22609,326803,200,50,1,1,1962,362,0,1,362
fc1a1cd2d37a9100a80a496108f693ecebc59e14-dirty,3,editor,200,50,209,22752,324578,200,50,2062,50,324719,335578,1,226,37143
fc1a1cd2d37a9100a80a496108f693ecebc59e14-dirty,3,editor,200,50,210,22808,324897,200,50,1,1,2123,363,0,1,363
fc1a1cd2d37a9100a80a496108f693ecebc59e14-dirty,3,editor,200,50,211,22814,315674,200,50,1988,50,315815,323518,1,226,37143
fc1a1cd2d37a9100a80a496108f693ecebc59e14-dirty,3,editor,200,50,212,22952,320285,200,50,1931,50,320426,314235,1,229,37631
fc1a1cd2d37a9100a80a496108f693ecebc59e14-dirty,3,editor,200,50,213,23051,313289,200,50,1891,50,313430,307708,1,226,37142
fc1a1cd2d37a9100a80a496108f693ecebc59e14-dirty,3,editor,200,50,214,23153,310427,200,50,1853,50,310568,301510,1,215,35350
fc1a1cd2d37a9100a80a496108f693ecebc59e14-dirty,3,editor,200,50,215,23253,299137,200,50,1792,50,299278,291634,1,208,34208
fc1a1cd2d37a9100a80a496108f693ecebc59e14-dirty,3,editor,200,50,216,23349,290074,200,50,1732,50,290215,281837,1,207,34044
fc1a1cd2d37a9100a80a496108f693ecebc59e14-dirty,3,editor,200,50,217,23451,281805,200,50,1686,50,281946,274315,1,206,33882
fc1a1cd2d37a9100a80a496108f693ecebc59e14-dirty,3,editor,200,50,218,23554,284510,200,50,1704,50,284651,277237,1,270,44308
fc1a1cd2d37a9100a80a496108f693ecebc59e14-dirty,3,editor,200,50,219,23650,281648,200,50,1720,50,281789,279872,1,241,39584
fc1a1cd2d37a9100a80a496108f693ecebc59e14-dirty,3,editor,200,50,220,23752,286580,200,50,1754,50,286721,285452,1,281,46110
fc1a1cd2d37a9100a80a496108f693ecebc59e14-dirty,3,editor,200,50,221,23814,286899,200,50,1,1,2123,363,0,1,363
fc1a1cd2d37a9100a80a496108f693ecebc59e14-dirty,3,editor,200,50,222,23818,274973,200,50,1758,50,275114,286141,1,214,35184
fc1a1cd2d37a9100a80a496108f693ecebc59e14-dirty,3,editor,200,50,223,23910,264161,200,50,1699,50,264302,276541,1,222,36490
fc1a1cd2d37a9100a80a496108f693ecebc59e14-dirty,3,editor,200,50,224,24012,250804,200,50,1639,50,250945,266769,1,208,34208
fc1a1cd2d37a9100a80a496108f693ecebc59e14-dirty,3,editor,200,50,225,24150,237607,200,50,1564,50,237748,254582,1,207,34044
fc1a1cd2d37a9100a80a496108f693ecebc59e14-dirty,3,editor,200,50,226,24252,224568,200,50,1562,50,224709,254226,1,206,33882
fc1a1cd2d37a9100a80a496108f693ecebc59e14-dirty,3,editor,200,50,227,24353,218369,200,50,1528,50,218510,248750,1,249,40885
fc1a1cd2d37a9100a80a496108f693ecebc59e14-dirty,3,editor,200,50,228,24447,214553,200,50,1490,50,214694,242554,1,236,38769
fc1a1cd2d37a9100a80a496108f693ecebc59e14-dirty,3,editor,200,50,229,24509,209783,200,50,1471,50,209924,239433,1,223,36653
fc1a1cd2d37a9100a80a496108f693ecebc59e14-dirty,3,editor,200,50,230,24650,205649,200,50,1472,50,205790,239547,1,227,37305
fc1a1cd2d37a9100a80a496108f693ecebc59e14-dirty,3,editor,200,50,231,24747,201833,200,50,1475,50,201974,240025,1,229,37631
fc1a1cd2d37a9100a80a496108f693ecebc59e14-dirty,3,editor,200,50,232,24808,197063,200,50,1445,50,197204,235152,1,225,36979
fc1a1cd2d37a9100a80a496108f693ecebc59e14-dirty,3,editor,200,50,233,24950,195789,200,50,8,1,530,1507,0,8,1507
fc1a1cd2d37a9100a80a496108f693ecebc59e14-dirty,3,editor,200,50,234,25052,195948,200,50,1,1,689,359,0,1,359
fc1a1cd2d37a9100a80a496108f693ecebc59e14-dirty,3,editor,200,50,235,25107,196107,200,50,1,1,848,359,0,1,359
fc1a1cd2d37a9100a80a496108f693ecebc59e14-dirty,3,editor,200,50,236,25249,177502,200,50,1564,50,177643,254402,0,1564,254402
fc1a1cd2d37a9100a80a496108f693ecebc59e14-dirty,1,pager,200,50,1,6,177820,200,50,1,1,849,360,0,1,360
fc1a1cd2d37a9100a80a496108f693ecebc59e14-dirty,1,pager,200,50,2,88,177979,200,50,1,1,1008,360,0,1,360
fc1a1cd2d37a9100a80a496108f693ecebc59e14-dirty,1,pager,200,50,3,91,178138,200,50,1,1,1167,360,0,1,360
fc1a1cd2d37a9100a80a496108f693ecebc59e14-dirty,1,pager,200,50,4,165,178138,200,50,1,1,1167,360,0,1,360
fc1a1cd2d37a9100a80a496108f693ecebc59e14-dirty,1,pager,200,50,5,169,178138,200,50,0,0,199,199,0,0,199
fc1a1cd2d37a9100a80a496108f693ecebc59e14-dirty,1,pager,200,50,6,206,178456,200,50,1,1,1485,360,0,1,360
fc1a1cd2d37a9100a80a496108f693ecebc59e14-dirty,1,pager,200,50,7,248,178615,200,50,1,1,1644,360,0,1,360
fc1a1cd2d37a9100a80a496108f693ecebc59e14-dirty,1,pager,200,50,8,325,178775,200,50,1,1,1804,361,0,1,361
fc1a1cd2d37a9100a80a496108f693ecebc59e14-dirty,1,pager,200,50,9,328,178934,200,50,1,1,1963,362,0,1,362
fc1a1cd2d37a9100a80a496108f693ecebc59e14-dirty,1,pager,200,50,10,407,179093,200,50,1,1,2122,362,0,1,362
fc1a1cd2d37a9100a80a496108f693ecebc59e14-dirty,1,pager,200,50,11,411,179252,200,50,1,1,2281,362,0,1,362
fc1a1cd2d37a9100a80a496108f693ecebc59e14-dirty,1,pager,200,50,12,484,179411,200,50,1,1,2440,362,0,1,362
fc1a1cd2d37a9100a80a496108f693ecebc59e14-dirty,1,pager,200,50,13,526,179570,200,50,1,1,2599,362,0,1,362
fc1a1cd2d37a9100a80a496108f693ecebc59e14-dirty,1,pager,200,50,14,529,179729,200,50,1,1,2758,362,0,1,362
fc1a1cd2d37a9100a80a496108f693ecebc59e14-dirty,1,pager,200,50,15,608,179888,200,50,1,1,2917,362,0,1,362
fc1a1cd2d37a9100a80a496108f693ecebc59e14-dirty,1,pager,200,50,16,612,325974,200,50,2281,50,326115,371066,0,2281,371066
fc1a1cd2d37a9100a80a496108f693ecebc59e14-dirty,1,pager,200,50,17,1688,322508,200,50,2123,50,322649,345501,1,248,40712
fc1a1cd2d37a9100a80a496108f693ecebc59e14-dirty,1,pager,200,50,18,1693,313604,200,50,2042,49,313411,332313,1,219,35992
fc1a1cd2d37a9100a80a496108f693ecebc59e14-dirty,1,pager,200,50,19,1771,317262,200,50,1988,49,317069,323522,1,220,36157
fc1a1cd2d37a9100a80a496108f693ecebc59e14-dirty,1,pager,200,50,20,1776,310107,200,50,1950,49,309914,317321,1,219,35992
fc1a1cd2d37a9100a80a496108f693ecebc59e14-dirty,1,pager,200,50,21,1848,309153,200,50,1892,49,308960,307862,1,219,35992
fc1a1cd2d37a9100a80a496108f693ecebc59e14-dirty,1,pager,200,50,22,1853,302475,200,50,1842,49,302282,299781,1,223,36644
fc1a1cd2d37a9100a80a496108f693ecebc59e14-dirty,1,pager,200,50,23,1890,296910,200,50,1801,49,296717,293083,1,220,36155
fc1a1cd2d37a9100a80a496108f693ecebc59e14-dirty,1,pager,200,50,24,1968,290073,200,50,1774,49,289880,288655,1,209,34363
fc1a1cd2d37a9100a80a496108f693ecebc59e14-dirty,1,pager,200,50,25,1973,282282,200,50,1739,49,282089,282944,1,202,33222
fc1a1cd2d37a9100a80a496108f693ecebc59e14-dirty,1,pager,200,50,26,2010,273696,200,50,1696,49,273503,275972,1,201,33060
fc1a1cd2d37a9100a80a496108f693ecebc59e14-dirty,1,pager,200,50,27,2046,266700,200,50,1652,49,266507,268838,1,201,33060
fc1a1cd2d37a9100a80a496108f693ecebc59e14-dirty,1,pager,200,50,28,2128,264633,200,50,1639,49,264440,266750,1,262,42995
fc1a1cd2d37a9100a80a496108f693ecebc59e14-dirty,1,pager,200,50,29,2133,257160,200,50,1628,49,256967,264970,1,235,38597
fc1a1cd2d37a9100a80a496108f693ecebc59e14-dirty,1,pager,200,50,30,2206,255573,200,50,1630,49,255380,265306,1,275,45123
fc1a1cd2d37a9100a80a496108f693ecebc59e14-dirty,1,pager,200,50,31,2210,243648,200,50,1631,49,243455,265505,1,207,34033
fc1a1cd2d37a9100a80a496108f693ecebc59e14-dirty,1,pager,200,50,32,2288,232836,200,50,1643,49,232643,267426,1,216,35503
fc1a1cd2d37a9100a80a496108f693ecebc59e14-dirty,1,pager,200,50,33,2293,219957,200,50,1584,49,219764,257880,1,202,33222
fc1a1cd2d37a9100a80a496108f693ecebc59e14-dirty,1,pager,200,50,34,2325,210894,200,50,1512,49,210701,246152,1,201,33060
fc1a1cd2d37a9100a80a496108f693ecebc59e14-dirty,1,pager,200,50,35,2365,203421,200,50,1465,49,203228,238471,1,201,33060
fc1a1cd2d37a9100a80a496108f693ecebc59e14-dirty,1,pager,200,50,36,2407,203262,200,50,1500,49,203069,244118,1,241,39572
fc1a1cd2d37a9100a80a496108f693ecebc59e14-dirty,1,pager,200,50,37,2448,201036,200,50,1533,49,200843,249476,1,230,37782
fc1a1cd2d37a9100a80a496108f693ecebc59e14-dirty,1,pager,200,50,38,2525,195948,200,50,1527,49,195755,248511,1,217,35666
fc1a1cd2d37a9100a80a496108f693ecebc59e14-dirty,1,pager,200,50,39,2529,188952,200,50,1481,49,188759,241038,1,221,36318
fc1a1cd2d37a9100a80a496108f693ecebc59e14-dirty,1,pager,200,50,40,2567,192132,200,50,1425,49,191939,231948,1,223,36644
fc1a1cd2d37a9100a80a496108f693ecebc59e14-dirty,1,pager,200,50,41,2608,189429,200,50,1396,49,189236,227248,1,219,35992
fc1a1cd2d37a9100a80a496108f693ecebc59e14-dirty,1,pager,200,50,42,2649,192291,200,50,1365,49,192098,222223,1,219,35992
fc1a1cd2d37a9100a80a496108f693ecebc59e14-dirty,1,pager,200,50,43,2727,194835,200,50,1386,49,194642,225624,1,214,35174
fc1a1cd2d37a9100a80a496108f693ecebc59e14-dirty,1,pager,200,50,44,2731,186570,200,50,1343,49,186377,218634,1,219,35995
fc1a1cd2d37a9100a80a496108f693ecebc59e14-dirty,1,pager,200,50,45,2808,178461,200,50,1297,49,178268,211159,1,207,34033
fc1a1cd2d37a9100a80a496108f693ecebc59e14-dirty,1,pager,200,50,46,2812,181641,200,50,1278,49,181448,208096,1,234,38437
fc1a1cd2d37a9100a80a496108f693ecebc59e14-dirty,1,pager,200,50,47,2885,179570,200,50,1294,49,179377,210697,1,202,33222
fc1a1cd2d37a9100a80a496108f693ecebc59e14-dirty,1,pager,200,50,48,2889,176866,200,50,1279,49,176673,208247,1,201,33060
fc1a1cd2d37a9100a80a496108f693ecebc59e14-dirty,1,pager,200,50,49,2968,172095,200,50,1252,49,171902,203821,1,201,33060
fc1a1cd2d37a9100a80a496108f693ecebc59e14-dirty,1,pager,200,50,50,2972,185292,200,50,1300,49,185099,211612,1,278,45603
fc1a1cd2d37a9100a80a496108f693ecebc59e14-dirty,1,pager,200,50,51,3046,187677,200,50,1364,49,187484,222050,1,228,37456
fc1a1cd2d37a9100a80a496108f693ecebc59e14-dirty,1,pager,200,50,52,3050,199446,200,50,1426,49,199253,232124,1,276,45286
fc1a1cd2d37a9100a80a496108f693ecebc59e14-dirty,1,pager,200,50,53,3087,199764,200,50,1484,49,199571,241550,1,220,36152
fc1a1cd2d37a9100a80a496108f693ecebc59e14-dirty,1,pager,200,50,54,3128,198336,200,50,1476,49,198143,240270,1,242,39744
fc1a1cd2d37a9100a80a496108f693ecebc59e14-dirty,1,pager,200,50,55,3169,199449,200,50,1472,49,199256,239627,1,207,34033
fc1a1cd2d37a9100a80a496108f693ecebc59e14-dirty,1,pager,200,50,56,3205,202632,200,50,1495,49,202439,243395,1,242,39744
fc1a1cd2d37a9100a80a496108f693ecebc59e14-dirty,1,pager,200,50,57,3287,202632,200,50,1516,49,202439,246812,1,202,33222
fc1a1cd2d37a9100a80a496108f693ecebc59e14-dirty,1,pager,200,50,58,3291,198657,200,50,1498,49,198464,243879,1,201,33060
fc1a1cd2d37a9100a80a496108f693ecebc59e14-dirty,1,pager,200,50,59,3365,189753,200,50,1447,49,189560,235601,1,201,33060
fc1a1cd2d37a9100a80a496108f693ecebc59e14-dirty,1,pager,200,50,60,3369,198657,200,50,1442,49,198464,234835,1,250,41039
fc1a1cd2d37a9100a80a496108f693ecebc59e14-dirty,1,pager,200,50,61,3406,203427,200,50,1491,49,203234,242796,1,228,37456
fc1a1cd2d37a9100a80a496108f693ecebc59e14-dirty,1,pager,200,50,62,3447,206133,200,50,1514,49,205940,246580,1,270,44308
fc1a1cd2d37a9100a80a496108f693ecebc59e14-dirty,1,pager,200,50,63,3489,204702,200,50,1539,49,204509,250683,1,207,34033
fc1a1cd2d37a9100a80a496108f693ecebc59e14-dirty,1,pager,200,50,64,3525,205182,200,50,1547,49,204989,252012,1,237,38929
fc1a1cd2d37a9100a80a496108f693ecebc59e14-dirty,1,pager,200,50,65,3566,198186,200,50,1547,49,197993,252045,1,202,33222
fc1a1cd2d37a9100a80a496108f693ecebc59e14-dirty,1,pager,200,50,66,3648,191031,200,50,1546,49,190838,251883,1,201,33060
fc1a1cd2d37a9100a80a496108f693ecebc59e14-dirty,1,pager,200,50,67,3652,187374,200,50,1520,49,187181,247610,1,201,33060
fc1a1cd2d37a9100a80a496108f693ecebc59e14-dirty,1,pager,200,50,68,3725,193574,200,50,1553,49,193381,252937,1,255,41854
fc1a1cd2d37a9100a80a496108f693ecebc59e14-dirty,1,pager,200,50,69,3729,192302,200,50,1585,49,192109,258089,1,213,35011
fc1a1cd2d37a9100a80a496108f693ecebc59e14-dirty,1,pager,200,50,70,3767,195641,200,50,1628,49,195448,265020,1,243,39904
fc1a1cd2d37a9100a80a496108f693ecebc59e14-dirty,1,pager,200,50,71,3808,198026,200,50,1651,49,197833,268771,1,241,39579
fc1a1cd2d37a9100a80a496108f693ecebc59e14-dirty,1,pager,200,50,72,3885,194528,200,50,1672,49,194335,272197,1,202,33222
fc1a1cd2d37a9100a80a496108f693ecebc59e14-dirty,1,pager,200,50,73,3889,192938,200,50,1652,49,192745,268957,1,201,33060
fc1a1cd2d37a9100a80a496108f693ecebc59e14-dirty,1,pager,200,50,74,3927,192620,200,50,1644,49,192427,267662,1,201,33060
fc1a1cd2d37a9100a80a496108f693ecebc59e14-dirty,1,pager,200,50,75,4009,202796,200,50,1701,49,202603,276907,1,259,42506
fc1a1cd2d37a9100a80a496108f693ecebc59e14-dirty,1,pager,200,50,76,4013,210269,200,50,1760,49,210076,286478,1,241,39575
fc1a1cd2d37a9100a80a496108f693ecebc59e14-dirty,1,pager,200,50,77,4045,204068,200,50,1739,49,203875,283091,1,228,37456
fc1a1cd2d37a9100a80a496108f693ecebc59e14-dirty,1,pager,200,50,78,4127,210272,200,50,1752,49,210079,285274,1,276,45286
fc1a1cd2d37a9100a80a496108f693ecebc59e14-dirty,1,pager,200,50,79,4131,199775,200,50,1752,49,199582,285341,1,207,34033
fc1a1cd2d37a9100a80a496108f693ecebc59e14-dirty,1,pager,200,50,80,4205,205025,200,50,1719,49,204832,280036,1,242,39744
fc1a1cd2d37a9100a80a496108f693ecebc59e14-dirty,1,pager,200,50,81,4209,202799,200,50,1744,49,202606,284124,1,202,33222
fc1a1cd2d37a9100a80a496108f693ecebc59e14-dirty,1,pager,200,50,82,4246,202640,200,50,1730,49,202447,281837,1,201,33060
fc1a1cd2d37a9100a80a496108f693ecebc59e14-dirty,1,pager,200,50,83,4287,202481,200,50,1729,49,202288,281656,1,201,33060
fc1a1cd2d37a9100a80a496108f693ecebc59e14-dirty,1,pager,200,50,84,4370,213293,200,50,1789,49,213100,291408,1,261,42832
fc1a1cd2d37a9100a80a496108f693ecebc59e14-dirty,1,pager,200,50,85,4374,210113,200,50,1808,49,209920,294511,1,221,36315
fc1a1cd2d37a9100a80a496108f693ecebc59e14-dirty,1,pager,200,50,86,4406,206297,200,50,1790,49,206104,291586,1,207,34037
fc1a1cd2d37a9100a80a496108f693ecebc59e14-dirty,1,pager,200,50,87,4447,205025,200,50,1763,49,204832,287216,1,207,34037
fc1a1cd2d37a9100a80a496108f693ecebc59e14-dirty,1,pager,200,50,88,4489,203117,200,50,1758,49,202924,286406,1,207,34037
fc1a1cd2d37a9100a80a496108f693ecebc59e14-dirty,1,pager,200,50,89,4566,200891,200,50,1752,49,200698,285357,1,207,34037
fc1a1cd2d37a9100a80a496108f693ecebc59e14-dirty,1,pager,200,50,90,4570,199301,200,50,1749,49,199108,284795,1,207,34037
fc1a1cd2d37a9100a80a496108f693ecebc59e14-dirty,1,pager,200,50,91,4648,197870,200,50,1753,49,197677,285373,1,208,34199
fc1a1cd2d37a9100a80a496108f693ecebc59e14-dirty,1,pager,200,50,92,4652,196757,200,50,1733,49,196564,282062,1,208,34199
fc1a1cd2d37a9100a80a496108f693ecebc59e14-dirty,1,pager,200,50,93,4726,195323,200,50,1714,49,195130,278943,1,208,34199
fc1a1cd2d37a9100a80a496108f693ecebc59e14-dirty,1,pager,200,50,94,4730,195482,200,50,1695,49,195289,275827,1,208,34199
fc1a1cd2d37a9100a80a496108f693ecebc59e14-dirty,1,pager,200,50,95,4808,191348,200,50,1661,49,191155,270281,1,208,34199
fc1a1cd2d37a9100a80a496108f693ecebc59e14-dirty,1,pager,200,50,96,4812,192620,200,50,1629,49,192427,265059,1,208,34199
fc1a1cd2d37a9100a80a496108f693ecebc59e14-dirty,1,pager,200,50,97,4849,194051,200,50,1629,49,193858,265060,1,208,34199
fc1a1cd2d37a9100a80a496108f693ecebc59e14-dirty,1,pager,200,50,98,4886,195641,200,50,1631,49,195448,265386,1,208,34199
fc1a1cd2d37a9100a80a496108f693ecebc59e14-dirty,1,pager,200,50,99,4927,183716,200,50,1555,49,183523,253034,1,208,34199
fc1a1cd2d37a9100a80a496108f693ecebc59e14-dirty,1,pager,200,50,100,4968,180377,200,50,1479,49,180184,240682,1,208,34199
fc1a1cd2d37a9100a80a496108f693ecebc59e14-dirty,1,pager,200,50,101,5045,169880,200,50,1405,49,169687,228626,1,208,34199
fc1a1cd2d37a9100a80a496108f693ecebc59e14-dirty,1,pager,200,50,102,5049,169880,200,50,1350,49,169687,219669,1,221,36319
fc1a1cd2d37a9100a80a496108f693ecebc59e14-dirty,1,pager,200,50,103,5127,163676,200,50,1328,49,163483,216087,1,203,33384
fc1a1cd2d37a9100a80a496108f693ecebc59e14-dirty,1,pager,200,50,104,5131,166538,200,50,1309,49,166345,212996,1,226,37129
fc1a1cd2d37a9100a80a496108f693ecebc59e14-dirty,1,pager,200,50,105,5168,160016,200,50,1291,49,159823,210099,1,201,33060
fc1a1cd2d37a9100a80a496108f693ecebc59e14-dirty,1,pager,200,50,106,5246,159698,200,50,1250,49,159505,203459,1,201,33060
fc1a1cd2d37a9100a80a496108f693ecebc59e14-dirty,1,pager,200,50,107,5249,170828,200,50,1312,49,170635,213505,1,264,43321
fc1a1cd2d37a9100a80a496108f693ecebc59e14-dirty,1,pager,200,50,108,5289,183713,200,50,1394,49,183520,226816,1,277,45449
fc1a1cd2d37a9100a80a496108f693ecebc59e14-dirty,1,pager,200,50,109,5365,178307,200,50,1420,49,178114,231061,1,222,36481
fc1a1cd2d37a9100a80a496108f693ecebc59e14-dirty,1,pager,200,50,110,5369,173855,200,50,1392,49,173662,226509,1,202,33222
fc1a1cd2d37a9100a80a496108f693ecebc59e14-dirty,1,pager,200,50,111,5447,163676,200,50,1326,49,163483,215778,1,206,33870
fc1a1cd2d37a9100a80a496108f693ecebc59e14-dirty,1,pager,200,50,112,5450,162404,200,50,1260,49,162211,205089,1,201,33060
fc1a1cd2d37a9100a80a496108f693ecebc59e14-dirty,1,pager,200,50,113,5525,156518,200,50,1222,49,156325,198934,1,201,33060
fc1a1cd2d37a9100a80a496108f693ecebc59e14-dirty,1,pager,200,50,114,5529,164786,200,50,1235,49,164593,201025,1,250,41039
fc1a1cd2d37a9100a80a496108f693ecebc59e14-dirty,1,pager,200,50,115,5607,179414,200,50,1328,49,179221,216119,1,289,47398
fc1a1cd2d37a9100a80a496108f693ecebc59e14-dirty,1,pager,200,50,116,5611,179573,200,50,1416,49,179380,230417,1,201,33060
fc1a1cd2d37a9100a80a496108f693ecebc59e14-dirty,1,pager,200,50,117,5685,169715,200,50,1362,49,169522,221601,1,201,33060
fc1a1cd2d37a9100a80a496108f693ecebc59e14-dirty,1,pager,200,50,118,5688,174803,200,50,1351,49,174610,219784,1,243,39898
fc1a1cd2d37a9100a80a496108f693ecebc59e14-dirty,1,pager,200,50,119,5767,175439,200,50,1354,49,175246,220273,1,247,40552
fc1a1cd2d37a9100a80a496108f693ecebc59e14-dirty,1,pager,200,50,120,5771,168602,200,50,1358,49,168409,220921,1,201,33060
fc1a1cd2d37a9100a80a496108f693ecebc59e14-dirty,1,pager,200,50,121,5808,168284,200,50,1318,49,168091,214441,1,201,33060
fc1a1cd2d37a9100a80a496108f693ecebc59e14-dirty,1,pager,200,50,122,5885,176234,200,50,1362,49,176041,221607,1,246,40387
fc1a1cd2d37a9100a80a496108f693ecebc59e14-dirty,1,pager,200,50,123,5889,180845,200,50,1408,49,180652,229037,1,228,37457
fc1a1cd2d37a9100a80a496108f693ecebc59e14-dirty,1,pager,200,50,124,5967,175121,200,50,1380,49,174928,224477,1,227,37297
fc1a1cd2d37a9100a80a496108f693ecebc59e14-dirty,1,pager,200,50,125,5971,172895,200,50,1329,49,172702,216212,1,231,37949
fc1a1cd2d37a9100a80a496108f693ecebc59e14-dirty,1,pager,200,50,126,6009,179255,200,50,1331,49,179062,216583,1,266,43654
fc1a1cd2d37a9100a80a496108f693ecebc59e14-dirty,1,pager,200,50,127,6086,167327,200,50,1320,49,167134,214865,1,201,33060
fc1a1cd2d37a9100a80a496108f693ecebc59e14-dirty,1,pager,200,50,128,6090,165896,200,50,1243,49,165703,202394,1,201,33060
fc1a1cd2d37a9100a80a496108f693ecebc59e14-dirty,1,pager,200,50,129,6127,172094,200,50,1273,49,171901,207317,1,274,44950
fc1a1cd2d37a9100a80a496108f693ecebc59e14-dirty,1,pager,200,50,130,6205,177818,200,50,1305,49,177625,212559,1,235,38597
fc1a1cd2d37a9100a80a496108f693ecebc59e14-dirty,1,pager,200,50,131,6209,179726,200,50,1334,49,179533,217285,1,212,34851
fc1a1cd2d37a9100a80a496108f693ecebc59e14-dirty,1,pager,200,50,132,6287,180044,200,50,1345,49,179851,219075,1,202,33222
fc1a1cd2d37a9100a80a496108f693ecebc59e14-dirty,1,pager,200,50,133,6291,181793,200,50,1357,49,181600,221094,1,274,44954
fc1a1cd2d37a9100a80a496108f693ecebc59e14-dirty,1,pager,200,50,134,6370,177977,200,50,1370,49,177784,223274,1,202,33222
fc1a1cd2d37a9100a80a496108f693ecebc59e14-dirty,1,pager,200,50,135,6373,177977,200,50,1355,49,177784,220848,1,207,34033
fc1a1cd2d37a9100a80a496108f693ecebc59e14-dirty,1,pager,200,50,136,6447,179408,200,50,1373,49,179215,223778,1,218,35829
fc1a1cd2d37a9100a80a496108f693ecebc59e14-dirty,1,pager,200,50,137,6451,184655,200,50,1402,49,184462,228503,1,240,39413
fc1a1cd2d37a9100a80a496108f693ecebc59e14-dirty,1,pager,200,50,138,6489,189425,200,50,1440,49,189232,234692,1,238,39086
fc1a1cd2d37a9100a80a496108f693ecebc59e14-dirty,1,pager,200,50,139,6530,194831,200,50,1482,49,194638,241535,1,239,39252
fc1a1cd2d37a9100a80a496108f693ecebc59e14-dirty,1,pager,200,50,140,6566,193878,200,50,1511,49,193685,246268,1,204,33549
fc1a1cd2d37a9100a80a496108f693ecebc59e14-dirty,1,pager,200,50,141,6649,193878,200,50,1516,49,193685,247063,1,207,34037
fc1a1cd2d37a9100a80a496108f693ecebc59e14-dirty,1,pager,200,50,142,6653,192925,200,50,1521,49,192732,247858,1,204,33549
fc1a1cd2d37a9100a80a496108f693ecebc59e14-dirty,1,pager,200,50,143,6690,191812,200,50,1524,49,191619,248323,1,203,33384
fc1a1cd2d37a9100a80a496108f693ecebc59e14-dirty,1,pager,200,50,144,6726,191176,200,50,1527,49,190983,248787,1,206,33873
fc1a1cd2d37a9100a80a496108f693ecebc59e14-dirty,1,pager,200,50,145,6767,191018,200,50,1537,49,190825,250417,1,209,34364
fc1a1cd2d37a9100a80a496108f693ecebc59e14-dirty,1,pager,200,50,146,6849,194043,200,50,1568,49,193850,255412,1,230,37790
fc1a1cd2d37a9100a80a496108f693ecebc59e14-dirty,1,pager,200,50,147,6853,197383,200,50,1596,49,197190,259897,1,232,38113
fc1a1cd2d37a9100a80a496108f693ecebc59e14-dirty,1,pager,200,50,148,6886,200087,200,50,1618,49,199894,263410,1,228,37461
fc1a1cd2d37a9100a80a496108f693ecebc59e14-dirty,1,pager,200,50,149,6968,198975,200,50,1644,49,198782,267629,1,202,33223
fc1a1cd2d37a9100a80a496108f693ecebc59e14-dirty,1,pager,200,50,150,6972,199771,200,50,1655,49,199578,269422,1,215,35342
fc1a1cd2d37a9100a80a496108f693ecebc59e14-dirty,1,pager,200,50,151,7009,196432,200,50,1648,49,196239,268298,1,202,33222
fc1a1cd2d37a9100a80a496108f693ecebc59e14-dirty,1,pager,200,50,152,7045,197386,200,50,1632,49,197193,265709,1,207,34033
fc1a1cd2d37a9100a80a496108f693ecebc59e14-dirty,1,pager,200,50,153,7087,202156,200,50,1663,49,201963,270738,1,254,41697
fc1a1cd2d37a9100a80a496108f693ecebc59e14-dirty,1,pager,200,50,154,7128,202315,200,50,1691,49,202122,275237,1,202,33222
fc1a1cd2d37a9100a80a496108f693ecebc59e14-dirty,1,pager,200,50,155,7169,202474,200,50,1692,49,202281,275311,1,201,33060
fc1a1cd2d37a9100a80a496108f693ecebc59e14-dirty,1,pager,200,50,156,7246,191185,200,50,1629,49,190992,265113,1,201,33060
fc1a1cd2d37a9100a80a496108f693ecebc59e14-dirty,1,pager,200,50,157,7250,187522,200,50,1598,49,187329,260094,1,252,41365
fc1a1cd2d37a9100a80a496108f693ecebc59e14-dirty,1,pager,200,50,158,7287,185932,200,50,1574,49,185739,256204,1,211,34685
fc1a1cd2d37a9100a80a496108f693ecebc59e14-dirty,1,pager,200,50,159,7370,194677,200,50,1612,49,194484,262370,1,257,42186
fc1a1cd2d37a9100a80a496108f693ecebc59e14-dirty,1,pager,200,50,160,7375,206443,200,50,1677,49,206250,272974,1,279,45772
fc1a1cd2d37a9100a80a496108f693ecebc59e14-dirty,1,pager,200,50,161,7406,213121,200,50,1750,49,212928,284837,1,242,39742
fc1a1cd2d37a9100a80a496108f693ecebc59e14-dirty,1,pager,200,50,162,7489,213439,200,50,1791,49,213246,291473,1,202,33222
fc1a1cd2d37a9100a80a496108f693ecebc59e14-dirty,1,pager,200,50,163,7493,205012,200,50,1743,49,204819,283675,1,201,33060
fc1a1cd2d37a9100a80a496108f693ecebc59e14-dirty,1,pager,200,50,164,7529,190225,200,50,1649,49,190032,268447,1,201,33060
fc1a1cd2d37a9100a80a496108f693ecebc59e14-dirty,1,pager,200,50,165,7606,196426,200,50,1595,49,196233,259689,1,235,38594
fc1a1cd2d37a9100a80a496108f693ecebc59e14-dirty,1,pager,200,50,166,7611,201514,200,50,1631,49,201321,265484,1,229,37619
fc1a1cd2d37a9100a80a496108f693ecebc59e14-dirty,1,pager,200,50,167,7648,198493,200,50,1619,49,198300,263574,1,228,37459
fc1a1cd2d37a9100a80a496108f693ecebc59e14-dirty,1,pager,200,50,168,7689,195472,200,50,1582,49,195279,257528,1,230,37785
fc1a1cd2d37a9100a80a496108f693ecebc59e14-dirty,1,pager,200,50,169,7766,199924,200,50,1547,49,199731,251803,1,229,37622
fc1a1cd2d37a9100a80a496108f693ecebc59e14-dirty,1,pager,200,50,170,7770,201673,200,50,1572,49,201480,255848,1,209,34362
fc1a1cd2d37a9100a80a496108f693ecebc59e14-dirty,1,pager,200,50,171,7808,194041,200,50,1536,49,193848,250019,1,203,33384
fc1a1cd2d37a9100a80a496108f693ecebc59e14-dirty,1,pager,200,50,172,7849,192451,200,50,1505,49,192258,244944,1,217,35663
fc1a1cd2d37a9100a80a496108f693ecebc59e14-dirty,1,pager,200,50,173,7890,191815,200,50,1502,49,191622,244411,1,225,36970
fc1a1cd2d37a9100a80a496108f693ecebc59e14-dirty,1,pager,200,50,174,7967,190225,200,50,1508,49,190032,245392,1,223,36644
fc1a1cd2d37a9100a80a496108f693ecebc59e14-dirty,1,pager,200,50,175,7971,183865,200,50,1483,49,183672,241340,1,228,37459
fc1a1cd2d37a9100a80a496108f693ecebc59e14-dirty,1,pager,200,50,176,8009,187363,200,50,1435,49,187170,233553,1,222,36481
fc1a1cd2d37a9100a80a496108f693ecebc59e14-dirty,1,pager,200,50,177,8087,191338,200,50,1448,49,191145,235634,1,225,36970
fc1a1cd2d37a9100a80a496108f693ecebc59e14-dirty,1,pager,200,50,178,8091,182752,200,50,1385,49,182559,225404,1,227,37296
fc1a1cd2d37a9100a80a496108f693ecebc59e14-dirty,1,pager,200,50,179,8169,180844,200,50,1316,49,180651,214203,1,227,37296
fc1a1cd2d37a9100a80a496108f693ecebc59e14-dirty,1,pager,200,50,180,8173,183229,200,50,1296,49,183036,210970,1,228,37459
fc1a1cd2d37a9100a80a496108f693ecebc59e14-dirty,1,pager,200,50,181,8210,183229,200,50,1312,49,183036,213583,1,202,33222
fc1a1cd2d37a9100a80a496108f693ecebc59e14-dirty,1,pager,200,50,182,8246,170827,200,50,1241,49,170634,202081,1,201,33060
fc1a1cd2d37a9100a80a496108f693ecebc59e14-dirty,1,pager,200,50,183,8328,170509,200,50,1169,49,170316,190417,1,201,33060
fc1a1cd2d37a9100a80a496108f693ecebc59e14-dirty,1,pager,200,50,184,8332,177346,200,50,1210,49,177153,197090,1,247,40550
fc1a1cd2d37a9100a80a496108f693ecebc59e14-dirty,1,pager,200,50,185,8370,189112,200,50,1282,49,188919,208809,1,285,46748
fc1a1cd2d37a9100a80a496108f693ecebc59e14-dirty,1,pager,200,50,186,8406,182593,200,50,1336,49,182400,217608,1,201,33060
fc1a1cd2d37a9100a80a496108f693ecebc59e14-dirty,1,pager,200,50,187,8488,176392,200,50,1297,49,176199,211272,1,201,33060
fc1a1cd2d37a9100a80a496108f693ecebc59e14-dirty,1,pager,200,50,188,8492,184024,200,50,1333,49,183831,217153,1,281,46092
fc1a1cd2d37a9100a80a496108f693ecebc59e14-dirty,1,pager,200,50,189,8566,189270,200,50,1378,49,189077,224505,1,233,38271
fc1a1cd2d37a9100a80a496108f693ecebc59e14-dirty,1,pager,200,50,190,8570,193404,200,50,1401,49,193211,228247,1,232,38108
fc1a1cd2d37a9100a80a496108f693ecebc59e14-dirty,1,pager,200,50,191,8607,197378,200,50,1423,49,197185,231834,1,226,37130
fc1a1cd2d37a9100a80a496108f693ecebc59e14-dirty,1,pager,200,50,192,8649,203261,200,50,1457,49,203068,237321,1,239,39249
fc1a1cd2d37a9100a80a496108f693ecebc59e14-dirty,1,pager,200,50,193,8690,209780,200,50,1499,49,209587,244115,1,241,39578
fc1a1cd2d37a9100a80a496108f693ecebc59e14-dirty,1,pager,200,50,194,8726,210416,200,50,1527,49,210223,248689,1,213,35016
fc1a1cd2d37a9100a80a496108f693ecebc59e14-dirty,1,pager,200,50,195,8809,208982,200,50,1513,49,208789,246436,1,221,36320
fc1a1cd2d37a9100a80a496108f693ecebc59e14-dirty,1,pager,200,50,196,8813,207710,200,50,1505,49,207517,245111,1,226,37135
fc1a1cd2d37a9100a80a496108f693ecebc59e14-dirty,1,pager,200,50,197,8886,212482,200,50,1538,49,212289,250463,1,257,42189
fc1a1cd2d37a9100a80a496108f693ecebc59e14-dirty,1,pager,200,50,198,8890,213594,200,50,1569,49,213401,255479,1,207,34033
fc1a1cd2d37a9100a80a496108f693ecebc59e14-dirty,1,pager,200,50,199,8968,212957,200,50,1568,49,212764,255255,1,211,34688
fc1a1cd2d37a9100a80a496108f693ecebc59e14-dirty,1,pager,200,50,200,8972,213594,200,50,1563,49,213401,254375,1,206,33875
fc1a1cd2d37a9100a80a496108f693ecebc59e14-dirty,1,pager,200,50,201,9050,213118,200,50,1561,49,212925,254018,1,206,33875
fc1a1cd2d37a9100a80a496108f693ecebc59e14-dirty,1,pager,200,50,202,9054,205010,200,50,1506,49,204817,245112,1,206,33875
fc1a1cd2d37a9100a80a496108f693ecebc59e14-dirty,1,pager,200,50,203,9128,209463,200,50,1482,49,209270,241256,1,231,37950
fc1a1cd2d37a9100a80a496108f693ecebc59e14-dirty,1,pager,200,50,204,9132,213598,200,50,1495,49,213405,243344,1,228,37461
fc1a1cd2d37a9100a80a496108f693ecebc59e14-dirty,1,pager,200,50,205,9210,217415,200,50,1507,49,217222,245265,1,225,36972
fc1a1cd2d37a9100a80a496108f693ecebc59e14-dirty,1,pager,200,50,206,9215,208670,200,50,1481,49,208477,241055,1,203,33384
fc1a1cd2d37a9100a80a496108f693ecebc59e14-dirty,1,pager,200,50,207,9247,206921,200,50,1432,49,206728,233113,1,202,33222
fc1a1cd2d37a9100a80a496108f693ecebc59e14-dirty,1,pager,200,50,208,9288,198017,200,50,1374,49,197824,223711,1,201,33060
fc1a1cd2d37a9100a80a496108f693ecebc59e14-dirty,1,pager,200,50,209,9370,187205,200,50,1316,49,187012,214292,1,212,34845
fc1a1cd2d37a9100a80a496108f693ecebc59e14-dirty,1,pager,200,50,210,9374,186092,200,50,1265,49,185899,206049,1,236,38757
fc1a1cd2d37a9100a80a496108f693ecebc59e14-dirty,1,pager,200,50,211,9447,187523,200,50,1251,49,187330,203794,1,211,34682
fc1a1cd2d37a9100a80a496108f693ecebc59e14-dirty,1,pager,200,50,212,9451,191975,200,50,1270,49,191782,206866,1,229,37616
fc1a1cd2d37a9100a80a496108f693ecebc59e14-dirty,1,pager,200,50,213,9489,198653,200,50,1302,49,198460,212068,1,243,39898
fc1a1cd2d37a9100a80a496108f693ecebc59e14-dirty,1,pager,200,50,214,9530,192293,200,50,1310,49,192100,213389,1,201,33060
fc1a1cd2d37a9100a80a496108f693ecebc59e14-dirty,1,pager,200,50,215,9567,188795,200,50,1282,49,188602,208844,1,209,34356
fc1a1cd2d37a9100a80a496108f693ecebc59e14-dirty,1,pager,200,50,216,9608,187205,200,50,1268,49,187012,206575,1,216,35498
fc1a1cd2d37a9100a80a496108f693ecebc59e14-dirty,1,pager,200,50,217,9690,184820,200,50,1272,49,184627,207220,1,213,35008
fc1a1cd2d37a9100a80a496108f693ecebc59e14-dirty,1,pager,200,50,218,9694,182753,200,50,1271,49,182560,207059,1,215,35334
fc1a1cd2d37a9100a80a496108f693ecebc59e14-dirty,1,pager,200,50,219,9726,182276,200,50,1256,49,182083,204625,1,207,34032
fc1a1cd2d37a9100a80a496108f693ecebc59e14-dirty,1,pager,200,50,220,9808,183071,200,50,1251,49,182878,203791,1,208,34194
fc1a1cd2d37a9100a80a496108f693ecebc59e14-dirty,1,pager,200,50,221,9812,181799,200,50,1242,49,181606,202337,1,210,34519
fc1a1cd2d37a9100a80a496108f693ecebc59e14-dirty,1,pager,200,50,222,9886,179891,200,50,1223,49,179698,199268,1,213,35008
fc1a1cd2d37a9100a80a496108f693ecebc59e14-dirty,1,pager,200,50,223,9890,178460,200,50,1212,49,178267,197443,1,214,35171
fc1a1cd2d37a9100a80a496108f693ecebc59e14-dirty,1,pager,200,50,224,9927,175757,200,50,1204,49,175564,196060,1,212,34845
fc1a1cd2d37a9100a80a496108f693ecebc59e14-dirty,1,pager,200,50,225,9968,174644,200,50,1199,49,174451,195172,1,216,35497
fc1a1cd2d37a9100a80a496108f693ecebc59e14-dirty,1,pager,200,50,226,10050,170669,200,50,1201,49,170476,195502,1,201,33060
fc1a1cd2d37a9100a80a496108f693ecebc59e14-dirty,1,pager,200,50,227,10054,172895,200,50,1229,49,172702,199988,1,239,39247
fc1a1cd2d37a9100a80a496108f693ecebc59e14-dirty,1,pager,200,50,228,10087,173054,200,50,1251,49,172861,203496,1,226,37128
fc1a1cd2d37a9100a80a496108f693ecebc59e14-dirty,1,pager,200,50,229,10169,172100,200,50,1259,49,171907,204780,1,222,36476
fc1a1cd2d37a9100a80a496108f693ecebc59e14-dirty,1,pager,200,50,230,10173,176393,200,50,1253,49,176200,203802,1,227,37291
fc1a1cd2d37a9100a80a496108f693ecebc59e14-dirty,1,pager,200,50,231,10246,181163,200,50,1272,49,180970,206862,1,232,38106
fc1a1cd2d37a9100a80a496108f693ecebc59e14-dirty,1,pager,200,50,232,10250,181163,200,50,1303,49,180970,211862,1,201,33060
fc1a1cd2d37a9100a80a496108f693ecebc59e14-dirty,1,pager,200,50,233,10288,185935,200,50,1331,49,185742,216435,1,275,45116
fc1a1cd2d37a9100a80a496108f693ecebc59e14-dirty,1,pager,200,50,234,10329,180213,200,50,1313,49,180020,213582,1,253,41530
fc1a1cd2d37a9100a80a496108f693ecebc59e14-dirty,1,pager,200,50,235,10406,180054,200,50,1281,49,179861,208424,1,201,33060
fc1a1cd2d37a9100a80a496108f693ecebc59e14-dirty,1,pager,200,50,236,10410,184983,200,50,1307,49,184790,212599,1,227,37291
fc1a1cd2d37a9100a80a496108f693ecebc59e14-dirty,1,pager,200,50,237,10447,179736,200,50,1284,49,179543,208872,1,253,41531
fc1a1cd2d37a9100a80a496108f693ecebc59e14-dirty,1,pager,200,50,238,10530,180372,200,50,1251,49,180179,203570,1,238,39086
fc1a1cd2d37a9100a80a496108f693ecebc59e14-dirty,1,pager,200,50,239,10534,178623,200,50,1260,49,178430,205051,1,225,36966
fc1a1cd2d37a9100a80a496108f693ecebc59e14-dirty,1,pager,200,50,240,10607,180531,200,50,1267,49,180338,206212,1,236,38760
fc1a1cd2d37a9100a80a496108f693ecebc59e14-dirty,1,pager,200,50,241,10611,182759,200,50,1285,49,182566,209187,1,255,41862
fc1a1cd2d37a9100a80a496108f693ecebc59e14-dirty,1,pager,200,50,242,10689,175604,200,50,1293,49,175411,210510,1,202,33222
fc1a1cd2d37a9100a80a496108f693ecebc59e14-dirty,1,pager,200,50,243,10693,185304,200,50,1327,49,185111,216075,1,275,45118
fc1a1cd2d37a9100a80a496108f693ecebc59e14-dirty,1,pager,200,50,244,10767,194048,200,50,1384,49,193855,225367,1,275,45117
fc1a1cd2d37a9100a80a496108f693ecebc59e14-dirty,1,pager,200,50,245,10771,197545,200,50,1433,49,197352,233349,1,244,40064
fc1a1cd2d37a9100a80a496108f693ecebc59e14-dirty,1,pager,200,50,246,10809,194521,200,50,1422,49,194328,231603,1,239,39248
fc1a1cd2d37a9100a80a496108f693ecebc59e14-dirty,1,pager,200,50,247,10886,206128,200,50,1444,49,205935,235245,1,284,46583
fc1a1cd2d37a9100a80a496108f693ecebc59e14-dirty,1,pager,200,50,248,10890,204538,200,50,1515,49,204345,246817,1,201,33060
fc1a1cd2d37a9100a80a496108f693ecebc59e14-dirty,1,pager,200,50,249,10927,203583,200,50,1506,49,203390,245333,1,201,33060
fc1a1cd2d37a9100a80a496108f693ecebc59e14-dirty,1,pager,200,50,250,10969,211373,200,50,1552,49,211180,252797,1,250,41038
fc1a1cd2d37a9100a80a496108f693ecebc59e14-dirty,1,pager,200,50,251,11010,215983,200,50,1604,49,215790,261243,1,236,38759
fc1a1cd2d37a9100a80a496108f693ecebc59e14-dirty,1,pager,200,50,252,11051,216618,200,50,1611,49,216425,262375,1,234,38437
fc1a1cd2d37a9100a80a496108f693ecebc59e14-dirty,1,pager,200,50,253,11129,215345,200,50,1629,49,215152,265280,1,220,36155
fc1a1cd2d37a9100a80a496108f693ecebc59e14-dirty,1,pager,200,50,254,11133,211687,200,50,1636,49,211494,266422,1,201,33060
fc1a1cd2d37a9100a80a496108f693ecebc59e14-dirty,1,pager,200,50,255,11211,211210,200,50,1611,49,211017,262357,1,201,33060
fc1a1cd2d37a9100a80a496108f693ecebc59e14-dirty,1,pager,200,50,256,11215,220909,200,50,1665,49,220716,271139,1,257,42180
fc1a1cd2d37a9100a80a496108f693ecebc59e14-dirty,1,pager,200,50,257,11288,226633,200,50,1722,49,226440,280414,1,234,38434
fc1a1cd2d37a9100a80a496108f693ecebc59e14-dirty,1,pager,200,50,258,11293,233788,200,50,1763,49,233595,287105,1,255,41857
fc1a1cd2d37a9100a80a496108f693ecebc59e14-dirty,1,pager,200,50,259,11330,236014,200,50,1786,49,235821,290876,1,248,40716
fc1a1cd2d37a9100a80a496108f693ecebc59e14-dirty,1,pager,200,50,260,11372,242215,200,50,1803,49,242022,293667,1,249,40879
fc1a1cd2d37a9100a80a496108f693ecebc59e14-dirty,1,pager,200,50,261,11408,246508,200,50,1834,49,246315,298731,1,254,41694
fc1a1cd2d37a9100a80a496108f693ecebc59e14-dirty,1,pager,200,50,262,11491,239830,200,50,1854,49,239637,302016,1,201,33060
fc1a1cd2d37a9100a80a496108f693ecebc59e14-dirty,1,pager,200,50,263,11495,244441,200,50,1837,49,244248,299282,1,227,37293
fc1a1cd2d37a9100a80a496108f693ecebc59e14-dirty,1,pager,200,50,264,11527,246667,200,50,1856,49,246474,302379,1,226,37133
fc1a1cd2d37a9100a80a496108f693ecebc59e14-dirty,1,pager,200,50,265,11569,244123,200,50,1865,49,243930,303853,1,202,33222
fc1a1cd2d37a9100a80a496108f693ecebc59e14-dirty,1,pager,200,50,266,11610,241897,200,50,1849,49,241704,301231,1,201,33060
fc1a1cd2d37a9100a80a496108f693ecebc59e14-dirty,1,pager,200,50,267,11651,245713,200,50,1877,49,245520,305778,1,240,39411
fc1a1cd2d37a9100a80a496108f693ecebc59e14-dirty,1,pager,200,50,268,11688,244600,200,50,1906,49,244407,310495,1,201,33060
fc1a1cd2d37a9100a80a496108f693ecebc59e14-dirty,1,pager,200,50,269,11729,243328,200,50,1902,49,243135,309830,1,201,33060
fc1a1cd2d37a9100a80a496108f693ecebc59e14-dirty,1,pager,200,50,270,11770,246031,200,50,1922,49,245838,313073,1,227,37290
fc1a1cd2d37a9100a80a496108f693ecebc59e14-dirty,1,pager,200,50,271,11848,251119,200,50,1962,49,250926,319566,1,250,41041
fc1a1cd2d37a9100a80a496108f693ecebc59e14-dirty,1,pager,200,50,272,11852,249052,200,50,2008,49,248859,326986,1,201,33060
fc1a1cd2d37a9100a80a496108f693ecebc59e14-dirty,1,pager,200,50,273,11889,246985,200,50,1999,49,246792,325459,1,201,33060
fc1a1cd2d37a9100a80a496108f693ecebc59e14-dirty,1,pager,200,50,274,11930,255889,200,50,2059,49,255696,335196,1,273,44788
fc1a1cd2d37a9100a80a496108f693ecebc59e14-dirty,1,pager,200,50,275,11972,255889,200,50,2116,49,255696,344476,1,201,33060
fc1a1cd2d37a9100a80a496108f693ecebc59e14-dirty,1,pager,200,50,276,12008,256684,200,50,2121,49,256491,345271,1,244,40061
fc1a1cd2d37a9100a80a496108f693ecebc59e14-dirty,1,pager,200,50,277,12050,259864,200,50,2142,49,259671,348663,1,243,39901
fc1a1cd2d37a9100a80a496108f693ecebc59e14-dirty,1,pager,200,50,278,12091,257638,200,50,2165,49,257445,352388,1,208,34199
fc1a1cd2d37a9100a80a496108f693ecebc59e14-dirty,1,pager,200,50,279,12168,253504,200,50,2152,49,253311,350253,1,203,33384
fc1a1cd2d37a9100a80a496108f693ecebc59e14-dirty,1,pager,200,50,280,12173,257002,200,50,2183,49,256809,355266,1,253,41530
fc1a1cd2d37a9100a80a496108f693ecebc59e14-dirty,1,pager,200,50,281,12210,270201,200,50,2226,49,270008,362256,1,269,44141
fc1a1cd2d37a9100a80a496108f693ecebc59e14-dirty,1,pager,200,50,282,12288,258592,200,50,2220,49,258399,361280,1,208,34195
fc1a1cd2d37a9100a80a496108f693ecebc59e14-dirty,1,pager,200,50,283,12292,251753,200,50,2163,49,251560,351982,1,214,35177
fc1a1cd2d37a9100a80a496108f693ecebc59e14-dirty,1,pager,200,50,284,12370,253980,200,50,2128,49,253787,346265,1,215,35342
fc1a1cd2d37a9100a80a496108f693ecebc59e14-dirty,1,pager,200,50,285,12376,258274,200,50,2154,49,258081,350492,1,254,41699
fc1a1cd2d37a9100a80a496108f693ecebc59e14-dirty,1,pager,200,50,286,12412,249529,200,50,2151,49,249336,349987,1,203,33384
fc1a1cd2d37a9100a80a496108f693ecebc59e14-dirty,1,pager,200,50,287,12448,243328,200,50,2104,49,243135,342291,1,202,33222
fc1a1cd2d37a9100a80a496108f693ecebc59e14-dirty,1,pager,200,50,288,12489,239671,200,50,2067,49,239478,336302,1,201,33060
fc1a1cd2d37a9100a80a496108f693ecebc59e14-dirty,1,pager,200,50,289,12571,233152,200,50,2032,49,232959,330588,1,201,33060
fc1a1cd2d37a9100a80a496108f693ecebc59e14-dirty,1,pager,200,50,290,12575,233152,200,50,2024,49,232959,329284,1,249,40878
fc1a1cd2d37a9100a80a496108f693ecebc59e14-dirty,1,pager,200,50,291,12608,240148,200,50,2021,49,239955,328806,1,244,40064
fc1a1cd2d37a9100a80a496108f693ecebc59e14-dirty,1,pager,200,50,292,12650,231560,200,50,1989,49,231367,323631,1,219,35989
fc1a1cd2d37a9100a80a496108f693ecebc59e14-dirty,1,pager,200,50,293,12732,231719,200,50,1980,49,231526,322220,1,263,43164
fc1a1cd2d37a9100a80a496108f693ecebc59e14-dirty,1,pager,200,50,294,12736,225995,200,50,1971,49,225802,320824,1,208,34199
fc1a1cd2d37a9100a80a496108f693ecebc59e14-dirty,1,pager,200,50,295,12768,222975,200,50,1948,49,222782,317068,1,220,36157
fc1a1cd2d37a9100a80a496108f693ecebc59e14-dirty,1,pager,200,50,296,12809,210255,200,50,1887,49,210062,307152,1,202,33222
fc1a1cd2d37a9100a80a496108f693ecebc59e14-dirty,1,pager,200,50,297,12850,210414,200,50,1805,49,210221,293822,1,202,33222
fc1a1cd2d37a9100a80a496108f693ecebc59e14-dirty,1,pager,200,50,298,12928,222180,200,50,1867,49,221987,303874,1,264,43324
fc1a1cd2d37a9100a80a496108f693ecebc59e14-dirty,1,pager,200,50,299,12932,214866,200,50,1881,49,214673,306165,1,208,34195
fc1a1cd2d37a9100a80a496108f693ecebc59e14-dirty,1,pager,200,50,300,12969,211686,200,50,1847,49,211493,300628,1,216,35503
fc1a1cd2d37a9100a80a496108f693ecebc59e14-dirty,1,pager,200,50,301,13050,206598,200,50,1826,49,206405,297192,1,202,33222
fc1a1cd2d37a9100a80a496108f693ecebc59e14-dirty,1,pager,200,50,302,13055,203736,200,50,1795,49,203543,292145,1,201,33060
fc1a1cd2d37a9100a80a496108f693ecebc59e14-dirty,1,pager,200,50,303,13128,211686,200,50,1827,49,211493,297347,1,252,41365
fc1a1cd2d37a9100a80a496108f693ecebc59e14-dirty,1,pager,200,50,304,13133,219159,200,50,1853,49,218966,301561,1,249,40876
fc1a1cd2d37a9100a80a496108f693ecebc59e14-dirty,1,pager,200,50,305,13211,215979,200,50,1822,49,215786,296573,1,244,40061
fc1a1cd2d37a9100a80a496108f693ecebc59e14-dirty,1,pager,200,50,306,13215,219477,200,50,1804,49,219284,293668,1,263,43158
fc1a1cd2d37a9100a80a496108f693ecebc59e14-dirty,1,pager,200,50,307,13247,218682,200,50,1786,49,218489,290749,1,252,41365
fc1a1cd2d37a9100a80a496108f693ecebc59e14-dirty,1,pager,200,50,308,13288,215820,200,50,1763,49,215627,287052,1,235,38594
fc1a1cd2d37a9100a80a496108f693ecebc59e14-dirty,1,pager,200,50,309,13371,220908,200,50,1799,49,220715,292932,1,278,45606
fc1a1cd2d37a9100a80a496108f693ecebc59e14-dirty,1,pager,200,50,310,13375,212322,200,50,1826,49,212129,297331,1,202,33222
fc1a1cd2d37a9100a80a496108f693ecebc59e14-dirty,1,pager,200,50,311,13412,217092,200,50,1803,49,216899,293582,1,230,37780
fc1a1cd2d37a9100a80a496108f693ecebc59e14-dirty,1,pager,200,50,312,13448,214707,200,50,1806,49,214514,294093,1,215,35334
fc1a1cd2d37a9100a80a496108f693ecebc59e14-dirty,1,pager,200,50,313,13531,225042,200,50,1863,49,224849,303335,1,282,46257
fc1a1cd2d37a9100a80a496108f693ecebc59e14-dirty,1,pager,200,50,314,13535,236172,200,50,1917,49,235979,312087,1,269,44138
fc1a1cd2d37a9100a80a496108f693ecebc59e14-dirty,1,pager,200,50,315,13567,236490,200,50,1986,49,236297,323284,1,202,33222
fc1a1cd2d37a9100a80a496108f693ecebc59e14-dirty,1,pager,200,50,316,13609,231879,200,50,1958,49,231686,318708,1,211,34682
fc1a1cd2d37a9100a80a496108f693ecebc59e14-dirty,1,pager,200,50,317,13691,235854,200,50,1936,49,235661,315126,1,226,37127
fc1a1cd2d37a9100a80a496108f693ecebc59e14-dirty,1,pager,200,50,318,13695,239193,200,50,1952,49,239000,317726,1,222,36475
fc1a1cd2d37a9100a80a496108f693ecebc59e14-dirty,1,pager,200,50,319,13727,234741,200,50,1947,49,234548,316886,1,201,33060
fc1a1cd2d37a9100a80a496108f693ecebc59e14-dirty,1,pager,200,50,320,13769,234423,200,50,1941,49,234230,315882,1,243,39898
fc1a1cd2d37a9100a80a496108f693ecebc59e14-dirty,1,pager,200,50,321,13810,238239,200,50,1923,49,238046,312936,1,226,37127
fc1a1cd2d37a9100a80a496108f693ecebc59e14-dirty,1,pager,200,50,322,13887,238239,200,50,1948,49,238046,316987,1,201,33060
fc1a1cd2d37a9100a80a496108f693ecebc59e14-dirty,1,pager,200,50,323,13892,228540,200,50,1885,49,228347,306773,1,210,34519
fc1a1cd2d37a9100a80a496108f693ecebc59e14-dirty,1,pager,200,50,324,13929,228540,200,50,1822,49,228347,296524,1,201,33060
fc1a1cd2d37a9100a80a496108f693ecebc59e14-dirty,1,pager,200,50,325,13970,226791,200,50,1812,49,226598,294883,1,234,38431
fc1a1cd2d37a9100a80a496108f693ecebc59e14-dirty,1,pager,200,50,326,14011,219318,200,50,1798,49,219125,292645,1,201,33060
fc1a1cd2d37a9100a80a496108f693ecebc59e14-dirty,1,pager,200,50,327,14052,221385,200,50,1774,49,221192,288769,1,218,35823
fc1a1cd2d37a9100a80a496108f693ecebc59e14-dirty,1,pager,200,50,328,14088,226155,200,50,1798,49,225962,292685,1,232,38107
fc1a1cd2d37a9100a80a496108f693ecebc59e14-dirty,1,pager,200,50,329,14170,220590,200,50,1777,49,220397,289266,1,218,35825
fc1a1cd2d37a9100a80a496108f693ecebc59e14-dirty,1,pager,200,50,330,14175,211525,200,50,1727,49,211332,281137,1,225,36966
fc1a1cd2d37a9100a80a496108f693ecebc59e14-dirty,1,pager,200,50,331,14212,213274,200,50,1682,49,213081,273830,1,220,36151
fc1a1cd2d37a9100a80a496108f693ecebc59e14-dirty,1,pager,200,50,332,14248,211366,200,50,1685,49,211173,274268,1,201,33060
fc1a1cd2d37a9100a80a496108f693ecebc59e14-dirty,1,pager,200,50,333,14289,209139,200,50,1668,49,208946,271453,1,201,33060
fc1a1cd2d37a9100a80a496108f693ecebc59e14-dirty,1,pager,200,50,334,14330,202301,200,50,1628,49,202108,264954,1,213,35008
fc1a1cd2d37a9100a80a496108f693ecebc59e14-dirty,1,pager,200,50,335,14371,208661,200,50,1613,49,208468,262536,1,235,38597
fc1a1cd2d37a9100a80a496108f693ecebc59e14-dirty,1,pager,200,50,336,14408,215180,200,50,1654,49,214987,269218,1,240,39415
fc1a1cd2d37a9100a80a496108f693ecebc59e14-dirty,1,pager,200,50,337,14449,218519,200,50,1690,49,218326,275027,1,218,35829
fc1a1cd2d37a9100a80a496108f693ecebc59e14-dirty,1,pager,200,50,338,14532,224085,200,50,1727,49,223892,280994,1,236,38765
fc1a1cd2d37a9100a80a496108f693ecebc59e14-dirty,1,pager,200,50,339,14536,218360,200,50,1712,49,218167,278586,1,220,36157
fc1a1cd2d37a9100a80a496108f693ecebc59e14-dirty,1,pager,200,50,340,14568,211523,200,50,1681,49,211330,273577,1,203,33384
fc1a1cd2d37a9100a80a496108f693ecebc59e14-dirty,1,pager,200,50,341,14609,214862,200,50,1677,49,214669,272967,1,239,39252
fc1a1cd2d37a9100a80a496108f693ecebc59e14-dirty,1,pager,200,50,342,14690,202778,200,50,1648,49,202585,268258,1,201,33060
fc1a1cd2d37a9100a80a496108f693ecebc59e14-dirty,1,pager,200,50,343,14694,202460,200,50,1590,49,202267,258840,1,206,33873
fc1a1cd2d37a9100a80a496108f693ecebc59e14-dirty,1,pager,200,50,344,14768,208502,200,50,1626,49,208309,264705,1,256,42025
fc1a1cd2d37a9100a80a496108f693ecebc59e14-dirty,1,pager,200,50,345,14772,212001,200,50,1661,49,211808,270390,1,225,36972
fc1a1cd2d37a9100a80a496108f693ecebc59e14-dirty,1,pager,200,50,346,14811,213115,200,50,1684,49,212922,274108,1,209,34364
fc1a1cd2d37a9100a80a496108f693ecebc59e14-dirty,1,pager,200,50,347,14893,204848,200,50,1640,49,204655,266976,1,221,36320
fc1a1cd2d37a9100a80a496108f693ecebc59e14-dirty,1,pager,200,50,348,14897,203735,200,50,1597,49,203542,259955,1,202,33222
fc1a1cd2d37a9100a80a496108f693ecebc59e14-dirty,1,pager,200,50,349,14969,201668,200,50,1580,49,201475,257128,1,202,33222
fc1a1cd2d37a9100a80a496108f693ecebc59e14-dirty,1,pager,200,50,350,14974,201350,200,50,1565,49,201157,254671,1,201,33060
fc1a1cd2d37a9100a80a496108f693ecebc59e14-dirty,1,pager,200,50,351,15011,208346,200,50,1601,49,208153,260509,1,239,39249
fc1a1cd2d37a9100a80a496108f693ecebc59e14-dirty,1,pager,200,50,352,15088,203735,200,50,1589,49,203542,258524,1,220,36155
fc1a1cd2d37a9100a80a496108f693ecebc59e14-dirty,1,pager,200,50,353,15092,201828,200,50,1598,49,201635,259936,1,234,38439
fc1a1cd2d37a9100a80a496108f693ecebc59e14-dirty,1,pager,200,50,354,15129,195309,200,50,1606,49,195116,261195,1,202,33222
fc1a1cd2d37a9100a80a496108f693ecebc59e14-dirty,1,pager,200,50,355,15210,193560,200,50,1610,49,193367,261875,1,246,40393
fc1a1cd2d37a9100a80a496108f693ecebc59e14-dirty,1,pager,200,50,356,15248,190857,200,50,1609,49,190664,261729,1,234,38437
fc1a1cd2d37a9100a80a496108f693ecebc59e14-dirty,1,pager,200,50,357,15252,186087,200,50,1615,49,185894,262715,1,202,33222
fc1a1cd2d37a9100a80a496108f693ecebc59e14-dirty,1,pager,200,50,358,15289,173049,200,50,1535,49,172856,249741,1,201,33060
fc1a1cd2d37a9100a80a496108f693ecebc59e14-dirty,1,pager,200,50,359,15330,174639,200,50,1467,49,174446,238694,1,212,34847
fc1a1cd2d37a9100a80a496108f693ecebc59e14-dirty,1,pager,200,50,360,15371,176547,200,50,1475,49,176354,239998,1,237,38923
fc1a1cd2d37a9100a80a496108f693ecebc59e14-dirty,1,pager,200,50,361,15448,179568,200,50,1485,49,179375,241634,1,230,37785
fc1a1cd2d37a9100a80a496108f693ecebc59e14-dirty,1,pager,200,50,362,15452,173208,200,50,1442,49,173015,234709,1,246,40393
fc1a1cd2d37a9100a80a496108f693ecebc59e14-dirty,1,pager,200,50,363,15489,167007,200,50,1405,49,166814,228754,1,233,38274
fc1a1cd2d37a9100a80a496108f693ecebc59e14-dirty,1,pager,200,50,364,15572,168757,200,50,1369,49,168564,222928,1,212,34853
fc1a1cd2d37a9100a80a496108f693ecebc59e14-dirty,1,pager,200,50,365,15575,174164,200,50,1401,49,173971,228130,1,239,39254
fc1a1cd2d37a9100a80a496108f693ecebc59e14-dirty,1,pager,200,50,366,15649,172893,200,50,1424,49,172700,231880,1,220,36157
fc1a1cd2d37a9100a80a496108f693ecebc59e14-dirty,1,pager,200,50,367,15653,177664,200,50,1463,49,177471,238222,1,252,41373
fc1a1cd2d37a9100a80a496108f693ecebc59e14-dirty,1,pager,200,50,368,15690,179255,200,50,1490,49,179062,242623,1,211,34690
fc1a1cd2d37a9100a80a496108f693ecebc59e14-dirty,1,pager,200,50,369,15767,172896,200,50,1459,49,172703,237597,1,203,33386
fc1a1cd2d37a9100a80a496108f693ecebc59e14-dirty,1,pager,200,50,370,15771,170671,200,50,1438,49,170478,234182,1,212,34853
fc1a1cd2d37a9100a80a496108f693ecebc59e14-dirty,1,pager,200,50,371,15808,173215,200,50,1426,49,173022,232239,1,215,35340
fc1a1cd2d37a9100a80a496108f693ecebc59e14-dirty,1,pager,200,50,372,15849,172421,200,50,1430,49,172228,232907,1,206,33875
fc1a1cd2d37a9100a80a496108f693ecebc59e14-dirty,1,pager,200,50,373,15932,178146,200,50,1454,49,177953,236825,1,236,38765
fc1a1cd2d37a9100a80a496108f693ecebc59e14-dirty,1,pager,200,50,374,15936,175921,200,50,1455,49,175728,236991,1,220,36157
fc1a1cd2d37a9100a80a496108f693ecebc59e14-dirty,1,pager,200,50,375,15968,176239,200,50,1441,49,176046,234707,1,202,33222
fc1a1cd2d37a9100a80a496108f693ecebc59e14-dirty,1,pager,200,50,376,16009,173218,200,50,1425,49,173025,232086,1,202,33222
fc1a1cd2d37a9100a80a496108f693ecebc59e14-dirty,1,pager,200,50,377,16050,167971,200,50,1393,49,167778,226872,1,201,33060
fc1a1cd2d37a9100a80a496108f693ecebc59e14-dirty,1,pager,200,50,378,16127,175444,200,50,1417,49,175251,230781,1,256,42020
fc1a1cd2d37a9100a80a496108f693ecebc59e14-dirty,1,pager,200,50,379,16131,181327,200,50,1452,49,181134,236494,1,256,42020
fc1a1cd2d37a9100a80a496108f693ecebc59e14-dirty,1,pager,200,50,380,16210,188005,200,50,1484,49,187812,241699,1,254,41694
fc1a1cd2d37a9100a80a496108f693ecebc59e14-dirty,1,pager,200,50,381,16214,189754,200,50,1518,49,189561,247224,1,212,34847
fc1a1cd2d37a9100a80a496108f693ecebc59e14-dirty,1,pager,200,50,382,16287,200566,200,50,1576,49,200373,256669,1,259,42509
fc1a1cd2d37a9100a80a496108f693ecebc59e14-dirty,1,pager,200,50,383,16292,203428,200,50,1625,49,203235,264614,1,230,37785
fc1a1cd2d37a9100a80a496108f693ecebc59e14-dirty,1,pager,200,50,384,16329,201838,200,50,1593,49,201645,259393,1,230,37785
fc1a1cd2d37a9100a80a496108f693ecebc59e14-dirty,1,pager,200,50,385,16370,196909,200,50,1579,49,196716,257133,1,210,34525
fc1a1cd2d37a9100a80a496108f693ecebc59e14-dirty,1,pager,200,50,386,16411,195161,200,50,1555,49,194968,253238,1,210,34527
fc1a1cd2d37a9100a80a496108f693ecebc59e14-dirty,1,pager,200,50,387,16452,195320,200,50,1551,49,195127,252605,1,238,39091
fc1a1cd2d37a9100a80a496108f693ecebc59e14-dirty,1,pager,200,50,388,16489,204542,200,50,1593,49,204349,259483,1,278,45611
fc1a1cd2d37a9100a80a496108f693ecebc59e14-dirty,1,pager,200,50,389,16530,204383,200,50,1650,49,204190,268795,1,202,33222
fc1a1cd2d37a9100a80a496108f693ecebc59e14-dirty,1,pager,200,50,390,16571,199932,200,50,1624,49,199739,264558,1,212,34853
fc1a1cd2d37a9100a80a496108f693ecebc59e14-dirty,1,pager,200,50,391,16612,200250,200,50,1598,49,200057,260319,1,202,33222
fc1a1cd2d37a9100a80a496108f693ecebc59e14-dirty,1,pager,200,50,392,16648,209472,200,50,1656,49,209279,269742,1,264,43327
fc1a1cd2d37a9100a80a496108f693ecebc59e14-dirty,1,pager,200,50,393,16689,203747,200,50,1662,49,203554,270745,1,220,36155
fc1a1cd2d37a9100a80a496108f693ecebc59e14-dirty,1,pager,200,50,394,16730,202634,200,50,1627,49,202441,265048,1,216,35505
fc1a1cd2d37a9100a80a496108f693ecebc59e14-dirty,1,pager,200,50,395,16771,207086,200,50,1637,49,206893,266669,1,236,38765
fc1a1cd2d37a9100a80a496108f693ecebc59e14-dirty,1,pager,200,50,396,16849,206927,200,50,1653,49,206734,269262,1,220,36157
fc1a1cd2d37a9100a80a496108f693ecebc59e14-dirty,1,pager,200,50,397,16853,207086,200,50,1653,49,206893,269281,1,203,33384
fc1a1cd2d37a9100a80a496108f693ecebc59e14-dirty,1,pager,200,50,398,16890,207086,200,50,1654,49,206893,269434,1,202,33222
fc1a1cd2d37a9100a80a496108f693ecebc59e14-dirty,1,pager,200,50,399,16931,207086,200,50,1654,49,206893,269397,1,201,33060
fc1a1cd2d37a9100a80a496108f693ecebc59e14-dirty,1,pager,200,50,400,17008,207722,200,50,1656,49,207529,269722,1,241,39575
fc1a1cd2d37a9100a80a496108f693ecebc59e14-dirty,1,pager,200,50,401,17013,211697,200,50,1667,49,211504,271513,1,248,40719
fc1a1cd2d37a9100a80a496108f693ecebc59e14-dirty,1,pager,200,50,402,17050,206449,200,50,1679,49,206256,273461,1,202,33222
fc1a1cd2d37a9100a80a496108f693ecebc59e14-dirty,1,pager,200,50,403,17091,206131,200,50,1646,49,205938,268082,1,201,33060
fc1a1cd2d37a9100a80a496108f693ecebc59e14-dirty,1,pager,200,50,404,17132,208039,200,50,1651,49,207846,268896,1,251,41205
fc1a1cd2d37a9100a80a496108f693ecebc59e14-dirty,1,pager,200,50,405,17208,202792,200,50,1664,49,202599,271006,1,204,33546
fc1a1cd2d37a9100a80a496108f693ecebc59e14-dirty,1,pager,200,50,406,17212,211855,200,50,1681,49,211662,273757,1,255,41858
fc1a1cd2d37a9100a80a496108f693ecebc59e14-dirty,1,pager,200,50,407,17251,221236,200,50,1734,49,221043,282347,1,252,41368
fc1a1cd2d37a9100a80a496108f693ecebc59e14-dirty,1,pager,200,50,408,17292,226642,200,50,1771,49,226449,288381,1,240,39412
fc1a1cd2d37a9100a80a496108f693ecebc59e14-dirty,1,pager,200,50,409,17328,227437,200,50,1775,49,227244,289060,1,242,39737
fc1a1cd2d37a9100a80a496108f693ecebc59e14-dirty,1,pager,200,50,410,17370,225370,200,50,1778,49,225177,289573,1,220,36155
fc1a1cd2d37a9100a80a496108f693ecebc59e14-dirty,1,pager,200,50,411,17411,217897,200,50,1756,49,217704,286012,1,202,33222
fc1a1cd2d37a9100a80a496108f693ecebc59e14-dirty,1,pager,200,50,412,17488,212650,200,50,1714,49,212457,279174,1,201,33060
fc1a1cd2d37a9100a80a496108f693ecebc59e14-dirty,1,pager,200,50,413,17492,212491,200,50,1,1,371,359,0,1,359
fc1a1cd2d37a9100a80a496108f693ecebc59e14-dirty,1,pager,200,50,414,17530,223938,200,50,1759,50,224079,286504,1,278,45607
fc1a1cd2d37a9100a80a496108f693ecebc59e14-dirty,1,pager,200,50,415,17534,225845,200,50,1797,49,225652,292717,1,253,41534
fc1a1cd2d37a9100a80a496108f693ecebc59e14-dirty,1,pager,200,50,416,17612,226640,200,50,1809,49,226447,294710,1,226,37135
fc1a1cd2d37a9100a80a496108f693ecebc59e14-dirty,1,pager,200,50,417,17617,222665,200,50,1784,49,222472,290690,1,229,37624
fc1a1cd2d37a9100a80a496108f693ecebc59e14-dirty,1,pager,200,50,418,17690,226960,200,50,1766,49,226767,287752,1,235,38604
fc1a1cd2d37a9100a80a496108f693ecebc59e14-dirty,1,pager,200,50,419,17694,226960,200,50,1791,49,226767,291779,1,204,33549
fc1a1cd2d37a9100a80a496108f693ecebc59e14-dirty,1,pager,200,50,420,17731,225528,200,50,1784,49,225335,290592,1,202,33222
fc1a1cd2d37a9100a80a496108f693ecebc59e14-dirty,1,pager,200,50,421,17773,228390,200,50,1800,49,228197,293160,1,231,37948
fc1a1cd2d37a9100a80a496108f693ecebc59e14-dirty,1,pager,200,50,422,17809,230774,200,50,1816,49,230581,295723,1,219,35992
fc1a1cd2d37a9100a80a496108f693ecebc59e14-dirty,1,pager,200,50,423,17891,233795,200,50,1840,49,233602,299605,1,255,41862
fc1a1cd2d37a9100a80a496108f693ecebc59e14-dirty,1,pager,200,50,424,17895,239837,200,50,1851,49,239644,301425,1,260,42677
fc1a1cd2d37a9100a80a496108f693ecebc59e14-dirty,1,pager,200,50,425,17969,249060,200,50,1875,49,248867,305328,1,260,42677
fc1a1cd2d37a9100a80a496108f693ecebc59e14-dirty,1,pager,200,50,426,17974,258760,200,50,1922,49,258567,312979,1,262,43003
fc1a1cd2d37a9100a80a496108f693ecebc59e14-dirty,1,pager,200,50,427,18053,268460,200,50,1970,49,268267,320771,1,260,42677
fc1a1cd2d37a9100a80a496108f693ecebc59e14-dirty,1,pager,200,50,428,18057,263850,200,50,1963,49,263657,319614,1,233,38276
fc1a1cd2d37a9100a80a496108f693ecebc59e14-dirty,1,pager,200,50,429,18129,257968,200,50,1936,49,257775,315197,1,226,37135
fc1a1cd2d37a9100a80a496108f693ecebc59e14-dirty,1,pager,200,50,430,18133,249542,200,50,1905,49,249349,310190,1,209,34364
fc1a1cd2d37a9100a80a496108f693ecebc59e14-dirty,1,pager,200,50,431,18171,247953,200,50,1860,49,247760,302903,1,202,33223
fc1a1cd2d37a9100a80a496108f693ecebc59e14-dirty,1,pager,200,50,432,18249,237459,200,50,1803,49,237266,293613,1,202,33222
fc1a1cd2d37a9100a80a496108f693ecebc59e14-dirty,1,pager,200,50,433,18253,232530,200,50,1743,49,232337,283833,1,202,33222
fc1a1cd2d37a9100a80a496108f693ecebc59e14-dirty,1,pager,200,50,434,18290,227283,200,50,1736,49,227090,282679,1,201,33060
fc1a1cd2d37a9100a80a496108f693ecebc59e14-dirty,1,pager,200,50,435,18331,233802,200,50,1753,49,233609,285441,1,248,40715
fc1a1cd2d37a9100a80a496108f693ecebc59e14-dirty,1,pager,200,50,436,18372,238094,200,50,1784,49,237901,290469,1,239,39252
fc1a1cd2d37a9100a80a496108f693ecebc59e14-dirty,1,pager,200,50,437,18409,232687,200,50,1789,49,232494,291294,1,202,33222
fc1a1cd2d37a9100a80a496108f693ecebc59e14-dirty,1,pager,200,50,438,18450,220602,200,50,1714,49,220409,279141,1,201,33060
fc1a1cd2d37a9100a80a496108f693ecebc59e14-dirty,1,pager,200,50,439,18532,227121,200,50,1674,49,226928,272694,1,239,39249
fc1a1cd2d37a9100a80a496108f693ecebc59e14-dirty,1,pager,200,50,440,18536,228074,200,50,1699,49,227881,276737,1,216,35503
fc1a1cd2d37a9100a80a496108f693ecebc59e14-dirty,1,pager,200,50,441,18568,229029,200,50,1701,49,228836,277023,1,208,34201
fc1a1cd2d37a9100a80a496108f693ecebc59e14-dirty,1,pager,200,50,442,18651,221239,200,50,1652,49,221046,269053,1,216,35505
fc1a1cd2d37a9100a80a496108f693ecebc59e14-dirty,1,pager,200,50,443,18655,220445,200,50,1587,48,217532,258524,1,216,35505
fc1a1cd2d37a9100a80a496108f693ecebc59e14-dirty,1,pager,200,50,444,18732,225533,200,50,1613,48,222620,262734,1,248,40721
fc1a1cd2d37a9100a80a496108f693ecebc59e14-dirty,1,pager,200,50,445,18737,221716,200,50,1628,48,218803,265165,1,211,34688
fc1a1cd2d37a9100a80a496108f693ecebc59e14-dirty,1,pager,200,50,446,18810,225214,200,50,1637,48,222301,266614,1,242,39743
fc1a1cd2d37a9100a80a496108f693ecebc59e14-dirty,1,pager,200,50,447,18815,225055,200,50,1658,48,222142,270005,1,202,33222
fc1a1cd2d37a9100a80a496108f693ecebc59e14-dirty,1,pager,200,50,448,18893,226009,200,50,1662,48,223096,270613,1,208,34199
fc1a1cd2d37a9100a80a496108f693ecebc59e14-dirty,1,pager,200,50,449,18897,226327,200,50,1669,48,223414,271711,1,202,33222
fc1a1cd2d37a9100a80a496108f693ecebc59e14-dirty,1,pager,200,50,450,18929,218536,200,50,1630,48,215623,265356,1,201,33060
fc1a1cd2d37a9100a80a496108f693ecebc59e14-dirty,1,pager,200,50,451,19012,218854,200,50,1622,48,215941,264083,1,244,40064
fc1a1cd2d37a9100a80a496108f693ecebc59e14-dirty,1,pager,200,50,452,19017,226009,200,50,1622,48,223096,264128,1,244,40067
fc1a1cd2d37a9100a80a496108f693ecebc59e14-dirty,1,pager,200,50,453,19053,232369,200,50,1660,48,229456,270246,1,236,38763
fc1a1cd2d37a9100a80a496108f693ecebc59e14-dirty,1,pager,200,50,454,19089,233641,200,50,1672,48,230728,272175,1,260,42675
fc1a1cd2d37a9100a80a496108f693ecebc59e14-dirty,1,pager,200,50,455,19172,244294,200,50,1692,48,241381,275430,1,268,43979
fc1a1cd2d37a9100a80a496108f693ecebc59e14-dirty,1,pager,200,50,456,19176,235231,200,50,1709,48,232318,278219,1,202,33222
fc1a1cd2d37a9100a80a496108f693ecebc59e14-dirty,1,pager,200,50,457,19213,225850,200,50,1656,48,222937,269604,1,201,33060
fc1a1cd2d37a9100a80a496108f693ecebc59e14-dirty,1,pager,200,50,458,19250,228394,200,50,1662,48,225481,270590,1,255,41857
fc1a1cd2d37a9100a80a496108f693ecebc59e14-dirty,1,pager,200,50,459,19291,227599,200,50,1675,48,224686,272748,1,239,39252
fc1a1cd2d37a9100a80a496108f693ecebc59e14-dirty,1,pager,200,50,460,19373,232369,200,50,1677,48,229456,273092,1,246,40393
fc1a1cd2d37a9100a80a496108f693ecebc59e14-dirty,1,pager,200,50,461,19377,233482,200,50,1702,48,230569,277158,1,208,34199
fc1a1cd2d37a9100a80a496108f693ecebc59e14-dirty,1,pager,200,50,462,19410,234278,200,50,1709,48,231365,278241,1,205,33712
fc1a1cd2d37a9100a80a496108f693ecebc59e14-dirty,1,pager,200,50,463,19451,222195,200,50,1637,48,219282,266542,1,208,34201
fc1a1cd2d37a9100a80a496108f693ecebc59e14-dirty,1,pager,200,50,464,19493,219175,200,50,1592,48,216262,259250,1,237,38928
fc1a1cd2d37a9100a80a496108f693ecebc59e14-dirty,1,pager,200,50,465,19570,219652,200,50,1576,48,216739,256648,1,225,36972
fc1a1cd2d37a9100a80a496108f693ecebc59e14-dirty,1,pager,200,50,466,19574,219970,200,50,1571,48,217057,255815,1,227,37298
fc1a1cd2d37a9100a80a496108f693ecebc59e14-dirty,1,pager,200,50,467,19611,222671,200,50,1595,48,219758,259708,1,255,41862
fc1a1cd2d37a9100a80a496108f693ecebc59e14-dirty,1,pager,200,50,468,19653,229190,200,50,1609,48,226277,261994,1,245,40232
fc1a1cd2d37a9100a80a496108f693ecebc59e14-dirty,1,pager,200,50,469,19694,229190,200,50,1650,48,226277,268656,1,202,33222
fc1a1cd2d37a9100a80a496108f693ecebc59e14-dirty,1,pager,200,50,470,19730,224102,200,50,1622,48,221189,264113,1,202,33222
fc1a1cd2d37a9100a80a496108f693ecebc59e14-dirty,1,pager,200,50,471,19771,220763,200,50,1593,48,217850,259415,1,201,33060
fc1a1cd2d37a9100a80a496108f693ecebc59e14-dirty,1,pager,200,50,472,19812,219331,200,50,1575,48,216418,256533,1,241,39574
fc1a1cd2d37a9100a80a496108f693ecebc59e14-dirty,1,pager,200,50,473,19889,215196,200,50,1573,48,212283,256246,1,230,37785
fc1a1cd2d37a9100a80a496108f693ecebc59e14-dirty,1,pager,200,50,474,19893,208199,200,50,1560,48,205286,254123,1,215,35340
fc1a1cd2d37a9100a80a496108f693ecebc59e14-dirty,1,pager,200,50,475,19971,204383,200,50,1552,48,201470,252821,1,238,39091
fc1a1cd2d37a9100a80a496108f693ecebc59e14-dirty,1,pager,200,50,476,19975,201998,200,50,1551,48,199085,252668,1,248,40721
fc1a1cd2d37a9100a80a496108f693ecebc59e14-dirty,1,pager,200,50,477,20013,196591,200,50,1551,48,193678,252714,1,202,33222
fc1a1cd2d37a9100a80a496108f693ecebc59e14-dirty,1,pager,200,50,478,20089,192774,200,50,1520,48,189861,247654,1,202,33222
fc1a1cd2d37a9100a80a496108f693ecebc59e14-dirty,1,pager,200,50,479,20093,191342,200,50,1496,48,188429,243729,1,201,33060
fc1a1cd2d37a9100a80a496108f693ecebc59e14-dirty,1,pager,200,50,480,20172,205492,200,50,1571,48,202579,255944,1,285,46747
fc1a1cd2d37a9100a80a496108f693ecebc59e14-dirty,1,pager,200,50,481,20177,211852,200,50,1652,48,208939,269131,1,241,39578
fc1a1cd2d37a9100a80a496108f693ecebc59e14-dirty,1,pager,200,50,482,20250,216941,200,50,1688,48,214029,275001,1,232,38113
fc1a1cd2d37a9100a80a496108f693ecebc59e14-dirty,1,pager,200,50,483,20254,217259,200,50,1719,48,214347,280009,1,202,33222
fc1a1cd2d37a9100a80a496108f693ecebc59e14-dirty,1,pager,200,50,484,20291,211853,200,50,1688,48,208941,274957,1,217,35666
fc1a1cd2d37a9100a80a496108f693ecebc59e14-dirty,1,pager,200,50,485,20332,213762,200,50,1697,48,210850,276429,1,251,41210
fc1a1cd2d37a9100a80a496108f693ecebc59e14-dirty,1,pager,200,50,486,20374,221872,200,50,1697,48,218960,276429,1,254,41699
fc1a1cd2d37a9100a80a496108f693ecebc59e14-dirty,1,pager,200,50,487,20410,224258,200,50,1738,48,221346,283107,1,216,35505
fc1a1cd2d37a9100a80a496108f693ecebc59e14-dirty,1,pager,200,50,488,20451,219807,200,50,1715,48,216895,279393,1,215,35342
fc1a1cd2d37a9100a80a496108f693ecebc59e14-dirty,1,pager,200,50,489,20532,219490,200,50,1682,48,216578,274055,1,217,35668
fc1a1cd2d37a9100a80a496108f693ecebc59e14-dirty,1,pager,200,50,490,20537,221080,200,50,1673,48,218168,272561,1,218,35831
fc1a1cd2d37a9100a80a496108f693ecebc59e14-dirty,1,pager,200,50,491,20575,222034,200,50,1669,48,219122,271875,1,223,36646
fc1a1cd2d37a9100a80a496108f693ecebc59e14-dirty,1,pager,200,50,492,20652,224578,200,50,1681,49,224385,273792,1,231,37950
fc1a1cd2d37a9100a80a496108f693ecebc59e14-dirty,1,pager,200,50,493,20656,217104,200,50,1666,49,216911,271330,1,202,33222
fc1a1cd2d37a9100a80a496108f693ecebc59e14-dirty,1,pager,200,50,494,20693,215355,200,50,1618,49,215162,263489,1,202,33222
fc1a1cd2d37a9100a80a496108f693ecebc59e14-dirty,1,pager,200,50,495,20734,208517,200,50,1575,49,208324,256457,1,201,33060
fc1a1cd2d37a9100a80a496108f693ecebc59e14-dirty,1,pager,200,50,496,20811,220283,200,50,1602,49,220090,260895,1,270,44302
fc1a1cd2d37a9100a80a496108f693ecebc59e14-dirty,1,pager,200,50,497,20816,225212,200,50,1668,49,225019,271603,1,239,39252
fc1a1cd2d37a9100a80a496108f693ecebc59e14-dirty,1,pager,200,50,498,20894,229029,200,50,1696,49,228836,276121,1,219,35994
fc1a1cd2d37a9100a80a496108f693ecebc59e14-dirty,1,pager,200,50,499,20898,230779,200,50,1716,49,230586,279339,1,212,34853
fc1a1cd2d37a9100a80a496108f693ecebc59e14-dirty,1,pager,200,50,500,20931,224420,200,50,1686,49,224227,274452,1,207,34038
fc1a1cd2d37a9100a80a496108f693ecebc59e14-dirty,1,pager,200,50,501,20972,219015,200,50,1653,49,218822,269118,1,214,35179
fc1a1cd2d37a9100a80a496108f693ecebc59e14-dirty,1,pager,200,50,502,21053,213133,200,50,1629,49,212940,265239,1,203,33386
fc1a1cd2d37a9100a80a496108f693ecebc59e14-dirty,1,pager,200,50,503,21058,205025,200,50,1583,49,204832,257766,1,217,35668
fc1a1cd2d37a9100a80a496108f693ecebc59e14-dirty,1,pager,200,50,504,21090,195804,200,50,1531,49,195611,249321,1,210,34527
fc1a1cd2d37a9100a80a496108f693ecebc59e14-dirty,1,pager,200,50,505,21171,196441,200,50,1473,49,196248,239912,1,206,33875
fc1a1cd2d37a9100a80a496108f693ecebc59e14-dirty,1,pager,200,50,506,21175,201530,200,50,1501,49,201337,244423,1,232,38113
fc1a1cd2d37a9100a80a496108f693ecebc59e14-dirty,1,pager,200,50,507,21250,192150,200,50,1480,49,191957,241008,1,203,33386
fc1a1cd2d37a9100a80a496108f693ecebc59e14-dirty,1,pager,200,50,508,21253,186427,200,50,1430,49,186234,232873,1,206,33875
fc1a1cd2d37a9100a80a496108f693ecebc59e14-dirty,1,pager,200,50,509,21290,178796,200,50,1393,49,178603,226884,1,203,33386
fc1a1cd2d37a9100a80a496108f693ecebc59e14-dirty,1,pager,200,50,510,21373,178796,200,50,1354,49,178603,220572,1,207,34037
fc1a1cd2d37a9100a80a496108f693ecebc59e14-dirty,1,pager,200,50,511,21377,181976,200,50,1371,49,181783,223312,1,225,36972
fc1a1cd2d37a9100a80a496108f693ecebc59e14-dirty,1,pager,200,50,512,21414,181499,200,50,1389,49,181306,226208,1,205,33712
fc1a1cd2d37a9100a80a496108f693ecebc59e14-dirty,1,pager,200,50,513,21450,175774,200,50,1357,49,175581,220997,1,202,33222
fc1a1cd2d37a9100a80a496108f693ecebc59e14-dirty,1,pager,200,50,514,21492,171957,200,50,1322,49,171764,215286,1,202,33222
fc1a1cd2d37a9100a80a496108f693ecebc59e14-dirty,1,pager,200,50,515,21533,167504,200,50,1297,49,167311,211188,1,201,33060
fc1a1cd2d37a9100a80a496108f693ecebc59e14-dirty,1,pager,200,50,516,21574,166867,200,50,1285,49,166674,209234,1,244,40064
fc1a1cd2d37a9100a80a496108f693ecebc59e14-dirty,1,pager,200,50,517,21610,168297,200,50,1289,49,168104,209930,1,250,41045
fc1a1cd2d37a9100a80a496108f693ecebc59e14-dirty,1,pager,200,50,518,21651,176089,200,50,1295,49,175896,210951,1,249,40884
fc1a1cd2d37a9100a80a496108f693ecebc59e14-dirty,1,pager,200,50,519,21692,183404,200,50,1338,49,183211,217880,1,252,41373
fc1a1cd2d37a9100a80a496108f693ecebc59e14-dirty,1,pager,200,50,520,21770,194376,200,50,1399,49,194183,227742,1,266,43655
fc1a1cd2d37a9100a80a496108f693ecebc59e14-dirty,1,pager,200,50,521,21774,187380,200,50,1425,49,187187,231987,1,202,33222
fc1a1cd2d37a9100a80a496108f693ecebc59e14-dirty,1,pager,200,50,522,21851,182451,200,50,1383,49,182258,225157,1,202,33222
fc1a1cd2d37a9100a80a496108f693ecebc59e14-dirty,1,pager,200,50,523,21855,180066,200,50,1354,49,179873,220444,1,201,33060
fc1a1cd2d37a9100a80a496108f693ecebc59e14-dirty,1,pager,200,50,524,21894,173864,200,50,1314,49,173671,213912,1,201,33060
fc1a1cd2d37a9100a80a496108f693ecebc59e14-dirty,1,pager,200,50,525,21930,177520,200,50,1325,49,177327,215705,1,259,42506
fc1a1cd2d37a9100a80a496108f693ecebc59e14-dirty,1,pager,200,50,526,22012,181177,200,50,1338,49,180984,217821,1,224,36800
fc1a1cd2d37a9100a80a496108f693ecebc59e14-dirty,1,pager,200,50,527,22016,184675,200,50,1360,49,184482,221386,1,222,36475
fc1a1cd2d37a9100a80a496108f693ecebc59e14-dirty,1,pager,200,50,528,22054,188809,200,50,1390,49,188616,226264,1,227,37292
fc1a1cd2d37a9100a80a496108f693ecebc59e14-dirty,1,pager,200,50,529,22130,174499,200,50,1333,49,174306,217050,1,201,33060
fc1a1cd2d37a9100a80a496108f693ecebc59e14-dirty,1,pager,200,50,530,22134,167821,200,50,1251,49,167628,203761,1,201,33060
fc1a1cd2d37a9100a80a496108f693ecebc59e14-dirty,1,pager,200,50,531,22171,165912,200,50,1233,49,165719,200846,1,220,36149
fc1a1cd2d37a9100a80a496108f693ecebc59e14-dirty,1,pager,200,50,532,22253,170046,200,50,1230,49,169853,200349,1,224,36804
fc1a1cd2d37a9100a80a496108f693ecebc59e14-dirty,1,pager,200,50,533,22257,173862,200,50,1261,49,173669,205413,1,245,40230
fc1a1cd2d37a9100a80a496108f693ecebc59e14-dirty,1,pager,200,50,534,22290,166229,200,50,1252,49,166036,203998,1,202,33222
fc1a1cd2d37a9100a80a496108f693ecebc59e14-dirty,1,pager,200,50,535,22372,157960,200,50,1215,49,157767,197935,1,201,33060
fc1a1cd2d37a9100a80a496108f693ecebc59e14-dirty,1,pager,200,50,536,22375,155574,200,50,1174,49,155381,191220,1,201,33060
fc1a1cd2d37a9100a80a496108f693ecebc59e14-dirty,1,pager,200,50,537,22449,159548,200,50,1195,49,159355,194613,1,236,38757
fc1a1cd2d37a9100a80a496108f693ecebc59e14-dirty,1,pager,200,50,538,22453,162727,200,50,1226,49,162534,199639,1,233,38271
fc1a1cd2d37a9100a80a496108f693ecebc59e14-dirty,1,pager,200,50,539,22492,166065,200,50,1261,49,165872,205331,1,235,38600
fc1a1cd2d37a9100a80a496108f693ecebc59e14-dirty,1,pager,200,50,540,22574,170676,200,50,1303,49,170483,212170,1,252,41373
fc1a1cd2d37a9100a80a496108f693ecebc59e14-dirty,1,pager,200,50,541,22577,165905,200,50,1343,49,165712,218686,1,202,33222
fc1a1cd2d37a9100a80a496108f693ecebc59e14-dirty,1,pager,200,50,542,22651,165905,200,50,1314,49,165712,213973,1,202,33222
fc1a1cd2d37a9100a80a496108f693ecebc59e14-dirty,1,pager,200,50,543,22654,165746,200,50,1314,49,165553,213960,1,201,33060
fc1a1cd2d37a9100a80a496108f693ecebc59e14-dirty,1,pager,200,50,544,22692,165746,200,50,1314,49,165553,213951,1,201,33060
fc1a1cd2d37a9100a80a496108f693ecebc59e14-dirty,1,pager,200,50,545,22774,162566,200,50,1294,49,162373,210727,1,249,40876
fc1a1cd2d37a9100a80a496108f693ecebc59e14-dirty,1,pager,200,50,546,22778,163520,200,50,1275,49,163327,207666,1,244,40064
fc1a1cd2d37a9100a80a496108f693ecebc59e14-dirty,1,pager,200,50,547,22810,169726,200,50,1306,49,169533,212753,1,264,43333
fc1a1cd2d37a9100a80a496108f693ecebc59e14-dirty,1,pager,200,50,548,22893,169407,200,50,1351,49,169214,220097,1,207,34033
fc1a1cd2d37a9100a80a496108f693ecebc59e14-dirty,1,pager,200,50,549,22897,171950,200,50,1364,49,171757,222219,1,225,36970
fc1a1cd2d37a9100a80a496108f693ecebc59e14-dirty,1,pager,200,50,550,22970,170200,200,50,1374,49,170007,223836,1,202,33222
fc1a1cd2d37a9100a80a496108f693ecebc59e14-dirty,1,pager,200,50,551,22974,169881,200,50,1361,49,169688,221706,1,201,33060
fc1a1cd2d37a9100a80a496108f693ecebc59e14-dirty,1,pager,200,50,552,23011,167177,200,50,1346,49,166984,219271,1,201,33060
fc1a1cd2d37a9100a80a496108f693ecebc59e14-dirty,1,pager,200,50,553,23052,175603,200,50,1390,49,175410,226447,1,259,42506
fc1a1cd2d37a9100a80a496108f693ecebc59e14-dirty,1,pager,200,50,554,23135,180531,200,50,1442,49,180338,234923,1,238,39085
fc1a1cd2d37a9100a80a496108f693ecebc59e14-dirty,1,pager,200,50,555,23138,185147,200,50,1473,49,184954,239963,1,254,41703
fc1a1cd2d37a9100a80a496108f693ecebc59e14-dirty,1,pager,200,50,556,23171,184828,200,50,1494,49,184635,243361,1,201,33060
fc1a1cd2d37a9100a80a496108f693ecebc59e14-dirty,1,pager,200,50,557,23253,183873,200,50,1490,49,183680,242662,1,201,33060
fc1a1cd2d37a9100a80a496108f693ecebc59e14-dirty,1,pager,200,50,558,23257,191822,200,50,1530,49,191629,249135,1,247,40550
fc1a1cd2d37a9100a80a496108f693ecebc59e14-dirty,1,pager,200,50,559,23331,197069,200,50,1572,49,196876,255917,1,241,39575
fc1a1cd2d37a9100a80a496108f693ecebc59e14-dirty,1,pager,200,50,560,23335,196909,200,50,1587,49,196716,258317,1,225,36970
fc1a1cd2d37a9100a80a496108f693ecebc59e14-dirty,1,pager,200,50,561,23413,203586,200,50,1608,49,203393,261757,1,244,40064
fc1a1cd2d37a9100a80a496108f693ecebc59e14-dirty,1,pager,200,50,562,23417,207402,200,50,1647,49,207209,268113,1,228,37459
fc1a1cd2d37a9100a80a496108f693ecebc59e14-dirty,1,pager,200,50,563,23455,215829,200,50,1697,49,215636,276261,1,252,41368
fc1a1cd2d37a9100a80a496108f693ecebc59e14-dirty,1,pager,200,50,564,23532,219009,200,50,1749,49,218816,284675,1,221,36318
fc1a1cd2d37a9100a80a496108f693ecebc59e14-dirty,1,pager,200,50,565,23536,212490,200,50,1729,49,212297,281397,1,207,34033
fc1a1cd2d37a9100a80a496108f693ecebc59e14-dirty,1,pager,200,50,566,23573,207084,200,50,1696,49,206891,276049,1,220,36155
fc1a1cd2d37a9100a80a496108f693ecebc59e14-dirty,1,pager,200,50,567,23614,199292,200,50,1665,49,199099,271015,1,202,33222
fc1a1cd2d37a9100a80a496108f693ecebc59e14-dirty,1,pager,200,50,568,23655,191818,200,50,1622,49,191625,264022,1,201,33060
fc1a1cd2d37a9100a80a496108f693ecebc59e14-dirty,1,pager,200,50,569,23691,180846,200,50,1561,49,180653,254139,1,201,33060
fc1a1cd2d37a9100a80a496108f693ecebc59e14-dirty,1,pager,200,50,570,23732,190704,200,50,1555,49,190511,253199,1,260,42669
fc1a1cd2d37a9100a80a496108f693ecebc59e14-dirty,1,pager,200,50,571,23815,192612,200,50,1611,49,192419,262294,1,212,34848
fc1a1cd2d37a9100a80a496108f693ecebc59e14-dirty,1,pager,200,50,572,23820,204537,200,50,1690,49,204344,275122,1,278,45609
fc1a1cd2d37a9100a80a496108f693ecebc59e14-dirty,1,pager,200,50,573,23892,213441,200,50,1745,49,213248,284044,1,257,42186
fc1a1cd2d37a9100a80a496108f693ecebc59e14-dirty,1,pager,200,50,574,23897,209784,200,50,1722,49,209591,280361,1,247,40556
fc1a1cd2d37a9100a80a496108f693ecebc59e14-dirty,1,pager,200,50,575,23976,215031,200,50,1700,49,214838,276845,1,261,42838
fc1a1cd2d37a9100a80a496108f693ecebc59e14-dirty,1,pager,200,50,576,23981,211533,200,50,1737,49,211340,282871,1,202,33222
fc1a1cd2d37a9100a80a496108f693ecebc59e14-dirty,1,pager,200,50,577,24052,207558,200,50,1708,49,207365,278148,1,201,33060
fc1a1cd2d37a9100a80a496108f693ecebc59e14-dirty,1,pager,200,50,578,24057,207399,200,50,1682,49,207206,273903,1,201,33060
fc1a1cd2d37a9100a80a496108f693ecebc59e14-dirty,1,pager,200,50,579,24135,213441,200,50,1719,49,213248,279875,1,238,39083
fc1a1cd2d37a9100a80a496108f693ecebc59e14-dirty,1,pager,200,50,580,24141,210897,200,50,1737,49,210704,282777,1,206,33870
fc1a1cd2d37a9100a80a496108f693ecebc59e14-dirty,1,pager,200,50,581,24172,209307,200,50,1729,49,209114,281504,1,218,35829
fc1a1cd2d37a9100a80a496108f693ecebc59e14-dirty,1,pager,200,50,582,24212,206127,200,50,1705,49,205934,277640,1,223,36644
fc1a1cd2d37a9100a80a496108f693ecebc59e14-dirty,1,pager,200,50,583,24254,209466,200,50,1662,49,209273,270677,1,223,36644
fc1a1cd2d37a9100a80a496108f693ecebc59e14-dirty,1,pager,200,50,584,24295,215349,200,50,1698,49,215156,276499,1,239,39252
fc1a1cd2d37a9100a80a496108f693ecebc59e14-dirty,1,pager,200,50,585,24331,222027,200,50,1740,49,221834,283291,1,243,39904
fc1a1cd2d37a9100a80a496108f693ecebc59e14-dirty,1,pager,200,50,586,24372,224253,200,50,1759,49,224060,286364,1,256,42023
fc1a1cd2d37a9100a80a496108f693ecebc59e14-dirty,1,pager,200,50,587,24413,224094,200,50,1779,49,223901,289601,1,237,38926
fc1a1cd2d37a9100a80a496108f693ecebc59e14-dirty,1,pager,200,50,588,24455,224889,200,50,1781,49,224696,289944,1,245,40230
fc1a1cd2d37a9100a80a496108f693ecebc59e14-dirty,1,pager,200,50,589,24532,223139,200,50,1770,49,222946,288178,1,243,39904
fc1a1cd2d37a9100a80a496108f693ecebc59e14-dirty,1,pager,200,50,590,24537,230453,200,50,1766,49,230260,287575,1,249,40882
fc1a1cd2d37a9100a80a496108f693ecebc59e14-dirty,1,pager,200,50,591,24574,230453,200,50,1813,49,230260,295236,1,202,33222
fc1a1cd2d37a9100a80a496108f693ecebc59e14-dirty,1,pager,200,50,592,24615,230453,200,50,1813,49,230260,295179,1,201,33060
fc1a1cd2d37a9100a80a496108f693ecebc59e14-dirty,1,pager,200,50,593,24656,230453,200,50,1813,49,230260,295118,1,201,33060
fc1a1cd2d37a9100a80a496108f693ecebc59e14-dirty,1,pager,200,50,594,24693,228704,200,50,1805,49,228511,293803,1,241,39572
fc1a1cd2d37a9100a80a496108f693ecebc59e14-dirty,1,pager,200,50,595,24775,223775,200,50,1791,49,223582,291522,1,212,34848
fc1a1cd2d37a9100a80a496108f693ecebc59e14-dirty,1,pager,200,50,596,24779,219635,200,50,1766,49,219442,287506,1,239,39252
fc1a1cd2d37a9100a80a496108f693ecebc59e14-dirty,1,pager,200,50,597,24852,220113,200,50,1736,49,219920,282638,1,211,34690
fc1a1cd2d37a9100a80a496108f693ecebc59e14-dirty,1,pager,200,50,598,24857,218206,200,50,1723,49,218013,280501,1,213,35016
fc1a1cd2d37a9100a80a496108f693ecebc59e14-dirty,1,pager,200,50,599,24934,219956,200,50,1710,49,219763,278370,1,212,34853
fc1a1cd2d37a9100a80a496108f693ecebc59e14-dirty,1,pager,200,50,600,24939,220274,200,50,1721,49,220081,280120,1,203,33384
fc1a1cd2d37a9100a80a496108f693ecebc59e14-dirty,1,pager,200,50,601,24972,228860,200,50,1774,49,228667,288715,1,255,41860
fc1a1cd2d37a9100a80a496108f693ecebc59e14-dirty,1,pager,200,50,602,25013,229019,200,50,1761,49,228826,286612,1,262,43001
fc1a1cd2d37a9100a80a496108f693ecebc59e14-dirty,1,pager,200,50,603,25054,227271,200,50,1761,49,227078,286628,1,225,36972
fc1a1cd2d37a9100a80a496108f693ecebc59e14-dirty,1,pager,200,50,604,25132,217884,200,50,1726,49,217691,280958,1,202,33222
fc1a1cd2d37a9100a80a496108f693ecebc59e14-dirty,1,pager,200,50,605,25136,224244,200,50,1713,49,224051,278872,1,242,39741
fc1a1cd2d37a9100a80a496108f693ecebc59e14-dirty,1,pager,200,50,606,25173,224562,200,50,1754,49,224369,285534,1,202,33222
fc1a1cd2d37a9100a80a496108f693ecebc59e14-dirty,1,pager,200,50,607,25254,216453,200,50,1709,49,216260,278251,1,201,33060
fc1a1cd2d37a9100a80a496108f693ecebc59e14-dirty,1,pager,200,50,608,25258,209775,200,50,1662,49,209582,270645,1,201,33060
fc1a1cd2d37a9100a80a496108f693ecebc59e14-dirty,1,pager,200,50,609,25291,209457,200,50,1643,49,209264,267523,1,221,36311
fc1a1cd2d37a9100a80a496108f693ecebc59e14-dirty,1,pager,200,50,610,25332,204687,200,50,1619,49,204494,263593,1,215,35334
fc1a1cd2d37a9100a80a496108f693ecebc59e14-dirty,1,pager,200,50,611,25373,202620,200,50,1588,49,202427,258499,1,212,34848
fc1a1cd2d37a9100a80a496108f693ecebc59e14-dirty,1,pager,200,50,612,25414,195942,200,50,1538,49,195749,250348,1,212,34848
fc1a1cd2d37a9100a80a496108f693ecebc59e14-dirty,1,pager,200,50,613,25456,192921,200,50,1497,49,192728,243681,1,201,33060
fc1a1cd2d37a9100a80a496108f693ecebc59e14-dirty,1,pager,200,50,614,25492,191490,200,50,1475,49,191297,240083,1,201,33060
fc1a1cd2d37a9100a80a496108f693ecebc59e14-dirty,1,pager,200,50,615,25533,190854,200,50,1466,49,190661,238573,1,213,35008
fc1a1cd2d37a9100a80a496108f693ecebc59e14-dirty,1,pager,200,50,616,25615,196737,200,50,1482,49,196544,241192,1,232,38108
fc1a1cd2d37a9100a80a496108f693ecebc59e14-dirty,1,pager,200,50,617,25619,197691,200,50,1511,49,197498,245917,1,206,33873
fc1a1cd2d37a9100a80a496108f693ecebc59e14-dirty,1,pager,200,50,618,25692,173209,200,50,1654,50,173350,269033,0,1654,269033
fc1a1cd2d37a9100a80a496108f693ecebc59e14-dirty,2,pager,200,50,1,8,173527,200,50,1,1,849,360,0,1,360
fc1a1cd2d37a9100a80a496108f693ecebc59e14-dirty,2,pager,200,50,2,84,173686,200,50,1,1,1008,360,0,1,360
fc1a1cd2d37a9100a80a496108f693ecebc59e14-dirty,2,pager,200,50,3,87,173845,200,50,1,1,1167,360,0,1,360
fc1a1cd2d37a9100a80a496108f693ecebc59e14-dirty,2,pager,200,50,4,126,173845,200,50,1,1,1167,360,0,1,360
fc1a1cd2d37a9100a80a496108f693ecebc59e14-dirty,2,pager,200,50,5,203,173845,200,50,0,0,199,199,0,0,199
fc1a1cd2d37a9100a80a496108f693ecebc59e14-dirty,2,pager,200,50,6,207,174163,200,50,1,1,1485,360,0,1,360
fc1a1cd2d37a9100a80a496108f693ecebc59e14-dirty,2,pager,200,50,7,248,174322,200,50,1,1,1644,360,0,1,360
fc1a1cd2d37a9100a80a496108f693ecebc59e14-dirty,2,pager,200,50,8,328,174482,200,50,1,1,1804,361,0,1,361
fc1a1cd2d37a9100a80a496108f693ecebc59e14-dirty,2,pager,200,50,9,331,174641,200,50,1,1,1963,362,0,1,362
fc1a1cd2d37a9100a80a496108f693ecebc59e14-dirty,2,pager,200,50,10,364,174800,200,50,1,1,2122,362,0,1,362
fc1a1cd2d37a9100a80a496108f693ecebc59e14-dirty,2,pager,200,50,11,405,174959,200,50,1,1,2281,362,0,1,362
fc1a1cd2d37a9100a80a496108f693ecebc59e14-dirty,2,pager,200,50,12,488,175118,200,50,1,1,2440,362,0,1,362
fc1a1cd2d37a9100a80a496108f693ecebc59e14-dirty,2,pager,200,50,13,491,175277,200,50,1,1,2599,362,0,1,362
fc1a1cd2d37a9100a80a496108f693ecebc59e14-dirty,2,pager,200,50,14,524,175436,200,50,1,1,2758,362,0,1,362
fc1a1cd2d37a9100a80a496108f693ecebc59e14-dirty,2,pager,200,50,15,565,175595,200,50,1,1,2917,362,0,1,362
fc1a1cd2d37a9100a80a496108f693ecebc59e14-dirty,2,pager,200,50,16,650,325974,200,50,2282,50,326115,371205,0,2282,371205
fc1a1cd2d37a9100a80a496108f693ecebc59e14-dirty,2,pager,200,50,17,1690,322508,200,50,2123,50,322649,345501,1,248,40712
fc1a1cd2d37a9100a80a496108f693ecebc59e14-dirty,2,pager,200,50,18,1695,313604,200,50,2042,49,313411,332313,1,219,35992
fc1a1cd2d37a9100a80a496108f693ecebc59e14-dirty,2,pager,200,50,19,1727,317262,200,50,1988,49,317069,323522,1,220,36157
fc1a1cd2d37a9100a80a496108f693ecebc59e14-dirty,2,pager,200,50,20,1809,310107,200,50,1950,49,309914,317321,1,219,35992
fc1a1cd2d37a9100a80a496108f693ecebc59e14-dirty,2,pager,200,50,21,1814,309153,200,50,1892,49,308960,307862,1,219,35992
fc1a1cd2d37a9100a80a496108f693ecebc59e14-dirty,2,pager,200,50,22,1847,302475,200,50,1842,49,302282,299781,1,223,36644
fc1a1cd2d37a9100a80a496108f693ecebc59e14-dirty,2,pager,200,50,23,1929,296910,200,50,1801,49,296717,293083,1,220,36155
fc1a1cd2d37a9100a80a496108f693ecebc59e14-dirty,2,pager,200,50,24,1934,290073,200,50,1774,49,289880,288655,1,209,34363
fc1a1cd2d37a9100a80a496108f693ecebc59e14-dirty,2,pager,200,50,25,1966,282282,200,50,1739,49,282089,282944,1,202,33222
fc1a1cd2d37a9100a80a496108f693ecebc59e14-dirty,2,pager,200,50,26,2007,273696,200,50,1696,49,273503,275972,1,201,33060
fc1a1cd2d37a9100a80a496108f693ecebc59e14-dirty,2,pager,200,50,27,2085,266700,200,50,1652,49,266507,268838,1,201,33060
fc1a1cd2d37a9100a80a496108f693ecebc59e14-dirty,2,pager,200,50,28,2090,264633,200,50,1639,49,264440,266750,1,262,42995
fc1a1cd2d37a9100a80a496108f693ecebc59e14-dirty,2,pager,200,50,29,2167,257160,200,50,1628,49,256967,264970,1,235,38597
fc1a1cd2d37a9100a80a496108f693ecebc59e14-dirty,2,pager,200,50,30,2171,255573,200,50,1630,49,255380,265306,1,275,45123
fc1a1cd2d37a9100a80a496108f693ecebc59e14-dirty,2,pager,200,50,31,2209,243648,200,50,1631,49,243455,265505,1,207,34033
fc1a1cd2d37a9100a80a496108f693ecebc59e14-dirty,2,pager,200,50,32,2245,232836,200,50,1643,49,232643,267426,1,216,35503
fc1a1cd2d37a9100a80a496108f693ecebc59e14-dirty,2,pager,200,50,33,2286,219957,200,50,1584,49,219764,257880,1,202,33222
fc1a1cd2d37a9100a80a496108f693ecebc59e14-dirty,2,pager,200,50,34,2327,210894,200,50,1512,49,210701,246152,1,201,33060
fc1a1cd2d37a9100a80a496108f693ecebc59e14-dirty,2,pager,200,50,35,2368,203421,200,50,1465,49,203228,238471,1,201,33060
fc1a1cd2d37a9100a80a496108f693ecebc59e14-dirty,2,pager,200,50,36,2445,203262,200,50,1500,49,203069,244118,1,241,39572
fc1a1cd2d37a9100a80a496108f693ecebc59e14-dirty,2,pager,200,50,37,2449,201036,200,50,1533,49,200843,249476,1,230,37782
fc1a1cd2d37a9100a80a496108f693ecebc59e14-dirty,2,pager,200,50,38,2487,195948,200,50,1527,49,195755,248511,1,217,35666
fc1a1cd2d37a9100a80a496108f693ecebc59e14-dirty,2,pager,200,50,39,2528,188952,200,50,1481,49,188759,241038,1,221,36318
fc1a1cd2d37a9100a80a496108f693ecebc59e14-dirty,2,pager,200,50,40,2606,192132,200,50,1425,49,191939,231948,1,223,36644
fc1a1cd2d37a9100a80a496108f693ecebc59e14-dirty,2,pager,200,50,41,2609,189429,200,50,1396,49,189236,227248,1,219,35992
fc1a1cd2d37a9100a80a496108f693ecebc59e14-dirty,2,pager,200,50,42,2688,192291,200,50,1365,49,192098,222223,1,219,35992
fc1a1cd2d37a9100a80a496108f693ecebc59e14-dirty,2,pager,200,50,43,2692,194835,200,50,1386,49,194642,225624,1,214,35174
fc1a1cd2d37a9100a80a496108f693ecebc59e14-dirty,2,pager,200,50,44,2765,186570,200,50,1343,49,186377,218634,1,219,35995
fc1a1cd2d37a9100a80a496108f693ecebc59e14-dirty,2,pager,200,50,45,2769,178461,200,50,1297,49,178268,211159,1,207,34033
fc1a1cd2d37a9100a80a496108f693ecebc59e14-dirty,2,pager,200,50,46,2806,181641,200,50,1278,49,181448,208096,1,234,38437
fc1a1cd2d37a9100a80a496108f693ecebc59e14-dirty,2,pager,200,50,47,2848,179570,200,50,1294,49,179377,210697,1,202,33222
fc1a1cd2d37a9100a80a496108f693ecebc59e14-dirty,2,pager,200,50,48,2925,176866,200,50,1279,49,176673,208247,1,201,33060
fc1a1cd2d37a9100a80a496108f693ecebc59e14-dirty,2,pager,200,50,49,2929,172095,200,50,1252,49,171902,203821,1,201,33060
fc1a1cd2d37a9100a80a496108f693ecebc59e14-dirty,2,pager,200,50,50,2966,185292,200,50,1300,49,185099,211612,1,278,45603
fc1a1cd2d37a9100a80a496108f693ecebc59e14-dirty,2,pager,200,50,51,3007,187677,200,50,1364,49,187484,222050,1,228,37456
fc1a1cd2d37a9100a80a496108f693ecebc59e14-dirty,2,pager,200,50,52,3049,199446,200,50,1426,49,199253,232124,1,276,45286
fc1a1cd2d37a9100a80a496108f693ecebc59e14-dirty,2,pager,200,50,53,3126,199764,200,50,1484,49,199571,241550,1,220,36152
fc1a1cd2d37a9100a80a496108f693ecebc59e14-dirty,2,pager,200,50,54,3130,198336,200,50,1476,49,198143,240270,1,242,39744
fc1a1cd2d37a9100a80a496108f693ecebc59e14-dirty,2,pager,200,50,55,3167,199449,200,50,1472,49,199256,239627,1,207,34033
fc1a1cd2d37a9100a80a496108f693ecebc59e14-dirty,2,pager,200,50,56,3244,202632,200,50,1495,49,202439,243395,1,242,39744
fc1a1cd2d37a9100a80a496108f693ecebc59e14-dirty,2,pager,200,50,57,3249,202632,200,50,1516,49,202439,246812,1,202,33222
fc1a1cd2d37a9100a80a496108f693ecebc59e14-dirty,2,pager,200,50,58,3286,198657,200,50,1498,49,198464,243879,1,201,33060
fc1a1cd2d37a9100a80a496108f693ecebc59e14-dirty,2,pager,200,50,59,3327,189753,200,50,1447,49,189560,235601,1,201,33060
fc1a1cd2d37a9100a80a496108f693ecebc59e14-dirty,2,pager,200,50,60,3368,198657,200,50,1442,49,198464,234835,1,250,41039
fc1a1cd2d37a9100a80a496108f693ecebc59e14-dirty,2,pager,200,50,61,3405,203427,200,50,1491,49,203234,242796,1,228,37456
fc1a1cd2d37a9100a80a496108f693ecebc59e14-dirty,2,pager,200,50,62,3445,206133,200,50,1514,49,205940,246580,1,270,44308
fc1a1cd2d37a9100a80a496108f693ecebc59e14-dirty,2,pager,200,50,63,3527,204702,200,50,1539,49,204509,250683,1,207,34033
fc1a1cd2d37a9100a80a496108f693ecebc59e14-dirty,2,pager,200,50,64,3532,205182,200,50,1547,49,204989,252012,1,237,38929
fc1a1cd2d37a9100a80a496108f693ecebc59e14-dirty,2,pager,200,50,65,3605,198186,200,50,1547,49,197993,252045,1,202,33222
fc1a1cd2d37a9100a80a496108f693ecebc59e14-dirty,2,pager,200,50,66,3609,191031,200,50,1546,49,190838,251883,1,201,33060
fc1a1cd2d37a9100a80a496108f693ecebc59e14-dirty,2,pager,200,50,67,3686,187374,200,50,1520,49,187181,247610,1,201,33060
fc1a1cd2d37a9100a80a496108f693ecebc59e14-dirty,2,pager,200,50,68,3690,193574,200,50,1553,49,193381,252937,1,255,41854
fc1a1cd2d37a9100a80a496108f693ecebc59e14-dirty,2,pager,200,50,69,3764,192302,200,50,1585,49,192109,258089,1,213,35011
fc1a1cd2d37a9100a80a496108f693ecebc59e14-dirty,2,pager,200,50,70,3768,195641,200,50,1628,49,195448,265020,1,243,39904
fc1a1cd2d37a9100a80a496108f693ecebc59e14-dirty,2,pager,200,50,71,3846,198026,200,50,1651,49,197833,268771,1,241,39579
fc1a1cd2d37a9100a80a496108f693ecebc59e14-dirty,2,pager,200,50,72,3850,194528,200,50,1672,49,194335,272197,1,202,33222
fc1a1cd2d37a9100a80a496108f693ecebc59e14-dirty,2,pager,200,50,73,3888,192938,200,50,1652,49,192745,268957,1,201,33060
fc1a1cd2d37a9100a80a496108f693ecebc59e14-dirty,2,pager,200,50,74,3924,192620,200,50,1644,49,192427,267662,1,201,33060
fc1a1cd2d37a9100a80a496108f693ecebc59e14-dirty,2,pager,200,50,75,4007,202796,200,50,1701,49,202603,276907,1,259,42506
fc1a1cd2d37a9100a80a496108f693ecebc59e14-dirty,2,pager,200,50,76,4011,210269,200,50,1760,49,210076,286478,1,241,39575
fc1a1cd2d37a9100a80a496108f693ecebc59e14-dirty,2,pager,200,50,77,4048,204068,200,50,1739,49,203875,283091,1,228,37456
fc1a1cd2d37a9100a80a496108f693ecebc59e14-dirty,2,pager,200,50,78,4125,210272,200,50,1752,49,210079,285274,1,276,45286
fc1a1cd2d37a9100a80a496108f693ecebc59e14-dirty,2,pager,200,50,79,4129,199775,200,50,1752,49,199582,285341,1,207,34033
fc1a1cd2d37a9100a80a496108f693ecebc59e14-dirty,2,pager,200,50,80,4166,205025,200,50,1719,49,204832,280036,1,242,39744
fc1a1cd2d37a9100a80a496108f693ecebc59e14-dirty,2,pager,200,50,81,4248,202799,200,50,1744,49,202606,284124,1,202,33222
fc1a1cd2d37a9100a80a496108f693ecebc59e14-dirty,2,pager,200,50,82,4254,202640,200,50,1730,49,202447,281837,1,201,33060
fc1a1cd2d37a9100a80a496108f693ecebc59e14-dirty,2,pager,200,50,83,4285,202481,200,50,1729,49,202288,281656,1,201,33060
fc1a1cd2d37a9100a80a496108f693ecebc59e14-dirty,2,pager,200,50,84,4326,213293,200,50,1789,49,213100,291408,1,261,42832
fc1a1cd2d37a9100a80a496108f693ecebc59e14-dirty,2,pager,200,50,85,4408,210113,200,50,1808,49,209920,294511,1,221,36315
fc1a1cd2d37a9100a80a496108f693ecebc59e14-dirty,2,pager,200,50,86,4412,206297,200,50,1790,49,206104,291586,1,207,34037
fc1a1cd2d37a9100a80a496108f693ecebc59e14-dirty,2,pager,200,50,87,4485,205025,200,50,1763,49,204832,287216,1,207,34037
fc1a1cd2d37a9100a80a496108f693ecebc59e14-dirty,2,pager,200,50,88,4489,203117,200,50,1758,49,202924,286406,1,207,34037
fc1a1cd2d37a9100a80a496108f693ecebc59e14-dirty,2,pager,200,50,89,4527,200891,200,50,1752,49,200698,285357,1,207,34037
fc1a1cd2d37a9100a80a496108f693ecebc59e14-dirty,2,pager,200,50,90,4609,199301,200,50,1749,49,199108,284795,1,207,34037
fc1a1cd2d37a9100a80a496108f693ecebc59e14-dirty,2,pager,200,50,91,4613,197870,200,50,1753,49,197677,285373,1,208,34199
fc1a1cd2d37a9100a80a496108f693ecebc59e14-dirty,2,pager,200,50,92,4686,196757,200,50,1733,49,196564,282062,1,208,34199
fc1a1cd2d37a9100a80a496108f693ecebc59e14-dirty,2,pager,200,50,93,4690,195323,200,50,1714,49,195130,278943,1,208,34199
fc1a1cd2d37a9100a80a496108f693ecebc59e14-dirty,2,pager,200,50,94,4769,195482,200,50,1695,49,195289,275827,1,208,34199
fc1a1cd2d37a9100a80a496108f693ecebc59e14-dirty,2,pager,200,50,95,4773,191348,200,50,1661,49,191155,270281,1,208,34199
fc1a1cd2d37a9100a80a496108f693ecebc59e14-dirty,2,pager,200,50,96,4845,192620,200,50,1629,49,192427,265059,1,208,34199
fc1a1cd2d37a9100a80a496108f693ecebc59e14-dirty,2,pager,200,50,97,4849,194051,200,50,1629,49,193858,265060,1,208,34199
fc1a1cd2d37a9100a80a496108f693ecebc59e14-dirty,2,pager,200,50,98,4929,195641,200,50,1631,49,195448,265386,1,208,34199
fc1a1cd2d37a9100a80a496108f693ecebc59e14-dirty,2,pager,200,50,99,4933,183716,200,50,1555,49,183523,253034,1,208,34199
fc1a1cd2d37a9100a80a496108f693ecebc59e14-dirty,2,pager,200,50,100,5005,180377,200,50,1479,49,180184,240682,1,208,34199
fc1a1cd2d37a9100a80a496108f693ecebc59e14-dirty,2,pager,200,50,101,5009,169880,200,50,1405,49,169687,228626,1,208,34199
fc1a1cd2d37a9100a80a496108f693ecebc59e14-dirty,2,pager,200,50,102,5088,169880,200,50,1350,49,169687,219669,1,221,36319
fc1a1cd2d37a9100a80a496108f693ecebc59e14-dirty,2,pager,200,50,103,5092,163676,200,50,1328,49,163483,216087,1,203,33384
fc1a1cd2d37a9100a80a496108f693ecebc59e14-dirty,2,pager,200,50,104,5124,166538,200,50,1309,49,166345,212996,1,226,37129
fc1a1cd2d37a9100a80a496108f693ecebc59e14-dirty,2,pager,200,50,105,5165,160016,200,50,1291,49,159823,210099,1,201,33060
fc1a1cd2d37a9100a80a496108f693ecebc59e14-dirty,2,pager,200,50,106,5247,159698,200,50,1250,49,159505,203459,1,201,33060
fc1a1cd2d37a9100a80a496108f693ecebc59e14-dirty,2,pager,200,50,107,5251,170828,200,50,1312,49,170635,213505,1,264,43321
fc1a1cd2d37a9100a80a496108f693ecebc59e14-dirty,2,pager,200,50,108,5325,183713,200,50,1394,49,183520,226816,1,277,45449
fc1a1cd2d37a9100a80a496108f693ecebc59e14-dirty,2,pager,200,50,109,5329,178307,200,50,1420,49,178114,231061,1,222,36481
fc1a1cd2d37a9100a80a496108f693ecebc59e14-dirty,2,pager,200,50,110,5366,173855,200,50,1392,49,173662,226509,1,202,33222
fc1a1cd2d37a9100a80a496108f693ecebc59e14-dirty,2,pager,200,50,111,5407,163676,200,50,1326,49,163483,215778,1,206,33870
fc1a1cd2d37a9100a80a496108f693ecebc59e14-dirty,2,pager,200,50,112,5485,162404,200,50,1260,49,162211,205089,1,201,33060
fc1a1cd2d37a9100a80a496108f693ecebc59e14-dirty,2,pager,200,50,113,5488,156518,200,50,1222,49,156325,198934,1,201,33060
fc1a1cd2d37a9100a80a496108f693ecebc59e14-dirty,2,pager,200,50,114,5566,164786,200,50,1235,49,164593,201025,1,250,41039
fc1a1cd2d37a9100a80a496108f693ecebc59e14-dirty,2,pager,200,50,115,5570,179414,200,50,1328,49,179221,216119,1,289,47398
fc1a1cd2d37a9100a80a496108f693ecebc59e14-dirty,2,pager,200,50,116,5648,179573,200,50,1416,49,179380,230417,1,201,33060
fc1a1cd2d37a9100a80a496108f693ecebc59e14-dirty,2,pager,200,50,117,5653,169715,200,50,1362,49,169522,221601,1,201,33060
fc1a1cd2d37a9100a80a496108f693ecebc59e14-dirty,2,pager,200,50,118,5726,174803,200,50,1351,49,174610,219784,1,243,39898
fc1a1cd2d37a9100a80a496108f693ecebc59e14-dirty,2,pager,200,50,119,5730,175439,200,50,1354,49,175246,220273,1,247,40552
fc1a1cd2d37a9100a80a496108f693ecebc59e14-dirty,2,pager,200,50,120,5809,168602,200,50,1358,49,168409,220921,1,201,33060
fc1a1cd2d37a9100a80a496108f693ecebc59e14-dirty,2,pager,200,50,121,5813,168284,200,50,1318,49,168091,214441,1,201,33060
fc1a1cd2d37a9100a80a496108f693ecebc59e14-dirty,2,pager,200,50,122,5845,176234,200,50,1362,49,176041,221607,1,246,40387
fc1a1cd2d37a9100a80a496108f693ecebc59e14-dirty,2,pager,200,50,123,5887,180845,200,50,1408,49,180652,229037,1,228,37457
fc1a1cd2d37a9100a80a496108f693ecebc59e14-dirty,2,pager,200,50,124,5968,175121,200,50,1380,49,174928,224477,1,227,37297
fc1a1cd2d37a9100a80a496108f693ecebc59e14-dirty,2,pager,200,50,125,5972,172895,200,50,1329,49,172702,216212,1,231,37949
fc1a1cd2d37a9100a80a496108f693ecebc59e14-dirty,2,pager,200,50,126,6046,179255,200,50,1331,49,179062,216583,1,266,43654
fc1a1cd2d37a9100a80a496108f693ecebc59e14-dirty,2,pager,200,50,127,6050,167327,200,50,1320,49,167134,214865,1,201,33060
fc1a1cd2d37a9100a80a496108f693ecebc59e14-dirty,2,pager,200,50,128,6128,165896,200,50,1243,49,165703,202394,1,201,33060
fc1a1cd2d37a9100a80a496108f693ecebc59e14-dirty,2,pager,200,50,129,6132,172094,200,50,1273,49,171901,207317,1,274,44950
fc1a1cd2d37a9100a80a496108f693ecebc59e14-dirty,2,pager,200,50,130,6205,177818,200,50,1305,49,177625,212559,1,235,38597
fc1a1cd2d37a9100a80a496108f693ecebc59e14-dirty,2,pager,200,50,131,6209,179726,200,50,1334,49,179533,217285,1,212,34851
fc1a1cd2d37a9100a80a496108f693ecebc59e14-dirty,2,pager,200,50,132,6288,180044,200,50,1345,49,179851,219075,1,202,33222
fc1a1cd2d37a9100a80a496108f693ecebc59e14-dirty,2,pager,200,50,133,6292,181793,200,50,1357,49,181600,221094,1,274,44954
fc1a1cd2d37a9100a80a496108f693ecebc59e14-dirty,2,pager,200,50,134,6365,177977,200,50,1370,49,177784,223274,1,202,33222
fc1a1cd2d37a9100a80a496108f693ecebc59e14-dirty,2,pager,200,50,135,6369,177977,200,50,1355,49,177784,220848,1,207,34033
fc1a1cd2d37a9100a80a496108f693ecebc59e14-dirty,2,pager,200,50,136,6407,179408,200,50,1373,49,179215,223778,1,218,35829
fc1a1cd2d37a9100a80a496108f693ecebc59e14-dirty,2,pager,200,50,137,6448,184655,200,50,1402,49,184462,228503,1,240,39413
fc1a1cd2d37a9100a80a496108f693ecebc59e14-dirty,2,pager,200,50,138,6489,189425,200,50,1440,49,189232,234692,1,238,39086
fc1a1cd2d37a9100a80a496108f693ecebc59e14-dirty,2,pager,200,50,139,6525,194831,200,50,1482,49,194638,241535,1,239,39252
fc1a1cd2d37a9100a80a496108f693ecebc59e14-dirty,2,pager,200,50,140,6566,193878,200,50,1511,49,193685,246268,1,204,33549
fc1a1cd2d37a9100a80a496108f693ecebc59e14-dirty,2,pager,200,50,141,6649,193878,200,50,1516,49,193685,247063,1,207,34037
fc1a1cd2d37a9100a80a496108f693ecebc59e14-dirty,2,pager,200,50,142,6653,192925,200,50,1521,49,192732,247858,1,204,33549
fc1a1cd2d37a9100a80a496108f693ecebc59e14-dirty,2,pager,200,50,143,6727,191812,200,50,1524,49,191619,248323,1,203,33384
fc1a1cd2d37a9100a80a496108f693ecebc59e14-dirty,2,pager,200,50,144,6731,191176,200,50,1527,49,190983,248787,1,206,33873
fc1a1cd2d37a9100a80a496108f693ecebc59e14-dirty,2,pager,200,50,145,6768,191018,200,50,1537,49,190825,250417,1,209,34364
fc1a1cd2d37a9100a80a496108f693ecebc59e14-dirty,2,pager,200,50,146,6809,194043,200,50,1568,49,193850,255412,1,230,37790
fc1a1cd2d37a9100a80a496108f693ecebc59e14-dirty,2,pager,200,50,147,6846,197383,200,50,1596,49,197190,259897,1,232,38113
fc1a1cd2d37a9100a80a496108f693ecebc59e14-dirty,2,pager,200,50,148,6887,200087,200,50,1618,49,199894,263410,1,228,37461
fc1a1cd2d37a9100a80a496108f693ecebc59e14-dirty,2,pager,200,50,149,6968,198975,200,50,1644,49,198782,267629,1,202,33223
fc1a1cd2d37a9100a80a496108f693ecebc59e14-dirty,2,pager,200,50,150,6972,199771,200,50,1655,49,199578,269422,1,215,35342
fc1a1cd2d37a9100a80a496108f693ecebc59e14-dirty,2,pager,200,50,151,7005,196432,200,50,1648,49,196239,268298,1,202,33222
fc1a1cd2d37a9100a80a496108f693ecebc59e14-dirty,2,pager,200,50,152,7047,197386,200,50,1632,49,197193,265709,1,207,34033
fc1a1cd2d37a9100a80a496108f693ecebc59e14-dirty,2,pager,200,50,153,7129,202156,200,50,1663,49,201963,270738,1,254,41697
fc1a1cd2d37a9100a80a496108f693ecebc59e14-dirty,2,pager,200,50,154,7133,202315,200,50,1691,49,202122,275237,1,202,33222
fc1a1cd2d37a9100a80a496108f693ecebc59e14-dirty,2,pager,200,50,155,7165,202474,200,50,1692,49,202281,275311,1,201,33060
fc1a1cd2d37a9100a80a496108f693ecebc59e14-dirty,2,pager,200,50,156,7247,191185,200,50,1629,49,190992,265113,1,201,33060
fc1a1cd2d37a9100a80a496108f693ecebc59e14-dirty,2,pager,200,50,157,7252,187522,200,50,1598,49,187329,260094,1,252,41365
fc1a1cd2d37a9100a80a496108f693ecebc59e14-dirty,2,pager,200,50,158,7326,185932,200,50,1574,49,185739,256204,1,211,34685
fc1a1cd2d37a9100a80a496108f693ecebc59e14-dirty,2,pager,200,50,159,7330,194677,200,50,1612,49,194484,262370,1,257,42186
fc1a1cd2d37a9100a80a496108f693ecebc59e14-dirty,2,pager,200,50,160,7367,206443,200,50,1677,49,206250,272974,1,279,45772
fc1a1cd2d37a9100a80a496108f693ecebc59e14-dirty,2,pager,200,50,161,7450,213121,200,50,1750,49,212928,284837,1,242,39742
fc1a1cd2d37a9100a80a496108f693ecebc59e14-dirty,2,pager,200,50,162,7454,213439,200,50,1791,49,213246,291473,1,202,33222
fc1a1cd2d37a9100a80a496108f693ecebc59e14-dirty,2,pager,200,50,163,7526,205012,200,50,1743,49,204819,283675,1,201,33060
fc1a1cd2d37a9100a80a496108f693ecebc59e14-dirty,2,pager,200,50,164,7530,190225,200,50,1649,49,190032,268447,1,201,33060
fc1a1cd2d37a9100a80a496108f693ecebc59e14-dirty,2,pager,200,50,165,7608,196426,200,50,1595,49,196233,259689,1,235,38594
fc1a1cd2d37a9100a80a496108f693ecebc59e14-dirty,2,pager,200,50,166,7612,201514,200,50,1631,49,201321,265484,1,229,37619
fc1a1cd2d37a9100a80a496108f693ecebc59e14-dirty,2,pager,200,50,167,7687,198493,200,50,1619,49,198300,263574,1,228,37459
fc1a1cd2d37a9100a80a496108f693ecebc59e14-dirty,2,pager,200,50,168,7691,195472,200,50,1582,49,195279,257528,1,230,37785
fc1a1cd2d37a9100a80a496108f693ecebc59e14-dirty,2,pager,200,50,169,7769,199924,200,50,1547,49,199731,251803,1,229,37622
fc1a1cd2d37a9100a80a496108f693ecebc59e14-dirty,2,pager,200,50,170,7773,201673,200,50,1572,49,201480,255848,1,209,34362
fc1a1cd2d37a9100a80a496108f693ecebc59e14-dirty,2,pager,200,50,171,7846,194041,200,50,1536,49,193848,250019,1,203,33384
fc1a1cd2d37a9100a80a496108f693ecebc59e14-dirty,2,pager,200,50,172,7850,192451,200,50,1505,49,192258,244944,1,217,35663
fc1a1cd2d37a9100a80a496108f693ecebc59e14-dirty,2,pager,200,50,173,7888,191815,200,50,1502,49,191622,244411,1,225,36970
fc1a1cd2d37a9100a80a496108f693ecebc59e14-dirty,2,pager,200,50,174,7965,190225,200,50,1508,49,190032,245392,1,223,36644
fc1a1cd2d37a9100a80a496108f693ecebc59e14-dirty,2,pager,200,50,175,7969,183865,200,50,1483,49,183672,241340,1,228,37459
fc1a1cd2d37a9100a80a496108f693ecebc59e14-dirty,2,pager,200,50,176,8047,187363,200,50,1435,49,187170,233553,1,222,36481
fc1a1cd2d37a9100a80a496108f693ecebc59e14-dirty,2,pager,200,50,177,8051,191338,200,50,1448,49,191145,235634,1,225,36970
fc1a1cd2d37a9100a80a496108f693ecebc59e14-dirty,2,pager,200,50,178,8129,182752,200,50,1385,49,182559,225404,1,227,37296
fc1a1cd2d37a9100a80a496108f693ecebc59e14-dirty,2,pager,200,50,179,8133,180844,200,50,1316,49,180651,214203,1,227,37296
fc1a1cd2d37a9100a80a496108f693ecebc59e14-dirty,2,pager,200,50,180,8206,183229,200,50,1296,49,183036,210970,1,228,37459
fc1a1cd2d37a9100a80a496108f693ecebc59e14-dirty,2,pager,200,50,181,8210,183229,200,50,1312,49,183036,213583,1,202,33222
fc1a1cd2d37a9100a80a496108f693ecebc59e14-dirty,2,pager,200,50,182,8248,170827,200,50,1241,49,170634,202081,1,201,33060
fc1a1cd2d37a9100a80a496108f693ecebc59e14-dirty,2,pager,200,50,183,8325,170509,200,50,1169,49,170316,190417,1,201,33060
fc1a1cd2d37a9100a80a496108f693ecebc59e14-dirty,2,pager,200,50,184,8329,177346,200,50,1210,49,177153,197090,1,247,40550
fc1a1cd2d37a9100a80a496108f693ecebc59e14-dirty,2,pager,200,50,185,8367,189112,200,50,1282,49,188919,208809,1,285,46748
fc1a1cd2d37a9100a80a496108f693ecebc59e14-dirty,2,pager,200,50,186,8408,182593,200,50,1336,49,182400,217608,1,201,33060
fc1a1cd2d37a9100a80a496108f693ecebc59e14-dirty,2,pager,200,50,187,8485,176392,200,50,1297,49,176199,211272,1,201,33060
fc1a1cd2d37a9100a80a496108f693ecebc59e14-dirty,2,pager,200,50,188,8490,184024,200,50,1333,49,183831,217153,1,281,46092
fc1a1cd2d37a9100a80a496108f693ecebc59e14-dirty,2,pager,200,50,189,8526,189270,200,50,1378,49,189077,224505,1,233,38271
fc1a1cd2d37a9100a80a496108f693ecebc59e14-dirty,2,pager,200,50,190,8608,193404,200,50,1401,49,193211,228247,1,232,38108
fc1a1cd2d37a9100a80a496108f693ecebc59e14-dirty,2,pager,200,50,191,8613,197378,200,50,1423,49,197185,231834,1,226,37130
fc1a1cd2d37a9100a80a496108f693ecebc59e14-dirty,2,pager,200,50,192,8687,203261,200,50,1457,49,203068,237321,1,239,39249
fc1a1cd2d37a9100a80a496108f693ecebc59e14-dirty,2,pager,200,50,193,8691,209780,200,50,1499,49,209587,244115,1,241,39578
fc1a1cd2d37a9100a80a496108f693ecebc59e14-dirty,2,pager,200,50,194,8768,210416,200,50,1527,49,210223,248689,1,213,35016
fc1a1cd2d37a9100a80a496108f693ecebc59e14-dirty,2,pager,200,50,195,8772,208982,200,50,1513,49,208789,246436,1,221,36320
fc1a1cd2d37a9100a80a496108f693ecebc59e14-dirty,2,pager,200,50,196,8846,207710,200,50,1505,49,207517,245111,1,226,37135
fc1a1cd2d37a9100a80a496108f693ecebc59e14-dirty,2,pager,200,50,197,8850,212482,200,50,1538,49,212289,250463,1,257,42189
fc1a1cd2d37a9100a80a496108f693ecebc59e14-dirty,2,pager,200,50,198,8929,213594,200,50,1569,49,213401,255479,1,207,34033
fc1a1cd2d37a9100a80a496108f693ecebc59e14-dirty,2,pager,200,50,199,8933,212957,200,50,1568,49,212764,255255,1,211,34688
fc1a1cd2d37a9100a80a496108f693ecebc59e14-dirty,2,pager,200,50,200,9006,213594,200,50,1563,49,213401,254375,1,206,33875
fc1a1cd2d37a9100a80a496108f693ecebc59e14-dirty,2,pager,200,50,201,9010,213118,200,50,1561,49,212925,254018,1,206,33875
fc1a1cd2d37a9100a80a496108f693ecebc59e14-dirty,2,pager,200,50,202,9088,205010,200,50,1506,49,204817,245112,1,206,33875
fc1a1cd2d37a9100a80a496108f693ecebc59e14-dirty,2,pager,200,50,203,9092,209463,200,50,1482,49,209270,241256,1,231,37950
fc1a1cd2d37a9100a80a496108f693ecebc59e14-dirty,2,pager,200,50,204,9130,213598,200,50,1495,49,213405,243344,1,228,37461
fc1a1cd2d37a9100a80a496108f693ecebc59e14-dirty,2,pager,200,50,205,9206,217415,200,50,1507,49,217222,245265,1,225,36972
fc1a1cd2d37a9100a80a496108f693ecebc59e14-dirty,2,pager,200,50,206,9210,208670,200,50,1481,49,208477,241055,1,203,33384
fc1a1cd2d37a9100a80a496108f693ecebc59e14-dirty,2,pager,200,50,207,9289,206921,200,50,1432,49,206728,233113,1,202,33222
fc1a1cd2d37a9100a80a496108f693ecebc59e14-dirty,2,pager,200,50,208,9293,198017,200,50,1374,49,197824,223711,1,201,33060
fc1a1cd2d37a9100a80a496108f693ecebc59e14-dirty,2,pager,200,50,209,9367,187205,200,50,1316,49,187012,214292,1,212,34845
fc1a1cd2d37a9100a80a496108f693ecebc59e14-dirty,2,pager,200,50,210,9371,186092,200,50,1265,49,185899,206049,1,236,38757
fc1a1cd2d37a9100a80a496108f693ecebc59e14-dirty,2,pager,200,50,211,9450,187523,200,50,1251,49,187330,203794,1,211,34682
fc1a1cd2d37a9100a80a496108f693ecebc59e14-dirty,2,pager,200,50,212,9454,191975,200,50,1270,49,191782,206866,1,229,37616
fc1a1cd2d37a9100a80a496108f693ecebc59e14-dirty,2,pager,200,50,213,9486,198653,200,50,1302,49,198460,212068,1,243,39898
fc1a1cd2d37a9100a80a496108f693ecebc59e14-dirty,2,pager,200,50,214,9569,192293,200,50,1310,49,192100,213389,1,201,33060
fc1a1cd2d37a9100a80a496108f693ecebc59e14-dirty,2,pager,200,50,215,9572,188795,200,50,1282,49,188602,208844,1,209,34356
fc1a1cd2d37a9100a80a496108f693ecebc59e14-dirty,2,pager,200,50,216,9646,187205,200,50,1268,49,187012,206575,1,216,35498
fc1a1cd2d37a9100a80a496108f693ecebc59e14-dirty,2,pager,200,50,217,9650,184820,200,50,1272,49,184627,207220,1,213,35008
fc1a1cd2d37a9100a80a496108f693ecebc59e14-dirty,2,pager,200,50,218,9727,182753,200,50,1271,49,182560,207059,1,215,35334
fc1a1cd2d37a9100a80a496108f693ecebc59e14-dirty,2,pager,200,50,219,9769,182276,200,50,1256,49,182083,204625,1,207,34032
fc1a1cd2d37a9100a80a496108f693ecebc59e14-dirty,2,pager,200,50,220,9773,183071,200,50,1251,49,182878,203791,1,208,34194
fc1a1cd2d37a9100a80a496108f693ecebc59e14-dirty,2,pager,200,50,221,9846,181799,200,50,1242,49,181606,202337,1,210,34519
fc1a1cd2d37a9100a80a496108f693ecebc59e14-dirty,2,pager,200,50,222,9850,179891,200,50,1223,49,179698,199268,1,213,35008
fc1a1cd2d37a9100a80a496108f693ecebc59e14-dirty,2,pager,200,50,223,9929,178460,200,50,1212,49,178267,197443,1,214,35171
fc1a1cd2d37a9100a80a496108f693ecebc59e14-dirty,2,pager,200,50,224,9933,175757,200,50,1204,49,175564,196060,1,212,34845
fc1a1cd2d37a9100a80a496108f693ecebc59e14-dirty,2,pager,200,50,225,10006,174644,200,50,1199,49,174451,195172,1,216,35497
fc1a1cd2d37a9100a80a496108f693ecebc59e14-dirty,2,pager,200,50,226,10010,170669,200,50,1201,49,170476,195502,1,201,33060
fc1a1cd2d37a9100a80a496108f693ecebc59e14-dirty,2,pager,200,50,227,10088,172895,200,50,1229,49,172702,199988,1,239,39247
fc1a1cd2d37a9100a80a496108f693ecebc59e14-dirty,2,pager,200,50,228,10092,173054,200,50,1251,49,172861,203496,1,226,37128
fc1a1cd2d37a9100a80a496108f693ecebc59e14-dirty,2,pager,200,50,229,10166,172100,200,50,1259,49,171907,204780,1,222,36476
fc1a1cd2d37a9100a80a496108f693ecebc59e14-dirty,2,pager,200,50,230,10170,176393,200,50,1253,49,176200,203802,1,227,37291
fc1a1cd2d37a9100a80a496108f693ecebc59e14-dirty,2,pager,200,50,231,10207,181163,200,50,1272,49,180970,206862,1,232,38106
fc1a1cd2d37a9100a80a496108f693ecebc59e14-dirty,2,pager,200,50,232,10248,181163,200,50,1303,49,180970,211862,1,201,33060
fc1a1cd2d37a9100a80a496108f693ecebc59e14-dirty,2,pager,200,50,233,10290,185935,200,50,1331,49,185742,216435,1,275,45116
fc1a1cd2d37a9100a80a496108f693ecebc59e14-dirty,2,pager,200,50,234,10326,180213,200,50,1313,49,180020,213582,1,253,41530
fc1a1cd2d37a9100a80a496108f693ecebc59e14-dirty,2,pager,200,50,235,10408,180054,200,50,1281,49,179861,208424,1,201,33060
fc1a1cd2d37a9100a80a496108f693ecebc59e14-dirty,2,pager,200,50,236,10412,184983,200,50,1307,49,184790,212599,1,227,37291
fc1a1cd2d37a9100a80a496108f693ecebc59e14-dirty,2,pager,200,50,237,10490,179736,200,50,1284,49,179543,208872,1,253,41531
fc1a1cd2d37a9100a80a496108f693ecebc59e14-dirty,2,pager,200,50,238,10494,180372,200,50,1251,49,180179,203570,1,238,39086
fc1a1cd2d37a9100a80a496108f693ecebc59e14-dirty,2,pager,200,50,239,10567,178623,200,50,1260,49,178430,205051,1,225,36966
fc1a1cd2d37a9100a80a496108f693ecebc59e14-dirty,2,pager,200,50,240,10571,180531,200,50,1267,49,180338,206212,1,236,38760
fc1a1cd2d37a9100a80a496108f693ecebc59e14-dirty,2,pager,200,50,241,10650,182759,200,50,1285,49,182566,209187,1,255,41862
fc1a1cd2d37a9100a80a496108f693ecebc59e14-dirty,2,pager,200,50,242,10654,175604,200,50,1293,49,175411,210510,1,202,33222
fc1a1cd2d37a9100a80a496108f693ecebc59e14-dirty,2,pager,200,50,243,10728,185304,200,50,1327,49,185111,216075,1,275,45118
fc1a1cd2d37a9100a80a496108f693ecebc59e14-dirty,2,pager,200,50,244,10731,194048,200,50,1384,49,193855,225367,1,275,45117
fc1a1cd2d37a9100a80a496108f693ecebc59e14-dirty,2,pager,200,50,245,10769,197545,200,50,1433,49,197352,233349,1,244,40064
fc1a1cd2d37a9100a80a496108f693ecebc59e14-dirty,2,pager,200,50,246,10810,194521,200,50,1422,49,194328,231603,1,239,39248
fc1a1cd2d37a9100a80a496108f693ecebc59e14-dirty,2,pager,200,50,247,10847,206128,200,50,1444,49,205935,235245,1,284,46583
fc1a1cd2d37a9100a80a496108f693ecebc59e14-dirty,2,pager,200,50,248,10888,204538,200,50,1515,49,204345,246817,1,201,33060
fc1a1cd2d37a9100a80a496108f693ecebc59e14-dirty,2,pager,200,50,249,10929,203583,200,50,1506,49,203390,245333,1,201,33060
fc1a1cd2d37a9100a80a496108f693ecebc59e14-dirty,2,pager,200,50,250,10970,211373,200,50,1552,49,211180,252797,1,250,41038
fc1a1cd2d37a9100a80a496108f693ecebc59e14-dirty,2,pager,200,50,251,11006,215983,200,50,1604,49,215790,261243,1,236,38759
fc1a1cd2d37a9100a80a496108f693ecebc59e14-dirty,2,pager,200,50,252,11047,216618,200,50,1611,49,216425,262375,1,234,38437
fc1a1cd2d37a9100a80a496108f693ecebc59e14-dirty,2,pager,200,50,253,11089,215345,200,50,1629,49,215152,265280,1,220,36155
fc1a1cd2d37a9100a80a496108f693ecebc59e14-dirty,2,pager,200,50,254,11130,211687,200,50,1636,49,211494,266422,1,201,33060
fc1a1cd2d37a9100a80a496108f693ecebc59e14-dirty,2,pager,200,50,255,11171,211210,200,50,1611,49,211017,262357,1,201,33060
fc1a1cd2d37a9100a80a496108f693ecebc59e14-dirty,2,pager,200,50,256,11207,220909,200,50,1665,49,220716,271139,1,257,42180
fc1a1cd2d37a9100a80a496108f693ecebc59e14-dirty,2,pager,200,50,257,11249,226633,200,50,1722,49,226440,280414,1,234,38434
fc1a1cd2d37a9100a80a496108f693ecebc59e14-dirty,2,pager,200,50,258,11326,233788,200,50,1763,49,233595,287105,1,255,41857
fc1a1cd2d37a9100a80a496108f693ecebc59e14-dirty,2,pager,200,50,259,11331,236014,200,50,1786,49,235821,290876,1,248,40716
fc1a1cd2d37a9100a80a496108f693ecebc59e14-dirty,2,pager,200,50,260,11409,242215,200,50,1803,49,242022,293667,1,249,40879
fc1a1cd2d37a9100a80a496108f693ecebc59e14-dirty,2,pager,200,50,261,11413,246508,200,50,1834,49,246315,298731,1,254,41694
fc1a1cd2d37a9100a80a496108f693ecebc59e14-dirty,2,pager,200,50,262,11487,239830,200,50,1854,49,239637,302016,1,201,33060
fc1a1cd2d37a9100a80a496108f693ecebc59e14-dirty,2,pager,200,50,263,11492,244441,200,50,1837,49,244248,299282,1,227,37293
fc1a1cd2d37a9100a80a496108f693ecebc59e14-dirty,2,pager,200,50,264,11569,246667,200,50,1856,49,246474,302379,1,226,37133
fc1a1cd2d37a9100a80a496108f693ecebc59e14-dirty,2,pager,200,50,265,11573,244123,200,50,1865,49,243930,303853,1,202,33222
fc1a1cd2d37a9100a80a496108f693ecebc59e14-dirty,2,pager,200,50,266,11611,241897,200,50,1849,49,241704,301231,1,201,33060
fc1a1cd2d37a9100a80a496108f693ecebc59e14-dirty,2,pager,200,50,267,11647,245713,200,50,1877,49,245520,305778,1,240,39411
fc1a1cd2d37a9100a80a496108f693ecebc59e14-dirty,2,pager,200,50,268,11688,244600,200,50,1906,49,244407,310495,1,201,33060
fc1a1cd2d37a9100a80a496108f693ecebc59e14-dirty,2,pager,200,50,269,11730,243328,200,50,1902,49,243135,309830,1,201,33060
fc1a1cd2d37a9100a80a496108f693ecebc59e14-dirty,2,pager,200,50,270,11808,246031,200,50,1922,49,245838,313073,1,227,37290
fc1a1cd2d37a9100a80a496108f693ecebc59e14-dirty,2,pager,200,50,271,11812,251119,200,50,1962,49,250926,319566,1,250,41041
fc1a1cd2d37a9100a80a496108f693ecebc59e14-dirty,2,pager,200,50,272,11849,249052,200,50,2008,49,248859,326986,1,201,33060
fc1a1cd2d37a9100a80a496108f693ecebc59e14-dirty,2,pager,200,50,273,11931,246985,200,50,1999,49,246792,325459,1,201,33060
fc1a1cd2d37a9100a80a496108f693ecebc59e14-dirty,2,pager,200,50,274,11935,255889,200,50,2059,49,255696,335196,1,273,44788
fc1a1cd2d37a9100a80a496108f693ecebc59e14-dirty,2,pager,200,50,275,12008,255889,200,50,2116,49,255696,344476,1,201,33060
fc1a1cd2d37a9100a80a496108f693ecebc59e14-dirty,2,pager,200,50,276,12012,256684,200,50,2121,49,256491,345271,1,244,40061
fc1a1cd2d37a9100a80a496108f693ecebc59e14-dirty,2,pager,200,50,277,12050,259864,200,50,2142,49,259671,348663,1,243,39901
fc1a1cd2d37a9100a80a496108f693ecebc59e14-dirty,2,pager,200,50,278,12092,257638,200,50,2165,49,257445,352388,1,208,34199
fc1a1cd2d37a9100a80a496108f693ecebc59e14-dirty,2,pager,200,50,279,12128,253504,200,50,2152,49,253311,350253,1,203,33384
fc1a1cd2d37a9100a80a496108f693ecebc59e14-dirty,2,pager,200,50,280,12169,257002,200,50,2183,49,256809,355266,1,253,41530
fc1a1cd2d37a9100a80a496108f693ecebc59e14-dirty,2,pager,200,50,281,12247,270201,200,50,2226,49,270008,362256,1,269,44141
fc1a1cd2d37a9100a80a496108f693ecebc59e14-dirty,2,pager,200,50,282,12252,258592,200,50,2220,49,258399,361280,1,208,34195
fc1a1cd2d37a9100a80a496108f693ecebc59e14-dirty,2,pager,200,50,283,12288,251753,200,50,2163,49,251560,351982,1,214,35177
fc1a1cd2d37a9100a80a496108f693ecebc59e14-dirty,2,pager,200,50,284,12370,253980,200,50,2128,49,253787,346265,1,215,35342
fc1a1cd2d37a9100a80a496108f693ecebc59e14-dirty,2,pager,200,50,285,12375,258274,200,50,2154,49,258081,350492,1,254,41699
fc1a1cd2d37a9100a80a496108f693ecebc59e14-dirty,2,pager,200,50,286,12407,249529,200,50,2151,49,249336,349987,1,203,33384
fc1a1cd2d37a9100a80a496108f693ecebc59e14-dirty,2,pager,200,50,287,12490,243328,200,50,2104,49,243135,342291,1,202,33222
fc1a1cd2d37a9100a80a496108f693ecebc59e14-dirty,2,pager,200,50,288,12494,239671,200,50,2067,49,239478,336302,1,201,33060
fc1a1cd2d37a9100a80a496108f693ecebc59e14-dirty,2,pager,200,50,289,12531,233152,200,50,2032,49,232959,330588,1,201,33060
fc1a1cd2d37a9100a80a496108f693ecebc59e14-dirty,2,pager,200,50,290,12567,233152,200,50,2024,49,232959,329284,1,249,40878
fc1a1cd2d37a9100a80a496108f693ecebc59e14-dirty,2,pager,200,50,291,12609,240148,200,50,2021,49,239955,328806,1,244,40064
fc1a1cd2d37a9100a80a496108f693ecebc59e14-dirty,2,pager,200,50,292,12650,231560,200,50,1989,49,231367,323631,1,219,35989
fc1a1cd2d37a9100a80a496108f693ecebc59e14-dirty,2,pager,200,50,293,12691,231719,200,50,1980,49,231526,322220,1,263,43164
fc1a1cd2d37a9100a80a496108f693ecebc59e14-dirty,2,pager,200,50,294,12727,225995,200,50,1971,49,225802,320824,1,208,34199
fc1a1cd2d37a9100a80a496108f693ecebc59e14-dirty,2,pager,200,50,295,12769,222975,200,50,1948,49,222782,317068,1,220,36157
fc1a1cd2d37a9100a80a496108f693ecebc59e14-dirty,2,pager,200,50,296,12810,210255,200,50,1887,49,210062,307152,1,202,33222
fc1a1cd2d37a9100a80a496108f693ecebc59e14-dirty,2,pager,200,50,297,12887,210414,200,50,1805,49,210221,293822,1,202,33222
fc1a1cd2d37a9100a80a496108f693ecebc59e14-dirty,2,pager,200,50,298,12891,222180,200,50,1867,49,221987,303874,1,264,43324
fc1a1cd2d37a9100a80a496108f693ecebc59e14-dirty,2,pager,200,50,299,12928,214866,200,50,1881,49,214673,306165,1,208,34195
fc1a1cd2d37a9100a80a496108f693ecebc59e14-dirty,2,pager,200,50,300,13010,211686,200,50,1847,49,211493,300628,1,216,35503
fc1a1cd2d37a9100a80a496108f693ecebc59e14-dirty,2,pager,200,50,301,13015,206598,200,50,1826,49,206405,297192,1,202,33222
fc1a1cd2d37a9100a80a496108f693ecebc59e14-dirty,2,pager,200,50,302,13047,203736,200,50,1795,49,203543,292145,1,201,33060
fc1a1cd2d37a9100a80a496108f693ecebc59e14-dirty,2,pager,200,50,303,13088,211686,200,50,1827,49,211493,297347,1,252,41365
fc1a1cd2d37a9100a80a496108f693ecebc59e14-dirty,2,pager,200,50,304,13129,219159,200,50,1853,49,218966,301561,1,249,40876
fc1a1cd2d37a9100a80a496108f693ecebc59e14-dirty,2,pager,200,50,305,13170,215979,200,50,1822,49,215786,296573,1,244,40061
fc1a1cd2d37a9100a80a496108f693ecebc59e14-dirty,2,pager,200,50,306,13207,219477,200,50,1804,49,219284,293668,1,263,43158
fc1a1cd2d37a9100a80a496108f693ecebc59e14-dirty,2,pager,200,50,307,13248,218682,200,50,1786,49,218489,290749,1,252,41365
fc1a1cd2d37a9100a80a496108f693ecebc59e14-dirty,2,pager,200,50,308,13289,215820,200,50,1763,49,215627,287052,1,235,38594
fc1a1cd2d37a9100a80a496108f693ecebc59e14-dirty,2,pager,200,50,309,13330,220908,200,50,1799,49,220715,292932,1,278,45606
fc1a1cd2d37a9100a80a496108f693ecebc59e14-dirty,2,pager,200,50,310,13407,212322,200,50,1826,49,212129,297331,1,202,33222
fc1a1cd2d37a9100a80a496108f693ecebc59e14-dirty,2,pager,200,50,311,13412,217092,200,50,1803,49,216899,293582,1,230,37780
fc1a1cd2d37a9100a80a496108f693ecebc59e14-dirty,2,pager,200,50,312,13449,214707,200,50,1806,49,214514,294093,1,215,35334
fc1a1cd2d37a9100a80a496108f693ecebc59e14-dirty,2,pager,200,50,313,13490,225042,200,50,1863,49,224849,303335,1,282,46257
fc1a1cd2d37a9100a80a496108f693ecebc59e14-dirty,2,pager,200,50,314,13532,236172,200,50,1917,49,235979,312087,1,269,44138
fc1a1cd2d37a9100a80a496108f693ecebc59e14-dirty,2,pager,200,50,315,13568,236490,200,50,1986,49,236297,323284,1,202,33222
fc1a1cd2d37a9100a80a496108f693ecebc59e14-dirty,2,pager,200,50,316,13609,231879,200,50,1958,49,231686,318708,1,211,34682
fc1a1cd2d37a9100a80a496108f693ecebc59e14-dirty,2,pager,200,50,317,13651,235854,200,50,1936,49,235661,315126,1,226,37127
fc1a1cd2d37a9100a80a496108f693ecebc59e14-dirty,2,pager,200,50,318,13687,239193,200,50,1952,49,239000,317726,1,222,36475
fc1a1cd2d37a9100a80a496108f693ecebc59e14-dirty,2,pager,200,50,319,13728,234741,200,50,1947,49,234548,316886,1,201,33060
fc1a1cd2d37a9100a80a496108f693ecebc59e14-dirty,2,pager,200,50,320,13811,234423,200,50,1941,49,234230,315882,1,243,39898
fc1a1cd2d37a9100a80a496108f693ecebc59e14-dirty,2,pager,200,50,321,13816,238239,200,50,1923,49,238046,312936,1,226,37127
fc1a1cd2d37a9100a80a496108f693ecebc59e14-dirty,2,pager,200,50,322,13847,238239,200,50,1948,49,238046,316987,1,201,33060
fc1a1cd2d37a9100a80a496108f693ecebc59e14-dirty,2,pager,200,50,323,13930,228540,200,50,1885,49,228347,306773,1,210,34519
fc1a1cd2d37a9100a80a496108f693ecebc59e14-dirty,2,pager,200,50,324,13934,228540,200,50,1822,49,228347,296524,1,201,33060
fc1a1cd2d37a9100a80a496108f693ecebc59e14-dirty,2,pager,200,50,325,13971,226791,200,50,1812,49,226598,294883,1,234,38431
fc1a1cd2d37a9100a80a496108f693ecebc59e14-dirty,2,pager,200,50,326,14047,219318,200,50,1798,49,219125,292645,1,201,33060
fc1a1cd2d37a9100a80a496108f693ecebc59e14-dirty,2,pager,200,50,327,14052,221385,200,50,1774,49,221192,288769,1,218,35823
fc1a1cd2d37a9100a80a496108f693ecebc59e14-dirty,2,pager,200,50,328,14131,226155,200,50,1798,49,225962,292685,1,232,38107
fc1a1cd2d37a9100a80a496108f693ecebc59e14-dirty,2,pager,200,50,329,14135,220590,200,50,1777,49,220397,289266,1,218,35825
fc1a1cd2d37a9100a80a496108f693ecebc59e14-dirty,2,pager,200,50,330,14167,211525,200,50,1727,49,211332,281137,1,225,36966
fc1a1cd2d37a9100a80a496108f693ecebc59e14-dirty,2,pager,200,50,331,14208,213274,200,50,1682,49,213081,273830,1,220,36151
fc1a1cd2d37a9100a80a496108f693ecebc59e14-dirty,2,pager,200,50,332,14290,211366,200,50,1685,49,211173,274268,1,201,33060
fc1a1cd2d37a9100a80a496108f693ecebc59e14-dirty,2,pager,200,50,333,14295,209139,200,50,1668,49,208946,271453,1,201,33060
fc1a1cd2d37a9100a80a496108f693ecebc59e14-dirty,2,pager,200,50,334,14327,202301,200,50,1628,49,202108,264954,1,213,35008
fc1a1cd2d37a9100a80a496108f693ecebc59e14-dirty,2,pager,200,50,335,14409,208661,200,50,1613,49,208468,262536,1,235,38597
fc1a1cd2d37a9100a80a496108f693ecebc59e14-dirty,2,pager,200,50,336,14413,215180,200,50,1654,49,214987,269218,1,240,39415
fc1a1cd2d37a9100a80a496108f693ecebc59e14-dirty,2,pager,200,50,337,14450,218519,200,50,1690,49,218326,275027,1,218,35829
fc1a1cd2d37a9100a80a496108f693ecebc59e14-dirty,2,pager,200,50,338,14528,224085,200,50,1727,49,223892,280994,1,236,38765
fc1a1cd2d37a9100a80a496108f693ecebc59e14-dirty,2,pager,200,50,339,14532,218360,200,50,1712,49,218167,278586,1,220,36157
fc1a1cd2d37a9100a80a496108f693ecebc59e14-dirty,2,pager,200,50,340,14569,211523,200,50,1681,49,211330,273577,1,203,33384
fc1a1cd2d37a9100a80a496108f693ecebc59e14-dirty,2,pager,200,50,341,14610,214862,200,50,1677,49,214669,272967,1,239,39252
fc1a1cd2d37a9100a80a496108f693ecebc59e14-dirty,2,pager,200,50,342,14651,202778,200,50,1648,49,202585,268258,1,201,33060
fc1a1cd2d37a9100a80a496108f693ecebc59e14-dirty,2,pager,200,50,343,14687,202460,200,50,1590,49,202267,258840,1,206,33873
fc1a1cd2d37a9100a80a496108f693ecebc59e14-dirty,2,pager,200,50,344,14769,208502,200,50,1626,49,208309,264705,1,256,42025
fc1a1cd2d37a9100a80a496108f693ecebc59e14-dirty,2,pager,200,50,345,14774,212001,200,50,1661,49,211808,270390,1,225,36972
fc1a1cd2d37a9100a80a496108f693ecebc59e14-dirty,2,pager,200,50,346,14812,213115,200,50,1684,49,212922,274108,1,209,34364
fc1a1cd2d37a9100a80a496108f693ecebc59e14-dirty,2,pager,200,50,347,14847,204848,200,50,1640,49,204655,266976,1,221,36320
fc1a1cd2d37a9100a80a496108f693ecebc59e14-dirty,2,pager,200,50,348,14929,203735,200,50,1597,49,203542,259955,1,202,33222
fc1a1cd2d37a9100a80a496108f693ecebc59e14-dirty,2,pager,200,50,349,14933,201668,200,50,1580,49,201475,257128,1,202,33222
fc1a1cd2d37a9100a80a496108f693ecebc59e14-dirty,2,pager,200,50,350,15010,201350,200,50,1565,49,201157,254671,1,201,33060
fc1a1cd2d37a9100a80a496108f693ecebc59e14-dirty,2,pager,200,50,351,15014,208346,200,50,1601,49,208153,260509,1,239,39249
fc1a1cd2d37a9100a80a496108f693ecebc59e14-dirty,2,pager,200,50,352,15047,203735,200,50,1589,49,203542,258524,1,220,36155
fc1a1cd2d37a9100a80a496108f693ecebc59e14-dirty,2,pager,200,50,353,15089,201828,200,50,1598,49,201635,259936,1,234,38439
fc1a1cd2d37a9100a80a496108f693ecebc59e14-dirty,2,pager,200,50,354,15171,195309,200,50,1606,49,195116,261195,1,202,33222
fc1a1cd2d37a9100a80a496108f693ecebc59e14-dirty,2,pager,200,50,355,15175,193560,200,50,1610,49,193367,261875,1,246,40393
fc1a1cd2d37a9100a80a496108f693ecebc59e14-dirty,2,pager,200,50,356,15207,190857,200,50,1609,49,190664,261729,1,234,38437
fc1a1cd2d37a9100a80a496108f693ecebc59e14-dirty,2,pager,200,50,357,15248,186087,200,50,1615,49,185894,262715,1,202,33222
fc1a1cd2d37a9100a80a496108f693ecebc59e14-dirty,2,pager,200,50,358,15289,173049,200,50,1535,49,172856,249741,1,201,33060
fc1a1cd2d37a9100a80a496108f693ecebc59e14-dirty,2,pager,200,50,359,15330,174639,200,50,1467,49,174446,238694,1,212,34847
fc1a1cd2d37a9100a80a496108f693ecebc59e14-dirty,2,pager,200,50,360,15371,176547,200,50,1475,49,176354,239998,1,237,38923
fc1a1cd2d37a9100a80a496108f693ecebc59e14-dirty,2,pager,200,50,361,15448,179568,200,50,1485,49,179375,241634,1,230,37785
fc1a1cd2d37a9100a80a496108f693ecebc59e14-dirty,2,pager,200,50,362,15452,173208,200,50,1442,49,173015,234709,1,246,40393
fc1a1cd2d37a9100a80a496108f693ecebc59e14-dirty,2,pager,200,50,363,15490,167007,200,50,1405,49,166814,228754,1,233,38274
fc1a1cd2d37a9100a80a496108f693ecebc59e14-dirty,2,pager,200,50,364,15531,168757,200,50,1369,49,168564,222928,1,212,34853
fc1a1cd2d37a9100a80a496108f693ecebc59e14-dirty,2,pager,200,50,365,15608,174164,200,50,1401,49,173971,228130,1,239,39254
fc1a1cd2d37a9100a80a496108f693ecebc59e14-dirty,2,pager,200,50,366,15612,172893,200,50,1424,49,172700,231880,1,220,36157
fc1a1cd2d37a9100a80a496108f693ecebc59e14-dirty,2,pager,200,50,367,15691,177664,200,50,1463,49,177471,238222,1,252,41373
fc1a1cd2d37a9100a80a496108f693ecebc59e14-dirty,2,pager,200,50,368,15694,179255,200,50,1490,49,179062,242623,1,211,34690
fc1a1cd2d37a9100a80a496108f693ecebc59e14-dirty,2,pager,200,50,369,15768,172896,200,50,1459,49,172703,237597,1,203,33386
fc1a1cd2d37a9100a80a496108f693ecebc59e14-dirty,2,pager,200,50,370,15771,170671,200,50,1438,49,170478,234182,1,212,34853
fc1a1cd2d37a9100a80a496108f693ecebc59e14-dirty,2,pager,200,50,371,15809,173215,200,50,1426,49,173022,232239,1,215,35340
fc1a1cd2d37a9100a80a496108f693ecebc59e14-dirty,2,pager,200,50,372,15850,172421,200,50,1430,49,172228,232907,1,206,33875
fc1a1cd2d37a9100a80a496108f693ecebc59e14-dirty,2,pager,200,50,373,15891,178146,200,50,1454,49,177953,236825,1,236,38765
fc1a1cd2d37a9100a80a496108f693ecebc59e14-dirty,2,pager,200,50,374,15927,175921,200,50,1455,49,175728,236991,1,220,36157
fc1a1cd2d37a9100a80a496108f693ecebc59e14-dirty,2,pager,200,50,375,15969,176239,200,50,1441,49,176046,234707,1,202,33222
fc1a1cd2d37a9100a80a496108f693ecebc59e14-dirty,2,pager,200,50,376,16051,173218,200,50,1425,49,173025,232086,1,202,33222
fc1a1cd2d37a9100a80a496108f693ecebc59e14-dirty,2,pager,200,50,377,16055,167971,200,50,1393,49,167778,226872,1,201,33060
fc1a1cd2d37a9100a80a496108f693ecebc59e14-dirty,2,pager,200,50,378,16128,175444,200,50,1417,49,175251,230781,1,256,42020
fc1a1cd2d37a9100a80a496108f693ecebc59e14-dirty,2,pager,200,50,379,16132,181327,200,50,1452,49,181134,236494,1,256,42020
fc1a1cd2d37a9100a80a496108f693ecebc59e14-dirty,2,pager,200,50,380,16170,188005,200,50,1484,49,187812,241699,1,254,41694
fc1a1cd2d37a9100a80a496108f693ecebc59e14-dirty,2,pager,200,50,381,16211,189754,200,50,1518,49,189561,247224,1,212,34847
fc1a1cd2d37a9100a80a496108f693ecebc59e14-dirty,2,pager,200,50,382,16288,200566,200,50,1576,49,200373,256669,1,259,42509
fc1a1cd2d37a9100a80a496108f693ecebc59e14-dirty,2,pager,200,50,383,16292,203428,200,50,1625,49,203235,264614,1,230,37785
fc1a1cd2d37a9100a80a496108f693ecebc59e14-dirty,2,pager,200,50,384,16329,201838,200,50,1593,49,201645,259393,1,230,37785
fc1a1cd2d37a9100a80a496108f693ecebc59e14-dirty,2,pager,200,50,385,16411,196909,200,50,1579,49,196716,257133,1,210,34525
fc1a1cd2d37a9100a80a496108f693ecebc59e14-dirty,2,pager,200,50,386,16415,195161,200,50,1555,49,194968,253238,1,210,34527
fc1a1cd2d37a9100a80a496108f693ecebc59e14-dirty,2,pager,200,50,387,16488,195320,200,50,1551,49,195127,252605,1,238,39091
fc1a1cd2d37a9100a80a496108f693ecebc59e14-dirty,2,pager,200,50,388,16492,204542,200,50,1593,49,204349,259483,1,278,45611
fc1a1cd2d37a9100a80a496108f693ecebc59e14-dirty,2,pager,200,50,389,16571,204383,200,50,1650,49,204190,268795,1,202,33222
fc1a1cd2d37a9100a80a496108f693ecebc59e14-dirty,2,pager,200,50,390,16575,199932,200,50,1624,49,199739,264558,1,212,34853
fc1a1cd2d37a9100a80a496108f693ecebc59e14-dirty,2,pager,200,50,391,16608,200250,200,50,1598,49,200057,260319,1,202,33222
fc1a1cd2d37a9100a80a496108f693ecebc59e14-dirty,2,pager,200,50,392,16690,209472,200,50,1656,49,209279,269742,1,264,43327
fc1a1cd2d37a9100a80a496108f693ecebc59e14-dirty,2,pager,200,50,393,16694,203747,200,50,1662,49,203554,270745,1,220,36155
fc1a1cd2d37a9100a80a496108f693ecebc59e14-dirty,2,pager,200,50,394,16731,202634,200,50,1627,49,202441,265048,1,216,35505
fc1a1cd2d37a9100a80a496108f693ecebc59e14-dirty,2,pager,200,50,395,16767,207086,200,50,1637,49,206893,266669,1,236,38765
fc1a1cd2d37a9100a80a496108f693ecebc59e14-dirty,2,pager,200,50,396,16808,206927,200,50,1653,49,206734,269262,1,220,36157
fc1a1cd2d37a9100a80a496108f693ecebc59e14-dirty,2,pager,200,50,397,16850,207086,200,50,1653,49,206893,269281,1,203,33384
fc1a1cd2d37a9100a80a496108f693ecebc59e14-dirty,2,pager,200,50,398,16932,207086,200,50,1654,49,206893,269434,1,202,33222
fc1a1cd2d37a9100a80a496108f693ecebc59e14-dirty,2,pager,200,50,399,16936,207086,200,50,1654,49,206893,269397,1,201,33060
fc1a1cd2d37a9100a80a496108f693ecebc59e14-dirty,2,pager,200,50,400,16968,207722,200,50,1656,49,207529,269722,1,241,39575
fc1a1cd2d37a9100a80a496108f693ecebc59e14-dirty,2,pager,200,50,401,17050,211697,200,50,1667,49,211504,271513,1,248,40719
fc1a1cd2d37a9100a80a496108f693ecebc59e14-dirty,2,pager,200,50,402,17054,206449,200,50,1679,49,206256,273461,1,202,33222
fc1a1cd2d37a9100a80a496108f693ecebc59e14-dirty,2,pager,200,50,403,17128,206131,200,50,1646,49,205938,268082,1,201,33060
fc1a1cd2d37a9100a80a496108f693ecebc59e14-dirty,2,pager,200,50,404,17132,208039,200,50,1651,49,207846,268896,1,251,41205
fc1a1cd2d37a9100a80a496108f693ecebc59e14-dirty,2,pager,200,50,405,17210,202792,200,50,1664,49,202599,271006,1,204,33546
fc1a1cd2d37a9100a80a496108f693ecebc59e14-dirty,2,pager,200,50,406,17214,211855,200,50,1681,49,211662,273757,1,255,41858
fc1a1cd2d37a9100a80a496108f693ecebc59e14-dirty,2,pager,200,50,407,17289,221236,200,50,1734,49,221043,282347,1,252,41368
fc1a1cd2d37a9100a80a496108f693ecebc59e14-dirty,2,pager,200,50,408,17293,226642,200,50,1771,49,226449,288381,1,240,39412
fc1a1cd2d37a9100a80a496108f693ecebc59e14-dirty,2,pager,200,50,409,17371,227437,200,50,1775,49,227244,289060,1,242,39737
fc1a1cd2d37a9100a80a496108f693ecebc59e14-dirty,2,pager,200,50,410,17375,225370,200,50,1778,49,225177,289573,1,220,36155
fc1a1cd2d37a9100a80a496108f693ecebc59e14-dirty,2,pager,200,50,411,17408,217897,200,50,1756,49,217704,286012,1,202,33222
fc1a1cd2d37a9100a80a496108f693ecebc59e14-dirty,2,pager,200,50,412,17449,212650,200,50,1714,49,212457,279174,1,201,33060
fc1a1cd2d37a9100a80a496108f693ecebc59e14-dirty,2,pager,200,50,413,17490,223938,200,50,1758,49,223745,286342,1,279,45769
fc1a1cd2d37a9100a80a496108f693ecebc59e14-dirty,2,pager,200,50,414,17568,225845,200,50,1797,49,225652,292717,1,253,41534
fc1a1cd2d37a9100a80a496108f693ecebc59e14-dirty,2,pager,200,50,415,17572,226640,200,50,1809,49,226447,294710,1,226,37135
fc1a1cd2d37a9100a80a496108f693ecebc59e14-dirty,2,pager,200,50,416,17609,222665,200,50,1784,49,222472,290690,1,229,37624
fc1a1cd2d37a9100a80a496108f693ecebc59e14-dirty,2,pager,200,50,417,17650,226960,200,50,1766,49,226767,287752,1,235,38604
fc1a1cd2d37a9100a80a496108f693ecebc59e14-dirty,2,pager,200,50,418,17691,226960,200,50,1791,49,226767,291779,1,204,33549
fc1a1cd2d37a9100a80a496108f693ecebc59e14-dirty,2,pager,200,50,419,17733,225528,200,50,1784,49,225335,290592,1,202,33222
fc1a1cd2d37a9100a80a496108f693ecebc59e14-dirty,2,pager,200,50,420,17769,228390,200,50,1800,49,228197,293160,1,231,37948
fc1a1cd2d37a9100a80a496108f693ecebc59e14-dirty,2,pager,200,50,421,17810,230774,200,50,1816,49,230581,295723,1,219,35992
fc1a1cd2d37a9100a80a496108f693ecebc59e14-dirty,2,pager,200,50,422,17893,233795,200,50,1840,49,233602,299605,1,255,41862
fc1a1cd2d37a9100a80a496108f693ecebc59e14-dirty,2,pager,200,50,423,17898,239837,200,50,1851,49,239644,301425,1,260,42677
fc1a1cd2d37a9100a80a496108f693ecebc59e14-dirty,2,pager,200,50,424,17930,249060,200,50,1875,49,248867,305328,1,260,42677
fc1a1cd2d37a9100a80a496108f693ecebc59e14-dirty,2,pager,200,50,425,17971,258760,200,50,1922,49,258567,312979,1,262,43003
fc1a1cd2d37a9100a80a496108f693ecebc59e14-dirty,2,pager,200,50,426,18050,268460,200,50,1970,49,268267,320771,1,260,42677
fc1a1cd2d37a9100a80a496108f693ecebc59e14-dirty,2,pager,200,50,427,18055,263850,200,50,1963,49,263657,319614,1,233,38276
fc1a1cd2d37a9100a80a496108f693ecebc59e14-dirty,2,pager,200,50,428,18132,257968,200,50,1936,49,257775,315197,1,226,37135
fc1a1cd2d37a9100a80a496108f693ecebc59e14-dirty,2,pager,200,50,429,18137,249542,200,50,1905,49,249349,310190,1,209,34364
fc1a1cd2d37a9100a80a496108f693ecebc59e14-dirty,2,pager,200,50,430,18209,247953,200,50,1860,49,247760,302903,1,202,33223
fc1a1cd2d37a9100a80a496108f693ecebc59e14-dirty,2,pager,200,50,431,18214,237459,200,50,1803,49,237266,293613,1,202,33222
fc1a1cd2d37a9100a80a496108f693ecebc59e14-dirty,2,pager,200,50,432,18250,232530,200,50,1743,49,232337,283833,1,202,33222
fc1a1cd2d37a9100a80a496108f693ecebc59e14-dirty,2,pager,200,50,433,18332,227283,200,50,1736,49,227090,282679,1,201,33060
fc1a1cd2d37a9100a80a496108f693ecebc59e14-dirty,2,pager,200,50,434,18338,233802,200,50,1753,49,233609,285441,1,248,40715
fc1a1cd2d37a9100a80a496108f693ecebc59e14-dirty,2,pager,200,50,435,18410,238094,200,50,1784,49,237901,290469,1,239,39252
fc1a1cd2d37a9100a80a496108f693ecebc59e14-dirty,2,pager,200,50,436,18414,232687,200,50,1789,49,232494,291294,1,202,33222
fc1a1cd2d37a9100a80a496108f693ecebc59e14-dirty,2,pager,200,50,437,18492,220602,200,50,1714,49,220409,279141,1,201,33060
fc1a1cd2d37a9100a80a496108f693ecebc59e14-dirty,2,pager,200,50,438,18496,227121,200,50,1674,49,226928,272694,1,239,39249
fc1a1cd2d37a9100a80a496108f693ecebc59e14-dirty,2,pager,200,50,439,18569,228074,200,50,1699,49,227881,276737,1,216,35503
fc1a1cd2d37a9100a80a496108f693ecebc59e14-dirty,2,pager,200,50,440,18573,229029,200,50,1701,49,228836,277023,1,208,34201
fc1a1cd2d37a9100a80a496108f693ecebc59e14-dirty,2,pager,200,50,441,18611,221239,200,50,1652,49,221046,269053,1,216,35505
fc1a1cd2d37a9100a80a496108f693ecebc59e14-dirty,2,pager,200,50,442,18652,220445,200,50,1587,48,217532,258524,1,216,35505
fc1a1cd2d37a9100a80a496108f693ecebc59e14-dirty,2,pager,200,50,443,18689,225533,200,50,1613,48,222620,262734,1,248,40721
fc1a1cd2d37a9100a80a496108f693ecebc59e14-dirty,2,pager,200,50,444,18730,221716,200,50,1628,48,218803,265165,1,211,34688
fc1a1cd2d37a9100a80a496108f693ecebc59e14-dirty,2,pager,200,50,445,18771,225214,200,50,1637,48,222301,266614,1,242,39743
fc1a1cd2d37a9100a80a496108f693ecebc59e14-dirty,2,pager,200,50,446,18812,225055,200,50,1658,48,222142,270005,1,202,33222
fc1a1cd2d37a9100a80a496108f693ecebc59e14-dirty,2,pager,200,50,447,18849,226009,200,50,1662,48,223096,270613,1,208,34199
fc1a1cd2d37a9100a80a496108f693ecebc59e14-dirty,2,pager,200,50,448,18890,226327,200,50,1669,48,223414,271711,1,202,33222
fc1a1cd2d37a9100a80a496108f693ecebc59e14-dirty,2,pager,200,50,449,18931,218536,200,50,1630,48,215623,265356,1,201,33060
fc1a1cd2d37a9100a80a496108f693ecebc59e14-dirty,2,pager,200,50,450,18972,218854,200,50,1622,48,215941,264083,1,244,40064
fc1a1cd2d37a9100a80a496108f693ecebc59e14-dirty,2,pager,200,50,451,19013,226009,200,50,1622,48,223096,264128,1,244,40067
fc1a1cd2d37a9100a80a496108f693ecebc59e14-dirty,2,pager,200,50,452,19050,232369,200,50,1660,48,229456,270246,1,236,38763
fc1a1cd2d37a9100a80a496108f693ecebc59e14-dirty,2,pager,200,50,453,19091,233641,200,50,1672,48,230728,272175,1,260,42675
fc1a1cd2d37a9100a80a496108f693ecebc59e14-dirty,2,pager,200,50,454,19132,244294,200,50,1692,48,241381,275430,1,268,43979
fc1a1cd2d37a9100a80a496108f693ecebc59e14-dirty,2,pager,200,50,455,19173,235231,200,50,1709,48,232318,278219,1,202,33222
fc1a1cd2d37a9100a80a496108f693ecebc59e14-dirty,2,pager,200,50,456,19209,225850,200,50,1656,48,222937,269604,1,201,33060
fc1a1cd2d37a9100a80a496108f693ecebc59e14-dirty,2,pager,200,50,457,19250,228394,200,50,1662,48,225481,270590,1,255,41857
fc1a1cd2d37a9100a80a496108f693ecebc59e14-dirty,2,pager,200,50,458,19292,227599,200,50,1675,48,224686,272748,1,239,39252
fc1a1cd2d37a9100a80a496108f693ecebc59e14-dirty,2,pager,200,50,459,19333,232369,200,50,1677,48,229456,273092,1,246,40393
fc1a1cd2d37a9100a80a496108f693ecebc59e14-dirty,2,pager,200,50,460,19369,233482,200,50,1702,48,230569,277158,1,208,34199
fc1a1cd2d37a9100a80a496108f693ecebc59e14-dirty,2,pager,200,50,461,19411,234278,200,50,1709,48,231365,278241,1,205,33712
fc1a1cd2d37a9100a80a496108f693ecebc59e14-dirty,2,pager,200,50,462,19452,222195,200,50,1637,48,219282,266542,1,208,34201
fc1a1cd2d37a9100a80a496108f693ecebc59e14-dirty,2,pager,200,50,463,19493,219175,200,50,1592,48,216262,259250,1,237,38928
fc1a1cd2d37a9100a80a496108f693ecebc59e14-dirty,2,pager,200,50,464,19529,219652,200,50,1576,48,216739,256648,1,225,36972
fc1a1cd2d37a9100a80a496108f693ecebc59e14-dirty,2,pager,200,50,465,19570,219970,200,50,1571,48,217057,255815,1,227,37298
fc1a1cd2d37a9100a80a496108f693ecebc59e14-dirty,2,pager,200,50,466,19611,222671,200,50,1595,48,219758,259708,1,255,41862
fc1a1cd2d37a9100a80a496108f693ecebc59e14-dirty,2,pager,200,50,467,19653,229190,200,50,1609,48,226277,261994,1,245,40232
fc1a1cd2d37a9100a80a496108f693ecebc59e14-dirty,2,pager,200,50,468,19689,229190,200,50,1650,48,226277,268656,1,202,33222
fc1a1cd2d37a9100a80a496108f693ecebc59e14-dirty,2,pager,200,50,469,19730,224102,200,50,1622,48,221189,264113,1,202,33222
fc1a1cd2d37a9100a80a496108f693ecebc59e14-dirty,2,pager,200,50,470,19771,220763,200,50,1593,48,217850,259415,1,201,33060
fc1a1cd2d37a9100a80a496108f693ecebc59e14-dirty,2,pager,200,50,471,19849,219331,200,50,1575,48,216418,256533,1,241,39574
fc1a1cd2d37a9100a80a496108f693ecebc59e14-dirty,2,pager,200,50,472,19853,215196,200,50,1573,48,212283,256246,1,230,37785
fc1a1cd2d37a9100a80a496108f693ecebc59e14-dirty,2,pager,200,50,473,19890,208199,200,50,1560,48,205286,254123,1,215,35340
fc1a1cd2d37a9100a80a496108f693ecebc59e14-dirty,2,pager,200,50,474,19971,204383,200,50,1552,48,201470,252821,1,238,39091
fc1a1cd2d37a9100a80a496108f693ecebc59e14-dirty,2,pager,200,50,475,19975,201998,200,50,1551,48,199085,252668,1,248,40721
fc1a1cd2d37a9100a80a496108f693ecebc59e14-dirty,2,pager,200,50,476,20008,196591,200,50,1551,48,193678,252714,1,202,33222
fc1a1cd2d37a9100a80a496108f693ecebc59e14-dirty,2,pager,200,50,477,20090,192774,200,50,1520,48,189861,247654,1,202,33222
fc1a1cd2d37a9100a80a496108f693ecebc59e14-dirty,2,pager,200,50,478,20094,191342,200,50,1496,48,188429,243729,1,201,33060
fc1a1cd2d37a9100a80a496108f693ecebc59e14-dirty,2,pager,200,50,479,20132,205492,200,50,1571,48,202579,255944,1,285,46747
fc1a1cd2d37a9100a80a496108f693ecebc59e14-dirty,2,pager,200,50,480,20209,211852,200,50,1652,48,208939,269131,1,241,39578
fc1a1cd2d37a9100a80a496108f693ecebc59e14-dirty,2,pager,200,50,481,20213,216941,200,50,1688,48,214029,275001,1,232,38113
fc1a1cd2d37a9100a80a496108f693ecebc59e14-dirty,2,pager,200,50,482,20250,217259,200,50,1719,48,214347,280009,1,202,33222
fc1a1cd2d37a9100a80a496108f693ecebc59e14-dirty,2,pager,200,50,483,20292,211853,200,50,1688,48,208941,274957,1,217,35666
fc1a1cd2d37a9100a80a496108f693ecebc59e14-dirty,2,pager,200,50,484,20333,213762,200,50,1697,48,210850,276429,1,251,41210
fc1a1cd2d37a9100a80a496108f693ecebc59e14-dirty,2,pager,200,50,485,20369,221872,200,50,1697,48,218960,276429,1,254,41699
fc1a1cd2d37a9100a80a496108f693ecebc59e14-dirty,2,pager,200,50,486,20410,224258,200,50,1738,48,221346,283107,1,216,35505
fc1a1cd2d37a9100a80a496108f693ecebc59e14-dirty,2,pager,200,50,487,20492,219807,200,50,1715,48,216895,279393,1,215,35342
fc1a1cd2d37a9100a80a496108f693ecebc59e14-dirty,2,pager,200,50,488,20496,219490,200,50,1682,48,216578,274055,1,217,35668
fc1a1cd2d37a9100a80a496108f693ecebc59e14-dirty,2,pager,200,50,489,20570,221080,200,50,1673,48,218168,272561,1,218,35831
fc1a1cd2d37a9100a80a496108f693ecebc59e14-dirty,2,pager,200,50,490,20574,222034,200,50,1669,48,219122,271875,1,223,36646
fc1a1cd2d37a9100a80a496108f693ecebc59e14-dirty,2,pager,200,50,491,20611,224578,200,50,1681,49,224385,273792,1,231,37950
fc1a1cd2d37a9100a80a496108f693ecebc59e14-dirty,2,pager,200,50,492,20652,217104,200,50,1666,49,216911,271330,1,202,33222
fc1a1cd2d37a9100a80a496108f693ecebc59e14-dirty,2,pager,200,50,493,20689,215355,200,50,1618,49,215162,263489,1,202,33222
fc1a1cd2d37a9100a80a496108f693ecebc59e14-dirty,2,pager,200,50,494,20730,208517,200,50,1575,49,208324,256457,1,201,33060
fc1a1cd2d37a9100a80a496108f693ecebc59e14-dirty,2,pager,200,50,495,20811,220283,200,50,1602,49,220090,260895,1,270,44302
fc1a1cd2d37a9100a80a496108f693ecebc59e14-dirty,2,pager,200,50,496,20816,225212,200,50,1668,49,225019,271603,1,239,39252
fc1a1cd2d37a9100a80a496108f693ecebc59e14-dirty,2,pager,200,50,497,20890,229029,200,50,1696,49,228836,276121,1,219,35994
fc1a1cd2d37a9100a80a496108f693ecebc59e14-dirty,2,pager,200,50,498,20894,230779,200,50,1716,49,230586,279339,1,212,34853
fc1a1cd2d37a9100a80a496108f693ecebc59e14-dirty,2,pager,200,50,499,20931,224420,200,50,1686,49,224227,274452,1,207,34038
fc1a1cd2d37a9100a80a496108f693ecebc59e14-dirty,2,pager,200,50,500,20972,219015,200,50,1653,49,218822,269118,1,214,35179
fc1a1cd2d37a9100a80a496108f693ecebc59e14-dirty,2,pager,200,50,501,21049,213133,200,50,1629,49,212940,265239,1,203,33386
fc1a1cd2d37a9100a80a496108f693ecebc59e14-dirty,2,pager,200,50,502,21053,205025,200,50,1583,49,204832,257766,1,217,35668
fc1a1cd2d37a9100a80a496108f693ecebc59e14-dirty,2,pager,200,50,503,21130,195804,200,50,1531,49,195611,249321,1,210,34527
fc1a1cd2d37a9100a80a496108f693ecebc59e14-dirty,2,pager,200,50,504,21134,196441,200,50,1473,49,196248,239912,1,206,33875
fc1a1cd2d37a9100a80a496108f693ecebc59e14-dirty,2,pager,200,50,505,21173,201530,200,50,1501,49,201337,244423,1,232,38113
fc1a1cd2d37a9100a80a496108f693ecebc59e14-dirty,2,pager,200,50,506,21249,192150,200,50,1480,49,191957,241008,1,203,33386
fc1a1cd2d37a9100a80a496108f693ecebc59e14-dirty,2,pager,200,50,507,21253,186427,200,50,1430,49,186234,232873,1,206,33875
fc1a1cd2d37a9100a80a496108f693ecebc59e14-dirty,2,pager,200,50,508,21291,178796,200,50,1393,49,178603,226884,1,203,33386
fc1a1cd2d37a9100a80a496108f693ecebc59e14-dirty,2,pager,200,50,509,21368,178796,200,50,1354,49,178603,220572,1,207,34037
fc1a1cd2d37a9100a80a496108f693ecebc59e14-dirty,2,pager,200,50,510,21372,181976,200,50,1371,49,181783,223312,1,225,36972
fc1a1cd2d37a9100a80a496108f693ecebc59e14-dirty,2,pager,200,50,511,21450,181499,200,50,1389,49,181306,226208,1,205,33712
fc1a1cd2d37a9100a80a496108f693ecebc59e14-dirty,2,pager,200,50,512,21454,175774,200,50,1357,49,175581,220997,1,202,33222
fc1a1cd2d37a9100a80a496108f693ecebc59e14-dirty,2,pager,200,50,513,21532,171957,200,50,1322,49,171764,215286,1,202,33222
fc1a1cd2d37a9100a80a496108f693ecebc59e14-dirty,2,pager,200,50,514,21536,167504,200,50,1297,49,167311,211188,1,201,33060
fc1a1cd2d37a9100a80a496108f693ecebc59e14-dirty,2,pager,200,50,515,21610,166867,200,50,1285,49,166674,209234,1,244,40064
fc1a1cd2d37a9100a80a496108f693ecebc59e14-dirty,2,pager,200,50,516,21614,168297,200,50,1289,49,168104,209930,1,250,41045
fc1a1cd2d37a9100a80a496108f693ecebc59e14-dirty,2,pager,200,50,517,21651,176089,200,50,1295,49,175896,210951,1,249,40884
fc1a1cd2d37a9100a80a496108f693ecebc59e14-dirty,2,pager,200,50,518,21729,183404,200,50,1338,49,183211,217880,1,252,41373
fc1a1cd2d37a9100a80a496108f693ecebc59e14-dirty,2,pager,200,50,519,21733,194376,200,50,1399,49,194183,227742,1,266,43655
fc1a1cd2d37a9100a80a496108f693ecebc59e14-dirty,2,pager,200,50,520,21770,187380,200,50,1425,49,187187,231987,1,202,33222
fc1a1cd2d37a9100a80a496108f693ecebc59e14-dirty,2,pager,200,50,521,21852,182451,200,50,1383,49,182258,225157,1,202,33222
fc1a1cd2d37a9100a80a496108f693ecebc59e14-dirty,2,pager,200,50,522,21856,180066,200,50,1354,49,179873,220444,1,201,33060
fc1a1cd2d37a9100a80a496108f693ecebc59e14-dirty,2,pager,200,50,523,21888,173864,200,50,1314,49,173671,213912,1,201,33060
fc1a1cd2d37a9100a80a496108f693ecebc59e14-dirty,2,pager,200,50,524,21929,177520,200,50,1325,49,177327,215705,1,259,42506
fc1a1cd2d37a9100a80a496108f693ecebc59e14-dirty,2,pager,200,50,525,21970,181177,200,50,1338,49,180984,217821,1,224,36800
fc1a1cd2d37a9100a80a496108f693ecebc59e14-dirty,2,pager,200,50,526,22012,184675,200,50,1360,49,184482,221386,1,222,36475
fc1a1cd2d37a9100a80a496108f693ecebc59e14-dirty,2,pager,200,50,527,22053,188809,200,50,1390,49,188616,226264,1,227,37292
fc1a1cd2d37a9100a80a496108f693ecebc59e14-dirty,2,pager,200,50,528,22130,174499,200,50,1333,49,174306,217050,1,201,33060
fc1a1cd2d37a9100a80a496108f693ecebc59e14-dirty,2,pager,200,50,529,22134,167821,200,50,1251,49,167628,203761,1,201,33060
fc1a1cd2d37a9100a80a496108f693ecebc59e14-dirty,2,pager,200,50,530,22212,165912,200,50,1233,49,165719,200846,1,220,36149
fc1a1cd2d37a9100a80a496108f693ecebc59e14-dirty,2,pager,200,50,531,22216,170046,200,50,1230,49,169853,200349,1,224,36804
fc1a1cd2d37a9100a80a496108f693ecebc59e14-dirty,2,pager,200,50,532,22248,173862,200,50,1261,49,173669,205413,1,245,40230
fc1a1cd2d37a9100a80a496108f693ecebc59e14-dirty,2,pager,200,50,533,22291,166229,200,50,1252,49,166036,203998,1,202,33222
fc1a1cd2d37a9100a80a496108f693ecebc59e14-dirty,2,pager,200,50,534,22368,157960,200,50,1215,49,157767,197935,1,201,33060
fc1a1cd2d37a9100a80a496108f693ecebc59e14-dirty,2,pager,200,50,535,22372,155574,200,50,1174,49,155381,191220,1,201,33060
fc1a1cd2d37a9100a80a496108f693ecebc59e14-dirty,2,pager,200,50,536,22409,159548,200,50,1195,49,159355,194613,1,236,38757
fc1a1cd2d37a9100a80a496108f693ecebc59e14-dirty,2,pager,200,50,537,22450,162727,200,50,1226,49,162534,199639,1,233,38271
fc1a1cd2d37a9100a80a496108f693ecebc59e14-dirty,2,pager,200,50,538,22492,166065,200,50,1261,49,165872,205331,1,235,38600
fc1a1cd2d37a9100a80a496108f693ecebc59e14-dirty,2,pager,200,50,539,22569,170676,200,50,1303,49,170483,212170,1,252,41373
fc1a1cd2d37a9100a80a496108f693ecebc59e14-dirty,2,pager,200,50,540,22573,165905,200,50,1343,49,165712,218686,1,202,33222
fc1a1cd2d37a9100a80a496108f693ecebc59e14-dirty,2,pager,200,50,541,22651,165905,200,50,1314,49,165712,213973,1,202,33222
fc1a1cd2d37a9100a80a496108f693ecebc59e14-dirty,2,pager,200,50,542,22655,165746,200,50,1314,49,165553,213960,1,201,33060
fc1a1cd2d37a9100a80a496108f693ecebc59e14-dirty,2,pager,200,50,543,22729,165746,200,50,1314,49,165553,213951,1,201,33060
fc1a1cd2d37a9100a80a496108f693ecebc59e14-dirty,2,pager,200,50,544,22732,162566,200,50,1294,49,162373,210727,1,249,40876
fc1a1cd2d37a9100a80a496108f693ecebc59e14-dirty,2,pager,200,50,545,22770,163520,200,50,1275,49,163327,207666,1,244,40064
fc1a1cd2d37a9100a80a496108f693ecebc59e14-dirty,2,pager,200,50,546,22852,169726,200,50,1306,49,169533,212753,1,264,43333
fc1a1cd2d37a9100a80a496108f693ecebc59e14-dirty,2,pager,200,50,547,22856,169407,200,50,1351,49,169214,220097,1,207,34033
fc1a1cd2d37a9100a80a496108f693ecebc59e14-dirty,2,pager,200,50,548,22889,171950,200,50,1364,49,171757,222219,1,225,36970
fc1a1cd2d37a9100a80a496108f693ecebc59e14-dirty,2,pager,200,50,549,22970,170200,200,50,1374,49,170007,223836,1,202,33222
fc1a1cd2d37a9100a80a496108f693ecebc59e14-dirty,2,pager,200,50,550,22974,169881,200,50,1361,49,169688,221706,1,201,33060
fc1a1cd2d37a9100a80a496108f693ecebc59e14-dirty,2,pager,200,50,551,23053,167177,200,50,1346,49,166984,219271,1,201,33060
fc1a1cd2d37a9100a80a496108f693ecebc59e14-dirty,2,pager,200,50,552,23057,175603,200,50,1390,49,175410,226447,1,259,42506
fc1a1cd2d37a9100a80a496108f693ecebc59e14-dirty,2,pager,200,50,553,23130,180531,200,50,1442,49,180338,234923,1,238,39085
fc1a1cd2d37a9100a80a496108f693ecebc59e14-dirty,2,pager,200,50,554,23134,185147,200,50,1473,49,184954,239963,1,254,41703
fc1a1cd2d37a9100a80a496108f693ecebc59e14-dirty,2,pager,200,50,555,23171,184828,200,50,1494,49,184635,243361,1,201,33060
fc1a1cd2d37a9100a80a496108f693ecebc59e14-dirty,2,pager,200,50,556,23249,183873,200,50,1490,49,183680,242662,1,201,33060
fc1a1cd2d37a9100a80a496108f693ecebc59e14-dirty,2,pager,200,50,557,23252,191822,200,50,1530,49,191629,249135,1,247,40550
fc1a1cd2d37a9100a80a496108f693ecebc59e14-dirty,2,pager,200,50,558,23332,197069,200,50,1572,49,196876,255917,1,241,39575
fc1a1cd2d37a9100a80a496108f693ecebc59e14-dirty,2,pager,200,50,559,23336,196909,200,50,1587,49,196716,258317,1,225,36970
fc1a1cd2d37a9100a80a496108f693ecebc59e14-dirty,2,pager,200,50,560,23373,203586,200,50,1608,49,203393,261757,1,244,40064
fc1a1cd2d37a9100a80a496108f693ecebc59e14-dirty,2,pager,200,50,561,23450,207402,200,50,1647,49,207209,268113,1,228,37459
fc1a1cd2d37a9100a80a496108f693ecebc59e14-dirty,2,pager,200,50,562,23454,215829,200,50,1697,49,215636,276261,1,252,41368
fc1a1cd2d37a9100a80a496108f693ecebc59e14-dirty,2,pager,200,50,563,23491,219009,200,50,1749,49,218816,284675,1,221,36318
fc1a1cd2d37a9100a80a496108f693ecebc59e14-dirty,2,pager,200,50,564,23533,212490,200,50,1729,49,212297,281397,1,207,34033
fc1a1cd2d37a9100a80a496108f693ecebc59e14-dirty,2,pager,200,50,565,23574,207084,200,50,1696,49,206891,276049,1,220,36155
fc1a1cd2d37a9100a80a496108f693ecebc59e14-dirty,2,pager,200,50,566,23651,199292,200,50,1665,49,199099,271015,1,202,33222
fc1a1cd2d37a9100a80a496108f693ecebc59e14-dirty,2,pager,200,50,567,23655,191818,200,50,1622,49,191625,264022,1,201,33060
fc1a1cd2d37a9100a80a496108f693ecebc59e14-dirty,2,pager,200,50,568,23733,180846,200,50,1561,49,180653,254139,1,201,33060
fc1a1cd2d37a9100a80a496108f693ecebc59e14-dirty,2,pager,200,50,569,23737,190704,200,50,1555,49,190511,253199,1,260,42669
fc1a1cd2d37a9100a80a496108f693ecebc59e14-dirty,2,pager,200,50,570,23810,192612,200,50,1611,49,192419,262294,1,212,34848
fc1a1cd2d37a9100a80a496108f693ecebc59e14-dirty,2,pager,200,50,571,23814,204537,200,50,1690,49,204344,275122,1,278,45609
fc1a1cd2d37a9100a80a496108f693ecebc59e14-dirty,2,pager,200,50,572,23890,213441,200,50,1745,49,213248,284044,1,257,42186
fc1a1cd2d37a9100a80a496108f693ecebc59e14-dirty,2,pager,200,50,573,23894,213282,200,50,1,1,371,359,0,1,359
fc1a1cd2d37a9100a80a496108f693ecebc59e14-dirty,2,pager,200,50,574,23898,209784,200,50,1723,50,209925,280523,1,246,40394
fc1a1cd2d37a9100a80a496108f693ecebc59e14-dirty,2,pager,200,50,575,23972,215031,200,50,1700,49,214838,276845,1,261,42838
fc1a1cd2d37a9100a80a496108f693ecebc59e14-dirty,2,pager,200,50,576,23977,211533,200,50,1737,49,211340,282871,1,202,33222
fc1a1cd2d37a9100a80a496108f693ecebc59e14-dirty,2,pager,200,50,577,24014,207558,200,50,1708,49,207365,278148,1,201,33060
fc1a1cd2d37a9100a80a496108f693ecebc59e14-dirty,2,pager,200,50,578,24091,207399,200,50,1682,49,207206,273903,1,201,33060
fc1a1cd2d37a9100a80a496108f693ecebc59e14-dirty,2,pager,200,50,579,24095,213441,200,50,1719,49,213248,279875,1,238,39083
fc1a1cd2d37a9100a80a496108f693ecebc59e14-dirty,2,pager,200,50,580,24173,210897,200,50,1737,49,210704,282777,1,206,33870
fc1a1cd2d37a9100a80a496108f693ecebc59e14-dirty,2,pager,200,50,581,24177,209307,200,50,1729,49,209114,281504,1,218,35829
fc1a1cd2d37a9100a80a496108f693ecebc59e14-dirty,2,pager,200,50,582,24251,206127,200,50,1705,49,205934,277640,1,223,36644
fc1a1cd2d37a9100a80a496108f693ecebc59e14-dirty,2,pager,200,50,583,24255,209466,200,50,1662,49,209273,270677,1,223,36644
fc1a1cd2d37a9100a80a496108f693ecebc59e14-dirty,2,pager,200,50,584,24333,215349,200,50,1698,49,215156,276499,1,239,39252
fc1a1cd2d37a9100a80a496108f693ecebc59e14-dirty,2,pager,200,50,585,24337,222027,200,50,1740,49,221834,283291,1,243,39904
fc1a1cd2d37a9100a80a496108f693ecebc59e14-dirty,2,pager,200,50,586,24370,224253,200,50,1759,49,224060,286364,1,256,42023
fc1a1cd2d37a9100a80a496108f693ecebc59e14-dirty,2,pager,200,50,587,24411,224094,200,50,1779,49,223901,289601,1,237,38926
fc1a1cd2d37a9100a80a496108f693ecebc59e14-dirty,2,pager,200,50,588,24452,224889,200,50,1781,49,224696,289944,1,245,40230
fc1a1cd2d37a9100a80a496108f693ecebc59e14-dirty,2,pager,200,50,589,24493,223139,200,50,1770,49,222946,288178,1,243,39904
fc1a1cd2d37a9100a80a496108f693ecebc59e14-dirty,2,pager,200,50,590,24529,230453,200,50,1766,49,230260,287575,1,249,40882
fc1a1cd2d37a9100a80a496108f693ecebc59e14-dirty,2,pager,200,50,591,24571,230453,200,50,1813,49,230260,295236,1,202,33222
fc1a1cd2d37a9100a80a496108f693ecebc59e14-dirty,2,pager,200,50,592,24612,230453,200,50,1813,49,230260,295179,1,201,33060
fc1a1cd2d37a9100a80a496108f693ecebc59e14-dirty,2,pager,200,50,593,24653,230453,200,50,1813,49,230260,295118,1,201,33060
fc1a1cd2d37a9100a80a496108f693ecebc59e14-dirty,2,pager,200,50,594,24689,228704,200,50,1805,49,228511,293803,1,241,39572
fc1a1cd2d37a9100a80a496108f693ecebc59e14-dirty,2,pager,200,50,595,24731,223775,200,50,1791,49,223582,291522,1,212,34848
fc1a1cd2d37a9100a80a496108f693ecebc59e14-dirty,2,pager,200,50,596,24813,219635,200,50,1766,49,219442,287506,1,239,39252
fc1a1cd2d37a9100a80a496108f693ecebc59e14-dirty,2,pager,200,50,597,24817,220113,200,50,1736,49,219920,282638,1,211,34690
fc1a1cd2d37a9100a80a496108f693ecebc59e14-dirty,2,pager,200,50,598,24890,218206,200,50,1723,49,218013,280501,1,213,35016
fc1a1cd2d37a9100a80a496108f693ecebc59e14-dirty,2,pager,200,50,599,24894,219956,200,50,1710,49,219763,278370,1,212,34853
fc1a1cd2d37a9100a80a496108f693ecebc59e14-dirty,2,pager,200,50,600,24931,220274,200,50,1721,49,220081,280120,1,203,33384
fc1a1cd2d37a9100a80a496108f693ecebc59e14-dirty,2,pager,200,50,601,24973,228860,200,50,1774,49,228667,288715,1,255,41860
fc1a1cd2d37a9100a80a496108f693ecebc59e14-dirty,2,pager,200,50,602,25014,229019,200,50,1761,49,228826,286612,1,262,43001
fc1a1cd2d37a9100a80a496108f693ecebc59e14-dirty,2,pager,200,50,603,25091,227271,200,50,1761,49,227078,286628,1,225,36972
fc1a1cd2d37a9100a80a496108f693ecebc59e14-dirty,2,pager,200,50,604,25095,217884,200,50,1726,49,217691,280958,1,202,33222
fc1a1cd2d37a9100a80a496108f693ecebc59e14-dirty,2,pager,200,50,605,25173,224244,200,50,1713,49,224051,278872,1,242,39741
fc1a1cd2d37a9100a80a496108f693ecebc59e14-dirty,2,pager,200,50,606,25177,224562,200,50,1754,49,224369,285534,1,202,33222
fc1a1cd2d37a9100a80a496108f693ecebc59e14-dirty,2,pager,200,50,607,25210,216453,200,50,1709,49,216260,278251,1,201,33060
fc1a1cd2d37a9100a80a496108f693ecebc59e14-dirty,2,pager,200,50,608,25292,209775,200,50,1662,49,209582,270645,1,201,33060
fc1a1cd2d37a9100a80a496108f693ecebc59e14-dirty,2,pager,200,50,609,25297,209457,200,50,1643,49,209264,267523,1,221,36311
fc1a1cd2d37a9100a80a496108f693ecebc59e14-dirty,2,pager,200,50,610,25334,204687,200,50,1619,49,204494,263593,1,215,35334
fc1a1cd2d37a9100a80a496108f693ecebc59e14-dirty,2,pager,200,50,611,25370,202620,200,50,1588,49,202427,258499,1,212,34848
fc1a1cd2d37a9100a80a496108f693ecebc59e14-dirty,2,pager,200,50,612,25451,195942,200,50,1538,49,195749,250348,1,212,34848
fc1a1cd2d37a9100a80a496108f693ecebc59e14-dirty,2,pager,200,50,613,25455,192921,200,50,1497,49,192728,243681,1,201,33060
fc1a1cd2d37a9100a80a496108f693ecebc59e14-dirty,2,pager,200,50,614,25493,191490,200,50,1475,49,191297,240083,1,201,33060
fc1a1cd2d37a9100a80a496108f693ecebc59e14-dirty,2,pager,200,50,615,25570,190854,200,50,1466,49,190661,238573,1,213,35008
fc1a1cd2d37a9100a80a496108f693ecebc59e14-dirty,2,pager,200,50,616,25574,196737,200,50,1482,49,196544,241192,1,232,38108
fc1a1cd2d37a9100a80a496108f693ecebc59e14-dirty,2,pager,200,50,617,25612,197691,200,50,1511,49,197498,245917,1,206,33873
fc1a1cd2d37a9100a80a496108f693ecebc59e14-dirty,2,pager,200,50,618,25695,174322,200,50,1715,50,174463,278975,0,1715,278975
fc1a1cd2d37a9100a80a496108f693ecebc59e14-dirty,3,pager,200,50,1,5,174640,200,50,1,1,849,360,0,1,360
fc1a1cd2d37a9100a80a496108f693ecebc59e14-dirty,3,pager,200,50,2,87,174799,200,50,1,1,1008,360,0,1,360
fc1a1cd2d37a9100a80a496108f693ecebc59e14-dirty,3,pager,200,50,3,90,174958,200,50,1,1,1167,360,0,1,360
fc1a1cd2d37a9100a80a496108f693ecebc59e14-dirty,3,pager,200,50,4,124,174958,200,50,1,1,1167,360,0,1,360
fc1a1cd2d37a9100a80a496108f693ecebc59e14-dirty,3,pager,200,50,5,165,174958,200,50,0,0,199,199,0,0,199
fc1a1cd2d37a9100a80a496108f693ecebc59e14-dirty,3,pager,200,50,6,206,175276,200,50,1,1,1485,360,0,1,360
fc1a1cd2d37a9100a80a496108f693ecebc59e14-dirty,3,pager,200,50,7,284,175435,200,50,1,1,1644,360,0,1,360
fc1a1cd2d37a9100a80a496108f693ecebc59e14-dirty,3,pager,200,50,8,287,175595,200,50,1,1,1804,361,0,1,361
fc1a1cd2d37a9100a80a496108f693ecebc59e14-dirty,3,pager,200,50,9,367,175754,200,50,1,1,1963,362,0,1,362
fc1a1cd2d37a9100a80a496108f693ecebc59e14-dirty,3,pager,200,50,10,370,175913,200,50,1,1,2122,362,0,1,362
fc1a1cd2d37a9100a80a496108f693ecebc59e14-dirty,3,pager,200,50,11,443,176072,200,50,1,1,2281,362,0,1,362
fc1a1cd2d37a9100a80a496108f693ecebc59e14-dirty,3,pager,200,50,12,446,176231,200,50,1,1,2440,362,0,1,362
fc1a1cd2d37a9100a80a496108f693ecebc59e14-dirty,3,pager,200,50,13,525,176390,200,50,1,1,2599,362,0,1,362
fc1a1cd2d37a9100a80a496108f693ecebc59e14-dirty,3,pager,200,50,14,529,176549,200,50,1,1,2758,362,0,1,362
fc1a1cd2d37a9100a80a496108f693ecebc59e14-dirty,3,pager,200,50,15,607,176708,200,50,1,1,2917,362,0,1,362
fc1a1cd2d37a9100a80a496108f693ecebc59e14-dirty,3,pager,200,50,16,611,325974,200,50,2340,50,326115,380657,0,2340,380657
fc1a1cd2d37a9100a80a496108f693ecebc59e14-dirty,3,pager,200,50,17,1688,322508,200,50,2123,50,322649,345501,1,248,40712
fc1a1cd2d37a9100a80a496108f693ecebc59e14-dirty,3,pager,200,50,18,1693,313604,200,50,2042,49,313411,332313,1,219,35992
fc1a1cd2d37a9100a80a496108f693ecebc59e14-dirty,3,pager,200,50,19,1729,317262,200,50,1988,49,317069,323522,1,220,36157
fc1a1cd2d37a9100a80a496108f693ecebc59e14-dirty,3,pager,200,50,20,1770,310107,200,50,1950,49,309914,317321,1,219,35992
fc1a1cd2d37a9100a80a496108f693ecebc59e14-dirty,3,pager,200,50,21,1807,309153,200,50,1892,49,308960,307862,1,219,35992
fc1a1cd2d37a9100a80a496108f693ecebc59e14-dirty,3,pager,200,50,22,1889,302475,200,50,1842,49,302282,299781,1,223,36644
fc1a1cd2d37a9100a80a496108f693ecebc59e14-dirty,3,pager,200,50,23,1894,296910,200,50,1801,49,296717,293083,1,220,36155
fc1a1cd2d37a9100a80a496108f693ecebc59e14-dirty,3,pager,200,50,24,1926,290073,200,50,1774,49,289880,288655,1,209,34363
fc1a1cd2d37a9100a80a496108f693ecebc59e14-dirty,3,pager,200,50,25,2009,282282,200,50,1739,49,282089,282944,1,202,33222
fc1a1cd2d37a9100a80a496108f693ecebc59e14-dirty,3,pager,200,50,26,2014,273696,200,50,1696,49,273503,275972,1,201,33060
fc1a1cd2d37a9100a80a496108f693ecebc59e14-dirty,3,pager,200,50,27,2046,266700,200,50,1652,49,266507,268838,1,201,33060
fc1a1cd2d37a9100a80a496108f693ecebc59e14-dirty,3,pager,200,50,28,2129,264633,200,50,1639,49,264440,266750,1,262,42995
fc1a1cd2d37a9100a80a496108f693ecebc59e14-dirty,3,pager,200,50,29,2134,257160,200,50,1628,49,256967,264970,1,235,38597
fc1a1cd2d37a9100a80a496108f693ecebc59e14-dirty,3,pager,200,50,30,2165,255573,200,50,1630,49,255380,265306,1,275,45123
fc1a1cd2d37a9100a80a496108f693ecebc59e14-dirty,3,pager,200,50,31,2206,243648,200,50,1631,49,243455,265505,1,207,34033
fc1a1cd2d37a9100a80a496108f693ecebc59e14-dirty,3,pager,200,50,32,2247,232836,200,50,1643,49,232643,267426,1,216,35503
fc1a1cd2d37a9100a80a496108f693ecebc59e14-dirty,3,pager,200,50,33,2324,219957,200,50,1584,49,219764,257880,1,202,33222
fc1a1cd2d37a9100a80a496108f693ecebc59e14-dirty,3,pager,200,50,34,2329,210894,200,50,1512,49,210701,246152,1,201,33060
fc1a1cd2d37a9100a80a496108f693ecebc59e14-dirty,3,pager,200,50,35,2365,203421,200,50,1465,49,203228,238471,1,201,33060
fc1a1cd2d37a9100a80a496108f693ecebc59e14-dirty,3,pager,200,50,36,2406,203262,200,50,1500,49,203069,244118,1,241,39572
fc1a1cd2d37a9100a80a496108f693ecebc59e14-dirty,3,pager,200,50,37,2448,201036,200,50,1533,49,200843,249476,1,230,37782
fc1a1cd2d37a9100a80a496108f693ecebc59e14-dirty,3,pager,200,50,38,2525,195948,200,50,1527,49,195755,248511,1,217,35666
fc1a1cd2d37a9100a80a496108f693ecebc59e14-dirty,3,pager,200,50,39,2529,188952,200,50,1481,49,188759,241038,1,221,36318
fc1a1cd2d37a9100a80a496108f693ecebc59e14-dirty,3,pager,200,50,40,2566,192132,200,50,1425,49,191939,231948,1,223,36644
fc1a1cd2d37a9100a80a496108f693ecebc59e14-dirty,3,pager,200,50,41,2607,189429,200,50,1396,49,189236,227248,1,219,35992
fc1a1cd2d37a9100a80a496108f693ecebc59e14-dirty,3,pager,200,50,42,2648,192291,200,50,1365,49,192098,222223,1,219,35992
fc1a1cd2d37a9100a80a496108f693ecebc59e14-dirty,3,pager,200,50,43,2726,194835,200,50,1386,49,194642,225624,1,214,35174
fc1a1cd2d37a9100a80a496108f693ecebc59e14-dirty,3,pager,200,50,44,2729,186570,200,50,1343,49,186377,218634,1,219,35995
fc1a1cd2d37a9100a80a496108f693ecebc59e14-dirty,3,pager,200,50,45,2766,178461,200,50,1297,49,178268,211159,1,207,34033
fc1a1cd2d37a9100a80a496108f693ecebc59e14-dirty,3,pager,200,50,46,2844,181641,200,50,1278,49,181448,208096,1,234,38437
fc1a1cd2d37a9100a80a496108f693ecebc59e14-dirty,3,pager,200,50,47,2847,179570,200,50,1294,49,179377,210697,1,202,33222
fc1a1cd2d37a9100a80a496108f693ecebc59e14-dirty,3,pager,200,50,48,2885,176866,200,50,1279,49,176673,208247,1,201,33060
fc1a1cd2d37a9100a80a496108f693ecebc59e14-dirty,3,pager,200,50,49,2967,172095,200,50,1252,49,171902,203821,1,201,33060
fc1a1cd2d37a9100a80a496108f693ecebc59e14-dirty,3,pager,200,50,50,2971,185292,200,50,1300,49,185099,211612,1,278,45603
fc1a1cd2d37a9100a80a496108f693ecebc59e14-dirty,3,pager,200,50,51,3009,187677,200,50,1364,49,187484,222050,1,228,37456
fc1a1cd2d37a9100a80a496108f693ecebc59e14-dirty,3,pager,200,50,52,3046,199446,200,50,1426,49,199253,232124,1,276,45286
fc1a1cd2d37a9100a80a496108f693ecebc59e14-dirty,3,pager,200,50,53,3087,199764,200,50,1484,49,199571,241550,1,220,36152
fc1a1cd2d37a9100a80a496108f693ecebc59e14-dirty,3,pager,200,50,54,3169,198336,200,50,1476,49,198143,240270,1,242,39744
fc1a1cd2d37a9100a80a496108f693ecebc59e14-dirty,3,pager,200,50,55,3173,199449,200,50,1472,49,199256,239627,1,207,34033
fc1a1cd2d37a9100a80a496108f693ecebc59e14-dirty,3,pager,200,50,56,3246,202632,200,50,1495,49,202439,243395,1,242,39744
fc1a1cd2d37a9100a80a496108f693ecebc59e14-dirty,3,pager,200,50,57,3250,202632,200,50,1516,49,202439,246812,1,202,33222
fc1a1cd2d37a9100a80a496108f693ecebc59e14-dirty,3,pager,200,50,58,3287,198657,200,50,1498,49,198464,243879,1,201,33060
fc1a1cd2d37a9100a80a496108f693ecebc59e14-dirty,3,pager,200,50,59,3364,189753,200,50,1447,49,189560,235601,1,201,33060
fc1a1cd2d37a9100a80a496108f693ecebc59e14-dirty,3,pager,200,50,60,3368,198657,200,50,1442,49,198464,234835,1,250,41039
fc1a1cd2d37a9100a80a496108f693ecebc59e14-dirty,3,pager,200,50,61,3406,203427,200,50,1491,49,203234,242796,1,228,37456
fc1a1cd2d37a9100a80a496108f693ecebc59e14-dirty,3,pager,200,50,62,3447,206133,200,50,1514,49,205940,246580,1,270,44308
fc1a1cd2d37a9100a80a496108f693ecebc59e14-dirty,3,pager,200,50,63,3488,204702,200,50,1539,49,204509,250683,1,207,34033
fc1a1cd2d37a9100a80a496108f693ecebc59e14-dirty,3,pager,200,50,64,3529,205182,200,50,1547,49,204989,252012,1,237,38929
fc1a1cd2d37a9100a80a496108f693ecebc59e14-dirty,3,pager,200,50,65,3566,198186,200,50,1547,49,197993,252045,1,202,33222
fc1a1cd2d37a9100a80a496108f693ecebc59e14-dirty,3,pager,200,50,66,3647,191031,200,50,1546,49,190838,251883,1,201,33060
fc1a1cd2d37a9100a80a496108f693ecebc59e14-dirty,3,pager,200,50,67,3651,187374,200,50,1520,49,187181,247610,1,201,33060
fc1a1cd2d37a9100a80a496108f693ecebc59e14-dirty,3,pager,200,50,68,3725,193574,200,50,1553,49,193381,252937,1,255,41854
fc1a1cd2d37a9100a80a496108f693ecebc59e14-dirty,3,pager,200,50,69,3729,192302,200,50,1585,49,192109,258089,1,213,35011
fc1a1cd2d37a9100a80a496108f693ecebc59e14-dirty,3,pager,200,50,70,3808,195641,200,50,1628,49,195448,265020,1,243,39904
fc1a1cd2d37a9100a80a496108f693ecebc59e14-dirty,3,pager,200,50,71,3812,198026,200,50,1651,49,197833,268771,1,241,39579
fc1a1cd2d37a9100a80a496108f693ecebc59e14-dirty,3,pager,200,50,72,3885,194528,200,50,1672,49,194335,272197,1,202,33222
fc1a1cd2d37a9100a80a496108f693ecebc59e14-dirty,3,pager,200,50,73,3889,192938,200,50,1652,49,192745,268957,1,201,33060
fc1a1cd2d37a9100a80a496108f693ecebc59e14-dirty,3,pager,200,50,74,3926,192620,200,50,1644,49,192427,267662,1,201,33060
fc1a1cd2d37a9100a80a496108f693ecebc59e14-dirty,3,pager,200,50,75,3967,202796,200,50,1701,49,202603,276907,1,259,42506
fc1a1cd2d37a9100a80a496108f693ecebc59e14-dirty,3,pager,200,50,76,4009,210269,200,50,1760,49,210076,286478,1,241,39575
fc1a1cd2d37a9100a80a496108f693ecebc59e14-dirty,3,pager,200,50,77,4086,204068,200,50,1739,49,203875,283091,1,228,37456
fc1a1cd2d37a9100a80a496108f693ecebc59e14-dirty,3,pager,200,50,78,4090,210272,200,50,1752,49,210079,285274,1,276,45286
fc1a1cd2d37a9100a80a496108f693ecebc59e14-dirty,3,pager,200,50,79,4168,199775,200,50,1752,49,199582,285341,1,207,34033
fc1a1cd2d37a9100a80a496108f693ecebc59e14-dirty,3,pager,200,50,80,4173,205025,200,50,1719,49,204832,280036,1,242,39744
fc1a1cd2d37a9100a80a496108f693ecebc59e14-dirty,3,pager,200,50,81,4210,202799,200,50,1744,49,202606,284124,1,202,33222
fc1a1cd2d37a9100a80a496108f693ecebc59e14-dirty,3,pager,200,50,82,4246,202640,200,50,1730,49,202447,281837,1,201,33060
fc1a1cd2d37a9100a80a496108f693ecebc59e14-dirty,3,pager,200,50,83,4287,202481,200,50,1729,49,202288,281656,1,201,33060
fc1a1cd2d37a9100a80a496108f693ecebc59e14-dirty,3,pager,200,50,84,4328,213293,200,50,1789,49,213100,291408,1,261,42832
fc1a1cd2d37a9100a80a496108f693ecebc59e14-dirty,3,pager,200,50,85,4405,210113,200,50,1808,49,209920,294511,1,221,36315
fc1a1cd2d37a9100a80a496108f693ecebc59e14-dirty,3,pager,200,50,86,4410,206297,200,50,1790,49,206104,291586,1,207,34037
fc1a1cd2d37a9100a80a496108f693ecebc59e14-dirty,3,pager,200,50,87,4447,205025,200,50,1763,49,204832,287216,1,207,34037
fc1a1cd2d37a9100a80a496108f693ecebc59e14-dirty,3,pager,200,50,88,4529,203117,200,50,1758,49,202924,286406,1,207,34037
fc1a1cd2d37a9100a80a496108f693ecebc59e14-dirty,3,pager,200,50,89,4533,200891,200,50,1752,49,200698,285357,1,207,34037
fc1a1cd2d37a9100a80a496108f693ecebc59e14-dirty,3,pager,200,50,90,4570,199301,200,50,1749,49,199108,284795,1,207,34037
fc1a1cd2d37a9100a80a496108f693ecebc59e14-dirty,3,pager,200,50,91,4606,197870,200,50,1753,49,197677,285373,1,208,34199
fc1a1cd2d37a9100a80a496108f693ecebc59e14-dirty,3,pager,200,50,92,4647,196757,200,50,1733,49,196564,282062,1,208,34199
fc1a1cd2d37a9100a80a496108f693ecebc59e14-dirty,3,pager,200,50,93,4688,195323,200,50,1714,49,195130,278943,1,208,34199
fc1a1cd2d37a9100a80a496108f693ecebc59e14-dirty,3,pager,200,50,94,4729,195482,200,50,1695,49,195289,275827,1,208,34199
fc1a1cd2d37a9100a80a496108f693ecebc59e14-dirty,3,pager,200,50,95,4766,191348,200,50,1661,49,191155,270281,1,208,34199
fc1a1cd2d37a9100a80a496108f693ecebc59e14-dirty,3,pager,200,50,96,4847,192620,200,50,1629,49,192427,265059,1,208,34199
fc1a1cd2d37a9100a80a496108f693ecebc59e14-dirty,3,pager,200,50,97,4851,194051,200,50,1629,49,193858,265060,1,208,34199
fc1a1cd2d37a9100a80a496108f693ecebc59e14-dirty,3,pager,200,50,98,4925,195641,200,50,1631,49,195448,265386,1,208,34199
fc1a1cd2d37a9100a80a496108f693ecebc59e14-dirty,3,pager,200,50,99,4929,183716,200,50,1555,49,183523,253034,1,208,34199
fc1a1cd2d37a9100a80a496108f693ecebc59e14-dirty,3,pager,200,50,100,5007,180377,200,50,1479,49,180184,240682,1,208,34199
fc1a1cd2d37a9100a80a496108f693ecebc59e14-dirty,3,pager,200,50,101,5011,169880,200,50,1405,49,169687,228626,1,208,34199
fc1a1cd2d37a9100a80a496108f693ecebc59e14-dirty,3,pager,200,50,102,5090,169880,200,50,1350,49,169687,219669,1,221,36319
fc1a1cd2d37a9100a80a496108f693ecebc59e14-dirty,3,pager,200,50,103,5093,163676,200,50,1328,49,163483,216087,1,203,33384
fc1a1cd2d37a9100a80a496108f693ecebc59e14-dirty,3,pager,200,50,104,5167,166538,200,50,1309,49,166345,212996,1,226,37129
fc1a1cd2d37a9100a80a496108f693ecebc59e14-dirty,3,pager,200,50,105,5170,160016,200,50,1291,49,159823,210099,1,201,33060
fc1a1cd2d37a9100a80a496108f693ecebc59e14-dirty,3,pager,200,50,106,5208,159698,200,50,1250,49,159505,203459,1,201,33060
fc1a1cd2d37a9100a80a496108f693ecebc59e14-dirty,3,pager,200,50,107,5286,170828,200,50,1312,49,170635,213505,1,264,43321
fc1a1cd2d37a9100a80a496108f693ecebc59e14-dirty,3,pager,200,50,108,5290,183713,200,50,1394,49,183520,226816,1,277,45449
fc1a1cd2d37a9100a80a496108f693ecebc59e14-dirty,3,pager,200,50,109,5327,178307,200,50,1420,49,178114,231061,1,222,36481
fc1a1cd2d37a9100a80a496108f693ecebc59e14-dirty,3,pager,200,50,110,5410,173855,200,50,1392,49,173662,226509,1,202,33222
fc1a1cd2d37a9100a80a496108f693ecebc59e14-dirty,3,pager,200,50,111,5414,163676,200,50,1326,49,163483,215778,1,206,33870
fc1a1cd2d37a9100a80a496108f693ecebc59e14-dirty,3,pager,200,50,112,5450,162404,200,50,1260,49,162211,205089,1,201,33060
fc1a1cd2d37a9100a80a496108f693ecebc59e14-dirty,3,pager,200,50,113,5527,156518,200,50,1222,49,156325,198934,1,201,33060
fc1a1cd2d37a9100a80a496108f693ecebc59e14-dirty,3,pager,200,50,114,5531,164786,200,50,1235,49,164593,201025,1,250,41039
fc1a1cd2d37a9100a80a496108f693ecebc59e14-dirty,3,pager,200,50,115,5610,179414,200,50,1328,49,179221,216119,1,289,47398
fc1a1cd2d37a9100a80a496108f693ecebc59e14-dirty,3,pager,200,50,116,5614,179573,200,50,1416,49,179380,230417,1,201,33060
fc1a1cd2d37a9100a80a496108f693ecebc59e14-dirty,3,pager,200,50,117,5646,169715,200,50,1362,49,169522,221601,1,201,33060
fc1a1cd2d37a9100a80a496108f693ecebc59e14-dirty,3,pager,200,50,118,5728,174803,200,50,1351,49,174610,219784,1,243,39898
fc1a1cd2d37a9100a80a496108f693ecebc59e14-dirty,3,pager,200,50,119,5732,175439,200,50,1354,49,175246,220273,1,247,40552
fc1a1cd2d37a9100a80a496108f693ecebc59e14-dirty,3,pager,200,50,120,5769,168602,200,50,1358,49,168409,220921,1,201,33060
fc1a1cd2d37a9100a80a496108f693ecebc59e14-dirty,3,pager,200,50,121,5810,168284,200,50,1318,49,168091,214441,1,201,33060
fc1a1cd2d37a9100a80a496108f693ecebc59e14-dirty,3,pager,200,50,122,5888,176234,200,50,1362,49,176041,221607,1,246,40387
fc1a1cd2d37a9100a80a496108f693ecebc59e14-dirty,3,pager,200,50,123,5891,180845,200,50,1408,49,180652,229037,1,228,37457
fc1a1cd2d37a9100a80a496108f693ecebc59e14-dirty,3,pager,200,50,124,5929,175121,200,50,1380,49,174928,224477,1,227,37297
fc1a1cd2d37a9100a80a496108f693ecebc59e14-dirty,3,pager,200,50,125,5970,172895,200,50,1329,49,172702,216212,1,231,37949
fc1a1cd2d37a9100a80a496108f693ecebc59e14-dirty,3,pager,200,50,126,6048,179255,200,50,1331,49,179062,216583,1,266,43654
fc1a1cd2d37a9100a80a496108f693ecebc59e14-dirty,3,pager,200,50,127,6052,167327,200,50,1320,49,167134,214865,1,201,33060
fc1a1cd2d37a9100a80a496108f693ecebc59e14-dirty,3,pager,200,50,128,6088,165896,200,50,1243,49,165703,202394,1,201,33060
fc1a1cd2d37a9100a80a496108f693ecebc59e14-dirty,3,pager,200,50,129,6129,172094,200,50,1273,49,171901,207317,1,274,44950
fc1a1cd2d37a9100a80a496108f693ecebc59e14-dirty,3,pager,200,50,130,6207,177818,200,50,1305,49,177625,212559,1,235,38597
fc1a1cd2d37a9100a80a496108f693ecebc59e14-dirty,3,pager,200,50,131,6211,179726,200,50,1334,49,179533,217285,1,212,34851
fc1a1cd2d37a9100a80a496108f693ecebc59e14-dirty,3,pager,200,50,132,6248,180044,200,50,1345,49,179851,219075,1,202,33222
fc1a1cd2d37a9100a80a496108f693ecebc59e14-dirty,3,pager,200,50,133,6330,181793,200,50,1357,49,181600,221094,1,274,44954
fc1a1cd2d37a9100a80a496108f693ecebc59e14-dirty,3,pager,200,50,134,6334,177977,200,50,1370,49,177784,223274,1,202,33222
fc1a1cd2d37a9100a80a496108f693ecebc59e14-dirty,3,pager,200,50,135,6407,177977,200,50,1355,49,177784,220848,1,207,34033
fc1a1cd2d37a9100a80a496108f693ecebc59e14-dirty,3,pager,200,50,136,6411,179408,200,50,1373,49,179215,223778,1,218,35829
fc1a1cd2d37a9100a80a496108f693ecebc59e14-dirty,3,pager,200,50,137,6489,184655,200,50,1402,49,184462,228503,1,240,39413
fc1a1cd2d37a9100a80a496108f693ecebc59e14-dirty,3,pager,200,50,138,6493,189425,200,50,1440,49,189232,234692,1,238,39086
fc1a1cd2d37a9100a80a496108f693ecebc59e14-dirty,3,pager,200,50,139,6567,194831,200,50,1482,49,194638,241535,1,239,39252
fc1a1cd2d37a9100a80a496108f693ecebc59e14-dirty,3,pager,200,50,140,6571,193878,200,50,1511,49,193685,246268,1,204,33549
fc1a1cd2d37a9100a80a496108f693ecebc59e14-dirty,3,pager,200,50,141,6650,193878,200,50,1516,49,193685,247063,1,207,34037
fc1a1cd2d37a9100a80a496108f693ecebc59e14-dirty,3,pager,200,50,142,6654,192925,200,50,1521,49,192732,247858,1,204,33549
fc1a1cd2d37a9100a80a496108f693ecebc59e14-dirty,3,pager,200,50,143,6691,191812,200,50,1524,49,191619,248323,1,203,33384
fc1a1cd2d37a9100a80a496108f693ecebc59e14-dirty,3,pager,200,50,144,6768,191176,200,50,1527,49,190983,248787,1,206,33873
fc1a1cd2d37a9100a80a496108f693ecebc59e14-dirty,3,pager,200,50,145,6772,191018,200,50,1537,49,190825,250417,1,209,34364
fc1a1cd2d37a9100a80a496108f693ecebc59e14-dirty,3,pager,200,50,146,6850,194043,200,50,1568,49,193850,255412,1,230,37790
fc1a1cd2d37a9100a80a496108f693ecebc59e14-dirty,3,pager,200,50,147,6854,197383,200,50,1596,49,197190,259897,1,232,38113
fc1a1cd2d37a9100a80a496108f693ecebc59e14-dirty,3,pager,200,50,148,6928,200087,200,50,1618,49,199894,263410,1,228,37461
fc1a1cd2d37a9100a80a496108f693ecebc59e14-dirty,3,pager,200,50,149,6932,198975,200,50,1644,49,198782,267629,1,202,33223
fc1a1cd2d37a9100a80a496108f693ecebc59e14-dirty,3,pager,200,50,150,6969,199771,200,50,1655,49,199578,269422,1,215,35342
fc1a1cd2d37a9100a80a496108f693ecebc59e14-dirty,3,pager,200,50,151,7053,196432,200,50,1648,49,196239,268298,1,202,33222
fc1a1cd2d37a9100a80a496108f693ecebc59e14-dirty,3,pager,200,50,152,7057,197386,200,50,1632,49,197193,265709,1,207,34033
fc1a1cd2d37a9100a80a496108f693ecebc59e14-dirty,3,pager,200,50,153,7091,202156,200,50,1663,49,201963,270738,1,254,41697
fc1a1cd2d37a9100a80a496108f693ecebc59e14-dirty,3,pager,200,50,154,7132,202315,200,50,1691,49,202122,275237,1,202,33222
fc1a1cd2d37a9100a80a496108f693ecebc59e14-dirty,3,pager,200,50,155,7168,202474,200,50,1692,49,202281,275311,1,201,33060
fc1a1cd2d37a9100a80a496108f693ecebc59e14-dirty,3,pager,200,50,156,7209,191185,200,50,1629,49,190992,265113,1,201,33060
fc1a1cd2d37a9100a80a496108f693ecebc59e14-dirty,3,pager,200,50,157,7291,187522,200,50,1598,49,187329,260094,1,252,41365
fc1a1cd2d37a9100a80a496108f693ecebc59e14-dirty,3,pager,200,50,158,7295,185932,200,50,1574,49,185739,256204,1,211,34685
fc1a1cd2d37a9100a80a496108f693ecebc59e14-dirty,3,pager,200,50,159,7369,194677,200,50,1612,49,194484,262370,1,257,42186
fc1a1cd2d37a9100a80a496108f693ecebc59e14-dirty,3,pager,200,50,160,7373,206443,200,50,1677,49,206250,272974,1,279,45772
fc1a1cd2d37a9100a80a496108f693ecebc59e14-dirty,3,pager,200,50,161,7410,213121,200,50,1750,49,212928,284837,1,242,39742
fc1a1cd2d37a9100a80a496108f693ecebc59e14-dirty,3,pager,200,50,162,7492,213439,200,50,1791,49,213246,291473,1,202,33222
fc1a1cd2d37a9100a80a496108f693ecebc59e14-dirty,3,pager,200,50,163,7496,205012,200,50,1743,49,204819,283675,1,201,33060
fc1a1cd2d37a9100a80a496108f693ecebc59e14-dirty,3,pager,200,50,164,7528,190225,200,50,1649,49,190032,268447,1,201,33060
fc1a1cd2d37a9100a80a496108f693ecebc59e14-dirty,3,pager,200,50,165,7610,196426,200,50,1595,49,196233,259689,1,235,38594
fc1a1cd2d37a9100a80a496108f693ecebc59e14-dirty,3,pager,200,50,166,7648,201514,200,50,1631,49,201321,265484,1,229,37619
fc1a1cd2d37a9100a80a496108f693ecebc59e14-dirty,3,pager,200,50,167,7652,198493,200,50,1619,49,198300,263574,1,228,37459
fc1a1cd2d37a9100a80a496108f693ecebc59e14-dirty,3,pager,200,50,168,7730,195472,200,50,1582,49,195279,257528,1,230,37785
fc1a1cd2d37a9100a80a496108f693ecebc59e14-dirty,3,pager,200,50,169,7735,199924,200,50,1547,49,199731,251803,1,229,37622
fc1a1cd2d37a9100a80a496108f693ecebc59e14-dirty,3,pager,200,50,170,7812,201673,200,50,1572,49,201480,255848,1,209,34362
fc1a1cd2d37a9100a80a496108f693ecebc59e14-dirty,3,pager,200,50,171,7816,194041,200,50,1536,49,193848,250019,1,203,33384
fc1a1cd2d37a9100a80a496108f693ecebc59e14-dirty,3,pager,200,50,172,7849,192451,200,50,1505,49,192258,244944,1,217,35663
fc1a1cd2d37a9100a80a496108f693ecebc59e14-dirty,3,pager,200,50,173,7930,191815,200,50,1502,49,191622,244411,1,225,36970
fc1a1cd2d37a9100a80a496108f693ecebc59e14-dirty,3,pager,200,50,174,7934,190225,200,50,1508,49,190032,245392,1,223,36644
fc1a1cd2d37a9100a80a496108f693ecebc59e14-dirty,3,pager,200,50,175,7972,183865,200,50,1483,49,183672,241340,1,228,37459
fc1a1cd2d37a9100a80a496108f693ecebc59e14-dirty,3,pager,200,50,176,8009,187363,200,50,1435,49,187170,233553,1,222,36481
fc1a1cd2d37a9100a80a496108f693ecebc59e14-dirty,3,pager,200,50,177,8050,191338,200,50,1448,49,191145,235634,1,225,36970
fc1a1cd2d37a9100a80a496108f693ecebc59e14-dirty,3,pager,200,50,178,8091,182752,200,50,1385,49,182559,225404,1,227,37296
fc1a1cd2d37a9100a80a496108f693ecebc59e14-dirty,3,pager,200,50,179,8132,180844,200,50,1316,49,180651,214203,1,227,37296
fc1a1cd2d37a9100a80a496108f693ecebc59e14-dirty,3,pager,200,50,180,8168,183229,200,50,1296,49,183036,210970,1,228,37459
fc1a1cd2d37a9100a80a496108f693ecebc59e14-dirty,3,pager,200,50,181,8250,183229,200,50,1312,49,183036,213583,1,202,33222
fc1a1cd2d37a9100a80a496108f693ecebc59e14-dirty,3,pager,200,50,182,8254,170827,200,50,1241,49,170634,202081,1,201,33060
fc1a1cd2d37a9100a80a496108f693ecebc59e14-dirty,3,pager,200,50,183,8292,170509,200,50,1169,49,170316,190417,1,201,33060
fc1a1cd2d37a9100a80a496108f693ecebc59e14-dirty,3,pager,200,50,184,8328,177346,200,50,1210,49,177153,197090,1,247,40550
fc1a1cd2d37a9100a80a496108f693ecebc59e14-dirty,3,pager,200,50,185,8370,189112,200,50,1282,49,188919,208809,1,285,46748
fc1a1cd2d37a9100a80a496108f693ecebc59e14-dirty,3,pager,200,50,186,8410,182593,200,50,1336,49,182400,217608,1,201,33060
fc1a1cd2d37a9100a80a496108f693ecebc59e14-dirty,3,pager,200,50,187,8492,176392,200,50,1297,49,176199,211272,1,201,33060
fc1a1cd2d37a9100a80a496108f693ecebc59e14-dirty,3,pager,200,50,188,8496,184024,200,50,1333,49,183831,217153,1,281,46092
fc1a1cd2d37a9100a80a496108f693ecebc59e14-dirty,3,pager,200,50,189,8529,189270,200,50,1378,49,189077,224505,1,233,38271
fc1a1cd2d37a9100a80a496108f693ecebc59e14-dirty,3,pager,200,50,190,8611,193404,200,50,1401,49,193211,228247,1,232,38108
fc1a1cd2d37a9100a80a496108f693ecebc59e14-dirty,3,pager,200,50,191,8615,197378,200,50,1423,49,197185,231834,1,226,37130
fc1a1cd2d37a9100a80a496108f693ecebc59e14-dirty,3,pager,200,50,192,8689,203261,200,50,1457,49,203068,237321,1,239,39249
fc1a1cd2d37a9100a80a496108f693ecebc59e14-dirty,3,pager,200,50,193,8693,209780,200,50,1499,49,209587,244115,1,241,39578
fc1a1cd2d37a9100a80a496108f693ecebc59e14-dirty,3,pager,200,50,194,8730,210416,200,50,1527,49,210223,248689,1,213,35016
fc1a1cd2d37a9100a80a496108f693ecebc59e14-dirty,3,pager,200,50,195,8772,208982,200,50,1513,49,208789,246436,1,221,36320
fc1a1cd2d37a9100a80a496108f693ecebc59e14-dirty,3,pager,200,50,196,8848,207710,200,50,1505,49,207517,245111,1,226,37135
fc1a1cd2d37a9100a80a496108f693ecebc59e14-dirty,3,pager,200,50,197,8853,212482,200,50,1538,49,212289,250463,1,257,42189
fc1a1cd2d37a9100a80a496108f693ecebc59e14-dirty,3,pager,200,50,198,8931,213594,200,50,1569,49,213401,255479,1,207,34033
fc1a1cd2d37a9100a80a496108f693ecebc59e14-dirty,3,pager,200,50,199,8935,212957,200,50,1568,49,212764,255255,1,211,34688
fc1a1cd2d37a9100a80a496108f693ecebc59e14-dirty,3,pager,200,50,200,8972,213594,200,50,1563,49,213401,254375,1,206,33875
fc1a1cd2d37a9100a80a496108f693ecebc59e14-dirty,3,pager,200,50,201,9049,213118,200,50,1561,49,212925,254018,1,206,33875
fc1a1cd2d37a9100a80a496108f693ecebc59e14-dirty,3,pager,200,50,202,9054,205010,200,50,1506,49,204817,245112,1,206,33875
fc1a1cd2d37a9100a80a496108f693ecebc59e14-dirty,3,pager,200,50,203,9091,209463,200,50,1482,49,209270,241256,1,231,37950
fc1a1cd2d37a9100a80a496108f693ecebc59e14-dirty,3,pager,200,50,204,9132,213598,200,50,1495,49,213405,243344,1,228,37461
fc1a1cd2d37a9100a80a496108f693ecebc59e14-dirty,3,pager,200,50,205,9173,217415,200,50,1507,49,217222,245265,1,225,36972
fc1a1cd2d37a9100a80a496108f693ecebc59e14-dirty,3,pager,200,50,206,9209,208670,200,50,1481,49,208477,241055,1,203,33384
fc1a1cd2d37a9100a80a496108f693ecebc59e14-dirty,3,pager,200,50,207,9291,206921,200,50,1432,49,206728,233113,1,202,33222
fc1a1cd2d37a9100a80a496108f693ecebc59e14-dirty,3,pager,200,50,208,9295,198017,200,50,1374,49,197824,223711,1,201,33060
fc1a1cd2d37a9100a80a496108f693ecebc59e14-dirty,3,pager,200,50,209,9332,187205,200,50,1316,49,187012,214292,1,212,34845
fc1a1cd2d37a9100a80a496108f693ecebc59e14-dirty,3,pager,200,50,210,9409,186092,200,50,1265,49,185899,206049,1,236,38757
fc1a1cd2d37a9100a80a496108f693ecebc59e14-dirty,3,pager,200,50,211,9413,187523,200,50,1251,49,187330,203794,1,211,34682
fc1a1cd2d37a9100a80a496108f693ecebc59e14-dirty,3,pager,200,50,212,9492,191975,200,50,1270,49,191782,206866,1,229,37616
fc1a1cd2d37a9100a80a496108f693ecebc59e14-dirty,3,pager,200,50,213,9496,198653,200,50,1302,49,198460,212068,1,243,39898
fc1a1cd2d37a9100a80a496108f693ecebc59e14-dirty,3,pager,200,50,214,9569,192293,200,50,1310,49,192100,213389,1,201,33060
fc1a1cd2d37a9100a80a496108f693ecebc59e14-dirty,3,pager,200,50,215,9573,188795,200,50,1282,49,188602,208844,1,209,34356
fc1a1cd2d37a9100a80a496108f693ecebc59e14-dirty,3,pager,200,50,216,9652,187205,200,50,1268,49,187012,206575,1,216,35498
fc1a1cd2d37a9100a80a496108f693ecebc59e14-dirty,3,pager,200,50,217,9656,184820,200,50,1272,49,184627,207220,1,213,35008
fc1a1cd2d37a9100a80a496108f693ecebc59e14-dirty,3,pager,200,50,218,9729,182753,200,50,1271,49,182560,207059,1,215,35334
fc1a1cd2d37a9100a80a496108f693ecebc59e14-dirty,3,pager,200,50,219,9733,182276,200,50,1256,49,182083,204625,1,207,34032
fc1a1cd2d37a9100a80a496108f693ecebc59e14-dirty,3,pager,200,50,220,9811,183071,200,50,1251,49,182878,203791,1,208,34194
fc1a1cd2d37a9100a80a496108f693ecebc59e14-dirty,3,pager,200,50,221,9815,181799,200,50,1242,49,181606,202337,1,210,34519
fc1a1cd2d37a9100a80a496108f693ecebc59e14-dirty,3,pager,200,50,222,9889,179891,200,50,1223,49,179698,199268,1,213,35008
fc1a1cd2d37a9100a80a496108f693ecebc59e14-dirty,3,pager,200,50,223,9893,178460,200,50,1212,49,178267,197443,1,214,35171
fc1a1cd2d37a9100a80a496108f693ecebc59e14-dirty,3,pager,200,50,224,9971,175757,200,50,1204,49,175564,196060,1,212,34845
fc1a1cd2d37a9100a80a496108f693ecebc59e14-dirty,3,pager,200,50,225,9975,174644,200,50,1199,49,174451,195172,1,216,35497
fc1a1cd2d37a9100a80a496108f693ecebc59e14-dirty,3,pager,200,50,226,10012,170669,200,50,1201,49,170476,195502,1,201,33060
fc1a1cd2d37a9100a80a496108f693ecebc59e14-dirty,3,pager,200,50,227,10049,172895,200,50,1229,49,172702,199988,1,239,39247
fc1a1cd2d37a9100a80a496108f693ecebc59e14-dirty,3,pager,200,50,228,10131,173054,200,50,1251,49,172861,203496,1,226,37128
fc1a1cd2d37a9100a80a496108f693ecebc59e14-dirty,3,pager,200,50,229,10134,172100,200,50,1259,49,171907,204780,1,222,36476
fc1a1cd2d37a9100a80a496108f693ecebc59e14-dirty,3,pager,200,50,230,10213,176393,200,50,1253,49,176200,203802,1,227,37291
fc1a1cd2d37a9100a80a496108f693ecebc59e14-dirty,3,pager,200,50,231,10217,181163,200,50,1272,49,180970,206862,1,232,38106
fc1a1cd2d37a9100a80a496108f693ecebc59e14-dirty,3,pager,200,50,232,10290,181163,200,50,1303,49,180970,211862,1,201,33060
fc1a1cd2d37a9100a80a496108f693ecebc59e14-dirty,3,pager,200,50,233,10294,185935,200,50,1331,49,185742,216435,1,275,45116
fc1a1cd2d37a9100a80a496108f693ecebc59e14-dirty,3,pager,200,50,234,10332,180213,200,50,1313,49,180020,213582,1,253,41530
fc1a1cd2d37a9100a80a496108f693ecebc59e14-dirty,3,pager,200,50,235,10373,180054,200,50,1281,49,179861,208424,1,201,33060
fc1a1cd2d37a9100a80a496108f693ecebc59e14-dirty,3,pager,200,50,236,10409,184983,200,50,1307,49,184790,212599,1,227,37291
fc1a1cd2d37a9100a80a496108f693ecebc59e14-dirty,3,pager,200,50,237,10491,179736,200,50,1284,49,179543,208872,1,253,41531
fc1a1cd2d37a9100a80a496108f693ecebc59e14-dirty,3,pager,200,50,238,10496,180372,200,50,1251,49,180179,203570,1,238,39086
fc1a1cd2d37a9100a80a496108f693ecebc59e14-dirty,3,pager,200,50,239,10533,178623,200,50,1260,49,178430,205051,1,225,36966
fc1a1cd2d37a9100a80a496108f693ecebc59e14-dirty,3,pager,200,50,240,10610,180531,200,50,1267,49,180338,206212,1,236,38760
fc1a1cd2d37a9100a80a496108f693ecebc59e14-dirty,3,pager,200,50,241,10614,182759,200,50,1285,49,182566,209187,1,255,41862
fc1a1cd2d37a9100a80a496108f693ecebc59e14-dirty,3,pager,200,50,242,10692,175604,200,50,1293,49,175411,210510,1,202,33222
fc1a1cd2d37a9100a80a496108f693ecebc59e14-dirty,3,pager,200,50,243,10696,185304,200,50,1327,49,185111,216075,1,275,45118
fc1a1cd2d37a9100a80a496108f693ecebc59e14-dirty,3,pager,200,50,244,10730,194048,200,50,1384,49,193855,225367,1,275,45117
fc1a1cd2d37a9100a80a496108f693ecebc59e14-dirty,3,pager,200,50,245,10812,197545,200,50,1433,49,197352,233349,1,244,40064
fc1a1cd2d37a9100a80a496108f693ecebc59e14-dirty,3,pager,200,50,246,10816,194521,200,50,1422,49,194328,231603,1,239,39248
fc1a1cd2d37a9100a80a496108f693ecebc59e14-dirty,3,pager,200,50,247,10890,206128,200,50,1444,49,205935,235245,1,284,46583
fc1a1cd2d37a9100a80a496108f693ecebc59e14-dirty,3,pager,200,50,248,10894,204538,200,50,1515,49,204345,246817,1,201,33060
fc1a1cd2d37a9100a80a496108f693ecebc59e14-dirty,3,pager,200,50,249,10931,203583,200,50,1506,49,203390,245333,1,201,33060
fc1a1cd2d37a9100a80a496108f693ecebc59e14-dirty,3,pager,200,50,250,11012,211373,200,50,1552,49,211180,252797,1,250,41038
fc1a1cd2d37a9100a80a496108f693ecebc59e14-dirty,3,pager,200,50,251,11016,215983,200,50,1604,49,215790,261243,1,236,38759
fc1a1cd2d37a9100a80a496108f693ecebc59e14-dirty,3,pager,200,50,252,11050,216618,200,50,1611,49,216425,262375,1,234,38437
fc1a1cd2d37a9100a80a496108f693ecebc59e14-dirty,3,pager,200,50,253,11132,215345,200,50,1629,49,215152,265280,1,220,36155
fc1a1cd2d37a9100a80a496108f693ecebc59e14-dirty,3,pager,200,50,254,11137,211687,200,50,1636,49,211494,266422,1,201,33060
fc1a1cd2d37a9100a80a496108f693ecebc59e14-dirty,3,pager,200,50,255,11173,211210,200,50,1611,49,211017,262357,1,201,33060
fc1a1cd2d37a9100a80a496108f693ecebc59e14-dirty,3,pager,200,50,256,11251,220909,200,50,1665,49,220716,271139,1,257,42180
fc1a1cd2d37a9100a80a496108f693ecebc59e14-dirty,3,pager,200,50,257,11255,226633,200,50,1722,49,226440,280414,1,234,38434
fc1a1cd2d37a9100a80a496108f693ecebc59e14-dirty,3,pager,200,50,258,11292,233788,200,50,1763,49,233595,287105,1,255,41857
fc1a1cd2d37a9100a80a496108f693ecebc59e14-dirty,3,pager,200,50,259,11334,236014,200,50,1786,49,235821,290876,1,248,40716
fc1a1cd2d37a9100a80a496108f693ecebc59e14-dirty,3,pager,200,50,260,11411,242215,200,50,1803,49,242022,293667,1,249,40879
fc1a1cd2d37a9100a80a496108f693ecebc59e14-dirty,3,pager,200,50,261,11416,246508,200,50,1834,49,246315,298731,1,254,41694
fc1a1cd2d37a9100a80a496108f693ecebc59e14-dirty,3,pager,200,50,262,11494,239830,200,50,1854,49,239637,302016,1,201,33060
fc1a1cd2d37a9100a80a496108f693ecebc59e14-dirty,3,pager,200,50,263,11498,244441,200,50,1837,49,244248,299282,1,227,37293
fc1a1cd2d37a9100a80a496108f693ecebc59e14-dirty,3,pager,200,50,264,11571,246667,200,50,1856,49,246474,302379,1,226,37133
fc1a1cd2d37a9100a80a496108f693ecebc59e14-dirty,3,pager,200,50,265,11576,244123,200,50,1865,49,243930,303853,1,202,33222
fc1a1cd2d37a9100a80a496108f693ecebc59e14-dirty,3,pager,200,50,266,11613,241897,200,50,1849,49,241704,301231,1,201,33060
fc1a1cd2d37a9100a80a496108f693ecebc59e14-dirty,3,pager,200,50,267,11654,245713,200,50,1877,49,245520,305778,1,240,39411
fc1a1cd2d37a9100a80a496108f693ecebc59e14-dirty,3,pager,200,50,268,11690,244600,200,50,1906,49,244407,310495,1,201,33060
fc1a1cd2d37a9100a80a496108f693ecebc59e14-dirty,3,pager,200,50,269,11732,243328,200,50,1902,49,243135,309830,1,201,33060
fc1a1cd2d37a9100a80a496108f693ecebc59e14-dirty,3,pager,200,50,270,11814,246031,200,50,1922,49,245838,313073,1,227,37290
fc1a1cd2d37a9100a80a496108f693ecebc59e14-dirty,3,pager,200,50,271,11818,251119,200,50,1962,49,250926,319566,1,250,41041
fc1a1cd2d37a9100a80a496108f693ecebc59e14-dirty,3,pager,200,50,272,11892,249052,200,50,2008,49,248859,326986,1,201,33060
fc1a1cd2d37a9100a80a496108f693ecebc59e14-dirty,3,pager,200,50,273,11896,246985,200,50,1999,49,246792,325459,1,201,33060
fc1a1cd2d37a9100a80a496108f693ecebc59e14-dirty,3,pager,200,50,274,11974,255889,200,50,2059,49,255696,335196,1,273,44788
fc1a1cd2d37a9100a80a496108f693ecebc59e14-dirty,3,pager,200,50,275,11978,255889,200,50,2116,49,255696,344476,1,201,33060
fc1a1cd2d37a9100a80a496108f693ecebc59e14-dirty,3,pager,200,50,276,12012,256684,200,50,2121,49,256491,345271,1,244,40061
fc1a1cd2d37a9100a80a496108f693ecebc59e14-dirty,3,pager,200,50,277,12054,259864,200,50,2142,49,259671,348663,1,243,39901
fc1a1cd2d37a9100a80a496108f693ecebc59e14-dirty,3,pager,200,50,278,12132,257638,200,50,2165,49,257445,352388,1,208,34199
fc1a1cd2d37a9100a80a496108f693ecebc59e14-dirty,3,pager,200,50,279,12136,253504,200,50,2152,49,253311,350253,1,203,33384
fc1a1cd2d37a9100a80a496108f693ecebc59e14-dirty,3,pager,200,50,280,12174,257002,200,50,2183,49,256809,355266,1,253,41530
fc1a1cd2d37a9100a80a496108f693ecebc59e14-dirty,3,pager,200,50,281,12211,270201,200,50,2226,49,270008,362256,1,269,44141
fc1a1cd2d37a9100a80a496108f693ecebc59e14-dirty,3,pager,200,50,282,12252,258592,200,50,2220,49,258399,361280,1,208,34195
fc1a1cd2d37a9100a80a496108f693ecebc59e14-dirty,3,pager,200,50,283,12293,251753,200,50,2163,49,251560,351982,1,214,35177
fc1a1cd2d37a9100a80a496108f693ecebc59e14-dirty,3,pager,200,50,284,12371,253980,200,50,2128,49,253787,346265,1,215,35342
fc1a1cd2d37a9100a80a496108f693ecebc59e14-dirty,3,pager,200,50,285,12376,258274,200,50,2154,49,258081,350492,1,254,41699
fc1a1cd2d37a9100a80a496108f693ecebc59e14-dirty,3,pager,200,50,286,12453,249529,200,50,2151,49,249336,349987,1,203,33384
fc1a1cd2d37a9100a80a496108f693ecebc59e14-dirty,3,pager,200,50,287,12458,243328,200,50,2104,49,243135,342291,1,202,33222
fc1a1cd2d37a9100a80a496108f693ecebc59e14-dirty,3,pager,200,50,288,12490,239671,200,50,2067,49,239478,336302,1,201,33060
fc1a1cd2d37a9100a80a496108f693ecebc59e14-dirty,3,pager,200,50,289,12572,233152,200,50,2032,49,232959,330588,1,201,33060
fc1a1cd2d37a9100a80a496108f693ecebc59e14-dirty,3,pager,200,50,290,12576,233152,200,50,2024,49,232959,329284,1,249,40878
fc1a1cd2d37a9100a80a496108f693ecebc59e14-dirty,3,pager,200,50,291,12649,240148,200,50,2021,49,239955,328806,1,244,40064
fc1a1cd2d37a9100a80a496108f693ecebc59e14-dirty,3,pager,200,50,292,12654,231560,200,50,1989,49,231367,323631,1,219,35989
fc1a1cd2d37a9100a80a496108f693ecebc59e14-dirty,3,pager,200,50,293,12691,231719,200,50,1980,49,231526,322220,1,263,43164
fc1a1cd2d37a9100a80a496108f693ecebc59e14-dirty,3,pager,200,50,294,12732,225995,200,50,1971,49,225802,320824,1,208,34199
fc1a1cd2d37a9100a80a496108f693ecebc59e14-dirty,3,pager,200,50,295,12773,222975,200,50,1948,49,222782,317068,1,220,36157
fc1a1cd2d37a9100a80a496108f693ecebc59e14-dirty,3,pager,200,50,296,12850,210255,200,50,1887,49,210062,307152,1,202,33222
fc1a1cd2d37a9100a80a496108f693ecebc59e14-dirty,3,pager,200,50,297,12854,210414,200,50,1805,49,210221,293822,1,202,33222
fc1a1cd2d37a9100a80a496108f693ecebc59e14-dirty,3,pager,200,50,298,12892,222180,200,50,1867,49,221987,303874,1,264,43324
fc1a1cd2d37a9100a80a496108f693ecebc59e14-dirty,3,pager,200,50,299,12974,214866,200,50,1881,49,214673,306165,1,208,34195
fc1a1cd2d37a9100a80a496108f693ecebc59e14-dirty,3,pager,200,50,300,12978,211686,200,50,1847,49,211493,300628,1,216,35503
fc1a1cd2d37a9100a80a496108f693ecebc59e14-dirty,3,pager,200,50,301,13010,206598,200,50,1826,49,206405,297192,1,202,33222
fc1a1cd2d37a9100a80a496108f693ecebc59e14-dirty,3,pager,200,50,302,13051,203736,200,50,1795,49,203543,292145,1,201,33060
fc1a1cd2d37a9100a80a496108f693ecebc59e14-dirty,3,pager,200,50,303,13092,211686,200,50,1827,49,211493,297347,1,252,41365
fc1a1cd2d37a9100a80a496108f693ecebc59e14-dirty,3,pager,200,50,304,13170,219159,200,50,1853,49,218966,301561,1,249,40876
fc1a1cd2d37a9100a80a496108f693ecebc59e14-dirty,3,pager,200,50,305,13174,215979,200,50,1822,49,215786,296573,1,244,40061
fc1a1cd2d37a9100a80a496108f693ecebc59e14-dirty,3,pager,200,50,306,13211,219477,200,50,1804,49,219284,293668,1,263,43158
fc1a1cd2d37a9100a80a496108f693ecebc59e14-dirty,3,pager,200,50,307,13293,218682,200,50,1786,49,218489,290749,1,252,41365
fc1a1cd2d37a9100a80a496108f693ecebc59e14-dirty,3,pager,200,50,308,13297,215820,200,50,1763,49,215627,287052,1,235,38594
fc1a1cd2d37a9100a80a496108f693ecebc59e14-dirty,3,pager,200,50,309,13329,220908,200,50,1799,49,220715,292932,1,278,45606
fc1a1cd2d37a9100a80a496108f693ecebc59e14-dirty,3,pager,200,50,310,13411,212322,200,50,1826,49,212129,297331,1,202,33222
fc1a1cd2d37a9100a80a496108f693ecebc59e14-dirty,3,pager,200,50,311,13415,217092,200,50,1803,49,216899,293582,1,230,37780
fc1a1cd2d37a9100a80a496108f693ecebc59e14-dirty,3,pager,200,50,312,13493,214707,200,50,1806,49,214514,294093,1,215,35334
fc1a1cd2d37a9100a80a496108f693ecebc59e14-dirty,3,pager,200,50,313,13497,225042,200,50,1863,49,224849,303335,1,282,46257
fc1a1cd2d37a9100a80a496108f693ecebc59e14-dirty,3,pager,200,50,314,13572,236172,200,50,1917,49,235979,312087,1,269,44138
fc1a1cd2d37a9100a80a496108f693ecebc59e14-dirty,3,pager,200,50,315,13576,236490,200,50,1986,49,236297,323284,1,202,33222
fc1a1cd2d37a9100a80a496108f693ecebc59e14-dirty,3,pager,200,50,316,13654,231879,200,50,1958,49,231686,318708,1,211,34682
fc1a1cd2d37a9100a80a496108f693ecebc59e14-dirty,3,pager,200,50,317,13658,235854,200,50,1936,49,235661,315126,1,226,37127
fc1a1cd2d37a9100a80a496108f693ecebc59e14-dirty,3,pager,200,50,318,13731,239193,200,50,1952,49,239000,317726,1,222,36475
fc1a1cd2d37a9100a80a496108f693ecebc59e14-dirty,3,pager,200,50,319,13735,234741,200,50,1947,49,234548,316886,1,201,33060
fc1a1cd2d37a9100a80a496108f693ecebc59e14-dirty,3,pager,200,50,320,13773,234423,200,50,1941,49,234230,315882,1,243,39898
fc1a1cd2d37a9100a80a496108f693ecebc59e14-dirty,3,pager,200,50,321,13814,238239,200,50,1923,49,238046,312936,1,226,37127
fc1a1cd2d37a9100a80a496108f693ecebc59e14-dirty,3,pager,200,50,322,13850,238239,200,50,1948,49,238046,316987,1,201,33060
fc1a1cd2d37a9100a80a496108f693ecebc59e14-dirty,3,pager,200,50,323,13891,228540,200,50,1885,49,228347,306773,1,210,34519
fc1a1cd2d37a9100a80a496108f693ecebc59e14-dirty,3,pager,200,50,324,13933,228540,200,50,1822,49,228347,296524,1,201,33060
fc1a1cd2d37a9100a80a496108f693ecebc59e14-dirty,3,pager,200,50,325,13974,226791,200,50,1812,49,226598,294883,1,234,38431
fc1a1cd2d37a9100a80a496108f693ecebc59e14-dirty,3,pager,200,50,326,14010,219318,200,50,1798,49,219125,292645,1,201,33060
fc1a1cd2d37a9100a80a496108f693ecebc59e14-dirty,3,pager,200,50,327,14052,221385,200,50,1774,49,221192,288769,1,218,35823
fc1a1cd2d37a9100a80a496108f693ecebc59e14-dirty,3,pager,200,50,328,14133,226155,200,50,1798,49,225962,292685,1,232,38107
fc1a1cd2d37a9100a80a496108f693ecebc59e14-dirty,3,pager,200,50,329,14138,220590,200,50,1777,49,220397,289266,1,218,35825
fc1a1cd2d37a9100a80a496108f693ecebc59e14-dirty,3,pager,200,50,330,14170,211525,200,50,1727,49,211332,281137,1,225,36966
fc1a1cd2d37a9100a80a496108f693ecebc59e14-dirty,3,pager,200,50,331,14211,213274,200,50,1682,49,213081,273830,1,220,36151
fc1a1cd2d37a9100a80a496108f693ecebc59e14-dirty,3,pager,200,50,332,14252,211366,200,50,1685,49,211173,274268,1,201,33060
fc1a1cd2d37a9100a80a496108f693ecebc59e14-dirty,3,pager,200,50,333,14334,209139,200,50,1668,49,208946,271453,1,201,33060
fc1a1cd2d37a9100a80a496108f693ecebc59e14-dirty,3,pager,200,50,334,14338,202301,200,50,1628,49,202108,264954,1,213,35008
fc1a1cd2d37a9100a80a496108f693ecebc59e14-dirty,3,pager,200,50,335,14370,208661,200,50,1613,49,208468,262536,1,235,38597
fc1a1cd2d37a9100a80a496108f693ecebc59e14-dirty,3,pager,200,50,336,14412,215180,200,50,1654,49,214987,269218,1,240,39415
fc1a1cd2d37a9100a80a496108f693ecebc59e14-dirty,3,pager,200,50,337,14453,218519,200,50,1690,49,218326,275027,1,218,35829
fc1a1cd2d37a9100a80a496108f693ecebc59e14-dirty,3,pager,200,50,338,14494,224085,200,50,1727,49,223892,280994,1,236,38765
fc1a1cd2d37a9100a80a496108f693ecebc59e14-dirty,3,pager,200,50,339,14530,218360,200,50,1712,49,218167,278586,1,220,36157
fc1a1cd2d37a9100a80a496108f693ecebc59e14-dirty,3,pager,200,50,340,14571,211523,200,50,1681,49,211330,273577,1,203,33384
fc1a1cd2d37a9100a80a496108f693ecebc59e14-dirty,3,pager,200,50,341,14613,214862,200,50,1677,49,214669,272967,1,239,39252
fc1a1cd2d37a9100a80a496108f693ecebc59e14-dirty,3,pager,200,50,342,14654,202778,200,50,1648,49,202585,268258,1,201,33060
fc1a1cd2d37a9100a80a496108f693ecebc59e14-dirty,3,pager,200,50,343,14690,202460,200,50,1590,49,202267,258840,1,206,33873
fc1a1cd2d37a9100a80a496108f693ecebc59e14-dirty,3,pager,200,50,344,14731,208502,200,50,1626,49,208309,264705,1,256,42025
fc1a1cd2d37a9100a80a496108f693ecebc59e14-dirty,3,pager,200,50,345,14773,212001,200,50,1661,49,211808,270390,1,225,36972
fc1a1cd2d37a9100a80a496108f693ecebc59e14-dirty,3,pager,200,50,346,14854,213115,200,50,1684,49,212922,274108,1,209,34364
fc1a1cd2d37a9100a80a496108f693ecebc59e14-dirty,3,pager,200,50,347,14858,204848,200,50,1640,49,204655,266976,1,221,36320
fc1a1cd2d37a9100a80a496108f693ecebc59e14-dirty,3,pager,200,50,348,14931,203735,200,50,1597,49,203542,259955,1,202,33222
fc1a1cd2d37a9100a80a496108f693ecebc59e14-dirty,3,pager,200,50,349,14935,201668,200,50,1580,49,201475,257128,1,202,33222
fc1a1cd2d37a9100a80a496108f693ecebc59e14-dirty,3,pager,200,50,350,15014,201350,200,50,1565,49,201157,254671,1,201,33060
fc1a1cd2d37a9100a80a496108f693ecebc59e14-dirty,3,pager,200,50,351,15018,208346,200,50,1601,49,208153,260509,1,239,39249
fc1a1cd2d37a9100a80a496108f693ecebc59e14-dirty,3,pager,200,50,352,15090,203735,200,50,1589,49,203542,258524,1,220,36155
fc1a1cd2d37a9100a80a496108f693ecebc59e14-dirty,3,pager,200,50,353,15094,201828,200,50,1598,49,201635,259936,1,234,38439
fc1a1cd2d37a9100a80a496108f693ecebc59e14-dirty,3,pager,200,50,354,15133,195309,200,50,1606,49,195116,261195,1,202,33222
fc1a1cd2d37a9100a80a496108f693ecebc59e14-dirty,3,pager,200,50,355,15174,193560,200,50,1610,49,193367,261875,1,246,40393
fc1a1cd2d37a9100a80a496108f693ecebc59e14-dirty,3,pager,200,50,356,15252,190857,200,50,1609,49,190664,261729,1,234,38437
fc1a1cd2d37a9100a80a496108f693ecebc59e14-dirty,3,pager,200,50,357,15255,186087,200,50,1615,49,185894,262715,1,202,33222
fc1a1cd2d37a9100a80a496108f693ecebc59e14-dirty,3,pager,200,50,358,15293,173049,200,50,1535,49,172856,249741,1,201,33060
fc1a1cd2d37a9100a80a496108f693ecebc59e14-dirty,3,pager,200,50,359,15370,174639,200,50,1467,49,174446,238694,1,212,34847
fc1a1cd2d37a9100a80a496108f693ecebc59e14-dirty,3,pager,200,50,360,15374,176547,200,50,1475,49,176354,239998,1,237,38923
fc1a1cd2d37a9100a80a496108f693ecebc59e14-dirty,3,pager,200,50,361,15411,179568,200,50,1485,49,179375,241634,1,230,37785
fc1a1cd2d37a9100a80a496108f693ecebc59e14-dirty,3,pager,200,50,362,15494,173208,200,50,1442,49,173015,234709,1,246,40393
fc1a1cd2d37a9100a80a496108f693ecebc59e14-dirty,3,pager,200,50,363,15497,167007,200,50,1405,49,166814,228754,1,233,38274
fc1a1cd2d37a9100a80a496108f693ecebc59e14-dirty,3,pager,200,50,364,15570,168757,200,50,1369,49,168564,222928,1,212,34853
fc1a1cd2d37a9100a80a496108f693ecebc59e14-dirty,3,pager,200,50,365,15573,174164,200,50,1401,49,173971,228130,1,239,39254
fc1a1cd2d37a9100a80a496108f693ecebc59e14-dirty,3,pager,200,50,366,15612,172893,200,50,1424,49,172700,231880,1,220,36157
fc1a1cd2d37a9100a80a496108f693ecebc59e14-dirty,3,pager,200,50,367,15689,177664,200,50,1463,49,177471,238222,1,252,41373
fc1a1cd2d37a9100a80a496108f693ecebc59e14-dirty,3,pager,200,50,368,15693,179255,200,50,1490,49,179062,242623,1,211,34690
fc1a1cd2d37a9100a80a496108f693ecebc59e14-dirty,3,pager,200,50,369,15730,172896,200,50,1459,49,172703,237597,1,203,33386
fc1a1cd2d37a9100a80a496108f693ecebc59e14-dirty,3,pager,200,50,370,15813,170671,200,50,1438,49,170478,234182,1,212,34853
fc1a1cd2d37a9100a80a496108f693ecebc59e14-dirty,3,pager,200,50,371,15817,173215,200,50,1426,49,173022,232239,1,215,35340
fc1a1cd2d37a9100a80a496108f693ecebc59e14-dirty,3,pager,200,50,372,15854,172421,200,50,1430,49,172228,232907,1,206,33875
fc1a1cd2d37a9100a80a496108f693ecebc59e14-dirty,3,pager,200,50,373,15931,178146,200,50,1454,49,177953,236825,1,236,38765
fc1a1cd2d37a9100a80a496108f693ecebc59e14-dirty,3,pager,200,50,374,15935,175921,200,50,1455,49,175728,236991,1,220,36157
fc1a1cd2d37a9100a80a496108f693ecebc59e14-dirty,3,pager,200,50,375,16013,176239,200,50,1441,49,176046,234707,1,202,33222
fc1a1cd2d37a9100a80a496108f693ecebc59e14-dirty,3,pager,200,50,376,16017,173218,200,50,1425,49,173025,232086,1,202,33222
fc1a1cd2d37a9100a80a496108f693ecebc59e14-dirty,3,pager,200,50,377,16090,167971,200,50,1393,49,167778,226872,1,201,33060
fc1a1cd2d37a9100a80a496108f693ecebc59e14-dirty,3,pager,200,50,378,16132,175444,200,50,1417,49,175251,230781,1,256,42020
fc1a1cd2d37a9100a80a496108f693ecebc59e14-dirty,3,pager,200,50,379,16137,181327,200,50,1452,49,181134,236494,1,256,42020
fc1a1cd2d37a9100a80a496108f693ecebc59e14-dirty,3,pager,200,50,380,16211,188005,200,50,1484,49,187812,241699,1,254,41694
fc1a1cd2d37a9100a80a496108f693ecebc59e14-dirty,3,pager,200,50,381,16215,189754,200,50,1518,49,189561,247224,1,212,34847
fc1a1cd2d37a9100a80a496108f693ecebc59e14-dirty,3,pager,200,50,382,16252,200566,200,50,1576,49,200373,256669,1,259,42509
fc1a1cd2d37a9100a80a496108f693ecebc59e14-dirty,3,pager,200,50,383,16334,203428,200,50,1625,49,203235,264614,1,230,37785
fc1a1cd2d37a9100a80a496108f693ecebc59e14-dirty,3,pager,200,50,384,16339,201838,200,50,1593,49,201645,259393,1,230,37785
fc1a1cd2d37a9100a80a496108f693ecebc59e14-dirty,3,pager,200,50,385,16370,196909,200,50,1579,49,196716,257133,1,210,34525
fc1a1cd2d37a9100a80a496108f693ecebc59e14-dirty,3,pager,200,50,386,16453,195161,200,50,1555,49,194968,253238,1,210,34527
fc1a1cd2d37a9100a80a496108f693ecebc59e14-dirty,3,pager,200,50,387,16457,195320,200,50,1551,49,195127,252605,1,238,39091
fc1a1cd2d37a9100a80a496108f693ecebc59e14-dirty,3,pager,200,50,388,16494,204542,200,50,1593,49,204349,259483,1,278,45611
fc1a1cd2d37a9100a80a496108f693ecebc59e14-dirty,3,pager,200,50,389,16535,204383,200,50,1650,49,204190,268795,1,202,33222
fc1a1cd2d37a9100a80a496108f693ecebc59e14-dirty,3,pager,200,50,390,16571,199932,200,50,1624,49,199739,264558,1,212,34853
fc1a1cd2d37a9100a80a496108f693ecebc59e14-dirty,3,pager,200,50,391,16653,200250,200,50,1598,49,200057,260319,1,202,33222
fc1a1cd2d37a9100a80a496108f693ecebc59e14-dirty,3,pager,200,50,392,16658,209472,200,50,1656,49,209279,269742,1,264,43327
fc1a1cd2d37a9100a80a496108f693ecebc59e14-dirty,3,pager,200,50,393,16731,203747,200,50,1662,49,203554,270745,1,220,36155
fc1a1cd2d37a9100a80a496108f693ecebc59e14-dirty,3,pager,200,50,394,16736,202634,200,50,1627,49,202441,265048,1,216,35505
fc1a1cd2d37a9100a80a496108f693ecebc59e14-dirty,3,pager,200,50,395,16773,207086,200,50,1637,49,206893,266669,1,236,38765
fc1a1cd2d37a9100a80a496108f693ecebc59e14-dirty,3,pager,200,50,396,16814,206927,200,50,1653,49,206734,269262,1,220,36157
fc1a1cd2d37a9100a80a496108f693ecebc59e14-dirty,3,pager,200,50,397,16855,207086,200,50,1653,49,206893,269281,1,203,33384
fc1a1cd2d37a9100a80a496108f693ecebc59e14-dirty,3,pager,200,50,398,16891,207086,200,50,1654,49,206893,269434,1,202,33222
fc1a1cd2d37a9100a80a496108f693ecebc59e14-dirty,3,pager,200,50,399,16932,207086,200,50,1654,49,206893,269397,1,201,33060
fc1a1cd2d37a9100a80a496108f693ecebc59e14-dirty,3,pager,200,50,400,16973,207722,200,50,1656,49,207529,269722,1,241,39575
fc1a1cd2d37a9100a80a496108f693ecebc59e14-dirty,3,pager,200,50,401,17015,211697,200,50,1667,49,211504,271513,1,248,40719
fc1a1cd2d37a9100a80a496108f693ecebc59e14-dirty,3,pager,200,50,402,17091,206449,200,50,1679,49,206256,273461,1,202,33222
fc1a1cd2d37a9100a80a496108f693ecebc59e14-dirty,3,pager,200,50,403,17096,206131,200,50,1646,49,205938,268082,1,201,33060
fc1a1cd2d37a9100a80a496108f693ecebc59e14-dirty,3,pager,200,50,404,17133,208039,200,50,1651,49,207846,268896,1,251,41205
fc1a1cd2d37a9100a80a496108f693ecebc59e14-dirty,3,pager,200,50,405,17211,202792,200,50,1664,49,202599,271006,1,204,33546
fc1a1cd2d37a9100a80a496108f693ecebc59e14-dirty,3,pager,200,50,406,17216,211855,200,50,1681,49,211662,273757,1,255,41858
fc1a1cd2d37a9100a80a496108f693ecebc59e14-dirty,3,pager,200,50,407,17252,221236,200,50,1734,49,221043,282347,1,252,41368
fc1a1cd2d37a9100a80a496108f693ecebc59e14-dirty,3,pager,200,50,408,17293,226642,200,50,1771,49,226449,288381,1,240,39412
fc1a1cd2d37a9100a80a496108f693ecebc59e14-dirty,3,pager,200,50,409,17334,227437,200,50,1775,49,227244,289060,1,242,39737
fc1a1cd2d37a9100a80a496108f693ecebc59e14-dirty,3,pager,200,50,410,17371,225370,200,50,1778,49,225177,289573,1,220,36155
fc1a1cd2d37a9100a80a496108f693ecebc59e14-dirty,3,pager,200,50,411,17412,217897,200,50,1756,49,217704,286012,1,202,33222
fc1a1cd2d37a9100a80a496108f693ecebc59e14-dirty,3,pager,200,50,412,17493,212650,200,50,1714,49,212457,279174,1,201,33060
fc1a1cd2d37a9100a80a496108f693ecebc59e14-dirty,3,pager,200,50,413,17498,223938,200,50,1758,49,223745,286342,1,279,45769
fc1a1cd2d37a9100a80a496108f693ecebc59e14-dirty,3,pager,200,50,414,17536,225845,200,50,1797,49,225652,292717,1,253,41534
fc1a1cd2d37a9100a80a496108f693ecebc59e14-dirty,3,pager,200,50,415,17613,226640,200,50,1809,49,226447,294710,1,226,37135
fc1a1cd2d37a9100a80a496108f693ecebc59e14-dirty,3,pager,200,50,416,17617,222665,200,50,1784,49,222472,290690,1,229,37624
fc1a1cd2d37a9100a80a496108f693ecebc59e14-dirty,3,pager,200,50,417,17695,226960,200,50,1766,49,226767,287752,1,235,38604
fc1a1cd2d37a9100a80a496108f693ecebc59e14-dirty,3,pager,200,50,418,17700,226960,200,50,1791,49,226767,291779,1,204,33549
fc1a1cd2d37a9100a80a496108f693ecebc59e14-dirty,3,pager,200,50,419,17731,225528,200,50,1784,49,225335,290592,1,202,33222
fc1a1cd2d37a9100a80a496108f693ecebc59e14-dirty,3,pager,200,50,420,17773,228390,200,50,1800,49,228197,293160,1,231,37948
fc1a1cd2d37a9100a80a496108f693ecebc59e14-dirty,3,pager,200,50,421,17855,230774,200,50,1816,49,230581,295723,1,219,35992
fc1a1cd2d37a9100a80a496108f693ecebc59e14-dirty,3,pager,200,50,422,17860,233795,200,50,1840,49,233602,299605,1,255,41862
fc1a1cd2d37a9100a80a496108f693ecebc59e14-dirty,3,pager,200,50,423,17892,239837,200,50,1851,49,239644,301425,1,260,42677
fc1a1cd2d37a9100a80a496108f693ecebc59e14-dirty,3,pager,200,50,424,17933,249060,200,50,1875,49,248867,305328,1,260,42677
fc1a1cd2d37a9100a80a496108f693ecebc59e14-dirty,3,pager,200,50,425,17975,258760,200,50,1922,49,258567,312979,1,262,43003
fc1a1cd2d37a9100a80a496108f693ecebc59e14-dirty,3,pager,200,50,426,18016,268460,200,50,1970,49,268267,320771,1,260,42677
fc1a1cd2d37a9100a80a496108f693ecebc59e14-dirty,3,pager,200,50,427,18053,263850,200,50,1963,49,263657,319614,1,233,38276
fc1a1cd2d37a9100a80a496108f693ecebc59e14-dirty,3,pager,200,50,428,18094,257968,200,50,1936,49,257775,315197,1,226,37135
fc1a1cd2d37a9100a80a496108f693ecebc59e14-dirty,3,pager,200,50,429,18135,249542,200,50,1905,49,249349,310190,1,209,34364
fc1a1cd2d37a9100a80a496108f693ecebc59e14-dirty,3,pager,200,50,430,18172,247953,200,50,1860,49,247760,302903,1,202,33223
fc1a1cd2d37a9100a80a496108f693ecebc59e14-dirty,3,pager,200,50,431,18213,237459,200,50,1803,49,237266,293613,1,202,33222
fc1a1cd2d37a9100a80a496108f693ecebc59e14-dirty,3,pager,200,50,432,18255,232530,200,50,1743,49,232337,283833,1,202,33222
fc1a1cd2d37a9100a80a496108f693ecebc59e14-dirty,3,pager,200,50,433,18295,227283,200,50,1736,49,227090,282679,1,201,33060
fc1a1cd2d37a9100a80a496108f693ecebc59e14-dirty,3,pager,200,50,434,18333,233802,200,50,1753,49,233609,285441,1,248,40715
fc1a1cd2d37a9100a80a496108f693ecebc59e14-dirty,3,pager,200,50,435,18414,238094,200,50,1784,49,237901,290469,1,239,39252
fc1a1cd2d37a9100a80a496108f693ecebc59e14-dirty,3,pager,200,50,436,18419,232687,200,50,1789,49,232494,291294,1,202,33222
fc1a1cd2d37a9100a80a496108f693ecebc59e14-dirty,3,pager,200,50,437,18492,220602,200,50,1714,49,220409,279141,1,201,33060
fc1a1cd2d37a9100a80a496108f693ecebc59e14-dirty,3,pager,200,50,438,18497,227121,200,50,1674,49,226928,272694,1,239,39249
fc1a1cd2d37a9100a80a496108f693ecebc59e14-dirty,3,pager,200,50,439,18533,228074,200,50,1699,49,227881,276737,1,216,35503
fc1a1cd2d37a9100a80a496108f693ecebc59e14-dirty,3,pager,200,50,440,18615,229029,200,50,1701,49,228836,277023,1,208,34201
fc1a1cd2d37a9100a80a496108f693ecebc59e14-dirty,3,pager,200,50,441,18619,221239,200,50,1652,49,221046,269053,1,216,35505
fc1a1cd2d37a9100a80a496108f693ecebc59e14-dirty,3,pager,200,50,442,18692,220445,200,50,1587,48,217532,258524,1,216,35505
fc1a1cd2d37a9100a80a496108f693ecebc59e14-dirty,3,pager,200,50,443,18696,225533,200,50,1613,48,222620,262734,1,248,40721
fc1a1cd2d37a9100a80a496108f693ecebc59e14-dirty,3,pager,200,50,444,18774,221716,200,50,1628,48,218803,265165,1,211,34688
fc1a1cd2d37a9100a80a496108f693ecebc59e14-dirty,3,pager,200,50,445,18779,225214,200,50,1637,48,222301,266614,1,242,39743
fc1a1cd2d37a9100a80a496108f693ecebc59e14-dirty,3,pager,200,50,446,18853,225055,200,50,1658,48,222142,270005,1,202,33222
fc1a1cd2d37a9100a80a496108f693ecebc59e14-dirty,3,pager,200,50,447,18858,226009,200,50,1662,48,223096,270613,1,208,34199
fc1a1cd2d37a9100a80a496108f693ecebc59e14-dirty,3,pager,200,50,448,18895,226327,200,50,1669,48,223414,271711,1,202,33222
fc1a1cd2d37a9100a80a496108f693ecebc59e14-dirty,3,pager,200,50,449,18972,218536,200,50,1630,48,215623,265356,1,201,33060
fc1a1cd2d37a9100a80a496108f693ecebc59e14-dirty,3,pager,200,50,450,18976,218854,200,50,1622,48,215941,264083,1,244,40064
fc1a1cd2d37a9100a80a496108f693ecebc59e14-dirty,3,pager,200,50,451,19013,226009,200,50,1622,48,223096,264128,1,244,40067
fc1a1cd2d37a9100a80a496108f693ecebc59e14-dirty,3,pager,200,50,452,19055,232369,200,50,1660,48,229456,270246,1,236,38763
fc1a1cd2d37a9100a80a496108f693ecebc59e14-dirty,3,pager,200,50,453,19096,233641,200,50,1672,48,230728,272175,1,260,42675
fc1a1cd2d37a9100a80a496108f693ecebc59e14-dirty,3,pager,200,50,454,19132,244294,200,50,1692,48,241381,275430,1,268,43979
fc1a1cd2d37a9100a80a496108f693ecebc59e14-dirty,3,pager,200,50,455,19214,235231,200,50,1709,48,232318,278219,1,202,33222
fc1a1cd2d37a9100a80a496108f693ecebc59e14-dirty,3,pager,200,50,456,19218,225850,200,50,1656,48,222937,269604,1,201,33060
fc1a1cd2d37a9100a80a496108f693ecebc59e14-dirty,3,pager,200,50,457,19292,228394,200,50,1662,48,225481,270590,1,255,41857
fc1a1cd2d37a9100a80a496108f693ecebc59e14-dirty,3,pager,200,50,458,19296,227599,200,50,1675,48,224686,272748,1,239,39252
fc1a1cd2d37a9100a80a496108f693ecebc59e14-dirty,3,pager,200,50,459,19333,232369,200,50,1677,48,229456,273092,1,246,40393
fc1a1cd2d37a9100a80a496108f693ecebc59e14-dirty,3,pager,200,50,460,19416,233482,200,50,1702,48,230569,277158,1,208,34199
fc1a1cd2d37a9100a80a496108f693ecebc59e14-dirty,3,pager,200,50,461,19420,234278,200,50,1709,48,231365,278241,1,205,33712
fc1a1cd2d37a9100a80a496108f693ecebc59e14-dirty,3,pager,200,50,462,19452,222195,200,50,1637,48,219282,266542,1,208,34201
fc1a1cd2d37a9100a80a496108f693ecebc59e14-dirty,3,pager,200,50,463,19493,219175,200,50,1592,48,216262,259250,1,237,38928
fc1a1cd2d37a9100a80a496108f693ecebc59e14-dirty,3,pager,200,50,464,19534,219652,200,50,1576,48,216739,256648,1,225,36972
fc1a1cd2d37a9100a80a496108f693ecebc59e14-dirty,3,pager,200,50,465,19576,219970,200,50,1571,48,217057,255815,1,227,37298
fc1a1cd2d37a9100a80a496108f693ecebc59e14-dirty,3,pager,200,50,466,19612,222671,200,50,1595,48,219758,259708,1,255,41862
fc1a1cd2d37a9100a80a496108f693ecebc59e14-dirty,3,pager,200,50,467,19694,229190,200,50,1609,48,226277,261994,1,245,40232
fc1a1cd2d37a9100a80a496108f693ecebc59e14-dirty,3,pager,200,50,468,19700,229190,200,50,1650,48,226277,268656,1,202,33222
fc1a1cd2d37a9100a80a496108f693ecebc59e14-dirty,3,pager,200,50,469,19736,224102,200,50,1622,48,221189,264113,1,202,33222
fc1a1cd2d37a9100a80a496108f693ecebc59e14-dirty,3,pager,200,50,470,19772,220763,200,50,1593,48,217850,259415,1,201,33060
fc1a1cd2d37a9100a80a496108f693ecebc59e14-dirty,3,pager,200,50,471,19813,219331,200,50,1575,48,216418,256533,1,241,39574
fc1a1cd2d37a9100a80a496108f693ecebc59e14-dirty,3,pager,200,50,472,19854,215196,200,50,1573,48,212283,256246,1,230,37785
fc1a1cd2d37a9100a80a496108f693ecebc59e14-dirty,3,pager,200,50,473,19931,208199,200,50,1560,48,205286,254123,1,215,35340
fc1a1cd2d37a9100a80a496108f693ecebc59e14-dirty,3,pager,200,50,474,19938,204383,200,50,1552,48,201470,252821,1,238,39091
fc1a1cd2d37a9100a80a496108f693ecebc59e14-dirty,3,pager,200,50,475,20013,201998,200,50,1551,48,199085,252668,1,248,40721
fc1a1cd2d37a9100a80a496108f693ecebc59e14-dirty,3,pager,200,50,476,20017,196591,200,50,1551,48,193678,252714,1,202,33222
fc1a1cd2d37a9100a80a496108f693ecebc59e14-dirty,3,pager,200,50,477,20091,192774,200,50,1520,48,189861,247654,1,202,33222
fc1a1cd2d37a9100a80a496108f693ecebc59e14-dirty,3,pager,200,50,478,20095,191342,200,50,1496,48,188429,243729,1,201,33060
fc1a1cd2d37a9100a80a496108f693ecebc59e14-dirty,3,pager,200,50,479,20132,205492,200,50,1571,48,202579,255944,1,285,46747
fc1a1cd2d37a9100a80a496108f693ecebc59e14-dirty,3,pager,200,50,480,20174,211852,200,50,1652,48,208939,269131,1,241,39578
fc1a1cd2d37a9100a80a496108f693ecebc59e14-dirty,3,pager,200,50,481,20215,216941,200,50,1688,48,214029,275001,1,232,38113
fc1a1cd2d37a9100a80a496108f693ecebc59e14-dirty,3,pager,200,50,482,20256,217259,200,50,1719,48,214347,280009,1,202,33222
fc1a1cd2d37a9100a80a496108f693ecebc59e14-dirty,3,pager,200,50,483,20292,211853,200,50,1688,48,208941,274957,1,217,35666
fc1a1cd2d37a9100a80a496108f693ecebc59e14-dirty,3,pager,200,50,484,20373,213762,200,50,1697,48,210850,276429,1,251,41210
fc1a1cd2d37a9100a80a496108f693ecebc59e14-dirty,3,pager,200,50,485,20377,221872,200,50,1697,48,218960,276429,1,254,41699
fc1a1cd2d37a9100a80a496108f693ecebc59e14-dirty,3,pager,200,50,486,20452,224258,200,50,1738,48,221346,283107,1,216,35505
fc1a1cd2d37a9100a80a496108f693ecebc59e14-dirty,3,pager,200,50,487,20456,219807,200,50,1715,48,216895,279393,1,215,35342
fc1a1cd2d37a9100a80a496108f693ecebc59e14-dirty,3,pager,200,50,488,20493,219490,200,50,1682,48,216578,274055,1,217,35668
fc1a1cd2d37a9100a80a496108f693ecebc59e14-dirty,3,pager,200,50,489,20534,221080,200,50,1673,48,218168,272561,1,218,35831
fc1a1cd2d37a9100a80a496108f693ecebc59e14-dirty,3,pager,200,50,490,20576,222034,200,50,1669,48,219122,271875,1,223,36646
fc1a1cd2d37a9100a80a496108f693ecebc59e14-dirty,3,pager,200,50,491,20613,224578,200,50,1681,49,224385,273792,1,231,37950
fc1a1cd2d37a9100a80a496108f693ecebc59e14-dirty,3,pager,200,50,492,20694,217104,200,50,1666,49,216911,271330,1,202,33222
fc1a1cd2d37a9100a80a496108f693ecebc59e14-dirty,3,pager,200,50,493,20700,215355,200,50,1618,49,215162,263489,1,202,33222
fc1a1cd2d37a9100a80a496108f693ecebc59e14-dirty,3,pager,200,50,494,20772,208517,200,50,1575,49,208324,256457,1,201,33060
fc1a1cd2d37a9100a80a496108f693ecebc59e14-dirty,3,pager,200,50,495,20777,220283,200,50,1602,49,220090,260895,1,270,44302
fc1a1cd2d37a9100a80a496108f693ecebc59e14-dirty,3,pager,200,50,496,20855,225212,200,50,1668,49,225019,271603,1,239,39252
fc1a1cd2d37a9100a80a496108f693ecebc59e14-dirty,3,pager,200,50,497,20860,229029,200,50,1696,49,228836,276121,1,219,35994
fc1a1cd2d37a9100a80a496108f693ecebc59e14-dirty,3,pager,200,50,498,20896,230779,200,50,1716,49,230586,279339,1,212,34853
fc1a1cd2d37a9100a80a496108f693ecebc59e14-dirty,3,pager,200,50,499,20932,224420,200,50,1686,49,224227,274452,1,207,34038
fc1a1cd2d37a9100a80a496108f693ecebc59e14-dirty,3,pager,200,50,500,20973,219015,200,50,1653,49,218822,269118,1,214,35179
fc1a1cd2d37a9100a80a496108f693ecebc59e14-dirty,3,pager,200,50,501,21014,213133,200,50,1629,49,212940,265239,1,203,33386
fc1a1cd2d37a9100a80a496108f693ecebc59e14-dirty,3,pager,200,50,502,21055,205025,200,50,1583,49,204832,257766,1,217,35668
fc1a1cd2d37a9100a80a496108f693ecebc59e14-dirty,3,pager,200,50,503,21132,195804,200,50,1531,49,195611,249321,1,210,34527
fc1a1cd2d37a9100a80a496108f693ecebc59e14-dirty,3,pager,200,50,504,21136,196441,200,50,1473,49,196248,239912,1,206,33875
fc1a1cd2d37a9100a80a496108f693ecebc59e14-dirty,3,pager,200,50,505,21214,201530,200,50,1501,49,201337,244423,1,232,38113
fc1a1cd2d37a9100a80a496108f693ecebc59e14-dirty,3,pager,200,50,506,21218,192150,200,50,1480,49,191957,241008,1,203,33386
fc1a1cd2d37a9100a80a496108f693ecebc59e14-dirty,3,pager,200,50,507,21293,186427,200,50,1430,49,186234,232873,1,206,33875
fc1a1cd2d37a9100a80a496108f693ecebc59e14-dirty,3,pager,200,50,508,21296,178796,200,50,1393,49,178603,226884,1,203,33386
fc1a1cd2d37a9100a80a496108f693ecebc59e14-dirty,3,pager,200,50,509,21375,178796,200,50,1354,49,178603,220572,1,207,34037
fc1a1cd2d37a9100a80a496108f693ecebc59e14-dirty,3,pager,200,50,510,21379,181976,200,50,1371,49,181783,223312,1,225,36972
fc1a1cd2d37a9100a80a496108f693ecebc59e14-dirty,3,pager,200,50,511,21453,181499,200,50,1389,49,181306,226208,1,205,33712
fc1a1cd2d37a9100a80a496108f693ecebc59e14-dirty,3,pager,200,50,512,21456,175774,200,50,1357,49,175581,220997,1,202,33222
fc1a1cd2d37a9100a80a496108f693ecebc59e14-dirty,3,pager,200,50,513,21534,171957,200,50,1322,49,171764,215286,1,202,33222
fc1a1cd2d37a9100a80a496108f693ecebc59e14-dirty,3,pager,200,50,514,21538,167504,200,50,1297,49,167311,211188,1,201,33060
fc1a1cd2d37a9100a80a496108f693ecebc59e14-dirty,3,pager,200,50,515,21612,166867,200,50,1285,49,166674,209234,1,244,40064
fc1a1cd2d37a9100a80a496108f693ecebc59e14-dirty,3,pager,200,50,516,21616,168297,200,50,1289,49,168104,209930,1,250,41045
fc1a1cd2d37a9100a80a496108f693ecebc59e14-dirty,3,pager,200,50,517,21653,176089,200,50,1295,49,175896,210951,1,249,40884
fc1a1cd2d37a9100a80a496108f693ecebc59e14-dirty,3,pager,200,50,518,21694,183404,200,50,1338,49,183211,217880,1,252,41373
fc1a1cd2d37a9100a80a496108f693ecebc59e14-dirty,3,pager,200,50,519,21772,194376,200,50,1399,49,194183,227742,1,266,43655
fc1a1cd2d37a9100a80a496108f693ecebc59e14-dirty,3,pager,200,50,520,21777,187380,200,50,1425,49,187187,231987,1,202,33222
fc1a1cd2d37a9100a80a496108f693ecebc59e14-dirty,3,pager,200,50,521,21855,182451,200,50,1383,49,182258,225157,1,202,33222
fc1a1cd2d37a9100a80a496108f693ecebc59e14-dirty,3,pager,200,50,522,21860,180066,200,50,1354,49,179873,220444,1,201,33060
fc1a1cd2d37a9100a80a496108f693ecebc59e14-dirty,3,pager,200,50,523,21931,173864,200,50,1314,49,173671,213912,1,201,33060
fc1a1cd2d37a9100a80a496108f693ecebc59e14-dirty,3,pager,200,50,524,21937,177520,200,50,1325,49,177327,215705,1,259,42506
fc1a1cd2d37a9100a80a496108f693ecebc59e14-dirty,3,pager,200,50,525,21973,181177,200,50,1338,49,180984,217821,1,224,36800
fc1a1cd2d37a9100a80a496108f693ecebc59e14-dirty,3,pager,200,50,526,22055,184675,200,50,1360,49,184482,221386,1,222,36475
fc1a1cd2d37a9100a80a496108f693ecebc59e14-dirty,3,pager,200,50,527,22059,188809,200,50,1390,49,188616,226264,1,227,37292
fc1a1cd2d37a9100a80a496108f693ecebc59e14-dirty,3,pager,200,50,528,22092,174499,200,50,1333,49,174306,217050,1,201,33060
fc1a1cd2d37a9100a80a496108f693ecebc59e14-dirty,3,pager,200,50,529,22173,167821,200,50,1251,49,167628,203761,1,201,33060
fc1a1cd2d37a9100a80a496108f693ecebc59e14-dirty,3,pager,200,50,530,22177,165912,200,50,1233,49,165719,200846,1,220,36149
fc1a1cd2d37a9100a80a496108f693ecebc59e14-dirty,3,pager,200,50,531,22215,170046,200,50,1230,49,169853,200349,1,224,36804
fc1a1cd2d37a9100a80a496108f693ecebc59e14-dirty,3,pager,200,50,532,22292,173862,200,50,1261,49,173669,205413,1,245,40230
fc1a1cd2d37a9100a80a496108f693ecebc59e14-dirty,3,pager,200,50,533,22296,166229,200,50,1252,49,166036,203998,1,202,33222
fc1a1cd2d37a9100a80a496108f693ecebc59e14-dirty,3,pager,200,50,534,22374,157960,200,50,1215,49,157767,197935,1,201,33060
fc1a1cd2d37a9100a80a496108f693ecebc59e14-dirty,3,pager,200,50,535,22377,155574,200,50,1174,49,155381,191220,1,201,33060
fc1a1cd2d37a9100a80a496108f693ecebc59e14-dirty,3,pager,200,50,536,22415,159548,200,50,1195,49,159355,194613,1,236,38757
fc1a1cd2d37a9100a80a496108f693ecebc59e14-dirty,3,pager,200,50,537,22451,162727,200,50,1226,49,162534,199639,1,233,38271
fc1a1cd2d37a9100a80a496108f693ecebc59e14-dirty,3,pager,200,50,538,22534,166065,200,50,1261,49,165872,205331,1,235,38600
fc1a1cd2d37a9100a80a496108f693ecebc59e14-dirty,3,pager,200,50,539,22538,170676,200,50,1303,49,170483,212170,1,252,41373
fc1a1cd2d37a9100a80a496108f693ecebc59e14-dirty,3,pager,200,50,540,22575,165905,200,50,1343,49,165712,218686,1,202,33222
fc1a1cd2d37a9100a80a496108f693ecebc59e14-dirty,3,pager,200,50,541,22652,165905,200,50,1314,49,165712,213973,1,202,33222
fc1a1cd2d37a9100a80a496108f693ecebc59e14-dirty,3,pager,200,50,542,22656,165746,200,50,1314,49,165553,213960,1,201,33060
fc1a1cd2d37a9100a80a496108f693ecebc59e14-dirty,3,pager,200,50,543,22734,165746,200,50,1314,49,165553,213951,1,201,33060
fc1a1cd2d37a9100a80a496108f693ecebc59e14-dirty,3,pager,200,50,544,22738,162566,200,50,1294,49,162373,210727,1,249,40876
fc1a1cd2d37a9100a80a496108f693ecebc59e14-dirty,3,pager,200,50,545,22775,163520,200,50,1275,49,163327,207666,1,244,40064
fc1a1cd2d37a9100a80a496108f693ecebc59e14-dirty,3,pager,200,50,546,22814,169726,200,50,1306,49,169533,212753,1,264,43333
fc1a1cd2d37a9100a80a496108f693ecebc59e14-dirty,3,pager,200,50,547,22894,169407,200,50,1351,49,169214,220097,1,207,34033
fc1a1cd2d37a9100a80a496108f693ecebc59e14-dirty,3,pager,200,50,548,22897,171950,200,50,1364,49,171757,222219,1,225,36970
fc1a1cd2d37a9100a80a496108f693ecebc59e14-dirty,3,pager,200,50,549,22935,170200,200,50,1374,49,170007,223836,1,202,33222
fc1a1cd2d37a9100a80a496108f693ecebc59e14-dirty,3,pager,200,50,550,23012,169881,200,50,1361,49,169688,221706,1,201,33060
fc1a1cd2d37a9100a80a496108f693ecebc59e14-dirty,3,pager,200,50,551,23016,167177,200,50,1346,49,166984,219271,1,201,33060
fc1a1cd2d37a9100a80a496108f693ecebc59e14-dirty,3,pager,200,50,552,23053,175603,200,50,1390,49,175410,226447,1,259,42506
fc1a1cd2d37a9100a80a496108f693ecebc59e14-dirty,3,pager,200,50,553,23135,180531,200,50,1442,49,180338,234923,1,238,39085
fc1a1cd2d37a9100a80a496108f693ecebc59e14-dirty,3,pager,200,50,554,23139,185147,200,50,1473,49,184954,239963,1,254,41703
fc1a1cd2d37a9100a80a496108f693ecebc59e14-dirty,3,pager,200,50,555,23172,184828,200,50,1494,49,184635,243361,1,201,33060
fc1a1cd2d37a9100a80a496108f693ecebc59e14-dirty,3,pager,200,50,556,23213,183873,200,50,1490,49,183680,242662,1,201,33060
fc1a1cd2d37a9100a80a496108f693ecebc59e14-dirty,3,pager,200,50,557,23255,191822,200,50,1530,49,191629,249135,1,247,40550
fc1a1cd2d37a9100a80a496108f693ecebc59e14-dirty,3,pager,200,50,558,23296,197069,200,50,1572,49,196876,255917,1,241,39575
fc1a1cd2d37a9100a80a496108f693ecebc59e14-dirty,3,pager,200,50,559,23373,196909,200,50,1587,49,196716,258317,1,225,36970
fc1a1cd2d37a9100a80a496108f693ecebc59e14-dirty,3,pager,200,50,560,23377,203586,200,50,1608,49,203393,261757,1,244,40064
fc1a1cd2d37a9100a80a496108f693ecebc59e14-dirty,3,pager,200,50,561,23455,207402,200,50,1647,49,207209,268113,1,228,37459
fc1a1cd2d37a9100a80a496108f693ecebc59e14-dirty,3,pager,200,50,562,23459,215829,200,50,1697,49,215636,276261,1,252,41368
fc1a1cd2d37a9100a80a496108f693ecebc59e14-dirty,3,pager,200,50,563,23533,219009,200,50,1749,49,218816,284675,1,221,36318
fc1a1cd2d37a9100a80a496108f693ecebc59e14-dirty,3,pager,200,50,564,23538,212490,200,50,1729,49,212297,281397,1,207,34033
fc1a1cd2d37a9100a80a496108f693ecebc59e14-dirty,3,pager,200,50,565,23575,207084,200,50,1696,49,206891,276049,1,220,36155
fc1a1cd2d37a9100a80a496108f693ecebc59e14-dirty,3,pager,200,50,566,23616,199292,200,50,1665,49,199099,271015,1,202,33222
fc1a1cd2d37a9100a80a496108f693ecebc59e14-dirty,3,pager,200,50,567,23692,191818,200,50,1622,49,191625,264022,1,201,33060
fc1a1cd2d37a9100a80a496108f693ecebc59e14-dirty,3,pager,200,50,568,23696,180846,200,50,1561,49,180653,254139,1,201,33060
fc1a1cd2d37a9100a80a496108f693ecebc59e14-dirty,3,pager,200,50,569,23734,190704,200,50,1555,49,190511,253199,1,260,42669
fc1a1cd2d37a9100a80a496108f693ecebc59e14-dirty,3,pager,200,50,570,23775,192612,200,50,1611,49,192419,262294,1,212,34848
fc1a1cd2d37a9100a80a496108f693ecebc59e14-dirty,3,pager,200,50,571,23812,204537,200,50,1690,49,204344,275122,1,278,45609
fc1a1cd2d37a9100a80a496108f693ecebc59e14-dirty,3,pager,200,50,572,23853,213441,200,50,1745,49,213248,284044,1,257,42186
fc1a1cd2d37a9100a80a496108f693ecebc59e14-dirty,3,pager,200,50,573,23894,209784,200,50,1722,49,209591,280361,1,247,40556
fc1a1cd2d37a9100a80a496108f693ecebc59e14-dirty,3,pager,200,50,574,23936,215031,200,50,1700,49,214838,276845,1,261,42838
fc1a1cd2d37a9100a80a496108f693ecebc59e14-dirty,3,pager,200,50,575,24013,211533,200,50,1737,49,211340,282871,1,202,33222
fc1a1cd2d37a9100a80a496108f693ecebc59e14-dirty,3,pager,200,50,576,24017,207558,200,50,1708,49,207365,278148,1,201,33060
fc1a1cd2d37a9100a80a496108f693ecebc59e14-dirty,3,pager,200,50,577,24054,207399,200,50,1682,49,207206,273903,1,201,33060
fc1a1cd2d37a9100a80a496108f693ecebc59e14-dirty,3,pager,200,50,578,24096,213441,200,50,1719,49,213248,279875,1,238,39083
fc1a1cd2d37a9100a80a496108f693ecebc59e14-dirty,3,pager,200,50,579,24137,210897,200,50,1737,49,210704,282777,1,206,33870
fc1a1cd2d37a9100a80a496108f693ecebc59e14-dirty,3,pager,200,50,580,24173,209307,200,50,1729,49,209114,281504,1,218,35829
fc1a1cd2d37a9100a80a496108f693ecebc59e14-dirty,3,pager,200,50,581,24214,206127,200,50,1705,49,205934,277640,1,223,36644
fc1a1cd2d37a9100a80a496108f693ecebc59e14-dirty,3,pager,200,50,582,24297,209466,200,50,1662,49,209273,270677,1,223,36644
fc1a1cd2d37a9100a80a496108f693ecebc59e14-dirty,3,pager,200,50,583,24301,215349,200,50,1698,49,215156,276499,1,239,39252
fc1a1cd2d37a9100a80a496108f693ecebc59e14-dirty,3,pager,200,50,584,24373,222027,200,50,1740,49,221834,283291,1,243,39904
fc1a1cd2d37a9100a80a496108f693ecebc59e14-dirty,3,pager,200,50,585,24378,224253,200,50,1759,49,224060,286364,1,256,42023
fc1a1cd2d37a9100a80a496108f693ecebc59e14-dirty,3,pager,200,50,586,24416,224094,200,50,1779,49,223901,289601,1,237,38926
fc1a1cd2d37a9100a80a496108f693ecebc59e14-dirty,3,pager,200,50,587,24457,224889,200,50,1781,49,224696,289944,1,245,40230
fc1a1cd2d37a9100a80a496108f693ecebc59e14-dirty,3,pager,200,50,588,24493,223139,200,50,1770,49,222946,288178,1,243,39904
fc1a1cd2d37a9100a80a496108f693ecebc59e14-dirty,3,pager,200,50,589,24535,230453,200,50,1766,49,230260,287575,1,249,40882
fc1a1cd2d37a9100a80a496108f693ecebc59e14-dirty,3,pager,200,50,590,24578,230453,200,50,1813,49,230260,295236,1,202,33222
fc1a1cd2d37a9100a80a496108f693ecebc59e14-dirty,3,pager,200,50,591,24617,230453,200,50,1813,49,230260,295179,1,201,33060
fc1a1cd2d37a9100a80a496108f693ecebc59e14-dirty,3,pager,200,50,592,24694,230453,200,50,1813,49,230260,295118,1,201,33060
fc1a1cd2d37a9100a80a496108f693ecebc59e14-dirty,3,pager,200,50,593,24698,228704,200,50,1805,49,228511,293803,1,241,39572
fc1a1cd2d37a9100a80a496108f693ecebc59e14-dirty,3,pager,200,50,594,24735,223775,200,50,1791,49,223582,291522,1,212,34848
fc1a1cd2d37a9100a80a496108f693ecebc59e14-dirty,3,pager,200,50,595,24815,219635,200,50,1766,49,219442,287506,1,239,39252
fc1a1cd2d37a9100a80a496108f693ecebc59e14-dirty,3,pager,200,50,596,24819,220113,200,50,1736,49,219920,282638,1,211,34690
fc1a1cd2d37a9100a80a496108f693ecebc59e14-dirty,3,pager,200,50,597,24896,218206,200,50,1723,49,218013,280501,1,213,35016
fc1a1cd2d37a9100a80a496108f693ecebc59e14-dirty,3,pager,200,50,598,24901,219956,200,50,1710,49,219763,278370,1,212,34853
fc1a1cd2d37a9100a80a496108f693ecebc59e14-dirty,3,pager,200,50,599,24974,220274,200,50,1721,49,220081,280120,1,203,33384
fc1a1cd2d37a9100a80a496108f693ecebc59e14-dirty,3,pager,200,50,600,24979,228860,200,50,1774,49,228667,288715,1,255,41860
fc1a1cd2d37a9100a80a496108f693ecebc59e14-dirty,3,pager,200,50,601,25057,229019,200,50,1761,49,228826,286612,1,262,43001
fc1a1cd2d37a9100a80a496108f693ecebc59e14-dirty,3,pager,200,50,602,25062,227271,200,50,1761,49,227078,286628,1,225,36972
fc1a1cd2d37a9100a80a496108f693ecebc59e14-dirty,3,pager,200,50,603,25093,217884,200,50,1726,49,217691,280958,1,202,33222
fc1a1cd2d37a9100a80a496108f693ecebc59e14-dirty,3,pager,200,50,604,25175,224244,200,50,1713,49,224051,278872,1,242,39741
fc1a1cd2d37a9100a80a496108f693ecebc59e14-dirty,3,pager,200,50,605,25181,224562,200,50,1754,49,224369,285534,1,202,33222
fc1a1cd2d37a9100a80a496108f693ecebc59e14-dirty,3,pager,200,50,606,25253,216453,200,50,1709,49,216260,278251,1,201,33060
fc1a1cd2d37a9100a80a496108f693ecebc59e14-dirty,3,pager,200,50,607,25258,209775,200,50,1662,49,209582,270645,1,201,33060
fc1a1cd2d37a9100a80a496108f693ecebc59e14-dirty,3,pager,200,50,608,25294,209457,200,50,1643,49,209264,267523,1,221,36311
fc1a1cd2d37a9100a80a496108f693ecebc59e14-dirty,3,pager,200,50,609,25335,204687,200,50,1619,49,204494,263593,1,215,35334
fc1a1cd2d37a9100a80a496108f693ecebc59e14-dirty,3,pager,200,50,610,25377,202620,200,50,1588,49,202427,258499,1,212,34848
fc1a1cd2d37a9100a80a496108f693ecebc59e14-dirty,3,pager,200,50,611,25413,195942,200,50,1538,49,195749,250348,1,212,34848
fc1a1cd2d37a9100a80a496108f693ecebc59e14-dirty,3,pager,200,50,612,25454,192921,200,50,1497,49,192728,243681,1,201,33060
fc1a1cd2d37a9100a80a496108f693ecebc59e14-dirty,3,pager,200,50,613,25536,191490,200,50,1475,49,191297,240083,1,201,33060
fc1a1cd2d37a9100a80a496108f693ecebc59e14-dirty,3,pager,200,50,614,25541,190854,200,50,1466,49,190661,238573,1,213,35008
fc1a1cd2d37a9100a80a496108f693ecebc59e14-dirty,3,pager,200,50,615,25572,196737,200,50,1482,49,196544,241192,1,232,38108
fc1a1cd2d37a9100a80a496108f693ecebc59e14-dirty,3,pager,200,50,616,25614,197691,200,50,1511,49,197498,245917,1,206,33873
fc1a1cd2d37a9100a80a496108f693ecebc59e14-dirty,3,pager,200,50,617,25696,175912,200,50,1725,50,176053,280595,0,1725,280595
fc1a1cd2d37a9100a80a496108f693ecebc59e14-dirty,1,burst,200,50,1,8,176230,200,50,1,1,849,360,0,1,360
fc1a1cd2d37a9100a80a496108f693ecebc59e14-dirty,1,burst,200,50,2,146,176389,200,50,1,1,1008,360,0,1,360
fc1a1cd2d37a9100a80a496108f693ecebc59e14-dirty,1,burst,200,50,3,248,176548,200,50,1,1,1167,360,0,1,360
fc1a1cd2d37a9100a80a496108f693ecebc59e14-dirty,1,burst,200,50,4,349,176548,200,50,0,0,199,199,0,0,199
fc1a1cd2d37a9100a80a496108f693ecebc59e14-dirty,1,burst,200,50,5,445,176866,200,50,1,1,1485,360,0,1,360
fc1a1cd2d37a9100a80a496108f693ecebc59e14-dirty,1,burst,200,50,6,546,176866,200,50,0,0,199,199,0,0,199
fc1a1cd2d37a9100a80a496108f693ecebc59e14-dirty,1,burst,200,50,7,647,177184,200,50,1,1,1803,360,0,1,360
fc1a1cd2d37a9100a80a496108f693ecebc59e14-dirty,1,burst,200,50,8,707,177344,200,50,1,1,1963,361,0,1,361
fc1a1cd2d37a9100a80a496108f693ecebc59e14-dirty,1,burst,200,50,9,844,177344,200,50,1,1,1963,362,0,1,362
fc1a1cd2d37a9100a80a496108f693ecebc59e14-dirty,1,burst,200,50,10,905,177344,200,50,1,1,1963,362,0,1,362
fc1a1cd2d37a9100a80a496108f693ecebc59e14-dirty,1,burst,200,50,11,1048,177344,200,50,1,1,1963,362,0,1,362
fc1a1cd2d37a9100a80a496108f693ecebc59e14-dirty,1,burst,200,50,12,1108,177344,200,50,1,1,1963,362,0,1,362
fc1a1cd2d37a9100a80a496108f693ecebc59e14-dirty,1,burst,200,50,13,1204,177344,200,50,1,1,1963,362,0,1,362
fc1a1cd2d37a9100a80a496108f693ecebc59e14-dirty,1,burst,200,50,14,1304,39801,200,50,928,50,39942,150931,0,928,150931
fc1a1cd2d37a9100a80a496108f693ecebc59e14-dirty,1,burst,200,50,15,1311,38211,200,50,178,50,38352,28995,0,178,28995
fc1a1cd2d37a9100a80a496108f693ecebc59e14-dirty,1,burst,200,50,16,1318,46797,200,50,242,50,46938,39352,0,242,39352
fc1a1cd2d37a9100a80a496108f693ecebc59e14-dirty,1,burst,200,50,17,1325,46797,200,50,245,49,46763,39838,0,245,39838
fc1a1cd2d37a9100a80a496108f693ecebc59e14-dirty,1,burst,200,50,18,1331,46479,200,50,245,49,46445,39838,0,245,39838
fc1a1cd2d37a9100a80a496108f693ecebc59e14-dirty,1,burst,200,50,19,1339,55701,200,50,285,50,55842,46309,0,285,46309
fc1a1cd2d37a9100a80a496108f693ecebc59e14-dirty,1,burst,200,50,20,1346,54111,200,50,250,50,54252,40648,0,250,40648
fc1a1cd2d37a9100a80a496108f693ecebc59e14-dirty,1,burst,200,50,21,1354,53157,200,50,251,50,53298,40810,0,251,40810
fc1a1cd2d37a9100a80a496108f693ecebc59e14-dirty,1,burst,200,50,22,1361,54906,200,50,245,49,54872,39838,0,245,39838
fc1a1cd2d37a9100a80a496108f693ecebc59e14-dirty,1,burst,200,50,23,1368,53316,200,50,195,49,53282,31748,0,195,31748
fc1a1cd2d37a9100a80a496108f693ecebc59e14-dirty,1,burst,200,50,24,1376,52998,200,50,255,49,52964,41456,0,255,41456
fc1a1cd2d37a9100a80a496108f693ecebc59e14-dirty,1,burst,200,50,25,1383,53793,200,50,227,49,53759,36932,0,227,36932
fc1a1cd2d37a9100a80a496108f693ecebc59e14-dirty,1,burst,200,50,26,1390,52680,200,50,231,50,52821,37574,0,231,37574
fc1a1cd2d37a9100a80a496108f693ecebc59e14-dirty,1,burst,200,50,27,1397,54111,200,50,250,50,54252,40648,0,250,40648
fc1a1cd2d37a9100a80a496108f693ecebc59e14-dirty,1,burst,200,50,28,1404,45366,200,50,202,50,45507,32882,0,202,32882
fc1a1cd2d37a9100a80a496108f693ecebc59e14-dirty,1,burst,200,50,29,1412,53157,200,50,294,49,53123,47766,0,294,47766
fc1a1cd2d37a9100a80a496108f693ecebc59e14-dirty,1,burst,200,50,30,1419,53157,200,50,245,49,53123,39838,0,245,39838
fc1a1cd2d37a9100a80a496108f693ecebc59e14-dirty,1,burst,200,50,31,1426,52203,200,50,245,49,52169,39838,0,245,39838
fc1a1cd2d37a9100a80a496108f693ecebc59e14-dirty,1,burst,200,50,32,1434,54747,200,50,245,49,54713,39838,0,245,39838
fc1a1cd2d37a9100a80a496108f693ecebc59e14-dirty,1,burst,200,50,33,1441,53316,200,50,274,49,53282,44536,0,274,44536
fc1a1cd2d37a9100a80a496108f693ecebc59e14-dirty,1,burst,200,50,34,1455,53952,200,50,202,50,54093,32882,0,202,32882
fc1a1cd2d37a9100a80a496108f693ecebc59e14-dirty,1,burst,200,50,35,1458,39801,200,50,250,50,39942,40648,0,250,40648
fc1a1cd2d37a9100a80a496108f693ecebc59e14-dirty,1,burst,200,50,36,1470,46797,200,50,202,50,46938,32882,0,202,32882
fc1a1cd2d37a9100a80a496108f693ecebc59e14-dirty,1,burst,200,50,37,1473,53157,200,50,201,49,53123,32719,0,201,32719
fc1a1cd2d37a9100a80a496108f693ecebc59e14-dirty,1,burst,200,50,38,1477,54588,200,50,300,50,54729,48738,0,300,48738
fc1a1cd2d37a9100a80a496108f693ecebc59e14-dirty,1,burst,200,50,39,1485,54747,200,50,251,50,54888,40810,0,251,40810
fc1a1cd2d37a9100a80a496108f693ecebc59e14-dirty,1,burst,200,50,40,1492,45525,200,50,245,49,45491,39838,0,245,39838
fc1a1cd2d37a9100a80a496108f693ecebc59e14-dirty,1,burst,200,50,41,1499,47751,200,50,246,50,47892,40001,0,246,40001
fc1a1cd2d37a9100a80a496108f693ecebc59e14-dirty,1,burst,200,50,42,1506,46161,200,50,250,50,46302,40648,0,250,40648
fc1a1cd2d37a9100a80a496108f693ecebc59e14-dirty,1,burst,200,50,43,1513,53157,200,50,300,50,53298,48738,0,300,48738
fc1a1cd2d37a9100a80a496108f693ecebc59e14-dirty,1,burst,200,50,44,1521,55860,200,50,251,50,56001,40810,0,251,40810
fc1a1cd2d37a9100a80a496108f693ecebc59e14-dirty,1,burst,200,50,45,1528,46161,200,50,200,50,46302,32558,0,200,32558
fc1a1cd2d37a9100a80a496108f693ecebc59e14-dirty,1,burst,200,50,46,1535,52998,200,50,251,50,53139,40810,0,251,40810
fc1a1cd2d37a9100a80a496108f693ecebc59e14-dirty,1,burst,200,50,47,1543,53952,200,50,299,50,54093,48576,0,299,48576
fc1a1cd2d37a9100a80a496108f693ecebc59e14-dirty,1,burst,200,50,48,1550,54111,200,50,250,50,54252,40648,0,250,40648
fc1a1cd2d37a9100a80a496108f693ecebc59e14-dirty,1,burst,200,50,49,1557,53316,200,50,202,50,53457,32882,0,202,32882
fc1a1cd2d37a9100a80a496108f693ecebc59e14-dirty,1,burst,200,50,50,1579,54747,200,50,245,49,54713,39838,0,245,39838
fc1a1cd2d37a9100a80a496108f693ecebc59e14-dirty,1,burst,200,50,51,1582,55542,200,50,211,50,55683,34338,0,211,34338
fc1a1cd2d37a9100a80a496108f693ecebc59e14-dirty,1,burst,200,50,52,1584,52998,200,50,300,50,53139,48738,0,300,48738
fc1a1cd2d37a9100a80a496108f693ecebc59e14-dirty,1,burst,200,50,53,1587,53157,200,50,251,50,53298,40810,0,251,40810
fc1a1cd2d37a9100a80a496108f693ecebc59e14-dirty,1,burst,200,50,54,1594,52998,200,50,245,49,52964,39838,0,245,39838
fc1a1cd2d37a9100a80a496108f693ecebc59e14-dirty,1,burst,200,50,55,1601,54270,200,50,245,49,54236,39838,0,245,39838
fc1a1cd2d37a9100a80a496108f693ecebc59e14-dirty,1,burst,200,50,56,1609,54588,200,50,284,49,54554,46148,0,284,46148
fc1a1cd2d37a9100a80a496108f693ecebc59e14-dirty,1,burst,200,50,57,1616,54747,200,50,235,49,54713,38220,0,235,38220
fc1a1cd2d37a9100a80a496108f693ecebc59e14-dirty,1,burst,200,50,58,1624,54270,200,50,251,50,54411,40810,0,251,40810
fc1a1cd2d37a9100a80a496108f693ecebc59e14-dirty,1,burst,200,50,59,1631,52680,200,50,250,50,52821,40648,0,250,40648
fc1a1cd2d37a9100a80a496108f693ecebc59e14-dirty,1,burst,200,50,60,1638,46638,200,50,251,50,46779,40810,0,251,40810
fc1a1cd2d37a9100a80a496108f693ecebc59e14-dirty,1,burst,200,50,61,1646,53316,200,50,338,49,53282,54884,0,338,54884
fc1a1cd2d37a9100a80a496108f693ecebc59e14-dirty,1,burst,200,50,62,1654,55065,200,50,252,50,55206,40972,0,252,40972
fc1a1cd2d37a9100a80a496108f693ecebc59e14-dirty,1,burst,200,50,63,1661,52998,200,50,252,50,53139,40972,0,252,40972
fc1a1cd2d37a9100a80a496108f693ecebc59e14-dirty,1,burst,200,50,64,1670,53952,200,50,252,50,54093,40972,0,252,40972
fc1a1cd2d37a9100a80a496108f693ecebc59e14-dirty,1,burst,200,50,65,1679,45525,200,50,301,50,45666,48900,0,301,48900
fc1a1cd2d37a9100a80a496108f693ecebc59e14-dirty,1,burst,200,50,66,1686,47910,200,50,242,50,48051,39354,0,242,39354
fc1a1cd2d37a9100a80a496108f693ecebc59e14-dirty,1,burst,200,50,67,1694,55860,200,50,250,50,56001,40648,0,250,40648
fc1a1cd2d37a9100a80a496108f693ecebc59e14-dirty,1,burst,200,50,68,1702,54111,200,50,205,50,54252,33367,0,205,33367
fc1a1cd2d37a9100a80a496108f693ecebc59e14-dirty,1,burst,200,50,69,1710,54588,200,50,252,50,54729,40972,0,252,40972
fc1a1cd2d37a9100a80a496108f693ecebc59e14-dirty,1,burst,200,50,70,1719,61902,200,50,282,50,62043,45822,0,282,45822
fc1a1cd2d37a9100a80a496108f693ecebc59e14-dirty,1,burst,200,50,71,1727,55701,200,50,240,50,55842,39030,0,240,39030
fc1a1cd2d37a9100a80a496108f693ecebc59e14-dirty,1,burst,200,50,72,1735,61107,200,50,203,50,61248,33044,0,203,33044
fc1a1cd2d37a9100a80a496108f693ecebc59e14-dirty,1,burst,200,50,73,1743,62697,200,50,245,49,62663,39838,0,245,39838
fc1a1cd2d37a9100a80a496108f693ecebc59e14-dirty,1,burst,200,50,74,1758,62538,200,50,294,49,62504,47766,0,294,47766
fc1a1cd2d37a9100a80a496108f693ecebc59e14-dirty,1,burst,200,50,75,1761,62538,200,50,147,49,62504,23982,0,147,23982
fc1a1cd2d37a9100a80a496108f693ecebc59e14-dirty,1,burst,200,50,76,1766,60948,200,50,245,49,60914,39838,0,245,39838
fc1a1cd2d37a9100a80a496108f693ecebc59e14-dirty,1,burst,200,50,77,1774,63492,200,50,252,50,63633,40972,0,252,40972
fc1a1cd2d37a9100a80a496108f693ecebc59e14-dirty,1,burst,200,50,78,1781,52362,200,50,252,50,52503,40972,0,252,40972
fc1a1cd2d37a9100a80a496108f693ecebc59e14-dirty,1,burst,200,50,79,1789,63492,200,50,283,50,63633,45992,0,283,45992
fc1a1cd2d37a9100a80a496108f693ecebc59e14-dirty,1,burst,200,50,80,1797,62697,200,50,252,50,62838,40972,0,252,40972
fc1a1cd2d37a9100a80a496108f693ecebc59e14-dirty,1,burst,200,50,81,1820,60153,200,50,208,50,60294,33854,0,208,33854
fc1a1cd2d37a9100a80a496108f693ecebc59e14-dirty,1,burst,200,50,82,1822,55701,200,50,220,50,55842,35794,0,220,35794
fc1a1cd2d37a9100a80a496108f693ecebc59e14-dirty,1,burst,200,50,83,1825,54588,200,50,218,50,54729,35474,0,218,35474
fc1a1cd2d37a9100a80a496108f693ecebc59e14-dirty,1,burst,200,50,84,1843,61107,200,50,294,49,61073,47766,0,294,47766
fc1a1cd2d37a9100a80a496108f693ecebc59e14-dirty,1,burst,200,50,85,1846,54747,200,50,245,49,54713,39838,0,245,39838
fc1a1cd2d37a9100a80a496108f693ecebc59e14-dirty,1,burst,200,50,86,1849,45525,200,50,221,49,45491,35955,0,221,35955
fc1a1cd2d37a9100a80a496108f693ecebc59e14-dirty,1,burst,200,50,87,1851,54747,200,50,245,49,54713,39838,0,245,39838
fc1a1cd2d37a9100a80a496108f693ecebc59e14-dirty,1,burst,200,50,88,1858,61902,200,50,301,50,62043,48900,0,301,48900
fc1a1cd2d37a9100a80a496108f693ecebc59e14-dirty,1,burst,200,50,89,1882,62697,200,50,249,50,62838,40486,0,249,40486
fc1a1cd2d37a9100a80a496108f693ecebc59e14-dirty,1,burst,200,50,90,1884,54747,200,50,245,49,54713,39838,0,245,39838
fc1a1cd2d37a9100a80a496108f693ecebc59e14-dirty,1,burst,200,50,91,1887,47910,200,50,196,49,47876,31910,0,196,31910
fc1a1cd2d37a9100a80a496108f693ecebc59e14-dirty,1,burst,200,50,92,1890,52998,200,50,274,49,52964,44530,0,274,44530
fc1a1cd2d37a9100a80a496108f693ecebc59e14-dirty,1,burst,200,50,93,1897,54906,200,50,245,49,54872,39838,0,245,39838
fc1a1cd2d37a9100a80a496108f693ecebc59e14-dirty,1,burst,200,50,94,1920,62379,200,50,196,49,62345,31910,0,196,31910
fc1a1cd2d37a9100a80a496108f693ecebc59e14-dirty,1,burst,200,50,95,1923,59358,200,50,147,49,59324,23982,0,147,23982
fc1a1cd2d37a9100a80a496108f693ecebc59e14-dirty,1,burst,200,50,96,1926,61107,200,50,245,49,61073,39838,0,245,39838
fc1a1cd2d37a9100a80a496108f693ecebc59e14-dirty,1,burst,200,50,97,1929,51726,200,50,294,49,51692,47766,0,294,47766
fc1a1cd2d37a9100a80a496108f693ecebc59e14-dirty,1,burst,200,50,98,1935,54747,200,50,220,49,54713,35793,0,220,35793
fc1a1cd2d37a9100a80a496108f693ecebc59e14-dirty,1,burst,200,50,99,1943,53316,200,50,236,49,53282,38380,0,236,38380
fc1a1cd2d37a9100a80a496108f693ecebc59e14-dirty,1,burst,200,50,100,1951,49659,200,50,190,50,49800,30948,0,190,30948
fc1a1cd2d37a9100a80a496108f693ecebc59e14-dirty,1,burst,200,50,101,1958,55542,200,50,156,50,55683,25439,0,156,25439
fc1a1cd2d37a9100a80a496108f693ecebc59e14-dirty,1,burst,200,50,102,1966,62220,200,50,288,50,62361,46804,0,288,46804
fc1a1cd2d37a9100a80a496108f693ecebc59e14-dirty,1,burst,200,50,103,1974,55542,200,50,250,50,55683,40648,0,250,40648
fc1a1cd2d37a9100a80a496108f693ecebc59e14-dirty,1,burst,200,50,104,1982,54111,200,50,252,50,54252,40972,0,252,40972
fc1a1cd2d37a9100a80a496108f693ecebc59e14-dirty,1,burst,200,50,105,1989,62697,200,50,196,49,62663,31910,0,196,31910
fc1a1cd2d37a9100a80a496108f693ecebc59e14-dirty,1,burst,200,50,106,1997,54270,200,50,343,49,54236,55694,0,343,55694
fc1a1cd2d37a9100a80a496108f693ecebc59e14-dirty,1,burst,200,50,107,2012,63651,200,50,252,50,63792,40972,0,252,40972
fc1a1cd2d37a9100a80a496108f693ecebc59e14-dirty,1,burst,200,50,108,2016,62061,200,50,250,50,62202,40648,0,250,40648
fc1a1cd2d37a9100a80a496108f693ecebc59e14-dirty,1,burst,200,50,109,2036,61584,200,50,252,50,61725,40972,0,252,40972
fc1a1cd2d37a9100a80a496108f693ecebc59e14-dirty,1,burst,200,50,110,2039,61107,200,50,196,49,61073,31910,0,196,31910
fc1a1cd2d37a9100a80a496108f693ecebc59e14-dirty,1,burst,200,50,111,2042,54747,200,50,294,49,54713,47766,0,294,47766
fc1a1cd2d37a9100a80a496108f693ecebc59e14-dirty,1,burst,200,50,112,2051,63492,200,50,155,50,63633,25278,0,155,25278
fc1a1cd2d37a9100a80a496108f693ecebc59e14-dirty,1,burst,200,50,113,2054,61902,200,50,236,50,62043,38381,0,236,38381
fc1a1cd2d37a9100a80a496108f693ecebc59e14-dirty,1,burst,200,50,114,2074,62538,200,50,252,50,62679,40972,0,252,40972
fc1a1cd2d37a9100a80a496108f693ecebc59e14-dirty,1,burst,200,50,115,2076,54111,200,50,261,50,54252,42428,0,261,42428
fc1a1cd2d37a9100a80a496108f693ecebc59e14-dirty,1,burst,200,50,116,2079,46956,200,50,252,50,47097,40972,0,252,40972
fc1a1cd2d37a9100a80a496108f693ecebc59e14-dirty,1,burst,200,50,117,2082,54747,200,50,221,49,54713,35955,0,221,35955
fc1a1cd2d37a9100a80a496108f693ecebc59e14-dirty,1,burst,200,50,118,2089,54111,200,50,252,50,54252,40972,0,252,40972
fc1a1cd2d37a9100a80a496108f693ecebc59e14-dirty,1,burst,200,50,119,2097,53952,200,50,246,50,54093,40000,0,246,40000
fc1a1cd2d37a9100a80a496108f693ecebc59e14-dirty,1,burst,200,50,120,2104,62538,200,50,262,50,62679,42590,0,262,42590
fc1a1cd2d37a9100a80a496108f693ecebc59e14-dirty,1,burst,200,50,121,2112,55542,200,50,220,50,55683,35788,0,220,35788
fc1a1cd2d37a9100a80a496108f693ecebc59e14-dirty,1,burst,200,50,122,2120,63651,200,50,238,50,63792,38714,0,238,38714
fc1a1cd2d37a9100a80a496108f693ecebc59e14-dirty,1,burst,200,50,123,2128,63810,200,50,250,50,63951,40648,0,250,40648
fc1a1cd2d37a9100a80a496108f693ecebc59e14-dirty,1,burst,200,50,124,2146,62697,200,50,203,50,62838,33044,0,203,33044
fc1a1cd2d37a9100a80a496108f693ecebc59e14-dirty,1,burst,200,50,125,2149,60948,200,50,196,49,60914,31910,0,196,31910
fc1a1cd2d37a9100a80a496108f693ecebc59e14-dirty,1,burst,200,50,126,2154,62379,200,50,245,49,62345,39838,0,245,39838
fc1a1cd2d37a9100a80a496108f693ecebc59e14-dirty,1,burst,200,50,127,2162,58563,200,50,210,49,58529,34178,0,210,34178
fc1a1cd2d37a9100a80a496108f693ecebc59e14-dirty,1,burst,200,50,128,2170,62379,200,50,259,49,62345,42106,0,259,42106
fc1a1cd2d37a9100a80a496108f693ecebc59e14-dirty,1,burst,200,50,129,2177,61584,200,50,220,49,61550,35793,0,220,35793
fc1a1cd2d37a9100a80a496108f693ecebc59e14-dirty,1,burst,200,50,130,2185,62061,200,50,252,50,62202,40972,0,252,40972
fc1a1cd2d37a9100a80a496108f693ecebc59e14-dirty,1,burst,200,50,131,2193,63651,200,50,250,50,63792,40648,0,250,40648
fc1a1cd2d37a9100a80a496108f693ecebc59e14-dirty,1,burst,200,50,132,2201,60948,200,50,218,50,61089,35471,0,218,35471
fc1a1cd2d37a9100a80a496108f693ecebc59e14-dirty,1,burst,200,50,133,2209,63651,200,50,301,50,63792,48900,0,301,48900
fc1a1cd2d37a9100a80a496108f693ecebc59e14-dirty,1,burst,200,50,134,2216,62538,200,50,252,50,62679,40972,0,252,40972
fc1a1cd2d37a9100a80a496108f693ecebc59e14-dirty,1,burst,200,50,135,2224,63492,200,50,252,50,63633,40972,0,252,40972
fc1a1cd2d37a9100a80a496108f693ecebc59e14-dirty,1,burst,200,50,136,2232,62697,200,50,252,50,62838,40972,0,252,40972
fc1a1cd2d37a9100a80a496108f693ecebc59e14-dirty,1,burst,200,50,137,2248,62379,200,50,294,49,62345,47766,0,294,47766
fc1a1cd2d37a9100a80a496108f693ecebc59e14-dirty,1,burst,200,50,138,2250,61902,200,50,252,50,62043,40972,0,252,40972
fc1a1cd2d37a9100a80a496108f693ecebc59e14-dirty,1,burst,200,50,139,2255,63810,200,50,250,50,63951,40648,0,250,40648
fc1a1cd2d37a9100a80a496108f693ecebc59e14-dirty,1,burst,200,50,140,2271,53157,200,50,252,50,53298,40972,0,252,40972
fc1a1cd2d37a9100a80a496108f693ecebc59e14-dirty,1,burst,200,50,141,2275,62220,200,50,238,49,62186,38704,0,238,38704
fc1a1cd2d37a9100a80a496108f693ecebc59e14-dirty,1,burst,200,50,142,2278,62220,200,50,252,49,62186,40972,0,252,40972
fc1a1cd2d37a9100a80a496108f693ecebc59e14-dirty,1,burst,200,50,143,2286,53952,200,50,242,50,54093,39354,0,242,39354
fc1a1cd2d37a9100a80a496108f693ecebc59e14-dirty,1,burst,200,50,144,2301,61743,200,50,252,50,61884,40972,0,252,40972
fc1a1cd2d37a9100a80a496108f693ecebc59e14-dirty,1,burst,200,50,145,2304,60789,200,50,245,49,60755,39838,0,245,39838
fc1a1cd2d37a9100a80a496108f693ecebc59e14-dirty,1,burst,200,50,146,2309,61902,200,50,252,50,62043,40972,0,252,40972
fc1a1cd2d37a9100a80a496108f693ecebc59e14-dirty,1,burst,200,50,147,2316,62220,200,50,250,50,62361,40648,0,250,40648
fc1a1cd2d37a9100a80a496108f693ecebc59e14-dirty,1,burst,200,50,148,2324,62220,200,50,250,50,62361,40648,0,250,40648
fc1a1cd2d37a9100a80a496108f693ecebc59e14-dirty,1,burst,200,50,149,2331,59835,200,50,245,50,59976,39845,0,245,39845
fc1a1cd2d37a9100a80a496108f693ecebc59e14-dirty,1,burst,200,50,150,2354,62379,200,50,154,49,62345,25109,0,154,25109
fc1a1cd2d37a9100a80a496108f693ecebc59e14-dirty,1,burst,200,50,151,2357,46161,200,50,252,50,46302,40972,0,252,40972
fc1a1cd2d37a9100a80a496108f693ecebc59e14-dirty,1,burst,200,50,152,2360,62220,200,50,350,50,62361,56828,0,350,56828
fc1a1cd2d37a9100a80a496108f693ecebc59e14-dirty,1,burst,200,50,153,2363,60948,200,50,252,50,61089,40972,0,252,40972
fc1a1cd2d37a9100a80a496108f693ecebc59e14-dirty,1,burst,200,50,154,2371,62061,200,50,194,50,62202,31588,0,194,31588
fc1a1cd2d37a9100a80a496108f693ecebc59e14-dirty,1,burst,200,50,155,2379,54906,200,50,252,50,55047,40972,0,252,40972
fc1a1cd2d37a9100a80a496108f693ecebc59e14-dirty,1,burst,200,50,156,2387,46479,200,50,301,50,46620,48900,0,301,48900
fc1a1cd2d37a9100a80a496108f693ecebc59e14-dirty,1,burst,200,50,157,2410,61107,200,50,252,50,61248,40972,0,252,40972
fc1a1cd2d37a9100a80a496108f693ecebc59e14-dirty,1,burst,200,50,158,2413,61107,200,50,245,49,61073,39838,0,245,39838
fc1a1cd2d37a9100a80a496108f693ecebc59e14-dirty,1,burst,200,50,159,2416,63810,200,50,247,50,63951,40163,0,247,40163
fc1a1cd2d37a9100a80a496108f693ecebc59e14-dirty,1,burst,200,50,160,2418,61743,200,50,252,50,61884,40972,0,252,40972
fc1a1cd2d37a9100a80a496108f693ecebc59e14-dirty,1,burst,200,50,161,2425,62061,200,50,267,50,62202,43399,0,267,43399
fc1a1cd2d37a9100a80a496108f693ecebc59e14-dirty,1,burst,200,50,162,2433,61743,200,50,218,50,61884,35471,0,218,35471
fc1a1cd2d37a9100a80a496108f693ecebc59e14-dirty,1,burst,200,50,163,2440,63651,200,50,252,50,63792,40972,0,252,40972
fc1a1cd2d37a9100a80a496108f693ecebc59e14-dirty,1,burst,200,50,164,2448,63810,200,50,232,50,63951,37732,0,232,37732
fc1a1cd2d37a9100a80a496108f693ecebc59e14-dirty,1,burst,200,50,165,2455,45366,200,50,301,50,45507,48900,0,301,48900
fc1a1cd2d37a9100a80a496108f693ecebc59e14-dirty,1,burst,200,50,166,2463,54588,200,50,214,49,54554,34816,0,214,34816
fc1a1cd2d37a9100a80a496108f693ecebc59e14-dirty,1,burst,200,50,167,2470,55701,200,50,203,50,55842,33044,0,203,33044
fc1a1cd2d37a9100a80a496108f693ecebc59e14-dirty,1,burst,200,50,168,2478,54588,200,50,252,50,54729,40972,0,252,40972
fc1a1cd2d37a9100a80a496108f693ecebc59e14-dirty,1,burst,200,50,169,2485,54111,200,50,252,50,54252,40972,0,252,40972
fc1a1cd2d37a9100a80a496108f693ecebc59e14-dirty,1,burst,200,50,170,2493,62061,200,50,300,50,62202,48738,0,300,48738
fc1a1cd2d37a9100a80a496108f693ecebc59e14-dirty,1,burst,200,50,171,2500,62379,200,50,200,50,62520,32558,0,200,32558
fc1a1cd2d37a9100a80a496108f693ecebc59e14-dirty,1,burst,200,50,172,2509,53316,200,50,252,50,53457,40972,0,252,40972
fc1a1cd2d37a9100a80a496108f693ecebc59e14-dirty,1,burst,200,50,173,2516,62538,200,50,245,49,62504,39838,0,245,39838
fc1a1cd2d37a9100a80a496108f693ecebc59e14-dirty,1,burst,200,50,174,2533,63651,200,50,252,50,63792,40972,0,252,40972
fc1a1cd2d37a9100a80a496108f693ecebc59e14-dirty,1,burst,200,50,175,2536,62538,200,50,301,50,62679,48900,0,301,48900
fc1a1cd2d37a9100a80a496108f693ecebc59e14-dirty,1,burst,200,50,176,2541,62379,200,50,196,49,62345,31910,0,196,31910
fc1a1cd2d37a9100a80a496108f693ecebc59e14-dirty,1,burst,200,50,177,2548,54747,200,50,231,49,54713,37573,0,231,37573
fc1a1cd2d37a9100a80a496108f693ecebc59e14-dirty,1,burst,200,50,178,2556,53316,200,50,245,49,53282,39838,0,245,39838
fc1a1cd2d37a9100a80a496108f693ecebc59e14-dirty,1,burst,200,50,179,2563,62061,200,50,163,50,62202,26572,0,163,26572
fc1a1cd2d37a9100a80a496108f693ecebc59e14-dirty,1,burst,200,50,180,2579,60948,200,50,296,50,61089,48091,0,296,48091
fc1a1cd2d37a9100a80a496108f693ecebc59e14-dirty,1,burst,200,50,181,2582,62697,200,50,245,49,62663,39838,0,245,39838
fc1a1cd2d37a9100a80a496108f693ecebc59e14-dirty,1,burst,200,50,182,2586,53316,200,50,245,49,53282,39838,0,245,39838
fc1a1cd2d37a9100a80a496108f693ecebc59e14-dirty,1,burst,200,50,183,2594,60789,200,50,245,49,60755,39838,0,245,39838
fc1a1cd2d37a9100a80a496108f693ecebc59e14-dirty,1,burst,200,50,184,2601,61902,200,50,245,49,61868,39838,0,245,39838
fc1a1cd2d37a9100a80a496108f693ecebc59e14-dirty,1,burst,200,50,185,2609,55701,200,50,245,49,55667,39838,0,245,39838
fc1a1cd2d37a9100a80a496108f693ecebc59e14-dirty,1,burst,200,50,186,2616,57132,200,50,194,49,57098,31589,0,194,31589
fc1a1cd2d37a9100a80a496108f693ecebc59e14-dirty,1,burst,200,50,187,2624,62379,200,50,232,49,62345,37732,0,232,37732
fc1a1cd2d37a9100a80a496108f693ecebc59e14-dirty,1,burst,200,50,188,2631,63492,200,50,252,50,63633,40972,0,252,40972
fc1a1cd2d37a9100a80a496108f693ecebc59e14-dirty,1,burst,200,50,189,2639,62538,200,50,154,50,62679,25116,0,154,25116
fc1a1cd2d37a9100a80a496108f693ecebc59e14-dirty,1,burst,200,50,190,2647,53316,200,50,245,49,53282,39838,0,245,39838
fc1a1cd2d37a9100a80a496108f693ecebc59e14-dirty,1,burst,200,50,191,2654,62538,200,50,196,49,62504,31910,0,196,31910
fc1a1cd2d37a9100a80a496108f693ecebc59e14-dirty,1,burst,200,50,192,2661,62538,200,50,245,49,62504,39838,0,245,39838
fc1a1cd2d37a9100a80a496108f693ecebc59e14-dirty,1,burst,200,50,193,2669,45525,200,50,245,49,45491,39838,0,245,39838
fc1a1cd2d37a9100a80a496108f693ecebc59e14-dirty,1,burst,200,50,194,2676,60948,200,50,294,49,60914,47766,0,294,47766
fc1a1cd2d37a9100a80a496108f693ecebc59e14-dirty,1,burst,200,50,195,2694,63651,200,50,154,50,63792,25116,0,154,25116
fc1a1cd2d37a9100a80a496108f693ecebc59e14-dirty,1,burst,200,50,196,2697,62220,200,50,225,50,62361,36603,0,225,36603
fc1a1cd2d37a9100a80a496108f693ecebc59e14-dirty,1,burst,200,50,197,2702,62379,200,50,215,50,62520,34985,0,215,34985
fc1a1cd2d37a9100a80a496108f693ecebc59e14-dirty,1,burst,200,50,198,2709,53157,200,50,252,50,53298,40972,0,252,40972
fc1a1cd2d37a9100a80a496108f693ecebc59e14-dirty,1,burst,200,50,199,2717,63810,200,50,301,50,63951,48900,0,301,48900
fc1a1cd2d37a9100a80a496108f693ecebc59e14-dirty,1,burst,200,50,200,2724,54747,200,50,164,50,54888,26734,0,164,26734
fc1a1cd2d37a9100a80a496108f693ecebc59e14-dirty,1,burst,200,50,201,2732,59835,200,50,245,49,59801,39838,0,245,39838
fc1a1cd2d37a9100a80a496108f693ecebc59e14-dirty,1,burst,200,50,202,2739,61584,200,50,245,49,61550,39838,0,245,39838
fc1a1cd2d37a9100a80a496108f693ecebc59e14-dirty,1,burst,200,50,203,2747,60948,200,50,196,49,60914,31910,0,196,31910
fc1a1cd2d37a9100a80a496108f693ecebc59e14-dirty,1,burst,200,50,204,2754,54588,200,50,279,49,54554,45339,0,279,45339
fc1a1cd2d37a9100a80a496108f693ecebc59e14-dirty,1,burst,200,50,205,2762,60948,200,50,172,49,60914,28027,0,172,28027
fc1a1cd2d37a9100a80a496108f693ecebc59e14-dirty,1,burst,200,50,206,2769,60789,200,50,216,49,60755,35146,0,216,35146
fc1a1cd2d37a9100a80a496108f693ecebc59e14-dirty,1,burst,200,50,207,2784,62220,200,50,203,50,62361,33044,0,203,33044
fc1a1cd2d37a9100a80a496108f693ecebc59e14-dirty,1,burst,200,50,208,2787,54906,200,50,252,50,55047,40972,0,252,40972
fc1a1cd2d37a9100a80a496108f693ecebc59e14-dirty,1,burst,200,50,209,2807,60948,200,50,245,49,60914,39838,0,245,39838
fc1a1cd2d37a9100a80a496108f693ecebc59e14-dirty,1,burst,200,50,210,2810,61107,200,50,245,49,61073,39838,0,245,39838
fc1a1cd2d37a9100a80a496108f693ecebc59e14-dirty,1,burst,200,50,211,2813,61107,200,50,240,49,61073,39029,0,240,39029
fc1a1cd2d37a9100a80a496108f693ecebc59e14-dirty,1,burst,200,50,212,2822,62061,200,50,201,49,62027,32719,0,201,32719
fc1a1cd2d37a9100a80a496108f693ecebc59e14-dirty,1,burst,200,50,213,2825,62697,200,50,289,49,62663,46957,0,289,46957
fc1a1cd2d37a9100a80a496108f693ecebc59e14-dirty,1,burst,200,50,214,2830,61425,200,50,245,49,61391,39838,0,245,39838
fc1a1cd2d37a9100a80a496108f693ecebc59e14-dirty,1,burst,200,50,215,2838,62379,200,50,196,49,62345,31910,0,196,31910
fc1a1cd2d37a9100a80a496108f693ecebc59e14-dirty,1,burst,200,50,216,2846,62538,200,50,245,49,62504,39838,0,245,39838
fc1a1cd2d37a9100a80a496108f693ecebc59e14-dirty,1,burst,200,50,217,2854,60948,200,50,245,49,60914,39838,0,245,39838
fc1a1cd2d37a9100a80a496108f693ecebc59e14-dirty,1,burst,200,50,218,2861,47592,200,50,301,50,47733,48900,0,301,48900
fc1a1cd2d37a9100a80a496108f693ecebc59e14-dirty,1,burst,200,50,219,2869,47115,200,50,252,50,47256,40972,0,252,40972
fc1a1cd2d37a9100a80a496108f693ecebc59e14-dirty,1,burst,200,50,220,2877,54588,200,50,196,49,54554,31910,0,196,31910
fc1a1cd2d37a9100a80a496108f693ecebc59e14-dirty,1,burst,200,50,221,2884,54747,200,50,245,49,54713,39838,0,245,39838
fc1a1cd2d37a9100a80a496108f693ecebc59e14-dirty,1,burst,200,50,222,2892,53316,200,50,215,49,53282,34984,0,215,34984
fc1a1cd2d37a9100a80a496108f693ecebc59e14-dirty,1,burst,200,50,223,2899,63492,200,50,252,50,63633,40972,0,252,40972
fc1a1cd2d37a9100a80a496108f693ecebc59e14-dirty,1,burst,200,50,224,2922,60948,200,50,252,50,61089,40972,0,252,40972
fc1a1cd2d37a9100a80a496108f693ecebc59e14-dirty,1,burst,200,50,225,2925,53793,200,50,211,49,53759,34337,0,211,34337
fc1a1cd2d37a9100a80a496108f693ecebc59e14-dirty,1,burst,200,50,226,2928,60471,200,50,252,50,60612,40972,0,252,40972
fc1a1cd2d37a9100a80a496108f693ecebc59e14-dirty,1,burst,200,50,227,2931,61902,200,50,300,50,62043,48738,0,300,48738
fc1a1cd2d37a9100a80a496108f693ecebc59e14-dirty,1,burst,200,50,228,2937,54429,200,50,203,50,54570,33044,0,203,33044
fc1a1cd2d37a9100a80a496108f693ecebc59e14-dirty,1,burst,200,50,229,2961,63651,200,50,252,50,63792,40972,0,252,40972
fc1a1cd2d37a9100a80a496108f693ecebc59e14-dirty,1,burst,200,50,230,2963,55542,200,50,250,50,55683,40648,0,250,40648
fc1a1cd2d37a9100a80a496108f693ecebc59e14-dirty,1,burst,200,50,231,2966,62220,200,50,215,50,62361,34988,0,215,34988
fc1a1cd2d37a9100a80a496108f693ecebc59e14-dirty,1,burst,200,50,232,2969,63651,200,50,222,50,63792,36122,0,222,36122
fc1a1cd2d37a9100a80a496108f693ecebc59e14-dirty,1,burst,200,50,233,2976,62220,200,50,250,50,62361,40648,0,250,40648
fc1a1cd2d37a9100a80a496108f693ecebc59e14-dirty,1,burst,200,50,234,2984,62061,200,50,200,50,62202,32558,0,200,32558
fc1a1cd2d37a9100a80a496108f693ecebc59e14-dirty,1,burst,200,50,235,2991,53793,200,50,203,50,53934,33044,0,203,33044
fc1a1cd2d37a9100a80a496108f693ecebc59e14-dirty,1,burst,200,50,236,2999,61107,200,50,245,49,61073,39838,0,245,39838
fc1a1cd2d37a9100a80a496108f693ecebc59e14-dirty,1,burst,200,50,237,3014,62538,200,50,301,50,62679,48900,0,301,48900
fc1a1cd2d37a9100a80a496108f693ecebc59e14-dirty,1,burst,200,50,238,3016,60948,200,50,159,50,61089,25925,0,159,25925
fc1a1cd2d37a9100a80a496108f693ecebc59e14-dirty,1,burst,200,50,239,3029,61107,200,50,245,49,61073,39838,0,245,39838
fc1a1cd2d37a9100a80a496108f693ecebc59e14-dirty,1,burst,200,50,240,3032,62538,200,50,245,49,62504,39838,0,245,39838
fc1a1cd2d37a9100a80a496108f693ecebc59e14-dirty,1,burst,200,50,241,3036,60948,200,50,225,49,60914,36598,0,225,36598
fc1a1cd2d37a9100a80a496108f693ecebc59e14-dirty,1,burst,200,50,242,3044,62697,200,50,294,49,62663,47766,0,294,47766
fc1a1cd2d37a9100a80a496108f693ecebc59e14-dirty,1,burst,200,50,243,3052,63810,200,50,252,50,63951,40972,0,252,40972
fc1a1cd2d37a9100a80a496108f693ecebc59e14-dirty,1,burst,200,50,244,3067,60789,200,50,249,50,60930,40489,0,249,40489
fc1a1cd2d37a9100a80a496108f693ecebc59e14-dirty,1,burst,200,50,245,3070,62220,200,50,252,50,62361,40972,0,252,40972
fc1a1cd2d37a9100a80a496108f693ecebc59e14-dirty,1,burst,200,50,246,3074,37416,200,50,253,50,37557,41134,0,253,41134
fc1a1cd2d37a9100a80a496108f693ecebc59e14-dirty,2,burst,200,50,1,2,37734,200,50,1,1,849,360,0,1,360
fc1a1cd2d37a9100a80a496108f693ecebc59e14-dirty,2,burst,200,50,2,103,37893,200,50,1,1,1008,360,0,1,360
fc1a1cd2d37a9100a80a496108f693ecebc59e14-dirty,2,burst,200,50,3,203,38052,200,50,1,1,1167,360,0,1,360
fc1a1cd2d37a9100a80a496108f693ecebc59e14-dirty,2,burst,200,50,4,304,38052,200,50,0,0,199,199,0,0,199
fc1a1cd2d37a9100a80a496108f693ecebc59e14-dirty,2,burst,200,50,5,405,38370,200,50,1,1,1485,360,0,1,360
fc1a1cd2d37a9100a80a496108f693ecebc59e14-dirty,2,burst,200,50,6,505,38370,200,50,0,0,199,199,0,0,199
fc1a1cd2d37a9100a80a496108f693ecebc59e14-dirty,2,burst,200,50,7,601,38688,200,50,1,1,1803,360,0,1,360
fc1a1cd2d37a9100a80a496108f693ecebc59e14-dirty,2,burst,200,50,8,701,38848,200,50,1,1,1963,361,0,1,361
fc1a1cd2d37a9100a80a496108f693ecebc59e14-dirty,2,burst,200,50,9,802,38848,200,50,1,1,1963,362,0,1,362
fc1a1cd2d37a9100a80a496108f693ecebc59e14-dirty,2,burst,200,50,10,903,38848,200,50,1,1,1963,362,0,1,362
fc1a1cd2d37a9100a80a496108f693ecebc59e14-dirty,2,burst,200,50,11,1003,38848,200,50,1,1,1963,362,0,1,362
fc1a1cd2d37a9100a80a496108f693ecebc59e14-dirty,2,burst,200,50,12,1104,38848,200,50,1,1,1963,362,0,1,362
fc1a1cd2d37a9100a80a496108f693ecebc59e14-dirty,2,burst,200,50,13,1205,38848,200,50,1,1,1963,362,0,1,362
fc1a1cd2d37a9100a80a496108f693ecebc59e14-dirty,2,burst,200,50,14,1306,39960,200,50,352,50,40101,57158,0,352,57158
fc1a1cd2d37a9100a80a496108f693ecebc59e14-dirty,2,burst,200,50,15,1313,47592,200,50,245,50,47733,39839,0,245,39839
fc1a1cd2d37a9100a80a496108f693ecebc59e14-dirty,2,burst,200,50,16,1320,45843,200,50,250,50,45984,40648,0,250,40648
fc1a1cd2d37a9100a80a496108f693ecebc59e14-dirty,2,burst,200,50,17,1326,36780,200,50,240,49,36746,39028,0,240,39028
fc1a1cd2d37a9100a80a496108f693ecebc59e14-dirty,2,burst,200,50,18,1333,45366,200,50,245,49,45332,39838,0,245,39838
fc1a1cd2d37a9100a80a496108f693ecebc59e14-dirty,2,burst,200,50,19,1339,46797,200,50,232,49,46763,37732,0,232,37732
fc1a1cd2d37a9100a80a496108f693ecebc59e14-dirty,2,burst,200,50,20,1346,54429,200,50,296,50,54570,48091,0,296,48091
fc1a1cd2d37a9100a80a496108f693ecebc59e14-dirty,2,burst,200,50,21,1353,54906,200,50,212,50,55047,34500,0,212,34500
fc1a1cd2d37a9100a80a496108f693ecebc59e14-dirty,2,burst,200,50,22,1360,49659,200,50,251,50,49800,40810,0,251,40810
fc1a1cd2d37a9100a80a496108f693ecebc59e14-dirty,2,burst,200,50,23,1367,54588,200,50,251,50,54729,40810,0,251,40810
fc1a1cd2d37a9100a80a496108f693ecebc59e14-dirty,2,burst,200,50,24,1373,55860,200,50,251,50,56001,40810,0,251,40810
fc1a1cd2d37a9100a80a496108f693ecebc59e14-dirty,2,burst,200,50,25,1380,52521,200,50,250,50,52662,40648,0,250,40648
fc1a1cd2d37a9100a80a496108f693ecebc59e14-dirty,2,burst,200,50,26,1387,45366,200,50,300,50,45507,48738,0,300,48738
fc1a1cd2d37a9100a80a496108f693ecebc59e14-dirty,2,burst,200,50,27,1394,44412,200,50,251,50,44553,40810,0,251,40810
fc1a1cd2d37a9100a80a496108f693ecebc59e14-dirty,2,burst,200,50,28,1401,55701,200,50,238,50,55842,38704,0,238,38704
fc1a1cd2d37a9100a80a496108f693ecebc59e14-dirty,2,burst,200,50,29,1408,55542,200,50,230,50,55683,37412,0,230,37412
fc1a1cd2d37a9100a80a496108f693ecebc59e14-dirty,2,burst,200,50,30,1415,46638,200,50,250,50,46779,40648,0,250,40648
fc1a1cd2d37a9100a80a496108f693ecebc59e14-dirty,2,burst,200,50,31,1421,54111,200,50,245,50,54252,39839,0,245,39839
fc1a1cd2d37a9100a80a496108f693ecebc59e14-dirty,2,burst,200,50,32,1428,53634,200,50,273,50,53775,44364,0,273,44364
fc1a1cd2d37a9100a80a496108f693ecebc59e14-dirty,2,burst,200,50,33,1435,54747,200,50,215,49,54713,34988,0,215,34988
fc1a1cd2d37a9100a80a496108f693ecebc59e14-dirty,2,burst,200,50,34,1442,54270,200,50,251,50,54411,40810,0,251,40810
fc1a1cd2d37a9100a80a496108f693ecebc59e14-dirty,2,burst,200,50,35,1448,54111,200,50,175,50,54252,28513,0,175,28513
fc1a1cd2d37a9100a80a496108f693ecebc59e14-dirty,2,burst,200,50,36,1455,54747,200,50,236,50,54888,38383,0,236,38383
fc1a1cd2d37a9100a80a496108f693ecebc59e14-dirty,2,burst,200,50,37,1462,55542,200,50,251,50,55683,40810,0,251,40810
fc1a1cd2d37a9100a80a496108f693ecebc59e14-dirty,2,burst,200,50,38,1469,53316,200,50,300,50,53457,48738,0,300,48738
fc1a1cd2d37a9100a80a496108f693ecebc59e14-dirty,2,burst,200,50,39,1476,46956,200,50,220,49,46922,35793,0,220,35793
fc1a1cd2d37a9100a80a496108f693ecebc59e14-dirty,2,burst,200,50,40,1483,47751,200,50,251,50,47892,40810,0,251,40810
fc1a1cd2d37a9100a80a496108f693ecebc59e14-dirty,2,burst,200,50,41,1490,53157,200,50,251,50,53298,40810,0,251,40810
fc1a1cd2d37a9100a80a496108f693ecebc59e14-dirty,2,burst,200,50,42,1497,55065,200,50,210,50,55206,34176,0,210,34176
fc1a1cd2d37a9100a80a496108f693ecebc59e14-dirty,2,burst,200,50,43,1503,55383,200,50,230,50,55524,37418,0,230,37418
fc1a1cd2d37a9100a80a496108f693ecebc59e14-dirty,2,burst,200,50,44,1510,52362,200,50,300,50,52503,48738,0,300,48738
fc1a1cd2d37a9100a80a496108f693ecebc59e14-dirty,2,burst,200,50,45,1517,55860,200,50,213,50,56001,34654,0,213,34654
fc1a1cd2d37a9100a80a496108f693ecebc59e14-dirty,2,burst,200,50,46,1524,55701,200,50,250,50,55842,40648,0,250,40648
fc1a1cd2d37a9100a80a496108f693ecebc59e14-dirty,2,burst,200,50,47,1531,53157,200,50,221,50,53298,35956,0,221,35956
fc1a1cd2d37a9100a80a496108f693ecebc59e14-dirty,2,burst,200,50,48,1538,45366,200,50,195,49,45332,31750,0,195,31750
fc1a1cd2d37a9100a80a496108f693ecebc59e14-dirty,2,burst,200,50,49,1552,53316,200,50,245,49,53282,39838,0,245,39838
fc1a1cd2d37a9100a80a496108f693ecebc59e14-dirty,2,burst,200,50,50,1554,47592,200,50,300,50,47733,48738,0,300,48738
fc1a1cd2d37a9100a80a496108f693ecebc59e14-dirty,2,burst,200,50,51,1566,54747,200,50,188,50,54888,30618,0,188,30618
fc1a1cd2d37a9100a80a496108f693ecebc59e14-dirty,2,burst,200,50,52,1568,54111,200,50,202,50,54252,32882,0,202,32882
fc1a1cd2d37a9100a80a496108f693ecebc59e14-dirty,2,burst,200,50,53,1572,46161,200,50,250,50,46302,40648,0,250,40648
fc1a1cd2d37a9100a80a496108f693ecebc59e14-dirty,2,burst,200,50,54,1579,54588,200,50,202,50,54729,32882,0,202,32882
fc1a1cd2d37a9100a80a496108f693ecebc59e14-dirty,2,burst,200,50,55,1586,55701,200,50,251,50,55842,40810,0,251,40810
fc1a1cd2d37a9100a80a496108f693ecebc59e14-dirty,2,burst,200,50,56,1593,54111,200,50,300,50,54252,48738,0,300,48738
fc1a1cd2d37a9100a80a496108f693ecebc59e14-dirty,2,burst,200,50,57,1600,55542,200,50,250,50,55683,40648,0,250,40648
fc1a1cd2d37a9100a80a496108f693ecebc59e14-dirty,2,burst,200,50,58,1606,54588,200,50,251,50,54729,40810,0,251,40810
fc1a1cd2d37a9100a80a496108f693ecebc59e14-dirty,2,burst,200,50,59,1613,54747,200,50,245,49,54713,39838,0,245,39838
fc1a1cd2d37a9100a80a496108f693ecebc59e14-dirty,2,burst,200,50,60,1620,52998,200,50,197,49,52964,32072,0,197,32072
fc1a1cd2d37a9100a80a496108f693ecebc59e14-dirty,2,burst,200,50,61,1627,54747,200,50,245,49,54713,39838,0,245,39838
fc1a1cd2d37a9100a80a496108f693ecebc59e14-dirty,2,burst,200,50,62,1634,54588,200,50,294,49,54554,47766,0,294,47766
fc1a1cd2d37a9100a80a496108f693ecebc59e14-dirty,2,burst,200,50,63,1641,45366,200,50,245,49,45332,39838,0,245,39838
fc1a1cd2d37a9100a80a496108f693ecebc59e14-dirty,2,burst,200,50,64,1648,54588,200,50,237,49,54554,38542,0,237,38542
fc1a1cd2d37a9100a80a496108f693ecebc59e14-dirty,2,burst,200,50,65,1662,53157,200,50,200,49,53123,32557,0,200,32557
fc1a1cd2d37a9100a80a496108f693ecebc59e14-dirty,2,burst,200,50,66,1665,45207,200,50,245,49,45173,39838,0,245,39838
fc1a1cd2d37a9100a80a496108f693ecebc59e14-dirty,2,burst,200,50,67,1669,54906,200,50,279,49,54872,45339,0,279,45339
fc1a1cd2d37a9100a80a496108f693ecebc59e14-dirty,2,burst,200,50,68,1676,54747,200,50,245,49,54713,39838,0,245,39838
fc1a1cd2d37a9100a80a496108f693ecebc59e14-dirty,2,burst,200,50,69,1683,54588,200,50,223,50,54729,36274,0,223,36274
fc1a1cd2d37a9100a80a496108f693ecebc59e14-dirty,2,burst,200,50,70,1690,55224,200,50,250,50,55365,40648,0,250,40648
fc1a1cd2d37a9100a80a496108f693ecebc59e14-dirty,2,burst,200,50,71,1696,53157,200,50,251,50,53298,40810,0,251,40810
fc1a1cd2d37a9100a80a496108f693ecebc59e14-dirty,2,burst,200,50,72,1703,46797,200,50,221,49,46763,35955,0,221,35955
fc1a1cd2d37a9100a80a496108f693ecebc59e14-dirty,2,burst,200,50,73,1711,55065,200,50,333,50,55206,54081,0,333,54081
fc1a1cd2d37a9100a80a496108f693ecebc59e14-dirty,2,burst,200,50,74,1718,46956,200,50,252,50,47097,40972,0,252,40972
fc1a1cd2d37a9100a80a496108f693ecebc59e14-dirty,2,burst,200,50,75,1725,59199,200,50,245,49,59165,39838,0,245,39838
fc1a1cd2d37a9100a80a496108f693ecebc59e14-dirty,2,burst,200,50,76,1732,60948,200,50,228,49,60914,37086,0,228,37086
fc1a1cd2d37a9100a80a496108f693ecebc59e14-dirty,2,burst,200,50,77,1740,60789,200,50,220,49,60755,35792,0,220,35792
fc1a1cd2d37a9100a80a496108f693ecebc59e14-dirty,2,burst,200,50,78,1747,58404,200,50,245,49,58370,39838,0,245,39838
fc1a1cd2d37a9100a80a496108f693ecebc59e14-dirty,2,burst,200,50,79,1754,34872,200,50,262,50,35013,42590,0,262,42590
fc1a1cd2d37a9100a80a496108f693ecebc59e14-dirty,2,burst,200,50,80,1761,54111,200,50,250,50,54252,40648,0,250,40648
fc1a1cd2d37a9100a80a496108f693ecebc59e14-dirty,2,burst,200,50,81,1776,54270,200,50,250,50,54411,40648,0,250,40648
fc1a1cd2d37a9100a80a496108f693ecebc59e14-dirty,2,burst,200,50,82,1779,55701,200,50,250,50,55842,40648,0,250,40648
fc1a1cd2d37a9100a80a496108f693ecebc59e14-dirty,2,burst,200,50,83,1783,53157,200,50,252,50,53298,40972,0,252,40972
fc1a1cd2d37a9100a80a496108f693ecebc59e14-dirty,2,burst,200,50,84,1790,46638,200,50,245,49,46604,39838,0,245,39838
fc1a1cd2d37a9100a80a496108f693ecebc59e14-dirty,2,burst,200,50,85,1812,62697,200,50,294,49,62663,47766,0,294,47766
fc1a1cd2d37a9100a80a496108f693ecebc59e14-dirty,2,burst,200,50,86,1814,53157,200,50,245,49,53123,39838,0,245,39838
fc1a1cd2d37a9100a80a496108f693ecebc59e14-dirty,2,burst,200,50,87,1817,63492,200,50,252,50,63633,40972,0,252,40972
fc1a1cd2d37a9100a80a496108f693ecebc59e14-dirty,2,burst,200,50,88,1820,62379,200,50,242,50,62520,39354,0,242,39354
fc1a1cd2d37a9100a80a496108f693ecebc59e14-dirty,2,burst,200,50,89,1826,62697,200,50,245,49,62663,39838,0,245,39838
fc1a1cd2d37a9100a80a496108f693ecebc59e14-dirty,2,burst,200,50,90,1833,63810,200,50,267,50,63951,43399,0,267,43399
fc1a1cd2d37a9100a80a496108f693ecebc59e14-dirty,2,burst,200,50,91,1840,62379,200,50,207,50,62520,33688,0,207,33688
fc1a1cd2d37a9100a80a496108f693ecebc59e14-dirty,2,burst,200,50,92,1847,53157,200,50,245,49,53123,39838,0,245,39838
fc1a1cd2d37a9100a80a496108f693ecebc59e14-dirty,2,burst,200,50,93,1855,62697,200,50,245,49,62663,39838,0,245,39838
fc1a1cd2d37a9100a80a496108f693ecebc59e14-dirty,2,burst,200,50,94,1862,62538,200,50,245,49,62504,39838,0,245,39838
fc1a1cd2d37a9100a80a496108f693ecebc59e14-dirty,2,burst,200,50,95,1876,61266,200,50,245,49,61232,39838,0,245,39838
fc1a1cd2d37a9100a80a496108f693ecebc59e14-dirty,2,burst,200,50,96,1879,62379,200,50,294,49,62345,47766,0,294,47766
fc1a1cd2d37a9100a80a496108f693ecebc59e14-dirty,2,burst,200,50,97,1899,62061,200,50,228,50,62202,37094,0,228,37094
fc1a1cd2d37a9100a80a496108f693ecebc59e14-dirty,2,burst,200,50,98,1901,55701,200,50,200,50,55842,32558,0,200,32558
fc1a1cd2d37a9100a80a496108f693ecebc59e14-dirty,2,burst,200,50,99,1904,54906,200,50,247,50,55047,40163,0,247,40163
fc1a1cd2d37a9100a80a496108f693ecebc59e14-dirty,2,burst,200,50,100,1907,54906,200,50,245,49,54872,39838,0,245,39838
fc1a1cd2d37a9100a80a496108f693ecebc59e14-dirty,2,burst,200,50,101,1928,63492,200,50,203,50,63633,33044,0,203,33044
fc1a1cd2d37a9100a80a496108f693ecebc59e14-dirty,2,burst,200,50,102,1931,57768,200,50,301,50,57909,48900,0,301,48900
fc1a1cd2d37a9100a80a496108f693ecebc59e14-dirty,2,burst,200,50,103,1934,61107,200,50,226,49,61073,36770,0,226,36770
fc1a1cd2d37a9100a80a496108f693ecebc59e14-dirty,2,burst,200,50,104,1950,62538,200,50,231,49,62504,37573,0,231,37573
fc1a1cd2d37a9100a80a496108f693ecebc59e14-dirty,2,burst,200,50,105,1953,55542,200,50,207,50,55683,33691,0,207,33691
fc1a1cd2d37a9100a80a496108f693ecebc59e14-dirty,2,burst,200,50,106,1956,62538,200,50,252,50,62679,40972,0,252,40972
fc1a1cd2d37a9100a80a496108f693ecebc59e14-dirty,2,burst,200,50,107,1959,62697,200,50,294,49,62663,47766,0,294,47766
fc1a1cd2d37a9100a80a496108f693ecebc59e14-dirty,2,burst,200,50,108,1971,60789,200,50,196,49,60755,31910,0,196,31910
fc1a1cd2d37a9100a80a496108f693ecebc59e14-dirty,2,burst,200,50,109,1974,62538,200,50,245,49,62504,39838,0,245,39838
fc1a1cd2d37a9100a80a496108f693ecebc59e14-dirty,2,burst,200,50,110,1978,61107,200,50,245,49,61073,39838,0,245,39838
fc1a1cd2d37a9100a80a496108f693ecebc59e14-dirty,2,burst,200,50,111,1986,62061,200,50,223,50,62202,36280,0,223,36280
fc1a1cd2d37a9100a80a496108f693ecebc59e14-dirty,2,burst,200,50,112,1993,53157,200,50,252,50,53298,40972,0,252,40972
fc1a1cd2d37a9100a80a496108f693ecebc59e14-dirty,2,burst,200,50,113,2000,60789,200,50,294,49,60755,47766,0,294,47766
fc1a1cd2d37a9100a80a496108f693ecebc59e14-dirty,2,burst,200,50,114,2007,61107,200,50,207,50,61248,33692,0,207,33692
fc1a1cd2d37a9100a80a496108f693ecebc59e14-dirty,2,burst,200,50,115,2017,62379,200,50,218,50,62520,35471,0,218,35471
fc1a1cd2d37a9100a80a496108f693ecebc59e14-dirty,2,burst,200,50,116,2023,53952,200,50,252,50,54093,40972,0,252,40972
fc1a1cd2d37a9100a80a496108f693ecebc59e14-dirty,2,burst,200,50,117,2033,62538,200,50,203,50,62679,33044,0,203,33044
fc1a1cd2d37a9100a80a496108f693ecebc59e14-dirty,2,burst,200,50,118,2056,61107,200,50,278,49,61073,45174,0,278,45174
fc1a1cd2d37a9100a80a496108f693ecebc59e14-dirty,2,burst,200,50,119,2059,61584,200,50,211,49,61550,34337,0,211,34337
fc1a1cd2d37a9100a80a496108f693ecebc59e14-dirty,2,burst,200,50,120,2062,59994,200,50,252,50,60135,40972,0,252,40972
fc1a1cd2d37a9100a80a496108f693ecebc59e14-dirty,2,burst,200,50,121,2065,55860,200,50,250,50,56001,40648,0,250,40648
fc1a1cd2d37a9100a80a496108f693ecebc59e14-dirty,2,burst,200,50,122,2071,53316,200,50,301,50,53457,48900,0,301,48900
fc1a1cd2d37a9100a80a496108f693ecebc59e14-dirty,2,burst,200,50,123,2087,62697,200,50,206,49,62663,33528,0,206,33528
fc1a1cd2d37a9100a80a496108f693ecebc59e14-dirty,2,burst,200,50,124,2090,62379,200,50,245,49,62345,39838,0,245,39838
fc1a1cd2d37a9100a80a496108f693ecebc59e14-dirty,2,burst,200,50,125,2095,61107,200,50,245,49,61073,39838,0,245,39838
fc1a1cd2d37a9100a80a496108f693ecebc59e14-dirty,2,burst,200,50,126,2102,55701,200,50,252,50,55842,40972,0,252,40972
fc1a1cd2d37a9100a80a496108f693ecebc59e14-dirty,2,burst,200,50,127,2118,62697,200,50,350,50,62838,56828,0,350,56828
fc1a1cd2d37a9100a80a496108f693ecebc59e14-dirty,2,burst,200,50,128,2121,60948,200,50,245,49,60914,39838,0,245,39838
fc1a1cd2d37a9100a80a496108f693ecebc59e14-dirty,2,burst,200,50,129,2127,54270,200,50,252,50,54411,40972,0,252,40972
fc1a1cd2d37a9100a80a496108f693ecebc59e14-dirty,2,burst,200,50,130,2135,63810,200,50,250,50,63951,40648,0,250,40648
fc1a1cd2d37a9100a80a496108f693ecebc59e14-dirty,2,burst,200,50,131,2143,54747,200,50,301,50,54888,48900,0,301,48900
fc1a1cd2d37a9100a80a496108f693ecebc59e14-dirty,2,burst,200,50,132,2160,61107,200,50,240,49,61073,39029,0,240,39029
fc1a1cd2d37a9100a80a496108f693ecebc59e14-dirty,2,burst,200,50,133,2163,63810,200,50,252,50,63951,40972,0,252,40972
fc1a1cd2d37a9100a80a496108f693ecebc59e14-dirty,2,burst,200,50,134,2168,54111,200,50,250,50,54252,40648,0,250,40648
fc1a1cd2d37a9100a80a496108f693ecebc59e14-dirty,2,burst,200,50,135,2175,45525,200,50,301,50,45666,48900,0,301,48900
fc1a1cd2d37a9100a80a496108f693ecebc59e14-dirty,2,burst,200,50,136,2183,50772,200,50,172,49,50738,28032,0,172,28032
fc1a1cd2d37a9100a80a496108f693ecebc59e14-dirty,2,burst,200,50,137,2191,53316,200,50,221,49,53282,35960,0,221,35960
fc1a1cd2d37a9100a80a496108f693ecebc59e14-dirty,2,burst,200,50,138,2199,53157,200,50,196,49,53123,31910,0,196,31910
fc1a1cd2d37a9100a80a496108f693ecebc59e14-dirty,2,burst,200,50,139,2207,63492,200,50,270,50,63633,43888,0,270,43888
fc1a1cd2d37a9100a80a496108f693ecebc59e14-dirty,2,burst,200,50,140,2215,54111,200,50,250,50,54252,40648,0,250,40648
fc1a1cd2d37a9100a80a496108f693ecebc59e14-dirty,2,burst,200,50,141,2223,60948,200,50,208,50,61089,33854,0,208,33854
fc1a1cd2d37a9100a80a496108f693ecebc59e14-dirty,2,burst,200,50,142,2231,60789,200,50,225,49,60755,36602,0,225,36602
fc1a1cd2d37a9100a80a496108f693ecebc59e14-dirty,2,burst,200,50,143,2255,61107,200,50,245,49,61073,39838,0,245,39838
fc1a1cd2d37a9100a80a496108f693ecebc59e14-dirty,2,burst,200,50,144,2258,54747,200,50,294,49,54713,47766,0,294,47766
fc1a1cd2d37a9100a80a496108f693ecebc59e14-dirty,2,burst,200,50,145,2261,55860,200,50,252,50,56001,40972,0,252,40972
fc1a1cd2d37a9100a80a496108f693ecebc59e14-dirty,2,burst,200,50,146,2265,60471,200,50,250,50,60612,40648,0,250,40648
fc1a1cd2d37a9100a80a496108f693ecebc59e14-dirty,2,burst,200,50,147,2270,62538,200,50,252,50,62679,40972,0,252,40972
fc1a1cd2d37a9100a80a496108f693ecebc59e14-dirty,2,burst,200,50,148,2278,60948,200,50,288,49,60914,46800,0,288,46800
fc1a1cd2d37a9100a80a496108f693ecebc59e14-dirty,2,burst,200,50,149,2286,61107,200,50,240,49,61073,39029,0,240,39029
fc1a1cd2d37a9100a80a496108f693ecebc59e14-dirty,2,burst,200,50,150,2294,54588,200,50,245,49,54554,39838,0,245,39838
fc1a1cd2d37a9100a80a496108f693ecebc59e14-dirty,2,burst,200,50,151,2302,63651,200,50,207,50,63792,33693,0,207,33693
fc1a1cd2d37a9100a80a496108f693ecebc59e14-dirty,2,burst,200,50,152,2310,63651,200,50,300,50,63792,48738,0,300,48738
fc1a1cd2d37a9100a80a496108f693ecebc59e14-dirty,2,burst,200,50,153,2328,62379,200,50,252,50,62520,40972,0,252,40972
fc1a1cd2d37a9100a80a496108f693ecebc59e14-dirty,2,burst,200,50,154,2331,63810,200,50,203,50,63951,33044,0,203,33044
fc1a1cd2d37a9100a80a496108f693ecebc59e14-dirty,2,burst,200,50,155,2344,61743,200,50,252,50,61884,40972,0,252,40972
fc1a1cd2d37a9100a80a496108f693ecebc59e14-dirty,2,burst,200,50,156,2347,62697,200,50,289,49,62663,46957,0,289,46957
fc1a1cd2d37a9100a80a496108f693ecebc59e14-dirty,2,burst,200,50,157,2361,61107,200,50,245,49,61073,39838,0,245,39838
fc1a1cd2d37a9100a80a496108f693ecebc59e14-dirty,2,burst,200,50,158,2364,62379,200,50,242,49,62345,39352,0,242,39352
fc1a1cd2d37a9100a80a496108f693ecebc59e14-dirty,2,burst,200,50,159,2368,46161,200,50,206,50,46302,33530,0,206,33530
fc1a1cd2d37a9100a80a496108f693ecebc59e14-dirty,2,burst,200,50,160,2384,62538,200,50,252,50,62679,40972,0,252,40972
fc1a1cd2d37a9100a80a496108f693ecebc59e14-dirty,2,burst,200,50,161,2387,63651,200,50,282,50,63792,45826,0,282,45826
fc1a1cd2d37a9100a80a496108f693ecebc59e14-dirty,2,burst,200,50,162,2407,59199,200,50,252,50,59340,40972,0,252,40972
fc1a1cd2d37a9100a80a496108f693ecebc59e14-dirty,2,burst,200,50,163,2410,54747,200,50,245,49,54713,39838,0,245,39838
fc1a1cd2d37a9100a80a496108f693ecebc59e14-dirty,2,burst,200,50,164,2414,53316,200,50,196,49,53282,31910,0,196,31910
fc1a1cd2d37a9100a80a496108f693ecebc59e14-dirty,2,burst,200,50,165,2417,62538,200,50,269,49,62504,43721,0,269,43721
fc1a1cd2d37a9100a80a496108f693ecebc59e14-dirty,2,burst,200,50,166,2438,59358,200,50,245,49,59324,39838,0,245,39838
fc1a1cd2d37a9100a80a496108f693ecebc59e14-dirty,2,burst,200,50,167,2441,62379,200,50,245,49,62345,39838,0,245,39838
fc1a1cd2d37a9100a80a496108f693ecebc59e14-dirty,2,burst,200,50,168,2444,63333,200,50,252,50,63474,40972,0,252,40972
fc1a1cd2d37a9100a80a496108f693ecebc59e14-dirty,2,burst,200,50,169,2447,54906,200,50,203,50,55047,33044,0,203,33044
fc1a1cd2d37a9100a80a496108f693ecebc59e14-dirty,2,burst,200,50,170,2454,60948,200,50,343,49,60914,55694,0,343,55694
fc1a1cd2d37a9100a80a496108f693ecebc59e14-dirty,2,burst,200,50,171,2462,61107,200,50,196,49,61073,31910,0,196,31910
fc1a1cd2d37a9100a80a496108f693ecebc59e14-dirty,2,burst,200,50,172,2478,61107,200,50,245,49,61073,39838,0,245,39838
fc1a1cd2d37a9100a80a496108f693ecebc59e14-dirty,2,burst,200,50,173,2481,62379,200,50,219,49,62345,35636,0,219,35636
fc1a1cd2d37a9100a80a496108f693ecebc59e14-dirty,2,burst,200,50,174,2486,62538,200,50,294,49,62504,47766,0,294,47766
fc1a1cd2d37a9100a80a496108f693ecebc59e14-dirty,2,burst,200,50,175,2494,57450,200,50,203,50,57591,33044,0,203,33044
fc1a1cd2d37a9100a80a496108f693ecebc59e14-dirty,2,burst,200,50,176,2501,62697,200,50,213,50,62838,34664,0,213,34664
fc1a1cd2d37a9100a80a496108f693ecebc59e14-dirty,2,burst,200,50,177,2509,63810,200,50,188,50,63951,30617,0,188,30617
fc1a1cd2d37a9100a80a496108f693ecebc59e14-dirty,2,burst,200,50,178,2517,61107,200,50,252,50,61248,40972,0,252,40972
fc1a1cd2d37a9100a80a496108f693ecebc59e14-dirty,2,burst,200,50,179,2532,62856,200,50,252,50,62997,40972,0,252,40972
fc1a1cd2d37a9100a80a496108f693ecebc59e14-dirty,2,burst,200,50,180,2535,60789,200,50,204,50,60930,33206,0,204,33206
fc1a1cd2d37a9100a80a496108f693ecebc59e14-dirty,2,burst,200,50,181,2540,63492,200,50,249,50,63633,40488,0,249,40488
fc1a1cd2d37a9100a80a496108f693ecebc59e14-dirty,2,burst,200,50,182,2547,53157,200,50,252,50,53298,40972,0,252,40972
fc1a1cd2d37a9100a80a496108f693ecebc59e14-dirty,2,burst,200,50,183,2555,54111,200,50,154,50,54252,25116,0,154,25116
fc1a1cd2d37a9100a80a496108f693ecebc59e14-dirty,2,burst,200,50,184,2562,54747,200,50,203,50,54888,33044,0,203,33044
fc1a1cd2d37a9100a80a496108f693ecebc59e14-dirty,2,burst,200,50,185,2570,48546,200,50,196,49,48512,31910,0,196,31910
fc1a1cd2d37a9100a80a496108f693ecebc59e14-dirty,2,burst,200,50,186,2578,54906,200,50,225,49,54872,36608,0,225,36608
fc1a1cd2d37a9100a80a496108f693ecebc59e14-dirty,2,burst,200,50,187,2586,54906,200,50,245,49,54872,39838,0,245,39838
fc1a1cd2d37a9100a80a496108f693ecebc59e14-dirty,2,burst,200,50,188,2595,63015,200,50,301,50,63156,48900,0,301,48900
fc1a1cd2d37a9100a80a496108f693ecebc59e14-dirty,2,burst,200,50,189,2602,53157,200,50,252,50,53298,40972,0,252,40972
fc1a1cd2d37a9100a80a496108f693ecebc59e14-dirty,2,burst,200,50,190,2618,63651,200,50,252,50,63792,40972,0,252,40972
fc1a1cd2d37a9100a80a496108f693ecebc59e14-dirty,2,burst,200,50,191,2621,60789,200,50,205,50,60930,33368,0,205,33368
fc1a1cd2d37a9100a80a496108f693ecebc59e14-dirty,2,burst,200,50,192,2626,63651,200,50,301,50,63792,48900,0,301,48900
fc1a1cd2d37a9100a80a496108f693ecebc59e14-dirty,2,burst,200,50,193,2634,56178,200,50,252,50,56319,40972,0,252,40972
fc1a1cd2d37a9100a80a496108f693ecebc59e14-dirty,2,burst,200,50,194,2641,54747,200,50,225,49,54713,36598,0,225,36598
fc1a1cd2d37a9100a80a496108f693ecebc59e14-dirty,2,burst,200,50,195,2664,62061,200,50,205,49,62027,33368,0,205,33368
fc1a1cd2d37a9100a80a496108f693ecebc59e14-dirty,2,burst,200,50,196,2667,55860,200,50,203,50,56001,33044,0,203,33044
fc1a1cd2d37a9100a80a496108f693ecebc59e14-dirty,2,burst,200,50,197,2670,54747,200,50,281,50,54888,45664,0,281,45664
fc1a1cd2d37a9100a80a496108f693ecebc59e14-dirty,2,burst,200,50,198,2673,53475,200,50,196,49,53441,31910,0,196,31910
fc1a1cd2d37a9100a80a496108f693ecebc59e14-dirty,2,burst,200,50,199,2680,53157,200,50,201,49,53123,32719,0,201,32719
fc1a1cd2d37a9100a80a496108f693ecebc59e14-dirty,2,burst,200,50,200,2695,61902,200,50,184,50,62043,29971,0,184,29971
fc1a1cd2d37a9100a80a496108f693ecebc59e14-dirty,2,burst,200,50,201,2698,62538,200,50,289,50,62679,46966,0,289,46966
fc1a1cd2d37a9100a80a496108f693ecebc59e14-dirty,2,burst,200,50,202,2704,61743,200,50,245,49,61709,39838,0,245,39838
fc1a1cd2d37a9100a80a496108f693ecebc59e14-dirty,2,burst,200,50,203,2712,62697,200,50,196,49,62663,31910,0,196,31910
fc1a1cd2d37a9100a80a496108f693ecebc59e14-dirty,2,burst,200,50,204,2720,61107,200,50,245,49,61073,39838,0,245,39838
fc1a1cd2d37a9100a80a496108f693ecebc59e14-dirty,2,burst,200,50,205,2728,60948,200,50,294,49,60914,47766,0,294,47766
fc1a1cd2d37a9100a80a496108f693ecebc59e14-dirty,2,burst,200,50,206,2735,61743,200,50,240,49,61709,39029,0,240,39029
fc1a1cd2d37a9100a80a496108f693ecebc59e14-dirty,2,burst,200,50,207,2743,54906,200,50,196,49,54872,31910,0,196,31910
fc1a1cd2d37a9100a80a496108f693ecebc59e14-dirty,2,burst,200,50,208,2751,62379,200,50,245,49,62345,39838,0,245,39838
fc1a1cd2d37a9100a80a496108f693ecebc59e14-dirty,2,burst,200,50,209,2759,62061,200,50,252,50,62202,40972,0,252,40972
fc1a1cd2d37a9100a80a496108f693ecebc59e14-dirty,2,burst,200,50,210,2766,62538,200,50,301,50,62679,48900,0,301,48900
fc1a1cd2d37a9100a80a496108f693ecebc59e14-dirty,2,burst,200,50,211,2774,63492,200,50,252,50,63633,40972,0,252,40972
fc1a1cd2d37a9100a80a496108f693ecebc59e14-dirty,2,burst,200,50,212,2782,53157,200,50,242,50,53298,39354,0,242,39354
fc1a1cd2d37a9100a80a496108f693ecebc59e14-dirty,2,burst,200,50,213,2790,62379,200,50,211,49,62345,34337,0,211,34337
fc1a1cd2d37a9100a80a496108f693ecebc59e14-dirty,2,burst,200,50,214,2797,54747,200,50,343,49,54713,55694,0,343,55694
fc1a1cd2d37a9100a80a496108f693ecebc59e14-dirty,2,burst,200,50,215,2805,60948,200,50,234,49,60914,38056,0,234,38056
fc1a1cd2d37a9100a80a496108f693ecebc59e14-dirty,2,burst,200,50,216,2813,57927,200,50,200,49,57893,32559,0,200,32559
fc1a1cd2d37a9100a80a496108f693ecebc59e14-dirty,2,burst,200,50,217,2821,62061,200,50,232,50,62202,37732,0,232,37732
fc1a1cd2d37a9100a80a496108f693ecebc59e14-dirty,2,burst,200,50,218,2837,61266,200,50,300,50,61407,48738,0,300,48738
fc1a1cd2d37a9100a80a496108f693ecebc59e14-dirty,2,burst,200,50,219,2840,63810,200,50,154,50,63951,25116,0,154,25116
fc1a1cd2d37a9100a80a496108f693ecebc59e14-dirty,2,burst,200,50,220,2845,54747,200,50,252,50,54888,40972,0,252,40972
fc1a1cd2d37a9100a80a496108f693ecebc59e14-dirty,2,burst,200,50,221,2853,53316,200,50,221,49,53282,35955,0,221,35955
fc1a1cd2d37a9100a80a496108f693ecebc59e14-dirty,2,burst,200,50,222,2868,53316,200,50,245,49,53282,39838,0,245,39838
fc1a1cd2d37a9100a80a496108f693ecebc59e14-dirty,2,burst,200,50,223,2871,54906,200,50,196,49,54872,31910,0,196,31910
fc1a1cd2d37a9100a80a496108f693ecebc59e14-dirty,2,burst,200,50,224,2876,62538,200,50,245,49,62504,39838,0,245,39838
fc1a1cd2d37a9100a80a496108f693ecebc59e14-dirty,2,burst,200,50,225,2884,56178,200,50,214,49,56144,34826,0,214,34826
fc1a1cd2d37a9100a80a496108f693ecebc59e14-dirty,2,burst,200,50,226,2891,54111,200,50,203,50,54252,33044,0,203,33044
fc1a1cd2d37a9100a80a496108f693ecebc59e14-dirty,2,burst,200,50,227,2899,54588,200,50,274,50,54729,44536,0,274,44536
fc1a1cd2d37a9100a80a496108f693ecebc59e14-dirty,2,burst,200,50,228,2907,54111,200,50,250,50,54252,40648,0,250,40648
fc1a1cd2d37a9100a80a496108f693ecebc59e14-dirty,2,burst,200,50,229,2930,59199,200,50,252,50,59340,40972,0,252,40972
fc1a1cd2d37a9100a80a496108f693ecebc59e14-dirty,2,burst,200,50,230,2933,62538,200,50,196,49,62504,31910,0,196,31910
fc1a1cd2d37a9100a80a496108f693ecebc59e14-dirty,2,burst,200,50,231,2936,54270,200,50,301,50,54411,48900,0,301,48900
fc1a1cd2d37a9100a80a496108f693ecebc59e14-dirty,2,burst,200,50,232,2939,52998,200,50,252,50,53139,40972,0,252,40972
fc1a1cd2d37a9100a80a496108f693ecebc59e14-dirty,2,burst,200,50,233,2946,53952,200,50,203,50,54093,33044,0,203,33044
fc1a1cd2d37a9100a80a496108f693ecebc59e14-dirty,2,burst,200,50,234,2955,53316,200,50,203,50,53457,33044,0,203,33044
fc1a1cd2d37a9100a80a496108f693ecebc59e14-dirty,2,burst,200,50,235,2963,37416,200,50,248,49,37382,40324,0,248,40324
fc1a1cd2d37a9100a80a496108f693ecebc59e14-dirty,2,burst,200,50,236,2971,63492,200,50,274,50,63633,44531,0,274,44531
fc1a1cd2d37a9100a80a496108f693ecebc59e14-dirty,2,burst,200,50,237,2986,62379,200,50,237,50,62520,38545,0,237,38545
fc1a1cd2d37a9100a80a496108f693ecebc59e14-dirty,2,burst,200,50,238,2989,62697,200,50,245,49,62663,39838,0,245,39838
fc1a1cd2d37a9100a80a496108f693ecebc59e14-dirty,2,burst,200,50,239,3002,62538,200,50,152,49,62504,24791,0,152,24791
fc1a1cd2d37a9100a80a496108f693ecebc59e14-dirty,2,burst,200,50,240,3005,61425,200,50,294,49,61391,47766,0,294,47766
fc1a1cd2d37a9100a80a496108f693ecebc59e14-dirty,2,burst,200,50,241,3010,55860,200,50,252,50,56001,40972,0,252,40972
fc1a1cd2d37a9100a80a496108f693ecebc59e14-dirty,2,burst,200,50,242,3018,54588,200,50,252,50,54729,40972,0,252,40972
fc1a1cd2d37a9100a80a496108f693ecebc59e14-dirty,2,burst,200,50,243,3042,60789,200,50,210,49,60755,34175,0,210,34175
fc1a1cd2d37a9100a80a496108f693ecebc59e14-dirty,2,burst,200,50,244,3046,61584,200,50,269,49,61550,43721,0,269,43721
fc1a1cd2d37a9100a80a496108f693ecebc59e14-dirty,2,burst,200,50,245,3049,62061,200,50,246,50,62202,40006,0,246,40006
fc1a1cd2d37a9100a80a496108f693ecebc59e14-dirty,2,burst,200,50,246,3052,54747,200,50,243,50,54888,39516,0,243,39516
fc1a1cd2d37a9100a80a496108f693ecebc59e14-dirty,2,burst,200,50,247,3058,45366,200,50,245,49,45332,39838,0,245,39838
fc1a1cd2d37a9100a80a496108f693ecebc59e14-dirty,2,burst,200,50,248,3066,62379,200,50,265,49,62345,43074,0,265,43074
fc1a1cd2d37a9100a80a496108f693ecebc59e14-dirty,2,burst,200,50,249,3074,54111,200,50,252,50,54252,40972,0,252,40972
fc1a1cd2d37a9100a80a496108f693ecebc59e14-dirty,2,burst,200,50,250,3082,62538,200,50,203,50,62679,33044,0,203,33044
fc1a1cd2d37a9100a80a496108f693ecebc59e14-dirty,2,burst,200,50,251,3090,60789,200,50,245,49,60755,39838,0,245,39838
fc1a1cd2d37a9100a80a496108f693ecebc59e14-dirty,2,burst,200,50,252,3107,60948,200,50,245,49,60914,39838,0,245,39838
fc1a1cd2d37a9100a80a496108f693ecebc59e14-dirty,2,burst,200,50,253,3109,62379,200,50,245,49,62345,39838,0,245,39838
fc1a1cd2d37a9100a80a496108f693ecebc59e14-dirty,2,burst,200,50,254,3114,63651,200,50,247,50,63792,40163,0,247,40163
fc1a1cd2d37a9100a80a496108f693ecebc59e14-dirty,2,burst,200,50,255,3136,60948,200,50,252,50,61089,40972,0,252,40972
fc1a1cd2d37a9100a80a496108f693ecebc59e14-dirty,2,burst,200,50,256,3139,54588,200,50,240,49,54554,39029,0,240,39029
fc1a1cd2d37a9100a80a496108f693ecebc59e14-dirty,2,burst,200,50,257,3141,37416,200,50,248,50,37557,40324,0,248,40324
fc1a1cd2d37a9100a80a496108f693ecebc59e14-dirty,3,burst,200,50,1,3,37734,200,50,1,1,849,360,0,1,360
fc1a1cd2d37a9100a80a496108f693ecebc59e14-dirty,3,burst,200,50,2,103,37893,200,50,1,1,1008,360,0,1,360
fc1a1cd2d37a9100a80a496108f693ecebc59e14-dirty,3,burst,200,50,3,204,38052,200,50,1,1,1167,360,0,1,360
fc1a1cd2d37a9100a80a496108f693ecebc59e14-dirty,3,burst,200,50,4,346,38052,200,50,0,0,199,199,0,0,199
fc1a1cd2d37a9100a80a496108f693ecebc59e14-dirty,3,burst,200,50,5,405,38370,200,50,1,1,1485,360,0,1,360
fc1a1cd2d37a9100a80a496108f693ecebc59e14-dirty,3,burst,200,50,6,506,38370,200,50,0,0,199,199,0,0,199
fc1a1cd2d37a9100a80a496108f693ecebc59e14-dirty,3,burst,200,50,7,642,38688,200,50,1,1,1803,360,0,1,360
fc1a1cd2d37a9100a80a496108f693ecebc59e14-dirty,3,burst,200,50,8,702,38848,200,50,1,1,1963,361,0,1,361
fc1a1cd2d37a9100a80a496108f693ecebc59e14-dirty,3,burst,200,50,9,802,38848,200,50,1,1,1963,362,0,1,362
fc1a1cd2d37a9100a80a496108f693ecebc59e14-dirty,3,burst,200,50,10,903,38848,200,50,1,1,1963,362,0,1,362
fc1a1cd2d37a9100a80a496108f693ecebc59e14-dirty,3,burst,200,50,11,1004,38848,200,50,1,1,1963,362,0,1,362
fc1a1cd2d37a9100a80a496108f693ecebc59e14-dirty,3,burst,200,50,12,1104,38848,200,50,1,1,1963,362,0,1,362
fc1a1cd2d37a9100a80a496108f693ecebc59e14-dirty,3,burst,200,50,13,1205,38848,200,50,1,1,1963,362,0,1,362
fc1a1cd2d37a9100a80a496108f693ecebc59e14-dirty,3,burst,200,50,14,1307,46956,200,50,340,50,47097,55214,0,340,55214
fc1a1cd2d37a9100a80a496108f693ecebc59e14-dirty,3,burst,200,50,15,1314,46956,200,50,196,49,46922,31910,0,196,31910
fc1a1cd2d37a9100a80a496108f693ecebc59e14-dirty,3,burst,200,50,16,1321,40437,200,50,245,49,40403,39838,0,245,39838
fc1a1cd2d37a9100a80a496108f693ecebc59e14-dirty,3,burst,200,50,17,1328,45207,200,50,249,50,45348,40486,0,249,40486
fc1a1cd2d37a9100a80a496108f693ecebc59e14-dirty,3,burst,200,50,18,1336,43299,200,50,250,50,43440,40648,0,250,40648
fc1a1cd2d37a9100a80a496108f693ecebc59e14-dirty,3,burst,200,50,19,1343,46956,200,50,230,50,47097,37409,0,230,37409
fc1a1cd2d37a9100a80a496108f693ecebc59e14-dirty,3,burst,200,50,20,1350,51567,200,50,245,49,51533,39838,0,245,39838
fc1a1cd2d37a9100a80a496108f693ecebc59e14-dirty,3,burst,200,50,21,1358,47433,200,50,225,49,47399,36602,0,225,36602
fc1a1cd2d37a9100a80a496108f693ecebc59e14-dirty,3,burst,200,50,22,1365,54747,200,50,245,49,54713,39838,0,245,39838
fc1a1cd2d37a9100a80a496108f693ecebc59e14-dirty,3,burst,200,50,23,1379,39324,200,50,245,49,39290,39838,0,245,39838
fc1a1cd2d37a9100a80a496108f693ecebc59e14-dirty,3,burst,200,50,24,1382,46956,200,50,294,49,46922,47766,0,294,47766
fc1a1cd2d37a9100a80a496108f693ecebc59e14-dirty,3,burst,200,50,25,1394,53316,200,50,196,49,53282,31910,0,196,31910
fc1a1cd2d37a9100a80a496108f693ecebc59e14-dirty,3,burst,200,50,26,1397,46956,200,50,235,49,46922,38220,0,235,38220
fc1a1cd2d37a9100a80a496108f693ecebc59e14-dirty,3,burst,200,50,27,1401,47592,200,50,251,50,47733,40810,0,251,40810
fc1a1cd2d37a9100a80a496108f693ecebc59e14-dirty,3,burst,200,50,28,1409,55701,200,50,300,50,55842,48738,0,300,48738
fc1a1cd2d37a9100a80a496108f693ecebc59e14-dirty,3,burst,200,50,29,1416,29943,200,50,251,50,30084,40810,0,251,40810
fc1a1cd2d37a9100a80a496108f693ecebc59e14-dirty,3,burst,200,50,30,1423,46320,200,50,251,50,46461,40810,0,251,40810
fc1a1cd2d37a9100a80a496108f693ecebc59e14-dirty,3,burst,200,50,31,1431,46797,200,50,251,50,46938,40810,0,251,40810
fc1a1cd2d37a9100a80a496108f693ecebc59e14-dirty,3,burst,200,50,32,1438,46956,200,50,236,49,46922,38382,0,236,38382
fc1a1cd2d37a9100a80a496108f693ecebc59e14-dirty,3,burst,200,50,33,1445,55542,200,50,298,50,55683,48414,0,298,48414
fc1a1cd2d37a9100a80a496108f693ecebc59e14-dirty,3,burst,200,50,34,1453,46002,200,50,246,50,46143,40004,0,246,40004
fc1a1cd2d37a9100a80a496108f693ecebc59e14-dirty,3,burst,200,50,35,1460,54588,200,50,251,50,54729,40810,0,251,40810
fc1a1cd2d37a9100a80a496108f693ecebc59e14-dirty,3,burst,200,50,36,1468,54906,200,50,245,49,54872,39838,0,245,39838
fc1a1cd2d37a9100a80a496108f693ecebc59e14-dirty,3,burst,200,50,37,1475,54588,200,50,292,49,54554,47442,0,292,47442
fc1a1cd2d37a9100a80a496108f693ecebc59e14-dirty,3,burst,200,50,38,1482,55701,200,50,234,50,55842,38056,0,234,38056
fc1a1cd2d37a9100a80a496108f693ecebc59e14-dirty,3,burst,200,50,39,1490,46002,200,50,251,50,46143,40810,0,251,40810
fc1a1cd2d37a9100a80a496108f693ecebc59e14-dirty,3,burst,200,50,40,1497,55701,200,50,241,50,55842,39192,0,241,39192
fc1a1cd2d37a9100a80a496108f693ecebc59e14-dirty,3,burst,200,50,41,1505,53316,200,50,251,50,53457,40810,0,251,40810
fc1a1cd2d37a9100a80a496108f693ecebc59e14-dirty,3,burst,200,50,42,1512,54747,200,50,294,49,54713,47766,0,294,47766
fc1a1cd2d37a9100a80a496108f693ecebc59e14-dirty,3,burst,200,50,43,1520,46320,200,50,245,49,46286,39838,0,245,39838
fc1a1cd2d37a9100a80a496108f693ecebc59e14-dirty,3,burst,200,50,44,1527,39642,200,50,251,50,39783,40810,0,251,40810
fc1a1cd2d37a9100a80a496108f693ecebc59e14-dirty,3,burst,200,50,45,1534,48387,200,50,250,50,48528,40648,0,250,40648
fc1a1cd2d37a9100a80a496108f693ecebc59e14-dirty,3,burst,200,50,46,1542,54747,200,50,300,50,54888,48738,0,300,48738
fc1a1cd2d37a9100a80a496108f693ecebc59e14-dirty,3,burst,200,50,47,1549,55542,200,50,251,50,55683,40810,0,251,40810
fc1a1cd2d37a9100a80a496108f693ecebc59e14-dirty,3,burst,200,50,48,1556,54906,200,50,251,50,55047,40810,0,251,40810
fc1a1cd2d37a9100a80a496108f693ecebc59e14-dirty,3,burst,200,50,49,1563,47592,200,50,251,50,47733,40810,0,251,40810
fc1a1cd2d37a9100a80a496108f693ecebc59e14-dirty,3,burst,200,50,50,1570,49977,200,50,232,50,50118,37736,0,232,37736
fc1a1cd2d37a9100a80a496108f693ecebc59e14-dirty,3,burst,200,50,51,1578,55383,200,50,297,50,55524,48252,0,297,48252
fc1a1cd2d37a9100a80a496108f693ecebc59e14-dirty,3,burst,200,50,52,1585,55542,200,50,250,50,55683,40648,0,250,40648
fc1a1cd2d37a9100a80a496108f693ecebc59e14-dirty,3,burst,200,50,53,1593,54747,200,50,202,50,54888,32882,0,202,32882
fc1a1cd2d37a9100a80a496108f693ecebc59e14-dirty,3,burst,200,50,54,1600,43617,200,50,245,49,43583,39838,0,245,39838
fc1a1cd2d37a9100a80a496108f693ecebc59e14-dirty,3,burst,200,50,55,1607,55701,200,50,300,50,55842,48738,0,300,48738
fc1a1cd2d37a9100a80a496108f693ecebc59e14-dirty,3,burst,200,50,56,1615,54906,200,50,251,50,55047,40810,0,251,40810
fc1a1cd2d37a9100a80a496108f693ecebc59e14-dirty,3,burst,200,50,57,1622,54747,200,50,232,50,54888,37736,0,232,37736
fc1a1cd2d37a9100a80a496108f693ecebc59e14-dirty,3,burst,200,50,58,1629,53157,200,50,251,50,53298,40810,0,251,40810
fc1a1cd2d37a9100a80a496108f693ecebc59e14-dirty,3,burst,200,50,59,1637,38529,200,50,251,50,38670,40810,0,251,40810
fc1a1cd2d37a9100a80a496108f693ecebc59e14-dirty,3,burst,200,50,60,1644,55065,200,50,333,50,55206,54077,0,333,54077
fc1a1cd2d37a9100a80a496108f693ecebc59e14-dirty,3,burst,200,50,61,1652,61107,200,50,245,49,61073,39838,0,245,39838
fc1a1cd2d37a9100a80a496108f693ecebc59e14-dirty,3,burst,200,50,62,1660,55383,200,50,228,50,55524,37089,0,228,37089
fc1a1cd2d37a9100a80a496108f693ecebc59e14-dirty,3,burst,200,50,63,1667,47115,200,50,198,50,47256,32235,0,198,32235
fc1a1cd2d37a9100a80a496108f693ecebc59e14-dirty,3,burst,200,50,64,1675,54906,200,50,152,49,54872,24791,0,152,24791
fc1a1cd2d37a9100a80a496108f693ecebc59e14-dirty,3,burst,200,50,65,1683,39324,200,50,294,49,39290,47766,0,294,47766
fc1a1cd2d37a9100a80a496108f693ecebc59e14-dirty,3,burst,200,50,66,1691,54111,200,50,154,50,54252,25116,0,154,25116
fc1a1cd2d37a9100a80a496108f693ecebc59e14-dirty,3,burst,200,50,67,1698,55701,200,50,200,50,55842,32558,0,200,32558
fc1a1cd2d37a9100a80a496108f693ecebc59e14-dirty,3,burst,200,50,68,1706,54747,200,50,252,50,54888,40972,0,252,40972
fc1a1cd2d37a9100a80a496108f693ecebc59e14-dirty,3,burst,200,50,69,1721,62697,200,50,294,49,62663,47766,0,294,47766
fc1a1cd2d37a9100a80a496108f693ecebc59e14-dirty,3,burst,200,50,70,1724,63810,200,50,252,50,63951,40972,0,252,40972
fc1a1cd2d37a9100a80a496108f693ecebc59e14-dirty,3,burst,200,50,71,1729,63174,200,50,230,50,63315,37412,0,230,37412
fc1a1cd2d37a9100a80a496108f693ecebc59e14-dirty,3,burst,200,50,72,1737,62061,200,50,250,50,62202,40648,0,250,40648
fc1a1cd2d37a9100a80a496108f693ecebc59e14-dirty,3,burst,200,50,73,1745,62379,200,50,296,50,62520,48091,0,296,48091
fc1a1cd2d37a9100a80a496108f693ecebc59e14-dirty,3,burst,200,50,74,1753,62856,200,50,252,50,62997,40972,0,252,40972
fc1a1cd2d37a9100a80a496108f693ecebc59e14-dirty,3,burst,200,50,75,1761,62379,200,50,252,50,62520,40972,0,252,40972
fc1a1cd2d37a9100a80a496108f693ecebc59e14-dirty,3,burst,200,50,76,1776,62220,200,50,227,50,62361,36932,0,227,36932
fc1a1cd2d37a9100a80a496108f693ecebc59e14-dirty,3,burst,200,50,77,1779,62220,200,50,241,50,62361,39190,0,241,39190
fc1a1cd2d37a9100a80a496108f693ecebc59e14-dirty,3,burst,200,50,78,1792,56019,200,50,203,50,56160,33044,0,203,33044
fc1a1cd2d37a9100a80a496108f693ecebc59e14-dirty,3,burst,200,50,79,1795,46002,200,50,223,50,46143,36280,0,223,36280
fc1a1cd2d37a9100a80a496108f693ecebc59e14-dirty,3,burst,200,50,80,1800,63810,200,50,240,50,63951,39030,0,240,39030
fc1a1cd2d37a9100a80a496108f693ecebc59e14-dirty,3,burst,200,50,81,1808,62061,200,50,230,50,62202,37412,0,230,37412
fc1a1cd2d37a9100a80a496108f693ecebc59e14-dirty,3,burst,200,50,82,1816,60948,200,50,301,50,61089,48900,0,301,48900
fc1a1cd2d37a9100a80a496108f693ecebc59e14-dirty,3,burst,200,50,83,1824,62379,200,50,211,49,62345,34337,0,211,34337
fc1a1cd2d37a9100a80a496108f693ecebc59e14-dirty,3,burst,200,50,84,1831,62697,200,50,245,49,62663,39838,0,245,39838
fc1a1cd2d37a9100a80a496108f693ecebc59e14-dirty,3,burst,200,50,85,1839,63810,200,50,252,50,63951,40972,0,252,40972
fc1a1cd2d37a9100a80a496108f693ecebc59e14-dirty,3,burst,200,50,86,1847,61266,200,50,252,50,61407,40972,0,252,40972
fc1a1cd2d37a9100a80a496108f693ecebc59e14-dirty,3,burst,200,50,87,1870,62538,200,50,231,49,62504,37573,0,231,37573
fc1a1cd2d37a9100a80a496108f693ecebc59e14-dirty,3,burst,200,50,88,1873,55701,200,50,213,50,55842,34654,0,213,34654
fc1a1cd2d37a9100a80a496108f693ecebc59e14-dirty,3,burst,200,50,89,1876,62538,200,50,217,50,62679,35309,0,217,35309
fc1a1cd2d37a9100a80a496108f693ecebc59e14-dirty,3,burst,200,50,90,1886,63492,200,50,184,50,63633,29966,0,184,29966
fc1a1cd2d37a9100a80a496108f693ecebc59e14-dirty,3,burst,200,50,91,1889,60948,200,50,301,50,61089,48900,0,301,48900
fc1a1cd2d37a9100a80a496108f693ecebc59e14-dirty,3,burst,200,50,92,1894,62220,200,50,245,49,62186,39838,0,245,39838
fc1a1cd2d37a9100a80a496108f693ecebc59e14-dirty,3,burst,200,50,93,1901,54747,200,50,245,49,54713,39838,0,245,39838
fc1a1cd2d37a9100a80a496108f693ecebc59e14-dirty,3,burst,200,50,94,1909,53316,200,50,245,49,53282,39838,0,245,39838
fc1a1cd2d37a9100a80a496108f693ecebc59e14-dirty,3,burst,200,50,95,1917,53316,200,50,245,49,53282,39838,0,245,39838
fc1a1cd2d37a9100a80a496108f693ecebc59e14-dirty,3,burst,200,50,96,1925,60948,200,50,211,49,60914,34337,0,211,34337
fc1a1cd2d37a9100a80a496108f693ecebc59e14-dirty,3,burst,200,50,97,1940,62061,200,50,252,50,62202,40972,0,252,40972
fc1a1cd2d37a9100a80a496108f693ecebc59e14-dirty,3,burst,200,50,98,1943,62697,200,50,227,50,62838,36927,0,227,36927
fc1a1cd2d37a9100a80a496108f693ecebc59e14-dirty,3,burst,200,50,99,1948,62061,200,50,287,50,62202,46635,0,287,46635
fc1a1cd2d37a9100a80a496108f693ecebc59e14-dirty,3,burst,200,50,100,1956,61743,200,50,252,50,61884,40972,0,252,40972
fc1a1cd2d37a9100a80a496108f693ecebc59e14-dirty,3,burst,200,50,101,1964,57927,200,50,245,49,57893,39838,0,245,39838
fc1a1cd2d37a9100a80a496108f693ecebc59e14-dirty,3,burst,200,50,102,1987,60789,200,50,245,49,60755,39838,0,245,39838
fc1a1cd2d37a9100a80a496108f693ecebc59e14-dirty,3,burst,200,50,103,1990,53157,200,50,245,49,53123,39838,0,245,39838
fc1a1cd2d37a9100a80a496108f693ecebc59e14-dirty,3,burst,200,50,104,1993,61107,200,50,343,49,61073,55694,0,343,55694
fc1a1cd2d37a9100a80a496108f693ecebc59e14-dirty,3,burst,200,50,105,1995,53316,200,50,245,49,53282,39838,0,245,39838
fc1a1cd2d37a9100a80a496108f693ecebc59e14-dirty,3,burst,200,50,106,2002,54270,200,50,252,50,54411,40972,0,252,40972
fc1a1cd2d37a9100a80a496108f693ecebc59e14-dirty,3,burst,200,50,107,2010,62061,200,50,207,50,62202,33692,0,207,33692
fc1a1cd2d37a9100a80a496108f693ecebc59e14-dirty,3,burst,200,50,108,2034,62538,200,50,271,50,62679,44046,0,271,44046
fc1a1cd2d37a9100a80a496108f693ecebc59e14-dirty,3,burst,200,50,109,2037,54270,200,50,252,50,54411,40972,0,252,40972
fc1a1cd2d37a9100a80a496108f693ecebc59e14-dirty,3,burst,200,50,110,2040,61584,200,50,252,50,61725,40972,0,252,40972
fc1a1cd2d37a9100a80a496108f693ecebc59e14-dirty,3,burst,200,50,111,2042,62061,200,50,245,49,62027,39838,0,245,39838
fc1a1cd2d37a9100a80a496108f693ecebc59e14-dirty,3,burst,200,50,112,2050,54270,200,50,213,50,54411,34662,0,213,34662
fc1a1cd2d37a9100a80a496108f693ecebc59e14-dirty,3,burst,200,50,113,2058,47910,200,50,255,50,48051,41457,0,255,41457
fc1a1cd2d37a9100a80a496108f693ecebc59e14-dirty,3,burst,200,50,114,2066,53952,200,50,250,50,54093,40648,0,250,40648
fc1a1cd2d37a9100a80a496108f693ecebc59e14-dirty,3,burst,200,50,115,2073,45525,200,50,252,50,45666,40972,0,252,40972
fc1a1cd2d37a9100a80a496108f693ecebc59e14-dirty,3,burst,200,50,116,2081,46797,200,50,245,49,46763,39838,0,245,39838
fc1a1cd2d37a9100a80a496108f693ecebc59e14-dirty,3,burst,200,50,117,2089,62379,200,50,267,49,62345,43402,0,267,43402
fc1a1cd2d37a9100a80a496108f693ecebc59e14-dirty,3,burst,200,50,118,2097,52521,200,50,252,50,52662,40972,0,252,40972
fc1a1cd2d37a9100a80a496108f693ecebc59e14-dirty,3,burst,200,50,119,2105,55860,200,50,219,50,56001,35626,0,219,35626
fc1a1cd2d37a9100a80a496108f693ecebc59e14-dirty,3,burst,200,50,120,2112,54906,200,50,154,50,55047,25116,0,154,25116
fc1a1cd2d37a9100a80a496108f693ecebc59e14-dirty,3,burst,200,50,121,2128,62697,200,50,245,49,62663,39838,0,245,39838
fc1a1cd2d37a9100a80a496108f693ecebc59e14-dirty,3,burst,200,50,122,2130,61107,200,50,294,49,61073,47766,0,294,47766
fc1a1cd2d37a9100a80a496108f693ecebc59e14-dirty,3,burst,200,50,123,2135,54747,200,50,245,49,54713,39838,0,245,39838
fc1a1cd2d37a9100a80a496108f693ecebc59e14-dirty,3,burst,200,50,124,2143,62538,200,50,206,49,62504,33528,0,206,33528
fc1a1cd2d37a9100a80a496108f693ecebc59e14-dirty,3,burst,200,50,125,2151,60789,200,50,235,49,60755,38220,0,235,38220
fc1a1cd2d37a9100a80a496108f693ecebc59e14-dirty,3,burst,200,50,126,2158,60789,200,50,255,49,60755,41456,0,255,41456
fc1a1cd2d37a9100a80a496108f693ecebc59e14-dirty,3,burst,200,50,127,2181,62697,200,50,245,49,62663,39838,0,245,39838
fc1a1cd2d37a9100a80a496108f693ecebc59e14-dirty,3,burst,200,50,128,2184,55701,200,50,213,50,55842,34662,0,213,34662
fc1a1cd2d37a9100a80a496108f693ecebc59e14-dirty,3,burst,200,50,129,2187,54270,200,50,230,50,54411,37412,0,230,37412
fc1a1cd2d37a9100a80a496108f693ecebc59e14-dirty,3,burst,200,50,130,2189,62538,200,50,252,50,62679,40972,0,252,40972
fc1a1cd2d37a9100a80a496108f693ecebc59e14-dirty,3,burst,200,50,131,2197,63651,200,50,252,50,63792,40972,0,252,40972
fc1a1cd2d37a9100a80a496108f693ecebc59e14-dirty,3,burst,200,50,132,2206,62061,200,50,252,50,62202,40972,0,252,40972
fc1a1cd2d37a9100a80a496108f693ecebc59e14-dirty,3,burst,200,50,133,2214,54588,200,50,245,49,54554,39838,0,245,39838
fc1a1cd2d37a9100a80a496108f693ecebc59e14-dirty,3,burst,200,50,134,2222,62697,200,50,211,49,62663,34337,0,211,34337
fc1a1cd2d37a9100a80a496108f693ecebc59e14-dirty,3,burst,200,50,135,2230,59676,200,50,294,49,59642,47766,0,294,47766
fc1a1cd2d37a9100a80a496108f693ecebc59e14-dirty,3,burst,200,50,136,2237,63810,200,50,252,50,63951,40972,0,252,40972
fc1a1cd2d37a9100a80a496108f693ecebc59e14-dirty,3,burst,200,50,137,2254,61902,200,50,203,50,62043,33044,0,203,33044
fc1a1cd2d37a9100a80a496108f693ecebc59e14-dirty,3,burst,200,50,138,2257,62538,200,50,211,49,62504,34337,0,211,34337
fc1a1cd2d37a9100a80a496108f693ecebc59e14-dirty,3,burst,200,50,139,2262,63333,200,50,301,50,63474,48900,0,301,48900
fc1a1cd2d37a9100a80a496108f693ecebc59e14-dirty,3,burst,200,50,140,2270,62220,200,50,250,50,62361,40648,0,250,40648
fc1a1cd2d37a9100a80a496108f693ecebc59e14-dirty,3,burst,200,50,141,2277,62220,200,50,205,50,62361,33367,0,205,33367
fc1a1cd2d37a9100a80a496108f693ecebc59e14-dirty,3,burst,200,50,142,2300,61107,200,50,159,50,61248,25925,0,159,25925
fc1a1cd2d37a9100a80a496108f693ecebc59e14-dirty,3,burst,200,50,143,2303,60312,200,50,252,50,60453,40972,0,252,40972
fc1a1cd2d37a9100a80a496108f693ecebc59e14-dirty,3,burst,200,50,144,2306,63651,200,50,285,50,63792,46311,0,285,46311
fc1a1cd2d37a9100a80a496108f693ecebc59e14-dirty,3,burst,200,50,145,2323,59199,200,50,233,50,59340,37898,0,233,37898
fc1a1cd2d37a9100a80a496108f693ecebc59e14-dirty,3,burst,200,50,146,2328,62538,200,50,245,49,62504,39838,0,245,39838
fc1a1cd2d37a9100a80a496108f693ecebc59e14-dirty,3,burst,200,50,147,2331,63492,200,50,233,50,63633,37898,0,233,37898
fc1a1cd2d37a9100a80a496108f693ecebc59e14-dirty,3,burst,200,50,148,2336,54906,200,50,203,50,55047,33044,0,203,33044
fc1a1cd2d37a9100a80a496108f693ecebc59e14-dirty,3,burst,200,50,149,2339,62538,200,50,294,49,62504,47766,0,294,47766
fc1a1cd2d37a9100a80a496108f693ecebc59e14-dirty,3,burst,200,50,150,2346,62379,200,50,229,49,62345,37246,0,229,37246
fc1a1cd2d37a9100a80a496108f693ecebc59e14-dirty,3,burst,200,50,151,2353,55860,200,50,216,49,55826,35146,0,216,35146
fc1a1cd2d37a9100a80a496108f693ecebc59e14-dirty,3,burst,200,50,152,2361,61107,200,50,245,49,61073,39838,0,245,39838
fc1a1cd2d37a9100a80a496108f693ecebc59e14-dirty,3,burst,200,50,153,2369,63492,200,50,301,50,63633,48900,0,301,48900
fc1a1cd2d37a9100a80a496108f693ecebc59e14-dirty,3,burst,200,50,154,2377,62697,200,50,217,50,62838,35302,0,217,35302
fc1a1cd2d37a9100a80a496108f693ecebc59e14-dirty,3,burst,200,50,155,2384,62697,200,50,245,49,62663,39838,0,245,39838
fc1a1cd2d37a9100a80a496108f693ecebc59e14-dirty,3,burst,200,50,156,2392,62220,200,50,252,50,62361,40972,0,252,40972
fc1a1cd2d37a9100a80a496108f693ecebc59e14-dirty,3,burst,200,50,157,2400,55860,200,50,234,50,56001,38066,0,234,38066
fc1a1cd2d37a9100a80a496108f693ecebc59e14-dirty,3,burst,200,50,158,2408,62697,200,50,294,49,62663,47766,0,294,47766
fc1a1cd2d37a9100a80a496108f693ecebc59e14-dirty,3,burst,200,50,159,2416,60948,200,50,245,49,60914,39838,0,245,39838
fc1a1cd2d37a9100a80a496108f693ecebc59e14-dirty,3,burst,200,50,160,2424,62220,200,50,252,50,62361,40972,0,252,40972
fc1a1cd2d37a9100a80a496108f693ecebc59e14-dirty,3,burst,200,50,161,2431,62379,200,50,216,50,62520,35140,0,216,35140
fc1a1cd2d37a9100a80a496108f693ecebc59e14-dirty,3,burst,200,50,162,2439,54747,200,50,278,49,54713,45174,0,278,45174
fc1a1cd2d37a9100a80a496108f693ecebc59e14-dirty,3,burst,200,50,163,2447,53157,200,50,245,49,53123,39838,0,245,39838
fc1a1cd2d37a9100a80a496108f693ecebc59e14-dirty,3,burst,200,50,164,2454,54111,200,50,245,49,54077,39838,0,245,39838
fc1a1cd2d37a9100a80a496108f693ecebc59e14-dirty,3,burst,200,50,165,2462,54747,200,50,245,49,54713,39838,0,245,39838
fc1a1cd2d37a9100a80a496108f693ecebc59e14-dirty,3,burst,200,50,166,2470,55701,200,50,252,50,55842,40972,0,252,40972
fc1a1cd2d37a9100a80a496108f693ecebc59e14-dirty,3,burst,200,50,167,2478,54270,200,50,250,50,54411,40648,0,250,40648
fc1a1cd2d37a9100a80a496108f693ecebc59e14-dirty,3,burst,200,50,168,2485,62538,200,50,212,50,62679,34502,0,212,34502
fc1a1cd2d37a9100a80a496108f693ecebc59e14-dirty,3,burst,200,50,169,2493,62538,200,50,209,49,62504,34016,0,209,34016
fc1a1cd2d37a9100a80a496108f693ecebc59e14-dirty,3,burst,200,50,170,2517,59994,200,50,245,49,59960,39838,0,245,39838
fc1a1cd2d37a9100a80a496108f693ecebc59e14-dirty,3,burst,200,50,171,2519,62538,200,50,294,49,62504,47766,0,294,47766
fc1a1cd2d37a9100a80a496108f693ecebc59e14-dirty,3,burst,200,50,172,2522,63492,200,50,252,50,63633,40972,0,252,40972
fc1a1cd2d37a9100a80a496108f693ecebc59e14-dirty,3,burst,200,50,173,2525,55542,200,50,250,50,55683,40648,0,250,40648
fc1a1cd2d37a9100a80a496108f693ecebc59e14-dirty,3,burst,200,50,174,2533,63810,200,50,250,50,63951,40648,0,250,40648
fc1a1cd2d37a9100a80a496108f693ecebc59e14-dirty,3,burst,200,50,175,2540,63492,200,50,250,50,63633,40648,0,250,40648
fc1a1cd2d37a9100a80a496108f693ecebc59e14-dirty,3,burst,200,50,176,2548,53157,200,50,301,50,53298,48900,0,301,48900
fc1a1cd2d37a9100a80a496108f693ecebc59e14-dirty,3,burst,200,50,177,2556,61107,200,50,245,49,61073,39838,0,245,39838
fc1a1cd2d37a9100a80a496108f693ecebc59e14-dirty,3,burst,200,50,178,2564,54747,200,50,191,49,54713,31100,0,191,31100
fc1a1cd2d37a9100a80a496108f693ecebc59e14-dirty,3,burst,200,50,179,2572,62061,200,50,223,50,62202,36280,0,223,36280
fc1a1cd2d37a9100a80a496108f693ecebc59e14-dirty,3,burst,200,50,180,2579,63492,200,50,300,50,63633,48738,0,300,48738
fc1a1cd2d37a9100a80a496108f693ecebc59e14-dirty,3,burst,200,50,181,2587,62538,200,50,252,50,62679,40972,0,252,40972
fc1a1cd2d37a9100a80a496108f693ecebc59e14-dirty,3,burst,200,50,182,2595,62697,200,50,231,49,62663,37573,0,231,37573
fc1a1cd2d37a9100a80a496108f693ecebc59e14-dirty,3,burst,200,50,183,2603,47115,200,50,245,49,47081,39838,0,245,39838
fc1a1cd2d37a9100a80a496108f693ecebc59e14-dirty,3,burst,200,50,184,2611,53793,200,50,221,49,53759,35955,0,221,35955
fc1a1cd2d37a9100a80a496108f693ecebc59e14-dirty,3,burst,200,50,185,2619,63810,200,50,301,50,63951,48900,0,301,48900
fc1a1cd2d37a9100a80a496108f693ecebc59e14-dirty,3,burst,200,50,186,2626,54906,200,50,169,50,55047,27543,0,169,27543
fc1a1cd2d37a9100a80a496108f693ecebc59e14-dirty,3,burst,200,50,187,2650,58404,200,50,220,49,58370,35788,0,220,35788
fc1a1cd2d37a9100a80a496108f693ecebc59e14-dirty,3,burst,200,50,188,2653,63651,200,50,252,50,63792,40972,0,252,40972
fc1a1cd2d37a9100a80a496108f693ecebc59e14-dirty,3,burst,200,50,189,2655,62697,200,50,301,50,62838,48900,0,301,48900
fc1a1cd2d37a9100a80a496108f693ecebc59e14-dirty,3,burst,200,50,190,2665,60948,200,50,245,49,60914,39838,0,245,39838
fc1a1cd2d37a9100a80a496108f693ecebc59e14-dirty,3,burst,200,50,191,2668,63492,200,50,252,50,63633,40972,0,252,40972
fc1a1cd2d37a9100a80a496108f693ecebc59e14-dirty,3,burst,200,50,192,2673,58722,200,50,252,50,58863,40972,0,252,40972
fc1a1cd2d37a9100a80a496108f693ecebc59e14-dirty,3,burst,200,50,193,2681,54906,200,50,343,49,54872,55694,0,343,55694
fc1a1cd2d37a9100a80a496108f693ecebc59e14-dirty,3,burst,200,50,194,2697,61902,200,50,245,49,61868,39838,0,245,39838
fc1a1cd2d37a9100a80a496108f693ecebc59e14-dirty,3,burst,200,50,195,2699,63651,200,50,228,50,63792,37089,0,228,37089
fc1a1cd2d37a9100a80a496108f693ecebc59e14-dirty,3,burst,200,50,196,2712,60312,200,50,230,50,60453,37412,0,230,37412
fc1a1cd2d37a9100a80a496108f693ecebc59e14-dirty,3,burst,200,50,197,2715,63651,200,50,250,50,63792,40648,0,250,40648
fc1a1cd2d37a9100a80a496108f693ecebc59e14-dirty,3,burst,200,50,198,2720,55542,200,50,300,50,55683,48738,0,300,48738
fc1a1cd2d37a9100a80a496108f693ecebc59e14-dirty,3,burst,200,50,199,2728,61902,200,50,250,50,62043,40648,0,250,40648
fc1a1cd2d37a9100a80a496108f693ecebc59e14-dirty,3,burst,200,50,200,2735,62379,200,50,252,50,62520,40972,0,252,40972
fc1a1cd2d37a9100a80a496108f693ecebc59e14-dirty,3,burst,200,50,201,2744,63651,200,50,252,50,63792,40972,0,252,40972
fc1a1cd2d37a9100a80a496108f693ecebc59e14-dirty,3,burst,200,50,202,2752,62061,200,50,300,50,62202,48738,0,300,48738
fc1a1cd2d37a9100a80a496108f693ecebc59e14-dirty,3,burst,200,50,203,2759,54747,200,50,252,50,54888,40972,0,252,40972
fc1a1cd2d37a9100a80a496108f693ecebc59e14-dirty,3,burst,200,50,204,2775,62538,200,50,196,49,62504,31910,0,196,31910
fc1a1cd2d37a9100a80a496108f693ecebc59e14-dirty,3,burst,200,50,205,2778,61107,200,50,196,49,61073,31910,0,196,31910
fc1a1cd2d37a9100a80a496108f693ecebc59e14-dirty,3,burst,200,50,206,2782,60948,200,50,245,49,60914,39838,0,245,39838
fc1a1cd2d37a9100a80a496108f693ecebc59e14-dirty,3,burst,200,50,207,2790,62538,200,50,289,49,62504,46957,0,289,46957
fc1a1cd2d37a9100a80a496108f693ecebc59e14-dirty,3,burst,200,50,208,2798,62538,200,50,201,49,62504,32719,0,201,32719
fc1a1cd2d37a9100a80a496108f693ecebc59e14-dirty,3,burst,200,50,209,2805,63174,200,50,223,50,63315,36280,0,223,36280
fc1a1cd2d37a9100a80a496108f693ecebc59e14-dirty,3,burst,200,50,210,2813,62220,200,50,250,50,62361,40648,0,250,40648
fc1a1cd2d37a9100a80a496108f693ecebc59e14-dirty,3,burst,200,50,211,2821,53157,200,50,301,50,53298,48900,0,301,48900
fc1a1cd2d37a9100a80a496108f693ecebc59e14-dirty,3,burst,200,50,212,2828,53316,200,50,245,49,53282,39838,0,245,39838
fc1a1cd2d37a9100a80a496108f693ecebc59e14-dirty,3,burst,200,50,213,2836,55860,200,50,252,50,56001,40972,0,252,40972
fc1a1cd2d37a9100a80a496108f693ecebc59e14-dirty,3,burst,200,50,214,2844,54906,200,50,203,50,55047,33044,0,203,33044
fc1a1cd2d37a9100a80a496108f693ecebc59e14-dirty,3,burst,200,50,215,2851,54270,200,50,245,49,54236,39838,0,245,39838
fc1a1cd2d37a9100a80a496108f693ecebc59e14-dirty,3,burst,200,50,216,2859,60789,200,50,279,49,60755,45339,0,279,45339
fc1a1cd2d37a9100a80a496108f693ecebc59e14-dirty,3,burst,200,50,217,2867,62220,200,50,226,50,62361,36760,0,226,36760
fc1a1cd2d37a9100a80a496108f693ecebc59e14-dirty,3,burst,200,50,218,2874,63492,200,50,250,50,63633,40648,0,250,40648
fc1a1cd2d37a9100a80a496108f693ecebc59e14-dirty,3,burst,200,50,219,2890,63651,200,50,250,50,63792,40648,0,250,40648
fc1a1cd2d37a9100a80a496108f693ecebc59e14-dirty,3,burst,200,50,220,2892,63810,200,50,230,50,63951,37412,0,230,37412
fc1a1cd2d37a9100a80a496108f693ecebc59e14-dirty,3,burst,200,50,221,2898,63174,200,50,250,50,63315,40648,0,250,40648
fc1a1cd2d37a9100a80a496108f693ecebc59e14-dirty,3,burst,200,50,222,2905,62379,200,50,252,50,62520,40972,0,252,40972
fc1a1cd2d37a9100a80a496108f693ecebc59e14-dirty,3,burst,200,50,223,2912,62379,200,50,245,49,62345,39838,0,245,39838
fc1a1cd2d37a9100a80a496108f693ecebc59e14-dirty,3,burst,200,50,224,2920,63651,200,50,203,50,63792,33044,0,203,33044
fc1a1cd2d37a9100a80a496108f693ecebc59e14-dirty,3,burst,200,50,225,2927,53634,200,50,301,50,53775,48900,0,301,48900
fc1a1cd2d37a9100a80a496108f693ecebc59e14-dirty,3,burst,200,50,226,2935,62220,200,50,237,50,62361,38545,0,237,38545
fc1a1cd2d37a9100a80a496108f693ecebc59e14-dirty,3,burst,200,50,227,2942,62538,200,50,252,50,62679,40972,0,252,40972
fc1a1cd2d37a9100a80a496108f693ecebc59e14-dirty,3,burst,200,50,228,2950,53157,200,50,196,49,53123,31910,0,196,31910
fc1a1cd2d37a9100a80a496108f693ecebc59e14-dirty,3,burst,200,50,229,2958,59835,200,50,226,50,59976,36760,0,226,36760
fc1a1cd2d37a9100a80a496108f693ecebc59e14-dirty,3,burst,200,50,230,2973,63810,200,50,300,50,63951,48738,0,300,48738
fc1a1cd2d37a9100a80a496108f693ecebc59e14-dirty,3,burst,200,50,231,2976,62061,200,50,250,50,62202,40648,0,250,40648
fc1a1cd2d37a9100a80a496108f693ecebc59e14-dirty,3,burst,200,50,232,2988,62538,200,50,208,50,62679,33853,0,208,33853
fc1a1cd2d37a9100a80a496108f693ecebc59e14-dirty,3,burst,200,50,233,2991,60948,200,50,227,49,60914,36932,0,227,36932
fc1a1cd2d37a9100a80a496108f693ecebc59e14-dirty,3,burst,200,50,234,3003,62538,200,50,196,49,62504,31910,0,196,31910
fc1a1cd2d37a9100a80a496108f693ecebc59e14-dirty,3,burst,200,50,235,3007,61425,200,50,294,49,61391,47766,0,294,47766
fc1a1cd2d37a9100a80a496108f693ecebc59e14-dirty,3,burst,200,50,236,3011,51567,200,50,223,49,51533,36284,0,223,36284
fc1a1cd2d37a9100a80a496108f693ecebc59e14-dirty,3,burst,200,50,237,3019,63492,200,50,208,50,63633,33849,0,208,33849
fc1a1cd2d37a9100a80a496108f693ecebc59e14-dirty,3,burst,200,50,238,3068,63810,200,50,245,50,63951,39843,0,245,39843
fc1a1cd2d37a9100a80a496108f693ecebc59e14-dirty,3,burst,200,50,239,3071,37416,200,50,254,50,37557,41296,0,254,41296
